mtllib bondoftheblaze.mtl
v 0.000000 -26.239799 2.581867
v 0.000000 -20.755600 -2.581872
v 0.000000 -26.239799 -2.581873
v 0.000000 -26.239799 2.581867
v 0.000000 -20.755600 2.581868
v 0.000000 -20.755600 -2.581872
v 0.000000 -26.239799 2.581867
v 0.000000 -26.239799 -2.581873
v 0.000000 -20.755600 -2.581872
v 0.000000 -26.239799 2.581867
v 0.000000 -20.755600 -2.581872
v 0.000000 -20.755600 2.581868
v 0.000000 -8.938869 2.111879
v 0.000000 8.938869 2.111880
v 0.000000 -8.938869 -2.111880
v 0.000000 8.938869 2.111880
v 0.000000 8.938869 -2.111879
v 0.000000 -8.938869 -2.111880
v -1.348919 4.623549 13.220600
v -1.342810 10.702799 10.702801
v 0.000000 8.468889 10.181000
v -1.342810 10.702799 10.702801
v -1.348919 4.623549 13.220600
v 0.000001 5.636767 14.276601
v -1.355019 -0.000003 19.617300
v 0.000001 -0.000003 23.715900
v 0.000001 1.055938 20.175800
v 0.000001 -0.000003 23.715900
v -1.355019 -0.000003 19.617300
v 0.000001 -1.055942 20.175800
v 0.000001 0.903345 17.926601
v 0.000001 -0.000003 16.727200
v -1.355019 -0.000003 19.617300
v 0.000001 -0.000003 16.727200
v 0.000001 -0.903351 17.926601
v -1.355019 -0.000003 19.617300
v 0.000001 -0.000003 23.715900
v 1.355021 -0.000003 19.617300
v 0.000001 1.055938 20.175800
v 1.355021 -0.000003 19.617300
v 0.000001 -0.000003 23.715900
v 0.000001 -1.055942 20.175800
v 0.000001 -0.000003 16.727200
v 0.000001 0.903345 17.926601
v 1.355021 -0.000003 19.617300
v 0.000001 -0.903351 17.926601
v 0.000001 -0.000003 16.727200
v 1.355021 -0.000003 19.617300
v -1.342810 10.702799 10.702801
v 0.000001 17.084301 17.084301
v 0.000000 12.332500 10.260302
v 0.000001 10.260299 12.332501
v 0.000001 17.084301 17.084301
v -1.342810 10.702799 10.702801
v -1.342810 10.702799 10.702801
v 0.000000 7.031459 7.031462
v 0.000000 8.468889 10.181000
v 0.000000 10.181000 8.468891
v 0.000000 7.031459 7.031462
v -1.342810 10.702799 10.702801
v 0.000001 17.084301 17.084301
v 1.342811 10.702799 10.702801
v 0.000000 12.332500 10.260302
v 0.000001 17.084301 17.084301
v 0.000001 10.260299 12.332501
v 1.342811 10.702799 10.702801
v 0.000000 7.031459 7.031462
v 1.342811 10.702799 10.702801
v 0.000000 8.468889 10.181000
v 0.000000 7.031459 7.031462
v 0.000000 10.181000 8.468891
v 1.342811 10.702799 10.702801
v 0.000000 23.715900 0.000003
v -1.355020 19.617300 0.000003
v 0.000000 20.175800 1.055942
v -1.355020 19.617300 0.000003
v 0.000000 23.715900 0.000003
v 0.000000 20.175800 -1.055938
v 0.000000 16.727200 0.000003
v 0.000000 17.926601 0.903351
v -1.355020 19.617300 0.000003
v 0.000000 17.926601 -0.903345
v 0.000000 16.727200 0.000003
v -1.355020 19.617300 0.000003
v -1.348920 13.220600 -4.623549
v -1.342811 10.702801 -10.702799
v 0.000000 10.181000 -8.468889
v -1.342811 10.702801 -10.702799
v -1.348920 13.220600 -4.623549
v 0.000000 14.276601 -5.636767
v 1.342810 10.702801 -10.702799
v 0.000000 7.031462 -7.031459
v 0.000000 8.468891 -10.181000
v 0.000000 10.181000 -8.468889
v 0.000000 7.031462 -7.031459
v 1.342810 10.702801 -10.702799
v 1.342810 10.702801 -10.702799
v -0.000001 17.084301 -17.084301
v 0.000000 12.332501 -10.260299
v -0.000001 10.260302 -12.332500
v -0.000001 17.084301 -17.084301
v 1.342810 10.702801 -10.702799
v 0.000000 7.031462 -7.031459
v -1.342811 10.702801 -10.702799
v 0.000000 8.468891 -10.181000
v 0.000000 7.031462 -7.031459
v 0.000000 10.181000 -8.468889
v -1.342811 10.702801 -10.702799
v -0.000001 17.084301 -17.084301
v -1.342811 10.702801 -10.702799
v 0.000000 12.332501 -10.260299
v -0.000001 17.084301 -17.084301
v -0.000001 10.260302 -12.332500
v -1.342811 10.702801 -10.702799
v 1.348920 13.220598 4.623552
v 1.342811 10.702799 10.702801
v 0.000000 10.181000 8.468891
v 1.348920 13.220598 4.623552
v 0.000000 14.276599 5.636771
v 1.342811 10.702799 10.702801
v 1.348919 4.623552 -13.220598
v -0.000001 5.636771 -14.276599
v 1.342810 10.702801 -10.702799
v 1.348919 4.623552 -13.220598
v 1.342810 10.702801 -10.702799
v 0.000000 8.468891 -10.181000
v 1.355020 19.617300 0.000003
v 0.000000 23.715900 0.000003
v 0.000000 20.175800 1.055942
v 0.000000 23.715900 0.000003
v 1.355020 19.617300 0.000003
v 0.000000 20.175800 -1.055938
v 0.000000 17.926601 0.903351
v 0.000000 16.727200 0.000003
v 1.355020 19.617300 0.000003
v 0.000000 16.727200 0.000003
v 0.000000 17.926601 -0.903345
v 1.355020 19.617300 0.000003
v -0.000001 0.903351 -17.926601
v -0.000001 0.000003 -16.727200
v 1.355019 0.000003 -19.617300
v -0.000001 0.000003 -16.727200
v -0.000001 -0.903345 -17.926601
v 1.355019 0.000003 -19.617300
v 1.355019 0.000003 -19.617300
v -0.000001 0.000003 -23.715900
v -0.000001 1.055942 -20.175800
v -0.000001 0.000003 -23.715900
v 1.355019 0.000003 -19.617300
v -0.000001 -1.055938 -20.175800
v -0.000001 0.000003 -16.727200
v -0.000001 0.903351 -17.926601
v -1.355021 0.000003 -19.617300
v -0.000001 -0.903345 -17.926601
v -0.000001 0.000003 -16.727200
v -1.355021 0.000003 -19.617300
v -0.000001 0.000003 -23.715900
v -1.355021 0.000003 -19.617300
v -0.000001 1.055942 -20.175800
v -1.355021 0.000003 -19.617300
v -0.000001 0.000003 -23.715900
v -0.000001 -1.055938 -20.175800
v 1.355020 -4.623552 11.606199
v 1.348921 -4.623552 13.220598
v 0.000000 -5.636771 11.352899
v 1.348921 -4.623552 13.220598
v 1.355020 -4.623552 11.606199
v 0.000001 -3.610342 12.192100
v 1.348921 -4.623552 13.220598
v 1.342811 -10.702801 10.702799
v 0.000000 -8.468891 10.181000
v 1.342811 -10.702801 10.702799
v 1.348921 -4.623552 13.220598
v 0.000001 -5.636771 14.276599
v 0.000001 -17.084301 17.084301
v -1.342810 -10.702801 10.702799
v 0.000000 -12.332501 10.260299
v 0.000001 -17.084301 17.084301
v 0.000001 -10.260302 12.332500
v -1.342810 -10.702801 10.702799
v 0.000000 -7.031462 7.031459
v -1.342810 -10.702801 10.702799
v 0.000000 -8.468891 10.181000
v 0.000000 -7.031462 7.031459
v 0.000000 -10.181000 8.468889
v -1.342810 -10.702801 10.702799
v 1.342811 -10.702801 10.702799
v 0.000001 -17.084301 17.084301
v 0.000000 -12.332501 10.260299
v 0.000001 -10.260302 12.332500
v 0.000001 -17.084301 17.084301
v 1.342811 -10.702801 10.702799
v 1.342811 -10.702801 10.702799
v 0.000000 -7.031462 7.031459
v 0.000000 -8.468891 10.181000
v 0.000000 -10.181000 8.468889
v 0.000000 -7.031462 7.031459
v 1.342811 -10.702801 10.702799
v -1.348920 -13.220600 4.623549
v -1.342810 -10.702801 10.702799
v 0.000000 -10.181000 8.468889
v -1.348920 -13.220600 4.623549
v 0.000000 -14.276601 5.636767
v -1.342810 -10.702801 10.702799
v -1.355020 -8.938869 -0.000000
v 0.000000 -12.768900 -0.000002
v 0.000000 -10.626500 0.903346
v 0.000000 -12.768900 -0.000002
v -1.355020 -8.938869 -0.000000
v 0.000000 -10.626500 -0.903349
v -1.355020 -19.617300 -0.000003
v 0.000000 -23.715900 -0.000003
v 0.000000 -20.175800 1.055938
v 0.000000 -23.715900 -0.000003
v -1.355020 -19.617300 -0.000003
v 0.000000 -20.175800 -1.055942
v 0.000000 -17.926601 0.903345
v 0.000000 -16.727200 -0.000003
v -1.355020 -19.617300 -0.000003
v 0.000000 -16.727200 -0.000003
v 0.000000 -17.926601 -0.903351
v -1.355020 -19.617300 -0.000003
v 0.000000 -7.031459 -7.031462
v 1.342810 -10.702799 -10.702801
v 0.000000 -8.468889 -10.181000
v 0.000000 -7.031459 -7.031462
v 0.000000 -10.181000 -8.468891
v 1.342810 -10.702799 -10.702801
v -0.000001 -17.084301 -17.084301
v 1.342810 -10.702799 -10.702801
v 0.000000 -12.332500 -10.260302
v -0.000001 -17.084301 -17.084301
v -0.000001 -10.260299 -12.332501
v 1.342810 -10.702799 -10.702801
v -1.342811 -10.702799 -10.702801
v 0.000000 -7.031459 -7.031462
v 0.000000 -8.468889 -10.181000
v 0.000000 -10.181000 -8.468891
v 0.000000 -7.031459 -7.031462
v -1.342811 -10.702799 -10.702801
v -1.342811 -10.702799 -10.702801
v -0.000001 -17.084301 -17.084301
v 0.000000 -12.332500 -10.260302
v -0.000001 -10.260299 -12.332501
v -0.000001 -17.084301 -17.084301
v -1.342811 -10.702799 -10.702801
v 0.000000 -12.768900 -0.000002
v 1.355020 -8.938869 -0.000000
v 0.000000 -10.626500 0.903346
v 1.355020 -8.938869 -0.000000
v 0.000000 -12.768900 -0.000002
v 0.000000 -10.626500 -0.903349
v 0.000000 -23.715900 -0.000003
v 1.355020 -19.617300 -0.000003
v 0.000000 -20.175800 1.055938
v 1.355020 -19.617300 -0.000003
v 0.000000 -23.715900 -0.000003
v 0.000000 -20.175800 -1.055942
v 0.000000 -16.727200 -0.000003
v 0.000000 -17.926601 0.903345
v 1.355020 -19.617300 -0.000003
v 0.000000 -17.926601 -0.903351
v 0.000000 -16.727200 -0.000003
v 1.355020 -19.617300 -0.000003
v 1.348920 -13.220598 -4.623552
v 1.342810 -10.702799 -10.702801
v 0.000000 -10.181000 -8.468891
v 1.342810 -10.702799 -10.702801
v 1.348920 -13.220598 -4.623552
v 0.000000 -14.276599 -5.636771
v -1.348921 -4.623549 -13.220600
v -0.000001 -5.636767 -14.276601
v -1.342811 -10.702799 -10.702801
v -1.348921 -4.623549 -13.220600
v -1.342811 -10.702799 -10.702801
v 0.000000 -8.468889 -10.181000
v -1.348921 -4.623549 -13.220600
v -1.355020 -4.623549 -11.606201
v -0.000001 -3.610339 -12.192101
v -1.355020 -4.623549 -11.606201
v -1.348921 -4.623549 -13.220600
v 0.000000 -5.636768 -11.352901
v 0.000000 11.023299 5.636771
v -1.355020 11.606199 4.623552
v 0.000000 7.867670 2.111881
v -1.348920 13.220600 -4.623549
v -1.355020 11.606201 -4.623549
v 0.000000 12.192101 -3.610339
v 1.355020 8.938869 0.000000
v 0.000000 12.768900 0.000002
v 0.000000 10.626500 0.903349
v 1.355020 8.938869 0.000000
v 1.355020 11.606201 -4.623549
v 0.000000 10.626500 -0.903346
v 1.355020 8.938869 0.000000
v 0.000000 10.626500 0.903349
v 1.355020 11.606199 4.623552
v 0.000000 -5.636771 11.352899
v 0.000000 -5.636771 11.023299
v 1.355020 -4.623552 11.606199
v 0.000000 -11.352901 5.636768
v 0.000000 -11.023301 5.636768
v -1.355020 -11.606201 4.623549
v -1.355020 -8.938869 -0.000000
v -1.355020 -11.606199 -4.623552
v 0.000000 -10.626500 -0.903349
v 1.355020 -11.606201 4.623549
v 1.348920 -13.220600 4.623549
v 0.000000 -12.192101 3.610339
v 1.355020 -11.606199 -4.623552
v 0.000000 -11.023299 -5.636771
v 0.000000 -7.867670 -2.111881
v 0.000000 -5.636768 -11.352901
v 0.000000 -5.636768 -11.023301
v -1.355020 -4.623549 -11.606201
v 0.000000 12.192100 3.610342
v -1.355020 11.606199 4.623552
v -1.348920 13.220598 4.623552
v -1.355020 11.606199 4.623552
v 0.000000 11.352899 5.636771
v -1.348920 13.220598 4.623552
v -1.355020 11.606199 4.623552
v 0.000000 11.023299 5.636771
v 0.000000 11.352899 5.636771
v 0.000000 11.023299 5.636771
v 1.355020 11.606199 4.623552
v 0.000000 11.352899 5.636771
v 0.000000 11.023299 5.636771
v 0.000000 7.867670 2.111881
v 1.355020 11.606199 4.623552
v 0.000000 7.867670 2.111881
v 1.355020 8.938869 0.000000
v 1.355020 11.606199 4.623552
v 0.000000 7.867670 2.111881
v 0.000000 8.938869 0.000000
v 1.355020 8.938869 0.000000
v 0.000000 8.938869 0.000000
v 0.000000 7.867671 -2.111880
v 1.355020 8.938869 0.000000
v 0.000000 8.938869 0.000000
v -1.355020 8.938869 0.000000
v 0.000000 7.867671 -2.111880
v -1.355020 8.938869 0.000000
v -1.355020 11.606201 -4.623549
v 0.000000 7.867671 -2.111880
v -1.355020 8.938869 0.000000
v 0.000000 10.626500 -0.903346
v -1.355020 11.606201 -4.623549
v 0.000000 10.626500 -0.903346
v 0.000000 12.192101 -3.610339
v -1.355020 11.606201 -4.623549
v 0.000000 10.626500 -0.903346
v 1.355020 11.606201 -4.623549
v 0.000000 12.192101 -3.610339
v 1.355020 11.606201 -4.623549
v 1.348920 13.220600 -4.623549
v 0.000000 12.192101 -3.610339
v 1.355020 11.606201 -4.623549
v 0.000000 11.352901 -5.636768
v 1.348920 13.220600 -4.623549
v 0.000000 -11.352901 5.636768
v -1.355020 -11.606201 4.623549
v -1.348920 -13.220600 4.623549
v -1.355020 -11.606201 4.623549
v 0.000000 -12.192101 3.610339
v -1.348920 -13.220600 4.623549
v -1.355020 -11.606201 4.623549
v 0.000000 -10.626500 0.903346
v 0.000000 -12.192101 3.610339
v 0.000000 -10.626500 0.903346
v 1.355020 -11.606201 4.623549
v 0.000000 -12.192101 3.610339
v 0.000000 -10.626500 0.903346
v 1.355020 -8.938869 -0.000000
v 1.355020 -11.606201 4.623549
v 1.355020 -8.938869 -0.000000
v 0.000000 -7.867671 2.111880
v 1.355020 -11.606201 4.623549
v 1.355020 -8.938869 -0.000000
v 0.000000 -8.938869 -0.000000
v 0.000000 -7.867671 2.111880
v 0.000000 -8.938869 -0.000000
v -1.355020 -8.938869 -0.000000
v 0.000000 -7.867671 2.111880
v 0.000000 -8.938869 -0.000000
v 0.000000 -7.867670 -2.111881
v -1.355020 -8.938869 -0.000000
v 0.000000 -7.867670 -2.111881
v -1.355020 -11.606199 -4.623552
v -1.355020 -8.938869 -0.000000
v 0.000000 -7.867670 -2.111881
v 0.000000 -11.023299 -5.636771
v -1.355020 -11.606199 -4.623552
v 0.000000 -11.023299 -5.636771
v 0.000000 -11.352899 -5.636771
v -1.355020 -11.606199 -4.623552
v 0.000000 -11.023299 -5.636771
v 1.355020 -11.606199 -4.623552
v 0.000000 -11.352899 -5.636771
v 1.355020 -11.606199 -4.623552
v 1.348920 -13.220598 -4.623552
v 0.000000 -11.352899 -5.636771
v 1.355020 -11.606199 -4.623552
v 0.000000 -12.192100 -3.610342
v 1.348920 -13.220598 -4.623552
v 0.000000 5.636768 11.352901
v -1.355019 4.623549 11.606201
v -1.348919 4.623549 13.220600
v -1.355019 4.623549 11.606201
v 0.000001 3.610339 12.192101
v -1.348919 4.623549 13.220600
v -1.355019 4.623549 11.606201
v 0.000000 -0.000001 9.982600
v 0.000001 3.610339 12.192101
v 0.000000 -0.000001 9.982600
v 1.355020 4.623549 11.606201
v 0.000001 3.610339 12.192101
v 0.000000 -0.000001 9.982600
v 1.355020 -0.000000 8.938869
v 1.355020 4.623549 11.606201
v 1.355020 -0.000000 8.938869
v 0.000000 5.636768 11.023301
v 1.355020 4.623549 11.606201
v 1.355020 -0.000000 8.938869
v 0.000000 -0.000000 7.770010
v 0.000000 5.636768 11.023301
v 0.000000 -0.000000 7.770010
v -1.355020 -0.000000 8.938869
v 0.000000 5.636768 11.023301
v 0.000000 -0.000000 7.770010
v 0.000000 -5.636771 11.023299
v -1.355020 -0.000000 8.938869
v 0.000000 -5.636771 11.023299
v -1.355019 -4.623552 11.606199
v -1.355020 -0.000000 8.938869
v 0.000000 -5.636771 11.023299
v 0.000000 -5.636771 11.352899
v -1.355019 -4.623552 11.606199
v 0.000000 5.636771 -11.352899
v 1.355019 4.623552 -11.606199
v 1.348919 4.623552 -13.220598
v 1.355019 4.623552 -11.606199
v -0.000001 3.610342 -12.192100
v 1.348919 4.623552 -13.220598
v 1.355019 4.623552 -11.606199
v 0.000000 0.000001 -9.982600
v -0.000001 3.610342 -12.192100
v 0.000000 0.000001 -9.982600
v -1.355020 4.623552 -11.606199
v -0.000001 3.610342 -12.192100
v 0.000000 0.000001 -9.982600
v -1.355020 0.000000 -8.938869
v -1.355020 4.623552 -11.606199
v -1.355020 0.000000 -8.938869
v 0.000000 5.636771 -11.023299
v -1.355020 4.623552 -11.606199
v -1.355020 0.000000 -8.938869
v 0.000000 0.000000 -7.770010
v 0.000000 5.636771 -11.023299
v 0.000000 0.000000 -7.770010
v 1.355020 0.000000 -8.938869
v 0.000000 5.636771 -11.023299
v 0.000000 0.000000 -7.770010
v 0.000000 -5.636768 -11.023301
v 1.355020 0.000000 -8.938869
v 0.000000 -5.636768 -11.023301
v 1.355019 -4.623549 -11.606201
v 1.355020 0.000000 -8.938869
v 0.000000 -5.636768 -11.023301
v 0.000000 -5.636768 -11.352901
v 1.355019 -4.623549 -11.606201
v -1.348919 4.623549 13.220600
v 0.000001 -0.000003 16.583801
v 0.000001 3.610338 15.085299
v 0.000001 -0.000003 16.583801
v 1.348921 4.623549 13.220600
v 0.000001 3.610338 15.085299
v 0.000001 -0.000003 16.583801
v 1.342811 -0.000002 15.134101
v 1.348921 4.623549 13.220600
v 1.342811 -0.000002 15.134101
v 0.000001 3.610339 12.192101
v 1.348921 4.623549 13.220600
v 1.342811 -0.000002 15.134101
v 0.000001 -0.000002 13.687600
v 0.000001 3.610339 12.192101
v 0.000001 -0.000002 13.687600
v -1.342809 -0.000002 15.134101
v 0.000001 3.610339 12.192101
v 0.000001 -0.000002 13.687600
v 0.000001 -3.610342 12.192100
v -1.342809 -0.000002 15.134101
v 0.000001 -3.610342 12.192100
v -1.348919 -4.623552 13.220598
v -1.342809 -0.000002 15.134101
v 0.000001 0.903345 17.926601
v 1.355021 4.623548 16.946899
v 1.355021 -0.000003 19.617300
v 1.355021 4.623548 16.946899
v 0.000001 5.636767 17.532900
v 1.355021 -0.000003 19.617300
v 1.355021 4.623548 16.946899
v 0.000001 5.636767 14.276601
v 0.000001 5.636767 17.532900
v 0.000001 5.636767 14.276601
v -1.355019 4.623548 16.946899
v 0.000001 5.636767 17.532900
v 0.000001 5.636767 14.276601
v -1.348919 4.623549 13.220600
v -1.355019 4.623548 16.946899
v -1.348919 4.623549 13.220600
v 0.000001 3.610337 16.364000
v -1.355019 4.623548 16.946899
v -1.348919 4.623549 13.220600
v 0.000001 3.610338 15.085299
v 0.000001 3.610337 16.364000
v 0.000001 3.610338 15.085299
v 1.348921 4.623549 13.220600
v 0.000001 3.610337 16.364000
v 0.000001 5.636767 14.276601
v 1.355021 4.623548 16.946899
v 1.348921 4.623549 13.220600
v 1.355021 4.623548 16.946899
v 0.000001 3.610337 16.364000
v 1.348921 4.623549 13.220600
v 1.355021 4.623548 16.946899
v 0.000001 0.903345 17.926601
v 0.000001 3.610337 16.364000
v 0.000001 0.903345 17.926601
v -1.355019 4.623548 16.946899
v 0.000001 3.610337 16.364000
v 0.000001 0.903345 17.926601
v -1.355019 -0.000003 19.617300
v -1.355019 4.623548 16.946899
v -1.355019 -0.000003 19.617300
v 0.000001 5.636767 17.532900
v -1.355019 4.623548 16.946899
v -1.355019 -0.000003 19.617300
v 0.000001 1.055938 20.175800
v 0.000001 5.636767 17.532900
v 0.000001 1.055938 20.175800
v 1.355021 -0.000003 19.617300
v 0.000001 5.636767 17.532900
v -1.348920 13.220600 -4.623549
v 0.000000 16.583801 0.000003
v 0.000000 15.085299 -3.610338
v 0.000000 16.583801 0.000003
v 1.348920 13.220600 -4.623549
v 0.000000 15.085299 -3.610338
v 0.000000 16.583801 0.000003
v 1.342810 15.134101 0.000002
v 1.348920 13.220600 -4.623549
v 1.342810 15.134101 0.000002
v 0.000000 12.192101 -3.610339
v 1.348920 13.220600 -4.623549
v 1.342810 15.134101 0.000002
v 0.000000 13.687600 0.000002
v 0.000000 12.192101 -3.610339
v 0.000000 13.687600 0.000002
v -1.342810 15.134101 0.000002
v 0.000000 12.192101 -3.610339
v 0.000000 13.687600 0.000002
v 0.000000 12.192100 3.610342
v -1.342810 15.134101 0.000002
v 0.000000 12.192100 3.610342
v -1.348920 13.220598 4.623552
v -1.342810 15.134101 0.000002
v -1.348920 13.220598 4.623552
v 0.000000 16.364000 3.610343
v 0.000000 15.085298 3.610342
v 0.000000 16.364000 3.610343
v 1.348920 13.220598 4.623552
v 0.000000 15.085298 3.610342
v 0.000000 16.364000 3.610343
v 1.355020 16.946899 4.623553
v 1.348920 13.220598 4.623552
v 1.355020 16.946899 4.623553
v 0.000000 14.276599 5.636771
v 1.348920 13.220598 4.623552
v 1.355020 16.946899 4.623553
v 0.000000 17.532900 5.636773
v 0.000000 14.276599 5.636771
v 0.000000 17.532900 5.636773
v -1.355020 16.946899 4.623553
v 0.000000 14.276599 5.636771
v 0.000000 17.532900 5.636773
v -1.355020 19.617300 0.000003
v -1.355020 16.946899 4.623553
v -1.355020 19.617300 0.000003
v 0.000000 17.926601 0.903351
v -1.355020 16.946899 4.623553
v 0.000000 14.276599 5.636771
v -1.355020 16.946899 4.623553
v -1.348920 13.220598 4.623552
v -1.355020 16.946899 4.623553
v 0.000000 16.364000 3.610343
v -1.348920 13.220598 4.623552
v -1.355020 16.946899 4.623553
v 0.000000 17.926601 0.903351
v 0.000000 16.364000 3.610343
v 0.000000 17.926601 0.903351
v 1.355020 16.946899 4.623553
v 0.000000 16.364000 3.610343
v 0.000000 17.926601 0.903351
v 1.355020 19.617300 0.000003
v 1.355020 16.946899 4.623553
v 1.355020 19.617300 0.000003
v 0.000000 17.532900 5.636773
v 1.355020 16.946899 4.623553
v 1.355020 19.617300 0.000003
v 0.000000 20.175800 1.055942
v 0.000000 17.532900 5.636773
v 0.000000 20.175800 1.055942
v -1.355020 19.617300 0.000003
v 0.000000 17.532900 5.636773
v 0.000000 17.926601 -0.903345
v 1.355020 16.946899 -4.623548
v 1.355020 19.617300 0.000003
v 1.355020 16.946899 -4.623548
v 0.000000 17.532900 -5.636767
v 1.355020 19.617300 0.000003
v 1.355020 16.946899 -4.623548
v 0.000000 14.276601 -5.636767
v 0.000000 17.532900 -5.636767
v 0.000000 14.276601 -5.636767
v -1.355020 16.946899 -4.623548
v 0.000000 17.532900 -5.636767
v 0.000000 14.276601 -5.636767
v -1.348920 13.220600 -4.623549
v -1.355020 16.946899 -4.623548
v -1.348920 13.220600 -4.623549
v 0.000000 16.364000 -3.610337
v -1.355020 16.946899 -4.623548
v -1.348920 13.220600 -4.623549
v 0.000000 15.085299 -3.610338
v 0.000000 16.364000 -3.610337
v 0.000000 15.085299 -3.610338
v 1.348920 13.220600 -4.623549
v 0.000000 16.364000 -3.610337
v 1.348919 4.623552 -13.220598
v -0.000001 0.000003 -16.583801
v -0.000001 3.610342 -15.085298
v -0.000001 0.000003 -16.583801
v -1.348921 4.623552 -13.220598
v -0.000001 3.610342 -15.085298
v -0.000001 0.000003 -16.583801
v -1.342811 0.000002 -15.134101
v -1.348921 4.623552 -13.220598
v -1.342811 0.000002 -15.134101
v -0.000001 3.610342 -12.192100
v -1.348921 4.623552 -13.220598
v -1.342811 0.000002 -15.134101
v -0.000001 0.000002 -13.687600
v -0.000001 3.610342 -12.192100
v -0.000001 0.000002 -13.687600
v 1.342809 0.000002 -15.134101
v -0.000001 3.610342 -12.192100
v -0.000001 0.000002 -13.687600
v -0.000001 -3.610339 -12.192101
v 1.342809 0.000002 -15.134101
v -0.000001 -3.610339 -12.192101
v 1.348919 -4.623549 -13.220600
v 1.342809 0.000002 -15.134101
v 0.000000 14.276601 -5.636767
v 1.355020 16.946899 -4.623548
v 1.348920 13.220600 -4.623549
v 1.355020 16.946899 -4.623548
v 0.000000 16.364000 -3.610337
v 1.348920 13.220600 -4.623549
v 1.355020 16.946899 -4.623548
v 0.000000 17.926601 -0.903345
v 0.000000 16.364000 -3.610337
v 0.000000 17.926601 -0.903345
v -1.355020 16.946899 -4.623548
v 0.000000 16.364000 -3.610337
v 0.000000 17.926601 -0.903345
v -1.355020 19.617300 0.000003
v -1.355020 16.946899 -4.623548
v -1.355020 19.617300 0.000003
v 0.000000 17.532900 -5.636767
v -1.355020 16.946899 -4.623548
v -1.355020 19.617300 0.000003
v 0.000000 20.175800 -1.055938
v 0.000000 17.532900 -5.636767
v 0.000000 20.175800 -1.055938
v 1.355020 19.617300 0.000003
v 0.000000 17.532900 -5.636767
v -1.355021 0.000003 -19.617300
v -0.000001 5.636773 -17.532900
v -0.000001 1.055942 -20.175800
v -0.000001 5.636773 -17.532900
v 1.355019 0.000003 -19.617300
v -0.000001 1.055942 -20.175800
v -0.000001 5.636773 -17.532900
v 1.355019 4.623553 -16.946899
v 1.355019 0.000003 -19.617300
v 1.355019 4.623553 -16.946899
v -0.000001 0.903351 -17.926601
v 1.355019 0.000003 -19.617300
v 1.355019 4.623553 -16.946899
v -0.000001 3.610343 -16.364000
v -0.000001 0.903351 -17.926601
v -0.000001 3.610343 -16.364000
v -1.355021 4.623553 -16.946899
v -0.000001 0.903351 -17.926601
v -0.000001 3.610343 -16.364000
v -1.348921 4.623552 -13.220598
v -1.355021 4.623553 -16.946899
v -1.348921 4.623552 -13.220598
v -0.000001 5.636771 -14.276599
v -1.355021 4.623553 -16.946899
v -0.000001 0.903351 -17.926601
v -1.355021 4.623553 -16.946899
v -1.355021 0.000003 -19.617300
v -1.355021 4.623553 -16.946899
v -0.000001 5.636773 -17.532900
v -1.355021 0.000003 -19.617300
v -1.355021 4.623553 -16.946899
v -0.000001 5.636771 -14.276599
v -0.000001 5.636773 -17.532900
v -0.000001 5.636771 -14.276599
v 1.355019 4.623553 -16.946899
v -0.000001 5.636773 -17.532900
v -0.000001 5.636771 -14.276599
v 1.348919 4.623552 -13.220598
v 1.355019 4.623553 -16.946899
v 1.348919 4.623552 -13.220598
v -0.000001 3.610343 -16.364000
v 1.355019 4.623553 -16.946899
v 1.348919 4.623552 -13.220598
v -0.000001 3.610342 -15.085298
v -0.000001 3.610343 -16.364000
v -0.000001 3.610342 -15.085298
v -1.348921 4.623552 -13.220598
v -0.000001 3.610343 -16.364000
v 0.000001 -0.903351 17.926601
v -1.355019 -4.623553 16.946899
v -1.355019 -0.000003 19.617300
v -1.355019 -4.623553 16.946899
v 0.000001 -5.636773 17.532900
v -1.355019 -0.000003 19.617300
v -1.355019 -4.623553 16.946899
v 0.000001 -5.636771 14.276599
v 0.000001 -5.636773 17.532900
v 0.000001 -5.636771 14.276599
v 1.355021 -4.623553 16.946899
v 0.000001 -5.636773 17.532900
v 0.000001 -5.636771 14.276599
v 1.348921 -4.623552 13.220598
v 1.355021 -4.623553 16.946899
v 1.348921 -4.623552 13.220598
v 0.000001 -3.610343 16.364000
v 1.355021 -4.623553 16.946899
v 1.348921 -4.623552 13.220598
v 0.000001 -3.610342 15.085298
v 0.000001 -3.610343 16.364000
v 0.000001 -3.610342 15.085298
v -1.348919 -4.623552 13.220598
v 0.000001 -3.610343 16.364000
v 0.000001 -5.636771 14.276599
v -1.355019 -4.623553 16.946899
v -1.348919 -4.623552 13.220598
v -1.355019 -4.623553 16.946899
v 0.000001 -3.610343 16.364000
v -1.348919 -4.623552 13.220598
v -1.355019 -4.623553 16.946899
v 0.000001 -0.903351 17.926601
v 0.000001 -3.610343 16.364000
v 0.000001 -0.903351 17.926601
v 1.355021 -4.623553 16.946899
v 0.000001 -3.610343 16.364000
v 0.000001 -0.903351 17.926601
v 1.355021 -0.000003 19.617300
v 1.355021 -4.623553 16.946899
v 1.355021 -0.000003 19.617300
v 0.000001 -5.636773 17.532900
v 1.355021 -4.623553 16.946899
v 1.355021 -0.000003 19.617300
v 0.000001 -1.055942 20.175800
v 0.000001 -5.636773 17.532900
v 0.000001 -1.055942 20.175800
v -1.355019 -0.000003 19.617300
v 0.000001 -5.636773 17.532900
v -1.348920 -13.220600 4.623549
v 0.000000 -16.583801 -0.000003
v 0.000000 -15.085299 3.610338
v 0.000000 -16.583801 -0.000003
v 1.348920 -13.220600 4.623549
v 0.000000 -15.085299 3.610338
v 0.000000 -16.583801 -0.000003
v 1.342810 -15.134101 -0.000002
v 1.348920 -13.220600 4.623549
v 1.342810 -15.134101 -0.000002
v 0.000000 -12.192101 3.610339
v 1.348920 -13.220600 4.623549
v 1.342810 -15.134101 -0.000002
v 0.000000 -13.687600 -0.000002
v 0.000000 -12.192101 3.610339
v 0.000000 -13.687600 -0.000002
v -1.342810 -15.134101 -0.000002
v 0.000000 -12.192101 3.610339
v 0.000000 -13.687600 -0.000002
v 0.000000 -12.192100 -3.610342
v -1.342810 -15.134101 -0.000002
v 0.000000 -12.192100 -3.610342
v -1.348920 -13.220598 -4.623552
v -1.342810 -15.134101 -0.000002
v 0.000000 -17.926601 -0.903351
v -1.355020 -16.946899 -4.623553
v -1.355020 -19.617300 -0.000003
v -1.355020 -16.946899 -4.623553
v 0.000000 -17.532900 -5.636773
v -1.355020 -19.617300 -0.000003
v -1.355020 -16.946899 -4.623553
v 0.000000 -14.276599 -5.636771
v 0.000000 -17.532900 -5.636773
v 0.000000 -14.276599 -5.636771
v 1.355020 -16.946899 -4.623553
v 0.000000 -17.532900 -5.636773
v 0.000000 -14.276599 -5.636771
v 1.348920 -13.220598 -4.623552
v 1.355020 -16.946899 -4.623553
v 1.348920 -13.220598 -4.623552
v 0.000000 -16.364000 -3.610343
v 1.355020 -16.946899 -4.623553
v 1.348920 -13.220598 -4.623552
v 0.000000 -15.085298 -3.610342
v 0.000000 -16.364000 -3.610343
v 0.000000 -15.085298 -3.610342
v -1.348920 -13.220598 -4.623552
v 0.000000 -16.364000 -3.610343
v 0.000000 -14.276599 -5.636771
v -1.355020 -16.946899 -4.623553
v -1.348920 -13.220598 -4.623552
v -1.355020 -16.946899 -4.623553
v 0.000000 -16.364000 -3.610343
v -1.348920 -13.220598 -4.623552
v -1.355020 -16.946899 -4.623553
v 0.000000 -17.926601 -0.903351
v 0.000000 -16.364000 -3.610343
v 0.000000 -17.926601 -0.903351
v 1.355020 -16.946899 -4.623553
v 0.000000 -16.364000 -3.610343
v 0.000000 -17.926601 -0.903351
v 1.355020 -19.617300 -0.000003
v 1.355020 -16.946899 -4.623553
v 1.355020 -19.617300 -0.000003
v 0.000000 -17.532900 -5.636773
v 1.355020 -16.946899 -4.623553
v 1.355020 -19.617300 -0.000003
v 0.000000 -20.175800 -1.055942
v 0.000000 -17.532900 -5.636773
v 0.000000 -20.175800 -1.055942
v -1.355020 -19.617300 -0.000003
v 0.000000 -17.532900 -5.636773
v 1.348920 -13.220600 4.623549
v 0.000000 -16.364000 3.610337
v 0.000000 -15.085299 3.610338
v 0.000000 -16.364000 3.610337
v -1.348920 -13.220600 4.623549
v 0.000000 -15.085299 3.610338
v 0.000000 -16.364000 3.610337
v -1.355020 -16.946899 4.623548
v -1.348920 -13.220600 4.623549
v -1.355020 -16.946899 4.623548
v 0.000000 -14.276601 5.636767
v -1.348920 -13.220600 4.623549
v -1.355020 -16.946899 4.623548
v 0.000000 -17.532900 5.636767
v 0.000000 -14.276601 5.636767
v 0.000000 -17.532900 5.636767
v 1.355020 -16.946899 4.623548
v 0.000000 -14.276601 5.636767
v 0.000000 -17.532900 5.636767
v 1.355020 -19.617300 -0.000003
v 1.355020 -16.946899 4.623548
v 1.355020 -19.617300 -0.000003
v 0.000000 -17.926601 0.903345
v 1.355020 -16.946899 4.623548
v 0.000000 -14.276601 5.636767
v 1.355020 -16.946899 4.623548
v 1.348920 -13.220600 4.623549
v 1.355020 -16.946899 4.623548
v 0.000000 -16.364000 3.610337
v 1.348920 -13.220600 4.623549
v 1.355020 -16.946899 4.623548
v 0.000000 -17.926601 0.903345
v 0.000000 -16.364000 3.610337
v 0.000000 -17.926601 0.903345
v -1.355020 -16.946899 4.623548
v 0.000000 -16.364000 3.610337
v 0.000000 -17.926601 0.903345
v -1.355020 -19.617300 -0.000003
v -1.355020 -16.946899 4.623548
v -1.355020 -19.617300 -0.000003
v 0.000000 -17.532900 5.636767
v -1.355020 -16.946899 4.623548
v -1.355020 -19.617300 -0.000003
v 0.000000 -20.175800 1.055938
v 0.000000 -17.532900 5.636767
v 0.000000 -20.175800 1.055938
v 1.355020 -19.617300 -0.000003
v 0.000000 -17.532900 5.636767
v 1.355019 0.000003 -19.617300
v -0.000001 -5.636767 -17.532900
v -0.000001 -1.055938 -20.175800
v -0.000001 -5.636767 -17.532900
v -1.355021 0.000003 -19.617300
v -0.000001 -1.055938 -20.175800
v -0.000001 -5.636767 -17.532900
v -1.355021 -4.623548 -16.946899
v -1.355021 0.000003 -19.617300
v -1.355021 -4.623548 -16.946899
v -0.000001 -0.903345 -17.926601
v -1.355021 0.000003 -19.617300
v -1.355021 -4.623548 -16.946899
v -0.000001 -3.610337 -16.364000
v -0.000001 -0.903345 -17.926601
v -0.000001 -3.610337 -16.364000
v 1.355019 -4.623548 -16.946899
v -0.000001 -0.903345 -17.926601
v -0.000001 -3.610337 -16.364000
v 1.348919 -4.623549 -13.220600
v 1.355019 -4.623548 -16.946899
v 1.348919 -4.623549 -13.220600
v -0.000001 -5.636767 -14.276601
v 1.355019 -4.623548 -16.946899
v -0.000001 -0.903345 -17.926601
v 1.355019 -4.623548 -16.946899
v 1.355019 0.000003 -19.617300
v 1.355019 -4.623548 -16.946899
v -0.000001 -5.636767 -17.532900
v 1.355019 0.000003 -19.617300
v 1.355019 -4.623548 -16.946899
v -0.000001 -5.636767 -14.276601
v -0.000001 -5.636767 -17.532900
v -0.000001 -5.636767 -14.276601
v -1.355021 -4.623548 -16.946899
v -0.000001 -5.636767 -17.532900
v -0.000001 -5.636767 -14.276601
v -1.348921 -4.623549 -13.220600
v -1.355021 -4.623548 -16.946899
v -1.348921 -4.623549 -13.220600
v -0.000001 -3.610337 -16.364000
v -1.355021 -4.623548 -16.946899
v -1.348921 -4.623549 -13.220600
v -0.000001 -3.610338 -15.085299
v -0.000001 -3.610337 -16.364000
v -0.000001 -3.610338 -15.085299
v 1.348919 -4.623549 -13.220600
v -0.000001 -3.610337 -16.364000
v 0.000000 11.352899 5.636771
v 1.355020 11.606199 4.623552
v 1.348920 13.220598 4.623552
v 1.355020 11.606199 4.623552
v 0.000000 12.192100 3.610342
v 1.348920 13.220598 4.623552
v 1.355020 11.606199 4.623552
v 0.000000 10.626500 0.903349
v 0.000000 12.192100 3.610342
v 0.000000 10.626500 0.903349
v -1.355020 11.606199 4.623552
v 0.000000 12.192100 3.610342
v 0.000000 10.626500 0.903349
v -1.355020 8.938869 0.000000
v -1.355020 11.606199 4.623552
v -1.355020 8.938869 0.000000
v 0.000000 7.867670 2.111881
v -1.355020 11.606199 4.623552
v -1.355020 8.938869 0.000000
v 0.000000 8.938869 0.000000
v 0.000000 7.867670 2.111881
v 0.000000 -0.000000 7.770010
v 1.355020 -0.000000 8.938869
v 0.000000 -5.636771 11.023299
v 1.355020 -0.000000 8.938869
v 1.355020 -4.623552 11.606199
v 0.000000 -5.636771 11.023299
v 1.355020 -0.000000 8.938869
v 0.000000 -0.000001 9.982600
v 1.355020 -4.623552 11.606199
v 0.000000 -0.000001 9.982600
v 0.000001 -3.610342 12.192100
v 1.355020 -4.623552 11.606199
v 0.000000 -0.000001 9.982600
v -1.355019 -4.623552 11.606199
v 0.000001 -3.610342 12.192100
v -1.355019 -4.623552 11.606199
v -1.348919 -4.623552 13.220598
v 0.000001 -3.610342 12.192100
v -1.355019 -4.623552 11.606199
v 0.000000 -5.636771 11.352899
v -1.348919 -4.623552 13.220598
v 0.000000 -8.938869 -0.000000
v 1.355020 -8.938869 -0.000000
v 0.000000 -7.867670 -2.111881
v 1.355020 -8.938869 -0.000000
v 1.355020 -11.606199 -4.623552
v 0.000000 -7.867670 -2.111881
v 1.355020 -8.938869 -0.000000
v 0.000000 -10.626500 -0.903349
v 1.355020 -11.606199 -4.623552
v 0.000000 -10.626500 -0.903349
v 0.000000 -12.192100 -3.610342
v 1.355020 -11.606199 -4.623552
v 0.000000 -10.626500 -0.903349
v -1.355020 -11.606199 -4.623552
v 0.000000 -12.192100 -3.610342
v -1.355020 -11.606199 -4.623552
v -1.348920 -13.220598 -4.623552
v 0.000000 -12.192100 -3.610342
v -1.355020 -11.606199 -4.623552
v 0.000000 -11.352899 -5.636771
v -1.348920 -13.220598 -4.623552
v 0.000000 0.000000 -7.770010
v -1.355020 0.000000 -8.938869
v 0.000000 -5.636768 -11.023301
v -1.355020 0.000000 -8.938869
v -1.355020 -4.623549 -11.606201
v 0.000000 -5.636768 -11.023301
v -1.355020 0.000000 -8.938869
v 0.000000 0.000001 -9.982600
v -1.355020 -4.623549 -11.606201
v 0.000000 0.000001 -9.982600
v -0.000001 -3.610339 -12.192101
v -1.355020 -4.623549 -11.606201
v 0.000000 0.000001 -9.982600
v 1.355019 -4.623549 -11.606201
v -0.000001 -3.610339 -12.192101
v 1.355019 -4.623549 -11.606201
v 1.348919 -4.623549 -13.220600
v -0.000001 -3.610339 -12.192101
v 1.355019 -4.623549 -11.606201
v 0.000000 -5.636768 -11.352901
v 1.348919 -4.623549 -13.220600
v -1.342810 10.702799 10.702801
v 0.000001 5.636767 14.276601
v 0.000001 10.260299 12.332501
v 0.000001 5.636767 14.276601
v 1.342811 10.702799 10.702801
v 0.000001 10.260299 12.332501
v 0.000001 5.636767 14.276601
v 1.348921 4.623549 13.220600
v 1.342811 10.702799 10.702801
v 1.348921 4.623549 13.220600
v 0.000000 8.468889 10.181000
v 1.342811 10.702799 10.702801
v 1.348921 4.623549 13.220600
v 0.000000 5.636768 11.352901
v 0.000000 8.468889 10.181000
v 0.000000 5.636768 11.352901
v -1.348919 4.623549 13.220600
v 0.000000 8.468889 10.181000
v -1.342811 10.702801 -10.702799
v 0.000000 14.276601 -5.636767
v 0.000000 12.332501 -10.260299
v 0.000000 14.276601 -5.636767
v 1.342810 10.702801 -10.702799
v 0.000000 12.332501 -10.260299
v 0.000000 14.276601 -5.636767
v 1.348920 13.220600 -4.623549
v 1.342810 10.702801 -10.702799
v 1.348920 13.220600 -4.623549
v 0.000000 10.181000 -8.468889
v 1.342810 10.702801 -10.702799
v 1.348920 13.220600 -4.623549
v 0.000000 11.352901 -5.636768
v 0.000000 10.181000 -8.468889
v 0.000000 11.352901 -5.636768
v -1.348920 13.220600 -4.623549
v 0.000000 10.181000 -8.468889
v 1.342811 10.702799 10.702801
v 0.000000 14.276599 5.636771
v 0.000000 12.332500 10.260302
v 0.000000 14.276599 5.636771
v -1.342810 10.702799 10.702801
v 0.000000 12.332500 10.260302
v 0.000000 14.276599 5.636771
v -1.348920 13.220598 4.623552
v -1.342810 10.702799 10.702801
v -1.348920 13.220598 4.623552
v 0.000000 10.181000 8.468891
v -1.342810 10.702799 10.702801
v -1.348920 13.220598 4.623552
v 0.000000 11.352899 5.636771
v 0.000000 10.181000 8.468891
v 0.000000 11.352899 5.636771
v 1.348920 13.220598 4.623552
v 0.000000 10.181000 8.468891
v 1.348919 4.623552 -13.220598
v 0.000000 8.468891 -10.181000
v 0.000000 5.636771 -11.352899
v 0.000000 8.468891 -10.181000
v -1.348921 4.623552 -13.220598
v 0.000000 5.636771 -11.352899
v 0.000000 8.468891 -10.181000
v -1.342811 10.702801 -10.702799
v -1.348921 4.623552 -13.220598
v -1.342811 10.702801 -10.702799
v -0.000001 5.636771 -14.276599
v -1.348921 4.623552 -13.220598
v -1.342811 10.702801 -10.702799
v -0.000001 10.260302 -12.332500
v -0.000001 5.636771 -14.276599
v -0.000001 10.260302 -12.332500
v 1.342810 10.702801 -10.702799
v -0.000001 5.636771 -14.276599
v 1.342811 -10.702801 10.702799
v 0.000001 -5.636771 14.276599
v 0.000001 -10.260302 12.332500
v 0.000001 -5.636771 14.276599
v -1.342810 -10.702801 10.702799
v 0.000001 -10.260302 12.332500
v 0.000001 -5.636771 14.276599
v -1.348919 -4.623552 13.220598
v -1.342810 -10.702801 10.702799
v -1.348919 -4.623552 13.220598
v 0.000000 -8.468891 10.181000
v -1.342810 -10.702801 10.702799
v -1.348919 -4.623552 13.220598
v 0.000000 -5.636771 11.352899
v 0.000000 -8.468891 10.181000
v 0.000000 -5.636771 11.352899
v 1.348921 -4.623552 13.220598
v 0.000000 -8.468891 10.181000
v -1.342810 -10.702801 10.702799
v 0.000000 -14.276601 5.636767
v 0.000000 -12.332501 10.260299
v 0.000000 -14.276601 5.636767
v 1.342811 -10.702801 10.702799
v 0.000000 -12.332501 10.260299
v 0.000000 -14.276601 5.636767
v 1.348920 -13.220600 4.623549
v 1.342811 -10.702801 10.702799
v 1.348920 -13.220600 4.623549
v 0.000000 -10.181000 8.468889
v 1.342811 -10.702801 10.702799
v 1.348920 -13.220600 4.623549
v 0.000000 -11.352901 5.636768
v 0.000000 -10.181000 8.468889
v 0.000000 -11.352901 5.636768
v -1.348920 -13.220600 4.623549
v 0.000000 -10.181000 8.468889
v 0.000000 -10.626500 0.903346
v -1.355020 -11.606201 4.623549
v -1.355020 -8.938869 -0.000000
v -1.355020 -11.606201 4.623549
v 0.000000 -7.867671 2.111880
v -1.355020 -8.938869 -0.000000
v -1.355020 -11.606201 4.623549
v 0.000000 -11.023301 5.636768
v 0.000000 -7.867671 2.111880
v 0.000000 -11.023301 5.636768
v 1.355020 -11.606201 4.623549
v 0.000000 -7.867671 2.111880
v 0.000000 -11.023301 5.636768
v 0.000000 -11.352901 5.636768
v 1.355020 -11.606201 4.623549
v 0.000000 -11.352901 5.636768
v 1.348920 -13.220600 4.623549
v 1.355020 -11.606201 4.623549
v 1.342810 -10.702799 -10.702801
v 0.000000 -14.276599 -5.636771
v 0.000000 -12.332500 -10.260302
v 0.000000 -14.276599 -5.636771
v -1.342811 -10.702799 -10.702801
v 0.000000 -12.332500 -10.260302
v 0.000000 -14.276599 -5.636771
v -1.348920 -13.220598 -4.623552
v -1.342811 -10.702799 -10.702801
v -1.348920 -13.220598 -4.623552
v 0.000000 -10.181000 -8.468891
v -1.342811 -10.702799 -10.702801
v -1.348920 -13.220598 -4.623552
v 0.000000 -11.352899 -5.636771
v 0.000000 -10.181000 -8.468891
v 0.000000 -11.352899 -5.636771
v 1.348920 -13.220598 -4.623552
v 0.000000 -10.181000 -8.468891
v -1.348921 -4.623549 -13.220600
v 0.000000 -8.468889 -10.181000
v 0.000000 -5.636768 -11.352901
v 0.000000 -8.468889 -10.181000
v 1.348919 -4.623549 -13.220600
v 0.000000 -5.636768 -11.352901
v 0.000000 -8.468889 -10.181000
v 1.342810 -10.702799 -10.702801
v 1.348919 -4.623549 -13.220600
v 1.342810 -10.702799 -10.702801
v -0.000001 -5.636767 -14.276601
v 1.348919 -4.623549 -13.220600
v 1.342810 -10.702799 -10.702801
v -0.000001 -10.260299 -12.332501
v -0.000001 -5.636767 -14.276601
v -0.000001 -10.260299 -12.332501
v -1.342811 -10.702799 -10.702801
v -0.000001 -5.636767 -14.276601
v -1.348920 13.220600 -4.623549
v 0.000000 11.352901 -5.636768
v -1.355020 11.606201 -4.623549
v 0.000000 11.352901 -5.636768
v 0.000000 11.023301 -5.636768
v -1.355020 11.606201 -4.623549
v 0.000000 11.352901 -5.636768
v 1.355020 11.606201 -4.623549
v 0.000000 11.023301 -5.636768
v 1.355020 11.606201 -4.623549
v 0.000000 7.867671 -2.111880
v 0.000000 11.023301 -5.636768
v 1.355020 11.606201 -4.623549
v 1.355020 8.938869 0.000000
v 0.000000 7.867671 -2.111880
v 0.000000 13.687600 0.000002
v 1.342810 15.134101 0.000002
v 0.000000 12.192100 3.610342
v 1.342810 15.134101 0.000002
v 1.348920 13.220598 4.623552
v 0.000000 12.192100 3.610342
v 1.342810 15.134101 0.000002
v 0.000000 16.583801 0.000003
v 1.348920 13.220598 4.623552
v 0.000000 16.583801 0.000003
v 0.000000 15.085298 3.610342
v 1.348920 13.220598 4.623552
v 0.000000 16.583801 0.000003
v -1.348920 13.220598 4.623552
v 0.000000 15.085298 3.610342
v 0.000001 -0.000002 13.687600
v 1.342811 -0.000002 15.134101
v 0.000001 -3.610342 12.192100
v 1.342811 -0.000002 15.134101
v 1.348921 -4.623552 13.220598
v 0.000001 -3.610342 12.192100
v 1.342811 -0.000002 15.134101
v 0.000001 -0.000003 16.583801
v 1.348921 -4.623552 13.220598
v 0.000001 -0.000003 16.583801
v 0.000001 -3.610342 15.085298
v 1.348921 -4.623552 13.220598
v 0.000001 -0.000003 16.583801
v -1.348919 -4.623552 13.220598
v 0.000001 -3.610342 15.085298
v 0.000000 -13.687600 -0.000002
v 1.342810 -15.134101 -0.000002
v 0.000000 -12.192100 -3.610342
v 1.342810 -15.134101 -0.000002
v 1.348920 -13.220598 -4.623552
v 0.000000 -12.192100 -3.610342
v 1.342810 -15.134101 -0.000002
v 0.000000 -16.583801 -0.000003
v 1.348920 -13.220598 -4.623552
v 0.000000 -16.583801 -0.000003
v 0.000000 -15.085298 -3.610342
v 1.348920 -13.220598 -4.623552
v 0.000000 -16.583801 -0.000003
v -1.348920 -13.220598 -4.623552
v 0.000000 -15.085298 -3.610342
v -0.000001 0.000002 -13.687600
v -1.342811 0.000002 -15.134101
v -0.000001 -3.610339 -12.192101
v -1.342811 0.000002 -15.134101
v -1.348921 -4.623549 -13.220600
v -0.000001 -3.610339 -12.192101
v -1.342811 0.000002 -15.134101
v -0.000001 0.000003 -16.583801
v -1.348921 -4.623549 -13.220600
v -0.000001 0.000003 -16.583801
v -0.000001 -3.610338 -15.085299
v -1.348921 -4.623549 -13.220600
v -0.000001 0.000003 -16.583801
v 1.348919 -4.623549 -13.220600
v -0.000001 -3.610338 -15.085299
v -1.355019 4.623549 11.606201
v 0.000000 5.636768 11.352901
v 0.000000 5.636768 11.023301
v 0.000000 5.636768 11.352901
v 1.355020 4.623549 11.606201
v 0.000000 5.636768 11.023301
v 0.000000 5.636768 11.352901
v 1.348921 4.623549 13.220600
v 1.355020 4.623549 11.606201
v 1.348921 4.623549 13.220600
v 0.000001 3.610339 12.192101
v 1.355020 4.623549 11.606201
v 1.355019 4.623552 -11.606199
v 0.000000 5.636771 -11.352899
v 0.000000 5.636771 -11.023299
v 0.000000 5.636771 -11.352899
v -1.355020 4.623552 -11.606199
v 0.000000 5.636771 -11.023299
v 0.000000 5.636771 -11.352899
v -1.348921 4.623552 -13.220598
v -1.355020 4.623552 -11.606199
v -1.348921 4.623552 -13.220598
v -0.000001 3.610342 -12.192100
v -1.355020 4.623552 -11.606199
v 0.000000 5.636768 11.023301
v -1.355020 -0.000000 8.938869
v -1.355019 4.623549 11.606201
v -1.355020 -0.000000 8.938869
v 0.000000 -0.000001 9.982600
v -1.355019 4.623549 11.606201
v -1.355020 -0.000000 8.938869
v -1.355019 -4.623552 11.606199
v 0.000000 -0.000001 9.982600
v 0.000001 3.610339 12.192101
v -1.342809 -0.000002 15.134101
v -1.348919 4.623549 13.220600
v -1.342809 -0.000002 15.134101
v 0.000001 -0.000003 16.583801
v -1.348919 4.623549 13.220600
v -1.342809 -0.000002 15.134101
v -1.348919 -4.623552 13.220598
v 0.000001 -0.000003 16.583801
v 0.000000 10.626500 0.903349
v 0.000000 12.768900 0.000002
v -1.355020 8.938869 0.000000
v 0.000000 12.768900 0.000002
v 0.000000 10.626500 -0.903346
v -1.355020 8.938869 0.000000
v 0.000000 12.768900 0.000002
v 1.355020 8.938869 0.000000
v 0.000000 10.626500 -0.903346
v 0.000000 12.192101 -3.610339
v -1.342810 15.134101 0.000002
v -1.348920 13.220600 -4.623549
v -1.342810 15.134101 0.000002
v 0.000000 16.583801 0.000003
v -1.348920 13.220600 -4.623549
v -1.342810 15.134101 0.000002
v -1.348920 13.220598 4.623552
v 0.000000 16.583801 0.000003
v -0.000001 3.610342 -12.192100
v 1.342809 0.000002 -15.134101
v 1.348919 4.623552 -13.220598
v 1.342809 0.000002 -15.134101
v -0.000001 0.000003 -16.583801
v 1.348919 4.623552 -13.220598
v 1.342809 0.000002 -15.134101
v 1.348919 -4.623549 -13.220600
v -0.000001 0.000003 -16.583801
v 0.000000 5.636771 -11.023299
v 1.355020 0.000000 -8.938869
v 1.355019 4.623552 -11.606199
v 1.355020 0.000000 -8.938869
v 0.000000 0.000001 -9.982600
v 1.355019 4.623552 -11.606199
v 1.355020 0.000000 -8.938869
v 1.355019 -4.623549 -11.606201
v 0.000000 0.000001 -9.982600
v 0.000000 -12.192101 3.610339
v -1.342810 -15.134101 -0.000002
v -1.348920 -13.220600 4.623549
v -1.342810 -15.134101 -0.000002
v 0.000000 -16.583801 -0.000003
v -1.348920 -13.220600 4.623549
v -1.342810 -15.134101 -0.000002
v -1.348920 -13.220598 -4.623552
v 0.000000 -16.583801 -0.000003
v 0.000000 80.059204 7.831060
v 0.637837 74.428497 3.326529
v 0.000000 81.417297 0.631744
v 0.637837 74.428497 3.326529
v 0.000000 76.589294 -0.827043
v 0.000000 81.417297 0.631744
v -0.634785 74.428497 3.326529
v -1.022370 69.457100 5.365159
v 0.000000 80.059204 7.831060
v 0.000000 11.023301 -5.636768
v 0.000000 7.867671 -2.111880
v -1.355020 11.606201 -4.623549
v 0.637837 74.428497 3.326529
v 0.000000 80.059204 7.831060
v 1.025420 69.457100 5.365159
v 0.000000 80.059204 7.831060
v 0.000000 67.430595 10.141309
v 1.025420 69.457100 5.365159
v 0.000000 80.059204 7.831060
v -1.022370 69.457100 5.365159
v 0.000000 67.430595 10.141309
v -1.022370 69.457100 5.365159
v -1.306190 58.552803 5.487238
v 0.000000 67.430595 10.141309
v -1.022370 69.457100 5.365159
v 1.025420 69.457100 5.365159
v -1.306190 58.552803 5.487238
v 1.025420 69.457100 5.365159
v 1.309240 58.552803 5.487238
v -1.306190 58.552803 5.487238
v 1.025420 69.457100 5.365159
v 0.000000 67.430595 10.141309
v 1.309240 58.552803 5.487238
v 0.000000 67.430595 10.141309
v 0.000000 56.172401 9.418018
v 1.309240 58.552803 5.487238
v 0.000000 67.430595 10.141309
v -1.306190 58.552803 5.487238
v 0.000000 56.172401 9.418018
v 0.000000 76.589294 -0.827043
v 0.637837 74.428497 3.326529
v -0.634785 74.428497 3.326529
v 0.637837 74.428497 3.326529
v -1.022370 69.457100 5.365159
v -0.634785 74.428497 3.326529
v 0.637837 74.428497 3.326529
v 1.025420 69.457100 5.365159
v -1.022370 69.457100 5.365159
v 2.710040 33.982399 0.277722
v 1.416060 32.288597 -2.676466
v 1.309240 58.552803 5.487238
v 1.309240 58.552803 5.487238
v 0.000000 56.172401 9.418018
v 2.710040 33.982399 0.277722
v 1.355020 16.946899 -4.623548
v 3.192240 18.198200 0.000003
v 1.355020 11.606201 -4.623549
v 3.192240 18.198200 0.000003
v 2.072210 8.938869 0.000000
v 1.355020 11.606201 -4.623549
v -0.634785 74.428497 3.326529
v 0.000000 80.059204 7.831060
v 0.000000 81.417297 0.631744
v 0.000000 76.589294 -0.827043
v -0.634785 74.428497 3.326529
v 0.000000 81.417297 0.631744
v 0.000000 20.001799 10.254202
v -3.192240 18.198200 0.000003
v -1.355020 16.946899 4.623553
v 0.000000 20.001799 10.254202
v -1.355020 16.946899 4.623553
v 0.000000 16.153399 7.348863
v 0.000000 27.161497 9.717093
v 0.000000 22.992599 8.743553
v 3.192240 18.198200 0.000003
v -1.416060 32.288597 -2.676466
v 1.416060 32.288597 -2.676466
v 0.000000 17.532900 -5.636767
v 0.000000 24.906200 3.781243
v 0.000000 29.615200 2.951144
v -3.192240 18.198200 0.000003
v 1.416060 32.288597 -2.676466
v -1.416060 32.288597 -2.676466
v 1.309240 58.552803 5.487238
v -1.416060 32.288597 -2.676466
v -1.306190 58.552803 5.487238
v 1.309240 58.552803 5.487238
v -1.416060 32.288597 -2.676466
v -2.710040 33.982399 0.277723
v -1.306190 58.552803 5.487238
v -2.710040 33.982399 0.277723
v 0.000000 56.172401 9.418018
v -1.306190 58.552803 5.487238
v -2.710040 33.982399 0.277723
v 0.000000 33.936600 3.515735
v 0.000000 56.172401 9.418018
v 0.000000 33.936600 3.515735
v 2.710040 33.982399 0.277722
v 0.000000 56.172401 9.418018
v 0.000000 33.936600 3.515735
v 0.000000 29.615200 2.951144
v 2.710040 33.982399 0.277722
v 0.000000 29.615200 2.951144
v 3.192240 18.198200 0.000003
v 2.710040 33.982399 0.277722
v 0.000000 29.615200 2.951144
v 0.000000 24.906200 3.781243
v 3.192240 18.198200 0.000003
v 0.000000 24.906200 3.781243
v 0.000000 27.161497 9.717093
v 3.192240 18.198200 0.000003
v 0.000000 24.906200 3.781243
v -3.192240 18.198200 0.000003
v 0.000000 27.161497 9.717093
v -3.192240 18.198200 0.000003
v 0.000000 22.992599 8.743553
v 0.000000 27.161497 9.717093
v -3.192240 18.198200 0.000003
v 0.000000 20.001799 10.254202
v 0.000000 22.992599 8.743553
v 0.000000 20.001799 10.254202
v 3.192240 18.198200 0.000003
v 0.000000 22.992599 8.743553
v 0.000000 20.001799 10.254202
v 1.355020 16.946899 4.623553
v 3.192240 18.198200 0.000003
v 1.355020 16.946899 4.623553
v 1.355020 11.606199 4.623552
v 3.192240 18.198200 0.000003
v 1.355020 16.946899 4.623553
v 0.000000 14.368100 7.864622
v 1.355020 11.606199 4.623552
v 0.000000 14.368100 7.864622
v 0.000000 8.807639 5.047760
v 1.355020 11.606199 4.623552
v 0.000000 14.368100 7.864622
v -1.355020 11.606199 4.623552
v 0.000000 8.807639 5.047760
v -1.355020 11.606199 4.623552
v -2.072210 8.938869 0.000000
v 0.000000 8.807639 5.047760
v -1.355020 11.606199 4.623552
v -3.192240 18.198200 0.000003
v -2.072210 8.938869 0.000000
v -3.192240 18.198200 0.000003
v -1.355020 11.606201 -4.623549
v -2.072210 8.938869 0.000000
v -3.192240 18.198200 0.000003
v -1.355020 16.946899 -4.623548
v -1.355020 11.606201 -4.623549
v -1.355020 16.946899 -4.623548
v 0.000000 14.627500 -9.137239
v -1.355020 11.606201 -4.623549
v -1.355020 16.946899 -4.623548
v 0.000000 17.532900 -5.636767
v 0.000000 14.627500 -9.137239
v 0.000000 17.532900 -5.636767
v 1.355020 16.946899 -4.623548
v 0.000000 14.627500 -9.137239
v 0.000000 17.532900 -5.636767
v 1.416060 32.288597 -2.676466
v 1.355020 16.946899 -4.623548
v 1.416060 32.288597 -2.676466
v 3.192240 18.198200 0.000003
v 1.355020 16.946899 -4.623548
v 1.416060 32.288597 -2.676466
v 2.710040 33.982399 0.277722
v 3.192240 18.198200 0.000003
v 0.000000 14.627500 -9.137239
v 0.000000 8.832061 -5.075230
v -1.355020 11.606201 -4.623549
v 0.000000 8.832061 -5.075230
v -2.072210 8.938869 0.000000
v -1.355020 11.606201 -4.623549
v 0.000000 8.832061 -5.075230
v 0.000000 7.037570 0.000000
v -2.072210 8.938869 0.000000
v 0.000000 7.037570 0.000000
v 0.000000 8.807639 5.047760
v -2.072210 8.938869 0.000000
v 0.000000 7.037570 0.000000
v 2.072210 8.938869 0.000000
v 0.000000 8.807639 5.047760
v 2.072210 8.938869 0.000000
v 1.355020 11.606199 4.623552
v 0.000000 8.807639 5.047760
v 2.072210 8.938869 0.000000
v 3.192240 18.198200 0.000003
v 1.355020 11.606199 4.623552
v 0.000000 20.001799 10.254202
v 0.000000 16.153399 7.348863
v 1.355020 16.946899 4.623553
v 0.000000 16.153399 7.348863
v 0.000000 14.368100 7.864622
v 1.355020 16.946899 4.623553
v 0.000000 16.153399 7.348863
v -1.355020 16.946899 4.623553
v 0.000000 14.368100 7.864622
v -1.355020 16.946899 4.623553
v -1.355020 11.606199 4.623552
v 0.000000 14.368100 7.864622
v -1.355020 16.946899 4.623553
v -3.192240 18.198200 0.000003
v -1.355020 11.606199 4.623552
v 0.000000 33.936600 3.515735
v -2.710040 33.982399 0.277723
v 0.000000 29.615200 2.951144
v -2.710040 33.982399 0.277723
v -3.192240 18.198200 0.000003
v 0.000000 29.615200 2.951144
v -2.710040 33.982399 0.277723
v -1.416060 32.288597 -2.676466
v -3.192240 18.198200 0.000003
v -1.416060 32.288597 -2.676466
v -1.355020 16.946899 -4.623548
v -3.192240 18.198200 0.000003
v -1.416060 32.288597 -2.676466
v 0.000000 17.532900 -5.636767
v -1.355020 16.946899 -4.623548
v 1.355020 16.946899 -4.623548
v 1.355020 11.606201 -4.623549
v 0.000000 14.627500 -9.137239
v 1.355020 11.606201 -4.623549
v 0.000000 8.832061 -5.075230
v 0.000000 14.627500 -9.137239
v 1.355020 11.606201 -4.623549
v 2.072210 8.938869 0.000000
v 0.000000 8.832061 -5.075230
v 2.072210 8.938869 0.000000
v 0.000000 7.037570 0.000000
v 0.000000 8.832061 -5.075230
v -0.000001 92.419205 -16.846188
v -0.000001 89.898399 -13.199288
v -0.000001 92.611496 -12.027287
v -0.000001 92.611496 -12.027287
v -0.000001 95.928802 -18.726189
v -0.000001 92.419205 -16.846188
v -0.000001 77.602501 -12.179890
v -0.000001 75.402100 -14.838090
v 0.000000 70.506897 -9.787281
v -0.000001 74.739799 -20.575590
v 0.000000 70.506897 -9.787281
v -0.000001 75.402100 -14.838090
v 0.000000 64.806099 -2.246151
v 0.000000 70.506897 -9.787281
v 0.000000 67.400101 -8.053821
v 0.000000 70.506897 -9.787281
v -0.000001 67.488602 -15.765890
v 0.000000 67.400101 -8.053821
v 0.000000 69.896500 -2.136291
v 0.000000 70.040001 -4.156611
v 0.000000 64.275002 0.564600
v 0.000000 64.275002 0.564600
v 0.000000 72.139702 -1.596110
v 0.000000 69.896500 -2.136291
v 0.000000 32.288597 -2.676466
v 0.000000 34.959000 -4.632706
v 0.000000 23.493103 -7.019257
v 0.000000 86.471100 -3.527928
v 0.000000 87.817001 -7.950058
v 0.000000 83.712296 -11.038489
v 0.000000 75.985001 -3.524881
v 0.000000 76.589294 -0.827043
v 0.000000 81.417297 0.631744
v 0.000000 96.111900 6.378383
v 0.000000 87.109001 3.250231
v 0.000000 90.817001 6.295982
v 0.000000 21.954998 11.056903
v 0.000000 22.992599 8.743553
v 0.000000 20.001799 10.254202
v 0.000000 50.114399 9.680477
v 0.000000 47.831699 7.205426
v 0.000000 41.578400 5.545215
v 0.000000 90.624702 -0.704966
v 0.000000 86.471100 -3.527928
v 0.000000 87.109001 3.250231
v 0.000000 86.471100 -3.527928
v 0.000000 81.417297 0.631744
v 0.000000 87.109001 3.250231
v 0.000000 86.471100 -3.527928
v 0.000000 83.712296 -11.038489
v 0.000000 81.417297 0.631744
v 0.000000 83.712296 -11.038489
v -0.000001 77.602501 -12.179890
v 0.000000 75.985001 -3.524881
v -0.000001 77.602501 -12.179890
v 0.000000 72.859901 -5.075221
v 0.000000 75.985001 -3.524881
v -0.000001 77.602501 -12.179890
v 0.000000 70.506897 -9.787281
v 0.000000 72.859901 -5.075221
v 0.000000 64.806099 -2.246151
v 0.000000 64.275002 0.564600
v 0.000000 70.040001 -4.156611
v 0.000000 64.806099 -2.246151
v 0.000000 57.335102 -0.662245
v 0.000000 64.275002 0.564600
v -0.000001 92.611496 -12.027287
v -0.000001 89.898399 -13.199288
v 0.000000 89.294098 -6.778148
v 0.000001 34.382198 17.420006
v 0.000001 29.981400 13.113804
v 0.000001 27.747398 14.056804
v 0.000001 29.981400 13.113804
v 0.000000 27.161497 9.717093
v 0.000001 27.747398 14.056804
v 0.000001 29.981400 13.113804
v 0.000000 28.208300 5.819884
v 0.000000 27.161497 9.717093
v 0.000000 30.216396 6.393634
v 0.000000 34.360798 7.275615
v 0.000000 33.936600 3.515735
v 0.000000 33.356701 8.816805
v 0.000000 37.678200 9.338665
v 0.000000 34.360798 7.275615
v 0.000000 32.288597 -2.676466
v 0.000000 23.493103 -7.019257
v 0.000000 17.532900 -5.636767
v 0.000000 23.493103 -7.019257
v 0.000000 24.759701 -8.554338
v 0.000000 15.353900 -8.261357
v 0.000000 83.712296 -11.038489
v -0.000001 81.362305 -16.064888
v -0.000001 77.602501 -12.179890
v -0.000001 81.362305 -16.064888
v -0.000001 83.230103 -22.077089
v -0.000001 79.027702 -18.076088
v 0.000000 87.109001 3.250231
v 0.000000 80.059204 7.831060
v 0.000000 85.970596 8.883951
v 0.000000 87.109001 3.250231
v 0.000000 81.417297 0.631744
v 0.000000 80.059204 7.831060
v 0.000000 100.000000 -7.516697
v 0.000000 94.094696 -4.458738
v 0.000000 92.492401 0.585967
v 0.000000 94.094696 -4.458738
v 0.000000 90.624702 -0.704966
v 0.000000 92.492401 0.585967
v 0.000000 94.094696 -4.458738
v 0.000000 86.471100 -3.527928
v 0.000000 90.624702 -0.704966
v 0.000000 47.831699 7.205426
v 0.000000 57.899700 11.352907
v 0.000000 56.172401 9.418018
v 0.000000 86.773300 10.809711
v 0.000000 80.971703 9.903272
v 0.000001 74.840500 12.149410
v 0.000000 80.971703 9.903272
v 0.000000 80.059204 7.831060
v 0.000000 67.430595 10.141309
v 0.000001 27.747398 14.056804
v 0.000000 27.161497 9.717093
v 0.000000 22.992599 8.743553
v 0.000000 28.208300 5.819884
v 0.000000 30.216396 6.393634
v 0.000000 29.615200 2.951144
v 0.000000 16.153399 7.348863
v 0.000000 18.188997 10.879803
v 0.000000 20.001799 10.254202
v 0.000000 64.806099 -2.246151
v 0.000000 70.040001 -4.156611
v 0.000000 70.506897 -9.787281
v 0.000000 70.506897 -9.787281
v 0.000000 70.040001 -4.156611
v 0.000000 72.859901 -5.075221
v 0.000000 83.712296 -11.038489
v 0.000000 75.985001 -3.524881
v 0.000000 81.417297 0.631744
v 0.000000 29.615200 2.951144
v 0.000000 24.906200 3.781243
v 0.000000 28.208300 5.819884
v 0.000000 28.208300 5.819884
v 0.000000 24.906200 3.781243
v 0.000000 27.161497 9.717093
v -0.000001 85.882095 -14.569489
v 0.000000 83.712296 -11.038489
v -0.000001 86.370399 -11.642790
v -0.000001 86.370399 -11.642790
v 0.000000 83.712296 -11.038489
v 0.000000 87.817001 -7.950058
v -0.000001 86.370399 -11.642790
v 0.000000 87.817001 -7.950058
v -0.000001 89.898399 -13.199288
v -0.000001 89.898399 -13.199288
v 0.000000 87.817001 -7.950058
v 0.000000 89.294098 -6.778148
v 0.000000 15.353900 -8.261357
v 0.000000 17.532900 -5.636767
v 0.000000 23.493103 -7.019257
v 0.000000 18.188997 10.879803
v 0.000001 23.136101 14.810602
v 0.000000 20.001799 10.254202
v 0.000000 20.001799 10.254202
v 0.000001 23.136101 14.810602
v 0.000000 21.954998 11.056903
v 0.000000 33.356701 8.816805
v 0.000000 34.360798 7.275615
v 0.000000 30.216396 6.393634
v 0.000000 30.216396 6.393634
v 0.000000 33.936600 3.515735
v 0.000000 29.615200 2.951144
v 0.000000 87.109001 3.250231
v 0.000000 85.970596 8.883951
v 0.000000 90.817001 6.295982
v -0.000001 81.362305 -16.064888
v -0.000001 79.027702 -18.076088
v -0.000001 77.602501 -12.179890
v 0.000000 80.971703 9.903272
v 0.000000 67.430595 10.141309
v 0.000001 74.840500 12.149410
v 0.000001 74.123398 15.402710
v 0.000000 67.430595 10.141309
v 0.000000 57.899700 11.352907
v 0.000000 57.899700 11.352907
v 0.000000 67.430595 10.141309
v 0.000000 56.172401 9.418018
v -0.006511 -8.938866 2.111879
v -0.006511 -8.938866 -2.111880
v -0.006511 8.938869 2.111880
v -0.006511 8.938869 2.111880
v -0.006511 -8.938866 -2.111880
v -0.006511 8.938869 -2.111879
v -0.006511 76.589294 -0.827043
v -0.006511 81.417297 0.631744
v 0.628274 74.428497 3.326529
v -0.006510 92.419205 -16.846188
v -0.006510 92.611496 -12.027287
v -0.006510 89.898399 -13.199288
v -0.006510 92.611496 -12.027287
v -0.006510 92.419205 -16.846188
v -0.006510 95.928802 -18.726189
v -0.006510 77.602501 -12.179890
v -0.006511 70.506897 -9.787281
v -0.006510 75.402100 -14.838090
v -0.006510 74.739799 -20.575590
v -0.006510 75.402100 -14.838090
v -0.006511 70.506897 -9.787281
v -0.006511 64.806099 -2.246151
v -0.006511 67.400101 -8.053821
v -0.006511 70.506897 -9.787281
v -0.006511 70.506897 -9.787281
v -0.006511 67.400101 -8.053821
v -0.006510 67.488602 -15.765890
v -0.006511 69.896500 -2.136291
v -0.006511 64.275002 0.564600
v -0.006511 70.040001 -4.156611
v -0.006511 64.275002 0.564600
v -0.006511 69.896500 -2.136291
v -0.006511 72.139702 -1.596110
v -0.006511 32.288597 -2.676466
v -0.006511 23.493105 -7.019257
v -0.006511 34.959000 -4.632706
v -0.006511 86.471100 -3.527928
v -0.006511 83.712296 -11.038489
v -0.006511 87.817001 -7.950058
v -0.006511 75.985001 -3.524881
v -0.006511 81.417297 0.631744
v -0.006511 76.589294 -0.827043
v -0.006511 96.111900 6.378383
v -0.006511 90.817001 6.295982
v -0.006511 87.109001 3.250231
v -0.006511 21.955000 11.056903
v -0.006511 20.001799 10.254202
v -0.006511 22.992598 8.743553
v -0.006511 50.114399 9.680477
v -0.006511 41.578400 5.545215
v -0.006511 47.831699 7.205426
v -0.006511 90.624702 -0.704966
v -0.006511 87.109001 3.250231
v -0.006511 86.471100 -3.527928
v -0.006511 86.471100 -3.527928
v -0.006511 87.109001 3.250231
v -0.006511 81.417297 0.631744
v -0.006511 86.471100 -3.527928
v -0.006511 81.417297 0.631744
v -0.006511 83.712296 -11.038489
v -0.006511 83.712296 -11.038489
v -0.006511 75.985001 -3.524881
v -0.006510 77.602501 -12.179890
v -0.006510 77.602501 -12.179890
v -0.006511 75.985001 -3.524881
v -0.006511 72.859901 -5.075221
v -0.006510 77.602501 -12.179890
v -0.006511 72.859901 -5.075221
v -0.006511 70.506897 -9.787281
v -0.006511 64.806099 -2.246151
v -0.006511 70.040001 -4.156611
v -0.006511 64.275002 0.564600
v -0.006511 64.806099 -2.246151
v -0.006511 64.275002 0.564600
v -0.006511 57.335102 -0.662245
v -0.006510 92.611496 -12.027287
v -0.006511 89.294098 -6.778148
v -0.006510 89.898399 -13.199288
v -0.006512 34.382198 17.420006
v -0.006512 27.747398 14.056804
v -0.006512 29.981400 13.113804
v -0.006512 29.981400 13.113804
v -0.006512 27.747398 14.056804
v -0.006511 27.161497 9.717093
v -0.006512 29.981400 13.113804
v -0.006511 27.161497 9.717093
v -0.006511 28.208298 5.819884
v -0.006511 30.216396 6.393634
v -0.006511 33.936600 3.515735
v -0.006511 34.360798 7.275615
v -0.006511 33.356701 8.816805
v -0.006511 34.360798 7.275615
v -0.006511 37.678200 9.338665
v -0.006511 32.288597 -2.676466
v -0.006511 17.532898 -5.636767
v -0.006511 23.493105 -7.019257
v -0.006511 23.493105 -7.019257
v -0.006511 15.353901 -8.261357
v -0.006511 24.759699 -8.554338
v -0.006511 83.712296 -11.038489
v -0.006510 77.602501 -12.179890
v -0.006510 81.362305 -16.064888
v -0.006510 81.362305 -16.064888
v -0.006510 79.027702 -18.076088
v -0.006510 83.230103 -22.077089
v -0.006511 87.109001 3.250231
v -0.006511 85.970596 8.883951
v -0.006511 80.059204 7.831060
v -0.006511 87.109001 3.250231
v -0.006511 80.059204 7.831060
v -0.006511 81.417297 0.631744
v -0.006511 100.000000 -7.516697
v -0.006511 92.492401 0.585967
v -0.006511 94.094696 -4.458738
v -0.006511 94.094696 -4.458738
v -0.006511 92.492401 0.585967
v -0.006511 90.624702 -0.704966
v -0.006511 94.094696 -4.458738
v -0.006511 90.624702 -0.704966
v -0.006511 86.471100 -3.527928
v -0.006511 47.831699 7.205426
v -0.006511 56.172401 9.418018
v -0.006511 57.899700 11.352907
v -0.006511 86.773300 10.809711
v -0.006512 74.840500 12.149410
v -0.006511 80.971703 9.903272
v -0.006511 80.971703 9.903272
v -0.006511 67.430595 10.141309
v -0.006511 80.059204 7.831060
v -0.006512 27.747398 14.056804
v -0.006511 22.992598 8.743553
v -0.006511 27.161497 9.717093
v -0.006511 28.208298 5.819884
v -0.006511 29.615200 2.951144
v -0.006511 30.216396 6.393634
v -0.006511 16.153399 7.348863
v -0.006511 20.001799 10.254202
v -0.006511 18.188997 10.879803
v -0.006511 64.806099 -2.246151
v -0.006511 70.506897 -9.787281
v -0.006511 70.040001 -4.156611
v -0.006511 70.506897 -9.787281
v -0.006511 72.859901 -5.075221
v -0.006511 70.040001 -4.156611
v -0.006511 83.712296 -11.038489
v -0.006511 81.417297 0.631744
v -0.006511 75.985001 -3.524881
v -0.006511 29.615200 2.951144
v -0.006511 28.208298 5.819884
v -0.006511 24.906200 3.781243
v -0.006511 28.208298 5.819884
v -0.006511 27.161497 9.717093
v -0.006511 24.906200 3.781243
v -0.006510 85.882095 -14.569489
v -0.006510 86.370399 -11.642790
v -0.006511 83.712296 -11.038489
v -0.006510 86.370399 -11.642790
v -0.006511 87.817001 -7.950058
v -0.006511 83.712296 -11.038489
v -0.006510 86.370399 -11.642790
v -0.006510 89.898399 -13.199288
v -0.006511 87.817001 -7.950058
v -0.006510 89.898399 -13.199288
v -0.006511 89.294098 -6.778148
v -0.006511 87.817001 -7.950058
v -0.006511 15.353901 -8.261357
v -0.006511 23.493105 -7.019257
v -0.006511 17.532898 -5.636767
v -0.006511 18.188997 10.879803
v -0.006511 20.001799 10.254202
v -0.006512 23.136101 14.810602
v -0.006511 20.001799 10.254202
v -0.006511 21.955000 11.056903
v -0.006512 23.136101 14.810602
v -0.006511 33.356701 8.816805
v -0.006511 30.216396 6.393634
v -0.006511 34.360798 7.275615
v -0.006511 30.216396 6.393634
v -0.006511 29.615200 2.951144
v -0.006511 33.936600 3.515735
v -0.006511 87.109001 3.250231
v -0.006511 90.817001 6.295982
v -0.006511 85.970596 8.883951
v -0.006510 81.362305 -16.064888
v -0.006510 77.602501 -12.179890
v -0.006510 79.027702 -18.076088
v -0.006511 80.971703 9.903272
v -0.006512 74.840500 12.149410
v -0.006511 67.430595 10.141309
v -0.006512 74.123398 15.402710
v -0.006511 57.899700 11.352907
v -0.006511 67.430595 10.141309
v -0.006511 57.899700 11.352907
v -0.006511 56.172401 9.418018
v -0.006511 67.430595 10.141309
vt 0.749023 0.534180
vt 0.987305 0.973633
vt 0.749023 0.973633
vt 0.987305 0.534180
vt 0.337891 0.475098
vt 0.618164 0.475098
vt 0.337891 0.607422
vt 0.618164 0.607422
vt 0.786621 0.914062
vt 0.854004 0.914062
vt 0.854004 0.973633
vt 0.786621 0.855469
vt 0.328613 0.777344
vt 0.546387 0.777344
vt 0.328613 0.651367
vt 0.328613 0.902832
vt 0.591309 0.648438
vt 0.637695 0.709473
vt 0.525391 0.709473
vt 0.591309 0.770020
vt 0.591797 0.770020
vt 0.591797 0.648438
vt 0.590820 0.770020
vt 0.590820 0.770996
vt 0.590820 0.648926
vt 0.927246 0.914062
vt 0.927246 0.855469
vt 0.590820 0.648438
vt 0.282227 0.935547
vt 0.282227 0.980469
vt 0.310059 0.964844
vt 0.251953 0.908203
vt 0.685547 0.914062
vt 0.615234 0.914062
vt 0.615234 0.973633
vt 0.685547 0.855469
vt 0.544434 0.914062
vt 0.544434 0.855469
vt 0.359863 0.139160
vt 0.362793 0.087402
vt 0.423340 0.139160
vt 0.335938 0.087402
vt 0.364746 0.042480
vt 0.440918 0.087402
vt 0.418945 0.042480
vt 0.310059 0.955566
vt 0.885742 0.139160
vt 0.889648 0.139160
vt 0.892578 0.087402
vt 0.961914 0.087402
vt 0.948730 0.042480
vt 0.865234 0.087402
vt 0.894531 0.042480
vt 0.957031 0.139160
vt 0.356445 0.139160
vt 0.450684 0.122070
vt 0.980469 0.122070
vt 0.310059 0.516602
vt 0.282227 0.547852
vt 0.282227 0.503418
vt 0.251953 0.560059
vt 0.251953 0.741699
vt 0.282227 0.741699
vt 0.310059 0.525879
vt 0.310059 0.741699
vt 0.735352 0.855469
vt 0.735352 0.914062
vt 0.786621 0.973633
vt 0.734863 0.973633
vt 0.685547 0.973633
vt 0.093750 0.916504
vt 0.124512 0.776367
vt 0.124512 0.975586
vt 0.154785 0.756836
vt 0.154785 0.571289
vt 0.124512 0.571777
vt 0.093750 0.797852
vt 0.093750 0.638672
vt 0.154785 0.976074
vt 0.979980 0.855469
vt 0.979980 0.914062
vt 0.927246 0.973633
vt 0.979980 0.973633
vt 0.205078 0.948242
vt 0.173828 0.796387
vt 0.173828 0.878906
vt 0.205078 0.795410
vt 0.233398 0.909180
vt 0.233398 0.794922
vt 0.205078 0.583008
vt 0.173828 0.645020
vt 0.233398 0.604980
vt 0.013184 0.914551
vt 0.043945 0.774414
vt 0.043945 0.973633
vt 0.073730 0.754883
vt 0.073730 0.564941
vt 0.043945 0.569336
vt 0.013184 0.795410
vt 0.013184 0.636230
vt 0.073730 0.973633
vt 0.492188 0.855469
vt 0.492188 0.914062
vt 0.544434 0.973633
vt 0.492188 0.973633
vt 0.854004 0.855469
vt 0.615234 0.855469
vt 0.782227 0.207520
vt 0.722656 0.299316
vt 0.796875 0.354004
vt 0.749512 0.389160
vt 0.669434 0.257324
vt 0.647949 0.160156
vt 0.554199 0.255859
vt 0.669434 0.301270
vt 0.554199 0.308105
vt 0.534180 0.177734
vt 0.718262 0.324707
vt 0.292480 0.361328
vt 0.281738 0.421387
vt 0.111816 0.461426
vt 0.125000 0.367188
vt 0.055176 0.461426
vt 0.026367 0.367188
vt 0.144043 0.158203
vt 0.111816 0.272949
vt 0.103027 0.217285
vt 0.220215 0.168945
vt 0.175781 0.188965
vt 0.117676 0.481934
vt 0.196289 0.290039
vt 0.246094 0.307129
vt 0.307617 0.454590
vt 0.280762 0.297852
vt 0.055176 0.272949
vt 0.084473 0.207031
vt 0.025391 0.264160
vt 0.086914 0.553223
vt 0.025391 0.470703
vt 0.006348 0.367188
vt 0.913574 0.709961
vt 0.886719 0.635742
vt 0.915527 0.611816
vt 0.951172 0.748535
vt 0.756348 0.615234
vt 0.732910 0.669434
vt 0.686035 0.569336
vt 0.722656 0.786133
vt 0.616699 0.419434
vt 0.649902 0.549316
vt 0.649414 0.687988
vt 0.674316 0.410645
vt 0.675293 0.456055
vt 0.614746 0.355469
vt 0.698242 0.399414
vt 0.303223 0.461426
vt 0.181152 0.510254
vt 0.850586 0.438965
vt 0.864746 0.528809
vt 0.821289 0.591797
vt 0.741211 0.440918
vt 0.953125 0.236816
vt 0.857422 0.300781
vt 0.896484 0.238770
vt 0.165039 0.141602
vt 0.464355 0.169922
vt 0.439941 0.220215
vt 0.373535 0.253906
vt 0.894531 0.381348
vt 0.703613 0.473633
vt 0.541016 0.380371
vt 0.880371 0.504883
vt 0.296875 0.012207
vt 0.250000 0.099609
vt 0.226562 0.080566
vt 0.231445 0.259766
vt 0.252930 0.236816
vt 0.296875 0.218750
vt 0.286133 0.187500
vt 0.332031 0.176758
vt 0.194824 0.541504
vt 0.094727 0.535645
vt 0.796387 0.694336
vt 0.815918 0.816895
vt 0.771484 0.735352
vt 0.845215 0.186035
vt 0.994141 0.520020
vt 0.931641 0.457520
vt 0.914551 0.354980
vt 0.546875 0.135742
vt 0.853516 0.146484
vt 0.791992 0.165039
vt 0.727051 0.119141
vt 0.125000 0.145508
vt 0.844238 0.663574
vt 0.849609 0.604004
vt 0.177246 0.065430
vt 0.719238 0.053223
vn -1.0000 -0.0000 -0.0000
vn 1.0000 -0.0000 -0.0000
vn -0.7051 -0.2707 -0.6554
vn -0.7110 0.2697 0.6494
vn -0.6540 0.7249 0.2162
vn -0.6540 -0.7249 0.2162
vn -0.7888 0.4910 -0.3698
vn -0.7888 -0.4910 -0.3698
vn 0.6540 0.7249 0.2162
vn 0.6540 -0.7249 0.2162
vn 0.7888 0.4910 -0.3698
vn 0.7888 -0.4910 -0.3698
vn -0.7640 0.5294 -0.3687
vn -0.7640 -0.3687 0.5294
vn -0.8040 -0.5410 0.2469
vn -0.8040 0.2469 -0.5410
vn 0.7640 0.5294 -0.3687
vn 0.7640 -0.3687 0.5294
vn 0.8040 -0.5410 0.2469
vn 0.8040 0.2469 -0.5410
vn -0.6540 0.2162 0.7249
vn -0.6540 0.2162 -0.7249
vn -0.7888 -0.3698 0.4910
vn -0.7888 -0.3698 -0.4910
vn -0.7051 -0.6554 0.2707
vn -0.7110 0.6494 -0.2697
vn 0.8040 -0.5410 -0.2469
vn 0.8040 0.2469 0.5410
vn 0.7640 0.5294 0.3687
vn 0.7640 -0.3687 -0.5294
vn -0.8040 -0.5410 -0.2469
vn -0.8040 0.2469 0.5410
vn -0.7640 0.5294 0.3687
vn -0.7640 -0.3687 -0.5294
vn 0.7051 -0.6554 -0.2707
vn 0.7110 0.6494 0.2697
vn 0.7110 0.2697 -0.6494
vn 0.7051 -0.2707 0.6554
vn 0.6540 0.2162 0.7249
vn 0.6540 0.2162 -0.7249
vn 0.7888 -0.3698 0.4910
vn 0.7888 -0.3698 -0.4910
vn 0.7888 0.4910 0.3698
vn 0.7888 -0.4910 0.3698
vn 0.6540 0.7249 -0.2162
vn 0.6540 -0.7249 -0.2162
vn -0.7888 0.4910 0.3698
vn -0.7888 -0.4910 0.3698
vn -0.6540 0.7249 -0.2162
vn -0.6540 -0.7249 -0.2162
vn 0.5986 -0.8011 0.0023
vn 0.5995 0.8004 0.0023
vn 0.7051 0.2707 -0.6554
vn 0.7110 -0.2697 0.6494
vn -0.7640 -0.5294 -0.3687
vn -0.7640 0.3687 0.5294
vn -0.8040 0.5410 0.2469
vn -0.8040 -0.2469 -0.5410
vn 0.7640 -0.5294 -0.3687
vn 0.7640 0.3687 0.5294
vn 0.8040 0.5410 0.2469
vn 0.8040 -0.2469 -0.5410
vn -0.7051 0.6554 -0.2707
vn -0.7110 -0.6494 0.2697
vn -0.7394 -0.2616 0.6204
vn -0.7394 -0.2616 -0.6204
vn -0.6540 -0.2162 0.7249
vn -0.6540 -0.2162 -0.7249
vn -0.7888 0.3698 0.4910
vn -0.7888 0.3698 -0.4910
vn 0.8040 0.5410 -0.2469
vn 0.8040 -0.2469 0.5410
vn 0.7640 -0.5294 0.3687
vn 0.7640 0.3687 -0.5294
vn -0.8040 0.5410 -0.2469
vn -0.8040 -0.2469 0.5410
vn -0.7640 -0.5294 0.3687
vn -0.7640 0.3687 -0.5294
vn 0.7394 -0.2616 0.6204
vn 0.7394 -0.2616 -0.6204
vn 0.6540 -0.2162 0.7249
vn 0.6540 -0.2162 -0.7249
vn 0.7888 0.3698 0.4910
vn 0.7888 0.3698 -0.4910
vn 0.7051 0.6554 0.2707
vn 0.7110 -0.6494 -0.2697
vn -0.7110 -0.2697 -0.6494
vn -0.7051 0.2707 0.6554
vn -0.5995 0.8004 -0.0023
vn -0.5986 -0.8011 -0.0023
vn -0.6337 -0.5763 0.5160
vn -0.5995 0.0023 0.8004
vn 0.7394 0.2616 0.6204
vn 0.5978 0.6944 0.4006
vn 0.5978 0.6944 -0.4006
vn 0.5989 -0.8009 -0.0000
vn -0.5988 -0.0000 0.8009
vn -0.5978 -0.6944 0.4006
vn 0.5995 -0.0023 -0.8004
vn 0.6337 0.5763 -0.5160
vn -0.5988 -0.8009 -0.0000
vn -0.5995 0.0023 -0.8004
vn -0.5986 0.0023 0.8011
vn 0.5988 -0.0000 0.8009
vn 0.6337 -0.5763 0.5160
vn 0.8257 -0.4887 0.2819
vn -0.0000 -0.8918 -0.4524
vn -0.0000 -0.8918 0.4524
vn -0.8257 -0.4887 -0.2819
vn -0.5978 0.6944 0.4006
vn -0.5993 0.6930 0.4008
vn 0.5993 0.6930 0.4008
vn 0.5995 0.0023 0.8004
vn 0.5986 0.0023 -0.8011
vn -0.5986 -0.0023 0.8011
vn -0.5995 -0.0023 -0.8004
vn -0.5993 -0.6930 -0.4008
vn 0.5993 -0.6930 -0.4008
vn 0.5978 -0.6944 -0.4006
vn 0.8257 0.4887 0.2819
vn -0.0000 0.8918 -0.4524
vn -0.0000 0.8918 0.4524
vn -0.8257 0.4887 -0.2819
vn -0.6337 0.5763 -0.5160
vn -0.5988 -0.0000 -0.8009
vn 0.5988 -0.0000 -0.8009
vn 0.5986 -0.0023 -0.8011
vn 0.5995 -0.0023 0.8004
vn -0.5986 0.8011 0.0023
vn -0.5995 -0.8004 0.0023
vn -0.6046 -0.4158 0.6794
vn 0.6046 -0.4158 0.6794
vn 0.5550 -0.4157 0.7205
vn 0.5981 0.4005 -0.6942
vn 0.5985 0.4005 -0.6938
vn -0.5985 0.4005 -0.6938
vn -0.5985 -0.4005 -0.6938
vn -0.5981 -0.4005 -0.6942
vn -0.5989 -0.8009 -0.0000
vn 0.5986 0.8011 -0.0023
vn 0.5995 -0.8004 -0.0023
vn 0.6046 -0.4158 -0.6794
vn -0.6046 -0.4158 -0.6794
vn -0.5550 -0.4157 -0.7205
vn -0.5981 0.4005 0.6942
vn -0.5985 0.4005 0.6938
vn 0.5985 0.4005 0.6938
vn 0.5985 -0.4005 0.6938
vn 0.5981 -0.4005 0.6942
vn 0.5988 -0.8009 -0.0000
vn -0.7031 0.2726 0.6567
vn 0.7031 0.2726 0.6567
vn 0.7064 0.2699 0.6543
vn 0.7043 -0.2722 -0.6556
vn 0.7054 -0.2713 -0.6548
vn -0.7054 -0.2713 -0.6548
vn -0.7054 0.2713 -0.6548
vn -0.7043 0.2722 -0.6556
vn 0.5985 -0.4007 -0.6937
vn 0.5992 0.4004 0.6933
vn 0.5988 0.8009 -0.0000
vn -0.5988 0.8009 -0.0000
vn -0.6001 0.7999 -0.0010
vn -0.5991 -0.8007 -0.0010
vn -0.6006 -0.7996 -0.0000
vn 0.6006 -0.7996 -0.0000
vn 0.6001 0.7999 -0.0010
vn 0.5991 -0.8007 -0.0010
vn 0.5981 -0.4006 -0.6941
vn -0.5981 -0.4006 -0.6941
vn -0.5985 -0.4007 -0.6937
vn -0.5992 0.4004 0.6933
vn -0.5982 0.4005 0.6941
vn 0.5982 0.4005 0.6941
vn -0.7031 0.6567 -0.2726
vn 0.7031 0.6567 -0.2726
vn 0.7064 0.6543 -0.2699
vn 0.7043 -0.6556 0.2722
vn 0.7054 -0.6548 0.2713
vn -0.7054 -0.6548 0.2713
vn -0.7054 -0.6548 -0.2713
vn -0.7043 -0.6556 -0.2722
vn -0.6006 -0.0000 -0.7996
vn 0.6006 -0.0000 -0.7996
vn 0.5991 -0.0010 -0.8007
vn 0.6001 -0.0010 0.7999
vn -0.5992 0.6933 0.4004
vn -0.5985 -0.6937 -0.4007
vn -0.6001 -0.0010 0.7999
vn -0.5991 -0.0010 -0.8007
vn -0.5981 -0.6941 -0.4006
vn 0.5981 -0.6941 -0.4006
vn 0.5985 -0.6937 -0.4007
vn 0.5992 0.6933 0.4004
vn 0.5982 0.6941 0.4005
vn -0.5982 0.6941 0.4005
vn 0.5985 -0.6937 0.4007
vn 0.5992 0.6933 -0.4004
vn -0.6001 -0.0010 -0.7999
vn -0.5991 -0.0010 0.8007
vn -0.6006 -0.0000 0.7996
vn 0.6006 -0.0000 0.7996
vn 0.7031 0.2726 -0.6568
vn -0.7031 0.2726 -0.6567
vn -0.7064 0.2699 -0.6543
vn -0.7043 -0.2722 0.6556
vn -0.7054 -0.2713 0.6548
vn 0.7054 -0.2713 0.6548
vn 0.7054 0.2713 0.6548
vn 0.7043 0.2722 0.6556
vn 0.6001 -0.0010 -0.7999
vn 0.5991 -0.0010 0.8007
vn 0.5981 -0.6941 0.4006
vn -0.5981 -0.6941 0.4006
vn -0.5985 -0.6937 0.4007
vn -0.5992 0.6933 -0.4004
vn -0.5982 0.6941 -0.4005
vn 0.5982 0.6941 -0.4005
vn -0.5982 0.4005 -0.6941
vn 0.5982 0.4005 -0.6941
vn 0.5992 0.4004 -0.6933
vn 0.5985 -0.4007 0.6937
vn 0.5981 -0.4006 0.6941
vn -0.5981 -0.4006 0.6941
vn -0.5991 -0.8007 0.0010
vn -0.6001 0.7999 0.0010
vn -0.5985 -0.4007 0.6937
vn -0.5992 0.4004 -0.6933
vn 0.6001 0.7999 0.0010
vn 0.5991 -0.8007 0.0010
vn -0.5985 0.4007 -0.6937
vn -0.5992 -0.4004 0.6933
vn 0.6001 -0.7999 -0.0010
vn 0.5991 0.8007 -0.0010
vn 0.6006 0.7996 -0.0000
vn -0.6006 0.7996 -0.0000
vn -0.6001 -0.7999 -0.0010
vn -0.5991 0.8007 -0.0010
vn -0.5981 0.4006 -0.6941
vn 0.5981 0.4006 -0.6941
vn 0.5985 0.4007 -0.6937
vn 0.5992 -0.4004 0.6933
vn 0.5982 -0.4005 0.6941
vn -0.5982 -0.4005 0.6941
vn -0.7031 -0.6567 0.2726
vn 0.7031 -0.6567 0.2726
vn 0.7064 -0.6543 0.2699
vn 0.7043 0.6556 -0.2722
vn 0.7054 0.6548 -0.2713
vn -0.7054 0.6548 -0.2713
vn -0.7054 0.6548 0.2713
vn -0.7043 0.6556 0.2722
vn -0.5985 0.6937 0.4007
vn -0.5992 -0.6933 -0.4004
vn 0.6001 0.0010 -0.7999
vn 0.5991 0.0010 0.8007
vn -0.6001 0.0010 -0.7999
vn -0.5991 0.0010 0.8007
vn -0.5981 0.6941 0.4006
vn 0.5981 0.6941 0.4006
vn 0.5985 0.6937 0.4007
vn 0.5992 -0.6933 -0.4004
vn 0.5982 -0.6941 -0.4005
vn -0.5982 -0.6941 -0.4005
vn -0.5991 0.0010 -0.8007
vn -0.6001 0.0010 0.7999
vn 0.5992 -0.6933 0.4004
vn 0.5985 0.6937 -0.4007
vn 0.6001 0.0010 0.7999
vn 0.5991 0.0010 -0.8007
vn 0.5981 0.6941 -0.4006
vn -0.5981 0.6941 -0.4006
vn -0.5985 0.6937 -0.4007
vn -0.5992 -0.6933 0.4004
vn -0.5982 -0.6941 0.4005
vn 0.5982 -0.6941 0.4005
vn 0.5982 -0.4005 -0.6941
vn -0.5982 -0.4005 -0.6941
vn -0.5992 -0.4004 -0.6933
vn -0.5985 0.4007 0.6937
vn -0.5981 0.4006 0.6941
vn 0.5981 0.4006 0.6941
vn 0.5991 0.8007 0.0010
vn 0.6001 -0.7999 0.0010
vn 0.5985 0.4007 0.6937
vn 0.5992 -0.4004 -0.6933
vn -0.6001 -0.7999 0.0010
vn -0.5991 0.8007 0.0010
vn 0.5986 0.0023 0.8011
vn 0.5995 0.0023 -0.8004
vn 0.5993 0.6930 -0.4008
vn -0.5993 0.6930 -0.4008
vn -0.5978 0.6944 -0.4006
vn -0.8257 -0.4887 0.2819
vn 0.5985 -0.4005 -0.6938
vn 0.5981 -0.4005 -0.6942
vn 0.5550 0.4157 0.7205
vn 0.6046 0.4158 0.6794
vn -0.6046 0.4158 0.6794
vn -0.5995 0.8004 0.0023
vn -0.5986 -0.8011 0.0023
vn 0.8257 0.4887 -0.2819
vn 0.5978 -0.6944 0.4006
vn 0.5993 -0.6930 0.4008
vn -0.5993 -0.6930 0.4008
vn -0.5995 -0.0023 0.8004
vn -0.5986 -0.0023 -0.8011
vn -0.5985 -0.4005 0.6938
vn -0.5981 -0.4005 0.6942
vn -0.5550 0.4157 -0.7205
vn -0.6046 0.4158 -0.6794
vn 0.6046 0.4158 -0.6794
vn 0.5995 0.8004 -0.0023
vn 0.5986 -0.8011 -0.0023
vn -0.7039 0.2753 0.6548
vn 0.7039 0.2753 0.6548
vn 0.7110 0.2697 0.6494
vn 0.7051 -0.2707 -0.6554
vn 0.7043 -0.2714 -0.6559
vn -0.7043 -0.2714 -0.6559
vn -0.7039 0.6548 -0.2753
vn 0.7039 0.6548 -0.2753
vn 0.7110 0.6494 -0.2697
vn 0.7051 -0.6554 0.2707
vn 0.7043 -0.6559 0.2714
vn -0.7043 -0.6559 0.2714
vn 0.7039 0.6548 0.2753
vn -0.7039 0.6548 0.2753
vn -0.7110 0.6494 0.2697
vn -0.7051 -0.6554 -0.2707
vn -0.7043 -0.6559 -0.2714
vn 0.7043 -0.6559 -0.2714
vn 0.7043 -0.2714 0.6559
vn -0.7043 -0.2714 0.6559
vn -0.7051 -0.2707 0.6554
vn -0.7110 0.2697 -0.6494
vn -0.7039 0.2753 -0.6548
vn 0.7039 0.2753 -0.6548
vn 0.7039 -0.2753 0.6548
vn -0.7039 -0.2753 0.6548
vn -0.7110 -0.2697 0.6494
vn -0.7051 0.2707 -0.6554
vn -0.7043 0.2714 -0.6559
vn 0.7043 0.2714 -0.6559
vn -0.7039 -0.6548 0.2753
vn 0.7039 -0.6548 0.2753
vn 0.7110 -0.6494 0.2697
vn 0.7051 0.6554 -0.2707
vn 0.7043 0.6559 -0.2714
vn -0.7043 0.6559 -0.2714
vn -0.5978 -0.6944 -0.4006
vn -0.8257 0.4887 0.2819
vn -0.6337 0.5763 0.5160
vn 0.6337 0.5763 0.5160
vn 0.5986 -0.0023 0.8011
vn 0.7039 -0.6548 -0.2753
vn -0.7039 -0.6548 -0.2753
vn -0.7110 -0.6494 -0.2697
vn -0.7051 0.6554 0.2707
vn -0.7043 0.6559 0.2714
vn 0.7043 0.6559 0.2714
vn -0.7043 0.2714 0.6559
vn 0.7043 0.2714 0.6559
vn 0.7051 0.2707 0.6554
vn 0.7110 -0.2697 -0.6494
vn 0.7039 -0.2753 -0.6548
vn -0.7039 -0.2753 -0.6548
vn -0.5986 0.0023 -0.8011
vn 0.6337 -0.5763 -0.5160
vn 0.8257 -0.4887 -0.2819
vn 0.7054 -0.6548 -0.2713
vn 0.7043 -0.6556 -0.2722
vn 0.7064 0.6543 0.2699
vn 0.7031 0.6567 0.2726
vn -0.7031 0.6567 0.2726
vn 0.7054 0.2713 -0.6548
vn 0.7043 0.2722 -0.6556
vn 0.7064 -0.2699 0.6543
vn 0.7031 -0.2726 0.6567
vn -0.7031 -0.2726 0.6567
vn 0.7054 0.6548 0.2713
vn 0.7043 0.6556 0.2722
vn 0.7064 -0.6543 -0.2699
vn 0.7031 -0.6567 -0.2726
vn -0.7031 -0.6567 -0.2726
vn -0.7054 0.2713 0.6548
vn -0.7043 0.2722 0.6556
vn -0.7064 -0.2699 -0.6543
vn -0.7031 -0.2726 -0.6567
vn 0.7031 -0.2726 -0.6567
vn 0.5986 0.8011 0.0023
vn 0.5995 -0.8004 0.0023
vn 0.5989 0.8009 -0.0000
vn -0.5989 0.8009 -0.0000
vn -0.5986 0.8011 -0.0023
vn -0.5995 -0.8004 -0.0023
vn -0.5981 0.4005 -0.6942
vn -0.5550 -0.4157 0.7205
vn -0.5550 0.4157 0.7205
vn -0.7043 -0.2722 -0.6556
vn -0.7064 0.2699 0.6543
vn -0.7064 -0.2699 0.6543
vn -0.7394 0.2616 0.6204
vn -0.7394 0.2616 -0.6204
vn 0.7394 0.2616 -0.6204
vn -0.7043 -0.6556 0.2722
vn -0.7064 0.6543 -0.2699
vn -0.7064 0.6543 0.2699
vn 0.7043 -0.2722 0.6556
vn 0.7064 0.2699 -0.6543
vn 0.7064 -0.2699 -0.6543
vn 0.5981 0.4005 0.6942
vn 0.5550 -0.4157 -0.7205
vn 0.5550 0.4157 -0.7205
vn -0.7043 0.6556 -0.2722
vn -0.7064 -0.6543 0.2699
vn -0.7064 -0.6543 -0.2699
vn 0.9950 0.0979 0.0185
vn 0.9905 0.0397 -0.1314
vn -0.9956 0.0894 0.0286
vn -0.6337 -0.5763 -0.5160
vn 0.9956 0.0895 0.0291
vn 0.9731 0.0414 0.2265
vn -0.9733 0.0413 0.2259
vn -0.9750 0.0278 0.2205
vn -0.0000 -0.0112 -0.9999
vn 0.9749 0.0278 0.2211
vn 0.9521 -0.0196 0.3052
vn -0.9523 -0.0196 0.3046
vn -0.0000 -0.8871 -0.4615
vn -0.0000 -0.3794 -0.9252
vn 0.8716 0.1487 -0.4671
vn 0.9508 -0.0115 0.3097
vn 0.9293 -0.0000 -0.3693
vn 0.9689 -0.1172 -0.2179
vn -0.9951 0.0975 0.0184
vn -0.9906 0.0395 -0.1308
vn -0.9300 -0.1792 0.3210
vn -0.8906 -0.2740 0.3630
vn 0.9187 -0.0898 0.3847
vn -0.0000 0.1967 -0.9805
vn -0.8373 0.0949 0.5385
vn -0.0000 0.2968 -0.9549
vn -0.8716 0.1488 -0.4671
vn -0.9509 -0.0112 0.3092
vn -0.7572 -0.1676 0.6313
vn 0.7572 -0.1676 0.6313
vn 0.7648 -0.0835 0.6389
vn 0.6952 0.0086 0.7188
vn 0.8373 0.0949 0.5385
vn 0.8393 0.5083 -0.1931
vn -0.8393 0.5083 -0.1931
vn -0.9187 -0.0898 0.3847
vn -0.9523 0.1375 0.2723
vn 0.9523 0.1375 0.2723
vn 0.9300 -0.1792 0.3210
vn 0.9293 -0.0000 0.3693
vn 0.9226 -0.0000 0.3857
vn 0.7715 -0.2875 0.5676
vn -0.7715 -0.2875 0.5676
vn -0.8642 -0.3661 0.3452
vn -0.9689 -0.1172 0.2179
vn -0.9689 -0.1172 -0.2179
vn -0.9293 -0.0000 -0.3693
vn -0.9578 -0.0000 -0.2875
vn -0.6296 0.5978 -0.4962
vn 0.6296 0.5978 -0.4962
vn 0.6224 0.0961 -0.7768
vn 0.9242 0.0445 -0.3793
vn 0.9079 0.0351 -0.4178
vn -0.8229 -0.3262 -0.4653
vn -0.8643 -0.3659 -0.3452
vn -0.6542 -0.7130 -0.2521
vn -0.6546 -0.7134 0.2502
vn 0.6546 -0.7134 0.2502
vn 0.8642 -0.3661 0.3452
vn 0.9689 -0.1172 0.2179
vn 0.8906 -0.2740 0.3630
vn 0.8706 0.1365 0.4726
vn -0.8706 0.1365 0.4726
vn -0.9226 -0.0000 0.3857
vn -0.9293 -0.0000 0.3693
vn -0.7648 -0.0835 0.6389
vn -0.6952 0.0086 0.7188
vn -0.9079 0.0351 -0.4178
vn -0.9242 0.0445 -0.3793
vn -0.6224 0.0961 -0.7768
vn 0.9578 -0.0000 -0.2875
vn 0.8229 -0.3262 -0.4653
vn 0.8643 -0.3659 -0.3452
vn 0.6542 -0.7130 -0.2521
vn 0.9906 0.0395 -0.1308
o base
usemtl Brush.054
f 1/1/1 2/2/1 3/3/1
f 4/1/1 5/4/1 6/2/1
f 7/1/2 8/3/2 9/2/2
f 10/1/2 11/2/2 12/4/2
usemtl Brush.055
f 13/5/1 14/6/1 15/7/1
f 16/6/1 17/8/1 18/7/1
f 19/9/3 20/10/3 21/11/3
f 22/10/4 23/9/4 24/12/4
f 25/13/5 26/14/5 27/15/5
f 28/14/6 29/13/6 30/16/6
f 31/17/7 32/18/7 33/19/7
f 34/18/8 35/20/8 36/19/8
f 37/14/9 38/13/9 39/16/9
f 40/13/10 41/14/10 42/15/10
f 43/18/11 44/21/11 45/19/11
f 46/22/12 47/18/12 48/19/12
f 49/13/13 50/14/13 51/15/13
f 52/16/14 53/14/14 54/13/14
f 55/18/15 56/19/15 57/23/15
f 58/17/16 59/19/16 60/18/16
f 61/14/17 62/13/17 63/16/17
f 64/14/18 65/15/18 66/13/18
f 67/19/19 68/18/19 69/17/19
f 70/19/20 71/21/20 72/18/20
f 73/14/21 74/13/21 75/16/21
f 76/13/22 77/14/22 78/15/22
f 79/18/23 80/24/23 81/19/23
f 82/25/24 83/18/24 84/19/24
f 85/26/25 86/10/25 87/11/25
f 88/10/26 89/26/26 90/27/26
f 91/18/27 92/19/27 93/17/27
f 94/21/28 95/19/28 96/18/28
f 97/13/29 98/14/29 99/16/29
f 100/15/30 101/14/30 102/13/30
f 103/19/31 104/18/31 105/23/31
f 106/19/32 107/17/32 108/18/32
f 109/14/33 110/13/33 111/15/33
f 112/14/34 113/16/34 114/13/34
f 115/26/35 116/10/35 117/11/35
f 118/26/36 119/27/36 120/10/36
f 121/9/37 122/12/37 123/10/37
f 124/9/38 125/10/38 126/11/38
f 127/13/39 128/14/39 129/15/39
f 130/14/40 131/13/40 132/16/40
f 133/28/41 134/18/41 135/19/41
f 136/18/42 137/23/42 138/19/42
f 139/21/43 140/18/43 141/19/43
f 142/18/44 143/22/44 144/19/44
f 145/13/45 146/14/45 147/16/45
f 148/14/46 149/13/46 150/15/46
f 151/18/47 152/17/47 153/19/47
f 154/20/48 155/18/48 156/19/48
f 157/14/49 158/13/49 159/15/49
f 160/13/50 161/14/50 162/16/50
f 163/29/51 164/30/51 165/31/51
f 166/30/52 167/29/52 168/32/52
f 169/33/53 170/34/53 171/35/53
f 172/34/54 173/33/54 174/36/54
f 175/14/55 176/13/55 177/16/55
f 178/14/56 179/15/56 180/13/56
f 181/19/57 182/18/57 183/28/57
f 184/19/58 185/20/58 186/18/58
f 187/13/59 188/14/59 189/15/59
f 190/16/60 191/14/60 192/13/60
f 193/18/61 194/19/61 195/20/61
f 196/22/62 197/19/62 198/18/62
f 199/37/63 200/34/63 201/35/63
f 202/37/64 203/38/64 204/34/64
f 205/18/65 206/19/65 207/23/65
f 208/19/66 209/18/66 210/28/66
f 211/13/67 212/14/67 213/15/67
f 214/14/68 215/13/68 216/16/68
f 217/28/69 218/18/69 219/19/69
f 220/18/70 221/23/70 222/19/70
f 223/19/71 224/18/71 225/20/71
f 226/19/72 227/22/72 228/18/72
f 229/14/73 230/13/73 231/15/73
f 232/14/74 233/16/74 234/13/74
f 235/18/75 236/19/75 237/28/75
f 238/20/76 239/19/76 240/18/76
f 241/13/77 242/14/77 243/16/77
f 244/15/78 245/14/78 246/13/78
f 247/19/79 248/18/79 249/17/79
f 250/18/80 251/19/80 252/20/80
f 253/14/81 254/13/81 255/16/81
f 256/13/82 257/14/82 258/15/82
f 259/18/83 260/20/83 261/19/83
f 262/17/84 263/18/84 264/19/84
f 265/37/85 266/34/85 267/35/85
f 268/34/86 269/37/86 270/38/86
f 271/33/87 272/36/87 273/34/87
f 274/33/88 275/34/88 276/35/88
f 277/30/89 278/29/89 279/32/89
f 280/29/90 281/30/90 282/31/90
f 283/39/91 284/40/91 285/41/91
f 286/42/92 287/40/92 288/43/92
f 289/19/93 290/18/93 291/20/93
f 292/44/94 293/40/94 294/45/94
f 295/44/95 296/45/95 297/40/95
f 298/31/96 299/46/96 300/29/96
f 301/47/97 302/48/97 303/49/97
f 304/50/98 305/49/98 306/51/98
f 307/49/99 308/52/99 309/53/99
f 310/49/100 311/48/100 312/54/100
f 313/31/101 314/46/101 315/29/101
f 316/43/102 317/40/102 318/42/102
f 319/40/103 320/55/103 321/42/103
f 322/40/97 323/39/97 324/55/97
f 325/39/104 326/40/104 327/55/104
f 328/39/105 329/41/105 330/40/105
f 331/41/106 332/44/106 333/40/106
f 334/41/107 335/56/107 336/44/107
f 337/56/108 338/41/108 339/44/108
f 340/56/108 341/44/108 342/41/108
f 343/44/109 344/40/109 345/41/109
f 346/44/110 347/45/110 348/40/110
f 349/45/111 350/43/111 351/40/111
f 352/45/112 353/40/112 354/43/112
f 355/40/113 356/42/113 357/43/113
f 358/40/114 359/55/114 360/42/114
f 361/47/115 362/49/115 363/52/115
f 364/49/116 365/53/116 366/52/116
f 367/49/117 368/51/117 369/53/117
f 370/51/118 371/49/118 372/53/118
f 373/51/119 374/50/119 375/49/119
f 376/50/120 377/54/120 378/49/120
f 379/50/121 380/57/121 381/54/121
f 382/57/121 383/50/121 384/54/121
f 385/57/122 386/54/122 387/50/122
f 388/54/123 389/49/123 390/50/123
f 391/54/124 392/48/124 393/49/124
f 394/48/125 395/47/125 396/49/125
f 397/48/126 398/49/126 399/47/126
f 400/49/127 401/52/127 402/47/127
f 403/49/128 404/53/128 405/52/128
f 406/58/129 407/59/129 408/60/129
f 409/59/130 410/61/130 411/60/130
f 412/59/131 413/62/131 414/61/131
f 415/62/132 416/59/132 417/61/132
f 418/62/133 419/63/133 420/59/133
f 421/63/134 422/64/134 423/59/134
f 424/63/135 425/65/135 426/64/135
f 427/65/136 428/63/136 429/64/136
f 430/65/137 431/46/137 432/63/137
f 433/46/138 434/29/138 435/63/138
f 436/46/139 437/31/139 438/29/139
f 439/58/140 440/59/140 441/60/140
f 442/59/141 443/61/141 444/60/141
f 445/59/142 446/62/142 447/61/142
f 448/62/143 449/59/143 450/61/143
f 451/62/144 452/63/144 453/59/144
f 454/63/145 455/64/145 456/59/145
f 457/63/146 458/65/146 459/64/146
f 460/65/147 461/63/147 462/64/147
f 463/65/148 464/46/148 465/63/148
f 466/46/149 467/29/149 468/63/149
f 469/46/150 470/31/150 471/29/150
f 472/9/151 473/66/151 474/12/151
f 475/66/152 476/9/152 477/12/152
f 478/66/153 479/67/153 480/9/153
f 481/67/154 482/68/154 483/9/154
f 484/67/155 485/69/155 486/68/155
f 487/69/156 488/67/156 489/68/156
f 490/69/157 491/70/157 492/67/157
f 493/70/158 494/33/158 495/67/158
f 496/71/159 497/72/159 498/73/159
f 499/72/160 500/74/160 501/73/160
f 502/72/161 503/75/161 504/74/161
f 505/75/162 506/72/162 507/74/162
f 508/75/163 509/76/163 510/72/163
f 511/76/164 512/77/164 513/72/164
f 514/76/165 515/78/165 516/77/165
f 517/78/166 518/76/166 519/77/166
f 520/75/167 521/72/167 522/76/167
f 523/72/168 524/77/168 525/76/168
f 526/72/169 527/71/169 528/77/169
f 529/71/170 530/72/170 531/77/170
f 532/71/171 533/73/171 534/72/171
f 535/73/172 536/74/172 537/72/172
f 538/73/173 539/79/173 540/74/173
f 541/79/174 542/73/174 543/74/174
f 544/26/175 545/80/175 546/27/175
f 547/80/176 548/26/176 549/27/176
f 550/80/177 551/81/177 552/26/177
f 553/81/178 554/82/178 555/26/178
f 556/81/179 557/83/179 558/82/179
f 559/83/180 560/81/180 561/82/180
f 562/83/181 563/82/181 564/81/181
f 565/82/182 566/26/182 567/81/182
f 568/84/183 569/85/183 570/86/183
f 571/85/184 572/84/184 573/86/184
f 574/85/185 575/87/185 576/84/185
f 577/87/186 578/88/186 579/84/186
f 580/87/104 581/89/104 582/88/104
f 583/89/97 584/87/97 585/88/97
f 586/89/187 587/90/187 588/87/187
f 589/90/188 590/91/188 591/87/188
f 592/88/189 593/87/189 594/84/189
f 595/87/190 596/85/190 597/84/190
f 598/87/191 599/91/191 600/85/191
f 601/91/192 602/87/192 603/85/192
f 604/91/193 605/90/193 606/87/193
f 607/90/194 608/89/194 609/87/194
f 610/90/195 611/92/195 612/89/195
f 613/92/196 614/90/196 615/89/196
f 616/91/197 617/87/197 618/90/197
f 619/87/198 620/89/198 621/90/198
f 622/87/126 623/88/126 624/89/126
f 625/88/125 626/87/125 627/89/125
f 628/88/199 629/84/199 630/87/199
f 631/84/200 632/85/200 633/87/200
f 634/84/201 635/86/201 636/85/201
f 637/86/202 638/84/202 639/85/202
f 640/9/203 641/66/203 642/12/203
f 643/66/204 644/9/204 645/12/204
f 646/66/205 647/67/205 648/9/205
f 649/67/206 650/68/206 651/9/206
f 652/67/207 653/69/207 654/68/207
f 655/69/208 656/67/208 657/68/208
f 658/69/209 659/70/209 660/67/209
f 661/70/210 662/33/210 663/67/210
f 664/88/211 665/87/211 666/84/211
f 667/87/212 668/85/212 669/84/212
f 670/87/213 671/91/213 672/85/213
f 673/91/214 674/87/214 675/85/214
f 676/91/215 677/90/215 678/87/215
f 679/90/216 680/89/216 681/87/216
f 682/90/217 683/92/217 684/89/217
f 685/92/218 686/90/218 687/89/218
f 688/73/219 689/74/219 690/79/219
f 691/74/220 692/73/220 693/79/220
f 694/74/221 695/72/221 696/73/221
f 697/72/222 698/71/222 699/73/222
f 700/72/223 701/77/223 702/71/223
f 703/77/224 704/72/224 705/71/224
f 706/77/225 707/76/225 708/72/225
f 709/76/226 710/75/226 711/72/226
f 712/71/227 713/72/227 714/73/227
f 715/72/228 716/74/228 717/73/228
f 718/72/162 719/75/162 720/74/162
f 721/75/161 722/72/161 723/74/161
f 724/75/229 725/76/229 726/72/229
f 727/76/230 728/77/230 729/72/230
f 730/76/166 731/78/166 732/77/166
f 733/78/165 734/76/165 735/77/165
f 736/93/231 737/94/231 738/95/231
f 739/94/232 740/96/232 741/95/232
f 742/94/101 743/97/101 744/96/101
f 745/97/150 746/94/150 747/96/150
f 748/97/233 749/98/233 750/94/233
f 751/98/234 752/99/234 753/94/234
f 754/98/235 755/100/235 756/99/235
f 757/100/236 758/98/236 759/99/236
f 760/97/237 761/94/237 762/98/237
f 763/94/238 764/99/238 765/98/238
f 766/94/239 767/93/239 768/99/239
f 769/93/240 770/94/240 771/99/240
f 772/93/241 773/95/241 774/94/241
f 775/95/242 776/96/242 777/94/242
f 778/95/243 779/101/243 780/96/243
f 781/101/244 782/95/244 783/96/244
f 784/37/245 785/102/245 786/38/245
f 787/102/246 788/37/246 789/38/246
f 790/102/247 791/103/247 792/37/247
f 793/103/248 794/104/248 795/37/248
f 796/103/249 797/105/249 798/104/249
f 799/105/250 800/103/250 801/104/250
f 802/105/251 803/104/251 804/103/251
f 805/104/252 806/37/252 807/103/252
f 808/91/253 809/87/253 810/90/253
f 811/87/254 812/89/254 813/90/254
f 814/87/125 815/88/125 816/89/125
f 817/88/126 818/87/126 819/89/126
f 820/88/255 821/84/255 822/87/255
f 823/84/256 824/85/256 825/87/256
f 826/84/202 827/86/202 828/85/202
f 829/86/201 830/84/201 831/85/201
f 832/88/257 833/87/257 834/84/257
f 835/87/258 836/85/258 837/84/258
f 838/87/259 839/91/259 840/85/259
f 841/91/260 842/87/260 843/85/260
f 844/91/261 845/90/261 846/87/261
f 847/90/262 848/89/262 849/87/262
f 850/90/263 851/92/263 852/89/263
f 853/92/264 854/90/264 855/89/264
f 856/84/184 857/85/184 858/86/184
f 859/85/183 860/84/183 861/86/183
f 862/85/265 863/87/265 864/84/265
f 865/87/266 866/88/266 867/84/266
f 868/87/97 869/89/97 870/88/97
f 871/89/104 872/87/104 873/88/104
f 874/89/267 875/90/267 876/87/267
f 877/90/268 878/91/268 879/87/268
f 880/88/269 881/87/269 882/84/269
f 883/87/270 884/85/270 885/84/270
f 886/87/271 887/91/271 888/85/271
f 889/91/272 890/87/272 891/85/272
f 892/91/273 893/90/273 894/87/273
f 895/90/274 896/89/274 897/87/274
f 898/90/275 899/92/275 900/89/275
f 901/92/276 902/90/276 903/89/276
f 904/95/277 905/96/277 906/101/277
f 907/96/278 908/95/278 909/101/278
f 910/96/279 911/94/279 912/95/279
f 913/94/280 914/93/280 915/95/280
f 916/94/281 917/99/281 918/93/281
f 919/99/282 920/94/282 921/93/282
f 922/99/283 923/98/283 924/94/283
f 925/98/284 926/97/284 927/94/284
f 928/93/285 929/94/285 930/95/285
f 931/94/286 932/96/286 933/95/286
f 934/94/150 935/97/150 936/96/150
f 937/97/101 938/94/101 939/96/101
f 940/97/287 941/98/287 942/94/287
f 943/98/288 944/99/288 945/94/288
f 946/98/236 947/100/236 948/99/236
f 949/100/235 950/98/235 951/99/235
f 952/55/289 953/40/289 954/42/289
f 955/40/290 956/43/290 957/42/290
f 958/40/291 959/45/291 960/43/291
f 961/45/292 962/40/292 963/43/292
f 964/45/293 965/44/293 966/40/293
f 967/44/294 968/41/294 969/40/294
f 970/44/107 971/56/107 972/41/107
f 973/65/295 974/63/295 975/46/295
f 976/63/296 977/29/296 978/46/296
f 979/63/297 980/62/297 981/29/297
f 982/62/298 983/32/298 984/29/298
f 985/62/299 986/29/299 987/32/299
f 988/29/300 989/30/300 990/32/300
f 991/29/301 992/31/301 993/30/301
f 994/57/122 995/50/122 996/54/122
f 997/50/302 998/49/302 999/54/302
f 1000/50/303 1001/51/303 1002/49/303
f 1003/51/304 1004/53/304 1005/49/304
f 1006/51/305 1007/49/305 1008/53/305
f 1009/49/306 1010/52/306 1011/53/306
f 1012/49/307 1013/47/307 1014/52/307
f 1015/65/308 1016/63/308 1017/46/308
f 1018/63/309 1019/29/309 1020/46/309
f 1021/63/310 1022/62/310 1023/29/310
f 1024/62/311 1025/32/311 1026/29/311
f 1027/62/312 1028/29/312 1029/32/312
f 1030/29/313 1031/30/313 1032/32/313
f 1033/29/314 1034/31/314 1035/30/314
f 1036/10/315 1037/12/315 1038/106/315
f 1039/12/316 1040/10/316 1041/106/316
f 1042/12/317 1043/9/317 1044/10/317
f 1045/9/318 1046/11/318 1047/10/318
f 1048/9/319 1049/68/319 1050/11/319
f 1051/68/320 1052/9/320 1053/11/320
f 1054/10/321 1055/27/321 1056/106/321
f 1057/27/322 1058/10/322 1059/106/322
f 1060/27/323 1061/26/323 1062/10/323
f 1063/26/324 1064/11/324 1065/10/324
f 1066/26/325 1067/82/325 1068/11/325
f 1069/82/326 1070/26/326 1071/11/326
f 1072/10/327 1073/27/327 1074/106/327
f 1075/27/328 1076/10/328 1077/106/328
f 1078/27/329 1079/26/329 1080/10/329
f 1081/26/330 1082/11/330 1083/10/330
f 1084/26/331 1085/82/331 1086/11/331
f 1087/82/332 1088/26/332 1089/11/332
f 1090/9/333 1091/11/333 1092/68/333
f 1093/11/334 1094/9/334 1095/68/334
f 1096/11/335 1097/10/335 1098/9/335
f 1099/10/336 1100/12/336 1101/9/336
f 1102/10/337 1103/106/337 1104/12/337
f 1105/106/338 1106/10/338 1107/12/338
f 1108/34/339 1109/36/339 1110/107/339
f 1111/36/340 1112/34/340 1113/107/340
f 1114/36/341 1115/33/341 1116/34/341
f 1117/33/342 1118/35/342 1119/34/342
f 1120/33/343 1121/70/343 1122/35/343
f 1123/70/344 1124/33/344 1125/35/344
f 1126/34/345 1127/38/345 1128/107/345
f 1129/38/346 1130/34/346 1131/107/346
f 1132/38/347 1133/37/347 1134/34/347
f 1135/37/348 1136/35/348 1137/34/348
f 1138/37/349 1139/104/349 1140/35/349
f 1141/104/350 1142/37/350 1143/35/350
f 1144/51/351 1145/49/351 1146/50/351
f 1147/49/352 1148/54/352 1149/50/352
f 1150/49/353 1151/48/353 1152/54/353
f 1153/48/354 1154/49/354 1155/54/354
f 1156/48/104 1157/47/104 1158/49/104
f 1159/47/355 1160/52/355 1161/49/355
f 1162/34/356 1163/38/356 1164/107/356
f 1165/38/357 1166/34/357 1167/107/357
f 1168/38/358 1169/37/358 1170/34/358
f 1171/37/359 1172/35/359 1173/34/359
f 1174/37/360 1175/104/360 1176/35/360
f 1177/104/361 1178/37/361 1179/35/361
f 1180/33/362 1181/35/362 1182/70/362
f 1183/35/363 1184/33/363 1185/70/363
f 1186/35/364 1187/34/364 1188/33/364
f 1189/34/365 1190/36/365 1191/33/365
f 1192/34/366 1193/107/366 1194/36/366
f 1195/107/367 1196/34/367 1197/36/367
f 1198/42/368 1199/55/368 1200/40/368
f 1201/55/125 1202/39/125 1203/40/125
f 1204/55/126 1205/40/126 1206/39/126
f 1207/40/369 1208/41/369 1209/39/369
f 1210/40/370 1211/44/370 1212/41/370
f 1213/83/371 1214/81/371 1215/82/371
f 1216/81/372 1217/26/372 1218/82/372
f 1219/81/373 1220/80/373 1221/26/373
f 1222/80/374 1223/27/374 1224/26/374
f 1225/80/375 1226/26/375 1227/27/375
f 1228/69/376 1229/67/376 1230/70/376
f 1231/67/377 1232/33/377 1233/70/377
f 1234/67/378 1235/66/378 1236/33/378
f 1237/66/379 1238/36/379 1239/33/379
f 1240/66/380 1241/33/380 1242/36/380
f 1243/105/381 1244/103/381 1245/104/381
f 1246/103/382 1247/37/382 1248/104/382
f 1249/103/383 1250/102/383 1251/37/383
f 1252/102/384 1253/38/384 1254/37/384
f 1255/102/385 1256/37/385 1257/38/385
f 1258/69/386 1259/67/386 1260/70/386
f 1261/67/387 1262/33/387 1263/70/387
f 1264/67/388 1265/66/388 1266/33/388
f 1267/66/389 1268/36/389 1269/33/389
f 1270/66/390 1271/33/390 1272/36/390
f 1273/59/162 1274/58/162 1275/64/162
f 1276/58/161 1277/59/161 1278/64/161
f 1279/58/391 1280/60/391 1281/59/391
f 1282/60/392 1283/61/392 1284/59/392
f 1285/59/393 1286/58/393 1287/64/393
f 1288/58/394 1289/59/394 1290/64/394
f 1291/58/395 1292/60/395 1293/59/395
f 1294/60/396 1295/61/396 1296/59/396
f 1297/64/397 1298/63/397 1299/59/397
f 1300/63/398 1301/62/398 1302/59/398
f 1303/63/399 1304/29/399 1305/62/399
f 1306/68/400 1307/67/400 1308/9/400
f 1309/67/401 1310/66/401 1311/9/401
f 1312/67/402 1313/33/402 1314/66/402
f 1315/20/403 1316/18/403 1317/19/403
f 1318/18/404 1319/17/404 1320/19/404
f 1321/18/405 1322/19/405 1323/17/405
f 1324/82/406 1325/81/406 1326/26/406
f 1327/81/407 1328/80/407 1329/26/407
f 1330/81/408 1331/26/408 1332/80/408
f 1333/68/409 1334/67/409 1335/9/409
f 1336/67/410 1337/66/410 1338/9/410
f 1339/67/411 1340/33/411 1341/66/411
f 1342/64/412 1343/63/412 1344/59/412
f 1345/63/413 1346/62/413 1347/59/413
f 1348/63/414 1349/29/414 1350/62/414
f 1351/104/415 1352/103/415 1353/37/415
f 1354/103/416 1355/102/416 1356/37/416
f 1357/103/417 1358/37/417 1359/102/417
f 1360/108/418 1361/109/418 1362/110/418
f 1363/109/419 1364/111/419 1365/110/419
f 1366/109/420 1367/112/420 1368/108/420
f 1369/39/421 1370/41/421 1371/40/421
f 1372/109/422 1373/108/422 1374/112/422
f 1375/108/423 1376/113/423 1377/112/423
f 1378/108/424 1379/112/424 1380/113/424
f 1381/112/425 1382/114/425 1383/113/425
f 1384/112/426 1385/115/426 1386/114/426
f 1387/115/426 1388/116/426 1389/114/426
f 1390/112/427 1391/113/427 1392/114/427
f 1393/113/428 1394/117/428 1395/114/428
f 1396/113/429 1397/114/429 1398/117/429
f 1399/111/430 1400/118/430 1401/109/430
f 1402/118/431 1403/112/431 1404/109/431
f 1405/118/431 1406/115/431 1407/112/431
f 1408/119/432 1409/120/432 1410/114/432
f 1411/114/433 1412/117/433 1413/119/433
f 1414/121/434 1415/122/434 1416/123/434
f 1417/122/435 1418/124/435 1419/123/435
f 1420/109/436 1421/108/436 1422/110/436
f 1423/111/437 1424/109/437 1425/110/437
f 1426/125/438 1427/122/438 1428/126/438
f 1429/125/439 1430/126/439 1431/127/439
f 1432/128/440 1433/129/440 1434/122/440
f 1435/120/441 1436/120/441 1437/130/441
f 1438/131/442 1439/132/442 1440/122/442
f 1441/133/443 1442/120/443 1443/116/443
f 1444/120/443 1445/114/443 1446/116/443
f 1447/120/444 1448/119/444 1449/114/444
f 1450/119/445 1451/117/445 1452/114/445
f 1453/119/446 1454/134/446 1455/117/446
f 1456/134/447 1457/119/447 1458/117/447
f 1459/134/448 1460/132/448 1461/119/448
f 1462/132/449 1463/122/449 1464/119/449
f 1465/132/450 1466/131/450 1467/122/450
f 1468/131/451 1469/128/451 1470/122/451
f 1471/131/452 1472/122/452 1473/128/452
f 1474/122/453 1475/129/453 1476/128/453
f 1477/122/454 1478/125/454 1479/129/454
f 1480/125/455 1481/122/455 1482/129/455
f 1483/125/456 1484/126/456 1485/122/456
f 1486/126/457 1487/135/457 1488/122/457
f 1489/126/458 1490/136/458 1491/135/458
f 1492/136/459 1493/137/459 1494/135/459
f 1495/136/460 1496/135/460 1497/137/460
f 1498/135/461 1499/124/461 1500/137/461
f 1501/135/462 1502/122/462 1503/124/462
f 1504/122/463 1505/123/463 1506/124/463
f 1507/122/464 1508/121/464 1509/123/464
f 1510/121/465 1511/138/465 1512/123/465
f 1513/121/466 1514/130/466 1515/138/466
f 1516/130/467 1517/121/467 1518/138/467
f 1519/130/468 1520/120/468 1521/121/468
f 1522/120/469 1523/122/469 1524/121/469
f 1525/120/470 1526/119/470 1527/122/470
f 1528/138/471 1529/139/471 1530/123/471
f 1531/139/472 1532/124/472 1533/123/472
f 1534/139/473 1535/140/473 1536/124/473
f 1537/140/474 1538/137/474 1539/124/474
f 1540/140/475 1541/124/475 1542/137/475
f 1543/124/476 1544/135/476 1545/137/476
f 1546/124/477 1547/122/477 1548/135/477
f 1549/125/478 1550/127/478 1551/126/478
f 1552/127/479 1553/136/479 1554/126/479
f 1555/127/480 1556/126/480 1557/136/480
f 1558/126/481 1559/135/481 1560/136/481
f 1561/126/482 1562/122/482 1563/135/482
f 1564/134/483 1565/119/483 1566/132/483
f 1567/119/484 1568/122/484 1569/132/484
f 1570/119/485 1571/120/485 1572/122/485
f 1573/120/486 1574/121/486 1575/122/486
f 1576/120/487 1577/130/487 1578/121/487
f 1579/121/488 1580/123/488 1581/138/488
f 1582/123/489 1583/139/489 1584/138/489
f 1585/123/490 1586/124/490 1587/139/490
f 1588/124/491 1589/140/491 1590/139/491
f 1591/141/1 1592/142/1 1593/143/1
f 1594/143/1 1595/144/1 1596/141/1
f 1597/145/1 1598/146/1 1599/147/1
f 1600/148/1 1601/147/1 1602/146/1
f 1603/149/1 1604/147/1 1605/150/1
f 1606/147/1 1607/151/1 1608/150/1
f 1609/152/1 1610/153/1 1611/154/1
f 1612/154/1 1613/155/1 1614/152/1
f 1615/120/1 1616/156/1 1617/157/1
f 1618/158/1 1619/159/1 1620/160/1
f 1621/161/1 1622/111/1 1623/110/1
f 1624/162/1 1625/163/1 1626/164/1
f 1627/165/1 1628/129/1 1629/125/1
f 1630/166/1 1631/167/1 1632/168/1
f 1633/169/1 1634/158/1 1635/163/1
f 1636/158/1 1637/110/1 1638/163/1
f 1639/158/1 1640/160/1 1641/110/1
f 1642/160/1 1643/145/1 1644/161/1
f 1645/145/1 1646/170/1 1647/161/1
f 1648/145/1 1649/147/1 1650/170/1
f 1651/149/1 1652/154/1 1653/153/1
f 1654/149/1 1655/171/1 1656/154/1
f 1657/143/1 1658/142/1 1659/172/1
f 1660/173/1 1661/174/1 1662/175/1
f 1663/174/1 1664/128/1 1665/175/1
f 1666/174/1 1667/176/1 1668/128/1
f 1669/177/1 1670/178/1 1671/134/1
f 1672/179/1 1673/180/1 1674/178/1
f 1675/120/1 1676/157/1 1677/130/1
f 1678/157/1 1679/181/1 1680/182/1
f 1681/160/1 1682/183/1 1683/145/1
f 1684/183/1 1685/184/1 1686/185/1
f 1687/163/1 1688/108/1 1689/186/1
f 1690/163/1 1691/110/1 1692/108/1
f 1693/187/1 1694/188/1 1695/189/1
f 1696/188/1 1697/169/1 1698/189/1
f 1699/188/1 1700/158/1 1701/169/1
f 1702/167/1 1703/190/1 1704/117/1
f 1705/191/1 1706/192/1 1707/193/1
f 1708/192/1 1709/108/1 1710/113/1
f 1711/175/1 1712/128/1 1713/129/1
f 1714/176/1 1715/177/1 1716/132/1
f 1717/127/1 1718/194/1 1719/125/1
f 1720/149/1 1721/153/1 1722/147/1
f 1723/147/1 1724/153/1 1725/170/1
f 1726/160/1 1727/161/1 1728/110/1
f 1729/132/1 1730/131/1 1731/176/1
f 1732/176/1 1733/131/1 1734/128/1
f 1735/195/1 1736/160/1 1737/196/1
f 1738/196/1 1739/160/1 1740/159/1
f 1741/196/1 1742/159/1 1743/142/1
f 1744/142/1 1745/159/1 1746/172/1
f 1747/182/1 1748/130/1 1749/157/1
f 1750/194/1 1751/197/1 1752/125/1
f 1753/125/1 1754/197/1 1755/165/1
f 1756/179/1 1757/178/1 1758/177/1
f 1759/177/1 1760/134/1 1761/132/1
f 1762/163/1 1763/186/1 1764/164/1
f 1765/183/1 1766/185/1 1767/145/1
f 1768/192/1 1769/113/1 1770/193/1
f 1771/198/1 1772/113/1 1773/190/1
f 1774/190/1 1775/113/1 1776/117/1
f 1777/5/2 1778/7/2 1779/6/2
f 1780/6/2 1781/7/2 1782/8/2
f 1783/111/492 1784/110/492 1785/109/492
f 1786/141/2 1787/143/2 1788/142/2
f 1789/143/2 1790/141/2 1791/144/2
f 1792/145/2 1793/147/2 1794/146/2
f 1795/148/2 1796/146/2 1797/147/2
f 1798/149/2 1799/150/2 1800/147/2
f 1801/147/2 1802/150/2 1803/151/2
f 1804/152/2 1805/154/2 1806/153/2
f 1807/154/2 1808/152/2 1809/155/2
f 1810/120/2 1811/157/2 1812/156/2
f 1813/158/2 1814/160/2 1815/159/2
f 1816/161/2 1817/110/2 1818/111/2
f 1819/162/2 1820/164/2 1821/163/2
f 1822/165/2 1823/125/2 1824/129/2
f 1825/166/2 1826/168/2 1827/167/2
f 1828/169/2 1829/163/2 1830/158/2
f 1831/158/2 1832/163/2 1833/110/2
f 1834/158/2 1835/110/2 1836/160/2
f 1837/160/2 1838/161/2 1839/145/2
f 1840/145/2 1841/161/2 1842/170/2
f 1843/145/2 1844/170/2 1845/147/2
f 1846/149/2 1847/153/2 1848/154/2
f 1849/149/2 1850/154/2 1851/171/2
f 1852/143/2 1853/172/2 1854/142/2
f 1855/173/2 1856/175/2 1857/174/2
f 1858/174/2 1859/175/2 1860/128/2
f 1861/174/2 1862/128/2 1863/176/2
f 1864/177/2 1865/134/2 1866/178/2
f 1867/179/2 1868/178/2 1869/180/2
f 1870/120/2 1871/130/2 1872/157/2
f 1873/157/2 1874/182/2 1875/181/2
f 1876/160/2 1877/145/2 1878/183/2
f 1879/183/2 1880/185/2 1881/184/2
f 1882/163/2 1883/186/2 1884/108/2
f 1885/163/2 1886/108/2 1887/110/2
f 1888/187/2 1889/189/2 1890/188/2
f 1891/188/2 1892/189/2 1893/169/2
f 1894/188/2 1895/169/2 1896/158/2
f 1897/167/2 1898/117/2 1899/190/2
f 1900/191/2 1901/193/2 1902/192/2
f 1903/192/2 1904/113/2 1905/108/2
f 1906/175/2 1907/129/2 1908/128/2
f 1909/176/2 1910/132/2 1911/177/2
f 1912/127/2 1913/125/2 1914/194/2
f 1915/149/2 1916/147/2 1917/153/2
f 1918/147/2 1919/170/2 1920/153/2
f 1921/160/2 1922/110/2 1923/161/2
f 1924/132/2 1925/176/2 1926/131/2
f 1927/176/2 1928/128/2 1929/131/2
f 1930/195/2 1931/196/2 1932/160/2
f 1933/196/2 1934/159/2 1935/160/2
f 1936/196/2 1937/142/2 1938/159/2
f 1939/142/2 1940/172/2 1941/159/2
f 1942/182/2 1943/157/2 1944/130/2
f 1945/194/2 1946/125/2 1947/197/2
f 1948/125/2 1949/165/2 1950/197/2
f 1951/179/2 1952/177/2 1953/178/2
f 1954/177/2 1955/132/2 1956/134/2
f 1957/163/2 1958/164/2 1959/186/2
f 1960/183/2 1961/145/2 1962/185/2
f 1963/192/2 1964/193/2 1965/113/2
f 1966/198/2 1967/190/2 1968/113/2
f 1969/190/2 1970/117/2 1971/113/2
