mtllib bondofflame.mtl
v -3.075394 -0.151683 12.190483
v -1.251167 -7.666603 7.304520
v -3.075386 -8.920450 8.558342
v -3.075386 -8.920450 8.558342
v -1.251167 -7.666603 7.304520
v -1.251167 -10.779394 -0.203148
v -1.251167 -7.666603 7.304520
v 0.574287 -8.920448 8.558365
v -1.251167 -10.779394 -0.203148
v -1.251167 -10.779394 -0.203148
v 0.574287 -8.920448 8.558365
v 0.574287 -12.552587 -0.203144
v 0.574287 -8.920448 8.558365
v -1.251167 -10.362237 10.000153
v 0.574287 -12.552587 -0.203144
v 0.574287 -12.552587 -0.203144
v -1.251167 -10.362237 10.000153
v -1.251167 -14.591589 -0.203152
v -1.251167 -10.362237 10.000153
v -3.075386 -12.552588 -0.203148
v -1.251167 -14.591589 -0.203152
v -1.251167 -14.591589 -0.203152
v -3.075386 -12.552588 -0.203148
v -1.251160 -10.362231 -10.406445
v -3.075386 -12.552588 -0.203148
v -3.075378 -8.920445 -8.964642
v -1.251160 -10.362231 -10.406445
v -1.251160 -10.362231 -10.406445
v -3.075378 -8.920445 -8.964642
v -3.075386 -0.151675 -12.596779
v -3.075378 -8.920445 -8.964642
v -1.251160 -7.666599 -7.710812
v -3.075386 -0.151675 -12.596779
v -3.075386 -0.151675 -12.596779
v -1.251160 -7.666599 -7.710812
v -1.251167 -0.151675 -10.823601
v -1.251160 -7.666599 -7.710812
v 0.574295 -8.920443 -8.964657
v -1.251167 -0.151675 -10.823601
v -1.251167 -0.151675 -10.823601
v 0.574295 -8.920443 -8.964657
v 0.574287 -0.151674 -12.596794
v 0.574295 -8.920443 -8.964657
v -1.251160 -0.151674 -14.635796
v 0.574287 -0.151674 -12.596794
v 0.574287 -0.151674 -12.596794
v -1.251160 -0.151674 -14.635796
v 0.574287 8.617094 -8.964649
v -1.251160 -0.151674 -14.635796
v -1.251167 10.058881 -10.406437
v 0.574287 8.617094 -8.964649
v 0.574287 8.617094 -8.964649
v -1.251167 10.058881 -10.406437
v 0.574272 12.249232 -0.203140
v -1.251167 10.058881 -10.406437
v -1.251183 14.288233 -0.203140
v 0.574272 12.249232 -0.203140
v 0.574272 12.249232 -0.203140
v -1.251183 14.288233 -0.203140
v -1.251175 10.058875 10.000160
v -1.251183 14.288233 -0.203140
v -3.075401 12.249230 -0.203140
v -1.251175 10.058875 10.000160
v -1.251175 10.058875 10.000160
v -3.075401 12.249230 -0.203140
v -3.075394 8.617087 8.558350
v -3.075401 12.249230 -0.203140
v -1.251175 10.476038 -0.203140
v -3.075394 8.617087 8.558350
v -3.075394 8.617087 8.558350
v -1.251175 10.476038 -0.203140
v -1.251175 7.363243 7.304527
v -1.251175 10.476038 -0.203140
v 0.574280 8.617089 8.558372
v -1.251175 7.363243 7.304527
v -1.251175 7.363243 7.304527
v 0.574280 8.617089 8.558372
v -1.251175 -0.151681 10.417313
v 0.574280 8.617089 8.558372
v 0.574280 -0.151681 12.190506
v -1.251175 -0.151681 10.417313
v -1.251175 -0.151681 10.417313
v 0.574280 -0.151681 12.190506
v 0.574287 -8.920448 8.558365
v 0.574280 -0.151681 12.190506
v -1.251175 -0.151683 14.229507
v 0.574287 -8.920448 8.558365
v 0.574287 -8.920448 8.558365
v -1.251175 -0.151683 14.229507
v -1.251167 -10.362237 10.000153
v -1.251175 -0.151683 14.229507
v -3.075394 -0.151683 12.190483
v -1.251167 -10.362237 10.000153
v -1.251167 -10.362237 10.000153
v -3.075394 -0.151683 12.190483
v -3.075386 -8.920450 8.558342
v -2.542747 51.767670 3.988895
v -1.251198 55.967773 2.864979
v -1.251198 52.416595 2.864975
v -1.251198 52.416595 2.864975
v -1.251198 55.967773 2.864979
v 0.041573 56.616699 3.988907
v -1.251198 55.967773 2.864979
v -1.251198 57.743347 -0.203133
v 0.041573 56.616699 3.988907
v 0.041573 56.616699 3.988907
v -1.251198 57.743347 -0.203133
v 0.041573 59.041168 -0.203133
v -1.251198 57.743347 -0.203133
v 0.041573 56.616703 -4.395172
v 0.041573 59.041168 -0.203133
v 0.041573 59.041168 -0.203133
v 0.041573 56.616703 -4.395172
v -1.251198 57.259434 -5.508511
v 0.041573 56.616703 -4.395172
v 0.041573 51.767673 -4.395172
v -1.251198 57.259434 -5.508511
v -1.251198 57.259434 -5.508511
v 0.041573 51.767673 -4.395172
v -1.251198 51.124912 -5.508514
v 0.041573 51.767673 -4.395172
v 0.041573 49.343170 -0.203133
v -1.251198 51.124912 -5.508514
v -1.251198 51.124912 -5.508514
v 0.041573 49.343170 -0.203133
v -1.251198 48.057648 -0.203133
v 0.041573 49.343170 -0.203133
v -1.251198 51.124908 5.102234
v -1.251198 48.057648 -0.203133
v -1.251198 48.057648 -0.203133
v -1.251198 51.124908 5.102234
v -2.542747 49.343170 -0.203136
v -1.251198 51.124908 5.102234
v -2.542747 51.767670 3.988895
v -2.542747 49.343170 -0.203136
v -2.542747 49.343170 -0.203136
v -2.542747 51.767670 3.988895
v -1.251198 50.641022 -0.203136
v -2.542747 51.767670 3.988895
v -1.251198 52.416595 2.864975
v -1.251198 50.641022 -0.203136
v -1.251198 50.641022 -0.203136
v -1.251198 52.416595 2.864975
v 0.041573 51.767670 3.988907
v -1.251198 52.416595 2.864975
v 0.041573 56.616699 3.988907
v 0.041573 51.767670 3.988907
v 0.041573 51.767670 3.988907
v 0.041573 56.616699 3.988907
v -1.251198 57.259430 5.102234
v 0.041573 56.616699 3.988907
v 0.041573 59.041168 -0.203133
v -1.251198 57.259430 5.102234
v -1.251198 57.259430 5.102234
v 0.041573 59.041168 -0.203133
v -1.251198 60.326691 -0.203133
v 0.041573 59.041168 -0.203133
v -1.251198 57.259434 -5.508511
v -1.251198 60.326691 -0.203133
v -1.251198 60.326691 -0.203133
v -1.251198 57.259434 -5.508511
v -2.542747 59.041168 -0.203133
v -1.251198 57.259434 -5.508511
v -2.542747 56.616703 -4.395164
v -2.542747 59.041168 -0.203133
v -2.542747 59.041168 -0.203133
v -2.542747 56.616703 -4.395164
v -1.251198 57.743347 -0.203133
v -2.542747 56.616703 -4.395164
v -1.251198 55.967777 -3.271244
v -1.251198 57.743347 -0.203133
v -1.251198 57.743347 -0.203133
v -1.251198 55.967777 -3.271244
v 0.041573 56.616703 -4.395172
v -1.251198 55.967777 -3.271244
v 0.041573 51.767673 -4.395172
v 0.041573 56.616703 -4.395172
v 0.041565 79.580902 3.988911
v 0.041565 82.005432 -0.203129
v -1.251205 80.223633 5.102249
v 0.041565 82.005432 -0.203129
v -1.251213 83.290985 -0.203133
v -1.251205 80.223633 5.102249
v -1.251205 80.223633 5.102249
v -1.251213 83.290985 -0.203133
v -2.542755 82.005432 -0.203133
v -1.251213 83.290985 -0.203133
v -1.251205 80.223633 -5.508507
v -2.542755 82.005432 -0.203133
v -2.542755 82.005432 -0.203133
v -1.251205 80.223633 -5.508507
v -2.542755 79.580902 -4.395164
v -1.251205 80.223633 -5.508507
v -2.542755 74.731903 -4.395164
v -2.542755 79.580902 -4.395164
v -2.542755 79.580902 -4.395164
v -2.542755 74.731903 -4.395164
v -1.251205 78.931976 -3.271240
v -2.542755 74.731903 -4.395164
v -1.251205 75.380798 -3.271240
v -1.251205 78.931976 -3.271240
v -1.251205 78.931976 -3.271240
v -1.251205 75.380798 -3.271240
v 0.041565 74.731903 -4.395168
v -1.251205 75.380798 -3.271240
v -1.251205 73.605225 -0.203133
v 0.041565 74.731903 -4.395168
v 0.041565 74.731903 -4.395168
v -1.251205 73.605225 -0.203133
v 0.041565 72.307434 -0.203133
v -1.251205 73.605225 -0.203133
v 0.041565 74.731903 3.988911
v 0.041565 72.307434 -0.203133
v 0.041565 72.307434 -0.203133
v 0.041565 74.731903 3.988911
v -1.251205 74.089142 5.102242
v 0.041565 74.731903 3.988911
v -1.251205 80.223633 5.102249
v -1.251205 74.089142 5.102242
v -1.251205 74.089142 5.102242
v -1.251205 80.223633 5.102249
v -1.251205 74.089142 5.102242
v -1.251205 80.223633 5.102249
v -1.251205 80.223633 5.102249
v -1.251205 74.089142 5.102242
v -1.251205 74.089142 5.102242
v -1.251205 80.223633 5.102249
v -2.542755 74.731903 3.988899
v -1.251205 80.223633 5.102249
v -2.542755 79.580902 3.988899
v -2.542755 74.731903 3.988899
v -2.542755 74.731903 3.988899
v -2.542755 79.580902 3.988899
v -1.251205 78.931976 2.864983
v -2.542755 79.580902 3.988899
v -1.251205 80.707550 -0.203133
v -1.251205 78.931976 2.864983
v -1.251205 78.931976 2.864983
v -1.251205 80.707550 -0.203133
v 0.041565 79.580902 3.988911
v -1.251205 80.707550 -0.203133
v 0.041565 82.005432 -0.203129
v 0.041565 79.580902 3.988911
v -2.579529 14.308784 4.154114
v -1.251183 14.971124 5.301338
v -2.579529 16.828638 -0.203140
v -1.251183 14.971124 5.301338
v -1.251183 18.153315 -0.203140
v -2.579529 16.828638 -0.203140
v -2.579529 16.828638 -0.203140
v -1.251183 18.153315 -0.203140
v -1.251183 14.971127 -5.707615
v -1.251183 18.153315 -0.203140
v 0.078407 16.828640 -0.203136
v -1.251183 14.971127 -5.707615
v -1.251183 14.971127 -5.707615
v 0.078407 16.828640 -0.203136
v 0.078407 14.308788 -4.560413
v 0.078407 16.828640 -0.203136
v -1.251183 15.496973 -0.203136
v 0.078407 14.308788 -4.560413
v 0.078407 14.308788 -4.560413
v -1.251183 15.496973 -0.203136
v -1.251183 13.642940 -3.407097
v -1.251183 15.496973 -0.203136
v -2.579529 14.308787 -4.560402
v -1.251183 13.642940 -3.407097
v -1.251183 13.642940 -3.407097
v -2.579529 14.308787 -4.560402
v -2.579521 9.269070 -4.560398
v -2.579529 14.308787 -4.560402
v -1.251183 14.971127 -5.707615
v -2.579521 9.269070 -4.560398
v -2.579521 9.269070 -4.560398
v -1.251183 14.971127 -5.707615
v -1.251175 8.606715 -5.707615
v -1.251183 14.971127 -5.707615
v 0.078415 9.269072 -4.560413
v -1.251175 8.606715 -5.707615
v -1.251175 8.606715 -5.707615
v 0.078415 9.269072 -4.560413
v 0.078415 6.749202 -0.203140
v 0.078415 9.269072 -4.560413
v -1.251175 8.080881 -0.203140
v 0.078415 6.749202 -0.203140
v 0.078415 6.749202 -0.203140
v -1.251175 8.080881 -0.203140
v 0.078415 9.269067 4.154137
v -1.251175 8.080881 -0.203140
v -1.251175 9.934900 3.000816
v 0.078415 9.269067 4.154137
v 0.078415 9.269067 4.154137
v -1.251175 9.934900 3.000816
v -1.251183 13.642938 3.000816
v -1.251175 9.934900 3.000816
v -2.579521 9.269066 4.154114
v -1.251183 13.642938 3.000816
v -1.251183 13.642938 3.000816
v -2.579521 9.269066 4.154114
v -2.579529 14.308784 4.154114
v -2.579521 9.269066 4.154114
v -1.251183 14.971124 5.301338
v -2.579529 14.308784 4.154114
v -1.251167 -13.946297 3.000809
v 0.078423 -9.572425 4.154129
v 0.078423 -14.612144 4.154114
v 0.078423 -14.612144 4.154114
v 0.078423 -9.572425 4.154129
v -1.251167 -15.274483 5.301331
v 0.078423 -9.572425 4.154129
v -1.251167 -8.910071 5.301331
v -1.251167 -15.274483 5.301331
v -1.251167 -15.274483 5.301331
v -1.251167 -8.910071 5.301331
v -2.579514 -9.572426 4.154106
v -1.251167 -8.910071 5.301331
v -2.579514 -7.052558 -0.203148
v -2.579514 -9.572426 4.154106
v -2.579514 -9.572426 4.154106
v -2.579514 -7.052558 -0.203148
v -1.251167 -8.384237 -0.203148
v -2.579514 -7.052558 -0.203148
v -2.579514 -9.572423 -4.560406
v -1.251167 -8.384237 -0.203148
v -1.251167 -8.384237 -0.203148
v -2.579514 -9.572423 -4.560406
v -1.251167 -10.238256 -3.407104
v -2.579514 -9.572423 -4.560406
v -1.251167 -13.946295 -3.407104
v -1.251167 -10.238256 -3.407104
v -1.251167 -10.238256 -3.407104
v -1.251167 -13.946295 -3.407104
v 0.078423 -9.572422 -4.560421
v -1.251167 -13.946295 -3.407104
v 0.078423 -14.612141 -4.560406
v 0.078423 -9.572422 -4.560421
v 0.078423 -9.572422 -4.560421
v 0.078423 -14.612141 -4.560406
v -1.251167 -15.274481 -5.707626
v 0.078423 -14.612141 -4.560406
v 0.078423 -17.132010 -0.203144
v -1.251167 -15.274481 -5.707626
v -1.251167 -15.274481 -5.707626
v 0.078423 -17.132010 -0.203144
v -1.251167 -18.456688 -0.203144
v 0.078423 -17.132010 -0.203144
v -1.251167 -15.274483 5.301331
v -1.251167 -18.456688 -0.203144
v -1.251167 -18.456688 -0.203144
v -1.251167 -15.274483 5.301331
v -2.579514 -17.132011 -0.203148
v -1.251167 -15.274483 5.301331
v -2.579514 -14.612146 4.154106
v -2.579514 -17.132011 -0.203148
v -2.579514 -17.132011 -0.203148
v -2.579514 -14.612146 4.154106
v -1.251167 -15.800331 -0.203148
v -2.579514 -14.612146 4.154106
v -1.251167 -13.946297 3.000809
v -1.251167 -15.800331 -0.203148
v -1.251167 -15.800331 -0.203148
v -1.251167 -13.946297 3.000809
v 0.078423 -14.612144 4.154114
v 0.244644 65.674286 11.491112
v 0.244644 73.940613 8.067085
v -1.251205 65.674286 13.060814
v -1.251205 65.674286 13.060814
v 0.244644 73.940613 8.067085
v -1.251205 75.058441 9.173759
v 0.244644 73.940613 8.067085
v 0.244644 77.364655 -0.203129
v -1.251205 75.058441 9.173759
v -1.251205 75.058441 9.173759
v 0.244644 77.364655 -0.203129
v -1.251205 78.945526 -0.203129
v 0.244644 77.364655 -0.203129
v -1.251198 75.058449 -9.580025
v -1.251205 78.945526 -0.203129
v -1.251205 78.945526 -0.203129
v -1.251198 75.058449 -9.580025
v -2.749634 77.364655 -0.203129
v -1.251198 75.058449 -9.580025
v -2.749626 73.940620 -8.462196
v -2.749634 77.364655 -0.203129
v -2.749634 77.364655 -0.203129
v -2.749626 73.940620 -8.462196
v -1.251205 75.806091 -0.203129
v -2.749626 73.940620 -8.462196
v -1.251198 72.838562 -7.360149
v -1.251205 75.806091 -0.203129
v -1.251205 75.806091 -0.203129
v -1.251198 72.838562 -7.360149
v 0.244644 77.364655 -0.203129
v -1.251198 72.838562 -7.360149
v 0.244644 73.940620 -8.473354
v 0.244644 77.364655 -0.203129
v 0.244644 77.364655 -0.203129
v 0.244644 73.940620 -8.473354
v -1.251198 75.058449 -9.580025
v 0.244644 73.940620 -8.473354
v -1.251198 71.817665 -11.459263
v -1.251198 75.058449 -9.580025
v -1.251198 75.058449 -9.580025
v -1.251198 71.817665 -11.459263
v -2.749626 73.940620 -8.462196
v -1.251198 71.817665 -11.459263
v -2.749626 71.186165 -10.126984
v -2.749626 73.940620 -8.462196
v -2.749626 73.940620 -8.462196
v -2.749626 71.186165 -10.126984
v -1.251198 72.838562 -7.360149
v -2.749626 71.186165 -10.126984
v -1.251198 70.563560 -8.813499
v -1.251198 72.838562 -7.360149
v -1.251198 72.838562 -7.360149
v -1.251198 70.563560 -8.813499
v 0.244659 71.185188 -10.138092
v 0.244667 60.163395 -10.138092
v -1.251190 60.785038 -8.813499
v -1.251190 58.510044 -7.360149
v -1.251190 60.785038 -8.813499
v -2.749619 60.162415 -10.126980
v -1.251190 58.510044 -7.360149
v -1.251190 58.510044 -7.360149
v -2.749619 60.162415 -10.126980
v -2.749619 57.407959 -8.462200
v -2.749619 60.162415 -10.126980
v -1.251190 59.530914 -11.459259
v -2.749619 57.407959 -8.462200
v -2.749619 57.407959 -8.462200
v -1.251190 59.530914 -11.459259
v -1.251190 56.290134 -9.580029
v -1.251190 59.530914 -11.459259
v -1.251190 59.530914 -11.459259
v -1.251190 56.290134 -9.580029
v -1.251190 56.290134 -9.580029
v -1.251190 59.530914 -11.459259
v -1.251190 56.290134 -9.580029
v -1.251190 59.530914 -11.459259
v 0.244667 57.407963 -8.473354
v -1.251190 56.290134 -9.580029
v -1.251190 56.290134 -9.580029
v 0.244667 57.407963 -8.473354
v 0.244652 53.983917 -0.203136
v 0.244667 57.407963 -8.473354
v -1.251190 58.510044 -7.360149
v 0.244652 53.983917 -0.203136
v 0.244652 53.983917 -0.203136
v -1.251190 58.510044 -7.360149
v -1.251198 55.542480 -0.203133
v -1.251190 58.510044 -7.360149
v -2.749619 57.407959 -8.462200
v -1.251198 55.542480 -0.203133
v -1.251198 55.542480 -0.203133
v -2.749619 57.407959 -8.462200
v -2.749626 53.983917 -0.203133
v -2.749619 57.407959 -8.462200
v -1.251190 56.290134 -9.580029
v -2.749626 53.983917 -0.203133
v -2.749626 53.983917 -0.203133
v -1.251190 56.290134 -9.580029
v -1.251198 52.403076 -0.203136
v -1.251190 56.290134 -9.580029
v 0.244652 53.983917 -0.203136
v -1.251198 52.403076 -0.203136
v -1.251198 52.403076 -0.203136
v 0.244652 53.983917 -0.203136
v -1.251198 56.290127 9.173752
v 0.244652 53.983917 -0.203136
v 0.244652 57.407955 8.067078
v -1.251198 56.290127 9.173752
v -1.251198 56.290127 9.173752
v 0.244652 57.407955 8.067078
v -1.251205 65.674286 13.060814
v 0.244652 57.407955 8.067078
v 0.244644 65.674286 11.491112
v -1.251205 65.674286 13.060814
v -1.251167 -15.274483 5.301331
v -2.579514 -9.572426 4.154106
v -2.579514 -14.612146 4.154106
v -2.579514 -14.612146 4.154106
v -2.579514 -9.572426 4.154106
v -1.251167 -13.946297 3.000809
v -2.579514 -9.572426 4.154106
v -1.251167 -10.238257 3.000809
v -1.251167 -13.946297 3.000809
v -1.251167 -13.946297 3.000809
v -1.251167 -10.238257 3.000809
v 0.078423 -9.572425 4.154129
v -1.251167 -10.238257 3.000809
v -1.251167 -8.384237 -0.203148
v 0.078423 -9.572425 4.154129
v 0.078423 -9.572425 4.154129
v -1.251167 -8.384237 -0.203148
v 0.078423 -7.052557 -0.203148
v -1.251167 -8.384237 -0.203148
v 0.078423 -9.572422 -4.560421
v 0.078423 -7.052557 -0.203148
v 0.078423 -7.052557 -0.203148
v 0.078423 -9.572422 -4.560421
v -1.251167 -8.910069 -5.707623
v 0.078423 -9.572422 -4.560421
v -1.251167 -15.274481 -5.707626
v -1.251167 -8.910069 -5.707623
v -1.251167 -8.910069 -5.707623
v -1.251167 -15.274481 -5.707626
v -2.579514 -9.572423 -4.560406
v -1.251167 -15.274481 -5.707626
v -2.579514 -14.612143 -4.560406
v -2.579514 -9.572423 -4.560406
v -2.579514 -9.572423 -4.560406
v -2.579514 -14.612143 -4.560406
v -1.251167 -13.946295 -3.407104
v -2.579514 -14.612143 -4.560406
v -1.251167 -15.800331 -0.203148
v -1.251167 -13.946295 -3.407104
v -1.251167 -13.946295 -3.407104
v -1.251167 -15.800331 -0.203148
v 0.078423 -14.612141 -4.560406
v -1.251167 -15.800331 -0.203148
v 0.078423 -17.132010 -0.203144
v 0.078423 -14.612141 -4.560406
v -1.251183 14.971127 -5.707615
v 0.078407 14.308788 -4.560413
v 0.078415 9.269072 -4.560413
v 0.078407 14.308788 -4.560413
v -1.251183 13.642940 -3.407097
v 0.078415 9.269072 -4.560413
v 0.078415 9.269072 -4.560413
v -1.251183 13.642940 -3.407097
v -1.251175 9.934902 -3.407097
v -1.251183 13.642940 -3.407097
v -2.579521 9.269070 -4.560398
v -1.251175 9.934902 -3.407097
v -1.251175 9.934902 -3.407097
v -2.579521 9.269070 -4.560398
v -1.251175 8.080881 -0.203140
v -2.579521 9.269070 -4.560398
v -2.579521 6.749200 -0.203140
v -1.251175 8.080881 -0.203140
v -1.251175 8.080881 -0.203140
v -2.579521 6.749200 -0.203140
v -2.579521 9.269066 4.154114
v -2.579521 6.749200 -0.203140
v -1.251175 8.606713 5.301338
v -2.579521 9.269066 4.154114
v -2.579521 9.269066 4.154114
v -1.251175 8.606713 5.301338
v -1.251183 14.971124 5.301338
v -1.251175 8.606713 5.301338
v 0.078415 9.269067 4.154137
v -1.251183 14.971124 5.301338
v -1.251183 14.971124 5.301338
v 0.078415 9.269067 4.154137
v 0.078407 14.308785 4.154137
v 0.078415 9.269067 4.154137
v -1.251183 13.642938 3.000816
v 0.078407 14.308785 4.154137
v 0.078407 14.308785 4.154137
v -1.251183 13.642938 3.000816
v -1.251183 15.496973 -0.203136
v -1.251183 13.642938 3.000816
v -2.579529 14.308784 4.154114
v -1.251183 15.496973 -0.203136
v -1.251183 15.496973 -0.203136
v -2.579529 14.308784 4.154114
v -2.579529 16.828638 -0.203140
v -2.542755 82.005432 -0.203133
v -2.542755 79.580902 -4.395164
v -1.251205 80.707550 -0.203133
v -2.542755 79.580902 -4.395164
v -1.251205 78.931976 -3.271240
v -1.251205 80.707550 -0.203133
v -1.251205 80.707550 -0.203133
v -1.251205 78.931976 -3.271240
v 0.041565 79.580902 -4.395168
v -1.251205 78.931976 -3.271240
v 0.041565 74.731903 -4.395168
v 0.041565 79.580902 -4.395168
v 0.041565 79.580902 -4.395168
v 0.041565 74.731903 -4.395168
v -1.251205 80.223633 -5.508507
v 0.041565 74.731903 -4.395168
v -1.251205 74.089142 -5.508507
v -1.251205 80.223633 -5.508507
v -1.251205 80.223633 -5.508507
v -1.251205 74.089142 -5.508507
v -2.542755 74.731903 -4.395164
v -1.251205 74.089142 -5.508507
v -2.542755 72.307434 -0.203133
v -2.542755 74.731903 -4.395164
v -2.542755 74.731903 -4.395164
v -2.542755 72.307434 -0.203133
v -1.251205 73.605225 -0.203133
v -2.542755 72.307434 -0.203133
v -2.542755 74.731903 3.988899
v -1.251205 73.605225 -0.203133
v -1.251205 73.605225 -0.203133
v -2.542755 74.731903 3.988899
v -1.251205 75.380798 2.864983
v -2.542755 74.731903 3.988899
v -1.251205 78.931976 2.864983
v -1.251205 75.380798 2.864983
v -1.251205 75.380798 2.864983
v -1.251205 78.931976 2.864983
v 0.041565 74.731903 3.988911
v -1.251205 78.931976 2.864983
v 0.041565 79.580902 3.988911
v 0.041565 74.731903 3.988911
v 0.041565 74.731903 3.988911
v 0.041565 79.580902 3.988911
v -1.251205 80.223633 5.102249
v -1.251205 65.674286 14.822899
v -2.542763 65.674286 16.120697
v -1.251205 68.749687 13.047310
v -2.542763 65.674286 16.120697
v -2.542755 69.873619 13.696198
v -1.251205 68.749687 13.047310
v -1.251205 68.749687 13.047310
v -2.542755 69.873619 13.696198
v -2.542755 69.873627 8.847214
v -2.542755 69.873619 13.696198
v -1.251205 70.986931 14.338966
v -2.542755 69.873627 8.847214
v -2.542755 69.873627 8.847214
v -1.251205 70.986931 14.338966
v -1.251205 70.986938 8.204460
v -1.251205 70.986931 14.338966
v 0.041565 69.873619 13.696205
v -1.251205 70.986938 8.204460
v -1.251205 70.986938 8.204460
v 0.041565 69.873619 13.696205
v 0.041565 69.873627 8.847221
v 0.041565 69.873619 13.696205
v -1.251205 68.749687 13.047310
v 0.041565 69.873627 8.847221
v 0.041565 69.873627 8.847221
v -1.251205 68.749687 13.047310
v -1.251205 68.749695 9.496132
v -1.251205 68.749687 13.047310
v -2.542755 69.873627 8.847214
v -1.251205 68.749695 9.496132
v -1.251205 68.749695 9.496132
v -2.542755 69.873627 8.847214
v -1.251205 68.749695 9.496132
v -2.542755 69.873627 8.847214
v -2.542755 69.873627 8.847214
v -1.251205 68.749695 9.496132
v -1.251205 68.749695 9.496132
v -2.542755 69.873627 8.847214
v -1.251205 65.674286 7.720543
v -2.542755 69.873627 8.847214
v -2.542755 65.674286 6.422714
v -1.251205 65.674286 7.720543
v -1.251205 65.674286 7.720543
v -2.542755 65.674286 6.422714
v -2.542747 61.474941 8.847198
v -2.542755 65.674286 6.422714
v -1.251205 65.674286 5.137215
v -2.542747 61.474941 8.847198
v -2.542747 61.474941 8.847198
v -1.251205 65.674286 5.137215
v -1.251198 60.361660 8.204460
v -1.251205 65.674286 5.137215
v 0.041565 65.674286 6.422722
v -1.251198 60.361660 8.204460
v -1.251198 60.361660 8.204460
v 0.041565 65.674286 6.422722
v 0.041573 61.474941 8.847221
v 0.041565 65.674286 6.422722
v -1.251205 65.674286 7.720543
v 0.041573 61.474941 8.847221
v 0.041573 61.474941 8.847221
v -1.251205 65.674286 7.720543
v -1.251198 62.598873 9.496132
v -1.251205 65.674286 7.720543
v -2.542747 61.474941 8.847198
v -1.251198 62.598873 9.496132
v -1.251198 62.598873 9.496132
v -2.542747 61.474941 8.847198
v -2.542747 61.474941 13.696198
v -2.542747 61.474941 8.847198
v -1.251198 60.361660 14.338966
v -2.542747 61.474941 13.696198
v -2.542747 61.474941 13.696198
v -1.251198 60.361660 14.338966
v -2.542763 65.674286 16.120697
v -1.251198 60.361660 14.338966
v -1.251213 65.674278 17.406227
v -2.542763 65.674286 16.120697
v -1.251198 57.743347 -0.203133
v -1.251198 55.967773 2.864979
v -2.542747 56.616699 3.988899
v -1.251198 55.967773 2.864979
v -2.542747 51.767670 3.988895
v -2.542747 56.616699 3.988899
v -2.542747 56.616699 3.988899
v -2.542747 51.767670 3.988895
v -1.251198 57.259430 5.102234
v -2.542747 51.767670 3.988895
v -1.251198 51.124908 5.102234
v -1.251198 57.259430 5.102234
v -1.251198 57.259430 5.102234
v -1.251198 51.124908 5.102234
v 0.041573 51.767670 3.988907
v -1.251198 51.124908 5.102234
v 0.041573 49.343170 -0.203133
v 0.041573 51.767670 3.988907
v 0.041573 51.767670 3.988907
v 0.041573 49.343170 -0.203133
v -1.251198 50.641022 -0.203136
v 0.041573 49.343170 -0.203133
v 0.041573 51.767673 -4.395172
v -1.251198 50.641022 -0.203136
v -1.251198 50.641022 -0.203136
v 0.041573 51.767673 -4.395172
v -1.251198 52.416599 -3.271248
v 0.041573 51.767673 -4.395172
v -1.251198 55.967777 -3.271244
v -1.251198 52.416599 -3.271248
v -1.251198 52.416599 -3.271248
v -1.251198 55.967777 -3.271244
v -2.542747 56.616703 -4.395164
v -3.634987 65.674294 -8.793941
v -1.251205 66.838593 -5.885647
v -1.251198 68.411018 -8.793941
v -1.251198 68.411018 -8.793941
v -1.251205 66.838593 -5.885647
v 1.133812 65.674294 -8.793926
v -1.251205 66.838593 -5.885647
v -0.260323 65.674294 -5.897701
v 1.133812 65.674294 -8.793926
v 1.133812 65.674294 -8.793926
v -0.260323 65.674294 -5.897701
v -1.251205 64.509987 -5.885647
v -0.260323 65.674294 -5.897701
v -1.251198 64.050934 -1.819195
v -1.251205 64.509987 -5.885647
v -1.251205 64.509987 -5.885647
v -1.251198 64.050934 -1.819195
v -2.240852 65.674294 -5.897701
v -1.251198 64.050934 -1.819195
v -2.805893 65.674286 -0.203129
v -2.240852 65.674294 -5.897701
v -2.240852 65.674294 -5.897701
v -2.805893 65.674286 -0.203129
v -1.251205 67.297638 -1.819195
v 1.133812 65.674294 -8.793926
v -1.251205 64.509987 -5.885647
v -1.251190 62.937565 -8.793945
v -1.251190 62.937565 -8.793945
v -1.251205 64.509987 -5.885647
v -3.634987 65.674294 -8.793941
v -1.251205 64.509987 -5.885647
v -2.240852 65.674294 -5.897701
v -3.634987 65.674294 -8.793941
v -3.634987 65.674294 -8.793941
v -2.240852 65.674294 -5.897701
v -1.251205 66.838593 -5.885647
v -2.240852 65.674294 -5.897701
v -1.251205 67.297638 -1.819195
v -1.251205 66.838593 -5.885647
v -1.251205 66.838593 -5.885647
v -1.251205 67.297638 -1.819195
v -0.260323 65.674294 -5.897701
v -1.251205 67.297638 -1.819195
v 0.304703 65.674286 -0.203129
v -0.260323 65.674294 -5.897701
v -0.260323 65.674294 -5.897701
v 0.304703 65.674286 -0.203129
v -1.251198 64.050934 -1.819195
v 0.304703 65.674286 -0.203129
v -0.360794 65.674286 6.495277
v -1.251198 64.050934 1.412930
v -0.360794 65.674286 6.495277
v -1.251205 64.623596 6.495277
v -1.251198 64.050934 1.412930
v -1.251198 64.050934 1.412930
v -1.251205 64.623596 6.495277
v -2.140381 65.674286 6.495270
v -1.251205 64.623596 6.495277
v -1.251205 65.674286 8.620018
v -2.140381 65.674286 6.495270
v -2.140381 65.674286 6.495270
v -1.251205 65.674286 8.620018
v -1.251205 66.725006 6.495277
v -1.251205 65.674286 8.620018
v -0.360794 65.674286 6.495277
v -1.251205 66.725006 6.495277
v -1.251205 66.725006 6.495277
v -0.360794 65.674286 6.495277
v -1.251205 67.297638 1.412930
v -0.360794 65.674286 6.495277
v 0.304703 65.674286 -0.203129
v -1.251205 67.297638 1.412930
v 0.899841 20.657837 1.546982
v -2.509315 33.352753 -0.203140
v 0.008179 33.352757 -0.203140
v 0.008179 33.352757 -0.203140
v -2.509315 33.352753 -0.203140
v 0.899811 46.048187 1.546986
v -2.509315 33.352753 -0.203140
v -3.400970 46.048187 1.546974
v 0.899811 46.048187 1.546986
v 0.899811 46.048187 1.546986
v -3.400970 46.048187 1.546974
v 1.063637 46.913055 -0.203133
v -3.400970 46.048187 1.546974
v -3.564796 46.913055 -0.203136
v 1.063637 46.913055 -0.203133
v 1.063637 46.913055 -0.203133
v -3.564796 46.913055 -0.203136
v 0.899811 46.048187 -1.953251
v -3.564796 46.913055 -0.203136
v -3.400970 46.048183 -1.953247
v 0.899811 46.048187 -1.953251
v 0.899811 46.048187 -1.953251
v -3.400970 46.048183 -1.953247
v -2.509315 33.352753 -0.203140
v -3.075394 -0.151683 12.190483
v -1.251175 -0.151683 14.229507
v -1.251175 10.058875 10.000160
v -1.251175 -0.151683 14.229507
v 0.574280 8.617089 8.558372
v -1.251175 10.058875 10.000160
v -1.251175 10.058875 10.000160
v 0.574280 8.617089 8.558372
v 0.574272 12.249232 -0.203140
v 0.574280 8.617089 8.558372
v -1.251175 10.476038 -0.203140
v 0.574272 12.249232 -0.203140
v 0.574272 12.249232 -0.203140
v -1.251175 10.476038 -0.203140
v 0.574287 8.617094 -8.964649
v -1.251175 10.476038 -0.203140
v -1.251167 7.363247 -7.710804
v 0.574287 8.617094 -8.964649
v 0.574287 8.617094 -8.964649
v -1.251167 7.363247 -7.710804
v 0.574287 8.617094 -8.964649
v -1.251167 7.363247 -7.710804
v -1.251167 7.363247 -7.710804
v 0.574287 8.617094 -8.964649
v 0.574287 8.617094 -8.964649
v -1.251167 7.363247 -7.710804
v -1.251167 -0.151675 -10.823601
v -1.251167 7.363247 -7.710804
v -3.075386 -0.151675 -12.596779
v -1.251167 -0.151675 -10.823601
v 0.201180 5.454767 -0.203144
v -1.251175 5.454767 1.241295
v 0.201180 -5.758122 -0.203148
v 0.201180 -5.758122 -0.203148
v -1.251175 5.454767 1.241295
v -1.251175 -5.758124 1.241287
v -1.251175 5.454767 1.241295
v -2.702286 5.454766 -0.203140
v -1.251175 -5.758124 1.241287
v -1.251175 -5.758124 1.241287
v -2.702286 5.454766 -0.203140
v -2.702286 -5.758124 -0.203148
v -2.702286 5.454766 -0.203140
v -1.251175 5.454767 -1.647575
v -2.702286 -5.758124 -0.203148
v -2.702286 -5.758124 -0.203148
v -1.251175 5.454767 -1.647575
v -1.251175 -5.758122 -1.647583
v -1.251175 5.454767 -1.647575
v 0.201180 5.454767 -0.203144
v -1.251175 -5.758122 -1.647583
v -1.251175 -5.758122 -1.647583
v 0.201180 5.454767 -0.203144
v 0.201180 -5.758122 -0.203148
v -1.251175 10.476038 -0.203140
v -3.075401 12.249230 -0.203140
v -3.075386 8.617093 -8.964634
v -3.075401 12.249230 -0.203140
v -1.251167 10.058881 -10.406437
v -3.075386 8.617093 -8.964634
v -3.075386 8.617093 -8.964634
v -1.251167 10.058881 -10.406437
v -3.075386 -0.151675 -12.596779
v -1.251167 10.058881 -10.406437
v -1.251160 -0.151674 -14.635796
v -3.075386 -0.151675 -12.596779
v -3.075386 -0.151675 -12.596779
v -1.251160 -0.151674 -14.635796
v -1.251160 -10.362231 -10.406445
v -1.251160 -0.151674 -14.635796
v 0.574295 -8.920443 -8.964657
v -1.251160 -10.362231 -10.406445
v -1.251160 -10.362231 -10.406445
v 0.574295 -8.920443 -8.964657
v 0.574287 -12.552587 -0.203144
v 0.574295 -8.920443 -8.964657
v -1.251167 -10.779394 -0.203148
v 0.574287 -12.552587 -0.203144
v -1.251198 52.403076 -0.203136
v -1.251198 56.290127 9.173752
v -2.749626 53.983917 -0.203133
v -2.749626 53.983917 -0.203133
v -1.251198 56.290127 9.173752
v -2.749626 57.407955 8.055916
v -1.251198 56.290127 9.173752
v -2.749634 65.674286 11.479950
v -2.749626 57.407955 8.055916
v -2.749626 57.407955 8.055916
v -2.749634 65.674286 11.479950
v -1.251198 58.510040 6.953873
v -2.749634 65.674286 11.479950
v -1.251205 65.674286 9.921410
v -1.251198 58.510040 6.953873
v -1.251198 58.510040 6.953873
v -1.251205 65.674286 9.921410
v 0.244652 57.407955 8.067078
v -1.251205 65.674286 9.921410
v 0.244644 65.674286 11.491112
v 0.244652 57.407955 8.067078
v 0.244644 65.674286 11.491112
v -1.251205 65.674286 9.921410
v 0.244644 73.940613 8.067085
v 0.244644 73.940613 8.067085
v -1.251205 65.674286 9.921410
v -1.251205 72.838562 6.953880
v -1.251205 65.674286 9.921410
v -2.749634 65.674286 11.479950
v -1.251205 72.838562 6.953880
v -1.251205 72.838562 6.953880
v -2.749634 65.674286 11.479950
v -2.749634 73.940613 8.055923
v -2.749634 65.674286 11.479950
v -1.251205 75.058441 9.173759
v -2.749634 73.940613 8.055923
v -2.749634 73.940613 8.055923
v -1.251205 75.058441 9.173759
v -2.749634 77.364655 -0.203129
v -1.251205 75.058441 9.173759
v -1.251205 78.945526 -0.203129
v -2.749634 77.364655 -0.203129
v -2.967583 65.674278 18.374466
v -1.251205 65.674286 13.674904
v -1.251205 63.333275 18.374474
v -1.251205 63.333275 18.374474
v -1.251205 65.674286 13.674904
v 0.466377 65.674278 18.374474
v -1.251205 65.674286 13.674904
v -1.251213 68.015282 18.374474
v 0.466377 65.674278 18.374474
v 0.466377 65.674278 18.374474
v -1.251213 68.015282 18.374474
v -1.251213 65.674278 25.427788
v -1.251213 68.015282 18.374474
v -2.967583 65.674278 18.374466
v -1.251213 65.674278 25.427788
v -1.251213 65.674278 25.427788
v -2.967583 65.674278 18.374466
v -1.251205 63.333275 18.374474
v -3.591583 55.371975 10.091911
v -1.251198 50.059505 15.404388
v -1.251198 57.027309 11.747269
v -1.251198 57.027309 11.747269
v -1.251198 50.059505 15.404388
v 1.090431 55.371975 10.091919
v -1.251198 50.059505 15.404388
v -1.251198 53.716640 8.436584
v 1.090431 55.371975 10.091919
v 1.090431 55.371975 10.091919
v -1.251198 53.716640 8.436584
v -1.251198 59.427032 6.036858
v -1.251198 53.716640 8.436584
v -3.591583 55.371975 10.091911
v -1.251198 59.427032 6.036858
v -1.251198 59.427032 6.036858
v -3.591583 55.371975 10.091911
v -1.251198 57.027309 11.747269
v -1.251205 74.321259 11.747276
v -3.591591 75.976593 10.091919
v -1.251205 71.921539 6.036858
v -1.251205 71.921539 6.036858
v -3.591591 75.976593 10.091919
v -1.251205 77.631958 8.436592
v -3.591591 75.976593 10.091919
v -1.251205 81.289055 15.404404
v -1.251205 77.631958 8.436592
v -1.251205 77.631958 8.436592
v -1.251205 81.289055 15.404404
v 1.090424 75.976593 10.091927
v -1.251205 81.289055 15.404404
v -1.251205 74.321259 11.747276
v 1.090424 75.976593 10.091927
v 1.090424 75.976593 10.091927
v -1.251205 74.321259 11.747276
v -1.251205 71.921539 6.036858
v 0.899811 46.048187 1.546986
v -1.251198 46.967072 6.307541
v 0.008179 33.352757 -0.203140
v 0.008179 33.352757 -0.203140
v -1.251198 46.967072 6.307541
v -1.251190 33.352753 1.314869
v -1.251198 46.967072 6.307541
v -2.509315 33.352753 -0.203140
v -1.251190 33.352753 1.314869
v -1.251190 33.352753 1.314869
v -2.509315 33.352753 -0.203140
v -1.251183 19.738844 6.307549
v -2.509315 33.352753 -0.203140
v -3.400963 20.657806 1.546970
v -1.251183 19.738844 6.307549
v -1.251183 19.738844 6.307549
v -3.400963 20.657806 1.546970
v -3.564781 19.792854 -0.203140
v 0.899811 46.048187 1.546986
v 1.063637 46.913055 -0.203133
v -1.251198 46.967072 6.307541
v 1.063637 46.913055 -0.203133
v -1.251198 51.970520 -0.203136
v -1.251198 46.967072 6.307541
v -1.251198 46.967072 6.307541
v -1.251198 51.970520 -0.203136
v -3.564796 46.913055 -0.203136
v -1.251198 51.970520 -0.203136
v -1.251198 51.970520 -0.203136
v -3.564796 46.913055 -0.203136
v -3.564796 46.913055 -0.203136
v -1.251198 51.970520 -0.203136
v -3.564796 46.913055 -0.203136
v -1.251198 51.970520 -0.203136
v -1.251198 46.967075 -6.713821
v -3.564796 46.913055 -0.203136
v -3.564796 46.913055 -0.203136
v -1.251198 46.967075 -6.713821
v -3.400970 46.048183 -1.953247
v -1.251198 46.967075 -6.713821
v -2.509315 33.352753 -0.203140
v -3.400970 46.048183 -1.953247
v 0.008179 33.352757 -0.203140
v -1.251183 19.738844 6.307549
v 0.899841 20.657837 1.546982
v 0.899841 20.657837 1.546982
v -1.251183 19.738844 6.307549
v 1.063652 19.792856 -0.203136
v -1.251183 19.738844 6.307549
v -1.251183 14.734964 -0.203140
v 1.063652 19.792856 -0.203136
v 1.063652 19.792856 -0.203136
v -1.251183 14.734964 -0.203140
v -1.251183 19.738850 -6.713825
v -1.251183 14.734964 -0.203140
v -3.564781 19.792854 -0.203140
v -1.251183 19.738850 -6.713825
v -1.251183 19.738850 -6.713825
v -3.564781 19.792854 -0.203140
v -3.400963 20.657808 -1.953251
v -2.967575 84.259186 -0.203129
v -1.251213 84.259186 2.130581
v -1.251213 91.312500 -0.203129
v -1.251213 91.312500 -0.203129
v -1.251213 84.259186 2.130581
v 0.466377 84.259186 -0.203129
v -1.251213 84.259186 2.130581
v -1.251205 79.559570 -0.203129
v 0.466377 84.259186 -0.203129
v 0.466377 84.259186 -0.203129
v -1.251205 79.559570 -0.203129
v -1.251213 84.259186 -2.536839
v -1.251205 79.559570 -0.203129
v -2.967575 84.259186 -0.203129
v -1.251213 84.259186 -2.536839
v -1.251213 84.259186 -2.536839
v -2.967575 84.259186 -0.203129
v -1.251213 91.312500 -0.203129
v -1.251167 -9.200541 12.281342
v 1.183937 -10.921989 10.559891
v -1.251167 -6.648400 6.286316
v -1.251167 -6.648400 6.286316
v 1.183937 -10.921989 10.559891
v -1.251167 -12.643441 8.838455
v 1.183937 -10.921989 10.559891
v -1.251167 -15.504391 15.142288
v -1.251167 -12.643441 8.838455
v -1.251167 -12.643441 8.838455
v -1.251167 -15.504391 15.142288
v -3.685036 -10.921991 10.559883
v -1.251167 -15.504391 15.142288
v -1.251167 -9.200541 12.281342
v -3.685036 -10.921991 10.559883
v -3.685036 -10.921991 10.559883
v -1.251167 -9.200541 12.281342
v -1.251167 -6.648400 6.286316
v -1.251160 -12.643436 -9.244747
v -1.251167 -6.648397 -6.692608
v -3.685028 -10.921986 -10.966183
v -3.685028 -10.921986 -10.966183
v -1.251167 -6.648397 -6.692608
v -1.251160 -9.200533 -12.687634
v -1.251167 -6.648397 -6.692608
v 1.183945 -10.921984 -10.966183
v -1.251160 -9.200533 -12.687634
v -1.251160 -9.200533 -12.687634
v 1.183945 -10.921984 -10.966183
v -1.251152 -15.504381 -15.548584
v 1.183945 -10.921984 -10.966183
v -1.251160 -12.643436 -9.244747
v -1.251152 -15.504381 -15.548584
v -1.251152 -15.504381 -15.548584
v -1.251160 -12.643436 -9.244747
v -3.685028 -10.921986 -10.966183
v -3.400963 20.657808 -1.953251
v -2.509315 33.352753 -0.203140
v -1.251183 19.738850 -6.713825
v -2.509315 33.352753 -0.203140
v -1.251190 33.352757 -1.721149
v -1.251183 19.738850 -6.713825
v -1.251183 19.738850 -6.713825
v -1.251190 33.352757 -1.721149
v 0.008179 33.352757 -0.203140
v -1.251190 33.352757 -1.721149
v -1.251198 46.967075 -6.713821
v 0.008179 33.352757 -0.203140
v 0.008179 33.352757 -0.203140
v -1.251198 46.967075 -6.713821
v 0.899811 46.048187 -1.953251
v -1.251198 46.967075 -6.713821
v 1.063637 46.913055 -0.203133
v 0.899811 46.048187 -1.953251
v -2.542763 65.674286 16.120697
v -1.251213 65.674278 17.406227
v -2.542755 69.873619 13.696198
v -2.542755 69.873619 13.696198
v -1.251213 65.674278 17.406227
v -1.251205 70.986931 14.338966
v -1.251213 65.674278 17.406227
v 0.041557 65.674286 16.120705
v -1.251205 70.986931 14.338966
v -1.251205 70.986931 14.338966
v 0.041557 65.674286 16.120705
v 0.041565 69.873619 13.696205
v 0.041557 65.674286 16.120705
v -1.251205 65.674286 14.822899
v 0.041565 69.873619 13.696205
v 0.041565 69.873619 13.696205
v -1.251205 65.674286 14.822899
v -1.251205 68.749687 13.047310
v -2.542747 61.474941 13.696198
v -2.542763 65.674286 16.120697
v -1.251198 62.598873 13.047310
v -2.542763 65.674286 16.120697
v -1.251205 65.674286 14.822899
v -1.251198 62.598873 13.047310
v -1.251198 62.598873 13.047310
v -1.251205 65.674286 14.822899
v 0.041573 61.474941 13.696205
v -1.251205 65.674286 14.822899
v 0.041557 65.674286 16.120705
v 0.041573 61.474941 13.696205
v 0.041573 61.474941 13.696205
v 0.041557 65.674286 16.120705
v -1.251198 60.361660 14.338966
v 0.041557 65.674286 16.120705
v -1.251213 65.674278 17.406227
v -1.251198 60.361660 14.338966
v -3.400963 20.657806 1.546970
v 1.063652 19.792856 -0.203136
v -3.564781 19.792854 -0.203140
v -3.564781 19.792854 -0.203140
v 1.063652 19.792856 -0.203136
v -3.400963 20.657808 -1.953251
v 1.063652 19.792856 -0.203136
v 0.899841 20.657839 -1.953255
v -3.400963 20.657808 -1.953251
v -3.400963 20.657808 -1.953251
v 0.899841 20.657839 -1.953255
v -2.509315 33.352753 -0.203140
v 0.899841 20.657839 -1.953255
v 0.008179 33.352757 -0.203140
v -2.509315 33.352753 -0.203140
v -2.509315 33.352753 -0.203140
v 0.008179 33.352757 -0.203140
v 0.899811 46.048187 -1.953251
v -1.251205 68.749695 9.496132
v -1.251205 65.674286 7.720543
v 0.041565 69.873627 8.847221
v -1.251205 65.674286 7.720543
v 0.041565 65.674286 6.422722
v 0.041565 69.873627 8.847221
v 0.041565 69.873627 8.847221
v 0.041565 65.674286 6.422722
v -1.251205 70.986938 8.204460
v 0.041565 65.674286 6.422722
v -1.251205 65.674286 5.137215
v -1.251205 70.986938 8.204460
v -1.251205 70.986938 8.204460
v -1.251205 65.674286 5.137215
v -2.542755 65.674286 6.422714
v 0.078423 -9.572425 4.154129
v 0.078423 -7.052557 -0.203148
v -1.251167 -8.910071 5.301331
v -1.251167 -8.910071 5.301331
v 0.078423 -7.052557 -0.203148
v -1.251167 -8.910071 5.301331
v 0.078423 -7.052557 -0.203148
v -1.251175 -5.727881 -0.203148
v -1.251167 -8.910071 5.301331
v -1.251167 -8.910071 5.301331
v -1.251175 -5.727881 -0.203148
v -2.579514 -7.052558 -0.203148
v -1.251175 -5.727881 -0.203148
v -1.251167 -8.910069 -5.707623
v -2.579514 -7.052558 -0.203148
v -2.579514 -7.052558 -0.203148
v -1.251167 -8.910069 -5.707623
v -2.579514 -9.572423 -4.560406
v -2.579521 9.269070 -4.560398
v -1.251175 8.606715 -5.707615
v -2.579521 6.749200 -0.203140
v -1.251175 8.606715 -5.707615
v -1.251175 5.424523 -0.203140
v -2.579521 6.749200 -0.203140
v -2.579521 6.749200 -0.203140
v -1.251175 5.424523 -0.203140
v -1.251175 8.606713 5.301338
v -1.251175 5.424523 -0.203140
v 0.078415 6.749202 -0.203140
v -1.251175 8.606713 5.301338
v -1.251175 8.606713 5.301338
v 0.078415 6.749202 -0.203140
v 0.078415 9.269067 4.154137
v 0.041565 74.731903 -4.395168
v 0.041565 72.307434 -0.203133
v -1.251205 74.089142 -5.508507
v 0.041565 72.307434 -0.203133
v -1.251205 71.021881 -0.203133
v -1.251205 74.089142 -5.508507
v -1.251205 74.089142 -5.508507
v -1.251205 71.021881 -0.203133
v -2.542755 72.307434 -0.203133
v -1.251205 71.021881 -0.203133
v -1.251205 74.089142 5.102242
v -2.542755 72.307434 -0.203133
v -2.542755 72.307434 -0.203133
v -1.251205 74.089142 5.102242
v -2.542755 74.731903 3.988899
v -2.542747 61.474941 8.847198
v -1.251198 60.361660 8.204460
v -1.251198 60.361660 14.338966
v -1.251198 60.361660 8.204460
v 0.041573 61.474941 8.847221
v -1.251198 60.361660 14.338966
v -1.251198 60.361660 14.338966
v 0.041573 61.474941 8.847221
v 0.041573 61.474941 13.696205
v 0.041573 61.474941 8.847221
v -1.251198 62.598873 13.047310
v 0.041573 61.474941 13.696205
v -0.360794 72.379974 -0.203129
v -1.251205 67.297638 -1.819195
v -1.251205 72.379974 -1.246548
v -1.251205 72.379974 -1.246548
v -1.251205 67.297638 -1.819195
v -2.140381 72.379974 -0.203129
v -1.251205 67.297638 -1.819195
v -2.805893 65.674286 -0.203129
v -2.140381 72.379974 -0.203129
v -2.140381 72.379974 -0.203129
v -2.805893 65.674286 -0.203129
v -1.251205 67.297638 1.412930
v -0.360786 58.968628 -0.203129
v -1.251198 64.050934 1.412930
v -1.251198 58.968628 0.840282
v -1.251198 58.968628 0.840282
v -1.251198 64.050934 1.412930
v -2.140373 58.968628 -0.203129
v -1.251198 64.050934 1.412930
v -2.805893 65.674286 -0.203129
v -2.140373 58.968628 -0.203129
v -2.140373 58.968628 -0.203129
v -2.805893 65.674286 -0.203129
v -1.251198 64.050934 -1.819195
v -2.140381 72.379974 -0.203129
v -1.251205 67.297638 1.412930
v -1.251205 72.379974 0.840282
v -1.251205 72.379974 0.840282
v -1.251205 67.297638 1.412930
v -0.360794 72.379974 -0.203129
v -1.251205 67.297638 1.412930
v 0.304703 65.674286 -0.203129
v -0.360794 72.379974 -0.203129
v -0.360794 72.379974 -0.203129
v 0.304703 65.674286 -0.203129
v -1.251205 67.297638 -1.819195
v -2.140373 58.968628 -0.203129
v -1.251198 64.050934 -1.819195
v -1.251198 58.968628 -1.246548
v -1.251198 58.968628 -1.246548
v -1.251198 64.050934 -1.819195
v -0.360786 58.968628 -0.203129
v -1.251198 64.050934 -1.819195
v 0.304703 65.674286 -0.203129
v -0.360786 58.968628 -0.203129
v -0.360786 58.968628 -0.203129
v 0.304703 65.674286 -0.203129
v -1.251198 64.050934 1.412930
v -2.749626 53.983917 -0.203133
v -2.749626 57.407955 8.055916
v -1.251198 55.542480 -0.203133
v -2.749626 57.407955 8.055916
v -1.251198 58.510040 6.953873
v -1.251198 55.542480 -0.203133
v -1.251198 55.542480 -0.203133
v -1.251198 58.510040 6.953873
v 0.244652 53.983917 -0.203136
v -1.251198 58.510040 6.953873
v 0.244652 57.407955 8.067078
v 0.244652 53.983917 -0.203136
v 0.244644 73.940613 8.067085
v -1.251205 72.838562 6.953880
v 0.244644 77.364655 -0.203129
v 0.244644 77.364655 -0.203129
v -1.251205 72.838562 6.953880
v -1.251205 75.806091 -0.203129
v -1.251205 72.838562 6.953880
v -2.749634 73.940613 8.055923
v -1.251205 75.806091 -0.203129
v -1.251205 75.806091 -0.203129
v -2.749634 73.940613 8.055923
v -2.749634 77.364655 -0.203129
v 0.574287 -8.920448 8.558365
v -1.251167 -7.666603 7.304520
v -1.251175 -0.151681 10.417313
v -1.251167 -7.666603 7.304520
v -3.075394 -0.151683 12.190483
v -1.251175 -0.151681 10.417313
v -1.251175 -0.151681 10.417313
v -3.075394 -0.151683 12.190483
v -1.251175 7.363243 7.304527
v -3.075394 -0.151683 12.190483
v -3.075394 8.617087 8.558350
v -1.251175 7.363243 7.304527
v -1.251160 -7.666599 -7.710812
v -3.075378 -8.920445 -8.964642
v -1.251167 -10.779394 -0.203148
v -3.075378 -8.920445 -8.964642
v -3.075386 -12.552588 -0.203148
v -1.251167 -10.779394 -0.203148
v -1.251167 -10.779394 -0.203148
v -3.075386 -12.552588 -0.203148
v -3.075386 -8.920450 8.558342
v -3.075386 -12.552588 -0.203148
v -1.251167 -10.362237 10.000153
v -3.075386 -8.920450 8.558342
v -1.251198 52.416599 -3.271248
v -2.542747 51.767673 -4.395168
v -1.251198 50.641022 -0.203136
v -1.251198 50.641022 -0.203136
v -2.542747 51.767673 -4.395168
v -2.542747 49.343170 -0.203136
v -2.542747 51.767673 -4.395168
v -1.251198 51.124912 -5.508514
v -2.542747 49.343170 -0.203136
v -2.542747 49.343170 -0.203136
v -1.251198 51.124912 -5.508514
v -2.542747 49.343170 -0.203136
v -1.251198 51.124912 -5.508514
v -1.251198 51.124912 -5.508514
v -2.542747 49.343170 -0.203136
v -2.542747 49.343170 -0.203136
v -1.251198 51.124912 -5.508514
v -1.251198 48.057648 -0.203133
v -1.251198 68.411018 -8.793941
v -1.251190 65.674294 -17.699123
v -3.634987 65.674294 -8.793941
v -3.634987 65.674294 -8.793941
v -1.251190 65.674294 -17.699123
v -1.251190 62.937565 -8.793945
v -1.251190 65.674294 -17.699123
v 1.133812 65.674294 -8.793926
v -1.251190 62.937565 -8.793945
v -1.251175 5.454767 1.241295
v -1.251175 7.234096 -0.203140
v -2.702286 5.454766 -0.203140
v -2.702286 5.454766 -0.203140
v -1.251175 7.234096 -0.203140
v -1.251175 5.454767 -1.647575
v -1.251175 7.234096 -0.203140
v 0.201180 5.454767 -0.203144
v -1.251175 5.454767 -1.647575
v -1.251175 -5.758124 1.241287
v -1.251167 -7.537452 -0.203148
v 0.201180 -5.758122 -0.203148
v 0.201180 -5.758122 -0.203148
v -1.251167 -7.537452 -0.203148
v -1.251175 -5.758122 -1.647583
v -1.251167 -7.537452 -0.203148
v -2.702286 -5.758124 -0.203148
v -1.251175 -5.758122 -1.647583
v -1.251213 83.290985 -0.203133
v 0.041565 82.005432 -0.203129
v -1.251205 80.223633 -5.508507
v -1.251205 80.223633 -5.508507
v 0.041565 82.005432 -0.203129
v 0.041565 79.580902 -4.395168
v 0.041565 82.005432 -0.203129
v -1.251205 80.707550 -0.203133
v 0.041565 79.580902 -4.395168
v -1.251205 66.725006 6.495277
v -1.251205 67.297638 1.412930
v -2.140381 65.674286 6.495270
v -1.251205 67.297638 1.412930
v -2.805893 65.674286 -0.203129
v -2.140381 65.674286 6.495270
v -2.140381 65.674286 6.495270
v -2.805893 65.674286 -0.203129
v -1.251198 64.050934 1.412930
v -1.251198 57.743347 -0.203133
v -2.542747 56.616699 3.988899
v -2.542747 59.041168 -0.203133
v -2.542747 56.616699 3.988899
v -1.251198 57.259430 5.102234
v -2.542747 59.041168 -0.203133
v -2.542747 59.041168 -0.203133
v -1.251198 57.259430 5.102234
v -1.251198 60.326691 -0.203133
v -1.251183 18.153315 -0.203140
v -1.251183 14.971124 5.301338
v 0.078407 16.828640 -0.203136
v -1.251183 14.971124 5.301338
v 0.078407 14.308785 4.154137
v 0.078407 16.828640 -0.203136
v 0.078407 16.828640 -0.203136
v 0.078407 14.308785 4.154137
v -1.251183 15.496973 -0.203136
v -1.251167 -18.456688 -0.203144
v -2.579514 -17.132011 -0.203148
v -1.251167 -15.274481 -5.707626
v -1.251167 -15.274481 -5.707626
v -2.579514 -17.132011 -0.203148
v -2.579514 -14.612143 -4.560406
v -2.579514 -17.132011 -0.203148
v -1.251167 -15.800331 -0.203148
v -2.579514 -14.612143 -4.560406
v -1.251198 51.124912 -5.508514
v -2.542747 51.767673 -4.395168
v -1.251198 57.259434 -5.508511
v -1.251198 57.259434 -5.508511
v -2.542747 51.767673 -4.395168
v -2.542747 56.616703 -4.395164
v -2.542747 51.767673 -4.395168
v -1.251198 52.416599 -3.271248
v -2.542747 56.616703 -4.395164
v -3.564796 46.913055 -0.203136
v -3.400970 46.048187 1.546974
v -1.251198 46.967072 6.307541
v -3.400970 46.048187 1.546974
v -2.509315 33.352753 -0.203140
v -1.251198 46.967072 6.307541
v 1.063652 19.792856 -0.203136
v -1.251183 19.738850 -6.713825
v 0.899841 20.657839 -1.953255
v -1.251183 19.738850 -6.713825
v 0.008179 33.352757 -0.203140
v 0.899841 20.657839 -1.953255
v 0.041573 61.474941 8.847221
v -1.251198 62.598873 9.496132
v -1.251198 62.598873 13.047310
v -1.251198 62.598873 9.496132
v -2.542747 61.474941 13.696198
v -1.251198 62.598873 13.047310
v -1.251205 80.223633 5.102249
v -2.542755 82.005432 -0.203133
v -2.542755 79.580902 3.988899
v -2.542755 79.580902 3.988899
v -2.542755 82.005432 -0.203133
v -1.251205 80.707550 -0.203133
v -1.251167 -15.800331 -0.203148
v 0.078423 -14.612144 4.154114
v 0.078423 -17.132010 -0.203144
v 0.078423 -17.132010 -0.203144
v 0.078423 -14.612144 4.154114
v -1.251167 -15.274483 5.301331
v -1.251183 15.496973 -0.203136
v -2.579529 16.828638 -0.203140
v -2.579529 14.308787 -4.560402
v -2.579529 16.828638 -0.203140
v -1.251183 14.971127 -5.707615
v -2.579529 14.308787 -4.560402
v -3.075386 -0.151675 -12.596779
v -1.251167 7.363247 -7.710804
v -3.075386 8.617093 -8.964634
v -3.075386 8.617093 -8.964634
v -1.251167 7.363247 -7.710804
v -1.251175 10.476038 -0.203140
v -2.749626 71.186165 -10.126984
v -1.251198 71.817665 -11.459263
v -1.251198 70.563560 -8.813499
v -1.251198 71.817665 -11.459263
v 0.244659 71.185188 -10.138092
v -1.251198 70.563560 -8.813499
v -1.251198 72.838562 -7.360149
v 0.244659 71.185188 -10.138092
v 0.244644 73.940620 -8.473354
v 0.244644 73.940620 -8.473354
v 0.244659 71.185188 -10.138092
v -1.251198 71.817665 -11.459263
v -2.749619 60.162415 -10.126980
v -1.251190 60.785038 -8.813499
v -1.251190 59.530914 -11.459259
v -1.251190 60.785038 -8.813499
v 0.244667 60.163395 -10.138092
v -1.251190 59.530914 -11.459259
v -1.251190 59.530914 -11.459259
v 0.244667 60.163395 -10.138092
v 0.244667 57.407963 -8.473354
v 0.244667 60.163395 -10.138092
v -1.251190 58.510044 -7.360149
v 0.244667 57.407963 -8.473354
v -2.509315 33.352753 -0.203140
v 0.899841 20.657837 1.546982
v -3.400963 20.657806 1.546970
v -3.400963 20.657806 1.546970
v 0.899841 20.657837 1.546982
v 1.063652 19.792856 -0.203136
v -1.251190 65.674294 -17.699123
v -1.251198 68.411018 -8.793941
v 1.133812 65.674294 -8.793926
v -1.251205 65.674286 8.620018
v -1.251205 64.623596 6.495277
v -0.360794 65.674286 6.495277
v -1.251213 68.015282 18.374474
v -1.251205 65.674286 13.674904
v -2.967583 65.674278 18.374466
v 0.466377 65.674278 18.374474
v -1.251213 65.674278 25.427788
v -1.251205 63.333275 18.374474
v -1.251198 53.716640 8.436584
v -1.251198 50.059505 15.404388
v -3.591583 55.371975 10.091911
v 1.090431 55.371975 10.091919
v -1.251198 59.427032 6.036858
v -1.251198 57.027309 11.747269
v -3.591591 75.976593 10.091919
v -1.251205 74.321259 11.747276
v -1.251205 81.289055 15.404404
v -1.251205 77.631958 8.436592
v 1.090424 75.976593 10.091927
v -1.251205 71.921539 6.036858
v -1.251190 33.352753 1.314869
v -1.251183 19.738844 6.307549
v 0.008179 33.352757 -0.203140
v -1.251183 19.738844 6.307549
v -3.564781 19.792854 -0.203140
v -1.251183 14.734964 -0.203140
v -1.251213 84.259186 2.130581
v -2.967575 84.259186 -0.203129
v -1.251205 79.559570 -0.203129
v -1.251167 -12.643441 8.838455
v -3.685036 -10.921991 10.559883
v -1.251167 -6.648400 6.286316
v 1.183937 -10.921989 10.559891
v -1.251167 -9.200541 12.281342
v -1.251167 -15.504391 15.142288
v -1.251175 7.234096 -0.203140
v -1.251175 5.454767 1.241295
v 0.201180 5.454767 -0.203144
v -1.251167 -7.537452 -0.203148
v -1.251175 -5.758124 1.241287
v -2.702286 -5.758124 -0.203148
v -1.251160 -9.200533 -12.687634
v -1.251152 -15.504381 -15.548584
v -3.685028 -10.921986 -10.966183
v 1.183945 -10.921984 -10.966183
v -1.251167 -6.648397 -6.692608
v -1.251160 -12.643436 -9.244747
v -1.251213 84.259186 -2.536839
v -1.251213 91.312500 -0.203129
v 0.466377 84.259186 -0.203129
v -1.251190 33.352757 -1.721149
v -2.509315 33.352753 -0.203140
v -1.251198 46.967075 -6.713821
v -1.251198 46.967075 -6.713821
v -1.251198 51.970520 -0.203136
v 1.063637 46.913055 -0.203133
v -1.251205 70.986938 8.204460
v -2.542755 65.674286 6.422714
v -2.542755 69.873627 8.847214
v -1.251205 75.058441 9.173759
v -2.749634 65.674286 11.479950
v -1.251205 65.674286 13.060814
v 0.041565 72.307434 -0.203133
v -1.251205 74.089142 5.102242
v -1.251205 71.021881 -0.203133
v 0.574280 8.617089 8.558372
v -1.251175 -0.151683 14.229507
v 0.574280 -0.151681 12.190506
v -2.579514 -9.572426 4.154106
v -1.251167 -8.384237 -0.203148
v -1.251167 -10.238257 3.000809
v -1.251175 8.080881 -0.203140
v 0.078415 9.269072 -4.560413
v -1.251175 9.934902 -3.407097
v 0.078423 -7.052557 -0.203148
v -1.251167 -8.910069 -5.707623
v -1.251175 -5.727881 -0.203148
v -1.251167 10.058881 -10.406437
v -3.075401 12.249230 -0.203140
v -1.251183 14.288233 -0.203140
v -1.251167 -10.779394 -0.203148
v 0.574295 -8.920443 -8.964657
v -1.251160 -7.666599 -7.710812
v -2.542755 74.731903 -4.395164
v -1.251205 73.605225 -0.203133
v -1.251205 75.380798 -3.271240
v -2.749634 65.674286 11.479950
v -1.251198 56.290127 9.173752
v -1.251205 65.674286 13.060814
v 0.041565 74.731903 3.988911
v -1.251205 73.605225 -0.203133
v -1.251205 75.380798 2.864983
v -3.075394 -0.151683 12.190483
v -1.251175 10.058875 10.000160
v -3.075394 8.617087 8.558350
v -1.251175 8.080881 -0.203140
v -2.579521 9.269066 4.154114
v -1.251175 9.934900 3.000816
v -1.251175 8.606715 -5.707615
v 0.078415 6.749202 -0.203140
v -1.251175 5.424523 -0.203140
v 0.078423 -9.572422 -4.560421
v -1.251167 -8.384237 -0.203148
v -1.251167 -10.238256 -3.407104
v 0.574287 8.617094 -8.964649
v -1.251167 -0.151675 -10.823601
v 0.574287 -0.151674 -12.596794
v -1.251160 -10.362231 -10.406445
v 0.574287 -12.552587 -0.203144
v -1.251167 -14.591589 -0.203152
vt 0.964600 0.499513
vt 0.994141 0.326905
vt 0.964600 0.295411
vt 0.964600 0.295411
vt 0.994141 0.326905
vt 0.994141 0.124757
vt 0.994141 0.326905
vt 0.964600 0.295411
vt 0.994141 0.124757
vt 0.994141 0.124757
vt 0.964600 0.295411
vt 0.964600 0.071534
vt 0.964600 0.295411
vt 0.932129 0.263917
vt 0.964600 0.071534
vt 0.964600 0.071534
vt 0.932129 0.263917
vt 0.932129 0.011720
vt 0.932129 0.263917
vt 0.964600 0.071534
vt 0.932129 0.011720
vt 0.932129 0.011720
vt 0.964600 0.071534
vt 0.932129 0.263917
vt 0.964600 0.071534
vt 0.964600 0.295411
vt 0.932129 0.263917
vt 0.932129 0.263917
vt 0.964600 0.295411
vt 0.964600 0.499513
vt 0.964600 0.295411
vt 0.994141 0.326905
vt 0.964600 0.499513
vt 0.964600 0.499513
vt 0.994141 0.326905
vt 0.994141 0.499513
vt 0.994141 0.326905
vt 0.964600 0.295411
vt 0.994141 0.499513
vt 0.994141 0.499513
vt 0.964600 0.295411
vt 0.964600 0.499513
vt 0.964600 0.295411
vt 0.932129 0.499513
vt 0.964600 0.499513
vt 0.964600 0.499513
vt 0.932129 0.499513
vt 0.964600 0.700196
vt 0.932129 0.499513
vt 0.932129 0.733399
vt 0.964600 0.700196
vt 0.964600 0.700196
vt 0.932129 0.733399
vt 0.964600 0.917481
vt 0.932129 0.733399
vt 0.932129 0.987061
vt 0.964600 0.917481
vt 0.964600 0.917481
vt 0.932129 0.987061
vt 0.932129 0.733399
vt 0.932129 0.987061
vt 0.964600 0.917481
vt 0.932129 0.733399
vt 0.932129 0.733399
vt 0.964600 0.917481
vt 0.964600 0.700196
vt 0.964600 0.917481
vt 0.994141 0.858155
vt 0.964600 0.700196
vt 0.964600 0.700196
vt 0.994141 0.858155
vt 0.994141 0.670655
vt 0.994141 0.858155
vt 0.964600 0.700196
vt 0.994141 0.670655
vt 0.994141 0.670655
vt 0.964600 0.700196
vt 0.994141 0.499513
vt 0.964600 0.700196
vt 0.964600 0.499513
vt 0.994141 0.499513
vt 0.994141 0.499513
vt 0.964600 0.499513
vt 0.964600 0.295411
vt 0.964600 0.499513
vt 0.932129 0.499513
vt 0.964600 0.295411
vt 0.964600 0.295411
vt 0.932129 0.499513
vt 0.932129 0.263917
vt 0.932129 0.499513
vt 0.964600 0.499513
vt 0.932129 0.263917
vt 0.932129 0.263917
vt 0.964600 0.499513
vt 0.964600 0.295411
vt 0.687744 0.209473
vt 0.662598 0.334229
vt 0.662598 0.228272
vt 0.662598 0.228272
vt 0.662598 0.334229
vt 0.687744 0.353516
vt 0.662598 0.334229
vt 0.662598 0.439698
vt 0.687744 0.353516
vt 0.687744 0.353516
vt 0.662598 0.439698
vt 0.687744 0.497071
vt 0.662598 0.439698
vt 0.687744 0.353516
vt 0.687744 0.497071
vt 0.687744 0.497071
vt 0.687744 0.353516
vt 0.712891 0.372559
vt 0.687744 0.353516
vt 0.687744 0.209473
vt 0.712891 0.372559
vt 0.712891 0.372559
vt 0.687744 0.209473
vt 0.712891 0.190675
vt 0.687744 0.209473
vt 0.687744 0.065431
vt 0.712891 0.190675
vt 0.712891 0.190675
vt 0.687744 0.065431
vt 0.712891 0.008790
vt 0.687744 0.065431
vt 0.712891 0.190675
vt 0.712891 0.008790
vt 0.712891 0.008790
vt 0.712891 0.190675
vt 0.687744 0.065431
vt 0.712891 0.190675
vt 0.687744 0.209473
vt 0.687744 0.065431
vt 0.687744 0.065431
vt 0.687744 0.209473
vt 0.662598 0.122315
vt 0.687744 0.209473
vt 0.662598 0.228272
vt 0.662598 0.122315
vt 0.662598 0.122315
vt 0.662598 0.228272
vt 0.687744 0.209473
vt 0.662598 0.228272
vt 0.687744 0.353516
vt 0.687744 0.209473
vt 0.687744 0.209473
vt 0.687744 0.353516
vt 0.712891 0.372559
vt 0.687744 0.353516
vt 0.687744 0.497071
vt 0.712891 0.372559
vt 0.712891 0.372559
vt 0.687744 0.497071
vt 0.712891 0.553956
vt 0.687744 0.497071
vt 0.712891 0.372559
vt 0.712891 0.553956
vt 0.712891 0.553956
vt 0.712891 0.372559
vt 0.687744 0.497071
vt 0.712891 0.372559
vt 0.687744 0.353516
vt 0.687744 0.497071
vt 0.687744 0.497071
vt 0.687744 0.353516
vt 0.662598 0.439698
vt 0.687744 0.353516
vt 0.662598 0.334229
vt 0.662598 0.439698
vt 0.662598 0.439698
vt 0.662598 0.334229
vt 0.687744 0.353516
vt 0.662598 0.334229
vt 0.687744 0.209473
vt 0.687744 0.353516
vt 0.671387 0.787843
vt 0.671387 0.931397
vt 0.646240 0.806886
vt 0.671387 0.931397
vt 0.646240 0.988282
vt 0.646240 0.806886
vt 0.646240 0.806886
vt 0.646240 0.988282
vt 0.671387 0.931397
vt 0.646240 0.988282
vt 0.646240 0.806886
vt 0.671387 0.931397
vt 0.671387 0.931397
vt 0.646240 0.806886
vt 0.671387 0.787843
vt 0.646240 0.806886
vt 0.671387 0.643800
vt 0.671387 0.787843
vt 0.671387 0.787843
vt 0.671387 0.643800
vt 0.696533 0.768556
vt 0.671387 0.643800
vt 0.696533 0.662598
vt 0.696533 0.768556
vt 0.696533 0.768556
vt 0.696533 0.662598
vt 0.671387 0.643800
vt 0.696533 0.662598
vt 0.696533 0.556641
vt 0.671387 0.643800
vt 0.671387 0.643800
vt 0.696533 0.556641
vt 0.671387 0.499757
vt 0.696533 0.556641
vt 0.671387 0.643800
vt 0.671387 0.499757
vt 0.671387 0.499757
vt 0.671387 0.643800
vt 0.646240 0.625001
vt 0.671387 0.643800
vt 0.646240 0.806886
vt 0.646240 0.625001
vt 0.646240 0.625001
vt 0.646240 0.806886
vt 0.646240 0.625001
vt 0.646240 0.806886
vt 0.646240 0.806886
vt 0.646240 0.625001
vt 0.646240 0.625001
vt 0.646240 0.806886
vt 0.671387 0.643800
vt 0.646240 0.806886
vt 0.671387 0.787843
vt 0.671387 0.643800
vt 0.671387 0.643800
vt 0.671387 0.787843
vt 0.696533 0.768556
vt 0.671387 0.787843
vt 0.696533 0.874024
vt 0.696533 0.768556
vt 0.696533 0.768556
vt 0.696533 0.874024
vt 0.671387 0.787843
vt 0.696533 0.874024
vt 0.671387 0.931397
vt 0.671387 0.787843
vt 0.895020 0.804688
vt 0.872559 0.820313
vt 0.895020 0.925782
vt 0.872559 0.820313
vt 0.872559 0.972413
vt 0.895020 0.925782
vt 0.895020 0.925782
vt 0.872559 0.972413
vt 0.872559 0.820313
vt 0.872559 0.972413
vt 0.895020 0.925782
vt 0.872559 0.820313
vt 0.872559 0.820313
vt 0.895020 0.925782
vt 0.895020 0.804688
vt 0.895020 0.925782
vt 0.919434 0.875245
vt 0.895020 0.804688
vt 0.895020 0.804688
vt 0.919434 0.875245
vt 0.919434 0.788819
vt 0.919434 0.875245
vt 0.895020 0.804688
vt 0.919434 0.788819
vt 0.919434 0.788819
vt 0.895020 0.804688
vt 0.895020 0.680665
vt 0.895020 0.804688
vt 0.872559 0.820313
vt 0.895020 0.680665
vt 0.895020 0.680665
vt 0.872559 0.820313
vt 0.872559 0.663819
vt 0.872559 0.820313
vt 0.895020 0.680665
vt 0.872559 0.663819
vt 0.872559 0.663819
vt 0.895020 0.680665
vt 0.895020 0.559571
vt 0.895020 0.680665
vt 0.919434 0.612306
vt 0.895020 0.559571
vt 0.895020 0.559571
vt 0.919434 0.612306
vt 0.895020 0.680665
vt 0.919434 0.612306
vt 0.919434 0.697511
vt 0.895020 0.680665
vt 0.895020 0.680665
vt 0.919434 0.697511
vt 0.919434 0.788819
vt 0.919434 0.697511
vt 0.895020 0.680665
vt 0.919434 0.788819
vt 0.919434 0.788819
vt 0.895020 0.680665
vt 0.895020 0.804688
vt 0.895020 0.680665
vt 0.872559 0.820313
vt 0.895020 0.804688
vt 0.919434 0.195069
vt 0.895020 0.302247
vt 0.895020 0.178223
vt 0.895020 0.178223
vt 0.895020 0.302247
vt 0.872559 0.161378
vt 0.895020 0.302247
vt 0.872559 0.317872
vt 0.872559 0.161378
vt 0.872559 0.161378
vt 0.872559 0.317872
vt 0.895020 0.302247
vt 0.872559 0.317872
vt 0.895020 0.423341
vt 0.895020 0.302247
vt 0.895020 0.302247
vt 0.895020 0.423341
vt 0.919434 0.372804
vt 0.895020 0.423341
vt 0.895020 0.302247
vt 0.919434 0.372804
vt 0.919434 0.372804
vt 0.895020 0.302247
vt 0.919434 0.286378
vt 0.895020 0.302247
vt 0.919434 0.195069
vt 0.919434 0.286378
vt 0.919434 0.286378
vt 0.919434 0.195069
vt 0.895020 0.302247
vt 0.919434 0.195069
vt 0.895020 0.178223
vt 0.895020 0.302247
vt 0.895020 0.302247
vt 0.895020 0.178223
vt 0.872559 0.161378
vt 0.895020 0.178223
vt 0.895020 0.057130
vt 0.872559 0.161378
vt 0.872559 0.161378
vt 0.895020 0.057130
vt 0.872559 0.011720
vt 0.895020 0.057130
vt 0.872559 0.161378
vt 0.872559 0.011720
vt 0.872559 0.011720
vt 0.872559 0.161378
vt 0.895020 0.057130
vt 0.872559 0.161378
vt 0.895020 0.178223
vt 0.895020 0.057130
vt 0.895020 0.057130
vt 0.895020 0.178223
vt 0.919434 0.109864
vt 0.895020 0.178223
vt 0.919434 0.195069
vt 0.919434 0.109864
vt 0.919434 0.109864
vt 0.919434 0.195069
vt 0.895020 0.178223
vt 0.832520 0.533448
vt 0.832520 0.660890
vt 0.802734 0.497315
vt 0.802734 0.497315
vt 0.832520 0.660890
vt 0.802734 0.643311
vt 0.832520 0.660890
vt 0.832520 0.788575
vt 0.802734 0.643311
vt 0.802734 0.643311
vt 0.832520 0.788575
vt 0.802734 0.788575
vt 0.832520 0.788575
vt 0.802734 0.932374
vt 0.802734 0.788575
vt 0.802734 0.788575
vt 0.802734 0.932374
vt 0.832520 0.788575
vt 0.802734 0.932374
vt 0.832520 0.916016
vt 0.832520 0.788575
vt 0.832520 0.788575
vt 0.832520 0.916016
vt 0.861572 0.788575
vt 0.832520 0.916016
vt 0.861572 0.899659
vt 0.861572 0.788575
vt 0.861572 0.788575
vt 0.861572 0.899659
vt 0.832520 0.788575
vt 0.861572 0.899659
vt 0.832520 0.916016
vt 0.832520 0.788575
vt 0.832520 0.788575
vt 0.832520 0.916016
vt 0.802734 0.932374
vt 0.832520 0.916016
vt 0.802734 0.985841
vt 0.802734 0.932374
vt 0.802734 0.932374
vt 0.802734 0.985841
vt 0.832520 0.916016
vt 0.802734 0.985841
vt 0.832520 0.962159
vt 0.832520 0.916016
vt 0.832520 0.916016
vt 0.832520 0.962159
vt 0.861572 0.899659
vt 0.832520 0.962159
vt 0.861572 0.938233
vt 0.861572 0.899659
vt 0.861572 0.899659
vt 0.861572 0.938233
vt 0.832520 0.962159
vt 0.832520 0.032716
vt 0.861572 0.057374
vt 0.861572 0.095948
vt 0.861572 0.057374
vt 0.832520 0.032716
vt 0.861572 0.095948
vt 0.861572 0.095948
vt 0.832520 0.032716
vt 0.832520 0.078614
vt 0.832520 0.032716
vt 0.802734 0.009034
vt 0.832520 0.078614
vt 0.832520 0.078614
vt 0.802734 0.009034
vt 0.802734 0.062501
vt 0.802734 0.009034
vt 0.802734 0.009034
vt 0.802734 0.062501
vt 0.802734 0.062501
vt 0.802734 0.009034
vt 0.802734 0.062501
vt 0.802734 0.009034
vt 0.832520 0.078614
vt 0.802734 0.062501
vt 0.802734 0.062501
vt 0.832520 0.078614
vt 0.832520 0.206544
vt 0.832520 0.078614
vt 0.861572 0.095948
vt 0.832520 0.206544
vt 0.832520 0.206544
vt 0.861572 0.095948
vt 0.861572 0.206544
vt 0.861572 0.095948
vt 0.832520 0.078614
vt 0.861572 0.206544
vt 0.861572 0.206544
vt 0.832520 0.078614
vt 0.832520 0.206544
vt 0.832520 0.078614
vt 0.802734 0.062501
vt 0.832520 0.206544
vt 0.832520 0.206544
vt 0.802734 0.062501
vt 0.802734 0.206544
vt 0.802734 0.062501
vt 0.832520 0.206544
vt 0.802734 0.206544
vt 0.802734 0.206544
vt 0.832520 0.206544
vt 0.802734 0.351563
vt 0.832520 0.206544
vt 0.832520 0.333741
vt 0.802734 0.351563
vt 0.802734 0.351563
vt 0.832520 0.333741
vt 0.802734 0.497315
vt 0.832520 0.333741
vt 0.832520 0.461427
vt 0.802734 0.497315
vt 0.872559 0.161378
vt 0.895020 0.302247
vt 0.895020 0.178223
vt 0.895020 0.178223
vt 0.895020 0.302247
vt 0.919434 0.195069
vt 0.895020 0.302247
vt 0.919434 0.286378
vt 0.919434 0.195069
vt 0.919434 0.195069
vt 0.919434 0.286378
vt 0.895020 0.302247
vt 0.919434 0.286378
vt 0.919434 0.372804
vt 0.895020 0.302247
vt 0.895020 0.302247
vt 0.919434 0.372804
vt 0.895020 0.423341
vt 0.919434 0.372804
vt 0.895020 0.302247
vt 0.895020 0.423341
vt 0.895020 0.423341
vt 0.895020 0.302247
vt 0.872559 0.317872
vt 0.895020 0.302247
vt 0.872559 0.161378
vt 0.872559 0.317872
vt 0.872559 0.317872
vt 0.872559 0.161378
vt 0.895020 0.302247
vt 0.872559 0.161378
vt 0.895020 0.178223
vt 0.895020 0.302247
vt 0.895020 0.302247
vt 0.895020 0.178223
vt 0.919434 0.195069
vt 0.895020 0.178223
vt 0.919434 0.109864
vt 0.919434 0.195069
vt 0.919434 0.195069
vt 0.919434 0.109864
vt 0.895020 0.178223
vt 0.919434 0.109864
vt 0.895020 0.057130
vt 0.895020 0.178223
vt 0.872559 0.820313
vt 0.895020 0.804688
vt 0.895020 0.680665
vt 0.895020 0.804688
vt 0.919434 0.788819
vt 0.895020 0.680665
vt 0.895020 0.680665
vt 0.919434 0.788819
vt 0.919434 0.697511
vt 0.919434 0.788819
vt 0.895020 0.680665
vt 0.919434 0.697511
vt 0.919434 0.697511
vt 0.895020 0.680665
vt 0.919434 0.612306
vt 0.895020 0.680665
vt 0.895020 0.559571
vt 0.919434 0.612306
vt 0.919434 0.612306
vt 0.895020 0.559571
vt 0.895020 0.680665
vt 0.895020 0.559571
vt 0.872559 0.663819
vt 0.895020 0.680665
vt 0.895020 0.680665
vt 0.872559 0.663819
vt 0.872559 0.820313
vt 0.872559 0.663819
vt 0.895020 0.680665
vt 0.872559 0.820313
vt 0.872559 0.820313
vt 0.895020 0.680665
vt 0.895020 0.804688
vt 0.895020 0.680665
vt 0.919434 0.788819
vt 0.895020 0.804688
vt 0.895020 0.804688
vt 0.919434 0.788819
vt 0.919434 0.875245
vt 0.919434 0.788819
vt 0.895020 0.804688
vt 0.919434 0.875245
vt 0.919434 0.875245
vt 0.895020 0.804688
vt 0.895020 0.925782
vt 0.671387 0.931397
vt 0.671387 0.787843
vt 0.696533 0.874024
vt 0.671387 0.787843
vt 0.696533 0.768556
vt 0.696533 0.874024
vt 0.696533 0.874024
vt 0.696533 0.768556
vt 0.671387 0.787843
vt 0.696533 0.768556
vt 0.671387 0.643800
vt 0.671387 0.787843
vt 0.671387 0.787843
vt 0.671387 0.643800
vt 0.646240 0.806886
vt 0.671387 0.643800
vt 0.646240 0.625001
vt 0.646240 0.806886
vt 0.646240 0.806886
vt 0.646240 0.625001
vt 0.671387 0.643800
vt 0.646240 0.625001
vt 0.671387 0.499757
vt 0.671387 0.643800
vt 0.671387 0.643800
vt 0.671387 0.499757
vt 0.696533 0.556641
vt 0.671387 0.499757
vt 0.671387 0.643800
vt 0.696533 0.556641
vt 0.696533 0.556641
vt 0.671387 0.643800
vt 0.696533 0.662598
vt 0.671387 0.643800
vt 0.696533 0.768556
vt 0.696533 0.662598
vt 0.696533 0.662598
vt 0.696533 0.768556
vt 0.671387 0.643800
vt 0.696533 0.768556
vt 0.671387 0.787843
vt 0.671387 0.643800
vt 0.671387 0.643800
vt 0.671387 0.787843
vt 0.646240 0.806886
vt 0.774902 0.874024
vt 0.749756 0.931397
vt 0.774902 0.768556
vt 0.749756 0.931397
vt 0.749756 0.787843
vt 0.774902 0.768556
vt 0.774902 0.768556
vt 0.749756 0.787843
vt 0.749756 0.643800
vt 0.749756 0.787843
vt 0.724609 0.806886
vt 0.749756 0.643800
vt 0.749756 0.643800
vt 0.724609 0.806886
vt 0.724609 0.625001
vt 0.724609 0.806886
vt 0.749756 0.787843
vt 0.724609 0.625001
vt 0.724609 0.625001
vt 0.749756 0.787843
vt 0.749756 0.643800
vt 0.749756 0.787843
vt 0.774902 0.768556
vt 0.749756 0.643800
vt 0.749756 0.643800
vt 0.774902 0.768556
vt 0.774902 0.662598
vt 0.774902 0.768556
vt 0.749756 0.643800
vt 0.774902 0.662598
vt 0.774902 0.662598
vt 0.749756 0.643800
vt 0.774902 0.662598
vt 0.749756 0.643800
vt 0.749756 0.643800
vt 0.774902 0.662598
vt 0.774902 0.662598
vt 0.749756 0.643800
vt 0.774902 0.556641
vt 0.749756 0.643800
vt 0.749756 0.499757
vt 0.774902 0.556641
vt 0.740479 0.122315
vt 0.765625 0.065431
vt 0.765625 0.209473
vt 0.765625 0.065431
vt 0.790771 0.008790
vt 0.765625 0.209473
vt 0.765625 0.209473
vt 0.790771 0.008790
vt 0.790771 0.190675
vt 0.790771 0.008790
vt 0.765625 0.065431
vt 0.790771 0.190675
vt 0.790771 0.190675
vt 0.765625 0.065431
vt 0.765625 0.209473
vt 0.765625 0.065431
vt 0.740479 0.122315
vt 0.765625 0.209473
vt 0.765625 0.209473
vt 0.740479 0.122315
vt 0.740479 0.228272
vt 0.740479 0.122315
vt 0.765625 0.209473
vt 0.740479 0.228272
vt 0.740479 0.228272
vt 0.765625 0.209473
vt 0.765625 0.353516
vt 0.765625 0.209473
vt 0.790771 0.372559
vt 0.765625 0.353516
vt 0.765625 0.353516
vt 0.790771 0.372559
vt 0.765625 0.497071
vt 0.790771 0.372559
vt 0.790771 0.553956
vt 0.765625 0.497071
vt 0.662598 0.439698
vt 0.662598 0.334229
vt 0.687744 0.353516
vt 0.662598 0.334229
vt 0.687744 0.209473
vt 0.687744 0.353516
vt 0.687744 0.353516
vt 0.687744 0.209473
vt 0.712891 0.372559
vt 0.687744 0.209473
vt 0.712891 0.190675
vt 0.712891 0.372559
vt 0.712891 0.372559
vt 0.712891 0.190675
vt 0.687744 0.209473
vt 0.712891 0.190675
vt 0.687744 0.065431
vt 0.687744 0.209473
vt 0.687744 0.209473
vt 0.687744 0.065431
vt 0.662598 0.122315
vt 0.687744 0.065431
vt 0.687744 0.209473
vt 0.662598 0.122315
vt 0.662598 0.122315
vt 0.687744 0.209473
vt 0.662598 0.228272
vt 0.687744 0.209473
vt 0.662598 0.334229
vt 0.662598 0.228272
vt 0.662598 0.228272
vt 0.662598 0.334229
vt 0.687744 0.353516
vt 0.327637 0.106934
vt 0.367432 0.149903
vt 0.327637 0.206788
vt 0.327637 0.206788
vt 0.367432 0.149903
vt 0.327637 0.106934
vt 0.367432 0.149903
vt 0.367432 0.106934
vt 0.327637 0.106934
vt 0.327637 0.106934
vt 0.367432 0.106934
vt 0.367432 0.064698
vt 0.367432 0.106934
vt 0.426270 0.045411
vt 0.367432 0.064698
vt 0.367432 0.064698
vt 0.426270 0.045411
vt 0.367432 0.106934
vt 0.426270 0.045411
vt 0.455566 0.106934
vt 0.367432 0.106934
vt 0.367432 0.106934
vt 0.455566 0.106934
vt 0.426270 0.167237
vt 0.327637 0.106934
vt 0.367432 0.064698
vt 0.327637 0.008790
vt 0.327637 0.008790
vt 0.367432 0.064698
vt 0.327637 0.106934
vt 0.367432 0.064698
vt 0.367432 0.106934
vt 0.327637 0.106934
vt 0.327637 0.106934
vt 0.367432 0.106934
vt 0.367432 0.149903
vt 0.367432 0.106934
vt 0.426270 0.167237
vt 0.367432 0.149903
vt 0.367432 0.149903
vt 0.426270 0.167237
vt 0.367432 0.106934
vt 0.426270 0.167237
vt 0.455566 0.106934
vt 0.367432 0.106934
vt 0.367432 0.106934
vt 0.455566 0.106934
vt 0.426270 0.045411
vt 0.465820 0.106934
vt 0.567871 0.106934
vt 0.496338 0.046143
vt 0.567871 0.106934
vt 0.567871 0.068604
vt 0.496338 0.046143
vt 0.496338 0.046143
vt 0.567871 0.068604
vt 0.567871 0.106934
vt 0.567871 0.068604
vt 0.600342 0.106934
vt 0.567871 0.106934
vt 0.567871 0.106934
vt 0.600342 0.106934
vt 0.567871 0.146973
vt 0.600342 0.106934
vt 0.567871 0.106934
vt 0.567871 0.146973
vt 0.567871 0.146973
vt 0.567871 0.106934
vt 0.496338 0.167725
vt 0.567871 0.106934
vt 0.465820 0.106934
vt 0.496338 0.167725
vt 0.336426 0.342042
vt 0.291016 0.642335
vt 0.336426 0.642335
vt 0.336426 0.642335
vt 0.291016 0.642335
vt 0.336426 0.942384
vt 0.291016 0.642335
vt 0.291016 0.942384
vt 0.336426 0.942384
vt 0.336426 0.942384
vt 0.291016 0.942384
vt 0.336426 0.988282
vt 0.291016 0.942384
vt 0.291016 0.988282
vt 0.336426 0.988282
vt 0.336426 0.988282
vt 0.291016 0.988282
vt 0.336426 0.942384
vt 0.291016 0.988282
vt 0.291016 0.942384
vt 0.336426 0.942384
vt 0.336426 0.942384
vt 0.291016 0.942384
vt 0.291016 0.642335
vt 0.964600 0.499513
vt 0.932129 0.499513
vt 0.932129 0.733399
vt 0.932129 0.499513
vt 0.964600 0.700196
vt 0.932129 0.733399
vt 0.932129 0.733399
vt 0.964600 0.700196
vt 0.964600 0.917481
vt 0.964600 0.700196
vt 0.994141 0.858155
vt 0.964600 0.917481
vt 0.964600 0.917481
vt 0.994141 0.858155
vt 0.964600 0.700196
vt 0.994141 0.858155
vt 0.994141 0.670655
vt 0.964600 0.700196
vt 0.964600 0.700196
vt 0.994141 0.670655
vt 0.964600 0.700196
vt 0.994141 0.670655
vt 0.994141 0.670655
vt 0.964600 0.700196
vt 0.964600 0.700196
vt 0.994141 0.670655
vt 0.994141 0.499513
vt 0.994141 0.670655
vt 0.964600 0.499513
vt 0.994141 0.499513
vt 0.200928 0.008302
vt 0.200928 0.079102
vt 0.005371 0.008302
vt 0.005371 0.008302
vt 0.200928 0.079102
vt 0.005371 0.079102
vt 0.200928 0.079102
vt 0.200928 0.008302
vt 0.005371 0.079102
vt 0.005371 0.079102
vt 0.200928 0.008302
vt 0.005371 0.008302
vt 0.200928 0.008302
vt 0.200928 0.079102
vt 0.005371 0.008302
vt 0.005371 0.008302
vt 0.200928 0.079102
vt 0.005371 0.079102
vt 0.200928 0.079102
vt 0.200928 0.008302
vt 0.005371 0.079102
vt 0.005371 0.079102
vt 0.200928 0.008302
vt 0.005371 0.008302
vt 0.994141 0.858155
vt 0.964600 0.917481
vt 0.964600 0.700196
vt 0.964600 0.917481
vt 0.932129 0.733399
vt 0.964600 0.700196
vt 0.964600 0.700196
vt 0.932129 0.733399
vt 0.964600 0.499513
vt 0.932129 0.733399
vt 0.932129 0.499513
vt 0.964600 0.499513
vt 0.964600 0.499513
vt 0.932129 0.499513
vt 0.932129 0.263917
vt 0.932129 0.499513
vt 0.964600 0.295411
vt 0.932129 0.263917
vt 0.932129 0.263917
vt 0.964600 0.295411
vt 0.964600 0.071534
vt 0.964600 0.295411
vt 0.994141 0.124757
vt 0.964600 0.071534
vt 0.802734 0.206544
vt 0.802734 0.351563
vt 0.832520 0.206544
vt 0.832520 0.206544
vt 0.802734 0.351563
vt 0.832520 0.333741
vt 0.802734 0.351563
vt 0.832520 0.461427
vt 0.832520 0.333741
vt 0.832520 0.333741
vt 0.832520 0.461427
vt 0.861572 0.317384
vt 0.832520 0.461427
vt 0.861572 0.427247
vt 0.861572 0.317384
vt 0.861572 0.317384
vt 0.861572 0.427247
vt 0.832520 0.333741
vt 0.861572 0.427247
vt 0.832520 0.461427
vt 0.832520 0.333741
vt 0.832520 0.533448
vt 0.861572 0.568360
vt 0.832520 0.660890
vt 0.832520 0.660890
vt 0.861572 0.568360
vt 0.861572 0.678223
vt 0.861572 0.568360
vt 0.832520 0.533448
vt 0.861572 0.678223
vt 0.861572 0.678223
vt 0.832520 0.533448
vt 0.832520 0.660890
vt 0.832520 0.533448
vt 0.802734 0.643311
vt 0.832520 0.660890
vt 0.832520 0.660890
vt 0.802734 0.643311
vt 0.832520 0.788575
vt 0.802734 0.643311
vt 0.802734 0.788575
vt 0.832520 0.788575
vt 0.423828 0.690675
vt 0.348877 0.690675
vt 0.423828 0.602052
vt 0.423828 0.602052
vt 0.348877 0.690675
vt 0.423828 0.690675
vt 0.348877 0.690675
vt 0.423828 0.779542
vt 0.423828 0.690675
vt 0.423828 0.690675
vt 0.423828 0.779542
vt 0.533691 0.690675
vt 0.423828 0.779542
vt 0.423828 0.690675
vt 0.533691 0.690675
vt 0.533691 0.690675
vt 0.423828 0.690675
vt 0.423828 0.602052
vt 0.559814 0.589356
vt 0.449707 0.589356
vt 0.559814 0.677979
vt 0.559814 0.677979
vt 0.449707 0.589356
vt 0.559814 0.589356
vt 0.449707 0.589356
vt 0.559814 0.500733
vt 0.559814 0.589356
vt 0.559814 0.589356
vt 0.559814 0.500733
vt 0.634766 0.589356
vt 0.559814 0.500733
vt 0.559814 0.589356
vt 0.634766 0.589356
vt 0.634766 0.589356
vt 0.559814 0.589356
vt 0.559814 0.677979
vt 0.559814 0.708497
vt 0.559814 0.797364
vt 0.634766 0.797364
vt 0.634766 0.797364
vt 0.559814 0.797364
vt 0.559814 0.885987
vt 0.559814 0.797364
vt 0.449707 0.797364
vt 0.559814 0.885987
vt 0.559814 0.885987
vt 0.449707 0.797364
vt 0.559814 0.797364
vt 0.449707 0.797364
vt 0.559814 0.708497
vt 0.559814 0.797364
vt 0.559814 0.797364
vt 0.559814 0.708497
vt 0.634766 0.797364
vt 0.269775 0.825440
vt 0.190430 0.851563
vt 0.260498 0.501222
vt 0.260498 0.501222
vt 0.190430 0.851563
vt 0.238770 0.501222
vt 0.190430 0.851563
vt 0.260498 0.501222
vt 0.238770 0.501222
vt 0.238770 0.501222
vt 0.260498 0.501222
vt 0.190186 0.151124
vt 0.260498 0.501222
vt 0.269775 0.177247
vt 0.190186 0.151124
vt 0.190186 0.151124
vt 0.269775 0.177247
vt 0.280273 0.151124
vt 0.269775 0.825440
vt 0.280273 0.851563
vt 0.190430 0.851563
vt 0.280273 0.851563
vt 0.280273 0.988282
vt 0.190430 0.851563
vt 0.190430 0.851563
vt 0.280273 0.988282
vt 0.280273 0.851563
vt 0.280273 0.988282
vt 0.280273 0.988282
vt 0.280273 0.851563
vt 0.280273 0.851563
vt 0.280273 0.988282
vt 0.280273 0.851563
vt 0.280273 0.988282
vt 0.190430 0.851563
vt 0.280273 0.851563
vt 0.280273 0.851563
vt 0.190430 0.851563
vt 0.269775 0.825440
vt 0.190430 0.851563
vt 0.260498 0.501222
vt 0.269775 0.825440
vt 0.260498 0.501222
vt 0.190186 0.151124
vt 0.269775 0.177247
vt 0.269775 0.177247
vt 0.190186 0.151124
vt 0.280273 0.151124
vt 0.190186 0.151124
vt 0.280273 0.014161
vt 0.280273 0.151124
vt 0.280273 0.151124
vt 0.280273 0.014161
vt 0.190186 0.151124
vt 0.280273 0.014161
vt 0.280273 0.151124
vt 0.190186 0.151124
vt 0.190186 0.151124
vt 0.280273 0.151124
vt 0.269775 0.177247
vt 0.423828 0.901856
vt 0.423828 0.813233
vt 0.533691 0.901856
vt 0.533691 0.901856
vt 0.423828 0.813233
vt 0.423828 0.901856
vt 0.423828 0.813233
vt 0.348877 0.901856
vt 0.423828 0.901856
vt 0.423828 0.901856
vt 0.348877 0.901856
vt 0.423828 0.990479
vt 0.348877 0.901856
vt 0.423828 0.901856
vt 0.423828 0.990479
vt 0.423828 0.990479
vt 0.423828 0.901856
vt 0.533691 0.901856
vt 0.559814 0.677979
vt 0.559814 0.589356
vt 0.634766 0.589356
vt 0.634766 0.589356
vt 0.559814 0.589356
vt 0.559814 0.500733
vt 0.559814 0.589356
vt 0.449707 0.589356
vt 0.559814 0.500733
vt 0.559814 0.500733
vt 0.449707 0.589356
vt 0.559814 0.589356
vt 0.449707 0.589356
vt 0.559814 0.677979
vt 0.559814 0.589356
vt 0.559814 0.589356
vt 0.559814 0.677979
vt 0.634766 0.589356
vt 0.559814 0.500733
vt 0.634766 0.589356
vt 0.559814 0.589356
vt 0.559814 0.589356
vt 0.634766 0.589356
vt 0.559814 0.677979
vt 0.634766 0.589356
vt 0.559814 0.589356
vt 0.559814 0.677979
vt 0.559814 0.677979
vt 0.559814 0.589356
vt 0.449707 0.589356
vt 0.559814 0.589356
vt 0.559814 0.500733
vt 0.449707 0.589356
vt 0.449707 0.589356
vt 0.559814 0.500733
vt 0.559814 0.589356
vt 0.269775 0.177247
vt 0.260498 0.501222
vt 0.190186 0.151124
vt 0.260498 0.501222
vt 0.238770 0.501222
vt 0.190186 0.151124
vt 0.190186 0.151124
vt 0.238770 0.501222
vt 0.260498 0.501222
vt 0.238770 0.501222
vt 0.190430 0.851563
vt 0.260498 0.501222
vt 0.260498 0.501222
vt 0.190430 0.851563
vt 0.269775 0.825440
vt 0.190430 0.851563
vt 0.280273 0.851563
vt 0.269775 0.825440
vt 0.749756 0.931397
vt 0.724609 0.988282
vt 0.749756 0.787843
vt 0.749756 0.787843
vt 0.724609 0.988282
vt 0.724609 0.806886
vt 0.724609 0.988282
vt 0.749756 0.931397
vt 0.724609 0.806886
vt 0.724609 0.806886
vt 0.749756 0.931397
vt 0.749756 0.787843
vt 0.749756 0.931397
vt 0.774902 0.874024
vt 0.749756 0.787843
vt 0.749756 0.787843
vt 0.774902 0.874024
vt 0.774902 0.768556
vt 0.765625 0.353516
vt 0.765625 0.497071
vt 0.740479 0.334229
vt 0.765625 0.497071
vt 0.740479 0.439698
vt 0.740479 0.334229
vt 0.740479 0.334229
vt 0.740479 0.439698
vt 0.765625 0.353516
vt 0.740479 0.439698
vt 0.765625 0.497071
vt 0.765625 0.353516
vt 0.765625 0.353516
vt 0.765625 0.497071
vt 0.790771 0.372559
vt 0.765625 0.497071
vt 0.790771 0.553956
vt 0.790771 0.372559
vt 0.291016 0.342042
vt 0.336426 0.296388
vt 0.291016 0.296388
vt 0.291016 0.296388
vt 0.336426 0.296388
vt 0.291016 0.342042
vt 0.336426 0.296388
vt 0.336426 0.342042
vt 0.291016 0.342042
vt 0.291016 0.342042
vt 0.336426 0.342042
vt 0.291016 0.642335
vt 0.336426 0.342042
vt 0.336426 0.642335
vt 0.291016 0.642335
vt 0.291016 0.642335
vt 0.336426 0.642335
vt 0.336426 0.942384
vt 0.774902 0.662598
vt 0.774902 0.556641
vt 0.749756 0.643800
vt 0.774902 0.556641
vt 0.749756 0.499757
vt 0.749756 0.643800
vt 0.749756 0.643800
vt 0.749756 0.499757
vt 0.724609 0.625001
vt 0.749756 0.499757
vt 0.724609 0.443116
vt 0.724609 0.625001
vt 0.724609 0.625001
vt 0.724609 0.443116
vt 0.749756 0.499757
vt 0.895020 0.302247
vt 0.895020 0.423341
vt 0.872559 0.317872
vt 0.872559 0.317872
vt 0.895020 0.423341
vt 0.872559 0.317872
vt 0.895020 0.423341
vt 0.872559 0.469972
vt 0.872559 0.317872
vt 0.872559 0.317872
vt 0.872559 0.469972
vt 0.895020 0.423341
vt 0.872559 0.469972
vt 0.872559 0.317872
vt 0.895020 0.423341
vt 0.895020 0.423341
vt 0.872559 0.317872
vt 0.895020 0.302247
vt 0.895020 0.680665
vt 0.872559 0.663819
vt 0.895020 0.559571
vt 0.872559 0.663819
vt 0.872559 0.514161
vt 0.895020 0.559571
vt 0.895020 0.559571
vt 0.872559 0.514161
vt 0.872559 0.663819
vt 0.872559 0.514161
vt 0.895020 0.559571
vt 0.872559 0.663819
vt 0.872559 0.663819
vt 0.895020 0.559571
vt 0.895020 0.680665
vt 0.671387 0.643800
vt 0.671387 0.499757
vt 0.646240 0.625001
vt 0.671387 0.499757
vt 0.646240 0.443116
vt 0.646240 0.625001
vt 0.646240 0.625001
vt 0.646240 0.443116
vt 0.671387 0.499757
vt 0.646240 0.443116
vt 0.646240 0.625001
vt 0.671387 0.499757
vt 0.671387 0.499757
vt 0.646240 0.625001
vt 0.671387 0.643800
vt 0.765625 0.209473
vt 0.790771 0.190675
vt 0.790771 0.372559
vt 0.790771 0.190675
vt 0.765625 0.209473
vt 0.790771 0.372559
vt 0.790771 0.372559
vt 0.765625 0.209473
vt 0.765625 0.353516
vt 0.765625 0.209473
vt 0.740479 0.334229
vt 0.765625 0.353516
vt 0.459473 0.351075
vt 0.429199 0.207765
vt 0.439941 0.351075
vt 0.439941 0.351075
vt 0.429199 0.207765
vt 0.459473 0.351075
vt 0.429199 0.207765
vt 0.459473 0.157472
vt 0.459473 0.351075
vt 0.459473 0.351075
vt 0.459473 0.157472
vt 0.489746 0.207765
vt 0.528564 0.181153
vt 0.558838 0.324464
vt 0.548096 0.181153
vt 0.548096 0.181153
vt 0.558838 0.324464
vt 0.528564 0.181153
vt 0.558838 0.324464
vt 0.528564 0.374757
vt 0.528564 0.181153
vt 0.528564 0.181153
vt 0.528564 0.374757
vt 0.498291 0.324464
vt 0.459473 0.351075
vt 0.489746 0.207765
vt 0.478760 0.351075
vt 0.478760 0.351075
vt 0.489746 0.207765
vt 0.459473 0.351075
vt 0.489746 0.207765
vt 0.459473 0.157472
vt 0.459473 0.351075
vt 0.459473 0.351075
vt 0.459473 0.157472
vt 0.429199 0.207765
vt 0.528564 0.181153
vt 0.498291 0.324464
vt 0.509033 0.181153
vt 0.509033 0.181153
vt 0.498291 0.324464
vt 0.528564 0.181153
vt 0.498291 0.324464
vt 0.528564 0.374757
vt 0.528564 0.181153
vt 0.528564 0.181153
vt 0.528564 0.374757
vt 0.558838 0.324464
vt 0.832520 0.206544
vt 0.832520 0.333741
vt 0.861572 0.206544
vt 0.832520 0.333741
vt 0.861572 0.317384
vt 0.861572 0.206544
vt 0.861572 0.206544
vt 0.861572 0.317384
vt 0.832520 0.206544
vt 0.861572 0.317384
vt 0.832520 0.333741
vt 0.832520 0.206544
vt 0.832520 0.660890
vt 0.861572 0.678223
vt 0.832520 0.788575
vt 0.832520 0.788575
vt 0.861572 0.678223
vt 0.861572 0.788575
vt 0.861572 0.678223
vt 0.832520 0.660890
vt 0.861572 0.788575
vt 0.861572 0.788575
vt 0.832520 0.660890
vt 0.832520 0.788575
vt 0.964600 0.295411
vt 0.994141 0.326905
vt 0.994141 0.499513
vt 0.994141 0.326905
vt 0.964600 0.499513
vt 0.994141 0.499513
vt 0.994141 0.499513
vt 0.964600 0.499513
vt 0.994141 0.670655
vt 0.964600 0.499513
vt 0.964600 0.700196
vt 0.994141 0.670655
vt 0.994141 0.326905
vt 0.964600 0.295411
vt 0.994141 0.124757
vt 0.964600 0.295411
vt 0.964600 0.071534
vt 0.994141 0.124757
vt 0.994141 0.124757
vt 0.964600 0.071534
vt 0.964600 0.295411
vt 0.964600 0.071534
vt 0.932129 0.263917
vt 0.964600 0.295411
vt 0.662598 0.228272
vt 0.687744 0.209473
vt 0.662598 0.122315
vt 0.662598 0.122315
vt 0.687744 0.209473
vt 0.687744 0.065431
vt 0.687744 0.209473
vt 0.712891 0.190675
vt 0.687744 0.065431
vt 0.687744 0.065431
vt 0.712891 0.190675
vt 0.687744 0.065431
vt 0.712891 0.190675
vt 0.712891 0.190675
vt 0.687744 0.065431
vt 0.687744 0.065431
vt 0.712891 0.190675
vt 0.712891 0.008790
vt 0.349365 0.533204
vt 0.400635 0.288087
vt 0.400635 0.533204
vt 0.400635 0.533204
vt 0.400635 0.288087
vt 0.451172 0.533204
vt 0.400635 0.288087
vt 0.400635 0.533204
vt 0.451172 0.533204
vt 0.115723 0.103028
vt 0.150146 0.177003
vt 0.185059 0.103028
vt 0.185059 0.103028
vt 0.150146 0.177003
vt 0.115723 0.103028
vt 0.150146 0.177003
vt 0.185059 0.103028
vt 0.115723 0.103028
vt 0.115723 0.103028
vt 0.150146 0.177003
vt 0.185059 0.103028
vt 0.185059 0.103028
vt 0.150146 0.177003
vt 0.115723 0.103028
vt 0.150146 0.177003
vt 0.185059 0.103028
vt 0.115723 0.103028
vt 0.646240 0.988282
vt 0.671387 0.931397
vt 0.646240 0.806886
vt 0.646240 0.806886
vt 0.671387 0.931397
vt 0.671387 0.787843
vt 0.671387 0.931397
vt 0.696533 0.874024
vt 0.671387 0.787843
vt 0.567871 0.146973
vt 0.496338 0.167725
vt 0.567871 0.106934
vt 0.496338 0.167725
vt 0.465820 0.106934
vt 0.567871 0.106934
vt 0.567871 0.106934
vt 0.465820 0.106934
vt 0.496338 0.046143
vt 0.662598 0.439698
vt 0.687744 0.353516
vt 0.687744 0.497071
vt 0.687744 0.353516
vt 0.712891 0.372559
vt 0.687744 0.497071
vt 0.687744 0.497071
vt 0.712891 0.372559
vt 0.712891 0.553956
vt 0.872559 0.972413
vt 0.872559 0.820313
vt 0.895020 0.925782
vt 0.872559 0.820313
vt 0.895020 0.804688
vt 0.895020 0.925782
vt 0.895020 0.925782
vt 0.895020 0.804688
vt 0.919434 0.875245
vt 0.872559 0.011720
vt 0.895020 0.057130
vt 0.872559 0.161378
vt 0.872559 0.161378
vt 0.895020 0.057130
vt 0.895020 0.178223
vt 0.895020 0.057130
vt 0.919434 0.109864
vt 0.895020 0.178223
vt 0.712891 0.190675
vt 0.687744 0.209473
vt 0.712891 0.372559
vt 0.712891 0.372559
vt 0.687744 0.209473
vt 0.687744 0.353516
vt 0.687744 0.209473
vt 0.662598 0.228272
vt 0.687744 0.353516
vt 0.280273 0.851563
vt 0.269775 0.825440
vt 0.190430 0.851563
vt 0.269775 0.825440
vt 0.260498 0.501222
vt 0.190430 0.851563
vt 0.280273 0.151124
vt 0.190186 0.151124
vt 0.269775 0.177247
vt 0.190186 0.151124
vt 0.260498 0.501222
vt 0.269775 0.177247
vt 0.765625 0.209473
vt 0.740479 0.228272
vt 0.740479 0.334229
vt 0.740479 0.228272
vt 0.765625 0.353516
vt 0.740479 0.334229
vt 0.646240 0.806886
vt 0.671387 0.931397
vt 0.671387 0.787843
vt 0.671387 0.787843
vt 0.671387 0.931397
vt 0.696533 0.874024
vt 0.919434 0.109864
vt 0.895020 0.178223
vt 0.895020 0.057130
vt 0.895020 0.057130
vt 0.895020 0.178223
vt 0.872559 0.161378
vt 0.919434 0.875245
vt 0.895020 0.925782
vt 0.895020 0.804688
vt 0.895020 0.925782
vt 0.872559 0.820313
vt 0.895020 0.804688
vt 0.964600 0.499513
vt 0.994141 0.670655
vt 0.964600 0.700196
vt 0.964600 0.700196
vt 0.994141 0.670655
vt 0.994141 0.858155
vt 0.651367 0.174073
vt 0.615479 0.174073
vt 0.651367 0.102296
vt 0.615479 0.174073
vt 0.615479 0.102296
vt 0.651367 0.102296
vt 0.861572 0.899659
vt 0.832520 0.962159
vt 0.832520 0.916016
vt 0.832520 0.916016
vt 0.832520 0.962159
vt 0.802734 0.985841
vt 0.650146 0.008057
vt 0.650146 0.079835
vt 0.614014 0.008057
vt 0.650146 0.079835
vt 0.614014 0.079835
vt 0.614014 0.008057
vt 0.802734 0.009034
vt 0.832520 0.032716
vt 0.832520 0.078614
vt 0.832520 0.032716
vt 0.861572 0.095948
vt 0.832520 0.078614
vt 0.291016 0.642335
vt 0.336426 0.342042
vt 0.291016 0.342042
vt 0.291016 0.342042
vt 0.336426 0.342042
vt 0.336426 0.296388
vt 0.400635 0.288087
vt 0.349365 0.533204
vt 0.400635 0.533204
vt 0.600342 0.106934
vt 0.567871 0.068604
vt 0.567871 0.106934
vt 0.423828 0.779542
vt 0.348877 0.690675
vt 0.423828 0.690675
vt 0.423828 0.690675
vt 0.533691 0.690675
vt 0.423828 0.602052
vt 0.559814 0.500733
vt 0.449707 0.589356
vt 0.559814 0.589356
vt 0.559814 0.589356
vt 0.634766 0.589356
vt 0.559814 0.677979
vt 0.559814 0.797364
vt 0.559814 0.708497
vt 0.449707 0.797364
vt 0.559814 0.885987
vt 0.559814 0.797364
vt 0.634766 0.797364
vt 0.238770 0.501222
vt 0.190186 0.151124
vt 0.260498 0.501222
vt 0.190186 0.151124
vt 0.280273 0.151124
vt 0.280273 0.014161
vt 0.423828 0.813233
vt 0.423828 0.901856
vt 0.348877 0.901856
vt 0.559814 0.500733
vt 0.559814 0.589356
vt 0.634766 0.589356
vt 0.559814 0.589356
vt 0.559814 0.677979
vt 0.449707 0.589356
vt 0.150146 0.177003
vt 0.115723 0.103028
vt 0.185059 0.103028
vt 0.150146 0.177003
vt 0.115723 0.103028
vt 0.185059 0.103028
vt 0.559814 0.677979
vt 0.449707 0.589356
vt 0.559814 0.589356
vt 0.559814 0.589356
vt 0.634766 0.589356
vt 0.559814 0.500733
vt 0.423828 0.990479
vt 0.533691 0.901856
vt 0.423828 0.901856
vt 0.238770 0.501222
vt 0.260498 0.501222
vt 0.190430 0.851563
vt 0.190430 0.851563
vt 0.280273 0.988282
vt 0.280273 0.851563
vt 0.724609 0.625001
vt 0.749756 0.499757
vt 0.749756 0.643800
vt 0.802734 0.643311
vt 0.832520 0.533448
vt 0.802734 0.497315
vt 0.671387 0.499757
vt 0.646240 0.625001
vt 0.646240 0.443116
vt 0.964600 0.700196
vt 0.932129 0.499513
vt 0.964600 0.499513
vt 0.895020 0.302247
vt 0.919434 0.372804
vt 0.919434 0.286378
vt 0.919434 0.612306
vt 0.895020 0.680665
vt 0.919434 0.697511
vt 0.895020 0.423341
vt 0.872559 0.317872
vt 0.872559 0.469972
vt 0.932129 0.733399
vt 0.964600 0.917481
vt 0.932129 0.987061
vt 0.994141 0.124757
vt 0.964600 0.295411
vt 0.994141 0.326905
vt 0.671387 0.643800
vt 0.696533 0.556641
vt 0.696533 0.662598
vt 0.832520 0.461427
vt 0.802734 0.351563
vt 0.802734 0.497315
vt 0.671387 0.643800
vt 0.696533 0.556641
vt 0.696533 0.662598
vt 0.964600 0.499513
vt 0.932129 0.733399
vt 0.964600 0.700196
vt 0.919434 0.612306
vt 0.895020 0.680665
vt 0.919434 0.697511
vt 0.872559 0.663819
vt 0.895020 0.559571
vt 0.872559 0.514161
vt 0.895020 0.302247
vt 0.919434 0.372804
vt 0.919434 0.286378
vt 0.964600 0.700196
vt 0.994141 0.499513
vt 0.964600 0.499513
vt 0.932129 0.263917
vt 0.964600 0.071534
vt 0.932129 0.011720
vn -0.6682 0.2847 -0.6874
vn -0.6682 0.6872 -0.2849
vn 0.6680 0.6874 -0.2850
vn 0.6679 0.6875 -0.2850
vn 0.7182 -0.6428 0.2665
vn 0.7181 -0.6429 0.2665
vn -0.7183 -0.6427 0.2664
vn -0.7183 -0.6427 -0.2664
vn -0.7184 -0.6426 -0.2664
vn -0.7184 -0.2662 -0.6427
vn -0.6682 0.2847 0.6874
vn 0.6679 0.2848 0.6876
vn 0.7181 -0.2663 -0.6429
vn 0.7181 0.2663 -0.6429
vn 0.7182 0.6428 -0.2665
vn 0.7181 0.6429 -0.2665
vn 0.7181 0.6429 0.2665
vn -0.7183 0.6427 0.2664
vn -0.7184 0.6426 0.2664
vn -0.6681 -0.6873 -0.2849
vn -0.6682 -0.6872 -0.2849
vn 0.6680 -0.6874 -0.2850
vn 0.6679 -0.2848 -0.6876
vn 0.6679 0.2848 -0.6876
vn 0.7181 -0.2663 0.6429
vn -0.7184 -0.2662 0.6427
vn -0.6565 0.0000 -0.7544
vn 0.6561 0.0000 -0.7547
vn 0.6563 -0.6530 -0.3779
vn 0.6559 -0.6534 -0.3779
vn 0.6559 -0.6534 0.3779
vn 0.6527 0.6558 -0.3793
vn 0.6526 0.0000 -0.7577
vn 0.6527 -0.6558 -0.3793
vn 0.6524 -0.6561 -0.3793
vn 0.6524 -0.6561 0.3793
vn -0.6528 -0.6558 0.3792
vn -0.6531 -0.6556 0.3791
vn -0.6563 0.6531 -0.3777
vn -0.6567 0.6527 -0.3778
vn 0.6563 0.6530 -0.3779
vn 0.6526 0.0000 0.7577
vn 0.6527 0.6558 0.3793
vn 0.6524 0.6561 0.3793
vn 0.6524 0.6561 -0.3793
vn -0.6528 0.6558 -0.3792
vn -0.6531 0.6556 -0.3791
vn -0.6563 -0.6531 0.3777
vn -0.6567 -0.6527 0.3778
vn 0.6563 -0.6530 0.3779
vn 0.6561 0.0000 0.7547
vn -0.6528 0.6558 0.3792
vn -0.6531 0.6556 -0.3792
vn -0.6529 0.0000 -0.7574
vn -0.6565 0.0000 0.7544
vn 0.6563 0.6530 0.3779
vn 0.6559 0.6534 0.3779
vn 0.6559 0.6534 -0.3779
vn 0.6527 -0.6558 0.3793
vn 0.0000 0.0000 1.0000
vn -0.6529 -0.0000 0.7574
vn -0.6567 -0.6527 -0.3778
vn 0.6560 -0.6534 -0.3779
vn -0.6538 0.6550 0.3788
vn -0.6535 0.6553 0.3788
vn -0.6535 0.6553 -0.3788
vn 0.6531 0.6556 -0.3790
vn 0.6534 0.6553 -0.3790
vn 0.6551 -0.6541 0.3782
vn 0.6555 -0.6537 0.3783
vn -0.6558 -0.6534 0.3781
vn -0.6556 -0.0000 0.7551
vn -0.6536 -0.0000 -0.7568
vn 0.6533 0.0000 -0.7571
vn 0.6534 -0.6553 -0.3790
vn 0.6551 0.6541 0.3783
vn 0.6551 0.6541 -0.3782
vn 0.6555 0.6537 -0.3783
vn 0.6553 0.0000 -0.7554
vn -0.6556 -0.0000 -0.7551
vn -0.6536 -0.0000 0.7568
vn 0.6533 -0.0000 0.7571
vn -0.6554 -0.6538 -0.3781
vn -0.6554 -0.6538 0.3781
vn 0.6553 0.0000 0.7554
vn 0.6531 -0.6556 -0.3790
vn 0.6531 -0.6556 0.3790
vn -0.6535 -0.6553 0.3788
vn -0.6538 -0.6550 0.3788
vn -0.6554 0.6538 -0.3781
vn -0.6558 0.6534 -0.3781
vn 0.6961 0.2748 0.6633
vn 0.6975 0.6621 0.2741
vn 0.6986 0.6610 0.2740
vn 0.6986 0.6610 -0.2740
vn -0.6980 0.6616 -0.2742
vn -0.6980 0.6615 -0.2742
vn -0.6928 -0.6661 0.2762
vn -0.6929 -0.6660 0.2762
vn 0.6935 -0.6656 0.2760
vn 0.6945 -0.6647 0.2752
vn 0.6975 0.6621 -0.2741
vn 0.7123 0.3521 -0.6072
vn -0.7139 0.3513 -0.6057
vn -0.6995 0.3696 -0.6116
vn -0.7106 -0.3640 0.6022
vn -0.6934 -0.3879 0.6072
vn 0.6962 -0.3864 0.6049
vn 0.6962 0.3864 0.6049
vn -0.6934 0.3879 0.6072
vn -0.7106 0.3640 0.6022
vn -0.6995 -0.3696 -0.6116
vn -0.7139 -0.3513 -0.6057
vn 0.7123 -0.3521 -0.6072
vn 0.6975 -0.6621 -0.2741
vn 0.6945 0.6647 0.2752
vn 0.6935 0.6656 0.2760
vn -0.6929 0.6660 0.2761
vn -0.6928 0.6661 0.2762
vn -0.6980 -0.6615 -0.2742
vn -0.6979 -0.6616 -0.2742
vn 0.6986 -0.6610 -0.2740
vn 0.6986 -0.6610 0.2740
vn 0.6975 -0.6621 0.2741
vn 0.6961 -0.2748 0.6633
vn 0.6555 -0.6537 -0.3783
vn 0.6551 -0.6541 -0.3782
vn -0.6558 0.6534 0.3781
vn 0.6555 0.6537 0.3783
vn -0.6554 0.6538 0.3781
vn -0.6558 -0.6534 -0.3781
vn -0.6531 -0.6556 -0.3791
vn -0.6563 0.6531 0.3777
vn -0.6565 -0.3772 -0.6533
vn -0.6565 -0.7544 -0.0000
vn -0.6529 0.7574 0.0000
vn 0.6526 0.7577 0.0000
vn 0.6561 -0.7547 -0.0000
vn -0.6565 -0.3772 0.6533
vn -0.6565 0.3772 0.6533
vn -0.6529 -0.3787 -0.6560
vn 0.6525 -0.3789 -0.6562
vn 0.6561 0.3773 0.6536
vn -0.6565 0.7544 0.0000
vn -0.6529 -0.7574 0.0000
vn -0.6529 -0.3787 0.6560
vn 0.6560 0.6534 -0.3779
vn 0.6560 0.6534 0.3779
vn -0.7106 0.6189 0.3346
vn 0.7104 0.6191 0.3347
vn 0.7166 0.6063 0.3449
vn 0.7166 -0.6063 0.3449
vn 0.7591 -0.6468 -0.0730
vn -0.7595 -0.6464 -0.0730
vn -0.7564 -0.6497 -0.0751
vn -0.7564 0.6497 -0.0751
vn 0.7104 -0.6191 0.3347
vn -0.7106 -0.6189 0.3346
vn -0.7169 -0.6058 0.3451
vn -0.7169 0.6058 0.3451
vn -0.7595 0.6464 -0.0730
vn 0.7591 0.6468 -0.0730
vn 0.7562 0.6501 -0.0750
vn 0.7562 -0.6501 -0.0750
vn 0.7562 -0.6500 0.0751
vn 0.7609 -0.6448 0.0727
vn -0.7613 -0.6443 0.0726
vn -0.7271 -0.6154 0.3043
vn -0.7271 0.6153 0.3043
vn 0.7267 0.6158 0.3045
vn 0.7609 0.6448 0.0726
vn 0.7562 0.6500 0.0751
vn 0.0000 -0.1366 -0.9906
vn -0.0000 0.1366 -0.9906
vn 0.0000 -0.8965 -0.4430
vn -0.0000 -0.8965 0.4430
vn 0.0000 0.1366 0.9906
vn -0.7184 0.2662 0.6427
vn 0.7181 0.2663 0.6429
vn 0.7182 0.6428 0.2665
vn 0.6679 -0.6875 -0.2850
vn 0.6679 -0.6875 0.2850
vn 0.6680 -0.6874 0.2850
vn 0.6679 -0.2848 0.6876
vn -0.6682 -0.2847 0.6874
vn 0.7052 -0.0000 0.7090
vn -0.7055 -0.0000 0.7087
vn -0.7055 0.0000 -0.7087
vn 0.7052 0.0000 -0.7090
vn -0.6681 -0.6873 0.2849
vn -0.7184 0.6426 -0.2664
vn -0.7184 0.2662 -0.6427
vn 0.7182 -0.6428 -0.2665
vn 0.6679 0.6875 0.2850
vn -0.6979 -0.6616 0.2742
vn -0.6980 -0.6615 0.2742
vn -0.6980 -0.2740 0.6616
vn -0.6929 0.2759 -0.6662
vn 0.6961 0.2748 -0.6633
vn 0.6961 -0.2748 -0.6633
vn -0.6929 -0.2759 -0.6662
vn -0.6980 0.2740 0.6616
vn -0.6980 0.6615 0.2742
vn -0.6980 0.6616 0.2742
vn -0.7736 -0.5672 -0.2825
vn 0.7734 -0.5674 -0.2827
vn 0.7734 0.5674 -0.2827
vn 0.7912 0.5805 0.1927
vn -0.7914 0.5802 0.1926
vn -0.7914 -0.5802 0.1926
vn -0.6906 0.3361 0.6404
vn 0.6904 0.3362 0.6405
vn 0.6904 -0.6405 -0.3362
vn 0.6793 -0.2843 -0.6766
vn -0.6795 -0.2843 -0.6764
vn -0.6795 0.6764 0.2843
vn -0.6795 -0.6764 0.2843
vn -0.6795 0.2843 -0.6764
vn -0.6906 0.6404 -0.3361
vn 0.6905 0.6405 -0.3362
vn 0.6904 -0.3362 0.6405
vn 0.6793 -0.6766 0.2843
vn 0.8955 -0.1219 0.4281
vn 0.7494 -0.2280 0.6217
vn -0.7497 -0.2279 0.6213
vn -0.7497 0.2279 0.6213
vn -0.8955 0.1219 0.4279
vn -0.8468 -0.4411 0.2973
vn 0.8466 0.4413 0.2974
vn 0.8661 0.3964 0.3046
vn -0.8662 0.3962 0.3045
vn -0.8662 0.3962 -0.3045
vn -0.8468 0.4411 -0.2973
vn -0.8956 -0.1219 -0.4279
vn 0.8955 0.1219 0.4281
vn 0.8467 -0.4413 0.2974
vn 0.8661 -0.3964 0.3046
vn 0.8661 -0.3964 -0.3046
vn -0.8662 -0.3962 -0.3045
vn -0.8468 -0.4411 -0.2973
vn -0.7905 0.1924 0.5814
vn 0.7903 0.1925 0.5817
vn 0.7726 -0.2824 0.5686
vn 0.7726 -0.2824 -0.5686
vn -0.7728 -0.2822 -0.5684
vn -0.7905 0.1924 -0.5814
vn 0.6800 0.6747 0.2872
vn 0.6800 -0.2872 -0.6747
vn 0.6833 -0.6649 -0.3017
vn -0.6835 -0.6647 -0.3017
vn -0.6835 0.3017 0.6647
vn -0.6802 0.6745 0.2871
vn -0.6802 -0.2871 0.6745
vn -0.6802 0.6745 -0.2871
vn 0.6800 0.6747 -0.2872
vn 0.6833 0.3017 -0.6649
vn 0.6833 -0.6649 0.3017
vn -0.6835 -0.6647 0.3017
vn -0.8955 0.1219 -0.4279
vn -0.7497 0.2279 -0.6213
vn 0.7494 0.2280 -0.6217
vn 0.7494 -0.2280 -0.6217
vn 0.8955 -0.1219 -0.4281
vn 0.8466 0.4413 -0.2974
vn -0.6529 0.3787 0.6560
vn 0.6525 0.3789 0.6562
vn 0.6526 0.3789 0.6562
vn 0.6561 -0.3773 -0.6536
vn -0.6565 0.3772 -0.6533
vn 0.6561 0.3773 -0.6536
vn 0.6525 -0.3789 0.6562
vn 0.6526 -0.3789 0.6562
vn -0.0000 0.8965 -0.4431
vn -0.0000 0.8965 0.4431
vn 0.0000 -0.1366 0.9906
vn 0.6561 -0.3773 0.6536
vn 0.6526 0.3789 -0.6562
vn 0.6525 0.3789 -0.6562
vn -0.6529 0.3787 -0.6560
vn 0.6534 0.6553 0.3790
vn 0.6531 0.6556 0.3790
vn -0.6538 0.6550 -0.3788
vn -0.6538 -0.6550 -0.3788
vn -0.6535 -0.6553 -0.3788
vn 0.6534 -0.6553 0.3790
vn -0.6528 -0.6558 -0.3792
vn 0.6525 -0.7578 0.0000
vn 0.6561 0.7547 0.0000
vn 0.7587 0.0729 -0.6474
vn -0.7591 0.0729 -0.6469
vn -0.7552 0.0749 -0.6512
vn -0.7552 0.0749 0.6512
vn 0.7586 -0.0729 0.6474
vn -0.7591 -0.0729 0.6469
vn -0.7552 -0.0749 0.6512
vn -0.7552 -0.0749 -0.6512
vn -0.7591 0.0729 0.6469
vn 0.7586 0.0729 0.6474
vn 0.7549 0.0749 0.6515
vn 0.7549 0.0749 -0.6515
vn -0.7591 -0.0729 -0.6469
vn 0.7587 -0.0729 -0.6474
vn 0.7549 -0.0749 -0.6515
vn 0.7549 -0.0749 0.6515
vn -0.6928 0.6661 -0.2762
vn -0.6929 0.6660 -0.2762
vn 0.6935 0.6656 -0.2760
vn 0.6946 0.6647 -0.2752
vn 0.6945 -0.6647 -0.2752
vn 0.6935 -0.6656 -0.2760
vn -0.6929 -0.6660 -0.2762
vn -0.6928 -0.6661 -0.2762
vn -0.6682 -0.2847 -0.6874
vn -0.6682 0.6872 0.2849
vn -0.6681 0.6873 0.2849
vn -0.6681 0.6873 -0.2849
vn -0.7184 -0.6426 0.2664
vn -0.6567 0.6527 0.3778
vn -0.6531 -0.6555 -0.3791
vn -0.7391 0.6438 -0.1979
vn -0.7391 -0.6438 -0.1979
vn 0.7390 -0.6440 -0.1979
vn -0.6115 0.4987 0.6143
vn -0.6115 0.4987 -0.6143
vn 0.6112 0.4989 -0.6145
vn 0.6112 -0.4989 0.6145
vn 0.6112 -0.4989 -0.6145
vn -0.6115 -0.4987 -0.6143
vn 0.6560 -0.6534 0.3779
vn -0.7613 0.6443 0.0726
vn -0.7565 0.6497 0.0752
vn -0.7565 -0.6497 0.0752
vn -0.6563 -0.6531 -0.3777
vn -0.6531 0.6556 0.3791
vn -0.8468 0.4411 0.2973
vn -0.8956 -0.1219 0.4279
vn 0.8467 -0.4413 -0.2974
vn 0.8955 0.1219 -0.4281
vn -0.6531 0.6556 0.3792
vn 0.6551 0.6541 -0.3783
vn -0.6682 -0.6872 0.2849
vn -0.0000 -0.9036 -0.4283
vn -0.0038 -0.9036 -0.4283
vn 0.7134 -0.3624 0.5998
vn 0.6980 0.3703 -0.6130
vn -0.0000 0.9036 -0.4283
vn -0.0038 0.9036 -0.4283
vn 0.6980 -0.3703 -0.6130
vn 0.7134 0.3624 0.5998
vn 0.7390 0.6440 -0.1979
vn 0.7267 -0.6158 0.3045
vn -0.7736 0.5672 -0.2825
vn 0.7912 -0.5805 0.1927
vn -0.6906 -0.6404 -0.3361
vn 0.6793 0.6766 0.2843
vn -0.6906 -0.3361 0.6404
vn 0.6793 0.2843 -0.6766
vn 0.7494 0.2280 0.6217
vn -0.8662 -0.3962 0.3045
vn -0.7728 -0.2822 0.5684
vn -0.6801 -0.2871 -0.6745
vn 0.6833 0.3017 0.6649
vn 0.6112 0.4989 0.6145
vn -0.6115 -0.4987 0.6143
vn -0.6835 0.3017 -0.6647
vn 0.6800 -0.2872 0.6747
vn 0.7903 0.1925 -0.5817
vn -0.7497 -0.2279 -0.6213
vn 0.8661 0.3964 -0.3046
vn -0.7183 0.6427 -0.2664
vn 0.6680 0.6874 0.2850
vn 0.7181 -0.6429 -0.2665
o base
usemtl Brush.004
f 1/1/1 2/2/1 3/3/1
f 4/4/2 5/5/2 6/6/2
f 7/7/3 8/8/3 9/9/3
f 10/10/4 11/11/4 12/12/4
f 13/13/5 14/14/5 15/15/5
f 16/16/6 17/17/6 18/18/6
f 19/19/7 20/20/7 21/21/7
f 22/22/8 23/23/8 24/24/8
f 25/25/9 26/26/9 27/27/9
f 28/28/10 29/29/10 30/30/10
f 31/31/11 32/32/11 33/33/11
f 34/34/11 35/35/11 36/36/11
f 37/37/12 38/38/12 39/39/12
f 40/40/12 41/41/12 42/42/12
f 43/43/13 44/44/13 45/45/13
f 46/46/14 47/47/14 48/48/14
f 49/49/14 50/50/14 51/51/14
f 52/52/15 53/53/15 54/54/15
f 55/55/16 56/56/16 57/57/16
f 58/58/17 59/59/17 60/60/17
f 61/61/18 62/62/18 63/63/18
f 64/64/19 65/65/19 66/66/19
f 67/67/20 68/68/20 69/69/20
f 70/70/21 71/71/21 72/72/21
f 73/73/22 74/74/22 75/75/22
f 76/76/23 77/77/23 78/78/23
f 79/79/23 80/80/23 81/81/23
f 82/82/24 83/83/24 84/84/24
f 85/85/25 86/86/25 87/87/25
f 88/88/25 89/89/25 90/90/25
f 91/91/26 92/92/26 93/93/26
f 94/94/26 95/95/26 96/96/26
f 97/97/27 98/98/27 99/99/27
f 100/100/28 101/101/28 102/102/28
f 103/103/29 104/104/29 105/105/29
f 106/106/30 107/107/30 108/108/30
f 109/109/31 110/110/31 111/111/31
f 112/112/32 113/113/32 114/114/32
f 115/115/33 116/116/33 117/117/33
f 118/118/33 119/119/33 120/120/33
f 121/121/34 122/122/34 123/123/34
f 124/124/35 125/125/35 126/126/35
f 127/127/36 128/128/36 129/129/36
f 130/130/37 131/131/37 132/132/37
f 133/133/38 134/134/38 135/135/38
f 136/136/39 137/137/39 138/138/39
f 139/139/40 140/140/40 141/141/40
f 142/142/41 143/143/41 144/144/41
f 145/145/28 146/146/28 147/147/28
f 148/148/42 149/149/42 150/150/42
f 151/151/43 152/152/43 153/153/43
f 154/154/44 155/155/44 156/156/44
f 157/157/45 158/158/45 159/159/45
f 160/160/46 161/161/46 162/162/46
f 163/163/47 164/164/47 165/165/47
f 166/166/48 167/167/48 168/168/48
f 169/169/49 170/170/49 171/171/49
f 172/172/50 173/173/50 174/174/50
f 175/175/51 176/176/51 177/177/51
f 178/178/43 179/179/43 180/180/43
f 181/181/44 182/182/44 183/183/44
f 184/184/52 185/185/52 186/186/52
f 187/187/46 188/188/46 189/189/46
f 190/190/53 191/191/53 192/192/53
f 193/193/54 194/194/54 195/195/54
f 196/196/55 197/197/55 198/198/55
f 199/199/55 200/200/55 201/201/55
f 202/202/51 203/203/51 204/204/51
f 205/205/56 206/206/56 207/207/56
f 208/208/57 209/209/57 210/210/57
f 211/211/58 212/212/58 213/213/58
f 214/214/59 215/215/59 216/216/59
f 217/217/42 218/218/42 219/219/42
f 220/220/60 221/221/60 222/222/60
f 223/223/60 224/224/60 225/225/60
f 226/226/61 227/227/61 228/228/61
f 229/229/61 230/230/61 231/231/61
f 232/232/27 233/233/27 234/234/27
f 235/235/62 236/236/62 237/237/62
f 238/238/29 239/239/29 240/240/29
f 241/241/63 242/242/63 243/243/63
f 244/244/64 245/245/64 246/246/64
f 247/247/65 248/248/65 249/249/65
f 250/250/66 251/251/66 252/252/66
f 253/253/67 254/254/67 255/255/67
f 256/256/68 257/257/68 258/258/68
f 259/259/69 260/260/69 261/261/69
f 262/262/70 263/263/70 264/264/70
f 265/265/71 266/266/71 267/267/71
f 268/268/72 269/269/72 270/270/72
f 271/271/73 272/272/73 273/273/73
f 274/274/73 275/275/73 276/276/73
f 277/277/74 278/278/74 279/279/74
f 280/280/75 281/281/75 282/282/75
f 283/283/76 284/284/76 285/285/76
f 286/286/77 287/287/77 288/288/77
f 289/289/78 290/290/78 291/291/78
f 292/292/79 293/293/79 294/294/79
f 295/295/80 296/296/80 297/297/80
f 298/298/80 299/299/80 300/300/80
f 301/301/81 302/302/81 303/303/81
f 304/304/79 305/305/79 306/306/79
f 307/307/82 308/308/82 309/309/82
f 310/310/82 311/311/82 312/312/82
f 313/313/81 314/314/81 315/315/81
f 316/316/64 317/317/64 318/318/64
f 319/319/83 320/320/83 321/321/83
f 322/322/84 323/323/84 324/324/84
f 325/325/71 326/326/71 327/327/71
f 328/328/72 329/329/72 330/330/72
f 331/331/85 332/332/85 333/333/85
f 334/334/85 335/335/85 336/336/85
f 337/337/74 338/338/74 339/339/74
f 340/340/75 341/341/75 342/342/75
f 343/343/86 344/344/86 345/345/86
f 346/346/87 347/347/87 348/348/87
f 349/349/88 350/350/88 351/351/88
f 352/352/89 353/353/89 354/354/89
f 355/355/90 356/356/90 357/357/90
f 358/358/91 359/359/91 360/360/91
f 361/361/78 362/362/78 363/363/78
f 364/364/92 365/365/92 366/366/92
f 367/367/92 368/368/92 369/369/92
f 370/370/93 371/371/93 372/372/93
f 373/373/94 374/374/94 375/375/94
f 376/376/95 377/377/95 378/378/95
f 379/379/96 380/380/96 381/381/96
f 382/382/97 383/383/97 384/384/97
f 385/385/98 386/386/98 387/387/98
f 388/388/99 389/389/99 390/390/99
f 391/391/100 392/392/100 393/393/100
f 394/394/101 395/395/101 396/396/101
f 397/397/102 398/398/102 399/399/102
f 400/400/103 401/401/103 402/402/103
f 403/403/104 404/404/104 405/405/104
f 406/406/105 407/407/105 408/408/105
f 409/409/106 410/410/106 411/411/106
f 412/412/107 413/413/107 414/414/107
f 415/415/108 416/416/108 417/417/108
f 418/418/109 419/419/109 420/420/109
f 421/421/110 422/422/110 423/423/110
f 424/424/111 425/425/111 426/426/111
f 427/427/112 428/428/112 429/429/112
f 430/430/113 431/431/113 432/432/113
f 433/433/60 434/434/60 435/435/60
f 436/436/60 437/437/60 438/438/60
f 439/439/114 440/440/114 441/441/114
f 442/442/115 443/443/115 444/444/115
f 445/445/116 446/446/116 447/447/116
f 448/448/117 449/449/117 450/450/117
f 451/451/118 452/452/118 453/453/118
f 454/454/119 455/455/119 456/456/119
f 457/457/120 458/458/120 459/459/120
f 460/460/121 461/461/121 462/462/121
f 463/463/122 464/464/122 465/465/122
f 466/466/123 467/467/123 468/468/123
f 469/469/124 470/470/124 471/471/124
f 472/472/125 473/473/125 474/474/125
f 475/475/125 476/476/125 477/477/125
f 478/478/81 479/479/81 480/480/81
f 481/481/80 482/482/80 483/483/80
f 484/484/80 485/485/80 486/486/80
f 487/487/79 488/488/79 489/489/79
f 490/490/126 491/491/126 492/492/126
f 493/493/127 494/494/127 495/495/127
f 496/496/69 497/497/69 498/498/69
f 499/499/68 500/500/68 501/501/68
f 502/502/74 503/503/74 504/504/74
f 505/505/73 506/506/73 507/507/73
f 508/508/73 509/509/73 510/510/73
f 511/511/72 512/512/72 513/513/72
f 514/514/128 515/515/128 516/516/128
f 517/517/129 518/518/129 519/519/129
f 520/520/76 521/521/76 522/522/76
f 523/523/74 524/524/74 525/525/74
f 526/526/85 527/527/85 528/528/85
f 529/529/85 530/530/85 531/531/85
f 532/532/72 533/533/72 534/534/72
f 535/535/128 536/536/128 537/537/128
f 538/538/130 539/539/130 540/540/130
f 541/541/90 542/542/90 543/543/90
f 544/544/89 545/545/89 546/546/89
f 547/547/81 548/548/81 549/549/81
f 550/550/82 551/551/82 552/552/82
f 553/553/82 554/554/82 555/555/82
f 556/556/79 557/557/79 558/558/79
f 559/559/126 560/560/126 561/561/126
f 562/562/131 563/563/131 564/564/131
f 565/565/83 566/566/83 567/567/83
f 568/568/48 569/569/48 570/570/48
f 571/571/49 572/572/49 573/573/49
f 574/574/50 575/575/50 576/576/50
f 577/577/51 578/578/51 579/579/51
f 580/580/33 581/581/33 582/582/33
f 583/583/33 584/584/33 585/585/33
f 586/586/54 587/587/54 588/588/54
f 589/589/132 590/590/132 591/591/132
f 592/592/133 593/593/133 594/594/133
f 595/595/39 596/596/39 597/597/39
f 598/598/40 599/599/40 600/600/40
f 601/601/27 602/602/27 603/603/27
f 604/604/28 605/605/28 606/606/28
f 607/607/28 608/608/28 609/609/28
f 610/610/42 611/611/42 612/612/42
f 613/613/134 614/614/134 615/615/134
f 616/616/134 617/617/134 618/618/134
f 619/619/135 620/620/135 621/621/135
f 622/622/136 623/623/136 624/624/136
f 625/625/136 626/626/136 627/627/136
f 628/628/137 629/629/137 630/630/137
f 631/631/137 632/632/137 633/633/137
f 634/634/138 635/635/138 636/636/138
f 637/637/138 638/638/138 639/639/138
f 640/640/135 641/641/135 642/642/135
f 643/643/60 644/644/60 645/645/60
f 646/646/60 647/647/60 648/648/60
f 649/649/139 650/650/139 651/651/139
f 652/652/139 653/653/139 654/654/139
f 655/655/140 656/656/140 657/657/140
f 658/658/141 659/659/141 660/660/141
f 661/661/141 662/662/141 663/663/141
f 664/664/142 665/665/142 666/666/142
f 667/667/142 668/668/142 669/669/142
f 670/670/143 671/671/143 672/672/143
f 673/673/143 674/674/143 675/675/143
f 676/676/140 677/677/140 678/678/140
f 679/679/144 680/680/144 681/681/144
f 682/682/145 683/683/145 684/684/145
f 685/685/146 686/686/146 687/687/146
f 688/688/146 689/689/146 690/690/146
f 691/691/62 692/692/62 693/693/62
f 694/694/27 695/695/27 696/696/27
f 697/697/61 698/698/61 699/699/61
f 700/700/61 701/701/61 702/702/61
f 703/703/42 704/704/42 705/705/42
f 706/706/59 707/707/59 708/708/59
f 709/709/147 710/710/147 711/711/147
f 712/712/148 713/713/148 714/714/148
f 715/715/56 716/716/56 717/717/56
f 718/718/51 719/719/51 720/720/51
f 721/721/55 722/722/55 723/723/55
f 724/724/149 725/725/149 726/726/149
f 727/727/150 728/728/150 729/729/150
f 730/730/151 731/731/151 732/732/151
f 733/733/152 734/734/152 735/735/152
f 736/736/153 737/737/153 738/738/153
f 739/739/154 740/740/154 741/741/154
f 742/742/155 743/743/155 744/744/155
f 745/745/156 746/746/156 747/747/156
f 748/748/157 749/749/157 750/750/157
f 751/751/158 752/752/158 753/753/158
f 754/754/159 755/755/159 756/756/159
f 757/757/160 758/758/160 759/759/160
f 760/760/161 761/761/161 762/762/161
f 763/763/162 764/764/162 765/765/162
f 766/766/163 767/767/163 768/768/163
f 769/769/164 770/770/164 771/771/164
f 772/772/165 773/773/165 774/774/165
f 775/775/166 776/776/166 777/777/166
f 778/778/167 779/779/167 780/780/167
f 781/781/168 782/782/168 783/783/168
f 784/784/169 785/785/169 786/786/169
f 787/787/170 788/788/170 789/789/170
f 790/790/171 791/791/171 792/792/171
f 793/793/172 794/794/172 795/795/172
f 796/796/173 797/797/173 798/798/173
f 799/799/174 800/800/174 801/801/174
f 802/802/174 803/803/174 804/804/174
f 805/805/175 806/806/175 807/807/175
f 808/808/175 809/809/175 810/810/175
f 811/811/176 812/812/176 813/813/176
f 814/814/176 815/815/176 816/816/176
f 817/817/177 818/818/177 819/819/177
f 820/820/178 821/821/178 822/822/178
f 823/823/179 824/824/179 825/825/179
f 826/826/180 827/827/180 828/828/180
f 829/829/181 830/830/181 831/831/181
f 832/832/182 833/833/182 834/834/182
f 835/835/183 836/836/183 837/837/183
f 838/838/60 839/839/60 840/840/60
f 841/841/60 842/842/60 843/843/60
f 844/844/184 845/845/184 846/846/184
f 847/847/185 848/848/185 849/849/185
f 850/850/186 851/851/186 852/852/186
f 853/853/186 854/854/186 855/855/186
f 856/856/187 857/857/187 858/858/187
f 859/859/187 860/860/187 861/861/187
f 862/862/188 863/863/188 864/864/188
f 865/865/188 866/866/188 867/867/188
f 868/868/189 869/869/189 870/870/189
f 871/871/189 872/872/189 873/873/189
f 874/874/190 875/875/190 876/876/190
f 877/877/191 878/878/191 879/879/191
f 880/880/192 881/881/192 882/882/192
f 883/883/192 884/884/192 885/885/192
f 886/886/10 887/887/10 888/888/10
f 889/889/13 890/890/13 891/891/13
f 892/892/193 893/893/193 894/894/193
f 895/895/194 896/896/194 897/897/194
f 898/898/195 899/899/195 900/900/195
f 901/901/196 902/902/196 903/903/196
f 904/904/197 905/905/197 906/906/197
f 907/907/198 908/908/198 909/909/198
f 910/910/198 911/911/198 912/912/198
f 913/913/199 914/914/199 915/915/199
f 916/916/199 917/917/199 918/918/199
f 919/919/200 920/920/200 921/921/200
f 922/922/200 923/923/200 924/924/200
f 925/925/201 926/926/201 927/927/201
f 928/928/201 929/929/201 930/930/201
f 931/931/202 932/932/202 933/933/202
f 934/934/203 935/935/203 936/936/203
f 937/937/204 938/938/204 939/939/204
f 940/940/205 941/941/205 942/942/205
f 943/943/206 944/944/206 945/945/206
f 946/946/207 947/947/207 948/948/207
f 949/949/208 950/950/208 951/951/208
f 952/952/209 953/953/209 954/954/209
f 955/955/210 956/956/210 957/957/210
f 958/958/211 959/959/211 960/960/211
f 961/961/212 962/962/212 963/963/212
f 964/964/213 965/965/213 966/966/213
f 967/967/214 968/968/214 969/969/214
f 970/970/215 971/971/215 972/972/215
f 973/973/216 974/974/216 975/975/216
f 976/976/217 977/977/217 978/978/217
f 979/979/218 980/980/218 981/981/218
f 982/982/219 983/983/219 984/984/219
f 985/985/220 986/986/220 987/987/220
f 988/988/221 989/989/221 990/990/221
f 991/991/222 992/992/222 993/993/222
f 994/994/223 995/995/223 996/996/223
f 997/997/224 998/998/224 999/999/224
f 1000/1000/225 1001/1001/225 1002/1002/225
f 1003/1003/226 1004/1004/226 1005/1005/226
f 1006/1006/227 1007/1007/227 1008/1008/227
f 1009/1009/228 1010/1010/228 1011/1011/228
f 1012/1012/229 1013/1013/229 1014/1014/229
f 1015/1015/230 1016/1016/230 1017/1017/230
f 1018/1018/231 1019/1019/231 1020/1020/231
f 1021/1021/60 1022/1022/60 1023/1023/60
f 1024/1024/60 1025/1025/60 1026/1026/60
f 1027/1027/232 1028/1028/232 1029/1029/232
f 1030/1030/233 1031/1031/233 1032/1032/233
f 1033/1033/234 1034/1034/234 1035/1035/234
f 1036/1036/235 1037/1037/235 1038/1038/235
f 1039/1039/236 1040/1040/236 1041/1041/236
f 1042/1042/237 1043/1043/237 1044/1044/237
f 1045/1045/238 1046/1046/238 1047/1047/238
f 1048/1048/239 1049/1049/239 1050/1050/239
f 1051/1051/240 1052/1052/240 1053/1053/240
f 1054/1054/241 1055/1055/241 1056/1056/241
f 1057/1057/242 1058/1058/242 1059/1059/242
f 1060/1060/243 1061/1061/243 1062/1062/243
f 1063/1063/244 1064/1064/244 1065/1065/244
f 1066/1066/245 1067/1067/245 1068/1068/245
f 1069/1069/246 1070/1070/246 1071/1071/246
f 1072/1072/247 1073/1073/247 1074/1074/247
f 1075/1075/248 1076/1076/248 1077/1077/248
f 1078/1078/249 1079/1079/249 1080/1080/249
f 1081/1081/250 1082/1082/250 1083/1083/250
f 1084/1084/251 1085/1085/251 1086/1086/251
f 1087/1087/252 1088/1088/252 1089/1089/252
f 1090/1090/253 1091/1091/253 1092/1092/253
f 1093/1093/254 1094/1094/254 1095/1095/254
f 1096/1096/255 1097/1097/255 1098/1098/255
f 1099/1099/256 1100/1100/256 1101/1101/256
f 1102/1102/257 1103/1103/257 1104/1104/257
f 1105/1105/258 1106/1106/258 1107/1107/258
f 1108/1108/259 1109/1109/259 1110/1110/259
f 1111/1111/260 1112/1112/260 1113/1113/260
f 1114/1114/261 1115/1115/261 1116/1116/261
f 1117/1117/262 1118/1118/262 1119/1119/262
f 1120/1120/263 1121/1121/263 1122/1122/263
f 1123/1123/264 1124/1124/264 1125/1125/264
f 1126/1126/265 1127/1127/265 1128/1128/265
f 1129/1129/265 1130/1130/265 1131/1131/265
f 1132/1132/266 1133/1133/266 1134/1134/266
f 1135/1135/267 1136/1136/267 1137/1137/267
f 1138/1138/268 1139/1139/268 1140/1140/268
f 1141/1141/268 1142/1142/268 1143/1143/268
f 1144/1144/269 1145/1145/269 1146/1146/269
f 1147/1147/269 1148/1148/269 1149/1149/269
f 1150/1150/270 1151/1151/270 1152/1152/270
f 1153/1153/270 1154/1154/270 1155/1155/270
f 1156/1156/271 1157/1157/271 1158/1158/271
f 1159/1159/272 1160/1160/272 1161/1161/272
f 1162/1162/273 1163/1163/273 1164/1164/273
f 1165/1165/274 1166/1166/274 1167/1167/274
f 1168/1168/274 1169/1169/274 1170/1170/274
f 1171/1171/275 1172/1172/275 1173/1173/275
f 1174/1174/275 1175/1175/275 1176/1176/275
f 1177/1177/177 1178/1178/177 1179/1179/177
f 1180/1180/276 1181/1181/276 1182/1182/276
f 1183/1183/276 1184/1184/276 1185/1185/276
f 1186/1186/277 1187/1187/277 1188/1188/277
f 1189/1189/278 1190/1190/278 1191/1191/278
f 1192/1192/279 1193/1193/279 1194/1194/279
f 1195/1195/280 1196/1196/280 1197/1197/280
f 1198/1198/60 1199/1199/60 1200/1200/60
f 1201/1201/281 1202/1202/281 1203/1203/281
f 1204/1204/65 1205/1205/65 1206/1206/65
f 1207/1207/66 1208/1208/66 1209/1209/66
f 1210/1210/282 1211/1211/282 1212/1212/282
f 1213/1213/283 1214/1214/283 1215/1215/283
f 1216/1216/284 1217/1217/284 1218/1218/284
f 1219/1219/88 1220/1220/88 1221/1221/88
f 1222/1222/87 1223/1223/87 1224/1224/87
f 1225/1225/285 1226/1226/285 1227/1227/285
f 1228/1228/34 1229/1229/34 1230/1230/34
f 1231/1231/35 1232/1232/35 1233/1233/35
f 1234/1234/286 1235/1235/286 1236/1236/286
f 1237/1237/37 1238/1238/37 1239/1239/37
f 1240/1240/38 1241/1241/38 1242/1242/38
f 1243/1243/145 1244/1244/145 1245/1245/145
f 1246/1246/287 1247/1247/287 1248/1248/287
f 1249/1249/287 1250/1250/287 1251/1251/287
f 1252/1252/288 1253/1253/288 1254/1254/288
f 1255/1255/289 1256/1256/289 1257/1257/289
f 1258/1258/290 1259/1259/290 1260/1260/290
f 1261/1261/291 1262/1262/291 1263/1263/291
f 1264/1264/292 1265/1265/292 1266/1266/292
f 1267/1267/293 1268/1268/293 1269/1269/293
f 1270/1270/294 1271/1271/294 1272/1272/294
f 1273/1273/295 1274/1274/295 1275/1275/295
f 1276/1276/296 1277/1277/296 1278/1278/296
f 1279/1279/297 1280/1280/297 1281/1281/297
f 1282/1282/298 1283/1283/298 1284/1284/298
f 1285/1285/299 1286/1286/299 1287/1287/299
f 1288/1288/300 1289/1289/300 1290/1290/300
f 1291/1291/301 1292/1292/301 1293/1293/301
f 1294/1294/302 1295/1295/302 1296/1296/302
f 1297/1297/303 1298/1298/303 1299/1299/303
f 1300/1300/304 1301/1301/304 1302/1302/304
f 1303/1303/305 1304/1304/305 1305/1305/305
f 1306/1306/306 1307/1307/306 1308/1308/306
f 1309/1309/307 1310/1310/307 1311/1311/307
f 1312/1312/308 1313/1313/308 1314/1314/308
f 1315/1315/309 1316/1316/309 1317/1317/309
f 1318/1318/310 1319/1319/310 1320/1320/310
f 1321/1321/311 1322/1322/311 1323/1323/311
f 1324/1324/312 1325/1325/312 1326/1326/312
f 1327/1327/24 1328/1328/24 1329/1329/24
f 1330/1330/1 1331/1331/1 1332/1332/1
f 1333/1333/313 1334/1334/313 1335/1335/313
f 1336/1336/313 1337/1337/313 1338/1338/313
f 1339/1339/314 1340/1340/314 1341/1341/314
f 1342/1342/315 1343/1343/315 1344/1344/315
f 1345/1345/316 1346/1346/316 1347/1347/316
f 1348/1348/317 1349/1349/317 1350/1350/317
f 1351/1351/318 1352/1352/318 1353/1353/318
f 1354/1354/133 1355/1355/133 1356/1356/133
f 1357/1357/319 1358/1358/319 1359/1359/319
f 1360/1360/60 1361/1361/60 1362/1362/60
f 1363/1363/60 1364/1364/60 1365/1365/60
f 1366/1366/286 1367/1367/286 1368/1368/286
f 1369/1369/320 1370/1370/320 1371/1371/320
f 1372/1372/321 1373/1373/321 1374/1374/321
f 1375/1375/322 1376/1376/322 1377/1377/322
f 1378/1378/323 1379/1379/323 1380/1380/323
f 1381/1381/324 1382/1382/324 1383/1383/324
f 1384/1384/325 1385/1385/325 1386/1386/325
f 1387/1387/326 1388/1388/326 1389/1389/326
f 1390/1390/327 1391/1391/327 1392/1392/327
f 1393/1393/328 1394/1394/328 1395/1395/328
f 1396/1396/45 1397/1397/45 1398/1398/45
f 1399/1399/32 1400/1400/32 1401/1401/32
f 1402/1402/329 1403/1403/329 1404/1404/329
f 1405/1405/330 1406/1406/330 1407/1407/330
f 1408/1408/331 1409/1409/331 1410/1410/331
f 1411/1411/332 1412/1412/332 1413/1413/332
f 1414/1414/333 1415/1415/333 1416/1416/333
f 1417/1417/334 1418/1418/334 1419/1419/334
f 1420/1420/52 1421/1421/52 1422/1422/52
f 1423/1423/281 1424/1424/281 1425/1425/281
f 1426/1426/280 1427/1427/280 1428/1428/280
f 1429/1429/127 1430/1430/127 1431/1431/127
f 1432/1432/284 1433/1433/284 1434/1434/284
f 1435/1435/283 1436/1436/283 1437/1437/283
f 1438/1438/130 1439/1439/130 1440/1440/130
f 1441/1441/54 1442/1442/54 1443/1443/54
f 1444/1444/54 1445/1445/54 1446/1446/54
f 1447/1447/55 1448/1448/55 1449/1449/55
f 1450/1450/335 1451/1451/335 1452/1452/335
f 1453/1453/336 1454/1454/336 1455/1455/336
f 1456/1456/337 1457/1457/337 1458/1458/337
f 1459/1459/338 1460/1460/338 1461/1461/338
f 1462/1462/288 1463/1463/288 1464/1464/288
f 1465/1465/144 1466/1466/144 1467/1467/144
f 1468/1468/339 1469/1469/339 1470/1470/339
f 1471/1471/333 1472/1472/333 1473/1473/333
f 1474/1474/340 1475/1475/340 1476/1476/340
f 1477/1477/285 1478/1478/285 1479/1479/285
f 1480/1480/84 1481/1481/84 1482/1482/84
f 1483/1483/282 1484/1484/282 1485/1485/282
f 1486/1486/185 1487/1487/185 1488/1488/185
f 1489/1489/341 1490/1490/341 1491/1491/341
f 1492/1492/342 1493/1493/342 1494/1494/342
f 1495/1495/343 1496/1496/343 1497/1497/343
f 1498/1498/344 1499/1499/344 1500/1500/344
f 1501/1501/345 1502/1502/345 1503/1503/345
f 1504/1504/346 1505/1505/346 1506/1506/346
f 1507/1507/347 1508/1508/347 1509/1509/347
f 1510/1510/348 1511/1511/348 1512/1512/348
f 1513/1513/349 1514/1514/349 1515/1515/349
f 1516/1516/173 1517/1517/173 1518/1518/173
f 1519/1519/273 1520/1520/273 1521/1521/273
f 1522/1522/350 1523/1523/350 1524/1524/350
f 1525/1525/351 1526/1526/351 1527/1527/351
f 1528/1528/352 1529/1529/352 1530/1530/352
f 1531/1531/353 1532/1532/353 1533/1533/353
f 1534/1534/354 1535/1535/354 1536/1536/354
f 1537/1537/355 1538/1538/355 1539/1539/355
f 1540/1540/356 1541/1541/356 1542/1542/356
f 1543/1543/357 1544/1544/357 1545/1545/357
f 1546/1546/358 1547/1547/358 1548/1548/358
f 1549/1549/359 1550/1550/359 1551/1551/359
f 1552/1552/360 1553/1553/360 1554/1554/360
f 1555/1555/361 1556/1556/361 1557/1557/361
f 1558/1558/362 1559/1559/362 1560/1560/362
f 1561/1561/363 1562/1562/363 1563/1563/363
f 1564/1564/364 1565/1565/364 1566/1566/364
f 1567/1567/365 1568/1568/365 1569/1569/365
f 1570/1570/366 1571/1571/366 1572/1572/366
f 1573/1573/367 1574/1574/367 1575/1575/367
f 1576/1576/368 1577/1577/368 1578/1578/368
f 1579/1579/369 1580/1580/369 1581/1581/369
f 1582/1582/279 1583/1583/279 1584/1584/279
f 1585/1585/202 1586/1586/202 1587/1587/202
f 1588/1588/36 1589/1589/36 1590/1590/36
f 1591/1591/179 1592/1592/179 1593/1593/179
f 1594/1594/131 1595/1595/131 1596/1596/131
f 1597/1597/129 1598/1598/129 1599/1599/129
f 1600/1600/67 1601/1601/67 1602/1602/67
f 1603/1603/370 1604/1604/370 1605/1605/370
f 1606/1606/371 1607/1607/371 1608/1608/371
f 1609/1609/318 1610/1610/318 1611/1611/318
f 1612/1612/197 1613/1613/197 1614/1614/197
f 1615/1615/41 1616/1616/41 1617/1617/41
f 1618/1618/178 1619/1619/178 1620/1620/178
f 1621/1621/91 1622/1622/91 1623/1623/91
f 1624/1624/86 1625/1625/86 1626/1626/86
f 1627/1627/70 1628/1628/70 1629/1629/70
f 1630/1630/184 1631/1631/184 1632/1632/184
f 1633/1633/372 1634/1634/372 1635/1635/372
