# Blender 4.5.3 LTS
# www.blender.org
mtllib combinedkeyblade.mtl
o mesh_mesh.037
v 0.424207 -9.720150 -0.320445
v -0.424207 -9.720150 -0.320445
v 0.000000 -9.183021 -0.000000
v -0.604266 -9.692680 -0.000002
v -0.283822 -10.803599 -0.000002
v -0.424207 -9.720150 0.320443
v 0.000000 -9.183021 -0.000000
v -0.424207 -9.720150 -0.320445
v -0.604266 -9.692680 -0.000002
v -0.424207 -9.720150 -0.320445
v -0.155644 -10.770000 -0.094609
v -0.283822 -10.803599 -0.000002
v -0.155644 -10.770000 -0.094609
v 0.000000 -10.919500 -0.000001
v -0.283822 -10.803599 -0.000002
v 0.424207 -9.720150 -0.320445
v 0.000000 -9.183021 -0.000000
v 0.604266 -9.692680 -0.000001
v 0.604266 -9.692680 -0.000001
v 0.000000 -9.183021 -0.000000
v 0.424207 -9.720150 0.320443
v 0.604266 -9.692680 -0.000001
v 0.424207 -9.720150 0.320443
v 0.283822 -10.803599 -0.000001
v 0.283822 -10.803599 -0.000001
v 0.424207 -9.720150 0.320443
v 0.155644 -10.770000 0.094606
v 0.283822 -10.803599 -0.000001
v 0.155644 -10.770000 0.094606
v 0.000000 -10.919500 -0.000001
v 0.000000 -10.919500 -0.000001
v 0.155644 -10.770000 0.094606
v -0.155644 -10.770000 0.094606
v 0.000000 -10.919500 -0.000001
v -0.155644 -10.770000 0.094606
v -0.283822 -10.803599 -0.000002
v -0.155644 -10.770000 -0.094609
v 0.155644 -10.770000 -0.094609
v 0.000000 -10.919500 -0.000001
v 0.155644 -10.770000 -0.094609
v 0.424207 -9.720150 -0.320445
v 0.283822 -10.803599 -0.000001
v -0.155644 -10.770000 0.094606
v 0.155644 -10.770000 -0.094609
v -0.155644 -10.770000 -0.094609
v 0.000000 -10.919500 -0.000001
v 0.155644 -10.770000 -0.094609
v 0.283822 -10.803599 -0.000001
v 0.283822 -10.803599 -0.000001
v 0.424207 -9.720150 -0.320445
v 0.604266 -9.692680 -0.000001
v -0.155644 -10.770000 -0.094609
v -0.424207 -9.720150 -0.320445
v -0.155644 -10.770000 0.094606
v -0.155644 -10.770000 0.094606
v -0.424207 -9.720150 -0.320445
v -0.424207 -9.720150 0.320443
v 0.000000 -11.887000 -0.741602
v 0.000000 -10.522799 0.741599
v 0.000000 -10.522799 -0.741602
v 0.491348 -23.841099 -0.000003
v -0.491348 -23.841099 -0.000003
v 0.491348 -22.840101 -0.000003
v 0.000000 -11.887000 -0.741602
v 0.000000 -11.887000 0.741599
v 0.000000 -10.522799 0.741599
v -0.491348 -22.840101 -0.000003
v 0.491348 -22.840101 -0.000003
v -0.491348 -23.841099 -0.000003
v 0.000000 -25.104500 -2.227853
v 0.000000 -27.414799 -1.065103
v 0.000000 -23.249001 -0.000003
v 0.000000 -16.962200 -0.393692
v 0.000000 -18.793301 -0.393692
v 0.000000 -16.962200 0.393686
v 0.000000 -18.793301 -0.393692
v 0.000000 -18.793301 0.393686
v 0.000000 -16.962200 0.393686
v 0.000000 -18.793301 -0.393692
v 0.000000 -20.624401 -0.393691
v 0.000000 -18.793301 0.393686
v 0.000000 -20.624401 -0.393691
v 0.000000 -20.624401 0.393687
v 0.000000 -18.793301 0.393686
v 0.000000 -22.455500 -0.393692
v 0.000000 -22.455500 0.393686
v 0.000000 -20.624401 0.393687
v 0.000000 -22.455500 -0.393692
v 0.000000 -23.188000 -0.000003
v 0.000000 -22.455500 0.393686
v 0.000000 -22.455500 -0.393692
v 0.000000 -20.624401 0.393687
v 0.000000 -20.624401 -0.393691
v 0.000000 -16.962200 0.393686
v 0.000000 -15.131100 0.393687
v 0.000000 -16.962200 -0.393692
v 0.000000 -13.098500 0.393687
v 0.000000 -11.887000 0.741599
v 0.000000 -13.098500 -0.393691
v 0.000000 -11.887000 0.741599
v 0.000000 -11.887000 -0.741602
v 0.000000 -13.098500 -0.393691
v 0.000000 -16.962200 -0.393692
v 0.000000 -15.131100 0.393687
v 0.000000 -15.131100 -0.393691
v 0.000000 -15.131100 -0.393691
v 0.000000 -15.131100 0.393687
v 0.000000 -13.098500 0.393687
v 0.000000 -15.131100 -0.393691
v 0.000000 -13.098500 0.393687
v 0.000000 -13.098500 -0.393691
v 0.000000 -23.249001 -0.000003
v 0.000000 -27.124899 -0.000003
v 0.000000 -27.414799 1.065097
v 0.000000 -27.414799 -1.065103
v 0.000000 -27.124899 -0.000003
v 0.000000 -23.249001 -0.000003
v 0.000000 -23.249001 -0.000003
v 0.000000 -27.414799 1.065097
v 0.000000 -25.104500 2.227847
v 0.424207 -9.720150 0.320443
v 0.000000 -9.183021 -0.000000
v -0.424207 -9.720150 0.320443
v 0.000000 -9.183021 -0.000000
v -0.604266 -9.692680 -0.000002
v -0.424207 -9.720150 0.320443
v -0.424207 -9.720150 0.320443
v -0.283822 -10.803599 -0.000002
v -0.155644 -10.770000 0.094606
v 0.424207 -9.720150 0.320443
v 0.424207 -9.720150 -0.320445
v 0.155644 -10.770000 0.094606
v 0.155644 -10.770000 0.094606
v 0.424207 -9.720150 -0.320445
v 0.155644 -10.770000 -0.094609
v 0.155644 -10.770000 0.094606
v 0.155644 -10.770000 -0.094609
v -0.155644 -10.770000 0.094606
v -0.604266 -9.692680 -0.000002
v -0.424207 -9.720150 -0.320445
v -0.283822 -10.803599 -0.000002
v -0.833154 91.650101 -5.005028
v -0.833154 90.087601 -5.917528
v -0.833155 91.430405 -0.918595
v -0.833155 92.391701 -3.030478
v -0.833154 91.650101 -5.005028
v -0.833155 91.430405 -0.918595
v -0.833156 90.087601 5.917552
v -0.833156 91.650101 5.005052
v -0.833155 91.430405 0.918619
v -0.833156 91.650101 5.005052
v -0.833156 92.391701 3.030502
v -0.833155 91.430405 0.918619
v 0.833155 89.809898 0.000012
v 0.833155 91.430405 -0.918595
v 0.000000 91.204605 0.000012
v 0.833155 10.211499 3.402812
v 0.833155 13.077200 1.010162
v -0.000001 12.646899 3.149512
v 0.833155 91.430405 0.918619
v 0.833155 89.809898 0.000012
v 0.000000 91.204605 0.000012
v -0.833155 10.211501 -3.402809
v -0.833155 13.077200 -1.010158
v 0.000001 12.646901 -3.149509
v 0.833155 13.077200 -1.010158
v 0.000000 72.740898 -1.669351
v 0.833155 78.432602 -1.318389
v -0.833155 13.077200 0.000001
v -0.833155 13.077200 1.010161
v -0.833155 78.432602 0.000010
v 0.833154 88.271698 5.923651
v 0.833154 90.087601 5.917552
v -0.000001 90.310402 6.933822
v 0.833154 90.087601 5.917552
v -0.000001 92.288002 5.810732
v -0.000001 90.310402 6.933822
v 0.833154 90.087601 5.917552
v 0.833154 91.650101 5.005052
v -0.000001 92.288002 5.810732
v 0.833154 91.650101 5.005052
v -0.000001 93.221802 3.811772
v -0.000001 92.288002 5.810732
v 0.833154 91.650101 5.005052
v 0.833155 92.391701 3.030502
v -0.000001 93.221802 3.811772
v 0.833155 92.391701 3.030502
v 0.000000 93.130302 2.203452
v -0.000001 93.221802 3.811772
v 0.833155 92.391701 3.030502
v 0.833155 91.430405 0.918619
v 0.000000 93.130302 2.203452
v 0.833155 91.430405 0.918619
v 0.000000 92.465004 0.762975
v 0.000000 93.130302 2.203452
v 0.833155 91.430405 0.918619
v 0.000000 91.204605 0.000012
v 0.000000 92.465004 0.762975
v 0.000000 91.204605 0.000012
v -0.833155 91.430405 0.918619
v 0.000000 92.465004 0.762975
v 0.000000 91.204605 0.000012
v -0.833155 89.809898 0.000012
v -0.833155 91.430405 0.918619
v -0.833155 89.809898 0.000012
v -0.833156 90.087601 5.917552
v -0.833155 91.430405 0.918619
v -0.833155 89.809898 0.000012
v -0.833156 88.271698 5.923651
v -0.833156 90.087601 5.917552
v -0.833156 88.271698 5.923651
v -0.000001 90.310402 6.933822
v -0.833156 90.087601 5.917552
v -0.833156 88.271698 5.923651
v -0.000001 88.293098 6.942971
v -0.000001 90.310402 6.933822
v -0.000001 88.293098 6.942971
v 0.833154 88.271698 5.923651
v -0.000001 90.310402 6.933822
v -0.000001 88.293098 6.942971
v 0.000000 78.206703 2.148510
v 0.833154 88.271698 5.923651
v 0.000000 78.206703 2.148510
v 0.833155 78.432602 1.318410
v 0.833154 88.271698 5.923651
v 0.000000 78.206703 2.148510
v 0.000000 72.740898 1.669369
v 0.833155 78.432602 1.318410
v 0.000000 72.740898 1.669369
v 0.833155 13.077200 1.010162
v 0.833155 78.432602 1.318410
v 0.000000 72.740898 1.669369
v 0.000000 14.273500 1.947082
v 0.833155 13.077200 1.010162
v 0.000000 14.273500 1.947082
v -0.000001 12.646899 3.149512
v 0.833155 13.077200 1.010162
v 0.000000 14.273500 1.947082
v -0.833155 13.077200 1.010161
v -0.000001 12.646899 3.149512
v -0.833155 13.077200 1.010161
v -0.833156 10.211499 3.402812
v -0.000001 12.646899 3.149512
v 0.000001 88.293098 -6.942949
v -0.833154 88.271698 -5.923629
v 0.000001 90.310402 -6.933798
v -0.833154 88.271698 -5.923629
v -0.833154 90.087601 -5.917528
v 0.000001 90.310402 -6.933798
v -0.833154 88.271698 -5.923629
v -0.833155 89.809898 0.000012
v -0.833154 90.087601 -5.917528
v -0.833155 89.809898 0.000012
v -0.833155 91.430405 -0.918595
v -0.833154 90.087601 -5.917528
v -0.833155 89.809898 0.000012
v 0.000000 91.204605 0.000012
v -0.833155 91.430405 -0.918595
v 0.000000 91.204605 0.000012
v 0.000000 92.465004 -0.762951
v -0.833155 91.430405 -0.918595
v 0.000000 91.204605 0.000012
v 0.833155 91.430405 -0.918595
v 0.000000 92.465004 -0.762951
v 0.833155 91.430405 -0.918595
v 0.000000 93.130302 -2.203428
v 0.000000 92.465004 -0.762951
v 0.833155 91.430405 -0.918595
v 0.833156 92.391701 -3.030478
v 0.000000 93.130302 -2.203428
v 0.833156 92.391701 -3.030478
v 0.000001 93.221802 -3.811748
v 0.000000 93.130302 -2.203428
v 0.833156 92.391701 -3.030478
v 0.833156 91.650101 -5.005028
v 0.000001 93.221802 -3.811748
v 0.833156 91.650101 -5.005028
v 0.000001 92.288002 -5.810708
v 0.000001 93.221802 -3.811748
v 0.833156 91.650101 -5.005028
v 0.833156 90.087601 -5.917528
v 0.000001 92.288002 -5.810708
v 0.833156 90.087601 -5.917528
v 0.000001 90.310402 -6.933798
v 0.000001 92.288002 -5.810708
v 0.833156 90.087601 -5.917528
v 0.833156 88.271698 -5.923629
v 0.000001 90.310402 -6.933798
v 0.833156 88.271698 -5.923629
v 0.000001 88.293098 -6.942949
v 0.000001 90.310402 -6.933798
v 0.833156 88.271698 -5.923629
v 0.000000 78.206703 -2.148490
v 0.000001 88.293098 -6.942949
v 0.000000 78.206703 -2.148490
v -0.833154 88.271698 -5.923629
v 0.000001 88.293098 -6.942949
v 0.000000 78.206703 -2.148490
v -0.833155 78.432602 -1.318390
v -0.833154 88.271698 -5.923629
v -0.833155 78.432602 -1.318390
v -0.833155 89.809898 0.000012
v -0.833154 88.271698 -5.923629
v -0.833155 78.432602 -1.318390
v -0.833155 78.432602 0.000010
v -0.833155 89.809898 0.000012
v 0.833156 92.391701 -3.030478
v 0.833155 91.430405 -0.918595
v 0.833156 91.650101 -5.005028
v 0.833155 91.430405 -0.918595
v 0.833156 90.087601 -5.917528
v 0.833156 91.650101 -5.005028
v 0.833155 91.430405 -0.918595
v 0.833155 89.809898 0.000012
v 0.833156 90.087601 -5.917528
v 0.833155 89.809898 0.000012
v 0.833156 88.271698 -5.923629
v 0.833156 90.087601 -5.917528
v 0.833155 89.809898 0.000012
v 0.833155 78.432602 -1.318389
v 0.833156 88.271698 -5.923629
v 0.833155 78.432602 -1.318389
v 0.000000 78.206703 -2.148490
v 0.833156 88.271698 -5.923629
v 0.833155 78.432602 -1.318389
v 0.000000 72.740898 -1.669351
v 0.000000 78.206703 -2.148490
v 0.000000 72.740898 -1.669351
v -0.833155 78.432602 -1.318390
v 0.000000 78.206703 -2.148490
v 0.000000 72.740898 -1.669351
v -0.833155 13.077200 -1.010158
v -0.833155 78.432602 -1.318390
v -0.833155 13.077200 -1.010158
v -0.833155 78.432602 0.000010
v -0.833155 78.432602 -1.318390
v -0.833155 13.077200 -1.010158
v -0.833155 13.077200 0.000001
v -0.833155 78.432602 0.000010
v 0.000000 92.465004 -0.762951
v 0.000000 93.130302 -2.203428
v -0.833155 91.430405 -0.918595
v 0.000000 93.130302 -2.203428
v -0.833155 92.391701 -3.030478
v -0.833155 91.430405 -0.918595
v 0.000000 93.130302 -2.203428
v 0.000001 93.221802 -3.811748
v -0.833155 92.391701 -3.030478
v 0.000001 93.221802 -3.811748
v -0.833154 91.650101 -5.005028
v -0.833155 92.391701 -3.030478
v 0.000001 93.221802 -3.811748
v 0.000001 92.288002 -5.810708
v -0.833154 91.650101 -5.005028
v 0.000001 92.288002 -5.810708
v -0.833154 90.087601 -5.917528
v -0.833154 91.650101 -5.005028
v 0.000001 92.288002 -5.810708
v 0.000001 90.310402 -6.933798
v -0.833154 90.087601 -5.917528
v -0.000001 90.310402 6.933822
v -0.000001 92.288002 5.810732
v -0.833156 90.087601 5.917552
v -0.000001 92.288002 5.810732
v -0.833156 91.650101 5.005052
v -0.833156 90.087601 5.917552
v -0.000001 92.288002 5.810732
v -0.000001 93.221802 3.811772
v -0.833156 91.650101 5.005052
v -0.000001 93.221802 3.811772
v -0.833156 92.391701 3.030502
v -0.833156 91.650101 5.005052
v -0.000001 93.221802 3.811772
v 0.000000 93.130302 2.203452
v -0.833156 92.391701 3.030502
v 0.000000 93.130302 2.203452
v -0.833155 91.430405 0.918619
v -0.833156 92.391701 3.030502
v 0.000000 93.130302 2.203452
v 0.000000 92.465004 0.762975
v -0.833155 91.430405 0.918619
v 0.000000 14.273500 1.947082
v 0.000000 72.740898 1.669369
v -0.833155 13.077200 1.010161
v 0.000000 72.740898 1.669369
v -0.833155 78.432602 1.318410
v -0.833155 13.077200 1.010161
v 0.000000 72.740898 1.669369
v 0.000000 78.206703 2.148510
v -0.833155 78.432602 1.318410
v 0.000000 78.206703 2.148510
v -0.833156 88.271698 5.923651
v -0.833155 78.432602 1.318410
v 0.000000 78.206703 2.148510
v -0.000001 88.293098 6.942971
v -0.833156 88.271698 5.923651
v 0.833155 78.432602 1.318410
v 0.833155 89.809898 0.000012
v 0.833154 88.271698 5.923651
v 0.833155 89.809898 0.000012
v 0.833154 90.087601 5.917552
v 0.833154 88.271698 5.923651
v 0.833155 89.809898 0.000012
v 0.833155 91.430405 0.918619
v 0.833154 90.087601 5.917552
v 0.833155 91.430405 0.918619
v 0.833154 91.650101 5.005052
v 0.833154 90.087601 5.917552
v 0.833155 91.430405 0.918619
v 0.833155 92.391701 3.030502
v 0.833154 91.650101 5.005052
v 0.833156 10.211501 -3.402809
v 0.000001 12.646901 -3.149509
v 0.833155 13.077200 -1.010158
v 0.000001 12.646901 -3.149509
v 0.000000 14.273500 -1.947078
v 0.833155 13.077200 -1.010158
v 0.000001 12.646901 -3.149509
v -0.833155 13.077200 -1.010158
v 0.000000 14.273500 -1.947078
v -0.833155 13.077200 1.010161
v -0.833155 78.432602 1.318410
v -0.833155 78.432602 0.000010
v -0.833155 78.432602 1.318410
v -0.833155 89.809898 0.000012
v -0.833155 78.432602 0.000010
v -0.833155 78.432602 1.318410
v -0.833156 88.271698 5.923651
v -0.833155 89.809898 0.000012
v 0.833155 13.077200 0.000002
v 0.833155 78.432602 0.000011
v 0.833155 13.077200 1.010162
v 0.833155 78.432602 0.000011
v 0.833155 78.432602 1.318410
v 0.833155 13.077200 1.010162
v 0.833155 78.432602 0.000011
v 0.833155 89.809898 0.000012
v 0.833155 78.432602 1.318410
v 0.833155 89.809898 0.000012
v 0.833155 78.432602 0.000011
v 0.833155 78.432602 -1.318389
v 0.833155 78.432602 0.000011
v 0.833155 13.077200 -1.010158
v 0.833155 78.432602 -1.318389
v 0.833155 78.432602 0.000011
v 0.833155 13.077200 0.000002
v 0.833155 13.077200 -1.010158
v -0.833155 13.077200 -1.010158
v 0.000000 72.740898 -1.669351
v 0.000000 14.273500 -1.947078
v 0.000000 14.273500 -1.947078
v 0.000000 72.740898 -1.669351
v 0.833155 13.077200 -1.010158
v 1.086460 11.529902 -3.390608
v 1.086460 6.692710 -6.500440
v 1.074250 9.210490 -6.109807
v 1.074250 9.210490 -6.109807
v 1.086460 6.692710 -6.500440
v 1.498460 7.431262 -7.882928
v -1.086460 11.529902 -3.390608
v 0.000000 21.643700 -3.701897
v -0.543229 13.846202 -5.069118
v -1.086460 11.529902 -3.390608
v 1.086460 11.529902 -3.390608
v 0.000000 21.643700 -3.701897
v -1.074250 9.210490 -6.109807
v 0.000000 8.514660 -8.532980
v -1.498460 7.431262 -7.882928
v 0.000000 8.514660 -8.532980
v 0.000000 7.171851 -10.235900
v -1.498460 7.431262 -7.882928
v 0.781274 6.683548 6.469922
v 1.046780 4.559470 9.176921
v 0.585955 5.078279 7.638781
v 0.390637 3.234960 8.334601
v 0.585955 5.078279 7.638781
v 1.046780 4.559470 9.176921
v 1.086460 11.529900 3.390611
v -1.086460 11.529900 3.390611
v 0.000000 21.643700 3.701903
v -1.086460 11.529900 3.390611
v -0.543229 13.846200 5.069121
v 0.000000 21.643700 3.701903
v -0.000001 -1.266522 12.039600
v 0.000000 -3.244121 10.660099
v 1.272619 -1.800592 10.287800
v 0.000000 -3.244121 10.660099
v 0.000000 -4.141362 9.552289
v 1.272619 -1.800592 10.287800
v -1.590010 -1.831110 8.957180
v -1.770070 0.320443 10.181000
v -1.123080 0.302133 9.195230
v -1.770070 0.320443 10.181000
v -1.651050 2.093569 9.686581
v -1.123080 0.302133 9.195230
v -1.074250 9.210488 6.109810
v 0.000000 10.150498 6.222722
v 0.000000 11.706899 4.821921
v 0.000000 10.150498 6.222722
v -1.074250 9.210488 6.109810
v 0.000000 10.068100 7.351911
v 0.000000 11.490199 9.732352
v 0.000000 13.565500 8.441422
v -0.796533 11.539002 8.767972
v 0.000000 11.490199 9.732352
v -0.796533 11.539002 8.767972
v 0.000000 10.171799 9.445481
v -0.000001 -1.266522 12.039600
v -0.000001 0.442516 13.586800
v -1.272620 -1.800592 10.287800
v -0.000001 0.442516 13.586800
v -0.000001 -0.033572 12.363000
v -1.272620 -1.800592 10.287800
v 0.000000 91.204605 0.000012
v 0.000000 89.373497 0.000012
v 0.585955 91.430405 -0.918595
v 0.000000 89.373497 0.000012
v -0.585955 91.430405 -0.918595
v 0.000000 91.204605 0.000012
v -0.833155 91.650101 -5.005028
v -0.833155 90.087601 -5.917528
v -0.833155 91.430405 -0.918595
v -0.833155 92.391701 -3.030478
v -0.833155 91.650101 -5.005028
v -0.833155 91.430405 -0.918595
v 0.000000 12.646901 -3.149509
v 0.000000 12.723201 -4.940948
v -0.833155 10.211501 -3.402809
v 0.833155 10.211501 -3.402809
v 0.000000 12.723201 -4.940948
v 0.000000 12.646901 -3.149509
v -1.379440 -5.554369 -3.411971
v -0.778222 -5.471970 -2.105781
v 0.000000 -4.535049 -2.142401
v -1.690730 -5.066071 -3.509630
v -1.379440 -5.554369 -3.411971
v 0.000000 -4.535049 -2.142401
v 0.000000 -9.607230 -1.989811
v 0.000000 -10.339700 -0.000001
v -0.424207 -9.720150 -0.320445
v -0.634785 -9.076200 -0.967438
v 0.000000 -9.607230 -1.989811
v -0.424207 -9.720150 -0.320445
v 0.000000 89.373497 0.000012
v 0.000000 91.204605 0.000012
v 0.585955 91.430405 0.918619
v 0.000000 91.204605 0.000012
v -0.585955 91.430405 0.918619
v 0.000000 89.373497 0.000012
v -0.833155 90.087601 5.917552
v -0.833155 91.650101 5.005052
v -0.833155 91.430405 0.918619
v -0.833155 91.650101 5.005052
v -0.833155 92.391701 3.030502
v -0.833155 91.430405 0.918619
v 0.000000 12.723199 4.940951
v 0.000000 12.646899 3.149512
v -0.833155 10.211499 3.402812
v 0.000000 12.723199 4.940951
v 0.833155 10.211499 3.402812
v 0.000000 12.646899 3.149512
v 1.379440 -5.554369 3.411969
v 0.778222 -5.471971 2.105779
v 0.000000 -4.535050 2.142399
v 1.690730 -5.066071 3.509629
v 1.379440 -5.554369 3.411969
v 0.000000 -4.535050 2.142399
v 0.424207 -9.720150 0.320443
v 0.634785 -9.076200 0.967437
v 0.000000 -9.607230 1.989809
v 0.000000 -10.339700 -0.000001
v 0.424207 -9.720150 0.320443
v 0.000000 -9.607230 1.989809
v -0.946073 -3.198339 -12.677401
v 0.000001 -6.033509 -13.901200
v 0.946075 -3.198339 -12.677401
v 0.000000 -5.569630 -5.920590
v -1.348920 -4.702899 -8.203381
v -0.897244 -6.625569 -4.983671
v 0.000000 -5.005040 -9.741510
v 1.348920 -4.702899 -8.203381
v 0.000000 -5.191197 -8.438371
v 0.000000 -5.471970 -4.867702
v 0.897244 -6.625569 -4.983671
v 0.000000 -5.780210 -5.252241
v -1.074250 9.210490 -6.109807
v 0.000000 11.706901 -4.821918
v 0.000000 10.217601 -6.268498
v 0.000000 9.497361 -9.387489
v 0.000000 11.526801 -9.732347
v 0.857570 11.597000 -8.767968
v 0.000000 11.639800 -8.209478
v 0.000000 10.635700 -8.087399
v 0.854518 9.918520 -8.410899
v 0.000001 4.962311 -13.168699
v 0.000001 6.332591 -11.941900
v 1.498460 7.431262 -7.882928
v 0.000000 12.826900 -5.224769
v 0.543229 13.846202 -5.069118
v 0.000000 11.706901 -4.821918
v 0.000000 -0.241096 -8.755760
v -0.991852 -0.302132 -10.010100
v 0.000000 -1.425210 -8.673360
v 0.000000 0.915555 -8.484150
v 0.857570 2.841270 -8.487200
v -0.857570 2.841270 -8.487200
v 0.000000 5.887022 -11.020199
v 0.000000 5.719172 -10.446499
v -1.498460 7.431262 -7.882928
v -1.046780 4.559470 9.176921
v -1.034580 0.640888 9.799490
v 0.000000 1.223789 11.007999
v 0.000000 2.291939 7.843260
v -1.123080 0.302133 9.195230
v 1.123080 0.302133 9.195230
v -1.086460 11.529900 3.390611
v -1.074250 8.090459 4.736473
v -0.781274 6.683548 6.469922
v 0.000000 0.909452 8.603169
v 0.390637 3.234960 8.334601
v 1.034580 0.640888 9.799490
v 0.921659 -4.651021 7.184060
v 0.000000 -3.750721 7.190159
v 1.590010 -1.831110 8.957180
v 0.000000 0.909452 8.603169
v -1.123080 0.302133 9.195230
v -1.034580 0.640888 9.799490
v 0.000000 1.223789 11.007999
v 1.770069 0.320443 10.181000
v 1.034580 0.640888 9.799490
v 0.000000 0.091555 8.328500
v 0.000000 2.291939 7.843260
v 1.123080 0.302133 9.195230
v 0.000000 -8.795430 8.487199
v 0.000000 -7.992802 7.272560
v -0.491348 -7.998900 6.430248
v -0.000001 4.220707 14.777101
v -0.000001 2.334669 13.260301
v 0.656147 3.344829 12.909302
v 1.049840 6.421090 0.000001
v -1.083410 6.421090 0.000001
v 1.049840 6.436350 -0.738548
v 1.086460 11.529902 -3.390608
v -1.086460 11.529902 -3.390608
v 1.080360 11.532901 -3.061008
v -1.074250 8.090461 -4.736469
v -1.083410 8.090460 -2.212590
v -1.086460 11.532901 -3.061008
v 1.049840 8.090460 -2.212590
v 1.074250 8.090461 -4.736469
v 1.080360 11.532901 -3.061008
v 0.778222 8.090461 -4.736469
v 0.000000 7.403790 -6.393630
v -0.778222 8.090461 -4.736469
v 1.086460 11.529902 -3.390608
v 1.080360 11.532901 -3.061008
v 1.074250 8.090461 -4.736469
v 0.000000 4.394670 -4.431290
v 0.000000 -4.037600 -4.483171
v -0.997955 -3.271580 -3.491320
v 0.833155 89.809898 0.000012
v 0.833155 91.430405 -0.918595
v 0.000000 91.204605 0.000012
v -0.778222 -7.345810 -0.000000
v -0.778222 -4.910430 -0.000001
v -0.778222 -6.216620 -1.437420
v -0.997955 -3.271580 -3.491320
v 0.997955 -3.271580 -3.491320
v 0.000000 -4.254280 -4.760890
v -0.778222 -8.526870 -2.133240
v -0.704978 -8.539079 -4.443491
v 0.000000 -9.540089 -3.408922
v -2.197330 6.625570 -2.542189
v -2.200380 6.625570 -4.486218
v 0.000000 6.625572 -6.393630
v -1.083410 6.421090 0.000001
v 1.049840 6.421090 0.000001
v 1.049840 6.436350 0.738549
v -1.083410 13.473900 0.778224
v -1.083410 14.297899 1.293982
v 1.049840 14.297899 1.293982
v -1.083410 8.090460 2.212590
v -1.074250 8.090459 4.736473
v -1.086460 11.532899 3.061011
v 1.074250 8.090459 4.736473
v 1.049840 8.090460 2.212590
v 1.080360 11.532899 3.061011
v -1.074250 8.090459 4.736473
v -1.086460 11.529900 3.390611
v -1.086460 11.532899 3.061011
v 0.000000 7.403790 6.393631
v 0.778222 8.090459 4.736473
v -0.778222 8.090459 4.736473
v 1.080360 11.532899 3.061011
v 1.086460 11.529900 3.390611
v 1.074250 8.090459 4.736473
v 0.833155 10.211499 3.402812
v 0.833155 13.077200 1.010162
v 0.000000 12.646899 3.149512
v 0.833155 91.430405 0.918619
v 0.833155 89.809898 0.000012
v 0.000000 91.204605 0.000012
v -0.897244 -6.625570 4.983668
v -0.704978 -8.539081 4.443490
v 0.000000 -8.743551 4.611350
v 0.778222 -7.345810 -0.000000
v 0.778222 -4.910430 -0.000001
v 0.778222 -6.216620 1.437420
v 0.000000 -10.339700 -0.000001
v 0.424207 -9.720150 -0.320445
v 0.424207 -9.720150 0.320443
v 0.997955 -3.271580 3.491319
v -0.997955 -3.271580 3.491319
v 0.000000 -4.254281 4.760890
v 2.197330 6.625569 2.542191
v 2.200380 6.625569 4.486220
v 0.000000 6.625569 6.393631
v -0.424207 -9.720150 0.320443
v -0.424207 -9.720150 -0.320445
v 0.000000 -10.339700 -0.000001
v 0.778222 -7.345810 -0.000000
v -0.778222 -7.345810 -0.000000
v 0.778222 -7.907351 -0.961333
v -0.833155 10.211501 -3.402809
v -0.833155 13.077200 -1.010158
v 0.000000 12.646901 -3.149509
v -2.200380 6.625570 -4.486218
v -2.197330 6.625570 -2.542189
v -2.200380 7.403790 -4.486217
v 0.833155 13.077200 -1.010158
v 0.000000 72.740898 -1.669351
v 0.833155 78.432602 -1.318390
v 2.200380 6.625569 4.486220
v 2.197330 6.625569 2.542191
v 2.200380 7.403790 4.486220
v -0.833155 13.077200 0.000002
v -0.833155 13.077200 1.010162
v -0.833155 78.432602 0.000010
v 0.000000 -5.471970 -4.867702
v 0.000000 -5.780210 -5.252241
v -0.897244 -6.625569 -4.983671
v 0.000000 -5.780210 -5.252241
v 0.000000 -5.569630 -5.920590
v -0.897244 -6.625569 -4.983671
v 0.000000 -5.780210 -5.252241
v 0.897244 -6.625569 -4.983671
v 0.000000 -5.569630 -5.920590
v 0.897244 -6.625569 -4.983671
v 1.348920 -4.702899 -8.203381
v 0.000000 -5.569630 -5.920590
v 0.897244 -6.625569 -4.983671
v 0.000000 -5.743577 -7.657091
v 1.348920 -4.702899 -8.203381
v 0.000000 -5.743577 -7.657091
v 0.000000 -5.191197 -8.438371
v 1.348920 -4.702899 -8.203381
v 0.000000 -5.743577 -7.657091
v -1.348920 -4.702899 -8.203381
v 0.000000 -5.191197 -8.438371
v -1.348920 -4.702899 -8.203381
v 0.000000 -5.005040 -9.741510
v 0.000000 -5.191197 -8.438371
v -1.348920 -4.702899 -8.203381
v 0.000000 -4.510639 -10.861502
v 0.000000 -5.005040 -9.741510
v 0.000000 -4.510639 -10.861502
v 1.348920 -4.702899 -8.203381
v 0.000000 -5.005040 -9.741510
v 0.000000 -4.510639 -10.861502
v 0.000001 -3.961299 -11.624501
v 1.348920 -4.702899 -8.203381
v 0.000001 -3.961299 -11.624501
v 0.918607 -4.190188 -8.505510
v 1.348920 -4.702899 -8.203381
v 0.000001 -3.961299 -11.624501
v 0.000000 -3.808709 -10.202301
v 0.918607 -4.190188 -8.505510
v 0.000000 -3.808709 -10.202301
v 0.000000 -2.951138 -10.373200
v 0.918607 -4.190188 -8.505510
v 0.000000 -3.808709 -10.202301
v -0.918607 -4.190188 -8.505510
v 0.000000 -2.951138 -10.373200
v -0.918607 -4.190188 -8.505510
v -0.991852 -0.302132 -10.010100
v 0.000000 -2.951138 -10.373200
v -0.918607 -4.190188 -8.505510
v 0.000000 -2.847379 -8.169809
v -0.991852 -0.302132 -10.010100
v 0.000000 -2.847379 -8.169809
v 0.000000 -1.425210 -8.673360
v -0.991852 -0.302132 -10.010100
v 0.000000 -2.847379 -8.169809
v 0.991852 -0.302132 -10.010100
v 0.000000 -1.425210 -8.673360
v 0.991852 -0.302132 -10.010100
v 0.000000 -0.241096 -8.755760
v 0.000000 -1.425210 -8.673360
v 0.991852 -0.302132 -10.010100
v 0.753807 0.485244 -8.941920
v 0.000000 -0.241096 -8.755760
v 0.753807 0.485244 -8.941920
v 0.000000 -0.683615 -8.017210
v 0.000000 -0.241096 -8.755760
v 0.753807 0.485244 -8.941920
v 0.000000 0.915555 -8.484150
v 0.000000 -0.683615 -8.017210
v 0.000000 0.915555 -8.484150
v -0.753807 0.485244 -8.941920
v 0.000000 -0.683615 -8.017210
v 0.000000 0.915555 -8.484150
v -0.857570 2.841270 -8.487200
v -0.753807 0.485244 -8.941920
v -0.857570 2.841270 -8.487200
v -1.724300 2.862641 -10.123000
v -0.753807 0.485244 -8.941920
v -0.857570 2.841270 -8.487200
v -1.019320 4.953153 -7.751699
v -1.724300 2.862641 -10.123000
v -1.019320 4.953153 -7.751699
v -1.498460 7.431262 -7.882928
v -1.724300 2.862641 -10.123000
v -1.019320 4.953153 -7.751699
v -1.086460 6.692710 -6.500440
v -1.498460 7.431262 -7.882928
v -1.086460 6.692710 -6.500440
v -1.074250 9.210490 -6.109807
v -1.498460 7.431262 -7.882928
v -1.086460 6.692710 -6.500440
v -1.086460 11.529902 -3.390608
v -1.074250 9.210490 -6.109807
v -1.086460 11.529902 -3.390608
v 0.000000 11.706901 -4.821918
v -1.074250 9.210490 -6.109807
v -1.086460 11.529902 -3.390608
v -0.543229 13.846202 -5.069118
v 0.000000 11.706901 -4.821918
v -0.543229 13.846202 -5.069118
v 0.000000 12.826900 -5.224769
v 0.000000 11.706901 -4.821918
v -0.543229 13.846202 -5.069118
v 0.000000 13.171801 -6.302068
v 0.000000 12.826900 -5.224769
v 0.000000 13.171801 -6.302068
v 0.543229 13.846202 -5.069118
v 0.000000 12.826900 -5.224769
v 0.000000 13.171801 -6.302068
v 0.714133 13.104600 -7.745598
v 0.543229 13.846202 -5.069118
v 0.714133 13.104600 -7.745598
v 0.000000 14.053801 -7.007048
v 0.543229 13.846202 -5.069118
v 0.714133 13.104600 -7.745598
v 0.000000 13.565500 -8.441418
v 0.000000 14.053801 -7.007048
v 0.000000 13.565500 -8.441418
v -0.714133 13.104600 -7.745598
v 0.000000 14.053801 -7.007048
v 0.000000 13.565500 -8.441418
v -0.796533 11.597000 -8.767968
v -0.714133 13.104600 -7.745598
v -0.796533 11.597000 -8.767968
v 0.000000 12.863600 -7.315288
v -0.714133 13.104600 -7.745598
v -0.796533 11.597000 -8.767968
v 0.000000 11.639800 -8.209478
v 0.000000 12.863600 -7.315288
v 0.000000 11.639800 -8.209478
v 0.857570 11.597000 -8.767968
v 0.000000 12.863600 -7.315288
v 0.000000 11.639800 -8.209478
v 0.854518 9.918520 -8.410899
v 0.857570 11.597000 -8.767968
v 0.854518 9.918520 -8.410899
v 0.000000 9.497361 -9.387489
v 0.857570 11.597000 -8.767968
v 0.854518 9.918520 -8.410899
v 0.000000 8.514660 -8.532980
v 0.000000 9.497361 -9.387489
v 0.000000 8.514660 -8.532980
v -0.854518 9.918520 -8.410899
v 0.000000 9.497361 -9.387489
v 0.000000 8.514660 -8.532980
v -1.074250 9.210490 -6.109807
v -0.854518 9.918520 -8.410899
v -1.074250 9.210490 -6.109807
v 0.000000 10.068100 -7.351910
v -0.854518 9.918520 -8.410899
v -1.074250 9.210490 -6.109807
v 0.000000 10.217601 -6.268498
v 0.000000 10.068100 -7.351910
v 0.000000 10.217601 -6.268498
v 1.074250 9.210490 -6.109807
v 0.000000 10.068100 -7.351910
v 0.000000 10.217601 -6.268498
v 0.000000 11.706901 -4.821918
v 1.074250 9.210490 -6.109807
v 0.000000 11.706901 -4.821918
v 1.086460 11.529902 -3.390608
v 1.074250 9.210490 -6.109807
v 0.000000 11.706901 -4.821918
v 0.543229 13.846202 -5.069118
v 1.086460 11.529902 -3.390608
v 0.543229 13.846202 -5.069118
v 0.000000 21.643700 -3.701897
v 1.086460 11.529902 -3.390608
v 0.543229 13.846202 -5.069118
v 0.000000 14.053801 -7.007048
v 0.000000 21.643700 -3.701897
v 0.000000 14.053801 -7.007048
v -0.543229 13.846202 -5.069118
v 0.000000 21.643700 -3.701897
v 0.000000 14.053801 -7.007048
v -0.714133 13.104600 -7.745598
v -0.543229 13.846202 -5.069118
v -0.714133 13.104600 -7.745598
v 0.000000 13.171801 -6.302068
v -0.543229 13.846202 -5.069118
v -0.714133 13.104600 -7.745598
v 0.000000 12.863600 -7.315288
v 0.000000 13.171801 -6.302068
v 0.000000 12.863600 -7.315288
v 0.714133 13.104600 -7.745598
v 0.000000 13.171801 -6.302068
v 0.000000 12.863600 -7.315288
v 0.857570 11.597000 -8.767968
v 0.714133 13.104600 -7.745598
v 0.857570 11.597000 -8.767968
v 0.000000 13.565500 -8.441418
v 0.714133 13.104600 -7.745598
v 0.857570 11.597000 -8.767968
v 0.000000 11.526801 -9.732347
v 0.000000 13.565500 -8.441418
v 0.000000 11.526801 -9.732347
v -0.796533 11.597000 -8.767968
v 0.000000 13.565500 -8.441418
v 0.000000 11.526801 -9.732347
v 0.000000 9.497361 -9.387489
v -0.796533 11.597000 -8.767968
v 0.000000 9.497361 -9.387489
v -0.854518 9.918520 -8.410899
v -0.796533 11.597000 -8.767968
v 0.833155 88.271698 5.923651
v 0.833155 90.087601 5.917552
v 0.000000 90.310402 6.933822
v 0.833155 90.087601 5.917552
v 0.000000 92.288002 5.810732
v 0.000000 90.310402 6.933822
v 0.833155 90.087601 5.917552
v 0.833155 91.650101 5.005052
v 0.000000 92.288002 5.810732
v 0.833155 91.650101 5.005052
v 0.000000 93.221802 3.811772
v 0.000000 92.288002 5.810732
v 0.833155 91.650101 5.005052
v 0.833155 92.391701 3.030502
v 0.000000 93.221802 3.811772
v 0.833155 92.391701 3.030502
v 0.000000 93.130302 2.203452
v 0.000000 93.221802 3.811772
v 0.833155 92.391701 3.030502
v 0.833155 91.430405 0.918619
v 0.000000 93.130302 2.203452
v 0.833155 91.430405 0.918619
v 0.000000 92.465004 0.762975
v 0.000000 93.130302 2.203452
v 0.833155 91.430405 0.918619
v 0.000000 91.204605 0.000012
v 0.000000 92.465004 0.762975
v 0.000000 91.204605 0.000012
v -0.833155 91.430405 0.918619
v 0.000000 92.465004 0.762975
v 0.000000 91.204605 0.000012
v -0.833155 89.809898 0.000012
v -0.833155 91.430405 0.918619
v -0.833155 89.809898 0.000012
v -0.833155 90.087601 5.917552
v -0.833155 91.430405 0.918619
v -0.833155 89.809898 0.000012
v -0.833155 88.271698 5.923651
v -0.833155 90.087601 5.917552
v -0.833155 88.271698 5.923651
v 0.000000 90.310402 6.933822
v -0.833155 90.087601 5.917552
v -0.833155 88.271698 5.923651
v 0.000000 88.293098 6.942971
v 0.000000 90.310402 6.933822
v 0.000000 88.293098 6.942971
v 0.833155 88.271698 5.923651
v 0.000000 90.310402 6.933822
v 0.000000 88.293098 6.942971
v 0.000000 78.206703 2.148510
v 0.833155 88.271698 5.923651
v 0.000000 78.206703 2.148510
v 0.833155 78.432602 1.318410
v 0.833155 88.271698 5.923651
v 0.000000 78.206703 2.148510
v 0.000000 72.740898 1.669369
v 0.833155 78.432602 1.318410
v 0.000000 72.740898 1.669369
v 0.833155 13.077200 1.010162
v 0.833155 78.432602 1.318410
v 0.000000 72.740898 1.669369
v 0.000000 14.273500 1.947082
v 0.833155 13.077200 1.010162
v 0.000000 14.273500 1.947082
v 0.000000 12.646899 3.149512
v 0.833155 13.077200 1.010162
v 0.000000 14.273500 1.947082
v -0.833155 13.077200 1.010162
v 0.000000 12.646899 3.149512
v -0.833155 13.077200 1.010162
v -0.833155 10.211499 3.402812
v 0.000000 12.646899 3.149512
v 1.348920 -4.702899 -8.203381
v 0.000000 -5.044708 -6.234931
v 0.000000 -5.569630 -5.920590
v 0.000000 -5.044708 -6.234931
v -1.348920 -4.702899 -8.203381
v 0.000000 -5.569630 -5.920590
v 0.000000 -5.044708 -6.234931
v 0.000000 -4.693748 -5.807671
v -1.348920 -4.702899 -8.203381
v 0.000000 -4.693748 -5.807671
v -0.918607 -4.190188 -8.505510
v -1.348920 -4.702899 -8.203381
v 0.000000 -4.693748 -5.807671
v 0.000000 -4.187140 -7.083351
v -0.918607 -4.190188 -8.505510
v 0.000000 -4.187140 -7.083351
v 0.000000 -2.847379 -8.169809
v -0.918607 -4.190188 -8.505510
v 0.000000 -4.187140 -7.083351
v 0.918607 -4.190188 -8.505510
v 0.000000 -2.847379 -8.169809
v 0.918607 -4.190188 -8.505510
v 0.991852 -0.302132 -10.010100
v 0.000000 -2.847379 -8.169809
v 0.918607 -4.190188 -8.505510
v 0.000000 -2.951138 -10.373200
v 0.991852 -0.302132 -10.010100
v 0.000000 -2.951138 -10.373200
v 0.000000 -2.221749 -10.989700
v 0.991852 -0.302132 -10.010100
v 0.000000 -2.951138 -10.373200
v -0.991852 -0.302132 -10.010100
v 0.000000 -2.221749 -10.989700
v -0.991852 -0.302132 -10.010100
v -1.470990 -0.204472 -11.548201
v 0.000000 -2.221749 -10.989700
v -0.991852 -0.302132 -10.010100
v -1.724300 2.862641 -10.123000
v -1.470990 -0.204472 -11.548201
v -1.724300 2.862641 -10.123000
v 0.000001 2.929781 -11.752699
v -1.470990 -0.204472 -11.548201
v -1.724300 2.862641 -10.123000
v 0.000000 5.130161 -10.275599
v 0.000001 2.929781 -11.752699
v 0.000000 5.130161 -10.275599
v 1.724301 2.862641 -10.123000
v 0.000001 2.929781 -11.752699
v 0.000000 5.130161 -10.275599
v 1.498460 7.431262 -7.882928
v 1.724301 2.862641 -10.123000
v 1.498460 7.431262 -7.882928
v 1.019320 4.953153 -7.751699
v 1.724301 2.862641 -10.123000
v 1.498460 7.431262 -7.882928
v 1.086460 6.692710 -6.500440
v 1.019320 4.953153 -7.751699
v 1.086460 6.692710 -6.500440
v -1.019320 4.953153 -7.751699
v 1.019320 4.953153 -7.751699
v 1.086460 6.692710 -6.500440
v -1.086460 6.692710 -6.500440
v -1.019320 4.953153 -7.751699
v 0.000000 88.293098 -6.942949
v -0.833155 88.271698 -5.923629
v 0.000000 90.310402 -6.933798
v -0.833155 88.271698 -5.923629
v -0.833155 90.087601 -5.917528
v 0.000000 90.310402 -6.933798
v -0.833155 88.271698 -5.923629
v -0.833155 89.809898 0.000012
v -0.833155 90.087601 -5.917528
v -0.833155 89.809898 0.000012
v -0.833155 91.430405 -0.918595
v -0.833155 90.087601 -5.917528
v -0.833155 89.809898 0.000012
v 0.000000 91.204605 0.000012
v -0.833155 91.430405 -0.918595
v 0.000000 91.204605 0.000012
v 0.000000 92.465004 -0.762951
v -0.833155 91.430405 -0.918595
v 0.000000 91.204605 0.000012
v 0.833155 91.430405 -0.918595
v 0.000000 92.465004 -0.762951
v 0.833155 91.430405 -0.918595
v 0.000000 93.130302 -2.203428
v 0.000000 92.465004 -0.762951
v 0.833155 91.430405 -0.918595
v 0.833155 92.391701 -3.030478
v 0.000000 93.130302 -2.203428
v 0.833155 92.391701 -3.030478
v 0.000000 93.221802 -3.811748
v 0.000000 93.130302 -2.203428
v 0.833155 92.391701 -3.030478
v 0.833155 91.650101 -5.005028
v 0.000000 93.221802 -3.811748
v 0.833155 91.650101 -5.005028
v 0.000000 92.288002 -5.810708
v 0.000000 93.221802 -3.811748
v 0.833155 91.650101 -5.005028
v 0.833155 90.087601 -5.917528
v 0.000000 92.288002 -5.810708
v 0.833155 90.087601 -5.917528
v 0.000000 90.310402 -6.933798
v 0.000000 92.288002 -5.810708
v 0.833155 90.087601 -5.917528
v 0.833155 88.271698 -5.923629
v 0.000000 90.310402 -6.933798
v 0.833155 88.271698 -5.923629
v 0.000000 88.293098 -6.942949
v 0.000000 90.310402 -6.933798
v 0.833155 88.271698 -5.923629
v 0.000000 78.206703 -2.148490
v 0.000000 88.293098 -6.942949
v 0.000000 78.206703 -2.148490
v -0.833155 88.271698 -5.923629
v 0.000000 88.293098 -6.942949
v 0.000000 78.206703 -2.148490
v -0.833155 78.432602 -1.318390
v -0.833155 88.271698 -5.923629
v -0.833155 78.432602 -1.318390
v -0.833155 89.809898 0.000012
v -0.833155 88.271698 -5.923629
v -0.833155 78.432602 -1.318390
v -0.833155 78.432602 0.000010
v -0.833155 89.809898 0.000012
v -0.997955 -3.271580 -3.491320
v 0.000000 -3.210550 -2.294991
v 0.000000 -1.522869 -2.600180
v 0.000000 -3.210550 -2.294991
v 0.997955 -3.271580 -3.491320
v 0.000000 -1.522869 -2.600180
v 0.000000 -3.210550 -2.294991
v 1.126130 -4.455699 -3.598131
v 0.997955 -3.271580 -3.491320
v 1.126130 -4.455699 -3.598131
v 0.000000 -4.254280 -4.760890
v 0.997955 -3.271580 -3.491320
v 1.126130 -4.455699 -3.598131
v 0.000000 -5.471970 -4.867702
v 0.000000 -4.254280 -4.760890
v 0.000000 -5.471970 -4.867702
v -1.126130 -4.455699 -3.598131
v 0.000000 -4.254280 -4.760890
v 0.000000 -5.471970 -4.867702
v -1.690730 -5.066071 -3.509630
v -1.126130 -4.455699 -3.598131
v -1.690730 -5.066071 -3.509630
v 0.000000 -3.750720 -1.754811
v -1.126130 -4.455699 -3.598131
v -1.690730 -5.066071 -3.509630
v 0.000000 -4.535049 -2.142401
v 0.000000 -3.750720 -1.754811
v 0.000000 -4.535049 -2.142401
v 1.690730 -5.066071 -3.509630
v 0.000000 -3.750720 -1.754811
v 0.000000 -4.535049 -2.142401
v 1.379440 -5.554369 -3.411971
v 1.690730 -5.066071 -3.509630
v 1.379440 -5.554369 -3.411971
v 0.897244 -6.625569 -4.983671
v 1.690730 -5.066071 -3.509630
v 1.379440 -5.554369 -3.411971
v 1.892150 -7.165750 -2.957241
v 0.897244 -6.625569 -4.983671
v 1.892150 -7.165750 -2.957241
v 0.704978 -8.539079 -4.443491
v 0.897244 -6.625569 -4.983671
v 1.892150 -7.165750 -2.957241
v 0.778222 -8.526870 -2.133240
v 0.704978 -8.539079 -4.443491
v 0.778222 -8.526870 -2.133240
v 0.000000 -9.540089 -3.408922
v 0.704978 -8.539079 -4.443491
v 0.778222 -8.526870 -2.133240
v 0.000000 -9.607230 -1.989811
v 0.000000 -9.540089 -3.408922
v 0.000000 -9.607230 -1.989811
v -0.778222 -8.526870 -2.133240
v 0.000000 -9.540089 -3.408922
v 0.000000 -9.607230 -1.989811
v -0.634785 -9.076200 -0.967438
v -0.778222 -8.526870 -2.133240
v -0.634785 -9.076200 -0.967438
v -0.778222 -7.907351 -0.961333
v -0.778222 -8.526870 -2.133240
v 0.997955 -3.271580 3.491319
v 0.000000 -3.210551 2.294990
v 0.000000 -1.522870 2.600180
v 0.000000 -3.210551 2.294990
v -0.997955 -3.271580 3.491319
v 0.000000 -1.522870 2.600180
v 0.000000 -3.210551 2.294990
v -1.126130 -4.455699 3.598129
v -0.997955 -3.271580 3.491319
v -1.126130 -4.455699 3.598129
v 0.000000 -4.254281 4.760890
v -0.997955 -3.271580 3.491319
v -1.126130 -4.455699 3.598129
v 0.000000 -5.471971 4.867700
v 0.000000 -4.254281 4.760890
v 0.000000 -5.471971 4.867700
v 1.126130 -4.455699 3.598129
v 0.000000 -4.254281 4.760890
v 0.000000 -5.471971 4.867700
v 1.690730 -5.066071 3.509629
v 1.126130 -4.455699 3.598129
v 1.690730 -5.066071 3.509629
v 0.000000 -3.750720 1.754809
v 1.126130 -4.455699 3.598129
v 1.690730 -5.066071 3.509629
v 0.000000 -4.535050 2.142399
v 0.000000 -3.750720 1.754809
v 0.000000 -4.535050 2.142399
v -1.690730 -5.066071 3.509629
v 0.000000 -3.750720 1.754809
v 0.000000 -4.535050 2.142399
v -1.379440 -5.554369 3.411969
v -1.690730 -5.066071 3.509629
v -1.379440 -5.554369 3.411969
v -0.897244 -6.625570 4.983668
v -1.690730 -5.066071 3.509629
v -1.379440 -5.554369 3.411969
v -1.892150 -7.165751 2.957239
v -0.897244 -6.625570 4.983668
v -1.892150 -7.165751 2.957239
v -0.704978 -8.539081 4.443490
v -0.897244 -6.625570 4.983668
v -1.892150 -7.165751 2.957239
v -0.778222 -8.526870 2.133240
v -0.704978 -8.539081 4.443490
v -0.778222 -8.526870 2.133240
v 0.000000 -9.540091 3.408919
v -0.704978 -8.539081 4.443490
v -0.778222 -8.526870 2.133240
v 0.000000 -9.607230 1.989809
v 0.000000 -9.540091 3.408919
v 0.000000 -9.607230 1.989809
v 0.778222 -8.526870 2.133240
v 0.000000 -9.540091 3.408919
v 0.000000 -9.607230 1.989809
v 0.634785 -9.076200 0.967437
v 0.778222 -8.526870 2.133240
v 0.634785 -9.076200 0.967437
v 0.778222 -7.907351 0.961333
v 0.778222 -8.526870 2.133240
v -0.796533 11.597000 -8.767968
v -0.854518 9.918520 -8.410899
v 0.000000 11.639800 -8.209478
v -0.854518 9.918520 -8.410899
v 0.000000 10.635700 -8.087399
v 0.000000 11.639800 -8.209478
v -0.854518 9.918520 -8.410899
v 0.000000 10.068100 -7.351910
v 0.000000 10.635700 -8.087399
v 0.000000 10.068100 -7.351910
v 0.854518 9.918520 -8.410899
v 0.000000 10.635700 -8.087399
v 0.000000 10.068100 -7.351910
v 1.074250 9.210490 -6.109807
v 0.854518 9.918520 -8.410899
v 1.074250 9.210490 -6.109807
v 0.000000 8.514660 -8.532980
v 0.854518 9.918520 -8.410899
v 1.074250 9.210490 -6.109807
v 1.498460 7.431262 -7.882928
v 0.000000 8.514660 -8.532980
v 1.498460 7.431262 -7.882928
v 0.000000 7.171851 -10.235900
v 0.000000 8.514660 -8.532980
v 1.498460 7.431262 -7.882928
v 0.000001 6.332591 -11.941900
v 0.000000 7.171851 -10.235900
v 0.000001 6.332591 -11.941900
v -1.498460 7.431262 -7.882928
v 0.000000 7.171851 -10.235900
v 0.000001 6.332591 -11.941900
v 0.000001 4.962311 -13.168699
v -1.498460 7.431262 -7.882928
v 0.000001 4.962311 -13.168699
v 0.000000 5.887022 -11.020199
v -1.498460 7.431262 -7.882928
v 0.000001 4.962311 -13.168699
v 1.498460 7.431262 -7.882928
v 0.000000 5.887022 -11.020199
v 1.498460 7.431262 -7.882928
v 0.000000 5.719172 -10.446499
v 0.000000 5.887022 -11.020199
v 1.498460 7.431262 -7.882928
v 0.000000 5.130161 -10.275599
v 0.000000 5.719172 -10.446499
v 0.000000 5.130161 -10.275599
v -1.498460 7.431262 -7.882928
v 0.000000 5.719172 -10.446499
v 0.000000 5.130161 -10.275599
v -1.724300 2.862641 -10.123000
v -1.498460 7.431262 -7.882928
v 0.000000 11.706899 4.821921
v 0.543229 13.846200 5.069121
v 0.000000 12.826899 5.224772
v 0.543229 13.846200 5.069121
v 0.000000 13.171799 6.302072
v 0.000000 12.826899 5.224772
v 0.543229 13.846200 5.069121
v 0.714133 13.104600 7.745601
v 0.000000 13.171799 6.302072
v 0.714133 13.104600 7.745601
v 0.000000 12.863600 7.315291
v 0.000000 13.171799 6.302072
v 0.714133 13.104600 7.745601
v 0.857570 11.539002 8.767972
v 0.000000 12.863600 7.315291
v 0.857570 11.539002 8.767972
v 0.000000 11.639800 8.209482
v 0.000000 12.863600 7.315291
v 0.857570 11.539002 8.767972
v 0.000000 10.635700 8.087401
v 0.000000 11.639800 8.209482
v 0.000000 10.635700 8.087401
v -0.796533 11.539002 8.767972
v 0.000000 11.639800 8.209482
v 0.000000 10.635700 8.087401
v -0.854518 9.900200 8.294931
v -0.796533 11.539002 8.767972
v -0.854518 9.900200 8.294931
v 0.000000 10.171799 9.445481
v -0.796533 11.539002 8.767972
v -0.854518 9.900200 8.294931
v 0.000000 9.244060 8.627581
v 0.000000 10.171799 9.445481
v 0.000000 9.244060 8.627581
v 0.854518 9.900200 8.294931
v 0.000000 10.171799 9.445481
v 0.000000 9.244060 8.627581
v 1.074250 9.210488 6.109810
v 0.854518 9.900200 8.294931
v 1.074250 9.210488 6.109810
v 0.000000 10.068100 7.351911
v 0.854518 9.900200 8.294931
v 1.074250 9.210488 6.109810
v 0.000000 10.150498 6.222722
v 0.000000 10.068100 7.351911
v 0.000000 6.625572 -6.393630
v 0.000000 7.403790 -6.393630
v 2.200380 6.625570 -4.486218
v 0.000000 7.403790 -6.393630
v 2.200380 7.403790 -4.486217
v 2.200380 6.625570 -4.486218
v 0.000000 7.403790 -6.393630
v 0.778222 8.090461 -4.736469
v 2.200380 7.403790 -4.486217
v 0.778222 8.090461 -4.736469
v 2.197330 7.403790 -2.542189
v 2.200380 7.403790 -4.486217
v 0.778222 8.090461 -4.736469
v 0.595111 8.090460 -2.212590
v 2.197330 7.403790 -2.542189
v 0.595111 8.090460 -2.212590
v 0.000000 7.403790 -0.738548
v 2.197330 7.403790 -2.542189
v 0.595111 8.090460 -2.212590
v -0.616474 8.090460 -2.212590
v 0.000000 7.403790 -0.738548
v -0.616474 8.090460 -2.212590
v -2.197330 7.403790 -2.542189
v 0.000000 7.403790 -0.738548
v -0.616474 8.090460 -2.212590
v -0.778222 8.090461 -4.736469
v -2.197330 7.403790 -2.542189
v -0.778222 8.090461 -4.736469
v -2.200380 7.403790 -4.486217
v -2.197330 7.403790 -2.542189
v -0.778222 8.090461 -4.736469
v 0.000000 7.403790 -6.393630
v -2.200380 7.403790 -4.486217
v 0.000000 7.403790 -6.393630
v -2.200380 6.625570 -4.486218
v -2.200380 7.403790 -4.486217
v 0.000000 7.403790 -6.393630
v 0.000000 6.625572 -6.393630
v -2.200380 6.625570 -4.486218
v 0.000000 6.625569 6.393631
v 0.000000 7.403790 6.393631
v -2.200380 6.625569 4.486220
v 0.000000 7.403790 6.393631
v -2.200380 7.403790 4.486220
v -2.200380 6.625569 4.486220
v 0.000000 7.403790 6.393631
v -0.778222 8.090459 4.736473
v -2.200380 7.403790 4.486220
v -0.778222 8.090459 4.736473
v -2.197330 7.403790 2.542191
v -2.200380 7.403790 4.486220
v -0.778222 8.090459 4.736473
v -0.616474 8.090460 2.212590
v -2.197330 7.403790 2.542191
v -0.616474 8.090460 2.212590
v 0.000000 7.403790 0.738548
v -2.197330 7.403790 2.542191
v -0.616474 8.090460 2.212590
v 0.595111 8.090460 2.212590
v 0.000000 7.403790 0.738548
v 0.595111 8.090460 2.212590
v 2.197330 7.403790 2.542191
v 0.000000 7.403790 0.738548
v 0.595111 8.090460 2.212590
v 0.778222 8.090459 4.736473
v 2.197330 7.403790 2.542191
v 0.778222 8.090459 4.736473
v 2.200380 7.403790 4.486220
v 2.197330 7.403790 2.542191
v 0.778222 8.090459 4.736473
v 0.000000 7.403790 6.393631
v 2.200380 7.403790 4.486220
v 0.000000 7.403790 6.393631
v 2.200380 6.625569 4.486220
v 2.200380 7.403790 4.486220
v 0.000000 7.403790 6.393631
v 0.000000 6.625569 6.393631
v 2.200380 6.625569 4.486220
v 0.833155 92.391701 -3.030478
v 0.833155 91.430405 -0.918595
v 0.833155 91.650101 -5.005028
v 0.833155 91.430405 -0.918595
v 0.833155 90.087601 -5.917528
v 0.833155 91.650101 -5.005028
v 0.833155 91.430405 -0.918595
v 0.833155 89.809898 0.000012
v 0.833155 90.087601 -5.917528
v 0.833155 89.809898 0.000012
v 0.833155 88.271698 -5.923629
v 0.833155 90.087601 -5.917528
v 0.833155 89.809898 0.000012
v 0.833155 78.432602 -1.318390
v 0.833155 88.271698 -5.923629
v 0.833155 78.432602 -1.318390
v 0.000000 78.206703 -2.148490
v 0.833155 88.271698 -5.923629
v 0.833155 78.432602 -1.318390
v 0.000000 72.740898 -1.669351
v 0.000000 78.206703 -2.148490
v 0.000000 72.740898 -1.669351
v -0.833155 78.432602 -1.318390
v 0.000000 78.206703 -2.148490
v 0.000000 72.740898 -1.669351
v -0.833155 13.077200 -1.010158
v -0.833155 78.432602 -1.318390
v -0.833155 13.077200 -1.010158
v -0.833155 78.432602 0.000010
v -0.833155 78.432602 -1.318390
v -0.833155 13.077200 -1.010158
v -0.833155 13.077200 0.000002
v -0.833155 78.432602 0.000010
v 0.000000 13.171799 6.302072
v -0.543229 13.846200 5.069121
v 0.000000 12.826899 5.224772
v -0.543229 13.846200 5.069121
v 0.000000 11.706899 4.821921
v 0.000000 12.826899 5.224772
v -0.543229 13.846200 5.069121
v -1.086460 11.529900 3.390611
v 0.000000 11.706899 4.821921
v -1.086460 11.529900 3.390611
v -1.074250 9.210488 6.109810
v 0.000000 11.706899 4.821921
v -1.086460 11.529900 3.390611
v -0.781274 6.683548 6.469922
v -1.074250 9.210488 6.109810
v -0.781274 6.683548 6.469922
v -1.046780 4.559470 9.176921
v -1.074250 9.210488 6.109810
v -0.781274 6.683548 6.469922
v -0.585955 5.078279 7.638781
v -1.046780 4.559470 9.176921
v -0.585955 5.078279 7.638781
v -0.390637 3.234960 8.334601
v -1.046780 4.559470 9.176921
v -0.585955 5.078279 7.638781
v 0.585955 5.078279 7.638781
v -0.390637 3.234960 8.334601
v 0.585955 5.078279 7.638781
v 0.390637 3.234960 8.334601
v -0.390637 3.234960 8.334601
v 0.000000 6.625569 1.770071
v -1.474040 6.036561 3.488271
v -1.715140 6.625569 3.488271
v -1.474040 6.036561 3.488271
v 0.000000 6.625569 5.206460
v -1.715140 6.625569 3.488271
v -1.474040 6.036561 3.488271
v 0.000000 6.036560 4.962310
v 0.000000 6.625569 5.206460
v 0.000000 6.036560 4.962310
v 1.474040 6.036561 3.488271
v 0.000000 6.625569 5.206460
v 0.000000 6.036560 4.962310
v -1.474040 6.036561 3.488271
v 1.474040 6.036561 3.488271
v -1.474040 6.036561 3.488271
v 0.000000 6.036560 2.011171
v 1.474040 6.036561 3.488271
v -1.474040 6.036561 3.488271
v 0.000000 6.625569 1.770071
v 0.000000 6.036560 2.011171
v 0.000000 6.625569 1.770071
v 1.474040 6.036561 3.488271
v 0.000000 6.036560 2.011171
v 0.000000 6.625569 1.770071
v 1.715140 6.625569 3.488271
v 1.474040 6.036561 3.488271
v 1.715140 6.625569 3.488271
v 0.000000 6.625569 5.206460
v 1.474040 6.036561 3.488271
v 0.000000 6.625570 -5.206460
v -1.474040 6.036561 -3.488270
v -1.715140 6.625569 -3.488270
v -1.474040 6.036561 -3.488270
v 0.000000 6.625570 -1.770069
v -1.715140 6.625569 -3.488270
v -1.474040 6.036561 -3.488270
v 0.000000 6.036561 -2.011169
v 0.000000 6.625570 -1.770069
v 0.000000 6.036561 -2.011169
v 1.474040 6.036561 -3.488270
v 0.000000 6.625570 -1.770069
v 0.000000 6.036561 -2.011169
v -1.474040 6.036561 -3.488270
v 1.474040 6.036561 -3.488270
v -1.474040 6.036561 -3.488270
v 0.000000 6.036561 -4.962308
v 1.474040 6.036561 -3.488270
v -1.474040 6.036561 -3.488270
v 0.000000 6.625570 -5.206460
v 0.000000 6.036561 -4.962308
v 0.000000 6.625570 -5.206460
v 1.474040 6.036561 -3.488270
v 0.000000 6.036561 -4.962308
v 0.000000 6.625570 -5.206460
v 1.715140 6.625569 -3.488270
v 1.474040 6.036561 -3.488270
v 1.715140 6.625569 -3.488270
v 0.000000 6.625570 -1.770069
v 1.474040 6.036561 -3.488270
v 0.000000 -5.471971 4.867700
v -0.897244 -6.625570 4.983668
v 0.000000 -5.703910 5.395669
v -0.897244 -6.625570 4.983668
v -0.985748 -6.442461 5.789360
v 0.000000 -5.703910 5.395669
v -0.897244 -6.625570 4.983668
v 0.000000 -7.327490 4.992827
v -0.985748 -6.442461 5.789360
v 0.000000 -7.327490 4.992827
v -0.491348 -7.998900 6.430248
v -0.985748 -6.442461 5.789360
v 0.000000 -7.327490 4.992827
v 0.000000 -8.389541 6.054870
v -0.491348 -7.998900 6.430248
v 0.000000 -8.389541 6.054870
v 0.000000 -8.795430 8.487199
v -0.491348 -7.998900 6.430248
v 0.000000 -8.389541 6.054870
v 0.491348 -7.998900 6.430248
v 0.000000 -8.795430 8.487199
v 0.491348 -7.998900 6.430248
v 0.000000 -7.992802 7.272560
v 0.000000 -8.795430 8.487199
v 0.491348 -7.998900 6.430248
v 0.000000 -7.312241 6.915490
v 0.000000 -7.992802 7.272560
v 0.390637 3.234960 8.334601
v 1.046780 4.559470 9.176921
v 1.034580 0.640888 9.799490
v 1.046780 4.559470 9.176921
v 0.000000 1.223789 11.007999
v 1.034580 0.640888 9.799490
v 1.046780 4.559470 9.176921
v 0.000000 4.089478 10.443400
v 0.000000 1.223789 11.007999
v 0.000000 4.089478 10.443400
v -1.046780 4.559470 9.176921
v 0.000000 1.223789 11.007999
v 0.000000 4.089478 10.443400
v 0.000000 9.244060 8.627581
v -1.046780 4.559470 9.176921
v 0.000000 9.244060 8.627581
v -1.074250 9.210488 6.109810
v -1.046780 4.559470 9.176921
v 0.000000 9.244060 8.627581
v -0.854518 9.900200 8.294931
v -1.074250 9.210488 6.109810
v -0.854518 9.900200 8.294931
v 0.000000 10.068100 7.351911
v -1.074250 9.210488 6.109810
v -0.854518 9.900200 8.294931
v 0.000000 10.635700 8.087401
v 0.000000 10.068100 7.351911
v 0.000000 12.863600 7.315291
v -0.714133 13.104600 7.745601
v 0.000000 13.171799 6.302072
v -0.714133 13.104600 7.745601
v -0.543229 13.846200 5.069121
v 0.000000 13.171799 6.302072
v -0.714133 13.104600 7.745601
v 0.000000 14.053801 7.007051
v -0.543229 13.846200 5.069121
v 0.000000 14.053801 7.007051
v 0.000000 21.643700 3.701903
v -0.543229 13.846200 5.069121
v 0.000000 14.053801 7.007051
v 0.543229 13.846200 5.069121
v 0.000000 21.643700 3.701903
v 0.543229 13.846200 5.069121
v 1.086460 11.529900 3.390611
v 0.000000 21.643700 3.701903
v 0.543229 13.846200 5.069121
v 0.000000 11.706899 4.821921
v 1.086460 11.529900 3.390611
v 0.000000 11.706899 4.821921
v 1.074250 9.210488 6.109810
v 1.086460 11.529900 3.390611
v 0.000000 11.706899 4.821921
v 0.000000 10.150498 6.222722
v 1.074250 9.210488 6.109810
v 0.000000 6.036561 -2.255320
v 0.943022 4.394670 -3.488269
v 1.229900 6.036561 -3.488270
v 0.943022 4.394670 -3.488269
v 0.000000 6.036561 -4.721210
v 1.229900 6.036561 -3.488270
v 0.943022 4.394670 -3.488269
v 0.000000 4.394670 -4.431290
v 0.000000 6.036561 -4.721210
v 0.000000 4.394670 -4.431290
v -0.943022 4.394670 -3.488269
v 0.000000 6.036561 -4.721210
v 0.000000 4.394670 -4.431290
v -0.997955 -3.271580 -3.491320
v -0.943022 4.394670 -3.488269
v -0.997955 -3.271580 -3.491320
v 0.000000 4.394670 -2.545239
v -0.943022 4.394670 -3.488269
v -0.997955 -3.271580 -3.491320
v 0.000000 -1.522869 -2.600180
v 0.000000 4.394670 -2.545239
v 0.000000 -1.522869 -2.600180
v 0.997955 -3.271580 -3.491320
v 0.000000 4.394670 -2.545239
v 0.897244 -6.625569 -4.983671
v 0.000000 -8.743549 -4.611351
v 0.000000 -7.327489 -4.992831
v 0.000000 -8.743549 -4.611351
v -0.897244 -6.625569 -4.983671
v 0.000000 -7.327489 -4.992831
v 0.000000 -8.743549 -4.611351
v -0.704978 -8.539079 -4.443491
v -0.897244 -6.625569 -4.983671
v -0.704978 -8.539079 -4.443491
v -1.892150 -7.165750 -2.957241
v -0.897244 -6.625569 -4.983671
v -0.704978 -8.539079 -4.443491
v -0.778222 -8.526870 -2.133240
v -1.892150 -7.165750 -2.957241
v -0.778222 -8.526870 -2.133240
v -0.778222 -6.216620 -1.437420
v -1.892150 -7.165750 -2.957241
v -0.778222 -8.526870 -2.133240
v -0.778222 -7.907351 -0.961333
v -0.778222 -6.216620 -1.437420
v -0.778222 -7.907351 -0.961333
v -0.778222 -7.345810 -0.000000
v -0.778222 -6.216620 -1.437420
v 0.778222 -7.345810 -0.000000
v 0.778222 -6.216620 1.437420
v 0.778222 -7.907351 0.961333
v 0.778222 -6.216620 1.437420
v 0.778222 -8.526870 2.133240
v 0.778222 -7.907351 0.961333
v 0.778222 -6.216620 1.437420
v 1.892150 -7.165751 2.957239
v 0.778222 -8.526870 2.133240
v 1.892150 -7.165751 2.957239
v 0.704978 -8.539081 4.443490
v 0.778222 -8.526870 2.133240
v 1.892150 -7.165751 2.957239
v 0.897244 -6.625570 4.983668
v 0.704978 -8.539081 4.443490
v 0.897244 -6.625570 4.983668
v 0.000000 -8.743551 4.611350
v 0.704978 -8.539081 4.443490
v 0.897244 -6.625570 4.983668
v 0.000000 -7.327490 4.992827
v 0.000000 -8.743551 4.611350
v 0.000000 -7.327490 4.992827
v -0.897244 -6.625570 4.983668
v 0.000000 -8.743551 4.611350
v 0.000000 6.036560 2.255321
v -0.943022 4.394670 3.488271
v -1.229900 6.036561 3.488271
v -0.943022 4.394670 3.488271
v 0.000000 6.036560 4.721210
v -1.229900 6.036561 3.488271
v -0.943022 4.394670 3.488271
v 0.000000 4.394670 4.431291
v 0.000000 6.036560 4.721210
v 0.000000 4.394670 4.431291
v 0.943022 4.394670 3.488271
v 0.000000 6.036560 4.721210
v 0.000000 4.394670 4.431291
v 0.997955 -3.271580 3.491319
v 0.943022 4.394670 3.488271
v 0.997955 -3.271580 3.491319
v 0.000000 4.394670 2.545241
v 0.943022 4.394670 3.488271
v 0.997955 -3.271580 3.491319
v 0.000000 -1.522870 2.600180
v 0.000000 4.394670 2.545241
v 0.000000 -1.522870 2.600180
v -0.997955 -3.271580 3.491319
v 0.000000 4.394670 2.545241
v 0.000000 6.036560 4.721210
v 0.943022 4.394670 3.488271
v 1.229900 6.036561 3.488271
v 0.943022 4.394670 3.488271
v 0.000000 6.036560 2.255321
v 1.229900 6.036561 3.488271
v 0.943022 4.394670 3.488271
v 0.000000 4.394670 2.545241
v 0.000000 6.036560 2.255321
v 0.000000 4.394670 2.545241
v -0.943022 4.394670 3.488271
v 0.000000 6.036560 2.255321
v 0.000000 4.394670 2.545241
v -0.997955 -3.271580 3.491319
v -0.943022 4.394670 3.488271
v -0.997955 -3.271580 3.491319
v 0.000000 4.394670 4.431291
v -0.943022 4.394670 3.488271
v -0.997955 -3.271580 3.491319
v 0.000000 -4.037601 4.483171
v 0.000000 4.394670 4.431291
v 0.000000 -4.037601 4.483171
v 0.997955 -3.271580 3.491319
v 0.000000 4.394670 4.431291
v 0.000000 0.915555 -8.484150
v 0.753807 0.485244 -8.941920
v 0.857570 2.841270 -8.487200
v 0.753807 0.485244 -8.941920
v 1.724301 2.862641 -10.123000
v 0.857570 2.841270 -8.487200
v 0.753807 0.485244 -8.941920
v 0.991852 -0.302132 -10.010100
v 1.724301 2.862641 -10.123000
v 0.991852 -0.302132 -10.010100
v 1.470991 -0.204472 -11.548201
v 1.724301 2.862641 -10.123000
v 0.991852 -0.302132 -10.010100
v 0.000000 -2.221749 -10.989700
v 1.470991 -0.204472 -11.548201
v 0.000000 -2.221749 -10.989700
v 0.000001 -2.188178 -11.667200
v 1.470991 -0.204472 -11.548201
v 0.000000 -2.221749 -10.989700
v -1.470990 -0.204472 -11.548201
v 0.000001 -2.188178 -11.667200
v 0.000000 -4.141362 9.552289
v -0.921659 -4.651021 7.184060
v 0.000000 -5.121012 7.544179
v -0.921659 -4.651021 7.184060
v 0.000000 -5.752740 7.577749
v 0.000000 -5.121012 7.544179
v -0.921659 -4.651021 7.184060
v -0.985748 -6.442461 5.789360
v 0.000000 -5.752740 7.577749
v -0.985748 -6.442461 5.789360
v 0.000000 -6.299022 6.915490
v 0.000000 -5.752740 7.577749
v -0.985748 -6.442461 5.789360
v -0.491348 -7.998900 6.430248
v 0.000000 -6.299022 6.915490
v -0.491348 -7.998900 6.430248
v 0.000000 -7.312241 6.915490
v 0.000000 -6.299022 6.915490
v -0.491348 -7.998900 6.430248
v 0.000000 -7.992802 7.272560
v 0.000000 -7.312241 6.915490
v 0.000000 92.465004 -0.762951
v 0.000000 93.130302 -2.203428
v -0.833155 91.430405 -0.918595
v 0.000000 93.130302 -2.203428
v -0.833155 92.391701 -3.030478
v -0.833155 91.430405 -0.918595
v 0.000000 93.130302 -2.203428
v 0.000000 93.221802 -3.811748
v -0.833155 92.391701 -3.030478
v 0.000000 93.221802 -3.811748
v -0.833155 91.650101 -5.005028
v -0.833155 92.391701 -3.030478
v 0.000000 93.221802 -3.811748
v 0.000000 92.288002 -5.810708
v -0.833155 91.650101 -5.005028
v 0.000000 92.288002 -5.810708
v -0.833155 90.087601 -5.917528
v -0.833155 91.650101 -5.005028
v 0.000000 92.288002 -5.810708
v 0.000000 90.310402 -6.933798
v -0.833155 90.087601 -5.917528
v 0.000000 -10.339700 -0.000001
v 0.000000 -9.607230 1.989809
v -0.424207 -9.720150 0.320443
v 0.000000 -9.607230 1.989809
v -0.634785 -9.076200 0.967437
v -0.424207 -9.720150 0.320443
v 0.000000 -9.607230 1.989809
v -0.778222 -8.526870 2.133240
v -0.634785 -9.076200 0.967437
v -0.778222 -8.526870 2.133240
v -0.778222 -7.907351 0.961333
v -0.634785 -9.076200 0.967437
v -0.778222 -8.526870 2.133240
v -0.778222 -6.216620 1.437420
v -0.778222 -7.907351 0.961333
v -0.778222 -6.216620 1.437420
v -0.778222 -7.345810 -0.000000
v -0.778222 -7.907351 0.961333
v -0.778222 -6.216620 1.437420
v -0.778222 -4.910430 -0.000001
v -0.778222 -7.345810 -0.000000
v 0.000000 -10.339700 -0.000001
v 0.000000 -9.607230 -1.989811
v 0.424207 -9.720150 -0.320445
v 0.000000 -9.607230 -1.989811
v 0.634785 -9.076200 -0.967438
v 0.424207 -9.720150 -0.320445
v 0.000000 -9.607230 -1.989811
v 0.778222 -8.526870 -2.133240
v 0.634785 -9.076200 -0.967438
v 0.778222 -8.526870 -2.133240
v 0.778222 -7.907351 -0.961333
v 0.634785 -9.076200 -0.967438
v 0.778222 -8.526870 -2.133240
v 0.778222 -6.216620 -1.437420
v 0.778222 -7.907351 -0.961333
v 0.778222 -6.216620 -1.437420
v 0.778222 -7.345810 -0.000000
v 0.778222 -7.907351 -0.961333
v 0.778222 -6.216620 -1.437420
v 0.778222 -4.910430 -0.000001
v 0.778222 -7.345810 -0.000000
v 0.000000 -4.254281 4.760890
v 1.126130 -4.455699 3.598129
v 0.997955 -3.271580 3.491319
v 1.126130 -4.455699 3.598129
v 0.000000 -3.210551 2.294990
v 0.997955 -3.271580 3.491319
v 1.126130 -4.455699 3.598129
v 0.000000 -3.750720 1.754809
v 0.000000 -3.210551 2.294990
v 0.000000 -3.750720 1.754809
v -1.126130 -4.455699 3.598129
v 0.000000 -3.210551 2.294990
v 0.000000 -3.750720 1.754809
v -1.690730 -5.066071 3.509629
v -1.126130 -4.455699 3.598129
v -1.690730 -5.066071 3.509629
v 0.000000 -5.471971 4.867700
v -1.126130 -4.455699 3.598129
v -1.690730 -5.066071 3.509629
v -0.897244 -6.625570 4.983668
v 0.000000 -5.471971 4.867700
v 0.000000 -4.254280 -4.760890
v -1.126130 -4.455699 -3.598131
v -0.997955 -3.271580 -3.491320
v -1.126130 -4.455699 -3.598131
v 0.000000 -3.210550 -2.294991
v -0.997955 -3.271580 -3.491320
v -1.126130 -4.455699 -3.598131
v 0.000000 -3.750720 -1.754811
v 0.000000 -3.210550 -2.294991
v 0.000000 -3.750720 -1.754811
v 1.126130 -4.455699 -3.598131
v 0.000000 -3.210550 -2.294991
v 0.000000 -3.750720 -1.754811
v 1.690730 -5.066071 -3.509630
v 1.126130 -4.455699 -3.598131
v 1.690730 -5.066071 -3.509630
v 0.000000 -5.471970 -4.867702
v 1.126130 -4.455699 -3.598131
v 1.690730 -5.066071 -3.509630
v 0.897244 -6.625569 -4.983671
v 0.000000 -5.471970 -4.867702
v 0.000000 90.310402 6.933822
v 0.000000 92.288002 5.810732
v -0.833155 90.087601 5.917552
v 0.000000 92.288002 5.810732
v -0.833155 91.650101 5.005052
v -0.833155 90.087601 5.917552
v 0.000000 92.288002 5.810732
v 0.000000 93.221802 3.811772
v -0.833155 91.650101 5.005052
v 0.000000 93.221802 3.811772
v -0.833155 92.391701 3.030502
v -0.833155 91.650101 5.005052
v 0.000000 93.221802 3.811772
v 0.000000 93.130302 2.203452
v -0.833155 92.391701 3.030502
v 0.000000 93.130302 2.203452
v -0.833155 91.430405 0.918619
v -0.833155 92.391701 3.030502
v 0.000000 93.130302 2.203452
v 0.000000 92.465004 0.762975
v -0.833155 91.430405 0.918619
v -0.946073 -3.198339 -12.677401
v 0.000001 -3.125098 -13.641801
v 0.000001 -6.033509 -13.901200
v 0.000001 -3.125098 -13.641801
v 0.946075 -3.198339 -12.677401
v 0.000001 -6.033509 -13.901200
v 0.000001 -3.125098 -13.641801
v 0.000001 -0.100709 -12.988700
v 0.946075 -3.198339 -12.677401
v 0.000001 -0.100709 -12.988700
v 1.470991 -0.204472 -11.548201
v 0.946075 -3.198339 -12.677401
v 0.000001 -0.100709 -12.988700
v 0.000001 2.929781 -11.752699
v 1.470991 -0.204472 -11.548201
v 0.000001 2.929781 -11.752699
v 1.724301 2.862641 -10.123000
v 1.470991 -0.204472 -11.548201
v 0.000000 -5.121012 7.544179
v 0.921659 -4.651021 7.184060
v 0.000000 -4.141362 9.552289
v 0.921659 -4.651021 7.184060
v 1.272619 -1.800592 10.287800
v 0.000000 -4.141362 9.552289
v 0.921659 -4.651021 7.184060
v 1.590010 -1.831110 8.957180
v 1.272619 -1.800592 10.287800
v 1.590010 -1.831110 8.957180
v 1.770069 0.320443 10.181000
v 1.272619 -1.800592 10.287800
v 1.590010 -1.831110 8.957180
v 1.123080 0.302133 9.195230
v 1.770069 0.320443 10.181000
v 1.123080 0.302133 9.195230
v 1.651049 2.093569 9.686581
v 1.770069 0.320443 10.181000
v -0.000001 -1.266522 12.039600
v 1.272619 -1.800592 10.287800
v -0.000001 0.442516 13.586800
v 1.272619 -1.800592 10.287800
v -0.000001 -0.033572 12.363000
v -0.000001 0.442516 13.586800
v 1.272619 -1.800592 10.287800
v 1.770069 0.320443 10.181000
v -0.000001 -0.033572 12.363000
v 1.770069 0.320443 10.181000
v -0.000001 2.334669 13.260301
v -0.000001 -0.033572 12.363000
v 1.770069 0.320443 10.181000
v 1.065099 2.212589 11.633700
v -0.000001 2.334669 13.260301
v 1.065099 2.212589 11.633700
v 0.656147 3.344829 12.909302
v -0.000001 2.334669 13.260301
v 0.000000 -3.750721 7.190159
v 0.921659 -4.651021 7.184060
v 0.000000 -4.699852 5.935850
v 0.921659 -4.651021 7.184060
v 0.000000 -5.340742 5.923639
v 0.000000 -4.699852 5.935850
v 0.921659 -4.651021 7.184060
v 0.985748 -6.442461 5.789360
v 0.000000 -5.340742 5.923639
v 0.985748 -6.442461 5.789360
v 0.000000 -5.703910 5.395669
v 0.000000 -5.340742 5.923639
v 0.985748 -6.442461 5.789360
v 0.897244 -6.625570 4.983668
v 0.000000 -5.703910 5.395669
v 0.897244 -6.625570 4.983668
v 0.000000 -5.471971 4.867700
v 0.000000 -5.703910 5.395669
v 0.000000 -4.699852 5.935850
v -0.921659 -4.651021 7.184060
v 0.000000 -3.750721 7.190159
v -0.921659 -4.651021 7.184060
v -1.590010 -1.831110 8.957180
v 0.000000 -3.750721 7.190159
v -0.921659 -4.651021 7.184060
v -1.272620 -1.800592 10.287800
v -1.590010 -1.831110 8.957180
v -1.272620 -1.800592 10.287800
v -1.770070 0.320443 10.181000
v -1.590010 -1.831110 8.957180
v -1.272620 -1.800592 10.287800
v -0.000001 -0.033572 12.363000
v -1.770070 0.320443 10.181000
v -0.000001 -0.033572 12.363000
v -0.000001 2.334669 13.260301
v -1.770070 0.320443 10.181000
v 0.543229 13.846200 5.069121
v 0.000000 14.053801 7.007051
v 0.714133 13.104600 7.745601
v 0.000000 14.053801 7.007051
v 0.000000 13.565500 8.441422
v 0.714133 13.104600 7.745601
v 0.000000 14.053801 7.007051
v -0.714133 13.104600 7.745601
v 0.000000 13.565500 8.441422
v -0.714133 13.104600 7.745601
v -0.796533 11.539002 8.767972
v 0.000000 13.565500 8.441422
v -0.714133 13.104600 7.745601
v 0.000000 12.863600 7.315291
v -0.796533 11.539002 8.767972
v 0.000000 12.863600 7.315291
v 0.000000 11.639800 8.209482
v -0.796533 11.539002 8.767972
v 0.000000 6.036561 -4.721210
v -0.943022 4.394670 -3.488269
v -1.229900 6.036561 -3.488270
v -0.943022 4.394670 -3.488269
v 0.000000 6.036561 -2.255320
v -1.229900 6.036561 -3.488270
v -0.943022 4.394670 -3.488269
v 0.000000 4.394670 -2.545239
v 0.000000 6.036561 -2.255320
v 0.000000 4.394670 -2.545239
v 0.943022 4.394670 -3.488269
v 0.000000 6.036561 -2.255320
v 0.000000 4.394670 -2.545239
v 0.997955 -3.271580 -3.491320
v 0.943022 4.394670 -3.488269
v 0.997955 -3.271580 -3.491320
v 0.000000 4.394670 -4.431290
v 0.943022 4.394670 -3.488269
v 0.778222 -7.345810 -0.000000
v 0.778222 -7.907351 0.961333
v -0.778222 -7.345810 -0.000000
v 0.778222 -7.907351 0.961333
v -0.778222 -7.907351 0.961333
v -0.778222 -7.345810 -0.000000
v 0.778222 -7.907351 0.961333
v 0.634785 -9.076200 0.967437
v -0.778222 -7.907351 0.961333
v 0.634785 -9.076200 0.967437
v -0.634785 -9.076200 0.967437
v -0.778222 -7.907351 0.961333
v 0.634785 -9.076200 0.967437
v 0.424207 -9.720150 0.320443
v -0.634785 -9.076200 0.967437
v 0.424207 -9.720150 0.320443
v -0.424207 -9.720150 0.320443
v -0.634785 -9.076200 0.967437
v 0.000000 11.774001 -6.018249
v 0.000000 12.222701 -6.247138
v 0.000000 12.237901 -5.435348
v 0.000000 11.075201 -5.761888
v 0.000000 12.237901 -5.435348
v 0.000000 11.706901 -4.821918
v 0.000000 11.075199 5.761891
v 0.000000 12.237899 5.435351
v 0.000000 11.706899 4.821921
v 0.000000 11.773999 6.018251
v 0.000000 12.222699 6.247141
v 0.000000 12.237899 5.435351
v 0.000000 11.773999 6.018251
v 0.000000 11.807600 6.881922
v 0.000000 12.222699 6.247141
v 1.086460 11.529902 -3.390608
v 1.074250 8.090461 -4.736469
v 1.086460 6.692710 -6.500440
v 1.074250 8.090461 -4.736469
v -1.086460 6.692710 -6.500440
v 1.086460 6.692710 -6.500440
v 1.074250 8.090461 -4.736469
v -1.074250 8.090461 -4.736469
v -1.086460 6.692710 -6.500440
v -1.074250 8.090461 -4.736469
v -1.086460 11.529902 -3.390608
v -1.086460 6.692710 -6.500440
v -1.074250 8.090461 -4.736469
v -1.086460 11.532901 -3.061008
v -1.086460 11.529902 -3.390608
v 0.000000 4.089478 10.443400
v 1.046780 4.559470 9.176921
v 0.000000 9.244060 8.627581
v 1.046780 4.559470 9.176921
v 1.074250 9.210488 6.109810
v 0.000000 9.244060 8.627581
v 1.046780 4.559470 9.176921
v 0.781274 6.683548 6.469922
v 1.074250 9.210488 6.109810
v 0.781274 6.683548 6.469922
v 1.086460 11.529900 3.390611
v 1.074250 9.210488 6.109810
v 0.781274 6.683548 6.469922
v 1.074250 8.090459 4.736473
v 1.086460 11.529900 3.390611
v 0.000000 -5.121012 7.544179
v 0.000000 -5.752740 7.577749
v 0.921659 -4.651021 7.184060
v 0.000000 -5.752740 7.577749
v 0.985748 -6.442461 5.789360
v 0.921659 -4.651021 7.184060
v 0.000000 -5.752740 7.577749
v 0.000000 -6.299022 6.915490
v 0.985748 -6.442461 5.789360
v 0.000000 -6.299022 6.915490
v 0.491348 -7.998900 6.430248
v 0.985748 -6.442461 5.789360
v 0.000000 -6.299022 6.915490
v 0.000000 -7.312241 6.915490
v 0.491348 -7.998900 6.430248
v -1.770070 0.320443 10.181000
v -1.065100 2.212589 11.633700
v 1.770069 0.320443 10.181000
v -1.065100 2.212589 11.633700
v 1.065099 2.212589 11.633700
v 1.770069 0.320443 10.181000
v -1.065100 2.212589 11.633700
v -0.656149 3.344829 12.909302
v 1.065099 2.212589 11.633700
v -0.656149 3.344829 12.909302
v 0.656147 3.344829 12.909302
v 1.065099 2.212589 11.633700
v -0.656149 3.344829 12.909302
v -0.000001 4.220707 14.777101
v 0.656147 3.344829 12.909302
v 0.000000 10.217601 -6.268498
v 0.000000 11.075201 -5.761888
v 0.000000 11.706901 -4.821918
v 0.000000 11.075201 -5.761888
v 0.000000 11.774001 -6.018249
v 0.000000 12.237901 -5.435348
v 0.000000 11.774001 -6.018249
v 0.000000 11.807600 -6.881919
v 0.000000 12.222701 -6.247138
v 0.000000 11.773999 6.018251
v 0.000000 12.237899 5.435351
v 0.000000 11.075199 5.761891
v 0.000000 11.075199 5.761891
v 0.000000 11.706899 4.821921
v 0.000000 10.217599 6.268500
v -1.086460 11.532901 -3.061008
v -1.083410 8.090460 -2.212590
v -1.083410 14.297899 -1.293978
v -1.083410 8.090460 -2.212590
v -1.083410 13.473900 -0.778220
v -1.083410 14.297899 -1.293978
v -1.083410 8.090460 -2.212590
v -1.083410 6.436350 -0.738548
v -1.083410 13.473900 -0.778220
v -1.083410 6.436350 -0.738548
v -1.083410 13.473900 0.000002
v -1.083410 13.473900 -0.778220
v -1.083410 6.436350 -0.738548
v -1.083410 6.421090 0.000001
v -1.083410 13.473900 0.000002
v -0.778222 -7.345810 -0.000000
v -0.778222 -7.907351 -0.961333
v 0.778222 -7.907351 -0.961333
v -0.778222 -7.907351 -0.961333
v 0.634785 -9.076200 -0.967438
v 0.778222 -7.907351 -0.961333
v -0.778222 -7.907351 -0.961333
v -0.634785 -9.076200 -0.967438
v 0.634785 -9.076200 -0.967438
v -0.634785 -9.076200 -0.967438
v 0.424207 -9.720150 -0.320445
v 0.634785 -9.076200 -0.967438
v -0.634785 -9.076200 -0.967438
v -0.424207 -9.720150 -0.320445
v 0.424207 -9.720150 -0.320445
v 0.000000 14.273500 1.947082
v 0.000000 72.740898 1.669369
v -0.833155 13.077200 1.010162
v 0.000000 72.740898 1.669369
v -0.833155 78.432602 1.318410
v -0.833155 13.077200 1.010162
v 0.000000 72.740898 1.669369
v 0.000000 78.206703 2.148510
v -0.833155 78.432602 1.318410
v 0.000000 78.206703 2.148510
v -0.833155 88.271698 5.923651
v -0.833155 78.432602 1.318410
v 0.000000 78.206703 2.148510
v 0.000000 88.293098 6.942971
v -0.833155 88.271698 5.923651
v 0.000000 -5.471970 -4.867702
v -0.897244 -6.625569 -4.983671
v -1.690730 -5.066071 -3.509630
v -0.897244 -6.625569 -4.983671
v -1.379440 -5.554369 -3.411971
v -1.690730 -5.066071 -3.509630
v -0.897244 -6.625569 -4.983671
v -1.892150 -7.165750 -2.957241
v -1.379440 -5.554369 -3.411971
v -1.892150 -7.165750 -2.957241
v -0.778222 -5.471970 -2.105781
v -1.379440 -5.554369 -3.411971
v -1.892150 -7.165750 -2.957241
v -0.778222 -6.216620 -1.437420
v -0.778222 -5.471970 -2.105781
v 0.000000 -4.535049 -2.142401
v -0.778222 -5.471970 -2.105781
v 0.778222 -5.471970 -2.105781
v -0.778222 -5.471970 -2.105781
v 0.778222 -6.216620 -1.437420
v 0.778222 -5.471970 -2.105781
v -0.778222 -5.471970 -2.105781
v -0.778222 -6.216620 -1.437420
v 0.778222 -6.216620 -1.437420
v -0.778222 -6.216620 -1.437420
v 0.778222 -4.910430 -0.000001
v 0.778222 -6.216620 -1.437420
v -0.778222 -6.216620 -1.437420
v -0.778222 -4.910430 -0.000001
v 0.778222 -4.910430 -0.000001
v 1.080360 11.532899 3.061011
v 1.049840 8.090460 2.212590
v 1.049840 14.297899 1.293982
v 1.049840 8.090460 2.212590
v 1.049840 13.473900 0.778224
v 1.049840 14.297899 1.293982
v 1.049840 8.090460 2.212590
v 1.049840 6.436350 0.738549
v 1.049840 13.473900 0.778224
v 1.049840 6.436350 0.738549
v 1.049840 13.473900 0.000002
v 1.049840 13.473900 0.778224
v 1.049840 6.436350 0.738549
v 1.049840 6.421090 0.000001
v 1.049840 13.473900 0.000002
v -1.083410 6.421090 0.000001
v -1.083410 6.436350 0.738549
v -1.083410 13.473900 0.000002
v -1.083410 6.436350 0.738549
v -1.083410 13.473900 0.778224
v -1.083410 13.473900 0.000002
v -1.083410 6.436350 0.738549
v -1.083410 8.090460 2.212590
v -1.083410 13.473900 0.778224
v -1.083410 8.090460 2.212590
v -1.083410 14.297899 1.293982
v -1.083410 13.473900 0.778224
v -1.083410 8.090460 2.212590
v -1.086460 11.532899 3.061011
v -1.083410 14.297899 1.293982
v 0.833155 78.432602 1.318410
v 0.833155 89.809898 0.000012
v 0.833155 88.271698 5.923651
v 0.833155 89.809898 0.000012
v 0.833155 90.087601 5.917552
v 0.833155 88.271698 5.923651
v 0.833155 89.809898 0.000012
v 0.833155 91.430405 0.918619
v 0.833155 90.087601 5.917552
v 0.833155 91.430405 0.918619
v 0.833155 91.650101 5.005052
v 0.833155 90.087601 5.917552
v 0.833155 91.430405 0.918619
v 0.833155 92.391701 3.030502
v 0.833155 91.650101 5.005052
v 0.000000 -5.471971 4.867700
v 0.897244 -6.625570 4.983668
v 1.690730 -5.066071 3.509629
v 0.897244 -6.625570 4.983668
v 1.379440 -5.554369 3.411969
v 1.690730 -5.066071 3.509629
v 0.897244 -6.625570 4.983668
v 1.892150 -7.165751 2.957239
v 1.379440 -5.554369 3.411969
v 1.892150 -7.165751 2.957239
v 0.778222 -5.471971 2.105779
v 1.379440 -5.554369 3.411969
v 1.892150 -7.165751 2.957239
v 0.778222 -6.216620 1.437420
v 0.778222 -5.471971 2.105779
v -0.778222 -4.910430 -0.000001
v -0.778222 -6.216620 1.437420
v 0.778222 -4.910430 -0.000001
v -0.778222 -6.216620 1.437420
v 0.778222 -6.216620 1.437420
v 0.778222 -4.910430 -0.000001
v -0.778222 -6.216620 1.437420
v -0.778222 -5.471971 2.105779
v 0.778222 -6.216620 1.437420
v -0.778222 -5.471971 2.105779
v 0.778222 -5.471971 2.105779
v 0.778222 -6.216620 1.437420
v -0.778222 -5.471971 2.105779
v 0.000000 -4.535050 2.142399
v 0.778222 -5.471971 2.105779
v 1.049840 6.421090 0.000001
v 1.049840 6.436350 -0.738548
v 1.049840 13.473900 0.000002
v 1.049840 6.436350 -0.738548
v 1.049840 13.473900 -0.778220
v 1.049840 13.473900 0.000002
v 1.049840 6.436350 -0.738548
v 1.049840 8.090460 -2.212590
v 1.049840 13.473900 -0.778220
v 1.049840 8.090460 -2.212590
v 1.049840 14.297899 -1.293978
v 1.049840 13.473900 -0.778220
v 1.049840 8.090460 -2.212590
v 1.080360 11.532901 -3.061008
v 1.049840 14.297899 -1.293978
v 1.074250 8.090461 -4.736469
v 1.049840 8.090460 -2.212590
v -1.074250 8.090461 -4.736469
v 1.049840 8.090460 -2.212590
v -1.083410 8.090460 -2.212590
v -1.074250 8.090461 -4.736469
v 1.049840 8.090460 -2.212590
v 1.049840 6.436350 -0.738548
v -1.083410 8.090460 -2.212590
v 1.049840 6.436350 -0.738548
v -1.083410 6.436350 -0.738548
v -1.083410 8.090460 -2.212590
v 1.049840 6.436350 -0.738548
v -1.083410 6.421090 0.000001
v -1.083410 6.436350 -0.738548
v -1.083410 6.421090 0.000001
v 1.049840 6.436350 0.738549
v -1.083410 6.436350 0.738549
v 1.049840 6.436350 0.738549
v -1.083410 8.090460 2.212590
v -1.083410 6.436350 0.738549
v 1.049840 6.436350 0.738549
v 1.049840 8.090460 2.212590
v -1.083410 8.090460 2.212590
v 1.049840 8.090460 2.212590
v -1.074250 8.090459 4.736473
v -1.083410 8.090460 2.212590
v 1.049840 8.090460 2.212590
v 1.074250 8.090459 4.736473
v -1.074250 8.090459 4.736473
v 0.000000 -3.750721 7.190159
v -1.590010 -1.831110 8.957180
v 0.000000 -1.818900 8.185061
v -1.590010 -1.831110 8.957180
v 0.000000 0.091555 8.328500
v 0.000000 -1.818900 8.185061
v -1.590010 -1.831110 8.957180
v -1.123080 0.302133 9.195230
v 0.000000 0.091555 8.328500
v -1.123080 0.302133 9.195230
v 0.000000 2.291939 7.843260
v 0.000000 0.091555 8.328500
v -0.585955 5.078279 7.638781
v -0.781274 6.683548 6.469922
v 0.585955 5.078279 7.638781
v -0.781274 6.683548 6.469922
v 0.781274 6.683548 6.469922
v 0.585955 5.078279 7.638781
v -0.781274 6.683548 6.469922
v -1.074250 8.090459 4.736473
v 0.781274 6.683548 6.469922
v -1.074250 8.090459 4.736473
v 1.074250 8.090459 4.736473
v 0.781274 6.683548 6.469922
v -1.083410 14.297899 -1.293978
v -1.083410 13.473900 -0.778220
v 1.049840 14.297899 -1.293978
v -1.083410 13.473900 -0.778220
v 1.049840 13.473900 -0.778220
v 1.049840 14.297899 -1.293978
v -1.083410 13.473900 -0.778220
v -1.083410 13.473900 0.000002
v 1.049840 13.473900 -0.778220
v -1.083410 13.473900 0.000002
v 1.049840 13.473900 0.000002
v 1.049840 13.473900 -0.778220
v -2.200380 7.403790 -4.486217
v -2.197330 6.625570 -2.542189
v -2.197330 7.403790 -2.542189
v -2.197330 6.625570 -2.542189
v 0.000000 7.403790 -0.738548
v -2.197330 7.403790 -2.542189
v -2.197330 6.625570 -2.542189
v 0.000000 6.625570 -0.738548
v 0.000000 7.403790 -0.738548
v 0.000000 6.625570 -0.738548
v 2.197330 6.625570 -2.542189
v 0.000000 7.403790 -0.738548
v 0.778222 -8.526870 -2.133240
v 1.892150 -7.165750 -2.957241
v 0.778222 -6.216620 -1.437420
v 1.892150 -7.165750 -2.957241
v 0.778222 -5.471970 -2.105781
v 0.778222 -6.216620 -1.437420
v 1.892150 -7.165750 -2.957241
v 1.379440 -5.554369 -3.411971
v 0.778222 -5.471970 -2.105781
v 1.379440 -5.554369 -3.411971
v 0.000000 -4.535049 -2.142401
v 0.778222 -5.471970 -2.105781
v 1.086460 11.529900 3.390611
v 1.080360 11.532899 3.061011
v -1.086460 11.529900 3.390611
v 1.080360 11.532899 3.061011
v -1.086460 11.532899 3.061011
v -1.086460 11.529900 3.390611
v 1.080360 11.532899 3.061011
v 1.049840 14.297899 1.293982
v -1.086460 11.532899 3.061011
v 1.049840 14.297899 1.293982
v -1.083410 14.297899 1.293982
v -1.086460 11.532899 3.061011
v -2.197330 6.625569 2.542191
v 0.000000 7.403790 0.738548
v 0.000000 6.625570 0.738549
v 0.000000 7.403790 0.738548
v 2.197330 6.625569 2.542191
v 0.000000 6.625570 0.738549
v 0.000000 7.403790 0.738548
v 2.197330 7.403790 2.542191
v 2.197330 6.625569 2.542191
v 2.197330 7.403790 2.542191
v 2.200380 7.403790 4.486220
v 2.197330 6.625569 2.542191
v -0.778222 -8.526870 2.133240
v -1.892150 -7.165751 2.957239
v -0.778222 -6.216620 1.437420
v -1.892150 -7.165751 2.957239
v -0.778222 -5.471971 2.105779
v -0.778222 -6.216620 1.437420
v -1.892150 -7.165751 2.957239
v -1.379440 -5.554369 3.411969
v -0.778222 -5.471971 2.105779
v -1.379440 -5.554369 3.411969
v 0.000000 -4.535050 2.142399
v -0.778222 -5.471971 2.105779
v -0.946073 -3.198339 -12.677401
v 0.946075 -3.198339 -12.677401
v -1.470990 -0.204472 -11.548201
v 0.946075 -3.198339 -12.677401
v 0.000001 -2.188178 -11.667200
v -1.470990 -0.204472 -11.548201
v 0.946075 -3.198339 -12.677401
v 1.470991 -0.204472 -11.548201
v 0.000001 -2.188178 -11.667200
v 0.000000 -0.683615 -8.017210
v -0.753807 0.485244 -8.941920
v 0.000000 -0.241096 -8.755760
v -0.753807 0.485244 -8.941920
v -0.991852 -0.302132 -10.010100
v 0.000000 -0.241096 -8.755760
v -0.753807 0.485244 -8.941920
v -1.724300 2.862641 -10.123000
v -0.991852 -0.302132 -10.010100
v 0.000000 -3.808709 -10.202301
v 0.000001 -3.961299 -11.624501
v -0.918607 -4.190188 -8.505510
v 0.000001 -3.961299 -11.624501
v -1.348920 -4.702899 -8.203381
v -0.918607 -4.190188 -8.505510
v 0.000001 -3.961299 -11.624501
v 0.000000 -4.510639 -10.861502
v -1.348920 -4.702899 -8.203381
v -1.348920 -4.702899 -8.203381
v 0.000000 -5.743577 -7.657091
v -0.897244 -6.625569 -4.983671
v 0.000000 -5.743577 -7.657091
v 0.000000 -7.327489 -4.992831
v -0.897244 -6.625569 -4.983671
v 0.000000 -5.743577 -7.657091
v 0.897244 -6.625569 -4.983671
v 0.000000 -7.327489 -4.992831
v 0.000001 2.929781 -11.752699
v 0.000001 -0.100709 -12.988700
v -1.470990 -0.204472 -11.548201
v 0.000001 -0.100709 -12.988700
v -0.946073 -3.198339 -12.677401
v -1.470990 -0.204472 -11.548201
v 0.000001 -0.100709 -12.988700
v 0.000001 -3.125098 -13.641801
v -0.946073 -3.198339 -12.677401
v 0.000000 -4.187140 -7.083351
v 0.000000 -4.693748 -5.807671
v 0.918607 -4.190188 -8.505510
v 0.000000 -4.693748 -5.807671
v 1.348920 -4.702899 -8.203381
v 0.918607 -4.190188 -8.505510
v 0.000000 -4.693748 -5.807671
v 0.000000 -5.044708 -6.234931
v 1.348920 -4.702899 -8.203381
v 1.724301 2.862641 -10.123000
v 1.019320 4.953153 -7.751699
v 0.857570 2.841270 -8.487200
v 1.019320 4.953153 -7.751699
v -0.857570 2.841270 -8.487200
v 0.857570 2.841270 -8.487200
v 1.019320 4.953153 -7.751699
v -1.019320 4.953153 -7.751699
v -0.857570 2.841270 -8.487200
v -1.046780 4.559470 9.176921
v -0.390637 3.234960 8.334601
v -1.034580 0.640888 9.799490
v -0.390637 3.234960 8.334601
v 0.000000 0.909452 8.603169
v -1.034580 0.640888 9.799490
v -0.390637 3.234960 8.334601
v 0.390637 3.234960 8.334601
v 0.000000 0.909452 8.603169
v 0.000000 -4.699852 5.935850
v 0.000000 -5.340742 5.923639
v -0.921659 -4.651021 7.184060
v 0.000000 -5.340742 5.923639
v -0.985748 -6.442461 5.789360
v -0.921659 -4.651021 7.184060
v 0.000000 -5.340742 5.923639
v 0.000000 -5.703910 5.395669
v -0.985748 -6.442461 5.789360
v 1.123080 0.302133 9.195230
v 1.590010 -1.831110 8.957180
v 0.000000 0.091555 8.328500
v 1.590010 -1.831110 8.957180
v 0.000000 -1.818900 8.185061
v 0.000000 0.091555 8.328500
v 1.590010 -1.831110 8.957180
v 0.000000 -3.750721 7.190159
v 0.000000 -1.818900 8.185061
v -0.000001 -1.266522 12.039600
v -1.272620 -1.800592 10.287800
v 0.000000 -3.244121 10.660099
v -1.272620 -1.800592 10.287800
v 0.000000 -4.141362 9.552289
v 0.000000 -3.244121 10.660099
v -1.272620 -1.800592 10.287800
v -0.921659 -4.651021 7.184060
v 0.000000 -4.141362 9.552289
v 0.000000 0.909452 8.603169
v 1.034580 0.640888 9.799490
v 1.123080 0.302133 9.195230
v 1.034580 0.640888 9.799490
v 1.651049 2.093569 9.686581
v 1.123080 0.302133 9.195230
v 1.034580 0.640888 9.799490
v 1.770069 0.320443 10.181000
v 1.651049 2.093569 9.686581
v 0.000000 1.223789 11.007999
v -1.034580 0.640888 9.799490
v -1.770070 0.320443 10.181000
v -1.034580 0.640888 9.799490
v -1.651050 2.093569 9.686581
v -1.770070 0.320443 10.181000
v -1.034580 0.640888 9.799490
v -1.123080 0.302133 9.195230
v -1.651050 2.093569 9.686581
v 0.000000 10.171799 9.445481
v 0.857570 11.539002 8.767972
v 0.000000 11.490199 9.732352
v 0.857570 11.539002 8.767972
v 0.000000 13.565500 8.441422
v 0.000000 11.490199 9.732352
v 0.857570 11.539002 8.767972
v 0.714133 13.104600 7.745601
v 0.000000 13.565500 8.441422
v 0.000000 -8.389541 6.054870
v 0.000000 -7.327490 4.992827
v 0.491348 -7.998900 6.430248
v 0.000000 -7.327490 4.992827
v 0.985748 -6.442461 5.789360
v 0.491348 -7.998900 6.430248
v 0.000000 -7.327490 4.992827
v 0.897244 -6.625570 4.983668
v 0.985748 -6.442461 5.789360
v 0.000000 10.171799 9.445481
v 0.854518 9.900200 8.294931
v 0.857570 11.539002 8.767972
v 0.854518 9.900200 8.294931
v 0.000000 10.635700 8.087401
v 0.857570 11.539002 8.767972
v 0.854518 9.900200 8.294931
v 0.000000 10.068100 7.351911
v 0.000000 10.635700 8.087401
v -1.770070 0.320443 10.181000
v -0.000001 2.334669 13.260301
v -1.065100 2.212589 11.633700
v -0.000001 2.334669 13.260301
v -0.656149 3.344829 12.909302
v -1.065100 2.212589 11.633700
v -0.000001 2.334669 13.260301
v -0.000001 4.220707 14.777101
v -0.656149 3.344829 12.909302
v -2.197330 6.625570 -2.542189
v 0.000000 6.625572 -6.393630
v 0.000000 6.625570 -0.738548
v 0.000000 6.625572 -6.393630
v 2.197330 6.625570 -2.542189
v 0.000000 6.625570 -0.738548
v 0.000000 6.625572 -6.393630
v 2.200380 6.625570 -4.486218
v 2.197330 6.625570 -2.542189
v 0.000000 7.403790 -0.738548
v 2.197330 6.625570 -2.542189
v 2.197330 7.403790 -2.542189
v 2.197330 6.625570 -2.542189
v 2.200380 7.403790 -4.486217
v 2.197330 7.403790 -2.542189
v 2.197330 6.625570 -2.542189
v 2.200380 6.625570 -4.486218
v 2.200380 7.403790 -4.486217
v 0.833155 10.211501 -3.402809
v 0.000000 12.646901 -3.149509
v 0.833155 13.077200 -1.010158
v 0.000000 12.646901 -3.149509
v 0.000000 14.273500 -1.947078
v 0.833155 13.077200 -1.010158
v 0.000000 12.646901 -3.149509
v -0.833155 13.077200 -1.010158
v 0.000000 14.273500 -1.947078
v -0.704978 -8.539079 -4.443491
v 0.000000 -8.743549 -4.611351
v 0.000000 -9.540089 -3.408922
v 0.000000 -8.743549 -4.611351
v 0.704978 -8.539079 -4.443491
v 0.000000 -9.540089 -3.408922
v 0.000000 -8.743549 -4.611351
v 0.897244 -6.625569 -4.983671
v 0.704978 -8.539079 -4.443491
v 2.197330 6.625569 2.542191
v 0.000000 6.625569 6.393631
v 0.000000 6.625570 0.738549
v 0.000000 6.625569 6.393631
v -2.197330 6.625569 2.542191
v 0.000000 6.625570 0.738549
v 0.000000 6.625569 6.393631
v -2.200380 6.625569 4.486220
v -2.197330 6.625569 2.542191
v -0.833155 13.077200 1.010162
v -0.833155 78.432602 1.318410
v -0.833155 78.432602 0.000010
v -0.833155 78.432602 1.318410
v -0.833155 89.809898 0.000012
v -0.833155 78.432602 0.000010
v -0.833155 78.432602 1.318410
v -0.833155 88.271698 5.923651
v -0.833155 89.809898 0.000012
v 0.833155 13.077200 0.000002
v 0.833155 78.432602 0.000010
v 0.833155 13.077200 1.010162
v 0.833155 78.432602 0.000010
v 0.833155 78.432602 1.318410
v 0.833155 13.077200 1.010162
v 0.833155 78.432602 0.000010
v 0.833155 89.809898 0.000012
v 0.833155 78.432602 1.318410
v -0.704978 -8.539081 4.443490
v 0.000000 -9.540091 3.408919
v 0.000000 -8.743551 4.611350
v 0.000000 -9.540091 3.408919
v 0.704978 -8.539081 4.443490
v 0.000000 -8.743551 4.611350
v 0.000000 -9.540091 3.408919
v 0.778222 -8.526870 2.133240
v 0.704978 -8.539081 4.443490
v -1.086460 11.529902 -3.390608
v -1.086460 11.532901 -3.061008
v 1.080360 11.532901 -3.061008
v -1.086460 11.532901 -3.061008
v 1.049840 14.297899 -1.293978
v 1.080360 11.532901 -3.061008
v -1.086460 11.532901 -3.061008
v -1.083410 14.297899 -1.293978
v 1.049840 14.297899 -1.293978
v 0.833155 89.809898 0.000012
v 0.833155 78.432602 0.000010
v 0.833155 78.432602 -1.318390
v 0.833155 78.432602 0.000010
v 0.833155 13.077200 -1.010158
v 0.833155 78.432602 -1.318390
v 0.833155 78.432602 0.000010
v 0.833155 13.077200 0.000002
v 0.833155 13.077200 -1.010158
v 1.049840 14.297899 1.293982
v 1.049840 13.473900 0.778224
v -1.083410 13.473900 0.778224
v 1.049840 13.473900 0.778224
v -1.083410 13.473900 0.000002
v -1.083410 13.473900 0.778224
v 1.049840 13.473900 0.778224
v 1.049840 13.473900 0.000002
v -1.083410 13.473900 0.000002
v 0.000000 7.403790 0.738548
v -2.197330 6.625569 2.542191
v -2.197330 7.403790 2.542191
v -2.197330 6.625569 2.542191
v -2.200380 7.403790 4.486220
v -2.197330 7.403790 2.542191
v -2.197330 6.625569 2.542191
v -2.200380 6.625569 4.486220
v -2.200380 7.403790 4.486220
v -0.833155 13.077200 -1.010158
v 0.000000 72.740898 -1.669351
v 0.000000 14.273500 -1.947078
v 0.000000 14.273500 -1.947078
v 0.000000 72.740898 -1.669351
v 0.833155 13.077200 -1.010158
v 0.000000 92.465004 -0.762951
v 0.000000 94.763000 0.000012
v 0.000000 93.130302 -2.203428
v 0.000000 90.310402 6.933822
v 0.000000 88.293098 6.942971
v -0.000001 94.015297 13.376312
v 0.000000 -4.037600 -4.483171
v 0.000000 4.394670 -4.431290
v 0.997955 -3.271580 -3.491320
v 0.000000 24.366001 3.057953
v 0.000000 12.646899 3.149512
v 0.000000 12.723199 4.940951
v 0.000000 12.646901 -3.149509
v 0.000000 24.366001 -3.057947
v 0.000000 12.723201 -4.940948
v 0.000000 24.366001 -3.057947
v 0.000000 14.053801 -7.007048
v 0.000000 12.723201 -4.940948
v 0.000000 13.565500 8.441422
v 0.000000 14.142300 10.638802
v 0.000000 11.490199 9.732352
v 0.000000 11.215599 10.336602
v 0.000000 11.490199 9.732352
v 0.000000 14.142300 10.638802
v 0.000000 4.098638 10.437301
v -0.000001 6.671348 12.350801
v 0.000000 9.012119 10.452600
v 0.000000 9.244060 8.627581
v 0.000000 4.098638 10.437301
v 0.000000 9.012119 10.452600
v 0.000000 24.366001 3.057953
v 0.000000 12.723199 4.940951
v 0.000000 14.053801 7.007051
v 0.000000 72.270897 9.796449
v -0.000001 94.015297 13.376312
v 0.000000 88.293098 6.942971
v 0.000000 72.740898 1.669369
v 0.000000 24.359900 1.898253
v 0.000000 24.366001 3.057953
v 0.000000 92.465004 0.762975
v 0.000000 93.130302 2.203452
v 0.000000 94.763000 0.000012
v -0.000001 19.742397 11.880902
v 0.000000 31.257097 8.569604
v 0.000000 15.384398 11.072104
v 0.000000 93.221802 3.811772
v 0.000000 92.288002 5.810732
v 0.000000 94.744698 3.320423
v 0.000000 24.359900 -1.898247
v 0.000000 72.740898 -1.669351
v 0.000000 24.366001 -3.057947
v 0.000000 98.944099 0.000013
v 0.000000 98.333702 -2.395687
v 0.000000 94.763000 0.000012
v 0.000000 88.293098 -6.942949
v 0.000001 94.015297 -13.376287
v 0.000000 72.270897 -9.796432
v 0.000000 43.485798 -11.114794
v 0.000000 31.257101 -8.569596
v 0.000000 50.685101 -8.444463
v 0.000001 19.742401 -11.880898
v 0.000000 15.384401 -11.072097
v 0.000000 31.257101 -8.569596
v 0.000000 93.221802 -3.811748
v 0.000000 94.744698 -3.320397
v 0.000000 92.288002 -5.810708
v -0.000001 94.015297 13.376312
v 0.000000 92.288002 5.810732
v 0.000000 90.310402 6.933822
v 0.000000 50.685101 8.444477
v 0.000000 31.257097 8.569604
v 0.000000 43.485798 11.114805
v 0.000000 94.763000 0.000012
v 0.000000 98.333702 2.395713
v 0.000000 98.944099 0.000013
v 0.000000 9.497361 -9.387489
v 0.000000 11.526801 -9.732347
v 0.000001 9.591971 -12.085298
v 0.000000 31.257097 8.569604
v 0.000000 50.685101 8.444477
v 0.000000 24.366001 3.057953
v 0.000000 50.685101 8.444477
v 0.000000 72.740898 1.669369
v 0.000000 24.366001 3.057953
v 0.000000 72.270897 9.796449
v 0.000000 78.206703 2.148510
v 0.000000 72.740898 1.669369
v 0.000000 88.293098 -6.942949
v 0.000000 72.270897 -9.796432
v 0.000000 78.206703 -2.148490
v 0.000000 72.270897 -9.796432
v 0.000000 72.740898 -1.669351
v 0.000000 78.206703 -2.148490
v 0.000000 50.685101 -8.444463
v 0.000000 24.366001 -3.057947
v 0.000000 72.740898 -1.669351
v 0.000000 31.257101 -8.569596
v 0.000000 14.053801 -7.007048
v 0.000000 24.366001 -3.057947
v 0.000000 31.257101 -8.569596
v 0.000000 15.384401 -11.072097
v 0.000000 14.053801 -7.007048
v 0.000000 31.257101 -8.569596
v 0.000000 24.366001 -3.057947
v 0.000000 50.685101 -8.444463
v 0.000000 50.685101 -8.444463
v 0.000000 72.740898 -1.669351
v 0.000000 72.270897 -9.796432
v 0.000000 88.293098 6.942971
v 0.000000 78.206703 2.148510
v 0.000000 72.270897 9.796449
v 0.000000 72.270897 9.796449
v 0.000000 72.740898 1.669369
v 0.000000 50.685101 8.444477
v 0.000000 31.257097 8.569604
v 0.000000 24.366001 3.057953
v 0.000000 14.053801 7.007051
v 0.000000 31.257097 8.569604
v 0.000000 14.053801 7.007051
v 0.000000 15.384398 11.072104
v 0.000000 93.221802 3.811772
v 0.000000 94.744698 3.320423
v 0.000000 93.130302 2.203452
v 0.000000 94.744698 3.320423
v 0.000000 98.333702 2.395713
v 0.000000 94.763000 0.000012
v 0.000000 100.000000 3.418082
v 0.000000 94.744698 3.320423
v 0.000000 92.288002 5.810732
v 0.000001 94.015297 -13.376287
v 0.000000 92.288002 -5.810708
v 0.000000 100.000000 -3.418058
v 0.000000 92.288002 -5.810708
v 0.000000 94.744698 -3.320397
v 0.000000 100.000000 -3.418058
v 0.000000 11.526801 -9.732347
v 0.000000 15.118902 -11.072097
v 0.000001 9.591971 -12.085298
v 0.000000 13.565500 -8.441418
v 0.000000 14.053801 -7.007048
v 0.000000 15.118902 -11.072097
v 0.000000 93.221802 -3.811748
v 0.000000 93.130302 -2.203428
v 0.000000 94.744698 -3.320397
v 0.000000 92.288002 -5.810708
v 0.000001 94.015297 -13.376287
v 0.000000 90.310402 -6.933798
v -0.000001 94.015297 13.376312
v 0.000000 100.000000 3.418082
v 0.000000 92.288002 5.810732
v 0.000001 94.015297 -13.376287
v 0.000000 88.293098 -6.942949
v 0.000000 90.310402 -6.933798
v 0.000000 94.763000 0.000012
v 0.000000 94.744698 -3.320397
v 0.000000 93.130302 -2.203428
v 0.000000 94.763000 0.000012
v 0.000000 98.333702 -2.395687
v 0.000000 94.744698 -3.320397
v 0.000000 94.763000 0.000012
v 0.000000 93.130302 2.203452
v 0.000000 94.744698 3.320423
v 0.000000 15.118902 -11.072097
v 0.000000 11.526801 -9.732347
v 0.000000 13.565500 -8.441418
v 0.000000 -7.327489 -4.992831
v 0.000000 -9.332559 -5.935853
v 0.000000 -5.743577 -7.657091
v 0.000000 -9.332559 -5.935853
v 0.000000 -6.518748 -8.609270
v 0.000000 -5.743577 -7.657091
v 0.000000 -9.332559 -5.935853
v 0.000000 -9.332560 -8.624531
v 0.000000 -6.518748 -8.609270
v -0.489577 13.846204 -5.069118
v 0.053652 21.643700 -3.701897
v -1.032808 11.529901 -3.390608
v -0.489577 13.846204 -5.069118
v 0.053652 14.053799 -7.007048
v 0.053652 21.643700 -3.701897
v 0.053652 14.053799 7.007051
v -0.489577 13.846202 5.069121
v 0.053652 21.643700 3.701902
v -0.489577 13.846202 5.069121
v -1.032808 11.529899 3.390611
v 0.053652 21.643700 3.701902
v 0.053652 92.465004 -0.762951
v 0.053652 94.763000 0.000012
v 0.053652 93.130302 -2.203428
v 0.053652 90.310402 6.933822
v 0.053652 88.293098 6.942971
v 0.053653 94.015297 13.376312
v 0.053652 24.366001 3.057953
v 0.053652 12.646899 3.149512
v 0.053652 12.723201 4.940951
v 0.053652 12.646901 -3.149509
v 0.053652 24.366001 -3.057947
v 0.053652 12.723203 -4.940948
v 0.053652 24.366001 -3.057947
v 0.053652 14.053799 -7.007048
v 0.053652 12.723203 -4.940948
v 0.053652 24.366001 3.057953
v 0.053652 12.723201 4.940951
v 0.053652 14.053799 7.007051
v 0.053652 72.270897 9.796449
v 0.053653 94.015297 13.376312
v 0.053652 88.293098 6.942971
v 0.053652 72.740898 1.669369
v 0.053652 24.359898 1.898253
v 0.053652 24.366001 3.057953
v 0.053652 92.465004 0.762975
v 0.053652 93.130302 2.203452
v 0.053652 94.763000 0.000012
v 0.053653 19.742395 11.880902
v 0.053652 31.257097 8.569604
v 0.053652 15.384399 11.072104
v 0.053652 93.221802 3.811772
v 0.053652 92.288002 5.810732
v 0.053652 94.744698 3.320422
v 0.053652 24.359898 -1.898247
v 0.053652 72.740898 -1.669351
v 0.053652 24.366001 -3.057947
v 0.053652 98.944099 0.000013
v 0.053652 98.333702 -2.395687
v 0.053652 94.763000 0.000012
v 0.053652 88.293098 -6.942949
v 0.053651 94.015297 -13.376287
v 0.053652 72.270897 -9.796432
v 0.053652 43.485798 -11.114794
v 0.053652 31.257101 -8.569596
v 0.053652 50.685101 -8.444463
v 0.053651 19.742399 -11.880898
v 0.053652 15.384400 -11.072097
v 0.053652 31.257101 -8.569596
v 0.053652 93.221802 -3.811748
v 0.053652 94.744698 -3.320397
v 0.053652 92.288002 -5.810708
v 0.053653 94.015297 13.376312
v 0.053652 92.288002 5.810732
v 0.053652 90.310402 6.933822
v 0.053652 50.685101 8.444477
v 0.053652 31.257097 8.569604
v 0.053652 43.485798 11.114805
v 0.053652 94.763000 0.000012
v 0.053652 98.333702 2.395713
v 0.053652 98.944099 0.000013
v 0.053652 9.497361 -9.387489
v 0.053652 11.526799 -9.732347
v 0.053651 9.591969 -12.085298
v 0.053652 31.257097 8.569604
v 0.053652 50.685101 8.444477
v 0.053652 24.366001 3.057953
v 0.053652 50.685101 8.444477
v 0.053652 72.740898 1.669369
v 0.053652 24.366001 3.057953
v 0.053652 72.270897 9.796449
v 0.053652 78.206703 2.148510
v 0.053652 72.740898 1.669369
v 0.053652 88.293098 -6.942949
v 0.053652 72.270897 -9.796432
v 0.053652 78.206703 -2.148490
v 0.053652 72.270897 -9.796432
v 0.053652 72.740898 -1.669351
v 0.053652 78.206703 -2.148490
v 0.053652 50.685101 -8.444463
v 0.053652 24.366001 -3.057947
v 0.053652 72.740898 -1.669351
v 0.053652 31.257101 -8.569596
v 0.053652 14.053799 -7.007048
v 0.053652 24.366001 -3.057947
v 0.053652 31.257101 -8.569596
v 0.053652 15.384400 -11.072097
v 0.053652 14.053799 -7.007048
v 0.053652 31.257101 -8.569596
v 0.053652 24.366001 -3.057947
v 0.053652 50.685101 -8.444463
v 0.053652 50.685101 -8.444463
v 0.053652 72.740898 -1.669351
v 0.053652 72.270897 -9.796432
v 0.053652 88.293098 6.942971
v 0.053652 78.206703 2.148510
v 0.053652 72.270897 9.796449
v 0.053652 72.270897 9.796449
v 0.053652 72.740898 1.669369
v 0.053652 50.685101 8.444477
v 0.053652 31.257097 8.569604
v 0.053652 24.366001 3.057953
v 0.053652 14.053799 7.007051
v 0.053652 31.257097 8.569604
v 0.053652 14.053799 7.007051
v 0.053652 15.384399 11.072104
v 0.053652 93.221802 3.811772
v 0.053652 94.744698 3.320422
v 0.053652 93.130302 2.203452
v 0.053652 94.744698 3.320422
v 0.053652 98.333702 2.395713
v 0.053652 94.763000 0.000012
v 0.053652 100.000000 3.418082
v 0.053652 94.744698 3.320422
v 0.053652 92.288002 5.810732
v 0.053651 94.015297 -13.376287
v 0.053652 92.288002 -5.810708
v 0.053652 100.000000 -3.418058
v 0.053652 92.288002 -5.810708
v 0.053652 94.744698 -3.320397
v 0.053652 100.000000 -3.418058
v 0.053652 11.526799 -9.732347
v 0.053652 15.118901 -11.072097
v 0.053651 9.591969 -12.085298
v 0.053652 13.565502 -8.441418
v 0.053652 14.053799 -7.007048
v 0.053652 15.118901 -11.072097
v 0.053652 93.221802 -3.811748
v 0.053652 93.130302 -2.203428
v 0.053652 94.744698 -3.320397
v 0.053652 92.288002 -5.810708
v 0.053651 94.015297 -13.376287
v 0.053652 90.310402 -6.933798
v 0.053653 94.015297 13.376312
v 0.053652 100.000000 3.418082
v 0.053652 92.288002 5.810732
v 0.053651 94.015297 -13.376287
v 0.053652 88.293098 -6.942949
v 0.053652 90.310402 -6.933798
v 0.053652 94.763000 0.000012
v 0.053652 94.744698 -3.320397
v 0.053652 93.130302 -2.203428
v 0.053652 94.763000 0.000012
v 0.053652 98.333702 -2.395687
v 0.053652 94.744698 -3.320397
v 0.053652 94.763000 0.000012
v 0.053652 93.130302 2.203452
v 0.053652 94.744698 3.320422
v 0.053652 15.118901 -11.072097
v 0.053652 11.526799 -9.732347
v 0.053652 13.565502 -8.441418
v 0.000000 11.075199 5.761891
v 0.000000 12.237899 5.435351
v 0.000000 11.706899 4.821921
v 0.000000 11.773999 6.018251
v 0.000000 12.222699 6.247141
v 0.000000 12.237899 5.435351
v 0.000000 11.773999 6.018251
v 0.000000 11.807600 6.881922
v 0.000000 12.222699 6.247141
v 0.000000 11.773999 6.018251
v 0.000000 12.237899 5.435351
v 0.000000 11.075199 5.761891
v 0.000000 11.075199 5.761891
v 0.000000 11.706899 4.821921
v 0.000000 10.217599 6.268500
v 0.000000 4.098638 10.437301
v -0.000001 6.671348 12.350801
v 0.000000 9.012119 10.452600
v 0.000000 9.244060 8.627581
v 0.000000 4.098638 10.437301
v 0.000000 9.012119 10.452600
v 0.000000 -11.887000 -0.741602
v 0.000000 -10.522799 0.741599
v 0.000000 -10.522799 -0.741602
v 0.491348 -23.841099 -0.000003
v -0.491348 -23.841099 -0.000003
v 0.491348 -22.840101 -0.000003
v 0.000000 -11.887000 -0.741602
v 0.000000 -11.887000 0.741599
v 0.000000 -10.522799 0.741599
v -0.491348 -22.840101 -0.000003
v 0.491348 -22.840101 -0.000003
v -0.491348 -23.841099 -0.000003
v 0.000000 -25.104500 -2.227853
v 0.000000 -27.414799 -1.065103
v 0.000000 -23.249001 -0.000003
v 0.000000 -16.962200 -0.393692
v 0.000000 -18.793301 -0.393692
v 0.000000 -16.962200 0.393686
v 0.000000 -18.793301 -0.393692
v 0.000000 -18.793301 0.393686
v 0.000000 -16.962200 0.393686
v 0.000000 -18.793301 -0.393692
v 0.000000 -20.624401 -0.393691
v 0.000000 -18.793301 0.393686
v 0.000000 -20.624401 -0.393691
v 0.000000 -20.624401 0.393687
v 0.000000 -18.793301 0.393686
v 0.000000 -22.455500 -0.393692
v 0.000000 -22.455500 0.393686
v 0.000000 -20.624401 0.393687
v 0.000000 -22.455500 -0.393692
v 0.000000 -23.188000 -0.000003
v 0.000000 -22.455500 0.393686
v 0.000000 -22.455500 -0.393692
v 0.000000 -20.624401 0.393687
v 0.000000 -20.624401 -0.393691
v 0.000000 -16.962200 0.393686
v 0.000000 -15.131100 0.393687
v 0.000000 -16.962200 -0.393692
v 0.000000 -13.098500 0.393687
v 0.000000 -11.887000 0.741599
v 0.000000 -13.098500 -0.393691
v 0.000000 -11.887000 0.741599
v 0.000000 -11.887000 -0.741602
v 0.000000 -13.098500 -0.393691
v 0.000000 -16.962200 -0.393692
v 0.000000 -15.131100 0.393687
v 0.000000 -15.131100 -0.393691
v 0.000000 -15.131100 -0.393691
v 0.000000 -15.131100 0.393687
v 0.000000 -13.098500 0.393687
v 0.000000 -15.131100 -0.393691
v 0.000000 -13.098500 0.393687
v 0.000000 -13.098500 -0.393691
v 0.000000 -23.249001 -0.000003
v 0.000000 -27.124899 -0.000003
v 0.000000 -27.414799 1.065097
v 0.000000 -27.414799 -1.065103
v 0.000000 -27.124899 -0.000003
v 0.000000 -23.249001 -0.000003
v 0.000000 -23.249001 -0.000003
v 0.000000 -27.414799 1.065097
v 0.000000 -25.104500 2.227847
v 0.000000 11.774001 -6.018249
v 0.000000 12.222701 -6.247138
v 0.000000 12.237901 -5.435348
v 0.000000 11.075201 -5.761888
v 0.000000 12.237901 -5.435348
v 0.000000 11.706901 -4.821918
v 0.000000 11.075201 -5.761888
v 0.000000 11.774001 -6.018249
v 0.000000 12.237901 -5.435348
v 0.000000 11.774001 -6.018249
v 0.000000 11.807600 -6.881919
v 0.000000 12.222701 -6.247138
v 0.000000 13.565500 8.441422
v 0.000000 14.142300 10.638802
v 0.000000 11.490199 9.732352
v 0.000000 11.215599 10.336602
v 0.000000 11.490199 9.732352
v 0.000000 14.142300 10.638802
v 0.000000 -7.327489 -4.992831
v 0.000000 -9.332559 -5.935853
v 0.000000 -5.743577 -7.657091
v 0.000000 -9.332559 -5.935853
v 0.000000 -6.518748 -8.609270
v 0.000000 -5.743577 -7.657091
v 0.000000 -9.332559 -5.935853
v 0.000000 -9.332560 -8.624531
v 0.000000 -6.518748 -8.609270
vn -0.0000 0.5123 -0.8588
vn -0.8538 -0.2463 0.4586
vn -0.5928 0.7028 -0.3933
vn -0.5129 -0.3039 -0.8028
vn -0.2893 -0.7085 -0.6436
vn 0.5928 0.7028 -0.3933
vn 0.5928 0.7028 0.3933
vn 0.8538 -0.2463 0.4586
vn 0.5129 -0.3039 0.8028
vn 0.2893 -0.7085 0.6436
vn -0.0000 -0.5347 0.8450
vn -0.2893 -0.7085 0.6436
vn -0.0000 -0.5347 -0.8450
vn 0.5129 -0.3039 -0.8028
vn -0.0000 1.0000 -0.0000
vn 0.2893 -0.7085 -0.6436
vn 0.8538 -0.2463 -0.4586
vn 0.9688 0.2478 -0.0000
vn -1.0000 -0.0000 -0.0000
vn -0.0000 -0.0000 -1.0000
vn -0.0000 0.5123 0.8588
vn -0.5928 0.7028 0.3933
vn -0.5129 -0.3039 0.8028
vn -0.9688 0.2478 -0.0000
vn -0.8538 -0.2463 -0.4586
vn 0.6366 0.3803 0.6709
vn 0.8538 0.3337 0.3996
vn 0.6366 0.3803 -0.6709
vn -0.8538 0.3337 -0.3996
vn 0.4130 -0.0043 -0.9107
vn 0.7736 0.0021 0.6337
vn 0.7663 0.3173 0.5587
vn 0.7737 0.3195 0.5471
vn 0.7408 0.6086 0.2843
vn 0.7839 0.5813 0.2183
vn 0.6855 0.7269 -0.0414
vn 0.7729 0.5775 -0.2629
vn 0.7697 0.5796 -0.2677
vn 0.6261 0.4038 -0.6671
vn -0.6261 0.4038 -0.6671
vn -0.6366 0.3803 -0.6709
vn -0.7736 0.0021 0.6337
vn -0.7743 0.0029 0.6328
vn 0.7743 0.0029 0.6328
vn 0.7381 -0.2897 0.6094
vn 0.7132 -0.2972 0.6349
vn 0.7128 -0.0613 0.6987
vn 0.4130 -0.0043 0.9107
vn 0.7493 0.0031 0.6623
vn 0.8692 0.2939 0.3976
vn -0.8692 0.2939 0.3976
vn -0.8538 0.3337 0.3996
vn -0.7743 0.0029 -0.6328
vn -0.7736 0.0021 -0.6337
vn -0.6366 0.3803 0.6709
vn -0.6261 0.4038 0.6671
vn 0.6261 0.4038 0.6671
vn 0.7697 0.5796 0.2677
vn 0.7729 0.5775 0.2629
vn 0.6855 0.7269 0.0413
vn 0.7839 0.5813 -0.2183
vn 0.7408 0.6086 -0.2843
vn 0.7737 0.3195 -0.5471
vn 0.7663 0.3173 -0.5587
vn 0.7736 0.0021 -0.6337
vn 0.7743 0.0029 -0.6328
vn 0.7381 -0.2897 -0.6094
vn -0.7381 -0.2897 -0.6094
vn -0.7132 -0.2972 -0.6349
vn 1.0000 -0.0000 -0.0000
vn 0.7132 -0.2972 -0.6349
vn 0.7128 -0.0613 -0.6987
vn -0.7128 -0.0613 -0.6987
vn -0.4130 -0.0043 -0.9107
vn -0.7697 0.5796 0.2677
vn -0.7729 0.5775 0.2629
vn -0.6855 0.7269 0.0414
vn -0.7839 0.5813 -0.2183
vn -0.7408 0.6086 -0.2843
vn -0.7737 0.3195 -0.5471
vn -0.7663 0.3173 -0.5587
vn -0.7663 0.3173 0.5587
vn -0.7737 0.3195 0.5471
vn -0.7408 0.6086 0.2843
vn -0.7839 0.5813 0.2183
vn -0.6855 0.7269 -0.0413
vn -0.7729 0.5775 -0.2629
vn -0.7697 0.5796 -0.2677
vn -0.7493 0.0031 0.6623
vn -0.4130 -0.0043 0.9107
vn -0.7128 -0.0613 0.6987
vn -0.7132 -0.2972 0.6349
vn -0.7381 -0.2897 0.6094
vn 0.8538 0.3337 -0.3996
vn 0.8692 0.2939 -0.3976
vn -0.8692 0.2939 -0.3976
vn -0.7493 0.0031 -0.6623
vn 0.7493 0.0031 -0.6623
vn 0.9999 0.0064 -0.0099
vn 0.9629 -0.0368 0.2673
vn -0.9787 0.0996 -0.1793
vn -0.0000 0.0308 0.9995
vn -0.6425 0.6123 -0.4607
vn -0.6415 0.6023 -0.4750
vn 0.8431 -0.3798 -0.3807
vn 0.9088 -0.2281 -0.3492
vn -0.0000 0.0308 -0.9995
vn -0.9787 0.0996 0.1793
vn 0.6644 -0.4276 0.6130
vn 0.7292 -0.5318 0.4307
vn -0.8101 0.2372 -0.5361
vn -0.8330 -0.0960 -0.5449
vn -0.5529 0.5574 0.6194
vn -0.6608 0.7486 0.0546
vn -0.7056 0.3743 0.6017
vn -0.7672 -0.1364 0.6268
vn -0.5942 -0.5398 0.5963
vn -0.5750 0.7625 -0.2966
vn 0.8431 -0.0000 0.5378
vn 0.8431 -0.0000 -0.5378
vn -0.9465 0.3224 0.0137
vn 0.9465 0.3224 0.0137
vn -0.7289 0.6170 0.2966
vn -0.5747 -0.2081 0.7915
vn -0.7428 -0.6282 -0.2313
vn -0.8225 -0.5139 -0.2438
vn -0.9465 0.3224 -0.0137
vn 0.9465 0.3224 -0.0137
vn 0.7289 0.6170 -0.2966
vn 0.5747 -0.2081 -0.7915
vn 0.8225 -0.5139 0.2438
vn 0.7428 -0.6282 0.2313
vn -0.0000 -0.3963 0.9181
vn -0.3729 0.7727 0.5137
vn 0.3577 -0.9245 -0.1321
vn 0.6780 0.5735 -0.4597
vn -0.6047 0.5549 -0.5713
vn 0.7466 -0.1114 -0.6558
vn 0.4306 0.1089 0.8959
vn 0.8369 0.3651 -0.4078
vn 0.6709 -0.2510 -0.6978
vn -0.7847 0.0430 0.6184
vn -0.0000 0.0016 1.0000
vn -0.8445 -0.5140 -0.1504
vn -0.7786 0.0961 0.6202
vn -0.0000 0.5620 0.8271
vn -0.9678 0.0888 0.2356
vn 0.7191 -0.1977 -0.6662
vn 0.4021 0.4172 -0.8150
vn -0.5783 0.7448 -0.3329
vn 0.4280 0.9012 -0.0682
vn 0.6218 -0.1687 -0.7648
vn -0.6908 0.6032 0.3986
vn 0.8101 -0.3674 0.4569
vn -0.0000 -0.9998 -0.0207
vn -0.0000 1.0000 -0.0091
vn -1.0000 -0.0018 -0.0036
vn 0.9999 -0.0065 0.0097
vn -0.0000 0.9238 -0.3828
vn 0.9998 -0.0108 0.0186
vn -0.7032 0.0044 -0.7109
vn -0.0000 0.7908 -0.6121
vn -0.8063 -0.5911 -0.0224
vn -0.0000 -1.0000 -0.0000
vn -0.0000 -0.9998 0.0207
vn -0.0000 0.5306 -0.8476
vn -1.0000 -0.0018 0.0036
vn 0.9999 -0.0065 -0.0097
vn -1.0000 -0.0036 -0.0000
vn -0.0000 0.9238 0.3828
vn 0.9998 -0.0108 -0.0186
vn -0.2999 -0.2870 0.9098
vn 0.8251 -0.5650 -0.0000
vn -0.0000 0.7908 0.6121
vn -0.8251 -0.5650 -0.0000
vn -0.0000 -0.8635 0.5044
vn -1.0000 -0.0000 0.0016
vn 1.0000 -0.0000 -0.0016
vn -0.6780 0.5735 -0.4597
vn -0.6288 0.7416 0.2337
vn 0.6288 0.7416 0.2337
vn 0.3729 0.7727 0.5137
vn 0.4462 -0.7945 -0.4119
vn 0.3683 -0.7591 -0.5367
vn -0.3683 -0.7591 -0.5367
vn -0.3577 -0.9245 -0.1321
vn -0.5540 -0.7616 -0.3362
vn 0.5540 -0.7616 -0.3362
vn 0.7194 -0.5637 -0.4058
vn 0.8049 0.5601 -0.1960
vn 0.5207 0.8488 -0.0911
vn 0.8658 -0.0978 -0.4907
vn -0.8658 -0.0978 -0.4907
vn -0.8059 -0.2268 -0.5469
vn -0.6476 0.2644 0.7147
vn -0.6659 0.2490 0.7033
vn 0.6659 0.2490 0.7033
vn 0.7847 0.0430 0.6184
vn 0.6495 -0.5357 0.5396
vn 0.5733 -0.7029 -0.4211
vn 0.5964 0.2250 0.7705
vn -0.5964 0.2250 0.7705
vn -0.4284 -0.1894 0.8835
vn -0.8771 -0.1280 0.4630
vn -0.8624 -0.2242 0.4540
vn -0.9022 -0.1531 0.4032
vn -0.9651 -0.1764 0.1934
vn -0.9629 -0.0368 0.2673
vn -0.9999 0.0064 -0.0099
vn -0.7006 0.5413 -0.4649
vn -0.7531 -0.2610 -0.6039
vn -0.6709 -0.2510 -0.6978
vn -0.8823 -0.4483 -0.1435
vn 0.8823 -0.4483 -0.1435
vn 0.4549 -0.8503 0.2646
vn 0.7379 0.6610 -0.1360
vn 0.6790 0.6949 -0.2366
vn -0.6790 0.6949 -0.2366
vn -0.7592 0.3932 -0.5187
vn -0.5677 -0.4406 0.6954
vn -0.4713 -0.5203 0.7121
vn 0.4446 -0.5284 0.7232
vn 0.5435 0.1737 0.8212
vn 0.7736 -0.1332 -0.6195
vn 0.7645 -0.4230 -0.4865
vn -0.7645 -0.4230 -0.4865
vn -0.8398 -0.4911 -0.2313
vn -0.4338 0.8720 0.2269
vn -0.6883 0.7186 -0.0992
vn 0.6883 0.7186 -0.0992
vn 0.6047 0.5549 -0.5713
vn 0.7006 0.5413 -0.4649
vn 0.7531 -0.2610 -0.6039
vn 0.9787 0.0996 -0.1793
vn 0.9599 0.1119 -0.2571
vn -0.9599 0.1119 -0.2571
vn -0.7379 0.6610 -0.1360
vn -0.4549 -0.8503 0.2646
vn -0.4459 -0.8563 0.2605
vn 0.4459 -0.8563 0.2605
vn 0.5681 -0.4242 0.7052
vn 0.7581 0.4139 -0.5039
vn 0.6715 0.3964 -0.6260
vn -0.6984 0.3829 -0.6047
vn -0.7704 -0.1068 -0.6285
vn -0.7707 -0.1070 -0.6282
vn 0.7465 0.3419 0.5709
vn -0.7465 0.3419 0.5709
vn -0.7465 -0.5141 0.4223
vn -0.6112 0.7141 0.3414
vn -0.4981 0.8059 0.3200
vn -0.7694 0.4023 0.4961
vn 0.7694 0.4023 0.4961
vn 0.6476 0.2644 0.7147
vn 0.8059 -0.2268 -0.5469
vn 0.8948 -0.2883 -0.3411
vn -0.8948 -0.2883 -0.3411
vn -0.8162 -0.5341 0.2203
vn -0.9377 -0.2071 0.2790
vn -0.6673 0.2678 -0.6950
vn -0.6277 0.4339 -0.6463
vn 0.6277 0.4339 -0.6463
vn 0.5697 0.3843 -0.7264
vn 0.9022 -0.1531 0.4032
vn 0.9651 -0.1764 0.1934
vn -0.0000 -0.5839 0.8118
vn 0.6855 0.7269 0.0414
vn -0.7657 0.1145 0.6329
vn 0.7657 0.1145 0.6329
vn 0.7683 0.0255 0.6396
vn 0.7233 0.1393 -0.6764
vn 0.7222 0.0604 -0.6890
vn -0.7222 0.0604 -0.6890
vn -0.5245 0.3742 -0.7648
vn -0.7104 0.6822 0.1731
vn -0.5055 -0.3823 0.7735
vn 0.5055 -0.3823 0.7735
vn 0.5747 -0.2081 0.7915
vn 0.8479 -0.5215 0.0953
vn 0.9014 0.1751 -0.3959
vn 0.8512 -0.2201 -0.4765
vn 0.7675 -0.6408 -0.0209
vn 0.8063 -0.5911 -0.0224
vn 0.8093 -0.5867 -0.0278
vn -0.8093 -0.5867 -0.0278
vn -0.7863 -0.5905 -0.1815
vn -0.9905 -0.1219 0.0644
vn 0.7657 0.1145 -0.6329
vn -0.7657 0.1145 -0.6329
vn -0.7683 0.0255 -0.6396
vn -0.7233 0.1393 0.6764
vn -0.7222 0.0604 0.6890
vn 0.7222 0.0604 0.6890
vn 0.5245 0.3742 0.7648
vn 0.7104 0.6822 -0.1731
vn 0.5055 -0.3823 -0.7735
vn -0.5055 -0.3823 -0.7735
vn -0.5747 -0.2081 -0.7915
vn -0.8479 -0.5215 -0.0953
vn -0.9014 0.1751 0.3959
vn -0.8512 -0.2201 0.4766
vn -0.7675 -0.6408 0.0209
vn -0.8063 -0.5911 0.0224
vn -0.8093 -0.5867 0.0278
vn 0.8093 -0.5867 0.0278
vn 0.7863 -0.5905 0.1815
vn 0.9905 -0.1219 -0.0644
vn -0.5705 0.1897 0.7991
vn -0.4306 0.1089 0.8959
vn -0.6672 0.5897 0.4551
vn 0.6672 0.5897 0.4551
vn 0.4338 0.8720 0.2269
vn 0.8398 -0.4911 -0.2313
vn 0.6425 0.6123 -0.4607
vn 0.6415 0.6023 -0.4750
vn 0.4737 0.7903 -0.3888
vn -0.4737 0.7903 -0.3888
vn -0.8369 0.3651 -0.4078
vn -0.1181 -0.9121 0.3926
vn 0.1181 -0.9121 0.3926
vn 0.8445 -0.5140 -0.1504
vn 0.8909 -0.1266 -0.4362
vn -0.8909 -0.1266 -0.4362
vn -0.5697 0.3843 -0.7264
vn 0.6709 -0.2510 0.6978
vn 0.8823 -0.4483 0.1435
vn 0.4549 -0.8503 -0.2646
vn 0.4459 -0.8563 -0.2605
vn 0.5682 -0.4128 -0.7118
vn 0.4153 -0.5367 -0.7345
vn 0.5512 0.1007 -0.8283
vn -0.5796 0.0984 -0.8089
vn -0.4360 0.2638 -0.8604
vn -0.7766 -0.1492 0.6120
vn -0.6246 -0.5164 0.5858
vn 0.6246 -0.5164 0.5858
vn 0.6512 -0.7025 0.2872
vn 0.4282 0.8732 -0.2326
vn 0.6608 0.7486 0.0546
vn 0.6550 -0.0000 -0.7556
vn 0.4448 0.7341 -0.5131
vn 0.4347 0.9006 0.0007
vn 0.3988 0.9166 0.0289
vn 0.4248 0.7428 0.5175
vn -0.0000 0.9065 0.4223
vn -0.4290 0.7368 0.5226
vn -0.4028 0.9149 0.0258
vn -0.4347 0.9006 0.0007
vn -0.4448 0.7341 -0.5131
vn -0.6550 -0.0000 -0.7556
vn -0.6550 -0.0000 0.7556
vn -0.4448 0.7341 0.5131
vn -0.4347 0.9006 -0.0007
vn -0.4028 0.9149 -0.0258
vn -0.4290 0.7368 -0.5226
vn -0.0000 0.9065 -0.4223
vn 0.4248 0.7428 -0.5175
vn 0.3988 0.9166 -0.0289
vn 0.4347 0.9006 -0.0007
vn 0.4448 0.7341 0.5131
vn 0.6550 -0.0000 0.7556
vn -0.8823 -0.4483 0.1435
vn -0.6709 -0.2510 0.6978
vn -0.7531 -0.2610 0.6039
vn -0.7006 0.5413 0.4649
vn -0.9859 -0.1294 -0.1060
vn -0.9682 -0.1416 -0.2061
vn -0.8431 -0.3798 -0.3807
vn -0.9088 -0.2281 -0.3492
vn -0.0000 -0.3532 -0.9356
vn -0.6798 -0.2783 -0.6786
vn -0.6798 -0.2783 0.6786
vn -0.6786 -0.2813 0.6786
vn 0.6786 -0.2813 0.6786
vn -0.6800 -0.2778 -0.6786
vn 0.6800 -0.2778 -0.6786
vn 0.6798 -0.2783 -0.6786
vn 0.6798 -0.2783 0.6786
vn -0.6800 -0.2778 0.6786
vn 0.6800 -0.2778 0.6786
vn -0.6786 -0.2813 -0.6786
vn 0.6786 -0.2813 -0.6786
vn -0.7475 0.6082 0.2672
vn -0.6413 0.7300 -0.2363
vn -0.6131 -0.7823 0.1104
vn -0.7691 -0.4365 -0.4668
vn -0.7407 -0.4751 -0.4751
vn -0.6730 -0.7295 -0.1217
vn 0.6730 -0.7295 -0.1217
vn 0.6908 0.6032 0.3986
vn 0.8360 0.2549 0.4858
vn 0.8470 -0.0860 -0.5246
vn 0.7786 0.0961 0.6202
vn 0.7400 0.1300 0.6599
vn -0.7400 0.1300 0.6599
vn -0.7042 0.2359 0.6696
vn -0.8932 0.2439 0.3778
vn -0.6512 -0.7025 0.2872
vn -0.4282 0.8732 -0.2326
vn -0.6386 0.6092 -0.4702
vn -0.4459 -0.8563 -0.2605
vn -0.4549 -0.8503 -0.2646
vn -0.7379 0.6610 0.1360
vn -0.9599 0.1119 0.2571
vn 0.9599 0.1119 0.2571
vn 0.9787 0.0996 0.1793
vn 0.7531 -0.2610 0.6039
vn 0.7006 0.5413 0.4649
vn 0.5529 0.5574 0.6194
vn 0.7026 -0.1228 0.7009
vn 0.7026 -0.1228 -0.7009
vn 0.7017 -0.1239 -0.7017
vn -0.7017 -0.1239 -0.7017
vn -0.7071 0.0053 -0.7071
vn -0.7071 0.0048 0.7071
vn -0.6592 -0.0070 0.7519
vn 0.6592 -0.0070 0.7519
vn 0.2087 -0.2544 -0.9443
vn -0.2087 -0.2544 -0.9443
vn -0.2999 -0.2870 -0.9098
vn -0.8512 -0.2201 -0.4765
vn -0.7675 -0.6408 -0.0209
vn -0.7276 -0.1978 0.6568
vn 0.7276 -0.1978 -0.6568
vn 0.7675 -0.6408 0.0209
vn 0.8512 -0.2201 0.4766
vn 0.2999 -0.2870 0.9098
vn 0.2087 -0.2544 0.9443
vn -0.2087 -0.2544 0.9443
vn -0.7026 -0.1228 -0.7009
vn -0.7026 -0.1228 0.7009
vn -0.7017 -0.1239 0.7017
vn 0.7017 -0.1239 0.7017
vn 0.7071 0.0053 0.7071
vn 0.7071 0.0048 -0.7071
vn 0.6592 -0.0070 -0.7519
vn -0.6592 -0.0070 -0.7519
vn -0.7071 0.0048 -0.7071
vn -0.7071 0.0053 0.7071
vn -0.7032 0.0044 0.7109
vn 0.7032 0.0044 0.7109
vn 0.4284 -0.1894 0.8835
vn 0.8771 -0.1280 0.4630
vn 0.9150 -0.1993 0.3508
vn 0.9377 -0.2071 0.2790
vn 0.8162 -0.5341 0.2203
vn 0.8037 -0.5942 -0.0294
vn -0.8037 -0.5942 -0.0294
vn -0.5328 -0.7606 0.3710
vn -0.3413 0.0499 0.9386
vn -0.7244 -0.4072 0.5563
vn -0.5237 -0.6572 0.5421
vn -0.7540 0.0307 0.6561
vn -0.7027 -0.0000 0.7115
vn -0.8360 0.2549 0.4858
vn -0.7428 -0.6282 0.2313
vn -0.8225 -0.5139 0.2438
vn -0.7863 -0.5905 0.1815
vn -0.9905 -0.1219 -0.0644
vn 0.7428 -0.6282 -0.2313
vn 0.8225 -0.5139 -0.2438
vn 0.7863 -0.5905 -0.1815
vn 0.9905 -0.1219 0.0644
vn 0.7233 0.1393 0.6764
vn 0.7683 0.0255 -0.6396
vn 0.8480 0.3748 -0.3747
vn -0.8480 0.3748 -0.3747
vn -0.7104 0.6822 -0.1731
vn -0.5245 0.3742 0.7648
vn -0.4887 0.4550 0.7444
vn -0.7233 0.1393 -0.6764
vn -0.7683 0.0255 0.6396
vn -0.8480 0.3748 0.3747
vn 0.8480 0.3748 0.3747
vn 0.7104 0.6822 0.1731
vn 0.5245 0.3742 -0.7648
vn 0.4887 0.4550 -0.7444
vn -0.6855 0.7269 -0.0414
vn -0.7148 0.0621 -0.6965
vn 0.7148 0.0621 -0.6965
vn 0.7116 0.1483 -0.6868
vn 0.6976 0.1425 -0.7021
vn 0.6823 0.2761 -0.6769
vn 0.6673 0.2678 -0.6950
vn 0.5328 -0.7606 0.3710
vn 0.7443 -0.5317 0.4041
vn 0.9070 -0.3562 0.2245
vn 0.9497 -0.2111 0.2314
vn 0.8101 0.2372 -0.5361
vn 0.8330 -0.0960 -0.5449
vn 0.5942 -0.5398 0.5963
vn 0.5750 0.7625 -0.2966
vn 0.7795 -0.1522 0.6076
vn 0.7743 -0.2242 0.5918
vn 0.8272 -0.1142 0.5502
vn 0.7810 -0.3212 0.5355
vn 0.6126 0.6303 -0.4770
vn 0.8042 0.0113 -0.5943
vn 0.5115 0.5392 -0.6691
vn 0.6448 0.6297 -0.4332
vn 0.6413 0.7300 -0.2363
vn 0.7475 0.6082 0.2672
vn -0.6126 0.6303 -0.4770
vn -0.4021 0.4172 -0.8150
vn -0.9070 -0.3562 0.2245
vn -0.9497 -0.2111 0.2314
vn -0.7795 -0.1522 0.6076
vn -0.7743 -0.2242 0.5918
vn 0.7379 0.6610 0.1360
vn 0.6790 0.6949 0.2366
vn -0.6790 0.6949 0.2366
vn -0.7595 0.3832 0.5256
vn -0.5680 -0.4288 -0.7025
vn -0.4411 -0.5295 -0.7246
vn 0.7071 0.0048 0.7071
vn 0.7071 0.0053 -0.7071
vn -0.0000 -0.8635 -0.5044
vn -0.0000 -0.0052 -1.0000
vn -0.0000 0.7088 -0.7054
vn 0.9999 -0.0091 0.0141
vn -0.0000 -0.7838 0.6211
vn -0.9999 -0.0091 0.0141
vn 0.7042 0.2359 0.6696
vn 0.8932 0.2439 0.3778
vn 0.9682 -0.1416 -0.2061
vn 0.9859 -0.1294 -0.1060
vn 0.9678 0.0888 0.2356
vn 0.3413 0.0499 0.9386
vn 0.7244 -0.4072 0.5563
vn 0.5237 -0.6572 0.5421
vn 0.7540 0.0307 0.6561
vn 0.7027 -0.0000 0.7115
vn -0.0000 0.6090 -0.7932
vn -0.0000 0.7479 -0.6638
vn -0.0000 0.9054 -0.4246
vn -1.0000 -0.0003 0.0022
vn -0.0000 -0.0052 1.0000
vn -0.0000 0.7088 0.7054
vn -0.4887 0.4550 -0.7444
vn -0.8479 -0.5215 0.0953
vn -0.9014 0.1751 -0.3959
vn -0.8510 0.3746 0.3681
vn -0.8457 0.3565 0.3972
vn -0.0000 0.0391 0.9992
vn -0.0000 0.6680 0.7442
vn -0.0000 0.7401 -0.6725
vn 0.9997 -0.0033 -0.0225
vn -1.0000 -0.0003 -0.0022
vn 0.4887 0.4550 0.7444
vn 0.8479 -0.5215 -0.0953
vn 0.9014 0.1751 0.3959
vn 0.8510 0.3746 -0.3681
vn 0.8457 0.3565 -0.3972
vn -0.0000 0.7401 0.6725
vn -0.0000 0.6680 -0.7442
vn -0.0000 0.0391 -0.9992
vn 0.9997 -0.0033 0.0225
vn -0.0000 -0.6653 -0.7466
vn -0.0000 -0.6653 0.7466
vn -0.3991 0.4198 -0.8152
vn -0.4363 0.0674 -0.8973
vn -0.5715 0.2135 -0.7924
vn -0.6218 -0.1687 -0.7648
vn -0.0000 -0.5886 -0.8084
vn -0.0000 -0.7764 -0.6302
vn -0.0000 0.5306 0.8476
vn -0.6345 -0.0000 0.7730
vn 0.6345 -0.0000 0.7730
vn 0.7276 -0.1978 0.6568
vn 0.8457 0.3565 0.3972
vn 0.8510 0.3746 0.3681
vn 0.7289 0.6170 0.2966
vn -0.0000 1.0000 0.0091
vn -0.0000 0.5385 0.8426
vn -0.6345 -0.0000 -0.7730
vn 0.6345 -0.0000 -0.7730
vn -0.7276 -0.1978 -0.6568
vn -0.8457 0.3565 -0.3972
vn -0.8510 0.3746 -0.3681
vn -0.7289 0.6170 -0.2966
vn -0.0000 -0.3529 0.9357
vn -0.7969 -0.5810 -0.1653
vn 0.4514 -0.3831 0.8059
vn -0.5733 -0.7029 -0.4211
vn -0.6495 -0.5357 0.5396
vn -0.9150 -0.1993 0.3508
vn -0.5207 0.8488 -0.0911
vn -0.8049 0.5601 -0.1960
vn -0.7194 -0.5637 -0.4058
vn -0.4462 -0.7945 -0.4119
vn -0.5610 -0.7116 -0.4230
vn 0.5610 -0.7116 -0.4230
vn -0.6823 0.2761 -0.6769
vn -0.6976 0.1425 -0.7021
vn -0.7116 0.1483 -0.6868
vn 0.4981 0.8059 0.3200
vn 0.6112 0.7141 0.3414
vn 0.7465 -0.5141 0.4223
vn 0.8623 -0.2242 0.4540
vn -0.0000 -0.3289 0.9444
vn -0.8470 -0.0860 -0.5246
vn -0.7191 -0.1977 -0.6662
vn -0.0000 -0.1147 -0.9934
vn -0.8042 0.0113 -0.5943
vn -0.5115 0.5392 -0.6691
vn -0.6448 0.6297 -0.4332
vn 0.5715 0.2135 -0.7924
vn 0.4363 0.0674 -0.8973
vn 0.3991 0.4198 -0.8152
vn -0.6644 -0.4276 0.6130
vn -0.7292 -0.5318 0.4307
vn -0.7443 -0.5317 0.4041
vn 0.5783 0.7448 -0.3329
vn -0.8797 0.3481 -0.3240
vn -0.3689 0.2266 0.9014
vn -0.4280 0.9012 -0.0682
vn 0.3689 0.2266 0.9014
vn 0.8797 0.3481 -0.3240
vn 0.7432 -0.1422 0.6537
vn 0.6790 0.3878 0.6234
vn 0.7587 0.4035 0.5114
vn 0.7407 -0.4751 -0.4751
vn 0.7691 -0.4365 -0.4668
vn 0.6131 -0.7823 0.1104
vn 0.7693 -0.1785 0.6135
vn 0.4264 0.2501 -0.8693
vn 0.6386 0.6092 -0.4702
vn -0.8272 -0.1142 0.5502
vn -0.7810 -0.3212 0.5355
vn -0.8101 -0.3674 0.4569
vn 1.0000 -0.0000 0.0016
vn -0.3497 -0.7810 -0.5174
vn 0.3497 -0.7810 -0.5174
vn 0.2999 -0.2870 -0.9098
vn -0.3497 -0.7810 0.5174
vn 0.3497 -0.7810 0.5174
vn 0.8063 -0.5911 0.0224
vn -0.0000 0.5385 -0.8426
vn -1.0000 -0.0000 -0.0016
vn 0.7032 0.0044 -0.7109
vn -0.0000 -0.0000 1.0000
vt 0.644531 0.609879
vt 0.588379 0.609879
vt 0.616699 0.781265
vt 0.517090 0.609879
vt 0.569824 0.356461
vt 0.590820 0.356461
vt 0.616699 0.297867
vt 0.712891 0.609879
vt 0.663574 0.356461
vt 0.642578 0.356461
vt 0.988281 0.497086
vt 0.944824 0.353531
vt 0.944824 0.497086
vt 0.859863 0.013199
vt 0.976562 0.267594
vt 0.976562 0.013199
vt 0.914551 0.343277
vt 0.750000 0.343277
vt 0.914551 0.703629
vt 0.859863 0.267594
vt 0.750000 0.703629
vt 0.014160 0.442886
vt 0.143066 0.956070
vt 0.267578 0.045426
vt 0.989258 0.837418
vt 0.832520 0.837418
vt 0.989258 0.972672
vt 0.832520 0.972672
vt 0.675781 0.837418
vt 0.675781 0.972672
vt 0.519043 0.837418
vt 0.519043 0.972672
vt 0.456543 0.905289
vt 0.425293 0.208023
vt 0.582031 0.208023
vt 0.425293 0.072769
vt 0.756348 0.208023
vt 0.756348 0.072769
vt 0.582031 0.072769
vt 0.261719 0.892105
vt 0.379883 0.956070
vt 0.508789 0.442886
vt 0.000000 0.994156
vt 0.931641 0.252441
vt 0.898438 0.213867
vt 0.926758 0.426270
vt 0.947266 0.336426
vt 0.898438 0.716309
vt 0.933105 0.680664
vt 0.926758 0.504395
vt 0.947266 0.595703
vt 0.892578 0.465332
vt 0.921875 0.465332
vt 0.035156 0.613770
vt 0.097656 0.509766
vt 0.088379 0.602539
vt 0.035156 0.317383
vt 0.097656 0.421387
vt 0.088379 0.328125
vt 0.530273 0.394043
vt 0.650879 0.409180
vt 0.097656 0.465332
vt 0.650879 0.465332
vt 0.859863 0.716797
vt 0.906738 0.773926
vt 0.953613 0.726074
vt 0.964844 0.628418
vt 0.962891 0.558594
vt 0.948730 0.497559
vt 0.857422 0.770508
vt 0.645508 0.564453
vt 0.650879 0.520996
vt 0.530273 0.543945
vt 0.123535 0.550293
vt 0.857422 0.164551
vt 0.859863 0.213867
vt 0.904785 0.161621
vt 0.952637 0.431152
vt 0.964844 0.371582
vt 0.964844 0.303223
vt 0.949219 0.207520
vt 0.645020 0.373535
vt 0.123535 0.380371
vt 0.666504 0.820312
vt 0.745117 0.752441
vt 0.709961 0.749023
vt 0.740723 0.706543
vt 0.520508 0.744141
vt 0.633789 0.755859
vt 0.720703 0.669434
vt 0.743164 0.627930
vt 0.347656 0.765625
vt 0.310059 0.666504
vt 0.318848 0.722656
vt 0.286621 0.697266
vt 0.433594 0.878418
vt 0.612793 0.867188
vt 0.474609 0.816895
vt 0.015625 0.678223
vt 0.028809 0.757812
vt 0.042969 0.691406
vt 0.038086 0.790527
vt 0.062500 0.712402
vt 0.064941 0.617188
vt 0.082031 0.640625
vt 0.081543 0.568359
vt 0.392090 0.778809
vt 0.409180 0.774902
vt 0.436523 0.826172
vt 0.407715 0.733398
vt 0.425781 0.645996
vt 0.469727 0.693359
vt 0.433594 0.681641
vt 0.409180 0.656738
vt 0.003418 0.599121
vt 0.016602 0.607910
vt 0.900879 0.302734
vt 0.885742 0.302734
vt 0.903320 0.283203
vt 0.905762 0.195801
vt 0.889160 0.176270
vt 0.913574 0.237793
vt 0.062012 0.235352
vt 0.062988 0.197266
vt 0.036133 0.229980
vt 0.314453 0.868652
vt 0.320312 0.920898
vt 0.341309 0.924805
vt 0.323242 0.859863
vt 0.240723 0.937500
vt 0.232910 0.991211
vt 0.245605 0.980469
vt 0.256348 0.973145
vt 0.903320 0.322266
vt 0.889160 0.429199
vt 0.906250 0.411133
vt 0.913574 0.368164
vt 0.062988 0.408203
vt 0.062012 0.370117
vt 0.036133 0.375488
vt 0.770508 0.863770
vt 0.764160 0.916016
vt 0.743164 0.920410
vt 0.761719 0.854980
vt 0.839355 0.975586
vt 0.828613 0.968262
vt 0.844238 0.932617
vt 0.852051 0.986328
vt 0.186523 0.567383
vt 0.145508 0.599609
vt 0.187012 0.630859
vt 0.924805 0.916504
vt 0.924316 0.839844
vt 0.941895 0.934570
vt 0.939941 0.793945
vt 0.937500 0.830078
vt 0.927246 0.947754
vt 0.929688 0.934570
vt 0.665039 0.773438
vt 0.687500 0.738281
vt 0.706543 0.636719
vt 0.676270 0.621094
vt 0.673828 0.654785
vt 0.673828 0.681641
vt 0.685059 0.693848
vt 0.698730 0.675781
vt 0.781250 0.562988
vt 0.761230 0.587891
vt 0.650879 0.754883
vt 0.852539 0.779297
vt 0.858398 0.736816
vt 0.868652 0.790527
vt 0.832031 0.777344
vt 0.805664 0.744629
vt 0.774414 0.622559
vt 0.775879 0.638672
vt 0.240234 0.643555
vt 0.250977 0.599609
vt 0.489258 0.665527
vt 0.511230 0.637695
vt 0.511230 0.693848
vt 0.372559 0.829102
vt 0.245117 0.687500
vt 0.072266 0.832031
vt 0.086914 0.790527
vt 0.501465 0.665527
vt 0.520996 0.639648
vt 0.540527 0.665527
vt 0.527344 0.709961
vt 0.520996 0.691406
vt 0.101562 0.664551
vt 0.122070 0.597656
vt 0.020996 0.951660
vt 0.041504 0.935547
vt 0.054199 0.944824
vt 0.014648 0.432617
vt 0.024902 0.516113
vt 0.036133 0.490723
vt 0.569336 0.923828
vt 0.569336 0.984375
vt 0.559570 0.923828
vt 0.662109 0.927734
vt 0.662109 0.988770
vt 0.669922 0.927734
vt 0.128418 0.630371
vt 0.128418 0.715820
vt 0.187012 0.687012
vt 0.069824 0.072266
vt 0.096680 0.027832
vt 0.666504 0.832520
vt 0.721680 0.794434
vt 0.499512 0.019531
vt 0.642578 0.018066
vt 0.621094 0.048828
vt 0.287598 0.991699
vt 0.330566 0.991699
vt 0.308105 0.948242
vt 0.006836 0.294922
vt 0.040039 0.294922
vt 0.023438 0.250488
vt 0.263184 0.931152
vt 0.258301 0.848145
vt 0.239746 0.886230
vt 0.031250 0.139648
vt 0.031250 0.185547
vt 0.005371 0.231445
vt 0.582031 0.984863
vt 0.582031 0.924805
vt 0.591309 0.924805
vt 0.207031 0.993652
vt 0.216309 0.993652
vt 0.216309 0.931152
vt 0.128418 0.866211
vt 0.128418 0.951660
vt 0.187012 0.895020
vt 0.433594 0.890625
vt 0.211426 0.031738
vt 0.238281 0.076172
vt 0.066406 0.324219
vt 0.794434 0.809570
vt 0.826172 0.843750
vt 0.836914 0.829102
vt 0.796875 0.987305
vt 0.754395 0.987305
vt 0.776855 0.943359
vt 0.892578 0.926758
vt 0.875000 0.993652
vt 0.909668 0.993652
vt 0.040039 0.312988
vt 0.007324 0.312988
vt 0.023438 0.357422
vt 0.967773 0.054688
vt 0.967773 0.101074
vt 0.994141 0.146484
vt 0.495605 0.537598
vt 0.495605 0.585449
vt 0.478516 0.537598
vt 0.066406 0.281250
vt 0.062988 0.005859
vt 0.037109 0.005859
vt 0.062988 0.027832
vt 0.703613 0.267090
vt 0.764648 0.274414
vt 0.243652 0.004395
vt 0.270020 0.004395
vt 0.243652 0.031738
vt 0.066406 0.302734
vt 0.764648 0.302734
vt 0.943848 0.855957
vt 0.932617 0.762695
vt 0.925293 0.740234
vt 0.913086 0.826172
vt 0.915039 0.770996
vt 0.899414 0.751953
vt 0.883301 0.821777
vt 0.841797 0.757812
vt 0.850098 0.802734
vt 0.815430 0.697266
vt 0.774414 0.739746
vt 0.649414 0.725586
vt 0.649902 0.679688
vt 0.632324 0.695801
vt 0.642090 0.653320
vt 0.656250 0.700195
vt 0.692871 0.712891
vt 0.869629 0.429199
vt 0.893066 0.458008
vt 0.916992 0.434082
vt 0.926758 0.385254
vt 0.921387 0.350098
vt 0.914551 0.319336
vt 0.868652 0.456543
vt 0.761719 0.353027
vt 0.764648 0.331055
vt 0.703613 0.342285
vt 0.079102 0.344238
vt 0.917969 0.904785
vt 0.909668 0.909180
vt 0.896973 0.857910
vt 0.892090 0.721680
vt 0.862793 0.691406
vt 0.821777 0.632324
vt 0.783691 0.646973
vt 0.868164 0.151367
vt 0.869629 0.176270
vt 0.892090 0.149902
vt 0.916504 0.285645
vt 0.923828 0.255859
vt 0.926758 0.221191
vt 0.914551 0.173340
vt 0.761230 0.256836
vt 0.356934 0.844238
vt 0.364258 0.896973
vt 0.392090 0.875000
vt 0.335938 0.849121
vt 0.335449 0.792480
vt 0.313965 0.790527
vt 0.356445 0.918945
vt 0.290039 0.814453
vt 0.288086 0.891113
vt 0.277344 0.967285
vt 0.728027 0.839355
vt 0.720703 0.892090
vt 0.692871 0.870117
vt 0.749023 0.844727
vt 0.749512 0.787598
vt 0.770996 0.785645
vt 0.728516 0.914062
vt 0.796875 0.886719
vt 0.821777 0.926270
vt 0.844727 0.881348
vt 0.807129 0.962891
vt 0.456543 0.811523
vt 0.462402 0.771973
vt 0.461426 0.718750
vt 0.457031 0.734863
vt 0.435547 0.701660
vt 0.417480 0.706543
vt 0.404297 0.698730
vt 0.393066 0.686523
vt 0.096680 0.005859
vt 0.037109 0.027832
vt 0.031250 0.072266
vt 0.004395 0.027832
vt 0.211426 0.004395
vt 0.270020 0.031738
vt 0.276855 0.076172
vt 0.303711 0.031738
vt 0.954102 0.809570
vt 0.974609 0.789551
vt 0.974609 0.809570
vt 0.996094 0.809570
vt 0.996094 0.789551
vt 0.954102 0.789551
vt 0.461426 0.009277
vt 0.471680 0.048828
vt 0.461426 0.048828
vt 0.461426 0.089355
vt 0.471680 0.089355
vt 0.471680 0.009277
vt 0.101074 0.885742
vt 0.085938 0.925293
vt 0.094238 0.884766
vt 0.076660 0.907715
vt 0.076660 0.961426
vt 0.051758 0.964355
vt 0.050293 0.911621
vt 0.302734 0.619629
vt 0.478027 0.746094
vt 0.499512 0.048828
vt 0.499512 0.080078
vt 0.600098 0.078125
vt 0.247559 0.833984
vt 0.270020 0.804688
vt 0.814941 0.799805
vt 0.974609 0.733887
vt 0.990723 0.733887
vt 0.975098 0.489746
vt 0.959961 0.733887
vt 0.960449 0.532715
vt 0.991699 0.447266
vt 0.897461 0.705078
vt 0.053223 0.829102
vt 0.051270 0.852051
vt 0.055176 0.879883
vt 0.909668 0.680664
vt 0.913574 0.644043
vt 0.941406 0.659668
vt 0.869141 0.634766
vt 0.050781 0.541504
vt 0.091797 0.841797
vt 0.088867 0.859863
vt 0.503906 0.537598
vt 0.520996 0.537598
vt 0.503906 0.585449
vt 0.520996 0.585449
vt 0.535156 0.537598
vt 0.535156 0.585449
vt 0.547363 0.537598
vt 0.547363 0.585449
vt 0.669434 0.726562
vt 0.657715 0.718750
vt 0.655762 0.747070
vt 0.676758 0.739746
vt 0.425293 0.791504
vt 0.445801 0.803711
vt 0.433594 0.775879
vt 0.445801 0.773926
vt 0.433594 0.735840
vt 0.527344 0.621582
vt 0.549316 0.639160
vt 0.549316 0.692383
vt 0.564453 0.649414
vt 0.564453 0.682129
vt 0.585938 0.665527
vt 0.666016 0.697754
vt 0.410156 0.772949
vt 0.233887 0.747070
vt 0.219727 0.764160
vt 0.100586 0.765625
vt 0.219727 0.791016
vt 0.100586 0.791016
vt 0.478516 0.585449
vt 0.461426 0.537598
vt 0.461426 0.585449
vt 0.447754 0.537598
vt 0.447754 0.585449
vt 0.375977 0.952148
vt 0.393066 0.981934
vt 0.393066 0.921387
vt 0.404297 0.921387
vt 0.404297 0.981934
vt 0.429199 0.921387
vt 0.429199 0.981934
vt 0.233887 0.834961
vt 0.219727 0.817383
vt 0.100586 0.815918
vt 0.439453 0.982422
vt 0.463867 0.982422
vt 0.439453 0.921875
vt 0.463867 0.921875
vt 0.475098 0.982422
vt 0.475098 0.921875
vt 0.492188 0.952637
vt 0.508789 0.923340
vt 0.541016 0.923828
vt 0.508789 0.984375
vt 0.541016 0.984375
vt 0.559570 0.984375
vt 0.591309 0.984863
vt 0.610352 0.984863
vt 0.610352 0.924805
vt 0.642578 0.984863
vt 0.642578 0.924316
vt 0.092285 0.725098
vt 0.207031 0.931152
vt 0.192871 0.993652
vt 0.192871 0.931152
vt 0.004395 0.005859
vt 0.601562 0.533691
vt 0.592773 0.533691
vt 0.601562 0.595215
vt 0.592773 0.595215
vt 0.562500 0.533691
vt 0.562500 0.595215
vt 0.303711 0.004395
vt 0.228027 0.538574
vt 0.213379 0.623047
vt 0.227539 0.657715
vt 0.957031 0.932617
vt 0.511230 0.718750
vt 0.511230 0.612793
vt 0.005371 0.096680
vt 0.079102 0.261230
vt 0.994141 0.011719
vt 0.669922 0.988770
vt 0.701172 0.927734
vt 0.701172 0.988770
vt 0.938965 0.302734
vt 0.930664 0.588379
vt 0.187012 0.368164
vt 0.187012 0.237305
vt 0.077148 0.153320
vt 0.483887 0.607910
vt 0.419434 0.607910
vt 0.347168 0.550293
vt 0.388672 0.619629
vt 0.077148 0.452637
vt 0.698730 0.512207
vt 0.187012 0.347168
vt 0.137695 0.556641
vt 0.260742 0.485840
vt 0.091309 0.539551
vt 0.938477 0.370605
vt 0.187012 0.259766
vt 0.982910 0.302734
vt 0.975586 0.253906
vt 0.930664 0.010742
vt 0.698730 0.090332
vt 0.391113 0.065430
vt 0.260742 0.119629
vt 0.468262 0.122559
vt 0.137695 0.048828
vt 0.091309 0.066406
vt 0.938477 0.230957
vt 0.468262 0.483398
vt 0.391113 0.540039
vt 0.975586 0.349609
vt 0.710938 0.557617
vt 0.994629 0.370605
vt 0.994629 0.230957
vt 0.624023 0.564941
vt 0.986328 0.924805
vt 0.957520 0.839844
vt 0.994629 0.854004
s 1
usemtl Brush.067
f 1/1/1 2/2/1 3/3/1
f 4/4/2 5/5/2 6/2/2
f 7/3/3 8/2/3 9/4/3
f 10/2/4 11/6/4 12/5/4
f 13/6/5 14/7/5 15/5/5
f 16/1/6 17/3/6 18/8/6
f 19/8/7 20/3/7 21/1/7
f 22/8/8 23/1/8 24/9/8
f 25/9/9 26/1/9 27/10/9
f 28/9/10 29/10/10 30/7/10
f 31/7/11 32/10/11 33/6/11
f 34/7/12 35/6/12 36/5/12
f 37/6/13 38/10/13 39/7/13
f 40/10/14 41/1/14 42/9/14
f 43/11/15 44/12/15 45/13/15
f 46/7/16 47/10/16 48/9/16
f 49/9/17 50/1/17 51/8/17
f 52/6/18 53/2/18 54/6/18
f 55/6/18 56/2/18 57/2/18
f 58/14/19 59/15/19 60/16/19
f 61/17/20 62/18/20 63/19/20
f 64/14/19 65/20/19 66/15/19
f 67/21/20 68/19/20 69/18/20
f 70/22/19 71/23/19 72/24/19
f 73/25/19 74/26/19 75/27/19
f 76/26/19 77/28/19 78/27/19
f 79/26/19 80/29/19 81/28/19
f 82/29/19 83/30/19 84/28/19
f 85/31/19 86/32/19 87/30/19
f 88/31/19 89/33/19 90/32/19
f 91/31/19 92/30/19 93/29/19
f 94/34/19 95/35/19 96/36/19
f 97/37/19 98/20/19 99/38/19
f 100/20/19 101/14/19 102/38/19
f 103/36/19 104/35/19 105/39/19
f 106/39/19 107/35/19 108/37/19
f 109/39/19 110/37/19 111/38/19
f 112/24/19 113/40/19 114/41/19
f 115/23/19 116/40/19 117/24/19
f 118/24/19 119/41/19 120/42/19
f 3076/14/70 3078/16/70 3077/15/70
f 3079/17/641 3081/19/641 3080/18/641
f 3082/14/70 3084/15/70 3083/20/70
f 3085/21/641 3087/18/641 3086/19/641
f 3088/22/70 3090/24/70 3089/23/70
f 3091/25/70 3093/27/70 3092/26/70
f 3094/26/70 3096/27/70 3095/28/70
f 3097/26/70 3099/28/70 3098/29/70
f 3100/29/70 3102/28/70 3101/30/70
f 3103/31/70 3105/30/70 3104/32/70
f 3106/31/70 3108/32/70 3107/33/70
f 3109/31/70 3111/29/70 3110/30/70
f 3112/34/70 3114/36/70 3113/35/70
f 3115/37/70 3117/38/70 3116/20/70
f 3118/20/70 3120/38/70 3119/14/70
f 3121/36/70 3123/39/70 3122/35/70
f 3124/39/70 3126/37/70 3125/35/70
f 3127/39/70 3129/38/70 3128/37/70
f 3130/24/70 3132/41/70 3131/40/70
f 3133/23/70 3135/24/70 3134/40/70
f 3136/24/70 3138/42/70 3137/41/70
usemtl Brush.068
f 121/43/21 122/43/21 123/43/21
f 124/43/22 125/43/22 126/43/22
f 127/43/23 128/43/23 129/43/23
f 130/43/24 131/43/24 132/43/24
f 133/43/24 134/43/24 135/43/24
f 136/43/15 137/43/15 138/43/15
f 139/43/25 140/43/25 141/43/25
usemtl Brush.069
f 142/44/19 143/45/19 144/46/19
f 145/47/19 146/44/19 147/46/19
f 148/48/19 149/49/19 150/50/19
f 151/49/19 152/51/19 153/50/19
f 154/52/26 155/46/26 156/53/26
f 157/54/27 158/55/27 159/56/27
f 160/50/28 161/52/28 162/53/28
f 163/57/29 164/58/29 165/59/29
f 166/58/30 167/60/30 168/61/30
f 169/62/19 170/55/19 171/63/19
f 172/64/31 173/48/31 174/65/31
f 175/48/32 176/66/32 177/65/32
f 178/48/33 179/49/33 180/66/33
f 181/49/34 182/67/34 183/66/34
f 184/49/35 185/51/35 186/67/35
f 187/51/36 188/68/36 189/67/36
f 190/51/37 191/50/37 192/68/37
f 193/50/38 194/69/38 195/68/38
f 196/50/39 197/53/39 198/69/39
f 199/53/40 200/50/40 201/69/40
f 202/53/41 203/52/41 204/50/41
f 205/52/19 206/48/19 207/50/19
f 208/52/19 209/64/19 210/48/19
f 211/64/42 212/65/42 213/48/42
f 214/64/43 215/70/43 216/65/43
f 217/70/44 218/64/44 219/65/44
f 220/70/45 221/71/45 222/64/45
f 223/71/46 224/72/46 225/64/46
f 226/71/47 227/73/47 228/72/47
f 229/73/48 230/55/48 231/72/48
f 232/73/49 233/74/49 234/55/49
f 235/74/50 236/56/50 237/55/50
f 238/74/51 239/55/51 240/56/51
f 241/55/52 242/54/52 243/56/52
f 244/75/53 245/76/53 246/77/53
f 247/76/54 248/45/54 249/77/54
f 250/76/19 251/52/19 252/45/19
f 253/52/19 254/46/19 255/45/19
f 256/52/55 257/53/55 258/46/55
f 259/53/56 260/78/56 261/46/56
f 262/53/57 263/46/57 264/78/57
f 265/46/58 266/79/58 267/78/58
f 268/46/59 269/47/59 270/79/59
f 271/47/60 272/80/60 273/79/60
f 274/47/61 275/44/61 276/80/61
f 277/44/62 278/81/62 279/80/62
f 280/44/63 281/45/63 282/81/63
f 283/45/64 284/77/64 285/81/64
f 286/45/65 287/76/65 288/77/65
f 289/76/66 290/75/66 291/77/66
f 292/76/67 293/82/67 294/75/67
f 295/82/68 296/76/68 297/75/68
f 298/82/69 299/61/69 300/76/69
f 301/61/19 302/52/19 303/76/19
f 304/61/19 305/63/19 306/52/19
f 307/47/70 308/46/70 309/44/70
f 310/46/70 311/45/70 312/44/70
f 313/46/70 314/52/70 315/45/70
f 316/52/70 317/76/70 318/45/70
f 319/52/70 320/61/70 321/76/70
f 322/61/71 323/82/71 324/76/71
f 325/61/72 326/60/72 327/82/72
f 328/60/73 329/61/73 330/82/73
f 331/60/74 332/58/74 333/61/74
f 334/58/19 335/63/19 336/61/19
f 337/58/19 338/62/19 339/63/19
f 340/78/75 341/79/75 342/46/75
f 343/79/76 344/47/76 345/46/76
f 346/79/77 347/80/77 348/47/77
f 349/80/78 350/44/78 351/47/78
f 352/80/79 353/81/79 354/44/79
f 355/81/80 356/45/80 357/44/80
f 358/81/81 359/77/81 360/45/81
f 361/65/82 362/66/82 363/48/82
f 364/66/83 365/49/83 366/48/83
f 367/66/84 368/67/84 369/49/84
f 370/67/85 371/51/85 372/49/85
f 373/67/86 374/68/86 375/51/86
f 376/68/87 377/50/87 378/51/87
f 379/68/88 380/69/88 381/50/88
f 382/74/89 383/73/89 384/55/89
f 385/73/90 386/72/90 387/55/90
f 388/73/91 389/71/91 390/72/91
f 391/71/92 392/64/92 393/72/92
f 394/71/93 395/70/93 396/64/93
f 397/72/70 398/52/70 399/64/70
f 400/52/70 401/48/70 402/64/70
f 403/52/70 404/50/70 405/48/70
f 406/50/70 407/49/70 408/48/70
f 409/50/70 410/51/70 411/49/70
f 412/57/94 413/59/94 414/58/94
f 415/59/95 416/83/95 417/58/95
f 418/59/96 419/58/96 420/83/96
f 421/55/19 422/72/19 423/63/19
f 424/72/19 425/52/19 426/63/19
f 427/72/19 428/64/19 429/52/19
f 430/62/70 431/63/70 432/55/70
f 433/63/70 434/72/70 435/55/70
f 436/63/70 437/52/70 438/72/70
f 439/52/70 440/63/70 441/61/70
f 442/63/70 443/58/70 444/61/70
f 445/63/70 446/62/70 447/58/70
f 448/58/97 449/60/97 450/83/97
f 451/83/98 452/60/98 453/58/98
usemtl Brush.070
f 454/84/99 455/85/99 456/86/99
f 457/86/100 458/85/100 459/87/100
f 460/84/101 461/88/101 462/89/101
f 463/84/102 464/84/102 465/88/102
f 466/86/103 467/90/103 468/87/103
f 469/90/104 470/91/104 471/87/104
f 472/92/105 473/93/105 474/94/105
f 475/95/106 476/94/106 477/93/106
f 478/96/107 479/96/107 480/97/107
f 481/96/108 482/98/108 483/97/108
f 484/99/109 485/100/109 486/101/109
f 487/100/110 488/102/110 489/101/110
f 490/103/111 491/104/111 492/105/111
f 493/104/112 494/106/112 495/105/112
f 496/107/113 497/108/113 498/109/113
f 499/108/114 500/107/114 501/110/114
f 502/111/115 503/112/115 504/113/115
f 505/111/116 506/113/116 507/114/116
f 508/99/117 509/115/117 510/101/117
f 511/115/118 512/116/118 513/101/118
f 514/117/119 515/118/119 516/119/119
f 517/118/120 518/119/120 519/117/120
f 520/120/19 521/121/19 522/119/19
f 523/122/19 524/120/19 525/119/19
f 526/123/121 527/124/121 528/125/121
f 529/125/122 530/124/122 531/123/122
f 532/126/123 533/127/123 534/128/123
f 535/129/124 536/126/124 537/128/124
f 538/130/125 539/131/125 540/132/125
f 541/133/126 542/130/126 543/132/126
f 544/118/120 545/117/120 546/134/120
f 547/117/119 548/134/119 549/118/119
f 550/135/19 551/136/19 552/134/19
f 553/136/19 554/137/19 555/134/19
f 556/138/127 557/139/127 558/140/127
f 559/138/128 560/140/128 561/139/128
f 562/141/129 563/142/129 564/143/129
f 565/144/130 566/141/130 567/143/130
f 568/145/131 569/146/131 570/147/131
f 571/148/132 572/145/132 573/147/132
f 574/149/133 575/150/133 576/151/133
f 577/152/134 578/153/134 579/154/134
f 580/155/135 581/153/135 582/156/135
f 583/157/136 584/154/136 585/158/136
f 586/86/137 587/159/137 588/160/137
f 589/161/138 590/162/138 591/163/138
f 592/164/139 593/165/139 594/166/139
f 595/167/140 596/168/140 597/87/140
f 598/169/141 599/89/141 600/159/141
f 601/170/142 602/171/142 603/172/142
f 604/173/143 605/174/143 606/174/143
f 607/175/144 608/176/144 609/87/144
f 610/93/145 611/177/145 612/178/145
f 613/179/146 614/180/146 615/181/146
f 616/96/147 617/182/147 618/92/147
f 619/183/148 620/95/148 621/177/148
f 622/184/149 623/185/149 624/103/149
f 625/186/150 626/180/150 627/187/150
f 628/188/151 629/189/151 630/190/151
f 631/191/152 632/192/152 633/105/152
f 634/193/153 635/194/153 636/195/153
f 637/196/154 638/197/154 639/198/154
f 640/199/155 641/200/155 642/201/155
f 643/202/156 644/203/156 645/204/156
f 646/205/157 647/206/157 648/207/157
f 649/206/158 650/205/158 651/207/158
f 652/208/159 653/209/159 654/208/159
f 655/84/160 656/210/160 657/211/160
f 658/212/161 659/213/161 660/214/161
f 661/118/26 662/119/26 663/117/26
f 664/215/19 665/216/19 666/217/19
f 667/218/162 668/219/162 669/220/162
f 670/221/163 671/222/163 672/223/163
f 673/224/164 674/225/164 675/226/164
f 676/227/165 677/228/165 678/229/165
f 679/230/166 680/231/166 681/232/166
f 682/233/167 683/234/167 684/235/167
f 685/234/168 686/233/168 687/235/168
f 688/182/169 689/96/169 690/236/169
f 691/237/170 692/238/170 693/238/170
f 694/236/171 695/96/171 696/182/171
f 697/140/27 698/239/27 699/139/27
f 700/134/28 701/118/28 702/117/28
f 703/240/172 704/241/172 705/242/172
f 706/243/70 707/244/70 708/245/70
f 709/246/173 710/247/173 711/248/173
f 712/249/174 713/250/174 714/251/174
f 715/252/164 716/253/164 717/254/164
f 718/248/175 719/247/175 720/246/175
f 721/255/176 722/256/176 723/257/176
f 724/125/29 725/258/29 726/123/29
f 727/259/177 728/260/177 729/261/177
f 730/258/30 731/262/30 732/263/30
f 733/264/178 734/265/178 735/266/178
f 736/267/19 737/239/19 738/268/19
f 739/157/179 740/158/179 741/154/179
f 742/158/180 743/152/180 744/154/180
f 745/158/181 746/154/181 747/152/181
f 748/154/182 749/153/182 750/152/182
f 751/154/183 752/269/183 753/153/183
f 754/269/184 755/156/184 756/153/184
f 757/269/185 758/153/185 759/156/185
f 760/153/186 761/155/186 762/156/186
f 763/153/187 764/270/187 765/155/187
f 766/270/188 767/153/188 768/155/188
f 769/270/189 770/271/189 771/153/189
f 772/271/190 773/272/190 774/153/190
f 775/271/191 776/273/191 777/272/191
f 778/273/192 779/274/192 780/272/192
f 781/273/193 782/272/193 783/274/193
f 784/272/194 785/171/194 786/274/194
f 787/272/195 788/275/195 789/171/195
f 790/275/196 791/172/196 792/171/196
f 793/275/197 794/171/197 795/172/197
f 796/171/198 797/170/198 798/172/198
f 799/171/199 800/276/199 801/170/199
f 802/276/200 803/277/200 804/170/200
f 805/276/201 806/173/201 807/277/201
f 808/173/202 809/276/202 810/277/202
f 811/173/203 812/174/203 813/276/203
f 814/174/204 815/278/204 816/276/204
f 817/174/205 818/279/205 819/278/205
f 820/279/206 821/87/206 822/278/206
f 823/279/207 824/85/207 825/87/207
f 826/85/208 827/86/208 828/87/208
f 829/85/209 830/84/209 831/86/209
f 832/84/210 833/159/210 834/86/210
f 835/84/211 836/89/211 837/159/211
f 838/89/212 839/169/212 840/159/212
f 841/89/213 842/280/213 843/169/213
f 844/280/214 845/89/214 846/169/214
f 847/280/215 848/281/215 849/89/215
f 850/281/216 851/282/216 852/89/216
f 853/281/217 854/283/217 855/282/217
f 856/283/218 857/281/218 858/282/218
f 859/283/219 860/163/219 861/281/219
f 862/163/220 863/284/220 864/281/220
f 865/163/221 866/164/221 867/284/221
f 868/164/222 869/163/222 870/284/222
f 871/164/223 872/166/223 873/163/223
f 874/166/224 875/161/224 876/163/224
f 877/166/225 878/90/225 879/161/225
f 880/90/226 881/166/226 882/161/226
f 883/90/227 884/86/227 885/166/227
f 886/86/228 887/285/228 888/166/228
f 889/86/229 890/160/229 891/285/229
f 892/160/230 893/86/230 894/285/230
f 895/160/231 896/159/231 897/86/231
f 898/159/232 899/84/232 900/86/232
f 901/159/233 902/89/233 903/84/233
f 904/89/234 905/88/234 906/84/234
f 907/89/235 908/282/235 909/88/235
f 910/282/236 911/89/236 912/88/236
f 913/282/237 914/281/237 915/89/237
f 916/281/238 917/280/238 918/89/238
f 919/281/239 920/284/239 921/280/239
f 922/284/240 923/281/240 924/280/240
f 925/284/241 926/163/241 927/281/241
f 928/163/242 929/283/242 930/281/242
f 931/163/243 932/162/243 933/283/243
f 934/162/244 935/163/244 936/283/244
f 937/162/245 938/161/245 939/163/245
f 940/161/246 941/166/246 942/163/246
f 943/286/31 944/135/31 945/287/31
f 946/135/32 947/288/32 948/287/32
f 949/135/33 950/136/33 951/288/33
f 952/136/34 953/289/34 954/288/34
f 955/136/35 956/137/35 957/289/35
f 958/137/36 959/290/36 960/289/36
f 961/137/37 962/134/37 963/290/37
f 964/134/38 965/291/38 966/290/38
f 967/134/39 968/117/39 969/291/39
f 970/117/40 971/134/40 972/291/40
f 973/117/41 974/118/41 975/134/41
f 976/118/19 977/135/19 978/134/19
f 979/118/19 980/286/19 981/135/19
f 982/286/42 983/287/42 984/135/42
f 985/286/43 986/292/43 987/287/43
f 988/292/44 989/286/44 990/287/44
f 991/292/45 992/293/45 993/286/45
f 994/293/46 995/294/46 996/286/46
f 997/293/47 998/295/47 999/294/47
f 1000/295/48 1001/239/48 1002/294/48
f 1003/295/49 1004/296/49 1005/239/49
f 1006/296/50 1007/139/50 1008/239/50
f 1009/296/51 1010/239/51 1011/139/51
f 1012/239/52 1013/140/52 1014/139/52
f 1015/153/247 1016/297/247 1017/152/247
f 1018/297/248 1019/153/248 1020/152/248
f 1021/297/249 1022/298/249 1023/153/249
f 1024/298/250 1025/272/250 1026/153/250
f 1027/298/251 1028/299/251 1029/272/251
f 1030/299/252 1031/275/252 1032/272/252
f 1033/299/253 1034/272/253 1035/275/253
f 1036/272/254 1037/171/254 1038/275/254
f 1039/272/255 1040/274/255 1041/171/255
f 1042/274/256 1043/300/256 1044/171/256
f 1045/274/257 1046/171/257 1047/300/257
f 1048/171/258 1049/301/258 1050/300/258
f 1051/171/259 1052/278/259 1053/301/259
f 1054/278/260 1055/302/260 1056/301/260
f 1057/278/261 1058/303/261 1059/302/261
f 1060/303/262 1061/278/262 1062/302/262
f 1063/303/263 1064/87/263 1065/278/263
f 1066/87/264 1067/279/264 1068/278/264
f 1069/87/265 1070/85/265 1071/279/265
f 1072/85/266 1073/279/266 1074/279/266
f 1075/85/266 1076/85/266 1077/279/266
f 1078/304/53 1079/305/53 1080/306/53
f 1081/305/54 1082/121/54 1083/306/54
f 1084/305/19 1085/118/19 1086/121/19
f 1087/118/19 1088/119/19 1089/121/19
f 1090/118/55 1091/117/55 1092/119/55
f 1093/117/56 1094/307/56 1095/119/56
f 1096/117/57 1097/119/57 1098/307/57
f 1099/119/58 1100/308/58 1101/307/58
f 1102/119/59 1103/122/59 1104/308/59
f 1105/122/267 1106/309/267 1107/308/267
f 1108/122/61 1109/120/61 1110/309/61
f 1111/120/62 1112/310/62 1113/309/62
f 1114/120/63 1115/121/63 1116/310/63
f 1117/121/64 1118/306/64 1119/310/64
f 1120/121/65 1121/305/65 1122/306/65
f 1123/305/66 1124/304/66 1125/306/66
f 1126/305/67 1127/311/67 1128/304/67
f 1129/311/68 1130/305/68 1131/304/68
f 1132/311/69 1133/263/69 1134/305/69
f 1135/263/19 1136/118/19 1137/305/19
f 1138/263/19 1139/268/19 1140/118/19
f 1141/312/268 1142/313/268 1143/314/268
f 1144/313/269 1145/312/269 1146/314/269
f 1147/313/270 1148/315/270 1149/312/270
f 1150/315/271 1151/316/271 1152/312/271
f 1153/315/272 1154/317/272 1155/316/272
f 1156/317/273 1157/315/273 1158/316/273
f 1159/317/274 1160/129/274 1161/315/274
f 1162/129/275 1163/318/275 1164/315/275
f 1165/129/276 1166/128/276 1167/318/276
f 1168/128/277 1169/129/277 1170/318/277
f 1171/128/278 1172/126/278 1173/129/278
f 1174/126/279 1175/319/279 1176/129/279
f 1177/126/280 1178/320/280 1179/319/280
f 1180/320/281 1181/222/281 1182/319/281
f 1183/320/282 1184/221/282 1185/222/282
f 1186/221/283 1187/223/283 1188/222/283
f 1189/221/284 1190/130/284 1191/223/284
f 1192/130/285 1193/221/285 1194/223/285
f 1195/130/286 1196/133/286 1197/221/286
f 1198/133/287 1199/321/287 1200/221/287
f 1201/322/288 1202/323/288 1203/324/288
f 1204/323/289 1205/322/289 1206/324/289
f 1207/323/290 1208/325/290 1209/322/290
f 1210/325/291 1211/326/291 1212/322/291
f 1213/325/292 1214/327/292 1215/326/292
f 1216/327/293 1217/325/293 1218/326/293
f 1219/327/294 1220/144/294 1221/325/294
f 1222/144/295 1223/328/295 1224/325/295
f 1225/144/296 1226/143/296 1227/328/296
f 1228/143/297 1229/144/297 1230/328/297
f 1231/143/298 1232/141/298 1233/144/298
f 1234/141/299 1235/240/299 1236/144/299
f 1237/141/300 1238/329/300 1239/240/300
f 1240/329/301 1241/241/301 1242/240/301
f 1243/329/302 1244/330/302 1245/241/302
f 1246/330/303 1247/331/303 1248/241/303
f 1249/330/304 1250/147/304 1251/331/304
f 1252/147/305 1253/330/305 1254/331/305
f 1255/147/306 1256/146/306 1257/330/306
f 1258/146/307 1259/332/307 1260/330/307
f 1261/163/308 1262/166/308 1263/164/308
f 1264/166/309 1265/165/309 1266/164/309
f 1267/166/310 1268/285/310 1269/165/310
f 1270/285/311 1271/166/311 1272/165/311
f 1273/285/312 1274/86/312 1275/166/312
f 1276/86/313 1277/90/313 1278/166/313
f 1279/86/314 1280/87/314 1281/90/314
f 1282/87/315 1283/91/315 1284/90/315
f 1285/87/316 1286/168/316 1287/91/316
f 1288/168/317 1289/87/317 1290/91/317
f 1291/168/318 1292/167/318 1293/87/318
f 1294/167/319 1295/175/319 1296/87/319
f 1297/167/320 1298/87/320 1299/175/320
f 1300/87/321 1301/176/321 1302/175/321
f 1303/87/322 1304/303/322 1305/176/322
f 1306/303/323 1307/87/323 1308/176/323
f 1309/303/324 1310/278/324 1311/87/324
f 1312/109/325 1313/98/325 1314/333/325
f 1315/98/326 1316/334/326 1317/333/326
f 1318/98/327 1319/335/327 1320/334/327
f 1321/335/328 1322/336/328 1323/334/328
f 1324/335/329 1325/113/329 1326/336/329
f 1327/113/330 1328/337/330 1329/336/330
f 1330/113/331 1331/338/331 1332/337/331
f 1333/338/332 1334/113/332 1335/337/332
f 1336/338/333 1337/339/333 1338/113/333
f 1339/339/334 1340/114/334 1341/113/334
f 1342/339/335 1343/340/335 1344/114/335
f 1345/340/336 1346/339/336 1347/114/336
f 1348/340/337 1349/107/337 1350/339/337
f 1351/107/338 1352/110/338 1353/339/338
f 1354/107/339 1355/108/339 1356/110/339
f 1357/341/340 1358/209/340 1359/259/340
f 1360/209/340 1361/261/340 1362/259/340
f 1363/209/341 1364/208/341 1365/261/341
f 1366/208/342 1367/342/342 1368/261/342
f 1369/208/343 1370/343/343 1371/342/343
f 1372/343/344 1373/344/344 1374/342/344
f 1375/343/345 1376/343/345 1377/344/345
f 1378/343/346 1379/342/346 1380/344/346
f 1381/343/347 1382/208/347 1383/342/347
f 1384/208/348 1385/261/348 1386/342/348
f 1387/208/349 1388/209/349 1389/261/349
f 1390/209/350 1391/259/350 1392/261/350
f 1393/209/350 1394/341/350 1395/259/350
f 1396/345/351 1397/237/351 1398/264/351
f 1399/237/351 1400/266/351 1401/264/351
f 1402/237/352 1403/238/352 1404/266/352
f 1405/238/353 1406/346/353 1407/266/353
f 1408/238/354 1409/347/354 1410/346/354
f 1411/347/355 1412/348/355 1413/346/355
f 1414/347/356 1415/347/356 1416/348/356
f 1417/347/357 1418/346/357 1419/348/357
f 1420/347/358 1421/238/358 1422/346/358
f 1423/238/359 1424/266/359 1425/346/359
f 1426/238/360 1427/237/360 1428/266/360
f 1429/237/361 1430/264/361 1431/266/361
f 1432/237/361 1433/345/361 1434/264/361
f 1435/122/70 1436/119/70 1437/120/70
f 1438/119/70 1439/121/70 1440/120/70
f 1441/119/70 1442/118/70 1443/121/70
f 1444/118/70 1445/305/70 1446/121/70
f 1447/118/70 1448/263/70 1449/305/70
f 1450/263/71 1451/311/71 1452/305/71
f 1453/263/72 1454/262/72 1455/311/72
f 1456/262/73 1457/263/73 1458/311/73
f 1459/262/74 1460/258/74 1461/263/74
f 1462/258/19 1463/268/19 1464/263/19
f 1465/258/19 1466/267/19 1467/268/19
f 1468/334/362 1469/98/362 1470/333/362
f 1471/98/363 1472/109/363 1473/333/363
f 1474/98/364 1475/96/364 1476/109/364
f 1477/96/365 1478/107/365 1479/109/365
f 1480/96/366 1481/92/366 1482/107/366
f 1483/92/367 1484/93/367 1485/107/367
f 1486/92/368 1487/94/368 1488/93/368
f 1489/94/369 1490/95/369 1491/93/369
f 1492/94/370 1493/94/370 1494/95/370
f 1495/94/370 1496/95/370 1497/95/370
f 1498/349/371 1499/350/371 1500/351/371
f 1501/350/372 1502/352/372 1503/351/372
f 1504/350/373 1505/353/373 1506/352/373
f 1507/353/374 1508/350/374 1509/352/374
f 1510/353/164 1511/350/164 1512/350/164
f 1513/350/164 1514/354/164 1515/350/164
f 1516/350/375 1517/349/375 1518/354/375
f 1519/349/376 1520/350/376 1521/354/376
f 1522/349/377 1523/351/377 1524/350/377
f 1525/351/378 1526/352/378 1527/350/378
f 1528/355/371 1529/356/371 1530/357/371
f 1531/356/372 1532/358/372 1533/357/372
f 1534/356/379 1535/359/379 1536/358/379
f 1537/359/380 1538/356/380 1539/358/380
f 1540/359/164 1541/356/164 1542/356/164
f 1543/356/164 1544/360/164 1545/356/164
f 1546/356/381 1547/355/381 1548/360/381
f 1549/355/382 1550/356/382 1551/360/382
f 1552/355/377 1553/357/377 1554/356/377
f 1555/357/378 1556/358/378 1557/356/378
f 1558/361/383 1559/362/383 1560/363/383
f 1561/362/384 1562/364/384 1563/363/384
f 1564/362/385 1565/365/385 1566/364/385
f 1567/365/386 1568/195/386 1569/364/386
f 1570/365/387 1571/366/387 1572/195/387
f 1573/366/388 1574/193/388 1575/195/388
f 1576/366/389 1577/195/389 1578/193/389
f 1579/195/390 1580/194/390 1581/193/390
f 1582/195/391 1583/367/391 1584/194/391
f 1585/95/392 1586/93/392 1587/177/392
f 1588/93/393 1589/178/393 1590/177/393
f 1591/93/394 1592/368/394 1593/178/394
f 1594/368/395 1595/93/395 1596/178/395
f 1597/368/396 1598/340/396 1599/93/396
f 1600/340/397 1601/107/397 1602/93/397
f 1603/340/398 1604/339/398 1605/107/398
f 1606/339/399 1607/110/399 1608/107/399
f 1609/339/400 1610/338/400 1611/110/400
f 1612/336/401 1613/335/401 1614/334/401
f 1615/335/402 1616/98/402 1617/334/402
f 1618/335/403 1619/369/403 1620/98/403
f 1621/369/404 1622/97/404 1623/98/404
f 1624/369/405 1625/98/405 1626/97/405
f 1627/98/406 1628/96/406 1629/97/406
f 1630/98/407 1631/109/407 1632/96/407
f 1633/109/408 1634/107/408 1635/96/408
f 1636/109/409 1637/108/409 1638/107/409
f 1639/359/410 1640/370/410 1641/356/410
f 1642/370/411 1643/360/411 1644/356/411
f 1645/370/412 1646/212/412 1647/360/412
f 1648/212/413 1649/370/413 1650/360/413
f 1651/212/414 1652/214/414 1653/370/414
f 1654/214/415 1655/371/415 1656/370/415
f 1657/214/416 1658/372/416 1659/371/416
f 1660/372/417 1661/214/417 1662/371/417
f 1663/319/418 1664/373/418 1665/374/418
f 1666/373/419 1667/319/419 1668/374/419
f 1669/373/420 1670/222/420 1671/319/420
f 1672/222/421 1673/320/421 1674/319/421
f 1675/222/422 1676/221/422 1677/320/422
f 1678/221/423 1679/217/423 1680/320/423
f 1681/221/19 1682/321/19 1683/217/19
f 1684/321/19 1685/215/19 1686/217/19
f 1687/243/70 1688/245/70 1689/332/70
f 1690/245/70 1691/330/70 1692/332/70
f 1693/245/424 1694/329/424 1695/330/424
f 1696/329/425 1697/241/425 1698/330/425
f 1699/329/426 1700/240/426 1701/241/426
f 1702/240/427 1703/242/427 1704/241/427
f 1705/240/428 1706/375/428 1707/242/428
f 1708/375/429 1709/240/429 1710/242/429
f 1711/354/430 1712/376/430 1713/350/430
f 1714/376/431 1715/353/431 1716/350/431
f 1717/376/432 1718/377/432 1719/353/432
f 1720/377/433 1721/376/433 1722/353/433
f 1723/377/434 1724/378/434 1725/376/434
f 1726/378/435 1727/379/435 1728/376/435
f 1729/378/436 1730/380/436 1731/379/436
f 1732/380/437 1733/378/437 1734/379/437
f 1735/353/410 1736/376/410 1737/350/410
f 1738/376/411 1739/354/411 1740/350/411
f 1741/376/412 1742/379/412 1743/354/412
f 1744/379/413 1745/376/413 1746/354/413
f 1747/379/438 1748/378/438 1749/376/438
f 1750/378/439 1751/377/439 1752/376/439
f 1753/378/440 1754/381/440 1755/377/440
f 1756/381/441 1757/378/441 1758/377/441
f 1759/173/442 1760/276/442 1761/174/442
f 1762/276/443 1763/278/443 1764/174/443
f 1765/276/444 1766/171/444 1767/278/444
f 1768/171/445 1769/301/445 1770/278/445
f 1771/171/446 1772/300/446 1773/301/446
f 1774/300/447 1775/382/447 1776/301/447
f 1777/300/448 1778/301/448 1779/382/448
f 1780/102/449 1781/184/449 1782/383/449
f 1783/184/450 1784/384/450 1785/383/450
f 1786/184/451 1787/364/451 1788/384/451
f 1789/364/452 1790/385/452 1791/384/452
f 1792/364/453 1793/195/453 1794/385/453
f 1795/195/454 1796/367/454 1797/385/454
f 1798/195/455 1799/194/455 1800/367/455
f 1801/307/75 1802/308/75 1803/119/75
f 1804/308/76 1805/122/76 1806/119/76
f 1807/308/77 1808/309/77 1809/122/77
f 1810/309/78 1811/120/78 1812/122/78
f 1813/309/79 1814/310/79 1815/120/79
f 1816/310/80 1817/121/80 1818/120/80
f 1819/310/81 1820/306/81 1821/121/81
f 1822/148/456 1823/147/456 1824/145/456
f 1825/147/457 1826/146/457 1827/145/457
f 1828/147/458 1829/330/458 1830/146/458
f 1831/330/459 1832/332/459 1833/146/459
f 1834/330/19 1835/245/19 1836/332/19
f 1837/245/19 1838/243/19 1839/332/19
f 1840/245/19 1841/244/19 1842/243/19
f 1843/131/460 1844/130/460 1845/132/460
f 1846/130/461 1847/133/461 1848/132/461
f 1849/130/462 1850/221/462 1851/133/462
f 1852/221/463 1853/321/463 1854/133/463
f 1855/221/70 1856/217/70 1857/321/70
f 1858/217/70 1859/215/70 1860/321/70
f 1861/217/70 1862/216/70 1863/215/70
f 1864/326/464 1865/325/464 1866/322/464
f 1867/325/465 1868/323/465 1869/322/465
f 1870/325/466 1871/328/466 1872/323/466
f 1873/328/467 1874/325/467 1875/323/467
f 1876/328/468 1877/144/468 1878/325/468
f 1879/144/469 1880/327/469 1881/325/469
f 1882/144/470 1883/240/470 1884/327/470
f 1885/316/471 1886/315/471 1887/312/471
f 1888/315/472 1889/313/472 1890/312/472
f 1891/315/473 1892/318/473 1893/313/473
f 1894/318/474 1895/315/474 1896/313/474
f 1897/318/475 1898/129/475 1899/315/475
f 1900/129/476 1901/317/476 1902/315/476
f 1903/129/477 1904/319/477 1905/317/477
f 1906/287/82 1907/288/82 1908/135/82
f 1909/288/83 1910/136/83 1911/135/83
f 1912/288/84 1913/289/84 1914/136/84
f 1915/289/85 1916/137/85 1917/136/85
f 1918/289/478 1919/290/478 1920/137/478
f 1921/290/87 1922/134/87 1923/137/87
f 1924/290/88 1925/291/88 1926/134/88
f 1927/386/479 1928/387/479 1929/388/479
f 1930/387/480 1931/386/480 1932/388/480
f 1933/387/481 1934/389/481 1935/386/481
f 1936/389/482 1937/301/482 1938/386/482
f 1939/389/483 1940/302/483 1941/301/483
f 1942/302/484 1943/278/484 1944/301/484
f 1945/383/485 1946/184/485 1947/102/485
f 1948/184/486 1949/101/486 1950/102/486
f 1951/184/487 1952/103/487 1953/101/487
f 1954/103/488 1955/104/488 1956/101/488
f 1957/103/489 1958/105/489 1959/104/489
f 1960/105/490 1961/106/490 1962/104/490
f 1963/99/491 1964/101/491 1965/115/491
f 1966/101/492 1967/116/492 1968/115/492
f 1969/101/493 1970/104/493 1971/116/493
f 1972/104/494 1973/197/494 1974/116/494
f 1975/104/495 1976/390/495 1977/197/495
f 1978/390/496 1979/198/496 1980/197/496
f 1981/185/497 1982/184/497 1983/391/497
f 1984/184/498 1985/392/498 1986/391/498
f 1987/184/499 1988/364/499 1989/392/499
f 1990/364/500 1991/363/500 1992/392/500
f 1993/364/501 1994/362/501 1995/363/501
f 1996/362/502 1997/361/502 1998/363/502
f 1999/391/503 2000/184/503 2001/185/503
f 2002/184/504 2003/103/504 2004/185/504
f 2005/184/505 2006/101/505 2007/103/505
f 2008/101/506 2009/104/506 2010/103/506
f 2011/101/507 2012/116/507 2013/104/507
f 2014/116/508 2015/197/508 2016/104/508
f 2017/98/509 2018/369/509 2019/335/509
f 2020/369/510 2021/112/510 2022/335/510
f 2023/369/511 2024/335/511 2025/112/511
f 2026/335/512 2027/113/512 2028/112/512
f 2029/335/513 2030/336/513 2031/113/513
f 2032/336/514 2033/337/514 2034/113/514
f 2035/360/430 2036/370/430 2037/356/430
f 2038/370/431 2039/359/431 2040/356/431
f 2041/370/432 2042/371/432 2043/359/432
f 2044/371/433 2045/370/433 2046/359/433
f 2047/371/515 2048/214/515 2049/370/515
f 2050/214/516 2051/212/516 2052/370/516
f 2053/393/517 2054/394/517 2055/395/517
f 2056/394/517 2057/396/517 2058/395/517
f 2059/394/518 2060/397/518 2061/396/518
f 2062/397/518 2063/398/518 2064/396/518
f 2065/397/519 2066/399/519 2067/398/519
f 2068/399/519 2069/400/519 2070/398/519
f 2071/401/70 2072/402/70 2073/403/70
f 2074/404/70 2075/403/70 2076/159/70
f 2077/405/19 2078/406/19 2079/109/19
f 2080/407/19 2081/408/19 2082/406/19
f 2083/407/19 2084/409/19 2085/408/19
f 2086/84/520 2087/211/520 2088/85/520
f 2089/211/521 2090/85/521 2091/85/521
f 2092/211/521 2093/211/521 2094/85/521
f 2095/211/522 2096/84/522 2097/85/522
f 2098/211/169 2099/210/169 2100/84/169
f 2101/368/523 2102/93/523 2103/340/523
f 2104/93/524 2105/107/524 2106/340/524
f 2107/93/525 2108/92/525 2109/107/525
f 2110/92/526 2111/96/526 2112/107/526
f 2113/92/527 2114/182/527 2115/96/527
f 2116/383/528 2117/384/528 2118/184/528
f 2119/384/529 2120/364/529 2121/184/529
f 2122/384/530 2123/385/530 2124/364/530
f 2125/385/531 2126/195/531 2127/364/531
f 2128/385/532 2129/367/532 2130/195/532
f 2131/410/533 2132/411/533 2133/189/533
f 2134/411/533 2135/412/533 2136/189/533
f 2137/411/534 2138/413/534 2139/412/534
f 2140/413/534 2141/414/534 2142/412/534
f 2143/413/535 2144/415/535 2145/414/535
f 2146/160/70 2147/404/70 2148/159/70
f 2149/404/70 2150/401/70 2151/403/70
f 2152/401/70 2153/416/70 2154/402/70
f 2155/407/19 2156/406/19 2157/405/19
f 2158/405/19 2159/109/19 2160/417/19
f 2161/207/536 2162/206/536 2163/418/536
f 2164/206/19 2165/419/19 2166/418/19
f 2167/206/19 2168/420/19 2169/419/19
f 2170/420/19 2171/421/19 2172/419/19
f 2173/420/19 2174/422/19 2175/421/19
f 2176/256/176 2177/423/176 2178/257/176
f 2179/423/537 2180/424/537 2181/257/537
f 2182/423/537 2183/425/537 2184/424/537
f 2185/425/538 2186/426/538 2187/424/538
f 2188/425/538 2189/427/538 2190/426/538
f 2191/296/89 2192/295/89 2193/239/89
f 2194/295/90 2195/294/90 2196/239/90
f 2197/295/91 2198/293/91 2199/294/91
f 2200/293/92 2201/286/92 2202/294/92
f 2203/293/93 2204/292/93 2205/286/93
f 2206/317/539 2207/319/539 2208/129/539
f 2209/319/540 2210/126/540 2211/129/540
f 2212/319/541 2213/320/541 2214/126/541
f 2215/320/542 2216/127/542 2217/126/542
f 2218/320/543 2219/217/543 2220/127/543
f 2221/428/544 2222/429/544 2223/430/544
f 2224/429/545 2225/431/545 2226/430/545
f 2227/429/545 2228/432/545 2229/431/545
f 2230/432/546 2231/433/546 2232/431/546
f 2233/432/546 2234/434/546 2235/433/546
f 2236/235/547 2237/233/547 2238/435/547
f 2239/233/70 2240/436/70 2241/435/70
f 2242/233/70 2243/437/70 2244/436/70
f 2245/437/70 2246/421/70 2247/436/70
f 2248/437/70 2249/422/70 2250/421/70
f 2251/422/19 2252/437/19 2253/421/19
f 2254/437/19 2255/436/19 2256/421/19
f 2257/437/19 2258/233/19 2259/436/19
f 2260/233/19 2261/435/19 2262/436/19
f 2263/233/548 2264/235/548 2265/435/548
f 2266/294/70 2267/118/70 2268/286/70
f 2269/118/70 2270/135/70 2271/286/70
f 2272/118/70 2273/134/70 2274/135/70
f 2275/134/70 2276/136/70 2277/135/70
f 2278/134/70 2279/137/70 2280/136/70
f 2281/327/549 2282/240/549 2283/144/549
f 2284/240/550 2285/141/550 2286/144/550
f 2287/240/551 2288/329/551 2289/141/551
f 2290/329/552 2291/142/552 2292/141/552
f 2293/329/553 2294/245/553 2295/142/553
f 2296/438/554 2297/439/554 2298/440/554
f 2299/439/554 2300/441/554 2301/440/554
f 2302/439/555 2303/442/555 2304/441/555
f 2305/442/555 2306/443/555 2307/441/555
f 2308/442/556 2309/444/556 2310/443/556
f 2311/422/70 2312/420/70 2313/421/70
f 2314/420/70 2315/419/70 2316/421/70
f 2317/420/70 2318/206/70 2319/419/70
f 2320/206/70 2321/418/70 2322/419/70
f 2323/206/557 2324/207/557 2325/418/557
f 2326/445/164 2327/446/164 2328/447/164
f 2329/446/164 2330/448/164 2331/447/164
f 2332/446/558 2333/201/558 2334/448/558
f 2335/201/558 2336/449/558 2337/448/558
f 2338/201/155 2339/200/155 2340/449/155
f 2341/227/165 2342/229/165 2343/450/165
f 2344/229/559 2345/451/559 2346/450/559
f 2347/229/559 2348/452/559 2349/451/559
f 2350/452/164 2351/453/164 2352/451/164
f 2353/452/164 2354/454/164 2355/453/164
f 2356/185/560 2357/103/560 2358/455/560
f 2359/103/561 2360/191/561 2361/455/561
f 2362/103/562 2363/105/562 2364/191/562
f 2365/105/563 2366/192/563 2367/191/563
f 2368/94/564 2369/92/564 2370/94/564
f 2371/92/564 2372/92/564 2373/94/564
f 2374/92/565 2375/182/565 2376/92/565
f 2377/182/565 2378/182/565 2379/92/565
f 2380/231/566 2381/230/566 2382/232/566
f 2383/230/566 2384/456/566 2385/232/566
f 2386/230/15 2387/457/15 2388/456/15
f 2389/457/15 2390/458/15 2391/456/15
f 2392/261/177 2393/260/177 2394/342/177
f 2395/260/567 2396/344/567 2397/342/567
f 2398/260/567 2399/459/567 2400/344/567
f 2401/459/568 2402/260/568 2403/344/568
f 2404/221/569 2405/320/569 2406/217/569
f 2407/320/570 2408/127/570 2409/217/570
f 2410/320/571 2411/126/571 2412/127/571
f 2413/126/572 2414/128/572 2415/127/572
f 2416/460/573 2417/461/573 2418/462/573
f 2419/461/573 2420/463/573 2421/462/573
f 2422/461/574 2423/464/574 2424/463/574
f 2425/464/574 2426/465/574 2427/463/574
f 2428/265/575 2429/348/575 2430/466/575
f 2431/348/576 2432/265/576 2433/466/576
f 2434/348/576 2435/346/576 2436/265/576
f 2437/346/178 2438/266/178 2439/265/178
f 2440/330/577 2441/329/577 2442/245/577
f 2443/329/578 2444/142/578 2445/245/578
f 2446/329/579 2447/141/579 2448/142/579
f 2449/141/580 2450/143/580 2451/142/580
f 2452/149/581 2453/151/581 2454/467/581
f 2455/151/582 2456/468/582 2457/467/582
f 2458/151/583 2459/469/583 2460/468/583
f 2461/277/584 2462/276/584 2463/170/584
f 2464/276/585 2465/171/585 2466/170/585
f 2467/276/586 2468/278/586 2469/171/586
f 2470/273/587 2471/271/587 2472/272/587
f 2473/271/588 2474/153/588 2475/272/588
f 2476/271/589 2477/270/589 2478/153/589
f 2479/153/590 2480/269/590 2481/154/590
f 2482/269/591 2483/470/591 2484/154/591
f 2485/269/592 2486/154/592 2487/470/592
f 2488/302/593 2489/389/593 2490/301/593
f 2491/389/594 2492/386/594 2493/301/594
f 2494/389/595 2495/387/595 2496/386/595
f 2497/299/596 2498/298/596 2499/272/596
f 2500/298/597 2501/153/597 2502/272/597
f 2503/298/598 2504/297/598 2505/153/598
f 2506/278/599 2507/279/599 2508/174/599
f 2509/279/600 2510/174/600 2511/174/600
f 2512/279/600 2513/279/600 2514/174/600
f 2515/93/601 2516/95/601 2517/177/601
f 2518/95/602 2519/183/602 2520/177/602
f 2521/95/603 2522/95/603 2523/183/603
f 2524/391/604 2525/392/604 2526/184/604
f 2527/392/605 2528/364/605 2529/184/605
f 2530/392/606 2531/363/606 2532/364/606
f 2533/105/607 2534/103/607 2535/191/607
f 2536/103/608 2537/455/608 2538/191/608
f 2539/103/609 2540/185/609 2541/455/609
f 2542/99/610 2543/101/610 2544/100/610
f 2545/101/611 2546/102/611 2547/100/611
f 2548/101/612 2549/184/612 2550/102/612
f 2551/186/613 2552/190/613 2553/181/613
f 2554/190/614 2555/471/614 2556/181/614
f 2557/190/615 2558/189/615 2559/471/615
f 2560/188/616 2561/187/616 2562/410/616
f 2563/187/617 2564/472/617 2565/410/617
f 2566/187/618 2567/180/618 2568/472/618
f 2569/114/619 2570/113/619 2571/111/619
f 2572/113/620 2573/112/620 2574/111/620
f 2575/113/621 2576/335/621 2577/112/621
f 2578/366/622 2579/365/622 2580/195/622
f 2581/365/623 2582/364/623 2583/195/623
f 2584/365/624 2585/362/624 2586/364/624
f 2587/114/625 2588/339/625 2589/113/625
f 2590/339/626 2591/338/626 2592/113/626
f 2593/339/627 2594/110/627 2595/338/627
f 2596/104/628 2597/197/628 2598/390/628
f 2599/197/629 2600/198/629 2601/390/629
f 2602/197/630 2603/196/630 2604/198/630
f 2605/224/164 2606/226/164 2607/473/164
f 2608/226/164 2609/224/164 2610/473/164
f 2611/226/164 2612/225/164 2613/224/164
f 2614/344/568 2615/260/568 2616/342/568
f 2617/260/631 2618/261/631 2619/342/631
f 2620/260/631 2621/259/631 2622/261/631
f 2623/125/94 2624/123/94 2625/258/94
f 2626/123/95 2627/474/95 2628/258/95
f 2629/123/96 2630/258/96 2631/474/96
f 2632/222/632 2633/373/632 2634/223/632
f 2635/373/633 2636/222/633 2637/223/633
f 2638/373/634 2639/319/634 2640/222/634
f 2641/252/164 2642/254/164 2643/475/164
f 2644/254/164 2645/252/164 2646/475/164
f 2647/254/164 2648/253/164 2649/252/164
f 2650/239/19 2651/294/19 2652/268/19
f 2653/294/19 2654/118/19 2655/268/19
f 2656/294/19 2657/286/19 2658/118/19
f 2659/267/70 2660/268/70 2661/239/70
f 2662/268/70 2663/294/70 2664/239/70
f 2665/268/70 2666/118/70 2667/294/70
f 2668/241/635 2669/331/635 2670/242/635
f 2671/331/636 2672/241/636 2673/242/636
f 2674/331/637 2675/330/637 2676/241/637
f 2677/203/156 2678/476/156 2679/204/156
f 2680/476/638 2681/477/638 2682/204/638
f 2683/476/638 2684/478/638 2685/477/638
f 2686/118/70 2687/268/70 2688/263/70
f 2689/268/70 2690/258/70 2691/263/70
f 2692/268/70 2693/267/70 2694/258/70
f 2695/232/166 2696/456/166 2697/230/166
f 2698/456/15 2699/457/15 2700/230/15
f 2701/456/15 2702/458/15 2703/457/15
f 2704/348/575 2705/265/575 2706/346/575
f 2707/265/639 2708/266/639 2709/346/639
f 2710/265/639 2711/264/639 2712/266/639
f 2713/258/97 2714/262/97 2715/474/97
f 2716/474/98 2717/262/98 2718/258/98
f 2719/307/19 2720/479/19 2721/308/19
f 2722/287/19 2723/292/19 2724/480/19
f 2725/213/640 2726/212/640 2727/214/640
f 2728/481/19 2729/139/19 2730/138/19
f 2731/123/19 2732/482/19 2733/124/19
f 2734/482/19 2735/483/19 2736/124/19
f 2737/112/70 2738/484/70 2739/111/70
f 2740/485/70 2741/111/70 2742/484/70
f 2743/368/19 2744/486/19 2745/487/19
f 2746/340/19 2747/368/19 2748/487/19
f 2749/481/19 2750/138/19 2751/488/19
f 2752/489/19 2753/480/19 2754/292/19
f 2755/295/19 2756/490/19 2757/481/19
f 2758/291/19 2759/290/19 2760/479/19
f 2761/491/19 2762/492/19 2763/493/19
f 2764/289/19 2765/288/19 2766/494/19
f 2767/495/19 2768/262/19 2769/482/19
f 2770/496/19 2771/497/19 2772/479/19
f 2773/304/19 2774/498/19 2775/499/19
f 2776/500/19 2777/501/19 2778/502/19
f 2779/503/19 2780/504/19 2781/501/19
f 2782/309/19 2783/505/19 2784/310/19
f 2785/480/19 2786/288/19 2787/287/19
f 2788/506/19 2789/492/19 2790/507/19
f 2791/479/19 2792/508/19 2793/496/19
f 2794/161/19 2795/162/19 2796/509/19
f 2797/492/19 2798/506/19 2799/481/19
f 2800/506/19 2801/295/19 2802/481/19
f 2803/489/19 2804/293/19 2805/295/19
f 2806/304/19 2807/499/19 2808/311/19
f 2809/499/19 2810/262/19 2811/311/19
f 2812/502/19 2813/482/19 2814/262/19
f 2815/501/19 2816/483/19 2817/482/19
f 2818/501/19 2819/504/19 2820/483/19
f 2821/501/19 2822/482/19 2823/502/19
f 2824/502/19 2825/262/19 2826/499/19
f 2827/292/19 2828/293/19 2829/489/19
f 2830/489/19 2831/295/19 2832/506/19
f 2833/492/19 2834/481/19 2835/488/19
f 2836/492/19 2837/488/19 2838/493/19
f 2839/289/19 2840/494/19 2841/290/19
f 2842/494/19 2843/508/19 2844/479/19
f 2845/510/19 2846/494/19 2847/288/19
f 2848/498/19 2849/310/19 2850/511/19
f 2851/310/19 2852/505/19 2853/511/19
f 2854/162/19 2855/512/19 2856/509/19
f 2857/283/19 2858/282/19 2859/512/19
f 2860/309/19 2861/308/19 2862/505/19
f 2863/310/19 2864/498/19 2865/306/19
f 2866/480/19 2867/510/19 2868/288/19
f 2869/498/19 2870/304/19 2871/306/19
f 2872/479/19 2873/505/19 2874/308/19
f 2875/479/19 2876/497/19 2877/505/19
f 2878/479/19 2879/290/19 2880/494/19
f 2881/512/19 2882/162/19 2883/283/19
f 2884/470/70 2885/513/70 2886/269/70
f 2887/513/70 2888/514/70 2889/269/70
f 2890/513/70 2891/515/70 2892/514/70
f 2893/89/101 2895/84/101 2894/88/101
f 2896/89/236 2898/88/236 2897/282/236
f 2899/369/404 2901/97/404 2900/98/404
f 2902/98/108 2904/97/108 2903/96/108
f 2905/307/70 2907/308/70 2906/479/70
f 2908/287/70 2910/480/70 2909/292/70
f 2911/481/70 2913/138/70 2912/139/70
f 2914/123/70 2916/124/70 2915/482/70
f 2917/482/70 2919/124/70 2918/483/70
f 2920/481/70 2922/488/70 2921/138/70
f 2923/489/70 2925/292/70 2924/480/70
f 2926/295/70 2928/481/70 2927/490/70
f 2929/291/70 2931/479/70 2930/290/70
f 2932/491/70 2934/493/70 2933/492/70
f 2935/289/70 2937/494/70 2936/288/70
f 2938/495/70 2940/482/70 2939/262/70
f 2941/496/70 2943/479/70 2942/497/70
f 2944/304/70 2946/499/70 2945/498/70
f 2947/500/70 2949/502/70 2948/501/70
f 2950/503/70 2952/501/70 2951/504/70
f 2953/309/70 2955/310/70 2954/505/70
f 2956/480/70 2958/287/70 2957/288/70
f 2959/506/70 2961/507/70 2960/492/70
f 2962/479/70 2964/496/70 2963/508/70
f 2965/161/70 2967/509/70 2966/162/70
f 2968/492/70 2970/481/70 2969/506/70
f 2971/506/70 2973/481/70 2972/295/70
f 2974/489/70 2976/295/70 2975/293/70
f 2977/304/70 2979/311/70 2978/499/70
f 2980/499/70 2982/311/70 2981/262/70
f 2983/502/70 2985/262/70 2984/482/70
f 2986/501/70 2988/482/70 2987/483/70
f 2989/501/70 2991/483/70 2990/504/70
f 2992/501/70 2994/502/70 2993/482/70
f 2995/502/70 2997/499/70 2996/262/70
f 2998/292/70 3000/489/70 2999/293/70
f 3001/489/70 3003/506/70 3002/295/70
f 3004/492/70 3006/488/70 3005/481/70
f 3007/492/70 3009/493/70 3008/488/70
f 3010/289/70 3012/290/70 3011/494/70
f 3013/494/70 3015/479/70 3014/508/70
f 3016/510/70 3018/288/70 3017/494/70
f 3019/498/70 3021/511/70 3020/310/70
f 3022/310/70 3024/511/70 3023/505/70
f 3025/162/70 3027/509/70 3026/512/70
f 3028/283/70 3030/512/70 3029/282/70
f 3031/309/70 3033/505/70 3032/308/70
f 3034/310/70 3036/306/70 3035/498/70
f 3037/480/70 3039/288/70 3038/510/70
f 3040/498/70 3042/306/70 3041/304/70
f 3043/479/70 3045/308/70 3044/505/70
f 3046/479/70 3048/505/70 3047/497/70
f 3049/479/70 3051/494/70 3050/290/70
f 3052/512/70 3054/283/70 3053/162/70
f 3055/405/70 3057/109/70 3056/406/70
f 3058/407/70 3060/406/70 3059/408/70
f 3061/407/70 3063/408/70 3062/409/70
f 3064/407/70 3066/405/70 3065/406/70
f 3067/405/70 3069/417/70 3068/109/70
f 3070/368/70 3072/487/70 3071/486/70
f 3073/340/70 3075/487/70 3074/368/70
f 3139/401/19 3141/403/19 3140/402/19
f 3142/404/19 3144/159/19 3143/403/19
f 3145/404/19 3147/403/19 3146/401/19
f 3148/401/19 3150/402/19 3149/416/19
f 3151/112/19 3153/111/19 3152/484/19
f 3154/485/19 3156/484/19 3155/111/19
f 3157/470/19 3159/269/19 3158/513/19
f 3160/513/19 3162/269/19 3161/514/19
f 3163/513/19 3165/514/19 3164/515/19
