mtllib counterpoint.mtl
o w_so040_00
v 0.125126 -16.330500 -1.791440
v 0.125126 -21.912300 -1.791439
v 0.125126 -21.912300 1.791441
v 0.061037 -27.448299 3.149511
v 0.061037 -21.146301 3.149511
v 0.061037 -21.146301 -3.149509
v 0.061037 -27.448299 -3.149509
v 0.061037 -27.448299 3.149511
v 0.061037 -21.146301 -3.149509
v 0.000000 -33.014900 3.149511
v 0.000000 -26.712900 3.149511
v 0.000000 -26.712900 -3.149509
v 0.000000 -33.014900 -3.149510
v 0.000000 -33.014900 3.149511
v 0.000000 -26.712900 -3.149509
v -0.061037 -38.660801 3.149511
v -0.061037 -32.355698 3.149511
v -0.061037 -32.355698 -3.149510
v -0.061037 -38.660801 -3.149509
v -0.061037 -38.660801 3.149511
v -0.061037 -32.355698 -3.149510
v -0.125126 -49.876400 3.939942
v -0.125126 -37.705601 3.939941
v -0.125126 -37.705601 -3.939939
v -0.125126 -49.876400 -3.939938
v -0.125126 -49.876400 3.939942
v -0.125126 -37.705601 -3.939939
v 0.125126 -16.330500 -1.791440
v 0.125126 -21.912300 1.791441
v 0.125126 -16.330500 1.791440
v 0.000000 73.885300 -2.505573
v 0.000000 73.140701 -1.934873
v 0.000000 72.530296 -3.775142
v 0.000000 66.512001 3.885008
v 0.000000 64.796898 3.009128
v 0.000000 65.544601 2.270578
v 0.000000 78.572998 -7.736443
v -0.976592 79.335899 -6.891083
v 0.000000 76.381699 -6.118963
v 0.000000 76.381699 -6.118963
v 0.976592 79.335899 -6.891083
v 0.000000 78.572998 -7.736443
v -1.904350 64.641304 6.515698
v -0.894192 63.200802 6.433298
v -1.904350 62.642300 3.003018
v -0.894192 63.200802 6.433298
v 0.000000 61.458199 6.097598
v -1.904350 62.642300 3.003018
v 0.000000 73.140701 -1.934873
v 0.000000 72.023705 -3.344832
v 0.000000 72.530296 -3.775142
v 0.000000 63.383900 8.291879
v 0.894192 61.024803 9.982598
v 0.000000 62.156998 10.101598
v 0.894192 61.024803 9.982598
v 0.000001 62.031902 12.597999
v 0.000000 62.156998 10.101598
v 0.894193 64.427605 14.041597
v 0.000001 67.333000 12.179898
v 0.000000 65.767403 11.035498
v 0.894193 64.427605 14.041597
v 0.000001 67.729698 14.374198
v 0.000001 67.333000 12.179898
v 0.000000 66.512001 3.885008
v 0.000000 65.916901 4.739518
v 0.000000 64.796898 3.009128
v 1.904350 70.192596 -2.905362
v 0.000000 67.763298 -3.921632
v 1.904350 67.693100 -2.108832
v 1.904350 70.192596 -2.905362
v 1.904350 67.693100 -2.108832
v 1.904350 72.454002 -1.416062
v 1.382490 59.932201 9.250158
v 1.751760 61.458199 7.763908
v 1.904350 59.517200 5.386518
v 1.904350 62.096001 6.097598
v 1.904350 59.517200 5.386518
v 1.751760 61.458199 7.763908
v 1.904350 3.991821 6.610310
v 1.904350 7.315289 7.620471
v 1.904350 4.818871 3.189179
v 1.904350 9.384440 7.290870
v 1.904350 4.818871 3.189179
v 1.904350 7.315289 7.620471
v -1.904350 59.517200 5.386518
v 0.000000 57.109303 6.497388
v -1.904350 56.196804 3.491319
v 0.000000 57.109303 6.497388
v -1.904350 59.517200 5.386518
v 0.000000 58.027901 7.934809
v 0.000000 -7.547230 -2.566610
v 1.904350 -7.547230 0.000001
v 0.000000 -5.832090 -1.574759
v 0.000000 -5.832090 -1.574759
v 1.904350 -7.547230 0.000001
v 0.000000 -5.832090 1.574760
v 0.000000 2.673420 -1.574760
v 0.000000 -5.832090 1.574760
v 0.000000 -5.832090 -1.574759
v 1.904350 -7.547230 2.581871
v -1.904350 -7.547230 2.581871
v 1.904350 -7.547230 -2.581870
v 1.904350 -7.547230 -2.581870
v -1.904350 -7.547230 2.581871
v -1.904350 -7.547230 -2.581870
v -1.904350 9.384440 7.290870
v -1.904350 7.315289 7.620471
v -1.904350 4.818871 3.189179
v -1.904350 3.991821 6.610310
v -1.904350 4.818871 3.189179
v -1.904350 7.315289 7.620471
v 1.904350 19.376200 -8.301031
v 1.904349 17.047600 -9.991760
v 1.904350 12.949000 -2.633750
v 1.904349 12.948999 -10.278600
v 1.904350 12.949000 -2.633750
v 1.904349 17.047600 -9.991760
v -1.904350 21.256100 4.174930
v -1.904350 17.142200 -0.000000
v -1.904350 24.915300 3.964349
v -1.904350 27.716900 1.882989
v -1.904350 24.915300 3.964349
v -1.904350 17.142200 -0.000000
v -0.000001 96.774200 -16.205305
v -0.000001 94.292999 -14.053803
v -0.784327 95.611397 -19.248003
v -0.000001 94.292999 -14.053803
v -0.463882 93.072304 -17.224604
v -0.784327 95.611397 -19.248003
v -1.904350 19.376200 -8.301031
v -1.904350 21.256100 -4.174931
v -1.904350 12.949000 -2.633750
v -1.904350 21.256100 -4.174931
v -1.904350 17.142200 -0.000000
v -1.904350 12.949000 -2.633750
v 0.463880 93.072304 -17.224604
v -0.000001 90.224899 -19.101505
v -0.463882 93.072304 -17.224604
v 0.463880 93.072304 -17.224604
v -0.463882 93.072304 -17.224604
v -0.000001 94.292999 -14.053803
v -0.000001 93.783401 -24.088303
v -0.000001 96.490402 -22.345703
v -0.784327 95.611397 -19.248003
v -0.000001 96.490402 -22.345703
v -0.000001 99.762001 -22.592905
v -0.784327 95.611397 -19.248003
v 1.904350 62.096001 6.097598
v 1.751760 61.458199 7.763908
v 0.000000 61.458199 6.097598
v 1.751760 61.458199 7.763908
v 1.382490 59.932201 9.250158
v 0.000000 61.458199 6.097598
v 0.000001 66.811104 16.226698
v 0.000001 64.909798 17.038496
v -0.894191 64.427605 14.041597
v 0.000000 63.740997 11.102598
v -0.894191 64.427605 14.041597
v 0.000001 62.031902 12.597999
v -1.904350 66.667702 0.378428
v 0.000000 65.868095 -2.450642
v -1.904350 67.693100 -2.108832
v -1.904350 75.237297 -3.466903
v -1.904350 73.094902 -5.966372
v -0.701926 76.070396 -4.855493
v 0.000000 85.228996 -4.290902
v 1.904350 83.877098 -5.786312
v 0.000000 85.293106 -2.255322
v 1.904350 66.667702 0.378428
v 0.000000 65.227196 -0.042728
v 0.000000 65.544601 2.270578
v 1.904350 75.237297 -3.466903
v 1.904350 73.094902 -5.966372
v 0.000000 72.530296 -3.775142
v 1.132240 -17.832001 0.000000
v 1.904350 -13.522799 3.717151
v 1.904350 -13.522799 -3.717150
v -1.904350 7.116919 -11.944901
v -1.904350 6.689660 -9.649951
v -1.904350 3.613389 -12.170800
v -1.904350 10.571599 -8.862581
v -1.904350 12.949000 -2.633750
v -1.904350 9.384439 -7.290870
v 0.000000 27.030199 -5.236981
v -1.904350 24.915300 -3.964351
v 0.000000 23.706800 -6.381421
v 1.904350 4.818870 -3.189180
v 2.569660 4.818870 -0.000000
v 1.904350 12.949000 -2.633750
v -1.904350 62.096001 6.097598
v 0.000000 61.458199 6.097598
v -1.751760 61.458199 7.763908
v 1.751760 61.458199 -7.693722
v 0.000000 61.458199 -6.122012
v 1.269570 59.785801 -8.880892
v 1.904350 77.581100 -8.835112
v 0.000000 76.213905 -10.348803
v 1.904350 82.363403 -3.537103
v -1.904349 3.613390 12.170800
v -1.904349 6.689661 9.649949
v -1.904349 7.116920 11.944899
v 0.784325 95.611397 -19.248003
v -0.000001 93.783401 -24.088303
v -0.000001 92.879997 -21.024204
v 1.904350 7.116920 11.944899
v 1.904350 6.689661 9.649949
v 1.904350 3.613390 12.170800
v -1.904350 10.831000 -11.304101
v -1.904350 12.948999 -10.278600
v -1.904350 10.571599 -8.862581
v -1.904350 3.991820 -6.610311
v -1.904350 7.315289 -7.620471
v -1.904350 4.818870 -3.189180
v 0.000000 20.609100 5.597090
v 0.000000 23.706800 6.381419
v 1.904350 21.256100 4.174930
v -1.904350 -7.068089 4.654069
v 1.904350 -8.008060 6.811729
v -1.904350 -8.008060 6.811729
v -1.269570 59.785801 -8.880892
v -1.751760 61.458199 -7.693722
v -1.904350 59.465302 -4.931791
v -1.904350 57.753201 0.283821
v -1.904350 56.196804 -2.902312
v -1.904350 59.465302 -4.931791
v 1.904350 17.047600 9.991760
v 1.904350 12.949000 2.633749
v 1.904350 12.949001 10.278600
v -1.904350 62.096001 6.097598
v -1.904350 59.517200 5.386518
v -1.904350 61.540596 3.817868
v -1.904350 61.540596 -3.061012
v -1.904350 61.540596 3.817868
v -3.192240 63.798897 0.283820
v -0.000001 78.731697 -11.487202
v -1.904350 80.080597 -9.991762
v -0.000001 76.659401 -11.819802
v 1.507610 35.550999 -1.110872
v 0.000000 33.964001 -2.999972
v 1.507610 30.787102 -0.680564
v 0.000000 85.228996 -4.290902
v 0.000000 85.293106 -2.255322
v -1.904350 83.877098 -5.786312
v 0.000000 4.818870 -3.189180
v 0.000000 2.673420 -1.574760
v 1.904350 4.818870 -0.000000
v 1.904350 59.465302 -4.931791
v 1.751760 61.458199 -7.693722
v 1.269570 59.785801 -8.880892
v 1.904350 59.465302 -4.931791
v 1.904350 56.196804 -2.902312
v 1.904350 57.753201 0.283820
v -1.132240 -17.832001 0.000000
v -1.904350 -13.522799 -3.717150
v -1.904350 -13.522799 3.717151
v 3.192240 63.798897 0.283820
v 1.904350 61.540596 3.817868
v 1.904350 61.540596 -3.061012
v -1.904350 73.094902 -5.966372
v 0.000000 76.381699 -6.118963
v -0.701926 76.070396 -4.855493
v -0.701926 76.070396 -4.855493
v 0.000000 76.381699 -6.118963
v -0.976592 79.335899 -6.891083
v -0.701926 76.070396 -4.855493
v -0.976592 79.335899 -6.891083
v 0.000000 78.502800 -5.084383
v 0.000000 78.502800 -5.084383
v -0.976592 79.335899 -6.891083
v -1.904350 80.651299 -5.435353
v 0.000000 78.502800 -5.084383
v -1.904350 80.651299 -5.435353
v 0.000000 78.371498 -0.711084
v 0.000000 78.371498 -0.711084
v -1.904350 80.651299 -5.435353
v -1.904350 80.208702 0.308235
v 0.000000 78.371498 -0.711084
v -1.904350 80.208702 0.308235
v 0.000000 77.483398 2.938927
v 0.000000 77.483398 2.938927
v -1.904350 80.208702 0.308235
v -1.904350 78.936096 4.342777
v 0.000000 77.483398 2.938927
v -1.904350 78.936096 4.342777
v 0.000000 75.115196 5.536057
v 0.000000 75.115196 5.536057
v -1.904350 78.936096 4.342777
v -1.904350 76.155899 7.455667
v 0.000000 75.115196 5.536057
v -1.904350 76.155899 7.455667
v 0.000000 71.898598 6.735439
v 0.000000 71.898598 6.735439
v -1.904350 76.155899 7.455667
v -1.904350 72.237305 8.993797
v 0.000000 71.898598 6.735439
v -1.904350 72.237305 8.993797
v 0.000000 68.697205 6.433298
v 0.000000 68.697205 6.433298
v -1.904350 72.237305 8.993797
v -1.904350 68.178299 8.615377
v 0.000000 68.697205 6.433298
v -1.904350 68.178299 8.615377
v 0.000000 65.916901 4.739518
v 0.000000 65.916901 4.739518
v -1.904350 68.178299 8.615377
v -1.904350 64.641304 6.515698
v 0.000000 65.916901 4.739518
v -1.904350 64.641304 6.515698
v 0.000000 64.796898 3.009128
v 0.000000 64.796898 3.009128
v -1.904350 64.641304 6.515698
v -1.904350 62.642300 3.003018
v 0.000000 64.796898 3.009128
v -1.904350 62.642300 3.003018
v 0.000000 64.210899 0.094605
v 0.000000 64.210899 0.094605
v -1.904350 62.642300 3.003018
v -1.904350 62.700302 -2.099672
v 0.000000 64.210899 0.094605
v -1.904350 62.700302 -2.099672
v 0.000000 65.410301 -2.929782
v 0.000000 65.410301 -2.929782
v -1.904350 62.700302 -2.099672
v -1.904350 64.165199 -4.620502
v 0.000000 65.410301 -2.929782
v -1.904350 64.165199 -4.620502
v -1.904350 66.960701 -6.448562
v -1.904350 66.960701 -6.448562
v -1.904350 64.165199 -4.620502
v 0.000000 66.072601 -8.911402
v -1.904350 66.960701 -6.448562
v 0.000000 66.072601 -8.911402
v 0.000000 69.966698 -9.384442
v 0.000000 69.966698 -9.384442
v 0.000000 66.072601 -8.911402
v 1.904350 66.960701 -6.448562
v 0.000000 69.966698 -9.384442
v 1.904350 66.960701 -6.448562
v 1.904350 69.966698 -6.933812
v 1.904350 69.966698 -6.933812
v 1.904350 66.960701 -6.448562
v 0.000000 67.577103 -4.638812
v 1.904350 69.966698 -6.933812
v 0.000000 67.577103 -4.638812
v 0.000000 69.966698 -4.937902
v 0.000000 69.966698 -4.937902
v 0.000000 67.577103 -4.638812
v -1.904350 69.966698 -6.933812
v 0.000000 69.966698 -4.937902
v -1.904350 69.966698 -6.933812
v -1.904350 73.094902 -5.966372
v -1.904350 73.094902 -5.966372
v -1.904350 69.966698 -6.933812
v 0.000000 73.659500 -8.511613
v -1.904350 73.094902 -5.966372
v 0.000000 73.659500 -8.511613
v 0.000000 76.381699 -6.118963
v 0.000000 76.381699 -6.118963
v 0.000000 73.659500 -8.511613
v 1.904350 73.094902 -5.966372
v 0.000000 76.381699 -6.118963
v 1.904350 73.094902 -5.966372
v 0.701926 76.070396 -4.855493
v 0.701926 76.070396 -4.855493
v 1.904350 73.094902 -5.966372
v 1.904350 75.237297 -3.466903
v 0.701926 76.070396 -4.855493
v 1.904350 75.237297 -3.466903
v 0.000000 77.123299 -4.437393
v 0.000000 77.123299 -4.437393
v 1.904350 75.237297 -3.466903
v 0.000000 77.599403 -0.936921
v 0.000000 77.123299 -4.437393
v 0.000000 77.599403 -0.936921
v -1.904350 75.237297 -3.466903
v -1.904350 75.237297 -3.466903
v 0.000000 77.599403 -0.936921
v -1.904350 75.606606 -0.503558
v -1.904350 75.237297 -3.466903
v -1.904350 75.606606 -0.503558
v 0.000000 73.885300 -2.505573
v 0.000000 73.885300 -2.505573
v -1.904350 75.606606 -0.503558
v 0.000000 74.016502 -0.143440
v 0.000000 73.885300 -2.505573
v 0.000000 74.016502 -0.143440
v 1.904350 75.606606 -0.503558
v 1.904350 75.606606 -0.503558
v 0.000000 74.016502 -0.143440
v 1.904350 74.633003 2.301097
v 1.904350 75.606606 -0.503558
v 1.904350 74.633003 2.301097
v 0.000000 76.967697 2.362127
v 0.000000 76.967697 2.362127
v 1.904350 74.633003 2.301097
v 0.000000 74.837502 4.754777
v 0.000000 76.967697 2.362127
v 0.000000 74.837502 4.754777
v -1.904350 74.633003 2.301097
v -1.904350 74.633003 2.301097
v 0.000000 74.837502 4.754777
v -1.904350 72.426498 3.970458
v -1.904350 74.633003 2.301097
v -1.904350 72.426498 3.970458
v 0.000000 73.445801 1.736497
v 0.000000 73.445801 1.736497
v -1.904350 72.426498 3.970458
v 0.000000 71.755096 2.764977
v 0.000000 73.445801 1.736497
v 0.000000 71.755096 2.764977
v 1.904350 72.426498 3.970458
v 1.904350 72.426498 3.970458
v 0.000000 71.755096 2.764977
v 1.904350 69.594398 4.013178
v 1.904350 72.426498 3.970458
v 1.904350 69.594398 4.013178
v 0.000000 71.883301 5.868708
v 0.000000 71.883301 5.868708
v 1.904350 69.594398 4.013178
v 0.000000 68.904701 5.590988
v 0.000000 71.883301 5.868708
v 0.000000 68.904701 5.590988
v -1.904350 69.594398 4.013178
v -1.904350 69.594398 4.013178
v 0.000000 68.904701 5.590988
v -1.904350 67.546600 2.917568
v -1.904350 69.594398 4.013178
v -1.904350 67.546600 2.917568
v -1.904350 72.481499 1.055938
v -1.904350 72.481499 1.055938
v -1.904350 67.546600 2.917568
v -1.904350 66.667702 0.378428
v -1.904350 72.481499 1.055938
v -1.904350 66.667702 0.378428
v -1.904350 72.454002 -1.416062
v -1.904350 72.454002 -1.416062
v -1.904350 66.667702 0.378428
v -1.904350 67.693100 -2.108832
v -1.904350 72.454002 -1.416062
v -1.904350 67.693100 -2.108832
v -1.904350 70.192596 -2.905362
v -1.904350 70.192596 -2.905362
v -1.904350 67.693100 -2.108832
v 0.000000 67.763298 -3.921632
v -1.904350 70.192596 -2.905362
v 0.000000 67.763298 -3.921632
v 0.000000 69.978897 -4.202402
v 0.000000 69.978897 -4.202402
v 0.000000 67.763298 -3.921632
v 1.904350 70.192596 -2.905362
v 0.000000 69.978897 -4.202402
v 1.904350 70.192596 -2.905362
v 0.000000 72.023705 -3.344832
v 0.000000 72.023705 -3.344832
v 1.904350 70.192596 -2.905362
v 1.904350 72.454002 -1.416062
v 0.000000 72.023705 -3.344832
v 1.904350 72.454002 -1.416062
v 0.000000 73.140701 -1.934873
v 0.000000 73.140701 -1.934873
v 1.904350 72.454002 -1.416062
v 0.000000 73.491600 -0.192270
v 0.000000 73.140701 -1.934873
v 0.000000 73.491600 -0.192270
v -1.904350 72.454002 -1.416062
v -1.904350 72.454002 -1.416062
v 0.000000 73.491600 -0.192270
v -1.904350 72.481499 1.055938
v 1.904350 -13.522799 3.717151
v 1.132240 -17.832001 0.000000
v -1.132240 -17.832001 0.000000
v -1.132240 -17.832001 0.000000
v 1.132240 -17.832001 0.000000
v 1.904350 -13.522799 -3.717150
v -1.132240 -17.832001 0.000000
v 1.904350 -13.522799 -3.717150
v -1.904350 -13.522799 -3.717150
v -1.904350 -13.522799 -3.717150
v 1.904350 -13.522799 -3.717150
v 1.904350 -13.620401 -6.811729
v -1.904350 -13.522799 -3.717150
v 1.904350 -13.620401 -6.811729
v -1.904350 -13.620401 -6.811729
v -1.904350 -13.620401 -6.811729
v 1.904350 -13.620401 -6.811729
v 1.904349 -11.032400 -11.133200
v -1.904350 -13.620401 -6.811729
v 1.904349 -11.032400 -11.133200
v -1.904350 -11.032400 -11.133200
v -1.904350 -11.032400 -11.133200
v 1.904349 -11.032400 -11.133200
v 1.904349 -6.842250 -13.736399
v -1.904350 -11.032400 -11.133200
v 1.904349 -6.842250 -13.736399
v -1.904351 -6.842250 -13.736399
v -1.904351 -6.842250 -13.736399
v 1.904349 -6.842250 -13.736399
v 1.904349 -1.544240 -13.922501
v -1.904351 -6.842250 -13.736399
v 1.904349 -1.544240 -13.922501
v -1.904351 -1.544240 -13.922501
v -1.904351 -1.544240 -13.922501
v 1.904349 -1.544240 -13.922501
v 1.904349 3.613389 -12.170800
v -1.904351 -1.544240 -13.922501
v 1.904349 3.613389 -12.170800
v -1.904350 3.613389 -12.170800
v -1.904350 3.613389 -12.170800
v 1.904349 3.613389 -12.170800
v 1.904349 7.116919 -11.944901
v -1.904350 3.613389 -12.170800
v 1.904349 7.116919 -11.944901
v -1.904350 7.116919 -11.944901
v -1.904350 7.116919 -11.944901
v 1.904349 7.116919 -11.944901
v 1.904349 6.689660 -9.649951
v -1.904350 7.116919 -11.944901
v 1.904349 6.689660 -9.649951
v -1.904350 6.689660 -9.649951
v -1.904350 6.689660 -9.649951
v 1.904349 6.689660 -9.649951
v 1.904350 7.315289 -7.620471
v -1.904350 6.689660 -9.649951
v 1.904350 7.315289 -7.620471
v -1.904350 7.315289 -7.620471
v -1.904350 7.315289 -7.620471
v 1.904350 7.315289 -7.620471
v 1.904350 9.384439 -7.290870
v -1.904350 7.315289 -7.620471
v 1.904350 9.384439 -7.290870
v -1.904350 9.384439 -7.290870
v -1.904350 9.384439 -7.290870
v 1.904350 9.384439 -7.290870
v 1.904350 10.571599 -8.862581
v -1.904350 9.384439 -7.290870
v 1.904350 10.571599 -8.862581
v -1.904350 10.571599 -8.862581
v -1.904350 10.571599 -8.862581
v 1.904350 10.571599 -8.862581
v 1.904349 10.831000 -11.304101
v -1.904350 10.571599 -8.862581
v 1.904349 10.831000 -11.304101
v -1.904350 10.831000 -11.304101
v -1.904350 10.831000 -11.304101
v 1.904349 10.831000 -11.304101
v 1.904349 12.948999 -10.278600
v -1.904350 10.831000 -11.304101
v 1.904349 12.948999 -10.278600
v -1.904350 12.948999 -10.278600
v -1.904350 12.948999 -10.278600
v 1.904349 12.948999 -10.278600
v 1.904349 17.047600 -9.991760
v -1.904350 12.948999 -10.278600
v 1.904349 17.047600 -9.991760
v -1.904350 17.047600 -9.991760
v -1.904350 17.047600 -9.991760
v 1.904349 17.047600 -9.991760
v 1.904350 19.376200 -8.301031
v -1.904350 17.047600 -9.991760
v 1.904350 19.376200 -8.301031
v -1.904350 19.376200 -8.301031
v -1.904350 19.376200 -8.301031
v 1.904350 19.376200 -8.301031
v 1.904350 21.256100 -4.174931
v -1.904350 19.376200 -8.301031
v 1.904350 21.256100 -4.174931
v -1.904350 21.256100 -4.174931
v -1.904350 21.256100 4.174930
v 1.904350 21.256100 4.174930
v -1.904350 19.376200 8.301029
v -1.904350 19.376200 8.301029
v 1.904350 21.256100 4.174930
v 1.904350 19.376200 8.301029
v -1.904350 19.376200 8.301029
v 1.904350 19.376200 8.301029
v -1.904349 17.047600 9.991760
v -1.904349 17.047600 9.991760
v 1.904350 19.376200 8.301029
v 1.904350 17.047600 9.991760
v -1.904349 17.047600 9.991760
v 1.904350 17.047600 9.991760
v -1.904349 12.949001 10.278600
v -1.904349 12.949001 10.278600
v 1.904350 17.047600 9.991760
v 1.904350 12.949001 10.278600
v -1.904349 12.949001 10.278600
v 1.904350 12.949001 10.278600
v -1.904349 10.831000 11.304099
v -1.904349 10.831000 11.304099
v 1.904350 12.949001 10.278600
v 1.904350 10.831000 11.304099
v -1.904349 10.831000 11.304099
v 1.904350 10.831000 11.304099
v -1.904350 10.571601 8.862579
v -1.904350 10.571601 8.862579
v 1.904350 10.831000 11.304099
v 1.904350 10.571601 8.862579
v -1.904350 10.571601 8.862579
v 1.904350 10.571601 8.862579
v -1.904350 9.384440 7.290870
v -1.904350 9.384440 7.290870
v 1.904350 10.571601 8.862579
v 1.904350 9.384440 7.290870
v -1.904350 9.384440 7.290870
v 1.904350 9.384440 7.290870
v -1.904350 7.315289 7.620471
v -1.904350 7.315289 7.620471
v 1.904350 9.384440 7.290870
v 1.904350 7.315289 7.620471
v -1.904350 7.315289 7.620471
v 1.904350 7.315289 7.620471
v -1.904349 6.689661 9.649949
v -1.904349 6.689661 9.649949
v 1.904350 7.315289 7.620471
v 1.904350 6.689661 9.649949
v -1.904349 6.689661 9.649949
v 1.904350 6.689661 9.649949
v -1.904349 7.116920 11.944899
v -1.904349 7.116920 11.944899
v 1.904350 6.689661 9.649949
v 1.904350 7.116920 11.944899
v -1.904349 7.116920 11.944899
v 1.904350 7.116920 11.944899
v -1.904349 3.613390 12.170800
v -1.904349 3.613390 12.170800
v 1.904350 7.116920 11.944899
v 1.904350 3.613390 12.170800
v -1.904349 3.613390 12.170800
v 1.904350 3.613390 12.170800
v -1.904349 -1.544240 13.922501
v -1.904349 -1.544240 13.922501
v 1.904350 3.613390 12.170800
v 1.904351 -1.544240 13.922501
v -1.904349 -1.544240 13.922501
v 1.904351 -1.544240 13.922501
v -1.904349 -6.842249 13.736401
v -1.904349 -6.842249 13.736401
v 1.904351 -1.544240 13.922501
v 1.904351 -6.842249 13.736401
v -1.904349 -6.842249 13.736401
v 1.904351 -6.842249 13.736401
v -1.904349 -11.032400 11.133200
v -1.904349 -11.032400 11.133200
v 1.904351 -6.842249 13.736401
v 1.904350 -11.032400 11.133200
v -1.904349 -11.032400 11.133200
v 1.904350 -11.032400 11.133200
v -1.904350 -13.620399 6.811730
v -1.904350 -13.620399 6.811730
v 1.904350 -11.032400 11.133200
v 1.904350 -13.620399 6.811730
v -1.904350 -13.620399 6.811730
v 1.904350 -13.620399 6.811730
v -1.904350 -13.522799 3.717151
v -1.904350 -13.522799 3.717151
v 1.904350 -13.620399 6.811730
v 1.904350 -13.522799 3.717151
v -1.904350 -13.522799 3.717151
v 1.904350 -13.522799 3.717151
v -1.132240 -17.832001 0.000000
v -1.904350 73.094902 -5.966372
v -1.904350 75.237297 -3.466903
v 0.000000 72.530296 -3.775142
v 0.000000 72.530296 -3.775142
v -1.904350 75.237297 -3.466903
v 0.000000 73.885300 -2.505573
v 0.000000 72.530296 -3.775142
v 0.000000 73.885300 -2.505573
v 1.904350 75.237297 -3.466903
v 1.904350 75.237297 -3.466903
v 0.000000 73.885300 -2.505573
v 1.904350 75.606606 -0.503558
v 1.904350 75.237297 -3.466903
v 1.904350 75.606606 -0.503558
v 0.000000 77.599403 -0.936921
v 0.000000 77.599403 -0.936921
v 1.904350 75.606606 -0.503558
v 0.000000 76.967697 2.362127
v 0.000000 77.599403 -0.936921
v 0.000000 76.967697 2.362127
v -1.904350 75.606606 -0.503558
v -1.904350 75.606606 -0.503558
v 0.000000 76.967697 2.362127
v -1.904350 74.633003 2.301097
v -1.904350 75.606606 -0.503558
v -1.904350 74.633003 2.301097
v 0.000000 74.016502 -0.143440
v 0.000000 74.016502 -0.143440
v -1.904350 74.633003 2.301097
v 0.000000 73.445801 1.736497
v 0.000000 74.016502 -0.143440
v 0.000000 73.445801 1.736497
v 1.904350 74.633003 2.301097
v 1.904350 74.633003 2.301097
v 0.000000 73.445801 1.736497
v 1.904350 72.426498 3.970458
v 1.904350 74.633003 2.301097
v 1.904350 72.426498 3.970458
v 0.000000 74.837502 4.754777
v 0.000000 74.837502 4.754777
v 1.904350 72.426498 3.970458
v 0.000000 71.883301 5.868708
v 0.000000 74.837502 4.754777
v 0.000000 71.883301 5.868708
v -1.904350 72.426498 3.970458
v -1.904350 72.426498 3.970458
v 0.000000 71.883301 5.868708
v -1.904350 69.594398 4.013178
v -1.904350 72.426498 3.970458
v -1.904350 69.594398 4.013178
v 0.000000 71.755096 2.764977
v 0.000000 71.755096 2.764977
v -1.904350 69.594398 4.013178
v -1.904350 72.481499 1.055938
v 0.000000 71.755096 2.764977
v -1.904350 72.481499 1.055938
v 0.000000 73.110100 1.519817
v 0.000000 73.110100 1.519817
v -1.904350 72.481499 1.055938
v 0.000000 73.491600 -0.192270
v 0.000000 73.110100 1.519817
v 0.000000 73.491600 -0.192270
v 1.904350 72.481499 1.055938
v 1.904350 72.481499 1.055938
v 0.000000 73.491600 -0.192270
v 1.904350 72.454002 -1.416062
v 1.904350 72.481499 1.055938
v 1.904350 72.454002 -1.416062
v 1.904350 66.667702 0.378428
v 1.904350 66.667702 0.378428
v 1.904350 72.454002 -1.416062
v 1.904350 67.693100 -2.108832
v 1.904350 66.667702 0.378428
v 1.904350 67.693100 -2.108832
v 0.000000 65.868095 -2.450642
v 0.000000 65.868095 -2.450642
v 1.904350 67.693100 -2.108832
v 0.000000 67.763298 -3.921632
v 0.000000 65.868095 -2.450642
v 0.000000 67.763298 -3.921632
v -1.904350 67.693100 -2.108832
v 0.000000 76.381699 -6.118963
v 0.701926 76.070396 -4.855493
v 0.976592 79.335899 -6.891083
v 0.976592 79.335899 -6.891083
v 0.701926 76.070396 -4.855493
v 0.000000 78.502800 -5.084383
v 0.976592 79.335899 -6.891083
v 0.000000 78.502800 -5.084383
v 1.904350 80.651299 -5.435353
v 1.904350 80.651299 -5.435353
v 0.000000 78.502800 -5.084383
v 0.000000 78.371498 -0.711084
v 1.904350 80.651299 -5.435353
v 0.000000 78.371498 -0.711084
v 1.904350 80.208702 0.308234
v 1.904350 80.208702 0.308234
v 0.000000 78.371498 -0.711084
v 0.000000 77.483398 2.938927
v 1.904350 80.208702 0.308234
v 0.000000 77.483398 2.938927
v 1.904350 78.936096 4.342777
v 1.904350 78.936096 4.342777
v 0.000000 77.483398 2.938927
v 0.000000 75.115196 5.536057
v 1.904350 78.936096 4.342777
v 0.000000 75.115196 5.536057
v 1.904350 76.155899 7.455667
v 1.904350 76.155899 7.455667
v 0.000000 75.115196 5.536057
v 0.000000 71.898598 6.735439
v 1.904350 76.155899 7.455667
v 0.000000 71.898598 6.735439
v 1.904350 72.237305 8.993797
v 1.904350 72.237305 8.993797
v 0.000000 71.898598 6.735439
v 0.000000 68.697205 6.433298
v 1.904350 72.237305 8.993797
v 0.000000 68.697205 6.433298
v 1.904350 68.178299 8.615377
v 1.904350 68.178299 8.615377
v 0.000000 68.697205 6.433298
v 0.000000 65.916901 4.739518
v 1.904350 68.178299 8.615377
v 0.000000 65.916901 4.739518
v 1.904350 64.641304 6.515698
v 1.904350 64.641304 6.515698
v 0.000000 65.916901 4.739518
v 0.000000 64.796898 3.009128
v 1.904350 64.641304 6.515698
v 0.000000 64.796898 3.009128
v 1.904350 62.642300 3.003018
v 1.904350 62.642300 3.003018
v 0.000000 64.796898 3.009128
v 0.000000 64.210899 0.094605
v 1.904350 62.642300 3.003018
v 0.000000 64.210899 0.094605
v 1.904350 62.700302 -2.099672
v 1.904350 62.700302 -2.099672
v 0.000000 64.210899 0.094605
v 0.000000 65.410301 -2.929782
v 1.904350 62.700302 -2.099672
v 0.000000 65.410301 -2.929782
v 1.904350 64.165199 -4.620502
v 1.904350 64.165199 -4.620502
v 0.000000 65.410301 -2.929782
v 1.904350 66.960701 -6.448562
v 1.904350 64.165199 -4.620502
v 1.904350 66.960701 -6.448562
v 0.000000 66.072601 -8.911402
v 0.000001 62.675900 16.797398
v 0.000001 60.771500 15.445397
v -0.653095 61.024803 13.653997
v -0.653095 61.024803 13.653997
v 0.000001 60.771500 15.445397
v 0.000001 59.584301 12.781198
v -0.653095 61.024803 13.653997
v 0.000001 59.584301 12.781198
v -0.894192 61.024803 9.982598
v -0.894192 61.024803 9.982598
v 0.000001 59.584301 12.781198
v 0.000000 59.706402 9.851377
v -0.894192 61.024803 9.982598
v 0.000000 59.706402 9.851377
v 0.000000 61.458199 6.097598
v 0.000000 61.458199 6.097598
v 0.000000 59.706402 9.851377
v 0.894192 61.024803 9.982598
v 0.000000 61.458199 6.097598
v 0.894192 61.024803 9.982598
v 0.894192 63.200802 6.433298
v 0.894192 63.200802 6.433298
v 0.894192 61.024803 9.982598
v 0.000000 63.383900 8.291879
v 0.894192 63.200802 6.433298
v 0.000000 63.383900 8.291879
v 1.904350 64.641304 6.515698
v 1.904350 64.641304 6.515698
v 0.000000 63.383900 8.291879
v 0.000000 67.613800 10.858498
v 1.904350 64.641304 6.515698
v 0.000000 67.613800 10.858498
v 1.904350 68.178299 8.615377
v 1.904350 68.178299 8.615377
v 0.000000 67.613800 10.858498
v 0.000000 72.576103 11.252197
v 1.904350 68.178299 8.615377
v 0.000000 72.576103 11.252197
v 1.904350 72.237305 8.993797
v 1.904350 72.237305 8.993797
v 0.000000 72.576103 11.252197
v 0.000000 77.193497 9.378338
v 1.904350 72.237305 8.993797
v 0.000000 77.193497 9.378338
v 1.904350 76.155899 7.455667
v 1.904350 76.155899 7.455667
v 0.000000 77.193497 9.378338
v 0.000000 80.385796 5.743577
v 1.904350 76.155899 7.455667
v 0.000000 80.385796 5.743577
v 1.904350 78.936096 4.342777
v 1.904350 78.936096 4.342777
v 0.000000 80.385796 5.743577
v 0.000000 82.046005 1.330608
v 1.904350 78.936096 4.342777
v 0.000000 82.046005 1.330608
v 1.904350 80.208702 0.308234
v 1.904350 80.208702 0.308234
v 0.000000 82.046005 1.330608
v 0.000000 82.726501 -3.134252
v 1.904350 80.208702 0.308234
v 0.000000 82.726501 -3.134252
v 1.904350 80.651299 -5.435353
v 0.000000 20.609100 5.597090
v -1.904350 21.256100 4.174930
v 0.000000 23.706800 6.381419
v 0.000000 23.706800 6.381419
v -1.904350 21.256100 4.174930
v -1.904350 24.915300 3.964349
v 0.000000 23.706800 6.381419
v -1.904350 24.915300 3.964349
v 0.000000 27.030199 5.236979
v 0.000000 27.030199 5.236979
v -1.904350 24.915300 3.964349
v -1.904350 27.716900 1.882989
v 0.000000 27.030199 5.236979
v -1.904350 27.716900 1.882989
v 0.000000 29.361900 2.786339
v 0.000000 29.361900 2.786339
v -1.904350 27.716900 1.882989
v -1.507610 30.787102 0.680562
v 0.000000 29.361900 2.786339
v -1.507610 30.787102 0.680562
v 0.000000 30.787102 2.328559
v 0.000000 30.787102 2.328559
v -1.507610 30.787102 0.680562
v -1.504560 35.074898 1.586959
v 0.000000 30.787102 2.328559
v -1.504560 35.074898 1.586959
v 0.000000 33.964001 2.963348
v 0.000000 33.964001 2.963348
v -1.504560 35.074898 1.586959
v -1.635790 41.026001 4.815819
v 0.000000 33.964001 2.963348
v -1.635790 41.026001 4.815819
v 0.000000 40.314999 6.588949
v 0.000000 40.314999 6.588949
v -1.635790 41.026001 4.815819
v -1.721240 45.078899 6.051819
v 0.000000 40.314999 6.588949
v -1.721240 45.078899 6.051819
v 0.000000 45.625202 8.120978
v 0.000000 45.625202 8.120978
v -1.721240 45.078899 6.051819
v -1.828060 49.406399 5.548269
v 0.000000 45.625202 8.120978
v -1.828060 49.406399 5.548269
v 0.000000 50.843800 7.727289
v 0.000000 50.843800 7.727289
v -1.828060 49.406399 5.548269
v -1.904350 56.196804 3.491319
v 0.000000 50.843800 7.727289
v -1.904350 56.196804 3.491319
v 0.000000 55.275101 6.219669
v 0.000000 55.275101 6.219669
v -1.904350 56.196804 3.491319
v 0.000000 57.109303 6.497388
v 1.904350 21.256100 4.174930
v 0.000000 23.706800 6.381419
v 1.904350 24.915300 3.964349
v 1.904350 24.915300 3.964349
v 0.000000 23.706800 6.381419
v 0.000000 27.030199 5.236979
v 1.904350 24.915300 3.964349
v 0.000000 27.030199 5.236979
v 1.904350 27.716900 1.882989
v 1.904350 27.716900 1.882989
v 0.000000 27.030199 5.236979
v 0.000000 29.361900 2.786339
v 1.904350 27.716900 1.882989
v 0.000000 29.361900 2.786339
v 1.507610 30.787102 0.680562
v 1.507610 30.787102 0.680562
v 0.000000 29.361900 2.786339
v 0.000000 30.787102 2.328559
v 1.507610 30.787102 0.680562
v 0.000000 30.787102 2.328559
v 1.504560 35.074898 1.586959
v 1.504560 35.074898 1.586959
v 0.000000 30.787102 2.328559
v 0.000000 33.964001 2.963348
v 1.504560 35.074898 1.586959
v 0.000000 33.964001 2.963348
v 1.635790 41.026001 4.815819
v 1.635790 41.026001 4.815819
v 0.000000 33.964001 2.963348
v 0.000000 40.314999 6.588949
v 1.635790 41.026001 4.815819
v 0.000000 40.314999 6.588949
v 1.721240 45.078899 6.051819
v 1.721240 45.078899 6.051819
v 0.000000 40.314999 6.588949
v 0.000000 45.625202 8.120978
v 1.721240 45.078899 6.051819
v 0.000000 45.625202 8.120978
v 1.828060 49.406399 5.548269
v 1.828060 49.406399 5.548269
v 0.000000 45.625202 8.120978
v 0.000000 50.843800 7.727289
v 1.828060 49.406399 5.548269
v 0.000000 50.843800 7.727289
v 1.904350 56.196804 3.491319
v 1.904350 56.196804 3.491319
v 0.000000 50.843800 7.727289
v 0.000000 55.275101 6.219669
v 1.904350 56.196804 3.491319
v 0.000000 55.275101 6.219669
v 0.000000 57.109303 6.497388
v -1.904350 80.651299 -5.435353
v 0.000000 82.726501 -3.134252
v -1.904350 80.208702 0.308235
v -1.904350 80.208702 0.308235
v 0.000000 82.726501 -3.134252
v 0.000000 82.046005 1.330608
v -1.904350 80.208702 0.308235
v 0.000000 82.046005 1.330608
v -1.904350 78.936096 4.342777
v -1.904350 78.936096 4.342777
v 0.000000 82.046005 1.330608
v 0.000000 80.385796 5.743577
v -1.904350 78.936096 4.342777
v 0.000000 80.385796 5.743577
v -1.904350 76.155899 7.455667
v -1.904350 76.155899 7.455667
v 0.000000 80.385796 5.743577
v 0.000000 77.193497 9.378338
v -1.904350 76.155899 7.455667
v 0.000000 77.193497 9.378338
v -1.904350 72.237305 8.993797
v -1.904350 72.237305 8.993797
v 0.000000 77.193497 9.378338
v 0.000000 72.576103 11.252197
v -1.904350 72.237305 8.993797
v 0.000000 72.576103 11.252197
v -1.904350 68.178299 8.615377
v -1.904350 68.178299 8.615377
v 0.000000 72.576103 11.252197
v 0.000000 67.613800 10.858498
v -1.904350 68.178299 8.615377
v 0.000000 67.613800 10.858498
v -1.904350 64.641304 6.515698
v -1.904350 64.641304 6.515698
v 0.000000 67.613800 10.858498
v 0.000000 63.383900 8.291879
v -1.904350 64.641304 6.515698
v 0.000000 63.383900 8.291879
v -0.894192 63.200802 6.433298
v -0.894192 63.200802 6.433298
v 0.000000 63.383900 8.291879
v -0.894192 61.024803 9.982598
v -0.894192 63.200802 6.433298
v -0.894192 61.024803 9.982598
v 0.000000 61.458199 6.097598
v -1.904350 21.256100 -4.174931
v 0.000000 20.609100 -5.597090
v 0.000000 23.706800 -6.381421
v 0.000000 23.706800 -6.381421
v 0.000000 20.609100 -5.597090
v 1.904350 21.256100 -4.174931
v 0.000000 23.706800 -6.381421
v 1.904350 21.256100 -4.174931
v 1.904350 24.915300 -3.964351
v 1.904350 24.915300 -3.964351
v 1.904350 21.256100 -4.174931
v 1.904350 17.142200 -0.000000
v 1.904350 24.915300 -3.964351
v 1.904350 17.142200 -0.000000
v 1.904350 27.716900 -1.882991
v 1.904350 27.716900 -1.882991
v 1.904350 17.142200 -0.000000
v 1.904350 27.716900 1.882989
v 1.904350 27.716900 -1.882991
v 1.904350 27.716900 1.882989
v 1.507610 30.787102 -0.680564
v 1.507610 30.787102 -0.680564
v 1.904350 27.716900 1.882989
v 1.507610 30.787102 0.680562
v 1.507610 30.787102 -0.680564
v 1.507610 30.787102 0.680562
v 1.507610 35.550999 -1.110872
v 1.507610 35.550999 -1.110872
v 1.507610 30.787102 0.680562
v 1.504560 35.074898 1.586959
v 1.507610 35.550999 -1.110872
v 1.504560 35.074898 1.586959
v 1.666310 42.142998 1.062039
v 1.666310 42.142998 1.062039
v 1.504560 35.074898 1.586959
v 1.635790 41.026001 4.815819
v 1.666310 42.142998 1.062039
v 1.635790 41.026001 4.815819
v 1.721240 45.078899 6.051819
v 0.000000 63.383900 8.291879
v 0.000000 62.156998 10.101598
v -0.894192 61.024803 9.982598
v -0.894192 61.024803 9.982598
v 0.000000 62.156998 10.101598
v 0.000001 62.031902 12.597999
v -0.894192 61.024803 9.982598
v 0.000001 62.031902 12.597999
v -0.653095 61.024803 13.653997
v -0.653095 61.024803 13.653997
v 0.000001 62.031902 12.597999
v -0.894191 64.427605 14.041597
v -0.653095 61.024803 13.653997
v -0.894191 64.427605 14.041597
v 0.000001 62.675900 16.797398
v 0.000001 62.675900 16.797398
v -0.894191 64.427605 14.041597
v 0.000001 64.909798 17.038496
v 0.000001 62.675900 16.797398
v 0.000001 64.909798 17.038496
v 0.894193 64.427605 14.041597
v 0.894193 64.427605 14.041597
v 0.000001 64.909798 17.038496
v 0.000001 66.811104 16.226698
v 0.894193 64.427605 14.041597
v 0.000001 66.811104 16.226698
v 0.000001 67.729698 14.374198
v 0.000001 67.729698 14.374198
v 0.000001 66.811104 16.226698
v -0.894191 64.427605 14.041597
v 0.000001 67.729698 14.374198
v -0.894191 64.427605 14.041597
v 0.000001 67.333000 12.179898
v 0.000001 67.333000 12.179898
v -0.894191 64.427605 14.041597
v 0.000000 65.767403 11.035498
v 1.904350 66.667702 0.378428
v 0.000000 65.868095 -2.450642
v 0.000000 65.227196 -0.042728
v 0.000000 65.227196 -0.042728
v 0.000000 65.868095 -2.450642
v -1.904350 66.667702 0.378428
v 0.000000 65.227196 -0.042728
v -1.904350 66.667702 0.378428
v 0.000000 65.544601 2.270578
v 0.000000 65.544601 2.270578
v -1.904350 66.667702 0.378428
v -1.904350 67.546600 2.917568
v 0.000000 65.544601 2.270578
v -1.904350 67.546600 2.917568
v 0.000000 66.512001 3.885008
v 0.000000 66.512001 3.885008
v -1.904350 67.546600 2.917568
v 0.000000 68.904701 5.590988
v 0.000000 66.512001 3.885008
v 0.000000 68.904701 5.590988
v 1.904350 67.546600 2.917568
v 1.904350 67.546600 2.917568
v 0.000000 68.904701 5.590988
v 1.904350 69.594398 4.013178
v 1.904350 67.546600 2.917568
v 1.904350 69.594398 4.013178
v 1.904350 72.481499 1.055938
v 1.904350 72.481499 1.055938
v 1.904350 69.594398 4.013178
v 0.000000 71.755096 2.764977
v 1.904350 72.481499 1.055938
v 0.000000 71.755096 2.764977
v 0.000000 73.110100 1.519817
v 1.904350 -8.008061 -6.811729
v -1.904350 -8.008061 -6.811729
v 1.904350 -4.364151 -8.859520
v 1.904350 -4.364151 -8.859520
v -1.904350 -8.008061 -6.811729
v -1.904350 -4.364151 -8.859520
v 1.904350 -4.364151 -8.859520
v -1.904350 -4.364151 -8.859520
v 1.904350 0.585954 -8.859520
v 1.904350 0.585954 -8.859520
v -1.904350 -4.364151 -8.859520
v -1.904350 0.585954 -8.859520
v 1.904350 0.585954 -8.859520
v -1.904350 0.585954 -8.859520
v 1.904350 3.991820 -6.610311
v 1.904350 3.991820 -6.610311
v -1.904350 0.585954 -8.859520
v -1.904350 3.991820 -6.610311
v 1.904350 3.991820 -6.610311
v -1.904350 3.991820 -6.610311
v 1.904350 4.818870 -3.189180
v 1.904350 4.818870 -3.189180
v -1.904350 3.991820 -6.610311
v -1.904350 4.818870 -3.189180
v 1.904350 4.818870 -3.189180
v -1.904350 4.818870 -3.189180
v 2.569660 4.818870 -0.000000
v 2.569660 4.818870 -0.000000
v -1.904350 4.818870 -3.189180
v -2.569660 4.818870 -0.000000
v 2.569660 4.818870 -0.000000
v -2.569660 4.818870 -0.000000
v -1.904350 4.818871 3.189179
v -1.721240 45.078899 6.051819
v -1.635790 41.026001 4.815819
v -1.666310 42.142998 1.062039
v -1.666310 42.142998 1.062039
v -1.635790 41.026001 4.815819
v -1.504560 35.074898 1.586959
v -1.666310 42.142998 1.062039
v -1.504560 35.074898 1.586959
v -1.507610 35.550999 -1.110871
v -1.507610 35.550999 -1.110871
v -1.504560 35.074898 1.586959
v -1.507610 30.787102 0.680562
v -1.507610 35.550999 -1.110871
v -1.507610 30.787102 0.680562
v -1.507610 30.787102 -0.680564
v -1.507610 30.787102 -0.680564
v -1.507610 30.787102 0.680562
v -1.904350 27.716900 1.882989
v -1.507610 30.787102 -0.680564
v -1.904350 27.716900 1.882989
v -1.904350 27.716900 -1.882991
v -1.904350 27.716900 -1.882991
v -1.904350 27.716900 1.882989
v -1.904350 17.142200 -0.000000
v -1.904350 27.716900 -1.882991
v -1.904350 17.142200 -0.000000
v -1.904350 24.915300 -3.964351
v -1.904350 24.915300 -3.964351
v -1.904350 17.142200 -0.000000
v -1.904350 21.256100 -4.174931
v -1.904350 24.915300 -3.964351
v -1.904350 21.256100 -4.174931
v 0.000000 23.706800 -6.381421
v -1.904350 73.094902 -5.966372
v 0.000000 72.530296 -3.775142
v 0.000000 69.966698 -4.937902
v 0.000000 69.966698 -4.937902
v 0.000000 72.530296 -3.775142
v 1.904350 73.094902 -5.966372
v 0.000000 69.966698 -4.937902
v 1.904350 73.094902 -5.966372
v 1.904350 69.966698 -6.933812
v 1.904350 69.966698 -6.933812
v 1.904350 73.094902 -5.966372
v 0.000000 73.659500 -8.511613
v 1.904350 69.966698 -6.933812
v 0.000000 73.659500 -8.511613
v 0.000000 69.966698 -9.384442
v 0.000000 69.966698 -9.384442
v 0.000000 73.659500 -8.511613
v -1.904350 69.966698 -6.933812
v 0.000000 69.966698 -9.384442
v -1.904350 69.966698 -6.933812
v -1.904350 66.960701 -6.448562
v -1.904350 66.960701 -6.448562
v -1.904350 69.966698 -6.933812
v 0.000000 67.577103 -4.638812
v -1.904350 66.960701 -6.448562
v 0.000000 67.577103 -4.638812
v 0.000000 65.410301 -2.929782
v 0.000000 65.410301 -2.929782
v 0.000000 67.577103 -4.638812
v 1.904350 66.960701 -6.448562
v 0.000000 57.435799 -9.112832
v -1.269570 59.785801 -8.880892
v 0.000000 58.034004 -7.397691
v 0.000000 58.034004 -7.397691
v -1.269570 59.785801 -8.880892
v -1.904350 59.465302 -4.931791
v 0.000000 58.034004 -7.397691
v -1.904350 59.465302 -4.931791
v 0.000000 57.277100 -6.070131
v 0.000000 57.277100 -6.070131
v -1.904350 59.465302 -4.931791
v -1.904350 56.196804 -2.902312
v 0.000000 57.277100 -6.070131
v -1.904350 56.196804 -2.902312
v 0.000000 51.750202 -4.522842
v 0.000000 51.750202 -4.522842
v -1.904350 56.196804 -2.902312
v -1.760920 46.330101 0.744650
v 0.000000 51.750202 -4.522842
v -1.760920 46.330101 0.744650
v 0.000000 45.301701 -0.659201
v 0.000000 45.301701 -0.659201
v -1.760920 46.330101 0.744650
v -1.666310 42.142998 1.062039
v 0.000000 45.301701 -0.659201
v -1.666310 42.142998 1.062039
v 0.000000 42.136898 -0.363171
v 0.000000 42.136898 -0.363171
v -1.666310 42.142998 1.062039
v 0.000000 37.141003 -2.670371
v -1.904350 -13.620401 -6.811729
v -1.904350 -11.032400 -11.133200
v -1.904350 -8.008061 -6.811729
v -1.904350 -8.008061 -6.811729
v -1.904350 -11.032400 -11.133200
v -1.904351 -6.842250 -13.736399
v -1.904350 -8.008061 -6.811729
v -1.904351 -6.842250 -13.736399
v -1.904350 -4.364151 -8.859520
v -1.904350 -4.364151 -8.859520
v -1.904351 -6.842250 -13.736399
v -1.904351 -1.544240 -13.922501
v -1.904350 -4.364151 -8.859520
v -1.904351 -1.544240 -13.922501
v -1.904350 0.585954 -8.859520
v -1.904350 0.585954 -8.859520
v -1.904351 -1.544240 -13.922501
v -1.904350 3.613389 -12.170800
v -1.904350 0.585954 -8.859520
v -1.904350 3.613389 -12.170800
v -1.904350 3.991820 -6.610311
v -1.904350 3.991820 -6.610311
v -1.904350 3.613389 -12.170800
v -1.904350 6.689660 -9.649951
v -1.904350 3.991820 -6.610311
v -1.904350 6.689660 -9.649951
v -1.904350 7.315289 -7.620471
v 0.000000 42.136898 -0.363171
v 1.666310 42.142998 1.062039
v 0.000000 45.301701 -0.659201
v 0.000000 45.301701 -0.659201
v 1.666310 42.142998 1.062039
v 1.760920 46.330101 0.744650
v 0.000000 45.301701 -0.659201
v 1.760920 46.330101 0.744650
v 0.000000 51.750202 -4.522842
v 0.000000 51.750202 -4.522842
v 1.760920 46.330101 0.744650
v 1.904350 56.196804 -2.902312
v 0.000000 51.750202 -4.522842
v 1.904350 56.196804 -2.902312
v 0.000000 57.277100 -6.070131
v 0.000000 57.277100 -6.070131
v 1.904350 56.196804 -2.902312
v 1.904350 59.465302 -4.931791
v 0.000000 57.277100 -6.070131
v 1.904350 59.465302 -4.931791
v 0.000000 58.034004 -7.397691
v 0.000000 58.034004 -7.397691
v 1.904350 59.465302 -4.931791
v 1.269570 59.785801 -8.880892
v 0.000000 58.034004 -7.397691
v 1.269570 59.785801 -8.880892
v 0.000000 57.435799 -9.112832
v 1.904349 7.116919 -11.944901
v 1.904349 3.613389 -12.170800
v 1.904349 6.689660 -9.649951
v 1.904349 6.689660 -9.649951
v 1.904349 3.613389 -12.170800
v 1.904350 3.991820 -6.610311
v 1.904349 6.689660 -9.649951
v 1.904350 3.991820 -6.610311
v 1.904350 7.315289 -7.620471
v 1.904350 7.315289 -7.620471
v 1.904350 3.991820 -6.610311
v 1.904350 4.818870 -3.189180
v 1.904350 7.315289 -7.620471
v 1.904350 4.818870 -3.189180
v 1.904350 9.384439 -7.290870
v 1.904350 9.384439 -7.290870
v 1.904350 4.818870 -3.189180
v 1.904350 12.949000 -2.633750
v 1.904350 9.384439 -7.290870
v 1.904350 12.949000 -2.633750
v 1.904350 10.571599 -8.862581
v 1.904350 10.571599 -8.862581
v 1.904350 12.949000 -2.633750
v 1.904349 12.948999 -10.278600
v 1.904350 10.571599 -8.862581
v 1.904349 12.948999 -10.278600
v 1.904349 10.831000 -11.304101
v -1.904350 7.315289 7.620471
v -1.904349 6.689661 9.649949
v -1.904350 3.991821 6.610310
v -1.904350 3.991821 6.610310
v -1.904349 6.689661 9.649949
v -1.904349 3.613390 12.170800
v -1.904350 3.991821 6.610310
v -1.904349 3.613390 12.170800
v -1.904350 0.585956 8.859520
v -1.904350 0.585956 8.859520
v -1.904349 3.613390 12.170800
v -1.904349 -1.544240 13.922501
v -1.904350 0.585956 8.859520
v -1.904349 -1.544240 13.922501
v -1.904350 -4.364151 8.859520
v -1.904350 -4.364151 8.859520
v -1.904349 -1.544240 13.922501
v -1.904349 -6.842249 13.736401
v -1.904350 -4.364151 8.859520
v -1.904349 -6.842249 13.736401
v -1.904350 -8.008060 6.811729
v -1.904350 -8.008060 6.811729
v -1.904349 -6.842249 13.736401
v -1.904349 -11.032400 11.133200
v -1.904350 -8.008060 6.811729
v -1.904349 -11.032400 11.133200
v -1.904350 -13.620399 6.811730
v 1.904350 -13.620399 6.811730
v 1.904350 -11.032400 11.133200
v 1.904350 -8.008060 6.811729
v 1.904350 -8.008060 6.811729
v 1.904350 -11.032400 11.133200
v 1.904351 -6.842249 13.736401
v 1.904350 -8.008060 6.811729
v 1.904351 -6.842249 13.736401
v 1.904350 -4.364151 8.859520
v 1.904350 -4.364151 8.859520
v 1.904351 -6.842249 13.736401
v 1.904351 -1.544240 13.922501
v 1.904350 -4.364151 8.859520
v 1.904351 -1.544240 13.922501
v 1.904350 0.585956 8.859520
v 1.904350 0.585956 8.859520
v 1.904351 -1.544240 13.922501
v 1.904350 3.613390 12.170800
v 1.904350 0.585956 8.859520
v 1.904350 3.613390 12.170800
v 1.904350 3.991821 6.610310
v 1.904350 3.991821 6.610310
v 1.904350 3.613390 12.170800
v 1.904350 6.689661 9.649949
v 1.904350 3.991821 6.610310
v 1.904350 6.689661 9.649949
v 1.904350 7.315289 7.620471
v 2.569660 4.818870 -0.000000
v -1.904350 4.818871 3.189179
v 1.904350 4.818871 3.189179
v 1.904350 4.818871 3.189179
v -1.904350 4.818871 3.189179
v -1.904350 3.991821 6.610310
v 1.904350 4.818871 3.189179
v -1.904350 3.991821 6.610310
v 1.904350 3.991821 6.610310
v 1.904350 3.991821 6.610310
v -1.904350 3.991821 6.610310
v -1.904350 0.585956 8.859520
v 1.904350 3.991821 6.610310
v -1.904350 0.585956 8.859520
v 1.904350 0.585956 8.859520
v 1.904350 0.585956 8.859520
v -1.904350 0.585956 8.859520
v -1.904350 -4.364151 8.859520
v 1.904350 0.585956 8.859520
v -1.904350 -4.364151 8.859520
v 1.904350 -4.364151 8.859520
v 1.904350 -4.364151 8.859520
v -1.904350 -4.364151 8.859520
v -1.904350 -8.008060 6.811729
v 1.904350 -4.364151 8.859520
v -1.904350 -8.008060 6.811729
v 1.904350 -8.008060 6.811729
v 1.904350 62.096001 6.097598
v 1.904350 61.540596 3.817868
v 1.904350 59.517200 5.386518
v 1.904350 59.517200 5.386518
v 1.904350 61.540596 3.817868
v 1.904350 57.753201 0.283820
v 1.904350 59.517200 5.386518
v 1.904350 57.753201 0.283820
v 1.904350 56.196804 3.491319
v 1.904350 56.196804 3.491319
v 1.904350 57.753201 0.283820
v 1.904350 56.196804 -2.902312
v 1.904350 56.196804 3.491319
v 1.904350 56.196804 -2.902312
v 1.828060 49.406399 5.548269
v 1.828060 49.406399 5.548269
v 1.904350 56.196804 -2.902312
v 1.760920 46.330101 0.744650
v 1.828060 49.406399 5.548269
v 1.760920 46.330101 0.744650
v 1.721240 45.078899 6.051819
v 1.721240 45.078899 6.051819
v 1.760920 46.330101 0.744650
v 1.666310 42.142998 1.062039
v 0.000000 59.706402 9.851377
v 0.000001 59.584301 12.781198
v 0.894192 61.024803 9.982598
v 0.894192 61.024803 9.982598
v 0.000001 59.584301 12.781198
v 0.653097 61.024803 13.653997
v 0.894192 61.024803 9.982598
v 0.653097 61.024803 13.653997
v 0.000001 62.031902 12.597999
v 0.000001 62.031902 12.597999
v 0.653097 61.024803 13.653997
v 0.894193 64.427605 14.041597
v 0.000001 62.031902 12.597999
v 0.894193 64.427605 14.041597
v 0.000000 63.740997 11.102598
v 0.000000 63.740997 11.102598
v 0.894193 64.427605 14.041597
v 0.000000 65.767403 11.035498
v 0.000000 63.740997 11.102598
v 0.000000 65.767403 11.035498
v -0.894191 64.427605 14.041597
v -1.904350 7.315289 -7.620471
v -1.904350 9.384439 -7.290870
v -1.904350 4.818870 -3.189180
v -1.904350 4.818870 -3.189180
v -1.904350 9.384439 -7.290870
v -1.904350 12.949000 -2.633750
v -1.904350 4.818870 -3.189180
v -1.904350 12.949000 -2.633750
v -2.569660 4.818870 -0.000000
v -2.569660 4.818870 -0.000000
v -1.904350 12.949000 -2.633750
v -1.904350 17.142200 -0.000000
v -2.569660 4.818870 -0.000000
v -1.904350 17.142200 -0.000000
v -1.904350 12.949000 2.633749
v -1.904350 12.949000 2.633749
v -1.904350 17.142200 -0.000000
v -1.904350 21.256100 4.174930
v -1.904350 12.949000 2.633749
v -1.904350 21.256100 4.174930
v -1.904350 19.376200 8.301029
v 1.904349 -6.842250 -13.736399
v 1.904349 -11.032400 -11.133200
v 1.904350 -8.008061 -6.811729
v 1.904350 -8.008061 -6.811729
v 1.904349 -11.032400 -11.133200
v 1.904350 -13.620401 -6.811729
v 1.904350 -8.008061 -6.811729
v 1.904350 -13.620401 -6.811729
v 1.904350 -7.068090 -4.654069
v 1.904350 -7.068090 -4.654069
v 1.904350 -13.620401 -6.811729
v 1.904350 -13.522799 -3.717150
v 1.904350 -7.068090 -4.654069
v 1.904350 -13.522799 -3.717150
v 1.904350 -7.547230 -2.581870
v 1.904350 -7.547230 -2.581870
v 1.904350 -13.522799 -3.717150
v 1.904350 -13.522799 3.717151
v 1.904350 -7.547230 -2.581870
v 1.904350 -13.522799 3.717151
v 1.904350 -7.547230 2.581871
v -1.904350 61.540596 3.817868
v -1.904350 59.517200 5.386518
v -1.904350 57.753201 0.283821
v -1.904350 57.753201 0.283821
v -1.904350 59.517200 5.386518
v -1.904350 56.196804 3.491319
v -1.904350 57.753201 0.283821
v -1.904350 56.196804 3.491319
v -1.904350 56.196804 -2.902312
v -1.904350 56.196804 -2.902312
v -1.904350 56.196804 3.491319
v -1.828060 49.406399 5.548269
v -1.904350 56.196804 -2.902312
v -1.828060 49.406399 5.548269
v -1.760920 46.330101 0.744650
v -1.760920 46.330101 0.744650
v -1.828060 49.406399 5.548269
v -1.721240 45.078899 6.051819
v -1.760920 46.330101 0.744650
v -1.721240 45.078899 6.051819
v -1.666310 42.142998 1.062039
v 0.000000 66.072601 -8.911402
v -1.904350 64.165199 -4.620502
v 0.000000 62.685001 -6.656092
v 0.000000 62.685001 -6.656092
v -1.904350 64.165199 -4.620502
v -1.904350 62.700302 -2.099672
v 0.000000 62.685001 -6.656092
v -1.904350 62.700302 -2.099672
v 0.000000 60.225201 -2.282782
v 0.000000 60.225201 -2.282782
v -1.904350 62.700302 -2.099672
v 0.000000 60.222202 3.024379
v 0.000000 60.225201 -2.282782
v 0.000000 60.222202 3.024379
v 1.904350 62.700302 -2.099672
v 1.904350 62.700302 -2.099672
v 0.000000 60.222202 3.024379
v 1.904350 62.642300 3.003018
v 0.000000 33.964001 -2.999972
v 0.000000 30.787102 -2.328560
v 1.507610 30.787102 -0.680564
v 1.507610 30.787102 -0.680564
v 0.000000 30.787102 -2.328560
v 0.000000 29.361900 -2.786341
v 1.507610 30.787102 -0.680564
v 0.000000 29.361900 -2.786341
v 1.904350 27.716900 -1.882991
v 1.904350 27.716900 -1.882991
v 0.000000 29.361900 -2.786341
v 0.000000 27.030199 -5.236981
v 1.904350 27.716900 -1.882991
v 0.000000 27.030199 -5.236981
v 1.904350 24.915300 -3.964351
v 1.904350 24.915300 -3.964351
v 0.000000 27.030199 -5.236981
v 0.000000 23.706800 -6.381421
v 0.000000 83.730606 -2.023382
v 0.000000 85.293106 -2.255322
v 2.438430 83.578003 -4.156622
v 2.438430 83.578003 -4.156622
v 0.000000 85.293106 -2.255322
v 1.904350 83.877098 -5.786312
v 2.438430 83.578003 -4.156622
v 1.904350 83.877098 -5.786312
v 2.438429 78.374603 -9.918522
v 2.438429 78.374603 -9.918522
v 1.904350 83.877098 -5.786312
v 1.904349 80.080597 -9.991762
v 2.438429 78.374603 -9.918522
v 1.904349 80.080597 -9.991762
v -0.000001 76.659401 -11.819802
v -0.000001 76.659401 -11.819802
v 1.904349 80.080597 -9.991762
v -0.000001 78.731697 -11.487202
v -1.904350 62.700302 -2.099672
v -1.904350 62.642300 3.003018
v 0.000000 60.222202 3.024379
v 0.000000 60.222202 3.024379
v -1.904350 62.642300 3.003018
v 0.000000 61.458199 6.097598
v 0.000000 60.222202 3.024379
v 0.000000 61.458199 6.097598
v 1.904350 62.642300 3.003018
v 1.904350 62.642300 3.003018
v 0.000000 61.458199 6.097598
v 0.894192 63.200802 6.433298
v 1.904350 62.642300 3.003018
v 0.894192 63.200802 6.433298
v 1.904350 64.641304 6.515698
v -0.000001 76.659401 -11.819802
v -1.904350 80.080597 -9.991762
v -2.438430 78.374603 -9.918522
v -2.438430 78.374603 -9.918522
v -1.904350 80.080597 -9.991762
v -1.904350 83.877098 -5.786312
v -2.438430 78.374603 -9.918522
v -1.904350 83.877098 -5.786312
v -2.438430 83.578003 -4.156622
v -2.438430 83.578003 -4.156622
v -1.904350 83.877098 -5.786312
v 0.000000 85.293106 -2.255322
v -2.438430 83.578003 -4.156622
v 0.000000 85.293106 -2.255322
v 0.000000 83.730606 -2.023382
v 1.904350 61.540596 3.817868
v 3.192240 63.798897 0.283820
v 1.904350 57.753201 0.283820
v 1.904350 57.753201 0.283820
v 3.192240 63.798897 0.283820
v 1.904350 61.540596 -3.061012
v 1.904350 57.753201 0.283820
v 1.904350 61.540596 -3.061012
v 1.904350 59.465302 -4.931791
v 1.904350 59.465302 -4.931791
v 1.904350 61.540596 -3.061012
v 1.904350 62.215000 -6.122012
v 1.904350 59.465302 -4.931791
v 1.904350 62.215000 -6.122012
v 1.751760 61.458199 -7.693722
v 1.904350 17.047600 9.991760
v 1.904350 19.376200 8.301029
v 1.904350 12.949000 2.633749
v 1.904350 12.949000 2.633749
v 1.904350 19.376200 8.301029
v 1.904350 21.256100 4.174930
v 1.904350 12.949000 2.633749
v 1.904350 21.256100 4.174930
v 1.904350 17.142200 -0.000000
v 1.904350 17.142200 -0.000000
v 1.904350 21.256100 4.174930
v 1.904350 24.915300 3.964349
v 1.904350 17.142200 -0.000000
v 1.904350 24.915300 3.964349
v 1.904350 27.716900 1.882989
v -1.904350 -7.547230 2.581871
v -1.904350 -13.522799 3.717151
v -1.904350 -7.547230 -2.581870
v -1.904350 -7.547230 -2.581870
v -1.904350 -13.522799 3.717151
v -1.904350 -13.522799 -3.717150
v -1.904350 -7.547230 -2.581870
v -1.904350 -13.522799 -3.717150
v -1.904350 -7.068090 -4.654069
v -1.904350 -7.068090 -4.654069
v -1.904350 -13.522799 -3.717150
v -1.904350 -13.620401 -6.811729
v -1.904350 -7.068090 -4.654069
v -1.904350 -13.620401 -6.811729
v -1.904350 -8.008061 -6.811729
v -1.904350 24.915300 -3.964351
v 0.000000 27.030199 -5.236981
v -1.904350 27.716900 -1.882991
v -1.904350 27.716900 -1.882991
v 0.000000 27.030199 -5.236981
v 0.000000 29.361900 -2.786341
v -1.904350 27.716900 -1.882991
v 0.000000 29.361900 -2.786341
v -1.507610 30.787102 -0.680564
v -1.507610 30.787102 -0.680564
v 0.000000 29.361900 -2.786341
v 0.000000 30.787102 -2.328560
v -1.507610 30.787102 -0.680564
v 0.000000 30.787102 -2.328560
v 0.000000 33.964001 -2.999972
v 1.904350 4.818871 3.189179
v 1.904350 12.949000 2.633749
v 2.569660 4.818870 -0.000000
v 2.569660 4.818870 -0.000000
v 1.904350 12.949000 2.633749
v 1.904350 17.142200 -0.000000
v 2.569660 4.818870 -0.000000
v 1.904350 17.142200 -0.000000
v 1.904350 12.949000 -2.633750
v 1.904350 12.949000 -2.633750
v 1.904350 17.142200 -0.000000
v 1.904350 21.256100 -4.174931
v 1.904350 12.949000 -2.633750
v 1.904350 21.256100 -4.174931
v 1.904350 19.376200 -8.301031
v -1.904350 62.096001 6.097598
v -1.904350 61.540596 3.817868
v 0.000000 61.458199 6.097598
v 0.000000 61.458199 6.097598
v -1.904350 61.540596 3.817868
v -1.904350 61.540596 -3.061012
v 0.000000 61.458199 6.097598
v -1.904350 61.540596 -3.061012
v 0.000000 61.458199 -6.122012
v 0.000000 61.458199 -6.122012
v -1.904350 61.540596 -3.061012
v -1.904350 62.215000 -6.122012
v 0.000000 61.458199 -6.122012
v -1.904350 62.215000 -6.122012
v -1.751760 61.458199 -7.693722
v 1.904350 3.991820 -6.610311
v 1.904349 3.613389 -12.170800
v 1.904350 0.585954 -8.859520
v 1.904350 0.585954 -8.859520
v 1.904349 3.613389 -12.170800
v 1.904349 -1.544240 -13.922501
v 1.904350 0.585954 -8.859520
v 1.904349 -1.544240 -13.922501
v 1.904350 -4.364151 -8.859520
v 1.904350 -4.364151 -8.859520
v 1.904349 -1.544240 -13.922501
v 1.904349 -6.842250 -13.736399
v 1.904350 -4.364151 -8.859520
v 1.904349 -6.842250 -13.736399
v 1.904350 -8.008061 -6.811729
v -1.751760 61.458199 -7.693722
v -1.904350 62.215000 -6.122012
v -1.904350 59.465302 -4.931791
v -1.904350 59.465302 -4.931791
v -1.904350 62.215000 -6.122012
v -1.904350 61.540596 -3.061012
v -1.904350 59.465302 -4.931791
v -1.904350 61.540596 -3.061012
v -1.904350 57.753201 0.283821
v -1.904350 57.753201 0.283821
v -1.904350 61.540596 -3.061012
v -3.192240 63.798897 0.283820
v -1.904350 57.753201 0.283821
v -3.192240 63.798897 0.283820
v -1.904350 61.540596 3.817868
v 1.751760 61.458199 -7.693722
v 1.904350 62.215000 -6.122012
v 0.000000 61.458199 -6.122012
v 0.000000 61.458199 -6.122012
v 1.904350 62.215000 -6.122012
v 1.904350 61.540596 -3.061012
v 0.000000 61.458199 -6.122012
v 1.904350 61.540596 -3.061012
v 0.000000 61.458199 6.097598
v 0.000000 61.458199 6.097598
v 1.904350 61.540596 -3.061012
v 1.904350 61.540596 3.817868
v 0.000000 61.458199 6.097598
v 1.904350 61.540596 3.817868
v 1.904350 62.096001 6.097598
v -0.000001 76.659401 -11.819802
v 0.000000 76.213905 -10.348803
v 2.438429 78.374603 -9.918522
v 2.438429 78.374603 -9.918522
v 0.000000 76.213905 -10.348803
v 1.904350 77.581100 -8.835112
v 2.438429 78.374603 -9.918522
v 1.904350 77.581100 -8.835112
v 2.438430 83.578003 -4.156622
v 2.438430 83.578003 -4.156622
v 1.904350 77.581100 -8.835112
v 1.904350 82.363403 -3.537103
v 2.438430 83.578003 -4.156622
v 1.904350 82.363403 -3.537103
v 0.000000 83.730606 -2.023382
v 0.000000 83.730606 -2.023382
v -1.904350 82.363403 -3.537103
v -2.438430 83.578003 -4.156622
v -2.438430 83.578003 -4.156622
v -1.904350 82.363403 -3.537103
v -1.904350 77.581100 -8.835112
v -2.438430 83.578003 -4.156622
v -1.904350 77.581100 -8.835112
v -2.438430 78.374603 -9.918522
v -2.438430 78.374603 -9.918522
v -1.904350 77.581100 -8.835112
v 0.000000 76.213905 -10.348803
v -2.438430 78.374603 -9.918522
v 0.000000 76.213905 -10.348803
v -0.000001 76.659401 -11.819802
v 1.904350 -7.547230 -2.581870
v -1.904350 -7.547230 -2.581870
v 1.904350 -7.068090 -4.654069
v 1.904350 -7.068090 -4.654069
v -1.904350 -7.547230 -2.581870
v -1.904350 -7.068090 -4.654069
v 1.904350 -7.068090 -4.654069
v -1.904350 -7.068090 -4.654069
v 1.904350 -8.008061 -6.811729
v 1.904350 -8.008061 -6.811729
v -1.904350 -7.068090 -4.654069
v -1.904350 -8.008061 -6.811729
v 1.904350 10.831000 11.304099
v 1.904350 12.949001 10.278600
v 1.904350 10.571601 8.862579
v 1.904350 10.571601 8.862579
v 1.904350 12.949001 10.278600
v 1.904350 12.949000 2.633749
v 1.904350 10.571601 8.862579
v 1.904350 12.949000 2.633749
v 1.904350 9.384440 7.290870
v 1.904350 9.384440 7.290870
v 1.904350 12.949000 2.633749
v 1.904350 4.818871 3.189179
v -1.904350 19.376200 8.301029
v -1.904349 17.047600 9.991760
v -1.904350 12.949000 2.633749
v -1.904350 12.949000 2.633749
v -1.904349 17.047600 9.991760
v -1.904349 12.949001 10.278600
v -1.904350 12.949000 2.633749
v -1.904349 12.949001 10.278600
v -1.904350 10.571601 8.862579
v -1.904350 10.571601 8.862579
v -1.904349 12.949001 10.278600
v -1.904349 10.831000 11.304099
v 0.000000 -7.547230 -2.566610
v 0.000000 -5.832090 -1.574759
v -1.904350 -7.547230 0.000001
v -1.904350 -7.547230 0.000001
v 0.000000 -5.832090 -1.574759
v 0.000000 -5.832090 1.574760
v -1.904350 -7.547230 0.000001
v 0.000000 -5.832090 1.574760
v 0.000000 -7.547230 2.566611
v 0.000000 -7.547230 2.566611
v 0.000000 -5.832090 1.574760
v 1.904350 -7.547230 0.000001
v 1.904350 56.196804 3.491319
v 0.000000 57.109303 6.497388
v 1.904350 59.517200 5.386518
v 1.904350 59.517200 5.386518
v 0.000000 57.109303 6.497388
v 0.000000 58.027901 7.934809
v 1.904350 59.517200 5.386518
v 0.000000 58.027901 7.934809
v 1.382490 59.932201 9.250158
v 1.382490 59.932201 9.250158
v 0.000000 58.027901 7.934809
v 0.000000 57.435799 9.775078
v 0.000000 2.673420 -1.574760
v 0.000000 2.673420 1.574760
v 0.000000 -5.832090 1.574760
v 0.000000 2.673420 -1.574760
v 0.000000 2.673420 1.574760
v 1.904350 4.818870 -0.000000
v 1.904350 4.818870 -0.000000
v 0.000000 2.673420 1.574760
v 0.000000 4.818871 3.189179
v -1.904350 62.096001 6.097598
v -1.751760 61.458199 7.763908
v -1.904350 59.517200 5.386518
v -1.904350 59.517200 5.386518
v -1.751760 61.458199 7.763908
v -1.382490 59.932201 9.250158
v -1.904350 59.517200 5.386518
v -1.382490 59.932201 9.250158
v 0.000000 58.027901 7.934809
v 0.000000 58.027901 7.934809
v -1.382490 59.932201 9.250158
v 0.000000 57.435799 9.775078
v 1.904350 72.481499 1.055938
v 1.904350 66.667702 0.378428
v 1.904350 67.546600 2.917568
v 1.904350 67.546600 2.917568
v 1.904350 66.667702 0.378428
v 0.000000 65.544601 2.270578
v 1.904350 67.546600 2.917568
v 0.000000 65.544601 2.270578
v 0.000000 66.512001 3.885008
v 0.000000 73.140701 -1.934873
v -1.904350 72.454002 -1.416062
v 0.000000 72.023705 -3.344832
v 0.000000 72.023705 -3.344832
v -1.904350 72.454002 -1.416062
v -1.904350 70.192596 -2.905362
v 0.000000 72.023705 -3.344832
v -1.904350 70.192596 -2.905362
v 0.000000 69.978897 -4.202402
v -1.904350 75.237297 -3.466903
v -0.701926 76.070396 -4.855493
v 0.000000 77.123299 -4.437393
v 0.000000 77.123299 -4.437393
v -0.701926 76.070396 -4.855493
v 0.000000 78.502800 -5.084383
v 0.000000 77.123299 -4.437393
v 0.000000 78.502800 -5.084383
v 0.701926 76.070396 -4.855493
v 0.000001 59.584301 12.781198
v 0.000001 60.771500 15.445397
v 0.653097 61.024803 13.653997
v 0.653097 61.024803 13.653997
v 0.000001 60.771500 15.445397
v 0.000001 62.675900 16.797398
v 0.653097 61.024803 13.653997
v 0.000001 62.675900 16.797398
v 0.894193 64.427605 14.041597
v 0.000000 60.225201 -2.282782
v 1.904350 62.700302 -2.099672
v 0.000000 62.685001 -6.656092
v 0.000000 62.685001 -6.656092
v 1.904350 62.700302 -2.099672
v 1.904350 64.165199 -4.620502
v 0.000000 62.685001 -6.656092
v 1.904350 64.165199 -4.620502
v 0.000000 66.072601 -8.911402
v -1.904350 10.571599 -8.862581
v -1.904350 12.948999 -10.278600
v -1.904350 12.949000 -2.633750
v -1.904350 12.949000 -2.633750
v -1.904350 12.948999 -10.278600
v -1.904350 17.047600 -9.991760
v -1.904350 12.949000 -2.633750
v -1.904350 17.047600 -9.991760
v -1.904350 19.376200 -8.301031
v 0.000000 33.964001 -2.999972
v 1.507610 35.550999 -1.110872
v 0.000000 37.141003 -2.670371
v 0.000000 37.141003 -2.670371
v 1.507610 35.550999 -1.110872
v 1.666310 42.142998 1.062039
v 0.000000 37.141003 -2.670371
v 1.666310 42.142998 1.062039
v 0.000000 42.136898 -0.363171
v -0.000001 98.843300 -19.437204
v -0.000001 99.762001 -22.592905
v 0.784325 95.611397 -19.248003
v 0.784325 95.611397 -19.248003
v -0.000001 99.762001 -22.592905
v -0.000001 96.490402 -22.345703
v 0.784325 95.611397 -19.248003
v -0.000001 96.490402 -22.345703
v -0.000001 93.783401 -24.088303
v -0.000001 94.292999 -14.053803
v -0.000001 96.774200 -16.205305
v 0.784325 95.611397 -19.248003
v 0.784325 95.611397 -19.248003
v -0.000001 96.774200 -16.205305
v -0.000001 100.000000 -16.403704
v 0.784325 95.611397 -19.248003
v -0.000001 100.000000 -16.403704
v -0.000001 98.843300 -19.437204
v -0.463882 93.072304 -17.224604
v -0.000001 90.224899 -19.101505
v -0.784327 95.611397 -19.248003
v -0.784327 95.611397 -19.248003
v -0.000001 90.224899 -19.101505
v -0.000001 92.879997 -21.024204
v -0.784327 95.611397 -19.248003
v -0.000001 92.879997 -21.024204
v -0.000001 93.783401 -24.088303
v -0.000001 92.879997 -21.024204
v -0.000001 90.224899 -19.101505
v 0.784325 95.611397 -19.248003
v 0.784325 95.611397 -19.248003
v -0.000001 90.224899 -19.101505
v 0.463880 93.072304 -17.224604
v 0.784325 95.611397 -19.248003
v 0.463880 93.072304 -17.224604
v -0.000001 94.292999 -14.053803
v -0.000001 78.731697 -11.487202
v 1.904349 80.080597 -9.991762
v -0.000001 95.611397 -19.248003
v -0.000001 95.611397 -19.248003
v 1.904349 80.080597 -9.991762
v 1.904350 83.877098 -5.786312
v -0.000001 95.611397 -19.248003
v 1.904350 83.877098 -5.786312
v 0.000000 85.228996 -4.290902
v -1.904350 10.571601 8.862579
v -1.904350 9.384440 7.290870
v -1.904350 12.949000 2.633749
v -1.904350 12.949000 2.633749
v -1.904350 9.384440 7.290870
v -1.904350 4.818871 3.189179
v -1.904350 12.949000 2.633749
v -1.904350 4.818871 3.189179
v -2.569660 4.818870 -0.000000
v -1.904350 -8.008060 6.811729
v -1.904350 -13.620399 6.811730
v -1.904350 -7.068089 4.654069
v -1.904350 -7.068089 4.654069
v -1.904350 -13.620399 6.811730
v -1.904350 -13.522799 3.717151
v -1.904350 -7.068089 4.654069
v -1.904350 -13.522799 3.717151
v -1.904350 -7.547230 2.581871
v 1.904350 -8.008060 6.811729
v -1.904350 -7.068089 4.654069
v 1.904350 -7.068089 4.654069
v 1.904350 -7.068089 4.654069
v -1.904350 -7.068089 4.654069
v -1.904350 -7.547230 2.581871
v 1.904350 -7.068089 4.654069
v -1.904350 -7.547230 2.581871
v 1.904350 -7.547230 2.581871
v -0.000001 99.762001 -22.592905
v -0.000001 98.843300 -19.437204
v -0.784327 95.611397 -19.248003
v -0.784327 95.611397 -19.248003
v -0.000001 98.843300 -19.437204
v -0.000001 100.000000 -16.403704
v -0.784327 95.611397 -19.248003
v -0.000001 100.000000 -16.403704
v -0.000001 96.774200 -16.205305
v 1.904350 -7.547230 2.581871
v 1.904350 -13.522799 3.717151
v 1.904350 -7.068089 4.654069
v 1.904350 -7.068089 4.654069
v 1.904350 -13.522799 3.717151
v 1.904350 -13.620399 6.811730
v 1.904350 -7.068089 4.654069
v 1.904350 -13.620399 6.811730
v 1.904350 -8.008060 6.811729
v -1.904350 77.581100 -8.835112
v -1.904350 82.363403 -3.537103
v 0.000000 76.213905 -10.348803
v 0.000000 76.213905 -10.348803
v -1.904350 82.363403 -3.537103
v 0.000000 83.730606 -2.023382
v 0.000000 76.213905 -10.348803
v 0.000000 83.730606 -2.023382
v 1.904350 82.363403 -3.537103
v 1.382490 59.932201 9.250158
v 0.000000 57.435799 9.775078
v 0.000000 61.458199 6.097598
v 0.000000 61.458199 6.097598
v 0.000000 57.435799 9.775078
v -1.382490 59.932201 9.250158
v 0.000000 61.458199 6.097598
v -1.382490 59.932201 9.250158
v -1.751760 61.458199 7.763908
v 0.000000 85.228996 -4.290902
v -1.904350 83.877098 -5.786312
v -0.000001 95.611397 -19.248003
v -0.000001 95.611397 -19.248003
v -1.904350 83.877098 -5.786312
v -1.904350 80.080597 -9.991762
v -0.000001 95.611397 -19.248003
v -1.904350 80.080597 -9.991762
v -0.000001 78.731697 -11.487202
v -1.751760 61.458199 -7.693722
v -1.269570 59.785801 -8.880892
v 0.000000 61.458199 -6.122012
v 0.000000 61.458199 -6.122012
v -1.269570 59.785801 -8.880892
v 0.000000 57.435799 -9.112832
v 0.000000 61.458199 -6.122012
v 0.000000 57.435799 -9.112832
v 1.269570 59.785801 -8.880892
v -1.507610 30.787102 -0.680564
v 0.000000 33.964001 -2.999972
v -1.507610 35.550999 -1.110871
v -1.507610 35.550999 -1.110871
v 0.000000 33.964001 -2.999972
v 0.000000 37.141003 -2.670371
v -1.507610 35.550999 -1.110871
v 0.000000 37.141003 -2.670371
v -1.666310 42.142998 1.062039
v 0.000000 4.818871 3.189179
v 0.000000 2.673420 1.574760
v -1.904350 4.818870 -0.000000
v -1.904350 4.818870 -0.000000
v 0.000000 2.673420 1.574760
v 0.000000 2.673420 -1.574760
v -1.904350 4.818870 -0.000000
v 0.000000 2.673420 -1.574760
v 0.000000 4.818870 -3.189180
v 1.672410 30.906099 4.834128
v 1.672410 37.769699 -9.561451
v 1.672410 37.769699 4.834128
v 1.672410 30.906099 -9.561451
v 1.672410 37.769699 -9.561451
v 1.672410 30.906099 4.834128
v -1.672410 37.769699 4.834128
v -1.672410 30.906099 4.834128
v -1.672410 37.769699 -9.561451
v 1.910460 39.460400 10.132099
v 1.910460 47.587498 -6.909392
v 1.910460 47.587498 10.132098
v 2.078310 47.648502 7.986688
v 2.078309 58.333099 -14.423002
v 2.078310 58.333099 7.986688
v 2.078309 47.648502 -14.423001
v 2.078309 58.333099 -14.423002
v 2.078310 47.648502 7.986688
v -1.672410 30.906099 -9.561451
v -1.672410 37.769699 -9.561451
v -1.672410 30.906099 4.834128
v -1.910460 39.460400 -6.909391
v -1.910460 47.587498 -6.909392
v -1.910460 39.460400 10.132099
v -1.910460 39.460400 10.132099
v -1.910460 47.587498 -6.909392
v -1.910460 47.587498 10.132098
v 1.910460 39.460400 10.132099
v 1.910460 39.460400 -6.909391
v 1.910460 47.587498 -6.909392
v -2.078310 47.648502 7.986688
v -2.078311 58.333099 -14.423002
v -2.078310 58.333099 7.986688
v -2.078311 47.648502 -14.423001
v -2.078311 58.333099 -14.423002
v -2.078310 47.648502 7.986688
v 0.125126 -16.330500 -1.791440
v 0.125126 -21.912300 -1.791439
v 0.125126 -21.912300 1.791441
v 0.061037 -27.448299 3.149511
v 0.061037 -21.146301 3.149511
v 0.061037 -21.146301 -3.149509
v 0.061037 -27.448299 -3.149509
v 0.061037 -27.448299 3.149511
v 0.061037 -21.146301 -3.149509
v 0.000000 -33.014900 3.149511
v 0.000000 -26.712900 3.149511
v 0.000000 -26.712900 -3.149509
v 0.000000 -33.014900 -3.149510
v 0.000000 -33.014900 3.149511
v 0.000000 -26.712900 -3.149509
v -0.061037 -38.660801 3.149511
v -0.061037 -32.355698 3.149511
v -0.061037 -32.355698 -3.149510
v -0.061037 -38.660801 -3.149509
v -0.061037 -38.660801 3.149511
v -0.061037 -32.355698 -3.149510
v -0.125126 -49.876400 3.939942
v -0.125126 -37.705601 3.939941
v -0.125126 -37.705601 -3.939939
v -0.125126 -49.876400 -3.939938
v -0.125126 -49.876400 3.939942
v -0.125126 -37.705601 -3.939939
v 0.125126 -16.330500 -1.791440
v 0.125126 -21.912300 1.791441
v 0.125126 -16.330500 1.791440
v 0.000000 73.885300 -2.505573
v 0.000000 73.140701 -1.934873
v 0.000000 72.530296 -3.775142
v 0.000000 66.512001 3.885008
v 0.000000 64.796898 3.009128
v 0.000000 65.544601 2.270578
v 0.000000 73.140701 -1.934873
v 0.000000 72.023705 -3.344832
v 0.000000 72.530296 -3.775142
v 0.000000 66.512001 3.885008
v 0.000000 65.916901 4.739518
v 0.000000 64.796898 3.009128
v 0.000000 2.673420 -1.574760
v 0.000000 -5.832090 1.574760
v 0.000000 -5.832090 -1.574759
v 0.000000 2.673420 -1.574760
v 0.000000 2.673420 1.574760
v 0.000000 -5.832090 1.574760
v 1.672410 30.906099 4.834128
v 1.672410 37.769699 -9.561451
v 1.672410 37.769699 4.834128
v 1.672410 30.906099 -9.561451
v 1.672410 37.769699 -9.561451
v 1.672410 30.906099 4.834128
v -1.672410 37.769699 4.834128
v -1.672410 30.906099 4.834128
v -1.672410 37.769699 -9.561451
v 1.910460 39.460400 10.132099
v 1.910460 47.587498 -6.909392
v 1.910460 47.587498 10.132098
v 2.078310 47.648502 7.986688
v 2.078309 58.333099 -14.423002
v 2.078310 58.333099 7.986688
v 2.078309 47.648502 -14.423001
v 2.078309 58.333099 -14.423002
v 2.078310 47.648502 7.986688
v -1.672410 30.906099 -9.561451
v -1.672410 37.769699 -9.561451
v -1.672410 30.906099 4.834128
v -1.910460 39.460400 -6.909391
v -1.910460 47.587498 -6.909392
v -1.910460 39.460400 10.132099
v -1.910460 39.460400 10.132099
v -1.910460 47.587498 -6.909392
v -1.910460 47.587498 10.132098
v 1.910460 39.460400 10.132099
v 1.910460 39.460400 -6.909391
v 1.910460 47.587498 -6.909392
v -2.078310 47.648502 7.986688
v -2.078311 58.333099 -14.423002
v -2.078310 58.333099 7.986688
v -2.078311 47.648502 -14.423001
v -2.078311 58.333099 -14.423002
v -2.078310 47.648502 7.986688
vn 1.0000 -0.0000 -0.0000
vn -1.0000 -0.0000 -0.0000
vn -0.7575 -0.3877 -0.5252
vn 0.7575 -0.3877 -0.5252
vn -0.7680 -0.5567 0.3168
vn -0.8169 -0.4806 0.3188
vn 0.7467 0.5505 0.3732
vn 0.7860 0.6175 0.0309
vn 0.9635 0.1580 -0.2162
vn 0.9629 0.2656 -0.0480
vn 0.6672 -0.2262 -0.7097
vn 0.9847 -0.0984 0.1436
vn 0.9963 -0.0228 0.0825
vn -0.7499 -0.3280 0.5746
vn -0.8097 -0.4945 0.3160
vn 0.7593 0.3258 -0.5634
vn 0.6692 0.7431 -0.0000
vn -0.0000 1.0000 -0.0000
vn -0.9687 0.1626 0.1876
vn -0.9890 -0.0073 0.1475
vn -0.0000 -0.5504 0.8349
vn -0.0000 -0.9332 0.3593
vn -0.9691 0.1336 -0.2075
vn -0.9679 -0.0189 -0.2504
vn -0.3012 0.8994 0.3167
vn -0.5193 0.6574 0.5460
vn -0.9569 0.1141 0.2672
vn -0.9480 -0.2095 -0.2395
vn -0.6904 -0.6688 -0.2757
vn -0.7875 0.4680 -0.4011
vn 0.5650 0.8247 -0.0260
vn 0.5840 -0.8043 0.1104
vn 0.6977 -0.5439 0.4662
vn 0.9843 -0.1764 -0.0000
vn -0.7048 0.2310 -0.6708
vn 0.9788 0.0140 -0.2042
vn 0.3012 0.8994 0.3167
vn -0.5417 0.5848 -0.6038
vn 0.0003 -0.7423 0.6701
vn 0.9699 -0.2337 -0.0689
vn 0.6282 -0.1910 0.7543
vn -0.0000 0.9168 0.3994
vn -0.9725 -0.1602 -0.1693
vn 0.8687 0.4954 -0.0000
vn -0.5526 0.1321 -0.8229
vn 0.8020 -0.0537 -0.5949
vn -0.5650 0.8247 -0.0260
vn 0.8010 -0.3599 -0.4783
vn 0.9725 -0.1602 -0.1693
vn -0.9843 -0.1764 -0.0000
vn -0.8687 0.4954 -0.0000
vn -0.8198 0.4591 -0.3423
vn -0.7620 -0.3875 -0.5188
vn -0.7853 0.2786 0.5529
vn -0.7527 -0.6496 0.1073
vn -0.7466 -0.6650 -0.0200
vn -0.7082 -0.7040 -0.0542
vn -0.7287 -0.6655 -0.1619
vn -0.6885 -0.6917 -0.2182
vn -0.7275 -0.5070 -0.4623
vn -0.7335 -0.5070 -0.4528
vn -0.7504 -0.2309 -0.6193
vn -0.7599 -0.2375 -0.6051
vn -0.7585 0.0612 -0.6488
vn -0.7591 0.0604 -0.6481
vn -0.7460 0.3465 -0.5687
vn -0.7529 0.3360 -0.5659
vn -0.7303 0.5735 -0.3712
vn -0.7006 0.6202 -0.3529
vn -0.7425 0.6567 -0.1320
vn -0.6277 0.7784 0.0088
vn -0.7580 0.6063 0.2404
vn -0.7111 0.6079 0.3533
vn -0.7402 0.3680 0.5627
vn -0.8009 -0.3277 -0.5011
vn -0.8014 -0.0721 -0.5937
vn 0.8014 -0.0721 -0.5937
vn 0.7858 -0.0986 -0.6106
vn 0.7035 0.1133 0.7016
vn 0.7208 0.0861 0.6878
vn -0.7208 0.0861 0.6878
vn -0.7076 -0.2088 0.6751
vn -0.8066 0.1747 -0.5647
vn -0.7681 0.4227 -0.4809
vn 0.7681 0.4227 -0.4809
vn 0.8198 0.4591 -0.3423
vn 0.7875 0.4680 -0.4011
vn 0.7438 0.6070 -0.2799
vn 0.7241 0.6834 -0.0929
vn -0.7241 0.6834 -0.0929
vn -0.7295 0.6787 -0.0846
vn -0.6086 -0.7874 0.0981
vn -0.6451 -0.7630 0.0424
vn 0.6451 -0.7630 0.0424
vn 0.5879 -0.7642 -0.2653
vn 0.7598 0.6142 0.2132
vn 0.6837 0.5450 0.4852
vn -0.6837 0.5450 0.4852
vn -0.7376 0.4074 0.5385
vn -0.5224 -0.5145 -0.6800
vn -0.5865 -0.4210 -0.6920
vn 0.5865 -0.4210 -0.6920
vn 0.5380 -0.0127 -0.8428
vn 0.7044 0.0107 0.7097
vn 0.6514 -0.0704 0.7554
vn -0.6514 -0.0704 0.7554
vn -0.6695 -0.3504 0.6549
vn -0.6672 -0.2262 -0.7097
vn -0.5678 -0.1035 -0.8166
vn 0.5678 -0.1035 -0.8166
vn 0.5047 0.3339 -0.7961
vn 0.5852 0.4460 -0.6772
vn 0.4117 0.7143 -0.5659
vn 0.3772 0.9079 -0.1828
vn -0.3772 0.9079 -0.1828
vn -0.4736 0.8807 -0.0098
vn -0.0000 -0.6532 0.7572
vn -0.0000 -0.6532 -0.7572
vn -0.0000 -0.9995 0.0315
vn -0.0000 -0.8579 -0.5138
vn -0.0000 -0.5277 -0.8494
vn -0.0000 -0.0351 -0.9994
vn -0.0000 0.3216 -0.9469
vn -0.0000 0.0643 -0.9979
vn -0.0000 0.9831 0.1830
vn -0.0000 0.9556 -0.2946
vn -0.0000 0.1573 -0.9875
vn -0.0000 -0.7980 -0.6027
vn -0.0000 -0.9944 -0.1057
vn -0.0000 0.4358 -0.9000
vn -0.0000 0.0698 -0.9976
vn -0.0000 0.5875 -0.8092
vn -0.0000 0.9100 -0.4146
vn -0.0000 0.9100 0.4146
vn -0.0000 0.5875 0.8092
vn -0.0000 0.0698 0.9976
vn -0.0000 0.4358 0.9000
vn -0.0000 -0.9944 0.1057
vn -0.0000 -0.7980 0.6027
vn -0.0000 0.1573 0.9875
vn -0.0000 0.9556 0.2946
vn -0.0000 0.9831 -0.1830
vn -0.0000 0.0643 0.9979
vn -0.0000 0.3216 0.9469
vn -0.0000 -0.0351 0.9994
vn -0.0000 -0.5277 0.8494
vn -0.0000 -0.8579 0.5138
vn -0.0000 -0.9995 -0.0315
vn -0.6977 -0.5439 0.4662
vn -0.6493 -0.5200 0.5550
vn 0.6493 -0.5200 0.5550
vn 0.6086 -0.7874 0.0981
vn 0.7295 0.6787 -0.0846
vn 0.7017 0.6997 0.1340
vn -0.7017 0.6997 0.1340
vn -0.7598 0.6142 0.2132
vn -0.5879 -0.7642 -0.2653
vn -0.5638 -0.7903 -0.2399
vn 0.5638 -0.7903 -0.2399
vn 0.5224 -0.5145 -0.6800
vn 0.7376 0.4074 0.5385
vn 0.6396 0.2712 0.7193
vn -0.6396 0.2712 0.7193
vn -0.7044 0.0107 0.7097
vn -0.5380 -0.0127 -0.8428
vn -0.3337 0.6745 0.6585
vn -0.3736 0.6277 0.6830
vn -0.3513 0.9139 0.2036
vn 0.3513 0.9139 0.2036
vn 0.4736 0.8807 -0.0098
vn 0.6904 -0.6688 -0.2757
vn 0.5893 -0.4954 -0.6382
vn -0.5893 -0.4954 -0.6382
vn 0.7620 -0.3875 -0.5188
vn 0.7853 0.2786 0.5529
vn 0.7527 -0.6496 0.1073
vn 0.7466 -0.6650 -0.0200
vn 0.7082 -0.7040 -0.0542
vn 0.7287 -0.6655 -0.1619
vn 0.6885 -0.6917 -0.2182
vn 0.7275 -0.5070 -0.4623
vn 0.7335 -0.5070 -0.4528
vn 0.7504 -0.2309 -0.6193
vn 0.7599 -0.2375 -0.6051
vn 0.7585 0.0612 -0.6488
vn 0.7591 0.0604 -0.6481
vn 0.7460 0.3465 -0.5687
vn 0.7529 0.3360 -0.5659
vn 0.7303 0.5735 -0.3712
vn 0.7006 0.6202 -0.3529
vn 0.7425 0.6567 -0.1320
vn 0.6277 0.7784 0.0088
vn 0.7580 0.6063 0.2404
vn 0.7111 0.6079 0.3533
vn 0.7402 0.3680 0.5627
vn 0.8009 -0.3277 -0.5011
vn -0.9264 -0.2179 0.3069
vn -0.8270 -0.5136 0.2289
vn -0.8953 -0.4415 0.0588
vn -0.8285 -0.5596 -0.0233
vn -0.8134 -0.5272 -0.2460
vn 0.8134 -0.5272 -0.2460
vn 0.8805 -0.4041 -0.2477
vn 0.7835 0.5297 0.3248
vn 0.7365 -0.5398 0.4075
vn 0.7517 -0.3421 0.5638
vn 0.7586 -0.3326 0.5603
vn 0.7676 -0.0507 0.6389
vn 0.7586 -0.0605 0.6487
vn 0.7590 0.2448 0.6033
vn 0.7514 0.2411 0.6142
vn 0.7324 0.5116 0.4493
vn 0.7267 0.5124 0.4576
vn 0.6968 0.6713 0.2526
vn 0.7343 0.6474 0.2042
vn 0.7191 0.6870 0.1047
vn 0.7627 0.6448 0.0497
vn -0.6282 -0.1910 0.7543
vn -0.7761 0.0362 0.6296
vn -0.7048 0.2310 0.6708
vn -0.7679 0.3820 0.5142
vn -0.6898 0.5245 0.4991
vn -0.6317 0.3521 0.6906
vn -0.7211 0.2119 0.6597
vn -0.7305 -0.1407 0.6683
vn -0.7214 -0.1357 0.6791
vn -0.7576 -0.3241 0.5666
vn -0.7565 -0.3242 0.5679
vn -0.7590 -0.2045 0.6182
vn -0.7297 -0.1896 0.6570
vn -0.7746 0.0542 0.6301
vn -0.7803 0.0470 0.6236
vn -0.8062 0.1632 0.5687
vn -0.7683 0.2062 0.6059
vn -0.8302 -0.0835 0.5512
vn 0.7761 0.0362 0.6296
vn 0.7048 0.2310 0.6708
vn 0.7679 0.3820 0.5142
vn 0.6898 0.5245 0.4991
vn 0.6317 0.3521 0.6906
vn 0.7211 0.2119 0.6597
vn 0.7305 -0.1407 0.6683
vn 0.7214 -0.1357 0.6791
vn 0.7576 -0.3241 0.5666
vn 0.7565 -0.3242 0.5679
vn 0.7590 -0.2045 0.6182
vn 0.7297 -0.1896 0.6570
vn 0.7746 0.0542 0.6301
vn 0.7803 0.0470 0.6236
vn 0.8062 0.1632 0.5687
vn 0.7683 0.2062 0.6059
vn 0.8302 -0.0835 0.5512
vn -0.7627 0.6448 0.0497
vn -0.7191 0.6870 0.1047
vn -0.7343 0.6474 0.2042
vn -0.6968 0.6713 0.2526
vn -0.7267 0.5124 0.4576
vn -0.7324 0.5116 0.4493
vn -0.7514 0.2411 0.6142
vn -0.7590 0.2448 0.6033
vn -0.7586 -0.0605 0.6487
vn -0.7676 -0.0507 0.6389
vn -0.7586 -0.3326 0.5603
vn -0.7517 -0.3421 0.5638
vn -0.7365 -0.5398 0.4075
vn -0.7835 0.5297 0.3248
vn -0.8805 -0.4041 -0.2477
vn -0.6282 -0.1910 -0.7543
vn 0.6282 -0.1910 -0.7543
vn 0.7761 0.0362 -0.6296
vn 0.9918 0.1282 -0.0000
vn 1.0000 0.0005 0.0012
vn 0.9997 -0.0231 -0.0029
vn 0.9997 -0.0228 0.0014
vn 0.9998 -0.0216 0.0017
vn -0.7467 0.5505 0.3732
vn -0.7860 0.6175 0.0309
vn -0.8114 0.5821 0.0533
vn -0.8504 -0.0003 -0.5262
vn -0.9631 -0.0968 0.2510
vn -0.9564 -0.0313 0.2904
vn 0.9564 -0.0313 0.2904
vn 0.9569 0.1141 0.2672
vn 0.9610 0.2478 0.1229
vn -0.9610 0.2478 0.1229
vn -0.9629 0.2656 -0.0480
vn -0.9635 0.1580 -0.2162
vn 0.6189 -0.7591 -0.2020
vn -0.6189 -0.7591 -0.2020
vn -0.5840 -0.8043 0.1104
vn -0.6616 -0.7086 0.2453
vn -0.5881 -0.6938 0.4157
vn -0.5891 -0.4691 0.6579
vn 0.5891 -0.4691 0.6579
vn 0.6695 -0.3504 0.6549
vn 0.3337 0.6745 0.6585
vn 0.3736 0.6277 0.6830
vn -0.0000 0.4899 0.8718
vn -0.0000 -0.0000 1.0000
vn -0.0000 -0.5511 0.8345
vn -0.0000 -0.9720 0.2350
vn -0.0000 -1.0000 -0.0000
vn -0.9998 -0.0216 0.0017
vn -0.9997 -0.0228 0.0014
vn -0.9997 -0.0231 -0.0029
vn -1.0000 0.0005 0.0012
vn -0.9918 0.1282 -0.0000
vn -0.7761 0.0362 -0.6296
vn -0.7603 -0.2683 0.5916
vn 0.7603 -0.2683 0.5916
vn 0.7076 -0.2088 0.6751
vn 0.8066 0.1747 -0.5647
vn 0.7814 0.1435 -0.6072
vn -0.7814 0.1435 -0.6072
vn -0.7858 -0.0986 -0.6106
vn -0.7035 0.1133 0.7016
vn -0.6875 0.4497 0.5702
vn 0.6875 0.4497 0.5702
vn -0.8603 -0.4813 0.1679
vn -0.7236 -0.6688 -0.1706
vn -0.7913 -0.5311 -0.3028
vn -0.7441 -0.3524 -0.5675
vn -0.8230 -0.1531 -0.5470
vn -0.8552 -0.1906 -0.4820
vn -0.7014 -0.3663 -0.6114
vn -0.6472 -0.0722 -0.7589
vn -0.6485 -0.0709 -0.7579
vn -0.6126 0.3314 -0.7176
vn 0.6485 -0.0709 -0.7579
vn 0.6472 -0.0722 -0.7589
vn 0.7014 -0.3663 -0.6114
vn 0.8552 -0.1906 -0.4820
vn 0.8230 -0.1531 -0.5470
vn 0.7441 -0.3524 -0.5675
vn 0.7913 -0.5311 -0.3028
vn 0.7236 -0.6688 -0.1706
vn 0.8603 -0.4813 0.1679
vn -0.0000 -0.9720 -0.2350
vn -0.0000 -0.5511 -0.8345
vn -0.0000 -0.0000 -1.0000
vn -0.0000 0.4899 -0.8718
vn 0.9999 -0.0112 -0.0000
vn 0.9999 -0.0159 -0.0038
vn 0.9997 -0.0245 0.0017
vn 0.9997 -0.0224 0.0022
vn 0.8285 -0.5596 -0.0233
vn 0.8953 -0.4415 0.0588
vn 0.8114 0.5821 0.0533
vn 0.8504 -0.0003 -0.5262
vn 0.9480 -0.2095 -0.2395
vn 0.9573 -0.0096 -0.2890
vn -0.9573 -0.0096 -0.2890
vn -0.9788 0.0140 -0.2042
vn -0.9949 0.0537 -0.0855
vn -0.9949 0.0537 0.0855
vn -0.9999 -0.0112 -0.0000
vn -0.9999 -0.0159 -0.0038
vn -0.9997 -0.0245 0.0017
vn -0.9997 -0.0224 0.0022
vn -0.7972 -0.3346 -0.5025
vn -0.7706 -0.5510 -0.3202
vn -0.7629 -0.5635 -0.3170
vn -0.7926 -0.6098 -0.0003
vn 0.7926 -0.6098 -0.0003
vn 0.7858 -0.6184 -0.0070
vn 0.7304 -0.1412 -0.6682
vn 0.7211 0.2119 -0.6597
vn 0.6317 0.3521 -0.6906
vn 0.6898 0.5245 -0.4991
vn 0.7679 0.3820 -0.5142
vn 0.7048 0.2310 -0.6708
vn 0.6583 0.1105 0.7446
vn 0.5587 0.8288 -0.0310
vn 0.9264 0.2794 -0.2523
vn 0.9265 0.2792 -0.2521
vn 0.5479 0.1361 -0.8254
vn 0.5526 0.1321 -0.8229
vn -0.7858 -0.6184 -0.0070
vn -0.7638 -0.5989 0.2409
vn 0.7638 -0.5989 0.2409
vn 0.8169 -0.4806 0.3188
vn 0.7680 -0.5567 0.3168
vn -0.5479 0.1361 -0.8254
vn -0.9265 0.2792 -0.2521
vn -0.9264 0.2794 -0.2523
vn -0.5587 0.8288 -0.0310
vn -0.6583 0.1105 0.7446
vn 0.9545 -0.2033 0.2179
vn 0.9519 -0.2028 -0.2296
vn 0.9962 -0.0346 -0.0800
vn -0.7679 0.3820 -0.5142
vn -0.6898 0.5245 -0.4991
vn -0.6317 0.3521 -0.6906
vn -0.7211 0.2119 -0.6597
vn -0.7304 -0.1412 -0.6682
vn 0.9788 0.0140 0.2042
vn 0.9949 0.0537 0.0855
vn 0.9949 0.0537 -0.0855
vn 0.3094 0.9239 -0.2251
vn 0.0432 0.9991 -0.0000
vn 0.3618 0.9104 0.2006
vn 0.3415 0.8594 -0.3806
vn -0.9962 -0.0346 -0.0800
vn -0.9519 -0.2028 -0.2296
vn -0.9545 -0.2033 0.2179
vn -0.3415 0.8593 -0.3806
vn -0.3618 0.9104 0.2006
vn -0.0432 0.9991 -0.0000
vn -0.3094 0.9239 -0.2251
vn 0.6686 -0.7117 -0.2155
vn 0.6695 -0.7168 -0.1949
vn 0.9265 -0.2793 0.2522
vn 0.9267 -0.2790 0.2519
vn 0.6589 0.0911 0.7467
vn -0.6589 0.0911 0.7467
vn -0.9267 -0.2790 0.2519
vn -0.9265 -0.2793 0.2522
vn -0.6695 -0.7168 -0.1949
vn -0.6686 -0.7117 -0.2155
vn -0.0000 0.9743 0.2253
vn -0.0000 0.9168 -0.3994
vn -0.7593 0.3258 -0.5634
vn -0.6692 0.7431 -0.0000
vn -0.7593 0.3258 0.5634
vn 0.7593 0.3258 0.5634
vn 0.7499 -0.3280 0.5746
vn 0.8097 -0.4945 0.3160
vn 0.7380 -0.6531 0.1698
vn 0.8484 -0.5039 -0.1621
vn 0.7479 -0.6638 -0.0000
vn 0.8010 -0.3599 0.4783
vn -0.9963 -0.0228 0.0825
vn -0.9847 -0.0984 0.1436
vn -0.7380 -0.6531 0.1698
vn -0.8484 -0.5039 -0.1621
vn 0.6616 -0.7086 0.2453
vn 0.5881 -0.6938 0.4157
vn -0.4117 0.7143 -0.5659
vn -0.5852 0.4460 -0.6772
vn -0.5047 0.3339 -0.7961
vn -0.7438 0.6070 -0.2799
vn -0.7619 0.2750 0.5864
vn 0.7619 0.2750 0.5864
vn 0.8270 -0.5136 0.2289
vn 0.9264 -0.2179 0.3069
vn 0.9631 -0.0968 0.2510
vn 0.7629 -0.5635 -0.3170
vn 0.7706 -0.5510 -0.3202
vn 0.7972 -0.3346 -0.5025
vn 0.7511 0.0681 -0.6567
vn 0.7908 0.1744 -0.5867
vn 0.6126 0.3314 -0.7176
vn 0.9685 0.2391 0.0696
vn 0.9679 -0.0189 -0.2504
vn 0.9691 0.1336 -0.2075
vn 0.9687 0.1626 0.1876
vn 0.9696 0.0150 0.2442
vn 0.9692 0.2301 -0.0877
vn -0.9892 -0.1447 -0.0249
vn -0.9683 -0.1465 -0.2023
vn -0.9699 -0.2337 -0.0689
vn 0.9683 -0.1465 -0.2023
vn 0.9892 -0.1447 -0.0249
vn 0.9890 -0.0073 0.1475
vn 0.7104 -0.2940 -0.6395
vn 0.9943 0.0793 -0.0716
vn 0.7178 0.5720 0.3970
vn -0.9788 0.0140 0.2042
vn -0.0000 0.9743 -0.2253
vn -0.9685 0.2391 0.0696
vn -0.9692 0.2301 -0.0877
vn -0.9696 0.0150 0.2442
vn -0.0003 -0.7423 0.6701
vn 0.0002 -0.7422 0.6701
vn -0.0002 -0.7422 0.6701
vn -0.6842 0.4921 0.5382
vn 0.6842 0.4921 0.5382
vn 0.5193 0.6574 0.5460
vn -0.7178 0.5720 0.3970
vn -0.9943 0.0793 -0.0716
vn -0.7104 -0.2940 -0.6395
vn 0.5417 0.5848 -0.6038
vn 0.6917 0.4309 -0.5795
vn -0.6917 0.4309 -0.5795
vn -0.8020 -0.0537 -0.5949
vn -0.7511 0.0681 -0.6567
vn -0.7908 0.1744 -0.5867
vn -0.8010 -0.3599 0.4783
vn -0.7479 -0.6638 -0.0000
vn -0.8010 -0.3599 -0.4783
vt 0.652344 0.061035
vt 0.403809 0.380371
vt 0.403809 0.061035
vt 0.623047 0.485352
vt 0.401367 0.928711
vt 0.623047 0.928711
vt 0.401367 0.485352
vt 0.708008 0.485352
vt 0.929688 0.928711
vt 0.708008 0.928711
vt 0.929688 0.485352
vt 0.321777 0.060059
vt 0.044434 0.916016
vt 0.321777 0.916016
vt 0.044434 0.060059
vt 0.652344 0.380371
vt 0.099609 0.032715
vt 0.099609 0.083008
vt 0.087891 0.032715
vt 0.059570 0.032715
vt 0.059570 0.083008
vt 0.072754 0.083008
vt 0.734375 0.719238
vt 0.705566 0.714355
vt 0.734863 0.744141
vt 0.521484 0.752930
vt 0.530273 0.667969
vt 0.510254 0.730957
vt 0.498535 0.701172
vt 0.088379 0.083008
vt 0.498535 0.763672
vt 0.475586 0.775391
vt 0.467773 0.757812
vt 0.457031 0.813965
vt 0.466309 0.871582
vt 0.498535 0.841797
vt 0.502930 0.882324
vt 0.490723 0.923340
vt 0.072754 0.032715
vt 0.633301 0.679199
vt 0.607422 0.656738
vt 0.620117 0.628418
vt 0.641113 0.735352
vt 0.888184 0.190918
vt 0.876953 0.279297
vt 0.902344 0.230957
vt 0.907227 0.270020
vt 0.242676 0.262695
vt 0.251953 0.347168
vt 0.278320 0.240723
vt 0.300781 0.248047
vt 0.838379 0.323730
vt 0.843262 0.229492
vt 0.854492 0.198730
vt 0.422363 0.944336
vt 0.403809 0.892578
vt 0.385742 0.944336
vt 0.367676 0.892578
vt 0.403809 0.703613
vt 0.270996 0.962402
vt 0.270996 0.895996
vt 0.323242 0.962402
vt 0.323242 0.895996
vt 0.407715 0.226074
vt 0.338867 0.347656
vt 0.382812 0.189941
vt 0.338867 0.184082
vt 0.425781 0.317871
vt 0.474609 0.317871
vt 0.383789 0.403320
vt 0.504883 0.352539
vt 0.203125 0.428711
vt 0.184570 0.376465
vt 0.233398 0.408203
vt 0.215332 0.355957
vt 0.028809 0.087402
vt 0.017090 0.087402
vt 0.022949 0.120605
vt 0.022949 0.031738
vt 0.151855 0.291504
vt 0.153320 0.356934
vt 0.134766 0.409668
vt 0.223633 0.071289
vt 0.219727 0.017578
vt 0.206543 0.069824
vt 0.186035 0.059570
vt 0.470215 0.940430
vt 0.449219 0.926758
vt 0.481445 0.813965
vt 0.581543 0.682129
vt 0.594727 0.625000
vt 0.677734 0.741211
vt 0.694336 0.730469
vt 0.678223 0.670898
vt 0.950684 0.739746
vt 0.965820 0.758789
vt 0.950684 0.659668
vt 0.558594 0.696777
vt 0.572266 0.655273
vt 0.657715 0.697754
vt 0.009277 0.408203
vt 0.055176 0.324219
vt 0.055176 0.483887
vt 0.276367 0.148438
vt 0.238770 0.143555
vt 0.271973 0.197266
vt 0.313477 0.214355
vt 0.499023 0.544922
vt 0.460938 0.572266
vt 0.474609 0.491211
vt 0.251953 0.403320
vt 0.357910 0.071777
vt 0.377441 0.058105
vt 0.346680 0.017578
vt 0.942871 0.372559
vt 0.942871 0.216309
vt 0.987305 0.417480
vt 0.315918 0.162109
vt 0.425781 0.248047
vt 0.460938 0.248047
vt 0.323242 0.854492
vt 0.323242 0.812988
vt 0.270996 0.812988
vt 0.885254 0.608887
vt 0.878418 0.517090
vt 0.902344 0.574707
vt 0.856445 0.395996
vt 0.839355 0.473145
vt 0.897949 0.318848
vt 0.312012 0.064453
vt 0.280273 0.122559
vt 0.245605 0.066895
vt 0.950684 0.469238
vt 0.965820 0.447754
vt 0.950684 0.549316
vt 0.593750 0.426270
vt 0.539062 0.418457
vt 0.577148 0.485840
vt 0.429688 0.645020
vt 0.385742 0.645020
vt 0.715332 0.761230
vt 0.735352 0.786133
vt 0.683105 0.830078
vt 0.691406 0.872559
vt 0.650391 0.876465
vt 0.652344 0.919922
vt 0.612793 0.885254
vt 0.607910 0.930664
vt 0.578125 0.858887
vt 0.565430 0.900391
vt 0.554688 0.808594
vt 0.535645 0.836914
vt 0.543945 0.742188
vt 0.547363 0.698242
vt 0.562988 0.643066
vt 0.566895 0.586426
vt 0.594238 0.610840
vt 0.596680 0.565918
vt 0.632324 0.576172
vt 0.641602 0.523926
vt 0.676758 0.571289
vt 0.659668 0.610840
vt 0.624023 0.613770
vt 0.645020 0.643066
vt 0.700195 0.637207
vt 0.699707 0.752441
vt 0.678711 0.815430
vt 0.660156 0.794434
vt 0.659668 0.737793
vt 0.644043 0.777832
vt 0.632324 0.826172
vt 0.650391 0.859863
vt 0.616211 0.868652
vt 0.602539 0.821777
vt 0.625977 0.800293
vt 0.604980 0.792969
vt 0.575684 0.784668
vt 0.584473 0.844727
vt 0.562012 0.798340
vt 0.568848 0.735840
vt 0.623535 0.775391
vt 0.640137 0.654785
vt 0.650391 0.697754
vt 0.649414 0.736328
vt 0.640137 0.769531
vt 0.949707 0.009766
vt 0.994141 0.104004
vt 0.994141 0.033691
vt 0.949707 0.127930
vt 0.916504 0.009766
vt 0.916504 0.127930
vt 0.869629 0.009766
vt 0.869629 0.127930
vt 0.824219 0.009766
vt 0.824219 0.127930
vt 0.767090 0.009766
vt 0.767090 0.127930
vt 0.710938 0.009766
vt 0.710938 0.127930
vt 0.673340 0.009766
vt 0.673340 0.127930
vt 0.648438 0.009766
vt 0.648438 0.127930
vt 0.626465 0.009766
vt 0.626465 0.127930
vt 0.604004 0.009766
vt 0.604004 0.127930
vt 0.586914 0.009766
vt 0.586914 0.127930
vt 0.560547 0.009766
vt 0.560547 0.127930
vt 0.537598 0.009766
vt 0.537598 0.127930
vt 0.493164 0.010254
vt 0.493164 0.127930
vt 0.467773 0.010254
vt 0.467773 0.127930
vt 0.423340 0.010254
vt 0.423340 0.127930
vt 0.625000 0.791992
vt 0.432617 0.891113
vt 0.441895 0.816895
vt 0.426758 0.842285
vt 0.436035 0.782715
vt 0.458008 0.736816
vt 0.514648 0.865234
vt 0.551758 0.941406
vt 0.602539 0.976562
vt 0.653809 0.962891
vt 0.698242 0.915039
vt 0.735352 0.852539
vt 0.500488 0.261719
vt 0.528809 0.312500
vt 0.539062 0.387695
vt 0.543945 0.327148
vt 0.590820 0.366699
vt 0.578613 0.309570
vt 0.662598 0.308105
vt 0.652832 0.242676
vt 0.708984 0.285156
vt 0.713867 0.212402
vt 0.757812 0.296387
vt 0.771973 0.218750
vt 0.822754 0.238281
vt 0.425781 0.491211
vt 0.425781 0.572266
vt 0.504883 0.453613
vt 0.672363 0.394043
vt 0.554688 0.736816
vt 0.270996 0.743164
vt 0.323242 0.743164
vt 0.270996 0.647461
vt 0.323242 0.647461
vt 0.270996 0.582031
vt 0.323242 0.582031
vt 0.270996 0.516113
vt 0.323242 0.516113
vt 0.261719 0.454590
vt 0.332520 0.454590
vt 0.854492 0.635742
vt 0.853516 0.594727
vt 0.843750 0.566406
vt 0.784180 0.527832
vt 0.720703 0.402344
vt 0.706543 0.464844
vt 0.671387 0.457520
vt 0.612793 0.479980
vt 0.054199 0.258301
vt 0.114258 0.258301
vt 0.082031 0.165527
vt 0.126953 0.107910
vt 0.153320 0.214355
vt 0.183594 0.107910
vt 0.206543 0.214355
vt 0.124512 0.304199
vt 0.119141 0.348633
vt 0.119141 0.461914
vt 0.598633 0.512207
vt 0.547852 0.548340
vt 0.510254 0.633789
vt 0.542480 0.480469
vt 0.527344 0.493164
vt 0.980957 0.745117
vt 0.965820 0.679199
vt 0.965820 0.529297
vt 0.930664 0.397461
vt 0.897949 0.471680
vt 0.909180 0.537598
vt 0.341309 0.072754
vt 0.980957 0.459961
vt 0.980957 0.533203
vt 0.980957 0.680176
vt 0.270996 0.854492
vt 0.348633 0.944336
vt 0.856445 0.155273
vt 0.367676 0.703613
vt 0.341797 0.645020
vt 0.166016 0.429688
vt 0.184570 0.482910
vt 0.216797 0.291016
vt 0.184570 0.312012
vt 0.971191 0.823242
vt 0.809082 0.603027
vt 0.946289 0.874512
vt 0.896973 0.941895
vt 0.864258 0.971680
vt 0.987305 0.171387
vt 0.164062 0.017578
vt 0.828613 0.982422
vt 0.769043 0.980957
vt 0.733887 0.965820
vt 0.397461 0.017578
vt 0.117676 0.524902
vt 0.010742 0.524902
vt 0.010742 0.974609
vt 0.117676 0.974609
vt 0.237305 0.974609
vt 0.237305 0.524902
vt 0.130371 0.974609
vt 0.130371 0.524902
s 1
usemtl Brush.010
f 1/1/1 3/2/1 2/3/1
f 4/4/1 6/5/1 5/6/1
f 7/7/1 9/5/1 8/4/1
f 10/8/1 12/9/1 11/10/1
f 13/11/1 15/9/1 14/8/1
f 16/4/1 18/5/1 17/6/1
f 19/7/1 21/5/1 20/4/1
f 22/12/1 24/13/1 23/14/1
f 25/15/1 27/13/1 26/12/1
f 28/1/1 30/16/1 29/2/1
f 2101/1/2 2102/3/2 2103/2/2
f 2104/4/2 2105/6/2 2106/5/2
f 2107/7/2 2108/4/2 2109/5/2
f 2110/8/2 2111/10/2 2112/9/2
f 2113/11/2 2114/8/2 2115/9/2
f 2116/4/2 2117/6/2 2118/5/2
f 2119/7/2 2120/4/2 2121/5/2
f 2122/12/2 2123/14/2 2124/13/2
f 2125/15/2 2126/12/2 2127/13/2
f 2128/1/2 2129/2/2 2130/16/2
usemtl Brush.011
f 31/17/2 33/18/2 32/19/2
f 34/20/2 36/21/2 35/22/2
f 37/23/3 39/24/3 38/25/3
f 40/24/4 42/23/4 41/25/4
f 43/26/5 45/27/5 44/28/5
f 46/28/6 48/27/6 47/29/6
f 49/19/2 51/18/2 50/30/2
f 52/31/7 54/32/7 53/33/7
f 55/33/8 57/32/8 56/34/8
f 58/35/9 60/36/9 59/37/9
f 61/35/10 63/37/10 62/38/10
f 64/20/2 66/22/2 65/39/2
f 67/40/11 69/41/11 68/42/11
f 70/40/1 72/43/1 71/41/1
f 73/44/12 75/45/12 74/46/12
f 76/47/13 78/46/13 77/45/13
f 79/48/1 81/49/1 80/50/1
f 82/51/1 84/50/1 83/49/1
f 85/45/14 87/52/14 86/53/14
f 88/53/15 90/54/15 89/45/15
f 91/55/16 93/56/16 92/57/16
f 94/56/17 96/58/17 95/57/17
f 97/59/2 99/56/2 98/58/2
f 100/60/18 102/61/18 101/62/18
f 103/61/18 105/63/18 104/62/18
f 106/51/2 108/49/2 107/50/2
f 109/48/2 111/50/2 110/49/2
f 112/64/1 114/65/1 113/66/1
f 115/67/1 117/66/1 116/65/1
f 118/68/2 120/69/2 119/70/2
f 121/71/2 123/70/2 122/69/2
f 124/72/19 126/73/19 125/74/19
f 127/74/20 129/73/20 128/75/20
f 130/64/2 132/65/2 131/68/2
f 133/68/2 135/65/2 134/70/2
f 136/76/21 138/77/21 137/78/21
f 139/76/22 141/79/22 140/77/22
f 142/80/23 144/73/23 143/81/23
f 145/81/24 147/73/24 146/82/24
f 148/83/25 150/84/25 149/85/25
f 151/85/26 153/84/26 152/86/26
f 154/87/27 156/35/27 155/88/27
f 157/89/28 159/34/28 158/35/28
f 160/90/29 162/41/29 161/91/29
f 163/92/30 165/93/30 164/94/30
f 166/95/31 168/96/31 167/97/31
f 169/90/32 171/98/32 170/99/32
f 172/92/33 174/100/33 173/94/33
f 175/101/34 177/102/34 176/103/34
f 178/104/2 180/105/2 179/106/2
f 181/107/2 183/51/2 182/65/2
f 184/108/35 186/109/35 185/110/35
f 187/49/36 189/65/36 188/111/36
f 190/83/37 192/85/37 191/84/37
f 193/112/38 195/113/38 194/114/38
f 196/115/39 198/116/39 197/117/39
f 199/105/2 201/104/2 200/106/2
f 202/73/40 204/75/40 203/74/40
f 205/104/1 207/105/1 206/106/1
f 208/118/2 210/107/2 209/67/2
f 211/48/2 213/49/2 212/50/2
f 214/119/41 216/68/41 215/120/41
f 217/121/42 219/122/42 218/123/42
f 220/124/43 222/125/43 221/126/43
f 223/127/2 225/125/2 224/128/2
f 226/66/1 228/67/1 227/65/1
f 229/47/2 231/129/2 230/45/2
f 232/130/44 234/131/44 233/132/44
f 235/133/45 237/134/45 236/135/45
f 238/136/46 240/137/46 239/138/46
f 241/95/47 243/97/47 242/96/47
f 244/139/48 246/140/48 245/59/48
f 247/125/49 249/124/49 248/126/49
f 250/125/1 252/127/1 251/128/1
f 253/101/50 255/103/50 254/102/50
f 256/131/51 258/130/51 257/132/51
f 259/94/52 261/93/52 260/24/52
f 262/93/53 264/25/53 263/24/53
f 265/93/54 267/141/54 266/25/54
f 268/141/55 270/142/55 269/25/55
f 271/141/56 273/143/56 272/142/56
f 274/143/57 276/144/57 275/142/57
f 277/143/58 279/145/58 278/144/58
f 280/145/59 282/146/59 281/144/59
f 283/145/60 285/147/60 284/146/60
f 286/147/61 288/148/61 287/146/61
f 289/147/62 291/149/62 290/148/62
f 292/149/63 294/150/63 293/148/63
f 295/149/64 297/151/64 296/150/64
f 298/151/65 300/152/65 299/150/65
f 301/151/66 303/153/66 302/152/66
f 304/153/67 306/26/67 305/152/67
f 307/153/68 309/154/68 308/26/68
f 310/154/69 312/27/69 311/26/69
f 313/154/70 315/155/70 314/27/70
f 316/155/71 318/156/71 317/27/71
f 319/155/72 321/157/72 320/156/72
f 322/157/73 324/158/73 323/156/73
f 325/157/74 327/159/74 326/158/74
f 328/159/75 330/160/75 329/158/75
f 331/159/76 333/161/76 332/160/76
f 334/161/77 336/159/77 335/160/77
f 337/161/78 339/162/78 338/159/78
f 340/162/79 342/163/79 341/159/79
f 343/162/80 345/164/80 344/163/80
f 346/164/81 348/162/81 347/163/81
f 349/164/82 351/94/82 350/162/82
f 352/94/83 354/165/83 353/162/83
f 355/94/84 357/24/84 356/165/84
f 358/24/85 360/94/85 359/165/85
f 361/24/86 363/93/86 362/94/86
f 364/93/87 366/92/87 365/94/87
f 367/93/88 369/166/88 368/92/88
f 370/166/89 372/167/89 371/92/89
f 373/166/90 375/92/90 374/167/90
f 376/92/91 378/168/91 377/167/91
f 379/92/92 381/169/92 380/168/92
f 382/169/93 384/170/93 383/168/93
f 385/169/94 387/168/94 386/170/94
f 388/168/95 390/171/95 389/170/95
f 391/168/96 393/172/96 392/171/96
f 394/172/97 396/173/97 395/171/97
f 397/172/98 399/171/98 398/173/98
f 400/171/99 402/174/99 401/173/99
f 403/171/100 405/175/100 404/174/100
f 406/175/101 408/176/101 407/174/101
f 409/175/102 411/174/102 410/176/102
f 412/174/103 414/177/103 413/176/103
f 415/174/104 417/178/104 416/177/104
f 418/178/105 420/179/105 419/177/105
f 421/178/106 423/177/106 422/179/106
f 424/177/107 426/180/107 425/179/107
f 427/177/2 429/181/2 428/180/2
f 430/181/2 432/90/2 431/180/2
f 433/181/2 435/43/2 434/90/2
f 436/43/2 438/41/2 437/90/2
f 439/43/2 441/40/2 440/41/2
f 442/40/108 444/42/108 443/41/108
f 445/40/109 447/182/109 446/42/109
f 448/182/110 450/40/110 449/42/110
f 451/182/111 453/183/111 452/40/111
f 454/183/112 456/43/112 455/40/112
f 457/183/113 459/184/113 458/43/113
f 460/184/114 462/185/114 461/43/114
f 463/184/115 465/43/115 464/185/115
f 466/43/116 468/181/116 467/185/116
f 469/186/117 471/187/117 470/188/117
f 472/187/118 474/186/118 473/188/118
f 475/187/118 477/189/118 476/186/118
f 478/189/119 480/190/119 479/186/119
f 481/189/119 483/191/119 482/190/119
f 484/191/120 486/192/120 485/190/120
f 487/191/120 489/193/120 488/192/120
f 490/193/121 492/194/121 491/192/121
f 493/193/121 495/195/121 494/194/121
f 496/195/122 498/196/122 497/194/122
f 499/195/122 501/197/122 500/196/122
f 502/197/123 504/198/123 503/196/123
f 505/197/123 507/199/123 506/198/123
f 508/199/124 510/200/124 509/198/124
f 511/199/124 513/201/124 512/200/124
f 514/201/125 516/202/125 515/200/125
f 517/201/125 519/203/125 518/202/125
f 520/203/126 522/204/126 521/202/126
f 523/203/126 525/205/126 524/204/126
f 526/205/127 528/206/127 527/204/127
f 529/205/127 531/207/127 530/206/127
f 532/207/128 534/208/128 533/206/128
f 535/207/128 537/209/128 536/208/128
f 538/209/129 540/210/129 539/208/129
f 541/209/129 543/211/129 542/210/129
f 544/211/130 546/212/130 545/210/130
f 547/211/130 549/213/130 548/212/130
f 550/213/131 552/214/131 551/212/131
f 553/213/131 555/215/131 554/214/131
f 556/215/132 558/216/132 557/214/132
f 559/215/132 561/217/132 560/216/132
f 562/217/133 564/218/133 563/216/133
f 565/217/133 567/219/133 566/218/133
f 568/219/134 570/217/134 569/218/134
f 571/217/134 573/216/134 572/218/134
f 574/217/135 576/215/135 575/216/135
f 577/215/135 579/214/135 578/216/135
f 580/215/136 582/213/136 581/214/136
f 583/213/136 585/212/136 584/214/136
f 586/213/137 588/211/137 587/212/137
f 589/211/137 591/210/137 590/212/137
f 592/211/138 594/209/138 593/210/138
f 595/209/138 597/208/138 596/210/138
f 598/209/139 600/207/139 599/208/139
f 601/207/139 603/206/139 602/208/139
f 604/207/140 606/205/140 605/206/140
f 607/205/140 609/204/140 608/206/140
f 610/205/141 612/203/141 611/204/141
f 613/203/141 615/202/141 614/204/141
f 616/203/142 618/201/142 617/202/142
f 619/201/142 621/200/142 620/202/142
f 622/201/143 624/199/143 623/200/143
f 625/199/143 627/198/143 626/200/143
f 628/199/144 630/197/144 629/198/144
f 631/197/144 633/196/144 632/198/144
f 634/197/145 636/195/145 635/196/145
f 637/195/145 639/194/145 638/196/145
f 640/195/146 642/193/146 641/194/146
f 643/193/146 645/192/146 644/194/146
f 646/193/147 648/191/147 647/192/147
f 649/191/147 651/190/147 650/192/147
f 652/191/148 654/189/148 653/190/148
f 655/189/148 657/186/148 656/190/148
f 658/189/117 660/187/117 659/186/117
f 661/94/149 663/100/149 662/92/149
f 664/100/150 666/169/150 665/92/150
f 667/100/151 669/92/151 668/169/151
f 670/92/152 672/168/152 671/169/152
f 673/92/153 675/167/153 674/168/153
f 676/167/154 678/172/154 677/168/154
f 679/167/155 681/168/155 680/172/155
f 682/168/156 684/171/156 683/172/156
f 685/168/157 687/170/157 686/171/157
f 688/170/158 690/175/158 689/171/158
f 691/170/159 693/171/159 692/175/159
f 694/171/160 696/174/160 695/175/160
f 697/171/161 699/173/161 698/174/161
f 700/173/162 702/178/162 701/174/162
f 703/173/163 705/174/163 704/178/163
f 706/174/164 708/177/164 707/178/164
f 709/174/165 711/176/165 710/177/165
f 712/176/166 714/181/166 713/177/166
f 715/176/167 717/220/167 716/181/167
f 718/220/168 720/185/168 719/181/168
f 721/220/169 723/181/169 722/185/169
f 724/181/170 726/43/170 725/185/170
f 727/181/1 729/90/1 728/43/1
f 730/90/1 732/41/1 731/43/1
f 733/90/171 735/91/171 734/41/171
f 736/91/172 738/42/172 737/41/172
f 739/91/173 741/41/173 740/42/173
f 742/24/174 744/25/174 743/93/174
f 745/25/175 747/141/175 746/93/175
f 748/25/176 750/142/176 749/141/176
f 751/142/177 753/143/177 752/141/177
f 754/142/178 756/144/178 755/143/178
f 757/144/179 759/145/179 758/143/179
f 760/144/180 762/146/180 761/145/180
f 763/146/181 765/147/181 764/145/181
f 766/146/182 768/148/182 767/147/182
f 769/148/183 771/149/183 770/147/183
f 772/148/184 774/150/184 773/149/184
f 775/150/185 777/151/185 776/149/185
f 778/150/186 780/152/186 779/151/186
f 781/152/187 783/153/187 782/151/187
f 784/152/188 786/26/188 785/153/188
f 787/26/189 789/154/189 788/153/189
f 790/26/190 792/27/190 791/154/190
f 793/27/191 795/155/191 794/154/191
f 796/27/192 798/156/192 797/155/192
f 799/156/193 801/157/193 800/155/193
f 802/156/194 804/158/194 803/157/194
f 805/158/195 807/159/195 806/157/195
f 808/158/196 810/160/196 809/159/196
f 811/221/197 813/222/197 812/223/197
f 814/222/198 816/224/198 815/223/198
f 817/222/199 819/33/199 818/224/199
f 820/33/200 822/225/200 821/224/200
f 823/33/201 825/29/201 824/225/201
f 826/29/202 828/33/202 827/225/202
f 829/29/203 831/28/203 830/33/203
f 832/28/204 834/31/204 833/33/204
f 835/28/205 837/26/205 836/31/205
f 838/26/206 840/226/206 839/31/206
f 841/26/207 843/152/207 842/226/207
f 844/152/208 846/227/208 845/226/208
f 847/152/209 849/150/209 848/227/209
f 850/150/210 852/228/210 851/227/210
f 853/150/211 855/148/211 854/228/211
f 856/148/212 858/229/212 857/228/212
f 859/148/213 861/146/213 860/229/213
f 862/146/214 864/230/214 863/229/214
f 865/146/215 867/144/215 866/230/215
f 868/144/216 870/231/216 869/230/216
f 871/144/217 873/142/217 872/231/217
f 874/119/218 876/120/218 875/68/218
f 877/120/219 879/69/219 878/68/219
f 880/120/220 882/232/220 881/69/220
f 883/232/221 885/71/221 884/69/221
f 886/232/222 888/233/222 887/71/222
f 889/233/223 891/234/223 890/71/223
f 892/233/224 894/235/224 893/234/224
f 895/235/225 897/236/225 896/234/225
f 898/235/226 900/237/226 899/236/226
f 901/237/227 903/238/227 902/236/227
f 904/237/228 906/239/228 905/238/228
f 907/239/229 909/240/229 908/238/229
f 910/239/230 912/241/230 911/240/230
f 913/241/231 915/242/231 914/240/231
f 916/241/232 918/243/232 917/242/232
f 919/243/233 921/52/233 920/242/233
f 922/243/234 924/244/234 923/52/234
f 925/244/235 927/53/235 926/52/235
f 928/68/236 930/69/236 929/120/236
f 931/69/237 933/232/237 932/120/237
f 934/69/238 936/71/238 935/232/238
f 937/71/239 939/233/239 938/232/239
f 940/71/240 942/234/240 941/233/240
f 943/234/241 945/235/241 944/233/241
f 946/234/242 948/236/242 947/235/242
f 949/236/243 951/237/243 950/235/243
f 952/236/244 954/238/244 953/237/244
f 955/238/245 957/239/245 956/237/245
f 958/238/246 960/240/246 959/239/246
f 961/240/247 963/241/247 962/239/247
f 964/240/248 966/242/248 965/241/248
f 967/242/249 969/243/249 968/241/249
f 970/242/250 972/52/250 971/243/250
f 973/52/251 975/244/251 974/243/251
f 976/52/252 978/53/252 977/244/252
f 979/142/253 981/144/253 980/231/253
f 982/144/254 984/230/254 983/231/254
f 985/144/255 987/146/255 986/230/255
f 988/146/256 990/229/256 989/230/256
f 991/146/257 993/148/257 992/229/257
f 994/148/258 996/228/258 995/229/258
f 997/148/259 999/150/259 998/228/259
f 1000/150/260 1002/227/260 1001/228/260
f 1003/150/261 1005/152/261 1004/227/261
f 1006/152/262 1008/226/262 1007/227/262
f 1009/152/263 1011/26/263 1010/226/263
f 1012/26/264 1014/31/264 1013/226/264
f 1015/26/265 1017/28/265 1016/31/265
f 1018/28/266 1020/33/266 1019/31/266
f 1021/28/267 1023/29/267 1022/33/267
f 1024/245/268 1026/109/268 1025/246/268
f 1027/109/269 1029/245/269 1028/246/269
f 1030/109/270 1032/110/270 1031/245/270
f 1033/110/1 1035/70/1 1034/245/1
f 1036/110/1 1038/247/1 1037/70/1
f 1039/247/1 1041/71/1 1040/70/1
f 1042/247/271 1044/137/271 1043/71/271
f 1045/137/271 1047/234/271 1046/71/271
f 1048/137/1 1050/136/1 1049/234/1
f 1051/136/272 1053/236/272 1052/234/272
f 1054/136/273 1056/248/273 1055/236/273
f 1057/248/274 1059/238/274 1058/236/274
f 1060/248/275 1062/240/275 1061/238/275
f 1063/31/276 1065/33/276 1064/32/276
f 1066/33/277 1068/34/277 1067/32/277
f 1069/33/278 1071/222/278 1070/34/278
f 1072/222/279 1074/35/279 1073/34/279
f 1075/222/280 1077/221/280 1076/35/280
f 1078/221/281 1080/88/281 1079/35/281
f 1081/221/282 1083/35/282 1082/88/282
f 1084/35/283 1086/87/283 1085/88/283
f 1087/35/284 1089/38/284 1088/87/284
f 1090/38/285 1092/35/285 1091/87/285
f 1093/38/286 1095/37/286 1094/35/286
f 1096/37/287 1098/36/287 1097/35/287
f 1099/90/288 1101/99/288 1100/91/288
f 1102/99/289 1104/90/289 1103/91/289
f 1105/99/290 1107/98/290 1106/90/290
f 1108/98/291 1110/180/291 1109/90/291
f 1111/98/292 1113/249/292 1112/180/292
f 1114/249/293 1116/179/293 1115/180/293
f 1117/249/294 1119/180/294 1118/179/294
f 1120/180/295 1122/177/295 1121/179/295
f 1123/180/1 1125/181/1 1124/177/1
f 1126/181/296 1128/176/296 1127/177/296
f 1129/181/297 1131/220/297 1130/176/297
f 1132/123/298 1134/250/298 1133/122/298
f 1135/250/298 1137/251/298 1136/122/298
f 1138/250/299 1140/252/299 1139/251/299
f 1141/252/299 1143/253/299 1142/251/299
f 1144/252/300 1146/254/300 1145/253/300
f 1147/254/300 1149/255/300 1148/253/300
f 1150/254/301 1152/256/301 1151/255/301
f 1153/256/301 1155/257/301 1154/255/301
f 1156/256/302 1158/258/302 1157/257/302
f 1159/258/302 1161/259/302 1160/257/302
f 1162/258/302 1164/257/302 1163/259/302
f 1165/240/303 1167/248/303 1166/238/303
f 1168/248/304 1170/236/304 1169/238/304
f 1171/248/305 1173/136/305 1172/236/305
f 1174/136/306 1176/234/306 1175/236/306
f 1177/136/2 1179/137/2 1178/234/2
f 1180/137/307 1182/71/307 1181/234/307
f 1183/137/307 1185/247/307 1184/71/307
f 1186/247/2 1188/70/2 1187/71/2
f 1189/247/2 1191/110/2 1190/70/2
f 1192/110/2 1194/245/2 1193/70/2
f 1195/110/308 1197/109/308 1196/245/308
f 1198/94/309 1200/164/309 1199/100/309
f 1201/164/310 1203/94/310 1202/100/310
f 1204/164/311 1206/162/311 1205/94/311
f 1207/162/312 1209/165/312 1208/94/312
f 1210/162/313 1212/161/313 1211/165/313
f 1213/161/314 1215/162/314 1214/165/314
f 1216/161/315 1218/159/315 1217/162/315
f 1219/159/316 1221/163/316 1220/162/316
f 1222/159/317 1224/157/317 1223/163/317
f 1225/157/318 1227/159/318 1226/163/318
f 1228/260/319 1230/261/319 1229/124/319
f 1231/261/320 1233/125/320 1232/124/320
f 1234/261/321 1236/262/321 1235/125/321
f 1237/262/322 1239/128/322 1238/125/322
f 1240/262/323 1242/263/323 1241/128/323
f 1243/263/324 1245/264/324 1244/128/324
f 1246/263/325 1248/265/325 1247/264/325
f 1249/265/326 1251/248/326 1250/264/326
f 1252/265/327 1254/266/327 1253/248/327
f 1255/266/328 1257/267/328 1256/248/328
f 1258/268/2 1260/269/2 1259/270/2
f 1261/269/2 1263/271/2 1262/270/2
f 1264/269/2 1266/272/2 1265/271/2
f 1267/272/2 1269/273/2 1268/271/2
f 1270/272/2 1272/274/2 1271/273/2
f 1273/274/2 1275/105/2 1274/273/2
f 1276/274/2 1278/48/2 1277/105/2
f 1279/48/2 1281/106/2 1280/105/2
f 1282/48/2 1284/50/2 1283/106/2
f 1285/266/329 1287/265/329 1286/248/329
f 1288/265/330 1290/264/330 1289/248/330
f 1291/265/331 1293/263/331 1292/264/331
f 1294/263/332 1296/128/332 1295/264/332
f 1297/263/333 1299/262/333 1298/128/333
f 1300/262/334 1302/125/334 1301/128/334
f 1303/262/335 1305/261/335 1304/125/335
f 1306/261/336 1308/124/336 1307/125/336
f 1309/261/337 1311/260/337 1310/124/337
f 1312/104/1 1314/106/1 1313/105/1
f 1315/106/1 1317/48/1 1316/105/1
f 1318/106/1 1320/50/1 1319/48/1
f 1321/50/1 1323/49/1 1322/48/1
f 1324/50/1 1326/51/1 1325/49/1
f 1327/51/1 1329/65/1 1328/49/1
f 1330/51/1 1332/107/1 1331/65/1
f 1333/107/1 1335/67/1 1334/65/1
f 1336/107/1 1338/118/1 1337/67/1
f 1339/50/2 1341/48/2 1340/106/2
f 1342/48/2 1344/105/2 1343/106/2
f 1345/48/2 1347/274/2 1346/105/2
f 1348/274/2 1350/273/2 1349/105/2
f 1351/274/2 1353/272/2 1352/273/2
f 1354/272/2 1356/271/2 1355/273/2
f 1357/272/2 1359/269/2 1358/271/2
f 1360/269/2 1362/270/2 1361/271/2
f 1363/269/2 1365/268/2 1364/270/2
f 1366/268/1 1368/269/1 1367/270/1
f 1369/269/1 1371/271/1 1370/270/1
f 1372/269/1 1374/272/1 1373/271/1
f 1375/272/1 1377/273/1 1376/271/1
f 1378/272/1 1380/274/1 1379/273/1
f 1381/274/1 1383/105/1 1382/273/1
f 1384/274/1 1386/48/1 1385/105/1
f 1387/48/1 1389/106/1 1388/105/1
f 1390/48/1 1392/50/1 1391/106/1
f 1393/258/302 1395/256/302 1394/257/302
f 1396/256/338 1398/255/338 1397/257/338
f 1399/256/338 1401/254/338 1400/255/338
f 1402/254/339 1404/253/339 1403/255/339
f 1405/254/339 1407/252/339 1406/253/339
f 1408/252/340 1410/251/340 1409/253/340
f 1411/252/340 1413/250/340 1412/251/340
f 1414/250/341 1416/122/341 1415/251/341
f 1417/250/341 1419/123/341 1418/122/341
f 1420/47/1 1422/45/1 1421/129/1
f 1423/45/1 1425/127/1 1424/129/1
f 1426/45/1 1428/52/1 1427/127/1
f 1429/52/1 1431/128/1 1430/127/1
f 1432/52/342 1434/242/342 1433/128/342
f 1435/242/343 1437/264/343 1436/128/343
f 1438/242/344 1440/240/344 1439/264/344
f 1441/240/345 1443/248/345 1442/264/345
f 1444/225/346 1446/33/346 1445/224/346
f 1447/33/347 1449/222/347 1448/224/347
f 1450/33/348 1452/34/348 1451/222/348
f 1453/34/349 1455/35/349 1454/222/349
f 1456/34/350 1458/89/350 1457/35/350
f 1459/89/351 1461/36/351 1460/35/351
f 1462/89/352 1464/35/352 1463/36/352
f 1465/50/2 1467/49/2 1466/51/2
f 1468/49/2 1470/65/2 1469/51/2
f 1471/49/353 1473/111/353 1472/65/353
f 1474/111/354 1476/70/354 1475/65/354
f 1477/111/355 1479/65/355 1478/70/355
f 1480/65/2 1482/68/2 1481/70/2
f 1483/65/2 1485/64/2 1484/68/2
f 1486/271/1 1488/269/1 1487/270/1
f 1489/269/1 1491/268/1 1490/270/1
f 1492/269/1 1494/275/1 1493/268/1
f 1495/275/1 1497/102/1 1496/268/1
f 1498/275/1 1500/276/1 1499/102/1
f 1501/276/1 1503/103/1 1502/102/1
f 1504/276/1 1506/277/1 1505/103/1
f 1507/129/2 1509/127/2 1508/45/2
f 1510/127/2 1512/52/2 1511/45/2
f 1513/127/2 1515/128/2 1514/52/2
f 1516/128/356 1518/242/356 1517/52/356
f 1519/128/357 1521/264/357 1520/242/357
f 1522/264/358 1524/240/358 1523/242/358
f 1525/264/359 1527/248/359 1526/240/359
f 1528/160/360 1530/278/360 1529/158/360
f 1531/278/361 1533/156/361 1532/158/361
f 1534/278/362 1536/279/362 1535/156/362
f 1537/279/363 1539/280/363 1538/156/363
f 1540/279/364 1542/156/364 1541/280/364
f 1543/156/365 1545/27/365 1544/280/365
f 1546/138/366 1548/137/366 1547/281/366
f 1549/137/367 1551/282/367 1550/281/367
f 1552/137/368 1554/247/368 1553/282/368
f 1555/247/369 1557/108/369 1556/282/369
f 1558/247/370 1560/110/370 1559/108/370
f 1561/110/371 1563/109/371 1562/108/371
f 1564/283/372 1566/284/372 1565/96/372
f 1567/284/373 1569/97/373 1568/96/373
f 1570/284/374 1572/285/374 1571/97/374
f 1573/285/375 1575/135/375 1574/97/375
f 1576/285/376 1578/134/376 1577/135/376
f 1579/134/377 1581/133/377 1580/135/377
f 1582/156/378 1584/280/378 1583/27/378
f 1585/280/379 1587/29/379 1586/27/379
f 1588/280/380 1590/27/380 1589/29/380
f 1591/27/381 1593/28/381 1592/29/381
f 1594/27/382 1596/26/382 1595/28/382
f 1597/134/383 1599/285/383 1598/135/383
f 1600/285/384 1602/97/384 1601/135/384
f 1603/285/385 1605/284/385 1604/97/385
f 1606/284/386 1608/96/386 1607/97/386
f 1609/284/387 1611/283/387 1610/96/387
f 1612/129/388 1614/127/388 1613/286/388
f 1615/127/389 1617/287/389 1616/286/389
f 1618/127/1 1620/125/1 1619/287/1
f 1621/125/1 1623/288/1 1622/287/1
f 1624/125/390 1626/126/390 1625/288/390
f 1627/66/1 1629/65/1 1628/64/1
f 1630/65/1 1632/68/1 1631/64/1
f 1633/65/1 1635/70/1 1634/68/1
f 1636/70/1 1638/69/1 1637/68/1
f 1639/70/1 1641/71/1 1640/69/1
f 1642/277/2 1644/276/2 1643/103/2
f 1645/276/2 1647/102/2 1646/103/2
f 1648/276/2 1650/275/2 1649/102/2
f 1651/275/2 1653/268/2 1652/102/2
f 1654/275/2 1656/269/2 1655/268/2
f 1657/110/391 1659/247/391 1658/108/391
f 1660/247/392 1662/282/392 1661/108/392
f 1663/247/393 1665/137/393 1664/282/393
f 1666/137/394 1668/281/394 1667/282/394
f 1669/137/395 1671/138/395 1670/281/395
f 1672/49/396 1674/111/396 1673/65/396
f 1675/111/397 1677/70/397 1676/65/397
f 1678/111/398 1680/65/398 1679/70/398
f 1681/65/1 1683/68/1 1682/70/1
f 1684/65/1 1686/64/1 1685/68/1
f 1687/83/399 1689/84/399 1688/132/399
f 1690/84/400 1692/130/400 1691/132/400
f 1693/84/400 1695/114/400 1694/130/400
f 1696/114/401 1698/289/401 1697/130/401
f 1699/114/402 1701/112/402 1700/289/402
f 1702/48/1 1704/274/1 1703/105/1
f 1705/274/1 1707/273/1 1706/105/1
f 1708/274/1 1710/272/1 1709/273/1
f 1711/272/1 1713/271/1 1712/273/1
f 1714/272/1 1716/269/1 1715/271/1
f 1717/126/403 1719/125/403 1718/288/403
f 1720/125/2 1722/287/2 1721/288/2
f 1723/125/2 1725/127/2 1724/287/2
f 1726/127/404 1728/286/404 1727/287/404
f 1729/127/405 1731/129/405 1730/286/405
f 1732/112/406 1734/114/406 1733/289/406
f 1735/114/407 1737/130/407 1736/289/407
f 1738/114/408 1740/84/408 1739/130/408
f 1741/84/408 1743/132/408 1742/130/408
f 1744/84/409 1746/83/409 1745/132/409
f 1747/134/410 1749/285/410 1748/290/410
f 1750/285/411 1752/291/411 1751/290/411
f 1753/285/412 1755/284/412 1754/291/412
f 1756/284/413 1758/292/413 1757/291/413
f 1759/284/414 1761/283/414 1760/292/414
f 1762/283/415 1764/284/415 1763/292/415
f 1765/284/416 1767/291/416 1766/292/416
f 1768/284/417 1770/285/417 1769/291/417
f 1771/285/418 1773/290/418 1772/291/418
f 1774/285/419 1776/134/419 1775/290/419
f 1777/61/420 1779/293/420 1778/63/420
f 1780/293/420 1782/121/420 1781/63/420
f 1783/293/421 1785/123/421 1784/121/421
f 1786/123/421 1788/122/421 1787/121/421
f 1789/118/1 1791/107/1 1790/67/1
f 1792/107/1 1794/65/1 1793/67/1
f 1795/107/1 1797/51/1 1796/65/1
f 1798/51/1 1800/49/1 1799/65/1
f 1801/64/2 1803/65/2 1802/66/2
f 1804/65/2 1806/67/2 1805/66/2
f 1807/65/2 1809/107/2 1808/67/2
f 1810/107/2 1812/118/2 1811/67/2
f 1813/55/422 1815/57/422 1814/56/422
f 1816/57/423 1818/58/423 1817/56/423
f 1819/57/424 1821/294/424 1820/58/424
f 1822/294/425 1824/57/425 1823/58/425
f 1825/52/426 1827/45/426 1826/53/426
f 1828/45/427 1830/54/427 1829/53/427
f 1831/45/428 1833/44/428 1832/54/428
f 1834/44/429 1836/295/429 1835/54/429
f 1837/59/2 1839/58/2 1838/296/2
f 1840/59/430 1842/140/430 1841/296/430
f 1843/140/431 1845/297/431 1844/296/431
f 1846/47/432 1848/45/432 1847/46/432
f 1849/45/433 1851/44/433 1850/46/433
f 1852/45/434 1854/54/434 1853/44/434
f 1855/54/435 1857/295/435 1856/44/435
f 1858/181/1 1860/180/1 1859/90/1
f 1861/180/436 1863/98/436 1862/90/436
f 1864/180/437 1866/249/437 1865/98/437
f 1867/184/438 1869/183/438 1868/43/438
f 1870/183/439 1872/40/439 1871/43/439
f 1873/183/440 1875/182/440 1874/40/440
f 1876/92/441 1878/166/441 1877/93/441
f 1879/166/442 1881/141/442 1880/93/442
f 1882/166/443 1884/93/443 1883/141/443
f 1885/224/444 1887/222/444 1886/223/444
f 1888/222/445 1890/221/445 1889/223/445
f 1891/222/446 1893/35/446 1892/221/446
f 1894/279/447 1896/278/447 1895/156/447
f 1897/278/448 1899/158/448 1898/156/448
f 1900/278/449 1902/160/449 1901/158/449
f 1903/107/2 1905/65/2 1904/67/2
f 1906/65/2 1908/66/2 1907/67/2
f 1909/65/2 1911/64/2 1910/66/2
f 1912/138/450 1914/267/450 1913/136/450
f 1915/267/451 1917/248/451 1916/136/451
f 1918/267/452 1920/266/452 1919/248/452
f 1921/298/453 1923/73/453 1922/299/453
f 1924/73/454 1926/72/454 1925/299/454
f 1927/73/455 1929/74/455 1928/72/455
f 1930/80/456 1932/73/456 1931/81/456
f 1933/73/457 1935/82/457 1934/81/457
f 1936/73/458 1938/298/458 1937/82/458
f 1939/75/459 1941/73/459 1940/300/459
f 1942/73/460 1944/301/460 1943/300/460
f 1945/73/461 1947/80/461 1946/301/461
f 1948/75/462 1950/73/462 1949/300/462
f 1951/73/463 1953/301/463 1952/300/463
f 1954/73/464 1956/80/464 1955/301/464
f 1957/302/465 1959/303/465 1958/304/465
f 1960/303/466 1962/305/466 1961/304/466
f 1963/303/467 1965/306/467 1964/305/467
f 1966/107/2 1968/65/2 1967/51/2
f 1969/65/2 1971/49/2 1970/51/2
f 1972/65/468 1974/111/468 1973/49/468
f 1975/269/2 1977/275/2 1976/268/2
f 1978/275/2 1980/102/2 1979/268/2
f 1981/275/2 1983/276/2 1982/102/2
f 1984/123/42 1986/293/42 1985/121/42
f 1987/293/469 1989/63/469 1988/121/469
f 1990/293/469 1992/61/469 1991/63/469
f 1993/82/470 1995/73/470 1994/298/470
f 1996/73/471 1998/299/471 1997/298/471
f 1999/73/472 2001/72/472 2000/299/472
f 2002/276/1 2004/275/1 2003/102/1
f 2005/275/1 2007/268/1 2006/102/1
f 2008/275/1 2010/269/1 2009/268/1
f 2011/115/473 2013/117/473 2012/116/473
f 2014/117/474 2016/307/474 2015/116/474
f 2017/117/475 2019/116/475 2018/307/475
f 2020/86/476 2022/84/476 2021/308/476
f 2023/84/477 2025/86/477 2024/308/477
f 2026/84/478 2028/85/478 2027/86/478
f 2029/306/479 2031/303/479 2030/309/479
f 2032/303/480 2034/310/480 2033/309/480
f 2035/303/481 2037/311/481 2036/310/481
f 2038/112/482 2040/114/482 2039/113/482
f 2041/114/483 2043/312/483 2042/113/483
f 2044/114/484 2046/113/484 2045/312/484
f 2047/137/485 2049/136/485 2048/138/485
f 2050/136/486 2052/267/486 2051/138/486
f 2053/136/487 2055/248/487 2054/267/487
f 2056/297/488 2058/140/488 2057/296/488
f 2059/140/489 2061/59/489 2060/296/489
f 2062/140/490 2064/139/490 2063/59/490
f 2065/313/2 2067/314/2 2066/315/2
f 2068/316/2 2070/313/2 2069/315/2
f 2071/314/2 2073/315/2 2072/313/2
f 2074/313/2 2076/314/2 2075/315/2
f 2077/313/2 2079/314/2 2078/315/2
f 2080/316/2 2082/313/2 2081/315/2
f 2083/317/2 2085/318/2 2084/319/2
f 2086/317/2 2088/318/2 2087/319/2
f 2089/318/2 2091/320/2 2090/319/2
f 2092/318/2 2094/319/2 2093/317/2
f 2095/318/2 2097/320/2 2096/319/2
f 2098/317/2 2100/318/2 2099/319/2
f 2131/17/1 2132/19/1 2133/18/1
f 2134/20/1 2135/22/1 2136/21/1
f 2137/19/1 2138/30/1 2139/18/1
f 2140/20/1 2141/39/1 2142/22/1
f 2143/59/1 2144/58/1 2145/56/1
f 2146/59/1 2147/296/1 2148/58/1
f 2149/313/1 2150/315/1 2151/314/1
f 2152/316/1 2153/315/1 2154/313/1
f 2155/314/1 2156/313/1 2157/315/1
f 2158/313/1 2159/315/1 2160/314/1
f 2161/313/1 2162/315/1 2163/314/1
f 2164/316/1 2165/315/1 2166/313/1
f 2167/317/1 2168/319/1 2169/318/1
f 2170/317/1 2171/319/1 2172/318/1
f 2173/318/1 2174/319/1 2175/320/1
f 2176/318/1 2177/317/1 2178/319/1
f 2179/318/1 2180/319/1 2181/320/1
f 2182/317/1 2183/319/1 2184/318/1
