mtllib dawntilldusk.mtl
v -0.011708 0.598852 -0.020279
v -0.000000 0.796493 -0.023053
v -0.000000 0.598852 -0.023417
v -0.011526 0.796493 -0.019964
v -0.020279 0.598852 -0.011708
v -0.019964 0.796493 -0.011526
v -0.023417 0.598852 0.000000
v -0.023053 0.796493 0.000000
v -0.019964 0.796493 0.011526
v -0.020279 0.598852 0.011708
v -0.014355 0.697713 0.018374
v -0.014056 0.796516 0.018424
v -0.014351 0.599068 0.018579
v -0.013483 0.072386 0.022920
v -0.017765 0.072933 0.014451
v -0.013463 0.072454 0.019244
v -0.017778 0.072866 0.022066
v -0.017802 0.083808 0.027801
v -0.017776 0.080956 0.030121
v -0.016895 0.072798 0.023625
v -0.017199 0.090569 0.036421
v -0.016994 0.080511 0.031043
v -0.017805 0.097418 0.033307
v -0.017172 0.102436 0.038513
v -0.017113 0.115215 0.036507
v -0.017802 0.113134 0.032142
v -0.016964 0.125544 0.031393
v -0.017780 0.123690 0.026560
v 0.011708 0.598852 -0.020279
v 0.011526 0.796493 -0.019964
v 0.020279 0.598852 -0.011708
v 0.019964 0.796493 -0.011526
v 0.023417 0.598852 0.000000
v 0.023053 0.796493 0.000000
v 0.019964 0.796493 0.011526
v 0.020279 0.598852 0.011708
v 0.014355 0.697713 0.018374
v 0.014056 0.796516 0.018424
v 0.014351 0.599068 0.018579
v 0.013463 0.072454 0.019244
v 0.017765 0.072933 0.014451
v 0.013483 0.072386 0.022920
v 0.017148 0.072599 0.023683
v 0.017802 0.083808 0.027801
v 0.017127 0.080473 0.031148
v 0.017199 0.090569 0.036421
v 0.017805 0.097418 0.033307
v 0.017172 0.102436 0.038513
v 0.017113 0.115215 0.036507
v 0.017802 0.113134 0.032142
v 0.016964 0.125544 0.031393
v 0.017780 0.123690 0.026560
v 0.013483 0.072386 -0.022920
v 0.017765 0.072933 -0.014451
v 0.013463 0.072454 -0.019244
v 0.017148 0.072599 -0.023683
v 0.017802 0.083808 -0.027801
v 0.017127 0.080473 -0.031148
v 0.017199 0.090569 -0.036421
v 0.017805 0.097418 -0.033307
v 0.017172 0.102436 -0.038513
v 0.017113 0.115215 -0.036507
v 0.017802 0.113134 -0.032142
v 0.016964 0.125544 -0.031393
v 0.017779 0.123690 -0.026560
v -0.013463 0.072454 -0.019244
v -0.017765 0.072933 -0.014451
v -0.013483 0.072386 -0.022920
v -0.017148 0.072599 -0.023683
v -0.017802 0.083808 -0.027801
v -0.017127 0.080473 -0.031148
v -0.017199 0.090569 -0.036421
v -0.017805 0.097418 -0.033307
v -0.017172 0.102436 -0.038513
v -0.017113 0.115215 -0.036507
v -0.017802 0.113134 -0.032142
v -0.016964 0.125544 -0.031393
v -0.017780 0.123690 -0.026560
v -0.000000 0.797908 0.022347
v -0.000000 0.795717 0.023123
v 0.011624 0.796318 0.020231
v 0.010824 0.798007 0.019303
v 0.019424 0.797947 0.010886
v 0.019964 0.796493 0.011526
v -0.006361 0.798618 -0.020372
v 0.023053 0.796493 0.000000
v 0.022201 0.797972 0.000000
v 0.019351 0.797913 -0.011206
v 0.019964 0.796493 -0.011526
v 0.011544 0.796528 -0.020078
v 0.010644 0.798323 -0.018435
v -0.000000 0.796546 -0.023236
v -0.000000 0.200751 -0.034680
v -0.000000 0.242936 -0.028432
v 0.017340 0.200751 -0.030034
v 0.014216 0.242936 -0.024623
v 0.030034 0.200751 -0.017340
v -0.000000 0.289064 -0.024912
v 0.024623 0.242936 -0.014216
v 0.034680 0.200751 -0.000000
v 0.012511 0.292835 -0.021385
v 0.028432 0.242936 -0.000000
v 0.021579 0.291627 -0.012222
v 0.024732 0.291950 0.000000
v 0.024623 0.242936 0.014216
v 0.030034 0.200751 0.017340
v 0.014216 0.242936 0.024623
v 0.017340 0.200751 0.030034
v 0.021557 0.292052 0.012215
v -0.000000 0.242936 0.028432
v -0.000000 0.200751 0.034680
v 0.012517 0.291675 0.021402
v -0.000000 0.290995 0.024874
v -0.000000 0.599513 0.023562
v 0.014176 0.599000 0.018711
v 0.020279 0.598852 0.011708
v 0.023417 0.598852 0.000000
v 0.020279 0.598852 -0.011708
v 0.011708 0.598852 -0.020279
v -0.000000 0.598852 -0.023417
v 0.011554 0.634632 0.058840
v 0.009847 0.649189 0.136221
v 0.010186 0.641681 0.136190
v 0.011751 0.624794 0.047248
v 0.012027 0.639868 0.136237
v 0.013686 0.622884 0.046560
v 0.011990 0.623377 0.136154
v 0.014292 0.599053 0.018577
v 0.012819 0.626276 0.041432
v 0.011834 0.631639 0.043646
v 0.011490 0.635115 0.058976
v 0.013728 0.632437 0.041863
v 0.013839 0.692548 0.033135
v 0.014355 0.697713 0.018374
v 0.011691 0.670199 0.087623
v 0.010918 0.674714 0.096695
v 0.010724 0.667008 0.096627
v 0.012167 0.693951 0.034360
v 0.011508 0.697721 0.047207
v 0.010786 0.663462 0.099139
v 0.010787 0.680712 0.103268
v 0.010786 0.678190 0.099139
v 0.010787 0.660939 0.103268
v 0.010787 0.681092 0.108107
v 0.010787 0.660558 0.108107
v 0.010787 0.679235 0.112591
v 0.010787 0.662415 0.112591
v 0.010787 0.675544 0.115742
v 0.010787 0.666106 0.115742
v 0.010787 0.670825 0.116876
v 0.013104 0.697720 0.030538
v 0.012168 0.701489 0.034360
v 0.013839 0.702892 0.033136
v 0.014071 0.796493 0.018425
v 0.013729 0.762989 0.041869
v 0.010917 0.720727 0.096695
v 0.011692 0.725242 0.087621
v 0.011808 0.763755 0.043772
v 0.011490 0.760325 0.058976
v 0.010724 0.728432 0.096627
v 0.011552 0.760808 0.058840
v 0.010786 0.731978 0.099139
v 0.010787 0.734501 0.103268
v 0.010787 0.714728 0.103268
v 0.010786 0.717250 0.099139
v 0.010787 0.734882 0.108107
v 0.010787 0.714348 0.108107
v 0.010787 0.733025 0.112591
v 0.010787 0.716205 0.112591
v 0.010787 0.729334 0.115742
v 0.010787 0.719896 0.115742
v 0.010787 0.724615 0.116876
v 0.012832 0.769182 0.041419
v 0.013687 0.772556 0.046560
v 0.011751 0.770646 0.047248
v 0.011990 0.772063 0.136153
v 0.010186 0.753759 0.136190
v 0.009847 0.746251 0.136222
v 0.012027 0.755572 0.136236
v -0.011624 0.796318 0.020231
v -0.010824 0.798007 0.019303
v -0.019424 0.797947 0.010886
v -0.019964 0.796493 0.011526
v -0.023053 0.796493 0.000000
v -0.022202 0.797972 0.000000
v -0.019351 0.797913 -0.011206
v -0.019964 0.796493 -0.011526
v -0.011544 0.796528 -0.020078
v -0.017340 0.200751 -0.030034
v -0.014216 0.242936 -0.024623
v -0.030034 0.200751 -0.017340
v -0.024623 0.242936 -0.014216
v -0.034680 0.200751 0.000000
v -0.012511 0.292835 -0.021385
v -0.028432 0.242936 0.000000
v -0.021579 0.291627 -0.012222
v -0.011708 0.598852 -0.020279
v -0.020279 0.598852 -0.011708
v -0.024732 0.291950 0.000000
v -0.023417 0.598852 0.000000
v -0.020279 0.598852 0.011708
v -0.021557 0.292052 0.012215
v -0.024623 0.242936 0.014216
v -0.030034 0.200751 0.017340
v -0.014216 0.242936 0.024623
v -0.017340 0.200751 0.030034
v -0.012517 0.291675 0.021402
v -0.014176 0.599000 0.018711
v -0.010186 0.641681 0.136190
v -0.009847 0.649189 0.136221
v -0.011554 0.634632 0.058840
v -0.011751 0.624794 0.047248
v -0.012027 0.639868 0.136237
v -0.013686 0.622884 0.046560
v -0.011990 0.623377 0.136154
v -0.014292 0.599053 0.018577
v -0.012819 0.626276 0.041432
v -0.011834 0.631639 0.043646
v -0.011490 0.635115 0.058976
v -0.013728 0.632437 0.041863
v -0.013839 0.692548 0.033135
v -0.014355 0.697713 0.018374
v -0.011691 0.670199 0.087623
v -0.010918 0.674714 0.096695
v -0.010724 0.667008 0.096627
v -0.012167 0.693951 0.034360
v -0.011508 0.697721 0.047207
v -0.010786 0.663462 0.099139
v -0.010786 0.678190 0.099139
v -0.010787 0.680712 0.103268
v -0.010787 0.660939 0.103268
v -0.010787 0.681092 0.108107
v -0.010787 0.660558 0.108107
v -0.010787 0.679235 0.112591
v -0.010787 0.662415 0.112591
v -0.010787 0.675544 0.115742
v -0.010787 0.666106 0.115742
v -0.010787 0.670825 0.116876
v -0.013104 0.697720 0.030538
v -0.012168 0.701489 0.034360
v -0.013839 0.702892 0.033136
v -0.014071 0.796493 0.018425
v -0.013730 0.762989 0.041869
v -0.010917 0.720727 0.096695
v -0.011692 0.725242 0.087621
v -0.011808 0.763755 0.043772
v -0.011490 0.760325 0.058976
v -0.010724 0.728432 0.096627
v -0.011552 0.760808 0.058840
v -0.010786 0.731978 0.099139
v -0.010787 0.734501 0.103268
v -0.010786 0.717250 0.099139
v -0.010787 0.714728 0.103268
v -0.010787 0.734882 0.108107
v -0.010787 0.714348 0.108107
v -0.010787 0.733025 0.112591
v -0.010787 0.716205 0.112591
v -0.010787 0.729334 0.115742
v -0.010787 0.719896 0.115742
v -0.010787 0.724615 0.116876
v -0.012832 0.769182 0.041419
v -0.013687 0.772556 0.046560
v -0.011751 0.770645 0.047248
v -0.011990 0.772063 0.136153
v -0.012027 0.755572 0.136236
v -0.010186 0.753759 0.136190
v -0.009848 0.746251 0.136222
v -0.000000 0.697733 0.047758
v 0.011446 0.697822 0.047267
v 0.010959 0.720527 0.096609
v -0.010882 0.717147 0.099072
v 0.010815 0.717227 0.099111
v 0.010881 0.714609 0.103247
v -0.010867 0.716122 0.112650
v 0.010881 0.714232 0.108140
v 0.010821 0.716169 0.112616
v -0.010904 0.719828 0.115876
v 0.010807 0.719884 0.115765
v 0.010815 0.724609 0.116911
v -0.010881 0.724630 0.116996
v 0.010821 0.729354 0.115781
v -0.010867 0.729380 0.115833
v -0.010881 0.733113 0.112673
v 0.010815 0.733056 0.112607
v -0.010881 0.734998 0.108140
v 0.010815 0.734917 0.108107
v 0.010881 0.734620 0.103246
v 0.010890 0.728584 0.096624
v -0.010970 0.728685 0.096603
v 0.010882 0.732081 0.099071
v 0.011591 0.760665 0.058960
v -0.000000 0.760365 0.059608
v 0.009845 0.746337 0.136054
v -0.009854 0.746278 0.136142
v -0.010176 0.753769 0.136255
v 0.010176 0.753772 0.136175
v 0.012015 0.755590 0.136219
v 0.012056 0.771966 0.135934
v -0.012073 0.771996 0.135999
v -0.000000 0.795697 0.023119
v 0.011161 0.796252 0.020318
v 0.014056 0.796516 0.018424
v -0.000000 0.697706 0.047758
v 0.010961 0.674936 0.096616
v 0.011449 0.697621 0.047273
v 0.010881 0.680831 0.103247
v -0.010867 0.681192 0.108123
v 0.010821 0.681135 0.108114
v -0.010881 0.679341 0.112649
v 0.010815 0.679260 0.112616
v -0.010904 0.675613 0.115876
v 0.010807 0.675556 0.115765
v 0.010821 0.670825 0.116919
v -0.010867 0.670825 0.116977
v -0.010904 0.666038 0.115876
v 0.010807 0.666095 0.115765
v 0.010821 0.662380 0.112616
v -0.010867 0.662333 0.112650
v -0.010881 0.660442 0.108140
v 0.010815 0.660523 0.108107
v -0.010881 0.660820 0.103246
v 0.010815 0.660907 0.103252
v -0.010882 0.663358 0.099071
v 0.010815 0.663439 0.099111
v -0.010968 0.666757 0.096593
v 0.010878 0.666871 0.096618
v 0.011645 0.634801 0.059012
v -0.000000 0.635067 0.059589
v 0.009854 0.649162 0.136142
v 0.012015 0.639850 0.136219
v 0.010176 0.641671 0.136255
v 0.012018 0.623436 0.136025
v -0.012028 0.623406 0.136081
v 0.013443 0.607551 0.060099
v -0.000000 0.599510 0.023580
v 0.014635 0.598574 0.018839
v -0.011446 0.697822 0.047267
v -0.010863 0.720631 0.096656
v -0.010815 0.714696 0.103253
v -0.010815 0.714312 0.108107
v -0.010815 0.734533 0.103252
v -0.010815 0.732001 0.099111
v -0.011591 0.760665 0.058961
v -0.012015 0.755590 0.136219
v -0.014056 0.796516 0.018424
v -0.011161 0.796252 0.020318
v -0.011449 0.697621 0.047273
v -0.010862 0.674819 0.096664
v -0.010815 0.678213 0.099111
v 0.010882 0.678292 0.099072
v -0.010815 0.680743 0.103253
v -0.011645 0.634801 0.059012
v -0.009845 0.649103 0.136054
v -0.010176 0.641668 0.136175
v -0.012015 0.639850 0.136219
v -0.013429 0.607437 0.059323
v -0.014635 0.598574 0.018839
v 0.022959 0.123539 0.022959
v 0.026764 0.108072 0.027249
v 0.034119 0.113134 0.014133
v 0.029996 0.123539 0.012425
v 0.032468 0.123693 -0.000000
v 0.036931 0.113134 -0.000000
v 0.025307 0.088554 0.025170
v 0.035323 0.103132 0.014631
v 0.033011 0.088323 0.013442
v 0.038065 0.097131 -0.000000
v 0.022920 0.074810 0.013481
v 0.020157 0.072472 0.011638
v 0.023427 0.072286 -0.000000
v 0.033112 0.083809 -0.000000
v 0.022920 0.074810 -0.013481
v 0.020157 0.072472 -0.011638
v 0.033011 0.088323 -0.013442
v 0.025307 0.088554 -0.025170
v 0.035323 0.103132 -0.014631
v 0.026764 0.108072 -0.027249
v 0.034119 0.113134 -0.014133
v 0.029996 0.123539 -0.012425
v 0.022959 0.123539 -0.022959
v -0.022959 0.123539 0.022959
v -0.026764 0.108072 0.027249
v -0.034119 0.113134 0.014133
v -0.029996 0.123539 0.012425
v -0.032468 0.123693 0.000000
v -0.036931 0.113134 0.000000
v -0.025307 0.088554 0.025170
v -0.035323 0.103132 0.014631
v -0.033011 0.088323 0.013442
v -0.038065 0.097131 0.000000
v -0.022920 0.074810 0.013481
v -0.020157 0.072472 0.011638
v -0.023427 0.072286 0.000000
v -0.033112 0.083809 0.000000
v -0.022920 0.074810 -0.013481
v -0.020157 0.072472 -0.011638
v -0.033011 0.088323 -0.013442
v -0.025307 0.088554 -0.025170
v -0.035323 0.103132 -0.014631
v -0.026764 0.108072 -0.027249
v -0.034119 0.113134 -0.014133
v -0.029996 0.123539 -0.012425
v -0.022959 0.123539 -0.022959
v 0.016352 -0.131957 0.000015
v 0.013994 -0.120862 0.028062
v 0.014083 -0.136395 0.014330
v 0.014087 -0.119697 0.008497
v 0.013978 -0.153706 0.021521
v 0.014144 -0.109599 -0.000182
v 0.014083 -0.147095 -0.000014
v 0.013951 -0.120904 -0.027986
v 0.014078 -0.136749 -0.014235
v 0.014172 -0.126644 -0.049978
v 0.013985 -0.156403 -0.017508
v -0.013951 -0.120904 -0.027986
v -0.014172 -0.126644 -0.049978
v -0.014078 -0.136749 -0.014235
v -0.016352 -0.131957 0.000015
v -0.013985 -0.156403 -0.017508
v -0.014144 -0.109599 -0.000182
v -0.014083 -0.147095 -0.000014
v -0.014087 -0.119697 0.008497
v -0.013994 -0.120862 0.028062
v -0.014083 -0.136395 0.014330
v -0.013978 -0.153706 0.021521
v -0.000000 0.015581 -0.077024
v -0.000000 0.039706 -0.077259
v -0.016633 0.039706 -0.077259
v -0.016750 0.015667 -0.077305
v -0.000000 -0.002790 -0.089086
v -0.016842 0.002938 -0.086373
v -0.016852 -0.017314 -0.093239
v 0.000001 -0.031932 -0.093496
v -0.016707 -0.091182 -0.093183
v -0.000000 -0.091193 -0.092936
v -0.000001 0.007391 -0.120898
v -0.000000 0.037702 -0.124678
v 0.016633 0.037702 -0.124678
v 0.016832 0.005168 -0.120414
v -0.000002 -0.022431 -0.122389
v 0.016851 -0.023323 -0.122259
v 0.016754 -0.052477 -0.129826
v -0.000000 -0.052414 -0.130106
v 0.016742 -0.087012 -0.144433
v -0.000000 -0.086990 -0.144711
v 0.000000 -0.052414 0.130106
v 0.000000 -0.086990 0.144711
v 0.016742 -0.087012 0.144433
v 0.016754 -0.052477 0.129826
v -0.000002 -0.022431 0.122389
v 0.016851 -0.023323 0.122259
v 0.016832 0.005168 0.120414
v -0.000001 0.007391 0.120898
v 0.016633 0.037702 0.124678
v 0.000000 0.037702 0.124678
v 0.000001 -0.031932 0.093496
v 0.000000 -0.091193 0.092936
v -0.016707 -0.091182 0.093183
v -0.016852 -0.017314 0.093239
v -0.000000 -0.002790 0.089086
v -0.016842 0.002938 0.086373
v -0.016750 0.015667 0.077305
v 0.000000 0.015581 0.077024
v -0.016633 0.039706 0.077259
v 0.000000 0.039706 0.077259
v 0.000000 -0.052414 0.130106
v -0.016742 -0.087012 0.144433
v 0.000000 -0.086990 0.144711
v -0.016754 -0.052477 0.129826
v 0.000002 -0.022431 0.122389
v -0.016851 -0.023323 0.122259
v -0.016832 0.005168 0.120414
v 0.000001 0.007391 0.120898
v -0.016633 0.037702 0.124678
v 0.000000 0.037702 0.124678
v -0.000001 -0.031932 0.093496
v 0.016707 -0.091182 0.093183
v 0.000000 -0.091193 0.092936
v 0.016852 -0.017314 0.093239
v 0.000000 -0.002790 0.089086
v 0.016842 0.002938 0.086373
v 0.016750 0.015667 0.077305
v 0.000000 0.015581 0.077024
v 0.016633 0.039706 0.077259
v 0.000000 0.039706 0.077259
v -0.000001 -0.136089 0.078736
v -0.016638 -0.120246 0.077140
v 0.000000 -0.120246 0.077140
v -0.017200 -0.131418 0.077992
v -0.017200 -0.147886 0.084696
v 0.000000 -0.154934 0.090715
v -0.017200 -0.162224 0.101843
v 0.000000 -0.165318 0.110581
v -0.017200 -0.165822 0.117223
v 0.000000 -0.164379 0.132977
v -0.017200 -0.163609 0.134864
v 0.000000 -0.155370 0.148363
v -0.017200 -0.155278 0.148283
v 0.000000 -0.144546 0.157246
v -0.017200 -0.144486 0.157141
v 0.000000 -0.132298 0.162140
v -0.017236 -0.128634 0.162605
v 0.000000 -0.110481 0.163319
v -0.016877 -0.108739 0.163916
v 0.000000 -0.085958 0.177312
v -0.017056 -0.083532 0.177792
v 0.000000 -0.080392 0.176716
v -0.017052 -0.078645 0.174408
v 0.000000 -0.078468 0.171458
v -0.017012 -0.084057 0.152037
v -0.000001 -0.084953 0.145081
v -0.017273 -0.084647 0.142459
v -0.017200 -0.080292 0.122829
v -0.000000 -0.080056 0.116875
v -0.017200 -0.081024 0.111665
v 0.000000 -0.084511 0.101017
v -0.016638 -0.084511 0.101017
v -0.000001 -0.093815 0.088095
v -0.017200 -0.090836 0.091768
v -0.017229 -0.106955 0.079956
v 0.000000 -0.109242 0.079329
v 0.000000 -0.120246 0.077140
v -0.016638 -0.120246 0.077140
v 0.017229 -0.106955 0.079956
v 0.016638 -0.120246 0.077140
v 0.000000 -0.120246 0.077140
v 0.000000 -0.109242 0.079329
v 0.000001 -0.093815 0.088095
v 0.017200 -0.090836 0.091768
v 0.016638 -0.084511 0.101017
v 0.000000 -0.084511 0.101017
v 0.017200 -0.081024 0.111665
v 0.000000 -0.080056 0.116875
v 0.017200 -0.080292 0.122829
v 0.000001 -0.084953 0.145081
v 0.017273 -0.084647 0.142459
v 0.017012 -0.084057 0.152037
v 0.000000 -0.078468 0.171458
v 0.017052 -0.078645 0.174408
v 0.000000 -0.080392 0.176716
v 0.017056 -0.083532 0.177792
v 0.000000 -0.085958 0.177312
v 0.016877 -0.108739 0.163916
v -0.000000 -0.110481 0.163319
v 0.017236 -0.128634 0.162605
v -0.000000 -0.132298 0.162140
v 0.017200 -0.144486 0.157141
v 0.000000 -0.144546 0.157246
v 0.017200 -0.158139 0.145267
v -0.000000 -0.159390 0.143668
v 0.017200 -0.166068 0.123863
v -0.000000 -0.166323 0.121841
v 0.017200 -0.162224 0.101843
v 0.000000 -0.163754 0.106211
v -0.000000 -0.154934 0.090715
v 0.017200 -0.147886 0.084696
v 0.000001 -0.136089 0.078736
v 0.017200 -0.131418 0.077992
v 0.016638 -0.120246 0.077140
v 0.000000 -0.120246 0.077140
v -0.017229 -0.106955 -0.079956
v -0.016638 -0.120246 -0.077140
v 0.000000 -0.120246 -0.077140
v 0.000000 -0.109242 -0.079329
v -0.000001 -0.093815 -0.088095
v -0.017200 -0.090836 -0.091768
v -0.016638 -0.084511 -0.101017
v -0.000000 -0.084511 -0.101017
v -0.017200 -0.081024 -0.111665
v -0.000000 -0.080056 -0.116875
v -0.017200 -0.080292 -0.122829
v -0.000001 -0.084953 -0.145081
v -0.017273 -0.084647 -0.142459
v -0.017012 -0.084057 -0.152037
v -0.000000 -0.078468 -0.171458
v -0.017052 -0.078645 -0.174408
v -0.000000 -0.080392 -0.176716
v -0.017056 -0.083532 -0.177792
v -0.000000 -0.085958 -0.177312
v -0.016877 -0.108739 -0.163916
v 0.000000 -0.110481 -0.163319
v -0.017236 -0.128634 -0.162605
v 0.000000 -0.132298 -0.162140
v -0.017200 -0.144486 -0.157141
v -0.000000 -0.144546 -0.157246
v -0.017200 -0.158139 -0.145267
v 0.000000 -0.159390 -0.143668
v -0.017200 -0.166068 -0.123863
v 0.000000 -0.166323 -0.121841
v -0.017200 -0.162224 -0.101843
v 0.000000 -0.163754 -0.106211
v 0.000000 -0.154934 -0.090715
v -0.017200 -0.147886 -0.084696
v -0.000001 -0.136089 -0.078736
v -0.017200 -0.131418 -0.077992
v -0.016638 -0.120246 -0.077140
v 0.000000 -0.120246 -0.077140
v 0.000001 -0.136089 -0.078736
v 0.016638 -0.120246 -0.077140
v 0.000000 -0.120246 -0.077140
v 0.017200 -0.131418 -0.077992
v 0.017200 -0.147886 -0.084696
v -0.000000 -0.154934 -0.090715
v 0.017200 -0.162224 -0.101843
v -0.000000 -0.165318 -0.110581
v 0.017200 -0.165822 -0.117223
v -0.000000 -0.164379 -0.132977
v 0.017200 -0.163609 -0.134864
v 0.000000 -0.155370 -0.148363
v 0.017200 -0.155278 -0.148283
v -0.000000 -0.144546 -0.157246
v 0.017200 -0.144486 -0.157141
v -0.000000 -0.132298 -0.162140
v 0.017236 -0.128634 -0.162605
v -0.000000 -0.110481 -0.163319
v 0.016877 -0.108739 -0.163916
v -0.000000 -0.085958 -0.177312
v 0.017056 -0.083532 -0.177792
v -0.000000 -0.080392 -0.176716
v 0.017052 -0.078645 -0.174408
v -0.000000 -0.078468 -0.171458
v 0.017012 -0.084057 -0.152037
v 0.000001 -0.084953 -0.145081
v 0.017273 -0.084647 -0.142459
v 0.017200 -0.080292 -0.122829
v 0.000000 -0.080056 -0.116875
v 0.017200 -0.081024 -0.111665
v -0.000000 -0.084511 -0.101017
v 0.016638 -0.084511 -0.101017
v 0.000001 -0.093815 -0.088095
v 0.017200 -0.090836 -0.091768
v 0.017229 -0.106955 -0.079956
v 0.000000 -0.109242 -0.079329
v 0.000000 -0.120246 -0.077140
v 0.016638 -0.120246 -0.077140
v -0.012100 -0.099453 0.041285
v -0.012083 -0.098391 0.085546
v 0.012086 -0.098252 0.085547
v 0.012102 -0.095113 0.029604
v -0.012107 -0.091330 0.025394
v -0.012099 -0.096673 0.032271
v 0.012100 -0.088583 0.023756
v -0.012009 -0.082211 0.020242
v 0.012100 -0.099453 -0.041285
v -0.012086 -0.098252 -0.085547
v -0.012096 -0.099562 -0.040829
v 0.012099 -0.096673 -0.032271
v -0.012096 -0.095613 -0.029886
v 0.012112 -0.092038 -0.026136
v -0.012100 -0.088583 -0.023756
v 0.016941 0.111605 0.113179
v 0.016941 0.113024 0.102402
v -0.000000 0.113024 0.102402
v 0.000000 0.111605 0.113179
v 0.016941 0.105263 0.127150
v 0.000000 0.104057 0.128722
v 0.016941 0.088350 0.140774
v 0.000000 0.086520 0.141532
v 0.016941 0.071384 0.144042
v 0.000000 0.065922 0.143886
v 0.000000 0.082161 0.142623
v -0.016941 0.071384 0.144042
v 0.000000 0.071384 0.144042
v -0.016941 0.088350 0.140774
v 0.000000 0.096132 0.136281
v -0.016941 0.105263 0.127150
v 0.000000 0.109756 0.119368
v -0.016941 0.111605 0.113179
v -0.000000 0.113024 0.102402
v -0.016941 0.113024 0.102402
v -0.000000 0.082161 0.062181
v 0.016941 0.071384 0.060762
v -0.000000 0.065922 0.060918
v 0.016941 0.088350 0.064030
v -0.000000 0.096132 0.068523
v 0.016941 0.105263 0.077654
v -0.000000 0.109756 0.085436
v 0.016941 0.111605 0.091625
v -0.000000 0.113024 0.102402
v 0.016941 0.113024 0.102402
v -0.016941 0.111605 0.091625
v -0.016941 0.113024 0.102402
v -0.000000 0.113024 0.102402
v -0.000000 0.109756 0.085436
v -0.016941 0.105263 0.077654
v -0.000000 0.096132 0.068523
v -0.016941 0.088350 0.064030
v -0.000000 0.082161 0.062181
v -0.016941 0.071384 0.060762
v -0.000000 0.071384 0.060762
v 0.016941 0.054418 0.140774
v 0.000000 0.046636 0.136281
v 0.016941 0.037505 0.127150
v 0.000000 0.033012 0.119368
v 0.016941 0.031163 0.113179
v 0.000000 0.029744 0.102402
v 0.016941 0.029744 0.102402
v -0.016941 0.031163 0.113179
v -0.016941 0.029744 0.102402
v 0.000000 0.029744 0.102402
v 0.000000 0.033012 0.119368
v -0.016941 0.037505 0.127150
v 0.000000 0.046636 0.136281
v -0.016941 0.054418 0.140774
v 0.000000 0.060607 0.142623
v -0.016941 0.071384 0.144042
v 0.000000 0.071384 0.144042
v 0.016941 0.031163 0.091625
v 0.016941 0.029744 0.102402
v 0.000000 0.029744 0.102402
v 0.000000 0.033012 0.085436
v 0.016941 0.037505 0.077654
v 0.000000 0.046636 0.068523
v 0.016941 0.054418 0.064030
v 0.000000 0.056248 0.063272
v -0.016941 0.071384 0.060762
v -0.000000 0.071384 0.060762
v -0.016941 0.054418 0.064030
v 0.000000 0.038710 0.076083
v -0.016941 0.037505 0.077654
v 0.000000 0.031163 0.091625
v -0.016941 0.031163 0.091625
v 0.000000 0.029744 0.102402
v -0.016941 0.029744 0.102402
v -0.016941 0.111605 -0.113179
v -0.016941 0.112868 -0.096941
v -0.000000 0.113115 -0.107896
v -0.016941 0.105263 -0.127150
v -0.000000 0.104057 -0.128722
v -0.016941 0.088350 -0.140774
v -0.000000 0.086520 -0.141532
v -0.016941 0.071384 -0.144042
v -0.000000 0.065922 -0.143886
v -0.000000 0.082161 -0.142623
v 0.016941 0.071384 -0.144042
v -0.000000 0.071384 -0.144042
v 0.016941 0.088350 -0.140774
v -0.000000 0.096132 -0.136281
v 0.016941 0.105263 -0.127150
v -0.000000 0.109756 -0.119368
v 0.016941 0.111605 -0.113179
v -0.000000 0.113024 -0.102402
v 0.016941 0.113024 -0.102402
v -0.000000 0.082161 -0.062181
v -0.016941 0.071384 -0.060762
v -0.000000 0.071384 -0.060762
v -0.016941 0.088350 -0.064030
v -0.000000 0.096132 -0.068523
v -0.016941 0.105263 -0.077654
v -0.000000 0.109756 -0.085436
v 0.016941 0.111605 -0.091625
v 0.016941 0.113024 -0.102402
v -0.000000 0.113024 -0.102402
v -0.000000 0.109756 -0.085436
v 0.016941 0.105263 -0.077654
v -0.000000 0.096132 -0.068523
v 0.016941 0.088350 -0.064030
v -0.000000 0.082161 -0.062181
v 0.016941 0.071384 -0.060762
v -0.000000 0.071384 -0.060762
v -0.016941 0.054418 -0.140774
v -0.000000 0.046636 -0.136281
v -0.016941 0.037505 -0.127150
v -0.000000 0.033012 -0.119368
v -0.016941 0.031163 -0.113179
v -0.000000 0.029744 -0.102402
v -0.016941 0.029744 -0.102402
v 0.016941 0.031163 -0.113179
v 0.016941 0.029744 -0.102402
v -0.000000 0.029744 -0.102402
v -0.000000 0.033012 -0.119368
v 0.016941 0.037505 -0.127150
v -0.000000 0.046636 -0.136281
v 0.016941 0.054418 -0.140774
v -0.000000 0.060607 -0.142623
v 0.016941 0.071384 -0.144042
v -0.000000 0.071384 -0.144042
v -0.016941 0.031163 -0.091625
v -0.016941 0.029744 -0.102402
v 0.016941 0.029744 -0.102402
v -0.016941 0.071384 -0.060762
v -0.016941 0.053307 -0.064734
v 0.016941 0.060607 -0.062181
v 0.016941 0.071384 -0.060762
v -0.016941 0.041940 -0.072958
v 0.016941 0.050564 -0.066341
v -0.016941 0.035323 -0.081582
v 0.016941 0.037505 -0.077654
v 0.016941 0.031163 -0.091625
v -0.000000 -0.086990 -0.144711
v -0.016742 -0.087012 -0.144433
v -0.000000 -0.052414 -0.130106
v -0.016754 -0.052477 -0.129826
v 0.000002 -0.022431 -0.122389
v -0.016851 -0.023323 -0.122259
v -0.016832 0.005168 -0.120414
v 0.000001 0.007391 -0.120898
v -0.016633 0.037702 -0.124678
v -0.000000 0.037702 -0.124678
v -0.000000 -0.091193 -0.092936
v 0.016707 -0.091182 -0.093183
v -0.000001 -0.031932 -0.093496
v 0.016852 -0.017314 -0.093239
v 0.000000 -0.002790 -0.089086
v 0.016842 0.002938 -0.086373
v 0.016750 0.015667 -0.077305
v -0.000000 0.015581 -0.077024
v 0.016633 0.039706 -0.077259
v -0.000000 0.039706 -0.077259
v 0.012096 -0.099562 0.040829
v 0.012007 -0.082291 0.020166
v 0.012083 -0.098391 -0.085546
v 0.012007 -0.082291 -0.020166
v -0.012009 -0.082211 -0.020242
v 0.016707 -0.091182 -0.093183
v 0.016742 -0.087012 -0.144433
v 0.016751 -0.052755 -0.093781
v 0.016754 -0.052477 -0.129826
v 0.016844 -0.028028 -0.123189
v 0.016844 -0.028400 -0.093590
v 0.016844 -0.010706 -0.091643
v 0.016844 -0.010237 -0.120998
v 0.016844 0.003525 -0.120427
v 0.016842 0.002938 -0.086373
v 0.016752 0.016450 -0.121587
v 0.016750 0.015667 -0.077305
v 0.016633 0.039706 -0.077259
v 0.016633 0.037702 -0.124678
v -0.016707 -0.091182 -0.093183
v -0.016751 -0.052755 -0.093781
v -0.016742 -0.087012 -0.144433
v -0.016754 -0.052477 -0.129826
v -0.016844 -0.028028 -0.123189
v -0.016844 -0.028400 -0.093590
v -0.016844 -0.010706 -0.091643
v -0.016844 -0.010237 -0.120998
v -0.016844 0.003525 -0.120427
v -0.016842 0.002938 -0.086373
v -0.016752 0.016450 -0.121587
v -0.016750 0.015667 -0.077305
v -0.016633 0.039706 -0.077259
v -0.016633 0.037702 -0.124678
v 0.016751 -0.052755 0.093781
v 0.016742 -0.087012 0.144433
v 0.016707 -0.091182 0.093183
v 0.016754 -0.052477 0.129826
v 0.016844 -0.028028 0.123189
v 0.016844 -0.028400 0.093590
v 0.016844 -0.010706 0.091643
v 0.016844 -0.010237 0.120998
v 0.016844 0.003525 0.120427
v 0.016842 0.002938 0.086373
v 0.016752 0.016450 0.121587
v 0.016750 0.015667 0.077305
v 0.016633 0.039706 0.077259
v 0.016633 0.037702 0.124678
v -0.016742 -0.087012 0.144433
v -0.016751 -0.052755 0.093781
v -0.016707 -0.091182 0.093183
v -0.016754 -0.052477 0.129826
v -0.016844 -0.028028 0.123189
v -0.016844 -0.028400 0.093590
v -0.016844 -0.010706 0.091643
v -0.016844 -0.010237 0.120998
v -0.016844 0.003525 0.120427
v -0.016842 0.002938 0.086373
v -0.016752 0.016450 0.121587
v -0.016750 0.015667 0.077305
v -0.016633 0.039706 0.077259
v -0.016633 0.037702 0.124678
v 0.016875 0.101232 0.074549
v -0.000000 0.125458 0.034957
v 0.000007 0.102298 0.075546
v 0.016824 0.125436 0.031157
v 0.017004 0.114797 0.036477
v 0.016994 0.102435 0.038362
v 0.016933 0.097012 0.070623
v 0.017013 0.090618 0.036273
v 0.016933 0.091834 0.067071
v 0.016933 0.081968 0.062973
v 0.016933 0.069550 0.061693
v 0.016994 0.080511 0.031043
v 0.016892 0.060527 0.063416
v 0.016895 0.072798 0.023625
v 0.013483 0.072386 0.022920
v 0.013157 0.059828 0.063633
v 0.012666 0.056046 0.064787
v 0.012676 0.069419 0.021872
v 0.013463 0.072454 0.019244
v 0.012673 0.069472 0.020410
v 0.000000 0.055991 0.064766
v -0.000000 0.068691 0.024054
v -0.000007 0.102298 0.075546
v -0.000000 0.125458 0.034957
v -0.016875 0.101232 0.074549
v -0.016824 0.125436 0.031157
v -0.017004 0.114797 0.036477
v -0.016994 0.102435 0.038362
v -0.016933 0.097012 0.070623
v -0.017013 0.090618 0.036273
v -0.016933 0.091834 0.067071
v -0.016933 0.081968 0.062973
v -0.016933 0.069550 0.061693
v -0.016994 0.080511 0.031043
v -0.016892 0.060527 0.063416
v -0.016895 0.072798 0.023625
v -0.017776 0.080956 0.030121
v -0.013483 0.072386 0.022920
v -0.017778 0.072866 0.022066
v -0.013157 0.059828 0.063633
v -0.012666 0.056046 0.064787
v -0.012676 0.069419 0.021872
v -0.013463 0.072454 0.019244
v -0.012673 0.069472 0.020410
v 0.000000 0.055991 0.064766
v -0.000000 0.068691 0.024054
v 0.000007 0.102628 -0.074989
v -0.000000 0.125458 -0.034957
v 0.016874 0.101563 -0.073991
v 0.016824 0.125436 -0.031157
v 0.017004 0.114797 -0.036477
v 0.016994 0.102435 -0.038362
v 0.016933 0.097342 -0.070066
v 0.017013 0.090618 -0.036273
v 0.016933 0.092165 -0.066514
v 0.016933 0.082298 -0.062416
v 0.016933 0.069881 -0.061136
v 0.016994 0.080511 -0.031043
v 0.016892 0.060858 -0.062859
v 0.016895 0.072798 -0.023625
v 0.013483 0.072386 -0.022920
v 0.013157 0.060159 -0.063076
v 0.012666 0.056377 -0.064229
v 0.012676 0.069419 -0.021872
v 0.013463 0.072454 -0.019244
v 0.012673 0.069472 -0.020410
v -0.000000 0.056322 -0.064208
v -0.000000 0.068691 -0.024054
v -0.016874 0.101563 -0.073991
v -0.000000 0.125458 -0.034957
v -0.000007 0.102628 -0.074989
v -0.016824 0.125436 -0.031157
v -0.017004 0.114797 -0.036477
v -0.016994 0.102435 -0.038362
v -0.016933 0.097342 -0.070066
v -0.017013 0.090618 -0.036273
v -0.016933 0.092165 -0.066514
v -0.016933 0.082298 -0.062416
v -0.016933 0.069881 -0.061136
v -0.016994 0.080511 -0.031043
v -0.016892 0.060858 -0.062859
v -0.016895 0.072798 -0.023625
v -0.013483 0.072386 -0.022920
v -0.013157 0.060159 -0.063076
v -0.012666 0.056377 -0.064229
v -0.012676 0.069419 -0.021872
v -0.013463 0.072454 -0.019244
v -0.012673 0.069472 -0.020410
v -0.000000 0.056322 -0.064208
v -0.000000 0.068691 -0.024054
v -0.010542 -0.184616 -0.009869
v -0.016547 -0.163235 -0.020588
v 0.010496 -0.184620 -0.009833
v 0.016472 -0.163135 -0.020534
v 0.000000 -0.143467 -0.083494
v 0.016437 -0.143169 -0.083232
v -0.000000 -0.143424 0.083481
v 0.016472 -0.163137 0.020534
v 0.016437 -0.143169 0.083232
v -0.016525 -0.163202 0.020580
v -0.010542 -0.184616 0.009869
v 0.010496 -0.184620 0.009833
v -0.016437 -0.143169 -0.083232
v -0.016437 -0.143169 0.083232
v 0.023260 0.083276 0.130373
v 0.016941 0.082161 0.142623
v 0.017319 0.071382 0.144298
v 0.016941 0.092204 0.138463
v 0.022941 0.071384 0.132318
v 0.020805 0.101275 0.123326
v 0.016941 0.100828 0.131846
v 0.020325 0.071384 0.130622
v 0.016941 0.107445 0.123222
v 0.020325 0.082183 0.128473
v 0.016941 0.111605 0.113179
v 0.022941 0.092537 0.123556
v 0.020325 0.091338 0.122356
v 0.017495 0.113398 0.102415
v 0.022941 0.099022 0.113850
v 0.022941 0.101299 0.102402
v 0.020325 0.097455 0.113201
v 0.020325 0.099604 0.102402
v -0.017319 0.071382 0.144298
v -0.016941 0.082161 0.142623
v -0.023260 0.083276 0.130373
v -0.016941 0.092204 0.138463
v -0.022941 0.071384 0.132318
v -0.020805 0.101275 0.123326
v -0.016941 0.100828 0.131846
v -0.020325 0.071384 0.130622
v -0.016941 0.107445 0.123222
v -0.020325 0.082183 0.128473
v -0.022941 0.092537 0.123556
v -0.020325 0.091338 0.122356
v -0.016941 0.111605 0.113179
v -0.022941 0.099022 0.113850
v -0.020325 0.097455 0.113201
v -0.017495 0.113398 0.102415
v -0.022941 0.101299 0.102402
v -0.020325 0.099604 0.102402
v 0.017319 0.071382 0.060506
v 0.016941 0.082161 0.062181
v 0.023260 0.083276 0.074431
v 0.016941 0.092204 0.066341
v 0.022941 0.071384 0.072487
v 0.020805 0.101275 0.081478
v 0.016941 0.100828 0.072958
v 0.020325 0.071384 0.074182
v 0.016941 0.107445 0.081582
v 0.020325 0.082183 0.076331
v 0.022941 0.092537 0.081249
v 0.020325 0.091338 0.082448
v 0.016941 0.111605 0.091625
v 0.022941 0.099022 0.090954
v 0.020325 0.097455 0.091603
v 0.017495 0.113398 0.102389
v 0.022941 0.101299 0.102402
v 0.020325 0.099604 0.102402
v -0.023260 0.083276 0.074431
v -0.016941 0.082161 0.062181
v -0.017319 0.071382 0.060506
v -0.016941 0.092204 0.066341
v -0.022941 0.071384 0.072487
v -0.020805 0.101275 0.081478
v -0.016941 0.100828 0.072958
v -0.020325 0.071384 0.074182
v -0.016941 0.107445 0.081582
v -0.020325 0.082183 0.076331
v -0.016941 0.111605 0.091625
v -0.022941 0.092537 0.081249
v -0.020325 0.091338 0.082448
v -0.017495 0.113398 0.102389
v -0.022941 0.099022 0.090954
v -0.022941 0.101299 0.102402
v -0.020325 0.097455 0.091603
v -0.020325 0.099604 0.102402
v 0.017319 0.071386 0.144298
v 0.016941 0.060607 0.142623
v 0.023260 0.059492 0.130373
v 0.016941 0.050564 0.138463
v 0.022941 0.071384 0.132318
v 0.020805 0.041493 0.123326
v 0.016941 0.041940 0.131846
v 0.020325 0.071384 0.130622
v 0.016941 0.035323 0.123222
v 0.020325 0.060585 0.128473
v 0.022941 0.050230 0.123556
v 0.020325 0.051429 0.122356
v 0.016941 0.031163 0.113179
v 0.022941 0.043746 0.113850
v 0.020325 0.045313 0.113201
v 0.017495 0.029370 0.102415
v 0.022941 0.041468 0.102402
v 0.020325 0.043164 0.102402
v -0.023260 0.059492 0.130373
v -0.016941 0.060607 0.142623
v -0.017319 0.071386 0.144298
v -0.016941 0.050564 0.138463
v -0.022941 0.071384 0.132318
v -0.020805 0.041493 0.123326
v -0.016941 0.041940 0.131846
v -0.020325 0.071384 0.130622
v -0.016941 0.035323 0.123222
v -0.020325 0.060585 0.128473
v -0.016941 0.031163 0.113179
v -0.022941 0.050230 0.123556
v -0.020325 0.051429 0.122356
v -0.017495 0.029370 0.102415
v -0.022941 0.043746 0.113850
v -0.022941 0.041468 0.102402
v -0.020325 0.045313 0.113201
v -0.020325 0.043164 0.102402
v 0.023260 0.059492 0.074431
v 0.016941 0.060607 0.062181
v 0.017319 0.071386 0.060506
v 0.016941 0.050564 0.066341
v 0.022941 0.071384 0.072487
v 0.020805 0.041493 0.081478
v 0.016941 0.041940 0.072958
v 0.020325 0.071384 0.074182
v 0.016941 0.035323 0.081582
v 0.020325 0.060585 0.076331
v 0.016941 0.031163 0.091625
v 0.022941 0.050230 0.081249
v 0.020325 0.051429 0.082448
v 0.017495 0.029370 0.102389
v 0.022941 0.043746 0.090954
v 0.022941 0.041468 0.102402
v 0.020325 0.045313 0.091603
v 0.020325 0.043164 0.102402
v -0.017319 0.071386 0.060506
v -0.016941 0.060607 0.062181
v -0.023260 0.059492 0.074431
v -0.016941 0.050564 0.066341
v -0.022941 0.071384 0.072487
v -0.020805 0.041493 0.081478
v -0.016941 0.041940 0.072958
v -0.020325 0.071384 0.074182
v -0.016941 0.035323 0.081582
v -0.020325 0.060585 0.076331
v -0.022941 0.050230 0.081249
v -0.020325 0.051429 0.082448
v -0.016941 0.031163 0.091625
v -0.022941 0.043746 0.090954
v -0.020325 0.045313 0.091603
v -0.017495 0.029370 0.102389
v -0.022941 0.041468 0.102402
v -0.020325 0.043164 0.102402
v -0.023260 0.083276 -0.130373
v -0.016941 0.082161 -0.142623
v -0.017319 0.071382 -0.144298
v -0.016941 0.092204 -0.138463
v -0.022941 0.071384 -0.132318
v -0.020805 0.101275 -0.123326
v -0.016941 0.100828 -0.131846
v -0.020325 0.071384 -0.130622
v -0.016941 0.107445 -0.123222
v -0.020325 0.082183 -0.128473
v -0.016941 0.111605 -0.113179
v -0.022941 0.092537 -0.123556
v -0.020325 0.091338 -0.122356
v -0.017495 0.113398 -0.102415
v -0.022941 0.099022 -0.113850
v -0.022941 0.101299 -0.102402
v -0.020325 0.097455 -0.113201
v -0.020325 0.099604 -0.102402
v 0.017319 0.071382 -0.144298
v 0.016941 0.082161 -0.142623
v 0.023260 0.083276 -0.130373
v 0.016941 0.092204 -0.138463
v 0.022941 0.071384 -0.132318
v 0.020805 0.101275 -0.123326
v 0.016941 0.100828 -0.131846
v 0.020325 0.071384 -0.130622
v 0.016941 0.107445 -0.123222
v 0.020325 0.082183 -0.128473
v 0.022941 0.092537 -0.123556
v 0.020325 0.091338 -0.122356
v 0.016941 0.111605 -0.113179
v 0.022941 0.099022 -0.113850
v 0.020325 0.097455 -0.113201
v 0.017495 0.113398 -0.102415
v 0.022941 0.101299 -0.102402
v 0.020325 0.099604 -0.102402
v -0.017319 0.071382 -0.060506
v -0.016941 0.082161 -0.062181
v -0.023260 0.083276 -0.074431
v -0.016941 0.092204 -0.066341
v -0.022941 0.071384 -0.072487
v -0.020805 0.101275 -0.081478
v -0.016941 0.100828 -0.072958
v -0.020325 0.071384 -0.074182
v -0.016941 0.107445 -0.081582
v -0.020325 0.082183 -0.076331
v -0.022941 0.092537 -0.081249
v -0.020325 0.091338 -0.082448
v -0.016941 0.111605 -0.091625
v -0.022941 0.099022 -0.090954
v -0.020325 0.097455 -0.091603
v -0.017495 0.113398 -0.102389
v -0.022941 0.101299 -0.102402
v -0.020325 0.099604 -0.102402
v 0.023260 0.083276 -0.074431
v 0.016941 0.082161 -0.062181
v 0.017319 0.071382 -0.060506
v 0.016941 0.092204 -0.066341
v 0.022941 0.071384 -0.072487
v 0.020805 0.101275 -0.081478
v 0.016941 0.100828 -0.072958
v 0.020325 0.071384 -0.074182
v 0.016941 0.107445 -0.081582
v 0.020325 0.082183 -0.076331
v 0.016941 0.111605 -0.091625
v 0.022941 0.092537 -0.081249
v 0.020325 0.091338 -0.082448
v 0.017495 0.113398 -0.102389
v 0.022941 0.099022 -0.090954
v 0.022941 0.101299 -0.102402
v 0.020325 0.097455 -0.091603
v 0.020325 0.099604 -0.102402
v -0.017319 0.071386 -0.144298
v -0.016941 0.060607 -0.142623
v -0.023260 0.059492 -0.130373
v -0.016941 0.050564 -0.138463
v -0.022941 0.071384 -0.132318
v -0.020805 0.041493 -0.123326
v -0.016941 0.041940 -0.131846
v -0.020325 0.071384 -0.130622
v -0.016941 0.035323 -0.123222
v -0.020325 0.060585 -0.128473
v -0.022941 0.050230 -0.123556
v -0.020325 0.051429 -0.122356
v -0.016941 0.031163 -0.113179
v -0.022941 0.043746 -0.113850
v -0.020325 0.045313 -0.113201
v -0.017495 0.029370 -0.102415
v -0.022941 0.041468 -0.102402
v -0.020325 0.043164 -0.102402
v 0.023260 0.059492 -0.130373
v 0.016941 0.060607 -0.142623
v 0.017319 0.071386 -0.144298
v 0.016941 0.050564 -0.138463
v 0.022941 0.071384 -0.132318
v 0.020805 0.041493 -0.123326
v 0.016941 0.041940 -0.131846
v 0.020325 0.071384 -0.130622
v 0.016941 0.035323 -0.123222
v 0.020325 0.060585 -0.128473
v 0.016941 0.031163 -0.113179
v 0.022941 0.050230 -0.123556
v 0.020325 0.051429 -0.122356
v 0.017495 0.029370 -0.102415
v 0.022941 0.043746 -0.113850
v 0.022941 0.041468 -0.102402
v 0.020325 0.045313 -0.113201
v 0.020325 0.043164 -0.102402
v -0.023260 0.059492 -0.074431
v -0.016941 0.060607 -0.062181
v -0.017319 0.071386 -0.060506
v -0.016941 0.050564 -0.066341
v -0.022941 0.071384 -0.072487
v -0.020805 0.041493 -0.081478
v -0.016941 0.041940 -0.072958
v -0.020325 0.071384 -0.074182
v -0.016941 0.035323 -0.081582
v -0.020325 0.060585 -0.076331
v -0.016941 0.031163 -0.091625
v -0.022941 0.050230 -0.081249
v -0.020325 0.051429 -0.082448
v -0.017495 0.029370 -0.102389
v -0.022941 0.043746 -0.090954
v -0.022941 0.041468 -0.102402
v -0.020325 0.045313 -0.091603
v -0.020325 0.043164 -0.102402
v 0.017319 0.071386 -0.060506
v 0.016941 0.060607 -0.062181
v 0.023260 0.059492 -0.074431
v 0.016941 0.050564 -0.066341
v 0.022941 0.071384 -0.072487
v 0.020805 0.041493 -0.081478
v 0.016941 0.041940 -0.072958
v 0.020325 0.071384 -0.074182
v 0.016941 0.035323 -0.081582
v 0.020325 0.060585 -0.076331
v 0.022941 0.050230 -0.081249
v 0.020325 0.051429 -0.082448
v 0.016941 0.031163 -0.091625
v 0.022941 0.043746 -0.090954
v 0.020325 0.045313 -0.091603
v 0.017495 0.029370 -0.102389
v 0.022941 0.041468 -0.102402
v 0.020325 0.043164 -0.102402
v 0.022836 -0.116632 0.139446
v 0.024353 -0.117881 0.137615
v 0.026155 -0.119832 0.133840
v 0.027379 -0.122715 0.128176
v 0.027782 -0.126081 0.121566
v 0.027379 -0.129449 0.114957
v 0.026155 -0.132337 0.109295
v 0.024353 -0.134243 0.105497
v 0.022797 -0.135097 0.103497
v 0.021857 -0.132296 0.101891
v 0.021824 -0.113819 0.138160
v 0.022836 -0.111125 0.136640
v 0.022797 -0.129349 0.100571
v 0.024353 -0.128233 0.102436
v 0.026155 -0.126282 0.106211
v 0.026155 -0.113778 0.130756
v 0.024353 -0.111871 0.134554
v 0.027379 -0.123399 0.111875
v 0.027379 -0.116665 0.125094
v 0.027782 -0.120033 0.118485
v 0.026155 -0.119832 -0.133840
v 0.024353 -0.117881 -0.137615
v 0.022836 -0.116632 -0.139446
v 0.027379 -0.122715 -0.128176
v 0.027782 -0.126081 -0.121566
v 0.027379 -0.129449 -0.114957
v 0.026155 -0.132337 -0.109295
v 0.024353 -0.134243 -0.105497
v 0.022797 -0.135097 -0.103497
v 0.021857 -0.132296 -0.101891
v 0.021824 -0.113819 -0.138160
v 0.022836 -0.111125 -0.136640
v 0.024353 -0.128233 -0.102436
v 0.022797 -0.129349 -0.100571
v 0.026155 -0.126282 -0.106211
v 0.024353 -0.111871 -0.134554
v 0.026155 -0.113778 -0.130756
v 0.027379 -0.123399 -0.111875
v 0.027379 -0.116665 -0.125094
v 0.027782 -0.120033 -0.118485
v -0.022836 -0.116632 -0.139446
v -0.024353 -0.117881 -0.137615
v -0.026155 -0.119832 -0.133840
v -0.027379 -0.122715 -0.128176
v -0.027782 -0.126081 -0.121566
v -0.027379 -0.129449 -0.114957
v -0.026155 -0.132337 -0.109295
v -0.024353 -0.134243 -0.105497
v -0.022797 -0.135097 -0.103497
v -0.021857 -0.132296 -0.101891
v -0.021824 -0.113819 -0.138160
v -0.022836 -0.111125 -0.136640
v -0.022797 -0.129349 -0.100571
v -0.024353 -0.128233 -0.102436
v -0.026155 -0.126282 -0.106211
v -0.026155 -0.113778 -0.130756
v -0.024353 -0.111871 -0.134554
v -0.027379 -0.123399 -0.111875
v -0.027379 -0.116665 -0.125094
v -0.027782 -0.120033 -0.118485
v -0.026155 -0.119832 0.133840
v -0.024353 -0.117881 0.137615
v -0.022836 -0.116632 0.139446
v -0.027379 -0.122715 0.128176
v -0.027782 -0.126081 0.121566
v -0.027379 -0.129449 0.114957
v -0.026155 -0.132337 0.109295
v -0.024353 -0.134243 0.105497
v -0.022797 -0.135097 0.103497
v -0.021857 -0.132296 0.101891
v -0.021824 -0.113819 0.138160
v -0.022836 -0.111125 0.136640
v -0.024353 -0.128233 0.102436
v -0.022797 -0.129349 0.100571
v -0.026155 -0.126282 0.106211
v -0.024353 -0.111871 0.134554
v -0.026155 -0.113778 0.130756
v -0.027379 -0.123399 0.111875
v -0.027379 -0.116665 0.125094
v -0.027782 -0.120033 0.118485
v -0.000000 0.123548 0.033786
v 0.016893 0.123548 0.029260
v 0.000000 0.125770 0.035968
v 0.017965 0.125891 0.031116
v 0.031144 0.125819 0.017981
v 0.029260 0.123548 0.016893
v 0.015204 0.123522 0.026334
v 0.026334 0.123522 0.015204
v 0.030408 0.123522 -0.000000
v 0.033786 0.123548 -0.000000
v 0.029260 0.123548 -0.016893
v 0.026334 0.123522 -0.015204
v 0.015204 0.123522 -0.026334
v 0.016893 0.123548 -0.029260
v 0.031141 0.125821 -0.017979
v 0.035930 0.125890 -0.000000
v -0.000000 0.123548 -0.033786
v -0.000000 0.125770 -0.035968
v 0.017965 0.125891 -0.031116
v 0.004308 0.133577 -0.032659
v 0.016620 0.133082 -0.028787
v -0.000000 0.135599 -0.040986
v 0.026129 0.133577 -0.020060
v 0.020636 0.140162 -0.046959
v -0.005608 0.140162 -0.050985
v 0.015523 0.147415 -0.057934
v -0.000000 0.153119 -0.065213
v 0.035495 0.135599 -0.020493
v 0.032659 0.133577 -0.004308
v 0.038690 0.142497 -0.038690
v 0.016843 0.153614 -0.062858
v 0.032607 0.153119 -0.056476
v 0.011777 0.187210 -0.043954
v -0.000000 0.187210 -0.045504
v -0.000000 0.193243 -0.044787
v 0.046016 0.153614 -0.046016
v 0.046959 0.140162 -0.020636
v 0.056476 0.153119 -0.032607
v 0.057934 0.147415 -0.015523
v 0.040986 0.135599 -0.000000
v 0.050985 0.140162 0.005608
v 0.062859 0.153614 -0.016843
v 0.065213 0.153119 -0.000000
v 0.057934 0.147415 0.015523
v 0.062859 0.153614 0.016843
v 0.041101 0.137836 0.023730
v 0.043954 0.187210 -0.011777
v 0.056476 0.153119 0.032607
v 0.042411 0.147415 0.042411
v 0.030349 0.140162 0.041351
v 0.046016 0.153614 0.046016
v 0.043954 0.187210 0.011777
v 0.032607 0.153119 0.056476
v 0.045504 0.187210 -0.000000
v 0.044787 0.193243 -0.000000
v 0.039408 0.187210 0.022752
v 0.032176 0.187210 0.032176
v 0.038786 0.193243 0.022393
v 0.042302 0.196037 0.011335
v 0.030967 0.196037 0.030967
v 0.022752 0.187210 0.039408
v 0.035690 0.198803 0.020605
v 0.022393 0.193243 0.038786
v 0.011777 0.187210 0.043954
v 0.016843 0.153614 0.062858
v 0.014161 0.142497 0.052851
v -0.000000 0.153119 0.065213
v -0.000000 0.187210 0.045504
v -0.005608 0.140162 0.050985
v -0.000000 0.193243 0.044787
v -0.001033 0.133279 0.033838
v 0.011335 0.196037 0.042302
v -0.000000 0.198803 0.041211
v 0.020493 0.135599 0.035495
v 0.020512 0.199018 0.035528
v -0.000000 0.200751 0.034680
v 0.017340 0.200751 0.030034
v 0.030034 0.200751 0.017340
v 0.041025 0.199018 -0.000000
v 0.034680 0.200751 -0.000000
v 0.030034 0.200751 -0.017340
v 0.035690 0.198803 -0.020605
v 0.042302 0.196037 -0.011335
v 0.038786 0.193243 -0.022393
v 0.039408 0.187210 -0.022752
v 0.030967 0.196036 -0.030967
v 0.032176 0.187210 -0.032176
v 0.022752 0.187210 -0.039408
v 0.022393 0.193243 -0.038786
v 0.011335 0.196037 -0.042302
v -0.000000 0.198803 -0.041211
v 0.020512 0.199018 -0.035528
v -0.000000 0.200751 -0.034680
v 0.017340 0.200751 -0.030034
v -0.016893 0.123548 0.029260
v -0.017965 0.125891 0.031116
v -0.031144 0.125819 0.017981
v -0.029260 0.123548 0.016893
v -0.015204 0.123522 0.026334
v -0.026334 0.123522 0.015204
v -0.030407 0.123522 0.000000
v -0.033786 0.123548 0.000000
v -0.029260 0.123548 -0.016893
v -0.026334 0.123522 -0.015204
v -0.015204 0.123522 -0.026334
v -0.016893 0.123548 -0.029260
v -0.031141 0.125821 -0.017979
v -0.035930 0.125890 -0.000000
v -0.017965 0.125891 -0.031116
v -0.016024 0.133279 -0.029821
v -0.020060 0.133577 -0.026129
v -0.030437 0.133577 -0.012599
v -0.015523 0.147415 -0.057934
v -0.035495 0.135599 -0.020493
v -0.030349 0.140162 -0.041351
v -0.032607 0.153119 -0.056476
v -0.042411 0.147415 -0.042411
v -0.046958 0.140162 -0.020636
v -0.016843 0.153614 -0.062858
v -0.046016 0.153614 -0.046016
v -0.011777 0.187210 -0.043954
v -0.056476 0.153119 -0.032607
v -0.011335 0.196037 -0.042302
v -0.022752 0.187210 -0.039408
v -0.022393 0.193243 -0.038786
v -0.020512 0.199018 -0.035528
v -0.017340 0.200751 -0.030034
v -0.030034 0.200751 -0.017340
v -0.030967 0.196037 -0.030967
v -0.035690 0.198803 -0.020605
v -0.041024 0.199018 -0.000000
v -0.034680 0.200751 0.000000
v -0.030034 0.200751 0.017340
v -0.042302 0.196037 -0.011335
v -0.038786 0.193243 -0.022393
v -0.032176 0.187210 -0.032176
v -0.039408 0.187210 -0.022752
v -0.043954 0.187210 -0.011777
v -0.062858 0.153614 -0.016843
v -0.057934 0.147415 -0.015523
v -0.044787 0.193243 -0.000000
v -0.050985 0.140162 0.005608
v -0.033240 0.133082 0.000000
v -0.065213 0.153119 -0.000000
v -0.030437 0.133577 0.012599
v -0.020060 0.133577 0.026129
v -0.035495 0.135599 0.020493
v 0.004308 0.133577 0.032659
v -0.023730 0.137836 0.041101
v -0.041351 0.140162 0.030349
v -0.015523 0.147415 0.057934
v -0.016843 0.153614 0.062858
v -0.032607 0.153119 0.056476
v -0.042411 0.147415 0.042411
v -0.046016 0.153614 0.046016
v -0.057934 0.147415 0.015523
v -0.056476 0.153119 0.032607
v -0.062858 0.153614 0.016843
v -0.043954 0.187210 0.011777
v -0.045504 0.187210 -0.000000
v -0.039408 0.187210 0.022752
v -0.042302 0.196037 0.011335
v -0.038786 0.193243 0.022393
v -0.032176 0.187210 0.032176
v -0.035690 0.198803 0.020605
v -0.030967 0.196037 0.030967
v -0.020512 0.199018 0.035528
v -0.017340 0.200751 0.030034
v -0.011335 0.196037 0.042302
v -0.022393 0.193243 0.038786
v -0.022752 0.187210 0.039408
v -0.011777 0.187210 0.043954
v 0.000000 -0.082443 0.015331
v 0.000000 -0.082372 0.023577
v -0.007666 -0.082443 0.013277
v -0.011788 -0.082372 0.020418
v -0.020418 -0.082372 0.011788
v -0.013277 -0.082443 0.007666
v -0.012973 -0.077503 0.022471
v 0.000000 -0.077503 0.025947
v -0.015331 -0.082443 0.000000
v 0.000000 -0.072634 0.023577
v -0.023577 -0.082372 0.000000
v -0.011788 -0.072634 0.020418
v -0.020418 -0.082372 -0.011788
v -0.013277 -0.082443 -0.007666
v -0.007666 -0.082443 -0.013277
v -0.025947 -0.077503 0.000000
v -0.022471 -0.077503 0.012973
v -0.020418 -0.072634 0.011788
v -0.010091 -0.072618 0.017479
v 0.000000 -0.072618 0.020183
v -0.000000 0.059660 0.020183
v -0.023577 -0.072634 0.000000
v -0.017479 -0.072618 0.010091
v -0.020183 -0.072618 0.000000
v -0.010091 0.059660 0.017479
v -0.017479 0.059660 0.010091
v -0.012430 0.066280 0.021530
v -0.000000 0.066281 0.024857
v -0.000000 0.072740 0.026563
v -0.013282 0.072740 0.023005
v -0.023005 0.072740 0.013282
v -0.011945 0.072966 0.020690
v -0.020690 0.072966 0.011945
v -0.021526 0.066281 0.012428
v -0.026563 0.072740 0.000000
v -0.023890 0.072966 0.000000
v -0.020690 0.072966 -0.011945
v -0.024856 0.066281 0.000000
v -0.023005 0.072740 -0.013282
v -0.011945 0.072966 -0.020690
v -0.013282 0.072740 -0.023005
v -0.020183 0.059660 0.000000
v -0.021526 0.066281 -0.012428
v -0.017479 0.059660 -0.010091
v -0.012428 0.066281 -0.021526
v -0.000000 0.072740 -0.026563
v -0.000000 0.066281 -0.024857
v -0.010091 0.059660 -0.017479
v -0.010091 -0.072618 -0.017479
v -0.000000 0.059660 -0.020183
v 0.012428 0.066281 -0.021526
v 0.013282 0.072740 -0.023005
v 0.010091 0.059660 -0.017479
v -0.017479 -0.072618 -0.010091
v -0.020418 -0.072634 -0.011788
v -0.022471 -0.077503 -0.012973
v -0.012973 -0.077503 -0.022471
v -0.011788 -0.072634 -0.020418
v 0.000000 -0.072634 -0.023577
v -0.011788 -0.082372 -0.020418
v 0.000000 -0.082372 -0.023577
v 0.000000 -0.082443 -0.015331
v 0.007666 -0.082443 -0.013277
v 0.000000 -0.077503 -0.025947
v 0.011788 -0.082372 -0.020418
v 0.012973 -0.077503 -0.022471
v 0.020418 -0.082372 -0.011788
v 0.013277 -0.082443 -0.007666
v 0.015331 -0.082443 -0.000000
v 0.011788 -0.072634 -0.020418
v 0.023577 -0.082372 -0.000000
v 0.022471 -0.077503 -0.012973
v 0.020418 -0.082372 0.011788
v 0.013277 -0.082443 0.007666
v 0.025947 -0.077503 -0.000000
v 0.007666 -0.082443 0.013277
v 0.020418 -0.072634 -0.011788
v 0.000000 -0.082443 0.015331
v 0.000000 -0.082372 0.023577
v 0.011788 -0.082372 0.020418
v 0.012973 -0.077503 0.022471
v 0.000000 -0.077503 0.025947
v 0.000000 -0.072634 0.023577
v 0.022471 -0.077503 0.012973
v 0.011788 -0.072634 0.020418
v 0.020418 -0.072634 0.011788
v 0.010091 -0.072618 0.017479
v 0.000000 -0.072618 0.020183
v -0.000000 0.059660 0.020183
v 0.023577 -0.072634 -0.000000
v 0.017479 -0.072618 0.010091
v 0.020183 -0.072618 -0.000000
v 0.017479 0.059660 0.010091
v 0.010091 0.059660 0.017479
v 0.012428 0.066280 0.021526
v -0.000000 0.066281 0.024857
v -0.000000 0.072740 0.026563
v 0.013282 0.072740 0.023005
v 0.023005 0.072740 0.013282
v 0.011945 0.072966 0.020690
v 0.020690 0.072966 0.011945
v 0.021526 0.066281 0.012428
v 0.026563 0.072740 -0.000000
v 0.023890 0.072966 -0.000000
v 0.020690 0.072966 -0.011945
v 0.024857 0.066281 -0.000000
v 0.023005 0.072740 -0.013282
v 0.011945 0.072966 -0.020690
v 0.021526 0.066281 -0.012428
v 0.017479 0.059660 -0.010091
v 0.020183 0.059660 -0.000000
v 0.010091 -0.072618 -0.017479
v 0.017479 -0.072618 -0.010091
v 0.000000 -0.072618 -0.020183
v 0.020060 0.133577 0.026129
v 0.030437 0.133577 0.012599
v -0.017183 -0.079273 0.175411
v -0.017050 -0.078468 0.171458
v -0.017012 -0.084057 0.152037
v -0.017190 -0.081923 0.177484
v -0.016877 -0.099988 0.168665
v -0.017050 -0.085958 0.177312
v -0.019692 -0.092418 0.160858
v -0.023180 -0.117267 0.150604
v -0.016946 -0.111775 0.163131
v -0.023318 -0.095208 0.133433
v -0.017289 -0.084722 0.142241
v -0.023343 -0.104289 0.144580
v -0.023682 -0.126976 0.151112
v -0.017207 -0.123057 0.162883
v -0.017200 -0.134149 0.161422
v -0.017680 -0.144668 0.157410
v -0.023292 -0.138452 0.146691
v -0.017200 -0.155278 0.148283
v -0.023615 -0.148186 0.138679
v -0.017200 -0.161494 0.138981
v -0.017686 -0.165373 0.128624
v -0.023292 -0.152798 0.127995
v -0.017200 -0.165822 0.117223
v -0.023615 -0.154016 0.115447
v -0.017200 -0.163639 0.106250
v -0.017686 -0.159059 0.096184
v -0.023292 -0.149722 0.104631
v -0.017200 -0.151314 0.087804
v -0.023615 -0.141710 0.094897
v -0.017200 -0.142012 0.081589
v -0.021459 -0.125537 0.083326
v -0.017200 -0.131418 0.077992
v -0.016638 -0.120246 0.077140
v -0.023292 -0.131026 0.090285
v -0.017200 -0.109281 0.079443
v -0.023292 -0.119038 0.089499
v -0.017686 -0.099216 0.084024
v -0.023292 -0.107662 0.093360
v -0.017200 -0.090836 0.091768
v -0.023619 -0.097400 0.101907
v -0.016638 -0.084511 0.101017
v -0.017647 -0.080761 0.111418
v -0.023292 -0.093316 0.112057
v -0.017593 -0.080042 0.123006
v -0.017214 -0.082475 0.133801
v -0.023292 -0.092531 0.124045
v -0.020615 -0.096137 0.107950
v -0.020603 -0.095491 0.130518
v -0.020615 -0.110981 0.146946
v -0.020590 -0.133547 0.147584
v -0.020596 -0.112568 0.092463
v -0.020615 -0.135133 0.093106
v -0.020605 -0.150625 0.109533
v -0.020615 -0.149977 0.132102
v 0.017012 -0.084057 0.152037
v 0.017050 -0.078468 0.171458
v 0.017183 -0.079273 0.175411
v 0.017050 -0.085958 0.177312
v 0.016877 -0.099988 0.168665
v 0.017190 -0.081923 0.177484
v 0.019692 -0.092418 0.160858
v 0.023180 -0.117267 0.150604
v 0.016946 -0.111775 0.163131
v 0.023318 -0.095208 0.133433
v 0.017289 -0.084722 0.142241
v 0.023343 -0.104289 0.144580
v 0.023683 -0.126976 0.151112
v 0.017207 -0.123057 0.162883
v 0.017200 -0.134149 0.161422
v 0.017593 -0.080042 0.123006
v 0.017214 -0.082475 0.133801
v 0.017680 -0.144668 0.157410
v 0.023615 -0.148186 0.138679
v 0.017200 -0.155278 0.148283
v 0.017200 -0.161494 0.138981
v 0.017647 -0.080761 0.111418
v 0.023619 -0.097400 0.101907
v 0.016638 -0.084511 0.101017
v 0.017200 -0.090836 0.091768
v 0.023292 -0.092531 0.124045
v 0.023292 -0.093316 0.112057
v 0.017686 -0.099216 0.084024
v 0.021459 -0.125537 0.083326
v 0.017200 -0.109281 0.079443
v 0.016638 -0.120246 0.077140
v 0.023292 -0.107662 0.093360
v 0.017200 -0.131418 0.077992
v 0.017200 -0.142012 0.081589
v 0.023292 -0.119038 0.089499
v 0.023615 -0.141711 0.094897
v 0.017200 -0.151314 0.087804
v 0.023292 -0.131026 0.090285
v 0.017686 -0.159059 0.096184
v 0.023615 -0.154016 0.115447
v 0.017200 -0.163639 0.106250
v 0.017200 -0.165822 0.117223
v 0.023292 -0.149722 0.104631
v 0.017686 -0.165373 0.128624
v 0.023292 -0.152798 0.127995
v 0.020615 -0.149977 0.132102
v 0.023292 -0.138452 0.146691
v 0.020585 -0.137567 0.145146
v 0.020606 -0.122198 0.149511
v 0.020611 -0.150629 0.109530
v 0.020615 -0.135133 0.093106
v 0.020596 -0.112568 0.092463
v 0.020615 -0.096137 0.107950
v 0.020609 -0.094280 0.123816
v 0.020616 -0.101595 0.140272
v -0.017012 -0.084057 -0.152037
v -0.017050 -0.078468 -0.171458
v -0.017183 -0.079273 -0.175411
v -0.017050 -0.085958 -0.177312
v -0.016877 -0.099988 -0.168665
v -0.017190 -0.081923 -0.177484
v -0.019692 -0.092418 -0.160858
v -0.023180 -0.117267 -0.150604
v -0.016946 -0.111775 -0.163131
v -0.023318 -0.095208 -0.133433
v -0.017289 -0.084722 -0.142241
v -0.023343 -0.104289 -0.144580
v -0.023683 -0.126976 -0.151112
v -0.017207 -0.123057 -0.162883
v -0.017200 -0.134149 -0.161422
v -0.017593 -0.080042 -0.123006
v -0.017214 -0.082475 -0.133801
v -0.017680 -0.144668 -0.157410
v -0.023615 -0.148186 -0.138679
v -0.017200 -0.155278 -0.148283
v -0.017200 -0.161494 -0.138981
v -0.017647 -0.080761 -0.111418
v -0.023619 -0.097400 -0.101907
v -0.016638 -0.084511 -0.101017
v -0.017200 -0.090836 -0.091768
v -0.023292 -0.092531 -0.124045
v -0.023292 -0.093316 -0.112057
v -0.017686 -0.099216 -0.084024
v -0.021459 -0.125537 -0.083326
v -0.017200 -0.109281 -0.079443
v -0.016638 -0.120246 -0.077140
v -0.023292 -0.107662 -0.093360
v -0.017200 -0.131418 -0.077992
v -0.017200 -0.142012 -0.081589
v -0.023292 -0.119038 -0.089499
v -0.023615 -0.141711 -0.094897
v -0.017200 -0.151314 -0.087804
v -0.023292 -0.131026 -0.090285
v -0.017686 -0.159059 -0.096184
v -0.023615 -0.154016 -0.115447
v -0.017200 -0.163639 -0.106250
v -0.017200 -0.165822 -0.117223
v -0.023292 -0.149722 -0.104631
v -0.017686 -0.165373 -0.128624
v -0.023292 -0.152798 -0.127995
v -0.020615 -0.149977 -0.132102
v -0.023292 -0.138452 -0.146691
v -0.020585 -0.137567 -0.145146
v -0.020606 -0.122198 -0.149511
v -0.020611 -0.150629 -0.109530
v -0.020615 -0.135133 -0.093106
v -0.020596 -0.112568 -0.092463
v -0.020615 -0.096137 -0.107950
v -0.020609 -0.094280 -0.123816
v -0.020616 -0.101595 -0.140272
v 0.017183 -0.079273 -0.175411
v 0.017050 -0.078468 -0.171458
v 0.017012 -0.084057 -0.152037
v 0.017190 -0.081923 -0.177484
v 0.016877 -0.099988 -0.168665
v 0.017050 -0.085958 -0.177312
v 0.019692 -0.092418 -0.160858
v 0.023180 -0.117267 -0.150604
v 0.016946 -0.111775 -0.163131
v 0.023318 -0.095208 -0.133433
v 0.017289 -0.084722 -0.142241
v 0.023343 -0.104289 -0.144580
v 0.023682 -0.126976 -0.151112
v 0.017207 -0.123057 -0.162883
v 0.017200 -0.134149 -0.161422
v 0.017680 -0.144668 -0.157410
v 0.023292 -0.138452 -0.146691
v 0.017200 -0.155278 -0.148283
v 0.023615 -0.148186 -0.138679
v 0.017200 -0.161494 -0.138981
v 0.017686 -0.165373 -0.128624
v 0.023292 -0.152798 -0.127995
v 0.017200 -0.165822 -0.117223
v 0.023615 -0.154016 -0.115447
v 0.017200 -0.163639 -0.106250
v 0.017686 -0.159059 -0.096184
v 0.023292 -0.149722 -0.104631
v 0.017200 -0.151314 -0.087804
v 0.023615 -0.141710 -0.094897
v 0.017200 -0.142012 -0.081589
v 0.021459 -0.125537 -0.083326
v 0.017200 -0.131418 -0.077992
v 0.016638 -0.120246 -0.077140
v 0.023292 -0.131026 -0.090285
v 0.017200 -0.109281 -0.079443
v 0.023292 -0.119038 -0.089499
v 0.017686 -0.099216 -0.084024
v 0.023292 -0.107662 -0.093360
v 0.017200 -0.090836 -0.091768
v 0.023619 -0.097400 -0.101907
v 0.016638 -0.084511 -0.101017
v 0.017647 -0.080761 -0.111418
v 0.023292 -0.093316 -0.112057
v 0.017593 -0.080042 -0.123006
v 0.017214 -0.082475 -0.133801
v 0.023292 -0.092531 -0.124045
v 0.020615 -0.096137 -0.107950
v 0.020603 -0.095491 -0.130518
v 0.020615 -0.110981 -0.146946
v 0.020590 -0.133547 -0.147584
v 0.020596 -0.112568 -0.092463
v 0.020615 -0.135133 -0.093106
v 0.020605 -0.150625 -0.109533
v 0.020615 -0.149977 -0.132102
v 0.012470 -0.089975 0.013917
v 0.012283 -0.082204 0.009143
v 0.012007 -0.082291 0.020166
v 0.012095 -0.088723 0.023569
v 0.016384 -0.082294 0.007467
v 0.012462 -0.099245 0.023550
v 0.012095 -0.093853 0.027979
v 0.016467 -0.094092 0.015420
v 0.012095 -0.096973 0.032446
v 0.012095 -0.099169 0.039182
v 0.012467 -0.104501 0.037853
v 0.012095 -0.099830 0.047323
v 0.016464 -0.101521 0.025334
v 0.012083 -0.098391 0.085546
v 0.012461 -0.103780 0.082649
v 0.016459 -0.106021 0.039217
v 0.016446 -0.104656 0.082319
v 0.016546 -0.107879 0.020791
v 0.016674 -0.124638 0.078289
v 0.016597 -0.119323 0.029204
v 0.016596 -0.101171 0.008304
v 0.016553 -0.086642 -0.000000
v 0.016439 -0.082248 -0.007517
v 0.016467 -0.094092 -0.015420
v 0.014079 -0.088394 -0.000000
v 0.012470 -0.089975 -0.013917
v 0.012283 -0.082204 -0.009143
v 0.012007 -0.082291 -0.020166
v 0.012095 -0.088723 -0.023569
v 0.012462 -0.099245 -0.023550
v 0.012095 -0.093853 -0.027979
v 0.012095 -0.096973 -0.032446
v 0.012095 -0.099169 -0.039182
v 0.016596 -0.101171 -0.008304
v 0.012467 -0.104501 -0.037853
v 0.012095 -0.099830 -0.047323
v 0.016464 -0.101521 -0.025334
v 0.012083 -0.098391 -0.085546
v 0.012461 -0.103780 -0.082649
v 0.016459 -0.106021 -0.039217
v 0.016446 -0.104656 -0.082319
v 0.016546 -0.107879 -0.020791
v 0.016674 -0.124638 -0.078289
v 0.016597 -0.119323 -0.029204
v 0.014094 -0.108819 -0.020049
v 0.014097 -0.102213 -0.007146
v 0.014097 -0.102213 0.007146
v 0.014094 -0.108819 0.020049
v 0.014168 -0.126656 0.050008
v 0.016533 -0.128349 0.054040
v 0.014293 -0.129057 0.052375
v 0.016477 -0.163071 0.020540
v 0.016422 -0.143134 0.083223
v 0.016594 -0.140408 0.030929
v 0.014097 -0.139215 0.029654
v 0.016594 -0.149614 0.026254
v 0.016599 -0.157539 0.018615
v 0.016569 -0.162838 0.008304
v 0.014137 -0.161869 0.007533
v 0.014134 -0.161986 -0.007452
v 0.012872 -0.180414 -0.000000
v 0.010507 -0.184602 0.009837
v 0.012460 -0.184717 -0.000000
v 0.010764 -0.178492 -0.000000
v 0.010507 -0.184602 -0.009837
v 0.016477 -0.163071 -0.020540
v 0.016569 -0.162838 -0.008304
v 0.016599 -0.157539 -0.018615
v 0.014102 -0.149011 -0.024977
v 0.016594 -0.149614 -0.026254
v 0.016594 -0.140408 -0.030929
v 0.014097 -0.139215 -0.029654
v 0.014262 -0.128989 -0.052531
v 0.016537 -0.128349 -0.054062
v 0.016422 -0.143134 -0.083223
v -0.012470 -0.089975 -0.013917
v -0.012283 -0.082204 -0.009143
v -0.012007 -0.082291 -0.020166
v -0.012095 -0.088723 -0.023569
v -0.016439 -0.082248 -0.007517
v -0.012462 -0.099245 -0.023550
v -0.012095 -0.093853 -0.027979
v -0.016467 -0.094092 -0.015420
v -0.012095 -0.096973 -0.032446
v -0.012095 -0.099169 -0.039182
v -0.012467 -0.104501 -0.037853
v -0.012095 -0.099830 -0.047323
v -0.016464 -0.101521 -0.025334
v -0.012083 -0.098391 -0.085546
v -0.012461 -0.103780 -0.082649
v -0.016459 -0.106021 -0.039217
v -0.016446 -0.104656 -0.082319
v -0.016546 -0.107879 -0.020791
v -0.016674 -0.124638 -0.078289
v -0.016597 -0.119323 -0.029204
v -0.016596 -0.101171 -0.008304
v -0.016553 -0.086642 0.000000
v -0.016384 -0.082294 0.007467
v -0.016467 -0.094092 0.015420
v -0.016596 -0.101171 0.008304
v -0.012470 -0.089975 0.013917
v -0.012283 -0.082204 0.009143
v -0.012007 -0.082291 0.020166
v -0.012095 -0.088723 0.023569
v -0.012462 -0.099245 0.023550
v -0.012095 -0.093853 0.027979
v -0.012095 -0.096973 0.032446
v -0.012095 -0.099169 0.039182
v -0.012467 -0.104501 0.037853
v -0.012095 -0.099830 0.047323
v -0.016464 -0.101521 0.025334
v -0.012083 -0.098391 0.085546
v -0.012461 -0.103780 0.082649
v -0.016459 -0.106021 0.039217
v -0.016446 -0.104656 0.082319
v -0.016546 -0.107879 0.020791
v -0.016674 -0.124638 0.078289
v -0.016597 -0.119323 0.029204
v -0.014094 -0.108819 0.020049
v -0.014079 -0.088394 0.000000
v -0.014097 -0.102213 0.007146
v -0.014097 -0.102213 -0.007146
v -0.014094 -0.108819 -0.020049
v -0.016537 -0.128349 -0.054062
v -0.014262 -0.128989 -0.052531
v -0.016477 -0.163071 -0.020540
v -0.016422 -0.143134 -0.083223
v -0.016594 -0.140408 -0.030929
v -0.014097 -0.139215 -0.029654
v -0.014102 -0.149011 -0.024977
v -0.016594 -0.149614 -0.026254
v -0.016599 -0.157539 -0.018615
v -0.016569 -0.162838 -0.008304
v -0.014134 -0.161986 -0.007452
v -0.012872 -0.180414 0.000000
v -0.010507 -0.184602 -0.009837
v -0.012460 -0.184717 0.000000
v -0.010764 -0.178492 0.000000
v -0.014137 -0.161869 0.007533
v -0.010507 -0.184602 0.009837
v -0.016477 -0.163071 0.020540
v -0.016569 -0.162838 0.008304
v -0.016599 -0.157539 0.018615
v -0.016594 -0.149614 0.026254
v -0.016594 -0.140408 0.030929
v -0.014097 -0.139215 0.029654
v -0.014168 -0.126656 0.050008
v -0.014293 -0.129057 0.052375
v -0.016533 -0.128349 0.054040
v -0.016422 -0.143134 0.083223
v 0.022190 -0.110845 0.137052
v 0.020106 -0.110492 0.136188
v 0.021824 -0.113819 0.138160
v 0.020106 -0.117370 0.139692
v 0.022190 -0.116463 0.139914
v 0.023251 -0.106142 0.131068
v 0.020383 -0.103837 0.127688
v 0.023251 -0.124069 0.140200
v 0.020383 -0.128158 0.140078
v 0.023318 -0.102679 0.121530
v 0.027296 -0.115070 0.128149
v 0.020348 -0.103438 0.113397
v 0.027020 -0.115444 0.110769
v 0.027500 -0.124201 0.110299
v 0.023235 -0.105000 0.110985
v 0.023318 -0.109171 0.105418
v 0.020348 -0.112289 0.102337
v 0.023197 -0.114942 0.101506
v 0.023238 -0.121933 0.099826
v 0.022191 -0.129651 0.100135
v 0.020254 -0.125543 0.099543
v 0.021824 -0.132296 0.101891
v 0.020254 -0.138163 0.105971
v 0.022190 -0.135270 0.102998
v 0.023230 -0.140060 0.109059
v 0.020348 -0.143697 0.118337
v 0.027298 -0.131042 0.111907
v 0.023300 -0.143489 0.119359
v 0.020348 -0.139953 0.131999
v 0.027022 -0.130657 0.129280
v 0.027499 -0.121906 0.129767
v 0.023231 -0.140993 0.129308
v 0.023318 -0.133821 0.137394
v 0.021824 -0.113819 -0.138160
v 0.020106 -0.110492 -0.136188
v 0.022190 -0.110845 -0.137052
v 0.020271 -0.121086 -0.140663
v 0.022190 -0.116463 -0.139914
v 0.023251 -0.106142 -0.131068
v 0.020383 -0.103837 -0.127688
v 0.023251 -0.124068 -0.140200
v 0.023318 -0.102679 -0.121530
v 0.027296 -0.115070 -0.128149
v 0.020348 -0.103438 -0.113397
v 0.027020 -0.115444 -0.110769
v 0.027500 -0.124201 -0.110298
v 0.023235 -0.105000 -0.110985
v 0.023318 -0.109171 -0.105418
v 0.020348 -0.112289 -0.102337
v 0.023197 -0.114942 -0.101506
v 0.023238 -0.121933 -0.099826
v 0.022191 -0.129651 -0.100135
v 0.020254 -0.125543 -0.099543
v 0.021824 -0.132296 -0.101891
v 0.020107 -0.135622 -0.103863
v 0.022190 -0.135270 -0.102998
v 0.023230 -0.140060 -0.109059
v 0.020373 -0.141914 -0.111768
v 0.027298 -0.131042 -0.111907
v 0.023300 -0.143489 -0.119359
v 0.020348 -0.143029 -0.125498
v 0.027022 -0.130657 -0.129280
v 0.027499 -0.121906 -0.129767
v 0.023231 -0.140993 -0.129308
v 0.020348 -0.134839 -0.137056
v 0.023318 -0.133821 -0.137394
v -0.022190 -0.110845 -0.137052
v -0.020106 -0.110492 -0.136188
v -0.021824 -0.113819 -0.138160
v -0.020106 -0.117370 -0.139692
v -0.022190 -0.116463 -0.139914
v -0.023251 -0.106142 -0.131068
v -0.020383 -0.103837 -0.127688
v -0.023251 -0.124069 -0.140200
v -0.020383 -0.128158 -0.140078
v -0.023318 -0.102679 -0.121530
v -0.027296 -0.115070 -0.128149
v -0.020348 -0.103438 -0.113397
v -0.027020 -0.115444 -0.110769
v -0.027500 -0.124201 -0.110298
v -0.023235 -0.105000 -0.110985
v -0.023318 -0.109171 -0.105418
v -0.020348 -0.112289 -0.102337
v -0.023197 -0.114942 -0.101506
v -0.023238 -0.121933 -0.099826
v -0.022191 -0.129651 -0.100135
v -0.020254 -0.125543 -0.099543
v -0.021824 -0.132296 -0.101891
v -0.020254 -0.138163 -0.105971
v -0.022190 -0.135270 -0.102998
v -0.023230 -0.140060 -0.109059
v -0.020348 -0.143697 -0.118337
v -0.027298 -0.131042 -0.111907
v -0.023300 -0.143489 -0.119359
v -0.020348 -0.139953 -0.131999
v -0.027022 -0.130657 -0.129280
v -0.027499 -0.121906 -0.129767
v -0.023231 -0.140993 -0.129308
v -0.023318 -0.133821 -0.137394
v -0.021824 -0.113819 0.138160
v -0.020106 -0.110492 0.136188
v -0.022190 -0.110845 0.137052
v -0.020106 -0.117370 0.139692
v -0.022190 -0.116463 0.139914
v -0.023251 -0.106142 0.131068
v -0.020383 -0.103837 0.127688
v -0.023251 -0.124069 0.140200
v -0.020383 -0.128158 0.140078
v -0.023318 -0.102679 0.121530
v -0.027296 -0.115070 0.128149
v -0.020348 -0.103438 0.113397
v -0.027020 -0.115444 0.110769
v -0.027500 -0.124201 0.110298
v -0.023235 -0.105000 0.110985
v -0.023318 -0.109171 0.105418
v -0.020348 -0.112289 0.102337
v -0.023197 -0.114942 0.101506
v -0.023238 -0.121933 0.099826
v -0.022191 -0.129651 0.100135
v -0.020254 -0.125543 0.099543
v -0.021824 -0.132296 0.101891
v -0.020254 -0.138163 0.105971
v -0.022190 -0.135270 0.102998
v -0.023230 -0.140060 0.109059
v -0.020348 -0.143697 0.118337
v -0.027298 -0.131042 0.111907
v -0.023300 -0.143489 0.119359
v -0.020348 -0.139953 0.131999
v -0.027022 -0.130657 0.129280
v -0.027499 -0.121906 0.129767
v -0.023231 -0.140993 0.129308
v -0.023318 -0.133821 0.137394
v 0.020268 0.045313 0.091603
v 0.020325 0.097455 0.113201
v 0.020325 0.091338 0.122356
v 0.020325 0.099604 0.102402
v 0.020325 0.082183 0.128473
v 0.020325 0.097455 0.091603
v 0.020325 0.071384 0.130622
v 0.020325 0.091338 0.082448
v 0.020325 0.060585 0.128473
v 0.020325 0.082183 0.076331
v 0.020325 0.051429 0.122356
v 0.020325 0.071384 0.074182
v 0.020325 0.045313 0.113201
v 0.020325 0.060585 0.076331
v 0.020325 0.043164 0.102402
v 0.020325 0.051429 0.082448
v -0.020268 0.045313 0.091603
v -0.020325 0.071384 0.130622
v -0.020325 0.082183 0.128473
v -0.020325 0.060585 0.128473
v -0.020325 0.091338 0.122356
v -0.020325 0.051429 0.122356
v -0.020325 0.097455 0.113201
v -0.020325 0.045313 0.113201
v -0.020325 0.099604 0.102402
v -0.020325 0.043164 0.102402
v -0.020325 0.097455 0.091603
v -0.020325 0.091338 0.082448
v -0.020325 0.082183 0.076331
v -0.020325 0.060585 0.076331
v -0.020325 0.051429 0.082448
v -0.020325 0.071384 0.074182
v -0.020268 0.045313 -0.091603
v -0.020325 0.097455 -0.113201
v -0.020325 0.091338 -0.122356
v -0.020325 0.099604 -0.102402
v -0.020325 0.082183 -0.128473
v -0.020325 0.097455 -0.091603
v -0.020325 0.071384 -0.130622
v -0.020325 0.091338 -0.082448
v -0.020325 0.060585 -0.128473
v -0.020325 0.082183 -0.076331
v -0.020325 0.051429 -0.122356
v -0.020325 0.071384 -0.074182
v -0.020325 0.045313 -0.113201
v -0.020325 0.060585 -0.076331
v -0.020325 0.043164 -0.102402
v -0.020325 0.051429 -0.082448
v 0.020268 0.045313 -0.091603
v 0.020325 0.071384 -0.130622
v 0.020325 0.082183 -0.128473
v 0.020325 0.060585 -0.128473
v 0.020325 0.091338 -0.122356
v 0.020325 0.051429 -0.122356
v 0.020325 0.097455 -0.113201
v 0.020325 0.045313 -0.113201
v 0.020325 0.099604 -0.102402
v 0.020325 0.043164 -0.102402
v 0.020325 0.097455 -0.091603
v 0.020325 0.091338 -0.082448
v 0.020325 0.082183 -0.076331
v 0.020325 0.060585 -0.076331
v 0.020325 0.051429 -0.082448
v 0.020325 0.071384 -0.074182
vt 0.740234 0.006836
vt 0.758301 0.374512
vt 0.762695 0.006836
vt 0.736328 0.374512
vt 0.716797 0.006836
vt 0.714355 0.374512
vt 0.692871 0.006836
vt 0.692871 0.374512
vt 0.670410 0.374512
vt 0.667480 0.004395
vt 0.649414 0.189941
vt 0.650391 0.374512
vt 0.646973 0.006348
vt 0.250732 0.267090
vt 0.234765 0.271995
vt 0.243530 0.267090
vt 0.249634 0.274414
vt 0.261475 0.296387
vt 0.267334 0.290527
vt 0.253418 0.273438
vt 0.280268 0.310548
vt 0.269775 0.289551
vt 0.272030 0.324374
vt 0.284929 0.333981
vt 0.281711 0.359370
vt 0.271484 0.356445
vt 0.271453 0.380859
vt 0.260986 0.378906
vt 0.740234 0.006836
vt 0.736328 0.374512
vt 0.716797 0.006836
vt 0.714355 0.374512
vt 0.692871 0.006836
vt 0.692871 0.374512
vt 0.670410 0.374512
vt 0.667480 0.004395
vt 0.649414 0.189941
vt 0.650391 0.374512
vt 0.646973 0.006348
vt 0.129883 0.059570
vt 0.138648 0.064476
vt 0.122559 0.059570
vt 0.120134 0.065954
vt 0.111816 0.088867
vt 0.103563 0.082023
vt 0.093023 0.103028
vt 0.101322 0.116854
vt 0.088484 0.126953
vt 0.091762 0.151855
vt 0.101990 0.148926
vt 0.101959 0.173340
vt 0.112488 0.171387
vt 0.233154 0.059570
vt 0.216943 0.064476
vt 0.225708 0.059570
vt 0.235579 0.065954
vt 0.243896 0.088867
vt 0.252212 0.082023
vt 0.262690 0.103028
vt 0.254314 0.116854
vt 0.267107 0.126953
vt 0.263888 0.151855
vt 0.253662 0.148926
vt 0.253631 0.173340
vt 0.243164 0.171387
vt 0.147705 0.267090
vt 0.156470 0.271995
vt 0.140259 0.267090
vt 0.137834 0.273473
vt 0.129517 0.296387
vt 0.121263 0.289545
vt 0.110723 0.310548
vt 0.119057 0.324374
vt 0.106184 0.333981
vt 0.109523 0.359370
vt 0.119690 0.356445
vt 0.119720 0.380859
vt 0.130249 0.378906
vt 0.717285 0.833631
vt 0.717285 0.837891
vt 0.694083 0.831675
vt 0.695985 0.828179
vt 0.679607 0.812727
vt 0.676758 0.814331
vt 0.705439 0.752881
vt 0.670410 0.790894
vt 0.673760 0.790894
vt 0.679457 0.768918
vt 0.676758 0.767456
vt 0.693853 0.750252
vt 0.696777 0.754761
vt 0.717285 0.744143
vt 0.970703 0.025879
vt 0.950684 0.103027
vt 0.940430 0.025879
vt 0.927734 0.103027
vt 0.910645 0.025879
vt 0.942621 0.191527
vt 0.902344 0.103027
vt 0.878906 0.025879
vt 0.921677 0.198725
vt 0.878906 0.103027
vt 0.899657 0.196421
vt 0.878906 0.197040
vt 0.854980 0.103027
vt 0.846680 0.025879
vt 0.830078 0.103027
vt 0.817383 0.025879
vt 0.857806 0.197232
vt 0.806641 0.103027
vt 0.787109 0.025879
vt 0.835702 0.196513
vt 0.815003 0.195211
vt 0.813477 0.766468
vt 0.839086 0.764895
vt 0.856934 0.763062
vt 0.878906 0.765503
vt 0.898926 0.765503
vt 0.919434 0.765503
vt 0.937988 0.765503
vt 0.717933 0.445964
vt 0.574231 0.473145
vt 0.574706 0.458984
vt 0.739623 0.427832
vt 0.573712 0.455566
vt 0.741063 0.424412
vt 0.574243 0.425285
vt 0.792975 0.378905
vt 0.750694 0.430436
vt 0.745832 0.440142
vt 0.715332 0.448730
vt 0.749264 0.441595
vt 0.765683 0.553760
vt 0.793457 0.563232
vt 0.664780 0.512061
vt 0.647734 0.520861
vt 0.647768 0.505615
vt 0.763711 0.556199
vt 0.739699 0.563167
vt 0.643555 0.499512
vt 0.635742 0.531738
vt 0.643555 0.527100
vt 0.635742 0.494629
vt 0.626465 0.532471
vt 0.626465 0.494141
vt 0.618164 0.529053
vt 0.618164 0.497559
vt 0.612305 0.521973
vt 0.612305 0.504395
vt 0.609863 0.513184
vt 0.770780 0.563232
vt 0.763710 0.570266
vt 0.765682 0.572706
vt 0.793448 0.747068
vt 0.749246 0.685091
vt 0.647734 0.605604
vt 0.664784 0.614404
vt 0.745697 0.686679
vt 0.715332 0.677734
vt 0.647768 0.620696
vt 0.717556 0.680284
vt 0.643555 0.626953
vt 0.635742 0.631836
vt 0.635742 0.594727
vt 0.643555 0.599365
vt 0.626465 0.632568
vt 0.626465 0.593994
vt 0.618164 0.629150
vt 0.618164 0.597412
vt 0.612305 0.622070
vt 0.612305 0.604492
vt 0.609863 0.613281
vt 0.750722 0.696162
vt 0.742493 0.702297
vt 0.741051 0.698877
vt 0.573755 0.701420
vt 0.574218 0.667480
vt 0.574237 0.653323
vt 0.573712 0.670651
vt 0.694083 0.831675
vt 0.695985 0.828179
vt 0.679607 0.812727
vt 0.676758 0.814331
vt 0.670410 0.790894
vt 0.673760 0.790894
vt 0.679457 0.768918
vt 0.676758 0.767456
vt 0.693853 0.750252
vt 0.940430 0.025879
vt 0.927734 0.103027
vt 0.910645 0.025879
vt 0.902344 0.103027
vt 0.878906 0.025879
vt 0.921677 0.198725
vt 0.878906 0.103027
vt 0.899657 0.196421
vt 0.919434 0.765503
vt 0.898926 0.765503
vt 0.878906 0.197040
vt 0.878906 0.765503
vt 0.856934 0.763062
vt 0.857806 0.197232
vt 0.854980 0.103027
vt 0.846680 0.025879
vt 0.830078 0.103027
vt 0.817383 0.025879
vt 0.835702 0.196513
vt 0.839086 0.764895
vt 0.574706 0.458984
vt 0.574231 0.473145
vt 0.717933 0.445964
vt 0.739623 0.427832
vt 0.573712 0.455566
vt 0.741063 0.424412
vt 0.574243 0.425285
vt 0.792975 0.378905
vt 0.750694 0.430436
vt 0.745832 0.440142
vt 0.715332 0.448730
vt 0.749264 0.441595
vt 0.765683 0.553760
vt 0.793457 0.563232
vt 0.664780 0.512061
vt 0.647734 0.520861
vt 0.647768 0.505615
vt 0.763711 0.556199
vt 0.739699 0.563167
vt 0.643555 0.499512
vt 0.643555 0.527100
vt 0.635742 0.531738
vt 0.635742 0.494629
vt 0.626465 0.532471
vt 0.626465 0.494141
vt 0.618164 0.529053
vt 0.618164 0.497559
vt 0.612305 0.521973
vt 0.612305 0.504395
vt 0.609863 0.513184
vt 0.770780 0.563232
vt 0.763710 0.570266
vt 0.765681 0.572706
vt 0.793448 0.747068
vt 0.749246 0.685091
vt 0.647735 0.605604
vt 0.664784 0.614404
vt 0.745697 0.686679
vt 0.715332 0.677734
vt 0.647768 0.620696
vt 0.717556 0.680284
vt 0.643555 0.626953
vt 0.635742 0.631836
vt 0.643555 0.599365
vt 0.635742 0.594727
vt 0.626465 0.632568
vt 0.626465 0.593994
vt 0.618164 0.629150
vt 0.618164 0.597412
vt 0.612305 0.622070
vt 0.612305 0.604492
vt 0.609863 0.613281
vt 0.750722 0.696162
vt 0.742493 0.702297
vt 0.741051 0.698877
vt 0.573755 0.701420
vt 0.573712 0.670651
vt 0.574218 0.667480
vt 0.574237 0.653323
vt 0.087760 0.916687
vt 0.087708 0.890270
vt 0.224830 0.889932
vt 0.236572 0.889985
vt 0.236572 0.890145
vt 0.248779 0.889988
vt 0.273438 0.890040
vt 0.260986 0.889989
vt 0.273438 0.890148
vt 0.286865 0.889914
vt 0.286865 0.890143
vt 0.299805 0.890146
vt 0.299805 0.889988
vt 0.313477 0.890148
vt 0.313477 0.890041
vt 0.327148 0.889988
vt 0.327148 0.890146
vt 0.340576 0.889988
vt 0.340576 0.890146
vt 0.353760 0.889988
vt 0.378922 0.890156
vt 0.378920 0.889971
vt 0.366455 0.889985
vt 0.498260 0.890161
vt 0.498221 0.916687
vt 0.698619 0.890152
vt 0.698157 0.890167
vt 0.718262 0.891358
vt 0.718262 0.891357
vt 0.723633 0.890259
vt 0.762062 0.890255
vt 0.761942 0.890253
vt 0.987793 0.916687
vt 0.992676 0.895020
vt 0.996094 0.890259
vt 0.995057 0.950928
vt 0.871589 0.925329
vt 0.995123 0.925604
vt 0.848145 0.925394
vt 0.836914 0.925384
vt 0.836914 0.925487
vt 0.825684 0.925394
vt 0.825684 0.925545
vt 0.813477 0.925323
vt 0.813477 0.925543
vt 0.801758 0.925486
vt 0.801758 0.925384
vt 0.789062 0.925323
vt 0.789062 0.925543
vt 0.776855 0.925487
vt 0.776855 0.925384
vt 0.764648 0.925334
vt 0.764648 0.925484
vt 0.752930 0.925394
vt 0.752930 0.925545
vt 0.741211 0.925330
vt 0.741211 0.925484
vt 0.727975 0.925323
vt 0.727973 0.925519
vt 0.603910 0.925505
vt 0.604580 0.950928
vt 0.431465 0.925611
vt 0.409424 0.924988
vt 0.414307 0.926819
vt 0.374473 0.924983
vt 0.374618 0.924981
vt 0.218994 0.922307
vt 0.148926 0.950928
vt 0.134930 0.925220
vt 0.087709 0.890270
vt 0.224827 0.890155
vt 0.248779 0.890145
vt 0.260986 0.890146
vt 0.353760 0.890146
vt 0.366455 0.890145
vt 0.498260 0.890161
vt 0.723633 0.890259
vt 0.996094 0.890259
vt 0.992676 0.895020
vt 0.995123 0.925604
vt 0.871591 0.925549
vt 0.858887 0.925544
vt 0.858887 0.925391
vt 0.848145 0.925545
vt 0.603910 0.925505
vt 0.431124 0.925655
vt 0.414307 0.926819
vt 0.409424 0.924988
vt 0.218994 0.924223
vt 0.134930 0.925220
vt 0.125610 0.169434
vt 0.123101 0.137928
vt 0.151245 0.146484
vt 0.152344 0.167969
vt 0.177856 0.165527
vt 0.177856 0.145508
vt 0.125302 0.101687
vt 0.151001 0.128906
vt 0.152028 0.102713
vt 0.177856 0.117522
vt 0.146397 0.073960
vt 0.147339 0.062988
vt 0.177856 0.062478
vt 0.177856 0.093262
vt 0.209316 0.073960
vt 0.208374 0.062988
vt 0.203685 0.102713
vt 0.230321 0.101687
vt 0.204590 0.128906
vt 0.232610 0.137928
vt 0.204468 0.146484
vt 0.203247 0.167969
vt 0.229980 0.169434
vt 0.247803 0.376953
vt 0.250251 0.345197
vt 0.222168 0.354004
vt 0.221069 0.375488
vt 0.195557 0.373047
vt 0.195557 0.353027
vt 0.248144 0.309207
vt 0.222412 0.336426
vt 0.221385 0.309993
vt 0.195557 0.325042
vt 0.227016 0.281479
vt 0.226074 0.270508
vt 0.195557 0.269998
vt 0.195557 0.300781
vt 0.164097 0.281479
vt 0.165039 0.270508
vt 0.169728 0.309993
vt 0.143092 0.309207
vt 0.168823 0.336426
vt 0.140803 0.345197
vt 0.168945 0.354004
vt 0.170166 0.375488
vt 0.143433 0.376953
vt 0.504883 0.769531
vt 0.448619 0.793631
vt 0.474864 0.760321
vt 0.487899 0.796403
vt 0.462798 0.725352
vt 0.508725 0.817194
vt 0.505503 0.738127
vt 0.561524 0.793476
vt 0.534083 0.759906
vt 0.601924 0.780180
vt 0.541331 0.718489
vt 0.561524 0.793476
vt 0.601924 0.780180
vt 0.534083 0.759906
vt 0.504883 0.769531
vt 0.541331 0.718489
vt 0.508725 0.817194
vt 0.505503 0.738127
vt 0.487899 0.796403
vt 0.448619 0.793631
vt 0.474864 0.760321
vt 0.462798 0.725352
vt 0.991051 0.458008
vt 0.991051 0.506836
vt 0.963989 0.506836
vt 0.963989 0.458008
vt 0.991051 0.419799
vt 0.963989 0.431641
vt 0.963989 0.390634
vt 0.991051 0.361150
vt 0.963989 0.241211
vt 0.991051 0.241211
vt 0.963715 0.711602
vt 0.963715 0.773071
vt 0.990921 0.773071
vt 0.990921 0.707149
vt 0.963715 0.651413
vt 0.990921 0.649715
vt 0.990921 0.590576
vt 0.963715 0.590576
vt 0.990921 0.520508
vt 0.963715 0.520508
vt 0.963379 0.590576
vt 0.963379 0.520508
vt 0.990723 0.520508
vt 0.990723 0.590576
vt 0.963379 0.651413
vt 0.990723 0.649715
vt 0.990723 0.707149
vt 0.963379 0.711602
vt 0.990723 0.773071
vt 0.963379 0.773071
vt 0.990723 0.361150
vt 0.990723 0.241211
vt 0.963867 0.241211
vt 0.963867 0.390634
vt 0.990723 0.419799
vt 0.963867 0.431641
vt 0.963867 0.458008
vt 0.990723 0.458008
vt 0.963867 0.506836
vt 0.990723 0.506836
vt 0.963379 0.590820
vt 0.990723 0.520508
vt 0.963379 0.520508
vt 0.990723 0.590820
vt 0.963379 0.651978
vt 0.990723 0.650268
vt 0.990723 0.707424
vt 0.963379 0.711919
vt 0.990723 0.773438
vt 0.963379 0.773438
vt 0.990723 0.361080
vt 0.963867 0.241211
vt 0.990723 0.241211
vt 0.963867 0.390300
vt 0.990723 0.419588
vt 0.963867 0.431641
vt 0.963867 0.457520
vt 0.990723 0.457520
vt 0.963867 0.506104
vt 0.990723 0.506104
vt 0.951166 0.963867
vt 0.984863 0.992188
vt 0.984863 0.963867
vt 0.960938 0.993164
vt 0.923653 0.993164
vt 0.904272 0.963867
vt 0.876290 0.993164
vt 0.857109 0.963867
vt 0.843262 0.993164
vt 0.809745 0.963867
vt 0.805489 0.993164
vt 0.771973 0.963867
vt 0.772461 0.993164
vt 0.748047 0.963867
vt 0.748047 0.993164
vt 0.720461 0.963867
vt 0.712343 0.993164
vt 0.674120 0.963867
vt 0.670170 0.992187
vt 0.613281 0.963867
vt 0.608071 0.992188
vt 0.601318 0.963867
vt 0.595736 0.992188
vt 0.589844 0.963867
vt 0.549805 0.992188
vt 0.534854 0.963867
vt 0.529238 0.992188
vt 0.486328 0.992188
vt 0.473792 0.963867
vt 0.462646 0.993164
vt 0.439697 0.963867
vt 0.439697 0.992188
vt 0.407526 0.963867
vt 0.416992 0.993164
vt 0.376471 0.993164
vt 0.371826 0.963867
vt 0.349365 0.963867
vt 0.349365 0.992188
vt 0.376471 0.992580
vt 0.349365 0.991615
vt 0.349365 0.963013
vt 0.371826 0.963013
vt 0.407526 0.963013
vt 0.416992 0.992580
vt 0.439697 0.991615
vt 0.439697 0.963013
vt 0.462646 0.992470
vt 0.473792 0.963013
vt 0.486328 0.991615
vt 0.534854 0.963013
vt 0.529237 0.992138
vt 0.549805 0.991768
vt 0.589844 0.963013
vt 0.595736 0.991886
vt 0.601318 0.963074
vt 0.608071 0.991884
vt 0.613281 0.963013
vt 0.670170 0.992015
vt 0.674120 0.963013
vt 0.712343 0.992577
vt 0.720461 0.963013
vt 0.748047 0.992580
vt 0.748047 0.963013
vt 0.781044 0.992580
vt 0.785060 0.963013
vt 0.829126 0.992580
vt 0.833471 0.963013
vt 0.876290 0.992580
vt 0.866699 0.963013
vt 0.904272 0.963013
vt 0.923653 0.992580
vt 0.951166 0.963013
vt 0.960938 0.992580
vt 0.984863 0.991615
vt 0.984863 0.963013
vt 0.376716 0.993164
vt 0.349609 0.992188
vt 0.349609 0.963867
vt 0.372070 0.963867
vt 0.407913 0.963867
vt 0.417480 0.993164
vt 0.439941 0.992188
vt 0.439941 0.963867
vt 0.462891 0.993164
vt 0.474151 0.963867
vt 0.486816 0.992188
vt 0.535165 0.963867
vt 0.529731 0.992188
vt 0.550293 0.992188
vt 0.590088 0.963867
vt 0.596154 0.992188
vt 0.601684 0.963867
vt 0.608414 0.992188
vt 0.613770 0.963867
vt 0.670414 0.992188
vt 0.674364 0.963867
vt 0.712709 0.993164
vt 0.720705 0.963867
vt 0.748291 0.993164
vt 0.748535 0.963867
vt 0.781211 0.993164
vt 0.785415 0.963867
vt 0.829493 0.993164
vt 0.833837 0.963867
vt 0.876437 0.993164
vt 0.866943 0.963867
vt 0.904491 0.963867
vt 0.923985 0.993164
vt 0.951601 0.963867
vt 0.961334 0.993164
vt 0.985214 0.992188
vt 0.985214 0.963867
vt 0.951601 0.963013
vt 0.985214 0.991615
vt 0.985214 0.963013
vt 0.961334 0.992580
vt 0.923985 0.992580
vt 0.904491 0.963013
vt 0.876437 0.992580
vt 0.857403 0.963013
vt 0.843628 0.992580
vt 0.810062 0.963013
vt 0.805783 0.992580
vt 0.772461 0.963013
vt 0.772583 0.992580
vt 0.748535 0.963013
vt 0.748291 0.992580
vt 0.720705 0.963013
vt 0.712709 0.992577
vt 0.674364 0.963013
vt 0.670414 0.992015
vt 0.613770 0.963013
vt 0.608414 0.991884
vt 0.601684 0.963074
vt 0.596154 0.991886
vt 0.590088 0.963013
vt 0.550293 0.991768
vt 0.535165 0.963013
vt 0.529731 0.992138
vt 0.486816 0.991615
vt 0.474151 0.963013
vt 0.462891 0.992470
vt 0.439941 0.963013
vt 0.439941 0.991615
vt 0.407913 0.963013
vt 0.417480 0.992580
vt 0.376716 0.992580
vt 0.372070 0.963013
vt 0.349609 0.963013
vt 0.349609 0.991615
vt 0.738960 0.877417
vt 0.823242 0.877502
vt 0.823242 0.877502
vt 0.713055 0.877502
vt 0.701775 0.877502
vt 0.720215 0.877502
vt 0.696289 0.877501
vt 0.683594 0.877501
vt 0.401909 0.684729
vt 0.317627 0.684814
vt 0.401917 0.684814
vt 0.420898 0.684814
vt 0.427216 0.684814
vt 0.436920 0.684814
vt 0.444580 0.684813
vt 0.860596 0.878662
vt 0.833252 0.878662
vt 0.833252 0.840454
vt 0.860596 0.840454
vt 0.898837 0.878662
vt 0.903775 0.840454
vt 0.952798 0.878662
vt 0.957724 0.840454
vt 0.995186 0.878662
vt 0.981983 0.840454
vt 0.968750 0.840820
vt 0.995117 0.878906
vt 0.995117 0.840820
vt 0.952587 0.878906
vt 0.930425 0.840820
vt 0.898676 0.878906
vt 0.876515 0.840820
vt 0.860352 0.878906
vt 0.833008 0.840820
vt 0.833008 0.878906
vt 0.968750 0.840454
vt 0.995117 0.878662
vt 0.981934 0.840454
vt 0.952587 0.878662
vt 0.930425 0.840454
vt 0.898676 0.878662
vt 0.876515 0.840454
vt 0.860352 0.878662
vt 0.833008 0.840454
vt 0.833008 0.878662
vt 0.860596 0.878906
vt 0.833252 0.878906
vt 0.833252 0.840820
vt 0.876651 0.840820
vt 0.898837 0.878906
vt 0.930749 0.840820
vt 0.952798 0.878906
vt 0.968781 0.840820
vt 0.995186 0.878906
vt 0.995186 0.840820
vt 0.952798 0.878662
vt 0.930749 0.840454
vt 0.898837 0.878662
vt 0.876651 0.840454
vt 0.860596 0.878662
vt 0.833252 0.840454
vt 0.833252 0.878662
vt 0.860596 0.878906
vt 0.833252 0.878906
vt 0.833252 0.840820
vt 0.876651 0.840820
vt 0.898837 0.878906
vt 0.930749 0.840820
vt 0.952798 0.878906
vt 0.968781 0.840820
vt 0.995186 0.878906
vt 0.995186 0.840820
vt 0.860352 0.878662
vt 0.833008 0.878662
vt 0.833008 0.840454
vt 0.876515 0.840454
vt 0.898676 0.878662
vt 0.930425 0.840454
vt 0.952587 0.878662
vt 0.957569 0.840820
vt 0.995117 0.878906
vt 0.995117 0.840820
vt 0.952587 0.878906
vt 0.903570 0.840820
vt 0.898676 0.878906
vt 0.860352 0.840820
vt 0.860352 0.878906
vt 0.833008 0.840820
vt 0.833008 0.878906
vt 0.860596 0.878662
vt 0.846924 0.878662
vt 0.846924 0.840454
vt 0.898837 0.878662
vt 0.903775 0.840454
vt 0.952798 0.878662
vt 0.957724 0.840454
vt 0.995186 0.878662
vt 0.981983 0.840454
vt 0.968750 0.840820
vt 0.995117 0.878906
vt 0.995117 0.840820
vt 0.952587 0.878906
vt 0.930425 0.840820
vt 0.898676 0.878906
vt 0.876515 0.840820
vt 0.860352 0.878906
vt 0.833008 0.840820
vt 0.833008 0.878906
vt 0.968781 0.840454
vt 0.995186 0.878662
vt 0.995186 0.840454
vt 0.952798 0.878662
vt 0.930749 0.840454
vt 0.898837 0.878662
vt 0.876651 0.840454
vt 0.860352 0.878662
vt 0.833008 0.878662
vt 0.833008 0.840454
vt 0.876515 0.840454
vt 0.898676 0.878662
vt 0.930425 0.840454
vt 0.952587 0.878662
vt 0.968750 0.840454
vt 0.995117 0.878662
vt 0.995117 0.840454
vt 0.952798 0.878662
vt 0.930749 0.840454
vt 0.898837 0.878662
vt 0.876651 0.840454
vt 0.860596 0.878662
vt 0.833252 0.840454
vt 0.833252 0.878662
vt 0.860596 0.878906
vt 0.833252 0.878906
vt 0.833252 0.840820
vt 0.876651 0.840820
vt 0.898837 0.878906
vt 0.930749 0.840820
vt 0.952798 0.878906
vt 0.968781 0.840820
vt 0.995186 0.878906
vt 0.995186 0.840820
vt 0.860352 0.878906
vt 0.833008 0.878906
vt 0.833008 0.878906
vt 0.995117 0.878906
vt 0.949327 0.878906
vt 0.968750 0.878906
vt 0.995117 0.878906
vt 0.914551 0.878906
vt 0.941406 0.878906
vt 0.887695 0.878906
vt 0.898676 0.878906
vt 0.860352 0.878906
vt 0.963715 0.520508
vt 0.990921 0.520508
vt 0.963715 0.590820
vt 0.990921 0.590820
vt 0.963715 0.651978
vt 0.990921 0.650268
vt 0.990921 0.707424
vt 0.963715 0.711919
vt 0.990921 0.773438
vt 0.963715 0.773438
vt 0.991051 0.241211
vt 0.963989 0.241211
vt 0.991051 0.361080
vt 0.963989 0.390300
vt 0.991051 0.419588
vt 0.963989 0.431641
vt 0.963989 0.457520
vt 0.991051 0.457520
vt 0.963989 0.506104
vt 0.991051 0.506104
vt 0.738953 0.877502
vt 0.683594 0.877502
vt 0.317627 0.684814
vt 0.457520 0.684814
vt 0.457520 0.684813
vt 0.550781 0.388672
vt 0.448730 0.388672
vt 0.549561 0.457031
vt 0.478027 0.457031
vt 0.491211 0.505615
vt 0.549805 0.505615
vt 0.553711 0.541016
vt 0.495605 0.541016
vt 0.496582 0.568359
vt 0.564209 0.568359
vt 0.494141 0.593994
vt 0.582275 0.593994
vt 0.582275 0.639893
vt 0.488281 0.639893
vt 0.550781 0.388672
vt 0.549561 0.457031
vt 0.449219 0.388672
vt 0.478027 0.457031
vt 0.491211 0.505859
vt 0.549805 0.505859
vt 0.553711 0.541016
vt 0.495605 0.541016
vt 0.496582 0.568359
vt 0.564209 0.568359
vt 0.494141 0.594727
vt 0.582275 0.594727
vt 0.582275 0.640625
vt 0.488281 0.640625
vt 0.549316 0.457031
vt 0.448730 0.388672
vt 0.550293 0.388672
vt 0.477539 0.457031
vt 0.490723 0.505615
vt 0.549316 0.505615
vt 0.553223 0.541016
vt 0.495117 0.541016
vt 0.496338 0.568359
vt 0.563965 0.568359
vt 0.493896 0.593994
vt 0.582031 0.593994
vt 0.582031 0.639893
vt 0.487793 0.639893
vt 0.448730 0.388672
vt 0.549316 0.457031
vt 0.550293 0.388672
vt 0.477539 0.457031
vt 0.490723 0.505859
vt 0.549316 0.505859
vt 0.553223 0.541016
vt 0.495117 0.541016
vt 0.496338 0.568359
vt 0.563965 0.568359
vt 0.493896 0.594727
vt 0.582031 0.594727
vt 0.582031 0.640625
vt 0.487793 0.640625
vt 0.034221 0.130866
vt 0.073730 0.202148
vt 0.013458 0.159180
vt 0.101929 0.173340
vt 0.091736 0.151855
vt 0.088501 0.126953
vt 0.041565 0.121094
vt 0.093018 0.103027
vt 0.047760 0.108887
vt 0.056335 0.089355
vt 0.061005 0.064941
vt 0.103577 0.082031
vt 0.062256 0.050293
vt 0.119995 0.065918
vt 0.122559 0.059570
vt 0.064575 0.042480
vt 0.062469 0.034668
vt 0.124817 0.053711
vt 0.129883 0.059570
vt 0.127563 0.053711
vt 0.070251 0.008789
vt 0.126953 0.026367
vt 0.359863 0.366699
vt 0.299561 0.409668
vt 0.339100 0.338386
vt 0.271484 0.380859
vt 0.281738 0.359375
vt 0.284912 0.333984
vt 0.331787 0.328613
vt 0.280273 0.310547
vt 0.325684 0.315918
vt 0.317139 0.297363
vt 0.312500 0.271973
vt 0.269775 0.289551
vt 0.311279 0.257812
vt 0.253418 0.273438
vt 0.267334 0.290527
vt 0.250732 0.267090
vt 0.249634 0.274414
vt 0.308838 0.250000
vt 0.311035 0.242188
vt 0.248657 0.260742
vt 0.243530 0.267090
vt 0.245850 0.261230
vt 0.303223 0.216309
vt 0.246460 0.233887
vt 0.342285 0.159180
vt 0.281982 0.202148
vt 0.321522 0.130866
vt 0.253662 0.173340
vt 0.263916 0.151855
vt 0.267090 0.126953
vt 0.313965 0.121094
vt 0.262695 0.103027
vt 0.307129 0.108887
vt 0.298584 0.089355
vt 0.294189 0.064941
vt 0.252197 0.082031
vt 0.293457 0.050293
vt 0.235718 0.065918
vt 0.233154 0.059570
vt 0.291016 0.042480
vt 0.293213 0.034668
vt 0.230957 0.053711
vt 0.225708 0.059570
vt 0.228149 0.053711
vt 0.285400 0.008789
vt 0.228760 0.026367
vt 0.051952 0.338386
vt 0.091431 0.409668
vt 0.031189 0.366699
vt 0.119690 0.380859
vt 0.109497 0.359375
vt 0.106201 0.333984
vt 0.059479 0.328613
vt 0.110718 0.310547
vt 0.066223 0.315918
vt 0.074829 0.296875
vt 0.079285 0.271973
vt 0.121277 0.289551
vt 0.079956 0.257812
vt 0.137695 0.273438
vt 0.140259 0.267090
vt 0.082336 0.250000
vt 0.080200 0.242188
vt 0.142456 0.260742
vt 0.147705 0.267090
vt 0.145264 0.261230
vt 0.088013 0.216309
vt 0.144653 0.233887
vt 0.820801 0.818697
vt 0.865728 0.829304
vt 0.820801 0.818619
vt 0.865729 0.829180
vt 0.987793 0.800781
vt 0.987793 0.829210
vt 0.155273 0.963074
vt 0.280266 0.994122
vt 0.155151 0.994145
vt 0.280265 0.994218
vt 0.326416 0.982770
vt 0.326416 0.982684
vt 0.987793 0.829210
vt 0.155151 0.994145
vt 0.143437 0.623726
vt 0.122009 0.622314
vt 0.120605 0.604248
vt 0.128296 0.639648
vt 0.140137 0.604248
vt 0.155825 0.653073
vt 0.139771 0.654541
vt 0.142944 0.604248
vt 0.154297 0.665771
vt 0.146484 0.622314
vt 0.171997 0.672607
vt 0.154663 0.639648
vt 0.156738 0.637695
vt 0.189941 0.673826
vt 0.170898 0.650391
vt 0.189941 0.654297
vt 0.171997 0.647705
vt 0.189941 0.651367
vt 0.120605 0.604492
vt 0.122009 0.623047
vt 0.143437 0.624215
vt 0.128296 0.639648
vt 0.140137 0.604492
vt 0.155825 0.653535
vt 0.139771 0.655273
vt 0.142944 0.604492
vt 0.154297 0.666016
vt 0.146484 0.623047
vt 0.154663 0.639648
vt 0.156738 0.637695
vt 0.171997 0.672852
vt 0.170898 0.650391
vt 0.171997 0.648438
vt 0.189941 0.673826
vt 0.189941 0.654297
vt 0.189941 0.651367
vt 0.120605 0.604492
vt 0.122009 0.623047
vt 0.143437 0.624215
vt 0.128296 0.639648
vt 0.140137 0.604492
vt 0.155825 0.653535
vt 0.139771 0.655273
vt 0.142944 0.604492
vt 0.154297 0.666016
vt 0.146484 0.623047
vt 0.154663 0.639648
vt 0.156738 0.637695
vt 0.171997 0.672852
vt 0.170898 0.650391
vt 0.171997 0.648438
vt 0.189941 0.673826
vt 0.189941 0.654297
vt 0.189941 0.651367
vt 0.143437 0.623726
vt 0.122009 0.622314
vt 0.120605 0.604248
vt 0.128296 0.639648
vt 0.140137 0.604248
vt 0.155825 0.653073
vt 0.139771 0.654541
vt 0.142944 0.604248
vt 0.154297 0.665771
vt 0.146484 0.622314
vt 0.171997 0.672607
vt 0.154663 0.639648
vt 0.156738 0.637695
vt 0.189941 0.673826
vt 0.170898 0.650391
vt 0.189941 0.654297
vt 0.171997 0.647705
vt 0.189941 0.651367
vt 0.121093 0.604248
vt 0.122070 0.622314
vt 0.143565 0.623726
vt 0.128418 0.639648
vt 0.140625 0.604248
vt 0.156137 0.653073
vt 0.140137 0.654541
vt 0.143066 0.604248
vt 0.154785 0.665771
vt 0.146973 0.622314
vt 0.154785 0.639648
vt 0.157227 0.637695
vt 0.172363 0.672607
vt 0.171387 0.650391
vt 0.172363 0.647705
vt 0.190430 0.673826
vt 0.190430 0.654297
vt 0.190430 0.651367
vt 0.143565 0.624215
vt 0.122070 0.623047
vt 0.121093 0.604492
vt 0.128418 0.639648
vt 0.140625 0.604492
vt 0.156137 0.653535
vt 0.140137 0.655273
vt 0.143066 0.604492
vt 0.154785 0.666016
vt 0.146973 0.623047
vt 0.172363 0.672852
vt 0.154785 0.639648
vt 0.157227 0.637695
vt 0.190430 0.673826
vt 0.171387 0.650391
vt 0.190430 0.654297
vt 0.172363 0.648438
vt 0.190430 0.651367
vt 0.143565 0.624215
vt 0.122070 0.623047
vt 0.121093 0.604492
vt 0.128418 0.639648
vt 0.140625 0.604492
vt 0.156137 0.653535
vt 0.140137 0.655273
vt 0.143066 0.604492
vt 0.154785 0.666016
vt 0.146973 0.623047
vt 0.172363 0.672852
vt 0.154785 0.639648
vt 0.157227 0.637695
vt 0.190430 0.673826
vt 0.171387 0.650391
vt 0.190430 0.654297
vt 0.172363 0.648438
vt 0.190430 0.651367
vt 0.121093 0.604248
vt 0.122070 0.622314
vt 0.143565 0.623726
vt 0.128418 0.639648
vt 0.140625 0.604248
vt 0.156137 0.653073
vt 0.140137 0.654541
vt 0.143066 0.604248
vt 0.154785 0.665771
vt 0.146973 0.622314
vt 0.154785 0.639648
vt 0.157227 0.637695
vt 0.172363 0.672607
vt 0.171387 0.650391
vt 0.172363 0.647705
vt 0.190430 0.673826
vt 0.190430 0.654297
vt 0.190430 0.651367
vt 0.143565 0.623726
vt 0.122070 0.622314
vt 0.121093 0.604248
vt 0.128418 0.639648
vt 0.140625 0.604248
vt 0.156137 0.653073
vt 0.140137 0.654541
vt 0.143066 0.604248
vt 0.154785 0.665771
vt 0.146973 0.622314
vt 0.172363 0.672607
vt 0.154785 0.639648
vt 0.157227 0.637695
vt 0.190430 0.673826
vt 0.171387 0.650391
vt 0.190430 0.654297
vt 0.172363 0.647705
vt 0.190430 0.651367
vt 0.120605 0.604492
vt 0.122009 0.623047
vt 0.143437 0.624215
vt 0.128296 0.639648
vt 0.140137 0.604492
vt 0.155825 0.653535
vt 0.139771 0.655273
vt 0.142944 0.604492
vt 0.154297 0.666016
vt 0.146484 0.623047
vt 0.154663 0.639648
vt 0.156738 0.637695
vt 0.171997 0.672852
vt 0.170898 0.650391
vt 0.171997 0.648438
vt 0.189941 0.673826
vt 0.189941 0.654297
vt 0.189941 0.651367
vt 0.120605 0.604248
vt 0.122009 0.622314
vt 0.143437 0.623726
vt 0.128296 0.639648
vt 0.140137 0.604248
vt 0.155825 0.653073
vt 0.139771 0.654541
vt 0.142944 0.604248
vt 0.154297 0.665771
vt 0.146484 0.622314
vt 0.154663 0.639648
vt 0.156738 0.637695
vt 0.171997 0.672607
vt 0.170898 0.650391
vt 0.171997 0.647705
vt 0.189941 0.673826
vt 0.189941 0.654297
vt 0.189941 0.651367
vt 0.143437 0.623726
vt 0.122009 0.622314
vt 0.120605 0.604248
vt 0.128296 0.639648
vt 0.140137 0.604248
vt 0.155825 0.653073
vt 0.139771 0.654541
vt 0.142944 0.604248
vt 0.154297 0.665771
vt 0.146484 0.622314
vt 0.171997 0.672607
vt 0.154663 0.639648
vt 0.156738 0.637695
vt 0.189941 0.673826
vt 0.170898 0.650391
vt 0.189941 0.654297
vt 0.171997 0.647705
vt 0.189941 0.651367
vt 0.121093 0.604492
vt 0.122070 0.623047
vt 0.143565 0.624215
vt 0.128418 0.639648
vt 0.140625 0.604492
vt 0.156137 0.653535
vt 0.140137 0.655273
vt 0.143066 0.604492
vt 0.154785 0.666016
vt 0.146973 0.623047
vt 0.154785 0.639648
vt 0.157227 0.637695
vt 0.172363 0.672852
vt 0.171387 0.650391
vt 0.172363 0.648438
vt 0.190430 0.673826
vt 0.190430 0.654297
vt 0.190430 0.651367
vt 0.143565 0.624215
vt 0.122070 0.623047
vt 0.121093 0.604492
vt 0.128418 0.639648
vt 0.140625 0.604492
vt 0.156137 0.653535
vt 0.140137 0.655273
vt 0.143066 0.604492
vt 0.154785 0.666016
vt 0.146973 0.623047
vt 0.172363 0.672852
vt 0.154785 0.639648
vt 0.157227 0.637695
vt 0.190430 0.673826
vt 0.171387 0.650391
vt 0.190430 0.654297
vt 0.172363 0.648438
vt 0.190430 0.651367
vt 0.143437 0.624215
vt 0.122009 0.623047
vt 0.120605 0.604492
vt 0.128296 0.639648
vt 0.140137 0.604492
vt 0.155825 0.653535
vt 0.139771 0.655273
vt 0.142944 0.604492
vt 0.154297 0.666016
vt 0.146484 0.623047
vt 0.171997 0.672852
vt 0.154663 0.639648
vt 0.156738 0.637695
vt 0.189941 0.673826
vt 0.170898 0.650391
vt 0.189941 0.654297
vt 0.171997 0.648438
vt 0.189941 0.651367
vt 0.121093 0.604248
vt 0.122070 0.622314
vt 0.143565 0.623726
vt 0.128418 0.639648
vt 0.140625 0.604248
vt 0.156137 0.653073
vt 0.140137 0.654541
vt 0.143066 0.604248
vt 0.154785 0.665771
vt 0.146973 0.622314
vt 0.154785 0.639648
vt 0.157227 0.637695
vt 0.172363 0.672607
vt 0.171387 0.650391
vt 0.172363 0.647705
vt 0.190430 0.673826
vt 0.190430 0.654297
vt 0.190430 0.651367
vt 0.331608 0.420547
vt 0.334229 0.415039
vt 0.341064 0.407227
vt 0.352539 0.398438
vt 0.367188 0.390137
vt 0.382324 0.383301
vt 0.396240 0.379395
vt 0.406494 0.378418
vt 0.412400 0.379464
vt 0.416504 0.386719
vt 0.334961 0.428223
vt 0.338552 0.434925
vt 0.419899 0.393973
vt 0.417236 0.399414
vt 0.410400 0.407227
vt 0.354980 0.435547
vt 0.344727 0.436035
vt 0.398926 0.416016
vt 0.369141 0.431152
vt 0.384277 0.424316
vt 0.341309 0.407227
vt 0.334473 0.415039
vt 0.332073 0.420547
vt 0.353027 0.398438
vt 0.367676 0.390137
vt 0.382812 0.383301
vt 0.396484 0.379395
vt 0.406738 0.378418
vt 0.412644 0.379464
vt 0.416992 0.386719
vt 0.335449 0.428223
vt 0.338819 0.434924
vt 0.417480 0.399414
vt 0.420387 0.393973
vt 0.410645 0.407227
vt 0.345215 0.436035
vt 0.355469 0.435547
vt 0.399414 0.416016
vt 0.369629 0.431152
vt 0.384766 0.424316
vt 0.332073 0.420990
vt 0.334473 0.415039
vt 0.341309 0.407227
vt 0.353027 0.398438
vt 0.367676 0.390625
vt 0.382812 0.383789
vt 0.396484 0.379883
vt 0.406738 0.378906
vt 0.412644 0.379929
vt 0.416992 0.386719
vt 0.335449 0.428711
vt 0.338819 0.435368
vt 0.420387 0.394439
vt 0.417480 0.399414
vt 0.410645 0.407227
vt 0.355469 0.435547
vt 0.345215 0.436523
vt 0.399414 0.416016
vt 0.369629 0.431641
vt 0.384766 0.424805
vt 0.341064 0.407227
vt 0.334229 0.415039
vt 0.331608 0.420990
vt 0.352539 0.398438
vt 0.367188 0.390625
vt 0.382324 0.383789
vt 0.396240 0.379883
vt 0.406494 0.378906
vt 0.412400 0.379929
vt 0.416504 0.386719
vt 0.334961 0.428711
vt 0.338552 0.435368
vt 0.417236 0.399414
vt 0.419899 0.394439
vt 0.410400 0.407227
vt 0.344727 0.436523
vt 0.354980 0.435547
vt 0.398926 0.416016
vt 0.369141 0.431641
vt 0.384277 0.424805
vt 0.096008 0.690674
vt 0.131714 0.690674
vt 0.096008 0.698261
vt 0.131714 0.698521
vt 0.167480 0.698476
vt 0.167480 0.690674
vt 0.131714 0.683838
vt 0.167480 0.683838
vt 0.202515 0.683838
vt 0.202515 0.690674
vt 0.237671 0.690674
vt 0.237671 0.683838
vt 0.273438 0.683838
vt 0.273438 0.690674
vt 0.237671 0.698253
vt 0.202515 0.698521
vt 0.309082 0.690674
vt 0.309082 0.698261
vt 0.273438 0.698522
vt 0.300154 0.717895
vt 0.273751 0.718813
vt 0.318359 0.738037
vt 0.246538 0.717773
vt 0.298124 0.758911
vt 0.321993 0.758911
vt 0.314941 0.775513
vt 0.341156 0.787152
vt 0.240723 0.738037
vt 0.211321 0.717773
vt 0.268557 0.764960
vt 0.318359 0.787598
vt 0.295076 0.787152
vt 0.299561 0.843018
vt 0.317871 0.843018
vt 0.320801 0.853760
vt 0.271973 0.787598
vt 0.236695 0.758911
vt 0.249091 0.787152
vt 0.225098 0.775513
vt 0.202515 0.738037
vt 0.193482 0.758911
vt 0.225830 0.787598
vt 0.202515 0.787152
vt 0.179932 0.775513
vt 0.179199 0.787598
vt 0.161277 0.750673
vt 0.221069 0.843018
vt 0.156055 0.787152
vt 0.134766 0.775513
vt 0.124736 0.758911
vt 0.132935 0.787598
vt 0.183960 0.843018
vt 0.110010 0.787152
vt 0.202515 0.843018
vt 0.202515 0.853760
vt 0.164307 0.843018
vt 0.144775 0.843018
vt 0.162476 0.853760
vt 0.182793 0.858607
vt 0.143717 0.858607
vt 0.125488 0.843018
vt 0.163469 0.865571
vt 0.122864 0.853760
vt 0.105591 0.843018
vt 0.086792 0.787598
vt 0.093214 0.764960
vt 0.063813 0.787152
vt 0.087280 0.843018
vt 0.083001 0.758911
vt 0.084290 0.853760
vt 0.099985 0.728080
vt 0.105491 0.858607
vt 0.089768 0.865571
vt 0.125488 0.738037
vt 0.126039 0.866219
vt 0.095032 0.879639
vt 0.130371 0.879639
vt 0.165039 0.879639
vt 0.202515 0.866219
vt 0.202515 0.879639
vt 0.240112 0.879639
vt 0.241630 0.865571
vt 0.222283 0.858607
vt 0.242554 0.853760
vt 0.240845 0.843018
vt 0.261312 0.858606
vt 0.260254 0.843018
vt 0.279541 0.843018
vt 0.282227 0.853760
vt 0.299562 0.858607
vt 0.315218 0.865571
vt 0.278929 0.866219
vt 0.310059 0.879639
vt 0.274658 0.879639
vt 0.131714 0.690674
vt 0.131714 0.698521
vt 0.167480 0.698476
vt 0.167480 0.690674
vt 0.131714 0.683838
vt 0.167480 0.683838
vt 0.202515 0.683838
vt 0.202515 0.690674
vt 0.237671 0.690674
vt 0.237671 0.683838
vt 0.273438 0.683838
vt 0.273438 0.690674
vt 0.237671 0.698253
vt 0.202515 0.698521
vt 0.273438 0.698522
vt 0.285300 0.728080
vt 0.264387 0.717773
vt 0.228865 0.717773
vt 0.314941 0.775513
vt 0.240723 0.738037
vt 0.280365 0.758911
vt 0.295076 0.787152
vt 0.270264 0.775513
vt 0.236695 0.758911
vt 0.318359 0.787598
vt 0.271973 0.787598
vt 0.299561 0.843018
vt 0.249091 0.787152
vt 0.299562 0.858607
vt 0.279541 0.843018
vt 0.282227 0.853760
vt 0.278929 0.866219
vt 0.274658 0.879639
vt 0.240112 0.879639
vt 0.261312 0.858607
vt 0.241630 0.865571
vt 0.202515 0.866219
vt 0.202515 0.879639
vt 0.165039 0.879639
vt 0.222283 0.858607
vt 0.242554 0.853760
vt 0.260254 0.843018
vt 0.240845 0.843018
vt 0.221069 0.843018
vt 0.225830 0.787598
vt 0.225098 0.775513
vt 0.202515 0.853760
vt 0.193482 0.758911
vt 0.202515 0.718813
vt 0.202515 0.787152
vt 0.176225 0.717773
vt 0.140642 0.717773
vt 0.164307 0.738037
vt 0.104937 0.717773
vt 0.119503 0.750673
vt 0.150167 0.758911
vt 0.090149 0.775513
vt 0.086792 0.787598
vt 0.110010 0.787152
vt 0.134766 0.775513
vt 0.132935 0.787598
vt 0.179932 0.775513
vt 0.156055 0.787152
vt 0.179199 0.787598
vt 0.183960 0.843018
vt 0.202515 0.843018
vt 0.164307 0.843018
vt 0.182793 0.858607
vt 0.162476 0.853760
vt 0.144775 0.843018
vt 0.163469 0.865571
vt 0.143717 0.858607
vt 0.126039 0.866219
vt 0.130371 0.879639
vt 0.105491 0.858607
vt 0.122864 0.853760
vt 0.125488 0.843018
vt 0.105591 0.843018
vt 0.634277 0.009277
vt 0.634277 0.028809
vt 0.613281 0.009277
vt 0.613281 0.028809
vt 0.591797 0.028809
vt 0.591797 0.009277
vt 0.613281 0.038086
vt 0.634277 0.038086
vt 0.570801 0.009277
vt 0.634277 0.046875
vt 0.570801 0.028809
vt 0.613281 0.046875
vt 0.549805 0.028809
vt 0.549805 0.009277
vt 0.528320 0.009277
vt 0.570801 0.038086
vt 0.591797 0.038086
vt 0.591797 0.046875
vt 0.613281 0.055176
vt 0.634277 0.055176
vt 0.634277 0.326172
vt 0.570801 0.046875
vt 0.591797 0.055176
vt 0.570801 0.055176
vt 0.613281 0.326172
vt 0.591797 0.326172
vt 0.613281 0.347656
vt 0.634277 0.347656
vt 0.634277 0.357910
vt 0.613281 0.357910
vt 0.591797 0.357910
vt 0.613281 0.364258
vt 0.591797 0.364258
vt 0.591797 0.347656
vt 0.570801 0.357910
vt 0.570801 0.364258
vt 0.549805 0.364258
vt 0.570801 0.347656
vt 0.549805 0.357910
vt 0.528320 0.364258
vt 0.528320 0.357910
vt 0.570801 0.326172
vt 0.549805 0.347656
vt 0.549805 0.326172
vt 0.528320 0.347656
vt 0.507324 0.357910
vt 0.507324 0.347656
vt 0.528320 0.326172
vt 0.528320 0.055176
vt 0.507324 0.326172
vt 0.486084 0.347656
vt 0.486084 0.357910
vt 0.486084 0.326172
vt 0.549805 0.055176
vt 0.549805 0.046875
vt 0.549805 0.038086
vt 0.528320 0.038086
vt 0.528320 0.046875
vt 0.507324 0.046875
vt 0.528320 0.028809
vt 0.507324 0.028809
vt 0.507324 0.009277
vt 0.486084 0.009277
vt 0.507324 0.038086
vt 0.486084 0.028809
vt 0.486084 0.038086
vt 0.465088 0.028809
vt 0.465088 0.009277
vt 0.443848 0.009277
vt 0.486084 0.046875
vt 0.443848 0.028809
vt 0.465088 0.038086
vt 0.422607 0.028809
vt 0.422607 0.009277
vt 0.443848 0.038086
vt 0.401367 0.009277
vt 0.465088 0.046875
vt 0.380127 0.009277
vt 0.380127 0.028809
vt 0.401367 0.028809
vt 0.401367 0.038086
vt 0.380127 0.038086
vt 0.380127 0.046875
vt 0.422607 0.038086
vt 0.401367 0.046875
vt 0.422607 0.046875
vt 0.401367 0.055176
vt 0.380127 0.055176
vt 0.380127 0.326172
vt 0.443848 0.046875
vt 0.422607 0.055176
vt 0.443848 0.055176
vt 0.422607 0.326172
vt 0.401367 0.326172
vt 0.401367 0.347656
vt 0.380127 0.347656
vt 0.380127 0.357910
vt 0.401367 0.357910
vt 0.422607 0.357910
vt 0.401367 0.364258
vt 0.422607 0.364258
vt 0.422607 0.347656
vt 0.443848 0.357910
vt 0.443848 0.364258
vt 0.465088 0.364258
vt 0.443848 0.347656
vt 0.465088 0.357910
vt 0.486084 0.364258
vt 0.465088 0.347656
vt 0.465088 0.326172
vt 0.443848 0.326172
vt 0.486084 0.055176
vt 0.465088 0.055176
vt 0.507324 0.055176
vt 0.140642 0.717773
vt 0.176225 0.717773
vt 0.271160 0.664031
vt 0.280518 0.664795
vt 0.322266 0.645020
vt 0.265891 0.659275
vt 0.278809 0.614990
vt 0.264404 0.650146
vt 0.299805 0.628662
vt 0.317573 0.573495
vt 0.286621 0.586426
vt 0.355696 0.608443
vt 0.344238 0.639648
vt 0.332850 0.595141
vt 0.311686 0.547376
vt 0.283203 0.561279
vt 0.282471 0.534912
vt 0.288569 0.510252
vt 0.316895 0.521240
vt 0.304199 0.483398
vt 0.330240 0.498477
vt 0.322754 0.465332
vt 0.345461 0.453261
vt 0.352051 0.483398
vt 0.369873 0.447266
vt 0.377661 0.476745
vt 0.395752 0.448242
vt 0.420314 0.456149
vt 0.403564 0.481934
vt 0.441650 0.469238
vt 0.426327 0.495034
vt 0.459229 0.487305
vt 0.458947 0.526086
vt 0.471436 0.510254
vt 0.477783 0.534912
vt 0.441162 0.516846
vt 0.476562 0.560547
vt 0.447266 0.542480
vt 0.468898 0.584866
vt 0.442871 0.568359
vt 0.455811 0.606445
vt 0.429908 0.591482
vt 0.437744 0.625000
vt 0.414549 0.636587
vt 0.407715 0.606201
vt 0.389594 0.642226
vt 0.363770 0.641357
vt 0.382080 0.612549
vt 0.412743 0.594461
vt 0.367748 0.603508
vt 0.329757 0.578224
vt 0.321694 0.533058
vt 0.438072 0.556515
vt 0.429520 0.511963
vt 0.391725 0.486718
vt 0.347168 0.495284
vt 0.322266 0.645020
vt 0.280518 0.664795
vt 0.271160 0.664031
vt 0.264404 0.650146
vt 0.278809 0.614990
vt 0.265891 0.659275
vt 0.299805 0.628662
vt 0.317573 0.573495
vt 0.286621 0.586426
vt 0.355696 0.608443
vt 0.344238 0.639648
vt 0.332850 0.595141
vt 0.311686 0.547376
vt 0.283203 0.561279
vt 0.282471 0.534912
vt 0.389594 0.642226
vt 0.363770 0.641357
vt 0.288569 0.510252
vt 0.330240 0.498477
vt 0.304199 0.483398
vt 0.322754 0.465332
vt 0.414549 0.636587
vt 0.429908 0.591482
vt 0.437744 0.625000
vt 0.455811 0.606445
vt 0.382080 0.612549
vt 0.407715 0.606201
vt 0.468898 0.584866
vt 0.458947 0.526086
vt 0.476562 0.560547
vt 0.477783 0.534912
vt 0.442871 0.568359
vt 0.471436 0.510254
vt 0.459229 0.487305
vt 0.447266 0.542480
vt 0.426327 0.495034
vt 0.441650 0.469238
vt 0.441162 0.516846
vt 0.420314 0.456149
vt 0.377661 0.476745
vt 0.395752 0.448242
vt 0.369873 0.447266
vt 0.403564 0.481934
vt 0.345461 0.453261
vt 0.352051 0.483398
vt 0.347168 0.495284
vt 0.316895 0.521240
vt 0.323309 0.523424
vt 0.321334 0.556517
vt 0.391715 0.486715
vt 0.429520 0.511963
vt 0.438072 0.556515
vt 0.412743 0.594461
vt 0.381834 0.605663
vt 0.346107 0.594793
vt 0.322266 0.645020
vt 0.280518 0.664795
vt 0.271160 0.664031
vt 0.264404 0.650146
vt 0.278809 0.614990
vt 0.265891 0.659275
vt 0.299805 0.628662
vt 0.317573 0.573495
vt 0.286621 0.586426
vt 0.355696 0.608443
vt 0.344238 0.639648
vt 0.332850 0.595141
vt 0.311686 0.547376
vt 0.283203 0.561279
vt 0.282471 0.534912
vt 0.389594 0.642226
vt 0.363770 0.641357
vt 0.288569 0.510252
vt 0.330240 0.498477
vt 0.304199 0.483398
vt 0.322754 0.465332
vt 0.414549 0.636587
vt 0.429908 0.591482
vt 0.437744 0.625000
vt 0.455811 0.606445
vt 0.382080 0.612549
vt 0.407715 0.606201
vt 0.468898 0.584866
vt 0.458947 0.526086
vt 0.476562 0.560547
vt 0.477783 0.534912
vt 0.442871 0.568359
vt 0.471436 0.510254
vt 0.459229 0.487305
vt 0.447266 0.542480
vt 0.426327 0.495034
vt 0.441650 0.469238
vt 0.441162 0.516846
vt 0.420314 0.456149
vt 0.377661 0.476745
vt 0.395752 0.448242
vt 0.369873 0.447266
vt 0.403564 0.481934
vt 0.345461 0.453261
vt 0.352051 0.483398
vt 0.347168 0.495284
vt 0.316895 0.521240
vt 0.323309 0.523424
vt 0.321334 0.556517
vt 0.391715 0.486715
vt 0.429520 0.511963
vt 0.438072 0.556515
vt 0.412743 0.594461
vt 0.381834 0.605663
vt 0.346107 0.594793
vt 0.271160 0.664031
vt 0.280518 0.664795
vt 0.322266 0.645020
vt 0.265891 0.659275
vt 0.278809 0.614990
vt 0.264404 0.650146
vt 0.299805 0.628662
vt 0.317573 0.573495
vt 0.286621 0.586426
vt 0.355696 0.608443
vt 0.344238 0.639648
vt 0.332850 0.595141
vt 0.311686 0.547376
vt 0.283203 0.561279
vt 0.282471 0.534912
vt 0.288569 0.510252
vt 0.316895 0.521240
vt 0.304199 0.483398
vt 0.330240 0.498477
vt 0.322754 0.465332
vt 0.345461 0.453261
vt 0.352051 0.483398
vt 0.369873 0.447266
vt 0.377661 0.476745
vt 0.395752 0.448242
vt 0.420314 0.456149
vt 0.403564 0.481934
vt 0.441650 0.469238
vt 0.426327 0.495034
vt 0.459229 0.487305
vt 0.458947 0.526086
vt 0.471436 0.510254
vt 0.477783 0.534912
vt 0.441162 0.516846
vt 0.476562 0.560547
vt 0.447266 0.542480
vt 0.468898 0.584866
vt 0.442871 0.568359
vt 0.455811 0.606445
vt 0.429908 0.591482
vt 0.437744 0.625000
vt 0.414549 0.636587
vt 0.407715 0.606201
vt 0.389594 0.642226
vt 0.363770 0.641357
vt 0.382080 0.612549
vt 0.412743 0.594461
vt 0.367748 0.603508
vt 0.329757 0.578224
vt 0.321694 0.533058
vt 0.438072 0.556515
vt 0.429520 0.511963
vt 0.391725 0.486718
vt 0.347168 0.495284
vt 0.470947 0.863647
vt 0.479492 0.880066
vt 0.458008 0.876587
vt 0.454102 0.863647
vt 0.489014 0.877563
vt 0.451343 0.846322
vt 0.444580 0.856567
vt 0.471151 0.852588
vt 0.434326 0.851318
vt 0.423828 0.846924
vt 0.426853 0.836362
vt 0.409912 0.845703
vt 0.450195 0.835815
vt 0.344727 0.848389
vt 0.349121 0.837646
vt 0.425210 0.827101
vt 0.349365 0.828735
vt 0.461660 0.821736
vt 0.351563 0.786377
vt 0.444434 0.798901
vt 0.486084 0.837102
vt 0.505133 0.866249
vt 0.521588 0.877563
vt 0.539209 0.852588
vt 0.505377 0.860261
vt 0.540039 0.864624
vt 0.530273 0.880066
vt 0.552734 0.876587
vt 0.559570 0.863647
vt 0.559888 0.846602
vt 0.568359 0.856567
vt 0.577148 0.850586
vt 0.586914 0.846436
vt 0.524414 0.837102
vt 0.583889 0.836176
vt 0.600586 0.845581
vt 0.560059 0.835815
vt 0.665527 0.848389
vt 0.661621 0.837646
vt 0.585435 0.827101
vt 0.661133 0.828735
vt 0.548921 0.821736
vt 0.658691 0.786377
vt 0.565918 0.798901
vt 0.545120 0.817228
vt 0.520020 0.832886
vt 0.490479 0.832886
vt 0.465484 0.817228
vt 0.408758 0.780161
vt 0.399666 0.777178
vt 0.404992 0.776668
vt 0.460861 0.701931
vt 0.339600 0.746582
vt 0.440777 0.749615
vt 0.445068 0.754150
vt 0.449801 0.730713
vt 0.465151 0.713686
vt 0.485423 0.702464
vt 0.489746 0.706055
vt 0.520803 0.706034
vt 0.505060 0.667176
vt 0.483887 0.655273
vt 0.505371 0.655273
vt 0.505406 0.672204
vt 0.526855 0.655273
vt 0.549881 0.701931
vt 0.524902 0.702464
vt 0.545410 0.713686
vt 0.555664 0.733887
vt 0.560547 0.730713
vt 0.569824 0.749615
vt 0.565430 0.754150
vt 0.606008 0.776932
vt 0.610932 0.777188
vt 0.670898 0.746582
vt 0.540039 0.864624
vt 0.530273 0.880066
vt 0.552734 0.876587
vt 0.559570 0.863647
vt 0.521588 0.877563
vt 0.559888 0.846602
vt 0.568359 0.856567
vt 0.539209 0.852588
vt 0.577148 0.850586
vt 0.586914 0.846436
vt 0.583889 0.836176
vt 0.600586 0.845581
vt 0.560059 0.835815
vt 0.665527 0.848389
vt 0.661621 0.837646
vt 0.585435 0.827101
vt 0.661133 0.828735
vt 0.548921 0.821736
vt 0.658691 0.786377
vt 0.565918 0.798901
vt 0.524414 0.837102
vt 0.505466 0.866249
vt 0.489014 0.877563
vt 0.471151 0.852588
vt 0.486084 0.837102
vt 0.470947 0.863647
vt 0.479492 0.880066
vt 0.458008 0.876587
vt 0.454102 0.863647
vt 0.451343 0.846322
vt 0.444580 0.856567
vt 0.434326 0.851318
vt 0.423828 0.846924
vt 0.426853 0.836362
vt 0.409912 0.845703
vt 0.450195 0.835815
vt 0.344727 0.848389
vt 0.349121 0.837646
vt 0.425209 0.827101
vt 0.349365 0.828735
vt 0.461660 0.821736
vt 0.351563 0.786377
vt 0.444434 0.798901
vt 0.465484 0.817228
vt 0.505262 0.860261
vt 0.490479 0.832886
vt 0.520020 0.832886
vt 0.545120 0.817228
vt 0.610932 0.777188
vt 0.606008 0.776932
vt 0.549881 0.701931
vt 0.670898 0.746582
vt 0.569824 0.749615
vt 0.565430 0.754150
vt 0.555664 0.733887
vt 0.560547 0.730713
vt 0.545410 0.713686
vt 0.524902 0.702464
vt 0.520803 0.706034
vt 0.505060 0.667176
vt 0.526855 0.655273
vt 0.505371 0.655273
vt 0.505315 0.672205
vt 0.489746 0.706055
vt 0.483887 0.655273
vt 0.460861 0.701931
vt 0.485423 0.702464
vt 0.465151 0.713686
vt 0.449801 0.730713
vt 0.440777 0.749615
vt 0.445068 0.754150
vt 0.408758 0.780161
vt 0.404992 0.776668
vt 0.399666 0.777179
vt 0.339600 0.746582
vt 0.021431 0.667187
vt 0.018921 0.671631
vt 0.017654 0.661133
vt 0.009926 0.653809
vt 0.014921 0.654469
vt 0.034750 0.677658
vt 0.040391 0.687442
vt 0.014382 0.637615
vt 0.009694 0.627114
vt 0.056809 0.685540
vt 0.041670 0.657938
vt 0.077543 0.689829
vt 0.080955 0.655631
vt 0.082330 0.636670
vt 0.082210 0.681633
vt 0.095457 0.671203
vt 0.106265 0.666067
vt 0.104106 0.657141
vt 0.106890 0.640907
vt 0.106331 0.623872
vt 0.112180 0.632385
vt 0.103577 0.617188
vt 0.096425 0.601406
vt 0.099784 0.611133
vt 0.086452 0.600859
vt 0.065744 0.586449
vt 0.079513 0.620380
vt 0.063015 0.592851
vt 0.029600 0.595783
vt 0.040250 0.622833
vt 0.038847 0.641666
vt 0.039001 0.596679
vt 0.020881 0.614913
vt 0.018066 0.661133
vt 0.019043 0.671631
vt 0.021626 0.667187
vt 0.009162 0.644665
vt 0.015235 0.654469
vt 0.035152 0.677658
vt 0.040623 0.687442
vt 0.014478 0.637615
vt 0.057104 0.685540
vt 0.041858 0.657938
vt 0.077752 0.689829
vt 0.081295 0.655631
vt 0.082472 0.636670
vt 0.082585 0.681633
vt 0.095924 0.671203
vt 0.106503 0.666067
vt 0.104210 0.657141
vt 0.107158 0.640907
vt 0.106792 0.623872
vt 0.112522 0.632385
vt 0.104004 0.617188
vt 0.102539 0.606689
vt 0.099957 0.611133
vt 0.086885 0.600859
vt 0.082573 0.591710
vt 0.079721 0.620380
vt 0.063153 0.592851
vt 0.046990 0.587677
vt 0.040551 0.622833
vt 0.039181 0.641666
vt 0.039411 0.596679
vt 0.016945 0.609569
vt 0.021222 0.614913
vt 0.021626 0.667877
vt 0.019043 0.671875
vt 0.018066 0.661133
vt 0.010254 0.654297
vt 0.015235 0.655180
vt 0.035152 0.678066
vt 0.040623 0.687579
vt 0.014479 0.637695
vt 0.009955 0.627220
vt 0.057104 0.685649
vt 0.041858 0.658231
vt 0.077752 0.689931
vt 0.081295 0.656090
vt 0.082472 0.636841
vt 0.082585 0.681912
vt 0.095924 0.671203
vt 0.106503 0.666067
vt 0.104210 0.657227
vt 0.107158 0.641602
vt 0.106792 0.624117
vt 0.112522 0.632991
vt 0.104004 0.617188
vt 0.096669 0.601786
vt 0.099957 0.611419
vt 0.086885 0.601177
vt 0.065830 0.587080
vt 0.079721 0.620478
vt 0.063152 0.593192
vt 0.029853 0.596087
vt 0.040551 0.623214
vt 0.039181 0.641976
vt 0.039411 0.597377
vt 0.021222 0.614933
vt 0.017654 0.661133
vt 0.018921 0.671875
vt 0.021430 0.667877
vt 0.009926 0.654297
vt 0.014921 0.655180
vt 0.034750 0.678066
vt 0.040391 0.687579
vt 0.014382 0.637695
vt 0.009694 0.627220
vt 0.056809 0.685649
vt 0.041670 0.658231
vt 0.077543 0.689931
vt 0.080955 0.656090
vt 0.082330 0.636841
vt 0.082210 0.681912
vt 0.095457 0.671203
vt 0.106265 0.666067
vt 0.104106 0.657227
vt 0.106890 0.641602
vt 0.106331 0.624117
vt 0.112180 0.632991
vt 0.103577 0.617188
vt 0.096425 0.601786
vt 0.099784 0.611419
vt 0.086452 0.601177
vt 0.065744 0.587080
vt 0.079513 0.620478
vt 0.063015 0.593192
vt 0.029600 0.596087
vt 0.040250 0.623214
vt 0.038847 0.641976
vt 0.039001 0.597377
vt 0.020881 0.614933
vt 0.237915 0.525391
vt 0.190063 0.640869
vt 0.169678 0.627197
vt 0.213989 0.645508
vt 0.156128 0.606934
vt 0.237915 0.640869
vt 0.151367 0.583008
vt 0.258057 0.627197
vt 0.156128 0.559082
vt 0.271729 0.606934
vt 0.169678 0.538818
vt 0.276367 0.583008
vt 0.190063 0.525391
vt 0.271729 0.559082
vt 0.213989 0.520508
vt 0.258057 0.538818
vt 0.213745 0.394531
vt 0.300293 0.452637
vt 0.295410 0.476562
vt 0.295410 0.428711
vt 0.281982 0.496582
vt 0.281982 0.408203
vt 0.261475 0.510010
vt 0.261475 0.394531
vt 0.237671 0.514893
vt 0.237671 0.389648
vt 0.213745 0.510010
vt 0.193481 0.496582
vt 0.179932 0.476562
vt 0.179932 0.428711
vt 0.193481 0.408203
vt 0.175171 0.452637
vt 0.237915 0.525391
vt 0.190063 0.640869
vt 0.169678 0.627197
vt 0.213989 0.645508
vt 0.156128 0.606934
vt 0.237915 0.640869
vt 0.151367 0.583008
vt 0.258057 0.627197
vt 0.156128 0.559082
vt 0.271729 0.606934
vt 0.169678 0.538818
vt 0.276367 0.583008
vt 0.190063 0.525391
vt 0.271729 0.559082
vt 0.213989 0.520508
vt 0.258057 0.538818
vt 0.213745 0.394531
vt 0.300293 0.452637
vt 0.295410 0.476562
vt 0.295410 0.428711
vt 0.281982 0.496582
vt 0.281982 0.408203
vt 0.261475 0.510010
vt 0.261475 0.394531
vt 0.237671 0.514893
vt 0.237671 0.389648
vt 0.213745 0.510010
vt 0.193481 0.496582
vt 0.179932 0.476562
vt 0.179932 0.428711
vt 0.193481 0.408203
vt 0.175171 0.452637
vn -0.5000 0.0018 -0.8660
vn -0.0000 0.1367 -0.9906
vn -0.0000 0.0026 -1.0000
vn -0.5690 0.1497 -0.8086
vn -0.8660 0.0023 -0.5000
vn -0.8830 0.1423 -0.4472
vn -1.0000 0.0022 -0.0000
vn -0.9718 0.2357 -0.0000
vn -0.8786 0.1188 0.4625
vn -0.8675 -0.0180 0.4970
vn -0.9477 0.0012 0.3191
vn -0.8766 0.3529 0.3273
vn -0.9390 -0.2126 0.2703
vn -0.5418 -0.8345 -0.1007
vn -0.4346 -0.8233 0.3652
vn -0.7967 -0.6041 -0.0153
vn -0.8531 -0.5131 0.0948
vn -0.8718 -0.2973 0.3893
vn -0.9250 -0.2342 0.2991
vn -0.7050 -0.6932 0.1496
vn -0.9921 -0.0370 0.1196
vn -0.9434 -0.1963 0.2672
vn -0.8812 -0.0147 0.4725
vn -0.9976 -0.0509 0.0468
vn -0.9924 0.0067 0.1232
vn -0.7994 0.1822 0.5725
vn -0.9956 0.0470 0.0808
vn -0.8423 0.2529 0.4760
vn 0.5000 0.0025 -0.8660
vn 0.5690 0.1497 -0.8086
vn 0.8660 0.0023 -0.5000
vn 0.8830 0.1422 -0.4472
vn 1.0000 0.0018 -0.0000
vn 0.9718 0.2357 -0.0000
vn 0.8786 0.1188 0.4625
vn 0.8675 -0.0180 0.4970
vn 0.9477 0.0012 0.3191
vn 0.8766 0.3529 0.3273
vn 0.9390 -0.2126 0.2703
vn 0.7967 -0.6041 -0.0153
vn 0.5409 -0.7821 0.3095
vn 0.5082 -0.8521 -0.1247
vn 0.8890 -0.4489 -0.0902
vn 0.8377 -0.3338 0.4323
vn 0.9927 -0.0505 0.1095
vn 0.9929 -0.0392 0.1124
vn 0.8654 -0.0339 0.5000
vn 0.9997 0.0082 0.0220
vn 0.9930 0.0078 0.1177
vn 0.7997 0.1895 0.5697
vn 0.9956 0.0470 0.0808
vn 0.8423 0.2529 0.4760
vn 0.5081 -0.8524 0.1235
vn 0.4340 -0.8185 -0.3765
vn 0.7967 -0.6041 0.0153
vn 0.7808 -0.6101 0.1345
vn 0.8394 -0.3411 -0.4232
vn 0.9942 -0.0638 -0.0862
vn 0.9929 -0.0395 -0.1120
vn 0.8812 -0.0147 -0.4725
vn 0.9976 -0.0509 -0.0468
vn 0.9930 0.0078 -0.1177
vn 0.7994 0.1822 -0.5725
vn 0.9956 0.0470 -0.0808
vn 0.8423 0.2529 -0.4760
vn -0.7967 -0.6041 0.0153
vn -0.5409 -0.7821 -0.3095
vn -0.5081 -0.8524 0.1235
vn -0.8890 -0.4489 0.0902
vn -0.8377 -0.3338 -0.4323
vn -0.9927 -0.0505 -0.1095
vn -0.9929 -0.0391 -0.1126
vn -0.8654 -0.0339 -0.5000
vn -0.9997 0.0082 -0.0220
vn -0.9932 0.0084 -0.1160
vn -0.7997 0.1895 -0.5697
vn -0.9956 0.0470 -0.0808
vn -0.8423 0.2529 -0.4760
vn -0.0002 0.7491 0.6624
vn -0.0000 0.7867 0.6173
vn 0.6448 0.7172 0.2643
vn 0.2753 0.8713 0.4063
vn 0.4867 0.8402 0.2390
vn 0.8301 0.2599 0.4934
vn -0.1339 0.8660 -0.4817
vn 0.9209 0.3898 -0.0003
vn 0.4771 0.8788 0.0073
vn 0.5174 0.8143 -0.2630
vn 0.8696 0.2399 -0.4315
vn 0.2606 0.7508 -0.6070
vn 0.2075 0.9287 -0.3075
vn -0.0922 0.8464 -0.5245
vn -0.0000 0.8334 -0.5527
vn -0.0000 0.1226 -0.9925
vn 0.3506 0.5830 -0.7330
vn 0.5294 0.1061 -0.8417
vn 0.5426 0.7565 -0.3651
vn -0.0000 0.0459 -0.9989
vn 0.9014 0.1105 -0.4187
vn 0.8608 0.5090 -0.0000
vn 0.5428 0.0929 -0.8347
vn 0.9938 0.1113 -0.0000
vn 0.8900 0.0456 -0.4536
vn 0.9992 0.0394 -0.0038
vn 0.9014 0.1104 0.4186
vn 0.5426 0.7565 0.3651
vn 0.5714 0.1105 0.8132
vn 0.3506 0.5830 0.7330
vn 0.8768 0.0722 0.4754
vn -0.0000 0.1111 0.9938
vn -0.0000 0.8334 0.5527
vn 0.5222 0.0717 0.8498
vn -0.0000 0.0360 0.9994
vn -0.1018 0.0034 0.9948
vn 0.5545 -0.0173 0.8320
vn 0.8691 -0.0138 0.4945
vn 1.0000 0.0035 -0.0000
vn 0.8660 0.0037 -0.5000
vn 0.5000 0.0037 -0.8660
vn -0.0000 0.0038 -1.0000
vn 0.9357 0.2600 0.2384
vn 0.9556 0.2214 0.1944
vn 0.9236 0.3782 -0.0622
vn 0.9287 0.3697 0.0293
vn 0.8483 0.5168 -0.1153
vn 0.9659 0.2578 -0.0243
vn 0.9426 -0.1881 0.2760
vn 0.9389 -0.2810 0.1990
vn 0.9625 0.2101 0.1713
vn 0.9446 -0.1476 0.2932
vn 0.8984 -0.2054 0.3883
vn 0.9457 -0.1804 0.2704
vn 0.9607 0.2379 0.1431
vn 0.9437 0.0009 0.3308
vn 0.9463 -0.1051 0.3057
vn 0.9997 0.0054 0.0254
vn 0.9236 -0.3782 -0.0630
vn 0.9389 0.2514 0.2350
vn 0.9194 0.0001 0.3933
vn 0.9056 -0.3093 -0.2904
vn 0.8311 0.5300 -0.1683
vn 0.8819 0.3534 -0.3119
vn 0.8702 -0.4555 -0.1877
vn 0.8682 0.4822 0.1174
vn 0.8715 -0.4889 0.0383
vn 0.8707 0.3732 0.3204
vn 0.8722 -0.4174 0.2551
vn 0.8717 0.1866 0.4531
vn 0.8724 -0.2560 0.4164
vn 0.8723 -0.0393 0.4875
vn 0.9685 0.1704 0.1818
vn 0.9210 -0.2954 0.2540
vn 0.9647 -0.1759 0.1959
vn 0.8888 0.4060 0.2126
vn 0.9432 0.1730 0.2836
vn 0.9998 -0.0028 0.0172
vn 0.9977 -0.0215 -0.0646
vn 0.9375 0.1861 0.2941
vn 0.9205 0.2095 0.3297
vn 0.9187 0.3815 -0.1023
vn 0.8985 -0.2661 0.3492
vn 0.9057 0.3091 -0.2902
vn 0.8405 0.5157 -0.1662
vn 0.8619 -0.4702 -0.1899
vn 0.8823 -0.3529 -0.3116
vn 0.8715 0.4766 0.1155
vn 0.8684 -0.4943 0.0400
vn 0.8722 0.3713 0.3184
vn 0.8708 -0.4192 0.2570
vn 0.8724 0.1863 0.4519
vn 0.8718 -0.2562 0.4175
vn 0.8723 -0.0390 0.4874
vn 0.9368 0.0419 0.3474
vn 0.9360 -0.3384 0.0970
vn 0.9437 -0.3123 0.1089
vn 0.9423 0.1892 0.2762
vn 0.9350 -0.3511 -0.0503
vn 0.9557 -0.2213 0.1942
vn 0.9374 -0.3237 -0.1287
vn -0.0053 0.3310 0.9436
vn -0.2234 0.8835 0.4118
vn -0.4899 0.8381 0.2399
vn -0.8301 0.2599 0.4934
vn -0.9209 0.3898 -0.0003
vn -0.4834 0.8754 0.0020
vn -0.5568 0.7637 -0.3268
vn -0.8696 0.2399 -0.4315
vn -0.3351 0.8197 -0.4644
vn -0.3506 0.5830 -0.7330
vn -0.5292 0.1041 -0.8421
vn -0.5426 0.7565 -0.3651
vn -0.9014 0.1106 -0.4187
vn -0.8608 0.5090 -0.0000
vn -0.5009 -0.0393 -0.8646
vn -0.9938 0.1113 -0.0000
vn -0.8568 0.0052 -0.5157
vn -0.5000 0.0039 -0.8660
vn -0.8660 0.0038 -0.5000
vn -0.9993 0.0360 -0.0024
vn -1.0000 0.0035 -0.0000
vn -0.8691 -0.0138 0.4945
vn -0.8622 0.0026 0.5065
vn -0.9014 0.1104 0.4186
vn -0.5426 0.7565 0.3651
vn -0.5709 0.1164 0.8127
vn -0.3506 0.5830 0.7330
vn -0.5222 0.0718 0.8498
vn -0.5374 -0.0033 0.8433
vn -0.9283 0.3657 -0.0677
vn -0.9556 0.2214 0.1944
vn -0.9357 0.2600 0.2384
vn -0.9021 0.4170 0.1109
vn -0.8483 0.5168 -0.1153
vn -0.9687 0.2479 -0.0109
vn -0.9426 -0.1881 0.2760
vn -0.9389 -0.2809 0.1991
vn -0.9449 0.1685 0.2806
vn -0.9140 -0.1094 0.3907
vn -0.8984 -0.2054 0.3883
vn -0.9552 -0.1444 0.2585
vn -0.9591 0.2443 0.1432
vn -0.9437 0.0009 0.3308
vn -0.9560 0.0181 0.2928
vn -0.9998 0.0042 0.0174
vn -0.9236 -0.3782 -0.0630
vn -0.9423 0.2219 0.2506
vn -0.9194 0.0001 0.3933
vn -0.9056 -0.3093 -0.2904
vn -0.8819 0.3534 -0.3119
vn -0.8311 0.5301 -0.1683
vn -0.8702 -0.4555 -0.1877
vn -0.8682 0.4822 0.1174
vn -0.8715 -0.4890 0.0383
vn -0.8706 0.3733 0.3205
vn -0.8721 -0.4175 0.2551
vn -0.8717 0.1866 0.4531
vn -0.8724 -0.2560 0.4164
vn -0.8722 -0.0393 0.4875
vn -0.9625 0.1633 0.2168
vn -0.9229 -0.2206 0.3157
vn -0.9619 -0.1749 0.2100
vn -0.8888 0.4061 0.2125
vn -0.9435 0.1537 0.2935
vn -0.9997 -0.0002 0.0259
vn -0.9464 0.1008 0.3070
vn -0.9345 0.0991 0.3418
vn -0.9205 0.2095 0.3297
vn -0.9187 0.3815 -0.1023
vn -0.8985 -0.2661 0.3492
vn -0.9057 0.3091 -0.2902
vn -0.8405 0.5157 -0.1662
vn -0.8823 -0.3529 -0.3116
vn -0.8619 -0.4702 -0.1899
vn -0.8715 0.4766 0.1155
vn -0.8683 -0.4944 0.0400
vn -0.8722 0.3714 0.3185
vn -0.8708 -0.4192 0.2570
vn -0.8724 0.1863 0.4520
vn -0.8718 -0.2563 0.4175
vn -0.8723 -0.0390 0.4875
vn -0.9360 -0.0677 0.3455
vn -0.9580 -0.2700 0.0963
vn -0.9040 -0.4203 0.0789
vn -0.9423 0.1892 0.2762
vn -0.9373 -0.3237 -0.1287
vn -0.9332 -0.3542 -0.0610
vn -0.9557 -0.2213 0.1942
vn -0.0033 -0.9058 0.4238
vn -0.0255 -0.8944 0.4465
vn -0.0937 -0.9676 -0.2344
vn 0.0596 -0.7432 -0.6664
vn -0.0546 -0.7509 -0.6582
vn -0.0643 -0.9506 -0.3037
vn 0.0075 -0.8196 0.5728
vn -0.0814 -0.9836 0.1611
vn -0.0315 -0.8131 0.5813
vn 0.0035 -0.4548 0.8906
vn -0.0696 -0.4029 0.9126
vn -0.0048 0.0156 0.9999
vn 0.0825 0.0043 0.9966
vn -0.0173 0.4250 0.9050
vn 0.0027 0.4540 0.8910
vn 0.0036 0.7576 0.6527
vn -0.0650 0.8147 0.5762
vn 0.0451 0.9758 0.2142
vn -0.0523 0.9772 0.2060
vn -0.0005 0.9260 -0.3776
vn -0.0521 0.9945 -0.0911
vn 0.0052 0.9999 0.0095
vn -0.0282 0.6900 -0.7233
vn 0.0513 -0.4251 0.9037
vn 0.0385 -0.4448 0.8948
vn -0.1299 -0.7283 0.6728
vn 0.0457 -0.8012 0.5966
vn 0.0043 0.0003 1.0000
vn 0.3943 -0.1394 0.9083
vn 0.3270 -0.1618 0.9311
vn 0.0084 0.6889 0.7248
vn 0.0403 0.6084 0.7926
vn 0.0002 0.9787 0.2054
vn 0.1924 0.7608 0.6198
vn 0.8755 0.3535 0.3294
vn -0.0033 0.9061 0.4230
vn -0.0912 0.9733 -0.2106
vn -0.0167 0.8889 0.4578
vn -0.0582 0.9670 -0.2480
vn 0.0098 0.9873 0.1588
vn -0.0142 0.9915 0.1295
vn 0.0459 0.7701 0.6363
vn -0.0112 0.8014 0.5981
vn 0.0036 0.4532 0.8914
vn -0.0423 0.3817 0.9233
vn -0.0127 0.0345 0.9993
vn 0.0027 -0.0000 1.0000
vn 0.0031 -0.4540 0.8910
vn -0.0424 -0.5232 0.8512
vn -0.0141 -0.7886 0.6148
vn 0.0027 -0.8103 0.5860
vn 0.0468 -0.9947 0.0917
vn -0.0124 -0.9894 0.1444
vn 0.0470 -0.9281 -0.3695
vn -0.0122 -0.9477 -0.3190
vn 0.0380 -0.6960 -0.7170
vn -0.0471 -0.7082 -0.7045
vn 0.0690 -0.9808 -0.1826
vn -0.0381 -0.9937 -0.1055
vn 0.0235 0.4226 0.9060
vn 0.0040 0.4520 0.8920
vn -0.0653 0.7825 0.6192
vn 0.3313 0.1527 0.9311
vn -0.0034 -0.0007 1.0000
vn 0.0473 -0.5890 0.8068
vn 0.0544 -0.6895 0.7223
vn -0.0113 -0.9784 0.2065
vn -0.0005 -0.8529 0.5221
vn -0.2877 -0.8156 0.5020
vn 0.0305 -0.8908 0.4534
vn 0.0639 -0.9564 -0.2850
vn 0.0005 -0.9476 -0.3195
vn 0.0052 -0.9859 0.1673
vn 0.0581 0.9395 -0.3376
vn 0.0463 0.7128 -0.6998
vn -0.0564 -0.4192 0.9061
vn -0.3295 -0.1518 0.9319
vn -0.8754 0.3539 0.3293
vn -0.1922 0.7611 0.6195
vn 0.0397 0.8995 0.4350
vn 0.0046 0.9589 -0.2838
vn 0.0273 0.7685 -0.6393
vn -0.0504 0.7653 -0.6417
vn 0.0250 0.9285 -0.3704
vn -0.0294 0.4309 0.9019
vn 0.1253 0.7284 0.6736
vn -0.3943 0.1394 0.9084
vn -0.3272 0.1672 0.9300
vn 0.0252 -0.9831 0.1811
vn 0.2875 -0.8151 0.5030
vn 0.6690 0.3713 0.6439
vn 0.7105 0.0911 0.6978
vn 0.8732 0.2888 0.3925
vn 0.8482 0.3942 0.3539
vn 0.9199 0.3921 -0.0000
vn 0.9799 0.1994 -0.0000
vn 0.6866 -0.3581 0.6327
vn 0.9214 -0.0188 0.3882
vn 0.8543 -0.3764 0.3585
vn 0.9836 -0.1801 -0.0073
vn 0.5832 -0.7131 0.3892
vn 0.4777 -0.8210 0.3127
vn 0.7327 -0.6805 -0.0112
vn 0.8308 -0.5566 -0.0000
vn 0.5835 -0.7142 -0.3866
vn 0.4777 -0.8210 -0.3127
vn 0.8543 -0.3759 -0.3589
vn 0.6900 -0.3366 -0.6408
vn 0.9214 -0.0188 -0.3882
vn 0.7022 0.1369 -0.6987
vn 0.8732 0.2887 -0.3925
vn 0.8482 0.3942 -0.3539
vn 0.6690 0.3713 -0.6439
vn -0.6690 0.3713 0.6439
vn -0.7010 0.0925 0.7071
vn -0.8734 0.2784 0.3995
vn -0.8482 0.3942 0.3539
vn -0.9199 0.3921 -0.0000
vn -0.9799 0.1994 -0.0001
vn -0.6882 -0.3550 0.6327
vn -0.9214 -0.0188 0.3882
vn -0.8553 -0.3795 0.3527
vn -0.9836 -0.1799 -0.0083
vn -0.5839 -0.7149 0.3848
vn -0.4777 -0.8210 0.3127
vn -0.7306 -0.6828 0.0085
vn -0.8326 -0.5535 0.0191
vn -0.6059 -0.6893 -0.3973
vn -0.4777 -0.8210 -0.3127
vn -0.8589 -0.3772 -0.3465
vn -0.6910 -0.3419 -0.6369
vn -0.9214 -0.0188 -0.3882
vn -0.6918 0.1285 -0.7106
vn -0.8745 0.2953 -0.3848
vn -0.8482 0.3942 -0.3539
vn -0.6690 0.3713 -0.6439
vn 1.0000 -0.0044 0.0032
vn 0.9448 -0.2777 -0.1741
vn 0.9928 -0.0108 0.1194
vn 0.9969 0.0700 0.0347
vn 0.8041 0.4027 -0.4373
vn 0.9996 0.0265 -0.0102
vn 0.9962 -0.0854 0.0198
vn 0.9479 -0.2753 0.1603
vn 0.9968 -0.0177 -0.0783
vn 0.6925 -0.6723 0.2617
vn 0.8518 0.3940 0.3454
vn -0.9290 -0.2933 0.2255
vn -0.7043 -0.6380 0.3114
vn -0.9954 -0.0382 -0.0878
vn -1.0000 -0.0043 0.0031
vn -0.8621 0.3805 0.3346
vn -0.9996 0.0219 0.0180
vn -0.9961 -0.0878 0.0028
vn -0.9968 0.0739 0.0294
vn -0.9453 -0.2746 -0.1758
vn -0.9959 0.0017 0.0910
vn -0.8076 0.4242 -0.4096
vn -0.0001 -0.1826 0.9832
vn -0.0000 0.0097 1.0000
vn -0.0084 0.0039 1.0000
vn -0.0298 -0.3936 0.9188
vn -0.0096 -0.4121 0.9111
vn -0.0239 -0.4480 0.8937
vn -0.0611 -0.1388 0.9884
vn -0.0042 -0.0365 0.9993
vn -0.0094 0.0079 0.9999
vn -0.0000 0.0094 1.0000
vn 0.0040 -0.0590 -0.9982
vn -0.0000 -0.1238 -0.9923
vn 0.0050 -0.1267 -0.9919
vn 0.0204 -0.0125 -0.9997
vn -0.0057 0.1633 -0.9866
vn 0.0161 0.1499 -0.9886
vn 0.0186 0.2991 -0.9541
vn -0.0000 0.3421 -0.9397
vn 0.0161 0.3892 -0.9210
vn -0.0000 0.3891 -0.9212
vn -0.0000 0.3421 0.9397
vn -0.0000 0.3891 0.9212
vn 0.0165 0.3894 0.9209
vn 0.0186 0.2991 0.9541
vn -0.0057 0.1633 0.9866
vn 0.0279 0.1615 0.9865
vn 0.0203 -0.0125 0.9997
vn 0.0040 -0.0590 0.9982
vn 0.0050 -0.1267 0.9919
vn -0.0000 -0.1238 0.9923
vn -0.0042 -0.0365 -0.9993
vn -0.0000 0.0094 -1.0000
vn -0.0098 0.0081 -0.9999
vn -0.0611 -0.1388 -0.9884
vn -0.0096 -0.4121 -0.9111
vn -0.0234 -0.4480 -0.8937
vn -0.0289 -0.3936 -0.9188
vn -0.0001 -0.1826 -0.9832
vn -0.0084 0.0039 -1.0000
vn -0.0000 0.0097 -1.0000
vn -0.0165 0.3894 0.9209
vn -0.0186 0.2991 0.9541
vn 0.0057 0.1633 0.9866
vn -0.0161 0.1499 0.9886
vn -0.0204 -0.0125 0.9997
vn -0.0040 -0.0590 0.9982
vn -0.0050 -0.1267 0.9919
vn 0.0042 -0.0365 -0.9993
vn 0.0098 0.0081 -0.9999
vn 0.0611 -0.1388 -0.9884
vn 0.0096 -0.4121 -0.9111
vn 0.0239 -0.4480 -0.8937
vn 0.0298 -0.3936 -0.9188
vn 0.0001 -0.1826 -0.9832
vn 0.0084 0.0039 -1.0000
vn 0.0139 -0.2682 -0.9633
vn -0.4483 0.0063 -0.8939
vn -0.0000 0.0779 -0.9970
vn -0.3948 -0.2077 -0.8950
vn -0.5128 -0.5225 -0.6812
vn 0.0236 -0.7064 -0.7074
vn -0.4421 -0.8177 -0.3685
vn 0.0358 -0.9662 -0.2553
vn -0.4980 -0.8672 0.0029
vn 0.0192 -0.9701 0.2419
vn -0.4652 -0.8216 0.3294
vn 0.0065 -0.7883 0.6152
vn -0.4797 -0.6334 0.6072
vn -0.0000 -0.5507 0.8347
vn -0.3947 -0.4272 0.8135
vn 0.0008 -0.2590 0.9659
vn -0.4224 -0.1424 0.8951
vn 0.0047 -0.2202 0.9754
vn -0.5668 -0.2423 0.7874
vn -0.0000 -0.2266 0.9740
vn -0.6602 -0.0107 0.7510
vn 0.0430 0.6782 0.7336
vn -0.5171 0.8051 0.2906
vn -0.0050 0.9997 0.0242
vn -0.5840 0.8038 -0.1133
vn 0.0071 0.9999 -0.0135
vn -0.4614 0.8804 0.1097
vn -0.4820 0.8716 0.0890
vn 0.0398 0.9957 -0.0838
vn -0.3172 0.9270 -0.2001
vn 0.0112 0.9168 -0.3991
vn -0.4556 0.7838 -0.4220
vn -0.0035 0.7036 -0.7106
vn -0.4966 0.6215 -0.6060
vn -0.4443 0.3198 -0.8369
vn 0.0175 0.3775 -0.9258
vn -0.0012 0.1140 -0.9935
vn -0.4660 0.0253 -0.8844
vn 0.4443 0.3198 -0.8369
vn 0.4660 0.0253 -0.8844
vn 0.0012 0.1140 -0.9935
vn -0.0175 0.3775 -0.9258
vn 0.0035 0.7036 -0.7106
vn 0.4966 0.6215 -0.6060
vn 0.4556 0.7838 -0.4220
vn -0.0112 0.9168 -0.3991
vn 0.3172 0.9270 -0.2001
vn -0.0398 0.9957 -0.0838
vn 0.4820 0.8716 0.0890
vn -0.0071 0.9999 -0.0135
vn 0.4614 0.8804 0.1097
vn 0.5840 0.8038 -0.1133
vn 0.0050 0.9997 0.0242
vn 0.5171 0.8051 0.2906
vn 0.0321 0.6471 0.7617
vn 0.6602 -0.0107 0.7510
vn 0.5668 -0.2422 0.7875
vn -0.0047 -0.2202 0.9754
vn 0.4224 -0.1424 0.8952
vn -0.0008 -0.2590 0.9659
vn 0.3967 -0.4382 0.8066
vn -0.0066 -0.5681 0.8229
vn 0.5024 -0.6845 0.5283
vn -0.0100 -0.8697 0.4935
vn 0.4479 -0.8860 0.1200
vn 0.0044 -1.0000 0.0058
vn 0.4722 -0.8154 -0.3349
vn -0.0001 -0.9375 -0.3480
vn -0.0152 -0.6994 -0.7146
vn 0.5128 -0.5225 -0.6812
vn -0.0139 -0.2682 -0.9633
vn 0.3948 -0.2077 -0.8950
vn 0.4483 0.0063 -0.8939
vn -0.4443 0.3198 0.8369
vn -0.4660 0.0253 0.8844
vn -0.0012 0.1140 0.9935
vn 0.0175 0.3775 0.9258
vn -0.0035 0.7036 0.7106
vn -0.4966 0.6215 0.6060
vn -0.4556 0.7838 0.4220
vn 0.0112 0.9168 0.3991
vn -0.3172 0.9270 0.2001
vn 0.0398 0.9957 0.0838
vn -0.4820 0.8716 -0.0890
vn 0.0071 0.9999 0.0135
vn -0.4614 0.8804 -0.1097
vn -0.5840 0.8038 0.1133
vn -0.0050 0.9997 -0.0242
vn -0.5171 0.8051 -0.2906
vn 0.1146 0.6424 -0.7577
vn -0.6602 -0.0107 -0.7510
vn -0.0000 -0.2266 -0.9740
vn -0.5668 -0.2422 -0.7875
vn 0.0047 -0.2202 -0.9754
vn -0.4224 -0.1424 -0.8952
vn 0.0008 -0.2590 -0.9659
vn -0.3967 -0.4382 -0.8066
vn 0.0066 -0.5681 -0.8229
vn -0.5024 -0.6845 -0.5283
vn 0.0100 -0.8697 -0.4935
vn -0.4479 -0.8860 -0.1200
vn -0.0044 -1.0000 -0.0058
vn -0.4722 -0.8154 0.3349
vn 0.0001 -0.9375 0.3480
vn 0.0152 -0.6994 0.7146
vn -0.5128 -0.5225 0.6812
vn 0.0139 -0.2682 0.9633
vn -0.3948 -0.2077 0.8950
vn -0.4483 0.0063 0.8939
vn -0.0000 0.0779 0.9970
vn -0.0139 -0.2682 0.9633
vn 0.4483 0.0063 0.8939
vn 0.3948 -0.2077 0.8950
vn 0.5128 -0.5225 0.6812
vn -0.0236 -0.7064 0.7074
vn 0.4421 -0.8177 0.3685
vn -0.0358 -0.9662 0.2553
vn 0.4980 -0.8672 -0.0029
vn -0.0192 -0.9701 -0.2419
vn 0.4652 -0.8216 -0.3294
vn -0.0065 -0.7883 -0.6152
vn 0.4797 -0.6334 -0.6072
vn -0.0000 -0.5507 -0.8347
vn 0.3947 -0.4272 -0.8135
vn -0.0008 -0.2590 -0.9659
vn 0.4224 -0.1424 -0.8951
vn -0.0047 -0.2202 -0.9754
vn 0.5668 -0.2423 -0.7874
vn 0.6602 -0.0107 -0.7510
vn -0.0430 0.6782 -0.7336
vn 0.5171 0.8051 -0.2906
vn 0.0050 0.9997 -0.0242
vn 0.5840 0.8038 0.1133
vn -0.0071 0.9999 0.0135
vn 0.4614 0.8804 -0.1097
vn 0.4820 0.8716 -0.0890
vn -0.0398 0.9957 0.0838
vn 0.3172 0.9270 0.2001
vn -0.0112 0.9168 0.3991
vn 0.4556 0.7838 0.4220
vn 0.0035 0.7036 0.7106
vn 0.4966 0.6215 0.6060
vn 0.4443 0.3198 0.8369
vn -0.0175 0.3775 0.9258
vn 0.0012 0.1140 0.9935
vn 0.4660 0.0253 0.8844
vn 0.0293 0.9915 0.1270
vn -0.6767 0.7360 -0.0174
vn 0.2529 0.9264 -0.2790
vn -0.1781 0.8763 0.4477
vn -0.7070 0.4484 0.5468
vn 0.1773 0.8038 0.5679
vn -0.0100 0.5779 0.8160
vn -0.2600 0.2362 0.9363
vn -0.0302 0.9906 -0.1334
vn -0.2529 0.9264 0.2790
vn -0.6564 0.7415 -0.1391
vn -0.0621 0.8907 -0.4504
vn -0.5569 0.6671 -0.4949
vn -0.1741 0.4208 -0.8903
vn 0.0093 0.5703 -0.8214
vn 0.4753 0.8539 0.2121
vn 0.4694 0.8830 -0.0000
vn -0.0001 1.0000 -0.0000
vn -0.0064 0.9461 0.3239
vn 0.4642 0.7200 0.5159
vn -0.0089 0.7348 0.6782
vn 0.5023 0.3915 0.7710
vn -0.0194 0.3219 0.9466
vn 0.3287 0.0116 0.9444
vn -0.0012 -0.1093 0.9940
vn 0.0087 0.2160 0.9764
vn -0.3342 0.0332 0.9419
vn -0.0000 -0.0000 1.0000
vn -0.5179 0.3720 0.7703
vn -0.0269 0.6262 0.7792
vn -0.4358 0.7310 0.5251
vn 0.0299 0.8919 0.4512
vn -0.4839 0.8527 0.1966
vn 0.0240 0.9990 0.0365
vn -0.4694 0.8830 -0.0000
vn -0.0198 0.1989 -0.9798
vn 0.3390 0.0057 -0.9408
vn -0.0230 -0.1087 -0.9938
vn 0.5179 0.3718 -0.7704
vn -0.0129 0.5713 -0.8206
vn 0.4358 0.7310 -0.5251
vn -0.0299 0.8919 -0.4512
vn 0.4839 0.8527 -0.1967
vn -0.0240 0.9990 -0.0365
vn -0.4839 0.8527 -0.1966
vn 0.0240 0.9990 -0.0365
vn 0.0299 0.8919 -0.4512
vn -0.4358 0.7311 -0.5250
vn 0.0129 0.5713 -0.8206
vn -0.5179 0.3721 -0.7703
vn 0.0087 0.2160 -0.9764
vn -0.3342 0.0332 -0.9419
vn -0.0000 -0.0000 -1.0000
vn 0.5087 -0.3753 0.7749
vn -0.0225 -0.5564 0.8306
vn 0.4358 -0.7310 0.5251
vn -0.0299 -0.8919 0.4512
vn 0.4839 -0.8527 0.1966
vn -0.0240 -0.9990 0.0365
vn 0.4694 -0.8830 -0.0000
vn -0.4839 -0.8527 0.1966
vn -0.4694 -0.8830 -0.0000
vn 0.0240 -0.9990 0.0365
vn 0.0299 -0.8919 0.4512
vn -0.4358 -0.7311 0.5250
vn 0.0129 -0.5713 0.8206
vn -0.5179 -0.3720 0.7703
vn 0.0087 -0.2160 0.9764
vn -0.3342 -0.0332 0.9419
vn 0.4839 -0.8527 -0.1966
vn -0.0240 -0.9990 -0.0365
vn -0.0299 -0.8919 -0.4512
vn 0.4358 -0.7311 -0.5250
vn -0.0225 -0.5564 -0.8306
vn 0.5087 -0.3753 -0.7748
vn 0.0067 -0.3350 -0.9422
vn -0.3219 -0.0435 -0.9458
vn -0.0000 -0.0334 -0.9994
vn -0.5023 -0.3913 -0.7711
vn 0.0089 -0.7348 -0.6782
vn -0.4642 -0.7199 -0.5160
vn 0.0064 -0.9461 -0.3239
vn -0.4752 -0.8539 -0.2120
vn -0.0000 -1.0000 -0.0000
vn -0.4788 0.8504 -0.2179
vn -0.5019 0.8585 0.1049
vn 0.0236 0.9861 -0.1646
vn -0.4537 0.7305 -0.5104
vn 0.0112 0.7476 -0.6641
vn -0.5023 0.3915 -0.7710
vn 0.0194 0.3219 -0.9466
vn -0.3287 0.0116 -0.9444
vn 0.0012 -0.1093 -0.9940
vn -0.0087 0.2160 -0.9764
vn 0.3342 0.0332 -0.9419
vn 0.5179 0.3720 -0.7703
vn 0.0269 0.6262 -0.7792
vn 0.4839 0.8527 -0.1966
vn 0.0001 -0.0000 1.0000
vn -0.5179 0.3718 0.7704
vn 0.0129 0.5713 0.8206
vn -0.4482 0.7352 0.5085
vn 0.0269 0.8970 0.4412
vn 0.4839 0.8527 0.1966
vn -0.0240 0.9990 0.0365
vn -0.0299 0.8919 0.4512
vn 0.4358 0.7311 0.5250
vn -0.0129 0.5713 0.8206
vn 0.5179 0.3721 0.7703
vn -0.0087 0.2160 0.9764
vn 0.3342 0.0332 0.9419
vn -0.5087 -0.3753 -0.7749
vn 0.0225 -0.5564 -0.8306
vn -0.4358 -0.7310 -0.5251
vn 0.0299 -0.8919 -0.4512
vn -0.4839 -0.8527 -0.1966
vn 0.0240 -0.9990 -0.0365
vn -0.0129 -0.5713 -0.8206
vn 0.5179 -0.3720 -0.7703
vn -0.0087 -0.2160 -0.9764
vn 0.3342 -0.0332 -0.9419
vn 0.1577 -0.9596 0.2331
vn 0.0923 -0.9950 0.0379
vn -0.3316 -0.0625 0.9413
vn 0.1567 -0.4945 0.8549
vn -0.1642 -0.1550 0.9742
vn 0.0923 -0.0379 0.9950
vn 0.0221 -0.6715 0.7407
vn 0.4867 -0.4837 0.7275
vn 0.0306 -0.8552 0.5174
vn 0.4388 -0.7380 0.5127
vn 0.4765 -0.8533 0.2117
vn -0.0165 0.3894 -0.9209
vn -0.0186 0.2991 -0.9541
vn 0.0057 0.1633 -0.9866
vn -0.0279 0.1615 -0.9865
vn -0.0203 -0.0125 -0.9997
vn -0.0040 -0.0590 -0.9982
vn -0.0049 -0.1267 -0.9919
vn 0.0098 0.0081 0.9999
vn 0.0042 -0.0365 0.9993
vn 0.0611 -0.1388 0.9884
vn 0.0096 -0.4121 0.9111
vn 0.0234 -0.4480 0.8937
vn 0.0289 -0.3936 0.9188
vn 0.0001 -0.1826 0.9832
vn 0.0084 0.0039 1.0000
vn 0.6496 0.7455 0.1492
vn 0.6855 0.3730 0.6253
vn 0.6767 0.7360 0.0173
vn 0.6751 0.3905 -0.6259
vn 0.0044 0.4829 -0.8757
vn 1.0000 -0.0011 0.0006
vn 1.0000 -0.0008 0.0004
vn 1.0000 -0.0023 0.0002
vn 1.0000 -0.0017 0.0001
vn 1.0000 -0.0017 -0.0000
vn 1.0000 -0.0019 -0.0000
vn 1.0000 0.0001 -0.0000
vn 1.0000 -0.0000 -0.0000
vn 1.0000 0.0024 0.0001
vn 1.0000 0.0046 0.0001
vn 1.0000 0.0062 -0.0000
vn 1.0000 0.0057 0.0001
vn 1.0000 0.0051 -0.0000
vn 1.0000 0.0056 -0.0002
vn -1.0000 -0.0011 0.0006
vn -1.0000 -0.0023 0.0002
vn -1.0000 -0.0008 0.0004
vn -1.0000 -0.0017 0.0001
vn -1.0000 -0.0017 -0.0000
vn -1.0000 -0.0019 -0.0000
vn -1.0000 0.0001 -0.0000
vn -1.0000 -0.0000 -0.0000
vn -1.0000 0.0025 0.0001
vn -1.0000 0.0046 0.0001
vn -1.0000 0.0062 -0.0000
vn -1.0000 0.0057 0.0001
vn -1.0000 0.0051 -0.0000
vn -1.0000 0.0056 -0.0002
vn 1.0000 -0.0023 -0.0002
vn 1.0000 -0.0008 -0.0004
vn 1.0000 -0.0011 -0.0006
vn 1.0000 -0.0017 -0.0001
vn 1.0000 0.0024 -0.0001
vn 1.0000 0.0046 -0.0001
vn 1.0000 0.0057 -0.0001
vn 1.0000 0.0056 0.0002
vn -1.0000 -0.0008 -0.0004
vn -1.0000 -0.0023 -0.0002
vn -1.0000 -0.0011 -0.0006
vn -1.0000 -0.0017 -0.0001
vn -1.0000 -0.0021 -0.0000
vn -1.0000 0.0024 -0.0001
vn -1.0000 0.0046 -0.0001
vn -1.0000 0.0057 -0.0001
vn -1.0000 0.0056 0.0002
vn 0.6614 0.7059 0.2536
vn -0.0005 0.8718 0.4899
vn 0.0191 0.8339 0.5516
vn 0.6428 0.5418 0.5415
vn 0.8673 0.1821 0.4632
vn 0.9232 -0.0039 0.3844
vn 1.0000 0.0061 0.0034
vn 0.9804 -0.0632 0.1866
vn 1.0000 -0.0016 0.0027
vn 1.0000 -0.0007 0.0028
vn 1.0000 -0.0024 0.0015
vn 0.9430 -0.1851 0.2767
vn 0.7614 -0.6197 -0.1901
vn 0.7050 -0.6932 0.1496
vn 0.5420 -0.8335 -0.1075
vn 0.7129 -0.6717 -0.2015
vn 0.8157 -0.5533 -0.1688
vn 0.7260 -0.6657 -0.1726
vn 0.8011 -0.5983 -0.0164
vn 0.9654 -0.2605 -0.0120
vn -0.0000 -0.9547 -0.2976
vn -0.0000 -0.9546 -0.2978
vn -0.0191 0.8339 0.5516
vn 0.0005 0.8718 0.4899
vn -0.7197 0.6509 0.2416
vn -0.6428 0.5418 0.5415
vn -0.8673 0.1821 0.4632
vn -0.9232 -0.0039 0.3844
vn -1.0000 0.0063 0.0034
vn -0.9804 -0.0632 0.1866
vn -1.0000 -0.0016 0.0027
vn -1.0000 -0.0007 0.0028
vn -1.0000 -0.0025 0.0014
vn -0.9430 -0.1851 0.2767
vn -0.7614 -0.6197 -0.1901
vn -0.9215 -0.2456 0.3009
vn -0.5420 -0.8335 -0.1075
vn -0.8516 -0.5155 0.0950
vn -0.7129 -0.6717 -0.2015
vn -0.8157 -0.5533 -0.1688
vn -0.7260 -0.6657 -0.1726
vn -0.8011 -0.5983 -0.0164
vn -0.9654 -0.2605 -0.0120
vn 0.0191 0.8341 -0.5513
vn -0.0005 0.8719 -0.4896
vn 0.7196 0.6511 -0.2415
vn 0.6429 0.5419 -0.5413
vn 0.8673 0.1822 -0.4632
vn 0.9231 -0.0039 -0.3844
vn 1.0000 0.0063 -0.0034
vn 0.9804 -0.0632 -0.1867
vn 1.0000 -0.0016 -0.0027
vn 1.0000 -0.0007 -0.0028
vn 1.0000 -0.0024 -0.0015
vn 0.9430 -0.1851 -0.2767
vn 0.7614 -0.6205 0.1878
vn 0.7047 -0.6934 -0.1504
vn 0.5419 -0.8337 0.1062
vn 0.7132 -0.6721 0.1989
vn 0.8158 -0.5538 0.1669
vn 0.7260 -0.6661 0.1707
vn 0.8011 -0.5983 0.0164
vn 0.9654 -0.2605 0.0120
vn -0.0000 -0.9557 0.2943
vn -0.0000 -0.9557 0.2944
vn -0.6613 0.7060 -0.2535
vn 0.0005 0.8719 -0.4896
vn -0.0191 0.8341 -0.5513
vn -0.6429 0.5419 -0.5413
vn -0.8673 0.1822 -0.4632
vn -0.9231 -0.0039 -0.3844
vn -1.0000 0.0061 -0.0034
vn -0.9804 -0.0632 -0.1867
vn -1.0000 -0.0016 -0.0027
vn -1.0000 -0.0007 -0.0028
vn -1.0000 -0.0025 -0.0015
vn -0.9430 -0.1851 -0.2767
vn -0.7614 -0.6205 0.1878
vn -0.7047 -0.6934 -0.1504
vn -0.5419 -0.8337 0.1062
vn -0.7132 -0.6721 0.1989
vn -0.8158 -0.5538 0.1669
vn -0.7260 -0.6661 0.1707
vn -0.8011 -0.5983 0.0164
vn -0.9654 -0.2605 0.0120
vn 0.0014 -0.4479 -0.8941
vn 0.0545 -0.7843 -0.6180
vn -0.0146 -0.4446 -0.8956
vn -0.0659 -0.7809 -0.6212
vn 0.0034 -0.9543 -0.2990
vn -0.0507 -0.9535 -0.2971
vn 0.0005 -0.9531 0.3027
vn -0.0182 -0.7834 0.6212
vn -0.0480 -0.9515 0.3037
vn 0.0026 -0.7827 0.6224
vn 0.0014 -0.4470 0.8945
vn -0.0150 -0.4442 0.8958
vn 0.0453 -0.9512 -0.3054
vn 0.0480 -0.9513 0.3045
vn 0.9821 -0.0712 -0.1742
vn 0.5408 0.2557 0.8014
vn 0.8589 0.0486 0.5098
vn 0.5328 0.4436 0.7206
vn 0.9998 -0.0133 -0.0176
vn 0.8918 0.3669 0.2647
vn 0.4019 0.6507 0.6443
vn 0.7855 0.0121 -0.6188
vn 0.4334 0.8019 0.4113
vn 0.8538 -0.2336 -0.4652
vn 0.5460 0.8118 0.2071
vn 0.9430 -0.2532 -0.2162
vn 0.8228 -0.4275 -0.3744
vn 0.8870 0.4607 0.0321
vn 0.9703 -0.1511 -0.1887
vn 0.8558 -0.5173 0.0081
vn 0.8228 -0.5382 -0.1823
vn 0.8799 -0.4752 -0.0000
vn -0.8589 0.0486 0.5098
vn -0.5408 0.2557 0.8014
vn -0.9831 -0.1057 -0.1493
vn -0.5328 0.4436 0.7206
vn -0.9998 -0.0133 -0.0176
vn -0.8799 0.3953 0.2638
vn -0.4019 0.6507 0.6443
vn -0.7855 0.0121 -0.6188
vn -0.4334 0.8019 0.4113
vn -0.8538 -0.2336 -0.4652
vn -0.9464 -0.1936 -0.2585
vn -0.8228 -0.4275 -0.3744
vn -0.5460 0.8118 0.2071
vn -0.9553 -0.2327 -0.1821
vn -0.8228 -0.5382 -0.1823
vn -0.8870 0.4607 0.0321
vn -0.8558 -0.5173 0.0081
vn -0.8799 -0.4752 -0.0000
vn 0.8589 0.0486 -0.5098
vn 0.5408 0.2557 -0.8014
vn 0.9831 -0.1057 0.1493
vn 0.5328 0.4436 -0.7206
vn 0.9998 -0.0133 0.0176
vn 0.8799 0.3953 -0.2638
vn 0.4019 0.6507 -0.6443
vn 0.7855 0.0121 0.6188
vn 0.4334 0.8019 -0.4113
vn 0.8538 -0.2336 0.4652
vn 0.9464 -0.1936 0.2585
vn 0.8229 -0.4275 0.3744
vn 0.5459 0.8118 -0.2071
vn 0.9553 -0.2327 0.1821
vn 0.8228 -0.5382 0.1823
vn 0.8870 0.4607 -0.0321
vn 0.8558 -0.5173 -0.0081
vn -0.9821 -0.0712 0.1742
vn -0.5408 0.2557 -0.8014
vn -0.8589 0.0486 -0.5098
vn -0.5328 0.4436 -0.7206
vn -0.9998 -0.0133 0.0176
vn -0.8918 0.3669 -0.2647
vn -0.4019 0.6507 -0.6443
vn -0.7855 0.0121 0.6188
vn -0.4334 0.8019 -0.4113
vn -0.8538 -0.2336 0.4652
vn -0.5459 0.8118 -0.2071
vn -0.9430 -0.2532 0.2162
vn -0.8228 -0.4275 0.3744
vn -0.8870 0.4607 -0.0321
vn -0.9703 -0.1511 0.1887
vn -0.8558 -0.5173 -0.0081
vn -0.8228 -0.5382 0.1823
vn 0.8589 -0.0486 0.5098
vn 0.5408 -0.2557 0.8014
vn 0.9831 0.1057 -0.1493
vn 0.5328 -0.4436 0.7206
vn 0.9998 0.0133 -0.0176
vn 0.8799 -0.3953 0.2638
vn 0.4019 -0.6507 0.6443
vn 0.7855 -0.0121 -0.6188
vn 0.4334 -0.8019 0.4113
vn 0.8538 0.2336 -0.4652
vn 0.9464 0.1936 -0.2585
vn 0.8228 0.4275 -0.3744
vn 0.5460 -0.8118 0.2071
vn 0.9553 0.2327 -0.1821
vn 0.8228 0.5382 -0.1823
vn 0.8870 -0.4607 0.0321
vn 0.8558 0.5173 0.0081
vn 0.8799 0.4752 -0.0000
vn -0.9821 0.0712 -0.1742
vn -0.5408 -0.2557 0.8014
vn -0.8589 -0.0486 0.5098
vn -0.5328 -0.4436 0.7206
vn -0.9998 0.0133 -0.0176
vn -0.8918 -0.3669 0.2647
vn -0.4019 -0.6507 0.6443
vn -0.7855 -0.0121 -0.6188
vn -0.4334 -0.8019 0.4113
vn -0.8538 0.2336 -0.4652
vn -0.5460 -0.8118 0.2071
vn -0.9430 0.2532 -0.2162
vn -0.8228 0.4275 -0.3744
vn -0.8870 -0.4607 0.0321
vn -0.9703 0.1511 -0.1887
vn -0.8558 0.5173 0.0081
vn -0.8228 0.5382 -0.1823
vn -0.8799 0.4752 -0.0000
vn 0.9821 0.0712 0.1742
vn 0.5408 -0.2557 -0.8014
vn 0.8589 -0.0486 -0.5098
vn 0.5328 -0.4436 -0.7206
vn 0.9998 0.0133 0.0176
vn 0.8918 -0.3669 -0.2647
vn 0.4019 -0.6507 -0.6443
vn 0.7855 -0.0121 0.6188
vn 0.4334 -0.8019 -0.4113
vn 0.8538 0.2336 0.4652
vn 0.5460 -0.8118 -0.2071
vn 0.9457 0.1980 0.2576
vn 0.8229 0.4275 0.3744
vn 0.8870 -0.4607 -0.0321
vn 0.9703 0.1511 0.1887
vn 0.8558 0.5173 -0.0081
vn 0.8228 0.5382 0.1823
vn -0.8589 -0.0486 -0.5098
vn -0.5408 -0.2557 -0.8014
vn -0.9831 0.1057 0.1493
vn -0.5328 -0.4436 -0.7206
vn -0.9998 0.0133 0.0176
vn -0.8799 -0.3953 -0.2638
vn -0.4019 -0.6507 -0.6443
vn -0.7855 -0.0121 0.6188
vn -0.4334 -0.8019 -0.4113
vn -0.8538 0.2336 0.4652
vn -0.9464 0.1936 0.2585
vn -0.8229 0.4275 0.3744
vn -0.5460 -0.8118 -0.2071
vn -0.9553 0.2327 0.1821
vn -0.8228 0.5382 0.1823
vn -0.8870 -0.4607 -0.0321
vn -0.8558 0.5173 -0.0081
vn -0.5460 0.8118 -0.2071
vn -0.9457 -0.1980 0.2576
vn -0.9577 -0.2156 0.1907
vn 0.9823 -0.0649 0.1754
vn 0.9457 -0.1980 0.2576
vn 0.8228 -0.4275 0.3744
vn 0.5460 0.8118 -0.2071
vn 0.9553 -0.2329 0.1820
vn -0.9823 -0.0649 -0.1754
vn -0.9457 -0.1980 -0.2576
vn -0.8229 -0.4275 -0.3744
vn -0.5459 0.8118 0.2071
vn -0.9553 -0.2329 -0.1820
vn 0.9848 -0.0335 -0.1707
vn 0.5459 0.8118 0.2071
vn 0.9457 -0.1980 -0.2576
vn 0.9577 -0.2156 -0.1907
vn -0.9823 0.0649 0.1754
vn -0.9457 0.1980 0.2576
vn -0.8228 0.4275 0.3744
vn 0.9848 0.0335 0.1707
vn 0.8228 0.4275 0.3744
vn 0.9577 0.2156 0.1907
vn -0.9848 0.0335 -0.1707
vn -0.8229 0.4275 -0.3744
vn 0.9823 0.0649 -0.1754
vn 0.8229 0.4275 -0.3744
vn 0.5403 0.5498 -0.6370
vn 0.7788 0.6006 0.1811
vn 0.8902 0.4506 0.0675
vn 0.8742 0.4656 -0.1376
vn 0.7394 0.5991 -0.3071
vn 0.8476 0.4256 -0.3169
vn 0.8326 0.3242 -0.4490
vn 0.5731 0.5258 -0.6286
vn 0.8672 0.0009 -0.4979
vn 1.0000 -0.0008 -0.0016
vn 0.5903 0.3664 0.7193
vn 0.4698 -0.7130 0.5205
vn 0.8672 -0.4035 -0.2919
vn 0.5728 -0.8178 0.0559
vn 0.8325 -0.5540 -0.0011
vn 0.8902 -0.2103 0.4042
vn 0.7788 -0.2065 0.5923
vn 0.8476 -0.5065 0.1580
vn 0.8742 -0.3851 0.2958
vn 0.7395 -0.6006 0.3041
vn 0.8902 0.4506 -0.0675
vn 0.7788 0.6006 -0.1811
vn 0.4787 0.7054 0.5227
vn 0.8742 0.4656 0.1376
vn 0.7394 0.5991 0.3071
vn 0.8476 0.4256 0.3169
vn 0.8326 0.3242 0.4490
vn 0.5731 0.5258 0.6286
vn 0.8672 0.0009 0.4979
vn 1.0000 -0.0008 0.0016
vn 0.5903 0.3664 -0.7193
vn 0.7553 -0.6239 0.2008
vn 0.5728 -0.8178 -0.0559
vn 0.8672 -0.4035 0.2919
vn 0.8325 -0.5540 0.0011
vn 0.7788 -0.2065 -0.5923
vn 0.8902 -0.2103 -0.4041
vn 0.8476 -0.5065 -0.1580
vn 0.8742 -0.3851 -0.2958
vn 0.7395 -0.6006 -0.3041
vn -0.5403 0.5498 0.6370
vn -0.7788 0.6006 -0.1811
vn -0.8902 0.4506 -0.0675
vn -0.8742 0.4656 0.1376
vn -0.7395 0.5991 0.3071
vn -0.8476 0.4256 0.3169
vn -0.8326 0.3242 0.4490
vn -0.5731 0.5258 0.6286
vn -0.8672 0.0009 0.4979
vn -1.0000 -0.0008 0.0016
vn -0.5903 0.3664 -0.7193
vn -0.4698 -0.7130 -0.5205
vn -0.8672 -0.4035 0.2919
vn -0.5728 -0.8178 -0.0559
vn -0.8325 -0.5540 0.0011
vn -0.8902 -0.2103 -0.4042
vn -0.7788 -0.2066 -0.5923
vn -0.8476 -0.5065 -0.1580
vn -0.8742 -0.3851 -0.2958
vn -0.7395 -0.6006 -0.3041
vn -0.8902 0.4506 0.0675
vn -0.7788 0.6006 0.1811
vn -0.4787 0.7054 -0.5227
vn -0.8742 0.4656 -0.1376
vn -0.7394 0.5991 -0.3071
vn -0.8476 0.4256 -0.3169
vn -0.8326 0.3242 -0.4490
vn -0.5731 0.5258 -0.6286
vn -0.8672 0.0009 -0.4979
vn -1.0000 -0.0008 -0.0016
vn -0.5903 0.3664 0.7193
vn -0.7553 -0.6239 -0.2008
vn -0.5728 -0.8178 0.0559
vn -0.8672 -0.4035 -0.2919
vn -0.8325 -0.5540 -0.0011
vn -0.7788 -0.2066 0.5923
vn -0.8902 -0.2103 0.4042
vn -0.8476 -0.5065 0.1580
vn -0.8742 -0.3851 0.2958
vn -0.7395 -0.6006 0.3041
vn -0.0000 -0.7007 0.7135
vn 0.3104 -0.7861 0.5344
vn 0.0055 -0.3698 0.9291
vn 0.5471 -0.1881 0.8157
vn 0.8315 -0.3173 0.4560
vn 0.2328 -0.9632 0.1345
vn 0.0055 -1.0000 0.0055
vn 0.0065 -1.0000 0.0038
vn 0.0075 -1.0000 -0.0000
vn 0.5258 -0.8506 -0.0016
vn 0.2334 -0.9631 -0.1343
vn 0.0065 -1.0000 -0.0038
vn 0.0055 -1.0000 -0.0055
vn 0.3107 -0.7859 -0.5346
vn 0.8256 -0.3196 -0.4650
vn 0.9829 -0.1708 -0.0681
vn -0.0000 -0.7007 -0.7135
vn -0.0121 -0.3212 -0.9469
vn 0.4354 -0.2155 -0.8741
vn 0.1205 -0.4787 -0.8697
vn 0.4667 -0.4440 -0.7649
vn 0.0055 -0.9427 -0.3336
vn 0.6466 -0.5235 -0.5548
vn 0.1862 -0.8597 -0.4756
vn -0.0895 -0.8390 -0.5367
vn 0.1847 -0.7445 -0.6416
vn 0.0465 -0.0152 -0.9988
vn 0.2801 -0.9441 -0.1740
vn 0.8613 -0.4770 -0.1751
vn 0.4067 -0.8260 -0.3902
vn 0.2474 -0.2935 -0.9234
vn 0.4644 -0.0134 -0.8855
vn 0.2433 0.3414 -0.9079
vn -0.0000 0.3159 -0.9488
vn -0.0000 0.2490 -0.9685
vn 0.8282 -0.1846 -0.5291
vn 0.5193 -0.8311 -0.1988
vn 0.8396 -0.0136 -0.5430
vn 0.6416 -0.7445 -0.1847
vn 0.3278 -0.9447 -0.0037
vn 0.5470 -0.8335 0.0778
vn 0.9234 -0.2935 -0.2474
vn 0.9985 -0.0189 0.0516
vn 0.6494 -0.7427 0.1632
vn 0.8780 -0.1560 0.4526
vn 0.3916 -0.8856 0.2497
vn 0.9079 0.3414 -0.2433
vn 0.8659 -0.0157 0.4999
vn 0.4735 -0.7468 0.4670
vn 0.3035 -0.8304 0.4673
vn 0.5341 -0.1560 0.8309
vn 0.9079 0.3414 0.2433
vn 0.5415 -0.0167 0.8405
vn 0.9488 0.3159 -0.0000
vn 0.9679 0.2512 -0.0000
vn 0.8217 0.3159 0.4744
vn 0.6646 0.3414 0.6646
vn 0.8387 0.2490 0.4843
vn 0.7997 0.5729 0.1796
vn 0.5587 0.5755 0.5972
vn 0.4744 0.3159 0.8217
vn 0.5332 0.7974 0.2825
vn 0.4840 0.2512 0.8382
vn 0.2433 0.3414 0.9079
vn 0.2381 -0.3228 0.9160
vn 0.1425 -0.8281 0.5422
vn -0.0035 -0.0056 1.0000
vn -0.0000 0.3159 0.9488
vn -0.0278 -0.8351 0.5494
vn -0.0000 0.2490 0.9685
vn -0.0262 -0.5259 0.8502
vn 0.1884 0.5770 0.7947
vn -0.0000 0.7884 0.6151
vn 0.1434 -0.9445 0.2956
vn 0.2447 0.8371 0.4893
vn -0.0000 0.7919 0.6106
vn 0.3653 0.5393 0.7588
vn 0.5884 0.7074 0.3917
vn 0.5445 0.8382 -0.0298
vn 0.8867 0.4623 -0.0000
vn 0.5884 0.7074 -0.3917
vn 0.5327 0.7884 -0.3076
vn 0.7839 0.5630 -0.2619
vn 0.8468 0.2511 -0.4688
vn 0.8217 0.3160 -0.4744
vn 0.5754 0.5803 -0.5763
vn 0.6646 0.3414 -0.6646
vn 0.4744 0.3159 -0.8217
vn 0.4840 0.2512 -0.8382
vn 0.2103 0.5804 -0.7867
vn 0.0011 0.7884 -0.6151
vn 0.2412 0.8337 -0.4967
vn -0.0000 0.7919 -0.6106
vn 0.3653 0.5393 -0.7588
vn -0.3104 -0.7861 0.5344
vn -0.4168 -0.1899 0.8889
vn -0.9053 -0.2057 0.3717
vn -0.2326 -0.9632 0.1348
vn -0.0055 -1.0000 0.0055
vn -0.0065 -1.0000 0.0038
vn -0.0075 -1.0000 -0.0000
vn -0.5258 -0.8506 -0.0004
vn -0.2336 -0.9631 -0.1340
vn -0.0065 -1.0000 -0.0038
vn -0.0055 -1.0000 -0.0055
vn -0.3107 -0.7859 -0.5346
vn -0.7796 -0.2958 -0.5521
vn -0.9777 -0.1994 0.0661
vn -0.5065 -0.2889 -0.8124
vn -0.4247 -0.4997 -0.7549
vn -0.6433 -0.4827 -0.5942
vn -0.8087 -0.4755 -0.3461
vn -0.1652 -0.7465 -0.6446
vn -0.2864 -0.9436 -0.1662
vn -0.3277 -0.8521 -0.4080
vn -0.5439 -0.0189 -0.8389
vn -0.4615 -0.7338 -0.4985
vn -0.5159 -0.8321 -0.2035
vn -0.2474 -0.2935 -0.9234
vn -0.6180 -0.2780 -0.7354
vn -0.2433 0.3414 -0.9079
vn -0.8052 -0.0625 -0.5898
vn -0.2113 0.5804 -0.7865
vn -0.4744 0.3159 -0.8217
vn -0.4839 0.2512 -0.8383
vn -0.2918 0.8401 -0.4573
vn -0.3653 0.5393 -0.7588
vn -0.5884 0.7074 -0.3917
vn -0.5837 0.5797 -0.5685
vn -0.5322 0.7884 -0.3084
vn -0.5445 0.8382 0.0298
vn -0.8867 0.4623 -0.0000
vn -0.5884 0.7074 0.3917
vn -0.8590 0.4812 -0.1751
vn -0.8387 0.2490 -0.4843
vn -0.6646 0.3414 -0.6646
vn -0.8217 0.3159 -0.4744
vn -0.9079 0.3414 -0.2433
vn -0.8792 -0.0630 -0.4724
vn -0.6408 -0.7465 -0.1792
vn -0.9679 0.2512 -0.0000
vn -0.5257 -0.8469 0.0802
vn -0.8937 -0.4482 -0.0189
vn -0.9922 -0.0625 -0.1082
vn -0.8162 -0.4786 0.3237
vn -0.5549 -0.4528 0.6979
vn -0.2868 -0.9445 0.1604
vn 0.2601 -0.4827 0.8363
vn -0.2477 -0.8707 0.4248
vn -0.4165 -0.8495 0.3237
vn -0.1928 -0.7464 0.6369
vn -0.4526 -0.1560 0.8780
vn -0.3921 -0.0911 0.9154
vn -0.4808 -0.7427 0.4660
vn -0.6760 -0.2935 0.6760
vn -0.6479 -0.7445 0.1608
vn -0.8389 -0.0189 0.5439
vn -0.9459 -0.2780 0.1675
vn -0.9079 0.3414 0.2433
vn -0.9488 0.3159 -0.0000
vn -0.8217 0.3160 0.4744
vn -0.7870 0.5803 0.2093
vn -0.8468 0.2511 0.4688
vn -0.6646 0.3414 0.6646
vn -0.5333 0.7884 0.3066
vn -0.5923 0.5776 0.5617
vn -0.2412 0.8336 0.4969
vn -0.3653 0.5393 0.7588
vn -0.2006 0.5797 0.7897
vn -0.4987 0.2534 0.8289
vn -0.4744 0.3159 0.8217
vn -0.2433 0.3414 0.9079
vn -0.0001 -1.0000 0.0086
vn -0.0000 -0.8502 0.5265
vn -0.0043 -1.0000 0.0074
vn -0.2632 -0.8502 0.4560
vn -0.4559 -0.8502 0.2632
vn -0.0074 -1.0000 0.0043
vn -0.5000 -0.0000 0.8660
vn -0.0086 -1.0000 -0.0000
vn -0.0000 0.8512 0.5248
vn -0.5265 -0.8502 -0.0000
vn -0.2624 0.8512 0.4545
vn -0.4559 -0.8502 -0.2632
vn -0.0074 -1.0000 -0.0043
vn -0.0043 -1.0000 -0.0074
vn -0.8660 -0.0000 0.5000
vn -0.4545 0.8512 0.2624
vn -0.2678 0.8089 0.5234
vn -0.0000 0.7176 0.6965
vn -0.0093 -0.3574 0.9339
vn -0.5248 0.8512 -0.0000
vn -0.6920 0.7202 0.0495
vn -0.6554 0.7535 -0.0525
vn -0.4346 -0.2404 0.8679
vn -0.8093 -0.2776 0.5176
vn -0.4529 -0.4235 0.7845
vn 0.0001 -0.4235 0.9059
vn -0.0000 -0.2553 0.9669
vn -0.4939 0.2488 0.8331
vn -0.7720 0.4475 0.4515
vn -0.0617 0.9962 0.0617
vn -0.0767 0.9964 0.0356
vn -0.7846 -0.4235 0.4528
vn -0.5348 0.8450 -0.0000
vn -0.0843 0.9964 -0.0000
vn -0.0767 0.9964 -0.0356
vn -0.9059 -0.4235 -0.0000
vn -0.7720 0.4474 -0.4515
vn -0.0617 0.9962 -0.0617
vn -0.4940 0.2483 -0.8333
vn -0.9807 -0.1954 -0.0000
vn -0.7845 -0.4235 -0.4529
vn -0.8034 -0.2858 -0.5223
vn -0.4529 -0.4235 -0.7845
vn -0.0000 -0.2555 -0.9668
vn -0.0000 -0.4235 -0.9059
vn -0.4346 -0.2403 -0.8680
vn -0.2732 0.8108 -0.5177
vn 0.0292 -0.2875 -0.9573
vn 0.4529 -0.4235 -0.7845
vn 0.4940 0.2483 -0.8333
vn 0.4346 -0.2403 -0.8680
vn -0.6833 0.5446 -0.4863
vn -0.4545 0.8512 -0.2624
vn -0.8660 -0.0000 -0.5000
vn -0.5000 -0.0000 -0.8660
vn -0.2624 0.8512 -0.4545
vn -0.0000 0.8512 -0.5248
vn -0.2632 -0.8502 -0.4560
vn -0.0000 -0.8502 -0.5265
vn -0.0000 -1.0000 -0.0086
vn 0.0043 -1.0000 -0.0074
vn 0.2632 -0.8502 -0.4560
vn 0.5000 -0.0000 -0.8660
vn 0.4559 -0.8502 -0.2632
vn 0.0074 -1.0000 -0.0043
vn 0.0086 -1.0000 -0.0000
vn 0.2624 0.8512 -0.4545
vn 0.5265 -0.8502 -0.0000
vn 0.8660 -0.0000 -0.5000
vn 0.4559 -0.8502 0.2632
vn 0.0074 -1.0000 0.0043
vn 0.0043 -1.0000 0.0074
vn 0.4545 0.8512 -0.2624
vn 0.0001 -1.0000 0.0086
vn 0.2632 -0.8502 0.4560
vn 0.5000 -0.0000 0.8660
vn 0.8660 -0.0000 0.5000
vn 0.2624 0.8512 0.4545
vn 0.4545 0.8512 0.2624
vn 0.3013 0.8124 0.4992
vn 0.0094 -0.3574 0.9339
vn 0.5248 0.8512 -0.0000
vn 0.6833 0.5446 0.4863
vn 0.6792 0.7336 0.0215
vn 0.8344 -0.3509 0.4250
vn 0.5388 -0.2446 0.8062
vn 0.4529 -0.4235 0.7845
vn 0.0001 -0.2554 0.9668
vn 0.4940 0.2483 0.8332
vn 0.7720 0.4474 0.4515
vn 0.0617 0.9962 0.0617
vn 0.0767 0.9964 0.0356
vn 0.7845 -0.4235 0.4529
vn 0.5348 0.8450 -0.0000
vn 0.0843 0.9964 -0.0000
vn 0.0767 0.9964 -0.0356
vn 0.9059 -0.4235 -0.0000
vn 0.7720 0.4474 -0.4515
vn 0.0617 0.9962 -0.0617
vn 0.7845 -0.4235 -0.4529
vn 0.8035 -0.3748 -0.4626
vn 0.9807 -0.1955 -0.0000
vn 0.3089 0.7272 -0.6130
vn 0.7732 0.6098 -0.1740
vn -0.0000 0.7176 -0.6965
vn 0.5631 -0.5419 0.6239
vn 0.8179 -0.4550 0.3520
vn -0.9988 0.0251 0.0411
vn -0.7297 0.6836 0.0122
vn -0.5715 0.8128 -0.1131
vn -0.9987 0.0172 0.0482
vn -0.6462 -0.3435 0.6815
vn -0.7377 -0.1633 0.6550
vn -0.9818 0.1226 0.1449
vn -0.9925 -0.0392 -0.1160
vn -0.5129 -0.2147 0.8311
vn -0.9591 -0.1887 -0.2111
vn -0.5344 0.8361 0.1235
vn -0.9561 -0.1053 -0.2736
vn -0.9956 -0.0034 -0.0935
vn -0.4385 -0.0575 0.8969
vn -0.5393 -0.1747 0.8238
vn -0.9015 -0.2196 0.3731
vn -0.9710 0.1397 -0.1941
vn -0.5515 -0.6070 0.5722
vn -0.9918 0.0447 -0.1196
vn -0.5460 -0.7316 0.4082
vn -0.9056 -0.4157 0.0839
vn -0.9699 0.2430 -0.0184
vn -0.5494 -0.8341 -0.0498
vn -0.9921 0.1239 -0.0215
vn -0.5460 -0.8060 -0.2287
vn -0.9056 -0.3533 -0.2346
vn -0.9698 0.1851 0.1589
vn -0.5494 -0.5546 -0.6250
vn -0.9917 0.1207 0.0444
vn -0.5348 -0.3973 -0.7457
vn -0.8882 0.0027 -0.4595
vn -0.3696 -0.2440 -0.8966
vn -0.4586 0.0528 -0.8871
vn -0.9779 -0.0680 0.1978
vn -0.5687 0.2272 -0.7906
vn -0.9802 0.1185 0.1588
vn -0.9096 0.2225 -0.3509
vn -0.9725 -0.1651 0.1642
vn -0.5457 0.6309 -0.5515
vn -0.9922 -0.0321 0.1204
vn -0.5297 0.7387 -0.4168
vn -0.9093 0.4048 -0.0966
vn -0.9773 -0.2041 -0.0572
vn -0.9117 0.4105 0.0201
vn -0.2355 0.9448 0.2278
vn -0.9961 -0.0706 0.0536
vn -0.8430 -0.5257 0.1141
vn -0.7905 -0.5808 -0.1943
vn -0.7929 -0.1520 -0.5901
vn -0.8000 0.1722 -0.5747
vn -0.8174 -0.2206 0.5322
vn -0.7688 0.1723 0.6158
vn -0.7909 0.5521 0.2639
vn -0.8425 0.5231 -0.1284
vn 0.5715 0.8128 -0.1131
vn 0.7297 0.6836 0.0122
vn 0.9971 0.0689 -0.0333
vn 0.7377 -0.1633 0.6550
vn 0.6462 -0.3435 0.6815
vn 0.9976 0.0432 0.0550
vn 0.9818 0.1226 0.1449
vn 0.9787 -0.1116 -0.1724
vn 0.5129 -0.2147 0.8311
vn 0.9826 -0.1121 -0.1479
vn 0.5344 0.8361 0.1235
vn 0.9595 -0.2243 -0.1703
vn 0.9902 0.0707 -0.1208
vn 0.4385 -0.0575 0.8969
vn 0.5393 -0.1747 0.8238
vn 0.9097 0.4148 0.0182
vn 0.2355 0.9448 0.2278
vn 0.9014 -0.2173 0.3744
vn 0.9897 0.0622 -0.1288
vn 0.5515 -0.6070 0.5722
vn 0.5460 -0.7316 0.4082
vn 0.9036 0.4200 -0.0846
vn 0.9923 -0.0452 0.1157
vn 0.5297 0.7387 -0.4168
vn 0.5457 0.6309 -0.5515
vn 0.9832 -0.1781 0.0407
vn 0.9716 -0.2349 0.0288
vn 0.9045 0.2396 -0.3527
vn 0.8966 0.0018 -0.4429
vn 0.5687 0.2272 -0.7906
vn 0.4586 0.0528 -0.8871
vn 0.9758 -0.1362 0.1711
vn 0.3696 -0.2440 -0.8966
vn 0.5348 -0.3973 -0.7457
vn 0.9801 0.0388 0.1948
vn 0.9917 0.1158 0.0558
vn 0.5494 -0.5546 -0.6250
vn 0.9651 0.0547 0.2562
vn 0.9004 -0.3550 -0.2516
vn 0.9915 0.1227 -0.0433
vn 0.5460 -0.8060 -0.2287
vn 0.5494 -0.8341 -0.0498
vn 0.9740 0.1920 0.1203
vn 0.9057 -0.4141 0.0903
vn 0.9699 0.2430 -0.0184
vn 0.8343 0.5342 -0.1361
vn 0.9622 0.0797 -0.2605
vn 0.8447 0.2361 -0.4803
vn 0.8129 0.0287 -0.5817
vn 0.8031 0.5779 0.1451
vn 0.8297 0.3145 0.4612
vn 0.8121 -0.2334 0.5348
vn 0.8633 -0.4881 0.1280
vn 0.8516 -0.5241 0.0099
vn 0.8319 -0.3639 -0.4188
vn -0.5715 0.8128 0.1131
vn -0.7297 0.6836 -0.0122
vn -0.9971 0.0689 0.0333
vn -0.7377 -0.1633 -0.6550
vn -0.6462 -0.3435 -0.6815
vn -0.9976 0.0432 -0.0550
vn -0.9818 0.1218 -0.1460
vn -0.9783 -0.1160 0.1715
vn -0.5129 -0.2147 -0.8311
vn -0.9830 -0.1085 0.1479
vn -0.5344 0.8361 -0.1235
vn -0.9342 -0.2414 0.2626
vn -0.9902 0.0707 0.1208
vn -0.4385 -0.0575 -0.8969
vn -0.5393 -0.1747 -0.8238
vn -0.9097 0.4148 -0.0182
vn -0.2355 0.9448 -0.2278
vn -0.9014 -0.2173 -0.3744
vn -0.9897 0.0622 0.1288
vn -0.5515 -0.6070 -0.5722
vn -0.5460 -0.7316 -0.4082
vn -0.9036 0.4200 0.0846
vn -0.9923 -0.0452 -0.1157
vn -0.5297 0.7387 0.4168
vn -0.5457 0.6309 0.5515
vn -0.9832 -0.1781 -0.0407
vn -0.9716 -0.2349 -0.0288
vn -0.9045 0.2396 0.3527
vn -0.8966 0.0018 0.4429
vn -0.5687 0.2272 0.7906
vn -0.4586 0.0528 0.8871
vn -0.9758 -0.1362 -0.1711
vn -0.3696 -0.2440 0.8966
vn -0.5348 -0.3973 0.7457
vn -0.9801 0.0388 -0.1948
vn -0.9917 0.1158 -0.0558
vn -0.5494 -0.5546 0.6250
vn -0.9610 -0.0288 -0.2750
vn -0.9004 -0.3550 0.2516
vn -0.9915 0.1227 0.0433
vn -0.5460 -0.8060 0.2287
vn -0.5494 -0.8341 0.0498
vn -0.9740 0.1920 -0.1203
vn -0.9004 -0.4289 -0.0731
vn -0.9699 0.2430 0.0184
vn -0.8343 0.5342 0.1361
vn -0.9622 0.0797 0.2605
vn -0.8447 0.2361 0.4803
vn -0.8474 0.0535 0.5283
vn -0.8031 0.5779 -0.1451
vn -0.8548 0.1377 -0.5004
vn -0.8121 -0.2334 -0.5348
vn -0.8146 -0.4788 -0.3273
vn -0.8602 -0.5099 -0.0101
vn -0.7959 -0.5143 0.3195
vn 0.9988 0.0251 -0.0411
vn 0.7297 0.6836 -0.0122
vn 0.5715 0.8128 0.1131
vn 0.9987 0.0172 -0.0482
vn 0.6462 -0.3435 -0.6815
vn 0.7377 -0.1633 -0.6550
vn 0.9818 0.1226 -0.1449
vn 0.9925 -0.0392 0.1160
vn 0.5129 -0.2147 -0.8311
vn 0.9588 -0.1764 0.2228
vn 0.5344 0.8361 -0.1235
vn 0.9340 -0.2328 0.2710
vn 0.9956 -0.0034 0.0935
vn 0.4385 -0.0575 -0.8969
vn 0.5393 -0.1747 -0.8238
vn 0.9015 -0.2196 -0.3731
vn 0.9728 0.1965 0.1228
vn 0.5515 -0.6070 -0.5722
vn 0.9918 0.0447 0.1196
vn 0.5460 -0.7316 -0.4082
vn 0.9056 -0.4157 -0.0839
vn 0.9748 0.2127 -0.0675
vn 0.5494 -0.8341 0.0498
vn 0.9915 0.1181 0.0550
vn 0.5460 -0.8060 0.2287
vn 0.9056 -0.3533 0.2346
vn 0.9698 0.1851 -0.1589
vn 0.5494 -0.5546 0.6250
vn 0.9923 0.1014 -0.0718
vn 0.5348 -0.3973 0.7457
vn 0.8882 0.0027 0.4595
vn 0.3696 -0.2440 0.8966
vn 0.4586 0.0528 0.8871
vn 0.9610 -0.0288 -0.2750
vn 0.5687 0.2272 0.7906
vn 0.9802 0.1185 -0.1588
vn 0.9096 0.2225 0.3509
vn 0.9725 -0.1651 -0.1642
vn 0.5457 0.6309 0.5515
vn 0.9928 -0.0605 -0.1032
vn 0.5297 0.7387 0.4168
vn 0.9093 0.4048 0.0966
vn 0.9716 -0.2349 -0.0288
vn 0.9126 0.4046 -0.0594
vn 0.2355 0.9448 -0.2278
vn 0.9933 -0.0910 -0.0710
vn 0.8184 -0.5621 -0.1191
vn 0.8193 -0.5155 0.2509
vn 0.7156 -0.2897 0.6356
vn 0.8000 0.1722 0.5747
vn 0.8146 -0.2280 -0.5334
vn 0.8426 0.1282 -0.5231
vn 0.8090 0.5242 -0.2659
vn 0.7908 0.5950 0.1438
vn 0.7303 0.4077 0.5482
vn 0.8052 0.3244 0.4964
vn 0.6990 0.3484 0.6245
vn 0.8189 0.3286 0.4706
vn 0.8860 0.2561 0.3866
vn 0.8374 0.4533 0.3054
vn 0.6998 0.5100 0.5001
vn 0.8209 0.3145 0.4767
vn 0.5529 0.7282 0.4050
vn 0.6952 0.6981 0.1713
vn 0.7719 0.6210 0.1359
vn 0.6833 0.7296 0.0282
vn 0.8094 0.5418 0.2265
vn 0.6891 0.7242 -0.0262
vn 0.6003 0.7994 -0.0240
vn 0.8530 0.5146 0.0873
vn 0.9157 0.4018 -0.0074
vn 0.8807 -0.3805 -0.2820
vn 1.0000 0.0005 -0.0010
vn 0.8666 -0.3677 -0.3374
vn 0.8166 -0.4373 -0.3766
vn 0.9830 -0.1836 -0.0018
vn 0.8856 0.2555 -0.3879
vn 0.8211 0.3133 -0.4772
vn 0.7673 -0.6413 -0.0000
vn 0.7283 0.4072 -0.5511
vn 0.7971 0.3302 -0.5056
vn 0.6990 0.3484 -0.6245
vn 0.8189 0.3286 -0.4706
vn 0.8357 0.4778 -0.2707
vn 0.6998 0.5100 -0.5001
vn 0.5529 0.7282 -0.4050
vn 0.6952 0.6981 -0.1713
vn 0.8207 -0.3766 0.4296
vn 0.7665 0.6255 -0.1458
vn 0.6833 0.7296 -0.0282
vn 0.8091 0.5419 -0.2273
vn 0.6891 0.7242 0.0262
vn 0.6003 0.7994 0.0240
vn 0.8358 0.5486 -0.0229
vn 0.9157 0.4018 0.0074
vn 0.8916 -0.3201 0.3204
vn 1.0000 -0.0005 0.0007
vn 0.8786 -0.4142 0.2376
vn 0.7843 -0.4585 0.4179
vn 0.9623 -0.1961 0.1885
vn 0.9622 -0.1980 -0.1869
vn 0.8209 -0.4797 -0.3098
vn 0.7133 -0.6275 -0.3121
vn 0.9811 -0.0426 -0.1888
vn 0.7222 0.2615 -0.6403
vn 0.9668 -0.2313 -0.1088
vn 0.8392 -0.5186 0.1638
vn 0.8223 0.4380 -0.3633
vn 0.9658 0.1965 -0.1690
vn 0.9259 0.2042 -0.3179
vn 0.8981 0.3722 -0.2344
vn 0.8227 0.3290 -0.4637
vn 0.9640 0.1343 -0.2293
vn 0.8537 0.2275 0.4684
vn 0.9973 -0.0551 -0.0488
vn 0.8143 -0.3871 0.4326
vn 0.9973 -0.0731 -0.0000
vn 0.8681 0.4964 -0.0056
vn 0.8143 -0.3871 -0.4326
vn 0.9673 -0.1599 -0.1968
vn 0.8175 0.3384 0.4660
vn 0.8852 0.3682 0.2844
vn 0.8169 0.3321 0.4716
vn 0.9238 0.2350 0.3023
vn 0.8161 0.4270 0.3894
vn 0.9607 0.2450 0.1306
vn 0.7180 0.2243 0.6589
vn 0.9889 -0.0298 0.1454
vn 0.8392 -0.5186 -0.1638
vn -0.7283 0.4071 -0.5512
vn -0.7971 0.3302 -0.5056
vn -0.6990 0.3484 -0.6245
vn -0.8189 0.3286 -0.4706
vn -0.8855 0.2547 -0.3885
vn -0.8374 0.4533 -0.3054
vn -0.6998 0.5100 -0.5001
vn -0.8811 0.3848 -0.2750
vn -0.5529 0.7282 -0.4050
vn -0.6952 0.6981 -0.1713
vn -0.7719 0.6210 -0.1359
vn -0.6833 0.7296 -0.0282
vn -0.8284 0.5241 -0.1977
vn -0.6891 0.7242 0.0262
vn -0.6003 0.7994 0.0240
vn -0.8400 0.5334 -0.0997
vn -0.9157 0.4018 0.0074
vn -0.8762 -0.3850 0.2899
vn -1.0000 0.0005 0.0009
vn -0.8694 -0.3644 0.3338
vn -0.8166 -0.4373 0.3766
vn -0.9830 -0.1836 0.0054
vn -0.8860 0.2561 0.3865
vn -0.8341 0.2948 0.4662
vn -0.8118 -0.4350 -0.3895
vn -0.7303 0.4078 0.5481
vn -0.8052 0.3244 0.4964
vn -0.6990 0.3484 0.6245
vn -0.8189 0.3286 0.4706
vn -0.8374 0.4533 0.3054
vn -0.6998 0.5100 0.5001
vn -0.5529 0.7282 0.4050
vn -0.6952 0.6981 0.1713
vn -0.7665 0.6255 0.1458
vn -0.6833 0.7296 0.0282
vn -0.8091 0.5419 0.2273
vn -0.6891 0.7242 -0.0262
vn -0.6003 0.7994 -0.0240
vn -0.8262 0.5625 0.0314
vn -0.9157 0.4018 -0.0074
vn -0.8916 -0.3201 -0.3204
vn -1.0000 -0.0005 -0.0007
vn -0.8694 -0.4324 -0.2391
vn -0.8349 -0.4590 -0.3037
vn -0.7843 -0.6201 -0.0190
vn -0.8903 -0.2117 -0.4032
vn -0.8922 -0.2077 0.4010
vn -0.8333 -0.4391 0.3358
vn -0.9799 -0.0419 0.1951
vn -0.7345 0.2189 0.6424
vn -0.9605 -0.2730 -0.0542
vn -0.8392 -0.5186 -0.1638
vn -0.8186 0.4318 0.3789
vn -0.9705 0.1758 0.1652
vn -0.8170 0.3317 0.4718
vn -0.9066 0.2797 0.3161
vn -0.8853 0.3673 0.2851
vn -0.8183 0.3401 0.4633
vn -0.9477 0.1958 0.2521
vn -0.9973 -0.0550 0.0488
vn -0.8143 -0.3871 -0.4326
vn -0.9973 -0.0731 -0.0000
vn -0.8681 0.4964 0.0058
vn -0.9617 0.1166 -0.2480
vn -0.8143 -0.3871 0.4326
vn -0.9673 -0.1599 0.1969
vn -0.8187 0.3224 -0.4751
vn -0.8985 0.3703 -0.2358
vn -0.9259 0.2042 -0.3179
vn -0.8219 0.4375 -0.3647
vn -0.9610 0.1574 -0.2275
vn -0.7128 -0.6432 -0.2796
vn -0.7354 0.3369 -0.5879
vn -0.9898 -0.0024 -0.1424
vn -0.8392 -0.5186 0.1638
vn 0.6930 -0.0699 0.7176
vn -0.1875 0.6266 0.7564
vn 0.3999 0.4160 0.8167
vn -0.1875 0.2435 0.9516
vn 0.7016 0.6199 0.3515
vn 0.5042 0.7278 0.4649
vn 0.1582 0.9412 0.2986
vn 0.5223 -0.0404 0.8518
vn 0.1587 -0.3117 0.9368
vn 0.5128 0.8569 0.0524
vn 0.9159 0.3486 -0.1992
vn 0.1502 0.9223 -0.3561
vn 0.9658 0.1738 -0.1922
vn 0.8242 -0.5592 0.0889
vn 0.4951 0.7711 -0.4004
vn 0.5412 0.5961 -0.5931
vn 0.0910 0.4700 -0.8780
vn 0.5229 0.2631 -0.8108
vn 0.4613 0.0581 -0.8853
vn 0.5632 -0.7116 -0.4199
vn -0.0528 -0.0761 -0.9957
vn 0.0477 -0.4534 -0.8900
vn -0.0530 -0.7604 -0.6472
vn 0.5549 0.0683 -0.8291
vn 0.5316 -0.7726 -0.3470
vn 0.0683 -0.9850 -0.1586
vn 0.9151 -0.3505 0.1992
vn 0.5875 -0.8090 -0.0177
vn 0.1547 -0.8347 0.5286
vn 0.9662 -0.1744 0.1900
vn 0.8242 0.5593 -0.0887
vn 0.4670 -0.8178 0.3363
vn 0.4507 -0.4338 0.7802
vn 0.2640 0.3920 -0.8813
vn -0.2098 0.6168 -0.7586
vn 0.6929 -0.0699 -0.7176
vn -0.0082 0.0341 -0.9994
vn 0.5506 0.7140 -0.4325
vn 0.5251 0.7237 -0.4478
vn 0.1586 0.9411 -0.2986
vn 0.5132 -0.1464 -0.8457
vn 0.5128 0.8582 -0.0223
vn 0.8655 0.2578 -0.4294
vn 0.1507 0.9222 0.3561
vn 0.9663 0.1726 0.1912
vn 0.8242 -0.5592 -0.0889
vn 0.5088 0.7758 0.3732
vn 0.5291 0.5871 0.6127
vn 0.0914 0.4700 0.8779
vn 0.5292 0.3039 0.7922
vn 0.4552 0.0978 0.8850
vn 0.5633 -0.7116 0.4199
vn -0.0312 -0.0728 0.9969
vn 0.2736 -0.3942 0.8774
vn -0.2082 -0.6156 0.7601
vn 0.6928 0.0707 0.7177
vn 0.4686 -0.7182 0.5144
vn 0.1052 -0.9161 0.3869
vn 0.8649 -0.2598 0.4294
vn 0.5050 -0.8625 0.0328
vn 0.1508 -0.9670 -0.2051
vn 0.9675 -0.1728 -0.1848
vn 0.8242 0.5592 0.0888
vn 0.4613 -0.7904 -0.4031
vn 0.0689 -0.6309 -0.7728
vn 0.5125 -0.3729 -0.7735
vn -0.6930 -0.0699 -0.7176
vn 0.1875 0.6266 -0.7564
vn -0.3999 0.4161 -0.8167
vn 0.1875 0.2435 -0.9516
vn -0.7016 0.6199 -0.3515
vn -0.5262 0.7233 -0.4472
vn -0.1582 0.9412 -0.2986
vn -0.5223 -0.0404 -0.8518
vn -0.1587 -0.3117 -0.9368
vn -0.5084 0.8610 -0.0102
vn -0.9992 -0.0023 0.0390
vn -0.1502 0.9223 0.3561
vn -0.9673 0.1706 0.1879
vn -0.8242 -0.5592 -0.0889
vn -0.4981 0.7737 0.3916
vn -0.5401 0.6358 0.5514
vn -0.0910 0.4700 0.8780
vn -0.5200 0.2649 0.8121
vn -0.4548 0.0930 0.8857
vn -0.5632 -0.7116 0.4199
vn 0.0529 -0.0762 0.9957
vn -0.0477 -0.4534 0.8900
vn 0.0530 -0.7604 0.6472
vn -0.5549 0.0683 0.8291
vn -0.5316 -0.7726 0.3470
vn -0.0683 -0.9850 0.1586
vn -0.9151 -0.3505 -0.1992
vn -0.5990 -0.8007 -0.0071
vn -0.1547 -0.8347 -0.5286
vn -0.9662 -0.1744 -0.1900
vn -0.8242 0.5593 0.0887
vn -0.4689 -0.8129 -0.3455
vn -0.4209 -0.4428 -0.7917
vn -0.3999 0.4161 0.8167
vn 0.1875 0.6266 0.7564
vn -0.6929 -0.0699 0.7176
vn 0.1875 0.2435 0.9516
vn -0.7016 0.6198 0.3515
vn -0.4969 0.6963 0.5179
vn -0.1586 0.9411 0.2986
vn -0.5135 -0.0297 0.8576
vn -0.1583 -0.3118 0.9369
vn -0.5146 0.8567 0.0362
vn -0.8857 0.1919 0.4227
vn -0.1507 0.9222 -0.3561
vn -0.9687 0.1706 -0.1806
vn -0.8242 -0.5592 0.0889
vn -0.5428 0.7641 -0.3486
vn -0.5291 0.5871 -0.6127
vn -0.0914 0.4700 -0.8779
vn -0.5160 0.2685 -0.8134
vn -0.4646 0.0514 -0.8840
vn -0.5633 -0.7116 -0.4199
vn 0.0528 -0.0762 -0.9957
vn -0.0478 -0.4534 -0.8900
vn 0.0530 -0.7605 -0.6472
vn -0.5549 0.0683 -0.8291
vn -0.4367 -0.7737 -0.4591
vn -0.0679 -0.9850 -0.1586
vn -0.8649 -0.2598 -0.4294
vn -0.5956 -0.8022 0.0426
vn -0.1543 -0.8347 0.5286
vn -0.9681 -0.1738 0.1804
vn -0.8242 0.5592 -0.0888
vn -0.4875 -0.8270 0.2799
vn -0.4215 -0.4424 0.7916
vn 1.0000 0.0015 0.0006
vn 0.8235 -0.5373 -0.1819
vn 0.8235 -0.4268 -0.3737
vn 0.8804 -0.4742 -0.0000
vn 0.8234 -0.2514 -0.5087
vn 0.8234 -0.5374 0.1819
vn 0.7815 -0.0001 -0.6238
vn 0.8233 -0.4271 0.3739
vn 0.8231 0.2514 -0.5092
vn 0.8231 -0.2517 0.5092
vn 0.8226 0.4276 -0.3749
vn 0.7807 -0.0002 0.6249
vn 0.8213 0.5402 -0.1837
vn 0.8213 0.2520 0.5119
vn 0.8746 0.4849 -0.0023
vn 0.8166 0.4324 0.3823
vn -1.0000 0.0015 0.0006
vn -0.7815 -0.0000 -0.6238
vn -0.8234 -0.2514 -0.5087
vn -0.8231 0.2514 -0.5092
vn -0.8235 -0.4268 -0.3737
vn -0.8226 0.4276 -0.3749
vn -0.8235 -0.5373 -0.1819
vn -0.8213 0.5402 -0.1837
vn -0.8804 -0.4742 -0.0000
vn -0.8746 0.4849 -0.0023
vn -0.8234 -0.5374 0.1819
vn -0.8233 -0.4271 0.3739
vn -0.8231 -0.2517 0.5092
vn -0.8213 0.2520 0.5119
vn -0.8166 0.4324 0.3823
vn -0.7807 -0.0003 0.6249
vn -1.0000 0.0015 -0.0006
vn -0.8235 -0.5373 0.1819
vn -0.8235 -0.4268 0.3737
vn -0.8234 -0.2514 0.5087
vn -0.8234 -0.5374 -0.1819
vn -0.7815 -0.0001 0.6238
vn -0.8233 -0.4271 -0.3739
vn -0.8231 0.2514 0.5092
vn -0.8231 -0.2517 -0.5092
vn -0.8226 0.4276 0.3749
vn -0.7807 -0.0002 -0.6249
vn -0.8213 0.5402 0.1837
vn -0.8213 0.2520 -0.5119
vn -0.8746 0.4849 0.0023
vn -0.8166 0.4324 -0.3823
vn 1.0000 0.0015 -0.0006
vn 0.7815 -0.0000 0.6238
vn 0.8234 -0.2514 0.5087
vn 0.8231 0.2514 0.5092
vn 0.8235 -0.4268 0.3737
vn 0.8226 0.4276 0.3749
vn 0.8235 -0.5373 0.1819
vn 0.8213 0.5402 0.1837
vn 0.8746 0.4849 0.0023
vn 0.8234 -0.5374 -0.1819
vn 0.8233 -0.4271 -0.3739
vn 0.8231 -0.2517 -0.5092
vn 0.8213 0.2520 -0.5119
vn 0.8166 0.4324 -0.3823
vn 0.7807 -0.0003 -0.6249
o base
usemtl material_0.001
f 1/1/1 2/2/2 3/3/3
f 4/4/4 2/2/2 1/1/1
f 5/5/5 4/4/4 1/1/1
f 6/6/6 4/4/4 5/5/5
f 7/7/7 6/6/6 5/5/5
f 8/8/8 6/6/6 7/7/7
f 8/8/8 7/7/7 9/9/9
f 9/9/9 7/7/7 10/10/10
f 10/10/10 11/11/11 9/9/9
f 9/9/9 11/11/11 12/12/12
f 11/11/11 10/10/10 13/13/13
f 14/14/14 15/15/15 16/16/16
f 15/15/15 14/14/14 17/17/17
f 17/17/17 18/18/18 15/15/15
f 18/18/18 17/17/17 19/19/19
f 20/20/20 19/19/19 17/17/17
f 18/18/18 19/19/19 21/21/21
f 21/21/21 19/19/19 22/22/22
f 18/18/18 21/21/21 23/23/23
f 23/23/23 21/21/21 24/24/24
f 23/23/23 24/24/24 25/25/25
f 23/23/23 25/25/25 26/26/26
f 27/27/27 26/26/26 25/25/25
f 27/27/27 28/28/28 26/26/26
f 3/3/3 2/2/2 29/29/29
f 29/29/29 2/2/2 30/30/30
f 29/29/29 30/30/30 31/31/31
f 31/31/31 30/30/30 32/32/32
f 31/31/31 32/32/32 33/33/33
f 33/33/33 32/32/32 34/34/34
f 35/35/35 33/33/33 34/34/34
f 36/36/36 33/33/33 35/35/35
f 35/35/35 37/37/37 36/36/36
f 38/38/38 37/37/37 35/35/35
f 39/39/39 36/36/36 37/37/37
f 40/40/40 41/41/41 42/42/42
f 43/43/43 42/42/42 41/41/41
f 41/41/41 44/44/44 43/43/43
f 45/45/45 43/43/43 44/44/44
f 46/46/46 45/45/45 44/44/44
f 47/47/47 46/46/46 44/44/44
f 48/48/48 46/46/46 47/47/47
f 49/49/49 48/48/48 47/47/47
f 50/50/50 49/49/49 47/47/47
f 49/49/49 50/50/50 51/51/51
f 50/50/50 52/52/52 51/51/51
f 53/53/53 54/54/54 55/55/55
f 54/54/54 53/53/53 56/56/56
f 56/56/56 57/57/57 54/54/54
f 57/57/57 56/56/56 58/58/58
f 57/57/57 58/58/58 59/59/59
f 57/57/57 59/59/59 60/60/60
f 60/60/60 59/59/59 61/61/61
f 60/60/60 61/61/61 62/62/62
f 60/60/60 62/62/62 63/63/63
f 64/64/64 63/63/63 62/62/62
f 64/64/64 65/65/65 63/63/63
f 66/66/66 67/67/67 68/68/68
f 69/69/69 68/68/68 67/67/67
f 67/67/67 70/70/70 69/69/69
f 71/71/71 69/69/69 70/70/70
f 72/72/72 71/71/71 70/70/70
f 73/73/73 72/72/72 70/70/70
f 74/74/74 72/72/72 73/73/73
f 75/75/75 74/74/74 73/73/73
f 76/76/76 75/75/75 73/73/73
f 75/75/75 76/76/76 77/77/77
f 76/76/76 78/78/78 77/77/77
f 79/79/79 80/80/80 81/81/81
f 82/82/82 79/79/79 81/81/81
f 83/83/83 82/82/82 81/81/81
f 83/83/83 81/81/81 84/84/84
f 82/82/82 85/85/85 79/79/79
f 84/84/84 86/86/86 83/83/83
f 83/83/83 85/85/85 82/82/82
f 87/87/87 83/83/83 86/86/86
f 87/87/87 85/85/85 83/83/83
f 88/88/88 85/85/85 87/87/87
f 88/88/88 87/87/87 86/86/86
f 89/89/89 88/88/88 86/86/86
f 88/88/88 89/89/89 90/90/90
f 91/91/91 85/85/85 88/88/88
f 85/85/85 91/91/91 92/92/92
f 90/90/90 91/91/91 88/88/88
f 91/91/91 90/90/90 92/92/92
f 93/93/93 94/94/94 95/95/95
f 96/96/96 95/95/95 94/94/94
f 95/95/95 96/96/96 97/97/97
f 94/94/94 98/98/98 96/96/96
f 99/99/99 97/97/97 96/96/96
f 97/97/97 99/99/99 100/100/100
f 101/101/101 96/96/96 98/98/98
f 102/102/102 100/100/100 99/99/99
f 101/101/101 103/103/103 96/96/96
f 99/99/99 96/96/96 103/103/103
f 103/103/103 104/104/104 99/99/99
f 102/102/102 99/99/99 104/104/104
f 102/102/102 104/104/104 105/105/105
f 100/100/100 102/102/102 105/105/105
f 106/106/106 100/100/100 105/105/105
f 106/106/106 105/105/105 107/107/107
f 108/108/108 106/106/106 107/107/107
f 105/105/105 109/109/109 107/107/107
f 104/104/104 109/109/109 105/105/105
f 108/108/108 107/107/107 110/110/110
f 111/111/111 108/108/108 110/110/110
f 109/109/109 112/112/112 107/107/107
f 107/107/107 112/112/112 110/110/110
f 112/112/112 113/113/113 110/110/110
f 112/112/112 114/114/114 113/113/113
f 112/112/112 109/109/109 115/115/115
f 115/115/115 114/114/114 112/112/112
f 115/115/115 109/109/109 116/116/116
f 104/104/104 116/116/116 109/109/109
f 117/117/117 116/116/116 104/104/104
f 104/104/104 118/118/118 117/117/117
f 103/103/103 118/118/118 104/104/104
f 103/103/103 119/119/119 118/118/118
f 101/101/101 119/119/119 103/103/103
f 101/101/101 120/120/120 119/119/119
f 98/98/98 120/120/120 101/101/101
f 121/121/121 122/122/122 123/123/123
f 124/124/124 121/121/121 123/123/123
f 124/124/124 123/123/123 125/125/125
f 126/126/126 124/124/124 125/125/125
f 126/126/126 125/125/125 127/127/127
f 128/128/128 126/126/126 127/127/127
f 126/126/126 129/129/129 124/124/124
f 129/129/129 126/126/126 128/128/128
f 124/124/124 129/129/129 121/121/121
f 121/121/121 129/129/129 130/130/130
f 131/131/131 121/121/121 130/130/130
f 129/129/129 128/128/128 132/132/132
f 132/132/132 130/130/130 129/129/129
f 132/132/132 128/128/128 133/133/133
f 133/133/133 128/128/128 134/134/134
f 135/135/135 132/132/132 133/133/133
f 130/130/130 132/132/132 135/135/135
f 136/136/136 130/130/130 135/135/135
f 130/130/130 136/136/136 131/131/131
f 137/137/137 131/131/131 136/136/136
f 138/138/138 135/135/135 133/133/133
f 138/138/138 136/136/136 135/135/135
f 138/138/138 139/139/139 136/136/136
f 136/136/136 140/140/140 137/137/137
f 141/141/141 136/136/136 142/142/142
f 143/143/143 140/140/140 136/136/136
f 144/144/144 136/136/136 141/141/141
f 143/143/143 136/136/136 145/145/145
f 146/146/146 136/136/136 144/144/144
f 145/145/145 136/136/136 147/147/147
f 148/148/148 136/136/136 146/146/146
f 147/147/147 136/136/136 149/149/149
f 148/148/148 150/150/150 136/136/136
f 150/150/150 149/149/149 136/136/136
f 138/138/138 151/151/151 139/139/139
f 133/133/133 151/151/151 138/138/138
f 151/151/151 133/133/133 134/134/134
f 139/139/139 151/151/151 152/152/152
f 153/153/153 152/152/152 151/151/151
f 151/151/151 134/134/134 153/153/153
f 134/134/134 154/154/154 153/153/153
f 153/153/153 154/154/154 155/155/155
f 152/152/152 156/156/156 139/139/139
f 156/156/156 152/152/152 157/157/157
f 152/152/152 153/153/153 157/157/157
f 157/157/157 153/153/153 155/155/155
f 155/155/155 158/158/158 157/157/157
f 158/158/158 156/156/156 157/157/157
f 158/158/158 159/159/159 156/156/156
f 160/160/160 156/156/156 159/159/159
f 158/158/158 161/161/161 159/159/159
f 162/162/162 156/156/156 160/160/160
f 163/163/163 156/156/156 162/162/162
f 164/164/164 165/165/165 156/156/156
f 166/166/166 156/156/156 163/163/163
f 167/167/167 164/164/164 156/156/156
f 168/168/168 156/156/156 166/166/166
f 169/169/169 167/167/167 156/156/156
f 170/170/170 156/156/156 168/168/168
f 171/171/171 169/169/169 156/156/156
f 172/172/172 171/171/171 156/156/156
f 172/172/172 156/156/156 170/170/170
f 155/155/155 173/173/173 158/158/158
f 173/173/173 155/155/155 154/154/154
f 158/158/158 173/173/173 161/161/161
f 174/174/174 173/173/173 154/154/154
f 161/161/161 173/173/173 175/175/175
f 174/174/174 175/175/175 173/173/173
f 174/174/174 154/154/154 176/176/176
f 161/161/161 175/175/175 177/177/177
f 178/178/178 161/161/161 177/177/177
f 179/179/179 174/174/174 176/176/176
f 179/179/179 177/177/177 175/175/175
f 174/174/174 179/179/179 175/175/175
f 180/180/180 80/80/80 79/79/79
f 180/180/180 79/79/79 181/181/181
f 79/79/79 85/85/85 181/181/181
f 180/180/180 181/181/181 182/182/182
f 183/183/183 180/180/180 182/182/182
f 182/182/182 184/184/184 183/183/183
f 181/181/181 85/85/85 182/182/182
f 184/184/184 182/182/182 185/185/185
f 182/182/182 85/85/85 185/185/185
f 185/185/185 85/85/85 186/186/186
f 184/184/184 185/185/185 186/186/186
f 184/184/184 186/186/186 187/187/187
f 188/188/188 187/187/187 186/186/186
f 186/186/186 85/85/85 188/188/188
f 92/92/92 188/188/188 85/85/85
f 189/189/189 94/94/94 93/93/93
f 190/190/190 98/98/98 94/94/94
f 94/94/94 189/189/189 190/190/190
f 191/191/191 190/190/190 189/189/189
f 190/190/190 191/191/191 192/192/192
f 193/193/193 192/192/192 191/191/191
f 98/98/98 190/190/190 194/194/194
f 192/192/192 193/193/193 195/195/195
f 190/190/190 196/196/196 194/194/194
f 196/196/196 190/190/190 192/192/192
f 194/194/194 120/120/120 98/98/98
f 197/197/197 120/120/120 194/194/194
f 196/196/196 197/197/197 194/194/194
f 198/198/198 197/197/197 196/196/196
f 199/199/199 198/198/198 196/196/196
f 200/200/200 198/198/198 199/199/199
f 199/199/199 201/201/201 200/200/200
f 192/192/192 199/199/199 196/196/196
f 199/199/199 192/192/192 195/195/195
f 202/202/202 201/201/201 199/199/199
f 203/203/203 195/195/195 193/193/193
f 203/203/203 199/199/199 195/195/195
f 203/203/203 193/193/193 204/204/204
f 203/203/203 202/202/202 199/199/199
f 205/205/205 202/202/202 203/203/203
f 205/205/205 203/203/203 204/204/204
f 205/205/205 204/204/204 206/206/206
f 110/110/110 206/206/206 111/111/111
f 110/110/110 205/205/205 206/206/206
f 110/110/110 207/207/207 205/205/205
f 110/110/110 113/113/113 207/207/207
f 205/205/205 207/207/207 202/202/202
f 113/113/113 114/114/114 207/207/207
f 207/207/207 114/114/114 208/208/208
f 201/201/201 202/202/202 208/208/208
f 208/208/208 202/202/202 207/207/207
f 209/209/209 210/210/210 211/211/211
f 209/209/209 211/211/211 212/212/212
f 213/213/213 209/209/209 212/212/212
f 213/213/213 212/212/212 214/214/214
f 215/215/215 213/213/213 214/214/214
f 215/215/215 214/214/214 216/216/216
f 216/216/216 214/214/214 217/217/217
f 212/212/212 217/217/217 214/214/214
f 211/211/211 217/217/217 212/212/212
f 218/218/218 217/217/217 211/211/211
f 218/218/218 211/211/211 219/219/219
f 217/217/217 218/218/218 220/220/220
f 220/220/220 216/216/216 217/217/217
f 221/221/221 216/216/216 220/220/220
f 222/222/222 216/216/216 221/221/221
f 223/223/223 220/220/220 218/218/218
f 221/221/221 220/220/220 223/223/223
f 223/223/223 218/218/218 224/224/224
f 219/219/219 224/224/224 218/218/218
f 224/224/224 219/219/219 225/225/225
f 223/223/223 224/224/224 226/226/226
f 221/221/221 223/223/223 226/226/226
f 224/224/224 227/227/227 226/226/226
f 225/225/225 228/228/228 224/224/224
f 229/229/229 224/224/224 230/230/230
f 224/224/224 228/228/228 231/231/231
f 230/230/230 224/224/224 232/232/232
f 233/233/233 224/224/224 231/231/231
f 232/232/232 224/224/224 234/234/234
f 235/235/235 224/224/224 233/233/233
f 234/234/234 224/224/224 236/236/236
f 237/237/237 224/224/224 235/235/235
f 224/224/224 237/237/237 238/238/238
f 224/224/224 238/238/238 236/236/236
f 227/227/227 239/239/239 226/226/226
f 226/226/226 239/239/239 221/221/221
f 222/222/222 221/221/221 239/239/239
f 240/240/240 239/239/239 227/227/227
f 239/239/239 240/240/240 241/241/241
f 241/241/241 222/222/222 239/239/239
f 241/241/241 242/242/242 222/222/222
f 243/243/243 242/242/242 241/241/241
f 227/227/227 244/244/244 240/240/240
f 245/245/245 241/241/241 240/240/240
f 245/245/245 240/240/240 244/244/244
f 243/243/243 241/241/241 245/245/245
f 245/245/245 246/246/246 243/243/243
f 245/245/245 244/244/244 246/246/246
f 244/244/244 247/247/247 246/246/246
f 247/247/247 244/244/244 248/248/248
f 247/247/247 249/249/249 246/246/246
f 248/248/248 244/244/244 250/250/250
f 250/250/250 244/244/244 251/251/251
f 244/244/244 252/252/252 253/253/253
f 251/251/251 244/244/244 254/254/254
f 244/244/244 253/253/253 255/255/255
f 254/254/254 244/244/244 256/256/256
f 244/244/244 255/255/255 257/257/257
f 256/256/256 244/244/244 258/258/258
f 244/244/244 257/257/257 259/259/259
f 258/258/258 244/244/244 260/260/260
f 244/244/244 259/259/259 260/260/260
f 242/242/242 243/243/243 261/261/261
f 246/246/246 261/261/261 243/243/243
f 249/249/249 261/261/261 246/246/246
f 242/242/242 261/261/261 262/262/262
f 261/261/261 263/263/263 262/262/262
f 263/263/263 261/261/261 249/249/249
f 264/264/264 242/242/242 262/262/262
f 263/263/263 265/265/265 262/262/262
f 264/264/264 262/262/262 265/265/265
f 263/263/263 266/266/266 265/265/265
f 266/266/266 263/263/263 249/249/249
f 266/266/266 249/249/249 267/267/267
f 268/268/268 269/269/269 270/270/270
f 271/271/271 270/270/270 272/272/272
f 271/271/271 272/272/272 273/273/273
f 274/274/274 275/275/275 276/276/276
f 274/274/274 276/276/276 277/277/277
f 278/278/278 277/277/277 276/276/276
f 277/277/277 278/278/278 279/279/279
f 280/280/280 277/277/277 279/279/279
f 280/280/280 279/279/279 281/281/281
f 282/282/282 280/280/280 281/281/281
f 283/283/283 282/282/282 281/281/281
f 284/284/284 283/283/283 281/281/281
f 285/285/285 283/283/283 284/284/284
f 286/286/286 285/285/285 284/284/284
f 287/287/287 285/285/285 286/286/286
f 288/288/288 289/289/289 290/290/290
f 288/288/288 291/291/291 289/289/289
f 292/292/292 289/289/289 291/291/291
f 292/292/292 291/291/291 293/293/293
f 294/294/294 292/292/292 293/293/293
f 294/294/294 293/293/293 295/295/295
f 293/293/293 296/296/296 295/295/295
f 296/296/296 297/297/297 295/295/295
f 297/297/297 298/298/298 295/295/295
f 295/295/295 298/298/298 299/299/299
f 300/300/300 299/299/299 298/298/298
f 298/298/298 301/301/301 300/300/300
f 301/301/301 298/298/298 302/302/302
f 303/303/303 304/304/304 305/305/305
f 306/306/306 307/307/307 308/308/308
f 307/307/307 309/309/309 308/308/308
f 309/309/309 310/310/310 308/308/308
f 309/309/309 311/311/311 310/310/310
f 311/311/311 312/312/312 310/310/310
f 312/312/312 311/311/311 313/313/313
f 314/314/314 313/313/313 311/311/311
f 314/314/314 315/315/315 313/313/313
f 315/315/315 316/316/316 313/313/313
f 316/316/316 315/315/315 317/317/317
f 318/318/318 317/317/317 315/315/315
f 318/318/318 319/319/319 317/317/317
f 319/319/319 320/320/320 317/317/317
f 319/319/319 321/321/321 320/320/320
f 321/321/321 322/322/322 320/320/320
f 321/321/321 323/323/323 322/322/322
f 323/323/323 324/324/324 322/322/322
f 323/323/323 325/325/325 324/324/324
f 325/325/325 326/326/326 324/324/324
f 326/326/326 325/325/325 327/327/327
f 328/328/328 327/327/327 325/325/325
f 327/327/327 328/328/328 329/329/329
f 330/330/330 331/331/331 332/332/332
f 333/333/333 332/332/332 331/331/331
f 332/332/332 333/333/333 334/334/334
f 335/335/335 336/336/336 334/334/334
f 270/270/270 337/337/337 268/268/268
f 337/337/337 270/270/270 338/338/338
f 271/271/271 338/338/338 270/270/270
f 339/339/339 271/271/271 273/273/273
f 340/340/340 339/339/339 273/273/273
f 340/340/340 273/273/273 275/275/275
f 274/274/274 340/340/340 275/275/275
f 341/341/341 287/287/287 290/290/290
f 285/285/285 287/287/287 341/341/341
f 341/341/341 290/290/290 342/342/342
f 289/289/289 342/342/342 290/290/290
f 343/343/343 289/289/289 292/292/292
f 294/294/294 343/343/343 292/292/292
f 295/295/295 299/299/299 344/344/344
f 345/345/345 299/299/299 346/346/346
f 300/300/300 346/346/346 299/299/299
f 347/347/347 304/304/304 303/303/303
f 304/304/304 347/347/347 348/348/348
f 304/304/304 349/349/349 350/350/350
f 349/349/349 304/304/304 348/348/348
f 351/351/351 306/306/306 350/350/350
f 351/351/351 350/350/350 349/349/349
f 307/307/307 306/306/306 351/351/351
f 325/325/325 352/352/352 328/328/328
f 353/353/353 328/328/328 352/352/352
f 353/353/353 329/329/329 328/328/328
f 353/353/353 331/331/331 329/329/329
f 353/353/353 354/354/354 331/331/331
f 355/355/355 331/331/331 354/354/354
f 333/333/333 331/331/331 355/355/355
f 333/333/333 356/356/356 334/334/334
f 356/356/356 335/335/335 334/334/334
f 356/356/356 357/357/357 335/335/335
f 52/52/52 50/50/50 358/358/358
f 359/359/359 358/358/358 50/50/50
f 358/358/358 359/359/359 360/360/360
f 361/361/361 358/358/358 360/360/360
f 47/47/47 359/359/359 50/50/50
f 361/361/361 360/360/360 362/362/362
f 363/363/363 362/362/362 360/360/360
f 47/47/47 44/44/44 364/364/364
f 364/364/364 359/359/359 47/47/47
f 359/359/359 365/365/365 360/360/360
f 359/359/359 364/364/364 365/365/365
f 360/360/360 365/365/365 363/363/363
f 364/364/364 366/366/366 365/365/365
f 365/365/365 366/366/366 367/367/367
f 365/365/365 367/367/367 363/363/363
f 364/364/364 44/44/44 368/368/368
f 41/41/41 368/368/368 44/44/44
f 369/369/369 368/368/368 41/41/41
f 364/364/364 368/368/368 366/366/366
f 368/368/368 369/369/369 370/370/370
f 366/366/366 371/371/371 367/367/367
f 366/366/366 368/368/368 371/371/371
f 368/368/368 370/370/370 371/371/371
f 371/371/371 370/370/370 372/372/372
f 370/370/370 373/373/373 372/372/372
f 367/367/367 371/371/371 374/374/374
f 371/371/371 372/372/372 374/374/374
f 54/54/54 372/372/372 373/373/373
f 57/57/57 372/372/372 54/54/54
f 374/374/374 372/372/372 375/375/375
f 372/372/372 57/57/57 375/375/375
f 375/375/375 57/57/57 60/60/60
f 376/376/376 374/374/374 375/375/375
f 363/363/363 367/367/367 376/376/376
f 367/367/367 374/374/374 376/376/376
f 60/60/60 377/377/377 375/375/375
f 376/376/376 375/375/375 377/377/377
f 63/63/63 377/377/377 60/60/60
f 378/378/378 376/376/376 377/377/377
f 378/378/378 362/362/362 363/363/363
f 363/363/363 376/376/376 378/378/378
f 362/362/362 378/378/378 379/379/379
f 380/380/380 63/63/63 65/65/65
f 378/378/378 380/380/380 379/379/379
f 378/378/378 377/377/377 380/380/380
f 63/63/63 380/380/380 377/377/377
f 381/381/381 26/26/26 28/28/28
f 26/26/26 381/381/381 382/382/382
f 383/383/383 382/382/382 381/381/381
f 383/383/383 381/381/381 384/384/384
f 26/26/26 382/382/382 23/23/23
f 385/385/385 383/383/383 384/384/384
f 383/383/383 385/385/385 386/386/386
f 387/387/387 18/18/18 23/23/23
f 23/23/23 382/382/382 387/387/387
f 383/383/383 388/388/388 382/382/382
f 388/388/388 387/387/387 382/382/382
f 386/386/386 388/388/388 383/383/383
f 388/388/388 389/389/389 387/387/387
f 390/390/390 389/389/389 388/388/388
f 386/386/386 390/390/390 388/388/388
f 391/391/391 18/18/18 387/387/387
f 18/18/18 391/391/391 15/15/15
f 15/15/15 391/391/391 392/392/392
f 389/389/389 391/391/391 387/387/387
f 393/393/393 392/392/392 391/391/391
f 390/390/390 394/394/394 389/389/389
f 394/394/394 391/391/391 389/389/389
f 394/394/394 393/393/393 391/391/391
f 395/395/395 393/393/393 394/394/394
f 395/395/395 396/396/396 393/393/393
f 397/397/397 395/395/395 394/394/394
f 397/397/397 394/394/394 390/390/390
f 396/396/396 395/395/395 67/67/67
f 67/67/67 395/395/395 70/70/70
f 398/398/398 395/395/395 397/397/397
f 398/398/398 70/70/70 395/395/395
f 73/73/73 70/70/70 398/398/398
f 398/398/398 397/397/397 399/399/399
f 399/399/399 390/390/390 386/386/386
f 399/399/399 397/397/397 390/390/390
f 398/398/398 400/400/400 73/73/73
f 400/400/400 398/398/398 399/399/399
f 73/73/73 400/400/400 76/76/76
f 400/400/400 399/399/399 401/401/401
f 386/386/386 385/385/385 401/401/401
f 401/401/401 399/399/399 386/386/386
f 402/402/402 401/401/401 385/385/385
f 402/402/402 403/403/403 401/401/401
f 78/78/78 76/76/76 403/403/403
f 403/403/403 400/400/400 401/401/401
f 400/400/400 403/403/403 76/76/76
f 404/404/404 405/405/405 406/406/406
f 404/404/404 407/407/407 405/405/405
f 408/408/408 404/404/404 406/406/406
f 404/404/404 409/409/409 407/407/407
f 408/408/408 410/410/410 404/404/404
f 404/404/404 411/411/411 409/409/409
f 412/412/412 411/411/411 404/404/404
f 412/412/412 413/413/413 411/411/411
f 404/404/404 414/414/414 412/412/412
f 404/404/404 410/410/410 414/414/414
f 415/415/415 416/416/416 417/417/417
f 418/418/418 415/415/415 417/417/417
f 417/417/417 419/419/419 418/418/418
f 420/420/420 415/415/415 418/418/418
f 419/419/419 421/421/421 418/418/418
f 422/422/422 420/420/420 418/418/418
f 423/423/423 422/422/422 418/418/418
f 424/424/424 423/423/423 418/418/418
f 424/424/424 418/418/418 425/425/425
f 418/418/418 421/421/421 425/425/425
f 426/426/426 427/427/427 428/428/428
f 429/429/429 426/426/426 428/428/428
f 426/426/426 429/429/429 430/430/430
f 429/429/429 431/431/431 430/430/430
f 431/431/431 432/432/432 430/430/430
f 430/430/430 432/432/432 433/433/433
f 432/432/432 434/434/434 433/433/433
f 434/434/434 435/435/435 433/433/433
f 436/436/436 437/437/437 438/438/438
f 439/439/439 436/436/436 438/438/438
f 436/436/436 439/439/439 440/440/440
f 439/439/439 441/441/441 440/440/440
f 441/441/441 442/442/442 440/440/440
f 442/442/442 443/443/443 440/440/440
f 442/442/442 444/444/444 443/443/443
f 444/444/444 445/445/445 443/443/443
f 446/446/446 447/447/447 448/448/448
f 446/446/446 448/448/448 449/449/449
f 450/450/450 446/446/446 449/449/449
f 450/450/450 449/449/449 451/451/451
f 450/450/450 451/451/451 452/452/452
f 450/450/450 452/452/452 453/453/453
f 454/454/454 453/453/453 452/452/452
f 454/454/454 455/455/455 453/453/453
f 456/456/456 457/457/457 458/458/458
f 456/456/456 458/458/458 459/459/459
f 456/456/456 459/459/459 460/460/460
f 460/460/460 459/459/459 461/461/461
f 460/460/460 461/461/461 462/462/462
f 460/460/460 462/462/462 463/463/463
f 464/464/464 463/463/463 462/462/462
f 464/464/464 465/465/465 463/463/463
f 466/466/446 467/467/466 468/468/447
f 466/466/446 469/469/467 467/467/466
f 470/470/468 469/469/467 466/466/446
f 470/470/468 471/471/469 469/469/467
f 470/470/468 472/472/470 471/471/469
f 470/470/468 473/473/471 472/472/470
f 474/474/472 472/472/470 473/473/471
f 474/474/472 473/473/471 475/475/455
f 476/476/473 477/477/474 478/478/457
f 476/476/473 479/479/475 477/477/474
f 479/479/475 476/476/473 480/480/476
f 480/480/476 481/481/477 479/479/475
f 480/480/476 482/482/478 481/481/477
f 480/480/476 483/483/479 482/482/478
f 484/484/480 482/482/478 483/483/479
f 484/484/480 483/483/479 485/485/465
f 486/486/481 487/487/482 488/488/483
f 486/486/481 489/489/484 487/487/482
f 486/486/481 490/490/485 489/489/484
f 491/491/486 490/490/485 486/486/481
f 491/491/486 492/492/487 490/490/485
f 493/493/488 492/492/487 491/491/486
f 493/493/488 494/494/489 492/492/487
f 495/495/490 494/494/489 493/493/488
f 495/495/490 496/496/491 494/494/489
f 497/497/492 496/496/491 495/495/490
f 497/497/492 498/498/493 496/496/491
f 499/499/494 498/498/493 497/497/492
f 499/499/494 500/500/495 498/498/493
f 501/501/496 500/500/495 499/499/494
f 501/501/496 502/502/497 500/500/495
f 503/503/498 502/502/497 501/501/496
f 503/503/498 504/504/499 502/502/497
f 505/505/500 504/504/499 503/503/498
f 505/505/500 506/506/501 504/504/499
f 506/506/501 505/505/500 507/507/502
f 508/508/503 506/506/501 507/507/502
f 509/509/504 508/508/503 507/507/502
f 509/509/504 510/510/505 508/508/503
f 509/509/504 511/511/506 510/510/505
f 511/511/506 512/512/507 510/510/505
f 511/511/506 513/513/508 512/512/507
f 511/511/506 514/514/509 513/513/508
f 514/514/509 515/515/510 513/513/508
f 516/516/511 515/515/510 514/514/509
f 516/516/511 517/517/512 515/515/510
f 518/518/513 517/517/512 516/516/511
f 518/518/513 519/519/514 517/517/512
f 518/518/513 520/520/515 519/519/514
f 521/521/516 520/520/515 518/518/513
f 522/522/517 520/520/515 521/521/516
f 522/522/517 523/523/518 520/520/515
f 524/524/519 525/525/520 526/526/521
f 527/527/522 524/524/519 526/526/521
f 528/528/523 524/524/519 527/527/522
f 529/529/524 524/524/519 528/528/523
f 530/530/525 529/529/524 528/528/523
f 531/531/526 530/530/525 528/528/523
f 532/532/527 530/530/525 531/531/526
f 533/533/528 532/532/527 531/531/526
f 534/534/529 532/532/527 533/533/528
f 534/534/529 533/533/528 535/535/530
f 536/536/531 534/534/529 535/535/530
f 537/537/532 536/536/531 535/535/530
f 537/537/532 535/535/530 538/538/533
f 539/539/534 537/537/532 538/538/533
f 538/538/533 540/540/535 539/539/534
f 540/540/535 541/541/536 539/539/534
f 540/540/535 542/542/500 541/541/536
f 543/543/537 541/541/536 542/542/500
f 544/544/538 543/543/537 542/542/500
f 545/545/539 543/543/537 544/544/538
f 546/546/540 545/545/539 544/544/538
f 547/547/541 545/545/539 546/546/540
f 548/548/542 547/547/541 546/546/540
f 549/549/543 547/547/541 548/548/542
f 550/550/544 549/549/543 548/548/542
f 551/551/545 549/549/543 550/550/544
f 552/552/546 551/551/545 550/550/544
f 553/553/547 551/551/545 552/552/546
f 554/554/548 553/553/547 552/552/546
f 555/555/549 553/553/547 554/554/548
f 556/556/550 553/553/547 555/555/549
f 557/557/551 556/556/550 555/555/549
f 558/558/552 556/556/550 557/557/551
f 559/559/553 558/558/552 557/557/551
f 560/560/483 559/559/553 557/557/551
f 561/561/554 562/562/555 563/563/556
f 564/564/557 561/561/554 563/563/556
f 565/565/558 561/561/554 564/564/557
f 566/566/559 561/561/554 565/565/558
f 567/567/560 566/566/559 565/565/558
f 568/568/561 567/567/560 565/565/558
f 569/569/562 567/567/560 568/568/561
f 570/570/563 569/569/562 568/568/561
f 571/571/564 569/569/562 570/570/563
f 571/571/564 570/570/563 572/572/565
f 573/573/566 571/571/564 572/572/565
f 574/574/567 573/573/566 572/572/565
f 574/574/567 572/572/565 575/575/568
f 576/576/569 574/574/567 575/575/568
f 577/577/570 576/576/569 575/575/568
f 577/577/570 578/578/571 576/576/569
f 577/577/570 579/579/572 578/578/571
f 580/580/573 578/578/571 579/579/572
f 581/581/574 580/580/573 579/579/572
f 582/582/575 580/580/573 581/581/574
f 583/583/576 582/582/575 581/581/574
f 584/584/577 582/582/575 583/583/576
f 585/585/578 584/584/577 583/583/576
f 586/586/579 584/584/577 585/585/578
f 587/587/580 586/586/579 585/585/578
f 588/588/581 586/586/579 587/587/580
f 589/589/582 588/588/581 587/587/580
f 590/590/583 588/588/581 589/589/582
f 591/591/584 590/590/583 589/589/582
f 592/592/585 590/590/583 591/591/584
f 593/593/586 590/590/583 592/592/585
f 594/594/587 593/593/586 592/592/585
f 595/595/588 593/593/586 594/594/587
f 596/596/589 595/595/588 594/594/587
f 597/597/590 596/596/589 594/594/587
f 598/598/591 599/599/592 600/600/590
f 598/598/591 601/601/593 599/599/592
f 598/598/591 602/602/594 601/601/593
f 603/603/595 602/602/594 598/598/591
f 603/603/595 604/604/596 602/602/594
f 605/605/597 604/604/596 603/603/595
f 605/605/597 606/606/598 604/604/596
f 607/607/599 606/606/598 605/605/597
f 607/607/599 608/608/600 606/606/598
f 609/609/601 608/608/600 607/607/599
f 609/609/601 610/610/602 608/608/600
f 611/611/603 610/610/602 609/609/601
f 611/611/603 612/612/604 610/610/602
f 613/613/605 612/612/604 611/611/603
f 613/613/605 614/614/606 612/612/604
f 615/615/607 614/614/606 613/613/605
f 615/615/607 616/616/608 614/614/606
f 617/617/572 616/616/608 615/615/607
f 617/617/572 618/618/609 616/616/608
f 618/618/609 617/617/572 619/619/610
f 620/620/611 618/618/609 619/619/610
f 620/620/611 619/619/610 621/621/612
f 621/621/612 622/622/613 620/620/611
f 621/621/612 623/623/614 622/622/613
f 623/623/614 624/624/615 622/622/613
f 623/623/614 625/625/616 624/624/615
f 623/623/614 626/626/617 625/625/616
f 626/626/617 627/627/618 625/625/616
f 628/628/619 627/627/618 626/626/617
f 628/628/619 629/629/620 627/627/618
f 630/630/621 629/629/620 628/628/619
f 630/630/621 631/631/622 629/629/620
f 630/630/621 632/632/623 631/631/622
f 633/633/624 632/632/623 630/630/621
f 634/634/625 632/632/623 633/633/624
f 634/634/625 635/635/626 632/632/623
f 636/636/627 637/637/628 638/638/629
f 639/639/630 640/640/631 641/641/632
f 642/642/633 640/640/631 639/639/630
f 643/643/634 640/640/631 642/642/633
f 644/644/635 645/645/636 646/646/637
f 647/647/638 644/644/635 646/646/637
f 647/647/638 646/646/637 648/648/639
f 649/649/640 647/647/638 648/648/639
f 650/650/641 649/649/640 648/648/639
f 651/651/642 652/652/643 653/653/644
f 654/654/645 651/651/642 653/653/644
f 655/655/646 651/651/642 654/654/645
f 656/656/647 655/655/646 654/654/645
f 657/657/648 655/655/646 656/656/647
f 658/658/649 657/657/648 656/656/647
f 659/659/650 657/657/648 658/658/649
f 660/660/651 659/659/650 658/658/649
f 661/661/652 662/662/653 663/663/654
f 661/661/652 664/664/655 662/662/653
f 665/665/656 664/664/655 661/661/652
f 665/665/656 666/666/657 664/664/655
f 667/667/658 666/666/657 665/665/656
f 667/667/658 668/668/659 666/666/657
f 669/669/660 668/668/659 667/667/658
f 669/669/660 670/670/661 668/668/659
f 671/671/662 672/672/663 673/673/664
f 671/671/662 674/674/665 672/672/663
f 675/675/666 674/674/665 671/671/662
f 675/675/666 676/676/667 674/674/665
f 677/677/668 676/676/667 675/675/666
f 677/677/668 678/678/669 676/676/667
f 679/679/670 678/678/669 677/677/668
f 679/679/670 680/680/643 678/678/669
f 681/681/671 682/682/661 683/683/672
f 684/684/673 681/681/671 683/683/672
f 685/685/674 681/681/671 684/684/673
f 686/686/675 685/685/674 684/684/673
f 687/687/676 685/685/674 686/686/675
f 688/688/677 687/687/676 686/686/675
f 689/689/678 687/687/676 688/688/677
f 690/690/679 689/689/678 688/688/677
f 660/660/651 691/691/680 659/659/650
f 692/692/681 691/691/680 660/660/651
f 692/692/681 693/693/682 691/691/680
f 694/694/683 693/693/682 692/692/681
f 694/694/683 695/695/684 693/693/682
f 696/696/685 695/695/684 694/694/683
f 696/696/685 697/697/686 695/695/684
f 698/698/687 699/699/688 700/700/689
f 701/701/690 698/698/687 700/700/689
f 702/702/691 698/698/687 701/701/690
f 703/703/692 702/702/691 701/701/690
f 704/704/693 702/702/691 703/703/692
f 705/705/694 704/704/693 703/703/692
f 706/706/695 704/704/693 705/705/694
f 707/707/654 706/706/695 705/705/694
f 708/708/696 709/709/686 710/710/697
f 711/711/698 708/708/696 710/710/697
f 712/712/699 708/708/696 711/711/698
f 713/713/700 712/712/699 711/711/698
f 714/714/701 712/712/699 713/713/700
f 672/672/663 714/714/701 673/673/664
f 673/673/664 714/714/701 713/713/700
f 715/715/702 716/716/703 717/717/704
f 715/715/702 718/718/705 716/716/703
f 719/719/706 718/718/705 715/715/702
f 719/719/706 720/720/707 718/718/705
f 721/721/708 720/720/707 719/719/706
f 721/721/708 722/722/709 720/720/707
f 723/723/710 722/722/709 721/721/708
f 723/723/710 724/724/688 722/722/709
f 725/725/711 726/726/712 727/727/713
f 728/728/714 725/725/711 727/727/713
f 729/729/715 728/728/714 727/727/713
f 730/730/716 728/728/714 729/729/715
f 731/731/717 730/730/716 729/729/715
f 732/732/718 730/730/716 731/731/717
f 733/733/719 732/732/718 731/731/717
f 734/734/720 735/735/721 736/736/679
f 734/734/720 737/737/722 735/735/721
f 738/738/723 737/737/722 734/734/720
f 738/738/723 739/739/667 737/737/722
f 740/740/668 739/739/667 738/738/723
f 740/740/668 741/741/724 739/739/667
f 742/742/670 741/741/724 740/740/668
f 742/742/670 743/743/643 741/741/724
f 744/744/652 745/745/653 746/746/725
f 744/744/652 747/747/726 745/745/653
f 748/748/727 747/747/726 744/744/652
f 748/748/727 749/749/728 747/747/726
f 750/750/729 749/749/728 748/748/727
f 750/750/729 726/726/712 749/749/728
f 727/727/713 726/726/712 750/750/729
f 751/751/730 752/752/643 753/753/731
f 754/754/732 751/751/730 753/753/731
f 755/755/733 751/751/730 754/754/732
f 756/756/734 755/755/733 754/754/732
f 757/757/735 755/755/733 756/756/734
f 758/758/736 757/757/735 756/756/734
f 759/759/737 757/757/735 758/758/736
f 760/760/654 759/759/737 758/758/736
f 733/733/719 761/761/738 732/732/718
f 762/762/739 761/761/738 733/733/719
f 762/762/739 763/763/740 761/761/738
f 764/764/741 763/763/740 762/762/739
f 764/764/741 765/765/742 763/763/740
f 766/766/743 765/765/742 764/764/741
f 766/766/743 767/767/688 765/765/742
f 768/768/696 769/769/686 770/770/697
f 771/771/698 768/768/696 770/770/697
f 772/772/699 768/768/696 771/771/698
f 773/773/744 772/772/699 771/771/698
f 774/774/745 772/772/699 773/773/744
f 775/775/746 774/774/745 773/773/744
f 776/776/747 774/774/745 775/775/746
f 777/777/679 776/776/747 775/775/746
f 778/778/748 779/779/688 780/780/749
f 781/781/750 782/782/751 783/783/752
f 784/784/753 781/781/750 783/783/752
f 785/785/754 786/786/755 782/782/751
f 782/782/751 786/786/755 783/783/752
f 787/787/756 788/788/757 785/785/754
f 785/785/754 788/788/757 786/786/755
f 778/778/748 788/788/757 787/787/756
f 780/780/749 789/789/758 778/778/748
f 778/778/748 789/789/758 788/788/757
f 790/790/445 791/791/759 792/792/443
f 791/791/759 793/793/760 792/792/443
f 792/792/443 793/793/760 794/794/761
f 793/793/760 795/795/762 794/794/761
f 795/795/762 796/796/763 794/794/761
f 796/796/763 797/797/764 794/794/761
f 797/797/764 796/796/763 798/798/765
f 799/799/437 797/797/764 798/798/765
f 800/800/435 801/801/766 802/802/767
f 801/801/766 803/803/768 802/802/767
f 804/804/769 802/802/767 803/803/768
f 803/803/768 805/805/770 804/804/769
f 805/805/770 806/806/771 804/804/769
f 806/806/771 807/807/772 804/804/769
f 807/807/772 806/806/771 808/808/773
f 809/809/427 807/807/772 808/808/773
f 638/638/629 810/810/774 636/636/627
f 636/636/627 810/810/774 641/641/632
f 810/810/774 639/639/630 641/641/632
f 643/643/634 642/642/633 811/811/775
f 812/812/776 645/645/636 644/644/635
f 649/649/640 650/650/641 813/813/777
f 650/650/641 814/814/778 813/813/777
f 815/815/779 816/816/780 817/817/781
f 818/818/782 817/817/781 816/816/780
f 818/818/782 819/819/783 817/817/781
f 819/819/783 820/820/784 817/817/781
f 819/819/783 821/821/785 820/820/784
f 821/821/785 819/819/783 822/822/786
f 821/821/785 822/822/786 823/823/787
f 821/821/785 823/823/787 824/824/788
f 823/823/787 825/825/789 824/824/788
f 825/825/789 826/826/790 824/824/788
f 826/826/790 825/825/789 827/827/791
f 825/825/789 828/828/792 827/827/791
f 829/829/793 830/830/794 831/831/795
f 832/832/796 831/831/795 830/830/794
f 833/833/797 832/832/796 830/830/794
f 834/834/798 833/833/797 830/830/794
f 833/833/797 834/834/798 835/835/799
f 833/833/797 835/835/799 836/836/800
f 836/836/800 835/835/799 837/837/801
f 837/837/801 835/835/799 838/838/802
f 837/837/801 838/838/802 839/839/803
f 838/838/802 840/840/804 839/839/803
f 840/840/804 841/841/805 839/839/803
f 841/841/805 842/842/806 839/839/803
f 843/843/807 844/844/808 845/845/809
f 844/844/808 843/843/807 846/846/810
f 843/843/807 847/847/783 846/846/810
f 843/843/807 848/848/784 847/847/783
f 848/848/784 849/849/785 847/847/783
f 850/850/786 847/847/783 849/849/785
f 851/851/811 850/850/786 849/849/785
f 852/852/812 851/851/811 849/849/785
f 852/852/812 853/853/789 851/851/811
f 852/852/812 854/854/813 853/853/789
f 855/855/791 853/853/789 854/854/813
f 855/855/791 856/856/814 853/853/789
f 857/857/815 858/858/816 859/859/817
f 858/858/816 857/857/815 860/860/818
f 858/858/816 860/860/818 861/861/819
f 858/858/816 861/861/819 862/862/798
f 863/863/799 862/862/798 861/861/819
f 864/864/800 863/863/799 861/861/819
f 865/865/820 863/863/799 864/864/800
f 866/866/821 863/863/799 865/865/820
f 867/867/803 866/866/821 865/865/820
f 867/867/803 868/868/822 866/866/821
f 867/867/803 869/869/805 868/868/822
f 867/867/803 870/870/823 869/869/805
f 871/871/824 872/872/825 873/873/826
f 874/874/827 872/872/825 871/871/824
f 871/871/824 875/875/828 874/874/827
f 876/876/829 875/875/828 871/871/824
f 877/877/830 876/876/829 871/871/824
f 876/876/829 877/877/830 878/878/831
f 879/879/832 878/878/831 877/877/830
f 879/879/832 880/880/833 878/878/831
f 878/878/831 880/880/833 881/881/834
f 882/882/835 878/878/831 881/881/834
f 882/882/835 881/881/834 883/883/836
f 884/884/837 882/882/835 883/883/836
f 884/884/837 883/883/836 885/885/838
f 886/886/839 885/885/838 883/883/836
f 885/885/838 886/886/839 887/887/840
f 888/888/841 885/885/838 887/887/840
f 885/885/838 888/888/841 889/889/842
f 890/890/843 889/889/842 888/888/841
f 887/887/840 891/891/844 888/888/841
f 892/892/845 888/888/841 891/891/844
f 893/893/846 894/894/847 895/895/848
f 895/895/848 894/894/847 896/896/849
f 896/896/849 897/897/850 895/895/848
f 895/895/848 897/897/850 898/898/851
f 899/899/852 895/895/848 898/898/851
f 900/900/853 899/899/852 898/898/851
f 899/899/852 900/900/853 901/901/854
f 900/900/853 902/902/855 901/901/854
f 903/903/856 902/902/855 900/900/853
f 903/903/856 900/900/853 904/904/857
f 905/905/858 903/903/856 904/904/857
f 905/905/858 904/904/857 906/906/20
f 906/906/20 904/904/857 907/907/859
f 908/908/860 905/905/858 906/906/20
f 909/909/861 908/908/860 906/906/20
f 905/905/858 908/908/860 910/910/862
f 911/911/863 910/910/862 908/908/860
f 911/911/863 908/908/860 912/912/864
f 913/913/865 912/912/864 908/908/860
f 912/912/864 913/913/865 914/914/866
f 912/912/864 915/915/844 911/911/863
f 915/915/844 912/912/864 916/916/845
f 917/917/867 918/918/868 919/919/869
f 919/919/869 918/918/868 920/920/870
f 920/920/870 921/921/871 919/919/869
f 919/919/869 921/921/871 922/922/872
f 923/923/873 919/919/869 922/922/872
f 924/924/874 923/923/873 922/922/872
f 923/923/873 924/924/874 925/925/875
f 924/924/874 926/926/876 925/925/875
f 927/927/877 926/926/876 924/924/874
f 927/927/877 924/924/874 928/928/878
f 929/929/879 927/927/877 928/928/878
f 929/929/879 928/928/878 930/930/880
f 931/931/881 929/929/879 930/930/880
f 929/929/879 931/931/881 932/932/882
f 933/933/883 932/932/882 931/931/881
f 933/933/883 931/931/881 934/934/884
f 935/935/885 934/934/884 931/931/881
f 934/934/884 935/935/885 936/936/886
f 934/934/884 937/937/887 933/933/883
f 937/937/887 934/934/884 938/938/888
f 939/939/889 940/940/890 941/941/891
f 942/942/892 940/940/890 939/939/889
f 939/939/889 943/943/893 942/942/892
f 944/944/894 943/943/893 939/939/889
f 945/945/895 944/944/894 939/939/889
f 944/944/894 945/945/895 946/946/896
f 947/947/897 946/946/896 945/945/895
f 947/947/897 948/948/898 946/946/896
f 946/946/896 948/948/898 949/949/899
f 950/950/900 946/946/896 949/949/899
f 950/950/900 949/949/899 951/951/901
f 952/952/902 950/950/900 951/951/901
f 952/952/902 951/951/901 953/953/903
f 954/954/904 953/953/903 951/951/901
f 953/953/903 954/954/904 955/955/905
f 956/956/906 953/953/903 955/955/905
f 953/953/903 956/956/906 957/957/907
f 958/958/908 957/957/907 956/956/906
f 955/955/905 959/959/887 956/956/906
f 960/960/888 956/956/906 959/959/887
f 961/961/909 962/962/910 963/963/911
f 962/962/910 964/964/912 963/963/911
f 962/962/910 965/965/913 966/966/914
f 964/964/912 962/962/910 966/966/914
f 967/967/915 968/968/916 969/969/917
f 967/967/915 970/970/918 968/968/916
f 971/971/919 972/972/920 970/970/918
f 972/972/920 968/968/916 970/970/918
f 973/973/921 965/965/913 962/962/910
f 974/974/922 970/970/918 967/967/915
f 975/975/923 976/976/924 977/977/925
f 976/976/924 975/975/923 978/978/926
f 977/977/925 979/979/927 975/975/923
f 975/975/923 980/980/928 978/978/926
f 978/978/926 980/980/928 981/981/929
f 979/979/927 982/982/930 975/975/923
f 981/981/929 980/980/928 983/983/931
f 984/984/932 975/975/923 982/982/930
f 983/983/931 980/980/928 985/985/933
f 975/975/923 986/986/934 980/980/928
f 975/975/923 984/984/932 986/986/934
f 987/987/935 986/986/934 984/984/932
f 980/980/928 988/988/936 985/985/933
f 986/986/934 989/989/937 980/980/928
f 980/980/928 989/989/937 988/988/936
f 986/986/934 987/987/935 989/989/937
f 989/989/937 990/990/938 988/988/936
f 989/989/937 991/991/939 990/990/938
f 991/991/939 989/989/937 987/987/935
f 991/991/939 992/992/940 990/990/938
f 993/993/941 994/994/942 995/995/943
f 996/996/944 995/995/943 994/994/942
f 995/995/943 997/997/945 993/993/941
f 996/996/944 998/998/946 995/995/943
f 999/999/947 998/998/946 996/996/944
f 995/995/943 1000/1000/948 997/997/945
f 1001/1001/949 998/998/946 999/999/947
f 1000/1000/948 995/995/943 1002/1002/950
f 1003/1003/951 1002/1002/950 995/995/943
f 998/998/946 1003/1003/951 995/995/943
f 1002/1002/950 1003/1003/951 1004/1004/952
f 1005/1005/953 998/998/946 1001/1001/949
f 998/998/946 1006/1006/954 1003/1003/951
f 1006/1006/954 1004/1004/952 1003/1003/951
f 1004/1004/952 1006/1006/954 1007/1007/955
f 1005/1005/953 1008/1008/956 998/998/946
f 1008/1008/956 1006/1006/954 998/998/946
f 1009/1009/957 1007/1007/955 1006/1006/954
f 1008/1008/956 1009/1009/957 1006/1006/954
f 1009/1009/957 1010/1010/958 1007/1007/955
f 1011/1011/959 1012/1012/960 1013/1013/961
f 1014/1014/962 1013/1013/961 1012/1012/960
f 1013/1013/961 1015/1015/963 1011/1011/959
f 1014/1014/962 1016/1016/964 1013/1013/961
f 1017/1017/965 1016/1016/964 1014/1014/962
f 1013/1013/961 1018/1018/966 1015/1015/963
f 1019/1019/967 1016/1016/964 1017/1017/965
f 1018/1018/966 1013/1013/961 1020/1020/968
f 1021/1021/969 1020/1020/968 1013/1013/961
f 1016/1016/964 1021/1021/969 1013/1013/961
f 1020/1020/968 1021/1021/969 1022/1022/970
f 1023/1023/971 1016/1016/964 1019/1019/967
f 1016/1016/964 1024/1024/972 1021/1021/969
f 1024/1024/972 1022/1022/970 1021/1021/969
f 1022/1022/970 1024/1024/972 1025/1025/973
f 1023/1023/971 1026/1026/974 1016/1016/964
f 1026/1026/974 1024/1024/972 1016/1016/964
f 1027/1027/975 1025/1025/973 1024/1024/972
f 1026/1026/974 1027/1027/975 1024/1024/972
f 1027/1027/975 1028/1028/940 1025/1025/973
f 1029/1029/976 1030/1030/977 1031/1031/978
f 1030/1030/977 1029/1029/976 1032/1032/979
f 1031/1031/978 1033/1033/980 1029/1029/976
f 1029/1029/976 1034/1034/981 1032/1032/979
f 1032/1032/979 1034/1034/981 1035/1035/982
f 1033/1033/980 1036/1036/983 1029/1029/976
f 1035/1035/982 1034/1034/981 1037/1037/984
f 1038/1038/985 1029/1029/976 1036/1036/983
f 1037/1037/984 1034/1034/981 1039/1039/986
f 1029/1029/976 1040/1040/987 1034/1034/981
f 1029/1029/976 1038/1038/985 1040/1040/987
f 1041/1041/988 1040/1040/987 1038/1038/985
f 1034/1034/981 1042/1042/989 1039/1039/986
f 1040/1040/987 1043/1043/990 1034/1034/981
f 1034/1034/981 1043/1043/990 1042/1042/989
f 1040/1040/987 1041/1041/988 1043/1043/990
f 1043/1043/990 1044/1044/991 1042/1042/989
f 1043/1043/990 1045/1045/992 1044/1044/991
f 1045/1045/992 1043/1043/990 1041/1041/988
f 1045/1045/992 1046/1046/958 1044/1044/991
f 1047/1047/993 1048/1048/994 1049/1049/995
f 1050/1050/996 1049/1049/995 1048/1048/994
f 1049/1049/995 1051/1051/997 1047/1047/993
f 1050/1050/996 1052/1052/998 1049/1049/995
f 1053/1053/999 1052/1052/998 1050/1050/996
f 1049/1049/995 1054/1054/1000 1051/1051/997
f 1055/1055/1001 1052/1052/998 1053/1053/999
f 1054/1054/1000 1049/1049/995 1056/1056/1002
f 1057/1057/1003 1056/1056/1002 1049/1049/995
f 1052/1052/998 1057/1057/1003 1049/1049/995
f 1056/1056/1002 1057/1057/1003 1058/1058/1004
f 1059/1059/1005 1052/1052/998 1055/1055/1001
f 1052/1052/998 1060/1060/1006 1057/1057/1003
f 1060/1060/1006 1058/1058/1004 1057/1057/1003
f 1058/1058/1004 1060/1060/1006 1061/1061/1007
f 1059/1059/1005 1062/1062/1008 1052/1052/998
f 1062/1062/1008 1060/1060/1006 1052/1052/998
f 1063/1063/1009 1061/1061/1007 1060/1060/1006
f 1062/1062/1008 1063/1063/1009 1060/1060/1006
f 1063/1063/1009 1064/1064/1010 1061/1061/1007
f 1065/1065/1011 1066/1066/1012 1067/1067/1013
f 1066/1066/1012 1065/1065/1011 1068/1068/1014
f 1067/1067/1013 1069/1069/1015 1065/1065/1011
f 1065/1065/1011 1070/1070/1016 1068/1068/1014
f 1068/1068/1014 1070/1070/1016 1071/1071/1017
f 1069/1069/1015 1072/1072/1018 1065/1065/1011
f 1071/1071/1017 1070/1070/1016 1073/1073/1019
f 1074/1074/1020 1065/1065/1011 1072/1072/1018
f 1073/1073/1019 1070/1070/1016 1075/1075/1021
f 1065/1065/1011 1076/1076/1022 1070/1070/1016
f 1065/1065/1011 1074/1074/1020 1076/1076/1022
f 1077/1077/1023 1076/1076/1022 1074/1074/1020
f 1070/1070/1016 1078/1078/1024 1075/1075/1021
f 1076/1076/1022 1079/1079/1025 1070/1070/1016
f 1070/1070/1016 1079/1079/1025 1078/1078/1024
f 1076/1076/1022 1077/1077/1023 1079/1079/1025
f 1079/1079/1025 1080/1080/1026 1078/1078/1024
f 1079/1079/1025 1081/1081/1027 1080/1080/1026
f 1081/1081/1027 1079/1079/1025 1077/1077/1023
f 1081/1081/1027 1082/1082/1028 1080/1080/1026
f 1083/1083/1029 1084/1084/1030 1085/1085/1031
f 1084/1084/1030 1083/1083/1029 1086/1086/1032
f 1085/1085/1031 1087/1087/1033 1083/1083/1029
f 1083/1083/1029 1088/1088/1034 1086/1086/1032
f 1086/1086/1032 1088/1088/1034 1089/1089/1035
f 1087/1087/1033 1090/1090/1036 1083/1083/1029
f 1089/1089/1035 1088/1088/1034 1091/1091/1037
f 1092/1092/1038 1083/1083/1029 1090/1090/1036
f 1091/1091/1037 1088/1088/1034 1093/1093/1039
f 1083/1083/1029 1092/1092/1038 1094/1094/1040
f 1083/1083/1029 1094/1094/1040 1088/1088/1034
f 1095/1095/1041 1094/1094/1040 1092/1092/1038
f 1088/1088/1034 1096/1096/1042 1093/1093/1039
f 1094/1094/1040 1097/1097/1043 1088/1088/1034
f 1088/1088/1034 1097/1097/1043 1096/1096/1042
f 1094/1094/1040 1095/1095/1041 1097/1097/1043
f 1097/1097/1043 1098/1098/1044 1096/1096/1042
f 1097/1097/1043 1099/1099/1045 1098/1098/1044
f 1099/1099/1045 1097/1097/1043 1095/1095/1041
f 1099/1099/1045 1100/1100/1010 1098/1098/1044
f 1101/1101/1046 1102/1102/1047 1103/1103/1048
f 1104/1104/1049 1103/1103/1048 1102/1102/1047
f 1103/1103/1048 1105/1105/1050 1101/1101/1046
f 1104/1104/1049 1106/1106/1051 1103/1103/1048
f 1107/1107/1052 1106/1106/1051 1104/1104/1049
f 1103/1103/1048 1108/1108/1053 1105/1105/1050
f 1109/1109/1054 1106/1106/1051 1107/1107/1052
f 1108/1108/1053 1103/1103/1048 1110/1110/1055
f 1111/1111/1056 1110/1110/1055 1103/1103/1048
f 1106/1106/1051 1111/1111/1056 1103/1103/1048
f 1110/1110/1055 1111/1111/1056 1112/1112/1057
f 1113/1113/1058 1106/1106/1051 1109/1109/1054
f 1106/1106/1051 1114/1114/1059 1111/1111/1056
f 1114/1114/1059 1112/1112/1057 1111/1111/1056
f 1112/1112/1057 1114/1114/1059 1115/1115/1060
f 1113/1113/1058 1116/1116/1061 1106/1106/1051
f 1116/1116/1061 1114/1114/1059 1106/1106/1051
f 1117/1117/1062 1115/1115/1060 1114/1114/1059
f 1116/1116/1061 1117/1117/1062 1114/1114/1059
f 1117/1117/1062 1118/1118/1028 1115/1115/1060
f 1119/1119/976 1120/1120/977 1121/1121/978
f 1120/1120/977 1119/1119/976 1122/1122/979
f 1121/1121/978 1123/1123/980 1119/1119/976
f 1119/1119/976 1124/1124/981 1122/1122/979
f 1122/1122/979 1124/1124/981 1125/1125/982
f 1123/1123/980 1126/1126/983 1119/1119/976
f 1125/1125/982 1124/1124/981 1127/1127/984
f 1128/1128/985 1119/1119/976 1126/1126/983
f 1127/1127/984 1124/1124/981 1129/1129/1063
f 1119/1119/976 1128/1128/985 1130/1130/1064
f 1119/1119/976 1130/1130/1064 1124/1124/981
f 1131/1131/988 1130/1130/1064 1128/1128/985
f 1124/1124/981 1132/1132/989 1129/1129/1063
f 1124/1124/981 1133/1133/1065 1132/1132/989
f 1130/1130/1064 1131/1131/988 1133/1133/1065
f 1130/1130/1064 1133/1133/1065 1124/1124/981
f 1133/1133/1065 1134/1134/991 1132/1132/989
f 1135/1135/992 1133/1133/1065 1131/1131/988
f 1133/1133/1065 1135/1135/992 1134/1134/991
f 1135/1135/992 1136/1136/958 1134/1134/991
f 1137/1137/959 1138/1138/960 1139/1139/1066
f 1140/1140/962 1139/1139/1066 1138/1138/960
f 1139/1139/1066 1141/1141/963 1137/1137/959
f 1140/1140/962 1142/1142/964 1139/1139/1066
f 1143/1143/965 1142/1142/964 1140/1140/962
f 1139/1139/1066 1144/1144/966 1141/1141/963
f 1145/1145/967 1142/1142/964 1143/1143/965
f 1144/1144/966 1139/1139/1066 1146/1146/968
f 1142/1142/964 1147/1147/1067 1139/1139/1066
f 1147/1147/1067 1146/1146/968 1139/1139/1066
f 1146/1146/968 1147/1147/1067 1148/1148/1068
f 1149/1149/1069 1142/1142/964 1145/1145/967
f 1150/1150/1070 1148/1148/1068 1147/1147/1067
f 1142/1142/964 1150/1150/1070 1147/1147/1067
f 1148/1148/1068 1150/1150/1070 1151/1151/973
f 1152/1152/974 1150/1150/1070 1142/1142/964
f 1149/1149/1069 1152/1152/974 1142/1142/964
f 1152/1152/974 1153/1153/975 1150/1150/1070
f 1153/1153/975 1151/1151/973 1150/1150/1070
f 1153/1153/975 1154/1154/940 1151/1151/973
f 1155/1155/941 1156/1156/942 1157/1157/1071
f 1158/1158/944 1157/1157/1071 1156/1156/942
f 1157/1157/1071 1159/1159/945 1155/1155/941
f 1158/1158/944 1160/1160/946 1157/1157/1071
f 1161/1161/947 1160/1160/946 1158/1158/944
f 1157/1157/1071 1162/1162/948 1159/1159/945
f 1163/1163/949 1160/1160/946 1161/1161/947
f 1162/1162/948 1157/1157/1071 1164/1164/950
f 1160/1160/946 1165/1165/1072 1157/1157/1071
f 1165/1165/1072 1164/1164/950 1157/1157/1071
f 1164/1164/950 1165/1165/1072 1166/1166/1073
f 1167/1167/1074 1160/1160/946 1163/1163/949
f 1168/1168/1075 1166/1166/1073 1165/1165/1072
f 1160/1160/946 1168/1168/1075 1165/1165/1072
f 1166/1166/1073 1168/1168/1075 1169/1169/955
f 1170/1170/956 1168/1168/1075 1160/1160/946
f 1167/1167/1074 1170/1170/956 1160/1160/946
f 1170/1170/956 1171/1171/957 1168/1168/1075
f 1171/1171/957 1169/1169/955 1168/1168/1075
f 1171/1171/957 1172/1172/958 1169/1169/955
f 1173/1173/1076 1174/1174/924 1175/1175/925
f 1174/1174/924 1173/1173/1076 1176/1176/926
f 1175/1175/925 1177/1177/927 1173/1173/1076
f 1173/1173/1076 1178/1178/928 1176/1176/926
f 1176/1176/926 1178/1178/928 1179/1179/929
f 1177/1177/927 1180/1180/930 1173/1173/1076
f 1179/1179/929 1178/1178/928 1181/1181/931
f 1182/1182/932 1173/1173/1076 1180/1180/930
f 1181/1181/931 1178/1178/928 1183/1183/1077
f 1173/1173/1076 1182/1182/932 1184/1184/1078
f 1173/1173/1076 1184/1184/1078 1178/1178/928
f 1185/1185/935 1184/1184/1078 1182/1182/932
f 1178/1178/928 1186/1186/936 1183/1183/1077
f 1178/1178/928 1187/1187/1079 1186/1186/936
f 1184/1184/1078 1185/1185/935 1187/1187/1079
f 1184/1184/1078 1187/1187/1079 1178/1178/928
f 1187/1187/1079 1188/1188/938 1186/1186/936
f 1189/1189/939 1187/1187/1079 1185/1185/935
f 1187/1187/1079 1189/1189/939 1188/1188/938
f 1189/1189/939 1190/1190/940 1188/1188/938
f 1191/1191/1046 1192/1192/1047 1193/1193/1080
f 1194/1194/1049 1193/1193/1080 1192/1192/1047
f 1193/1193/1080 1195/1195/1050 1191/1191/1046
f 1194/1194/1049 1196/1196/1051 1193/1193/1080
f 1197/1197/1052 1196/1196/1051 1194/1194/1049
f 1193/1193/1080 1198/1198/1053 1195/1195/1050
f 1199/1199/1054 1196/1196/1051 1197/1197/1052
f 1198/1198/1053 1193/1193/1080 1200/1200/1055
f 1196/1196/1051 1201/1201/1081 1193/1193/1080
f 1201/1201/1081 1200/1200/1055 1193/1193/1080
f 1200/1200/1055 1201/1201/1081 1202/1202/1082
f 1203/1203/1058 1196/1196/1051 1199/1199/1054
f 1196/1196/1051 1204/1204/1059 1201/1201/1081
f 1204/1204/1059 1202/1202/1082 1201/1201/1081
f 1202/1202/1082 1204/1204/1059 1205/1205/1060
f 1206/1206/1061 1204/1204/1059 1196/1196/1051
f 1203/1203/1058 1206/1206/1061 1196/1196/1051
f 1207/1207/1062 1205/1205/1060 1204/1204/1059
f 1206/1206/1061 1207/1207/1062 1204/1204/1059
f 1207/1207/1062 1208/1208/1028 1205/1205/1060
f 1209/1209/1083 1210/1210/1030 1211/1211/1031
f 1210/1210/1030 1209/1209/1083 1212/1212/1032
f 1211/1211/1031 1213/1213/1033 1209/1209/1083
f 1209/1209/1083 1214/1214/1034 1212/1212/1032
f 1212/1212/1032 1214/1214/1034 1215/1215/1035
f 1213/1213/1033 1216/1216/1036 1209/1209/1083
f 1215/1215/1035 1214/1214/1034 1217/1217/1037
f 1218/1218/1038 1209/1209/1083 1216/1216/1036
f 1217/1217/1037 1214/1214/1034 1219/1219/1039
f 1209/1209/1083 1218/1218/1038 1220/1220/1040
f 1209/1209/1083 1220/1220/1040 1214/1214/1034
f 1221/1221/1084 1220/1220/1040 1218/1218/1038
f 1214/1214/1034 1222/1222/1042 1219/1219/1039
f 1214/1214/1034 1223/1223/1085 1222/1222/1042
f 1220/1220/1040 1221/1221/1084 1223/1223/1085
f 1220/1220/1040 1223/1223/1085 1214/1214/1034
f 1223/1223/1085 1224/1224/1044 1222/1222/1042
f 1223/1223/1085 1225/1225/1045 1224/1224/1044
f 1225/1225/1045 1223/1223/1085 1221/1221/1084
f 1225/1225/1045 1226/1226/1010 1224/1224/1044
f 1227/1227/1086 1228/1228/1012 1229/1229/1013
f 1228/1228/1012 1227/1227/1086 1230/1230/1014
f 1229/1229/1013 1231/1231/1015 1227/1227/1086
f 1227/1227/1086 1232/1232/1016 1230/1230/1014
f 1230/1230/1014 1232/1232/1016 1233/1233/1017
f 1231/1231/1015 1234/1234/1018 1227/1227/1086
f 1233/1233/1017 1232/1232/1016 1235/1235/1019
f 1236/1236/1020 1227/1227/1086 1234/1234/1018
f 1235/1235/1019 1232/1232/1016 1237/1237/1021
f 1227/1227/1086 1238/1238/1022 1232/1232/1016
f 1227/1227/1086 1236/1236/1020 1238/1238/1022
f 1239/1239/1087 1238/1238/1022 1236/1236/1020
f 1232/1232/1016 1240/1240/1024 1237/1237/1021
f 1238/1238/1022 1241/1241/1025 1232/1232/1016
f 1232/1232/1016 1241/1241/1025 1240/1240/1024
f 1238/1238/1022 1239/1239/1087 1241/1241/1025
f 1241/1241/1025 1242/1242/1026 1240/1240/1024
f 1241/1241/1025 1243/1243/1027 1242/1242/1026
f 1243/1243/1027 1241/1241/1025 1239/1239/1087
f 1243/1243/1027 1244/1244/1028 1242/1242/1026
f 1245/1245/993 1246/1246/994 1247/1247/1088
f 1248/1248/996 1247/1247/1088 1246/1246/994
f 1247/1247/1088 1249/1249/997 1245/1245/993
f 1248/1248/996 1250/1250/998 1247/1247/1088
f 1251/1251/999 1250/1250/998 1248/1248/996
f 1247/1247/1088 1252/1252/1000 1249/1249/997
f 1253/1253/1001 1250/1250/998 1251/1251/999
f 1252/1252/1000 1247/1247/1088 1254/1254/1002
f 1255/1255/1003 1254/1254/1002 1247/1247/1088
f 1250/1250/998 1255/1255/1003 1247/1247/1088
f 1254/1254/1002 1255/1255/1003 1256/1256/1089
f 1257/1257/1005 1250/1250/998 1253/1253/1001
f 1250/1250/998 1258/1258/1006 1255/1255/1003
f 1258/1258/1006 1256/1256/1089 1255/1255/1003
f 1256/1256/1089 1258/1258/1006 1259/1259/1007
f 1257/1257/1005 1260/1260/1008 1250/1250/998
f 1260/1260/1008 1258/1258/1006 1250/1250/998
f 1261/1261/1009 1259/1259/1007 1258/1258/1006
f 1260/1260/1008 1261/1261/1009 1258/1258/1006
f 1261/1261/1009 1262/1262/1010 1259/1259/1007
f 1263/1263/1090 1264/1264/1091 1265/1265/1092
f 1265/1265/1092 1266/1266/1093 1263/1263/1090
f 1266/1266/1093 1267/1267/1094 1263/1263/1090
f 1267/1267/1094 1268/1268/1095 1263/1263/1090
f 1269/1269/1096 1263/1263/1090 1268/1268/1095
f 1263/1263/1090 1269/1269/1096 1270/1270/1097
f 1270/1270/1097 1271/1271/1098 1263/1263/1090
f 1272/1272/1099 1263/1263/1090 1271/1271/1098
f 1273/1273/1100 1263/1263/1090 1272/1272/1099
f 1274/1274/1101 1273/1273/1100 1272/1272/1099
f 1274/1274/1101 1272/1272/1099 1275/1275/1102
f 1274/1274/1101 1275/1275/1102 1276/1276/1103
f 1274/1274/1101 1276/1276/1103 1277/1277/1104
f 1274/1274/1101 1278/1278/1105 1279/1279/1106
f 1277/1277/1104 1280/1280/1107 1274/1274/1101
f 1278/1278/1105 1274/1274/1101 1281/1281/1108
f 1282/1282/1109 1281/1281/1108 1274/1274/1101
f 1280/1280/1107 1282/1282/1109 1274/1274/1101
f 1283/1283/1110 1284/1284/1111 1285/1285/1112
f 1285/1285/1112 1286/1286/1113 1283/1283/1110
f 1285/1285/1112 1287/1287/1114 1286/1286/1113
f 1285/1285/1112 1288/1288/1115 1287/1287/1114
f 1288/1288/1115 1285/1285/1112 1289/1289/1116
f 1290/1290/1117 1289/1289/1116 1285/1285/1112
f 1285/1285/1112 1291/1291/1118 1290/1290/1117
f 1291/1291/1118 1285/1285/1112 1292/1292/1119
f 1292/1292/1119 1285/1285/1112 1293/1293/1120
f 1292/1292/1119 1293/1293/1120 1294/1294/1121
f 1295/1295/1122 1296/1296/1123 1294/1294/1121
f 1296/1296/1123 1292/1292/1119 1294/1294/1121
f 1297/1297/1124 1295/1295/1122 1294/1294/1121
f 1298/1298/1125 1299/1299/1126 1294/1294/1121
f 1294/1294/1121 1300/1300/1127 1297/1297/1124
f 1301/1301/1128 1294/1294/1121 1299/1299/1126
f 1294/1294/1121 1302/1302/1129 1300/1300/1127
f 1294/1294/1121 1301/1301/1128 1302/1302/1129
f 1303/1303/1130 1304/1304/1131 1305/1305/1132
f 1305/1305/1132 1306/1306/1133 1303/1303/1130
f 1306/1306/1133 1307/1307/1134 1303/1303/1130
f 1307/1307/1134 1308/1308/1135 1303/1303/1130
f 1309/1309/1136 1303/1303/1130 1308/1308/1135
f 1303/1303/1130 1309/1309/1136 1310/1310/1137
f 1310/1310/1137 1311/1311/1138 1303/1303/1130
f 1312/1312/1139 1303/1303/1130 1311/1311/1138
f 1313/1313/1140 1303/1303/1130 1312/1312/1139
f 1314/1314/1141 1313/1313/1140 1312/1312/1139
f 1314/1314/1141 1312/1312/1139 1315/1315/1142
f 1314/1314/1141 1315/1315/1142 1316/1316/1143
f 1314/1314/1141 1316/1316/1143 1317/1317/1144
f 1314/1314/1141 1318/1318/1145 1319/1319/1146
f 1317/1317/1144 1320/1320/1147 1314/1314/1141
f 1318/1318/1145 1314/1314/1141 1321/1321/1148
f 1322/1322/1149 1321/1321/1148 1314/1314/1141
f 1320/1320/1147 1322/1322/1149 1314/1314/1141
f 1323/1323/1150 1324/1324/1151 1325/1325/1152
f 1325/1325/1152 1326/1326/1153 1323/1323/1150
f 1325/1325/1152 1327/1327/1154 1326/1326/1153
f 1325/1325/1152 1328/1328/1155 1327/1327/1154
f 1328/1328/1155 1325/1325/1152 1329/1329/1156
f 1330/1330/1157 1329/1329/1156 1325/1325/1152
f 1325/1325/1152 1331/1331/1158 1330/1330/1157
f 1331/1331/1158 1325/1325/1152 1332/1332/1159
f 1332/1332/1159 1325/1325/1152 1333/1333/1160
f 1332/1332/1159 1333/1333/1160 1334/1334/1161
f 1335/1335/1162 1336/1336/1163 1334/1334/1161
f 1336/1336/1163 1332/1332/1159 1334/1334/1161
f 1337/1337/1164 1335/1335/1162 1334/1334/1161
f 1338/1338/1165 1339/1339/1166 1334/1334/1161
f 1334/1334/1161 1340/1340/1167 1337/1337/1164
f 1341/1341/1168 1334/1334/1161 1339/1339/1166
f 1334/1334/1161 1342/1342/1169 1340/1340/1167
f 1334/1334/1161 1341/1341/1168 1342/1342/1169
f 1343/1343/1170 1344/1344/1171 1345/1345/1172
f 1344/1344/1171 1346/1346/1173 1345/1345/1172
f 1346/1346/1173 1344/1344/1171 1347/1347/1174
f 1348/1348/1175 1347/1347/1174 1344/1344/1171
f 1344/1344/1171 1349/1349/1176 1348/1348/1175
f 1350/1350/1177 1348/1348/1175 1349/1349/1176
f 1350/1350/1177 1351/1351/1178 1348/1348/1175
f 1348/1348/1175 1352/1352/1179 1347/1347/1174
f 1351/1351/1178 1352/1352/1179 1348/1348/1175
f 1352/1352/1179 1351/1351/1178 1353/1353/1180
f 1354/1354/1181 1353/1353/1180 1351/1351/1178
f 1354/1354/1181 1355/1355/1182 1353/1353/1180
f 1355/1355/1182 1356/1356/1183 1353/1353/1180
f 1353/1353/1180 1356/1356/1183 1357/1357/1184
f 1353/1353/1180 1357/1357/1184 1352/1352/1179
f 1358/1358/1185 1347/1347/1174 1352/1352/1179
f 1358/1358/1185 1352/1352/1179 1357/1357/1184
f 1356/1356/1183 1359/1359/1186 1360/1360/1187
f 1356/1356/1183 1361/1361/1188 1357/1357/1184
f 1361/1361/1188 1356/1356/1183 1360/1360/1187
f 1361/1361/1188 1360/1360/1187 1362/1362/1189
f 1363/1363/1190 1361/1361/1188 1362/1362/1189
f 1363/1363/1190 1362/1362/1189 1364/1364/1191
f 1357/1357/1184 1361/1361/1188 1365/1365/1192
f 1361/1361/1188 1363/1363/1190 1365/1365/1192
f 1366/1366/1193 1363/1363/1190 1364/1364/1191
f 1367/1367/1194 1366/1366/1193 1364/1364/1191
f 1366/1366/1193 1367/1367/1194 1368/1368/1195
f 1368/1368/1195 1367/1367/1194 1369/1369/1196
f 1365/1365/1192 1363/1363/1190 1370/1370/1197
f 1371/1371/1198 1357/1357/1184 1365/1365/1192
f 1371/1371/1198 1365/1365/1192 1370/1370/1197
f 1363/1363/1190 1366/1366/1193 1372/1372/1199
f 1372/1372/1199 1370/1370/1197 1363/1363/1190
f 1368/1368/1195 1369/1369/1196 1373/1373/1200
f 1368/1368/1195 1373/1373/1200 1374/1374/1201
f 1366/1366/1193 1368/1368/1195 1374/1374/1201
f 1372/1372/1199 1366/1366/1193 1374/1374/1201
f 1369/1369/1196 1375/1375/1202 1373/1373/1200
f 1376/1376/1203 1375/1375/1202 1369/1369/1196
f 1376/1376/1203 1377/1377/1204 1375/1375/1202
f 1375/1375/1202 1374/1374/1201 1373/1373/1200
f 1372/1372/1199 1374/1374/1201 1378/1378/1205
f 1379/1379/1206 1370/1370/1197 1372/1372/1199
f 1379/1379/1206 1372/1372/1199 1380/1380/1207
f 1372/1372/1199 1378/1378/1205 1380/1380/1207
f 1381/1381/1208 1379/1379/1206 1380/1380/1207
f 1382/1382/1209 1371/1371/1198 1370/1370/1197
f 1382/1382/1209 1370/1370/1197 1379/1379/1206
f 1383/1383/1210 1382/1382/1209 1379/1379/1206
f 1379/1379/1206 1381/1381/1208 1383/1383/1210
f 1381/1381/1208 1380/1380/1207 1384/1384/1211
f 1381/1381/1208 1384/1384/1211 1385/1385/1212
f 1383/1383/1210 1381/1381/1208 1385/1385/1212
f 1386/1386/1213 1383/1383/1210 1385/1385/1212
f 1386/1386/1213 1385/1385/1212 1387/1387/1214
f 1383/1383/1210 1386/1386/1213 1388/1388/1215
f 1384/1384/1211 1380/1380/1207 1389/1389/1216
f 1385/1385/1212 1384/1384/1211 1389/1389/1216
f 1388/1388/1215 1386/1386/1213 1390/1390/1217
f 1386/1386/1213 1387/1387/1214 1390/1390/1217
f 1383/1383/1210 1388/1388/1215 1382/1382/1209
f 1391/1391/1218 1388/1388/1215 1390/1390/1217
f 1392/1392/1219 1388/1388/1215 1391/1391/1218
f 1391/1391/1218 1390/1390/1217 1393/1393/1220
f 1387/1387/1214 1385/1385/1212 1394/1394/1221
f 1390/1390/1217 1387/1387/1214 1394/1394/1221
f 1392/1392/1219 1391/1391/1218 1395/1395/1222
f 1391/1391/1218 1393/1393/1220 1395/1395/1222
f 1396/1396/1223 1385/1385/1212 1389/1389/1216
f 1394/1394/1221 1385/1385/1212 1396/1396/1223
f 1397/1397/1224 1396/1396/1223 1389/1389/1216
f 1394/1394/1221 1396/1396/1223 1397/1397/1224
f 1398/1398/1225 1390/1390/1217 1394/1394/1221
f 1393/1393/1220 1390/1390/1217 1399/1399/1226
f 1390/1390/1217 1398/1398/1225 1399/1399/1226
f 1398/1398/1225 1400/1400/1227 1399/1399/1226
f 1398/1398/1225 1394/1394/1221 1400/1400/1227
f 1400/1400/1227 1394/1394/1221 1401/1401/1228
f 1401/1401/1228 1394/1394/1221 1397/1397/1224
f 1395/1395/1222 1393/1393/1220 1399/1399/1226
f 1399/1399/1226 1400/1400/1227 1402/1402/1229
f 1403/1403/1230 1395/1395/1222 1399/1399/1226
f 1400/1400/1227 1401/1401/1228 1404/1404/1231
f 1400/1400/1227 1404/1404/1231 1402/1402/1229
f 1403/1403/1230 1399/1399/1226 1405/1405/1232
f 1405/1405/1232 1399/1399/1226 1402/1402/1229
f 1406/1406/1233 1403/1403/1230 1405/1405/1232
f 1406/1406/1233 1395/1395/1222 1403/1403/1230
f 1407/1407/1234 1395/1395/1222 1406/1406/1233
f 1408/1408/1235 1395/1395/1222 1407/1407/1234
f 1408/1408/1235 1392/1392/1219 1395/1395/1222
f 1409/1409/1236 1407/1407/1234 1406/1406/1233
f 1408/1408/1235 1407/1407/1234 1409/1409/1236
f 1410/1410/1237 1409/1409/1236 1406/1406/1233
f 1411/1411/1238 1408/1408/1235 1409/1409/1236
f 1410/1410/1237 1406/1406/1233 1412/1412/1239
f 1411/1411/1238 1413/1413/1240 1408/1408/1235
f 1414/1414/1241 1406/1406/1233 1405/1405/1232
f 1412/1412/1239 1406/1406/1233 1414/1414/1241
f 1412/1412/1239 1414/1414/1241 1415/1415/1242
f 1416/1416/1243 1392/1392/1219 1408/1408/1235
f 1408/1408/1235 1413/1413/1240 1416/1416/1243
f 1416/1416/1243 1388/1388/1215 1392/1392/1219
f 1405/1405/1232 1402/1402/1229 1417/1417/1244
f 1414/1414/1241 1405/1405/1232 1417/1417/1244
f 1415/1415/1242 1414/1414/1241 1417/1417/1244
f 1415/1415/1242 1417/1417/1244 1418/1418/1245
f 1417/1417/1244 1419/1419/1246 1418/1418/1245
f 1419/1419/1246 1417/1417/1244 1420/1420/1247
f 1404/1404/1231 1417/1417/1244 1402/1402/1229
f 1404/1404/1231 1420/1420/1247 1417/1417/1244
f 1404/1404/1231 1421/1421/1248 1420/1420/1247
f 1421/1421/1248 1422/1422/1249 1420/1420/1247
f 1404/1404/1231 1401/1401/1228 1421/1421/1248
f 1422/1422/1249 1421/1421/1248 1423/1423/1250
f 1401/1401/1228 1397/1397/1224 1421/1421/1248
f 1424/1424/1251 1423/1423/1250 1421/1421/1248
f 1397/1397/1224 1425/1425/1252 1421/1421/1248
f 1425/1425/1252 1397/1397/1224 1389/1389/1216
f 1424/1424/1251 1421/1421/1248 1425/1425/1252
f 1426/1426/1253 1425/1425/1252 1389/1389/1216
f 1426/1426/1253 1424/1424/1251 1425/1425/1252
f 1380/1380/1207 1427/1427/1254 1389/1389/1216
f 1427/1427/1254 1426/1426/1253 1389/1389/1216
f 1426/1426/1253 1428/1428/1255 1424/1424/1251
f 1427/1427/1254 1380/1380/1207 1429/1429/1256
f 1427/1427/1254 1429/1429/1256 1426/1426/1253
f 1426/1426/1253 1429/1429/1256 1428/1428/1255
f 1380/1380/1207 1378/1378/1205 1429/1429/1256
f 1378/1378/1205 1374/1374/1201 1429/1429/1256
f 1430/1430/1257 1374/1374/1201 1375/1375/1202
f 1429/1429/1256 1374/1374/1201 1430/1430/1257
f 1429/1429/1256 1430/1430/1257 1431/1431/1258
f 1431/1431/1258 1430/1430/1257 1375/1375/1202
f 1428/1428/1255 1429/1429/1256 1431/1431/1258
f 1377/1377/1204 1432/1432/1259 1375/1375/1202
f 1432/1432/1259 1431/1431/1258 1375/1375/1202
f 1432/1432/1259 1377/1377/1204 1433/1433/1260
f 1434/1434/1261 1431/1431/1258 1432/1432/1259
f 1428/1428/1255 1431/1431/1258 1434/1434/1261
f 1433/1433/1260 1434/1434/1261 1432/1432/1259
f 1424/1424/1251 1428/1428/1255 1434/1434/1261
f 1424/1424/1251 1434/1434/1261 1423/1423/1250
f 1434/1434/1261 1433/1433/1260 1435/1435/1262
f 1434/1434/1261 1436/1436/1263 1423/1423/1250
f 1436/1436/1263 1434/1434/1261 1435/1435/1262
f 1345/1345/1172 1437/1437/1264 1343/1343/1170
f 1345/1345/1172 1438/1438/1265 1437/1437/1264
f 1439/1439/1266 1437/1437/1264 1438/1438/1265
f 1437/1437/1264 1439/1439/1266 1440/1440/1267
f 1440/1440/1267 1441/1441/1268 1437/1437/1264
f 1441/1441/1268 1440/1440/1267 1442/1442/1269
f 1440/1440/1267 1443/1443/1270 1442/1442/1269
f 1439/1439/1266 1444/1444/1271 1440/1440/1267
f 1440/1440/1267 1444/1444/1271 1443/1443/1270
f 1445/1445/1272 1443/1443/1270 1444/1444/1271
f 1443/1443/1270 1445/1445/1272 1446/1446/1273
f 1445/1445/1272 1447/1447/1274 1446/1446/1273
f 1445/1445/1272 1448/1448/1275 1447/1447/1274
f 1360/1360/1187 1359/1359/1186 1448/1448/1275
f 1449/1449/1276 1448/1448/1275 1445/1445/1272
f 1444/1444/1271 1449/1449/1276 1445/1445/1272
f 1449/1449/1276 1444/1444/1271 1450/1450/1277
f 1444/1444/1271 1439/1439/1266 1450/1450/1277
f 1360/1360/1187 1448/1448/1275 1451/1451/1278
f 1449/1449/1276 1451/1451/1278 1448/1448/1275
f 1452/1452/1279 1360/1360/1187 1451/1451/1278
f 1362/1362/1189 1360/1360/1187 1452/1452/1279
f 1364/1364/1191 1362/1362/1189 1452/1452/1279
f 1453/1453/1280 1452/1452/1279 1451/1451/1278
f 1449/1449/1276 1453/1453/1280 1451/1451/1278
f 1364/1364/1191 1452/1452/1279 1367/1367/1194
f 1454/1454/1281 1453/1453/1280 1449/1449/1276
f 1369/1369/1196 1367/1367/1194 1455/1455/1282
f 1456/1456/1283 1452/1452/1279 1453/1453/1280
f 1454/1454/1281 1456/1456/1283 1453/1453/1280
f 1457/1457/1284 1455/1455/1282 1367/1367/1194
f 1367/1367/1194 1452/1452/1279 1457/1457/1284
f 1452/1452/1279 1456/1456/1283 1457/1457/1284
f 1458/1458/1285 1455/1455/1282 1457/1457/1284
f 1458/1458/1285 1457/1457/1284 1459/1459/1286
f 1460/1460/1287 1459/1459/1286 1457/1457/1284
f 1457/1457/1284 1456/1456/1283 1460/1460/1287
f 1458/1458/1285 1461/1461/1288 1455/1455/1282
f 1461/1461/1288 1369/1369/1196 1455/1455/1282
f 1462/1462/1289 1458/1458/1285 1459/1459/1286
f 1461/1461/1288 1463/1463/1290 1369/1369/1196
f 1369/1369/1196 1463/1463/1290 1376/1376/1203
f 1463/1463/1290 1377/1377/1204 1376/1376/1203
f 1461/1461/1288 1458/1458/1285 1463/1463/1290
f 1464/1464/1291 1459/1459/1286 1460/1460/1287
f 1464/1464/1291 1462/1462/1289 1459/1459/1286
f 1433/1433/1260 1377/1377/1204 1465/1465/1292
f 1463/1463/1290 1465/1465/1292 1377/1377/1204
f 1463/1463/1290 1458/1458/1285 1466/1466/1293
f 1463/1463/1290 1466/1466/1293 1467/1467/1294
f 1463/1463/1290 1467/1467/1294 1465/1465/1292
f 1465/1465/1292 1467/1467/1294 1468/1468/1295
f 1465/1465/1292 1468/1468/1295 1433/1433/1260
f 1435/1435/1262 1433/1433/1260 1468/1468/1295
f 1435/1435/1262 1468/1468/1295 1469/1469/1296
f 1470/1470/1297 1469/1469/1296 1468/1468/1295
f 1468/1468/1295 1471/1471/1298 1472/1472/1299
f 1470/1470/1297 1468/1468/1295 1472/1472/1299
f 1468/1468/1295 1467/1467/1294 1471/1471/1298
f 1473/1473/1300 1470/1470/1297 1472/1472/1299
f 1470/1470/1297 1473/1473/1300 1474/1474/1301
f 1475/1475/1302 1474/1474/1301 1473/1473/1300
f 1476/1476/1303 1473/1473/1300 1472/1472/1299
f 1472/1472/1299 1471/1471/1298 1477/1477/1304
f 1476/1476/1303 1472/1472/1299 1477/1477/1304
f 1471/1471/1298 1478/1478/1305 1477/1477/1304
f 1467/1467/1294 1466/1466/1293 1478/1478/1305
f 1466/1466/1293 1458/1458/1285 1478/1478/1305
f 1478/1478/1305 1458/1458/1285 1462/1462/1289
f 1467/1467/1294 1478/1478/1305 1471/1471/1298
f 1477/1477/1304 1478/1478/1305 1479/1479/1306
f 1478/1478/1305 1462/1462/1289 1464/1464/1291
f 1478/1478/1305 1464/1464/1291 1479/1479/1306
f 1480/1480/1307 1479/1479/1306 1464/1464/1291
f 1480/1480/1307 1476/1476/1303 1477/1477/1304
f 1480/1480/1307 1477/1477/1304 1479/1479/1306
f 1480/1480/1307 1464/1464/1291 1481/1481/1308
f 1464/1464/1291 1460/1460/1287 1482/1482/1309
f 1481/1481/1308 1464/1464/1291 1482/1482/1309
f 1473/1473/1300 1476/1476/1303 1483/1483/1310
f 1480/1480/1307 1483/1483/1310 1476/1476/1303
f 1484/1484/1311 1482/1482/1309 1460/1460/1287
f 1460/1460/1287 1485/1485/1312 1484/1484/1311
f 1485/1485/1312 1456/1456/1283 1454/1454/1281
f 1460/1460/1287 1456/1456/1283 1485/1485/1312
f 1486/1486/1313 1482/1482/1309 1484/1484/1311
f 1486/1486/1313 1481/1481/1308 1482/1482/1309
f 1480/1480/1307 1481/1481/1308 1486/1486/1313
f 1454/1454/1281 1449/1449/1276 1450/1450/1277
f 1485/1485/1312 1454/1454/1281 1450/1450/1277
f 1487/1487/1314 1485/1485/1312 1450/1450/1277
f 1439/1439/1266 1487/1487/1314 1450/1450/1277
f 1487/1487/1314 1439/1439/1266 1488/1488/1315
f 1488/1488/1315 1439/1439/1266 1438/1438/1265
f 1489/1489/1316 1487/1487/1314 1488/1488/1315
f 1489/1489/1316 1485/1485/1312 1487/1487/1314
f 1485/1485/1312 1489/1489/1316 1484/1484/1311
f 1345/1345/1172 1413/1413/1240 1438/1438/1265
f 1413/1413/1240 1488/1488/1315 1438/1438/1265
f 1490/1490/1317 1413/1413/1240 1345/1345/1172
f 1491/1491/1318 1489/1489/1316 1488/1488/1315
f 1413/1413/1240 1491/1491/1318 1488/1488/1315
f 1491/1491/1318 1413/1413/1240 1411/1411/1238
f 1492/1492/1319 1489/1489/1316 1491/1491/1318
f 1409/1409/1236 1493/1493/1320 1411/1411/1238
f 1493/1493/1320 1491/1491/1318 1411/1411/1238
f 1409/1409/1236 1494/1494/1321 1493/1493/1320
f 1494/1494/1321 1495/1495/1322 1493/1493/1320
f 1495/1495/1322 1491/1491/1318 1493/1493/1320
f 1491/1491/1318 1496/1496/1323 1492/1492/1319
f 1495/1495/1322 1496/1496/1323 1491/1491/1318
f 1484/1484/1311 1489/1489/1316 1492/1492/1319
f 1495/1495/1322 1497/1497/1324 1496/1496/1323
f 1492/1492/1319 1498/1498/1325 1484/1484/1311
f 1486/1486/1313 1484/1484/1311 1498/1498/1325
f 1499/1499/1326 1498/1498/1325 1492/1492/1319
f 1497/1497/1324 1499/1499/1326 1496/1496/1323
f 1499/1499/1326 1492/1492/1319 1496/1496/1323
f 1500/1500/1327 1486/1486/1313 1498/1498/1325
f 1499/1499/1326 1500/1500/1327 1498/1498/1325
f 1501/1501/1328 1500/1500/1327 1499/1499/1326
f 1501/1501/1328 1486/1486/1313 1500/1500/1327
f 1502/1502/1329 1486/1486/1313 1501/1501/1328
f 1480/1480/1307 1486/1486/1313 1502/1502/1329
f 1480/1480/1307 1502/1502/1329 1483/1483/1310
f 1483/1483/1310 1502/1502/1329 1501/1501/1328
f 1501/1501/1328 1499/1499/1326 1503/1503/1330
f 1473/1473/1300 1483/1483/1310 1504/1504/1331
f 1483/1483/1310 1501/1501/1328 1504/1504/1331
f 1504/1504/1331 1501/1501/1328 1505/1505/1332
f 1505/1505/1332 1501/1501/1328 1503/1503/1330
f 1506/1506/1333 1503/1503/1330 1499/1499/1326
f 1506/1506/1333 1505/1505/1332 1503/1503/1330
f 1506/1506/1333 1499/1499/1326 1497/1497/1324
f 1507/1507/1334 1504/1504/1331 1505/1505/1332
f 1475/1475/1302 1473/1473/1300 1507/1507/1334
f 1473/1473/1300 1504/1504/1331 1507/1507/1334
f 1508/1508/1335 1505/1505/1332 1506/1506/1333
f 1508/1508/1335 1507/1507/1334 1505/1505/1332
f 1508/1508/1335 1509/1509/1336 1507/1507/1334
f 1418/1418/1245 1509/1509/1336 1415/1415/1242
f 1509/1509/1336 1475/1475/1302 1507/1507/1334
f 1418/1418/1245 1510/1510/1337 1509/1509/1336
f 1475/1475/1302 1509/1509/1336 1510/1510/1337
f 1509/1509/1336 1511/1511/1338 1415/1415/1242
f 1508/1508/1335 1506/1506/1333 1512/1512/1339
f 1509/1509/1336 1508/1508/1335 1512/1512/1339
f 1509/1509/1336 1512/1512/1339 1511/1511/1338
f 1415/1415/1242 1511/1511/1338 1412/1412/1239
f 1512/1512/1339 1506/1506/1333 1513/1513/1340
f 1511/1511/1338 1514/1514/1341 1412/1412/1239
f 1512/1512/1339 1514/1514/1341 1511/1511/1338
f 1512/1512/1339 1513/1513/1340 1514/1514/1341
f 1412/1412/1239 1514/1514/1341 1410/1410/1237
f 1514/1514/1341 1409/1409/1236 1410/1410/1237
f 1514/1514/1341 1494/1494/1321 1409/1409/1236
f 1506/1506/1333 1495/1495/1322 1513/1513/1340
f 1513/1513/1340 1495/1495/1322 1514/1514/1341
f 1514/1514/1341 1495/1495/1322 1494/1494/1321
f 1506/1506/1333 1497/1497/1324 1495/1495/1322
f 1515/1515/1342 1516/1516/1343 1517/1517/1344
f 1518/1518/1345 1517/1517/1344 1516/1516/1343
f 1518/1518/1345 1519/1519/1346 1517/1517/1344
f 1520/1520/1347 1517/1517/1344 1519/1519/1346
f 1518/1518/1345 1521/1521/1348 1519/1519/1346
f 1518/1518/1345 1516/1516/1343 1521/1521/1348
f 1516/1516/1343 1522/1522/654 1521/1521/1348
f 1520/1520/1347 1519/1519/1346 1523/1523/1349
f 1522/1522/654 1524/1524/1350 1521/1521/1348
f 1525/1525/1351 1523/1523/1349 1519/1519/1346
f 1526/1526/1352 1521/1521/1348 1524/1524/1350
f 1523/1523/1349 1525/1525/1351 1527/1527/1353
f 1528/1528/1354 1523/1523/1349 1527/1527/1353
f 1528/1528/1354 1527/1527/1353 1529/1529/1355
f 1525/1525/1351 1530/1530/800 1527/1527/1353
f 1525/1525/1351 1519/1519/1346 1530/1530/800
f 1519/1519/1346 1531/1531/1356 1530/1530/800
f 1531/1531/1356 1519/1519/1346 1521/1521/1348
f 1531/1531/1356 1521/1521/1348 1532/1532/1357
f 1531/1531/1356 1532/1532/1357 1530/1530/800
f 1526/1526/1352 1532/1532/1357 1521/1521/1348
f 1526/1526/1352 1533/1533/1358 1532/1532/1357
f 1526/1526/1352 1524/1524/1350 1533/1533/1358
f 1524/1524/1350 1534/1534/1359 1533/1533/1358
f 1534/1534/1359 1535/1535/1360 1533/1533/1358
f 1536/1536/1361 1530/1530/800 1532/1532/1357
f 1537/1537/1362 1532/1532/1357 1533/1533/1358
f 1532/1532/1357 1537/1537/1362 1538/1538/1363
f 1536/1536/1361 1532/1532/1357 1538/1538/1363
f 1533/1533/1358 1535/1535/1360 1539/1539/1364
f 1540/1540/1365 1537/1537/1362 1533/1533/1358
f 1537/1537/1362 1540/1540/1365 1538/1538/1363
f 1533/1533/1358 1539/1539/1364 1540/1540/1365
f 1539/1539/1364 1541/1541/1366 1540/1540/1365
f 1539/1539/1364 1535/1535/1360 1541/1541/1366
f 1535/1535/1360 1542/1542/1367 1541/1541/1366
f 1542/1542/1367 1543/1543/1368 1541/1541/1366
f 1543/1543/1368 1544/1544/1369 1541/1541/1366
f 1541/1541/1366 1544/1544/1369 1545/1545/1370
f 1544/1544/1369 1546/1546/1371 1545/1545/1370
f 1547/1547/1372 1545/1545/1370 1546/1546/1371
f 1541/1541/1366 1548/1548/1373 1540/1540/1365
f 1548/1548/1373 1541/1541/1366 1545/1545/1370
f 1545/1545/1370 1547/1547/1372 1549/1549/1374
f 1550/1550/1375 1549/1549/1374 1547/1547/1372
f 1550/1550/1375 1551/1551/1376 1549/1549/1374
f 1548/1548/1373 1545/1545/1370 1552/1552/1377
f 1549/1549/1374 1552/1552/1377 1545/1545/1370
f 1540/1540/1365 1548/1548/1373 1552/1552/1377
f 1552/1552/1377 1549/1549/1374 1553/1553/1378
f 1553/1553/1378 1549/1549/1374 1551/1551/1376
f 1551/1551/1376 1554/1554/1379 1553/1553/1378
f 1555/1555/1380 1553/1553/1378 1554/1554/1379
f 1556/1556/1381 1540/1540/1365 1552/1552/1377
f 1557/1557/1382 1552/1552/1377 1553/1553/1378
f 1538/1538/1363 1540/1540/1365 1556/1556/1381
f 1557/1557/1382 1558/1558/1383 1552/1552/1377
f 1556/1556/1381 1552/1552/1377 1558/1558/1383
f 1538/1538/1363 1556/1556/1381 1558/1558/1383
f 1555/1555/1380 1559/1559/1384 1553/1553/1378
f 1558/1558/1383 1557/1557/1382 1559/1559/1384
f 1557/1557/1382 1553/1553/1378 1559/1559/1384
f 1559/1559/1384 1555/1555/1380 1560/1560/1385
f 1561/1561/1386 1559/1559/1384 1560/1560/1385
f 1562/1562/1387 1563/1563/1388 1558/1558/1383
f 1562/1562/1387 1558/1558/1383 1559/1559/1384
f 1562/1562/1387 1559/1559/1384 1564/1564/1389
f 1561/1561/1386 1564/1564/1389 1559/1559/1384
f 1561/1561/1386 1560/1560/1385 1565/1565/1390
f 1564/1564/1389 1561/1561/1386 1565/1565/1390
f 1566/1566/1391 1565/1565/1390 1560/1560/1385
f 1563/1563/1388 1562/1562/1387 1564/1564/1389
f 1567/1567/1392 1564/1564/1389 1565/1565/1390
f 1568/1568/1393 1538/1538/1363 1558/1558/1383
f 1568/1568/1393 1558/1558/1383 1563/1563/1388
f 1568/1568/1393 1569/1569/1394 1538/1538/1363
f 1569/1569/1394 1568/1568/1393 1563/1563/1388
f 1536/1536/1361 1538/1538/1363 1569/1569/1394
f 1530/1530/800 1536/1536/1361 1569/1569/1394
f 1570/1570/1395 1527/1527/1353 1530/1530/800
f 1570/1570/1395 1530/1530/800 1569/1569/1394
f 1570/1570/1395 1571/1571/1396 1527/1527/1353
f 1570/1570/1395 1569/1569/1394 1571/1571/1396
f 1572/1572/1397 1569/1569/1394 1563/1563/1388
f 1572/1572/1397 1571/1571/1396 1569/1569/1394
f 1571/1571/1396 1572/1572/1397 1573/1573/1398
f 1572/1572/1397 1563/1563/1388 1573/1573/1398
f 1574/1574/1399 1529/1529/1355 1527/1527/1353
f 1574/1574/1399 1527/1527/1353 1571/1571/1396
f 1529/1529/1355 1574/1574/1399 1575/1575/1400
f 1574/1574/1399 1571/1571/1396 1575/1575/1400
f 1576/1576/1401 1529/1529/1355 1575/1575/1400
f 1576/1576/1401 1575/1575/1400 1577/1577/1402
f 1578/1578/679 1571/1571/1396 1573/1573/1398
f 1578/1578/679 1575/1575/1400 1571/1571/1396
f 1579/1579/1403 1577/1577/1402 1575/1575/1400
f 1575/1575/1400 1578/1578/679 1580/1580/1404
f 1579/1579/1403 1575/1575/1400 1580/1580/1404
f 1578/1578/679 1573/1573/1398 1580/1580/1404
f 1579/1579/1403 1580/1580/1404 1581/1581/1405
f 1579/1579/1403 1581/1581/1405 1577/1577/1402
f 1582/1582/1406 1577/1577/1402 1581/1581/1405
f 1582/1582/1406 1581/1581/1405 1583/1583/1407
f 1584/1584/1408 1580/1580/1404 1573/1573/1398
f 1585/1585/1409 1583/1583/1407 1581/1581/1405
f 1586/1586/1410 1581/1581/1405 1580/1580/1404
f 1583/1583/1407 1585/1585/1409 1587/1587/1411
f 1588/1588/1412 1583/1583/1407 1587/1587/1411
f 1585/1585/1409 1581/1581/1405 1589/1589/786
f 1581/1581/1405 1586/1586/1410 1589/1589/786
f 1585/1585/1409 1589/1589/786 1587/1587/1411
f 1588/1588/1412 1587/1587/1411 1590/1590/1413
f 1584/1584/1408 1591/1591/1414 1580/1580/1404
f 1586/1586/1410 1591/1591/1414 1589/1589/786
f 1586/1586/1410 1580/1580/1404 1591/1591/1414
f 1592/1592/1415 1590/1590/1413 1593/1593/1343
f 1594/1594/1416 1590/1590/1413 1587/1587/1411
f 1590/1590/1413 1594/1594/1416 1593/1593/1343
f 1594/1594/1416 1587/1587/1411 1595/1595/1417
f 1594/1594/1416 1595/1595/1417 1593/1593/1343
f 1596/1596/654 1593/1593/1343 1595/1595/1417
f 1596/1596/654 1595/1595/1417 1597/1597/1350
f 1598/1598/1418 1595/1595/1417 1587/1587/1411
f 1598/1598/1418 1587/1587/1411 1589/1589/786
f 1595/1595/1417 1599/1599/1419 1597/1597/1350
f 1599/1599/1419 1595/1595/1417 1600/1600/1420
f 1598/1598/1418 1589/1589/786 1600/1600/1420
f 1598/1598/1418 1600/1600/1420 1595/1595/1417
f 1599/1599/1419 1601/1601/1421 1597/1597/1350
f 1599/1599/1419 1600/1600/1420 1601/1601/1421
f 1602/1602/1359 1597/1597/1350 1601/1601/1421
f 1602/1602/1359 1601/1601/1421 1603/1603/1422
f 1604/1604/1423 1589/1589/786 1591/1591/1414
f 1589/1589/786 1604/1604/1423 1600/1600/1420
f 1600/1600/1420 1605/1605/1424 1601/1601/1421
f 1604/1604/1423 1606/1606/1425 1600/1600/1420
f 1605/1605/1424 1600/1600/1420 1606/1606/1425
f 1604/1604/1423 1591/1591/1414 1606/1606/1425
f 1605/1605/1424 1606/1606/1425 1607/1607/1426
f 1605/1605/1424 1607/1607/1426 1601/1601/1421
f 1601/1601/1421 1608/1608/1427 1603/1603/1422
f 1608/1608/1427 1601/1601/1421 1607/1607/1426
f 1608/1608/1427 1609/1609/1428 1603/1603/1422
f 1608/1608/1427 1607/1607/1426 1609/1609/1428
f 1610/1610/1367 1603/1603/1422 1609/1609/1428
f 1610/1610/1367 1609/1609/1428 1611/1611/1429
f 1609/1609/1428 1612/1612/1430 1611/1611/1429
f 1612/1612/1430 1609/1609/1428 1613/1613/1431
f 1612/1612/1430 1613/1613/1431 1614/1614/1432
f 1613/1613/1431 1615/1615/1433 1614/1614/1432
f 1616/1616/1434 1613/1613/1431 1609/1609/1428
f 1607/1607/1426 1616/1616/1434 1609/1609/1428
f 1613/1613/1431 1617/1617/1435 1615/1615/1433
f 1617/1617/1435 1618/1618/1436 1615/1615/1433
f 1618/1618/1436 1617/1617/1435 1619/1619/1437
f 1620/1620/1438 1617/1617/1435 1613/1613/1431
f 1616/1616/1434 1607/1607/1426 1620/1620/1438
f 1616/1616/1434 1620/1620/1438 1613/1613/1431
f 1621/1621/1439 1619/1619/1437 1617/1617/1435
f 1617/1617/1435 1620/1620/1438 1621/1621/1439
f 1565/1565/1390 1566/1566/1391 1621/1621/1439
f 1619/1619/1437 1621/1621/1439 1622/1622/1440
f 1566/1566/1391 1622/1622/1440 1621/1621/1439
f 1623/1623/1441 1621/1621/1439 1620/1620/1438
f 1623/1623/1441 1565/1565/1390 1621/1621/1439
f 1624/1624/1442 1623/1623/1441 1620/1620/1438
f 1567/1567/1392 1565/1565/1390 1624/1624/1442
f 1623/1623/1441 1624/1624/1442 1565/1565/1390
f 1625/1625/1443 1620/1620/1438 1607/1607/1426
f 1625/1625/1443 1624/1624/1442 1620/1620/1438
f 1626/1626/1444 1564/1564/1389 1567/1567/1392
f 1626/1626/1444 1567/1567/1392 1624/1624/1442
f 1606/1606/1425 1625/1625/1443 1607/1607/1426
f 1606/1606/1425 1624/1624/1442 1625/1625/1443
f 1624/1624/1442 1627/1627/1445 1626/1626/1444
f 1591/1591/1414 1627/1627/1445 1606/1606/1425
f 1627/1627/1445 1624/1624/1442 1606/1606/1425
f 1627/1627/1445 1591/1591/1414 1626/1626/1444
f 1584/1584/1408 1626/1626/1444 1591/1591/1414
f 1584/1584/1408 1573/1573/1398 1626/1626/1444
f 1628/1628/1446 1564/1564/1389 1626/1626/1444
f 1573/1573/1398 1628/1628/1446 1626/1626/1444
f 1628/1628/1446 1563/1563/1388 1564/1564/1389
f 1628/1628/1446 1573/1573/1398 1563/1563/1388
f 1490/1490/1317 1416/1416/1243 1413/1413/1240
f 1345/1345/1172 1346/1346/1173 1490/1490/1317
f 1629/1629/1447 1416/1416/1243 1490/1490/1317
f 1346/1346/1173 1629/1629/1447 1490/1490/1317
f 1416/1416/1243 1629/1629/1447 1388/1388/1215
f 1346/1346/1173 1347/1347/1174 1629/1629/1447
f 1629/1629/1447 1347/1347/1174 1630/1630/1448
f 1629/1629/1447 1630/1630/1448 1388/1388/1215
f 1630/1630/1448 1382/1382/1209 1388/1388/1215
f 1347/1347/1174 1358/1358/1185 1630/1630/1448
f 1358/1358/1185 1357/1357/1184 1371/1371/1198
f 1371/1371/1198 1382/1382/1209 1630/1630/1448
f 1358/1358/1185 1371/1371/1198 1630/1630/1448
f 1631/1631/1449 1632/1632/1450 1633/1633/1451
f 1634/1634/1452 1635/1635/1453 1636/1636/1454
f 1637/1637/1455 1634/1634/1452 1631/1631/1449
f 1637/1637/1455 1635/1635/1453 1634/1634/1452
f 1637/1637/1455 1631/1631/1449 1633/1633/1451
f 1635/1635/1453 1637/1637/1455 1638/1638/1456
f 1639/1639/1457 1635/1635/1453 1638/1638/1456
f 1640/1640/1458 1637/1637/1455 1633/1633/1451
f 1633/1633/1451 1641/1641/1459 1640/1640/1458
f 1640/1640/1458 1642/1642/1460 1637/1637/1455
f 1637/1637/1455 1642/1642/1460 1638/1638/1456
f 1643/1643/1461 1639/1639/1457 1638/1638/1456
f 1639/1639/1457 1643/1643/1461 1644/1644/1462
f 1644/1644/1462 1643/1643/1461 1645/1645/1463
f 1645/1645/1463 1643/1643/1461 1646/1646/1464
f 1643/1643/1461 1647/1647/1465 1646/1646/1464
f 1648/1648/1466 1646/1646/1464 1649/1649/1467
f 1648/1648/1466 1649/1649/1467 1650/1650/1468
f 1646/1646/1464 1647/1647/1465 1649/1649/1467
f 1651/1651/1469 1650/1650/1468 1649/1649/1467
f 1649/1649/1467 1652/1652/1470 1651/1651/1469
f 1653/1653/1471 1651/1651/1469 1654/1654/1472
f 1653/1653/1471 1654/1654/1472 1655/1655/1473
f 1651/1651/1469 1652/1652/1470 1654/1654/1472
f 1655/1655/1473 1654/1654/1472 1656/1656/1474
f 1654/1654/1472 1657/1657/1475 1656/1656/1474
f 1658/1658/1476 1656/1656/1474 1659/1659/1477
f 1658/1658/1476 1659/1659/1477 1660/1660/1478
f 1656/1656/1474 1657/1657/1475 1659/1659/1477
f 1660/1660/1478 1659/1659/1477 1661/1661/1479
f 1660/1660/1478 1661/1661/1479 1662/1662/1480
f 1663/1663/1481 1662/1662/1480 1661/1661/1479
f 1659/1659/1477 1664/1664/1482 1661/1661/1479
f 1663/1663/1481 1661/1661/1479 1665/1665/1483
f 1661/1661/1479 1664/1664/1482 1666/1666/1484
f 1665/1665/1483 1661/1661/1479 1667/1667/1485
f 1661/1661/1479 1668/1668/1486 1667/1667/1485
f 1661/1661/1479 1666/1666/1484 1668/1668/1486
f 1669/1669/1487 1667/1667/1485 1670/1670/1488
f 1669/1669/1487 1670/1670/1488 1671/1671/1489
f 1667/1667/1485 1668/1668/1486 1670/1670/1488
f 1671/1671/1489 1670/1670/1488 1672/1672/1490
f 1670/1670/1488 1673/1673/1491 1672/1672/1490
f 1641/1641/1459 1674/1674/1492 1640/1640/1458
f 1674/1674/1492 1641/1641/1459 1675/1675/1493
f 1672/1672/1490 1676/1676/1494 1674/1674/1492
f 1640/1640/1458 1674/1674/1492 1676/1676/1494
f 1672/1672/1490 1673/1673/1491 1676/1676/1494
f 1677/1677/1495 1676/1676/1494 1673/1673/1491
f 1677/1677/1495 1678/1678/1496 1676/1676/1494
f 1678/1678/1496 1640/1640/1458 1676/1676/1494
f 1678/1678/1496 1642/1642/1460 1640/1640/1458
f 1679/1679/1497 1638/1638/1456 1642/1642/1460
f 1678/1678/1496 1679/1679/1497 1642/1642/1460
f 1680/1680/1498 1679/1679/1497 1678/1678/1496
f 1677/1677/1495 1673/1673/1491 1670/1670/1488
f 1678/1678/1496 1677/1677/1495 1681/1681/1499
f 1681/1681/1499 1670/1670/1488 1668/1668/1486
f 1681/1681/1499 1677/1677/1495 1670/1670/1488
f 1681/1681/1499 1668/1668/1486 1666/1666/1484
f 1682/1682/1500 1666/1666/1484 1664/1664/1482
f 1682/1682/1500 1681/1681/1499 1666/1666/1484
f 1682/1682/1500 1664/1664/1482 1659/1659/1477
f 1682/1682/1500 1683/1683/1501 1681/1681/1499
f 1683/1683/1501 1659/1659/1477 1657/1657/1475
f 1683/1683/1501 1682/1682/1500 1659/1659/1477
f 1683/1683/1501 1657/1657/1475 1654/1654/1472
f 1684/1684/1502 1683/1683/1501 1654/1654/1472
f 1684/1684/1502 1654/1654/1472 1652/1652/1470
f 1684/1684/1502 1652/1652/1470 1649/1649/1467
f 1683/1683/1501 1684/1684/1502 1680/1680/1498
f 1680/1680/1498 1649/1649/1467 1647/1647/1465
f 1680/1680/1498 1684/1684/1502 1649/1649/1467
f 1680/1680/1498 1647/1647/1465 1643/1643/1461
f 1679/1679/1497 1680/1680/1498 1643/1643/1461
f 1679/1679/1497 1643/1643/1461 1638/1638/1456
f 1685/1685/1503 1686/1686/1504 1687/1687/1505
f 1688/1688/1506 1689/1689/1507 1690/1690/1508
f 1690/1690/1508 1689/1689/1507 1691/1691/1509
f 1691/1691/1509 1685/1685/1503 1687/1687/1505
f 1691/1691/1509 1687/1687/1505 1690/1690/1508
f 1692/1692/1510 1691/1691/1509 1689/1689/1507
f 1692/1692/1510 1689/1689/1507 1693/1693/1511
f 1685/1685/1503 1691/1691/1509 1694/1694/1512
f 1694/1694/1512 1695/1695/1513 1685/1685/1503
f 1691/1691/1509 1696/1696/1514 1694/1694/1512
f 1692/1692/1510 1696/1696/1514 1691/1691/1509
f 1692/1692/1510 1693/1693/1511 1697/1697/1515
f 1698/1698/1516 1697/1697/1515 1693/1693/1511
f 1699/1699/1517 1697/1697/1515 1698/1698/1516
f 1694/1694/1512 1700/1700/1518 1695/1695/1513
f 1701/1701/1519 1695/1695/1513 1700/1700/1518
f 1702/1702/1520 1697/1697/1515 1699/1699/1517
f 1703/1703/1521 1702/1702/1520 1704/1704/1522
f 1705/1705/1523 1703/1703/1521 1704/1704/1522
f 1706/1706/1524 1707/1707/1525 1708/1708/1526
f 1708/1708/1526 1707/1707/1525 1709/1709/1527
f 1700/1700/1518 1710/1710/1528 1706/1706/1524
f 1710/1710/1528 1700/1700/1518 1694/1694/1512
f 1710/1710/1528 1711/1711/1529 1706/1706/1524
f 1706/1706/1524 1711/1711/1529 1707/1707/1525
f 1707/1707/1525 1712/1712/1530 1709/1709/1527
f 1712/1712/1530 1713/1713/1531 1714/1714/1532
f 1714/1714/1532 1713/1713/1531 1715/1715/1533
f 1712/1712/1530 1716/1716/1534 1713/1713/1531
f 1707/1707/1525 1716/1716/1534 1712/1712/1530
f 1713/1713/1531 1717/1717/1535 1715/1715/1533
f 1717/1717/1535 1713/1713/1531 1718/1718/1536
f 1716/1716/1534 1719/1719/1537 1713/1713/1531
f 1713/1713/1531 1720/1720/1538 1718/1718/1536
f 1718/1718/1536 1720/1720/1538 1721/1721/1539
f 1713/1713/1531 1722/1722/1540 1720/1720/1538
f 1719/1719/1537 1722/1722/1540 1713/1713/1531
f 1720/1720/1538 1723/1723/1541 1721/1721/1539
f 1723/1723/1541 1724/1724/1542 1725/1725/1543
f 1725/1725/1543 1724/1724/1542 1726/1726/1544
f 1723/1723/1541 1727/1727/1545 1724/1724/1542
f 1720/1720/1538 1727/1727/1545 1723/1723/1541
f 1703/1703/1521 1705/1705/1523 1728/1728/1546
f 1724/1724/1542 1728/1728/1546 1726/1726/1544
f 1724/1724/1542 1729/1729/1547 1728/1728/1546
f 1728/1728/1546 1729/1729/1547 1703/1703/1521
f 1729/1729/1547 1724/1724/1542 1730/1730/1548
f 1702/1702/1520 1731/1731/1549 1697/1697/1515
f 1703/1703/1521 1731/1731/1549 1702/1702/1520
f 1703/1703/1521 1729/1729/1547 1730/1730/1548
f 1731/1731/1549 1703/1703/1521 1732/1732/1550
f 1703/1703/1521 1730/1730/1548 1732/1732/1550
f 1697/1697/1515 1731/1731/1549 1733/1733/1551
f 1731/1731/1549 1732/1732/1550 1733/1733/1551
f 1732/1732/1550 1730/1730/1548 1734/1734/1552
f 1724/1724/1542 1734/1734/1552 1730/1730/1548
f 1724/1724/1542 1727/1727/1545 1734/1734/1552
f 1727/1727/1545 1720/1720/1538 1734/1734/1552
f 1720/1720/1538 1735/1735/1553 1734/1734/1552
f 1720/1720/1538 1722/1722/1540 1735/1735/1553
f 1736/1736/1554 1734/1734/1552 1735/1735/1553
f 1722/1722/1540 1719/1719/1537 1735/1735/1553
f 1719/1719/1537 1736/1736/1554 1735/1735/1553
f 1719/1719/1537 1716/1716/1534 1736/1736/1554
f 1716/1716/1534 1707/1707/1525 1736/1736/1554
f 1707/1707/1525 1737/1737/1555 1736/1736/1554
f 1707/1707/1525 1711/1711/1529 1737/1737/1555
f 1736/1736/1554 1737/1737/1555 1738/1738/1556
f 1711/1711/1529 1710/1710/1528 1737/1737/1555
f 1710/1710/1528 1738/1738/1556 1737/1737/1555
f 1710/1710/1528 1694/1694/1512 1738/1738/1556
f 1694/1694/1512 1739/1739/1557 1738/1738/1556
f 1694/1694/1512 1696/1696/1514 1739/1739/1557
f 1733/1733/1551 1738/1738/1556 1739/1739/1557
f 1696/1696/1514 1692/1692/1510 1739/1739/1557
f 1692/1692/1510 1733/1733/1551 1739/1739/1557
f 1692/1692/1510 1697/1697/1515 1733/1733/1551
f 1740/1740/1558 1741/1741/1559 1742/1742/1560
f 1743/1743/1561 1744/1744/1562 1745/1745/1563
f 1742/1742/1560 1745/1745/1563 1746/1746/1564
f 1745/1745/1563 1744/1744/1562 1746/1746/1564
f 1740/1740/1558 1742/1742/1560 1746/1746/1564
f 1747/1747/1565 1746/1746/1564 1744/1744/1562
f 1747/1747/1565 1744/1744/1562 1748/1748/1566
f 1740/1740/1558 1746/1746/1564 1749/1749/1567
f 1749/1749/1567 1750/1750/1568 1740/1740/1558
f 1747/1747/1565 1751/1751/1569 1746/1746/1564
f 1746/1746/1564 1751/1751/1569 1749/1749/1567
f 1747/1747/1565 1748/1748/1566 1752/1752/1570
f 1753/1753/1571 1752/1752/1570 1748/1748/1566
f 1754/1754/1572 1752/1752/1570 1753/1753/1571
f 1749/1749/1567 1755/1755/1573 1750/1750/1568
f 1756/1756/1574 1750/1750/1568 1755/1755/1573
f 1757/1757/1575 1752/1752/1570 1754/1754/1572
f 1758/1758/1576 1757/1757/1575 1759/1759/1577
f 1760/1760/1578 1758/1758/1576 1759/1759/1577
f 1761/1761/1579 1762/1762/1580 1763/1763/1581
f 1763/1763/1581 1762/1762/1580 1764/1764/1582
f 1755/1755/1573 1765/1765/1583 1761/1761/1579
f 1765/1765/1583 1755/1755/1573 1749/1749/1567
f 1765/1765/1583 1766/1766/1584 1761/1761/1579
f 1761/1761/1579 1766/1766/1584 1762/1762/1580
f 1762/1762/1580 1767/1767/1585 1764/1764/1582
f 1767/1767/1585 1768/1768/1586 1769/1769/1587
f 1769/1769/1587 1768/1768/1586 1770/1770/1588
f 1767/1767/1585 1771/1771/1589 1768/1768/1586
f 1762/1762/1580 1771/1771/1589 1767/1767/1585
f 1768/1768/1586 1772/1772/1590 1770/1770/1588
f 1772/1772/1590 1768/1768/1586 1773/1773/1591
f 1771/1771/1589 1774/1774/1592 1768/1768/1586
f 1768/1768/1586 1775/1775/1593 1773/1773/1591
f 1773/1773/1591 1775/1775/1593 1776/1776/1594
f 1774/1774/1592 1777/1777/1595 1768/1768/1586
f 1768/1768/1586 1777/1777/1595 1775/1775/1593
f 1775/1775/1593 1778/1778/1596 1776/1776/1594
f 1778/1778/1596 1779/1779/1597 1780/1780/1598
f 1780/1780/1598 1779/1779/1597 1781/1781/1599
f 1778/1778/1596 1782/1782/1600 1779/1779/1597
f 1775/1775/1593 1782/1782/1600 1778/1778/1596
f 1779/1779/1597 1783/1783/1601 1781/1781/1599
f 1758/1758/1576 1760/1760/1578 1783/1783/1601
f 1779/1779/1597 1784/1784/1602 1783/1783/1601
f 1783/1783/1601 1784/1784/1602 1758/1758/1576
f 1784/1784/1602 1779/1779/1597 1785/1785/1603
f 1757/1757/1575 1786/1786/1604 1752/1752/1570
f 1758/1758/1576 1786/1786/1604 1757/1757/1575
f 1758/1758/1576 1784/1784/1602 1785/1785/1603
f 1786/1786/1604 1758/1758/1576 1787/1787/1605
f 1758/1758/1576 1785/1785/1603 1787/1787/1605
f 1752/1752/1570 1786/1786/1604 1788/1788/1606
f 1786/1786/1604 1787/1787/1605 1788/1788/1606
f 1787/1787/1605 1785/1785/1603 1789/1789/1607
f 1779/1779/1597 1789/1789/1607 1785/1785/1603
f 1779/1779/1597 1782/1782/1600 1789/1789/1607
f 1782/1782/1600 1775/1775/1593 1789/1789/1607
f 1775/1775/1593 1790/1790/1608 1789/1789/1607
f 1775/1775/1593 1777/1777/1595 1790/1790/1608
f 1791/1791/1609 1789/1789/1607 1790/1790/1608
f 1777/1777/1595 1774/1774/1592 1790/1790/1608
f 1774/1774/1592 1791/1791/1609 1790/1790/1608
f 1774/1774/1592 1771/1771/1589 1791/1791/1609
f 1771/1771/1589 1762/1762/1580 1791/1791/1609
f 1762/1762/1580 1792/1792/1610 1791/1791/1609
f 1762/1762/1580 1766/1766/1584 1792/1792/1610
f 1791/1791/1609 1792/1792/1610 1793/1793/1611
f 1766/1766/1584 1765/1765/1583 1792/1792/1610
f 1765/1765/1583 1793/1793/1611 1792/1792/1610
f 1765/1765/1583 1749/1749/1567 1793/1793/1611
f 1749/1749/1567 1794/1794/1612 1793/1793/1611
f 1749/1749/1567 1751/1751/1569 1794/1794/1612
f 1788/1788/1606 1793/1793/1611 1794/1794/1612
f 1751/1751/1569 1747/1747/1565 1794/1794/1612
f 1747/1747/1565 1788/1788/1606 1794/1794/1612
f 1747/1747/1565 1752/1752/1570 1788/1788/1606
f 1795/1795/1613 1796/1796/1614 1797/1797/1615
f 1798/1798/1616 1799/1799/1617 1800/1800/1618
f 1798/1798/1616 1795/1795/1613 1801/1801/1619
f 1801/1801/1619 1799/1799/1617 1798/1798/1616
f 1795/1795/1613 1797/1797/1615 1801/1801/1619
f 1799/1799/1617 1801/1801/1619 1802/1802/1620
f 1803/1803/1621 1799/1799/1617 1802/1802/1620
f 1804/1804/1622 1801/1801/1619 1797/1797/1615
f 1797/1797/1615 1805/1805/1623 1804/1804/1622
f 1804/1804/1622 1806/1806/1624 1801/1801/1619
f 1801/1801/1619 1806/1806/1624 1802/1802/1620
f 1807/1807/1625 1803/1803/1621 1802/1802/1620
f 1803/1803/1621 1807/1807/1625 1808/1808/1626
f 1808/1808/1626 1807/1807/1625 1809/1809/1627
f 1809/1809/1627 1807/1807/1625 1810/1810/1628
f 1807/1807/1625 1811/1811/1629 1810/1810/1628
f 1812/1812/1630 1810/1810/1628 1813/1813/1631
f 1812/1812/1630 1813/1813/1631 1814/1814/1632
f 1810/1810/1628 1811/1811/1629 1813/1813/1631
f 1815/1815/1633 1814/1814/1632 1813/1813/1631
f 1813/1813/1631 1816/1816/1634 1815/1815/1633
f 1817/1817/1635 1815/1815/1633 1818/1818/1636
f 1817/1817/1635 1818/1818/1636 1819/1819/1637
f 1815/1815/1633 1816/1816/1634 1818/1818/1636
f 1819/1819/1637 1818/1818/1636 1820/1820/1638
f 1818/1818/1636 1821/1821/1639 1820/1820/1638
f 1822/1822/1640 1820/1820/1638 1823/1823/1641
f 1822/1822/1640 1823/1823/1641 1824/1824/1642
f 1820/1820/1638 1821/1821/1639 1823/1823/1641
f 1824/1824/1642 1823/1823/1641 1825/1825/1643
f 1824/1824/1642 1825/1825/1643 1826/1826/1644
f 1827/1827/1645 1826/1826/1644 1825/1825/1643
f 1823/1823/1641 1828/1828/1646 1825/1825/1643
f 1827/1827/1645 1825/1825/1643 1829/1829/1647
f 1825/1825/1643 1828/1828/1646 1830/1830/1648
f 1829/1829/1647 1825/1825/1643 1831/1831/1649
f 1825/1825/1643 1832/1832/1650 1831/1831/1649
f 1825/1825/1643 1830/1830/1648 1832/1832/1650
f 1833/1833/1651 1831/1831/1649 1834/1834/1652
f 1833/1833/1651 1834/1834/1652 1835/1835/1653
f 1831/1831/1649 1832/1832/1650 1834/1834/1652
f 1835/1835/1653 1834/1834/1652 1836/1836/1654
f 1834/1834/1652 1837/1837/1655 1836/1836/1654
f 1805/1805/1623 1838/1838/1656 1804/1804/1622
f 1838/1838/1656 1805/1805/1623 1839/1839/1657
f 1804/1804/1622 1838/1838/1656 1840/1840/1658
f 1836/1836/1654 1837/1837/1655 1840/1840/1658
f 1836/1836/1654 1840/1840/1658 1838/1838/1656
f 1841/1841/1659 1840/1840/1658 1837/1837/1655
f 1842/1842/1660 1804/1804/1622 1840/1840/1658
f 1841/1841/1659 1842/1842/1660 1840/1840/1658
f 1842/1842/1660 1806/1806/1624 1804/1804/1622
f 1842/1842/1660 1843/1843/1661 1806/1806/1624
f 1843/1843/1661 1802/1802/1620 1806/1806/1624
f 1844/1844/1662 1843/1843/1661 1842/1842/1660
f 1841/1841/1659 1837/1837/1655 1834/1834/1652
f 1842/1842/1660 1841/1841/1659 1845/1845/1663
f 1845/1845/1663 1834/1834/1652 1832/1832/1650
f 1845/1845/1663 1841/1841/1659 1834/1834/1652
f 1845/1845/1663 1832/1832/1650 1830/1830/1648
f 1846/1846/1664 1845/1845/1663 1830/1830/1648
f 1846/1846/1664 1830/1830/1648 1828/1828/1646
f 1846/1846/1664 1828/1828/1646 1823/1823/1641
f 1846/1846/1664 1847/1847/1665 1845/1845/1663
f 1847/1847/1665 1846/1846/1664 1823/1823/1641
f 1847/1847/1665 1823/1823/1641 1821/1821/1639
f 1847/1847/1665 1821/1821/1639 1818/1818/1636
f 1848/1848/1666 1818/1818/1636 1816/1816/1634
f 1848/1848/1666 1847/1847/1665 1818/1818/1636
f 1848/1848/1666 1816/1816/1634 1813/1813/1631
f 1847/1847/1665 1848/1848/1666 1844/1844/1662
f 1844/1844/1662 1813/1813/1631 1811/1811/1629
f 1844/1844/1662 1848/1848/1666 1813/1813/1631
f 1844/1844/1662 1811/1811/1629 1807/1807/1625
f 1843/1843/1661 1844/1844/1662 1807/1807/1625
f 1843/1843/1661 1807/1807/1625 1802/1802/1620
f 1849/1849/1667 1850/1850/1668 1851/1851/1669
f 1852/1852/1670 1849/1849/1667 1851/1851/1669
f 1850/1850/1668 1849/1849/1667 1853/1853/1671
f 1849/1849/1667 1852/1852/1670 1854/1854/1672
f 1852/1852/1670 1855/1855/1673 1854/1854/1672
f 1856/1856/1674 1853/1853/1671 1849/1849/1667
f 1855/1855/1673 1857/1857/1675 1854/1854/1672
f 1857/1857/1675 1858/1858/1676 1854/1854/1672
f 1854/1854/1672 1856/1856/1674 1849/1849/1667
f 1859/1859/1677 1854/1854/1672 1858/1858/1676
f 1858/1858/1676 1860/1860/1678 1859/1859/1677
f 1861/1861/1679 1856/1856/1674 1854/1854/1672
f 1854/1854/1672 1859/1859/1677 1861/1861/1679
f 1860/1860/1678 1862/1862/1680 1859/1859/1677
f 1863/1863/1681 1859/1859/1677 1862/1862/1680
f 1864/1864/1682 1861/1861/1679 1859/1859/1677
f 1859/1859/1677 1863/1863/1681 1864/1864/1682
f 1865/1865/1683 1864/1864/1682 1863/1863/1681
f 1864/1864/1682 1866/1866/1684 1861/1861/1679
f 1865/1865/1683 1867/1867/1685 1864/1864/1682
f 1864/1864/1682 1867/1867/1685 1868/1868/1686
f 1866/1866/1684 1864/1864/1682 1868/1868/1686
f 1866/1866/1684 1856/1856/1674 1861/1861/1679
f 1856/1856/1674 1866/1866/1684 1869/1869/1687
f 1870/1870/1688 1853/1853/1671 1856/1856/1674
f 1870/1870/1688 1856/1856/1674 1869/1869/1687
f 1871/1871/1689 1853/1853/1671 1870/1870/1688
f 1872/1872/1690 1871/1871/1689 1870/1870/1688
f 1873/1873/1691 1870/1870/1688 1869/1869/1687
f 1872/1872/1690 1874/1874/1692 1871/1871/1689
f 1875/1875/1693 1871/1871/1689 1874/1874/1692
f 1876/1876/1694 1875/1875/1693 1874/1874/1692
f 1877/1877/1695 1876/1876/1694 1874/1874/1692
f 1874/1874/1692 1878/1878/1696 1877/1877/1695
f 1878/1878/1696 1879/1879/1697 1877/1877/1695
f 1878/1878/1696 1874/1874/1692 1872/1872/1690
f 1878/1878/1696 1880/1880/1698 1879/1879/1697
f 1880/1880/1698 1878/1878/1696 1881/1881/1699
f 1870/1870/1688 1882/1882/1700 1872/1872/1690
f 1883/1883/1701 1881/1881/1699 1878/1878/1696
f 1881/1881/1699 1883/1883/1701 1884/1884/1702
f 1878/1878/1696 1885/1885/1703 1883/1883/1701
f 1885/1885/1703 1878/1878/1696 1872/1872/1690
f 1884/1884/1702 1883/1883/1701 1886/1886/1704
f 1887/1887/1705 1886/1886/1704 1883/1883/1701
f 1888/1888/1706 1883/1883/1701 1885/1885/1703
f 1883/1883/1701 1888/1888/1706 1887/1887/1705
f 1889/1889/1707 1887/1887/1705 1888/1888/1706
f 1888/1888/1706 1885/1885/1703 1890/1890/1708
f 1889/1889/1707 1888/1888/1706 1891/1891/1709
f 1888/1888/1706 1892/1892/1710 1891/1891/1709
f 1890/1890/1708 1892/1892/1710 1888/1888/1706
f 1885/1885/1703 1872/1872/1690 1890/1890/1708
f 1890/1890/1708 1872/1872/1690 1882/1882/1700
f 411/411/411 1893/1893/1711 409/409/409
f 1870/1870/1688 1873/1873/1691 1882/1882/1700
f 1893/1893/1711 1890/1890/1708 1882/1882/1700
f 1894/1894/1712 1893/1893/1711 1882/1882/1700
f 1873/1873/1691 1894/1894/1712 1882/1882/1700
f 1893/1893/1711 1894/1894/1712 409/409/409
f 409/409/409 1894/1894/1712 1873/1873/1691
f 1895/1895/1713 1873/1873/1691 1869/1869/1687
f 1895/1895/1713 409/409/409 1873/1873/1691
f 1895/1895/1713 1869/1869/1687 1896/1896/1714
f 409/409/409 1895/1895/1713 1896/1896/1714
f 407/407/407 409/409/409 1896/1896/1714
f 1869/1869/1687 1866/1866/1684 1896/1896/1714
f 407/407/407 1896/1896/1714 405/405/405
f 1866/1866/1684 1868/1868/1686 1896/1896/1714
f 1868/1868/1686 405/405/405 1896/1896/1714
f 1897/1897/1715 405/405/405 1868/1868/1686
f 1868/1868/1686 1898/1898/1716 1897/1897/1715
f 1898/1898/1716 1868/1868/1686 1867/1867/1685
f 1897/1897/1715 1898/1898/1716 1899/1899/1717
f 1898/1898/1716 1867/1867/1685 1900/1900/1718
f 1900/1900/1718 1867/1867/1685 1901/1901/1719
f 1898/1898/1716 1900/1900/1718 1902/1902/1720
f 1899/1899/1717 1898/1898/1716 1902/1902/1720
f 1902/1902/1720 1903/1903/1721 1899/1899/1717
f 1899/1899/1717 1903/1903/1721 1897/1897/1715
f 1897/1897/1715 1903/1903/1721 405/405/405
f 405/405/405 1903/1903/1721 406/406/406
f 408/408/408 1903/1903/1721 1902/1902/1720
f 406/406/406 1903/1903/1721 408/408/408
f 1904/1904/1722 408/408/408 1902/1902/1720
f 1900/1900/1718 1904/1904/1722 1902/1902/1720
f 1904/1904/1722 1900/1900/1718 1905/1905/1723
f 1904/1904/1722 1905/1905/1723 408/408/408
f 1900/1900/1718 1906/1906/1724 1905/1905/1723
f 408/408/408 1905/1905/1723 1906/1906/1724
f 1907/1907/1725 408/408/408 1906/1906/1724
f 1907/1907/1725 410/410/410 408/408/408
f 410/410/410 1907/1907/1725 1908/1908/1726
f 1906/1906/1724 1900/1900/1718 1909/1909/1727
f 1910/1910/1728 1909/1909/1727 1900/1900/1718
f 1910/1910/1728 1911/1911/1729 1909/1909/1727
f 1906/1906/1724 1909/1909/1727 1912/1912/1730
f 1907/1907/1725 1906/1906/1724 1912/1912/1730
f 1908/1908/1726 1907/1907/1725 1912/1912/1730
f 410/410/410 1908/1908/1726 414/414/414
f 1913/1913/1731 1909/1909/1727 1911/1911/1729
f 1913/1913/1731 1914/1914/1732 1909/1909/1727
f 1915/1915/1733 1909/1909/1727 1914/1914/1732
f 1915/1915/1733 1908/1908/1726 1912/1912/1730
f 1909/1909/1727 1915/1915/1733 1912/1912/1730
f 1916/1916/1734 1915/1915/1733 1914/1914/1732
f 414/414/414 1908/1908/1726 1915/1915/1733
f 1916/1916/1734 414/414/414 1915/1915/1733
f 414/414/414 1916/1916/1734 1917/1917/1735
f 1916/1916/1734 1918/1918/1736 1917/1917/1735
f 1918/1918/1736 1916/1916/1734 1914/1914/1732
f 1919/1919/1737 1918/1918/1736 1914/1914/1732
f 1918/1918/1736 1919/1919/1737 1917/1917/1735
f 1917/1917/1735 1920/1920/1738 414/414/414
f 1919/1919/1737 1920/1920/1738 1917/1917/1735
f 414/414/414 1920/1920/1738 412/412/412
f 412/412/412 1920/1920/1738 413/413/413
f 413/413/413 1920/1920/1738 1921/1921/1739
f 1921/1921/1739 1920/1920/1738 1919/1919/1737
f 1919/1919/1737 1922/1922/1740 1921/1921/1739
f 1922/1922/1740 413/413/413 1921/1921/1739
f 1892/1892/1710 411/411/411 413/413/413
f 411/411/411 1892/1892/1710 1893/1893/1711
f 1892/1892/1710 413/413/413 1922/1922/1740
f 1892/1892/1710 1890/1890/1708 1893/1893/1711
f 1922/1922/1740 1891/1891/1709 1892/1892/1710
f 1922/1922/1740 1919/1919/1737 1914/1914/1732
f 1891/1891/1709 1922/1922/1740 1914/1914/1732
f 1923/1923/1741 1891/1891/1709 1914/1914/1732
f 1924/1924/1742 1925/1925/1743 1926/1926/1744
f 1924/1924/1742 1926/1926/1744 1927/1927/1745
f 1924/1924/1742 1928/1928/1746 1925/1925/1743
f 1927/1927/1745 1929/1929/1747 1924/1924/1742
f 1927/1927/1745 1930/1930/1748 1929/1929/1747
f 1928/1928/1746 1924/1924/1742 1931/1931/1749
f 1930/1930/1748 1932/1932/1750 1929/1929/1747
f 1933/1933/1751 1929/1929/1747 1932/1932/1750
f 1931/1931/1749 1924/1924/1742 1929/1929/1747
f 1929/1929/1747 1933/1933/1751 1934/1934/1752
f 1935/1935/1753 1934/1934/1752 1933/1933/1751
f 1934/1934/1752 1936/1936/1754 1929/1929/1747
f 1931/1931/1749 1929/1929/1747 1936/1936/1754
f 1937/1937/1755 1934/1934/1752 1935/1935/1753
f 1934/1934/1752 1937/1937/1755 1938/1938/1756
f 1936/1936/1754 1934/1934/1752 1939/1939/1757
f 1938/1938/1756 1939/1939/1757 1934/1934/1752
f 1939/1939/1757 1938/1938/1756 1940/1940/1758
f 1941/1941/1759 1936/1936/1754 1939/1939/1757
f 1942/1942/1760 1939/1939/1757 1940/1940/1758
f 1942/1942/1760 1943/1943/1761 1939/1939/1757
f 1939/1939/1757 1943/1943/1761 1941/1941/1759
f 1941/1941/1759 1931/1931/1749 1936/1936/1754
f 1944/1944/1762 1931/1931/1749 1941/1941/1759
f 1945/1945/1763 1928/1928/1746 1931/1931/1749
f 1931/1931/1749 1944/1944/1762 1945/1945/1763
f 1945/1945/1763 1946/1946/1764 1928/1928/1746
f 1947/1947/1765 1946/1946/1764 1945/1945/1763
f 1948/1948/1766 1947/1947/1765 1945/1945/1763
f 1949/1949/1767 1946/1946/1764 1947/1947/1765
f 1946/1946/1764 1949/1949/1767 1950/1950/1768
f 1951/1951/1769 1950/1950/1768 1949/1949/1767
f 1951/1951/1769 1949/1949/1767 1952/1952/1770
f 1949/1949/1767 1947/1947/1765 1953/1953/1771
f 1953/1953/1771 1952/1952/1770 1949/1949/1767
f 1953/1953/1771 1954/1954/1772 1952/1952/1770
f 1953/1953/1771 1955/1955/1773 1954/1954/1772
f 1953/1953/1771 1956/1956/1774 1955/1955/1773
f 1956/1956/1774 1953/1953/1771 1957/1957/1775
f 1957/1957/1775 1958/1958/1776 1956/1956/1774
f 1959/1959/1777 1957/1957/1775 1953/1953/1771
f 1953/1953/1771 1947/1947/1765 1959/1959/1777
f 1957/1957/1775 1960/1960/1778 1958/1958/1776
f 1960/1960/1778 1957/1957/1775 1961/1961/1779
f 1957/1957/1775 1959/1959/1777 1962/1962/1780
f 1962/1962/1780 1961/1961/1779 1957/1957/1775
f 1961/1961/1779 1962/1962/1780 1963/1963/1781
f 1959/1959/1777 1964/1964/1782 1962/1962/1780
f 1962/1962/1780 1965/1965/1783 1963/1963/1781
f 1966/1966/1784 1965/1965/1783 1962/1962/1780
f 1966/1966/1784 1962/1962/1780 1964/1964/1782
f 1959/1959/1777 1947/1947/1765 1964/1964/1782
f 1948/1948/1766 1964/1964/1782 1947/1947/1765
f 423/423/423 1967/1967/1785 422/422/422
f 1948/1948/1766 1945/1945/1763 1968/1968/1786
f 1967/1967/1785 1964/1964/1782 1948/1948/1766
f 1967/1967/1785 420/420/420 422/422/422
f 1967/1967/1785 1948/1948/1766 1969/1969/1787
f 1967/1967/1785 1969/1969/1787 420/420/420
f 1948/1948/1766 1968/1968/1786 1969/1969/1787
f 1968/1968/1786 420/420/420 1969/1969/1787
f 1944/1944/1762 1968/1968/1786 1945/1945/1763
f 1968/1968/1786 1970/1970/1788 420/420/420
f 1944/1944/1762 1970/1970/1788 1968/1968/1786
f 1944/1944/1762 1971/1971/1789 1970/1970/1788
f 1944/1944/1762 1941/1941/1759 1971/1971/1789
f 420/420/420 1970/1970/1788 1971/1971/1789
f 420/420/420 1971/1971/1789 415/415/415
f 1971/1971/1789 1941/1941/1759 1943/1943/1761
f 1971/1971/1789 1943/1943/1761 415/415/415
f 416/416/416 415/415/415 1943/1943/1761
f 1972/1972/1790 416/416/416 1943/1943/1761
f 1943/1943/1761 1942/1942/1760 1972/1972/1790
f 1973/1973/1791 416/416/416 1972/1972/1790
f 1974/1974/1792 1972/1972/1790 1942/1942/1760
f 1974/1974/1792 1942/1942/1760 1975/1975/1793
f 1974/1974/1792 1976/1976/1794 1972/1972/1790
f 1973/1973/1791 1972/1972/1790 1976/1976/1794
f 1976/1976/1794 1977/1977/1795 1973/1973/1791
f 1973/1973/1791 1977/1977/1795 416/416/416
f 416/416/416 1977/1977/1795 417/417/417
f 417/417/417 1977/1977/1795 419/419/419
f 1978/1978/1796 1977/1977/1795 1976/1976/1794
f 419/419/419 1977/1977/1795 1978/1978/1796
f 1978/1978/1796 1976/1976/1794 1979/1979/1797
f 1974/1974/1792 1979/1979/1797 1976/1976/1794
f 1974/1974/1792 1980/1980/1798 1979/1979/1797
f 1978/1978/1796 1979/1979/1797 1980/1980/1798
f 1978/1978/1796 1980/1980/1798 419/419/419
f 1974/1974/1792 1981/1981/1799 1980/1980/1798
f 1981/1981/1799 419/419/419 1980/1980/1798
f 1981/1981/1799 1982/1982/1800 419/419/419
f 419/419/419 1982/1982/1800 421/421/421
f 1974/1974/1792 1983/1983/1801 1981/1981/1799
f 1983/1983/1801 1974/1974/1792 1984/1984/1802
f 1985/1985/1803 1983/1983/1801 1984/1984/1802
f 1986/1986/1804 1981/1981/1799 1983/1983/1801
f 1986/1986/1804 1982/1982/1800 1981/1981/1799
f 1986/1986/1804 1987/1987/1805 1982/1982/1800
f 1982/1982/1800 1987/1987/1805 421/421/421
f 425/425/425 421/421/421 1987/1987/1805
f 1983/1983/1801 1985/1985/1803 1988/1988/1806
f 1989/1989/1807 1983/1983/1801 1988/1988/1806
f 1983/1983/1801 1989/1989/1807 1990/1990/1808
f 1986/1986/1804 1983/1983/1801 1990/1990/1808
f 1986/1986/1804 1990/1990/1808 1987/1987/1805
f 1991/1991/1809 1990/1990/1808 1989/1989/1807
f 1990/1990/1808 425/425/425 1987/1987/1805
f 1990/1990/1808 1991/1991/1809 425/425/425
f 425/425/425 1991/1991/1809 1992/1992/1810
f 1991/1991/1809 1989/1989/1807 1992/1992/1810
f 1993/1993/1811 1992/1992/1810 1989/1989/1807
f 1993/1993/1811 425/425/425 1992/1992/1810
f 425/425/425 1994/1994/1812 424/424/424
f 1993/1993/1811 1994/1994/1812 425/425/425
f 424/424/424 1994/1994/1812 423/423/423
f 423/423/423 1994/1994/1812 1995/1995/1813
f 1996/1996/1814 1994/1994/1812 1993/1993/1811
f 1995/1995/1813 1994/1994/1812 1996/1996/1814
f 1993/1993/1811 1997/1997/1815 1996/1996/1814
f 1966/1966/1784 423/423/423 1995/1995/1813
f 1967/1967/1785 1966/1966/1784 1964/1964/1782
f 1967/1967/1785 423/423/423 1966/1966/1784
f 1995/1995/1813 1997/1997/1815 1966/1966/1784
f 1996/1996/1814 1997/1997/1815 1995/1995/1813
f 1965/1965/1783 1966/1966/1784 1997/1997/1815
f 1989/1989/1807 1965/1965/1783 1997/1997/1815
f 1993/1993/1811 1989/1989/1807 1997/1997/1815
f 1998/1998/1816 1965/1965/1783 1989/1989/1807
f 1999/1999/1817 2000/2000/1818 2001/2001/1819
f 2001/2001/1819 2000/2000/1818 2002/2002/1820
f 2003/2003/1821 2001/2001/1819 2002/2002/1820
f 1999/1999/1817 2004/2004/1822 2000/2000/1818
f 2004/2004/1822 2005/2005/1823 2000/2000/1818
f 2003/2003/1821 2002/2002/1820 2006/2006/1824
f 2002/2002/1820 2007/2007/1825 2006/2006/1824
f 2004/2004/1822 2008/2008/1826 2005/2005/1823
f 2004/2004/1822 1999/1999/1817 2009/2009/1827
f 2008/2008/1826 2010/2010/1828 2005/2005/1823
f 2004/2004/1822 2009/2009/1827 2008/2008/1826
f 2008/2008/1826 2009/2009/1827 2011/2011/1829
f 2009/2009/1827 2012/2012/1830 2011/2011/1829
f 2008/2008/1826 2011/2011/1829 2013/2013/1831
f 2008/2008/1826 2013/2013/1831 2010/2010/1828
f 2013/2013/1831 2014/2014/1832 2010/2010/1828
f 2014/2014/1832 2015/2015/1833 2010/2010/1828
f 2014/2014/1832 2013/2013/1831 2011/2011/1829
f 2011/2011/1829 2016/2016/1834 2014/2014/1832
f 2014/2014/1832 2016/2016/1834 2015/2015/1833
f 2017/2017/1835 2016/2016/1834 2011/2011/1829
f 2017/2017/1835 2011/2011/1829 2012/2012/1830
f 2018/2018/1836 2017/2017/1835 2012/2012/1830
f 2016/2016/1834 2017/2017/1835 2015/2015/1833
f 2017/2017/1835 2019/2019/1837 2015/2015/1833
f 2018/2018/1836 2019/2019/1837 2017/2017/1835
f 2018/2018/1836 2020/2020/1838 2019/2019/1837
f 2019/2019/1837 2020/2020/1838 2021/2021/1839
f 2020/2020/1838 2022/2022/1840 2021/2021/1839
f 2021/2021/1839 2022/2022/1840 2023/2023/1841
f 2024/2024/1842 2021/2021/1839 2023/2023/1841
f 2023/2023/1841 2022/2022/1840 2025/2025/1843
f 2026/2026/1844 2024/2024/1842 2023/2023/1841
f 2023/2023/1841 2025/2025/1843 2026/2026/1844
f 2027/2027/1845 2024/2024/1842 2026/2026/1844
f 2026/2026/1844 2025/2025/1843 2028/2028/1846
f 2025/2025/1843 2029/2029/1847 2028/2028/1846
f 2026/2026/1844 2028/2028/1846 2030/2030/1848
f 2030/2030/1848 2027/2027/1845 2026/2026/1844
f 2031/2031/1849 2027/2027/1845 2030/2030/1848
f 2007/2007/1825 2027/2027/1845 2031/2031/1849
f 2031/2031/1849 2030/2030/1848 2028/2028/1846
f 2006/2006/1824 2007/2007/1825 2031/2031/1849
f 2006/2006/1824 2031/2031/1849 2028/2028/1846
f 2006/2006/1824 2028/2028/1846 2029/2029/1847
f 2003/2003/1821 2006/2006/1824 2029/2029/1847
f 2032/2032/1850 2033/2033/1851 2034/2034/1852
f 2035/2035/1853 2033/2033/1851 2032/2032/1850
f 2035/2035/1853 2032/2032/1850 2036/2036/1854
f 2033/2033/1851 2037/2037/1855 2034/2034/1852
f 2033/2033/1851 2038/2038/1856 2037/2037/1855
f 2039/2039/1857 2035/2035/1853 2036/2036/1854
f 2038/2038/1856 2040/2040/1858 2037/2037/1855
f 2041/2041/1859 2034/2034/1852 2037/2037/1855
f 2038/2038/1856 2042/2042/1860 2040/2040/1858
f 2040/2040/1858 2041/2041/1859 2037/2037/1855
f 2043/2043/1861 2041/2041/1859 2040/2040/1858
f 2043/2043/1861 2044/2044/1862 2041/2041/1859
f 2045/2045/1863 2043/2043/1861 2040/2040/1858
f 2042/2042/1860 2045/2045/1863 2040/2040/1858
f 2043/2043/1861 2045/2045/1863 2046/2046/1864
f 2042/2042/1860 2046/2046/1864 2045/2045/1863
f 2042/2042/1860 2047/2047/1865 2046/2046/1864
f 2046/2046/1864 2048/2048/1866 2043/2043/1861
f 2047/2047/1865 2048/2048/1866 2046/2046/1864
f 2044/2044/1862 2043/2043/1861 2049/2049/1867
f 2043/2043/1861 2048/2048/1866 2049/2049/1867
f 2044/2044/1862 2049/2049/1867 2050/2050/1868
f 2047/2047/1865 2049/2049/1867 2048/2048/1866
f 2047/2047/1865 2051/2051/1869 2049/2049/1867
f 2049/2049/1867 2051/2051/1869 2050/2050/1868
f 2051/2051/1869 2052/2052/1870 2050/2050/1868
f 2053/2053/1871 2052/2052/1870 2051/2051/1869
f 2053/2053/1871 2054/2054/1872 2052/2052/1870
f 2055/2055/1873 2054/2054/1872 2053/2053/1871
f 2055/2055/1873 2053/2053/1871 2056/2056/1874
f 2057/2057/1875 2054/2054/1872 2055/2055/1873
f 2055/2055/1873 2056/2056/1874 2058/2058/1876
f 2058/2058/1876 2056/2056/1874 2059/2059/1877
f 2058/2058/1876 2057/2057/1875 2055/2055/1873
f 2060/2060/1878 2057/2057/1875 2058/2058/1876
f 2060/2060/1878 2061/2061/1879 2057/2057/1875
f 2062/2062/1880 2060/2060/1878 2058/2058/1876
f 2058/2058/1876 2059/2059/1877 2062/2062/1880
f 2062/2062/1880 2059/2059/1877 2063/2063/1881
f 2060/2060/1878 2062/2062/1880 2064/2064/1882
f 2062/2062/1880 2063/2063/1881 2064/2064/1882
f 2064/2064/1882 2063/2063/1881 2035/2035/1853
f 2064/2064/1882 2035/2035/1853 2039/2039/1857
f 2060/2060/1878 2064/2064/1882 2039/2039/1857
f 2061/2061/1879 2060/2060/1878 2039/2039/1857
f 2061/2061/1879 2039/2039/1857 2036/2036/1854
f 2065/2065/1883 2066/2066/1884 2067/2067/1885
f 2067/2067/1885 2066/2066/1884 2068/2068/1886
f 2069/2069/1887 2067/2067/1885 2068/2068/1886
f 2065/2065/1883 2070/2070/1888 2066/2066/1884
f 2070/2070/1888 2071/2071/1889 2066/2066/1884
f 2069/2069/1887 2068/2068/1886 2072/2072/1890
f 2068/2068/1886 2073/2073/1891 2072/2072/1890
f 2070/2070/1888 2074/2074/1892 2071/2071/1889
f 2070/2070/1888 2065/2065/1883 2075/2075/1893
f 2074/2074/1892 2076/2076/1894 2071/2071/1889
f 2070/2070/1888 2075/2075/1893 2074/2074/1892
f 2074/2074/1892 2075/2075/1893 2077/2077/1895
f 2075/2075/1893 2078/2078/1896 2077/2077/1895
f 2074/2074/1892 2077/2077/1895 2079/2079/1897
f 2074/2074/1892 2079/2079/1897 2076/2076/1894
f 2079/2079/1897 2080/2080/1898 2076/2076/1894
f 2080/2080/1898 2081/2081/1899 2076/2076/1894
f 2080/2080/1898 2079/2079/1897 2077/2077/1895
f 2077/2077/1895 2082/2082/1900 2080/2080/1898
f 2080/2080/1898 2082/2082/1900 2081/2081/1899
f 2083/2083/1901 2077/2077/1895 2078/2078/1896
f 2083/2083/1901 2082/2082/1900 2077/2077/1895
f 2084/2084/1902 2083/2083/1901 2078/2078/1896
f 2082/2082/1900 2083/2083/1901 2081/2081/1899
f 2083/2083/1901 2085/2085/1903 2081/2081/1899
f 2084/2084/1902 2085/2085/1903 2083/2083/1901
f 2084/2084/1902 2086/2086/1904 2085/2085/1903
f 2085/2085/1903 2086/2086/1904 2087/2087/1905
f 2086/2086/1904 2088/2088/1906 2087/2087/1905
f 2087/2087/1905 2088/2088/1906 2089/2089/1907
f 2090/2090/1908 2087/2087/1905 2089/2089/1907
f 2089/2089/1907 2088/2088/1906 2091/2091/1909
f 2092/2092/1910 2090/2090/1908 2089/2089/1907
f 2089/2089/1907 2091/2091/1909 2092/2092/1910
f 2093/2093/1911 2090/2090/1908 2092/2092/1910
f 2092/2092/1910 2091/2091/1909 2094/2094/1912
f 2091/2091/1909 2095/2095/1913 2094/2094/1912
f 2092/2092/1910 2094/2094/1912 2096/2096/1914
f 2096/2096/1914 2093/2093/1911 2092/2092/1910
f 2097/2097/1915 2093/2093/1911 2096/2096/1914
f 2073/2073/1891 2093/2093/1911 2097/2097/1915
f 2097/2097/1915 2096/2096/1914 2094/2094/1912
f 2072/2072/1890 2073/2073/1891 2097/2097/1915
f 2072/2072/1890 2097/2097/1915 2094/2094/1912
f 2072/2072/1890 2094/2094/1912 2095/2095/1913
f 2069/2069/1887 2072/2072/1890 2095/2095/1913
f 2098/2098/1916 2099/2099/1917 2100/2100/1918
f 2101/2101/1919 2099/2099/1917 2098/2098/1916
f 2101/2101/1919 2098/2098/1916 2102/2102/1920
f 2099/2099/1917 2103/2103/1921 2100/2100/1918
f 2099/2099/1917 2104/2104/1922 2103/2103/1921
f 2105/2105/1923 2101/2101/1919 2102/2102/1920
f 2105/2105/1923 2106/2106/1924 2101/2101/1919
f 2104/2104/1922 2107/2107/1925 2103/2103/1921
f 2108/2108/1926 2100/2100/1918 2103/2103/1921
f 2104/2104/1922 2109/2109/1927 2107/2107/1925
f 2107/2107/1925 2108/2108/1926 2103/2103/1921
f 2110/2110/1928 2108/2108/1926 2107/2107/1925
f 2110/2110/1928 2111/2111/1929 2108/2108/1926
f 2112/2112/1930 2110/2110/1928 2107/2107/1925
f 2109/2109/1927 2112/2112/1930 2107/2107/1925
f 2110/2110/1928 2112/2112/1930 2113/2113/1931
f 2109/2109/1927 2113/2113/1931 2112/2112/1930
f 2109/2109/1927 2114/2114/1932 2113/2113/1931
f 2113/2113/1931 2115/2115/1933 2110/2110/1928
f 2114/2114/1932 2115/2115/1933 2113/2113/1931
f 2111/2111/1929 2110/2110/1928 2116/2116/1934
f 2110/2110/1928 2115/2115/1933 2116/2116/1934
f 2111/2111/1929 2116/2116/1934 2117/2117/1935
f 2114/2114/1932 2116/2116/1934 2115/2115/1933
f 2114/2114/1932 2118/2118/1936 2116/2116/1934
f 2116/2116/1934 2118/2118/1936 2117/2117/1935
f 2118/2118/1936 2119/2119/1937 2117/2117/1935
f 2120/2120/1938 2119/2119/1937 2118/2118/1936
f 2120/2120/1938 2121/2121/1939 2119/2119/1937
f 2122/2122/1940 2121/2121/1939 2120/2120/1938
f 2122/2122/1940 2120/2120/1938 2123/2123/1941
f 2124/2124/1942 2121/2121/1939 2122/2122/1940
f 2122/2122/1940 2123/2123/1941 2125/2125/1943
f 2125/2125/1943 2124/2124/1942 2122/2122/1940
f 2125/2125/1943 2123/2123/1941 2126/2126/1944
f 2127/2127/1945 2124/2124/1942 2125/2125/1943
f 2127/2127/1945 2128/2128/1946 2124/2124/1942
f 2129/2129/1947 2127/2127/1945 2125/2125/1943
f 2125/2125/1943 2126/2126/1944 2129/2129/1947
f 2127/2127/1945 2129/2129/1947 2130/2130/1948
f 2129/2129/1947 2126/2126/1944 2130/2130/1948
f 2130/2130/1948 2126/2126/1944 2106/2106/1924
f 2130/2130/1948 2106/2106/1924 2105/2105/1923
f 2127/2127/1945 2130/2130/1948 2105/2105/1923
f 2128/2128/1946 2127/2127/1945 2105/2105/1923
f 2128/2128/1946 2105/2105/1923 2102/2102/1920
f 1678/1678/1496 1681/1681/1499 1680/1680/1498
f 1681/1681/1499 1683/1683/1501 1680/1680/1498
f 1732/1732/1550 1738/1738/1556 1733/1733/1551
f 1732/1732/1550 1736/1736/1554 1738/1738/1556
f 1732/1732/1550 1734/1734/1552 1736/1736/1554
f 1787/1787/1605 1793/1793/1611 1788/1788/1606
f 1787/1787/1605 1791/1791/1609 1793/1793/1611
f 1787/1787/1605 1789/1789/1607 1791/1791/1609
f 1842/1842/1660 1845/1845/1663 1844/1844/1662
f 1845/1845/1663 1847/1847/1665 1844/1844/1662
f 2131/2131/1949 2132/2132/1950 2133/2133/1951
f 2131/2131/1949 2134/2134/1952 2132/2132/1950
f 2131/2131/1949 2133/2133/1951 2135/2135/1953
f 2136/2136/1954 2134/2134/1952 2131/2131/1949
f 2131/2131/1949 2135/2135/1953 2137/2137/1955
f 2138/2138/1956 2136/2136/1954 2131/2131/1949
f 2137/2137/1955 2139/2139/1957 2131/2131/1949
f 2140/2140/1958 2138/2138/1956 2131/2131/1949
f 2139/2139/1957 2141/2141/1959 2131/2131/1949
f 2142/2142/1960 2140/2140/1958 2131/2131/1949
f 2141/2141/1959 2143/2143/1961 2131/2131/1949
f 2131/2131/1949 2144/2144/1962 2142/2142/1960
f 2143/2143/1961 2145/2145/1963 2131/2131/1949
f 2131/2131/1949 2146/2146/1964 2144/2144/1962
f 2147/2147/1965 2148/2148/1966 2149/2149/1967
f 2148/2148/1966 2147/2147/1965 2150/2150/1968
f 2151/2151/1969 2147/2147/1965 2149/2149/1967
f 2150/2150/1968 2147/2147/1965 2152/2152/1970
f 2153/2153/1971 2147/2147/1965 2151/2151/1969
f 2152/2152/1970 2147/2147/1965 2154/2154/1972
f 2155/2155/1973 2147/2147/1965 2153/2153/1971
f 2147/2147/1965 2156/2156/1974 2154/2154/1972
f 2147/2147/1965 2155/2155/1973 2157/2157/1975
f 2158/2158/1976 2147/2147/1965 2157/2157/1975
f 2159/2159/1977 2147/2147/1965 2158/2158/1976
f 2160/2160/1978 2161/2161/1979 2147/2147/1965
f 2162/2162/1980 2160/2160/1978 2147/2147/1965
f 2162/2162/1980 2147/2147/1965 2159/2159/1977
f 2163/2163/1981 2164/2164/1982 2165/2165/1983
f 2163/2163/1981 2166/2166/1973 2164/2164/1982
f 2163/2163/1981 2165/2165/1983 2167/2167/1984
f 2168/2168/1985 2166/2166/1973 2163/2163/1981
f 2163/2163/1981 2167/2167/1984 2169/2169/1986
f 2170/2170/1987 2168/2168/1985 2163/2163/1981
f 2169/2169/1986 2171/2171/1988 2163/2163/1981
f 2172/2172/1989 2170/2170/1987 2163/2163/1981
f 2171/2171/1988 2173/2173/1990 2163/2163/1981
f 2174/2174/1991 2172/2172/1989 2163/2163/1981
f 2173/2173/1990 2175/2175/1992 2163/2163/1981
f 2163/2163/1981 2176/2176/1993 2174/2174/1991
f 2175/2175/1992 2177/2177/1994 2163/2163/1981
f 2163/2163/1981 2178/2178/1995 2176/2176/1993
f 2179/2179/1996 2180/2180/1997 2181/2181/1998
f 2180/2180/1997 2179/2179/1996 2182/2182/1999
f 2183/2183/2000 2179/2179/1996 2181/2181/1998
f 2182/2182/1999 2179/2179/1996 2184/2184/2001
f 2185/2185/2002 2179/2179/1996 2183/2183/2000
f 2184/2184/2001 2179/2179/1996 2186/2186/2003
f 2187/2187/1952 2179/2179/1996 2185/2185/2002
f 2179/2179/1996 2188/2188/2004 2186/2186/2003
f 2179/2179/1996 2187/2187/1952 2189/2189/2005
f 2190/2190/2006 2179/2179/1996 2189/2189/2005
f 2191/2191/2007 2179/2179/1996 2190/2190/2006
f 2192/2192/2008 2193/2193/2009 2179/2179/1996
f 2194/2194/2010 2192/2192/2008 2179/2179/1996
f 2194/2194/2010 2179/2179/1996 2191/2191/2007
