mtllib destinysembrace.mtl
v -1.678763 -10.885906 -1.767254
v 0.041490 -10.885906 -2.479805
v -2.250006 -12.599871 -2.338497
v 0.041490 -10.885906 -2.479805
v 0.041498 -12.599871 -3.287666
v -2.250006 -12.599871 -2.338497
v -2.250006 -12.599871 -2.338497
v 0.041498 -12.599871 -3.287666
v -2.302771 -13.730026 -2.391269
v 0.041498 -12.599871 -3.287666
v 0.041498 -13.730024 -3.362301
v -2.302771 -13.730026 -2.391269
v -2.302771 -13.730026 -2.391269
v 0.041498 -13.730024 -3.362301
v 0.041498 -14.538115 -2.509731
v 0.041498 -13.730024 -3.362301
v 2.385767 -13.730026 -2.391270
v 0.041498 -14.538115 -2.509731
v 0.041498 -14.538115 -2.509731
v 2.385767 -13.730026 -2.391270
v 2.504229 -14.538116 -0.047001
v 2.385767 -13.730026 -2.391270
v 3.356798 -13.796370 -0.047001
v 2.504229 -14.538116 -0.047001
v 2.504229 -14.538116 -0.047001
v 3.356798 -13.796370 -0.047001
v 2.385767 -13.796370 2.297268
v 3.356798 -13.796370 -0.047001
v 3.282167 -12.599871 -0.047001
v 2.385767 -13.796370 2.297268
v 2.385767 -13.796370 2.297268
v 3.282167 -12.599871 -0.047001
v 2.332995 -12.599871 2.244495
v 3.282167 -12.599871 -0.047001
v 2.474306 -10.885906 -0.047001
v 2.332995 -12.599871 2.244495
v 2.332995 -12.599871 2.244495
v 2.474306 -10.885906 -0.047001
v 1.761744 -10.885906 1.673252
v 2.474306 -10.885906 -0.047001
v 1.761744 -9.197336 1.673252
v 1.761744 -10.885906 1.673252
v 1.761744 -10.885906 1.673252
v 1.761744 -9.197336 1.673252
v 0.041498 -10.885906 2.385803
v 1.761744 -9.197336 1.673252
v 0.041498 -9.197336 2.385803
v 0.041498 -10.885906 2.385803
v 0.041498 -10.885906 2.385803
v 0.041498 -9.197336 2.385803
v -1.678755 -10.885906 1.673252
v 0.041498 -9.197336 2.385803
v -1.678755 -9.197336 1.673252
v -1.678755 -10.885906 1.673252
v -1.678755 -10.885906 1.673252
v -1.678755 -9.197336 1.673252
v -2.391310 -10.885906 -0.047001
v -1.678755 -9.197336 1.673252
v -2.391317 -9.197336 -0.047001
v -2.391310 -10.885906 -0.047001
v -2.391310 -10.885906 -0.047001
v -2.391317 -9.197336 -0.047001
v -1.678763 -10.885906 -1.767254
v -2.391317 -9.197336 -0.047001
v -1.678763 -9.197336 -1.767254
v -1.678763 -10.885906 -1.767254
v -1.678763 -10.885906 -1.767254
v -1.678763 -9.197336 -1.767254
v 0.041490 -10.885906 -2.479805
v -1.678763 -9.197336 -1.767254
v 0.041490 -9.197336 -2.479805
v 0.041490 -10.885906 -2.479805
v 0.041490 -10.885906 -2.479805
v 0.041490 -9.197336 -2.479805
v 1.761736 -10.885905 -1.767254
v 0.041490 -9.197336 -2.479805
v 1.761736 -9.197335 -1.767254
v 1.761736 -10.885905 -1.767254
v 1.761736 -10.885905 -1.767254
v 1.761736 -9.197335 -1.767254
v 2.474298 -9.197336 -0.047001
v 0.041498 11.341848 2.014900
v 0.839716 11.341848 1.293232
v 0.041498 62.253147 2.014904
v 0.839716 11.341848 1.293232
v 0.882517 62.253147 1.293236
v 0.041498 62.253147 2.014904
v 0.041498 62.253147 2.014904
v 0.882517 62.253147 1.293236
v 0.041498 63.036568 1.492447
v 0.882517 62.253147 1.293236
v 0.041498 63.573772 -0.046997
v 0.041498 63.036568 1.492447
v 0.041498 63.036568 1.492447
v 0.041498 63.573772 -0.046997
v -0.799520 62.253147 1.293236
v 0.041498 63.573772 -0.046997
v -0.799513 62.253147 -1.387234
v -0.799520 62.253147 1.293236
v -0.799520 62.253147 1.293236
v -0.799513 62.253147 -1.387234
v -0.756727 11.341848 1.293232
v -0.799513 62.253147 -1.387234
v -0.756727 11.341849 -1.387238
v -0.756727 11.341848 1.293232
v -0.756727 11.341848 1.293232
v -0.756727 11.341849 -1.387238
v 0.041498 11.341848 2.014900
v -0.756727 11.341849 -1.387238
v 0.041490 11.341848 -2.108902
v 0.041498 11.341848 2.014900
v 0.041498 11.341848 2.014900
v 0.041490 11.341848 -2.108902
v 0.839716 11.341848 1.293232
v 0.041490 11.341848 -2.108902
v 0.839716 11.341848 -1.387238
v 0.839716 11.341848 1.293232
v 0.839716 11.341848 1.293232
v 0.839716 11.341848 -1.387238
v 0.882517 62.253147 1.293236
v 0.839716 11.341848 -1.387238
v 0.882517 62.253147 -1.387234
v 0.882517 62.253147 1.293236
v 0.882517 62.253147 1.293236
v 0.882517 62.253147 -1.387234
v 0.041498 63.573772 -0.046997
v 0.882517 62.253147 -1.387234
v 0.041498 63.036568 -1.586445
v 0.041498 63.573772 -0.046997
v 0.041498 63.573772 -0.046997
v 0.041498 63.036568 -1.586445
v -0.799513 62.253147 -1.387234
v 0.041498 63.036568 -1.586445
v 0.041498 62.253147 -2.108898
v -0.799513 62.253147 -1.387234
v -0.799513 62.253147 -1.387234
v 0.041498 62.253147 -2.108898
v -0.756727 11.341849 -1.387238
v 0.041498 62.253147 -2.108898
v 0.041490 11.341848 -2.108902
v -0.756727 11.341849 -1.387238
v 0.041504 52.254238 -18.434753
v 0.041504 53.397102 -18.127052
v 0.041504 53.397102 -20.452278
v 0.041504 53.397102 -20.452278
v 0.041504 53.397102 -18.127052
v 0.041504 52.254238 -18.434753
v 0.041504 53.397102 -18.127052
v 0.041497 50.728844 -17.224312
v 0.041504 52.254238 -18.434753
v 0.041504 52.254238 -18.434753
v 0.041497 50.728844 -17.224312
v 0.041504 53.397102 -18.127052
v 0.041497 50.728844 -17.224312
v 0.041497 52.197407 -15.278267
v 0.041504 53.397102 -18.127052
v 0.041504 53.397102 -18.127052
v 0.041497 52.197407 -15.278267
v 0.041497 50.728844 -17.224312
v 0.041497 52.197407 -15.278267
v 0.041497 50.728844 -17.224312
v -0.364173 50.100826 -15.550804
v 0.041497 50.728844 -17.224312
v 0.041497 52.197407 -15.278267
v -0.364173 50.100826 -15.550804
v -0.364173 50.100826 -15.550804
v 0.041497 50.048649 -12.429489
v 0.041497 52.197407 -15.278267
v 0.041497 52.197407 -15.278267
v 0.041497 50.048649 -12.429489
v -0.364173 50.100826 -15.550804
v 0.041497 50.048649 -12.429489
v -0.364173 50.100826 -15.550804
v -0.219337 49.567764 -12.702988
v -0.364173 50.100826 -15.550804
v 0.041497 50.048649 -12.429489
v -0.219337 49.567764 -12.702988
v -0.219337 49.567764 -12.702988
v 0.041497 49.692554 -11.164299
v 0.041497 50.048649 -12.429489
v 0.041497 50.048649 -12.429489
v 0.041497 49.692554 -11.164299
v -0.219337 49.567764 -12.702988
v 0.041497 49.692554 -11.164299
v -0.219337 49.567764 -12.702988
v -0.130271 49.547184 -11.186127
v -0.219337 49.567764 -12.702988
v 0.041497 49.692554 -11.164299
v -0.130271 49.547184 -11.186127
v -0.130271 49.547184 -11.186127
v 0.041497 49.692554 -11.164299
v 0.041497 50.089085 -9.913383
v 0.041497 49.692554 -11.164299
v -0.130271 49.547184 -11.186127
v 0.041497 50.089085 -9.913383
v 0.041498 -10.885906 2.385803
v 0.041498 -12.599871 3.193665
v 1.761744 -10.885906 1.673252
v 1.761744 -10.885906 1.673252
v 0.041498 -12.599871 3.193665
v 2.332995 -12.599871 2.244495
v 0.041498 -12.599871 3.193665
v 0.041498 -13.730026 3.268295
v 2.332995 -12.599871 2.244495
v 2.332995 -12.599871 2.244495
v 0.041498 -13.730026 3.268295
v 2.385767 -13.796370 2.297268
v 0.041498 -13.730026 3.268295
v 0.041498 -14.538116 2.415726
v 2.385767 -13.796370 2.297268
v 2.385767 -13.796370 2.297268
v 0.041498 -14.538116 2.415726
v 2.504229 -14.538116 -0.047001
v 0.041498 -14.538116 2.415726
v 0.041498 -14.538116 2.415726
v 2.504229 -14.538116 -0.047001
v 2.504229 -14.538116 -0.047001
v 0.041498 -14.538116 2.415726
v 2.504229 -14.538116 -0.047001
v 0.041498 -14.538116 2.415726
v 0.041498 -15.134996 -0.047001
v 2.504229 -14.538116 -0.047001
v 2.504229 -14.538116 -0.047001
v 0.041498 -15.134996 -0.047001
v 0.041498 -14.538115 -2.509731
v 0.041498 -15.134996 -0.047001
v -2.421232 -14.538115 -0.047001
v 0.041498 -14.538115 -2.509731
v 0.041498 -14.538115 -2.509731
v -2.421232 -14.538115 -0.047001
v -2.302771 -13.730026 -2.391269
v -2.421232 -14.538115 -0.047001
v -3.273802 -13.796371 -0.047001
v -2.302771 -13.730026 -2.391269
v -2.302771 -13.730026 -2.391269
v -3.273802 -13.796371 -0.047001
v -3.199171 -12.599870 -0.047001
v -3.273802 -13.796371 -0.047001
v -2.302770 -13.796370 2.297268
v -3.199171 -12.599870 -0.047001
v -3.199171 -12.599870 -0.047001
v -2.302770 -13.796370 2.297268
v -2.250005 -12.599871 2.244496
v -2.302770 -13.796370 2.297268
v 0.041498 -13.730026 3.268295
v -2.250005 -12.599871 2.244496
v -2.250005 -12.599871 2.244496
v 0.041498 -13.730026 3.268295
v 0.041498 -12.599871 3.193665
v -0.352103 58.123211 -12.719284
v 0.041497 58.485748 -11.823730
v -0.352103 60.383236 -12.440834
v -0.352103 60.383236 -12.440834
v 0.041497 58.485748 -11.823730
v 0.041497 60.371445 -11.758507
v 0.041497 58.485748 -11.823730
v 0.435098 60.383236 -12.440826
v 0.041497 60.371445 -11.758507
v 0.041497 60.371445 -11.758507
v 0.435098 60.383236 -12.440826
v 0.041489 62.645218 -12.856361
v 0.435098 60.383236 -12.440826
v 0.435097 62.133350 -13.307693
v 0.041489 62.645218 -12.856361
v 0.041489 62.645218 -12.856361
v 0.435097 62.133350 -13.307693
v 0.041489 63.618668 -14.450325
v 0.435097 62.133350 -13.307693
v 0.041489 62.953827 -14.553688
v 0.041489 63.618668 -14.450325
v 0.041489 63.618668 -14.450325
v 0.041489 62.953827 -14.553688
v -0.352104 62.133350 -13.307701
v 3.356798 -13.796370 -0.047001
v 2.385767 -13.730026 -2.391270
v 3.282167 -12.599871 -0.047001
v 2.385767 -13.730026 -2.391270
v 2.332994 -12.599871 -2.338497
v 3.282167 -12.599871 -0.047001
v 3.282167 -12.599871 -0.047001
v 2.332994 -12.599871 -2.338497
v 2.474306 -10.885906 -0.047001
v 2.332994 -12.599871 -2.338497
v 1.761736 -10.885905 -1.767254
v 2.474306 -10.885906 -0.047001
v 2.474306 -10.885906 -0.047001
v 1.761736 -10.885905 -1.767254
v 2.474298 -9.197336 -0.047001
v 0.041498 -12.599871 3.193665
v 0.041498 -10.885906 2.385803
v -2.250005 -12.599871 2.244496
v 0.041498 -10.885906 2.385803
v -1.678755 -10.885906 1.673252
v -2.250005 -12.599871 2.244496
v -2.250005 -12.599871 2.244496
v -1.678755 -10.885906 1.673252
v -3.199171 -12.599870 -0.047001
v -1.678755 -10.885906 1.673252
v -2.391310 -10.885906 -0.047001
v -3.199171 -12.599870 -0.047001
v -3.199171 -12.599870 -0.047001
v -2.391310 -10.885906 -0.047001
v -1.678763 -10.885906 -1.767254
v 0.041498 -8.869591 3.256691
v -0.977132 -10.005838 6.391613
v 1.060130 -10.005838 6.391613
v -0.977132 -10.005838 6.391613
v -1.156896 -8.578580 9.536869
v 1.060130 -10.005838 6.391613
v 1.060130 -10.005838 6.391613
v -1.156896 -8.578580 9.536869
v 1.239901 -8.578580 9.536869
v -1.156896 -8.578580 9.536869
v 1.239909 -5.457113 10.287224
v 1.239901 -8.578580 9.536869
v 0.041490 -8.869591 -3.350693
v 1.060121 -10.005838 -6.485611
v -0.977141 -10.005838 -6.485619
v -0.977141 -10.005838 -6.485619
v 1.060121 -10.005838 -6.485611
v -1.156905 -8.578579 -9.630875
v 1.060121 -10.005838 -6.485611
v 1.239892 -8.578579 -9.630867
v -1.156905 -8.578579 -9.630875
v -1.156905 -8.578579 -9.630875
v 1.239892 -8.578579 -9.630867
v 1.239900 -5.457112 -10.381218
v 2.385767 -13.730026 -2.391270
v 0.041498 -13.730024 -3.362301
v 2.332994 -12.599871 -2.338497
v 0.041498 -13.730024 -3.362301
v 0.041498 -12.599871 -3.287666
v 2.332994 -12.599871 -2.338497
v 2.332994 -12.599871 -2.338497
v 0.041498 -12.599871 -3.287666
v 1.761736 -10.885905 -1.767254
v 0.041498 -12.599871 -3.287666
v 0.041490 -10.885906 -2.479805
v 1.761736 -10.885905 -1.767254
v 0.041498 63.036568 1.492447
v -0.799520 62.253147 1.293236
v 0.041498 62.253147 2.014904
v -0.799520 62.253147 1.293236
v -0.756727 11.341848 1.293232
v 0.041498 62.253147 2.014904
v 0.041498 62.253147 2.014904
v -0.756727 11.341848 1.293232
v 0.041498 11.341848 2.014900
v 0.041498 63.036568 -1.586445
v 0.882517 62.253147 -1.387234
v 0.041498 62.253147 -2.108898
v 0.882517 62.253147 -1.387234
v 0.839716 11.341848 -1.387238
v 0.041498 62.253147 -2.108898
v 0.041498 62.253147 -2.108898
v 0.839716 11.341848 -1.387238
v 0.041490 11.341848 -2.108902
v 0.041498 -13.730026 3.268295
v -2.302770 -13.796370 2.297268
v 0.041498 -14.538116 2.415726
v 0.041498 -14.538116 2.415726
v -2.302770 -13.796370 2.297268
v -2.421232 -14.538115 -0.047001
v -2.302770 -13.796370 2.297268
v -2.302770 -13.796370 2.297268
v -2.421232 -14.538115 -0.047001
v -2.421232 -14.538115 -0.047001
v -2.302770 -13.796370 2.297268
v -2.421232 -14.538115 -0.047001
v -2.302770 -13.796370 2.297268
v -3.273802 -13.796371 -0.047001
v -2.421232 -14.538115 -0.047001
v 0.041489 63.618668 -14.450325
v -0.352104 62.133350 -13.307701
v 0.041489 62.645218 -12.856361
v -0.352104 62.133350 -13.307701
v -0.352103 60.383236 -12.440834
v 0.041489 62.645218 -12.856361
v 0.041489 62.645218 -12.856361
v -0.352103 60.383236 -12.440834
v 0.041497 60.371445 -11.758507
v 0.041499 -1.219739 8.563183
v 1.239909 -5.457113 10.287224
v -1.156888 -5.457113 10.287224
v 1.239909 -5.457113 10.287224
v -1.156896 -8.578580 9.536869
v -1.156888 -5.457113 10.287224
v 0.041497 -1.219738 -8.657188
v -1.156898 -5.457112 -10.381226
v 1.239900 -5.457112 -10.381218
v -1.156898 -5.457112 -10.381226
v -1.156905 -8.578579 -9.630875
v 1.239900 -5.457112 -10.381218
v -1.678763 -10.885906 -1.767254
v -2.250006 -12.599871 -2.338497
v -3.199171 -12.599870 -0.047001
v -2.250006 -12.599871 -2.338497
v -2.302771 -13.730026 -2.391269
v -3.199171 -12.599870 -0.047001
v 0.041498 -15.134996 -0.047001
v 0.041498 -14.538116 2.415726
v -2.421232 -14.538115 -0.047001
v 0.435097 58.123211 -12.719276
v 0.435098 60.383236 -12.440826
v 0.041497 58.485748 -11.823730
v 1.761744 -9.197336 1.673252
v 2.474306 -10.885906 -0.047001
v 2.474298 -9.197336 -0.047001
v 0.041498 -9.197336 2.385803
v 1.761744 -9.197336 1.673252
v -1.678755 -9.197336 1.673252
v -1.678755 -9.197336 1.673252
v 1.761744 -9.197336 1.673252
v -2.391317 -9.197336 -0.047001
v 1.761744 -9.197336 1.673252
v 2.474298 -9.197336 -0.047001
v -2.391317 -9.197336 -0.047001
v -2.391317 -9.197336 -0.047001
v 2.474298 -9.197336 -0.047001
v -1.678763 -9.197336 -1.767254
v 2.474298 -9.197336 -0.047001
v 1.761736 -9.197335 -1.767254
v -1.678763 -9.197336 -1.767254
v -1.678763 -9.197336 -1.767254
v 1.761736 -9.197335 -1.767254
v 0.041490 -9.197336 -2.479805
v -1.202673 49.886341 -2.956661
v -1.461302 48.481152 -4.300137
v -0.984015 48.649391 -2.341373
v -0.984015 48.649391 -2.341373
v -1.461302 48.481152 -4.300137
v -0.834967 47.412975 -2.162086
v -1.461302 48.481152 -4.300137
v -1.371596 46.217140 -4.560509
v -0.834967 47.412975 -2.162086
v -0.834967 47.412975 -2.162086
v -1.371596 46.217140 -4.560509
v -0.842474 45.998035 -2.358345
v -1.371596 46.217140 -4.560509
v -0.823317 45.172001 -2.909565
v -0.842474 45.998035 -2.358345
v -0.984015 48.649391 -2.341373
v -0.834967 47.412975 -2.162086
v -1.221366 47.851135 -6.090027
v -0.834967 47.412975 -2.162086
v -0.842474 45.998035 -2.358345
v -1.221366 47.851135 -6.090027
v -1.221366 47.851135 -6.090027
v -0.842474 45.998035 -2.358345
v -1.025214 46.447815 -6.385757
v -0.842474 45.998035 -2.358345
v -0.823317 45.172001 -2.909565
v -1.025214 46.447815 -6.385757
v -1.025214 46.447815 -6.385757
v -0.823317 45.172001 -2.909565
v -0.666174 44.407410 -4.090225
v -1.202673 49.886341 -2.956661
v -1.202673 49.209278 -5.302437
v -1.461302 48.481152 -4.300137
v -1.202673 49.209278 -5.302437
v -1.221366 47.851135 -6.090027
v -1.461302 48.481152 -4.300137
v -1.461302 48.481152 -4.300137
v -1.221366 47.851135 -6.090027
v -1.371596 46.217140 -4.560509
v -1.221366 47.851135 -6.090027
v -1.025214 46.447815 -6.385757
v -1.371596 46.217140 -4.560509
v -1.371596 46.217140 -4.560509
v -1.025214 46.447815 -6.385757
v -0.795851 44.967701 -6.036537
v -0.656248 10.598967 -0.047001
v 0.041498 10.598967 1.304070
v 0.041491 11.341848 1.304070
v 0.041498 10.598967 1.304070
v 0.739237 10.598968 -0.047001
v 0.041491 11.341848 1.304070
v 0.041491 11.341848 1.304070
v 0.739237 10.598968 -0.047001
v 0.739237 11.341848 -0.047001
v 0.739237 10.598968 -0.047001
v 0.041490 11.341848 -1.398071
v 0.739237 11.341848 -0.047001
v 0.739237 10.598968 -0.047001
v 0.041490 10.598967 -1.398071
v 0.041490 11.341848 -1.398071
v 0.041490 10.598967 -1.398071
v -0.656248 10.598967 -0.047001
v 0.041490 11.341848 -1.398071
v 0.041490 11.341848 -1.398071
v -0.656248 10.598967 -0.047001
v -0.656248 11.341848 -0.047001
v -0.656248 10.598967 -0.047001
v 0.041491 11.341848 1.304070
v -0.656248 11.341848 -0.047001
v -1.688086 9.466291 -0.047001
v 0.041498 9.466290 2.014900
v 0.041498 10.651719 2.014900
v 0.041498 9.466290 2.014900
v 1.771074 9.466290 -0.047001
v 0.041498 10.651719 2.014900
v 0.041498 10.651719 2.014900
v 1.771074 9.466290 -0.047001
v 1.784357 10.651720 -0.047001
v 1.771074 9.466290 -0.047001
v 0.041490 10.651719 -2.108902
v 1.784357 10.651720 -0.047001
v 1.771074 9.466290 -0.047001
v 0.041490 9.466291 -2.108902
v 0.041490 10.651719 -2.108902
v 0.041490 9.466291 -2.108902
v -1.688086 9.466291 -0.047001
v 0.041490 10.651719 -2.108902
v 0.041490 10.651719 -2.108902
v -1.688086 9.466291 -0.047001
v -1.701384 10.651720 -0.047001
v -1.688086 9.466291 -0.047001
v 0.041498 10.651719 2.014900
v -1.701384 10.651720 -0.047001
v -1.371596 46.217140 -4.560509
v -1.000540 44.651134 -4.705460
v -0.823317 45.172001 -2.909565
v -0.823317 45.172001 -2.909565
v -1.000540 44.651134 -4.705460
v -0.666174 44.407410 -4.090225
v -1.000540 44.651134 -4.705460
v -0.273360 43.451672 -4.532684
v -0.666174 44.407410 -4.090225
v -0.273360 43.451672 -4.532684
v -1.000540 44.651134 -4.705460
v -0.488043 44.032547 -5.274818
v -0.488043 44.032547 -5.274818
v -1.000540 44.651134 -4.705460
v -0.795851 44.967701 -6.036537
v -1.000540 44.651134 -4.705460
v -1.371596 46.217140 -4.560509
v -0.795851 44.967701 -6.036537
v -1.025214 46.447815 -6.385757
v -0.666174 44.407410 -4.090225
v -0.795851 44.967701 -6.036537
v -0.795851 44.967701 -6.036537
v -0.666174 44.407410 -4.090225
v -0.488043 44.032547 -5.274818
v -0.666174 44.407410 -4.090225
v -0.273360 43.451672 -4.532684
v -0.488043 44.032547 -5.274818
v -1.202673 49.886341 -2.956661
v -0.984015 48.649391 -2.341373
v -1.202673 49.209278 -5.302437
v -1.202673 49.209278 -5.302437
v -0.984015 48.649391 -2.341373
v -1.221366 47.851135 -6.090027
v 0.041498 -14.737076 1.594818
v 0.041498 -15.134996 -0.047001
v 0.041498 -17.503527 1.594814
v 0.041498 -15.134996 -0.047001
v 0.041498 -17.503529 -1.688824
v 0.041498 -17.503527 1.594814
v 0.041498 -17.503527 1.594814
v 0.041498 -17.503529 -1.688824
v 0.041498 -15.134996 -0.047001
v 0.041498 -17.503529 -1.688824
v 0.041498 -15.134996 -0.047001
v 0.041498 -14.737074 -1.688820
v -1.701384 10.651720 -0.047001
v 0.041498 10.651719 2.014900
v 0.041490 10.651719 -2.108902
v 0.041490 10.651719 -2.108902
v 0.041498 10.651719 2.014900
v 1.784357 10.651720 -0.047001
v 0.041498 -15.134996 -0.047001
v 0.041498 -17.503529 -1.688824
v 0.041498 -14.737074 -1.688820
v 0.041498 -14.737076 1.594818
v 0.041498 -17.503527 1.594814
v 0.041498 -15.134996 -0.047001
v 0.041497 51.309521 -12.317871
v 0.041497 52.159702 -9.177635
v 0.041497 50.817986 -9.299828
v 0.041497 50.817986 -9.299828
v 0.041497 52.159702 -9.177635
v 0.041497 51.309521 -12.317871
v 0.041497 52.159702 -9.177635
v 0.041497 51.309521 -12.317871
v 0.041497 53.226040 -9.837769
v 0.041497 51.309521 -12.317871
v 0.041497 53.633240 -10.599602
v 0.041497 53.226040 -9.837769
v 0.041497 53.226040 -9.837769
v 0.041497 53.633240 -10.599602
v 0.041497 51.309521 -12.317871
v 0.041497 53.633240 -10.599602
v 0.041497 56.047474 -12.317871
v 0.041497 51.309521 -12.317871
v 0.041497 51.309521 -12.317871
v 0.041497 56.047474 -12.317871
v 0.041497 53.633240 -10.599602
v 0.041497 56.047474 -12.317871
v 0.041497 54.040462 -9.837769
v 0.041497 53.633240 -10.599602
v 0.041497 53.633240 -10.599602
v 0.041497 54.040462 -9.837769
v 0.041497 56.047474 -12.317871
v 0.041497 54.040462 -9.837769
v 0.041497 56.047474 -12.317871
v 0.041497 55.106815 -9.177635
v 0.041497 56.047474 -12.317871
v 0.041497 56.448521 -9.299828
v 0.041497 55.106815 -9.177635
v 0.041497 55.106815 -9.177635
v 0.041497 56.448521 -9.299828
v 0.041497 56.047474 -12.317871
v 0.041498 8.679090 2.014900
v 0.041499 -1.219739 8.563183
v 0.041499 -0.482907 11.852783
v 0.041499 -1.219739 8.563183
v 0.041498 8.679090 2.014900
v 0.041499 -0.482907 11.852783
v 0.041499 -0.482907 11.852783
v 0.041492 4.604697 13.512779
v 0.041498 8.679090 2.014900
v 0.041498 8.679090 2.014900
v 0.041492 4.604697 13.512779
v 0.041499 11.395189 9.402756
v 0.041492 4.604697 13.512779
v 0.041498 8.679090 2.014900
v 0.041499 11.395189 9.402756
v 0.041499 11.395189 9.402756
v 0.041498 14.016678 2.014900
v 0.041498 8.679090 2.014900
v 0.041498 8.679090 2.014900
v 0.041498 14.016678 2.014900
v 0.041499 11.395189 9.402756
v 0.041498 14.016678 2.014900
v 0.041499 11.395189 9.402756
v 0.041506 14.016145 8.208424
v 0.041499 11.395189 9.402756
v 0.041498 14.016678 2.014900
v 0.041506 14.016145 8.208424
v 0.041506 14.016145 8.208424
v 0.041499 15.329448 6.545486
v 0.041498 14.016678 2.014900
v 0.041498 14.016678 2.014900
v 0.041498 15.329700 3.677841
v 0.041499 15.329448 6.545486
v 0.041499 15.329448 6.545486
v 0.041498 15.329700 3.677841
v 0.041498 14.016678 2.014900
v 0.080856 49.459103 -22.198090
v 0.696556 50.881714 -21.076263
v -0.856331 50.064686 -21.451355
v 0.696556 50.881714 -21.076263
v 0.907784 51.234337 -17.954865
v -0.856331 50.064686 -21.451355
v -0.856331 50.064686 -21.451355
v 0.907784 51.234337 -17.954865
v -0.469574 50.528728 -17.924324
v 0.907784 51.234337 -17.954865
v 0.861970 50.737400 -15.194122
v -0.469574 50.528728 -17.924324
v -0.469574 50.528728 -17.924324
v 0.861970 50.737400 -15.194122
v -0.364173 50.100826 -15.550804
v 0.861970 50.737400 -15.194122
v 0.341363 49.748333 -12.433380
v -0.364173 50.100826 -15.550804
v -0.364173 50.100826 -15.550804
v 0.341363 49.748333 -12.433380
v -0.219337 49.567764 -12.702988
v 0.341363 49.748333 -12.433380
v 0.241334 49.692554 -11.207298
v -0.219337 49.567764 -12.702988
v -0.219337 49.567764 -12.702988
v 0.241334 49.692554 -11.207298
v -0.130271 49.547184 -11.186127
v 0.241334 49.692554 -11.207298
v 0.041497 50.089085 -9.913383
v -0.130271 49.547184 -11.186127
v -0.130271 49.547184 -11.186127
v 0.041497 50.089085 -9.913383
v -0.373237 49.437271 -10.175606
v 0.080856 49.459103 -22.198090
v -0.856331 50.064686 -21.451355
v -1.290131 47.299881 -22.633675
v -1.290131 47.299881 -22.633675
v -0.856331 50.064686 -21.451355
v -2.409981 47.036736 -21.381905
v -0.856331 50.064686 -21.451355
v -0.469574 50.528728 -17.924324
v -2.409981 47.036736 -21.381905
v -2.409981 47.036736 -21.381905
v -0.469574 50.528728 -17.924324
v -2.910881 47.181564 -16.791870
v -0.469574 50.528728 -17.924324
v -0.364173 50.100826 -15.550804
v -2.910881 47.181564 -16.791870
v -2.910881 47.181564 -16.791870
v -0.364173 50.100826 -15.550804
v -2.700805 47.322517 -13.998238
v -0.364173 50.100826 -15.550804
v -0.219337 49.567764 -12.702988
v -2.700805 47.322517 -13.998238
v -2.700805 47.322517 -13.998238
v -0.219337 49.567764 -12.702988
v -2.201247 47.967529 -11.992180
v -0.219337 49.567764 -12.702988
v -0.130271 49.547184 -11.186127
v -2.201247 47.967529 -11.992180
v -2.201247 47.967529 -11.992180
v -0.130271 49.547184 -11.186127
v -1.329825 48.274632 -11.150841
v -0.130271 49.547184 -11.186127
v -0.373237 49.437271 -10.175606
v -1.329825 48.274632 -11.150841
v 0.080856 49.459103 -22.198090
v -0.856331 50.064686 -21.451355
v 0.696556 50.881714 -21.076263
v 0.696556 50.881714 -21.076263
v -0.856331 50.064686 -21.451355
v 0.907784 51.234337 -17.954865
v -0.856331 50.064686 -21.451355
v -0.469574 50.528728 -17.924324
v 0.907784 51.234337 -17.954865
v 0.907784 51.234337 -17.954865
v -0.469574 50.528728 -17.924324
v 0.861970 50.737400 -15.194122
v -0.469574 50.528728 -17.924324
v -0.364173 50.100826 -15.550804
v 0.861970 50.737400 -15.194122
v 0.861970 50.737400 -15.194122
v -0.364173 50.100826 -15.550804
v 0.341363 49.748333 -12.433380
v -0.364173 50.100826 -15.550804
v -0.219337 49.567764 -12.702988
v 0.341363 49.748333 -12.433380
v 0.341363 49.748333 -12.433380
v -0.219337 49.567764 -12.702988
v 0.241334 49.692554 -11.207298
v -0.219337 49.567764 -12.702988
v -0.130271 49.547184 -11.186127
v 0.241334 49.692554 -11.207298
v 0.241334 49.692554 -11.207298
v -0.130271 49.547184 -11.186127
v 0.041497 50.089085 -9.913383
v -0.130271 49.547184 -11.186127
v -0.373237 49.437271 -10.175606
v 0.041497 50.089085 -9.913383
v 0.080856 49.459103 -22.198090
v -1.290131 47.299881 -22.633675
v -0.856331 50.064686 -21.451355
v -1.290131 47.299881 -22.633675
v -2.409981 47.036736 -21.381905
v -0.856331 50.064686 -21.451355
v -0.856331 50.064686 -21.451355
v -2.409981 47.036736 -21.381905
v -0.469574 50.528728 -17.924324
v -2.409981 47.036736 -21.381905
v -2.910881 47.181564 -16.791870
v -0.469574 50.528728 -17.924324
v -0.469574 50.528728 -17.924324
v -2.910881 47.181564 -16.791870
v -0.364173 50.100826 -15.550804
v -2.910881 47.181564 -16.791870
v -2.700805 47.322517 -13.998238
v -0.364173 50.100826 -15.550804
v -0.364173 50.100826 -15.550804
v -2.700805 47.322517 -13.998238
v -0.219337 49.567764 -12.702988
v -2.700805 47.322517 -13.998238
v -2.201247 47.967529 -11.992180
v -0.219337 49.567764 -12.702988
v -0.219337 49.567764 -12.702988
v -2.201247 47.967529 -11.992180
v -0.130271 49.547184 -11.186127
v -2.201247 47.967529 -11.992180
v -1.329825 48.274632 -11.150841
v -0.130271 49.547184 -11.186127
v -0.130271 49.547184 -11.186127
v -1.329825 48.274632 -11.150841
v -0.130271 49.547184 -11.186127
v -1.329825 48.274632 -11.150841
v -1.329825 48.274632 -11.150841
v -0.130271 49.547184 -11.186127
v -0.130271 49.547184 -11.186127
v -1.329825 48.274632 -11.150841
v -0.373237 49.437271 -10.175606
v 0.041490 46.017010 -11.377426
v 0.041497 47.813847 -11.643715
v 0.199479 47.587517 -17.004463
v 0.041497 47.813847 -11.643715
v 0.041490 46.017010 -11.377426
v 0.199479 47.587517 -17.004463
v 0.199479 47.587517 -17.004463
v 0.041490 46.017010 -11.377426
v 0.386735 44.786278 -13.638474
v 0.041490 46.017010 -11.377426
v 0.199479 47.587517 -17.004463
v 0.386735 44.786278 -13.638474
v 0.386735 44.786278 -13.638474
v 0.199479 47.587517 -17.004463
v 0.649712 44.283485 -19.361549
v 0.199479 47.587517 -17.004463
v 0.386735 44.786278 -13.638474
v 0.649712 44.283485 -19.361549
v 0.649712 44.283485 -19.361549
v 1.003235 41.294277 -14.572533
v 0.386735 44.786278 -13.638474
v 0.386735 44.786278 -13.638474
v 1.003235 41.294277 -14.572533
v 0.649712 44.283485 -19.361549
v 1.003235 41.294277 -14.572533
v 0.649712 44.283485 -19.361549
v 1.121109 40.700249 -19.361557
v 0.649712 44.283485 -19.361549
v 1.003235 41.294277 -14.572533
v 1.121109 40.700249 -19.361557
v 0.041499 10.492296 13.329521
v 0.041492 4.604697 13.512779
v 0.041499 11.395189 9.402756
v 0.041499 11.395189 9.402756
v 0.041492 4.604697 13.512779
v 0.041499 10.492296 13.329521
v 0.041492 4.604697 13.512779
v 0.041499 10.492296 13.329521
v 0.041492 5.759428 18.167465
v 0.041499 10.492296 13.329521
v 0.041492 4.604697 13.512779
v 0.041492 5.759428 18.167465
v 0.041492 5.759428 18.167465
v 0.041492 4.604697 13.512779
v 0.041492 2.386822 17.420288
v 0.041492 4.604697 13.512779
v 0.041492 5.759428 18.167465
v 0.041492 2.386822 17.420288
v -1.290131 47.299881 -22.633675
v -2.409981 47.036736 -21.381905
v -2.189346 45.180420 -21.821892
v -2.189346 45.180420 -21.821892
v -2.409981 47.036736 -21.381905
v -2.795494 44.186409 -20.332512
v -2.409981 47.036736 -21.381905
v -2.910881 47.181564 -16.791870
v -2.795494 44.186409 -20.332512
v -1.290131 47.299881 -22.633675
v -2.189346 45.180420 -21.821892
v -2.409981 47.036736 -21.381905
v -2.189346 45.180420 -21.821892
v -2.795494 44.186409 -20.332512
v -2.409981 47.036736 -21.381905
v -2.409981 47.036736 -21.381905
v -2.795494 44.186409 -20.332512
v -2.910881 47.181564 -16.791870
v 0.041497 55.106815 -9.177635
v 0.041497 56.047474 -12.317871
v 0.041497 54.040462 -9.837769
v 0.041497 52.159702 -9.177635
v 0.041497 53.226040 -9.837769
v 0.041497 51.309521 -12.317871
v 0.041499 -0.482907 11.852783
v 0.041498 8.679090 2.014900
v 0.041492 4.604697 13.512779
v 0.041498 14.016678 2.014900
v 0.041499 15.329448 6.545486
v 0.041506 14.016145 8.208424
v 1.239900 -5.457112 -10.381218
v 0.041497 -0.482906 -11.946785
v 0.041497 -1.219738 -8.657188
v 0.041497 -1.219738 -8.657188
v 0.041497 -0.482906 -11.946785
v -0.848433 9.102505 -3.411938
v 0.041497 -0.482906 -11.946785
v 0.041497 -1.219738 -8.657188
v -0.848433 9.102505 -3.411938
v -0.848433 9.102505 -3.411938
v -0.835440 8.679090 -1.387238
v 0.041497 -1.219738 -8.657188
v 0.041497 -1.219738 -8.657188
v -0.835440 8.679090 -1.387238
v -0.848433 9.102505 -3.411938
v -0.835440 8.679090 -1.387238
v -0.848433 9.102505 -3.411938
v -0.823302 11.428644 -3.763077
v -0.848433 9.102505 -3.411938
v -0.835440 8.679090 -1.387238
v -0.823302 11.428644 -3.763077
v -0.823302 11.428644 -3.763077
v -0.835440 12.584142 -1.387238
v -0.835440 8.679090 -1.387238
v -0.835440 8.679090 -1.387238
v -0.835440 12.584142 -1.387238
v -0.823302 11.428644 -3.763077
v -0.835440 12.584142 -1.387238
v -1.191786 14.530371 -3.571388
v -0.823302 11.428644 -3.763077
v -0.823302 11.428644 -3.763077
v -1.191786 14.530371 -3.571388
v -0.823294 12.028763 -5.286446
v -1.191786 14.530371 -3.571388
v -0.823294 12.028763 -5.286446
v -0.941420 14.388742 -5.394180
v -0.823294 12.028763 -5.286446
v -0.941420 14.388742 -5.394180
v -0.478591 13.377670 -8.397491
v -0.941420 14.388742 -5.394180
v -0.823294 12.028763 -5.286446
v -0.478591 13.377670 -8.397491
v -0.478591 13.377670 -8.397491
v -0.477454 10.129902 -6.608971
v -0.823294 12.028763 -5.286446
v -0.823294 12.028763 -5.286446
v -0.477454 10.129902 -6.608971
v -0.478591 13.377670 -8.397491
v -0.477454 10.129902 -6.608971
v -0.478591 13.377670 -8.397491
v 0.085664 11.650152 -10.131126
v -0.478591 13.377670 -8.397491
v -0.477454 10.129902 -6.608971
v 0.085664 11.650152 -10.131126
v 0.085664 11.650152 -10.131126
v 0.085656 9.365618 -9.185760
v -0.477454 10.129902 -6.608971
v -0.477454 10.129902 -6.608971
v 0.085656 9.365618 -9.185760
v 0.085664 11.650152 -10.131126
v 0.085656 9.365618 -9.185760
v 0.085664 11.650152 -10.131126
v 0.733071 9.649745 -11.671745
v 0.085664 11.650152 -10.131126
v 0.733071 11.329465 -11.336365
v 0.733071 9.649745 -11.671745
v 0.733071 9.649745 -11.671745
v 0.733071 11.329465 -11.336365
v 1.727219 12.467309 -13.250916
v 0.733071 11.329465 -11.336365
v 0.733071 9.649745 -11.671745
v 1.727219 12.467309 -13.250916
v 0.041498 -9.197336 2.385803
v 0.041491 -6.955947 1.169147
v 0.041498 -9.194735 1.169147
v 0.041498 -9.194735 1.169147
v 0.041491 -6.955947 1.169147
v 0.041498 -9.197336 2.385803
v 0.041491 -6.955947 1.169147
v 0.041491 -7.302459 2.631500
v 0.041498 -9.197336 2.385803
v 0.041498 -9.197336 2.385803
v 0.041491 -7.302459 2.631500
v 0.041491 -6.955947 1.169147
v 0.041491 -7.302459 2.631500
v 0.041498 -5.007265 2.047577
v 0.041491 -6.955947 1.169147
v 0.041491 -6.955947 1.169147
v 0.041498 -5.007265 2.047577
v 0.041491 -7.302459 2.631500
v 0.041498 -5.007265 2.047577
v 0.041498 -6.009639 2.948780
v 0.041491 -7.302459 2.631500
v 0.041491 -7.302459 2.631500
v 0.041498 -6.009639 2.948780
v 0.041498 -5.007265 2.047577
v 0.041498 -6.009639 2.948780
v 0.041498 -5.007265 2.047577
v 0.041498 -4.251114 3.442116
v 0.041498 -5.007265 2.047577
v 0.041498 -6.009639 2.948780
v 0.041498 -4.251114 3.442116
v 0.041498 -4.251114 3.442116
v 0.041498 -6.009639 2.948780
v 0.041498 -5.365049 3.963970
v 0.041498 -6.009639 2.948780
v 0.041498 -4.251114 3.442116
v 0.041498 -5.365049 3.963970
v 0.041498 -5.365049 3.963970
v 0.041499 -4.480043 4.869095
v 0.041498 -4.251114 3.442116
v 0.041498 -4.251114 3.442116
v 0.041499 -4.480043 4.869095
v 0.041498 -5.365049 3.963970
v 0.041499 -4.480043 4.869095
v 0.041499 -5.760854 5.044544
v 0.041498 -5.365049 3.963970
v 0.041498 -5.365049 3.963970
v 0.041499 -5.760854 5.044544
v 0.041499 -4.480043 4.869095
v 0.041499 -5.760854 5.044544
v 0.041499 -5.566390 5.773705
v 0.041499 -4.480043 4.869095
v 0.041499 -4.480043 4.869095
v 0.041499 -5.566390 5.773705
v 0.041499 -5.760854 5.044544
v 0.041499 -5.566390 5.773705
v 0.041499 -5.760854 5.044544
v 0.041499 -7.015827 5.765476
v 0.041499 -5.760854 5.044544
v 0.041499 -5.566390 5.773705
v 0.041499 -7.015827 5.765476
v 0.041490 -10.885906 -2.479805
v 0.041490 -8.869591 -3.350693
v 0.041490 -9.197336 -2.479805
v 0.041490 -8.869591 -3.350693
v 0.041490 -9.197336 -2.479805
v 0.041490 -7.302459 -2.725502
v 0.041490 -9.197336 -2.479805
v 0.041490 -6.955947 -1.263149
v 0.041490 -7.302459 -2.725502
v 0.041490 -7.302459 -2.725502
v 0.041498 -5.007264 -2.141579
v 0.041490 -6.955947 -1.263149
v 0.041490 -6.955947 -1.263149
v 0.041498 -5.007264 -2.141579
v 0.041490 -7.302459 -2.725502
v 0.041498 -5.007264 -2.141579
v 0.041498 -6.009639 -3.042782
v 0.041490 -7.302459 -2.725502
v 0.041490 -7.302459 -2.725502
v 0.041498 -6.009639 -3.042782
v 0.041498 -5.007264 -2.141579
v 0.041498 -6.009639 -3.042782
v 0.041498 -5.007264 -2.141579
v 0.041498 -4.251114 -3.536118
v 0.041498 -5.007264 -2.141579
v 0.041498 -6.009639 -3.042782
v 0.041498 -4.251114 -3.536118
v 0.041498 -4.251114 -3.536118
v 0.041498 -6.009639 -3.042782
v 0.041498 -5.365048 -4.057972
v 0.041498 -6.009639 -3.042782
v 0.041498 -4.251114 -3.536118
v 0.041498 -5.365048 -4.057972
v 0.041498 -5.365048 -4.057972
v 0.041498 -4.480043 -4.963097
v 0.041498 -4.251114 -3.536118
v 0.041498 -4.251114 -3.536118
v 0.041498 -4.480043 -4.963097
v 0.041498 -5.365048 -4.057972
v 0.041498 -4.480043 -4.963097
v 0.041498 -5.760853 -5.138550
v 0.041498 -5.365048 -4.057972
v 0.041498 -5.365048 -4.057972
v 0.041498 -5.760853 -5.138550
v 0.041498 -4.480043 -4.963097
v 0.041498 -5.760853 -5.138550
v 0.041498 -5.566389 -5.867706
v 0.041498 -4.480043 -4.963097
v 0.041498 -4.480043 -4.963097
v 0.041498 -5.566389 -5.867706
v 0.041498 -5.760853 -5.138550
v 0.041498 -5.566389 -5.867706
v 0.041490 -7.015826 -5.859482
v 0.041498 -5.760853 -5.138550
v 0.041498 -5.760853 -5.138550
v 0.041490 -7.015826 -5.859482
v 0.041498 -5.566389 -5.867706
v -0.690504 27.592381 -3.824078
v 0.041498 28.100716 -2.314205
v 0.041498 30.439579 -2.845928
v 0.041498 28.100716 -2.314205
v -0.690504 27.592381 -3.824078
v 0.041498 30.439579 -2.845928
v 0.041498 30.439579 -2.845928
v -0.690505 30.214279 -5.631310
v -0.690504 27.592381 -3.824078
v -0.690504 27.592381 -3.824078
v -0.643485 28.423588 -7.529289
v -0.690505 30.214279 -5.631310
v -0.690505 30.214279 -5.631310
v -0.643485 28.423588 -7.529289
v -0.690504 27.592381 -3.824078
v -0.643485 28.423588 -7.529289
v -0.643477 26.134033 -5.318054
v -0.690504 27.592381 -3.824078
v -0.690504 27.592381 -3.824078
v -0.643477 26.134033 -5.318054
v -0.643485 28.423588 -7.529289
v -0.643477 26.134033 -5.318054
v 0.164262 25.721840 -8.125076
v -0.643485 28.423588 -7.529289
v -0.643485 28.423588 -7.529289
v 0.164262 25.721840 -8.125076
v -0.643485 28.423588 -7.529289
v 0.164262 25.721840 -8.125076
v 0.164262 25.721840 -8.125076
v -0.643485 28.423588 -7.529289
v -0.643485 28.423588 -7.529289
v 0.164262 25.721840 -8.125076
v -0.643477 26.134033 -5.318054
v 0.164262 25.721840 -8.125076
v 0.164270 23.967739 -6.410408
v -0.643477 26.134033 -5.318054
v -0.643477 26.134033 -5.318054
v 0.164270 23.967739 -6.410408
v 0.164262 25.721840 -8.125076
v 0.164270 23.967739 -6.410408
v 0.164262 25.721840 -8.125076
v 0.901399 24.784256 -9.127541
v 0.164262 25.721840 -8.125076
v 0.164270 23.967739 -6.410408
v 0.901399 24.784256 -9.127541
v 0.901399 24.784256 -9.127541
v 0.164270 23.967739 -6.410408
v 1.294999 23.240494 -8.936081
v 0.164270 23.967739 -6.410408
v 0.901399 24.784256 -9.127541
v 1.294999 23.240494 -8.936081
v 1.294999 23.240494 -8.936081
v 0.901399 24.784256 -9.127541
v 1.970040 24.454035 -11.091461
v 0.901399 24.784256 -9.127541
v 1.294999 23.240494 -8.936081
v 1.970040 24.454035 -11.091461
v 0.439927 36.352150 -9.727127
v -0.332465 37.193718 -10.224106
v 0.067689 37.514454 -9.094437
v 0.067689 37.514454 -9.094437
v -0.332465 37.193718 -10.224106
v 0.439927 36.352150 -9.727127
v -0.332465 37.193718 -10.224106
v 0.439927 36.352150 -9.727127
v 0.023118 36.400963 -11.241585
v 0.439927 36.352150 -9.727127
v -0.332465 37.193718 -10.224106
v 0.023118 36.400963 -11.241585
v 0.023118 36.400963 -11.241585
v -1.050284 38.848358 -10.770096
v -0.332465 37.193718 -10.224106
v -0.332465 37.193718 -10.224106
v -1.050284 38.848358 -10.770096
v 0.023118 36.400963 -11.241585
v -1.050284 38.848358 -10.770096
v -0.775268 39.085217 -12.448746
v 0.023118 36.400963 -11.241585
v 0.023118 36.400963 -11.241585
v -0.775268 39.085217 -12.448746
v -1.050284 38.848358 -10.770096
v -0.775268 39.085217 -12.448746
v -1.194267 42.478596 -12.257263
v -1.050284 38.848358 -10.770096
v -1.050284 38.848358 -10.770096
v -1.194267 42.478596 -12.257263
v -1.405257 41.448177 -10.101280
v -1.194267 42.478596 -12.257263
v -1.202682 45.158749 -9.922356
v -1.405257 41.448177 -10.101280
v -1.405257 41.448177 -10.101280
v -1.202682 45.158749 -9.922356
v -1.194267 42.478596 -12.257263
v -1.202682 45.158749 -9.922356
v -1.202682 45.482662 -10.783699
v -1.194267 42.478596 -12.257263
v -1.194267 42.478596 -12.257263
v -1.202682 45.482662 -10.783699
v -1.202682 45.158749 -9.922356
v -0.352104 56.599796 -14.802078
v -0.352096 54.743618 -18.127052
v 0.041497 55.069103 -15.278267
v -0.352096 54.743618 -18.127052
v 0.041504 53.869411 -18.127052
v 0.041497 55.069103 -15.278267
v 0.041497 55.069103 -15.278267
v 0.041504 53.869411 -18.127052
v 0.435105 54.743618 -18.127045
v 0.041504 53.869411 -18.127052
v 0.041504 53.869411 -20.452278
v 0.435105 54.743618 -18.127045
v 0.435105 54.743618 -18.127045
v 0.041504 53.869411 -20.452278
v 0.435104 54.743618 -20.513451
v 0.041504 53.869411 -20.452278
v 0.041504 54.370857 -21.865829
v 0.435104 54.743618 -20.513451
v 0.435104 54.743618 -20.513451
v 0.041504 54.370857 -21.865829
v 0.380882 55.841331 -21.802429
v 0.041504 54.370857 -21.865829
v 0.041496 56.038197 -22.760452
v 0.380882 55.841331 -21.802429
v 0.380882 55.841331 -21.802429
v 0.041496 56.038197 -22.760452
v 0.041496 58.643402 -22.565102
v 0.041496 56.038197 -22.760452
v -0.297867 55.841331 -21.802437
v 0.041496 58.643402 -22.565102
v 0.041496 58.643402 -22.565102
v -0.297867 55.841331 -21.802437
v 0.041496 58.619831 -21.728462
v 0.041498 -8.869591 3.256691
v 1.060130 -10.005838 6.391613
v 0.041498 -10.885906 2.385803
v 1.060130 -10.005838 6.391613
v 0.041499 -13.038465 5.573681
v 0.041498 -10.885906 2.385803
v 0.041498 -10.885906 2.385803
v 0.041499 -13.038465 5.573681
v -0.977132 -10.005838 6.391613
v 0.041499 -13.038465 5.573681
v 0.041499 -13.241207 10.942123
v -0.977132 -10.005838 6.391613
v -0.977132 -10.005838 6.391613
v 0.041499 -13.241207 10.942123
v -1.156896 -8.578580 9.536869
v 0.041499 -13.241207 10.942123
v 0.041492 -10.496515 13.766556
v -1.156896 -8.578580 9.536869
v -1.156896 -8.578580 9.536869
v 0.041492 -10.496515 13.766556
v -1.156888 -5.457113 10.287224
v 0.041492 -10.496515 13.766556
v 0.041499 -5.504934 14.274174
v -1.156888 -5.457113 10.287224
v -1.156888 -5.457113 10.287224
v 0.041499 -5.504934 14.274174
v 0.041499 -0.482907 11.852783
v 0.041499 -5.504934 14.274174
v 1.239909 -5.457113 10.287224
v 0.041499 -0.482907 11.852783
v 0.041499 -0.482907 11.852783
v 1.239909 -5.457113 10.287224
v 0.041499 -1.219739 8.563183
v -1.202682 45.158749 -9.922356
v -1.202682 45.482662 -10.783699
v 0.041490 46.017010 -11.377426
v -1.202682 45.482662 -10.783699
v -1.202682 46.201771 -11.357933
v 0.041490 46.017010 -11.377426
v 0.041490 46.017010 -11.377426
v -1.202682 46.201771 -11.357933
v 0.041497 47.813847 -11.643715
v -1.202682 46.201771 -11.357933
v -1.202674 47.121056 -11.316048
v 0.041497 47.813847 -11.643715
v 0.041497 47.813847 -11.643715
v -1.202674 47.121056 -11.316048
v 0.041497 48.699627 -11.311729
v -1.202674 47.121056 -11.316048
v -1.202674 47.889393 -10.809601
v 0.041497 48.699627 -11.311729
v 0.041497 48.699627 -11.311729
v -1.202674 47.889393 -10.809601
v -0.373237 49.437271 -10.175606
v -1.202674 47.889393 -10.809601
v -1.202674 50.872997 -7.439713
v -0.373237 49.437271 -10.175606
v -0.373237 49.437271 -10.175606
v -1.202674 50.872997 -7.439713
v 0.041497 50.089085 -9.913383
v -1.202674 50.872997 -7.439713
v 0.041497 50.817986 -9.299828
v 0.041497 50.089085 -9.913383
v 0.041496 59.636414 -22.946030
v 0.041496 60.130878 -21.861336
v 0.041496 59.135258 -22.332390
v 0.041496 59.135258 -22.332390
v 0.041496 60.130878 -21.861336
v 0.041496 59.636414 -22.946030
v 0.041496 60.130878 -21.861336
v 0.041496 59.636414 -22.946030
v 0.041496 60.542294 -23.075829
v 0.041496 59.636414 -22.946030
v 0.041496 60.172733 -24.030945
v 0.041496 60.542294 -23.075829
v 0.041496 60.542294 -23.075829
v 0.041496 60.172733 -24.030945
v 0.041496 59.636414 -22.946030
v 0.041496 60.172733 -24.030945
v 0.041496 59.636414 -22.946030
v 0.041496 59.515453 -23.728706
v 0.041496 59.636414 -22.946030
v 0.041496 60.172733 -24.030945
v 0.041496 59.515453 -23.728706
v 0.041496 59.515453 -23.728706
v 0.041496 58.824936 -24.406273
v 0.041496 60.172733 -24.030945
v 0.041496 60.172733 -24.030945
v 0.041496 58.824936 -24.406273
v 0.041496 59.515453 -23.728706
v 0.041498 51.201042 -2.108902
v -1.202673 49.886341 -2.956661
v 0.041498 49.428352 -2.786354
v -1.202673 49.886341 -2.956661
v -1.202673 49.886341 -2.956661
v 0.041498 49.428352 -2.786354
v 0.041498 49.428352 -2.786354
v -1.202673 49.886341 -2.956661
v -1.202673 49.209278 -5.302437
v -1.202673 49.886341 -2.956661
v -1.203093 51.201042 -2.461838
v -1.202673 49.209278 -5.302437
v -1.202673 49.209278 -5.302437
v -1.203093 51.201042 -2.461838
v -1.202674 53.633240 -7.525223
v -1.203093 51.201042 -2.461838
v -1.202673 60.326069 -3.197910
v -1.202674 53.633240 -7.525223
v -1.202674 53.633240 -7.525223
v -1.202673 60.326069 -3.197910
v -1.202674 58.106480 -8.187477
v -1.202673 60.326069 -3.197910
v -1.202674 60.576458 -9.527542
v -1.202674 58.106480 -8.187477
v -1.202674 58.106480 -8.187477
v -1.202674 60.576458 -9.527542
v -0.352103 58.781818 -11.164299
v 0.041498 23.368315 2.122929
v 0.041498 24.680132 2.122929
v 0.041498 23.507238 3.939861
v 0.041498 24.680132 2.122929
v 0.041498 23.368315 2.122929
v 0.041498 23.507238 3.939861
v 0.041498 23.507238 3.939861
v 0.041498 23.368315 2.122929
v -0.287344 17.464165 2.010609
v 0.041498 23.368315 2.122929
v 0.041498 23.507238 3.939861
v -0.287344 17.464165 2.010609
v -0.287344 17.464165 2.010609
v 0.041498 23.507238 3.939861
v -0.073080 17.789211 2.905998
v 0.041498 23.507238 3.939861
v -0.287344 17.464165 2.010609
v -0.073080 17.789211 2.905998
v -0.073080 17.789211 2.905998
v -0.287344 17.464165 2.010609
v -0.282896 16.063200 3.343266
v -0.287344 17.464165 2.010609
v -0.073080 17.789211 2.905998
v -0.282896 16.063200 3.343266
v 0.041490 -6.955947 -1.263149
v 0.041490 -9.197336 -2.479805
v 0.041490 -7.302459 -2.725502
v 0.041490 -7.302459 -2.725502
v 0.041490 -9.197336 -2.479805
v 0.041490 -8.869591 -3.350693
v 0.041490 -9.197336 -2.479805
v 0.041490 -8.869591 -3.350693
v 0.041490 -10.885906 -2.479805
v 0.041490 -8.869591 -3.350693
v -0.977141 -10.005838 -6.485619
v 0.041490 -10.885906 -2.479805
v 0.041490 -10.885906 -2.479805
v -0.977141 -10.005838 -6.485619
v 0.041490 -13.038465 -5.667686
v -0.977141 -10.005838 -6.485619
v 0.041490 -13.241207 -11.036125
v 0.041490 -13.038465 -5.667686
v 0.041490 -13.038465 -5.667686
v 0.041490 -13.241207 -11.036125
v 1.060121 -10.005838 -6.485611
v 0.041490 -13.241207 -11.036125
v 1.239892 -8.578579 -9.630867
v 1.060121 -10.005838 -6.485611
v -1.011717 -9.194734 -0.047001
v 0.041498 -9.194735 1.169147
v -1.011709 7.920947 -0.047001
v -1.011709 7.920947 -0.047001
v 0.041498 -9.194735 1.169147
v 0.041498 7.920947 1.169147
v 0.041498 -9.194735 1.169147
v 1.094713 -9.194735 -0.047001
v 0.041498 7.920947 1.169147
v 0.041498 7.920947 1.169147
v 1.094713 -9.194735 -0.047001
v 1.094721 7.920947 -0.047001
v 1.094713 -9.194735 -0.047001
v 0.041490 -9.194735 -1.263149
v 1.094721 7.920947 -0.047001
v 1.094721 7.920947 -0.047001
v 0.041490 -9.194735 -1.263149
v 0.041498 7.920947 -1.263149
v 0.041490 -9.194735 -1.263149
v -1.011717 -9.194734 -0.047001
v 0.041498 7.920947 -1.263149
v 0.041498 7.920947 -1.263149
v -1.011717 -9.194734 -0.047001
v -1.011709 7.920947 -0.047001
v -1.202681 45.482662 -9.060997
v -1.202674 45.795040 -6.038673
v -1.202682 45.158749 -9.922356
v -1.202682 45.158749 -9.922356
v -1.202674 45.795040 -6.038673
v -1.415496 43.640591 -9.768883
v -1.202674 45.795040 -6.038673
v -0.842345 44.373409 -4.909576
v -1.415496 43.640591 -9.768883
v -1.415496 43.640591 -9.768883
v -0.842345 44.373409 -4.909576
v -1.358474 41.958271 -9.024025
v -0.842345 44.373409 -4.909576
v -0.729506 42.555721 -4.270699
v -1.358474 41.958271 -9.024025
v -1.358474 41.958271 -9.024025
v -0.729506 42.555721 -4.270699
v -1.113387 40.793659 -7.370216
v -0.729506 42.555721 -4.270699
v -1.023856 40.605339 -5.628433
v -1.113387 40.793659 -7.370216
v -1.202673 49.209278 -5.302437
v -1.308501 48.079933 -5.440018
v -1.202674 48.233402 -8.386330
v -1.308501 48.079933 -5.440018
v -1.286742 47.031349 -5.703568
v -1.202674 48.233402 -8.386330
v -1.202674 48.233402 -8.386330
v -1.286742 47.031349 -5.703568
v -1.202674 47.204563 -8.456238
v -1.286742 47.031349 -5.703568
v -1.200057 46.186100 -6.069237
v -1.202674 47.204563 -8.456238
v -1.202674 47.204563 -8.456238
v -1.200057 46.186100 -6.069237
v -1.202681 46.382843 -8.153107
v -1.200057 46.186100 -6.069237
v -1.120650 45.778019 -6.520523
v -1.202681 46.382843 -8.153107
v -1.202681 46.382843 -8.153107
v -1.120650 45.778019 -6.520523
v -1.001624 45.246449 -7.701225
v 0.041498 61.906712 -6.261368
v 0.041498 60.854816 -3.234772
v 1.032373 58.106480 -8.187469
v 0.041498 60.854816 -3.234772
v 0.041498 59.138741 -2.108902
v 1.032373 58.106480 -8.187469
v 1.032373 58.106480 -8.187469
v 0.041498 59.138741 -2.108902
v 1.285676 53.633240 -7.525215
v 0.041498 59.138741 -2.108902
v 0.041498 51.201042 -2.108902
v 1.285676 53.633240 -7.525215
v 1.285676 53.633240 -7.525215
v 0.041498 51.201042 -2.108902
v 0.851083 50.833828 -7.439705
v 0.041498 51.201042 -2.108902
v 0.041498 49.428352 -2.786354
v 0.851083 50.833828 -7.439705
v 0.851083 50.833828 -7.439705
v 0.041498 49.428352 -2.786354
v 0.041498 48.635723 -5.302437
v 0.041498 25.344164 2.122929
v -1.307760 22.132893 1.304070
v -1.061026 24.238453 1.304073
v -1.061026 24.238453 1.304073
v -1.307760 22.132893 1.304070
v -1.085074 20.142300 -4.441315
v -1.307760 22.132893 1.304070
v -1.293425 19.198544 -3.034542
v -1.085074 20.142300 -4.441315
v -1.085074 20.142300 -4.441315
v -1.293425 19.198544 -3.034542
v -1.044646 17.430212 -5.568924
v -1.293425 19.198544 -3.034542
v -1.261107 16.886583 -3.962509
v -1.044646 17.430212 -5.568924
v -1.044646 17.430212 -5.568924
v -1.261107 16.886583 -3.962509
v -0.941420 14.388742 -5.394180
v -1.261107 16.886583 -3.962509
v -1.191786 14.530371 -3.571388
v -0.941420 14.388742 -5.394180
v 0.041498 25.344164 2.122929
v -1.061026 24.238453 1.304073
v -1.307760 22.132893 1.304070
v -1.061026 24.238453 1.304073
v -1.085074 20.142300 -4.441315
v -1.307760 22.132893 1.304070
v -1.307760 22.132893 1.304070
v -1.085074 20.142300 -4.441315
v -1.307760 22.132893 1.304070
v -1.085074 20.142300 -4.441315
v -1.085074 20.142300 -4.441315
v -1.307760 22.132893 1.304070
v -1.307760 22.132893 1.304070
v -1.085074 20.142300 -4.441315
v -1.293425 19.198544 -3.034542
v -1.085074 20.142300 -4.441315
v -1.044646 17.430212 -5.568924
v -1.293425 19.198544 -3.034542
v -1.293425 19.198544 -3.034542
v -1.044646 17.430212 -5.568924
v -1.261107 16.886583 -3.962509
v -1.044646 17.430212 -5.568924
v -0.941420 14.388742 -5.394180
v -1.261107 16.886583 -3.962509
v -1.261107 16.886583 -3.962509
v -0.941420 14.388742 -5.394180
v -1.191786 14.530371 -3.571388
v 0.041498 31.612881 -3.112663
v 1.390756 28.490839 -1.387234
v 1.390756 26.442465 -1.387234
v 1.390756 28.490839 -1.387234
v 1.390764 26.414145 1.293236
v 1.390756 26.442465 -1.387234
v 1.390756 26.442465 -1.387234
v 1.390764 26.414145 1.293236
v 1.390764 24.363665 1.293236
v 1.390764 26.414145 1.293236
v 0.041498 25.344164 2.122929
v 1.390764 24.363665 1.293236
v 1.390764 24.363665 1.293236
v 0.041498 25.344164 2.122929
v 0.041498 23.368315 2.122929
v 0.041498 25.344164 2.122929
v -1.307760 22.132893 1.304070
v 0.041498 23.368315 2.122929
v 0.041498 31.612881 -3.112663
v 1.390756 26.442465 -1.387234
v 1.390756 28.490839 -1.387234
v 1.390756 28.490839 -1.387234
v 1.390756 26.442465 -1.387234
v 1.390764 26.414145 1.293236
v 1.390756 26.442465 -1.387234
v 1.390764 24.363665 1.293236
v 1.390764 26.414145 1.293236
v 1.390764 26.414145 1.293236
v 1.390764 24.363665 1.293236
v 0.041498 25.344164 2.122929
v 1.390764 24.363665 1.293236
v 0.041498 23.368315 2.122929
v 0.041498 25.344164 2.122929
v 0.041498 25.344164 2.122929
v 0.041498 23.368315 2.122929
v -1.307760 22.132893 1.304070
v -1.308501 48.079933 -5.440018
v -1.387877 47.695301 -7.001816
v -1.286742 47.031349 -5.703568
v -1.286742 47.031349 -5.703568
v -1.387877 47.695301 -7.001816
v -1.200057 46.186100 -6.069237
v -1.387877 47.695301 -7.001816
v -1.202681 46.382843 -8.153107
v -1.200057 46.186100 -6.069237
v -1.200057 46.186100 -6.069237
v -1.202681 46.382843 -8.153107
v -1.120650 45.778019 -6.520523
v -1.202681 46.382843 -8.153107
v -1.001624 45.246449 -7.701225
v -1.120650 45.778019 -6.520523
v 0.041497 48.699627 -11.311729
v 0.851083 50.833828 -7.439705
v 0.041497 47.813847 -11.643715
v 0.041497 47.813847 -11.643715
v 0.851083 50.833828 -7.439705
v 0.041490 46.017010 -11.377426
v 0.851083 50.833828 -7.439705
v 0.041498 48.635723 -5.302437
v 0.041490 46.017010 -11.377426
v 0.041490 46.017010 -11.377426
v 0.041498 48.635723 -5.302437
v -1.202682 45.158749 -9.922356
v 0.041498 48.635723 -5.302437
v -1.202681 45.482662 -9.060997
v -1.202682 45.158749 -9.922356
v -1.202674 47.889393 -10.809601
v -1.202682 45.158749 -9.922356
v -1.202674 50.872997 -7.439713
v -1.202682 45.158749 -9.922356
v -1.202681 45.482662 -9.060997
v -1.202674 50.872997 -7.439713
v -1.202674 50.872997 -7.439713
v -1.202681 45.482662 -9.060997
v -1.202673 49.209278 -5.302437
v -1.202681 45.482662 -9.060997
v 0.041498 48.635723 -5.302437
v -1.202673 49.209278 -5.302437
v -1.202673 49.209278 -5.302437
v 0.041498 48.635723 -5.302437
v 0.041498 49.428352 -2.786354
v 0.041497 53.633240 -10.599602
v 0.041497 54.040462 -9.837769
v 1.285676 53.633240 -7.525215
v 0.041497 54.040462 -9.837769
v 0.041497 55.106815 -9.177635
v 1.285676 53.633240 -7.525215
v 1.285676 53.633240 -7.525215
v 0.041497 55.106815 -9.177635
v 1.032373 58.106480 -8.187469
v 0.041497 55.106815 -9.177635
v 0.041497 56.448521 -9.299828
v 1.032373 58.106480 -8.187469
v 1.032373 58.106480 -8.187469
v 0.041497 56.448521 -9.299828
v 0.041497 57.177448 -9.913383
v 0.041497 53.633240 -10.599602
v -1.202674 53.633240 -7.525223
v 0.041497 54.040462 -9.837769
v 0.041497 54.040462 -9.837769
v -1.202674 53.633240 -7.525223
v 0.041497 55.106815 -9.177635
v -1.202674 53.633240 -7.525223
v -1.202674 58.106480 -8.187477
v 0.041497 55.106815 -9.177635
v 0.041497 55.106815 -9.177635
v -1.202674 58.106480 -8.187477
v 0.041497 56.448521 -9.299828
v -1.202674 58.106480 -8.187477
v 0.041497 57.177448 -9.913383
v 0.041497 56.448521 -9.299828
v 0.041497 53.633240 -10.599602
v 1.285676 53.633240 -7.525215
v 0.041497 53.226040 -9.837769
v 0.041497 53.226040 -9.837769
v 1.285676 53.633240 -7.525215
v 0.041497 52.159702 -9.177635
v 1.285676 53.633240 -7.525215
v 0.851083 50.833828 -7.439705
v 0.041497 52.159702 -9.177635
v 0.041497 52.159702 -9.177635
v 0.851083 50.833828 -7.439705
v 0.041497 50.817986 -9.299828
v 0.851083 50.833828 -7.439705
v 0.041497 50.089085 -9.913383
v 0.041497 50.817986 -9.299828
v 0.435098 58.781818 -11.164291
v 0.041497 57.573940 -11.164299
v 0.435097 58.123211 -12.719276
v 0.041497 57.573940 -11.164299
v 0.041497 57.217861 -12.429489
v 0.435097 58.123211 -12.719276
v 0.435097 58.123211 -12.719276
v 0.041497 57.217861 -12.429489
v 0.435097 56.599796 -14.802071
v 0.041497 57.217861 -12.429489
v 0.041497 55.069103 -15.278267
v 0.435097 56.599796 -14.802071
v 0.435097 56.599796 -14.802071
v 0.041497 55.069103 -15.278267
v 0.435105 54.743618 -18.127045
v 0.380882 55.841331 -21.802429
v 0.041496 58.643402 -22.565102
v 0.041496 58.619831 -21.728462
v 0.041496 58.643402 -22.565102
v 0.041496 60.540951 -20.765503
v 0.041496 58.619831 -21.728462
v 0.041496 58.619831 -21.728462
v 0.041496 60.540951 -20.765503
v 0.041496 58.643402 -22.565102
v 0.041496 60.540951 -20.765503
v 0.041496 61.485767 -21.220268
v 0.041496 58.643402 -22.565102
v 0.041496 58.643402 -22.565102
v 0.041496 61.485767 -21.220268
v 0.041496 60.540951 -20.765503
v 0.041496 56.038197 -22.760452
v 0.041504 54.370857 -21.865829
v -0.297867 55.841331 -21.802437
v -0.297867 55.841331 -21.802437
v 0.041504 54.370857 -21.865829
v -0.352096 54.743618 -20.513458
v 0.041504 54.370857 -21.865829
v 0.041504 53.869411 -20.452278
v -0.352096 54.743618 -20.513458
v -0.352096 54.743618 -20.513458
v 0.041504 53.869411 -20.452278
v -0.352096 54.743618 -18.127052
v 0.041504 53.869411 -20.452278
v 0.041504 53.869411 -18.127052
v -0.352096 54.743618 -18.127052
v -0.977132 -10.005838 6.391613
v 0.041498 -8.869591 3.256691
v 0.041498 -10.885906 2.385803
v 0.041498 -8.869591 3.256691
v 0.041498 -9.197336 2.385803
v 0.041498 -10.885906 2.385803
v 0.041498 -10.885906 2.385803
v 0.041498 -9.197336 2.385803
v 0.041498 -8.869591 3.256691
v 0.041498 -9.197336 2.385803
v 0.041491 -7.302459 2.631500
v 0.041498 -8.869591 3.256691
v 0.041498 -8.869591 3.256691
v 0.041491 -7.302459 2.631500
v 0.041498 -9.197336 2.385803
v 0.041499 -5.504934 14.274174
v 0.041492 -10.496515 13.766556
v 1.239909 -5.457113 10.287224
v 1.239909 -5.457113 10.287224
v 0.041492 -10.496515 13.766556
v 1.239901 -8.578580 9.536869
v 0.041492 -10.496515 13.766556
v 0.041499 -13.241207 10.942123
v 1.239901 -8.578580 9.536869
v 1.239901 -8.578580 9.536869
v 0.041499 -13.241207 10.942123
v 1.060130 -10.005838 6.391613
v 0.041499 -13.241207 10.942123
v 0.041499 -13.038465 5.573681
v 1.060130 -10.005838 6.391613
v 1.239892 -8.578579 -9.630867
v 0.041489 -10.496514 -13.860558
v 1.239900 -5.457112 -10.381218
v 1.239900 -5.457112 -10.381218
v 0.041489 -10.496514 -13.860558
v 0.041497 -5.504933 -14.368179
v 0.041489 -10.496514 -13.860558
v -1.156898 -5.457112 -10.381226
v 0.041497 -5.504933 -14.368179
v 0.041497 -5.504933 -14.368179
v -1.156898 -5.457112 -10.381226
v 0.041497 -0.482906 -11.946785
v -1.156898 -5.457112 -10.381226
v 0.041497 -1.219738 -8.657188
v 0.041497 -0.482906 -11.946785
v -1.202856 56.349388 -2.877132
v -1.202994 53.386398 -2.638119
v -0.966963 51.235268 0.511402
v -1.202994 53.386398 -2.638119
v -1.140822 49.995399 -0.660900
v -0.966963 51.235268 0.511402
v -0.966963 51.235268 0.511402
v -1.140822 49.995399 -0.660900
v -0.923536 44.848530 1.859585
v -1.140822 49.995399 -0.660900
v -1.110350 44.848530 0.434090
v -0.923536 44.848530 1.859585
v -0.923536 44.848530 1.859585
v -1.110350 44.848530 0.434090
v -1.089537 38.492985 -0.405514
v -1.202856 56.349388 -2.877132
v -0.966963 51.235268 0.511402
v -1.202994 53.386398 -2.638119
v -1.202994 53.386398 -2.638119
v -0.966963 51.235268 0.511402
v -1.140822 49.995399 -0.660900
v -0.966963 51.235268 0.511402
v -0.923536 44.848530 1.859585
v -1.140822 49.995399 -0.660900
v -1.140822 49.995399 -0.660900
v -0.923536 44.848530 1.859585
v -1.110350 44.848530 0.434090
v -0.923536 44.848530 1.859585
v -1.089537 38.492985 -0.405514
v -1.110350 44.848530 0.434090
v -1.011709 7.920947 -0.047001
v 0.041498 7.920947 1.169147
v 0.041498 9.466290 2.014900
v 0.041498 7.920947 1.169147
v 1.094721 7.920947 -0.047001
v 0.041498 9.466290 2.014900
v 0.041498 9.466290 2.014900
v 1.094721 7.920947 -0.047001
v 1.771074 9.466290 -0.047001
v 1.094721 7.920947 -0.047001
v 0.041490 9.466291 -2.108902
v 1.771074 9.466290 -0.047001
v 0.041498 9.466290 2.014900
v -1.688086 9.466291 -0.047001
v -1.011709 7.920947 -0.047001
v -1.688086 9.466291 -0.047001
v 0.041490 9.466291 -2.108902
v -1.011709 7.920947 -0.047001
v -1.011709 7.920947 -0.047001
v 0.041490 9.466291 -2.108902
v 0.041498 7.920947 -1.263149
v 0.041490 9.466291 -2.108902
v 1.094721 7.920947 -0.047001
v 0.041498 7.920947 -1.263149
v -1.202674 48.233402 -8.386330
v -1.387877 47.695301 -7.001816
v -1.202674 49.214466 -7.746040
v -1.202674 49.214466 -7.746040
v -1.387877 47.695301 -7.001816
v -1.202674 49.627666 -6.277344
v -1.387877 47.695301 -7.001816
v -1.308501 48.079933 -5.440018
v -1.202674 49.627666 -6.277344
v -1.202674 49.627666 -6.277344
v -1.308501 48.079933 -5.440018
v -1.202673 49.209278 -5.302437
v 0.041497 60.968376 -9.658508
v -1.202674 61.408047 -6.261368
v 0.041498 61.906712 -6.261368
v 0.041498 61.906712 -6.261368
v -1.202674 61.408047 -6.261368
v 0.041498 60.854816 -3.234772
v -1.202674 61.408047 -6.261368
v -1.202673 60.326069 -3.197910
v 0.041498 60.854816 -3.234772
v 0.041498 60.854816 -3.234772
v -1.202673 60.326069 -3.197910
v 0.041498 59.138741 -2.108902
v 0.041498 61.906712 -6.261368
v 1.032373 58.106480 -8.187469
v 0.041497 60.968376 -9.658508
v 0.041497 60.968376 -9.658508
v 1.032373 58.106480 -8.187469
v 0.435098 58.781818 -11.164291
v 1.032373 58.106480 -8.187469
v 0.041497 57.177448 -9.913383
v 0.435098 58.781818 -11.164291
v 0.435098 58.781818 -11.164291
v 0.041497 57.177448 -9.913383
v 0.041497 57.573940 -11.164299
v 0.041497 53.633240 -10.599602
v 0.041497 53.226040 -9.837769
v -1.202674 53.633240 -7.525223
v 0.041497 53.226040 -9.837769
v 0.041497 52.159702 -9.177635
v -1.202674 53.633240 -7.525223
v -1.202674 53.633240 -7.525223
v 0.041497 52.159702 -9.177635
v -1.202674 50.872997 -7.439713
v 0.041497 52.159702 -9.177635
v 0.041497 50.817986 -9.299828
v -1.202674 50.872997 -7.439713
v -0.352103 58.781818 -11.164299
v -0.352103 58.123211 -12.719284
v 0.041497 57.573940 -11.164299
v 0.041497 57.573940 -11.164299
v -0.352103 58.123211 -12.719284
v 0.041497 57.217861 -12.429489
v -0.352103 58.123211 -12.719284
v -0.352104 56.599796 -14.802078
v 0.041497 57.217861 -12.429489
v 0.041497 57.217861 -12.429489
v -0.352104 56.599796 -14.802078
v 0.041497 55.069103 -15.278267
v 0.435097 58.123211 -12.719276
v -0.352103 60.383236 -12.440834
v 0.435098 60.383236 -12.440826
v 0.435098 60.383236 -12.440826
v -0.352103 60.383236 -12.440834
v 0.435097 62.133350 -13.307693
v -0.352103 60.383236 -12.440834
v -0.352104 62.133350 -13.307701
v 0.435097 62.133350 -13.307693
v 0.435097 62.133350 -13.307693
v -0.352104 62.133350 -13.307701
v 0.041489 62.953827 -14.553688
v -1.089537 38.492985 -0.405514
v -0.916121 34.400566 -2.483685
v -0.997053 32.759335 -1.785347
v -0.916121 34.400566 -2.483685
v 0.041498 31.612881 -3.112663
v -0.997053 32.759335 -1.785347
v -0.997053 32.759335 -1.785347
v 0.041498 31.612881 -3.112663
v 0.041498 28.100716 -2.314205
v 0.041498 31.612881 -3.112663
v 1.390756 26.442465 -1.387234
v 0.041498 28.100716 -2.314205
v -1.089537 38.492985 -0.405514
v -0.997053 32.759335 -1.785347
v -0.916121 34.400566 -2.483685
v -0.916121 34.400566 -2.483685
v -0.997053 32.759335 -1.785347
v 0.041498 31.612881 -3.112663
v -0.997053 32.759335 -1.785347
v 0.041498 28.100716 -2.314205
v 0.041498 31.612881 -3.112663
v 0.041498 31.612881 -3.112663
v 0.041498 28.100716 -2.314205
v 1.390756 26.442465 -1.387234
v -1.202681 45.482662 -9.060997
v -1.598822 43.943802 -6.671234
v -1.202681 46.382843 -8.153107
v -1.202681 46.382843 -8.153107
v -1.598822 43.943802 -6.671234
v -1.202674 45.795040 -6.038673
v -1.598822 43.943802 -6.671234
v -0.842345 44.373409 -4.909576
v -1.202674 45.795040 -6.038673
v -1.202681 45.482662 -9.060997
v -1.202682 45.158749 -9.922356
v -1.598822 43.943802 -6.671234
v -1.202682 45.158749 -9.922356
v -1.415496 43.640591 -9.768883
v -1.598822 43.943802 -6.671234
v -1.598822 43.943802 -6.671234
v -1.415496 43.640591 -9.768883
v -1.358474 41.958271 -9.024025
v -1.358474 41.958271 -9.024025
v -1.113387 40.793659 -7.370216
v -1.598822 43.943802 -6.671234
v -1.113387 40.793659 -7.370216
v -1.023856 40.605339 -5.628433
v -1.598822 43.943802 -6.671234
v -1.598822 43.943802 -6.671234
v -1.023856 40.605339 -5.628433
v -0.995673 39.934269 -4.826660
v -0.995673 39.934269 -4.826660
v -1.023856 41.208496 -4.391144
v -1.598822 43.943802 -6.671234
v -1.023856 41.208496 -4.391144
v -0.729506 42.555721 -4.270699
v -1.598822 43.943802 -6.671234
v -1.598822 43.943802 -6.671234
v -0.729506 42.555721 -4.270699
v -0.842345 44.373409 -4.909576
v -1.202674 61.408047 -6.261368
v 0.041497 60.968376 -9.658508
v -1.202674 60.576458 -9.527542
v -1.202674 60.576458 -9.527542
v 0.041497 60.968376 -9.658508
v -0.352103 58.781818 -11.164299
v 0.041497 60.968376 -9.658508
v 0.435098 58.781818 -11.164291
v -0.352103 58.781818 -11.164299
v -1.202673 60.326069 -3.197910
v -1.203093 51.201042 -2.461838
v 0.041498 59.138741 -2.108902
v 0.041498 59.138741 -2.108902
v -1.203093 51.201042 -2.461838
v 0.041498 51.201042 -2.108902
v -1.203093 51.201042 -2.461838
v -1.202673 49.886341 -2.956661
v 0.041498 51.201042 -2.108902
v 0.435097 58.123211 -12.719276
v 0.041497 58.485748 -11.823730
v 0.435098 58.781818 -11.164291
v 0.435098 58.781818 -11.164291
v 0.041497 58.485748 -11.823730
v -0.352103 58.781818 -11.164299
v 0.041497 58.485748 -11.823730
v -0.352103 58.123211 -12.719284
v -0.352103 58.781818 -11.164299
v 1.239892 -8.578579 -9.630867
v 0.041490 -13.241207 -11.036125
v 0.041489 -10.496514 -13.860558
v 0.041489 -10.496514 -13.860558
v 0.041490 -13.241207 -11.036125
v -1.156905 -8.578579 -9.630875
v 0.041490 -13.241207 -11.036125
v -0.977141 -10.005838 -6.485619
v -1.156905 -8.578579 -9.630875
v -0.941420 14.388742 -5.394180
v -0.823294 12.028763 -5.286446
v -1.191786 14.530371 -3.571388
v -0.823294 12.028763 -5.286446
v -1.191786 14.530371 -3.571388
v -0.823302 11.428644 -3.763077
v -1.191786 14.530371 -3.571388
v -0.835440 12.584142 -1.387238
v -0.823302 11.428644 -3.763077
v -0.729506 42.555721 -4.270699
v -1.023856 41.208496 -4.391144
v -1.023856 40.605339 -5.628433
v -1.023856 41.208496 -4.391144
v -0.995673 39.934269 -4.826660
v -1.023856 40.605339 -5.628433
v -1.202674 48.233402 -8.386330
v -1.202674 47.204563 -8.456238
v -1.387877 47.695301 -7.001816
v -1.202674 47.204563 -8.456238
v -1.202681 46.382843 -8.153107
v -1.387877 47.695301 -7.001816
v -1.405257 41.448177 -10.101280
v -1.194267 42.478596 -12.257263
v -1.050284 38.848358 -10.770096
v -1.050284 38.848358 -10.770096
v -1.194267 42.478596 -12.257263
v -0.775268 39.085217 -12.448746
v 0.041497 57.573940 -11.164299
v 0.041497 57.177448 -9.913383
v -0.352103 58.781818 -11.164299
v -0.352103 58.781818 -11.164299
v 0.041497 57.177448 -9.913383
v -1.202674 58.106480 -8.187477
v 0.041496 58.619831 -21.728462
v -0.297867 55.841331 -21.802437
v 0.380882 55.841331 -21.802429
v 0.380882 55.841331 -21.802429
v -0.297867 55.841331 -21.802437
v 0.435104 54.743618 -20.513451
v 0.514284 20.820673 4.250366
v 0.041498 23.507238 3.939861
v -0.073080 17.789211 2.905998
v -0.073080 17.789211 2.905998
v 0.041498 23.507238 3.939861
v 0.514284 20.820673 4.250366
v -0.997053 32.759335 -1.785347
v -1.002005 37.742592 0.881878
v -1.089537 38.492985 -0.405514
v -1.089537 38.492985 -0.405514
v -1.002005 37.742592 0.881878
v -0.923536 44.848530 1.859585
v -0.997053 32.759335 -1.785347
v -1.089537 38.492985 -0.405514
v -1.002005 37.742592 0.881878
v -1.089537 38.492985 -0.405514
v -0.923536 44.848530 1.859585
v -1.002005 37.742592 0.881878
v 0.041490 -9.197336 -2.479805
v 0.041490 -6.955947 -1.263149
v 0.041490 -9.194735 -1.263149
v 0.041490 -9.194735 -1.263149
v 0.041490 -6.955947 -1.263149
v 0.041490 -9.197336 -2.479805
v 0.041490 -8.869591 -3.350693
v 0.041490 -10.885906 -2.479805
v 1.060121 -10.005838 -6.485611
v 1.060121 -10.005838 -6.485611
v 0.041490 -10.885906 -2.479805
v 0.041490 -13.038465 -5.667686
v 0.733071 11.329465 -11.336365
v 0.085664 11.650152 -10.131126
v 0.733071 9.649745 -11.671745
v 0.733071 9.649745 -11.671745
v 0.085664 11.650152 -10.131126
v 0.085656 9.365618 -9.185760
v -1.202681 46.382843 -8.153107
v -1.202674 45.795040 -6.038673
v -1.202681 45.482662 -9.060997
v -1.202674 49.214466 -7.746040
v -1.202673 49.209278 -5.302437
v -1.202674 48.233402 -8.386330
v 0.851083 50.833828 -7.439705
v 0.041497 48.699627 -11.311729
v 0.041497 50.089085 -9.913383
v 0.041497 50.089085 -9.913383
v 0.041497 48.699627 -11.311729
v -0.373237 49.437271 -10.175606
v -1.202674 61.408047 -6.261368
v -1.202674 60.576458 -9.527542
v -1.202673 60.326069 -3.197910
v -1.202674 50.872997 -7.439713
v -1.202673 49.209278 -5.302437
v -1.202674 53.633240 -7.525223
v 0.041499 -1.219739 8.563183
v -1.156888 -5.457113 10.287224
v 0.041499 -0.482907 11.852783
v 0.041498 30.439579 -2.845928
v -0.690504 27.592381 -3.824078
v -0.690505 30.214279 -5.631310
v -1.156905 -8.578579 -9.630875
v -1.156898 -5.457112 -10.381226
v 0.041489 -10.496514 -13.860558
v 0.041497 -0.482906 -11.946785
v 1.239900 -5.457112 -10.381218
v 0.041497 -5.504933 -14.368179
v 0.041496 59.636414 -22.946030
v 0.041496 60.130878 -21.861336
v 0.041496 60.542294 -23.075829
v 0.041497 63.233891 -17.864693
v 0.041489 62.953827 -14.553688
v 0.041489 63.618668 -14.450325
v 0.041489 62.953827 -14.553688
v 0.041497 63.233891 -17.864693
v 0.041489 63.618668 -14.450325
v 0.041489 63.618668 -14.450325
v 0.041497 63.233891 -17.864693
v 0.041504 66.284760 -17.726700
v 0.041497 63.233891 -17.864693
v 0.041489 63.618668 -14.450325
v 0.041504 66.284760 -17.726700
v 0.041504 66.284760 -17.726700
v 0.041489 63.618668 -14.450325
v 0.041497 65.956863 -14.287399
v 0.041489 63.618668 -14.450325
v 0.041504 66.284760 -17.726700
v 0.041497 65.956863 -14.287399
v 0.008438 63.291893 -20.009026
v 0.041496 60.540951 -20.765503
v 0.024254 61.054028 -18.386627
v 0.024254 61.054028 -18.386627
v 0.041496 60.540951 -20.765503
v 0.008438 63.291893 -20.009026
v 0.041496 60.540951 -20.765503
v 0.041496 61.485767 -21.220268
v 0.008438 63.291893 -20.009026
v 0.008438 63.291893 -20.009026
v 0.041496 61.485767 -21.220268
v 0.041496 60.540951 -20.765503
v -1.813536 51.201035 -0.028541
v -1.202971 50.269218 -3.399532
v -1.813528 47.990582 -1.120991
v -1.813528 47.990582 -1.120991
v -1.202971 50.269218 -3.399532
v -1.813529 46.898144 -4.331451
v -1.202971 50.269218 -3.399532
v -1.202651 49.912533 -4.331314
v -1.813529 46.898144 -4.331451
v -1.813529 46.898144 -4.331451
v -1.202651 49.912533 -4.331314
v -1.202322 50.269218 -5.263077
v -1.813536 51.201035 -0.028541
v -1.813536 54.411449 -1.120994
v -1.202971 52.132843 -3.399532
v -1.813536 54.411449 -1.120994
v -1.813536 55.503895 -4.331451
v -1.202971 52.132843 -3.399532
v -1.202971 52.132843 -3.399532
v -1.813536 55.503895 -4.331451
v -1.202651 52.489525 -4.331314
v -1.813536 55.503895 -4.331451
v -1.202322 52.132843 -5.263084
v -1.202651 52.489525 -4.331314
v -1.813536 51.201035 -0.028541
v -1.202971 52.132843 -3.399532
v -1.813536 54.411449 -1.120994
v -1.813536 54.411449 -1.120994
v -1.202971 52.132843 -3.399532
v -1.813536 55.503895 -4.331451
v -1.202971 52.132843 -3.399532
v -1.202651 52.489525 -4.331314
v -1.813536 55.503895 -4.331451
v -1.813536 55.503895 -4.331451
v -1.202651 52.489525 -4.331314
v -1.202322 52.132843 -5.263084
v -1.813529 46.898144 -4.331451
v -1.202971 50.269218 -3.399532
v -1.813528 47.990582 -1.120991
v -1.813528 47.990582 -1.120991
v -1.202971 50.269218 -3.399532
v -1.813536 51.201035 -0.028541
v -1.202971 50.269218 -3.399532
v -1.203093 51.201042 -3.042816
v -1.813536 51.201035 -0.028541
v -1.813536 51.201035 -0.028541
v -1.203093 51.201042 -3.042816
v -1.202971 52.132843 -3.399532
v -1.813536 55.503895 -4.331451
v -1.813536 54.411449 -7.541908
v -1.202322 52.132843 -5.263084
v -1.813536 54.411449 -7.541908
v -1.813536 51.201035 -8.634361
v -1.202322 52.132843 -5.263084
v -1.202322 52.132843 -5.263084
v -1.813536 51.201035 -8.634361
v -1.202200 51.201042 -5.619789
v -1.813536 51.201035 -8.634361
v -1.202322 50.269218 -5.263077
v -1.202200 51.201042 -5.619789
v -1.813536 55.503895 -4.331451
v -1.202322 52.132843 -5.263084
v -1.813536 54.411449 -7.541908
v -1.813536 54.411449 -7.541908
v -1.202322 52.132843 -5.263084
v -1.813536 51.201035 -8.634361
v -1.202322 52.132843 -5.263084
v -1.202200 51.201042 -5.619789
v -1.813536 51.201035 -8.634361
v -1.813536 51.201035 -8.634361
v -1.202200 51.201042 -5.619789
v -1.202322 50.269218 -5.263077
v -1.813536 51.201035 -8.634361
v -1.202322 50.269218 -5.263077
v -1.813536 47.990582 -7.541908
v -1.813536 47.990582 -7.541908
v -1.202322 50.269218 -5.263077
v -1.813529 46.898144 -4.331451
v -1.202322 50.269218 -5.263077
v -1.202651 49.912533 -4.331314
v -1.813529 46.898144 -4.331451
v -1.813529 46.898144 -4.331451
v -1.202651 49.912533 -4.331314
v -1.202971 50.269218 -3.399532
v -0.226967 51.758709 -21.404922
v -0.996338 50.064133 -18.843391
v -0.996338 50.064137 -23.966454
v -0.996338 50.064133 -18.843391
v -2.401893 47.322250 -19.821800
v -0.996338 50.064137 -23.966454
v -0.996338 50.064137 -23.966454
v -2.401893 47.322250 -19.821800
v -2.401894 47.322250 -22.988037
v 0.435098 65.542816 -11.660889
v 0.435098 63.545277 -8.911949
v 0.435090 63.545277 -14.409836
v 0.435090 63.545277 -14.409836
v 0.435098 63.545277 -8.911949
v 0.435097 60.313217 -13.359825
v 0.435098 63.545277 -8.911949
v 0.435098 60.313225 -9.961937
v 0.435097 60.313217 -13.359825
v -1.202200 51.201042 -5.619789
v -1.407362 51.201035 -4.331451
v -1.202322 52.132843 -5.263084
v -1.202322 52.132843 -5.263084
v -1.407362 51.201035 -4.331451
v -1.202651 52.489525 -4.331314
v -1.407362 51.201035 -4.331451
v -1.202971 52.132843 -3.399532
v -1.202651 52.489525 -4.331314
v -1.202200 51.201042 -5.619789
v -1.202322 50.269218 -5.263077
v -1.407362 51.201035 -4.331451
v -1.202322 50.269218 -5.263077
v -1.202651 49.912533 -4.331314
v -1.407362 51.201035 -4.331451
v -1.407362 51.201035 -4.331451
v -1.202651 49.912533 -4.331314
v -1.202971 50.269218 -3.399532
v -1.281393 57.069012 -2.653439
v -1.281393 55.559376 -0.575603
v -1.281394 55.559376 -4.731285
v -1.281393 55.559376 -0.575603
v -1.281393 55.559376 -0.575603
v -1.281394 55.559376 -4.731285
v -1.281394 55.559376 -4.731285
v -1.281393 55.559376 -0.575603
v -1.281394 53.116711 -3.937614
v -1.281393 55.559376 -0.575603
v -1.281393 53.116711 -1.369255
v -1.281394 53.116711 -3.937614
v -1.217070 55.835545 -8.221489
v -1.343253 54.521351 -6.417084
v -1.090896 54.521351 -10.025894
v -1.343253 54.521351 -6.417084
v -1.295050 52.394962 -7.106293
v -1.090896 54.521351 -10.025894
v -1.090896 54.521351 -10.025894
v -1.295050 52.394962 -7.106293
v -1.139091 52.394955 -9.336670
v -1.202971 52.132843 -3.399532
v -1.407362 51.201035 -4.331451
v -1.203093 51.201042 -3.042816
v -1.407362 51.201035 -4.331451
v -1.202971 50.269218 -3.399532
v -1.203093 51.201042 -3.042816
v -1.813536 51.201035 -8.634361
v -1.813536 47.990582 -7.541908
v -1.202322 50.269218 -5.263077
v -1.813536 47.990582 -7.541908
v -1.813529 46.898144 -4.331451
v -1.202322 50.269218 -5.263077
v -1.202971 50.269218 -3.399532
v -1.813536 51.201035 -0.028541
v -1.203093 51.201042 -3.042816
v -1.203093 51.201042 -3.042816
v -1.813536 51.201035 -0.028541
v -1.202971 52.132843 -3.399532
v -0.297867 55.841331 -21.802437
v -0.481178 60.300686 -19.648537
v 0.041496 58.619831 -21.728462
v 0.041496 58.619831 -21.728462
v -0.481178 60.300686 -19.648537
v -0.297867 55.841331 -21.802437
v -0.481178 60.300686 -19.648537
v -0.297867 55.841331 -21.802437
v -0.770286 57.922771 -19.210869
v -0.297867 55.841331 -21.802437
v -0.481178 60.300686 -19.648537
v -0.770286 57.922771 -19.210869
v -0.770286 57.922771 -19.210869
v -0.639473 61.821316 -16.360420
v -0.481178 60.300686 -19.648537
v -0.481178 60.300686 -19.648537
v -0.639473 61.821316 -16.360420
v -0.770286 57.922771 -19.210869
v -0.639473 61.821316 -16.360420
v -0.770286 57.922771 -19.210869
v -0.837814 59.445610 -15.465294
v -0.770286 57.922771 -19.210869
v -0.639473 61.821316 -16.360420
v -0.837814 59.445610 -15.465294
v -0.837814 59.445610 -15.465294
v -0.352104 62.133350 -13.307701
v -0.639473 61.821316 -16.360420
v -0.639473 61.821316 -16.360420
v -0.352104 62.133350 -13.307701
v -0.837814 59.445610 -15.465294
v -0.352104 62.133350 -13.307701
v -0.352103 60.383236 -12.440834
v -0.837814 59.445610 -15.465294
v -0.837814 59.445610 -15.465294
v -0.352103 60.383236 -12.440834
v -0.352104 62.133350 -13.307701
v 0.435097 58.123211 -12.719276
v 0.435097 56.599796 -14.802071
v -0.837814 59.445610 -15.465294
v 0.435097 56.599796 -14.802071
v 0.435105 54.743618 -18.127045
v -0.837814 59.445610 -15.465294
v -0.837814 59.445610 -15.465294
v 0.435105 54.743618 -18.127045
v -0.770286 57.922771 -19.210869
v 0.435105 54.743618 -18.127045
v 0.435104 54.743618 -20.513451
v -0.770286 57.922771 -19.210869
v -0.770286 57.922771 -19.210869
v 0.435104 54.743618 -20.513451
v -0.297867 55.841331 -21.802437
v -0.352103 58.123211 -12.719284
v -0.837814 59.445610 -15.465294
v -0.352104 56.599796 -14.802078
v -0.352104 56.599796 -14.802078
v -0.837814 59.445610 -15.465294
v -0.352096 54.743618 -18.127052
v -0.837814 59.445610 -15.465294
v -0.770286 57.922771 -19.210869
v -0.352096 54.743618 -18.127052
v -0.352096 54.743618 -18.127052
v -0.770286 57.922771 -19.210869
v -0.352096 54.743618 -20.513458
v -0.770286 57.922771 -19.210869
v -0.297867 55.841331 -21.802437
v -0.352096 54.743618 -20.513458
v -1.415900 49.098644 -11.201012
v -1.202674 48.133640 -9.922356
v -1.603942 50.165058 -11.042557
v -1.603942 50.165058 -11.042557
v -1.202674 48.133640 -9.922356
v -1.783332 51.188469 -9.922356
v -1.202674 48.133640 -9.922356
v -1.603942 50.165058 -8.802162
v -1.783332 51.188469 -9.922356
v -1.202674 47.889393 -10.809601
v -1.415900 49.098644 -11.201012
v -1.202674 48.133640 -9.922356
v -1.415900 49.098644 -11.201012
v -1.603942 50.165058 -11.042557
v -1.202674 48.133640 -9.922356
v -1.202674 48.133640 -9.922356
v -1.603942 50.165058 -11.042557
v -1.783332 51.188469 -9.922356
v -1.202674 47.889397 -9.035118
v -1.202674 48.133640 -9.922356
v -1.415900 49.098644 -8.643700
v -1.415900 49.098644 -8.643700
v -1.202674 48.133640 -9.922356
v -1.603942 50.165058 -8.802162
v -1.202674 48.133640 -9.922356
v -1.783332 51.188469 -9.922356
v -1.603942 50.165058 -8.802162
v -1.415908 45.876846 -12.325096
v -1.202674 47.121056 -11.316048
v -1.603950 46.072430 -13.385330
v -1.603950 46.072430 -13.385330
v -1.202674 47.121056 -11.316048
v -1.783332 47.227657 -14.369034
v -1.202674 47.121056 -11.316048
v -1.603942 48.311459 -13.307152
v -1.783332 47.227657 -14.369034
v -1.202682 46.201771 -11.357933
v -1.415908 45.876846 -12.325096
v -1.202674 47.121056 -11.316048
v -1.415908 45.876846 -12.325096
v -1.603950 46.072430 -13.385330
v -1.202674 47.121056 -11.316048
v -1.202674 47.121056 -11.316048
v -1.603950 46.072430 -13.385330
v -1.783332 47.227657 -14.369034
v -1.202674 47.889393 -10.809601
v -1.202674 47.121056 -11.316048
v -1.415900 48.432598 -12.235855
v -1.415900 48.432598 -12.235855
v -1.202674 47.121056 -11.316048
v -1.603942 48.311459 -13.307152
v -1.202674 47.121056 -11.316048
v -1.783332 47.227657 -14.369034
v -1.603942 48.311459 -13.307152
v -1.415900 43.950367 -10.316467
v -1.202682 45.482662 -10.783699
v -1.603942 43.180767 -11.071487
v -1.603942 43.180767 -11.071487
v -1.202682 45.482662 -10.783699
v -1.783340 43.011234 -12.579292
v -1.202682 45.482662 -10.783699
v -1.603950 44.497627 -12.884003
v -1.783340 43.011234 -12.579292
v -1.202682 45.158749 -9.922356
v -1.415900 43.950367 -10.316467
v -1.202682 45.482662 -10.783699
v -1.415900 43.950367 -10.316467
v -1.603942 43.180767 -11.071487
v -1.202682 45.482662 -10.783699
v -1.202682 45.482662 -10.783699
v -1.603942 43.180767 -11.071487
v -1.783340 43.011234 -12.579292
v -1.202682 46.201771 -11.357933
v -1.202682 45.482662 -10.783699
v -1.415908 45.453514 -12.385376
v -1.415908 45.453514 -12.385376
v -1.202682 45.482662 -10.783699
v -1.603950 44.497627 -12.884003
v -1.202682 45.482662 -10.783699
v -1.783340 43.011234 -12.579292
v -1.603950 44.497627 -12.884003
v -1.415900 45.453526 -7.459320
v -1.202681 45.482662 -9.060997
v -1.603942 44.497639 -6.960693
v -1.603942 44.497639 -6.960693
v -1.202681 45.482662 -9.060997
v -1.783332 43.011242 -7.265404
v -1.202681 45.482662 -9.060997
v -1.603942 43.180767 -8.773209
v -1.783332 43.011242 -7.265404
v -1.202681 46.201771 -8.486771
v -1.415900 45.453526 -7.459320
v -1.202681 45.482662 -9.060997
v -1.415900 45.453526 -7.459320
v -1.603942 44.497639 -6.960693
v -1.202681 45.482662 -9.060997
v -1.202681 45.482662 -9.060997
v -1.603942 44.497639 -6.960693
v -1.783332 43.011242 -7.265404
v -1.202682 45.158749 -9.922356
v -1.202681 45.482662 -9.060997
v -1.415900 43.950375 -9.528221
v -1.415900 43.950375 -9.528221
v -1.202681 45.482662 -9.060997
v -1.603942 43.180767 -8.773209
v -1.202681 45.482662 -9.060997
v -1.783332 43.011242 -7.265404
v -1.603942 43.180767 -8.773209
v -1.415900 48.432610 -7.608856
v -1.202674 47.121059 -8.528664
v -1.603942 48.311466 -6.537560
v -1.603942 48.311466 -6.537560
v -1.202674 47.121059 -8.528664
v -1.783331 47.227665 -5.475670
v -1.202674 47.121059 -8.528664
v -1.603942 46.072433 -6.459373
v -1.783331 47.227665 -5.475670
v -1.202674 47.889397 -9.035118
v -1.415900 48.432610 -7.608856
v -1.202674 47.121059 -8.528664
v -1.415900 48.432610 -7.608856
v -1.603942 48.311466 -6.537560
v -1.202674 47.121059 -8.528664
v -1.202674 47.121059 -8.528664
v -1.603942 48.311466 -6.537560
v -1.783331 47.227665 -5.475670
v -1.202681 46.201771 -8.486771
v -1.202674 47.121059 -8.528664
v -1.415908 45.876858 -7.519600
v -1.415908 45.876858 -7.519600
v -1.202674 47.121059 -8.528664
v -1.603942 46.072433 -6.459373
v -1.202674 47.121059 -8.528664
v -1.783331 47.227665 -5.475670
v -1.603942 46.072433 -6.459373
v -1.202674 47.121059 -8.528664
v -1.666839 46.668213 -9.922356
v -1.202681 46.201771 -8.486771
v -1.202681 46.201771 -8.486771
v -1.666839 46.668213 -9.922356
v -1.202681 45.482662 -9.060997
v -1.666839 46.668213 -9.922356
v -1.202682 45.158749 -9.922356
v -1.202681 45.482662 -9.060997
v -1.202674 47.121059 -8.528664
v -1.202674 47.889397 -9.035118
v -1.666839 46.668213 -9.922356
v -1.202674 47.889397 -9.035118
v -1.202674 48.133640 -9.922356
v -1.666839 46.668213 -9.922356
v -1.666839 46.668213 -9.922356
v -1.202674 48.133640 -9.922356
v -1.202674 47.889393 -10.809601
v -1.202682 45.482662 -10.783699
v -1.666839 46.668213 -9.922356
v -1.202682 46.201771 -11.357933
v -1.202682 46.201771 -11.357933
v -1.666839 46.668213 -9.922356
v -1.202674 47.121056 -11.316048
v -1.666839 46.668213 -9.922356
v -1.202674 47.889393 -10.809601
v -1.202674 47.121056 -11.316048
v 0.435097 58.123211 -12.719276
v -0.837814 59.445610 -15.465294
v -0.352103 60.383236 -12.440834
v -0.837814 59.445610 -15.465294
v -0.352103 58.123211 -12.719284
v -0.352103 60.383236 -12.440834
v -1.202674 47.889397 -9.035118
v -1.415900 49.098644 -8.643700
v -1.202674 48.133640 -9.922356
v -1.202674 48.133640 -9.922356
v -1.415900 49.098644 -8.643700
v -1.603942 50.165058 -8.802162
v -1.202674 47.889393 -10.809601
v -1.415900 48.432598 -12.235855
v -1.202674 47.121056 -11.316048
v -1.202674 47.121056 -11.316048
v -1.415900 48.432598 -12.235855
v -1.603942 48.311459 -13.307152
v -1.202682 46.201771 -11.357933
v -1.415908 45.453514 -12.385376
v -1.202682 45.482662 -10.783699
v -1.202682 45.482662 -10.783699
v -1.415908 45.453514 -12.385376
v -1.603950 44.497627 -12.884003
v -1.202682 45.158749 -9.922356
v -1.415900 43.950375 -9.528221
v -1.202681 45.482662 -9.060997
v -1.202681 45.482662 -9.060997
v -1.415900 43.950375 -9.528221
v -1.603942 43.180767 -8.773209
v -1.202681 46.201771 -8.486771
v -1.415908 45.876858 -7.519600
v -1.202674 47.121059 -8.528664
v -1.202674 47.121059 -8.528664
v -1.415908 45.876858 -7.519600
v -1.603942 46.072433 -6.459373
v -1.202674 47.889393 -10.809601
v -1.202674 48.133640 -9.922356
v -1.415900 49.098644 -11.201012
v -1.202682 46.201771 -11.357933
v -1.202674 47.121056 -11.316048
v -1.415908 45.876846 -12.325096
v -1.202682 45.158749 -9.922356
v -1.202682 45.482662 -10.783699
v -1.415900 43.950367 -10.316467
v -1.202681 46.201771 -8.486771
v -1.202681 45.482662 -9.060997
v -1.415900 45.453526 -7.459320
v -1.202674 47.889397 -9.035118
v -1.202674 47.121059 -8.528664
v -1.415900 48.432610 -7.608856
v -1.666839 46.668213 -9.922356
v -1.202682 45.482662 -10.783699
v -1.202682 45.158749 -9.922356
v -1.537809 59.375092 -0.373234
v -1.537810 63.863388 -1.773262
v -1.203185 60.845280 -4.791245
v -1.537810 63.863388 -1.773262
v -1.537802 65.263382 -6.261574
v -1.203185 60.845280 -4.791245
v -1.203185 60.845280 -4.791245
v -1.537802 65.263382 -6.261574
v -1.202674 61.408047 -6.261368
v -1.537802 65.263382 -6.261574
v -1.202170 60.845280 -7.731476
v -1.202674 61.408047 -6.261368
v -1.203185 60.845280 -4.791245
v -1.202674 61.408047 -6.261368
v -1.537802 65.263382 -6.261574
v -1.202674 61.408047 -6.261368
v -1.202170 60.845280 -7.731476
v -1.537802 65.263382 -6.261574
v -1.537802 65.263382 -6.261574
v -1.202170 60.845280 -7.731476
v -1.537810 63.863388 -10.749901
v -1.202170 60.845280 -7.731476
v -1.537811 59.375092 -12.149925
v -1.537810 63.863388 -10.749901
v -1.537802 65.263382 -6.261574
v -1.537810 63.863388 -10.749901
v -1.202170 60.845280 -7.731476
v -1.537810 63.863388 -10.749901
v -1.537811 59.375092 -12.149925
v -1.202170 60.845280 -7.731476
v -1.202170 60.845280 -7.731476
v -1.537811 59.375092 -12.149925
v -1.201972 59.375103 -8.294273
v -1.537811 59.375092 -12.149925
v -1.202170 57.904881 -7.731476
v -1.201972 59.375103 -8.294273
v -1.202170 60.845280 -7.731476
v -1.201972 59.375103 -8.294273
v -1.537811 59.375092 -12.149925
v -1.201972 59.375103 -8.294273
v -1.202170 57.904881 -7.731476
v -1.537811 59.375092 -12.149925
v -1.537811 59.375092 -12.149925
v -1.202170 57.904881 -7.731476
v -1.537810 54.886757 -10.749901
v -1.202170 57.904881 -7.731476
v -1.537810 53.486790 -6.261581
v -1.537810 54.886757 -10.749901
v -1.202170 57.904881 -7.731476
v -1.202674 57.342152 -6.261368
v -1.537810 53.486790 -6.261581
v -1.202674 57.342152 -6.261368
v -1.203185 57.904881 -4.791245
v -1.537810 53.486790 -6.261581
v -1.537810 53.486790 -6.261581
v -1.203185 57.904881 -4.791245
v -1.537810 54.886757 -1.773262
v -1.203185 57.904881 -4.791245
v -1.537809 59.375092 -0.373234
v -1.537810 54.886757 -1.773262
v -1.537810 53.486790 -6.261581
v -1.537810 54.886757 -1.773262
v -1.203185 57.904881 -4.791245
v -1.537810 54.886757 -1.773262
v -1.537809 59.375092 -0.373234
v -1.203185 57.904881 -4.791245
v -1.203185 57.904881 -4.791245
v -1.537809 59.375092 -0.373234
v -1.203375 59.375103 -4.228424
v -1.537809 59.375092 -0.373234
v -1.203185 60.845280 -4.791245
v -1.203375 59.375103 -4.228424
v -0.226967 51.758709 -21.404922
v -0.996338 50.064137 -23.966454
v -0.996338 50.064133 -18.843391
v -0.996338 50.064137 -23.966454
v -2.401894 47.322250 -22.988037
v -0.996338 50.064133 -18.843391
v -0.996338 50.064133 -18.843391
v -2.401894 47.322250 -22.988037
v -2.401893 47.322250 -19.821800
v 0.435098 65.542816 -11.660889
v 0.435090 63.545277 -14.409836
v 0.435098 63.545277 -8.911949
v 0.435090 63.545277 -14.409836
v 0.435097 60.313217 -13.359825
v 0.435098 63.545277 -8.911949
v 0.435098 63.545277 -8.911949
v 0.435097 60.313217 -13.359825
v 0.435098 60.313225 -9.961937
v -1.201972 59.375103 -8.294273
v -1.525672 59.375092 -6.261574
v -1.202170 60.845280 -7.731476
v -1.202170 60.845280 -7.731476
v -1.525672 59.375092 -6.261574
v -1.202674 61.408047 -6.261368
v -1.525672 59.375092 -6.261574
v -1.203185 60.845280 -4.791245
v -1.202674 61.408047 -6.261368
v -1.201972 59.375103 -8.294273
v -1.202170 57.904881 -7.731476
v -1.525672 59.375092 -6.261574
v -1.202170 57.904881 -7.731476
v -1.202674 57.342152 -6.261368
v -1.525672 59.375092 -6.261574
v -1.525672 59.375092 -6.261574
v -1.202674 57.342152 -6.261368
v -1.203185 57.904881 -4.791245
v -1.281393 57.069012 -2.653439
v -1.281394 55.559376 -4.731285
v -1.281393 55.559376 -0.575603
v -1.281394 55.559376 -4.731285
v -1.281394 53.116711 -3.937614
v -1.281393 55.559376 -0.575603
v -1.281393 55.559376 -0.575603
v -1.281394 53.116711 -3.937614
v -1.281393 53.116711 -1.369255
v -1.217070 55.835545 -8.221489
v -1.090896 54.521351 -10.025894
v -1.343253 54.521351 -6.417084
v -1.343253 54.521351 -6.417084
v -1.090896 54.521351 -10.025894
v -1.295050 52.394962 -7.106293
v -1.090896 54.521351 -10.025894
v -1.139091 52.394955 -9.336670
v -1.295050 52.394962 -7.106293
v -1.537811 59.375092 -12.149925
v -1.537810 54.886757 -10.749901
v -1.202170 57.904881 -7.731476
v -1.537810 54.886757 -10.749901
v -1.537810 53.486790 -6.261581
v -1.202170 57.904881 -7.731476
v -1.202170 57.904881 -7.731476
v -1.537810 53.486790 -6.261581
v -1.202674 57.342152 -6.261368
v -1.537802 65.263382 -6.261574
v -1.537810 63.863388 -1.773262
v -1.203185 60.845280 -4.791245
v -1.537810 63.863388 -1.773262
v -1.537809 59.375092 -0.373234
v -1.203185 60.845280 -4.791245
v -1.203185 60.845280 -4.791245
v -1.537809 59.375092 -0.373234
v -1.203375 59.375103 -4.228424
v -1.203185 60.845280 -4.791245
v -1.525672 59.375092 -6.261574
v -1.203375 59.375103 -4.228424
v -1.203375 59.375103 -4.228424
v -1.525672 59.375092 -6.261574
v -1.203375 59.375103 -4.228424
v -1.525672 59.375092 -6.261574
v -1.203185 57.904881 -4.791245
v -1.203375 59.375103 -4.228424
v -1.537809 59.375092 -0.373234
v -1.203185 57.904881 -4.791245
v -1.203375 59.375103 -4.228424
v -1.537810 53.486790 -6.261581
v -1.203185 57.904881 -4.791245
v -1.202674 57.342152 -6.261368
vt 0.657715 0.833252
vt 0.630127 0.833252
vt 0.652344 0.716064
vt 0.630127 0.833252
vt 0.615723 0.716064
vt 0.652344 0.716064
vt 0.652344 0.716064
vt 0.615723 0.716064
vt 0.652832 0.633545
vt 0.615723 0.716064
vt 0.617676 0.589599
vt 0.652832 0.633545
vt 0.652832 0.633545
vt 0.617676 0.589599
vt 0.638916 0.488769
vt 0.617676 0.589599
vt 0.652832 0.633545
vt 0.638916 0.488769
vt 0.638916 0.488769
vt 0.652832 0.633545
vt 0.690918 0.580322
vt 0.652832 0.633545
vt 0.690918 0.650390
vt 0.690918 0.580322
vt 0.690918 0.580322
vt 0.690918 0.650390
vt 0.729980 0.634277
vt 0.690918 0.650390
vt 0.690918 0.716064
vt 0.729980 0.634277
vt 0.729980 0.634277
vt 0.690918 0.716064
vt 0.729980 0.716064
vt 0.690918 0.716064
vt 0.690918 0.833252
vt 0.729980 0.716064
vt 0.729980 0.716064
vt 0.690918 0.833252
vt 0.724121 0.833252
vt 0.690918 0.833252
vt 0.724121 0.936035
vt 0.724121 0.833252
vt 0.724121 0.833252
vt 0.724121 0.936035
vt 0.751953 0.833252
vt 0.724121 0.936035
vt 0.751953 0.936035
vt 0.751953 0.833252
vt 0.751953 0.833252
vt 0.751953 0.936035
vt 0.724121 0.833252
vt 0.751953 0.936035
vt 0.724121 0.936035
vt 0.724121 0.833252
vt 0.724121 0.833252
vt 0.724121 0.936035
vt 0.690918 0.833252
vt 0.724121 0.936035
vt 0.690918 0.936035
vt 0.690918 0.833252
vt 0.690918 0.833252
vt 0.690918 0.936035
vt 0.657715 0.833252
vt 0.690918 0.936035
vt 0.657715 0.936035
vt 0.657715 0.833252
vt 0.657715 0.833252
vt 0.657715 0.936035
vt 0.630127 0.833252
vt 0.657715 0.936035
vt 0.630127 0.936035
vt 0.630127 0.833252
vt 0.630127 0.833252
vt 0.630127 0.936035
vt 0.657715 0.833252
vt 0.630127 0.936035
vt 0.657715 0.936035
vt 0.657715 0.833252
vt 0.657715 0.833252
vt 0.657715 0.936035
vt 0.690918 0.936035
vt 0.016846 0.022461
vt 0.016846 0.104004
vt 0.965088 0.022461
vt 0.016846 0.104004
vt 0.965088 0.104004
vt 0.965088 0.022461
vt 0.965088 0.022461
vt 0.965088 0.104004
vt 0.983643 0.064209
vt 0.965088 0.104004
vt 0.997314 0.208740
vt 0.983643 0.064209
vt 0.983643 0.064209
vt 0.997314 0.208740
vt 0.965088 0.104004
vt 0.997314 0.208740
vt 0.965088 0.300781
vt 0.965088 0.104004
vt 0.965088 0.104004
vt 0.965088 0.300781
vt 0.016846 0.104004
vt 0.965088 0.300781
vt 0.016846 0.300781
vt 0.016846 0.104004
vt 0.016846 0.104004
vt 0.016846 0.300781
vt 0.002197 0.047363
vt 0.016846 0.300781
vt 0.002197 0.354736
vt 0.002197 0.047363
vt 0.002197 0.047363
vt 0.002197 0.354736
vt 0.016846 0.104004
vt 0.002197 0.354736
vt 0.016846 0.300781
vt 0.016846 0.104004
vt 0.016846 0.104004
vt 0.016846 0.300781
vt 0.965088 0.104004
vt 0.016846 0.300781
vt 0.965088 0.300781
vt 0.965088 0.104004
vt 0.965088 0.104004
vt 0.965088 0.300781
vt 0.997314 0.208740
vt 0.965088 0.300781
vt 0.982910 0.346679
vt 0.997314 0.208740
vt 0.997314 0.208740
vt 0.982910 0.346679
vt 0.965088 0.300781
vt 0.982910 0.346679
vt 0.965088 0.381592
vt 0.965088 0.300781
vt 0.965088 0.300781
vt 0.965088 0.381592
vt 0.016846 0.300781
vt 0.965088 0.381592
vt 0.016846 0.381592
vt 0.016846 0.300781
vt 0.305664 0.903320
vt 0.308838 0.809570
vt 0.351563 0.882080
vt 0.351563 0.882080
vt 0.308838 0.809570
vt 0.305664 0.903320
vt 0.308838 0.809570
vt 0.271484 0.978027
vt 0.305664 0.903320
vt 0.305664 0.903320
vt 0.271484 0.978027
vt 0.308838 0.809570
vt 0.271484 0.978027
vt 0.247070 0.809326
vt 0.308838 0.809570
vt 0.308838 0.809570
vt 0.247070 0.809326
vt 0.271484 0.978027
vt 0.247070 0.809326
vt 0.271484 0.978027
vt 0.234619 0.974365
vt 0.271484 0.978027
vt 0.247070 0.809326
vt 0.234619 0.974365
vt 0.234619 0.974365
vt 0.177246 0.871093
vt 0.247070 0.809326
vt 0.247070 0.809326
vt 0.177246 0.871093
vt 0.234619 0.974365
vt 0.177246 0.871093
vt 0.234619 0.974365
vt 0.178223 0.919922
vt 0.234619 0.974365
vt 0.177246 0.871093
vt 0.178223 0.919922
vt 0.178223 0.919922
vt 0.151123 0.856933
vt 0.177246 0.871093
vt 0.177246 0.871093
vt 0.151123 0.856933
vt 0.178223 0.919922
vt 0.151123 0.856933
vt 0.178223 0.919922
vt 0.150146 0.874511
vt 0.178223 0.919922
vt 0.151123 0.856933
vt 0.150146 0.874511
vt 0.150146 0.874511
vt 0.151123 0.856933
vt 0.128662 0.802978
vt 0.151123 0.856933
vt 0.150146 0.874511
vt 0.128662 0.802978
vt 0.751953 0.833252
vt 0.766846 0.716064
vt 0.724121 0.833252
vt 0.724121 0.833252
vt 0.766846 0.716064
vt 0.729980 0.716064
vt 0.766846 0.716064
vt 0.765869 0.595947
vt 0.729980 0.716064
vt 0.729980 0.716064
vt 0.765869 0.595947
vt 0.729980 0.634277
vt 0.765869 0.595947
vt 0.744629 0.492920
vt 0.729980 0.634277
vt 0.729980 0.634277
vt 0.744629 0.492920
vt 0.690918 0.580322
vt 0.744629 0.492920
vt 0.744629 0.492920
vt 0.690918 0.580322
vt 0.690918 0.580322
vt 0.744629 0.492920
vt 0.690918 0.580322
vt 0.744629 0.492920
vt 0.690918 0.429199
vt 0.690918 0.580322
vt 0.690918 0.580322
vt 0.690918 0.429199
vt 0.638916 0.488769
vt 0.690918 0.429199
vt 0.690918 0.580322
vt 0.638916 0.488769
vt 0.638916 0.488769
vt 0.690918 0.580322
vt 0.652832 0.633545
vt 0.690918 0.580322
vt 0.690918 0.650390
vt 0.652832 0.633545
vt 0.652832 0.633545
vt 0.690918 0.650390
vt 0.690918 0.716064
vt 0.690918 0.650390
vt 0.729980 0.634277
vt 0.690918 0.716064
vt 0.690918 0.716064
vt 0.729980 0.634277
vt 0.729980 0.716064
vt 0.729980 0.634277
vt 0.765869 0.595947
vt 0.729980 0.716064
vt 0.729980 0.716064
vt 0.765869 0.595947
vt 0.766846 0.716064
vt 0.001465 0.960937
vt 0.001465 0.904052
vt 0.041992 0.960937
vt 0.041992 0.960937
vt 0.001465 0.904052
vt 0.041992 0.904052
vt 0.001465 0.904052
vt 0.041992 0.960937
vt 0.041992 0.904052
vt 0.041992 0.904052
vt 0.041992 0.960937
vt 0.090332 0.904052
vt 0.041992 0.960937
vt 0.090332 0.960937
vt 0.090332 0.904052
vt 0.090332 0.904052
vt 0.090332 0.960937
vt 0.127441 0.904052
vt 0.090332 0.960937
vt 0.127441 0.960937
vt 0.127441 0.904052
vt 0.127441 0.904052
vt 0.127441 0.960937
vt 0.090332 0.960937
vt 0.690918 0.650390
vt 0.652832 0.633545
vt 0.690918 0.716064
vt 0.652832 0.633545
vt 0.652344 0.716064
vt 0.690918 0.716064
vt 0.690918 0.716064
vt 0.652344 0.716064
vt 0.690918 0.833252
vt 0.652344 0.716064
vt 0.657715 0.833252
vt 0.690918 0.833252
vt 0.690918 0.833252
vt 0.657715 0.833252
vt 0.690918 0.936035
vt 0.766846 0.716064
vt 0.751953 0.833252
vt 0.729980 0.716064
vt 0.751953 0.833252
vt 0.724121 0.833252
vt 0.729980 0.716064
vt 0.729980 0.716064
vt 0.724121 0.833252
vt 0.690918 0.716064
vt 0.724121 0.833252
vt 0.690918 0.833252
vt 0.690918 0.716064
vt 0.690918 0.716064
vt 0.690918 0.833252
vt 0.657715 0.833252
vt 0.342529 0.801025
vt 0.379883 0.846435
vt 0.379883 0.755371
vt 0.379883 0.846435
vt 0.418457 0.854492
vt 0.379883 0.755371
vt 0.379883 0.755371
vt 0.418457 0.854492
vt 0.418457 0.747314
vt 0.418457 0.854492
vt 0.454346 0.747314
vt 0.418457 0.747314
vt 0.457520 0.916992
vt 0.494873 0.871338
vt 0.494873 0.962646
vt 0.494873 0.962646
vt 0.494873 0.871338
vt 0.533691 0.970703
vt 0.494873 0.871338
vt 0.533691 0.863281
vt 0.533691 0.970703
vt 0.533691 0.970703
vt 0.533691 0.863281
vt 0.569580 0.863281
vt 0.652832 0.633545
vt 0.617676 0.589599
vt 0.652344 0.716064
vt 0.617676 0.589599
vt 0.615723 0.716064
vt 0.652344 0.716064
vt 0.652344 0.716064
vt 0.615723 0.716064
vt 0.657715 0.833252
vt 0.615723 0.716064
vt 0.630127 0.833252
vt 0.657715 0.833252
vt 0.983643 0.064209
vt 0.965088 0.104004
vt 0.965088 0.022461
vt 0.965088 0.104004
vt 0.016846 0.104004
vt 0.965088 0.022461
vt 0.965088 0.022461
vt 0.016846 0.104004
vt 0.016846 0.022461
vt 0.982910 0.346679
vt 0.965088 0.300781
vt 0.965088 0.381592
vt 0.965088 0.300781
vt 0.016846 0.300781
vt 0.965088 0.381592
vt 0.965088 0.381592
vt 0.016846 0.300781
vt 0.016846 0.381592
vt 0.765869 0.595947
vt 0.729980 0.634277
vt 0.744629 0.492920
vt 0.744629 0.492920
vt 0.729980 0.634277
vt 0.690918 0.580322
vt 0.729980 0.634277
vt 0.729980 0.634277
vt 0.690918 0.580322
vt 0.690918 0.580322
vt 0.729980 0.634277
vt 0.690918 0.580322
vt 0.729980 0.634277
vt 0.690918 0.650390
vt 0.690918 0.580322
vt 0.127441 0.904052
vt 0.090332 0.960937
vt 0.090332 0.904052
vt 0.090332 0.960937
vt 0.041992 0.960937
vt 0.090332 0.904052
vt 0.090332 0.904052
vt 0.041992 0.960937
vt 0.041992 0.904052
vt 0.505615 0.801025
vt 0.454346 0.747314
vt 0.454346 0.854492
vt 0.454346 0.747314
vt 0.418457 0.854492
vt 0.454346 0.854492
vt 0.620605 0.916992
vt 0.569580 0.970703
vt 0.569580 0.863281
vt 0.569580 0.970703
vt 0.533691 0.970703
vt 0.569580 0.863281
vt 0.657715 0.833252
vt 0.652344 0.716064
vt 0.690918 0.716064
vt 0.652344 0.716064
vt 0.652832 0.633545
vt 0.690918 0.716064
vt 0.690918 0.429199
vt 0.744629 0.492920
vt 0.690918 0.580322
vt 0.001465 0.960937
vt 0.041992 0.960937
vt 0.001465 0.904052
vt 0.724121 0.936035
vt 0.690918 0.833252
vt 0.690918 0.936035
vt 0.116455 0.772461
vt 0.086182 0.918945
vt 0.086182 0.625977
vt 0.086182 0.625977
vt 0.086182 0.918945
vt 0.012939 0.565430
vt 0.086182 0.918945
vt 0.012939 0.979492
vt 0.012939 0.565430
vt 0.012939 0.565430
vt 0.012939 0.979492
vt 0.086182 0.625977
vt 0.012939 0.979492
vt 0.086182 0.918945
vt 0.086182 0.625977
vt 0.086182 0.625977
vt 0.086182 0.918945
vt 0.116455 0.772461
vt 0.225830 0.900879
vt 0.239990 0.744385
vt 0.177246 0.837891
vt 0.177246 0.837891
vt 0.239990 0.744385
vt 0.144531 0.757324
vt 0.239990 0.744385
vt 0.202881 0.575195
vt 0.144531 0.757324
vt 0.144531 0.757324
vt 0.202881 0.575195
vt 0.122070 0.648193
vt 0.202881 0.575195
vt 0.124268 0.566162
vt 0.122070 0.648193
vt 0.373291 0.916504
vt 0.340332 0.835938
vt 0.490234 0.702637
vt 0.340332 0.835938
vt 0.317871 0.726807
vt 0.490234 0.702637
vt 0.490234 0.702637
vt 0.317871 0.726807
vt 0.470947 0.589600
vt 0.317871 0.726807
vt 0.320313 0.644775
vt 0.470947 0.589600
vt 0.470947 0.589600
vt 0.320313 0.644775
vt 0.345703 0.539551
vt 0.225830 0.900879
vt 0.294678 0.753906
vt 0.239990 0.744385
vt 0.294678 0.753906
vt 0.294434 0.624268
vt 0.239990 0.744385
vt 0.239990 0.744385
vt 0.294434 0.624268
vt 0.202881 0.575195
vt 0.294434 0.624268
vt 0.274902 0.511231
vt 0.202881 0.575195
vt 0.202881 0.575195
vt 0.274902 0.511231
vt 0.230957 0.419434
vt 0.145264 0.202881
vt 0.280273 0.202881
vt 0.280273 0.334717
vt 0.280273 0.202881
vt 0.145264 0.202881
vt 0.280273 0.334717
vt 0.280273 0.334717
vt 0.145264 0.202881
vt 0.145264 0.334717
vt 0.145264 0.202881
vt 0.010498 0.334717
vt 0.145264 0.334717
vt 0.145264 0.202881
vt 0.010498 0.202881
vt 0.010498 0.334717
vt 0.010498 0.202881
vt 0.145264 0.202881
vt 0.010498 0.334717
vt 0.010498 0.334717
vt 0.145264 0.202881
vt 0.145264 0.334717
vt 0.145264 0.202881
vt 0.280273 0.334717
vt 0.145264 0.334717
vt 0.156982 0.010010
vt 0.010498 0.010010
vt 0.010498 0.152344
vt 0.010498 0.010010
vt 0.156982 0.010010
vt 0.010498 0.152344
vt 0.010498 0.152344
vt 0.156982 0.010010
vt 0.156006 0.152344
vt 0.156982 0.010010
vt 0.302490 0.152344
vt 0.156006 0.152344
vt 0.156982 0.010010
vt 0.302979 0.010010
vt 0.302490 0.152344
vt 0.302979 0.010010
vt 0.156982 0.010010
vt 0.302490 0.152344
vt 0.302490 0.152344
vt 0.156982 0.010010
vt 0.156006 0.152344
vt 0.156982 0.010010
vt 0.010498 0.152344
vt 0.156006 0.152344
vt 0.202881 0.575195
vt 0.178223 0.445801
vt 0.124268 0.566162
vt 0.124268 0.566162
vt 0.178223 0.445801
vt 0.149658 0.460938
vt 0.178223 0.445801
vt 0.143799 0.368897
vt 0.149658 0.460938
vt 0.143799 0.368897
vt 0.178223 0.445801
vt 0.183105 0.381836
vt 0.183105 0.381836
vt 0.178223 0.445801
vt 0.230957 0.419678
vt 0.178223 0.445801
vt 0.202881 0.575195
vt 0.230957 0.419678
vt 0.470947 0.589600
vt 0.345703 0.539551
vt 0.426758 0.498047
vt 0.426758 0.498047
vt 0.345703 0.539551
vt 0.379150 0.460205
vt 0.345703 0.539551
vt 0.339600 0.447510
vt 0.379150 0.460205
vt 0.421631 0.979492
vt 0.373291 0.916504
vt 0.490723 0.832520
vt 0.490723 0.832520
vt 0.373291 0.916504
vt 0.490234 0.702637
vt 0.314453 0.037842
vt 0.400879 0.079590
vt 0.314453 0.328614
vt 0.400879 0.079590
vt 0.487061 0.328614
vt 0.314453 0.328614
vt 0.314453 0.328614
vt 0.487061 0.328614
vt 0.400879 0.079590
vt 0.487061 0.328614
vt 0.400879 0.079590
vt 0.487061 0.037842
vt 0.414307 0.476563
vt 0.345459 0.359864
vt 0.482666 0.359864
vt 0.482666 0.359864
vt 0.345459 0.359864
vt 0.414307 0.476563
vt 0.400879 0.079590
vt 0.314453 0.328614
vt 0.314453 0.037842
vt 0.487061 0.037842
vt 0.487061 0.328614
vt 0.400879 0.079590
vt 0.379626 0.878648
vt 0.281970 0.823961
vt 0.285876 0.907213
vt 0.285876 0.907213
vt 0.281970 0.823961
vt 0.379626 0.878648
vt 0.281970 0.823961
vt 0.379626 0.878648
vt 0.302478 0.758043
vt 0.379626 0.878648
vt 0.326160 0.733384
vt 0.302478 0.758043
vt 0.302478 0.758043
vt 0.326160 0.733384
vt 0.379626 0.878648
vt 0.326160 0.733384
vt 0.379626 0.584459
vt 0.379626 0.878648
vt 0.379626 0.878648
vt 0.379626 0.584459
vt 0.326160 0.733384
vt 0.379626 0.584459
vt 0.302478 0.707994
vt 0.326160 0.733384
vt 0.326160 0.733384
vt 0.302478 0.707994
vt 0.379626 0.584459
vt 0.302478 0.707994
vt 0.379626 0.584459
vt 0.281970 0.640855
vt 0.379626 0.584459
vt 0.285876 0.557603
vt 0.281970 0.640855
vt 0.281970 0.640855
vt 0.285876 0.557603
vt 0.379626 0.584459
vt 0.038318 0.730211
vt 0.182849 0.553941
vt 0.220691 0.612535
vt 0.182849 0.553941
vt 0.038318 0.730211
vt 0.220691 0.612535
vt 0.220691 0.612535
vt 0.211413 0.764146
vt 0.038318 0.730211
vt 0.038318 0.730211
vt 0.211413 0.764146
vt 0.117419 0.889879
vt 0.211413 0.764146
vt 0.038318 0.730211
vt 0.117419 0.889879
vt 0.117419 0.889879
vt 0.006091 0.868150
vt 0.038318 0.730211
vt 0.038318 0.730211
vt 0.006091 0.868150
vt 0.117419 0.889879
vt 0.006091 0.868150
vt 0.117419 0.889879
vt 0.086169 0.943101
vt 0.117419 0.889879
vt 0.006091 0.868150
vt 0.086169 0.943101
vt 0.086169 0.943101
vt 0.056628 0.956773
vt 0.006091 0.868150
vt 0.006091 0.868150
vt 0.019519 0.922105
vt 0.056628 0.956773
vt 0.056628 0.956773
vt 0.019519 0.922105
vt 0.006091 0.868150
vt 0.959460 0.266832
vt 0.982654 0.311754
vt 0.956042 0.306138
vt 0.982654 0.311754
vt 0.988513 0.410386
vt 0.956042 0.306138
vt 0.956042 0.306138
vt 0.988513 0.410386
vt 0.965320 0.411851
vt 0.988513 0.410386
vt 0.983386 0.495591
vt 0.965320 0.411851
vt 0.965320 0.411851
vt 0.983386 0.495591
vt 0.961658 0.483873
vt 0.983386 0.495591
vt 0.968494 0.580064
vt 0.961658 0.483873
vt 0.961658 0.483873
vt 0.968494 0.580064
vt 0.957507 0.570787
vt 0.968494 0.580064
vt 0.965320 0.619859
vt 0.957507 0.570787
vt 0.957507 0.570787
vt 0.965320 0.619859
vt 0.956287 0.617418
vt 0.965320 0.619859
vt 0.966052 0.657457
vt 0.956287 0.617418
vt 0.956287 0.617418
vt 0.966052 0.657457
vt 0.954578 0.648668
vt 0.959460 0.266832
vt 0.956042 0.306138
vt 0.917224 0.258531
vt 0.917224 0.258531
vt 0.956042 0.306138
vt 0.905017 0.309312
vt 0.956042 0.306138
vt 0.965320 0.411851
vt 0.905017 0.309312
vt 0.905017 0.309312
vt 0.965320 0.411851
vt 0.902820 0.447740
vt 0.965320 0.411851
vt 0.961658 0.483873
vt 0.902820 0.447740
vt 0.902820 0.447740
vt 0.961658 0.483873
vt 0.907458 0.531236
vt 0.961658 0.483873
vt 0.957507 0.570787
vt 0.907458 0.531236
vt 0.907458 0.531236
vt 0.957507 0.570787
vt 0.918933 0.591539
vt 0.957507 0.570787
vt 0.956287 0.617418
vt 0.918933 0.591539
vt 0.918933 0.591539
vt 0.956287 0.617418
vt 0.931628 0.619371
vt 0.956287 0.617418
vt 0.954578 0.648668
vt 0.931628 0.619371
vt 0.836413 0.774156
vt 0.839099 0.734849
vt 0.812488 0.728990
vt 0.812488 0.728990
vt 0.839099 0.734849
vt 0.806628 0.629381
vt 0.839099 0.734849
vt 0.830798 0.628648
vt 0.806628 0.629381
vt 0.806628 0.629381
vt 0.830798 0.628648
vt 0.812244 0.544664
vt 0.830798 0.628648
vt 0.833728 0.556627
vt 0.812244 0.544664
vt 0.812244 0.544664
vt 0.833728 0.556627
vt 0.827624 0.460923
vt 0.833728 0.556627
vt 0.838367 0.469957
vt 0.827624 0.460923
vt 0.827624 0.460923
vt 0.838367 0.469957
vt 0.830310 0.424302
vt 0.838367 0.469957
vt 0.841296 0.424302
vt 0.830310 0.424302
vt 0.830310 0.424302
vt 0.841296 0.424302
vt 0.832019 0.383531
vt 0.841296 0.424302
vt 0.843005 0.394761
vt 0.832019 0.383531
vt 0.836413 0.774156
vt 0.879870 0.782213
vt 0.839099 0.734849
vt 0.879870 0.782213
vt 0.890124 0.735582
vt 0.839099 0.734849
vt 0.839099 0.734849
vt 0.890124 0.735582
vt 0.830798 0.628648
vt 0.890124 0.735582
vt 0.894031 0.595201
vt 0.830798 0.628648
vt 0.830798 0.628648
vt 0.894031 0.595201
vt 0.833728 0.556627
vt 0.894031 0.595201
vt 0.890369 0.510240
vt 0.833728 0.556627
vt 0.833728 0.556627
vt 0.890369 0.510240
vt 0.838367 0.469957
vt 0.890369 0.510240
vt 0.878650 0.449693
vt 0.838367 0.469957
vt 0.838367 0.469957
vt 0.878650 0.449693
vt 0.841296 0.424302
vt 0.878650 0.449693
vt 0.865954 0.422105
vt 0.841296 0.424302
vt 0.841296 0.424302
vt 0.865954 0.422105
vt 0.841296 0.424302
vt 0.865954 0.422105
vt 0.865954 0.422105
vt 0.841296 0.424302
vt 0.841296 0.424302
vt 0.865954 0.422105
vt 0.843005 0.394761
vt 0.529040 0.580552
vt 0.515124 0.520494
vt 0.422351 0.583970
vt 0.515124 0.520494
vt 0.529040 0.580552
vt 0.422351 0.583970
vt 0.422351 0.583970
vt 0.529040 0.580552
vt 0.495593 0.648179
vt 0.529040 0.580552
vt 0.422351 0.583970
vt 0.495593 0.648179
vt 0.495593 0.648179
vt 0.422351 0.583970
vt 0.397693 0.724839
vt 0.422351 0.583970
vt 0.495593 0.648179
vt 0.397693 0.724839
vt 0.397693 0.724839
vt 0.497058 0.781968
vt 0.495593 0.648179
vt 0.495593 0.648179
vt 0.497058 0.781968
vt 0.397693 0.724839
vt 0.497058 0.781968
vt 0.397693 0.724839
vt 0.416003 0.851793
vt 0.397693 0.724839
vt 0.497058 0.781968
vt 0.416003 0.851793
vt 0.173572 0.914048
vt 0.211413 0.764146
vt 0.117419 0.889879
vt 0.117419 0.889879
vt 0.211413 0.764146
vt 0.173572 0.914048
vt 0.211413 0.764146
vt 0.173572 0.914048
vt 0.264636 0.850328
vt 0.173572 0.914048
vt 0.211413 0.764146
vt 0.264636 0.850328
vt 0.264636 0.850328
vt 0.211413 0.764146
vt 0.275378 0.754136
vt 0.211413 0.764146
vt 0.264636 0.850328
vt 0.275378 0.754136
vt 0.917224 0.258531
vt 0.905017 0.309312
vt 0.879626 0.281968
vt 0.879626 0.281968
vt 0.905017 0.309312
vt 0.860339 0.330797
vt 0.905017 0.309312
vt 0.902820 0.447740
vt 0.860339 0.330797
vt 0.879870 0.782213
vt 0.916492 0.758775
vt 0.890124 0.735582
vt 0.916492 0.758775
vt 0.934558 0.712144
vt 0.890124 0.735582
vt 0.890124 0.735582
vt 0.934558 0.712144
vt 0.894031 0.595201
vt 0.281970 0.640855
vt 0.379626 0.584459
vt 0.302478 0.707994
vt 0.281970 0.823961
vt 0.302478 0.758043
vt 0.379626 0.878648
vt 0.220691 0.612535
vt 0.038318 0.730211
vt 0.211413 0.764146
vt 0.006091 0.868150
vt 0.056628 0.956773
vt 0.086169 0.943101
vt 0.304199 0.065186
vt 0.247314 0.166748
vt 0.237061 0.072754
vt 0.237061 0.072754
vt 0.247314 0.166748
vt 0.071533 0.062256
vt 0.247314 0.166748
vt 0.237061 0.072754
vt 0.071533 0.062256
vt 0.071533 0.062256
vt 0.064697 0.004639
vt 0.237061 0.072754
vt 0.237061 0.072754
vt 0.064697 0.004639
vt 0.071533 0.062256
vt 0.064697 0.004639
vt 0.071533 0.062256
vt 0.043457 0.099366
vt 0.071533 0.062256
vt 0.064697 0.004639
vt 0.043457 0.099366
vt 0.043457 0.099366
vt 0.014160 0.051758
vt 0.064697 0.004639
vt 0.064697 0.004639
vt 0.014160 0.051758
vt 0.043457 0.099366
vt 0.014160 0.051758
vt 0.001953 0.132325
vt 0.043457 0.099366
vt 0.043457 0.099366
vt 0.001953 0.132325
vt 0.045166 0.145996
vt 0.001953 0.132325
vt 0.045166 0.145996
vt 0.015381 0.177735
vt 0.045166 0.145996
vt 0.015381 0.177735
vt 0.047119 0.242920
vt 0.015381 0.177735
vt 0.045166 0.145996
vt 0.047119 0.242920
vt 0.047119 0.242920
vt 0.077881 0.156983
vt 0.045166 0.145996
vt 0.045166 0.145996
vt 0.077881 0.156983
vt 0.047119 0.242920
vt 0.077881 0.156983
vt 0.047119 0.242920
vt 0.080811 0.267334
vt 0.047119 0.242920
vt 0.077881 0.156983
vt 0.080811 0.267334
vt 0.080811 0.267334
vt 0.104248 0.214844
vt 0.077881 0.156983
vt 0.077881 0.156983
vt 0.104248 0.214844
vt 0.080811 0.267334
vt 0.104248 0.214844
vt 0.080811 0.267334
vt 0.117188 0.283936
vt 0.080811 0.267334
vt 0.093750 0.298096
vt 0.117188 0.283936
vt 0.117188 0.283936
vt 0.093750 0.298096
vt 0.093262 0.367676
vt 0.093750 0.298096
vt 0.117188 0.283936
vt 0.093262 0.367676
vt 0.165771 0.239991
vt 0.133057 0.271973
vt 0.150879 0.220704
vt 0.150879 0.220704
vt 0.133057 0.271973
vt 0.165771 0.239991
vt 0.133057 0.271973
vt 0.153320 0.287354
vt 0.165771 0.239991
vt 0.165771 0.239991
vt 0.153320 0.287354
vt 0.133057 0.271973
vt 0.153320 0.287354
vt 0.127197 0.330323
vt 0.133057 0.271973
vt 0.133057 0.271973
vt 0.127197 0.330323
vt 0.153320 0.287354
vt 0.127197 0.330323
vt 0.145996 0.322510
vt 0.153320 0.287354
vt 0.153320 0.287354
vt 0.145996 0.322510
vt 0.127197 0.330323
vt 0.145996 0.322510
vt 0.127197 0.330323
vt 0.136963 0.371338
vt 0.127197 0.330323
vt 0.145996 0.322510
vt 0.136963 0.371338
vt 0.136963 0.371338
vt 0.145996 0.322510
vt 0.152344 0.354493
vt 0.145996 0.322510
vt 0.136963 0.371338
vt 0.152344 0.354493
vt 0.152344 0.354493
vt 0.155273 0.390137
vt 0.136963 0.371338
vt 0.136963 0.371338
vt 0.155273 0.390137
vt 0.152344 0.354493
vt 0.155273 0.390137
vt 0.167969 0.363526
vt 0.152344 0.354493
vt 0.152344 0.354493
vt 0.167969 0.363526
vt 0.155273 0.390137
vt 0.167969 0.363526
vt 0.174805 0.380127
vt 0.155273 0.390137
vt 0.155273 0.390137
vt 0.174805 0.380127
vt 0.167969 0.363526
vt 0.174805 0.380127
vt 0.167969 0.363526
vt 0.187012 0.346680
vt 0.167969 0.363526
vt 0.174805 0.380127
vt 0.187012 0.346680
vt 0.180664 0.200684
vt 0.173584 0.261719
vt 0.166260 0.239746
vt 0.173584 0.261719
vt 0.166260 0.239746
vt 0.153320 0.287354
vt 0.166260 0.239746
vt 0.133057 0.271973
vt 0.153320 0.287354
vt 0.153320 0.287354
vt 0.127197 0.330323
vt 0.133057 0.271973
vt 0.133057 0.271973
vt 0.127197 0.330323
vt 0.153320 0.287354
vt 0.127197 0.330323
vt 0.145996 0.322510
vt 0.153320 0.287354
vt 0.153320 0.287354
vt 0.145996 0.322510
vt 0.127197 0.330323
vt 0.145996 0.322510
vt 0.127197 0.330323
vt 0.136963 0.371338
vt 0.127197 0.330323
vt 0.145996 0.322510
vt 0.136963 0.371338
vt 0.136963 0.371338
vt 0.145996 0.322510
vt 0.152344 0.354493
vt 0.145996 0.322510
vt 0.136963 0.371338
vt 0.152344 0.354493
vt 0.152344 0.354493
vt 0.155273 0.390137
vt 0.136963 0.371338
vt 0.136963 0.371338
vt 0.155273 0.390137
vt 0.152344 0.354493
vt 0.155273 0.390137
vt 0.167969 0.363526
vt 0.152344 0.354493
vt 0.152344 0.354493
vt 0.167969 0.363526
vt 0.155273 0.390137
vt 0.167969 0.363526
vt 0.174805 0.380127
vt 0.155273 0.390137
vt 0.155273 0.390137
vt 0.174805 0.380127
vt 0.167969 0.363526
vt 0.174805 0.380127
vt 0.187012 0.346680
vt 0.167969 0.363526
vt 0.167969 0.363526
vt 0.187012 0.346680
vt 0.174805 0.380127
vt 0.461670 0.456055
vt 0.473145 0.506348
vt 0.440430 0.543457
vt 0.473145 0.506348
vt 0.461670 0.456055
vt 0.440430 0.543457
vt 0.440430 0.543457
vt 0.411865 0.471924
vt 0.461670 0.456055
vt 0.461670 0.456055
vt 0.412842 0.389405
vt 0.411865 0.471924
vt 0.411865 0.471924
vt 0.412842 0.389405
vt 0.461670 0.456055
vt 0.412842 0.389405
vt 0.462402 0.390381
vt 0.461670 0.456055
vt 0.461670 0.456055
vt 0.462402 0.390381
vt 0.412842 0.389405
vt 0.462402 0.390381
vt 0.436768 0.312989
vt 0.412842 0.389405
vt 0.412842 0.389405
vt 0.436768 0.312989
vt 0.412842 0.389405
vt 0.436768 0.312989
vt 0.436768 0.312989
vt 0.412842 0.389405
vt 0.412842 0.389405
vt 0.436768 0.312989
vt 0.462402 0.390381
vt 0.436768 0.312989
vt 0.475098 0.314209
vt 0.462402 0.390381
vt 0.462402 0.390381
vt 0.475098 0.314209
vt 0.436768 0.312989
vt 0.475098 0.314209
vt 0.436768 0.312989
vt 0.436768 0.263916
vt 0.436768 0.312989
vt 0.475098 0.314209
vt 0.436768 0.263916
vt 0.436768 0.263916
vt 0.475098 0.314209
vt 0.456055 0.232666
vt 0.475098 0.314209
vt 0.436768 0.263916
vt 0.456055 0.232666
vt 0.456055 0.232666
vt 0.436768 0.263916
vt 0.418945 0.202393
vt 0.436768 0.263916
vt 0.456055 0.232666
vt 0.418945 0.202393
vt 0.392334 0.159912
vt 0.382324 0.205567
vt 0.407227 0.206299
vt 0.407227 0.206299
vt 0.382324 0.205567
vt 0.392334 0.159912
vt 0.382324 0.205567
vt 0.392334 0.159912
vt 0.361572 0.172120
vt 0.392334 0.159912
vt 0.382324 0.205567
vt 0.361572 0.172120
vt 0.361572 0.172120
vt 0.372559 0.278321
vt 0.382324 0.205567
vt 0.382324 0.205567
vt 0.372559 0.278321
vt 0.361572 0.172120
vt 0.372559 0.278321
vt 0.338379 0.284912
vt 0.361572 0.172120
vt 0.361572 0.172120
vt 0.338379 0.284912
vt 0.372559 0.278321
vt 0.338379 0.284912
vt 0.340576 0.421875
vt 0.372559 0.278321
vt 0.372559 0.278321
vt 0.340576 0.421875
vt 0.384766 0.384034
vt 0.340576 0.421875
vt 0.385010 0.532715
vt 0.384766 0.384034
vt 0.384766 0.384034
vt 0.385010 0.532715
vt 0.340576 0.421875
vt 0.385010 0.532715
vt 0.367676 0.544190
vt 0.340576 0.421875
vt 0.340576 0.421875
vt 0.367676 0.544190
vt 0.385010 0.532715
vt 0.265625 0.930176
vt 0.345215 0.930176
vt 0.289063 0.971680
vt 0.345215 0.930176
vt 0.350830 0.971680
vt 0.289063 0.971680
vt 0.289063 0.971680
vt 0.350830 0.971680
vt 0.345215 0.930176
vt 0.350830 0.971680
vt 0.396729 0.971680
vt 0.345215 0.930176
vt 0.345215 0.930176
vt 0.396729 0.971680
vt 0.397949 0.930176
vt 0.396729 0.971680
vt 0.426025 0.951416
vt 0.397949 0.930176
vt 0.397949 0.930176
vt 0.426025 0.951416
vt 0.437744 0.887940
vt 0.426025 0.951416
vt 0.458008 0.909912
vt 0.437744 0.887940
vt 0.437744 0.887940
vt 0.458008 0.909912
vt 0.501953 0.853272
vt 0.458008 0.909912
vt 0.437744 0.887940
vt 0.501953 0.853272
vt 0.501953 0.853272
vt 0.437744 0.887940
vt 0.496094 0.822266
vt 0.173584 0.261719
vt 0.221436 0.289307
vt 0.180664 0.200684
vt 0.221436 0.289307
vt 0.235352 0.199463
vt 0.180664 0.200684
vt 0.180664 0.200684
vt 0.235352 0.199463
vt 0.221436 0.289307
vt 0.235352 0.199463
vt 0.302002 0.275147
vt 0.221436 0.289307
vt 0.221436 0.289307
vt 0.302002 0.275147
vt 0.249023 0.371094
vt 0.302002 0.275147
vt 0.317139 0.383301
vt 0.249023 0.371094
vt 0.249023 0.371094
vt 0.317139 0.383301
vt 0.236572 0.459229
vt 0.317139 0.383301
vt 0.289063 0.514893
vt 0.236572 0.459229
vt 0.236572 0.459229
vt 0.289063 0.514893
vt 0.225342 0.610108
vt 0.289063 0.514893
vt 0.236572 0.459229
vt 0.225342 0.610108
vt 0.225342 0.610108
vt 0.236572 0.459229
vt 0.187500 0.551514
vt 0.545410 0.556885
vt 0.550049 0.580811
vt 0.544434 0.623047
vt 0.550049 0.580811
vt 0.560059 0.601319
vt 0.544434 0.623047
vt 0.544434 0.623047
vt 0.560059 0.601319
vt 0.580322 0.645508
vt 0.560059 0.601319
vt 0.573730 0.603760
vt 0.580322 0.645508
vt 0.580322 0.645508
vt 0.573730 0.603760
vt 0.602051 0.621582
vt 0.573730 0.603760
vt 0.585449 0.588868
vt 0.602051 0.621582
vt 0.602051 0.621582
vt 0.585449 0.588868
vt 0.612305 0.579590
vt 0.585449 0.588868
vt 0.632813 0.494385
vt 0.612305 0.579590
vt 0.612305 0.579590
vt 0.632813 0.494385
vt 0.623779 0.576661
vt 0.632813 0.494385
vt 0.634277 0.558594
vt 0.623779 0.576661
vt 0.184814 0.441407
vt 0.158203 0.490967
vt 0.162109 0.424073
vt 0.162109 0.424073
vt 0.158203 0.490967
vt 0.184814 0.441407
vt 0.158203 0.490967
vt 0.184814 0.441407
vt 0.197266 0.491455
vt 0.184814 0.441407
vt 0.221436 0.451661
vt 0.197266 0.491455
vt 0.197266 0.491455
vt 0.221436 0.451661
vt 0.184814 0.441407
vt 0.221436 0.451661
vt 0.184814 0.441407
vt 0.206543 0.419190
vt 0.184814 0.441407
vt 0.221436 0.451661
vt 0.206543 0.419190
vt 0.206543 0.419190
vt 0.219482 0.366211
vt 0.221436 0.451661
vt 0.221436 0.451661
vt 0.219482 0.366211
vt 0.206543 0.419190
vt 0.642334 0.315430
vt 0.625000 0.365479
vt 0.611328 0.339844
vt 0.625000 0.365479
vt 0.625000 0.365479
vt 0.611328 0.339844
vt 0.611328 0.339844
vt 0.625000 0.365479
vt 0.610352 0.429932
vt 0.625000 0.365479
vt 0.646729 0.351319
vt 0.610352 0.429932
vt 0.610352 0.429932
vt 0.646729 0.351319
vt 0.678467 0.498780
vt 0.646729 0.351319
vt 0.778320 0.370606
vt 0.678467 0.498780
vt 0.678467 0.498780
vt 0.778320 0.370606
vt 0.745850 0.515381
vt 0.778320 0.370606
vt 0.784912 0.550537
vt 0.745850 0.515381
vt 0.745850 0.515381
vt 0.784912 0.550537
vt 0.771240 0.614746
vt 0.004639 0.269043
vt 0.004639 0.224121
vt 0.036133 0.263428
vt 0.004639 0.224121
vt 0.004639 0.269043
vt 0.036133 0.263428
vt 0.036133 0.263428
vt 0.004639 0.269043
vt 0.004639 0.472168
vt 0.004639 0.269043
vt 0.036133 0.263428
vt 0.004639 0.472168
vt 0.004639 0.472168
vt 0.036133 0.263428
vt 0.020264 0.460694
vt 0.036133 0.263428
vt 0.004639 0.472168
vt 0.020264 0.460694
vt 0.020264 0.460694
vt 0.004639 0.472168
vt 0.027344 0.520508
vt 0.004639 0.472168
vt 0.020264 0.460694
vt 0.027344 0.520508
vt 0.133057 0.271973
vt 0.166260 0.239746
vt 0.153320 0.287354
vt 0.153320 0.287354
vt 0.166260 0.239746
vt 0.173584 0.261719
vt 0.166260 0.239746
vt 0.173584 0.261719
vt 0.180664 0.200684
vt 0.173584 0.261719
vt 0.221436 0.289307
vt 0.180664 0.200684
vt 0.180664 0.200684
vt 0.221436 0.289307
vt 0.235352 0.199463
vt 0.221436 0.289307
vt 0.302002 0.275147
vt 0.235352 0.199463
vt 0.235352 0.199463
vt 0.302002 0.275147
vt 0.221436 0.289307
vt 0.302002 0.275147
vt 0.249023 0.371094
vt 0.221436 0.289307
vt 0.616943 0.164551
vt 0.616943 0.230225
vt 0.961426 0.164551
vt 0.961426 0.164551
vt 0.616943 0.230225
vt 0.961426 0.230225
vt 0.616943 0.230225
vt 0.616943 0.164551
vt 0.961426 0.230225
vt 0.961426 0.230225
vt 0.616943 0.164551
vt 0.961426 0.164551
vt 0.616943 0.164551
vt 0.616943 0.230225
vt 0.961426 0.164551
vt 0.961426 0.164551
vt 0.616943 0.230225
vt 0.961426 0.230225
vt 0.616943 0.230225
vt 0.616943 0.164551
vt 0.961426 0.230225
vt 0.961426 0.230225
vt 0.616943 0.164551
vt 0.961426 0.164551
vt 0.578125 0.230957
vt 0.517334 0.235108
vt 0.595947 0.239014
vt 0.595947 0.239014
vt 0.517334 0.235108
vt 0.597168 0.300782
vt 0.517334 0.235108
vt 0.498047 0.298584
vt 0.597168 0.300782
vt 0.597168 0.300782
vt 0.498047 0.298584
vt 0.586914 0.371338
vt 0.498047 0.298584
vt 0.490234 0.374024
vt 0.586914 0.371338
vt 0.586914 0.371338
vt 0.490234 0.374024
vt 0.556885 0.426758
vt 0.490234 0.374024
vt 0.522949 0.444092
vt 0.556885 0.426758
vt 0.933838 0.852051
vt 0.935059 0.803711
vt 0.997803 0.802246
vt 0.935059 0.803711
vt 0.939209 0.758545
vt 0.997803 0.802246
vt 0.997803 0.802246
vt 0.939209 0.758545
vt 0.997803 0.758301
vt 0.939209 0.758545
vt 0.945801 0.721680
vt 0.997803 0.758301
vt 0.997803 0.758301
vt 0.945801 0.721680
vt 0.990234 0.724366
vt 0.945801 0.721680
vt 0.954834 0.702881
vt 0.990234 0.724366
vt 0.990234 0.724366
vt 0.954834 0.702881
vt 0.979248 0.676758
vt 0.557861 0.801758
vt 0.577881 0.693360
vt 0.627686 0.875245
vt 0.577881 0.693360
vt 0.609131 0.653077
vt 0.627686 0.875245
vt 0.627686 0.875245
vt 0.609131 0.653077
vt 0.708496 0.852784
vt 0.609131 0.653077
vt 0.751953 0.652344
vt 0.708496 0.852784
vt 0.708496 0.852784
vt 0.751953 0.652344
vt 0.761475 0.845948
vt 0.751953 0.652344
vt 0.784668 0.672608
vt 0.761475 0.845948
vt 0.761475 0.845948
vt 0.784668 0.672608
vt 0.802490 0.760743
vt 0.592041 0.149903
vt 0.552246 0.129151
vt 0.572021 0.157471
vt 0.572021 0.157471
vt 0.552246 0.129151
vt 0.495605 0.211182
vt 0.552246 0.129151
vt 0.495850 0.171875
vt 0.495605 0.211182
vt 0.495605 0.211182
vt 0.495850 0.171875
vt 0.462402 0.196778
vt 0.495850 0.171875
vt 0.468018 0.158936
vt 0.462402 0.196778
vt 0.462402 0.196778
vt 0.468018 0.158936
vt 0.434814 0.154053
vt 0.468018 0.158936
vt 0.448242 0.121094
vt 0.434814 0.154053
vt 0.592041 0.073731
vt 0.572021 0.081055
vt 0.552246 0.052491
vt 0.572021 0.081055
vt 0.495361 0.134034
vt 0.552246 0.052491
vt 0.552246 0.052491
vt 0.495361 0.134034
vt 0.552246 0.052491
vt 0.495361 0.134034
vt 0.495361 0.134034
vt 0.552246 0.052491
vt 0.552246 0.052491
vt 0.495361 0.134034
vt 0.495850 0.094727
vt 0.495361 0.134034
vt 0.462402 0.119385
vt 0.495850 0.094727
vt 0.495850 0.094727
vt 0.462402 0.119385
vt 0.467773 0.081543
vt 0.462402 0.119385
vt 0.434570 0.076172
vt 0.467773 0.081543
vt 0.467773 0.081543
vt 0.434570 0.076172
vt 0.448242 0.043457
vt 0.696777 0.045655
vt 0.652344 0.046387
vt 0.633789 0.014649
vt 0.652344 0.046387
vt 0.613281 0.062500
vt 0.633789 0.014649
vt 0.633789 0.014649
vt 0.613281 0.062500
vt 0.595459 0.031495
vt 0.613281 0.062500
vt 0.592041 0.073731
vt 0.595459 0.031495
vt 0.595459 0.031495
vt 0.592041 0.073731
vt 0.574951 0.043946
vt 0.592041 0.073731
vt 0.552246 0.052491
vt 0.574951 0.043946
vt 0.696777 0.123291
vt 0.633789 0.092286
vt 0.652344 0.124024
vt 0.652344 0.124024
vt 0.633789 0.092286
vt 0.613281 0.138428
vt 0.633789 0.092286
vt 0.595459 0.107666
vt 0.613281 0.138428
vt 0.613281 0.138428
vt 0.595459 0.107666
vt 0.592041 0.149903
vt 0.595459 0.107666
vt 0.574951 0.120362
vt 0.592041 0.149903
vt 0.592041 0.149903
vt 0.574951 0.120362
vt 0.552246 0.129151
vt 0.911621 0.990235
vt 0.928223 0.930420
vt 0.934570 0.991211
vt 0.934570 0.991211
vt 0.928223 0.930420
vt 0.954102 0.986084
vt 0.928223 0.930420
vt 0.961914 0.898682
vt 0.954102 0.986084
vt 0.954102 0.986084
vt 0.961914 0.898682
vt 0.965088 0.972412
vt 0.961914 0.898682
vt 0.982910 0.930420
vt 0.965088 0.972412
vt 0.808105 0.976319
vt 0.761475 0.845948
vt 0.825439 0.985352
vt 0.825439 0.985352
vt 0.761475 0.845948
vt 0.858154 0.971436
vt 0.761475 0.845948
vt 0.802490 0.760743
vt 0.858154 0.971436
vt 0.858154 0.971436
vt 0.802490 0.760743
vt 0.879150 0.908692
vt 0.802490 0.760743
vt 0.872070 0.878907
vt 0.879150 0.908692
vt 0.585449 0.588868
vt 0.545410 0.556885
vt 0.632813 0.494385
vt 0.545410 0.556885
vt 0.552490 0.535157
vt 0.632813 0.494385
vt 0.632813 0.494385
vt 0.552490 0.535157
vt 0.610352 0.429932
vt 0.552490 0.535157
vt 0.589844 0.410645
vt 0.610352 0.429932
vt 0.610352 0.429932
vt 0.589844 0.410645
vt 0.611328 0.339844
vt 0.711182 0.972168
vt 0.701660 0.947510
vt 0.708496 0.852784
vt 0.701660 0.947510
vt 0.681641 0.926514
vt 0.708496 0.852784
vt 0.708496 0.852784
vt 0.681641 0.926514
vt 0.627686 0.875245
vt 0.681641 0.926514
vt 0.657227 0.929444
vt 0.627686 0.875245
vt 0.627686 0.875245
vt 0.657227 0.929444
vt 0.642822 0.948243
vt 0.677490 0.594239
vt 0.678467 0.498780
vt 0.684570 0.573487
vt 0.684570 0.573487
vt 0.678467 0.498780
vt 0.700928 0.557618
vt 0.678467 0.498780
vt 0.745850 0.515381
vt 0.700928 0.557618
vt 0.700928 0.557618
vt 0.745850 0.515381
vt 0.719727 0.560059
vt 0.745850 0.515381
vt 0.731201 0.575440
vt 0.719727 0.560059
vt 0.711182 0.972168
vt 0.708496 0.852784
vt 0.720215 0.945801
vt 0.720215 0.945801
vt 0.708496 0.852784
vt 0.739502 0.920166
vt 0.708496 0.852784
vt 0.761475 0.845948
vt 0.739502 0.920166
vt 0.739502 0.920166
vt 0.761475 0.845948
vt 0.763672 0.918946
vt 0.761475 0.845948
vt 0.778564 0.936280
vt 0.763672 0.918946
vt 0.179688 0.930176
vt 0.192383 0.971680
vt 0.213135 0.930176
vt 0.192383 0.971680
vt 0.217773 0.971680
vt 0.213135 0.930176
vt 0.213135 0.930176
vt 0.217773 0.971680
vt 0.265625 0.930176
vt 0.217773 0.971680
vt 0.289063 0.971680
vt 0.265625 0.930176
vt 0.265625 0.930176
vt 0.289063 0.971680
vt 0.345215 0.930176
vt 0.437744 0.887940
vt 0.501953 0.853272
vt 0.496094 0.822266
vt 0.501953 0.853272
vt 0.530762 0.765870
vt 0.496094 0.822266
vt 0.496094 0.822266
vt 0.530762 0.765870
vt 0.501953 0.853272
vt 0.530762 0.765870
vt 0.551270 0.775147
vt 0.501953 0.853272
vt 0.501953 0.853272
vt 0.551270 0.775147
vt 0.530762 0.765870
vt 0.458008 0.909912
vt 0.426025 0.951416
vt 0.437744 0.887940
vt 0.437744 0.887940
vt 0.426025 0.951416
vt 0.397949 0.930176
vt 0.426025 0.951416
vt 0.396729 0.971680
vt 0.397949 0.930176
vt 0.397949 0.930176
vt 0.396729 0.971680
vt 0.345215 0.930176
vt 0.396729 0.971680
vt 0.350830 0.971680
vt 0.345215 0.930176
vt 0.221436 0.289307
vt 0.173584 0.261719
vt 0.180664 0.200684
vt 0.173584 0.261719
vt 0.165771 0.239991
vt 0.180664 0.200684
vt 0.180664 0.200684
vt 0.165771 0.239991
vt 0.173584 0.261719
vt 0.165771 0.239991
vt 0.153320 0.287354
vt 0.173584 0.261719
vt 0.173584 0.261719
vt 0.153320 0.287354
vt 0.165771 0.239991
vt 0.289063 0.514893
vt 0.317139 0.383301
vt 0.236572 0.459229
vt 0.236572 0.459229
vt 0.317139 0.383301
vt 0.249023 0.371094
vt 0.317139 0.383301
vt 0.302002 0.275147
vt 0.249023 0.371094
vt 0.249023 0.371094
vt 0.302002 0.275147
vt 0.221436 0.289307
vt 0.302002 0.275147
vt 0.235352 0.199463
vt 0.221436 0.289307
vt 0.342041 0.013428
vt 0.390381 0.110108
vt 0.304199 0.065186
vt 0.304199 0.065186
vt 0.390381 0.110108
vt 0.326660 0.175293
vt 0.390381 0.110108
vt 0.304199 0.065186
vt 0.326660 0.175293
vt 0.326660 0.175293
vt 0.304199 0.065186
vt 0.247314 0.166748
vt 0.304199 0.065186
vt 0.237061 0.072754
vt 0.247314 0.166748
vt 0.996094 0.005860
vt 0.996094 0.045655
vt 0.941406 0.005860
vt 0.996094 0.045655
vt 0.932129 0.045655
vt 0.941406 0.005860
vt 0.941406 0.005860
vt 0.932129 0.045655
vt 0.866455 0.005860
vt 0.932129 0.045655
vt 0.865723 0.045655
vt 0.866455 0.005860
vt 0.866455 0.005860
vt 0.865723 0.045655
vt 0.786865 0.045655
vt 0.996094 0.083496
vt 0.941406 0.083496
vt 0.996094 0.123291
vt 0.996094 0.123291
vt 0.941406 0.083496
vt 0.932129 0.123291
vt 0.941406 0.083496
vt 0.866455 0.083496
vt 0.932129 0.123291
vt 0.932129 0.123291
vt 0.866455 0.083496
vt 0.865723 0.123291
vt 0.866455 0.083496
vt 0.786865 0.123291
vt 0.865723 0.123291
vt 0.961426 0.164551
vt 0.961426 0.230225
vt 0.994629 0.254151
vt 0.961426 0.230225
vt 0.961426 0.164551
vt 0.994629 0.254151
vt 0.994629 0.254151
vt 0.961426 0.164551
vt 0.994629 0.164551
vt 0.961426 0.164551
vt 0.994629 0.254151
vt 0.994629 0.164551
vt 0.994629 0.254151
vt 0.994629 0.164551
vt 0.961426 0.164551
vt 0.994629 0.164551
vt 0.994629 0.254151
vt 0.961426 0.164551
vt 0.961426 0.164551
vt 0.994629 0.254151
vt 0.961426 0.230225
vt 0.994629 0.254151
vt 0.961426 0.164551
vt 0.961426 0.230225
vt 0.925049 0.867432
vt 0.928223 0.930420
vt 0.901123 0.883057
vt 0.901123 0.883057
vt 0.928223 0.930420
vt 0.884521 0.938721
vt 0.928223 0.930420
vt 0.911621 0.990235
vt 0.884521 0.938721
vt 0.884521 0.938721
vt 0.911621 0.990235
vt 0.887695 0.983155
vt 0.784912 0.550537
vt 0.813232 0.459717
vt 0.795410 0.458985
vt 0.795410 0.458985
vt 0.813232 0.459717
vt 0.778320 0.370606
vt 0.813232 0.459717
vt 0.792480 0.346680
vt 0.778320 0.370606
vt 0.778320 0.370606
vt 0.792480 0.346680
vt 0.759521 0.321778
vt 0.557861 0.801758
vt 0.627686 0.875245
vt 0.571777 0.925293
vt 0.571777 0.925293
vt 0.627686 0.875245
vt 0.609619 0.981934
vt 0.627686 0.875245
vt 0.642822 0.947998
vt 0.609619 0.981934
vt 0.609619 0.981934
vt 0.642822 0.947998
vt 0.632080 0.990235
vt 0.677490 0.594239
vt 0.670898 0.575440
vt 0.678467 0.498780
vt 0.670898 0.575440
vt 0.654541 0.555420
vt 0.678467 0.498780
vt 0.678467 0.498780
vt 0.654541 0.555420
vt 0.632813 0.494385
vt 0.654541 0.555420
vt 0.634277 0.558594
vt 0.632813 0.494385
vt 0.179688 0.930176
vt 0.213135 0.930176
vt 0.192383 0.971680
vt 0.192383 0.971680
vt 0.213135 0.930176
vt 0.217773 0.971680
vt 0.213135 0.930176
vt 0.265625 0.930176
vt 0.217773 0.971680
vt 0.217773 0.971680
vt 0.265625 0.930176
vt 0.289063 0.971680
vt 0.077393 0.984864
vt 0.118896 0.958985
vt 0.118408 0.987305
vt 0.118408 0.987305
vt 0.118896 0.958985
vt 0.153809 0.989502
vt 0.118896 0.958985
vt 0.154053 0.960938
vt 0.153809 0.989502
vt 0.153809 0.989502
vt 0.154053 0.960938
vt 0.180908 0.976807
vt 0.786865 0.045655
vt 0.731445 0.045655
vt 0.717529 0.005860
vt 0.731445 0.045655
vt 0.696777 0.045655
vt 0.717529 0.005860
vt 0.717529 0.005860
vt 0.696777 0.045655
vt 0.659912 0.005860
vt 0.696777 0.045655
vt 0.633789 0.014649
vt 0.659912 0.005860
vt 0.786865 0.123291
vt 0.717529 0.083496
vt 0.731445 0.123291
vt 0.731445 0.123291
vt 0.717529 0.083496
vt 0.696777 0.123291
vt 0.717529 0.083496
vt 0.659912 0.083496
vt 0.696777 0.123291
vt 0.696777 0.123291
vt 0.659912 0.083496
vt 0.633789 0.092286
vt 0.060547 0.625245
vt 0.098877 0.539795
vt 0.082764 0.650391
vt 0.082764 0.650391
vt 0.098877 0.539795
vt 0.120850 0.606446
vt 0.098877 0.539795
vt 0.138184 0.541260
vt 0.120850 0.606446
vt 0.060547 0.625245
vt 0.042236 0.621582
vt 0.098877 0.539795
vt 0.042236 0.621582
vt 0.037354 0.560791
vt 0.098877 0.539795
vt 0.098877 0.539795
vt 0.037354 0.560791
vt 0.042725 0.487793
vt 0.042725 0.487793
vt 0.069336 0.423340
vt 0.098877 0.539795
vt 0.069336 0.423340
vt 0.103516 0.398438
vt 0.098877 0.539795
vt 0.098877 0.539795
vt 0.103516 0.398438
vt 0.115967 0.364991
vt 0.115967 0.364991
vt 0.130615 0.410401
vt 0.098877 0.539795
vt 0.130615 0.410401
vt 0.142334 0.462891
vt 0.098877 0.539795
vt 0.098877 0.539795
vt 0.142334 0.462891
vt 0.138184 0.541260
vt 0.813232 0.459717
vt 0.784912 0.550537
vt 0.799805 0.560791
vt 0.799805 0.560791
vt 0.784912 0.550537
vt 0.781250 0.619385
vt 0.784912 0.550537
vt 0.771240 0.614746
vt 0.781250 0.619385
vt 0.778320 0.370606
vt 0.646729 0.351319
vt 0.759521 0.321778
vt 0.759521 0.321778
vt 0.646729 0.351319
vt 0.642334 0.315430
vt 0.646729 0.351319
vt 0.625000 0.365479
vt 0.642334 0.315430
vt 0.004883 0.597901
vt 0.017334 0.658692
vt 0.004883 0.704102
vt 0.004883 0.704102
vt 0.017334 0.658692
vt 0.029785 0.704102
vt 0.017334 0.658692
vt 0.029785 0.597901
vt 0.029785 0.704102
vt 0.249023 0.371094
vt 0.302002 0.275147
vt 0.317139 0.383301
vt 0.317139 0.383301
vt 0.302002 0.275147
vt 0.249023 0.371094
vt 0.302002 0.275147
vt 0.221436 0.289307
vt 0.249023 0.371094
vt 0.015381 0.177735
vt 0.045166 0.145996
vt 0.001953 0.132325
vt 0.045166 0.145996
vt 0.001953 0.132325
vt 0.043457 0.099366
vt 0.001953 0.132325
vt 0.014160 0.051758
vt 0.043457 0.099366
vt 0.490234 0.374024
vt 0.496582 0.427979
vt 0.522949 0.444092
vt 0.496582 0.427979
vt 0.509277 0.475586
vt 0.522949 0.444092
vt 0.925049 0.867432
vt 0.947021 0.876709
vt 0.928223 0.930420
vt 0.947021 0.876709
vt 0.961914 0.898682
vt 0.928223 0.930420
vt 0.384766 0.384034
vt 0.340576 0.421875
vt 0.372559 0.278321
vt 0.372559 0.278321
vt 0.340576 0.421875
vt 0.338379 0.284912
vt 0.740479 0.609864
vt 0.731201 0.575440
vt 0.771240 0.614746
vt 0.771240 0.614746
vt 0.731201 0.575440
vt 0.745850 0.515381
vt 0.445068 0.964356
vt 0.521973 0.984375
vt 0.523926 0.946289
vt 0.523926 0.946289
vt 0.521973 0.984375
vt 0.571289 0.961182
vt 0.044922 0.356202
vt 0.036133 0.263428
vt 0.020264 0.460694
vt 0.020264 0.460694
vt 0.036133 0.263428
vt 0.044922 0.356202
vt 0.717529 0.005860
vt 0.784424 0.005860
vt 0.786865 0.045655
vt 0.786865 0.045655
vt 0.784424 0.005860
vt 0.866455 0.005860
vt 0.717529 0.083496
vt 0.786865 0.123291
vt 0.784424 0.083496
vt 0.786865 0.123291
vt 0.866455 0.083496
vt 0.784424 0.083496
vt 0.165283 0.240479
vt 0.133057 0.271973
vt 0.150879 0.220704
vt 0.150879 0.220704
vt 0.133057 0.271973
vt 0.165283 0.240479
vt 0.173584 0.261719
vt 0.180664 0.200684
vt 0.221436 0.289307
vt 0.221436 0.289307
vt 0.180664 0.200684
vt 0.235352 0.199463
vt 0.093750 0.298096
vt 0.080811 0.267334
vt 0.117188 0.283936
vt 0.117188 0.283936
vt 0.080811 0.267334
vt 0.104248 0.214844
vt 0.557617 0.200196
vt 0.517334 0.235108
vt 0.578125 0.230957
vt 0.985596 0.845459
vt 0.933838 0.852051
vt 0.997803 0.802246
vt 0.761475 0.845948
vt 0.808105 0.976319
vt 0.778564 0.936280
vt 0.623779 0.576661
vt 0.602051 0.621582
vt 0.612305 0.579590
vt 0.795410 0.458985
vt 0.784912 0.550537
vt 0.778320 0.370606
vt 0.632813 0.494385
vt 0.610352 0.429932
vt 0.678467 0.498780
vt 0.187500 0.551514
vt 0.236572 0.459229
vt 0.225342 0.610108
vt 0.440430 0.543457
vt 0.461670 0.456055
vt 0.411865 0.471924
vt 0.342041 0.013428
vt 0.304199 0.065186
vt 0.390381 0.110108
vt 0.247314 0.166748
vt 0.304199 0.065186
vt 0.326660 0.175293
vt 0.184814 0.441407
vt 0.158203 0.490967
vt 0.197266 0.491455
vt 0.364707 0.576948
vt 0.364707 0.507368
vt 0.393271 0.507368
vt 0.364707 0.507368
vt 0.364707 0.576948
vt 0.393271 0.507368
vt 0.393271 0.507368
vt 0.364707 0.576948
vt 0.488730 0.576948
vt 0.364707 0.576948
vt 0.393271 0.507368
vt 0.488730 0.576948
vt 0.488730 0.576948
vt 0.393271 0.507368
vt 0.487754 0.507368
vt 0.393271 0.507368
vt 0.488730 0.576948
vt 0.487754 0.507368
vt 0.348349 0.509321
vt 0.242637 0.574262
vt 0.179648 0.509321
vt 0.179648 0.509321
vt 0.242637 0.574262
vt 0.348349 0.509321
vt 0.242637 0.574262
vt 0.305381 0.574262
vt 0.348349 0.509321
vt 0.348349 0.509321
vt 0.305381 0.574262
vt 0.242637 0.574262
vt 0.245810 0.627729
vt 0.053183 0.601850
vt 0.185019 0.536664
vt 0.185019 0.536664
vt 0.053183 0.601850
vt 0.001426 0.504682
vt 0.053183 0.601850
vt 0.001426 0.591352
vt 0.001426 0.504682
vt 0.001426 0.504682
vt 0.001426 0.591352
vt 0.053183 0.601850
vt 0.245810 0.627729
vt 0.185019 0.719282
vt 0.053183 0.654584
vt 0.185019 0.719282
vt 0.001426 0.751752
vt 0.053183 0.654584
vt 0.053183 0.654584
vt 0.001426 0.751752
vt 0.001426 0.665082
vt 0.001426 0.751752
vt 0.053183 0.654584
vt 0.001426 0.665082
vt 0.440635 0.748823
vt 0.288047 0.727338
vt 0.392783 0.676069
vt 0.392783 0.676069
vt 0.288047 0.727338
vt 0.247275 0.650434
vt 0.288047 0.727338
vt 0.247275 0.719037
vt 0.247275 0.650434
vt 0.247275 0.650434
vt 0.247275 0.719037
vt 0.288047 0.727338
vt 0.247275 0.650434
vt 0.288047 0.727338
vt 0.392783 0.676069
vt 0.392783 0.676069
vt 0.288047 0.727338
vt 0.440635 0.748823
vt 0.288047 0.727338
vt 0.303672 0.748823
vt 0.440635 0.748823
vt 0.440635 0.748823
vt 0.303672 0.748823
vt 0.288047 0.727338
vt 0.001426 0.751752
vt 0.185019 0.719282
vt 0.053183 0.654584
vt 0.185019 0.719282
vt 0.245810 0.627729
vt 0.053183 0.654584
vt 0.053183 0.654584
vt 0.245810 0.627729
vt 0.072715 0.627729
vt 0.245810 0.627729
vt 0.053183 0.601850
vt 0.072715 0.627729
vt 0.247275 0.650434
vt 0.288047 0.727338
vt 0.392783 0.676069
vt 0.392783 0.676069
vt 0.288047 0.727338
vt 0.440635 0.748823
vt 0.288047 0.727338
vt 0.303672 0.748823
vt 0.440635 0.748823
vt 0.440635 0.748823
vt 0.303672 0.748823
vt 0.288047 0.727338
vt 0.440635 0.748823
vt 0.288047 0.727338
vt 0.392783 0.676069
vt 0.392783 0.676069
vt 0.288047 0.727338
vt 0.247275 0.650434
vt 0.288047 0.727338
vt 0.247275 0.719037
vt 0.247275 0.650434
vt 0.247275 0.650434
vt 0.247275 0.719037
vt 0.288047 0.727338
vt 0.400840 0.668500
vt 0.489951 0.636274
vt 0.311728 0.636274
vt 0.489951 0.636274
vt 0.456016 0.583784
vt 0.311728 0.636274
vt 0.311728 0.636274
vt 0.456016 0.583784
vt 0.345908 0.583784
vt 0.400840 0.668500
vt 0.311728 0.636274
vt 0.489951 0.636274
vt 0.489951 0.636274
vt 0.311728 0.636274
vt 0.456016 0.583784
vt 0.311728 0.636274
vt 0.345908 0.583784
vt 0.456016 0.583784
vt 0.072715 0.627729
vt 0.001426 0.627729
vt 0.053183 0.654584
vt 0.053183 0.654584
vt 0.001426 0.627729
vt 0.001426 0.665082
vt 0.001426 0.627729
vt 0.053183 0.654584
vt 0.001426 0.665082
vt 0.072715 0.627729
vt 0.053183 0.601850
vt 0.001426 0.627729
vt 0.053183 0.601850
vt 0.001426 0.591352
vt 0.001426 0.627729
vt 0.001426 0.627729
vt 0.001426 0.591352
vt 0.053183 0.601850
vt 0.400840 0.668500
vt 0.311728 0.636274
vt 0.489951 0.636274
vt 0.311728 0.636274
vt 0.311728 0.636274
vt 0.489951 0.636274
vt 0.489951 0.636274
vt 0.311728 0.636274
vt 0.456016 0.583784
vt 0.311728 0.636274
vt 0.345908 0.583784
vt 0.456016 0.583784
vt 0.400840 0.668500
vt 0.311728 0.636274
vt 0.489951 0.636274
vt 0.311728 0.636274
vt 0.345908 0.583784
vt 0.489951 0.636274
vt 0.489951 0.636274
vt 0.345908 0.583784
vt 0.456016 0.583784
vt 0.053183 0.654584
vt 0.001426 0.627729
vt 0.072715 0.627729
vt 0.001426 0.627729
vt 0.053183 0.601850
vt 0.072715 0.627729
vt 0.245810 0.627729
vt 0.185019 0.536664
vt 0.053183 0.601850
vt 0.185019 0.536664
vt 0.001426 0.504682
vt 0.053183 0.601850
vt 0.053183 0.601850
vt 0.245810 0.627729
vt 0.072715 0.627729
vt 0.072715 0.627729
vt 0.245810 0.627729
vt 0.053183 0.654584
vt 0.310547 0.752981
vt 0.465820 0.816701
vt 0.421875 0.766408
vt 0.421875 0.766408
vt 0.465820 0.816701
vt 0.310547 0.752981
vt 0.465820 0.816701
vt 0.310547 0.752981
vt 0.367676 0.814504
vt 0.310547 0.752981
vt 0.465820 0.816701
vt 0.367676 0.814504
vt 0.367676 0.814504
vt 0.494629 0.888479
vt 0.465820 0.816701
vt 0.465820 0.816701
vt 0.494629 0.888479
vt 0.367676 0.814504
vt 0.494629 0.888479
vt 0.367676 0.814504
vt 0.392578 0.895315
vt 0.367676 0.814504
vt 0.494629 0.888479
vt 0.392578 0.895315
vt 0.392578 0.895315
vt 0.479736 0.950490
vt 0.494629 0.888479
vt 0.494629 0.888479
vt 0.479736 0.950490
vt 0.392578 0.895315
vt 0.479736 0.950490
vt 0.400879 0.959768
vt 0.392578 0.895315
vt 0.392578 0.895315
vt 0.400879 0.959768
vt 0.479736 0.950490
vt 0.312744 0.943166
vt 0.272949 0.894826
vt 0.392578 0.895315
vt 0.272949 0.894826
vt 0.231934 0.820852
vt 0.392578 0.895315
vt 0.392578 0.895315
vt 0.231934 0.820852
vt 0.367676 0.814504
vt 0.231934 0.820852
vt 0.254150 0.773977
vt 0.367676 0.814504
vt 0.367676 0.814504
vt 0.254150 0.773977
vt 0.310547 0.752981
vt 0.312744 0.943166
vt 0.392578 0.895315
vt 0.272949 0.894826
vt 0.272949 0.894826
vt 0.392578 0.895315
vt 0.231934 0.820852
vt 0.392578 0.895315
vt 0.367676 0.814504
vt 0.231934 0.820852
vt 0.231934 0.820852
vt 0.367676 0.814504
vt 0.254150 0.773977
vt 0.367676 0.814504
vt 0.310547 0.752981
vt 0.254150 0.773977
vt 0.083984 0.933401
vt 0.007813 0.903860
vt 0.074951 0.965139
vt 0.074951 0.965139
vt 0.007813 0.903860
vt 0.007813 0.995656
vt 0.007813 0.903860
vt 0.074951 0.965139
vt 0.007813 0.995656
vt 0.328369 0.956106
vt 0.228027 0.939992
vt 0.308350 0.992238
vt 0.228027 0.939992
vt 0.139404 0.946340
vt 0.308350 0.992238
vt 0.308350 0.992238
vt 0.139404 0.946340
vt 0.054199 0.992238
vt 0.328369 0.956106
vt 0.308350 0.992238
vt 0.228027 0.939992
vt 0.228027 0.939992
vt 0.308350 0.992238
vt 0.139404 0.946340
vt 0.308350 0.992238
vt 0.054199 0.992238
vt 0.139404 0.946340
vt 0.159424 0.848440
vt 0.083496 0.875051
vt 0.218262 0.862844
vt 0.218262 0.862844
vt 0.083496 0.875051
vt 0.260010 0.902151
vt 0.083496 0.875051
vt 0.184082 0.922658
vt 0.260010 0.902151
vt 0.328369 0.956106
vt 0.228027 0.939992
vt 0.308350 0.992238
vt 0.228027 0.939992
vt 0.139404 0.946340
vt 0.308350 0.992238
vt 0.308350 0.992238
vt 0.139404 0.946340
vt 0.054199 0.992238
vt 0.328369 0.956106
vt 0.308350 0.992238
vt 0.228027 0.939992
vt 0.228027 0.939992
vt 0.308350 0.992238
vt 0.139404 0.946340
vt 0.308350 0.992238
vt 0.054199 0.992238
vt 0.139404 0.946340
vt 0.027832 0.785207
vt 0.053711 0.831106
vt 0.072754 0.762746
vt 0.072754 0.762746
vt 0.053711 0.831106
vt 0.161865 0.758352
vt 0.053711 0.831106
vt 0.179199 0.802053
vt 0.161865 0.758352
vt 0.328369 0.956106
vt 0.228027 0.939992
vt 0.308350 0.992238
vt 0.228027 0.939992
vt 0.139404 0.946340
vt 0.308350 0.992238
vt 0.308350 0.992238
vt 0.139404 0.946340
vt 0.054199 0.992238
vt 0.328369 0.956106
vt 0.308350 0.992238
vt 0.228027 0.939992
vt 0.228027 0.939992
vt 0.308350 0.992238
vt 0.139404 0.946340
vt 0.308350 0.992238
vt 0.054199 0.992238
vt 0.139404 0.946340
vt 0.149170 0.830617
vt 0.053711 0.831106
vt 0.179199 0.802053
vt 0.179199 0.802053
vt 0.053711 0.831106
vt 0.161865 0.758352
vt 0.053711 0.831106
vt 0.072754 0.762746
vt 0.161865 0.758352
vt 0.328369 0.956106
vt 0.228027 0.939992
vt 0.308350 0.992238
vt 0.228027 0.939992
vt 0.139404 0.946340
vt 0.308350 0.992238
vt 0.308350 0.992238
vt 0.139404 0.946340
vt 0.054199 0.992238
vt 0.328369 0.956106
vt 0.308350 0.992238
vt 0.228027 0.939992
vt 0.228027 0.939992
vt 0.308350 0.992238
vt 0.139404 0.946340
vt 0.308350 0.992238
vt 0.054199 0.992238
vt 0.139404 0.946340
vt 0.120117 0.920217
vt 0.083496 0.875051
vt 0.184082 0.922658
vt 0.184082 0.922658
vt 0.083496 0.875051
vt 0.260010 0.902151
vt 0.083496 0.875051
vt 0.218262 0.862844
vt 0.260010 0.902151
vt 0.328369 0.956106
vt 0.228027 0.939992
vt 0.308350 0.992238
vt 0.228027 0.939992
vt 0.139404 0.946340
vt 0.308350 0.992238
vt 0.308350 0.992238
vt 0.139404 0.946340
vt 0.054199 0.992238
vt 0.328369 0.956106
vt 0.308350 0.992238
vt 0.228027 0.939992
vt 0.228027 0.939992
vt 0.308350 0.992238
vt 0.139404 0.946340
vt 0.308350 0.992238
vt 0.054199 0.992238
vt 0.139404 0.946340
vt 0.083496 0.875051
vt 0.007813 0.863821
vt 0.085449 0.849904
vt 0.085449 0.849904
vt 0.007813 0.863821
vt 0.053711 0.831106
vt 0.007813 0.863821
vt 0.007813 0.822072
vt 0.053711 0.831106
vt 0.083496 0.875051
vt 0.057617 0.896779
vt 0.007813 0.863821
vt 0.057617 0.896779
vt 0.007813 0.903860
vt 0.007813 0.863821
vt 0.007813 0.863821
vt 0.007813 0.903860
vt 0.057617 0.896779
vt 0.053711 0.831106
vt 0.007813 0.863821
vt 0.085449 0.849904
vt 0.085449 0.849904
vt 0.007813 0.863821
vt 0.083496 0.875051
vt 0.007813 0.863821
vt 0.057617 0.896779
vt 0.083496 0.875051
vt 0.312744 0.943166
vt 0.392578 0.895315
vt 0.400879 0.959768
vt 0.392578 0.895315
vt 0.312744 0.943166
vt 0.400879 0.959768
vt 0.057617 0.896779
vt 0.083984 0.933401
vt 0.007813 0.903860
vt 0.007813 0.903860
vt 0.083984 0.933401
vt 0.074951 0.965139
vt 0.057617 0.896779
vt 0.120117 0.920217
vt 0.083496 0.875051
vt 0.083496 0.875051
vt 0.120117 0.920217
vt 0.184082 0.922658
vt 0.085449 0.849904
vt 0.149170 0.830617
vt 0.053711 0.831106
vt 0.053711 0.831106
vt 0.149170 0.830617
vt 0.179199 0.802053
vt 0.007813 0.822072
vt 0.027832 0.785207
vt 0.053711 0.831106
vt 0.053711 0.831106
vt 0.027832 0.785207
vt 0.072754 0.762746
vt 0.085449 0.849904
vt 0.159424 0.848440
vt 0.083496 0.875051
vt 0.083496 0.875051
vt 0.159424 0.848440
vt 0.218262 0.862844
vt 0.057617 0.896779
vt 0.007813 0.903860
vt 0.083984 0.933401
vt 0.085449 0.849904
vt 0.083496 0.875051
vt 0.159424 0.848440
vt 0.007813 0.822072
vt 0.053711 0.831106
vt 0.027832 0.785207
vt 0.085449 0.849904
vt 0.053711 0.831106
vt 0.149170 0.830617
vt 0.057617 0.896779
vt 0.083496 0.875051
vt 0.120117 0.920217
vt 0.007813 0.863821
vt 0.053711 0.831106
vt 0.007813 0.822072
vt 0.250244 0.377685
vt 0.188477 0.471679
vt 0.065430 0.408203
vt 0.188477 0.471679
vt 0.005371 0.500000
vt 0.065430 0.408203
vt 0.065430 0.408203
vt 0.005371 0.500000
vt 0.005371 0.420166
vt 0.005371 0.500000
vt 0.065430 0.408203
vt 0.005371 0.420166
vt 0.303955 0.408203
vt 0.243408 0.419922
vt 0.243408 0.500000
vt 0.243408 0.419922
vt 0.303955 0.408203
vt 0.243408 0.500000
vt 0.243408 0.500000
vt 0.303955 0.408203
vt 0.427002 0.471679
vt 0.303955 0.408203
vt 0.488526 0.377685
vt 0.427002 0.471679
vt 0.005371 0.500000
vt 0.188477 0.471679
vt 0.065430 0.408203
vt 0.188477 0.471679
vt 0.250244 0.377685
vt 0.065430 0.408203
vt 0.065430 0.408203
vt 0.250244 0.377685
vt 0.089844 0.377685
vt 0.250244 0.377685
vt 0.067383 0.347168
vt 0.089844 0.377685
vt 0.303955 0.408203
vt 0.328369 0.377685
vt 0.488526 0.377685
vt 0.328369 0.377685
vt 0.303955 0.408203
vt 0.488526 0.377685
vt 0.488526 0.377685
vt 0.303955 0.408203
vt 0.427002 0.471679
vt 0.303955 0.408203
vt 0.243408 0.500000
vt 0.427002 0.471679
vt 0.303955 0.408203
vt 0.243408 0.419922
vt 0.243408 0.500000
vt 0.243408 0.419922
vt 0.303955 0.408203
vt 0.243408 0.500000
vt 0.243408 0.500000
vt 0.303955 0.408203
vt 0.427002 0.471679
vt 0.303955 0.408203
vt 0.488526 0.377685
vt 0.427002 0.471679
vt 0.005371 0.255371
vt 0.194336 0.284424
vt 0.067383 0.347168
vt 0.194336 0.284424
vt 0.250244 0.377685
vt 0.067383 0.347168
vt 0.067383 0.347168
vt 0.250244 0.377685
vt 0.089844 0.377685
vt 0.250244 0.377685
vt 0.065430 0.408203
vt 0.089844 0.377685
vt 0.308350 0.339843
vt 0.397461 0.307617
vt 0.219483 0.307617
vt 0.397461 0.307617
vt 0.363526 0.255127
vt 0.219483 0.307617
vt 0.219483 0.307617
vt 0.363526 0.255127
vt 0.253418 0.255127
vt 0.308350 0.339843
vt 0.397461 0.307617
vt 0.219483 0.307617
vt 0.397461 0.307617
vt 0.363526 0.255127
vt 0.219483 0.307617
vt 0.219483 0.307617
vt 0.363526 0.255127
vt 0.253418 0.255127
vt 0.089844 0.377685
vt 0.005371 0.377929
vt 0.065430 0.408203
vt 0.065430 0.408203
vt 0.005371 0.377929
vt 0.005371 0.420166
vt 0.005371 0.377929
vt 0.065430 0.408203
vt 0.005371 0.420166
vt 0.089844 0.377685
vt 0.067383 0.347168
vt 0.005371 0.377929
vt 0.067383 0.347168
vt 0.005371 0.335449
vt 0.005371 0.377929
vt 0.005371 0.377929
vt 0.005371 0.335449
vt 0.067383 0.347168
vt 0.425293 0.307861
vt 0.492676 0.332275
vt 0.358155 0.332275
vt 0.492676 0.332275
vt 0.467041 0.371826
vt 0.358155 0.332275
vt 0.358155 0.332275
vt 0.467041 0.371826
vt 0.383789 0.371826
vt 0.425293 0.307861
vt 0.358155 0.332275
vt 0.492676 0.332275
vt 0.492676 0.332275
vt 0.358155 0.332275
vt 0.467041 0.371826
vt 0.358155 0.332275
vt 0.383789 0.371826
vt 0.467041 0.371826
vt 0.250244 0.377685
vt 0.194336 0.284424
vt 0.067383 0.347168
vt 0.194336 0.284424
vt 0.005371 0.255371
vt 0.067383 0.347168
vt 0.067383 0.347168
vt 0.005371 0.255371
vt 0.005371 0.335449
vt 0.243408 0.500000
vt 0.427002 0.471679
vt 0.303955 0.408203
vt 0.427002 0.471679
vt 0.488526 0.377685
vt 0.303955 0.408203
vt 0.303955 0.408203
vt 0.488526 0.377685
vt 0.328369 0.377685
vt 0.065430 0.408203
vt 0.005371 0.377929
vt 0.089844 0.377685
vt 0.089844 0.377685
vt 0.005371 0.377929
vt 0.089844 0.377685
vt 0.005371 0.377929
vt 0.067383 0.347168
vt 0.089844 0.377685
vt 0.488526 0.377685
vt 0.303955 0.408203
vt 0.328369 0.377685
vt 0.005371 0.255371
vt 0.067383 0.347168
vt 0.005371 0.335449
vn -0.3509 0.3992 -0.8471
vn -0.3820 0.0609 -0.9222
vn -0.2740 -0.6980 -0.6616
vn 0.2740 -0.6980 -0.6616
vn 0.3230 -0.8896 -0.3230
vn 0.6299 -0.7240 -0.2814
vn 0.6334 -0.7280 0.2624
vn 0.9223 0.0575 0.3821
vn 0.8471 0.3992 0.3509
vn 0.8470 0.3993 0.3509
vn 0.9239 0.0000 0.3827
vn 0.3827 0.0000 0.9239
vn -0.3827 0.0000 0.9239
vn -0.9239 0.0000 0.3827
vn -0.9239 -0.0000 -0.3827
vn -0.3827 0.0000 -0.9239
vn 0.3827 0.0000 -0.9239
vn 0.9239 0.0000 -0.3827
vn 0.6706 -0.0000 0.7418
vn 0.6512 -0.0005 0.7589
vn 0.5810 0.4516 0.6771
vn 0.6916 0.6819 0.2380
vn -0.6916 0.6819 0.2380
vn -0.8435 0.5372 -0.0000
vn -1.0000 -0.0008 -0.0000
vn 0.0000 -1.0000 0.0000
vn 1.0000 -0.0008 -0.0000
vn 0.8435 0.5372 0.0000
vn 0.6916 0.6819 -0.2380
vn -0.6916 0.6819 -0.2380
vn -0.5810 0.4516 -0.6771
vn -0.6512 -0.0005 -0.7589
vn -0.6706 0.0000 -0.7418
vn -1.0000 0.0000 0.0000
vn 1.0000 0.0000 -0.0000
vn -0.9657 0.2072 -0.1563
vn 0.9657 -0.2072 0.1563
vn -0.9765 0.1721 0.1298
vn 0.9765 -0.1721 -0.1298
vn -0.9001 0.4177 0.1240
vn 0.9001 -0.4177 -0.1240
vn -0.8995 0.4206 0.1184
vn 0.8995 -0.4206 -0.1184
vn -0.6488 0.7594 0.0484
vn 0.6488 -0.7594 -0.0484
vn 0.6093 -0.7559 0.2396
vn -0.6093 0.7559 -0.2396
vn 0.3509 0.3993 0.8471
vn 0.3820 0.0609 0.9222
vn 0.3834 0.0576 0.9218
vn 0.2556 -0.7017 0.6651
vn 0.3014 -0.9046 0.3014
vn 0.0000 0.0000 1.0000
vn 0.2293 -0.9460 0.2293
vn 0.2293 -0.9460 -0.2293
vn -0.2293 -0.9460 -0.2293
vn -0.3230 -0.8896 -0.3230
vn -0.6298 -0.7240 -0.2814
vn -0.9229 0.0576 -0.3807
vn -0.9223 0.0575 0.3821
vn -0.9224 0.0575 0.3820
vn -0.3834 0.0576 0.9218
vn -0.3820 0.0609 0.9222
vn -0.9064 -0.0517 0.4193
vn -0.8662 -0.0173 0.4994
vn 0.8662 -0.0173 0.4994
vn 0.8400 0.2359 0.4886
vn 0.8487 0.2347 0.4739
vn 0.8629 0.4313 0.2634
vn 0.9604 0.0428 -0.2752
vn -0.9604 0.0428 -0.2752
vn 0.9229 0.0576 -0.3807
vn 0.9222 0.0609 -0.3820
vn 0.8471 0.3992 -0.3509
vn 0.8470 0.3993 -0.3509
vn -0.3509 0.3993 0.8471
vn -0.8471 0.3993 0.3509
vn -0.8471 0.3993 -0.3509
vn 0.0000 0.9402 0.3408
vn 0.0000 0.9106 -0.4132
vn 0.0000 0.2337 -0.9723
vn 0.0000 0.9402 -0.3408
vn -0.0000 0.9106 0.4132
vn -0.0000 0.2337 0.9723
vn 0.3820 0.0609 -0.9222
vn 0.3509 0.3993 -0.8471
vn -0.5810 0.4516 0.6771
vn -0.6512 -0.0005 0.7589
vn -0.6706 -0.0000 0.7418
vn 0.5810 0.4516 -0.6771
vn 0.6512 -0.0005 -0.7589
vn 0.6706 -0.0000 -0.7418
vn -0.2556 -0.7017 0.6651
vn -0.3014 -0.9046 0.3014
vn -0.6334 -0.7280 0.2624
vn -0.8629 0.4313 0.2634
vn -0.8487 0.2347 0.4739
vn -0.8400 0.2359 0.4886
vn 0.0000 -0.3769 -0.9263
vn -0.0000 -0.3769 0.9263
vn -0.8471 0.3992 -0.3509
vn -0.9222 0.0609 -0.3820
vn -0.2293 -0.9460 0.2293
vn 0.9064 -0.0517 0.4193
vn 0.0000 1.0000 -0.0000
vn -0.9692 -0.0517 0.2406
vn -0.9667 -0.0814 0.2425
vn -0.9660 -0.0670 0.2495
vn -0.9726 -0.0269 0.2310
vn -0.9625 -0.1657 0.2148
vn 0.9906 0.1070 -0.0855
vn 0.9953 0.0082 -0.0970
vn 0.9891 0.1443 -0.0288
vn 0.9980 0.0497 -0.0397
vn 0.9826 0.1852 0.0109
vn -0.9667 0.2457 -0.0709
vn -0.9789 0.1125 -0.1708
vn -0.9919 -0.0250 -0.1242
vn -0.9758 -0.0948 -0.1972
vn -0.9583 -0.1973 -0.2068
vn -0.8885 -0.0000 0.4589
vn 0.8885 0.0000 0.4589
vn 0.8885 0.0000 -0.4589
vn -0.8885 0.0000 -0.4589
vn -0.7661 0.0000 0.6427
vn 0.7661 0.0000 0.6427
vn 0.7637 -0.0086 0.6455
vn 0.7637 -0.0086 -0.6455
vn 0.7661 0.0000 -0.6427
vn -0.7661 0.0000 -0.6427
vn -0.7637 -0.0086 -0.6455
vn -0.7637 -0.0086 0.6455
vn -0.9563 -0.2418 0.1645
vn -0.8159 -0.5288 0.2339
vn -0.8401 -0.4704 0.2702
vn -0.8309 -0.5287 -0.1735
vn -0.8450 -0.4762 -0.2432
vn -0.9579 -0.2087 -0.1970
vn 0.9888 0.1477 -0.0234
vn 0.9406 0.3378 0.0346
vn 0.9283 0.3713 0.0221
vn 0.9873 0.1526 -0.0440
vn 0.9973 0.0261 -0.0687
vn 0.1657 -0.6539 0.7382
vn 0.4512 -0.8897 0.0700
vn 0.4561 -0.8874 0.0667
vn 0.4480 -0.8811 -0.1512
vn 0.4934 -0.8519 -0.1755
vn 0.4977 -0.8421 -0.2078
vn 0.3821 -0.9046 -0.1888
vn 0.3141 -0.9492 -0.0176
vn 0.3624 -0.9314 -0.0339
vn 0.3606 -0.8747 0.3238
vn 0.8111 -0.5696 0.1331
vn 0.3891 -0.4131 0.8234
vn 0.7313 -0.3620 0.5781
vn 0.8887 -0.4569 -0.0373
vn 0.8202 -0.5619 0.1072
vn 0.7753 -0.6146 -0.1452
vn 0.7584 -0.6513 -0.0242
vn 0.7076 -0.6871 -0.1646
vn 0.6441 -0.7603 0.0841
vn 0.6173 -0.7853 -0.0469
vn 0.6464 -0.6216 -0.4426
vn 0.7254 -0.6810 0.1003
vn -0.1657 0.6539 -0.7382
vn -0.4512 0.8897 -0.0700
vn -0.4561 0.8874 -0.0667
vn -0.4480 0.8811 0.1512
vn -0.4934 0.8519 0.1755
vn -0.4977 0.8421 0.2078
vn -0.3821 0.9046 0.1888
vn -0.3141 0.9492 0.0176
vn -0.3624 0.9314 0.0339
vn -0.3606 0.8747 -0.3238
vn -0.8111 0.5696 -0.1331
vn -0.3891 0.4131 -0.8234
vn -0.7313 0.3620 -0.5781
vn -0.8887 0.4569 0.0373
vn -0.8202 0.5619 -0.1072
vn -0.7753 0.6146 0.1452
vn -0.7584 0.6513 0.0242
vn -0.7076 0.6871 0.1646
vn -0.6441 0.7603 -0.0841
vn -0.6173 0.7853 0.0469
vn -0.6464 0.6216 0.4426
vn -0.7254 0.6810 -0.1003
vn -0.9996 -0.0043 -0.0293
vn 0.9996 0.0043 0.0293
vn 0.9864 0.1493 0.0694
vn -0.9864 -0.1493 -0.0694
vn -0.9933 -0.1097 -0.0360
vn 0.9933 0.1097 0.0360
vn -0.9857 -0.1658 -0.0307
vn 0.9857 0.1658 0.0307
vn -0.9914 -0.1304 -0.0082
vn 0.9914 0.1304 0.0082
vn 0.7506 -0.0666 0.6574
vn 0.9219 0.0178 0.3871
vn 0.9895 -0.0930 0.1109
vn -0.7506 0.0666 -0.6574
vn -0.9219 -0.0178 -0.3871
vn -0.9895 0.0930 -0.1109
vn 0.9665 0.2505 0.0561
vn 0.9969 0.0772 0.0173
vn -0.9969 -0.0772 -0.0173
vn 0.9967 0.0806 0.0105
vn -0.9967 -0.0806 -0.0105
vn 0.9999 -0.0122 -0.0090
vn -0.9999 0.0122 0.0090
vn 1.0000 0.0000 0.0051
vn -1.0000 0.0000 -0.0051
vn -0.9912 -0.1211 0.0538
vn -0.9923 -0.1151 -0.0453
vn 0.9897 0.0555 0.1316
vn -0.9895 -0.0556 -0.1338
vn 0.9895 0.0556 0.1338
vn -0.9864 -0.0795 -0.1438
vn 0.9864 0.0795 0.1438
vn -0.9724 -0.1128 -0.2041
vn 0.9724 0.1128 0.2041
vn -0.9785 -0.0788 -0.1905
vn 0.9785 0.0788 0.1905
vn -0.9589 -0.1085 -0.2621
vn -0.8656 0.0980 -0.4911
vn -0.9039 0.0838 -0.4196
vn 0.9039 -0.0838 0.4196
vn -0.9079 0.0929 0.4088
vn 0.9079 -0.0929 -0.4088
vn -0.9572 0.1642 0.2383
vn 0.9998 0.0103 0.0150
vn -0.9998 -0.0103 -0.0150
vn -0.9997 -0.0156 -0.0162
vn 0.9997 0.0156 0.0162
vn 0.9438 0.2297 0.2378
vn -0.9438 -0.2297 -0.2378
vn -0.9433 -0.2320 -0.2374
vn 0.9433 0.2320 0.2374
vn -0.8809 -0.3308 -0.3384
vn 0.8809 0.3308 0.3384
vn 0.9052 0.2714 0.3271
vn -0.9052 -0.2714 -0.3271
vn -0.8636 -0.2728 -0.4240
vn 0.8636 0.2728 0.4240
vn 0.7796 0.4731 -0.4105
vn -0.7796 -0.4731 0.4105
vn 0.7772 0.5984 -0.1946
vn -0.7772 -0.5984 0.1946
vn 0.9163 0.4003 0.0084
vn -0.9163 -0.4003 -0.0084
vn -0.9109 -0.3609 -0.2002
vn 0.9109 0.3609 0.2002
vn 0.9781 0.1109 0.1759
vn 0.9849 0.0977 0.1431
vn 0.9959 -0.0577 0.0699
vn -0.9959 0.0577 -0.0699
vn -1.0000 -0.0024 -0.0009
vn 1.0000 0.0024 0.0009
vn -0.9420 -0.2931 0.1636
vn -0.8985 -0.4045 0.1704
vn 0.8985 -0.4045 0.1704
vn 0.9118 -0.4105 0.0000
vn 0.8980 -0.4146 -0.1471
vn 0.9527 -0.2104 -0.2193
vn 0.9113 -0.1947 -0.3628
vn 0.9439 0.0247 -0.3293
vn -0.9439 0.0247 -0.3293
vn -0.9926 0.1211 0.0034
vn 0.9562 0.1160 -0.2686
vn 0.9459 -0.2688 -0.1815
vn -0.9459 -0.2688 -0.1815
vn -0.9489 -0.3155 -0.0119
vn -0.9709 -0.2342 0.0508
vn -0.9637 -0.1916 0.1862
vn -0.9672 -0.0594 0.2471
vn -0.9574 -0.0292 0.2874
vn -0.9480 0.1382 0.2866
vn 0.9480 0.1382 0.2866
vn 0.9665 0.2505 -0.0561
vn 0.2279 -0.9114 -0.3427
vn -0.1043 -0.6206 -0.7772
vn -0.0372 -0.1465 -0.9885
vn -0.2771 0.0437 -0.9598
vn -0.4043 0.3210 -0.8564
vn -0.5709 0.4518 -0.6855
vn -0.5960 0.5565 -0.5789
vn -0.6651 0.5591 -0.4950
vn -0.6231 0.5989 -0.5032
vn -0.7445 0.4299 -0.5107
vn -0.2510 -0.3456 0.9042
vn -0.3647 -0.8946 0.2582
vn -1.0000 -0.0004 0.0001
vn -1.0000 -0.0001 -0.0001
vn -1.0000 0.0000 -0.0001
vn -0.9376 -0.1658 -0.3055
vn -0.9984 0.0557 -0.0043
vn 0.9984 -0.0557 0.0043
vn 0.9702 0.0241 -0.2409
vn -0.9702 -0.0241 0.2409
vn -0.9714 0.1621 0.1736
vn 0.9714 -0.1621 -0.1736
vn -0.9562 0.1160 0.2686
vn -0.9459 -0.2688 0.1815
vn -0.9489 -0.3155 0.0119
vn 0.9489 -0.3155 0.0119
vn 0.9709 -0.2342 -0.0508
vn -0.7559 0.0000 0.6547
vn 0.7559 0.0000 0.6547
vn 0.7559 -0.0000 -0.6547
vn -0.7559 0.0000 -0.6547
vn 0.9904 -0.1366 0.0224
vn 0.9807 0.1399 -0.1368
vn 0.9933 -0.0171 -0.1146
vn 0.9910 0.0148 -0.1330
vn 0.9909 0.0190 -0.1335
vn 0.9924 -0.1063 -0.0625
vn 0.9948 -0.0970 0.0307
vn 0.9993 0.0116 0.0365
vn 0.9995 -0.0021 0.0304
vn 0.9956 0.0866 0.0359
vn 1.0000 -0.0005 -0.0013
vn 0.9845 0.1747 0.0153
vn 0.9833 0.1810 0.0176
vn 0.9735 0.2158 0.0750
vn 0.9850 0.0948 0.1445
vn 0.9860 0.0777 0.1475
vn 0.9746 0.0000 0.2239
vn 0.9764 -0.1467 0.1584
vn 0.9863 -0.0588 0.1538
vn 0.9590 -0.2704 0.0852
vn 0.6421 -0.0752 -0.7629
vn 0.9901 -0.1160 0.0786
vn 0.9914 -0.1066 0.0753
vn 0.9918 -0.0362 0.1226
vn 0.9919 -0.0350 0.1218
vn 0.9882 0.0420 0.1474
vn 0.9899 0.0510 0.1320
vn -0.6421 0.0752 0.7629
vn -0.9901 0.1160 -0.0786
vn -0.9914 0.1066 -0.0753
vn -0.9918 0.0362 -0.1226
vn -0.9919 0.0350 -0.1218
vn -0.9882 -0.0420 -0.1474
vn -0.9899 -0.0510 -0.1320
vn 0.7877 0.0000 -0.6160
vn 0.5238 0.0000 0.8518
vn -0.5188 0.0000 0.8549
vn -0.7877 0.0000 0.6160
vn -0.5238 0.0000 -0.8518
vn 0.5188 0.0000 -0.8549
vn -0.9976 -0.0357 0.0595
vn -0.9936 -0.1109 0.0207
vn -0.9914 -0.1302 -0.0110
vn -0.9845 -0.1747 -0.0153
vn -0.9833 -0.1810 -0.0176
vn 0.9626 0.0951 -0.2537
vn 0.9849 -0.0254 -0.1714
vn 0.9623 -0.2498 0.1077
vn 0.7389 -0.6188 0.2668
vn 0.7946 -0.5683 0.2137
vn -0.3111 -0.6749 0.6691
vn -0.4025 -0.8731 0.2751
vn 0.7588 0.5745 -0.3071
vn 0.8686 0.2608 -0.4214
vn 0.7764 -0.0491 -0.6283
vn 0.7856 -0.0561 -0.6162
vn 0.8885 -0.2955 -0.3511
vn -0.7588 0.5745 -0.3071
vn -0.8686 0.2608 -0.4214
vn -0.7519 -0.0966 -0.6522
vn -0.7110 -0.0638 -0.7003
vn -0.8390 -0.3504 -0.4162
vn 0.7587 -0.5745 -0.3071
vn 0.8686 -0.2609 -0.4214
vn 0.8488 -0.1473 -0.5078
vn 0.9162 0.0363 -0.3991
vn 0.8677 0.3202 -0.3804
vn 0.9427 -0.3072 0.1301
vn 0.9238 -0.3684 0.1037
vn 0.9165 -0.3229 0.2362
vn 0.9217 -0.3097 0.2336
vn 0.9420 -0.2931 0.1636
vn 0.9926 0.1212 0.0034
vn -0.9113 -0.1947 -0.3628
vn -0.9527 -0.2104 -0.2193
vn -0.8980 -0.4146 -0.1471
vn -0.9118 -0.4105 0.0000
vn -0.9562 0.1160 -0.2686
vn 0.9574 -0.0292 0.2874
vn 0.9672 -0.0594 0.2471
vn 0.9637 -0.1916 0.1862
vn 0.9709 -0.2342 0.0508
vn 0.9489 -0.3155 -0.0119
vn 0.9672 -0.0594 -0.2471
vn 0.9574 -0.0292 -0.2874
vn -0.9574 -0.0292 -0.2874
vn -0.9480 0.1382 -0.2866
vn -0.9665 0.2505 0.0561
vn -0.9968 0.0064 0.0791
vn -0.9938 0.0419 0.1031
vn -0.9918 0.0199 0.1261
vn -0.9913 0.0218 0.1299
vn -0.9913 -0.0204 0.1299
vn 0.9968 -0.0064 -0.0791
vn 0.9938 -0.0419 -0.1031
vn 0.9918 -0.0199 -0.1261
vn 0.9913 -0.0218 -0.1299
vn 0.9913 0.0204 -0.1299
vn -0.7116 -0.3373 0.6163
vn 0.7116 -0.3373 0.6163
vn 0.7264 -0.3179 0.6093
vn 0.7264 -0.3179 -0.6093
vn -0.7264 -0.3179 0.6093
vn -0.7264 -0.3179 -0.6093
vn -0.7116 -0.3373 -0.6163
vn 0.7116 -0.3373 -0.6163
vn -0.9920 0.0691 -0.1058
vn -0.9939 0.1065 -0.0300
vn -0.9960 0.0843 0.0299
vn -0.9953 0.0886 0.0380
vn -0.3604 0.8991 -0.2484
vn -0.3541 0.8834 0.3070
vn -0.3640 0.8782 0.3102
vn -0.2040 0.5370 0.8185
vn 0.9539 0.2892 -0.0799
vn 0.9557 0.2630 -0.1321
vn 0.8654 -0.4224 -0.2695
vn 0.9462 -0.3083 -0.0977
vn -0.7587 -0.5745 -0.3071
vn -0.8686 -0.2609 -0.4214
vn -0.8065 -0.0183 -0.5909
vn -0.8294 0.0507 -0.5563
vn -0.9427 -0.3072 0.1301
vn -0.9238 -0.3684 0.1037
vn -0.9165 -0.3229 0.2362
vn -0.9217 -0.3097 0.2336
vn 0.0000 0.1223 -0.9925
vn 0.0000 -0.4439 -0.8961
vn 0.0000 -0.8352 -0.5500
vn -0.9952 0.0075 -0.0978
vn -0.8431 -0.1748 -0.5086
vn -0.8305 -0.1235 -0.5432
vn 0.3694 -0.2060 -0.9062
vn 0.9952 -0.0075 0.0978
vn 0.8431 0.1748 0.5086
vn 0.8305 0.1235 0.5432
vn -0.3694 0.2060 0.9062
vn -0.9900 0.1003 -0.0995
vn -0.9800 0.1915 0.0532
vn -0.9226 0.0677 0.3797
vn -0.9853 0.1601 -0.0602
vn -0.9888 0.1314 -0.0714
vn -0.9969 -0.0574 -0.0534
vn -0.9866 -0.1595 0.0339
vn -0.9866 -0.1595 0.0335
vn -0.9670 -0.2111 -0.1427
vn -0.9846 -0.0756 0.1576
vn -0.8955 0.1585 0.4159
vn -0.9228 0.0755 0.3778
vn -0.3144 0.9199 -0.2342
vn -0.2636 0.5789 -0.7717
vn 0.0000 0.5672 -0.8236
vn -0.6226 0.0629 0.7800
vn -0.2728 0.0000 0.9621
vn -0.2565 -0.3405 0.9046
vn -0.0392 0.9201 -0.3897
vn 0.0000 0.9123 -0.4096
vn 0.0392 0.9201 -0.3897
vn 0.9637 -0.1916 -0.1862
vn -0.9637 -0.1916 -0.1862
vn -0.9709 -0.2342 -0.0508
vn -0.9897 -0.0555 -0.1316
vn 0.9923 0.1151 0.0453
vn 0.9912 0.1211 -0.0538
vn 0.9692 -0.2214 0.1079
vn 0.9996 0.0265 -0.0129
vn -0.9916 0.0088 -0.1292
vn -0.9928 -0.0415 -0.1124
vn -0.9849 -0.0977 -0.1431
vn -0.9781 -0.1109 -0.1759
vn -0.9462 -0.3083 -0.0977
vn -0.8177 -0.4651 -0.3392
vn -0.0000 -0.0266 0.9996
vn -0.0000 0.7613 0.6484
vn -0.8312 -0.0827 0.5497
vn 0.8312 0.0827 -0.5497
vn -0.9983 -0.0284 0.0513
vn -0.9976 0.0016 0.0687
vn 0.9983 0.0284 -0.0513
vn 0.9976 -0.0016 -0.0687
vn 0.9562 0.1160 0.2686
vn 0.9459 -0.2688 0.1815
vn 0.8656 -0.0980 0.4911
vn 0.9589 0.1085 0.2621
vn 0.8322 0.3933 -0.3908
vn -0.5562 0.5895 -0.5858
vn -0.9665 0.2505 -0.0561
vn 0.9572 -0.1642 -0.2383
vn -0.9672 -0.0594 -0.2471
vn 0.9480 0.1382 -0.2866
vn -0.9999 -0.0107 -0.0049
vn 0.9999 0.0107 0.0049
vn 0.9998 0.0076 0.0159
vn -0.9998 -0.0076 -0.0159
vn -0.9784 0.0666 -0.1956
vn -0.9784 0.1956 -0.0666
vn -0.9772 0.1980 -0.0761
vn -0.9773 0.1980 0.0755
vn -0.9784 -0.0666 -0.1956
vn -0.9784 -0.1956 -0.0666
vn -0.9772 -0.1980 -0.0761
vn -0.9773 -0.1981 0.0755
vn 0.9784 0.0666 0.1956
vn 0.9784 0.1956 0.0666
vn 0.9772 0.1980 0.0761
vn 0.9773 0.1981 -0.0755
vn 0.9784 -0.1956 0.0666
vn 0.9784 -0.0666 0.1956
vn 0.9773 -0.0756 0.1979
vn 0.9773 0.0756 0.1979
vn -0.9784 -0.1958 0.0666
vn -0.9784 -0.0666 0.1958
vn -0.9772 -0.0760 0.1982
vn -0.9772 0.0760 0.1982
vn 0.9784 0.1958 -0.0666
vn 0.9784 0.0666 -0.1958
vn 0.9772 0.0760 -0.1982
vn 0.9772 -0.0760 -0.1982
vn 0.9784 -0.0666 -0.1958
vn 0.9784 -0.1958 -0.0666
vn 0.9773 -0.1980 -0.0755
vn 0.9772 -0.1980 0.0761
vn 0.9105 -0.4134 -0.0000
vn 0.8899 -0.4562 0.0000
vn -0.9858 0.0600 -0.1570
vn -0.9858 0.1566 -0.0603
vn -0.9859 0.1566 0.0596
vn -0.9858 -0.0600 -0.1570
vn -0.9858 -0.1566 -0.0603
vn -0.9859 -0.1566 0.0596
vn 0.9976 -0.0000 0.0698
vn -0.9859 0.0600 0.1563
vn -0.9859 -0.0600 0.1563
vn -0.9784 0.0666 0.1958
vn -0.9784 0.1958 0.0666
vn -0.9773 0.0756 -0.1979
vn -0.9773 -0.0756 -0.1979
vn -0.9344 0.1230 -0.3342
vn 0.9344 -0.1230 0.3342
vn -0.9688 0.0743 -0.2363
vn 0.9688 -0.0743 0.2363
vn -0.9901 0.1029 -0.0952
vn 0.9901 -0.1029 0.0952
vn -0.9968 0.0663 -0.0449
vn 0.9968 -0.0663 0.0449
vn -0.9902 0.1134 0.0816
vn 0.9902 -0.1134 -0.0816
vn 0.9881 -0.0681 -0.1376
vn -0.9881 0.0681 0.1376
vn 0.9038 0.3454 -0.2526
vn 0.9108 0.3605 -0.2012
vn 0.9412 0.3185 -0.1125
vn 0.9350 0.3545 0.0000
vn 0.8983 0.4077 -0.1637
vn -0.9841 -0.1435 0.1050
vn -0.9854 -0.1488 0.0831
vn -0.9923 -0.1200 0.0309
vn -0.9915 -0.1304 0.0000
vn -0.9900 -0.0839 -0.1131
vn -0.9836 -0.1779 0.0298
vn -0.9823 -0.1867 0.0133
vn -0.9823 -0.1867 -0.0133
vn 0.9862 0.1597 -0.0440
vn 0.9836 0.1779 -0.0298
vn 0.9823 0.1867 -0.0133
vn 0.9862 0.1597 0.0440
vn 0.9836 0.1779 0.0298
vn 0.9823 0.1867 0.0133
vn -0.9836 0.0236 0.1788
vn -0.9823 0.0068 0.1871
vn -0.9823 -0.0198 0.1861
vn 0.9758 0.0099 -0.2185
vn 0.9836 -0.0236 -0.1788
vn 0.9823 -0.0068 -0.1871
vn 0.9899 0.0780 -0.1183
vn 0.9836 0.0360 -0.1767
vn 0.9823 0.0198 -0.1861
vn -0.9836 0.1614 0.0805
vn -0.9823 0.1589 0.0990
vn -0.9823 0.1433 0.1205
vn 0.9862 -0.1550 -0.0583
vn 0.9836 -0.1614 -0.0805
vn 0.9823 -0.1589 -0.0990
vn 0.9862 -0.1033 -0.1294
vn 0.9836 -0.1264 -0.1286
vn 0.9823 -0.1433 -0.1205
vn -0.9836 0.1264 -0.1286
vn -0.9823 0.1433 -0.1205
vn -0.9823 0.1589 -0.0990
vn 0.9862 -0.1033 0.1294
vn 0.9836 -0.1264 0.1286
vn 0.9823 -0.1433 0.1205
vn 0.9862 -0.1550 0.0583
vn 0.9836 -0.1614 0.0805
vn 0.9823 -0.1589 0.0990
vn -0.9836 -0.0360 -0.1767
vn -0.9823 -0.0198 -0.1861
vn -0.9823 0.0068 -0.1871
vn 0.9899 0.0780 0.1183
vn 0.9836 0.0360 0.1767
vn 0.9823 0.0198 0.1861
vn 0.9758 0.0099 0.2185
vn 0.9836 -0.0236 0.1788
vn 0.9823 -0.0068 0.1871
vn -0.9500 0.0142 0.3118
vn -0.9500 -0.1948 0.2439
vn -0.9500 -0.2921 0.1099
vn -0.9500 0.1718 0.2606
vn -0.9500 0.3009 0.0828
vn -0.9500 0.3009 -0.0828
vn -0.9500 -0.1948 -0.2439
vn -0.9500 0.0142 -0.3118
vn -0.9500 0.1718 -0.2606
vn 0.9037 0.3459 -0.2524
vn -0.9861 -0.0203 0.1647
vn -0.9862 -0.1597 -0.0440
vn -0.9836 -0.1779 -0.0298
vn -0.9899 -0.0780 0.1183
vn -0.9836 -0.0360 0.1767
vn -0.9862 0.1033 0.1294
vn -0.9836 0.1264 0.1286
vn -0.9862 0.1550 -0.0583
vn -0.9836 0.1614 -0.0805
vn -0.9758 -0.0099 -0.2185
vn -0.9836 0.0236 -0.1788
vn -0.9862 -0.1597 0.0440
vn -0.9758 -0.0099 0.2185
vn -0.9862 0.1550 0.0583
vn -0.9862 0.1033 -0.1294
vn -0.9899 -0.0780 -0.1183
vn -0.9500 -0.2921 -0.1099
vn -0.9961 -0.0263 -0.0842
vn -0.9961 -0.0842 -0.0263
vn -0.9957 -0.0866 -0.0335
vn -0.9957 -0.0866 0.0328
vn 0.9957 0.0866 0.0335
vn 0.9957 0.0866 -0.0328
vn 0.9961 0.0844 -0.0263
vn 0.9961 0.0263 -0.0844
vn -0.9961 -0.0844 0.0263
vn -0.9961 -0.0263 0.0844
vn -0.9957 -0.0333 0.0867
vn -0.9957 0.0333 0.0867
vn 0.9957 0.0333 -0.0867
vn 0.9957 -0.0333 -0.0867
vn 0.9961 -0.0263 -0.0844
vn 0.9961 -0.0844 -0.0263
vn 0.9957 -0.0866 -0.0328
vn 0.9957 -0.0866 0.0335
vn 0.9961 -0.0842 0.0263
vn 0.9961 -0.0263 0.0842
vn -0.9961 0.0842 -0.0263
vn -0.9961 0.0263 -0.0842
vn -0.9957 0.0329 -0.0864
vn -0.9957 -0.0329 -0.0864
vn -0.9105 0.4134 0.0000
vn -0.8899 0.4562 -0.0000
vn -0.9976 0.0000 -0.0698
vn -0.9961 0.0263 0.0844
vn -0.9961 0.0844 0.0263
vn -0.9957 0.0866 0.0328
vn 0.9961 0.0842 0.0263
vn 0.9961 0.0263 0.0842
vn 0.9957 0.0329 0.0864
vn 0.9957 -0.0329 0.0864
vn -0.9957 0.0866 -0.0335
o base
usemtl Brush.015
f 1/1/1 2/2/1 3/3/1
f 4/4/1 5/5/1 6/6/1
f 7/7/2 8/8/2 9/9/2
f 10/10/2 11/11/2 12/12/2
f 13/13/3 14/14/3 15/15/3
f 16/16/4 17/17/4 18/18/4
f 19/19/5 20/20/5 21/21/5
f 22/22/6 23/23/6 24/24/6
f 25/25/7 26/26/7 27/27/7
f 28/28/8 29/29/8 30/30/8
f 31/31/8 32/32/8 33/33/8
f 34/34/9 35/35/9 36/36/9
f 37/37/10 38/38/10 39/39/10
f 40/40/11 41/41/11 42/42/11
f 43/43/12 44/44/12 45/45/12
f 46/46/12 47/47/12 48/48/12
f 49/49/13 50/50/13 51/51/13
f 52/52/13 53/53/13 54/54/13
f 55/55/14 56/56/14 57/57/14
f 58/58/14 59/59/14 60/60/14
f 61/61/15 62/62/15 63/63/15
f 64/64/15 65/65/15 66/66/15
f 67/67/16 68/68/16 69/69/16
f 70/70/16 71/71/16 72/72/16
f 73/73/17 74/74/17 75/75/17
f 76/76/17 77/77/17 78/78/17
f 79/79/18 80/80/18 81/81/18
f 82/82/19 83/83/19 84/84/19
f 85/85/20 86/86/20 87/87/20
f 88/88/21 89/89/21 90/90/21
f 91/91/22 92/92/22 93/93/22
f 94/94/23 95/95/23 96/96/23
f 97/97/24 98/98/24 99/99/24
f 100/100/25 101/101/25 102/102/25
f 103/103/25 104/104/25 105/105/25
f 106/106/26 107/107/26 108/108/26
f 109/109/26 110/110/26 111/111/26
f 112/112/26 113/113/26 114/114/26
f 115/115/26 116/116/26 117/117/26
f 118/118/27 119/119/27 120/120/27
f 121/121/27 122/122/27 123/123/27
f 124/124/28 125/125/28 126/126/28
f 127/127/29 128/128/29 129/129/29
f 130/130/30 131/131/30 132/132/30
f 133/133/31 134/134/31 135/135/31
f 136/136/32 137/137/32 138/138/32
f 139/139/33 140/140/33 141/141/33
f 142/142/34 143/143/34 144/144/34
f 145/145/35 146/146/35 147/147/35
f 148/148/35 149/149/35 150/150/35
f 151/151/34 152/152/34 153/153/34
f 154/154/34 155/155/34 156/156/34
f 157/157/35 158/158/35 159/159/35
f 160/160/36 161/161/36 162/162/36
f 163/163/37 164/164/37 165/165/37
f 166/166/38 167/167/38 168/168/38
f 169/169/39 170/170/39 171/171/39
f 172/172/40 173/173/40 174/174/40
f 175/175/41 176/176/41 177/177/41
f 178/178/42 179/179/42 180/180/42
f 181/181/43 182/182/43 183/183/43
f 184/184/44 185/185/44 186/186/44
f 187/187/45 188/188/45 189/189/45
f 190/190/46 191/191/46 192/192/46
f 193/193/47 194/194/47 195/195/47
f 196/196/48 197/197/48 198/198/48
f 199/199/48 200/200/48 201/201/48
f 202/202/49 203/203/49 204/204/49
f 205/205/50 206/206/50 207/207/50
f 208/208/51 209/209/51 210/210/51
f 211/211/52 212/212/52 213/213/52
f 214/214/53 215/215/53 216/216/53
f 217/217/53 218/218/53 219/219/53
f 220/220/54 221/221/54 222/222/54
f 223/223/55 224/224/55 225/225/55
f 226/226/56 227/227/56 228/228/56
f 229/229/57 230/230/57 231/231/57
f 232/232/58 233/233/58 234/234/58
f 235/235/59 236/236/59 237/237/59
f 238/238/60 239/239/60 240/240/60
f 241/241/61 242/242/61 243/243/61
f 244/244/62 245/245/62 246/246/62
f 247/247/63 248/248/63 249/249/63
f 250/250/64 251/251/64 252/252/64
f 253/253/65 254/254/65 255/255/65
f 256/256/66 257/257/66 258/258/66
f 259/259/67 260/260/67 261/261/67
f 262/262/68 263/263/68 264/264/68
f 265/265/69 266/266/69 267/267/69
f 268/268/70 269/269/70 270/270/70
f 271/271/71 272/272/71 273/273/71
f 274/274/72 275/275/72 276/276/72
f 277/277/73 278/278/73 279/279/73
f 280/280/74 281/281/74 282/282/74
f 283/283/75 284/284/75 285/285/75
f 286/286/18 287/287/18 288/288/18
f 289/289/76 290/290/76 291/291/76
f 292/292/76 293/293/76 294/294/76
f 295/295/77 296/296/77 297/297/77
f 298/298/77 299/299/77 300/300/77
f 301/301/78 302/302/78 303/303/78
f 304/304/79 305/305/79 306/306/79
f 307/307/80 308/308/80 309/309/80
f 310/310/80 311/311/80 312/312/80
f 313/313/81 314/314/81 315/315/81
f 316/316/82 317/317/82 318/318/82
f 319/319/83 320/320/83 321/321/83
f 322/322/83 323/323/83 324/324/83
f 325/325/84 326/326/84 327/327/84
f 328/328/85 329/329/85 330/330/85
f 331/331/85 332/332/85 333/333/85
f 334/334/86 335/335/86 336/336/86
f 337/337/86 338/338/86 339/339/86
f 340/340/87 341/341/87 342/342/87
f 343/343/88 344/344/88 345/345/88
f 346/346/89 347/347/89 348/348/89
f 349/349/90 350/350/90 351/351/90
f 352/352/91 353/353/91 354/354/91
f 355/355/92 356/356/92 357/357/92
f 358/358/93 359/359/93 360/360/93
f 361/361/94 362/362/94 363/363/94
f 364/364/53 365/365/53 366/366/53
f 367/367/53 368/368/53 369/369/53
f 370/370/95 371/371/95 372/372/95
f 373/373/96 374/374/96 375/375/96
f 376/376/97 377/377/97 378/378/97
f 379/379/98 380/380/98 381/381/98
f 382/382/99 383/383/99 384/384/99
f 385/385/81 386/386/81 387/387/81
f 388/388/100 389/389/100 390/390/100
f 391/391/84 392/392/84 393/393/84
f 394/394/101 395/395/101 396/396/101
f 397/397/102 398/398/102 399/399/102
f 400/400/103 401/401/103 402/402/103
f 403/403/104 404/404/104 405/405/104
f 406/406/11 407/407/11 408/408/11
usemtl Brush.016
f 409/409/105 410/410/105 411/411/105
f 412/412/105 413/413/105 414/414/105
f 415/415/105 416/416/105 417/417/105
f 418/418/105 419/419/105 420/420/105
f 421/421/105 422/422/105 423/423/105
f 424/424/105 425/425/105 426/426/105
f 427/427/106 428/428/106 429/429/106
f 430/430/107 431/431/107 432/432/107
f 433/433/108 434/434/108 435/435/108
f 436/436/109 437/437/109 438/438/109
f 439/439/110 440/440/110 441/441/110
f 442/442/111 443/443/111 444/444/111
f 445/445/112 446/446/112 447/447/112
f 448/448/113 449/449/113 450/450/113
f 451/451/114 452/452/114 453/453/114
f 454/454/115 455/455/115 456/456/115
f 457/457/116 458/458/116 459/459/116
f 460/460/117 461/461/117 462/462/117
f 463/463/118 464/464/118 465/465/118
f 466/466/119 467/467/119 468/468/119
f 469/469/120 470/470/120 471/471/120
f 472/472/121 473/473/121 474/474/121
f 475/475/122 476/476/122 477/477/122
f 478/478/122 479/479/122 480/480/122
f 481/481/123 482/482/123 483/483/123
f 484/484/123 485/485/123 486/486/123
f 487/487/124 488/488/124 489/489/124
f 490/490/124 491/491/124 492/492/124
f 493/493/121 494/494/121 495/495/121
f 496/496/125 497/497/125 498/498/125
f 499/499/126 500/500/126 501/501/126
f 502/502/127 503/503/127 504/504/127
f 505/505/128 506/506/128 507/507/128
f 508/508/129 509/509/129 510/510/129
f 511/511/130 512/512/130 513/513/130
f 514/514/131 515/515/131 516/516/131
f 517/517/132 518/518/132 519/519/132
f 520/520/133 521/521/133 522/522/133
f 523/523/134 524/524/134 525/525/134
f 526/526/135 527/527/135 528/528/135
f 529/529/136 530/530/136 531/531/136
f 532/532/137 533/533/137 534/534/137
f 535/535/138 536/536/138 537/537/138
f 538/538/139 539/539/139 540/540/139
f 541/541/140 542/542/140 543/543/140
f 544/544/141 545/545/141 546/546/141
f 547/547/142 548/548/142 549/549/142
f 550/550/143 551/551/143 552/552/143
f 553/553/34 554/554/34 555/555/34
f 556/556/34 557/557/34 558/558/34
f 559/559/35 560/560/35 561/561/35
f 562/562/34 563/563/34 564/564/34
f 565/565/105 566/566/105 567/567/105
f 568/568/105 569/569/105 570/570/105
f 571/571/35 572/572/35 573/573/35
f 574/574/35 575/575/35 576/576/35
usemtl Brush.017
f 577/577/35 578/578/35 579/579/35
f 580/580/34 581/581/34 582/582/34
f 583/583/35 584/584/35 585/585/35
f 586/586/35 587/587/35 588/588/35
f 589/589/34 590/590/34 591/591/34
f 592/592/34 593/593/34 594/594/34
f 595/595/35 596/596/35 597/597/35
f 598/598/35 599/599/35 600/600/35
f 601/601/34 602/602/34 603/603/34
f 604/604/35 605/605/35 606/606/35
f 607/607/35 608/608/35 609/609/35
f 610/610/34 611/611/34 612/612/34
f 613/613/34 614/614/34 615/615/34
f 616/616/35 617/617/35 618/618/35
f 619/619/34 620/620/34 621/621/34
f 622/622/34 623/623/34 624/624/34
f 625/625/35 626/626/35 627/627/35
f 628/628/34 629/629/34 630/630/34
f 631/631/35 632/632/35 633/633/35
f 634/634/34 635/635/34 636/636/34
f 637/637/35 638/638/35 639/639/35
f 640/640/34 641/641/34 642/642/34
f 643/643/35 644/644/35 645/645/35
f 646/646/34 647/647/34 648/648/34
f 649/649/144 650/650/144 651/651/144
f 652/652/145 653/653/145 654/654/145
f 655/655/146 656/656/146 657/657/146
f 658/658/147 659/659/147 660/660/147
f 661/661/148 662/662/148 663/663/148
f 664/664/149 665/665/149 666/666/149
f 667/667/150 668/668/150 669/669/150
f 670/670/151 671/671/151 672/672/151
f 673/673/152 674/674/152 675/675/152
f 676/676/153 677/677/153 678/678/153
f 679/679/154 680/680/154 681/681/154
f 682/682/155 683/683/155 684/684/155
f 685/685/156 686/686/156 687/687/156
f 688/688/157 689/689/157 690/690/157
f 691/691/158 692/692/158 693/693/158
f 694/694/159 695/695/159 696/696/159
f 697/697/160 698/698/160 699/699/160
f 700/700/161 701/701/161 702/702/161
f 703/703/162 704/704/162 705/705/162
f 706/706/163 707/707/163 708/708/163
f 709/709/164 710/710/164 711/711/164
f 712/712/165 713/713/165 714/714/165
f 715/715/166 716/716/166 717/717/166
f 718/718/167 719/719/167 720/720/167
f 721/721/168 722/722/168 723/723/168
f 724/724/169 725/725/169 726/726/169
f 727/727/170 728/728/170 729/729/170
f 730/730/171 731/731/171 732/732/171
f 733/733/172 734/734/172 735/735/172
f 736/736/173 737/737/173 738/738/173
f 739/739/174 740/740/174 741/741/174
f 742/742/175 743/743/175 744/744/175
f 745/745/176 746/746/176 747/747/176
f 748/748/177 749/749/177 750/750/177
f 751/751/178 752/752/178 753/753/178
f 754/754/179 755/755/179 756/756/179
f 757/757/180 758/758/180 759/759/180
f 760/760/181 761/761/181 762/762/181
f 763/763/182 764/764/182 765/765/182
f 766/766/183 767/767/183 768/768/183
f 769/769/184 770/770/184 771/771/184
f 772/772/185 773/773/185 774/774/185
f 775/775/186 776/776/186 777/777/186
f 778/778/53 779/779/53 780/780/53
f 781/781/53 782/782/53 783/783/53
f 784/784/187 785/785/187 786/786/187
f 787/787/188 788/788/188 789/789/188
f 790/790/189 791/791/189 792/792/189
f 793/793/190 794/794/190 795/795/190
f 796/796/191 797/797/191 798/798/191
f 799/799/192 800/800/192 801/801/192
f 802/802/193 803/803/193 804/804/193
f 805/805/194 806/806/194 807/807/194
f 808/808/195 809/809/195 810/810/195
f 811/811/196 812/812/196 813/813/196
f 814/814/197 815/815/197 816/816/197
f 817/817/35 818/818/35 819/819/35
f 820/820/34 821/821/34 822/822/34
f 823/823/35 824/824/35 825/825/35
f 826/826/34 827/827/34 828/828/34
f 829/829/34 830/830/34 831/831/34
f 832/832/35 833/833/35 834/834/35
f 835/835/198 836/836/198 837/837/198
f 838/838/199 839/839/199 840/840/199
f 841/841/200 842/842/200 843/843/200
f 844/844/201 845/845/201 846/846/201
f 847/847/202 848/848/202 849/849/202
f 850/850/203 851/851/203 852/852/203
f 853/853/34 854/854/34 855/855/34
f 856/856/34 857/857/34 858/858/34
f 859/859/35 860/860/35 861/861/35
f 862/862/35 863/863/35 864/864/35
f 865/865/204 866/866/204 867/867/204
f 868/868/205 869/869/205 870/870/205
f 871/871/206 872/872/206 873/873/206
f 874/874/207 875/875/207 876/876/207
f 877/877/208 878/878/208 879/879/208
f 880/880/209 881/881/209 882/882/209
f 883/883/210 884/884/210 885/885/210
f 886/886/211 887/887/211 888/888/211
f 889/889/212 890/890/212 891/891/212
f 892/892/213 893/893/213 894/894/213
f 895/895/214 896/896/214 897/897/214
f 898/898/215 899/899/215 900/900/215
f 901/901/216 902/902/216 903/903/216
f 904/904/217 905/905/217 906/906/217
f 907/907/218 908/908/218 909/909/218
f 910/910/219 911/911/219 912/912/219
f 913/913/220 914/914/220 915/915/220
f 916/916/221 917/917/221 918/918/221
f 919/919/222 920/920/222 921/921/222
f 922/922/223 923/923/223 924/924/223
f 925/925/224 926/926/224 927/927/224
f 928/928/225 929/929/225 930/930/225
f 931/931/226 932/932/226 933/933/226
f 934/934/227 935/935/227 936/936/227
f 937/937/34 938/938/34 939/939/34
f 940/940/35 941/941/35 942/942/35
f 943/943/35 944/944/35 945/945/35
f 946/946/34 947/947/34 948/948/34
f 949/949/34 950/950/34 951/951/34
f 952/952/35 953/953/35 954/954/35
f 955/955/35 956/956/35 957/957/35
f 958/958/34 959/959/34 960/960/34
f 961/961/35 962/962/35 963/963/35
f 964/964/34 965/965/34 966/966/34
f 967/967/34 968/968/34 969/969/34
f 970/970/35 971/971/35 972/972/35
f 973/973/34 974/974/34 975/975/34
f 976/976/35 977/977/35 978/978/35
f 979/979/35 980/980/35 981/981/35
f 982/982/34 983/983/34 984/984/34
f 985/985/34 986/986/34 987/987/34
f 988/988/35 989/989/35 990/990/35
f 991/991/34 992/992/34 993/993/34
f 994/994/35 995/995/35 996/996/35
f 997/997/35 998/998/35 999/999/35
f 1000/1000/34 1001/1001/34 1002/1002/34
f 1003/1003/34 1004/1004/34 1005/1005/34
f 1006/1006/35 1007/1007/35 1008/1008/35
f 1009/1009/34 1010/1010/34 1011/1011/34
f 1012/1012/34 1013/1013/34 1014/1014/34
f 1015/1015/35 1016/1016/35 1017/1017/35
f 1018/1018/34 1019/1019/34 1020/1020/34
f 1021/1021/35 1022/1022/35 1023/1023/35
f 1024/1024/35 1025/1025/35 1026/1026/35
f 1027/1027/34 1028/1028/34 1029/1029/34
f 1030/1030/35 1031/1031/35 1032/1032/35
f 1033/1033/34 1034/1034/34 1035/1035/34
f 1036/1036/34 1037/1037/34 1038/1038/34
f 1039/1039/35 1040/1040/35 1041/1041/35
f 1042/1042/35 1043/1043/35 1044/1044/35
f 1045/1045/34 1046/1046/34 1047/1047/34
f 1048/1048/34 1049/1049/34 1050/1050/34
f 1051/1051/35 1052/1052/35 1053/1053/35
f 1054/1054/228 1055/1055/228 1056/1056/228
f 1057/1057/229 1058/1058/229 1059/1059/229
f 1060/1060/230 1061/1061/230 1062/1062/230
f 1063/1063/231 1064/1064/231 1065/1065/231
f 1066/1066/232 1067/1067/232 1068/1068/232
f 1069/1069/233 1070/1070/233 1071/1071/233
f 1072/1072/234 1073/1073/234 1074/1074/234
f 1075/1075/235 1076/1076/235 1077/1077/235
f 1078/1078/53 1079/1079/53 1080/1080/53
f 1081/1081/53 1082/1082/53 1083/1083/53
f 1084/1084/236 1085/1085/236 1086/1086/236
f 1087/1087/237 1088/1088/237 1089/1089/237
f 1090/1090/238 1091/1091/238 1092/1092/238
f 1093/1093/239 1094/1094/239 1095/1095/239
f 1096/1096/240 1097/1097/240 1098/1098/240
f 1099/1099/241 1100/1100/241 1101/1101/241
f 1102/1102/242 1103/1103/242 1104/1104/242
f 1105/1105/243 1106/1106/243 1107/1107/243
f 1108/1108/244 1109/1109/244 1110/1110/244
f 1111/1111/245 1112/1112/245 1113/1113/245
f 1114/1114/246 1115/1115/246 1116/1116/246
f 1117/1117/247 1118/1118/247 1119/1119/247
f 1120/1120/248 1121/1121/248 1122/1122/248
f 1123/1123/249 1124/1124/249 1125/1125/249
f 1126/1126/250 1127/1127/250 1128/1128/250
f 1129/1129/251 1130/1130/251 1131/1131/251
f 1132/1132/252 1133/1133/252 1134/1134/252
f 1135/1135/253 1136/1136/253 1137/1137/253
f 1138/1138/254 1139/1139/254 1140/1140/254
f 1141/1141/255 1142/1142/255 1143/1143/255
f 1144/1144/256 1145/1145/256 1146/1146/256
f 1147/1147/257 1148/1148/257 1149/1149/257
f 1150/1150/258 1151/1151/258 1152/1152/258
f 1153/1153/259 1154/1154/259 1155/1155/259
f 1156/1156/260 1157/1157/260 1158/1158/260
f 1159/1159/261 1160/1160/261 1161/1161/261
f 1162/1162/262 1163/1163/262 1164/1164/262
f 1165/1165/262 1166/1166/262 1167/1167/262
f 1168/1168/263 1169/1169/263 1170/1170/263
f 1171/1171/264 1172/1172/264 1173/1173/264
f 1174/1174/265 1175/1175/265 1176/1176/265
f 1177/1177/266 1178/1178/266 1179/1179/266
f 1180/1180/267 1181/1181/267 1182/1182/267
f 1183/1183/268 1184/1184/268 1185/1185/268
f 1186/1186/269 1187/1187/269 1188/1188/269
f 1189/1189/270 1190/1190/270 1191/1191/270
f 1192/1192/271 1193/1193/271 1194/1194/271
f 1195/1195/272 1196/1196/272 1197/1197/272
f 1198/1198/273 1199/1199/273 1200/1200/273
f 1201/1201/274 1202/1202/274 1203/1203/274
f 1204/1204/275 1205/1205/275 1206/1206/275
f 1207/1207/276 1208/1208/276 1209/1209/276
f 1210/1210/277 1211/1211/277 1212/1212/277
f 1213/1213/278 1214/1214/278 1215/1215/278
f 1216/1216/279 1217/1217/279 1218/1218/279
f 1219/1219/280 1220/1220/280 1221/1221/280
f 1222/1222/281 1223/1223/281 1224/1224/281
f 1225/1225/282 1226/1226/282 1227/1227/282
f 1228/1228/283 1229/1229/283 1230/1230/283
f 1231/1231/284 1232/1232/284 1233/1233/284
f 1234/1234/285 1235/1235/285 1236/1236/285
f 1237/1237/286 1238/1238/286 1239/1239/286
f 1240/1240/287 1241/1241/287 1242/1242/287
f 1243/1243/288 1244/1244/288 1245/1245/288
f 1246/1246/289 1247/1247/289 1248/1248/289
f 1249/1249/35 1250/1250/35 1251/1251/35
f 1252/1252/34 1253/1253/34 1254/1254/34
f 1255/1255/35 1256/1256/35 1257/1257/35
f 1258/1258/35 1259/1259/35 1260/1260/35
f 1261/1261/34 1262/1262/34 1263/1263/34
f 1264/1264/35 1265/1265/35 1266/1266/35
f 1267/1267/34 1268/1268/34 1269/1269/34
f 1270/1270/35 1271/1271/35 1272/1272/35
f 1273/1273/34 1274/1274/34 1275/1275/34
f 1276/1276/290 1277/1277/290 1278/1278/290
f 1279/1279/53 1280/1280/53 1281/1281/53
f 1282/1282/291 1283/1283/291 1284/1284/291
f 1285/1285/292 1286/1286/292 1287/1287/292
f 1288/1288/293 1289/1289/293 1290/1290/293
f 1291/1291/294 1292/1292/294 1293/1293/294
f 1294/1294/34 1295/1295/34 1296/1296/34
f 1297/1297/34 1298/1298/34 1299/1299/34
f 1300/1300/295 1301/1301/295 1302/1302/295
f 1303/1303/35 1304/1304/35 1305/1305/35
f 1306/1306/34 1307/1307/34 1308/1308/34
f 1309/1309/296 1310/1310/296 1311/1311/296
f 1312/1312/297 1313/1313/297 1314/1314/297
f 1315/1315/298 1316/1316/298 1317/1317/298
f 1318/1318/299 1319/1319/299 1320/1320/299
f 1321/1321/300 1322/1322/300 1323/1323/300
f 1324/1324/301 1325/1325/301 1326/1326/301
f 1327/1327/35 1328/1328/35 1329/1329/35
f 1330/1330/35 1331/1331/35 1332/1332/35
f 1333/1333/34 1334/1334/34 1335/1335/34
f 1336/1336/302 1337/1337/302 1338/1338/302
f 1339/1339/303 1340/1340/303 1341/1341/303
f 1342/1342/304 1343/1343/304 1344/1344/304
f 1345/1345/305 1346/1346/305 1347/1347/305
f 1348/1348/306 1349/1349/306 1350/1350/306
f 1351/1351/307 1352/1352/307 1353/1353/307
f 1354/1354/307 1355/1355/307 1356/1356/307
f 1357/1357/308 1358/1358/308 1359/1359/308
f 1360/1360/308 1361/1361/308 1362/1362/308
f 1363/1363/309 1364/1364/309 1365/1365/309
f 1366/1366/309 1367/1367/309 1368/1368/309
f 1369/1369/310 1370/1370/310 1371/1371/310
f 1372/1372/310 1373/1373/310 1374/1374/310
f 1375/1375/35 1376/1376/35 1377/1377/35
f 1378/1378/311 1379/1379/311 1380/1380/311
f 1381/1381/312 1382/1382/312 1383/1383/312
f 1384/1384/313 1385/1385/313 1386/1386/313
f 1387/1387/314 1388/1388/314 1389/1389/314
f 1390/1390/315 1391/1391/315 1392/1392/315
f 1393/1393/316 1394/1394/316 1395/1395/316
f 1396/1396/317 1397/1397/317 1398/1398/317
f 1399/1399/318 1400/1400/318 1401/1401/318
f 1402/1402/319 1403/1403/319 1404/1404/319
f 1405/1405/320 1406/1406/320 1407/1407/320
f 1408/1408/321 1409/1409/321 1410/1410/321
f 1411/1411/322 1412/1412/322 1413/1413/322
f 1414/1414/323 1415/1415/323 1416/1416/323
f 1417/1417/324 1418/1418/324 1419/1419/324
f 1420/1420/325 1421/1421/325 1422/1422/325
f 1423/1423/326 1424/1424/326 1425/1425/326
f 1426/1426/327 1427/1427/327 1428/1428/327
f 1429/1429/328 1430/1430/328 1431/1431/328
f 1432/1432/329 1433/1433/329 1434/1434/329
f 1435/1435/330 1436/1436/330 1437/1437/330
f 1438/1438/331 1439/1439/331 1440/1440/331
f 1441/1441/332 1442/1442/332 1443/1443/332
f 1444/1444/333 1445/1445/333 1446/1446/333
f 1447/1447/334 1448/1448/334 1449/1449/334
f 1450/1450/335 1451/1451/335 1452/1452/335
f 1453/1453/336 1454/1454/336 1455/1455/336
f 1456/1456/337 1457/1457/337 1458/1458/337
f 1459/1459/338 1460/1460/338 1461/1461/338
f 1462/1462/339 1463/1463/339 1464/1464/339
f 1465/1465/53 1466/1466/53 1467/1467/53
f 1468/1468/53 1469/1469/53 1470/1470/53
f 1471/1471/340 1472/1472/340 1473/1473/340
f 1474/1474/341 1475/1475/341 1476/1476/341
f 1477/1477/342 1478/1478/342 1479/1479/342
f 1480/1480/343 1481/1481/343 1482/1482/343
f 1483/1483/344 1484/1484/344 1485/1485/344
f 1486/1486/345 1487/1487/345 1488/1488/345
f 1489/1489/35 1490/1490/35 1491/1491/35
f 1492/1492/35 1493/1493/35 1494/1494/35
f 1495/1495/346 1496/1496/346 1497/1497/346
f 1498/1498/346 1499/1499/346 1500/1500/346
f 1501/1501/347 1502/1502/347 1503/1503/347
f 1504/1504/348 1505/1505/348 1506/1506/348
f 1507/1507/34 1508/1508/34 1509/1509/34
f 1510/1510/34 1511/1511/34 1512/1512/34
f 1513/1513/349 1514/1514/349 1515/1515/349
f 1516/1516/349 1517/1517/349 1518/1518/349
f 1519/1519/350 1520/1520/350 1521/1521/350
f 1522/1522/351 1523/1523/351 1524/1524/351
f 1525/1525/352 1526/1526/352 1527/1527/352
f 1528/1528/353 1529/1529/353 1530/1530/353
f 1531/1531/354 1532/1532/354 1533/1533/354
f 1534/1534/355 1535/1535/355 1536/1536/355
f 1537/1537/356 1538/1538/356 1539/1539/356
f 1540/1540/357 1541/1541/357 1542/1542/357
f 1543/1543/358 1544/1544/358 1545/1545/358
f 1546/1546/359 1547/1547/359 1548/1548/359
f 1549/1549/360 1550/1550/360 1551/1551/360
f 1552/1552/34 1553/1553/34 1554/1554/34
f 1555/1555/34 1556/1556/34 1557/1557/34
f 1558/1558/34 1559/1559/34 1560/1560/34
f 1561/1561/361 1562/1562/361 1563/1563/361
f 1564/1564/362 1565/1565/362 1566/1566/362
f 1567/1567/363 1568/1568/363 1569/1569/363
f 1570/1570/364 1571/1571/364 1572/1572/364
f 1573/1573/365 1574/1574/365 1575/1575/365
f 1576/1576/366 1577/1577/366 1578/1578/366
f 1579/1579/367 1580/1580/367 1581/1581/367
f 1582/1582/368 1583/1583/368 1584/1584/368
f 1585/1585/369 1586/1586/369 1587/1587/369
f 1588/1588/370 1589/1589/370 1590/1590/370
f 1591/1591/371 1592/1592/371 1593/1593/371
f 1594/1594/372 1595/1595/372 1596/1596/372
f 1597/1597/373 1598/1598/373 1599/1599/373
f 1600/1600/374 1601/1601/374 1602/1602/374
f 1603/1603/375 1604/1604/375 1605/1605/375
f 1606/1606/376 1607/1607/376 1608/1608/376
f 1609/1609/377 1610/1610/377 1611/1611/377
f 1612/1612/378 1613/1613/378 1614/1614/378
f 1615/1615/379 1616/1616/379 1617/1617/379
f 1618/1618/380 1619/1619/380 1620/1620/380
f 1621/1621/381 1622/1622/381 1623/1623/381
f 1624/1624/382 1625/1625/382 1626/1626/382
f 1627/1627/383 1628/1628/383 1629/1629/383
f 1630/1630/35 1631/1631/35 1632/1632/35
f 1633/1633/34 1634/1634/34 1635/1635/34
f 1636/1636/34 1637/1637/34 1638/1638/34
f 1639/1639/35 1640/1640/35 1641/1641/35
f 1642/1642/384 1643/1643/384 1644/1644/384
f 1645/1645/385 1646/1646/385 1647/1647/385
f 1648/1648/386 1649/1649/386 1650/1650/386
f 1651/1651/387 1652/1652/387 1653/1653/387
f 1654/1654/387 1655/1655/387 1656/1656/387
f 1657/1657/388 1658/1658/388 1659/1659/388
f 1660/1660/34 1661/1661/34 1662/1662/34
f 1663/1663/35 1664/1664/35 1665/1665/35
f 1666/1666/35 1667/1667/35 1668/1668/35
f 1669/1669/34 1670/1670/34 1671/1671/34
f 1672/1672/389 1673/1673/389 1674/1674/389
f 1675/1675/390 1676/1676/390 1677/1677/390
f 1678/1678/391 1679/1679/391 1680/1680/391
f 1681/1681/392 1682/1682/392 1683/1683/392
f 1684/1684/393 1685/1685/393 1686/1686/393
f 1687/1687/394 1688/1688/394 1689/1689/394
f 1690/1690/395 1691/1691/395 1692/1692/395
f 1693/1693/396 1694/1694/396 1695/1695/396
f 1696/1696/397 1697/1697/397 1698/1698/397
f 1699/1699/398 1700/1700/398 1701/1701/398
f 1702/1702/399 1703/1703/399 1704/1704/399
f 1705/1705/400 1706/1706/400 1707/1707/400
f 1708/1708/401 1709/1709/401 1710/1710/401
f 1711/1711/402 1712/1712/402 1713/1713/402
f 1714/1714/403 1715/1715/403 1716/1716/403
f 1717/1717/404 1718/1718/404 1719/1719/404
f 1720/1720/405 1721/1721/405 1722/1722/405
f 1723/1723/406 1724/1724/406 1725/1725/406
f 1726/1726/407 1727/1727/407 1728/1728/407
f 1729/1729/408 1730/1730/408 1731/1731/408
f 1732/1732/409 1733/1733/409 1734/1734/409
f 1735/1735/410 1736/1736/410 1737/1737/410
f 1738/1738/411 1739/1739/411 1740/1740/411
f 1741/1741/412 1742/1742/412 1743/1743/412
f 1744/1744/413 1745/1745/413 1746/1746/413
f 1747/1747/414 1748/1748/414 1749/1749/414
f 1750/1750/415 1751/1751/415 1752/1752/415
f 1753/1753/416 1754/1754/416 1755/1755/416
f 1756/1756/417 1757/1757/417 1758/1758/417
f 1759/1759/418 1760/1760/418 1761/1761/418
f 1762/1762/419 1763/1763/419 1764/1764/419
f 1765/1765/420 1766/1766/420 1767/1767/420
f 1768/1768/421 1769/1769/421 1770/1770/421
f 1771/1771/422 1772/1772/422 1773/1773/422
f 1774/1774/423 1775/1775/423 1776/1776/423
f 1777/1777/424 1778/1778/424 1779/1779/424
f 1780/1780/425 1781/1781/425 1782/1782/425
f 1783/1783/426 1784/1784/426 1785/1785/426
f 1786/1786/427 1787/1787/427 1788/1788/427
f 1789/1789/428 1790/1790/428 1791/1791/428
f 1792/1792/429 1793/1793/429 1794/1794/429
f 1795/1795/430 1796/1796/430 1797/1797/430
f 1798/1798/431 1799/1799/431 1800/1800/431
f 1801/1801/432 1802/1802/432 1803/1803/432
f 1804/1804/433 1805/1805/433 1806/1806/433
f 1807/1807/434 1808/1808/434 1809/1809/434
f 1810/1810/435 1811/1811/435 1812/1812/435
f 1813/1813/436 1814/1814/436 1815/1815/436
f 1816/1816/437 1817/1817/437 1818/1818/437
f 1819/1819/438 1820/1820/438 1821/1821/438
f 1822/1822/438 1823/1823/438 1824/1824/438
f 1825/1825/439 1826/1826/439 1827/1827/439
f 1828/1828/440 1829/1829/440 1830/1830/440
f 1831/1831/441 1832/1832/441 1833/1833/441
f 1834/1834/442 1835/1835/442 1836/1836/442
f 1837/1837/443 1838/1838/443 1839/1839/443
f 1840/1840/444 1841/1841/444 1842/1842/444
f 1843/1843/445 1844/1844/445 1845/1845/445
f 1846/1846/446 1847/1847/446 1848/1848/446
f 1849/1849/447 1850/1850/447 1851/1851/447
f 1852/1852/448 1853/1853/448 1854/1854/448
f 1855/1855/449 1856/1856/449 1857/1857/449
f 1858/1858/450 1859/1859/450 1860/1860/450
f 1861/1861/451 1862/1862/451 1863/1863/451
f 1864/1864/452 1865/1865/452 1866/1866/452
f 1867/1867/453 1868/1868/453 1869/1869/453
f 1870/1870/454 1871/1871/454 1872/1872/454
f 1873/1873/455 1874/1874/455 1875/1875/455
f 1876/1876/456 1877/1877/456 1878/1878/456
f 1879/1879/457 1880/1880/457 1881/1881/457
f 1882/1882/458 1883/1883/458 1884/1884/458
f 1885/1885/459 1886/1886/459 1887/1887/459
f 1888/1888/460 1889/1889/460 1890/1890/460
f 1891/1891/461 1892/1892/461 1893/1893/461
f 1894/1894/462 1895/1895/462 1896/1896/462
f 1897/1897/463 1898/1898/463 1899/1899/463
f 1900/1900/464 1901/1901/464 1902/1902/464
f 1903/1903/465 1904/1904/465 1905/1905/465
f 1906/1906/466 1907/1907/466 1908/1908/466
f 1909/1909/467 1910/1910/467 1911/1911/467
f 1912/1912/468 1913/1913/468 1914/1914/468
f 1915/1915/469 1916/1916/469 1917/1917/469
f 1918/1918/470 1919/1919/470 1920/1920/470
f 1921/1921/471 1922/1922/471 1923/1923/471
f 1924/1924/472 1925/1925/472 1926/1926/472
f 1927/1927/473 1928/1928/473 1929/1929/473
f 1930/1930/474 1931/1931/474 1932/1932/474
f 1933/1933/475 1934/1934/475 1935/1935/475
f 1936/1936/476 1937/1937/476 1938/1938/476
f 1939/1939/477 1940/1940/477 1941/1941/477
f 1942/1942/478 1943/1943/478 1944/1944/478
f 1945/1945/479 1946/1946/479 1947/1947/479
f 1948/1948/480 1949/1949/480 1950/1950/480
f 1951/1951/481 1952/1952/481 1953/1953/481
f 1954/1954/482 1955/1955/482 1956/1956/482
f 1957/1957/483 1958/1958/483 1959/1959/483
f 1960/1960/484 1961/1961/484 1962/1962/484
f 1963/1963/485 1964/1964/485 1965/1965/485
f 1966/1966/486 1967/1967/486 1968/1968/486
f 1969/1969/487 1970/1970/487 1971/1971/487
f 1972/1972/488 1973/1973/488 1974/1974/488
f 1975/1975/489 1976/1976/489 1977/1977/489
f 1978/1978/490 1979/1979/490 1980/1980/490
f 1981/1981/35 1982/1982/35 1983/1983/35
f 1984/1984/34 1985/1985/34 1986/1986/34
f 1987/1987/491 1988/1988/491 1989/1989/491
f 1990/1990/492 1991/1991/492 1992/1992/492
f 1993/1993/493 1994/1994/493 1995/1995/493
f 1996/1996/494 1997/1997/494 1998/1998/494
f 1999/1999/35 2000/2000/35 2001/2001/35
f 2002/2002/35 2003/2003/35 2004/2004/35
f 2005/2005/495 2006/2006/495 2007/2007/495
f 2008/2008/496 2009/2009/496 2010/2010/496
f 2011/2011/34 2012/2012/34 2013/2013/34
f 2014/2014/34 2015/2015/34 2016/2016/34
f 2017/2017/497 2018/2018/497 2019/2019/497
f 2020/2020/498 2021/2021/498 2022/2022/498
f 2023/2023/499 2024/2024/499 2025/2025/499
f 2026/2026/500 2027/2027/500 2028/2028/500
f 2029/2029/34 2030/2030/34 2031/2031/34
usemtl Brush.018
f 2032/2032/34 2033/2033/34 2034/2034/34
f 2035/2035/35 2036/2036/35 2037/2037/35
f 2038/2038/35 2039/2039/35 2040/2040/35
f 2041/2041/34 2042/2042/34 2043/2043/34
f 2044/2044/34 2045/2045/34 2046/2046/34
f 2047/2047/35 2048/2048/35 2049/2049/35
f 2050/2050/501 2051/2051/501 2052/2052/501
f 2053/2053/502 2054/2054/502 2055/2055/502
f 2056/2056/503 2057/2057/503 2058/2058/503
f 2059/2059/504 2060/2060/504 2061/2061/504
f 2062/2062/505 2063/2063/505 2064/2064/505
f 2065/2065/506 2066/2066/506 2067/2067/506
f 2068/2068/507 2069/2069/507 2070/2070/507
f 2071/2071/508 2072/2072/508 2073/2073/508
f 2074/2074/509 2075/2075/509 2076/2076/509
f 2077/2077/510 2078/2078/510 2079/2079/510
f 2080/2080/511 2081/2081/511 2082/2082/511
f 2083/2083/512 2084/2084/512 2085/2085/512
f 2086/2086/513 2087/2087/513 2088/2088/513
f 2089/2089/514 2090/2090/514 2091/2091/514
f 2092/2092/515 2093/2093/515 2094/2094/515
f 2095/2095/516 2096/2096/516 2097/2097/516
f 2098/2098/517 2099/2099/517 2100/2100/517
f 2101/2101/518 2102/2102/518 2103/2103/518
f 2104/2104/519 2105/2105/519 2106/2106/519
f 2107/2107/520 2108/2108/520 2109/2109/520
f 2110/2110/521 2111/2111/521 2112/2112/521
f 2113/2113/522 2114/2114/522 2115/2115/522
f 2116/2116/523 2117/2117/523 2118/2118/523
f 2119/2119/524 2120/2120/524 2121/2121/524
f 2122/2122/525 2123/2123/525 2124/2124/525
f 2125/2125/526 2126/2126/526 2127/2127/526
f 2128/2128/527 2129/2129/527 2130/2130/527
f 2131/2131/528 2132/2132/528 2133/2133/528
f 2134/2134/529 2135/2135/529 2136/2136/529
f 2137/2137/530 2138/2138/530 2139/2139/530
f 2140/2140/531 2141/2141/531 2142/2142/531
f 2143/2143/532 2144/2144/532 2145/2145/532
f 2146/2146/533 2147/2147/533 2148/2148/533
f 2149/2149/534 2150/2150/534 2151/2151/534
f 2152/2152/534 2153/2153/534 2154/2154/534
f 2155/2155/35 2156/2156/35 2157/2157/35
f 2158/2158/35 2159/2159/35 2160/2160/35
f 2161/2161/35 2162/2162/35 2163/2163/35
f 2164/2164/535 2165/2165/535 2166/2166/535
f 2167/2167/536 2168/2168/536 2169/2169/536
f 2170/2170/537 2171/2171/537 2172/2172/537
f 2173/2173/538 2174/2174/538 2175/2175/538
f 2176/2176/539 2177/2177/539 2178/2178/539
f 2179/2179/540 2180/2180/540 2181/2181/540
f 2182/2182/35 2183/2183/35 2184/2184/35
f 2185/2185/53 2186/2186/53 2187/2187/53
f 2188/2188/35 2189/2189/35 2190/2190/35
f 2191/2191/35 2192/2192/35 2193/2193/35
f 2194/2194/541 2195/2195/541 2196/2196/541
f 2197/2197/541 2198/2198/541 2199/2199/541
f 2200/2200/541 2201/2201/541 2202/2202/541
f 2203/2203/542 2204/2204/542 2205/2205/542
f 2206/2206/543 2207/2207/543 2208/2208/543
f 2209/2209/544 2210/2210/544 2211/2211/544
f 2212/2212/545 2213/2213/545 2214/2214/545
f 2215/2215/546 2216/2216/546 2217/2217/546
f 2218/2218/547 2219/2219/547 2220/2220/547
usemtl Brush.019
f 2221/2221/548 2222/2222/548 2223/2223/548
f 2224/2224/549 2225/2225/549 2226/2226/549
f 2227/2227/550 2228/2228/550 2229/2229/550
f 2230/2230/551 2231/2231/551 2232/2232/551
f 2233/2233/552 2234/2234/552 2235/2235/552
f 2236/2236/553 2237/2237/553 2238/2238/553
f 2239/2239/554 2240/2240/554 2241/2241/554
f 2242/2242/555 2243/2243/555 2244/2244/555
f 2245/2245/556 2246/2246/556 2247/2247/556
f 2248/2248/557 2249/2249/557 2250/2250/557
f 2251/2251/558 2252/2252/558 2253/2253/558
f 2254/2254/559 2255/2255/559 2256/2256/559
f 2257/2257/560 2258/2258/560 2259/2259/560
f 2260/2260/561 2261/2261/561 2262/2262/561
f 2263/2263/562 2264/2264/562 2265/2265/562
f 2266/2266/563 2267/2267/563 2268/2268/563
f 2269/2269/564 2270/2270/564 2271/2271/564
f 2272/2272/565 2273/2273/565 2274/2274/565
f 2275/2275/566 2276/2276/566 2277/2277/566
f 2278/2278/567 2279/2279/567 2280/2280/567
f 2281/2281/568 2282/2282/568 2283/2283/568
f 2284/2284/569 2285/2285/569 2286/2286/569
f 2287/2287/570 2288/2288/570 2289/2289/570
f 2290/2290/571 2291/2291/571 2292/2292/571
f 2293/2293/572 2294/2294/572 2295/2295/572
f 2296/2296/573 2297/2297/573 2298/2298/573
f 2299/2299/574 2300/2300/574 2301/2301/574
f 2302/2302/575 2303/2303/575 2304/2304/575
f 2305/2305/576 2306/2306/576 2307/2307/576
f 2308/2308/577 2309/2309/577 2310/2310/577
f 2311/2311/578 2312/2312/578 2313/2313/578
f 2314/2314/579 2315/2315/579 2316/2316/579
f 2317/2317/580 2318/2318/580 2319/2319/580
f 2320/2320/581 2321/2321/581 2322/2322/581
f 2323/2323/582 2324/2324/582 2325/2325/582
f 2326/2326/583 2327/2327/583 2328/2328/583
f 2329/2329/584 2330/2330/584 2331/2331/584
f 2332/2332/585 2333/2333/585 2334/2334/585
f 2335/2335/586 2336/2336/586 2337/2337/586
f 2338/2338/587 2339/2339/587 2340/2340/587
f 2341/2341/588 2342/2342/588 2343/2343/588
f 2344/2344/589 2345/2345/589 2346/2346/589
f 2347/2347/590 2348/2348/590 2349/2349/590
f 2350/2350/591 2351/2351/591 2352/2352/591
f 2353/2353/592 2354/2354/592 2355/2355/592
f 2356/2356/593 2357/2357/593 2358/2358/593
f 2359/2359/594 2360/2360/594 2361/2361/594
f 2362/2362/595 2363/2363/595 2364/2364/595
f 2365/2365/596 2366/2366/596 2367/2367/596
f 2368/2368/597 2369/2369/597 2370/2370/597
f 2371/2371/598 2372/2372/598 2373/2373/598
f 2374/2374/599 2375/2375/599 2376/2376/599
f 2377/2377/600 2378/2378/600 2379/2379/600
f 2380/2380/601 2381/2381/601 2382/2382/601
f 2383/2383/602 2384/2384/602 2385/2385/602
f 2386/2386/603 2387/2387/603 2388/2388/603
f 2389/2389/604 2390/2390/604 2391/2391/604
f 2392/2392/605 2393/2393/605 2394/2394/605
f 2395/2395/606 2396/2396/606 2397/2397/606
f 2398/2398/607 2399/2399/607 2400/2400/607
f 2401/2401/608 2402/2402/608 2403/2403/608
f 2404/2404/609 2405/2405/609 2406/2406/609
f 2407/2407/610 2408/2408/610 2409/2409/610
f 2410/2410/611 2411/2411/611 2412/2412/611
f 2413/2413/612 2414/2414/612 2415/2415/612
f 2416/2416/613 2417/2417/613 2418/2418/613
f 2419/2419/614 2420/2420/614 2421/2421/614
f 2422/2422/615 2423/2423/615 2424/2424/615
f 2425/2425/616 2426/2426/616 2427/2427/616
f 2428/2428/617 2429/2429/617 2430/2430/617
f 2431/2431/618 2432/2432/618 2433/2433/618
f 2434/2434/619 2435/2435/619 2436/2436/619
f 2437/2437/620 2438/2438/620 2439/2439/620
f 2440/2440/621 2441/2441/621 2442/2442/621
f 2443/2443/622 2444/2444/622 2445/2445/622
f 2446/2446/623 2447/2447/623 2448/2448/623
f 2449/2449/624 2450/2450/624 2451/2451/624
f 2452/2452/625 2453/2453/625 2454/2454/625
f 2455/2455/626 2456/2456/626 2457/2457/626
f 2458/2458/627 2459/2459/627 2460/2460/627
f 2461/2461/628 2462/2462/628 2463/2463/628
f 2464/2464/629 2465/2465/629 2466/2466/629
f 2467/2467/630 2468/2468/630 2469/2469/630
f 2470/2470/631 2471/2471/631 2472/2472/631
f 2473/2473/632 2474/2474/632 2475/2475/632
f 2476/2476/633 2477/2477/633 2478/2478/633
f 2479/2479/634 2480/2480/634 2481/2481/634
f 2482/2482/635 2483/2483/635 2484/2484/635
f 2485/2485/636 2486/2486/636 2487/2487/636
f 2488/2488/637 2489/2489/637 2490/2490/637
f 2491/2491/638 2492/2492/638 2493/2493/638
f 2494/2494/639 2495/2495/639 2496/2496/639
f 2497/2497/640 2498/2498/640 2499/2499/640
f 2500/2500/641 2501/2501/641 2502/2502/641
usemtl Brush.020
f 2503/2503/642 2504/2504/642 2505/2505/642
f 2506/2506/643 2507/2507/643 2508/2508/643
f 2509/2509/644 2510/2510/644 2511/2511/644
f 2512/2512/645 2513/2513/645 2514/2514/645
f 2515/2515/646 2516/2516/646 2517/2517/646
f 2518/2518/647 2519/2519/647 2520/2520/647
f 2521/2521/648 2522/2522/648 2523/2523/648
f 2524/2524/649 2525/2525/649 2526/2526/649
f 2527/2527/650 2528/2528/650 2529/2529/650
f 2530/2530/651 2531/2531/651 2532/2532/651
f 2533/2533/652 2534/2534/652 2535/2535/652
f 2536/2536/653 2537/2537/653 2538/2538/653
f 2539/2539/654 2540/2540/654 2541/2541/654
f 2542/2542/655 2543/2543/655 2544/2544/655
f 2545/2545/656 2546/2546/656 2547/2547/656
f 2548/2548/657 2549/2549/657 2550/2550/657
f 2551/2551/658 2552/2552/658 2553/2553/658
f 2554/2554/659 2555/2555/659 2556/2556/659
f 2557/2557/660 2558/2558/660 2559/2559/660
f 2560/2560/661 2561/2561/661 2562/2562/661
f 2563/2563/662 2564/2564/662 2565/2565/662
f 2566/2566/663 2567/2567/663 2568/2568/663
f 2569/2569/664 2570/2570/664 2571/2571/664
f 2572/2572/665 2573/2573/665 2574/2574/665
f 2575/2575/666 2576/2576/666 2577/2577/666
f 2578/2578/667 2579/2579/667 2580/2580/667
f 2581/2581/667 2582/2582/667 2583/2583/667
f 2584/2584/34 2585/2585/34 2586/2586/34
f 2587/2587/34 2588/2588/34 2589/2589/34
f 2590/2590/34 2591/2591/34 2592/2592/34
f 2593/2593/535 2594/2594/535 2595/2595/535
f 2596/2596/536 2597/2597/536 2598/2598/536
f 2599/2599/537 2600/2600/537 2601/2601/537
f 2602/2602/538 2603/2603/538 2604/2604/538
f 2605/2605/539 2606/2606/539 2607/2607/539
f 2608/2608/540 2609/2609/540 2610/2610/540
f 2611/2611/34 2612/2612/34 2613/2613/34
f 2614/2614/34 2615/2615/34 2616/2616/34
f 2617/2617/34 2618/2618/34 2619/2619/34
f 2620/2620/668 2621/2621/668 2622/2622/668
f 2623/2623/668 2624/2624/668 2625/2625/668
f 2626/2626/668 2627/2627/668 2628/2628/668
f 2629/2629/669 2630/2630/669 2631/2631/669
f 2632/2632/670 2633/2633/670 2634/2634/670
f 2635/2635/671 2636/2636/671 2637/2637/671
f 2638/2638/672 2639/2639/672 2640/2640/672
f 2641/2641/673 2642/2642/673 2643/2643/673
f 2644/2644/674 2645/2645/674 2646/2646/674
f 2647/2647/542 2648/2648/542 2649/2649/542
f 2650/2650/53 2651/2651/53 2652/2652/53
f 2653/2653/543 2654/2654/543 2655/2655/543
f 2656/2656/675 2657/2657/675 2658/2658/675
f 2659/2659/676 2660/2660/676 2661/2661/676
