mtllib divewing.mtl
o mesh_mesh.009
v -1.779230 81.466103 -4.083383
v -0.894192 81.972702 -3.311262
v -1.211580 79.073502 -2.832123
v -1.779230 81.466103 -4.083383
v -1.211580 79.073502 -2.832123
v -1.818900 77.245399 -4.312273
v -1.629691 92.635902 -22.385305
v -3.042701 87.795700 -19.309103
v -1.971501 89.355103 -22.180904
v -1.629691 92.635902 -22.385305
v -1.644951 90.432396 -20.395504
v -3.042701 87.795700 -19.309103
v -3.448591 73.125397 -15.939803
v -3.140351 75.548599 -16.596003
v -3.491321 74.608597 -18.305002
v -3.088470 73.122299 -13.419003
v -3.140351 75.548599 -16.596003
v -3.448591 73.125397 -15.939803
v -1.501510 9.949030 -0.564593
v -2.078310 12.115800 -1.586960
v -1.501510 8.716090 -0.000001
v -1.501510 8.716090 -0.000001
v -2.078310 12.115800 -1.586960
v -3.122040 14.404700 -0.000000
v 0.000000 13.315198 -6.949060
v 0.000000 11.444399 -8.786280
v -2.078310 16.299900 -6.225781
v 0.000000 11.444399 -8.786280
v -0.000001 10.940900 -11.554300
v -2.078310 16.299900 -6.225781
v -2.078310 24.588799 -2.432331
v 0.000000 25.818699 -5.658131
v -0.393689 30.689400 -1.886041
v 0.000000 34.675102 -4.882960
v -0.393689 30.689400 -1.886041
v 0.000000 25.818699 -5.658131
v -2.078310 24.588799 2.432329
v -0.393689 30.689400 1.886039
v 0.000000 25.818699 5.658129
v 0.000000 25.818699 5.658129
v -0.393689 30.689400 1.886039
v 0.000000 34.675102 4.882958
v -2.752770 -11.426100 0.000001
v -2.291940 -16.528801 7.693720
v -2.951140 -14.035501 0.000001
v -2.752770 -11.426100 0.000001
v -2.951140 -14.035501 0.000001
v -2.383500 -9.491261 -5.343790
v 1.501510 9.949030 0.564591
v 2.078310 12.115800 1.586959
v 1.501510 8.716090 -0.000001
v 1.501510 8.716090 -0.000001
v 2.078310 12.115800 1.586959
v 3.122040 14.404700 -0.000001
v 2.078310 16.299900 -6.225781
v 0.000000 11.444399 -8.786280
v 0.000000 13.315198 -6.949060
v 2.078310 16.299900 -6.225781
v -0.000001 10.940900 -11.554300
v 0.000000 11.444399 -8.786280
v 0.000000 48.246700 1.098668
v 1.513720 56.117397 1.733448
v 0.000000 56.010597 0.430309
v 0.000000 48.246700 1.098668
v 1.760920 37.974201 5.111849
v 1.513720 56.117397 1.733448
v -2.893151 71.398094 -8.584863
v -2.142401 70.558800 -9.237953
v -2.829070 67.220100 -2.020332
v -1.608330 78.011398 -5.285813
v -1.400800 77.190498 -4.354993
v -1.376380 79.873001 -5.322433
v 0.512710 84.154800 -12.546203
v -0.747704 87.502701 -19.553202
v -2.398751 83.275902 -18.921503
v -2.142401 70.558800 -9.237953
v -2.893151 71.398094 -8.584863
v -1.449631 75.008400 -13.043603
v 0.839259 53.065598 4.641868
v -0.225837 53.965904 7.452618
v -0.659200 54.856998 6.271549
v -0.747704 87.502701 -19.553202
v -1.644951 90.432396 -20.395504
v -1.629691 92.635902 -22.385305
v -2.374340 61.155998 4.327518
v -2.700890 60.908802 3.979609
v -2.829070 67.220100 -2.020332
v -1.284830 53.636299 6.888028
v -0.869778 53.453201 7.715078
v 0.164800 52.327000 6.170838
v -1.306190 81.945297 -7.116922
v -2.472000 84.157799 -6.299022
v -1.376380 79.873001 -5.322433
v -1.879940 61.098099 4.187138
v -1.327560 56.291401 5.896179
v -1.254310 56.630100 7.101659
v 0.000000 -16.043600 -0.824000
v -0.378430 -17.181900 0.000000
v 0.378430 -17.181900 0.000000
v -4.254280 18.790201 2.099669
v -3.122040 18.790201 3.860590
v -3.122040 16.058800 2.731410
v -2.078310 13.931701 -4.513691
v -3.122040 18.778000 -4.370250
v -3.122040 15.686501 -3.088470
v 0.000000 24.588799 2.432329
v -2.078310 24.588799 2.432329
v 0.000000 42.466499 0.814843
v -2.078310 19.379299 -6.250190
v -2.078310 17.963200 -9.186069
v -2.078310 16.299900 -6.225781
v -2.078310 16.299900 6.225779
v -2.078310 17.963200 9.186069
v -2.078310 19.379299 6.250190
v 0.000000 24.588799 -2.432331
v 0.000000 42.466499 -0.814845
v -2.078310 24.588799 -2.432331
v 0.000000 23.572500 -7.690661
v -2.078310 22.364000 -5.227821
v 0.000000 21.262199 -8.648951
v 0.000000 -6.698810 1.767020
v 0.000000 -7.867670 2.294991
v -1.501510 -6.698810 0.674459
v 0.000000 21.042500 10.360999
v -2.078310 17.963200 9.186069
v -2.078310 19.379299 6.250190
v -2.078310 17.963200 -9.186069
v 0.000000 21.042500 -10.361001
v -2.078310 19.379299 -6.250190
v 0.000000 -22.260199 9.237951
v -2.291940 -16.528801 7.693720
v 0.000000 -19.363998 10.367101
v 0.000000 6.723230 1.767020
v 0.000000 7.953120 3.070159
v -0.662252 5.645919 6.201361
v 0.000001 -6.607259 15.964201
v 0.000001 -6.408890 13.489202
v -1.120029 -5.273600 12.540100
v 0.000000 -13.214499 9.067050
v -1.385540 -11.349800 11.063000
v 0.000000 -13.132100 11.182000
v -1.501510 9.949030 -0.564593
v -1.501510 7.022310 -0.674460
v -1.501510 8.417010 -1.782280
v 0.000001 13.586800 15.237901
v 0.000001 13.132100 13.129100
v 0.000001 16.913403 12.662099
v -2.078310 12.115800 -1.586960
v -1.501510 9.949030 -0.564593
v 0.000000 10.651000 -2.911471
v 0.000000 23.572500 7.690659
v 0.000000 21.262199 8.648949
v -2.078310 22.364000 5.227819
v 0.000000 9.402750 2.276679
v 0.000000 10.651000 2.911470
v 0.000000 7.953120 3.070159
v -1.760920 37.974201 5.111849
v 0.000000 38.819500 1.132239
v 0.000000 40.418701 2.612379
v -0.393689 30.689400 1.886039
v -0.656148 34.626301 1.522868
v 0.000000 34.675102 4.882958
v 0.000000 37.360798 -10.477000
v -1.760920 37.974201 -5.111852
v 0.000000 36.362801 -8.450581
v 0.000000 33.915199 10.772999
v 0.000000 32.987499 8.920559
v -0.863674 34.052601 7.919549
v 0.000000 91.903397 -1.217693
v 0.000000 96.459900 0.405893
v -0.988800 93.359200 1.525927
v -0.656148 34.626301 -1.522871
v -1.760920 37.974201 -5.111852
v 0.000000 38.819500 -1.132241
v 0.000000 40.159302 7.715079
v -1.760920 37.974201 5.111849
v 0.000000 46.653599 5.334639
v 0.000000 56.010597 0.430309
v -1.513720 56.117397 1.733449
v 0.000000 48.246700 1.098668
v 0.000000 34.675102 -4.882960
v 0.000000 33.197998 -6.546221
v -0.863674 34.052601 -7.919551
v 0.000000 56.010597 0.430309
v 0.000000 89.889198 0.430308
v -1.513720 56.117397 1.733449
v 4.882960 18.790201 -0.000000
v 4.254280 18.790201 -2.099670
v 4.254280 16.367100 -0.000000
v 0.000000 42.466499 0.814843
v 2.078310 24.588799 2.432329
v 0.000000 24.588799 2.432329
v 2.078310 16.299900 -6.225781
v 2.078310 17.963200 -9.186069
v 2.078310 19.379299 -6.250190
v 1.065100 41.447201 -0.000001
v 0.000000 42.466499 0.814843
v 0.000000 44.163300 -0.000001
v 2.078310 19.379299 6.250190
v 2.078310 17.963200 9.186069
v 2.078310 16.299900 6.225779
v 2.078310 24.588799 -2.432331
v 0.000000 42.466499 -0.814845
v 0.000000 24.588799 -2.432331
v -0.000001 13.132100 -13.129100
v -0.000001 16.913399 -12.662099
v -0.000001 13.586800 -15.237901
v 0.000000 -7.641831 -10.333599
v 0.000000 -11.511600 -8.914460
v 1.901300 -6.369210 -8.368179
v 0.000000 -8.258310 -4.278699
v 2.383500 -9.491261 -5.343790
v 0.000000 -9.256260 -1.644949
v 0.000000 3.708000 6.155580
v 0.662252 5.645919 6.201361
v 0.000000 5.172891 3.961299
v 0.000000 -13.214499 9.067050
v 2.291940 -16.528801 7.693720
v 0.000000 -15.826899 10.260301
v 1.120031 -5.273600 12.540100
v 0.000001 -4.217659 14.242999
v 0.000001 -3.131200 11.740499
v 0.000001 -11.322400 14.523800
v 1.385540 -11.349800 11.063000
v 0.000001 -14.902200 14.667199
v 1.501510 8.417010 -1.782281
v 1.501510 7.022310 -0.674460
v 1.501510 9.949030 -0.564593
v 2.005070 13.876801 -4.571671
v 2.078310 12.115800 -1.586961
v 2.078310 13.931701 -4.513691
v 2.078310 22.364000 -5.227821
v 0.000000 25.818699 -5.658131
v 0.000000 23.572500 -7.690661
v 2.291940 -16.528801 7.693720
v 0.000000 -16.574600 0.000000
v 0.000000 -18.942801 6.469921
v 0.000000 33.197998 6.546220
v 0.863674 34.052601 7.919549
v 0.000000 34.675102 4.882958
v 0.000000 36.362801 -8.450581
v 1.760920 37.974201 -5.111852
v 0.000000 37.360798 -10.477000
v 0.000000 36.362801 8.450579
v 0.000000 37.360798 10.476998
v 1.760920 37.974201 5.111849
v 0.000000 56.404297 4.046748
v 0.000000 100.000000 3.707996
v 1.513720 56.117397 1.733448
v 0.988800 93.359200 1.525927
v 0.000000 96.459900 0.405893
v 0.000000 91.903397 -1.217693
v 0.000000 38.819500 -1.132241
v 1.760920 37.974201 -5.111852
v 0.656148 34.626301 -1.522871
v 0.863674 34.052601 -7.919551
v 0.000000 34.940601 -9.253211
v 0.000000 33.915199 -10.773001
v -1.678521 82.067299 -10.742501
v -2.142401 79.683800 -12.262301
v -4.211550 79.931000 -13.937801
v -4.211550 79.931000 -13.937801
v -2.142401 79.683800 -12.262301
v -4.126101 75.237297 -12.622502
v -4.211550 79.931000 -13.937801
v -4.126101 75.237297 -12.622502
v -3.140351 75.548599 -16.596003
v -3.140351 75.548599 -16.596003
v -4.126101 75.237297 -12.622502
v -3.088470 73.122299 -13.419003
v -3.140351 75.548599 -16.596003
v -3.088470 73.122299 -13.419003
v -1.449631 75.008400 -13.043603
v -1.449631 75.008400 -13.043603
v -3.088470 73.122299 -13.419003
v -3.112890 69.640198 -10.037502
v -1.449631 75.008400 -13.043603
v -3.112890 69.640198 -10.037502
v -2.142401 70.558800 -9.237953
v -2.142401 70.558800 -9.237953
v -3.112890 69.640198 -10.037502
v -2.987760 67.943398 -6.283762
v -2.142401 70.558800 -9.237953
v -2.987760 67.943398 -6.283762
v -2.282780 66.414398 -2.526932
v -2.282780 66.414398 -2.526932
v -2.987760 67.943398 -6.283762
v -2.859580 65.852798 -2.923672
v -2.282780 66.414398 -2.526932
v -2.859580 65.852798 -2.923672
v -1.879940 61.098099 4.187138
v -1.879940 61.098099 4.187138
v -2.859580 65.852798 -2.923672
v -2.142400 60.008503 3.421118
v -1.879940 61.098099 4.187138
v -2.142400 60.008503 3.421118
v -1.327560 56.291401 5.896179
v -1.327560 56.291401 5.896179
v -2.142400 60.008503 3.421118
v -2.700890 60.908802 3.979609
v -1.327560 56.291401 5.896179
v -2.700890 60.908802 3.979609
v -2.050840 56.373798 6.878868
v -2.050840 56.373798 6.878868
v -2.700890 60.908802 3.979609
v -2.374340 61.155998 4.327518
v -2.050840 56.373798 6.878868
v -2.374340 61.155998 4.327518
v -1.760920 56.596600 7.254249
v -1.760920 56.596600 7.254249
v -2.374340 61.155998 4.327518
v -1.254310 56.630100 7.101659
v -1.760920 56.596600 7.254249
v -1.254310 56.630100 7.101659
v -0.225837 53.965904 7.452618
v -0.225837 53.965904 7.452618
v -1.254310 56.630100 7.101659
v -1.327560 56.291401 5.896179
v -0.225837 53.965904 7.452618
v -1.327560 56.291401 5.896179
v -0.659200 54.856998 6.271549
v -0.659200 54.856998 6.271549
v -1.327560 56.291401 5.896179
v -1.284830 53.636299 6.888028
v -0.659200 54.856998 6.271549
v -1.284830 53.636299 6.888028
v 0.839259 53.065598 4.641868
v 0.839259 53.065598 4.641868
v -1.284830 53.636299 6.888028
v 0.164800 52.327000 6.170838
v 0.839259 53.065598 4.641868
v 0.164800 52.327000 6.170838
v -0.225837 53.965904 7.452618
v -0.225837 53.965904 7.452618
v 0.164800 52.327000 6.170838
v -0.869778 53.453201 7.715078
v -0.225837 53.965904 7.452618
v -0.869778 53.453201 7.715078
v -1.760920 56.596600 7.254249
v -1.760920 56.596600 7.254249
v -0.869778 53.453201 7.715078
v -1.284830 53.636299 6.888028
v -1.760920 56.596600 7.254249
v -1.284830 53.636299 6.888028
v -2.050840 56.373798 6.878868
v -2.050840 56.373798 6.878868
v -1.284830 53.636299 6.888028
v -1.327560 56.291401 5.896179
v 0.000000 -1.281781 -7.541120
v 0.000000 -5.667291 -6.772059
v -1.901300 -6.369210 -8.368179
v -1.901300 -6.369210 -8.368179
v 0.000000 -5.667291 -6.772059
v -2.383500 -9.491261 -5.343790
v -1.901300 -6.369210 -8.368179
v -2.383500 -9.491261 -5.343790
v 0.000000 -14.621399 -3.665270
v 0.000000 -14.621399 -3.665270
v -2.383500 -9.491261 -5.343790
v -2.951140 -14.035501 0.000001
v 0.000000 -14.621399 -3.665270
v -2.951140 -14.035501 0.000001
v 0.000000 -16.574600 0.000000
v 0.000000 -16.574600 0.000000
v -2.951140 -14.035501 0.000001
v -2.291940 -16.528801 7.693720
v 0.000000 -16.574600 0.000000
v -2.291940 -16.528801 7.693720
v 0.000000 -18.942801 6.469921
v 0.000000 -18.942801 6.469921
v -2.291940 -16.528801 7.693720
v 0.000000 -22.260199 9.237951
v 0.000000 -18.942801 6.469921
v 0.000000 -22.260199 9.237951
v 2.291940 -16.528801 7.693720
v 2.291940 -16.528801 7.693720
v 0.000000 -22.260199 9.237951
v 0.000000 -19.363998 10.367101
v 2.291940 -16.528801 7.693720
v 0.000000 -19.363998 10.367101
v 0.000000 -15.826899 10.260301
v 0.000000 -15.826899 10.260301
v 0.000000 -19.363998 10.367101
v -2.291940 -16.528801 7.693720
v 0.000000 -15.826899 10.260301
v -2.291940 -16.528801 7.693720
v 0.000000 -13.214499 9.067050
v 0.000000 -13.214499 9.067050
v -2.291940 -16.528801 7.693720
v -2.752770 -11.426100 0.000001
v 0.000000 -13.214499 9.067050
v -2.752770 -11.426100 0.000001
v -1.385540 -11.349800 11.063000
v -1.385540 -11.349800 11.063000
v -2.752770 -11.426100 0.000001
v -2.414010 -9.582810 5.999940
v -1.385540 -11.349800 11.063000
v -2.414010 -9.582810 5.999940
v 0.000001 -8.691670 12.479001
v 0.000001 -8.691670 12.479001
v -2.414010 -9.582810 5.999940
v 0.000000 -7.779170 10.867601
v 0.000001 -8.691670 12.479001
v 0.000000 -7.779170 10.867601
v 2.414010 -9.582810 5.999940
v 2.414010 -9.582810 5.999940
v 0.000000 -7.779170 10.867601
v 1.120031 -5.273600 12.540100
v 2.414010 -9.582810 5.999940
v 1.120031 -5.273600 12.540100
v 1.818900 -5.621511 9.427170
v 1.818900 -5.621511 9.427170
v 1.120031 -5.273600 12.540100
v 0.000001 -3.131200 11.740499
v 1.818900 -5.621511 9.427170
v 0.000001 -3.131200 11.740499
v 0.000001 -0.250252 11.581800
v 0.000000 6.723230 1.767020
v 0.000000 5.172891 3.961299
v 0.662252 5.645919 6.201361
v 0.000000 6.723230 1.767020
v 0.662252 5.645919 6.201361
v 0.000000 7.953120 3.070159
v 0.000000 7.953120 3.070159
v 0.662252 5.645919 6.201361
v 0.000000 5.926691 7.934811
v 0.000000 7.953120 3.070159
v 0.000000 5.926691 7.934811
v -0.662252 5.645919 6.201361
v -0.662252 5.645919 6.201361
v 0.000000 5.926691 7.934811
v 0.000000 3.106781 10.339700
v -0.662252 5.645919 6.201361
v 0.000000 3.106781 10.339700
v -1.120030 0.277719 9.686581
v -1.120030 0.277719 9.686581
v 0.000000 3.106781 10.339700
v 0.000001 -0.250252 11.581800
v -1.120030 0.277719 9.686581
v 0.000001 -0.250252 11.581800
v -1.818900 -5.621511 9.427170
v -1.818900 -5.621511 9.427170
v 0.000001 -0.250252 11.581800
v 0.000001 -3.131200 11.740499
v -1.818900 -5.621511 9.427170
v 0.000001 -3.131200 11.740499
v -1.120029 -5.273600 12.540100
v -1.120029 -5.273600 12.540100
v 0.000001 -3.131200 11.740499
v 0.000001 -4.217659 14.242999
v -1.120029 -5.273600 12.540100
v 0.000001 -4.217659 14.242999
v 0.000001 -6.607259 15.964201
v 0.000001 -6.607259 15.964201
v 0.000001 -4.217659 14.242999
v 1.120031 -5.273600 12.540100
v 0.000001 -6.607259 15.964201
v 1.120031 -5.273600 12.540100
v 0.000001 -6.408890 13.489202
v 0.000001 -6.408890 13.489202
v 1.120031 -5.273600 12.540100
v 0.000000 -7.779170 10.867601
v 0.000001 -6.408890 13.489202
v 0.000000 -7.779170 10.867601
v -1.120029 -5.273600 12.540100
v -1.120029 -5.273600 12.540100
v 0.000000 -7.779170 10.867601
v -2.414010 -9.582810 5.999940
v -1.120029 -5.273600 12.540100
v -2.414010 -9.582810 5.999940
v -1.818900 -5.621511 9.427170
v -1.818900 -5.621511 9.427170
v -2.414010 -9.582810 5.999940
v 0.000000 -4.925690 7.397690
v -1.818900 -5.621511 9.427170
v 0.000000 -4.925690 7.397690
v 0.000000 -0.265510 7.678460
v -1.916560 75.429497 -5.072183
v -1.593070 76.738800 -3.610343
v -1.400800 77.190498 -4.354993
v -1.400800 77.190498 -4.354993
v -1.593070 76.738800 -3.610343
v -1.211580 79.073502 -2.832123
v -1.400800 77.190498 -4.354993
v -1.211580 79.073502 -2.832123
v -0.344859 81.282997 -4.235973
v -0.344859 81.282997 -4.235973
v -1.211580 79.073502 -2.832123
v -0.894192 81.972702 -3.311262
v -0.344859 81.282997 -4.235973
v -0.894192 81.972702 -3.311262
v 0.515763 83.779404 -6.619462
v 0.515763 83.779404 -6.619462
v -0.894192 81.972702 -3.311262
v -0.704978 85.714302 -5.984683
v 0.515763 83.779404 -6.619462
v -0.704978 85.714302 -5.984683
v -0.912503 88.323601 -11.029403
v -0.912503 88.323601 -11.029403
v -0.704978 85.714302 -5.984683
v -2.472000 84.157799 -6.299022
v -0.912503 88.323601 -11.029403
v -2.472000 84.157799 -6.299022
v -3.610341 84.679703 -12.103603
v -3.610341 84.679703 -12.103603
v -2.472000 84.157799 -6.299022
v -1.306190 81.945297 -7.116922
v -3.610341 84.679703 -12.103603
v -1.306190 81.945297 -7.116922
v -1.678521 82.067299 -10.742501
v -1.678521 82.067299 -10.742501
v -1.306190 81.945297 -7.116922
v 0.512710 84.154800 -12.546203
v -1.678521 82.067299 -10.742501
v 0.512710 84.154800 -12.546203
v -0.473038 79.454895 -14.337601
v -0.473038 79.454895 -14.337601
v 0.512710 84.154800 -12.546203
v -2.398751 83.275902 -18.921503
v -0.473038 79.454895 -14.337601
v -2.398751 83.275902 -18.921503
v -3.097631 77.892395 -19.077103
v -3.097631 77.892395 -19.077103
v -2.398751 83.275902 -18.921503
v -4.211550 79.931000 -13.937801
v -3.097631 77.892395 -19.077103
v -4.211550 79.931000 -13.937801
v -2.777181 77.605499 -15.738401
v -2.777181 77.605499 -15.738401
v -4.211550 79.931000 -13.937801
v -3.140351 75.548599 -16.596003
v 0.000000 -14.621399 -3.665270
v 0.000000 -16.574600 0.000000
v 2.951140 -14.035501 0.000000
v 2.951140 -14.035501 0.000000
v 0.000000 -16.574600 0.000000
v 2.291940 -16.528801 7.693720
v 2.951140 -14.035501 0.000000
v 2.291940 -16.528801 7.693720
v 2.752770 -11.426100 -0.000000
v 2.752770 -11.426100 -0.000000
v 2.291940 -16.528801 7.693720
v 0.000000 -13.214499 9.067050
v 2.752770 -11.426100 -0.000000
v 0.000000 -13.214499 9.067050
v 1.385540 -11.349800 11.063000
v 1.385540 -11.349800 11.063000
v 0.000000 -13.214499 9.067050
v 0.000000 -13.132100 11.182000
v 1.385540 -11.349800 11.063000
v 0.000000 -13.132100 11.182000
v 0.000001 -14.902200 14.667199
v 0.000001 -14.902200 14.667199
v 0.000000 -13.132100 11.182000
v -1.385540 -11.349800 11.063000
v 0.000001 -14.902200 14.667199
v -1.385540 -11.349800 11.063000
v 0.000001 -11.322400 14.523800
v 0.000001 -11.322400 14.523800
v -1.385540 -11.349800 11.063000
v 0.000001 -8.691670 12.479001
v 0.000001 -11.322400 14.523800
v 0.000001 -8.691670 12.479001
v 1.385540 -11.349800 11.063000
v 1.385540 -11.349800 11.063000
v 0.000001 -8.691670 12.479001
v 2.414010 -9.582810 5.999940
v 1.385540 -11.349800 11.063000
v 2.414010 -9.582810 5.999940
v 2.752770 -11.426100 -0.000000
v 2.752770 -11.426100 -0.000000
v 2.414010 -9.582810 5.999940
v 0.000000 -9.256260 1.644951
v 2.752770 -11.426100 -0.000000
v 0.000000 -9.256260 1.644951
v 1.358070 -9.237950 0.000001
v 1.358070 -9.237950 0.000001
v 0.000000 -9.256260 1.644951
v 0.000000 -8.514660 1.593071
v 1.358070 -9.237950 0.000001
v 0.000000 -8.514660 1.593071
v 0.000000 -7.867670 2.294991
v 2.078310 19.379299 -6.250190
v 2.078310 17.963200 -9.186069
v 3.122040 18.778000 -4.370250
v 3.122040 18.778000 -4.370250
v 2.078310 17.963200 -9.186069
v 2.078310 16.299900 -6.225781
v 3.122040 18.778000 -4.370250
v 2.078310 16.299900 -6.225781
v 2.078310 13.931701 -4.513691
v 2.078310 13.931701 -4.513691
v 2.078310 16.299900 -6.225781
v 0.000000 13.315198 -6.949060
v 2.078310 13.931701 -4.513691
v 0.000000 13.315198 -6.949060
v 2.005070 13.876801 -4.571671
v 2.005070 13.876801 -4.571671
v 0.000000 13.315198 -6.949060
v 0.000000 11.761800 -5.267490
v 2.005070 13.876801 -4.571671
v 0.000000 11.761800 -5.267490
v 2.078310 12.115800 -1.586961
v 2.078310 12.115800 -1.586961
v 0.000000 11.761800 -5.267490
v 0.000000 10.651000 -2.911471
v 2.078310 12.115800 -1.586961
v 0.000000 10.651000 -2.911471
v 1.501510 9.949030 -0.564593
v 1.501510 9.949030 -0.564593
v 0.000000 10.651000 -2.911471
v 0.000000 9.402750 -2.276681
v 1.501510 9.949030 -0.564593
v 0.000000 9.402750 -2.276681
v 1.501510 8.417010 -1.782281
v 1.501510 8.417010 -1.782281
v 0.000000 9.402750 -2.276681
v 0.000000 7.953120 -3.070161
v 1.501510 8.417010 -1.782281
v 0.000000 7.953120 -3.070161
v 1.501510 7.022310 -0.674460
v 1.501510 7.022310 -0.674460
v 0.000000 7.953120 -3.070161
v 0.000000 6.723230 -1.767020
v 0.000000 40.159302 7.715079
v 0.000000 37.360798 10.476998
v -1.760920 37.974201 5.111849
v -1.760920 37.974201 5.111849
v 0.000000 37.360798 10.476998
v 0.000000 36.362801 8.450579
v -1.760920 37.974201 5.111849
v 0.000000 36.362801 8.450579
v -0.863674 34.052601 7.919549
v -0.863674 34.052601 7.919549
v 0.000000 36.362801 8.450579
v 0.000000 34.940601 9.253209
v -0.863674 34.052601 7.919549
v 0.000000 34.940601 9.253209
v 0.000000 33.915199 10.772999
v 0.000000 33.915199 10.772999
v 0.000000 34.940601 9.253209
v 0.863674 34.052601 7.919549
v 0.000000 33.915199 10.772999
v 0.863674 34.052601 7.919549
v 0.000000 32.987499 8.920559
v 0.000000 32.987499 8.920559
v 0.863674 34.052601 7.919549
v 0.000000 33.197998 6.546220
v 0.000000 32.987499 8.920559
v 0.000000 33.197998 6.546220
v -0.863674 34.052601 7.919549
v -0.863674 34.052601 7.919549
v 0.000000 33.197998 6.546220
v 0.000000 34.675102 4.882958
v -0.863674 34.052601 7.919549
v 0.000000 34.675102 4.882958
v -1.760920 37.974201 5.111849
v -1.760920 37.974201 5.111849
v 0.000000 34.675102 4.882958
v -0.656148 34.626301 1.522868
v -1.760920 37.974201 5.111849
v -0.656148 34.626301 1.522868
v 0.000000 38.819500 1.132239
v 0.000000 42.466499 0.814843
v 1.065100 41.447201 -0.000001
v 2.078310 24.588799 2.432329
v 2.078310 24.588799 2.432329
v 1.065100 41.447201 -0.000001
v 3.122040 23.148300 -0.000001
v 2.078310 24.588799 2.432329
v 3.122040 23.148300 -0.000001
v 3.122040 21.869600 3.088469
v 3.122040 21.869600 3.088469
v 3.122040 23.148300 -0.000001
v 3.122040 14.404700 -0.000001
v 3.122040 21.869600 3.088469
v 3.122040 14.404700 -0.000001
v 3.122040 15.686501 3.088469
v 3.122040 15.686501 3.088469
v 3.122040 14.404700 -0.000001
v 2.078310 12.115800 1.586959
v 3.122040 15.686501 3.088469
v 2.078310 12.115800 1.586959
v 2.078310 13.931701 4.513689
v 2.078310 13.931701 4.513689
v 2.078310 12.115800 1.586959
v 0.000000 11.761800 5.267489
v 2.078310 13.931701 4.513689
v 0.000000 11.761800 5.267489
v 2.005070 13.876801 4.571670
v 2.005070 13.876801 4.571670
v 0.000000 11.761800 5.267489
v 0.000000 13.315200 6.949059
v 2.005070 13.876801 4.571670
v 0.000000 13.315200 6.949059
v 2.078310 16.299900 6.225779
v 2.078310 16.299900 6.225779
v 0.000000 13.315200 6.949059
v 0.000000 11.444401 8.786280
v 2.078310 16.299900 6.225779
v 0.000000 11.444401 8.786280
v 0.000001 10.940900 11.554300
v 0.000000 -8.258310 -4.278699
v 0.000000 -5.667291 -6.772059
v 2.383500 -9.491261 -5.343790
v 2.383500 -9.491261 -5.343790
v 0.000000 -5.667291 -6.772059
v 1.901300 -6.369210 -8.368179
v 2.383500 -9.491261 -5.343790
v 1.901300 -6.369210 -8.368179
v 0.000000 -14.621399 -3.665270
v 0.000000 -14.621399 -3.665270
v 1.901300 -6.369210 -8.368179
v 0.000000 -11.511600 -8.914460
v 0.000000 -14.621399 -3.665270
v 0.000000 -11.511600 -8.914460
v -1.901300 -6.369210 -8.368179
v -1.901300 -6.369210 -8.368179
v 0.000000 -11.511600 -8.914460
v 0.000000 -7.641831 -10.333599
v -1.901300 -6.369210 -8.368179
v 0.000000 -7.641831 -10.333599
v -1.342810 -1.208531 -9.323400
v -1.342810 -1.208531 -9.323400
v 0.000000 -7.641831 -10.333599
v -0.000001 -2.414011 -11.648900
v -1.342810 -1.208531 -9.323400
v -0.000001 -2.414011 -11.648900
v 0.000000 3.784300 -8.911400
v 0.000000 3.784300 -8.911400
v -0.000001 -2.414011 -11.648900
v 1.342810 -1.208531 -9.323400
v 0.000000 3.784300 -8.911400
v 1.342810 -1.208531 -9.323400
v 1.022370 3.109839 -7.382430
v 1.022370 3.109839 -7.382430
v 1.342810 -1.208531 -9.323400
v 0.000000 -1.281781 -7.541120
v 1.022370 3.109839 -7.382430
v 0.000000 -1.281781 -7.541120
v 0.000000 2.908410 -5.676440
v 0.000000 10.651000 -2.911471
v 0.000000 11.761800 -5.267490
v -2.078310 12.115800 -1.586960
v -2.078310 12.115800 -1.586960
v 0.000000 11.761800 -5.267490
v -2.078310 13.931701 -4.513691
v -2.078310 12.115800 -1.586960
v -2.078310 13.931701 -4.513691
v -3.122040 14.404700 -0.000000
v -3.122040 14.404700 -0.000000
v -2.078310 13.931701 -4.513691
v -3.122040 15.686501 -3.088470
v -3.122040 14.404700 -0.000000
v -3.122040 15.686501 -3.088470
v -3.122040 21.869600 -3.088471
v -3.122040 21.869600 -3.088471
v -3.122040 15.686501 -3.088470
v -3.122040 18.778000 -4.370250
v -3.122040 21.869600 -3.088471
v -3.122040 18.778000 -4.370250
v -2.078310 22.364000 -5.227821
v -2.078310 22.364000 -5.227821
v -3.122040 18.778000 -4.370250
v -2.078310 19.379299 -6.250190
v -2.078310 22.364000 -5.227821
v -2.078310 19.379299 -6.250190
v 0.000000 21.262199 -8.648951
v 0.000000 21.262199 -8.648951
v -2.078310 19.379299 -6.250190
v 0.000000 21.042500 -10.361001
v 0.000000 21.262199 -8.648951
v 0.000000 21.042500 -10.361001
v 2.078310 19.379299 -6.250190
v 2.078310 19.379299 -6.250190
v 0.000000 21.042500 -10.361001
v 2.078310 17.963200 -9.186069
v 0.000000 6.723230 1.767020
v -1.501510 7.022310 0.674458
v 0.000000 7.953120 3.070159
v 0.000000 7.953120 3.070159
v -1.501510 7.022310 0.674458
v -1.501510 8.417010 1.782279
v 0.000000 7.953120 3.070159
v -1.501510 8.417010 1.782279
v 0.000000 9.402750 2.276679
v 0.000000 9.402750 2.276679
v -1.501510 8.417010 1.782279
v -1.501510 9.949030 0.564591
v 0.000000 9.402750 2.276679
v -1.501510 9.949030 0.564591
v 0.000000 10.651000 2.911470
v 0.000000 10.651000 2.911470
v -1.501510 9.949030 0.564591
v -2.078310 12.115800 1.586960
v 0.000000 10.651000 2.911470
v -2.078310 12.115800 1.586960
v 0.000000 11.761800 5.267489
v 0.000000 11.761800 5.267489
v -2.078310 12.115800 1.586960
v -2.078310 13.931701 4.513689
v 0.000000 11.761800 5.267489
v -2.078310 13.931701 4.513689
v 0.000000 13.315200 6.949059
v 0.000000 13.315200 6.949059
v -2.078310 13.931701 4.513689
v -2.078310 16.299900 6.225779
v 0.000000 13.315200 6.949059
v -2.078310 16.299900 6.225779
v 0.000000 11.444401 8.786280
v 0.000000 11.444401 8.786280
v -2.078310 16.299900 6.225779
v 0.000001 10.940900 11.554300
v 1.501510 9.949030 -0.564593
v 1.501510 8.716090 -0.000001
v 2.078310 12.115800 -1.586961
v 2.078310 12.115800 -1.586961
v 1.501510 8.716090 -0.000001
v 3.122040 14.404700 -0.000001
v 2.078310 12.115800 -1.586961
v 3.122040 14.404700 -0.000001
v 2.078310 13.931701 -4.513691
v 2.078310 13.931701 -4.513691
v 3.122040 14.404700 -0.000001
v 3.122040 15.686501 -3.088471
v 2.078310 13.931701 -4.513691
v 3.122040 15.686501 -3.088471
v 3.122040 18.778000 -4.370250
v 3.122040 18.778000 -4.370250
v 3.122040 15.686501 -3.088471
v 3.122040 21.869600 -3.088471
v 3.122040 18.778000 -4.370250
v 3.122040 21.869600 -3.088471
v 2.078310 22.364000 -5.227821
v 2.078310 22.364000 -5.227821
v 3.122040 21.869600 -3.088471
v 2.078310 24.588799 -2.432331
v 2.078310 22.364000 -5.227821
v 2.078310 24.588799 -2.432331
v 0.000000 25.818699 -5.658131
v 0.000000 25.818699 -5.658131
v 2.078310 24.588799 -2.432331
v 0.393689 30.689400 -1.886041
v 0.000000 25.818699 -5.658131
v 0.393689 30.689400 -1.886041
v 0.000000 34.675102 -4.882960
v 0.000000 -9.256260 -1.644949
v 0.000000 -8.532980 -1.593069
v -1.358070 -9.237950 0.000001
v -1.358070 -9.237950 0.000001
v 0.000000 -8.532980 -1.593069
v 0.000000 -7.907351 -2.294989
v -1.358070 -9.237950 0.000001
v 0.000000 -7.907351 -2.294989
v -1.501510 -6.698810 -0.674459
v -1.501510 -6.698810 -0.674459
v 0.000000 -7.907351 -2.294989
v 0.000000 -6.698810 -1.767020
v -1.501510 -6.698810 -0.674459
v 0.000000 -6.698810 -1.767020
v 0.000000 6.723230 -1.767020
v 0.000000 6.723230 -1.767020
v 0.000000 -6.698810 -1.767020
v 1.501510 -6.698810 -0.674459
v 0.000000 6.723230 -1.767020
v 1.501510 -6.698810 -0.674459
v 1.501510 7.022310 -0.674460
v 1.501510 7.022310 -0.674460
v 1.501510 -6.698810 -0.674459
v 1.501510 -6.698810 0.674459
v 1.501510 7.022310 -0.674460
v 1.501510 -6.698810 0.674459
v 1.501510 7.022310 0.674458
v 1.501510 7.022310 0.674458
v 1.501510 -6.698810 0.674459
v 0.000000 6.723230 1.767020
v -1.501510 9.949030 0.564591
v -1.501510 8.716090 -0.000001
v -2.078310 12.115800 1.586960
v -2.078310 12.115800 1.586960
v -1.501510 8.716090 -0.000001
v -3.122040 14.404700 -0.000000
v -2.078310 12.115800 1.586960
v -3.122040 14.404700 -0.000000
v -3.122040 15.686501 3.088470
v -3.122040 15.686501 3.088470
v -3.122040 14.404700 -0.000000
v -3.122040 21.869600 3.088469
v -3.122040 15.686501 3.088470
v -3.122040 21.869600 3.088469
v -3.122040 18.778000 4.370250
v -3.122040 18.778000 4.370250
v -3.122040 21.869600 3.088469
v -2.078310 22.364000 5.227819
v -3.122040 18.778000 4.370250
v -2.078310 22.364000 5.227819
v -2.078310 19.379299 6.250190
v -2.078310 19.379299 6.250190
v -2.078310 22.364000 5.227819
v 0.000000 21.262199 8.648949
v -2.078310 19.379299 6.250190
v 0.000000 21.262199 8.648949
v 0.000000 21.042500 10.360999
v 0.000000 34.675102 4.882958
v 0.393689 30.689400 1.886039
v 0.000000 25.818699 5.658129
v 0.000000 25.818699 5.658129
v 0.393689 30.689400 1.886039
v 2.078310 24.588799 2.432329
v 0.000000 25.818699 5.658129
v 2.078310 24.588799 2.432329
v 2.078310 22.364000 5.227819
v 2.078310 22.364000 5.227819
v 2.078310 24.588799 2.432329
v 3.122040 21.869600 3.088469
v 2.078310 22.364000 5.227819
v 3.122040 21.869600 3.088469
v 3.122040 18.778000 4.370250
v 3.122040 18.778000 4.370250
v 3.122040 21.869600 3.088469
v 3.122040 15.686501 3.088469
v 3.122040 18.778000 4.370250
v 3.122040 15.686501 3.088469
v 2.078310 16.299900 6.225779
v 2.078310 16.299900 6.225779
v 3.122040 15.686501 3.088469
v 2.078310 13.931701 4.513689
v 2.078310 16.299900 6.225779
v 2.078310 13.931701 4.513689
v 2.005070 13.876801 4.571670
v -1.916560 75.429497 -5.072183
v -1.400800 77.190498 -4.354993
v -1.770070 77.361397 -6.009093
v -1.770070 77.361397 -6.009093
v -1.400800 77.190498 -4.354993
v -1.608330 78.011398 -5.285813
v -1.770070 77.361397 -6.009093
v -1.608330 78.011398 -5.285813
v -1.818900 77.245399 -4.312273
v -1.818900 77.245399 -4.312273
v -1.608330 78.011398 -5.285813
v -1.376380 79.873001 -5.322433
v -1.818900 77.245399 -4.312273
v -1.376380 79.873001 -5.322433
v -1.779230 81.466103 -4.083383
v -1.779230 81.466103 -4.083383
v -1.376380 79.873001 -5.322433
v -2.472000 84.157799 -6.299022
v -1.779230 81.466103 -4.083383
v -2.472000 84.157799 -6.299022
v -0.894192 81.972702 -3.311262
v -0.894192 81.972702 -3.311262
v -2.472000 84.157799 -6.299022
v -0.704978 85.714302 -5.984683
v -2.142400 60.008503 3.421118
v -2.859580 65.852798 -2.923672
v -2.700890 60.908802 3.979609
v -2.700890 60.908802 3.979609
v -2.859580 65.852798 -2.923672
v -3.286840 66.420502 -2.502522
v -2.700890 60.908802 3.979609
v -3.286840 66.420502 -2.502522
v -2.829070 67.220100 -2.020332
v -2.829070 67.220100 -2.020332
v -3.286840 66.420502 -2.502522
v -3.793451 70.595398 -9.335613
v -2.829070 67.220100 -2.020332
v -3.793451 70.595398 -9.335613
v -2.893151 71.398094 -8.584863
v -2.893151 71.398094 -8.584863
v -3.793451 70.595398 -9.335613
v -4.126101 75.237297 -12.622502
v -2.893151 71.398094 -8.584863
v -4.126101 75.237297 -12.622502
v -2.560501 75.823196 -11.777102
v -2.560501 75.823196 -11.777102
v -4.126101 75.237297 -12.622502
v -2.142401 79.683800 -12.262301
v -3.122040 14.926600 -0.000000
v -3.122040 16.058800 -2.731410
v -4.254280 16.367100 -0.000000
v -4.254280 16.367100 -0.000000
v -3.122040 16.058800 -2.731410
v -4.254280 18.790201 -2.099670
v -4.254280 16.367100 -0.000000
v -4.254280 18.790201 -2.099670
v -4.882960 18.790201 -0.000000
v -4.882960 18.790201 -0.000000
v -4.254280 18.790201 -2.099670
v -4.254280 21.216499 -0.000001
v -4.882960 18.790201 -0.000000
v -4.254280 21.216499 -0.000001
v -4.254280 18.790201 2.099669
v -4.254280 18.790201 2.099669
v -4.254280 21.216499 -0.000001
v -3.122040 21.521700 2.731409
v -4.254280 18.790201 2.099669
v -3.122040 21.521700 2.731409
v -3.122040 18.790201 3.860590
v 3.122040 14.926600 -0.000000
v 3.122040 16.058800 2.731410
v 4.254280 16.367100 -0.000000
v 4.254280 16.367100 -0.000000
v 3.122040 16.058800 2.731410
v 4.254280 18.790201 2.099669
v 4.254280 16.367100 -0.000000
v 4.254280 18.790201 2.099669
v 4.882960 18.790201 -0.000000
v 4.882960 18.790201 -0.000000
v 4.254280 18.790201 2.099669
v 4.254280 21.216499 -0.000001
v 4.882960 18.790201 -0.000000
v 4.254280 21.216499 -0.000001
v 4.254280 18.790201 -2.099670
v 4.254280 18.790201 -2.099670
v 4.254280 21.216499 -0.000001
v 3.122040 21.521700 -2.731411
v 4.254280 18.790201 -2.099670
v 3.122040 21.521700 -2.731411
v 3.122040 18.790201 -3.860591
v 0.000001 13.132100 13.129100
v 0.000001 16.913403 12.662099
v 2.078310 17.963200 9.186069
v 2.078310 17.963200 9.186069
v 0.000001 16.913403 12.662099
v 0.000000 21.042500 10.360999
v 2.078310 17.963200 9.186069
v 0.000000 21.042500 10.360999
v 2.078310 19.379299 6.250190
v 2.078310 19.379299 6.250190
v 0.000000 21.042500 10.360999
v 0.000000 21.262199 8.648949
v 2.078310 19.379299 6.250190
v 0.000000 21.262199 8.648949
v 2.078310 22.364000 5.227819
v 2.078310 22.364000 5.227819
v 0.000000 21.262199 8.648949
v 0.000000 23.572500 7.690659
v 2.078310 22.364000 5.227819
v 0.000000 23.572500 7.690659
v 0.000000 25.818699 5.658129
v 0.000000 11.761800 5.267489
v 2.078310 12.115800 1.586959
v 0.000000 10.651000 2.911470
v 0.000000 10.651000 2.911470
v 2.078310 12.115800 1.586959
v 1.501510 9.949030 0.564591
v 0.000000 10.651000 2.911470
v 1.501510 9.949030 0.564591
v 0.000000 9.402750 2.276679
v 0.000000 9.402750 2.276679
v 1.501510 9.949030 0.564591
v 1.501510 8.417010 1.782279
v 0.000000 9.402750 2.276679
v 1.501510 8.417010 1.782279
v 0.000000 7.953120 3.070159
v 0.000000 7.953120 3.070159
v 1.501510 8.417010 1.782279
v 1.501510 7.022310 0.674458
v 0.000000 7.953120 3.070159
v 1.501510 7.022310 0.674458
v 0.000000 6.723230 1.767020
v 0.662252 5.645919 6.201361
v 0.000000 3.708000 6.155580
v 1.120031 0.277719 9.686581
v 1.120031 0.277719 9.686581
v 0.000000 3.708000 6.155580
v 0.000000 -0.265510 7.678460
v 1.120031 0.277719 9.686581
v 0.000000 -0.265510 7.678460
v 1.818900 -5.621511 9.427170
v 1.818900 -5.621511 9.427170
v 0.000000 -0.265510 7.678460
v 0.000000 -4.925690 7.397690
v 1.818900 -5.621511 9.427170
v 0.000000 -4.925690 7.397690
v 2.414010 -9.582810 5.999940
v 2.414010 -9.582810 5.999940
v 0.000000 -4.925690 7.397690
v 0.000000 -8.447519 4.455699
v 2.414010 -9.582810 5.999940
v 0.000000 -8.447519 4.455699
v 0.000000 -9.256260 1.644951
v 0.000000 2.908410 -5.676440
v 0.000000 4.647970 -6.671350
v 1.022370 3.109839 -7.382430
v 1.022370 3.109839 -7.382430
v 0.000000 4.647970 -6.671350
v 0.000000 6.906341 -8.709981
v 1.022370 3.109839 -7.382430
v 0.000000 6.906341 -8.709981
v 0.000000 3.784300 -8.911400
v 0.000000 3.784300 -8.911400
v 0.000000 6.906341 -8.709981
v -1.022370 3.109839 -7.382430
v 0.000000 3.784300 -8.911400
v -1.022370 3.109839 -7.382430
v -1.342810 -1.208531 -9.323400
v -1.342810 -1.208531 -9.323400
v -1.022370 3.109839 -7.382430
v 0.000000 -1.281781 -7.541120
v -1.342810 -1.208531 -9.323400
v 0.000000 -1.281781 -7.541120
v -1.901300 -6.369210 -8.368179
v 0.000000 -8.514660 1.593071
v 0.000000 -9.256260 1.644951
v -1.358070 -9.237950 0.000001
v -1.358070 -9.237950 0.000001
v 0.000000 -9.256260 1.644951
v -2.752770 -11.426100 0.000001
v -1.358070 -9.237950 0.000001
v -2.752770 -11.426100 0.000001
v 0.000000 -9.256260 -1.644949
v 0.000000 -9.256260 -1.644949
v -2.752770 -11.426100 0.000001
v -2.383500 -9.491261 -5.343790
v 0.000000 -9.256260 -1.644949
v -2.383500 -9.491261 -5.343790
v 0.000000 -8.258310 -4.278699
v 0.000000 -8.258310 -4.278699
v -2.383500 -9.491261 -5.343790
v 0.000000 -5.667291 -6.772059
v 0.000000 4.501480 1.763970
v 0.000000 6.723230 1.767020
v 0.000000 5.172891 3.961299
v 0.000000 5.172891 3.961299
v 0.000000 6.723230 1.767020
v -0.662252 5.645919 6.201361
v 0.000000 5.172891 3.961299
v -0.662252 5.645919 6.201361
v 0.000000 3.708000 6.155580
v 0.000000 3.708000 6.155580
v -0.662252 5.645919 6.201361
v -1.120030 0.277719 9.686581
v 0.000000 3.708000 6.155580
v -1.120030 0.277719 9.686581
v 0.000000 -0.265510 7.678460
v 0.000000 -0.265510 7.678460
v -1.120030 0.277719 9.686581
v -1.818900 -5.621511 9.427170
v -1.501510 7.022310 -0.674460
v -1.501510 7.022310 0.674458
v -1.501510 -6.698810 0.674459
v -1.501510 -6.698810 0.674459
v -1.501510 7.022310 0.674458
v 0.000000 6.723230 1.767020
v -1.501510 -6.698810 0.674459
v 0.000000 6.723230 1.767020
v 0.000000 -6.698810 1.767020
v 0.000000 -6.698810 1.767020
v 0.000000 6.723230 1.767020
v 1.501510 -6.698810 0.674459
v 0.000000 -6.698810 1.767020
v 1.501510 -6.698810 0.674459
v 0.000000 -7.867670 2.294991
v 0.000000 -7.867670 2.294991
v 1.501510 -6.698810 0.674459
v 1.358070 -9.237950 0.000001
v 0.000000 -7.907351 -2.294989
v 0.000000 -8.532980 -1.593069
v 1.358070 -9.237950 0.000001
v 1.358070 -9.237950 0.000001
v 0.000000 -8.532980 -1.593069
v 0.000000 -9.256260 -1.644949
v 1.358070 -9.237950 0.000001
v 0.000000 -9.256260 -1.644949
v 2.752770 -11.426100 -0.000000
v 2.752770 -11.426100 -0.000000
v 0.000000 -9.256260 -1.644949
v 2.383500 -9.491261 -5.343790
v 2.752770 -11.426100 -0.000000
v 2.383500 -9.491261 -5.343790
v 2.951140 -14.035501 0.000000
v 2.951140 -14.035501 0.000000
v 2.383500 -9.491261 -5.343790
v 0.000000 -14.621399 -3.665270
v 0.515763 83.779404 -6.619462
v -0.912503 88.323601 -11.029403
v 0.512710 84.154800 -12.546203
v 0.512710 84.154800 -12.546203
v -0.912503 88.323601 -11.029403
v -1.086461 89.135399 -13.623503
v 0.512710 84.154800 -12.546203
v -1.086461 89.135399 -13.623503
v -0.747704 87.502701 -19.553202
v -0.747704 87.502701 -19.553202
v -1.086461 89.135399 -13.623503
v -1.498461 89.596199 -18.045603
v -0.747704 87.502701 -19.553202
v -1.498461 89.596199 -18.045603
v -1.644951 90.432396 -20.395504
v -1.678521 82.067299 -10.742501
v -4.211550 79.931000 -13.937801
v -3.610341 84.679703 -12.103603
v -3.610341 84.679703 -12.103603
v -4.211550 79.931000 -13.937801
v -2.398751 83.275902 -18.921503
v -3.610341 84.679703 -12.103603
v -2.398751 83.275902 -18.921503
v -3.042701 87.795700 -19.309103
v -3.042701 87.795700 -19.309103
v -2.398751 83.275902 -18.921503
v -2.258371 86.053001 -20.938702
v -3.042701 87.795700 -19.309103
v -2.258371 86.053001 -20.938702
v -1.971501 89.355103 -22.180904
v -3.088470 73.122299 -13.419003
v -4.126101 75.237297 -12.622502
v -3.112890 69.640198 -10.037502
v -3.112890 69.640198 -10.037502
v -4.126101 75.237297 -12.622502
v -3.793451 70.595398 -9.335613
v -3.112890 69.640198 -10.037502
v -3.793451 70.595398 -9.335613
v -2.987760 67.943398 -6.283762
v -2.987760 67.943398 -6.283762
v -3.793451 70.595398 -9.335613
v -3.286840 66.420502 -2.502522
v -2.987760 67.943398 -6.283762
v -3.286840 66.420502 -2.502522
v -2.859580 65.852798 -2.923672
v 0.000000 -16.043600 -0.824000
v -0.558489 -16.043600 0.000000
v -0.378430 -17.181900 0.000000
v -0.378430 -17.181900 0.000000
v -0.558489 -16.043600 0.000000
v 0.000000 -16.043600 0.824000
v -0.378430 -17.181900 0.000000
v 0.000000 -16.043600 0.824000
v 0.378430 -17.181900 0.000000
v 0.378430 -17.181900 0.000000
v 0.000000 -16.043600 0.824000
v 0.558489 -16.043600 0.000000
v 0.378430 -17.181900 0.000000
v 0.558489 -16.043600 0.000000
v 0.000000 -16.043600 -0.824000
v -3.122040 16.058800 -2.731410
v -3.122040 18.790201 -3.860590
v -4.254280 18.790201 -2.099670
v -4.254280 18.790201 -2.099670
v -3.122040 18.790201 -3.860590
v -3.122040 21.521700 -2.731411
v -4.254280 18.790201 -2.099670
v -3.122040 21.521700 -2.731411
v -4.254280 21.216499 -0.000001
v -4.254280 21.216499 -0.000001
v -3.122040 21.521700 -2.731411
v -3.122040 22.653900 -0.000001
v -4.254280 21.216499 -0.000001
v -3.122040 22.653900 -0.000001
v -3.122040 21.521700 2.731409
v -3.122040 14.404700 -0.000000
v -3.122040 23.148300 -0.000001
v -3.122040 21.869600 3.088469
v -3.122040 21.869600 3.088469
v -3.122040 23.148300 -0.000001
v -2.078310 24.588799 2.432329
v -3.122040 21.869600 3.088469
v -2.078310 24.588799 2.432329
v -2.078310 22.364000 5.227819
v -2.078310 22.364000 5.227819
v -2.078310 24.588799 2.432329
v 0.000000 25.818699 5.658129
v -2.078310 22.364000 5.227819
v 0.000000 25.818699 5.658129
v 0.000000 23.572500 7.690659
v -2.078310 19.379299 6.250190
v -2.078310 17.963200 9.186069
v -3.122040 18.778000 4.370250
v -3.122040 18.778000 4.370250
v -2.078310 17.963200 9.186069
v -2.078310 16.299900 6.225779
v -3.122040 18.778000 4.370250
v -2.078310 16.299900 6.225779
v -3.122040 15.686501 3.088470
v -3.122040 15.686501 3.088470
v -2.078310 16.299900 6.225779
v -2.078310 13.931701 4.513689
v -3.122040 15.686501 3.088470
v -2.078310 13.931701 4.513689
v -2.078310 12.115800 1.586960
v 0.000000 6.723230 -1.767020
v -1.501510 7.022310 -0.674460
v -1.501510 -6.698810 -0.674459
v -1.501510 -6.698810 -0.674459
v -1.501510 7.022310 -0.674460
v -1.501510 -6.698810 0.674459
v -1.501510 -6.698810 -0.674459
v -1.501510 -6.698810 0.674459
v -1.358070 -9.237950 0.000001
v -1.358070 -9.237950 0.000001
v -1.501510 -6.698810 0.674459
v 0.000000 -7.867670 2.294991
v -1.358070 -9.237950 0.000001
v 0.000000 -7.867670 2.294991
v 0.000000 -8.514660 1.593071
v 0.000000 10.651000 -2.911471
v -1.501510 9.949030 -0.564593
v 0.000000 9.402750 -2.276681
v 0.000000 9.402750 -2.276681
v -1.501510 9.949030 -0.564593
v -1.501510 8.417010 -1.782280
v 0.000000 9.402750 -2.276681
v -1.501510 8.417010 -1.782280
v 0.000000 7.953120 -3.070161
v 0.000000 7.953120 -3.070161
v -1.501510 8.417010 -1.782280
v -1.501510 7.022310 -0.674460
v 0.000000 7.953120 -3.070161
v -1.501510 7.022310 -0.674460
v 0.000000 6.723230 -1.767020
v -0.000001 10.940900 -11.554300
v 0.000000 13.122998 -10.681499
v -2.078310 16.299900 -6.225781
v -2.078310 16.299900 -6.225781
v 0.000000 13.122998 -10.681499
v -0.000001 13.132100 -13.129100
v -2.078310 16.299900 -6.225781
v -0.000001 13.132100 -13.129100
v -2.078310 17.963200 -9.186069
v -2.078310 17.963200 -9.186069
v -0.000001 13.132100 -13.129100
v -0.000001 16.913399 -12.662099
v -2.078310 17.963200 -9.186069
v -0.000001 16.913399 -12.662099
v 0.000000 21.042500 -10.361001
v 0.000000 21.042500 10.360999
v 0.000001 16.913403 12.662099
v -2.078310 17.963200 9.186069
v -2.078310 17.963200 9.186069
v 0.000001 16.913403 12.662099
v 0.000001 13.132100 13.129100
v -2.078310 17.963200 9.186069
v 0.000001 13.132100 13.129100
v -2.078310 16.299900 6.225779
v -2.078310 16.299900 6.225779
v 0.000001 13.132100 13.129100
v 0.000000 13.123000 10.681500
v -2.078310 16.299900 6.225779
v 0.000000 13.123000 10.681500
v 0.000001 10.940900 11.554300
v 0.000000 11.761800 -5.267490
v 0.000000 13.315198 -6.949060
v -2.078310 13.931701 -4.513691
v -2.078310 13.931701 -4.513691
v 0.000000 13.315198 -6.949060
v -2.078310 16.299900 -6.225781
v -2.078310 13.931701 -4.513691
v -2.078310 16.299900 -6.225781
v -3.122040 18.778000 -4.370250
v -3.122040 18.778000 -4.370250
v -2.078310 16.299900 -6.225781
v -2.078310 17.963200 -9.186069
v -3.122040 18.778000 -4.370250
v -2.078310 17.963200 -9.186069
v -2.078310 19.379299 -6.250190
v 0.048829 82.247398 -3.784303
v 0.000000 56.404297 -4.147472
v 1.223790 56.117397 -1.895202
v 1.223790 56.117397 -1.895202
v 0.000000 56.404297 -4.147472
v 0.000000 46.653599 -5.380411
v 1.223790 56.117397 -1.895202
v 0.000000 46.653599 -5.380411
v 1.760920 37.974201 -5.111852
v 1.760920 37.974201 -5.111852
v 0.000000 46.653599 -5.380411
v 0.000000 40.159302 -7.715081
v 1.760920 37.974201 -5.111852
v 0.000000 40.159302 -7.715081
v 0.000000 37.360798 -10.477000
v 0.000000 23.572500 -7.690661
v 0.000000 25.818699 -5.658131
v -2.078310 22.364000 -5.227821
v -2.078310 22.364000 -5.227821
v 0.000000 25.818699 -5.658131
v -2.078310 24.588799 -2.432331
v -2.078310 22.364000 -5.227821
v -2.078310 24.588799 -2.432331
v -3.122040 21.869600 -3.088471
v -3.122040 21.869600 -3.088471
v -2.078310 24.588799 -2.432331
v -3.122040 23.148300 -0.000001
v -3.122040 21.869600 -3.088471
v -3.122040 23.148300 -0.000001
v -3.122040 14.404700 -0.000000
v 0.000000 34.940601 -9.253211
v 0.000000 36.362801 -8.450581
v -0.863674 34.052601 -7.919551
v -0.863674 34.052601 -7.919551
v 0.000000 36.362801 -8.450581
v -1.760920 37.974201 -5.111852
v -0.863674 34.052601 -7.919551
v -1.760920 37.974201 -5.111852
v 0.000000 34.675102 -4.882960
v 0.000000 34.675102 -4.882960
v -1.760920 37.974201 -5.111852
v -0.656148 34.626301 -1.522871
v 0.000000 34.675102 -4.882960
v -0.656148 34.626301 -1.522871
v -0.393689 30.689400 -1.886041
v 0.000000 88.363304 -0.323499
v 0.000000 56.010597 -0.540180
v -1.223790 56.117397 -1.895202
v -1.223790 56.117397 -1.895202
v 0.000000 56.010597 -0.540180
v 0.000000 48.246700 -1.162762
v -1.223790 56.117397 -1.895202
v 0.000000 48.246700 -1.162762
v -1.760920 37.974201 -5.111852
v -1.760920 37.974201 -5.111852
v 0.000000 48.246700 -1.162762
v 0.000000 40.418701 -2.612381
v -1.760920 37.974201 -5.111852
v 0.000000 40.418701 -2.612381
v 0.000000 38.819500 -1.132241
v 0.000000 37.360798 -10.477000
v 0.000000 40.159302 -7.715081
v -1.760920 37.974201 -5.111852
v -1.760920 37.974201 -5.111852
v 0.000000 40.159302 -7.715081
v 0.000000 46.653599 -5.380411
v -1.760920 37.974201 -5.111852
v 0.000000 46.653599 -5.380411
v -1.223790 56.117397 -1.895202
v -1.223790 56.117397 -1.895202
v 0.000000 46.653599 -5.380411
v 0.000000 56.404297 -4.147472
v -1.223790 56.117397 -1.895202
v 0.000000 56.404297 -4.147472
v -0.048830 82.247398 -3.784303
v 3.122040 16.058800 2.731410
v 3.122040 18.790201 3.860589
v 4.254280 18.790201 2.099669
v 4.254280 18.790201 2.099669
v 3.122040 18.790201 3.860589
v 3.122040 21.521700 2.731409
v 4.254280 18.790201 2.099669
v 3.122040 21.521700 2.731409
v 4.254280 21.216499 -0.000001
v 4.254280 21.216499 -0.000001
v 3.122040 21.521700 2.731409
v 3.122040 22.653900 -0.000001
v 4.254280 21.216499 -0.000001
v 3.122040 22.653900 -0.000001
v 3.122040 21.521700 -2.731411
v 0.000000 21.042500 -10.361001
v -0.000001 16.913399 -12.662099
v 2.078310 17.963200 -9.186069
v 2.078310 17.963200 -9.186069
v -0.000001 16.913399 -12.662099
v -0.000001 13.132100 -13.129100
v 2.078310 17.963200 -9.186069
v -0.000001 13.132100 -13.129100
v 2.078310 16.299900 -6.225781
v 2.078310 16.299900 -6.225781
v -0.000001 13.132100 -13.129100
v 0.000000 13.122998 -10.681499
v 2.078310 16.299900 -6.225781
v 0.000000 13.122998 -10.681499
v -0.000001 10.940900 -11.554300
v 0.000000 38.819500 -1.132241
v 0.000000 40.418701 -2.612381
v 1.760920 37.974201 -5.111852
v 1.760920 37.974201 -5.111852
v 0.000000 40.418701 -2.612381
v 0.000000 48.246700 -1.162762
v 1.760920 37.974201 -5.111852
v 0.000000 48.246700 -1.162762
v 1.223790 56.117397 -1.895202
v 1.223790 56.117397 -1.895202
v 0.000000 48.246700 -1.162762
v 0.000000 56.010597 -0.540180
v 1.223790 56.117397 -1.895202
v 0.000000 56.010597 -0.540180
v 0.000000 88.363304 -0.323499
v 0.393689 30.689400 -1.886041
v 0.656148 34.626301 -1.522871
v 0.000000 34.675102 -4.882960
v 0.000000 34.675102 -4.882960
v 0.656148 34.626301 -1.522871
v 1.760920 37.974201 -5.111852
v 0.000000 34.675102 -4.882960
v 1.760920 37.974201 -5.111852
v 0.863674 34.052601 -7.919551
v 0.863674 34.052601 -7.919551
v 1.760920 37.974201 -5.111852
v 0.000000 36.362801 -8.450581
v 0.863674 34.052601 -7.919551
v 0.000000 36.362801 -8.450581
v 0.000000 34.940601 -9.253211
v 0.000000 34.940601 9.253209
v 0.000000 36.362801 8.450579
v 0.863674 34.052601 7.919549
v 0.863674 34.052601 7.919549
v 0.000000 36.362801 8.450579
v 1.760920 37.974201 5.111849
v 0.863674 34.052601 7.919549
v 1.760920 37.974201 5.111849
v 0.000000 34.675102 4.882958
v 0.000000 34.675102 4.882958
v 1.760920 37.974201 5.111849
v 0.656148 34.626301 1.522868
v 0.000000 34.675102 4.882958
v 0.656148 34.626301 1.522868
v 0.393689 30.689400 1.886039
v -1.254310 56.630100 7.101659
v -2.374340 61.155998 4.327518
v -1.879940 61.098099 4.187138
v -1.879940 61.098099 4.187138
v -2.374340 61.155998 4.327518
v -2.829070 67.220100 -2.020332
v -1.879940 61.098099 4.187138
v -2.829070 67.220100 -2.020332
v -2.282780 66.414398 -2.526932
v -2.282780 66.414398 -2.526932
v -2.829070 67.220100 -2.020332
v -2.142401 70.558800 -9.237953
v -1.678521 82.067299 -10.742501
v -0.473038 79.454895 -14.337601
v -2.142401 79.683800 -12.262301
v -2.142401 79.683800 -12.262301
v -0.473038 79.454895 -14.337601
v -1.449631 75.008400 -13.043603
v -2.142401 79.683800 -12.262301
v -1.449631 75.008400 -13.043603
v -2.560501 75.823196 -11.777102
v -2.560501 75.823196 -11.777102
v -1.449631 75.008400 -13.043603
v -2.893151 71.398094 -8.584863
v -0.912503 88.323601 -11.029403
v -3.610341 84.679703 -12.103603
v -1.086461 89.135399 -13.623503
v -1.086461 89.135399 -13.623503
v -3.610341 84.679703 -12.103603
v -3.042701 87.795700 -19.309103
v -1.086461 89.135399 -13.623503
v -3.042701 87.795700 -19.309103
v -1.498461 89.596199 -18.045603
v -1.498461 89.596199 -18.045603
v -3.042701 87.795700 -19.309103
v -1.644951 90.432396 -20.395504
v 0.512710 84.154800 -12.546203
v -1.306190 81.945297 -7.116922
v 0.515763 83.779404 -6.619462
v 0.515763 83.779404 -6.619462
v -1.306190 81.945297 -7.116922
v -1.376380 79.873001 -5.322433
v 0.515763 83.779404 -6.619462
v -1.376380 79.873001 -5.322433
v -0.344859 81.282997 -4.235973
v -0.344859 81.282997 -4.235973
v -1.376380 79.873001 -5.322433
v -1.400800 77.190498 -4.354993
v -1.916560 75.429497 -5.072183
v -1.770070 77.361397 -6.009093
v -1.818900 77.245399 -4.312273
v -1.916560 75.429497 -5.072183
v -1.818900 77.245399 -4.312273
v -1.593070 76.738800 -3.610343
v -1.593070 76.738800 -3.610343
v -1.818900 77.245399 -4.312273
v -1.211580 79.073502 -2.832123
v 0.000000 56.010597 0.430309
v 1.513720 56.117397 1.733448
v 0.000000 89.889198 0.430308
v 0.000000 89.889198 0.430308
v 1.513720 56.117397 1.733448
v 0.988800 93.359200 1.525927
v 0.000000 89.889198 0.430308
v 0.988800 93.359200 1.525927
v 0.000000 91.225899 -0.094610
v 0.000000 91.225899 -0.094610
v 0.988800 93.359200 1.525927
v 0.000000 91.903397 -1.217693
v 0.000000 40.418701 2.612379
v 0.000000 48.246700 1.098668
v -1.760920 37.974201 5.111849
v -1.760920 37.974201 5.111849
v 0.000000 48.246700 1.098668
v -1.513720 56.117397 1.733449
v -1.760920 37.974201 5.111849
v -1.513720 56.117397 1.733449
v 0.000000 46.653599 5.334639
v 0.000000 46.653599 5.334639
v -1.513720 56.117397 1.733449
v 0.000000 56.404297 4.046748
v 0.000000 56.404297 4.046748
v -1.513720 56.117397 1.733449
v 0.000000 100.000000 3.707996
v 0.000000 100.000000 3.707996
v -1.513720 56.117397 1.733449
v -0.988800 93.359200 1.525927
v 0.000000 100.000000 3.707996
v -0.988800 93.359200 1.525927
v 0.000000 98.419098 1.754807
v 0.000000 98.419098 1.754807
v -0.988800 93.359200 1.525927
v 0.000000 96.459900 0.405893
v 0.000000 5.926691 7.934811
v 0.662252 5.645919 6.201361
v 0.000000 3.106781 10.339700
v 0.000000 3.106781 10.339700
v 0.662252 5.645919 6.201361
v 1.120031 0.277719 9.686581
v 0.000000 3.106781 10.339700
v 1.120031 0.277719 9.686581
v 0.000001 -0.250252 11.581800
v 0.000001 -0.250252 11.581800
v 1.120031 0.277719 9.686581
v 1.818900 -5.621511 9.427170
v 0.000000 -5.667291 -6.772059
v 0.000000 -1.281781 -7.541120
v 1.901300 -6.369210 -8.368179
v 1.901300 -6.369210 -8.368179
v 0.000000 -1.281781 -7.541120
v 1.342810 -1.208531 -9.323400
v 1.901300 -6.369210 -8.368179
v 1.342810 -1.208531 -9.323400
v 0.000000 -7.641831 -10.333599
v 0.000000 -7.641831 -10.333599
v 1.342810 -1.208531 -9.323400
v -0.000001 -2.414011 -11.648900
v 0.000000 -16.187000 -5.386519
v 0.000000 -16.583801 -4.135260
v 0.000000 -14.621399 -3.665270
v 0.000000 -14.331501 -6.378369
v 0.000000 -14.621399 -3.665270
v 0.000000 -11.511600 -8.914460
v 0.000000 37.360798 10.476998
v 0.000000 40.159302 7.715079
v 1.760920 37.974201 5.111849
v 1.760920 37.974201 5.111849
v 0.000000 40.159302 7.715079
v 0.000000 46.653599 5.334639
v 1.760920 37.974201 5.111849
v 0.000000 46.653599 5.334639
v 1.513720 56.117397 1.733448
v 1.513720 56.117397 1.733448
v 0.000000 46.653599 5.334639
v 0.000000 56.404297 4.046748
v -1.629691 92.635902 -22.385305
v -1.971501 89.355103 -22.180904
v -0.747704 87.502701 -19.553202
v -0.747704 87.502701 -19.553202
v -1.971501 89.355103 -22.180904
v -2.258371 86.053001 -20.938702
v -0.747704 87.502701 -19.553202
v -2.258371 86.053001 -20.938702
v -2.398751 83.275902 -18.921503
v -3.097631 77.892395 -19.077103
v -2.777181 77.605499 -15.738401
v -0.473038 79.454895 -14.337601
v -0.473038 79.454895 -14.337601
v -2.777181 77.605499 -15.738401
v -3.140351 75.548599 -16.596003
v -0.473038 79.454895 -14.337601
v -3.140351 75.548599 -16.596003
v -1.449631 75.008400 -13.043603
v -2.703941 82.534302 -20.905201
v -3.140351 80.105003 -22.113703
v -3.097631 77.892395 -19.077103
v -2.398751 83.275902 -18.921503
v -3.097631 77.892395 -19.077103
v -2.703941 82.534302 -20.905201
v -2.703941 82.534302 -20.905201
v -3.140351 80.105003 -22.113703
v -2.877901 83.117203 -23.221502
v -4.882960 18.790201 -0.000000
v -4.254280 18.790201 2.099669
v -4.254280 16.367100 -0.000000
v -4.254280 16.367100 -0.000000
v -4.254280 18.790201 2.099669
v -3.122040 16.058800 2.731410
v -4.254280 16.367100 -0.000000
v -3.122040 16.058800 2.731410
v -3.122040 14.926600 -0.000000
v 0.000000 44.163300 -0.000001
v 0.000000 42.466499 0.814843
v -1.065100 41.447201 -0.000001
v -1.065100 41.447201 -0.000001
v 0.000000 42.466499 0.814843
v -2.078310 24.588799 2.432329
v -1.065100 41.447201 -0.000001
v -2.078310 24.588799 2.432329
v -3.122040 23.148300 -0.000001
v -3.122040 23.148300 -0.000001
v -2.078310 24.588799 -2.432331
v -1.065100 41.447201 -0.000001
v -1.065100 41.447201 -0.000001
v -2.078310 24.588799 -2.432331
v 0.000000 42.466499 -0.814845
v -1.065100 41.447201 -0.000001
v 0.000000 42.466499 -0.814845
v 0.000000 44.163300 -0.000001
v -1.501510 7.022310 -0.674460
v -1.501510 9.949030 -0.564593
v -1.501510 7.022310 0.674458
v -1.501510 7.022310 0.674458
v -1.501510 9.949030 -0.564593
v -1.501510 9.949030 0.564591
v -1.501510 7.022310 0.674458
v -1.501510 9.949030 0.564591
v -1.501510 8.417010 1.782279
v 0.000000 6.906341 -8.709981
v 0.000000 4.647970 -6.671350
v -1.022370 3.109839 -7.382430
v -1.022370 3.109839 -7.382430
v 0.000000 4.647970 -6.671350
v 0.000000 2.908410 -5.676440
v -1.022370 3.109839 -7.382430
v 0.000000 2.908410 -5.676440
v 0.000000 -1.281781 -7.541120
v 1.513720 56.117397 1.733448
v 0.000000 100.000000 3.707996
v 0.988800 93.359200 1.525927
v 0.988800 93.359200 1.525927
v 0.000000 100.000000 3.707996
v 0.000000 98.419098 1.754807
v 0.988800 93.359200 1.525927
v 0.000000 98.419098 1.754807
v 0.000000 96.459900 0.405893
v -2.752770 -11.426100 0.000001
v 0.000000 -9.256260 1.644951
v -2.414010 -9.582810 5.999940
v -2.414010 -9.582810 5.999940
v 0.000000 -9.256260 1.644951
v 0.000000 -8.447519 4.455699
v -2.414010 -9.582810 5.999940
v 0.000000 -8.447519 4.455699
v 0.000000 -4.925690 7.397690
v 1.223790 56.117397 -1.895202
v 0.000000 88.363304 -0.323499
v 0.662252 86.690903 -1.513723
v 0.662252 86.690903 -1.513723
v 0.000000 88.363304 -0.323499
v 0.000000 90.383598 -1.513723
v 0.662252 86.690903 -1.513723
v 0.000000 90.383598 -1.513723
v 0.024415 87.002197 -3.036593
v 0.000000 -14.331501 -6.378369
v 0.000000 -14.621399 -3.665270
v 0.000000 -16.187000 -5.386519
v 0.000000 -16.187000 -5.386519
v 0.000000 -16.583801 -4.135260
v 0.000000 -18.073099 -5.468920
v -1.223790 56.117397 -1.895202
v -0.048830 82.247398 -3.784303
v -0.662252 86.690903 -1.513723
v -0.662252 86.690903 -1.513723
v -0.048830 82.247398 -3.784303
v -0.054933 82.854698 -4.351942
v -0.662252 86.690903 -1.513723
v -0.054933 82.854698 -4.351942
v -0.024415 87.002197 -3.036593
v -1.513720 56.117397 1.733449
v 0.000000 89.889198 0.430308
v -0.988800 93.359200 1.525927
v -0.988800 93.359200 1.525927
v 0.000000 89.889198 0.430308
v 0.000000 91.225899 -0.094610
v -0.988800 93.359200 1.525927
v 0.000000 91.225899 -0.094610
v 0.000000 91.903397 -1.217693
v 0.000000 33.197998 -6.546221
v 0.000000 32.987499 -8.920561
v -0.863674 34.052601 -7.919551
v -0.863674 34.052601 -7.919551
v 0.000000 32.987499 -8.920561
v 0.000000 33.915199 -10.773001
v -0.863674 34.052601 -7.919551
v 0.000000 33.915199 -10.773001
v 0.000000 34.940601 -9.253211
v -0.024415 87.002197 -3.036593
v 0.000000 90.383598 -1.513723
v -0.662252 86.690903 -1.513723
v -0.662252 86.690903 -1.513723
v 0.000000 90.383598 -1.513723
v 0.000000 88.363304 -0.323499
v -0.662252 86.690903 -1.513723
v 0.000000 88.363304 -0.323499
v -1.223790 56.117397 -1.895202
v 3.122040 14.926600 -0.000000
v 4.254280 16.367100 -0.000000
v 3.122040 16.058800 -2.731411
v 3.122040 16.058800 -2.731411
v 4.254280 16.367100 -0.000000
v 4.254280 18.790201 -2.099670
v 3.122040 16.058800 -2.731411
v 4.254280 18.790201 -2.099670
v 3.122040 18.790201 -3.860591
v 0.000000 44.163300 -0.000001
v 0.000000 42.466499 -0.814845
v 1.065100 41.447201 -0.000001
v 1.065100 41.447201 -0.000001
v 0.000000 42.466499 -0.814845
v 2.078310 24.588799 -2.432331
v 1.065100 41.447201 -0.000001
v 2.078310 24.588799 -2.432331
v 3.122040 23.148300 -0.000001
v 3.122040 15.686501 -3.088471
v 3.122040 14.404700 -0.000001
v 3.122040 21.869600 -3.088471
v 3.122040 21.869600 -3.088471
v 3.122040 14.404700 -0.000001
v 3.122040 23.148300 -0.000001
v 3.122040 21.869600 -3.088471
v 3.122040 23.148300 -0.000001
v 2.078310 24.588799 -2.432331
v 2.078310 16.299900 6.225779
v 2.078310 17.963200 9.186069
v 3.122040 18.778000 4.370250
v 3.122040 18.778000 4.370250
v 2.078310 17.963200 9.186069
v 2.078310 19.379299 6.250190
v 3.122040 18.778000 4.370250
v 2.078310 19.379299 6.250190
v 2.078310 22.364000 5.227819
v 0.000000 23.572500 -7.690661
v 0.000000 21.262199 -8.648951
v 2.078310 22.364000 -5.227821
v 2.078310 22.364000 -5.227821
v 0.000000 21.262199 -8.648951
v 2.078310 19.379299 -6.250190
v 2.078310 22.364000 -5.227821
v 2.078310 19.379299 -6.250190
v 3.122040 18.778000 -4.370250
v 0.000000 -6.698810 -1.767020
v 0.000000 -7.907351 -2.294989
v 1.501510 -6.698810 -0.674459
v 1.501510 -6.698810 -0.674459
v 0.000000 -7.907351 -2.294989
v 1.358070 -9.237950 0.000001
v 1.501510 -6.698810 -0.674459
v 1.358070 -9.237950 0.000001
v 1.501510 -6.698810 0.674459
v 1.501510 8.417010 1.782279
v 1.501510 9.949030 0.564591
v 1.501510 7.022310 0.674458
v 1.501510 7.022310 0.674458
v 1.501510 9.949030 0.564591
v 1.501510 9.949030 -0.564593
v 1.501510 7.022310 0.674458
v 1.501510 9.949030 -0.564593
v 1.501510 7.022310 -0.674460
v 0.000001 10.940900 11.554300
v 0.000000 13.123000 10.681500
v 2.078310 16.299900 6.225779
v 2.078310 16.299900 6.225779
v 0.000000 13.123000 10.681500
v 0.000001 13.132100 13.129100
v 2.078310 16.299900 6.225779
v 0.000001 13.132100 13.129100
v 2.078310 17.963200 9.186069
v 0.000000 33.915199 -10.773001
v 0.000000 32.987499 -8.920561
v 0.863674 34.052601 -7.919551
v 0.863674 34.052601 -7.919551
v 0.000000 32.987499 -8.920561
v 0.000000 33.197998 -6.546221
v 0.863674 34.052601 -7.919551
v 0.000000 33.197998 -6.546221
v 0.000000 34.675102 -4.882960
v 0.000000 48.246700 1.098668
v 0.000000 40.418701 2.612379
v 1.760920 37.974201 5.111849
v 1.760920 37.974201 5.111849
v 0.000000 40.418701 2.612379
v 0.000000 38.819500 1.132239
v 1.760920 37.974201 5.111849
v 0.000000 38.819500 1.132239
v 0.656148 34.626301 1.522868
v 0.024415 87.002197 -3.036593
v 0.054933 82.854698 -4.351942
v 0.662252 86.690903 -1.513723
v 0.662252 86.690903 -1.513723
v 0.054933 82.854698 -4.351942
v 0.048829 82.247398 -3.784303
v 0.662252 86.690903 -1.513723
v 0.048829 82.247398 -3.784303
v 1.223790 56.117397 -1.895202
v -1.327560 56.291401 5.896179
v -0.097659 55.342300 3.668328
v -0.659200 54.856998 6.271549
v -1.754810 78.850700 -7.644893
v -1.770070 77.361397 -6.009093
v -2.197330 75.426498 -7.715082
v -1.583910 78.740799 -5.905333
v -1.770070 77.361397 -6.009093
v -1.754810 78.850700 -7.644893
v 0.839259 53.065598 4.641868
v -0.097659 55.342300 3.668328
v -0.659200 54.856998 6.271549
v -2.893150 65.868095 -2.914522
v -2.777180 62.300499 -3.015232
v -2.987760 67.943398 -6.283762
v -2.835170 61.744999 -7.385482
v -2.987760 67.943398 -6.283762
v -2.777180 62.300499 -3.015232
v -1.089510 -16.788200 0.000000
v 1.089510 -18.857401 0.000000
v -1.089510 -18.857401 0.000000
v 1.089510 -16.788200 0.000000
v 1.089510 -18.857401 0.000000
v -1.089510 -16.788200 0.000000
v -2.844330 68.257698 -3.650012
v -2.752770 70.949402 -3.360092
v -2.893151 71.398094 -8.584863
v -0.912503 88.323601 -11.029403
v -0.704978 85.714302 -5.984683
v -0.479142 91.772202 -11.072103
v -0.762963 81.569901 -1.580862
v -1.013210 80.895401 -3.134252
v -0.894192 81.972702 -3.311262
v -1.770070 77.361397 -6.009093
v -2.197330 75.426498 -7.715082
v -1.916560 75.429497 -5.072183
v -0.000001 -7.238990 -12.643800
v 0.000000 -7.641831 -10.333599
v -0.000001 -9.311200 -11.893100
v -0.000001 -7.238990 -12.643800
v -0.000001 -9.311200 -11.893100
v -0.000001 -10.138200 -13.873698
v 0.000000 7.953120 3.070159
v 0.000000 10.651000 2.911470
v 0.000000 5.926691 7.934811
v 0.000000 5.926691 7.934811
v 0.000000 11.761800 5.267489
v 0.000000 11.374201 7.040619
v -0.000001 -7.238990 -12.643800
v 0.000000 -7.641831 -10.333599
v -0.000001 -2.414011 -11.648900
v 0.000000 5.926691 7.934811
v 0.000000 11.761800 5.267489
v 0.000000 10.651000 2.911470
v 0.000000 -32.020000 2.877901
v 0.000000 -38.624199 2.877901
v 0.000000 -32.020000 -2.877900
v 0.000000 -32.020000 -2.877900
v 0.000000 -38.624199 2.877901
v 0.000000 -38.624199 -2.877899
v 0.000000 -24.628399 2.877901
v 0.000000 -31.235701 2.877901
v 0.000000 -24.628399 -2.877899
v 0.000000 -24.628399 -2.877899
v 0.000000 -31.235701 2.877901
v 0.000000 -31.235701 -2.877900
v 0.000000 -36.127800 -6.375319
v 0.000000 -46.317898 5.365151
v 0.000000 -46.317898 -5.618459
v 2.142400 -21.491100 0.000001
v 2.142400 -26.941698 0.000001
v -2.142400 -21.491100 0.000001
v -1.089510 -37.021999 0.000001
v 1.089510 -39.091198 0.000001
v -1.089510 -39.091198 0.000001
v 0.000000 -17.169701 -2.877900
v 0.000000 -23.777000 2.877901
v 0.000000 -17.169701 2.877900
v 0.000000 -23.777000 -2.877899
v 0.000000 -23.777000 2.877901
v 0.000000 -17.169701 -2.877900
v 0.000000 -36.127800 -6.375319
v 0.000000 -46.317898 5.365151
v 0.000000 -36.127800 2.551351
v -2.142400 -26.941698 0.000001
v 2.142400 -26.941698 0.000001
v -2.142400 -21.491100 0.000001
v -2.142400 -34.427898 0.000002
v 2.142400 -34.427898 0.000001
v -2.142400 -29.258099 0.000001
v -2.142400 -29.258099 0.000001
v 2.142400 -34.427898 0.000001
v 2.142400 -29.258099 0.000001
v -1.089510 -37.021999 0.000001
v 1.089510 -39.091198 0.000001
v 1.089510 -37.021999 0.000001
v -3.448591 73.125397 -15.939803
v -3.140351 75.548599 -16.596003
v -3.491321 74.608597 -18.305002
v -3.088470 73.122299 -13.419003
v -3.140351 75.548599 -16.596003
v -3.448591 73.125397 -15.939803
v 0.000000 9.402750 2.276679
v 0.000000 10.651000 2.911470
v 0.000000 7.953120 3.070159
v 0.000000 4.501480 1.763970
v 0.000000 6.723230 1.767020
v 0.000000 5.172891 3.961299
v 0.000000 -16.187000 -5.386519
v 0.000000 -16.583801 -4.135260
v 0.000000 -14.621399 -3.665270
v 0.000000 -14.331501 -6.378369
v 0.000000 -14.621399 -3.665270
v 0.000000 -11.511600 -8.914460
v -2.703941 82.534302 -20.905201
v -3.140351 80.105003 -22.113703
v -3.097631 77.892395 -19.077103
v -2.398751 83.275902 -18.921503
v -3.097631 77.892395 -19.077103
v -2.703941 82.534302 -20.905201
v -2.703941 82.534302 -20.905201
v -3.140351 80.105003 -22.113703
v -2.877901 83.117203 -23.221502
v 0.000000 -14.331501 -6.378369
v 0.000000 -14.621399 -3.665270
v 0.000000 -16.187000 -5.386519
v 0.000000 -16.187000 -5.386519
v 0.000000 -16.583801 -4.135260
v 0.000000 -18.073099 -5.468920
v -1.327560 56.291401 5.896179
v -0.097659 55.342300 3.668328
v -0.659200 54.856998 6.271549
v -1.754810 78.850700 -7.644893
v -1.770070 77.361397 -6.009093
v -2.197330 75.426498 -7.715082
v -1.583910 78.740799 -5.905333
v -1.770070 77.361397 -6.009093
v -1.754810 78.850700 -7.644893
v 0.839259 53.065598 4.641868
v -0.097659 55.342300 3.668328
v -0.659200 54.856998 6.271549
v -2.893150 65.868095 -2.914522
v -2.777180 62.300499 -3.015232
v -2.987760 67.943398 -6.283762
v -2.835170 61.744999 -7.385482
v -2.987760 67.943398 -6.283762
v -2.777180 62.300499 -3.015232
v -1.089510 -16.788200 0.000000
v 1.089510 -18.857401 0.000000
v -1.089510 -18.857401 0.000000
v 1.089510 -16.788200 0.000000
v 1.089510 -18.857401 0.000000
v -1.089510 -16.788200 0.000000
v -2.844330 68.257698 -3.650012
v -2.752770 70.949402 -3.360092
v -2.893151 71.398094 -8.584863
v -0.912503 88.323601 -11.029403
v -0.704978 85.714302 -5.984683
v -0.479142 91.772202 -11.072103
v -1.770070 77.361397 -6.009093
v -2.197330 75.426498 -7.715082
v -1.916560 75.429497 -5.072183
v -0.000001 -7.238990 -12.643800
v 0.000000 -7.641831 -10.333599
v -0.000001 -9.311200 -11.893100
v -0.000001 -7.238990 -12.643800
v -0.000001 -9.311200 -11.893100
v -0.000001 -10.138200 -13.873698
v 0.000000 7.953120 3.070159
v 0.000000 10.651000 2.911470
v 0.000000 5.926691 7.934811
v 0.000000 5.926691 7.934811
v 0.000000 11.761800 5.267489
v 0.000000 11.374201 7.040619
v -0.000001 -7.238990 -12.643800
v 0.000000 -7.641831 -10.333599
v -0.000001 -2.414011 -11.648900
v 0.000000 5.926691 7.934811
v 0.000000 11.761800 5.267489
v 0.000000 10.651000 2.911470
v 0.000000 -32.020000 2.877901
v 0.000000 -38.624199 2.877901
v 0.000000 -32.020000 -2.877900
v 0.000000 -32.020000 -2.877900
v 0.000000 -38.624199 2.877901
v 0.000000 -38.624199 -2.877899
v 0.000000 -24.628399 2.877901
v 0.000000 -31.235701 2.877901
v 0.000000 -24.628399 -2.877899
v 0.000000 -24.628399 -2.877899
v 0.000000 -31.235701 2.877901
v 0.000000 -31.235701 -2.877900
v 0.000000 -36.127800 -6.375319
v 0.000000 -46.317898 5.365151
v 0.000000 -46.317898 -5.618459
v 2.142400 -21.491100 0.000001
v 2.142400 -26.941698 0.000001
v -2.142400 -21.491100 0.000001
v -1.089510 -37.021999 0.000001
v 1.089510 -39.091198 0.000001
v -1.089510 -39.091198 0.000001
v 0.000000 -17.169701 -2.877900
v 0.000000 -23.777000 2.877901
v 0.000000 -17.169701 2.877900
v 0.000000 -23.777000 -2.877899
v 0.000000 -23.777000 2.877901
v 0.000000 -17.169701 -2.877900
v 0.000000 -36.127800 -6.375319
v 0.000000 -46.317898 5.365151
v 0.000000 -36.127800 2.551351
v -2.142400 -26.941698 0.000001
v 2.142400 -26.941698 0.000001
v -2.142400 -21.491100 0.000001
v -2.142400 -34.427898 0.000002
v 2.142400 -34.427898 0.000001
v -2.142400 -29.258099 0.000001
v -2.142400 -29.258099 0.000001
v 2.142400 -34.427898 0.000001
v 2.142400 -29.258099 0.000001
v -1.089510 -37.021999 0.000001
v 1.089510 -39.091198 0.000001
v 1.089510 -37.021999 0.000001
vn -0.7049 0.1901 0.6833
vn -0.9195 -0.0127 0.3929
vn -0.9473 0.0794 -0.3103
vn -0.5703 0.5527 0.6077
vn 0.9810 -0.1561 -0.1156
vn 0.9768 -0.1621 -0.1397
vn 0.0475 -0.4159 -0.9082
vn -0.9357 -0.2666 -0.2310
vn -0.6040 -0.5584 0.5686
vn -0.9011 -0.4266 0.0776
vn -0.8525 0.2752 -0.4443
vn -0.9931 0.0102 -0.1169
vn -0.8525 0.2752 0.4443
vn -0.9931 0.0102 0.1169
vn -0.9911 0.0753 0.1093
vn -0.9963 0.0757 -0.0414
vn -0.0475 -0.4159 0.9082
vn 0.9357 -0.2666 0.2310
vn 0.6040 -0.5584 0.5686
vn 0.9011 -0.4266 0.0776
vn 0.6537 -0.0649 -0.7540
vn 0.7875 -0.1024 -0.6077
vn 0.8154 0.4919 0.3051
vn 0.9399 -0.1234 -0.3184
vn 0.8581 -0.3858 -0.3387
vn 0.7984 0.3147 0.5133
vn 0.8148 0.5655 0.1276
vn 0.8266 0.3741 0.4206
vn -0.7920 0.4122 0.4505
vn -0.6236 -0.7686 0.1428
vn -0.8655 -0.3108 -0.3928
vn 0.9929 0.0842 -0.0840
vn -0.0000 -0.5864 -0.8100
vn -0.8209 -0.2182 0.5278
vn -0.8855 -0.1780 -0.4293
vn -0.0000 0.0901 0.9959
vn 1.0000 -0.0000 -0.0000
vn -0.0000 0.0901 -0.9959
vn -0.7965 0.2317 -0.5585
vn -0.5527 0.3431 0.7595
vn -0.8450 0.4817 0.2323
vn -0.8450 0.4817 -0.2323
vn -0.8381 -0.1982 0.5083
vn -0.9854 0.1240 -0.1170
vn -0.6859 -0.7253 -0.0581
vn -0.7900 -0.6126 0.0239
vn -1.0000 -0.0000 -0.0000
vn -0.6837 -0.4522 -0.5727
vn -0.7965 0.2317 0.5585
vn -0.8930 0.3056 -0.3302
vn -0.9802 -0.0476 0.1921
vn -0.8564 -0.4632 -0.2281
vn -0.8512 -0.4693 0.2350
vn -0.9044 0.1432 -0.4019
vn -0.9174 0.1079 0.3830
vn -0.8759 0.1661 0.4531
vn -0.6537 -0.0649 -0.7540
vn -0.8737 -0.3638 0.3231
vn -0.6524 -0.0000 -0.7579
vn 0.9297 -0.2412 -0.2784
vn 0.7411 0.2906 0.6052
vn 0.7685 -0.2203 -0.6008
vn 0.5403 0.7869 0.2982
vn 0.9270 -0.3119 -0.2082
vn 0.7534 0.2732 0.5981
vn 0.8269 0.5159 0.2240
vn 0.9283 0.0149 0.3715
vn 0.7256 -0.5848 -0.3628
vn 0.7854 0.4153 -0.4590
vn 0.7609 -0.6093 -0.2230
vn 0.8737 -0.3638 -0.3231
vn 0.8564 -0.4632 -0.2281
vn 0.8564 -0.4632 0.2281
vn 0.8370 0.0043 0.5472
vn 0.9044 0.1432 -0.4019
vn 0.9174 0.1079 0.3830
vn 0.8640 0.4174 -0.2816
vn -0.6169 -0.3343 0.7125
vn -0.6009 0.2055 0.7724
vn -0.9653 -0.0866 -0.2463
vn -0.9030 -0.3484 -0.2513
vn 0.7230 -0.5433 -0.4267
vn 0.6960 -0.5027 -0.5127
vn 0.7821 -0.4709 -0.4082
vn 0.7719 -0.5692 -0.2830
vn 0.6551 -0.6489 -0.3870
vn 0.7661 -0.5322 -0.3604
vn 0.7642 -0.4826 -0.4279
vn 0.9755 -0.0956 -0.1983
vn 0.9479 -0.0043 -0.3186
vn -0.8841 -0.3774 -0.2757
vn -0.7429 -0.4329 -0.5105
vn -0.7880 0.2475 0.5638
vn -0.8307 0.2173 0.5126
vn 0.2078 0.5480 0.8102
vn 0.2671 0.2265 0.9367
vn 0.9287 0.3385 -0.1515
vn 0.9080 0.4185 -0.0174
vn -0.2266 -0.3440 -0.9112
vn -0.7235 0.0224 -0.6899
vn -0.6960 -0.4764 -0.5372
vn 0.9249 -0.0716 0.3734
vn 0.6002 -0.3990 0.6932
vn 0.2260 0.2037 0.9526
vn -0.8933 -0.1938 0.4054
vn -0.7154 -0.1980 0.6700
vn -0.7938 -0.2240 -0.5655
vn -0.6651 0.1290 0.7355
vn -0.6373 0.5847 0.5020
vn -0.6274 -0.4896 -0.6055
vn -0.7141 -0.4940 -0.4960
vn -0.6047 -0.7029 -0.3746
vn -0.6408 -0.7448 -0.1864
vn -0.7609 -0.6093 -0.2230
vn -0.7353 -0.4342 -0.5204
vn 0.7353 -0.4342 -0.5204
vn 0.8381 -0.1982 0.5083
vn 0.7485 0.0200 0.6629
vn -0.7485 0.0200 0.6629
vn -0.7534 0.2732 0.5981
vn -0.8336 0.4360 0.3391
vn -0.7465 -0.6583 0.0968
vn -0.9687 -0.2165 0.1212
vn -0.9029 0.3145 0.2931
vn -0.8543 0.4523 0.2561
vn 0.8543 0.4523 0.2561
vn 0.5933 -0.6133 0.5215
vn 0.9735 -0.0474 0.2238
vn 0.8561 0.4985 0.1365
vn 0.8025 0.0328 0.5957
vn 0.9302 -0.2997 -0.2117
vn 0.9854 0.1240 -0.1170
vn 0.8133 0.5371 0.2237
vn -0.8133 0.5371 0.2237
vn -0.9149 0.2619 0.3071
vn -0.9041 0.2843 0.3191
vn -0.8183 0.1995 0.5391
vn -0.8487 0.0775 0.5232
vn -0.8025 0.0328 0.5957
vn -0.8561 0.4985 0.1365
vn -0.8269 0.5159 0.2240
vn -0.8724 0.2857 0.3966
vn 0.8724 0.2857 0.3966
vn 0.6859 -0.7253 -0.0581
vn 0.7905 -0.5427 0.2837
vn -0.7905 -0.5427 0.2837
vn -0.5933 -0.6133 0.5215
vn -0.9735 -0.0474 0.2238
vn -0.7191 0.5133 -0.4685
vn -0.7508 0.0397 -0.6593
vn 0.9509 -0.3035 0.0614
vn 0.9710 -0.2015 0.1285
vn 0.9490 -0.2504 0.1917
vn 0.8569 -0.0086 0.5155
vn 0.8894 0.1156 0.4422
vn 0.7904 0.3292 0.5166
vn 0.8566 0.4719 0.2088
vn -0.6503 0.6635 0.3699
vn -0.8144 0.5415 0.2084
vn -0.8584 -0.4980 0.1236
vn -0.8182 -0.5713 0.0648
vn 0.6462 -0.7576 -0.0919
vn 0.7731 -0.3609 0.5215
vn 0.9109 -0.0343 -0.4112
vn 0.8841 -0.1016 -0.4561
vn -0.9567 0.1317 -0.2596
vn -0.8387 -0.5435 0.0338
vn -0.3741 0.4124 -0.8306
vn 0.6047 -0.7029 -0.3746
vn 0.6408 -0.7448 -0.1864
vn 0.9911 0.0753 0.1093
vn 0.8336 0.4360 0.3391
vn 0.7465 -0.6583 0.0968
vn 0.7900 -0.6126 0.0239
vn 0.7424 -0.5974 -0.3034
vn -0.7424 -0.5974 -0.3034
vn -0.9283 0.0149 0.3715
vn -0.8930 0.2762 0.3553
vn 0.8930 0.2762 0.3553
vn 0.9029 0.3145 0.2931
vn 0.9687 -0.2165 0.1212
vn 0.5169 0.8260 -0.2246
vn 0.6901 0.4399 0.5747
vn 0.7701 0.0445 0.6363
vn 0.3741 -0.6819 0.6285
vn 0.7929 0.5488 -0.2647
vn 0.9468 -0.2807 -0.1577
vn 0.9429 -0.1951 -0.2699
vn 0.7469 -0.3895 -0.5388
vn 0.7364 -0.4350 -0.5182
vn 0.7107 -0.5167 -0.4773
vn 0.7335 -0.5774 -0.3587
vn 0.6727 -0.6692 -0.3155
vn 0.6837 -0.4522 -0.5727
vn 0.7632 -0.2929 -0.5759
vn 0.5545 0.5178 -0.6515
vn 0.5170 0.4110 -0.7508
vn 0.6537 -0.4707 -0.5926
vn 0.5416 -0.6113 -0.5770
vn -0.8873 0.3240 0.3283
vn -0.8564 -0.4632 0.2281
vn -0.8283 0.1883 0.5277
vn -0.8797 0.2337 0.4141
vn -0.8640 0.4174 0.2816
vn 0.8640 0.4174 0.2816
vn 0.8512 -0.4693 0.2350
vn 0.7477 -0.6614 -0.0586
vn -0.7477 -0.6614 -0.0586
vn -0.8737 -0.3638 -0.3231
vn -0.8429 -0.4272 -0.3273
vn -0.8634 -0.4730 0.1755
vn -0.9174 0.1079 -0.3830
vn 0.6846 0.1442 0.7145
vn 0.9349 0.1051 0.3389
vn 0.9080 0.3872 0.1603
vn 0.9337 -0.3306 0.1372
vn 0.9066 -0.3586 0.2225
vn 0.7333 -0.5778 0.3585
vn 0.7293 -0.5640 0.3872
vn 0.7107 -0.5167 0.4773
vn 0.7473 -0.3899 0.5381
vn 0.6040 -0.5584 -0.5686
vn 0.9011 -0.4266 -0.0776
vn 0.5627 0.5732 0.5957
vn 0.6373 0.5847 0.5020
vn 0.6274 -0.4896 -0.6055
vn 0.9271 -0.3225 -0.1910
vn -0.9271 -0.3225 -0.1910
vn -0.7685 -0.2203 -0.6008
vn -0.7328 -0.0464 -0.6789
vn -0.8848 -0.1137 -0.4519
vn -0.7738 0.2559 -0.5795
vn 0.7738 0.2559 -0.5795
vn 0.8514 0.2663 -0.4519
vn 0.7859 -0.2040 0.5837
vn 0.8487 -0.2150 0.4832
vn -0.6727 -0.6692 -0.3155
vn -0.7333 -0.5778 -0.3585
vn -0.9363 -0.2985 -0.1852
vn -0.9009 -0.4008 -0.1663
vn -0.9008 0.1663 -0.4011
vn -0.8840 0.1515 -0.4423
vn -0.8109 0.1897 -0.5537
vn -0.7227 0.6856 -0.0880
vn 0.7227 0.6856 -0.0880
vn 0.8450 0.4817 -0.2323
vn -0.5416 -0.6113 0.5770
vn -0.6537 -0.4707 0.5926
vn -0.5170 0.4110 0.7508
vn -0.5545 0.5178 0.6515
vn -0.7632 -0.2929 0.5759
vn -0.6837 -0.4522 0.5727
vn -0.6727 -0.6692 0.3155
vn -0.7333 -0.5778 0.3585
vn -0.7117 -0.5160 0.4767
vn -0.7469 -0.3895 0.5388
vn -0.6040 -0.5584 -0.5686
vn -0.9011 -0.4266 -0.0776
vn -0.0475 -0.4159 -0.9082
vn 0.9357 -0.2666 -0.2310
vn 0.9363 -0.2985 -0.1852
vn 0.9009 -0.4008 -0.1663
vn 0.8855 -0.1780 -0.4293
vn 0.9008 0.1663 -0.4011
vn 0.8548 0.4061 -0.3232
vn 0.8194 0.4485 -0.3569
vn 0.8525 0.2752 -0.4443
vn 0.9931 0.0102 -0.1169
vn -0.7701 0.0456 -0.6363
vn -0.3658 -0.6948 -0.6193
vn -0.7884 -0.1991 -0.5820
vn -0.5548 0.3331 -0.7624
vn -0.5884 -0.0000 -0.8086
vn 0.5884 -0.0000 -0.8086
vn 0.5884 -0.0000 0.8086
vn 0.0475 -0.4159 0.9082
vn -0.9357 -0.2666 0.2310
vn -0.9337 -0.3306 0.1372
vn -0.9008 0.1663 0.4011
vn -0.8840 0.1515 0.4423
vn -0.8109 0.1897 0.5537
vn -0.7227 0.6856 0.0880
vn 0.9931 0.0102 0.1169
vn 0.8525 0.2752 0.4443
vn 0.8194 0.4485 0.3569
vn 0.8548 0.4061 0.3232
vn 0.9008 0.1663 0.4011
vn 0.9310 -0.1398 0.3371
vn 0.9022 -0.2527 0.3496
vn 0.7340 -0.3979 0.5504
vn 0.9549 -0.1851 -0.2323
vn 0.9760 -0.0004 -0.2179
vn -0.9675 0.2525 -0.0106
vn -0.9856 0.1205 -0.1184
vn -0.9398 0.0273 -0.3407
vn -0.9690 -0.2471 0.0027
vn -0.7203 0.3209 0.6150
vn -0.5587 0.5007 0.6612
vn -0.8845 -0.3887 -0.2580
vn -0.8555 -0.4300 -0.2883
vn -0.8899 0.3047 0.3395
vn -0.8963 0.3457 0.2777
vn -0.7688 0.5361 0.3487
vn -0.7618 0.3371 0.5532
vn -0.5484 0.5159 0.6581
vn -0.5150 0.1616 0.8418
vn -0.7616 -0.5986 -0.2481
vn -0.8946 -0.2927 -0.3378
vn -0.9297 -0.2412 -0.2784
vn -0.9298 0.2409 -0.2784
vn -0.9298 0.2409 0.2784
vn -0.8945 0.2926 0.3381
vn -0.8209 0.2182 0.5278
vn 0.7616 -0.5986 0.2481
vn 0.8946 -0.2927 0.3378
vn 0.9297 -0.2412 0.2784
vn 0.9298 0.2409 0.2784
vn 0.9298 0.2409 -0.2784
vn 0.8945 0.2926 -0.3381
vn 0.8209 0.2182 -0.5278
vn 0.8477 0.0650 0.5265
vn 0.7721 0.3093 0.5551
vn 0.8450 0.4817 0.2323
vn 0.7227 0.6856 0.0880
vn 0.8109 0.1897 0.5537
vn 0.7965 0.2317 0.5585
vn 0.7854 0.4153 0.4590
vn 0.6727 -0.6692 0.3155
vn 0.6837 -0.4522 0.5727
vn 0.7632 -0.2929 0.5759
vn 0.5545 0.5178 0.6515
vn 0.5170 0.4110 0.7508
vn 0.6537 -0.4707 0.5926
vn 0.5416 -0.6113 0.5770
vn 0.8139 -0.2659 -0.5165
vn 0.8795 -0.1703 -0.4444
vn 0.8521 0.1233 -0.5086
vn 0.7508 0.0397 -0.6593
vn 0.7191 0.5133 -0.4685
vn 0.6211 0.5025 -0.6015
vn 0.5323 0.8135 -0.2341
vn 0.8037 0.2954 0.5165
vn 0.8361 0.3675 0.4072
vn 0.8379 0.0351 -0.5447
vn -0.8379 0.0351 -0.5447
vn -0.8514 0.2663 -0.4519
vn -0.7859 -0.2040 0.5837
vn -0.7796 0.1946 0.5953
vn -0.7701 0.0445 0.6363
vn -0.6901 0.4399 0.5747
vn -0.6901 0.4399 -0.5747
vn -0.4939 0.8280 0.2657
vn -0.5403 0.7869 0.2982
vn -0.5627 0.5732 0.5957
vn -0.9302 -0.2997 -0.2117
vn -0.9270 -0.3119 -0.2082
vn -0.8139 -0.2659 -0.5165
vn -0.8795 -0.1703 -0.4444
vn -0.8521 0.1233 -0.5086
vn -0.5884 -0.0000 0.8086
vn 0.5527 0.3431 0.7595
vn 0.7864 -0.1997 0.5846
vn 0.3658 -0.6948 -0.6193
vn 0.7701 0.0456 -0.6363
vn 0.6901 0.4399 -0.5747
vn 0.4939 0.8280 0.2657
vn 0.9963 0.0757 -0.0414
vn 0.7141 -0.4940 -0.4960
vn 0.9482 0.3170 0.0196
vn 0.9494 0.3122 0.0340
vn 0.9535 0.3001 -0.0281
vn 0.9287 0.3677 -0.0482
vn 0.9509 0.3054 0.0494
vn -0.7125 -0.1725 0.6801
vn -0.9561 0.2028 -0.2117
vn -0.9781 -0.1516 -0.1426
vn -0.9453 -0.1591 -0.2848
vn -0.9236 -0.0620 -0.3782
vn -0.8909 -0.3132 -0.3289
vn -0.8618 -0.3328 -0.3828
vn -0.8597 -0.4756 -0.1863
vn -0.7709 -0.5673 -0.2895
vn -0.8537 -0.4561 -0.2512
vn -0.8208 -0.1298 -0.5563
vn -0.8208 -0.1298 0.5563
vn -0.0000 -0.5864 0.8100
vn 0.8208 -0.1298 0.5563
vn 0.8208 -0.1298 -0.5563
vn -0.8209 -0.2182 -0.5278
vn -0.8209 0.2182 -0.5278
vn -0.8945 0.2926 -0.3381
vn -0.7609 0.5994 -0.2485
vn -0.7609 0.5994 0.2485
vn -0.9080 0.3872 0.1603
vn -0.8548 0.4061 0.3232
vn -0.8194 0.4485 0.3569
vn -0.7854 0.4153 0.4590
vn -0.7929 0.5488 0.2647
vn -0.9468 -0.2807 0.1577
vn -0.9310 -0.1398 0.3371
vn -0.9022 -0.2527 0.3496
vn -0.9066 -0.3586 0.2225
vn -0.9984 -0.0564 -0.0000
vn -0.7864 -0.1997 0.5846
vn -0.3741 -0.6819 0.6285
vn -0.7632 -0.2929 -0.5759
vn -0.5545 0.5178 -0.6515
vn -0.5170 0.4110 -0.7508
vn -0.6537 -0.4707 -0.5926
vn -0.5416 -0.6113 -0.5770
vn -0.8182 0.2135 -0.5339
vn -0.8381 -0.5455 -0.0020
vn -0.9473 -0.2794 -0.1570
vn -0.8477 0.0650 -0.5265
vn -0.7721 0.3093 -0.5551
vn -0.7721 0.3093 0.5551
vn -0.8477 0.0650 0.5265
vn -0.9473 -0.2794 0.1570
vn -0.8381 -0.5455 0.0020
vn -0.8182 0.2135 0.5339
vn -0.7117 -0.5160 -0.4767
vn -0.7469 -0.3895 -0.5388
vn -0.9429 -0.1951 -0.2699
vn -0.9468 -0.2807 -0.1577
vn -0.7929 0.5488 -0.2647
vn 0.8789 0.0050 -0.4769
vn 0.8803 0.0595 -0.4707
vn 0.7616 0.1349 -0.6338
vn 0.8754 0.1635 -0.4549
vn 0.8873 0.3240 -0.3283
vn -0.7854 0.4153 -0.4590
vn -0.8194 0.4485 -0.3569
vn -0.8548 0.4061 -0.3232
vn -0.9080 0.3872 -0.1603
vn -0.8797 0.2337 -0.4141
vn -0.8283 0.1883 -0.5277
vn -0.8429 -0.4272 0.3273
vn -0.8634 -0.4730 -0.1755
vn -0.9802 -0.0476 -0.1921
vn -0.7423 -0.0045 0.6701
vn -0.7432 -0.0535 0.6670
vn -0.8228 -0.0755 0.5633
vn -0.7526 -0.1199 0.6475
vn -0.8930 0.3056 0.3302
vn -0.8873 0.3240 -0.3283
vn -0.8754 0.1635 -0.4549
vn -0.7616 0.1349 -0.6338
vn -0.8803 0.0595 -0.4707
vn -0.8789 0.0050 -0.4769
vn 0.8209 -0.2182 0.5278
vn 0.8209 0.2182 0.5278
vn 0.8945 0.2926 0.3381
vn 0.7609 0.5994 0.2485
vn 0.7609 0.5994 -0.2485
vn 0.7721 0.3093 -0.5551
vn 0.8477 0.0650 -0.5265
vn 0.9473 -0.2794 -0.1570
vn 0.8381 -0.5455 -0.0020
vn 0.8182 0.2135 -0.5339
vn 0.8930 0.3056 0.3302
vn 0.7526 -0.1199 0.6475
vn 0.8228 -0.0755 0.5633
vn 0.7432 -0.0535 0.6670
vn 0.7423 -0.0045 0.6701
vn 0.9802 -0.0476 -0.1921
vn 0.8634 -0.4730 -0.1755
vn 0.8429 -0.4272 0.3273
vn 0.8283 0.1883 -0.5277
vn 0.8797 0.2337 -0.4141
vn 0.8797 0.2337 0.4141
vn 0.8283 0.1883 0.5277
vn 0.8429 -0.4272 -0.3273
vn 0.8634 -0.4730 0.1755
vn 0.9802 -0.0476 0.1921
vn 0.2870 0.5512 0.7834
vn 0.2687 0.7060 0.6552
vn 0.8672 0.4144 0.2761
vn 0.8672 0.4153 0.2746
vn 0.6498 -0.4945 0.5772
vn 0.7797 0.0109 0.6260
vn 0.7522 0.0013 0.6589
vn 0.8046 0.3064 0.5086
vn -0.8138 0.5369 0.2226
vn -0.8337 0.5277 0.1625
vn -0.7971 0.5885 0.1356
vn -0.8136 0.5299 0.2393
vn 0.7148 -0.6979 -0.0446
vn 0.6599 -0.5045 -0.5568
vn 0.8567 -0.4787 -0.1921
vn 0.8261 -0.1978 -0.5276
vn -0.9977 0.0638 -0.0243
vn -0.9620 -0.0597 0.2664
vn -0.9417 0.0426 0.3337
vn 0.6524 -0.0000 -0.7579
vn 0.7320 0.0065 -0.6813
vn 0.9180 -0.1450 -0.3692
vn 0.9375 -0.2980 -0.1798
vn -0.7489 -0.1258 -0.6507
vn -0.7875 -0.1024 -0.6077
vn -0.7392 0.1330 0.6603
vn -0.8387 0.0713 0.5399
vn -0.8370 0.0043 0.5472
vn -0.9273 0.0152 0.3741
vn -0.9676 0.1963 -0.1589
vn -0.9382 0.1962 -0.2850
vn 0.9149 0.2619 0.3071
vn 0.9041 0.2843 0.3191
vn 0.8183 0.1995 0.5391
vn 0.8487 0.0775 0.5232
vn 0.6651 0.1290 0.7355
vn 0.7796 0.1946 0.5953
vn 0.7328 -0.0464 -0.6789
vn 0.8848 -0.1137 -0.4519
vn 0.8873 0.3240 0.3283
vn 0.8759 0.1661 0.4531
vn 0.7392 0.1330 0.6603
vn 0.8387 0.0713 0.5399
vn 0.8647 -0.1205 -0.4876
vn 0.7805 -0.2784 -0.5597
vn 0.7964 -0.3812 -0.4694
vn 0.6667 -0.7344 -0.1271
vn 0.2869 0.3250 -0.9011
vn 0.8379 -0.3140 -0.4465
vn 0.9866 -0.1250 -0.1050
vn -0.9866 0.1250 0.1050
vn -0.9866 0.1248 0.1055
vn -0.9297 -0.2412 0.2784
vn -0.8946 -0.2927 0.3378
vn -0.7616 -0.5986 0.2481
vn -0.7411 0.2906 0.6052
vn -0.6846 0.1442 0.7145
vn -0.9349 0.1051 0.3389
vn -0.9349 0.1051 -0.3389
vn -0.6846 0.1442 -0.7145
vn -0.7411 0.2906 -0.6052
vn -0.8361 0.3675 0.4072
vn -0.8037 0.2954 0.5165
vn -0.8487 -0.2150 0.4832
vn 0.9273 0.0152 0.3741
vn 0.9676 0.1963 -0.1589
vn 0.9382 0.1962 -0.2850
vn -0.5169 0.8260 -0.2246
vn -0.5323 0.8135 -0.2341
vn -0.6211 0.5025 -0.6015
vn 0.8798 0.0102 0.4752
vn 0.9429 0.1691 0.2870
vn 0.9213 0.1652 -0.3521
vn -0.9539 0.0213 -0.2993
vn -0.9919 -0.0921 -0.0878
vn -0.9241 0.1217 -0.3622
vn -0.7320 0.0065 -0.6813
vn -0.9180 -0.1450 -0.3692
vn -0.9375 -0.2980 -0.1798
vn -0.7477 -0.6614 0.0586
vn -0.8512 -0.4693 -0.2350
vn -0.8640 0.4174 -0.2816
vn -0.9213 0.1652 -0.3521
vn -0.9429 0.1691 0.2870
vn -0.8798 0.0102 0.4752
vn 0.7616 -0.5986 -0.2481
vn 0.8946 -0.2927 -0.3378
vn 0.8209 -0.2182 -0.5278
vn 0.7411 0.2906 -0.6052
vn 0.6846 0.1442 -0.7145
vn 0.9349 0.1051 -0.3389
vn 0.9080 0.3872 -0.1603
vn 0.9468 -0.2807 0.1577
vn 0.7929 0.5488 0.2647
vn 0.8840 0.1515 0.4423
vn 0.7965 0.2317 -0.5585
vn 0.8109 0.1897 -0.5537
vn 0.8840 0.1515 -0.4423
vn 0.5548 0.3331 -0.7624
vn 0.7884 -0.1991 -0.5820
vn 0.9984 -0.0564 -0.0000
vn 0.8182 0.2135 0.5339
vn 0.8381 -0.5455 0.0020
vn 0.9473 -0.2794 0.1570
vn 0.8512 -0.4693 -0.2350
vn 0.7477 -0.6614 0.0586
vn 0.8737 -0.3638 0.3231
vn 0.7489 -0.1258 -0.6507
vn 0.8930 0.3056 -0.3302
vn 0.9174 0.1079 -0.3830
vn 0.9241 0.1217 -0.3622
vn 0.9919 -0.0921 -0.0878
vn 0.9539 0.0213 -0.2993
vn 0.8443 0.4637 0.2686
vn -0.9866 0.1253 0.1049
vn -0.9866 0.1253 0.1048
vn -0.8450 -0.4625 -0.2685
vn -0.9994 -0.0327 0.0079
vn -0.9995 -0.0276 0.0168
vn -0.0000 -0.0000 1.0000
vn 0.9991 -0.0308 -0.0295
vn 0.9865 -0.1253 -0.1054
vn -0.9865 0.1261 0.1042
vn 0.9865 -0.1256 -0.1047
vn -0.0000 -0.0000 -1.0000
vn -0.9810 0.1561 0.1156
vn -0.9768 0.1621 0.1397
vn 0.9866 -0.1248 -0.1055
vn -0.8443 -0.4637 -0.2686
vn 0.9866 -0.1253 -0.1049
vn 0.9866 -0.1253 -0.1048
vn 0.8450 0.4625 0.2685
vn 0.9994 0.0327 -0.0079
vn 0.9995 0.0276 -0.0168
vn -0.9991 0.0308 0.0295
vn -0.9865 0.1253 0.1054
vn -0.9865 0.1256 0.1047
vt 0.591797 0.114746
vt 0.557617 0.074707
vt 0.600098 0.081543
vt 0.530273 0.119141
vt 0.809082 0.562500
vt 0.762695 0.586914
vt 0.728516 0.515625
vt 0.773926 0.519043
vt 0.501953 0.556641
vt 0.533691 0.606445
vt 0.538086 0.550293
vt 0.490234 0.487305
vt 0.952148 0.094727
vt 0.959961 0.063965
vt 0.938477 0.162109
vt 0.962402 0.229980
vt 0.868164 0.183105
vt 0.881836 0.278320
vt 0.843262 0.151855
vt 0.805664 0.143555
vt 0.929199 0.486328
vt 0.927246 0.637207
vt 0.891113 0.515625
vt 0.891113 0.726074
vt 0.138184 0.549805
vt 0.135742 0.596191
vt 0.196777 0.650391
vt 0.085938 0.531250
vt 0.669922 0.863770
vt 0.573242 0.879395
vt 0.571777 0.845703
vt 0.798340 0.765137
vt 0.452637 0.314941
vt 0.368164 0.194824
vt 0.445312 0.350098
vt 0.541016 0.148438
vt 0.567871 0.151855
vt 0.651367 0.350098
vt 0.665039 0.546387
vt 0.518066 0.434082
vt 0.145508 0.125977
vt 0.174316 0.077148
vt 0.159668 0.047852
vt 0.267578 0.073730
vt 0.265137 0.087402
vt 0.135742 0.076172
vt 0.152344 0.026367
vt 0.596680 0.206055
vt 0.631348 0.178223
vt 0.197266 0.037109
vt 0.196289 0.078125
vt 0.005859 0.785645
vt 0.092773 0.843750
vt 0.092773 0.727539
vt 0.378418 0.479492
vt 0.314941 0.450195
vt 0.378418 0.397949
vt 0.900879 0.211426
vt 0.920410 0.262207
vt 0.903320 0.339355
vt 0.866699 0.952148
vt 0.668457 0.909668
vt 0.866699 0.909668
vt 0.877441 0.354492
vt 0.837891 0.318848
vt 0.608887 0.947754
vt 0.608887 0.990723
vt 0.793457 0.990723
vt 0.857910 0.459473
vt 0.845215 0.401367
vt 0.891602 0.429199
vt 0.160645 0.448730
vt 0.144043 0.450684
vt 0.161621 0.470703
vt 0.821777 0.395996
vt 0.213867 0.762695
vt 0.224609 0.713379
vt 0.174316 0.218750
vt 0.210449 0.252930
vt 0.187500 0.201660
vt 0.289062 0.478027
vt 0.257812 0.455566
vt 0.267578 0.480957
vt 0.218750 0.604492
vt 0.237305 0.607910
vt 0.238770 0.568848
vt 0.935547 0.056152
vt 0.950684 0.021484
vt 0.755859 0.209473
vt 0.790527 0.292969
vt 0.784180 0.198242
vt 0.917480 0.099121
vt 0.183105 0.173340
vt 0.189941 0.154297
vt 0.767578 0.827637
vt 0.787598 0.864746
vt 0.889160 0.838867
vt 0.839355 0.770996
vt 0.839844 0.854492
vt 0.806152 0.631348
vt 0.816406 0.681641
vt 0.849121 0.624023
vt 0.847168 0.695312
vt 0.860352 0.669922
vt 0.120117 0.862305
vt 0.107422 0.930664
vt 0.068359 0.902832
vt 0.770996 0.700195
vt 0.689941 0.758301
vt 0.857910 0.729492
vt 0.573242 0.903809
vt 0.571777 0.934570
vt 0.150391 0.903809
vt 0.378418 0.577148
vt 0.322266 0.577148
vt 0.378418 0.674316
vt 0.962402 0.906250
vt 0.962402 0.974121
vt 0.951172 0.931641
vt 0.034180 0.523438
vt 0.054199 0.487305
vt 0.050781 0.582520
vt 0.096191 0.485352
vt 0.119629 0.495605
vt 0.205566 0.286621
vt 0.189453 0.253418
vt 0.226562 0.651855
vt 0.254883 0.412109
vt 0.274902 0.436035
vt 0.270508 0.579102
vt 0.266602 0.640625
vt 0.184082 0.715820
vt 0.131348 0.656738
vt 0.818359 0.681641
vt 0.568359 0.993652
vt 0.024414 0.985352
vt 0.835938 0.661621
vt 0.604492 0.310059
vt 0.590820 0.440430
vt 0.576172 0.369141
vt 0.538574 0.549805
vt 0.434570 0.380371
vt 0.396973 0.301758
vt 0.359863 0.217285
vt 0.353027 0.235352
vt 0.253906 0.109863
vt 0.197754 0.022949
vt 0.048340 0.392090
vt 0.069824 0.455078
vt 0.099609 0.628906
vt 0.196777 0.527344
vt 0.258301 0.526855
vt 0.246094 0.506348
vt 0.229980 0.458984
vt 0.252930 0.362305
vt 0.227051 0.249512
vt 0.244141 0.303223
vt 0.234375 0.353516
vt 0.208496 0.436523
vt 0.213867 0.358398
vt 0.503906 0.138672
vt 0.523438 0.097656
vt 0.660156 0.139648
vt 0.707520 0.273438
vt 0.593262 0.606934
vt 0.567871 0.523926
vt 0.155762 0.497070
vt 0.137695 0.496582
vt 0.157227 0.484375
vt 0.888184 0.141113
vt 0.928711 0.081055
vt 0.917969 0.044922
vt 0.935547 0.014160
vt 0.962402 0.448730
vt 0.920410 0.416504
vt 0.030762 0.407715
vt 0.011231 0.440918
vt 0.012207 0.324219
vt 0.029297 0.325195
vt 0.045410 0.311523
vt 0.119141 0.482910
vt 0.114746 0.469238
vt 0.132812 0.450684
vt 0.117188 0.446777
vt 0.117188 0.213379
vt 0.133301 0.213379
vt 0.145020 0.213379
vt 0.160645 0.213379
vt 0.530762 0.168945
vt 0.521973 0.387207
vt 0.289062 0.577148
vt 0.314941 0.703613
vt 0.434570 0.577148
vt 0.441895 0.450195
vt 0.441895 0.703613
vt 0.378418 0.756348
vt 0.179688 0.484863
vt 0.030762 0.291504
vt 0.006348 0.270996
vt 0.169922 0.255859
vt 0.729004 0.340332
vt 0.754395 0.458496
vt 0.711426 0.579590
vt 0.005859 0.700195
vt 0.005859 0.871094
vt 0.468262 0.577148
vt 0.817383 0.198242
vt 0.246094 0.798340
vt 0.568359 0.789062
vt 0.169434 0.884766
vt 0.133789 0.890625
vt 0.043945 0.936523
vt 0.085938 0.661133
vt 0.097656 0.666504
vt 0.075195 0.628906
vt 0.665527 0.607910
vt 0.638672 0.666504
vt 0.685059 0.664551
vt 0.995117 0.486328
vt 0.973145 0.931641
vt 0.968750 0.021484
vt 0.967285 0.094727
vt 0.190430 0.854980
vt 0.144531 0.854980
vt 0.186523 0.816895
vt 0.086914 0.696289
vt 0.238281 0.784180
vt 0.182129 0.145020
vt 0.550781 0.219238
vt 0.500977 0.215332
vt 0.550781 0.168945
vt 0.308105 0.271484
vt 0.321289 0.387207
vt 0.095703 0.186523
vt 0.095703 0.018066
vt 0.002930 0.018066
vt 0.002930 0.186523
vt 0.388672 0.224121
vt 0.428223 0.187012
vt 0.756836 0.259766
vt 0.593262 0.032715
vt 0.584473 0.079102
vt 0.012695 0.528809
vt 0.023926 0.561523
vt 0.008301 0.584473
vt 0.227051 0.152832
vt 0.211914 0.141602
vt 0.198242 0.903809
vt 0.540527 0.903809
vt 0.198242 0.050781
vt 0.540527 0.050781
vt 0.978516 0.972168
vt 0.571777 0.910645
vt 0.571777 0.022461
vt 0.978516 0.250000
s 1
usemtl Brush.021
f 1/1/1 3/2/1 2/3/1
f 4/1/2 6/4/2 5/2/2
f 7/5/3 9/6/3 8/7/3
f 10/5/4 12/7/4 11/8/4
f 13/9/5 15/10/5 14/11/5
f 16/12/6 18/9/6 17/11/6
f 19/13/7 21/14/7 20/15/7
f 22/14/8 24/16/8 23/15/8
f 25/17/9 27/18/9 26/19/9
f 28/19/10 30/18/10 29/20/10
f 31/21/11 33/22/11 32/23/11
f 34/24/12 36/23/12 35/22/12
f 37/21/13 39/23/13 38/22/13
f 40/23/14 42/24/14 41/22/14
f 43/25/15 45/26/15 44/27/15
f 46/25/16 48/28/16 47/26/16
f 49/13/17 51/14/17 50/15/17
f 52/14/18 54/16/18 53/15/18
f 55/18/19 57/17/19 56/19/19
f 58/18/20 60/19/20 59/20/20
f 61/29/21 63/30/21 62/31/21
f 64/29/22 66/31/22 65/32/22
f 67/33/23 69/34/23 68/35/23
f 70/36/24 72/37/24 71/4/24
f 73/38/25 75/39/25 74/7/25
f 76/35/26 78/40/26 77/33/26
f 79/41/27 81/42/27 80/43/27
f 82/7/28 84/5/28 83/8/28
f 85/44/29 87/34/29 86/45/29
f 88/43/30 90/46/30 89/47/30
f 91/48/31 93/37/31 92/49/31
f 94/45/32 96/50/32 95/51/32
f 97/52/33 99/53/33 98/54/33
f 100/55/34 102/56/34 101/57/34
f 103/58/35 105/59/35 104/60/35
f 106/61/36 108/62/36 107/63/36
f 109/64/37 111/18/37 110/65/37
f 112/18/37 114/64/37 113/65/37
f 115/66/38 117/67/38 116/68/38
f 118/69/39 120/70/39 119/71/39
f 121/72/40 123/73/40 122/74/40
f 124/75/41 126/64/41 125/65/41
f 127/65/42 129/64/42 128/75/42
f 130/76/43 132/77/43 131/27/43
f 133/78/44 135/79/44 134/80/44
f 136/81/45 138/82/45 137/83/45
f 139/84/46 141/85/46 140/86/46
f 142/13/47 144/87/47 143/88/47
f 145/89/47 147/90/47 146/91/47
f 148/15/48 150/92/48 149/13/48
f 151/69/49 153/71/49 152/70/49
f 154/93/47 156/80/47 155/94/47
f 157/32/50 159/95/50 158/96/50
f 160/97/51 162/98/51 161/99/51
f 163/100/52 165/101/52 164/32/52
f 166/102/53 168/103/53 167/104/53
f 169/105/54 171/106/54 170/107/54
f 172/99/55 174/96/55 173/32/55
f 175/108/56 177/109/56 176/32/56
f 178/30/57 180/29/57 179/31/57
f 181/98/58 183/103/58 182/110/58
f 184/111/59 186/112/59 185/113/59
f 187/114/60 189/115/60 188/116/60
f 190/62/36 192/61/36 191/63/36
f 193/18/47 195/64/47 194/65/47
f 196/117/61 198/118/61 197/119/61
f 199/64/47 201/18/47 200/65/47
f 202/67/38 204/66/38 203/68/38
f 205/91/37 207/89/37 206/90/37
f 208/120/62 210/121/62 209/122/62
f 211/123/63 213/124/63 212/28/63
f 214/125/64 216/126/64 215/79/64
f 217/84/65 219/127/65 218/27/65
f 220/82/66 222/128/66 221/129/66
f 223/130/67 225/131/67 224/86/67
f 226/87/37 228/13/37 227/88/37
f 229/58/68 231/58/68 230/15/68
f 232/71/69 234/69/69 233/23/69
f 235/27/70 237/132/70 236/133/70
f 238/110/71 240/98/71 239/103/71
f 241/101/72 243/100/72 242/32/72
f 244/134/73 246/32/73 245/100/73
f 247/135/74 249/112/74 248/136/74
f 250/106/75 252/105/75 251/107/75
f 253/96/76 255/99/76 254/32/76
f 256/103/77 258/102/77 257/137/77
f 259/138/78 261/139/78 260/140/78
f 262/139/79 264/40/79 263/140/79
f 265/139/80 267/141/80 266/40/80
f 268/141/81 270/12/81 269/40/81
f 271/141/82 273/40/82 272/12/82
f 274/40/83 276/142/83 275/12/83
f 277/40/84 279/35/84 278/142/84
f 280/35/85 282/143/85 281/142/85
f 283/35/86 285/144/86 284/143/86
f 286/144/87 288/145/87 287/143/87
f 289/144/88 291/45/88 290/145/88
f 292/45/89 294/146/89 293/145/89
f 295/45/90 297/51/90 296/146/90
f 298/51/91 300/45/91 299/146/91
f 301/51/92 303/50/92 302/45/92
f 304/50/93 306/44/93 305/45/93
f 307/50/94 309/147/94 308/44/94
f 310/147/95 312/50/95 311/44/95
f 313/147/96 315/43/96 314/50/96
f 316/43/97 318/51/97 317/50/97
f 319/43/98 321/42/98 320/51/98
f 322/42/99 324/43/99 323/51/99
f 325/42/100 327/41/100 326/43/100
f 328/41/101 330/46/101 329/43/101
f 331/41/102 333/43/102 332/46/102
f 334/43/103 336/47/103 335/46/103
f 337/43/104 339/147/104 338/47/104
f 340/147/105 342/43/105 341/47/105
f 343/147/106 345/50/106 344/43/106
f 346/50/107 348/51/107 347/43/107
f 349/148/108 351/121/108 350/149/108
f 352/121/109 354/28/109 353/149/109
f 355/121/110 357/150/110 356/28/110
f 358/150/111 360/26/111 359/28/111
f 361/150/112 363/133/112 362/26/112
f 364/133/113 366/27/113 365/26/113
f 367/133/114 369/132/114 368/27/114
f 370/132/115 372/76/115 371/27/115
f 373/132/116 375/27/116 374/76/116
f 376/27/117 378/77/117 377/76/117
f 379/27/118 381/127/118 380/77/118
f 382/127/119 384/27/119 383/77/119
f 385/127/120 387/84/120 386/27/120
f 388/84/121 390/25/121 389/27/121
f 391/84/122 393/86/122 392/25/122
f 394/86/123 396/151/123 395/25/123
f 397/86/124 399/152/124 398/151/124
f 400/152/125 402/153/125 401/151/125
f 403/152/126 405/151/126 404/153/126
f 406/151/127 408/82/127 407/153/127
f 409/151/128 411/154/128 410/82/128
f 412/154/129 414/128/129 413/82/129
f 415/154/130 417/155/130 416/128/130
f 418/78/131 420/79/131 419/126/131
f 421/78/132 423/80/132 422/79/132
f 424/80/133 426/156/133 425/79/133
f 427/80/134 429/79/134 428/156/134
f 430/79/135 432/157/135 431/156/135
f 433/79/136 435/158/136 434/157/136
f 436/158/137 438/155/137 437/157/137
f 439/158/138 441/154/138 440/155/138
f 442/154/139 444/128/139 443/155/139
f 445/154/140 447/82/140 446/128/140
f 448/82/141 450/129/141 449/128/141
f 451/82/142 453/81/142 452/129/142
f 454/81/143 456/82/143 455/129/143
f 457/81/144 459/83/144 458/82/144
f 460/83/145 462/153/145 461/82/145
f 463/83/146 465/82/146 464/153/146
f 466/82/147 468/151/147 467/153/147
f 469/82/148 471/154/148 470/151/148
f 472/154/149 474/159/149 473/151/149
f 475/154/150 477/160/150 476/159/150
f 478/161/151 480/4/151 479/162/151
f 481/4/152 483/2/152 482/162/152
f 484/4/153 486/1/153 485/2/153
f 487/1/154 489/3/154 488/2/154
f 490/1/155 492/49/155 491/3/155
f 493/49/156 495/163/156 494/3/156
f 496/49/157 498/164/157 497/163/157
f 499/164/158 501/49/158 500/163/158
f 502/164/159 504/38/159 503/49/159
f 505/38/160 507/48/160 506/49/160
f 508/38/161 510/138/161 509/48/161
f 511/138/162 513/38/162 512/48/162
f 514/138/163 516/139/163 515/38/163
f 517/139/164 519/39/164 518/38/164
f 520/139/165 522/165/165 521/39/165
f 523/165/166 525/139/166 524/39/166
f 526/165/167 528/166/167 527/139/167
f 529/166/168 531/141/168 530/139/168
f 532/150/169 534/26/169 533/133/169
f 535/26/170 537/27/170 536/133/170
f 538/26/171 540/25/171 539/27/171
f 541/25/172 543/84/172 542/27/172
f 544/25/173 546/86/173 545/84/173
f 547/86/174 549/85/174 548/84/174
f 550/86/175 552/131/175 551/85/175
f 553/131/176 555/86/176 554/85/176
f 556/131/177 558/130/177 557/86/177
f 559/130/178 561/152/178 560/86/178
f 562/130/179 564/86/179 563/152/179
f 565/86/180 567/151/180 566/152/180
f 568/86/181 570/25/181 569/151/181
f 571/25/182 573/167/182 572/151/182
f 574/25/183 576/168/183 575/167/183
f 577/168/184 579/169/184 578/167/184
f 580/168/185 582/74/185 581/169/185
f 583/64/186 585/60/186 584/65/186
f 586/60/187 588/18/187 587/65/187
f 589/60/188 591/58/188 590/18/188
f 592/58/189 594/17/189 593/18/189
f 595/58/190 597/58/190 596/17/190
f 598/58/191 600/170/191 599/17/191
f 601/58/192 603/15/192 602/170/192
f 604/15/193 606/92/193 605/170/193
f 607/15/194 609/13/194 608/92/194
f 610/13/195 612/171/195 611/92/195
f 613/13/196 615/87/196 614/171/196
f 616/87/197 618/172/197 617/171/197
f 619/87/198 621/88/198 620/172/198
f 622/88/199 624/173/199 623/172/199
f 625/108/200 627/32/200 626/100/200
f 628/32/201 630/134/201 629/100/201
f 631/32/202 633/103/202 632/134/202
f 634/103/203 636/137/203 635/134/203
f 637/103/204 639/102/204 638/137/204
f 640/102/205 642/103/205 641/137/205
f 643/102/206 645/104/206 644/103/206
f 646/104/207 648/110/207 647/103/207
f 649/104/208 651/103/208 650/110/208
f 652/103/209 654/98/209 653/110/209
f 655/103/210 657/32/210 656/98/210
f 658/32/211 660/99/211 659/98/211
f 661/32/212 663/96/212 662/99/212
f 664/119/213 666/21/213 665/117/213
f 667/21/214 669/174/214 668/117/214
f 670/21/215 672/175/215 671/174/215
f 673/175/37 675/16/37 674/174/37
f 676/175/37 678/59/37 677/16/37
f 679/59/216 681/15/216 680/16/216
f 682/59/217 684/58/217 683/15/217
f 685/58/218 687/170/218 686/15/218
f 688/58/219 690/58/219 689/170/219
f 691/58/220 693/17/220 692/170/220
f 694/58/221 696/18/221 695/17/221
f 697/18/222 699/19/222 698/17/222
f 700/18/223 702/20/223 701/19/223
f 703/123/224 705/28/224 704/149/224
f 706/28/225 708/121/225 707/149/225
f 709/28/226 711/150/226 710/121/226
f 712/150/227 714/122/227 713/121/227
f 715/150/228 717/121/228 716/122/228
f 718/121/229 720/120/229 719/122/229
f 721/121/230 723/176/230 722/120/230
f 724/176/231 726/177/231 725/120/231
f 727/176/232 729/178/232 728/177/232
f 730/178/233 732/176/233 731/177/233
f 733/178/234 735/179/234 734/176/234
f 736/179/235 738/148/235 737/176/235
f 739/179/236 741/180/236 740/148/236
f 742/92/237 744/15/237 743/170/237
f 745/15/238 747/58/238 746/170/238
f 748/15/239 750/16/239 749/58/239
f 751/16/240 753/59/240 752/58/240
f 754/16/47 756/175/47 755/59/47
f 757/175/47 759/60/47 758/59/47
f 760/175/241 762/71/241 761/60/241
f 763/71/242 765/64/242 764/60/242
f 766/71/243 768/70/243 767/64/243
f 769/70/244 771/75/244 770/64/244
f 772/70/245 774/64/245 773/75/245
f 775/64/246 777/65/246 776/75/246
f 778/173/247 780/172/247 779/88/247
f 781/172/248 783/87/248 782/88/248
f 784/172/249 786/171/249 785/87/249
f 787/171/250 789/13/250 788/87/250
f 790/171/251 792/92/251 791/13/251
f 793/92/252 795/15/252 794/13/252
f 796/92/253 798/170/253 797/15/253
f 799/170/254 801/58/254 800/15/254
f 802/170/255 804/17/255 803/58/255
f 805/17/256 807/18/256 806/58/256
f 808/17/257 810/19/257 809/18/257
f 811/19/258 813/20/258 812/18/258
f 814/13/259 816/15/259 815/14/259
f 817/15/260 819/16/260 818/14/260
f 820/15/261 822/58/261 821/16/261
f 823/58/262 825/59/262 824/16/262
f 826/58/263 828/60/263 827/59/263
f 829/60/37 831/175/37 830/59/37
f 832/60/264 834/71/264 833/175/264
f 835/71/265 837/21/265 836/175/265
f 838/71/266 840/23/266 839/21/266
f 841/23/267 843/22/267 842/21/267
f 844/23/268 846/24/268 845/22/268
f 847/124/269 849/168/269 848/181/269
f 850/168/270 852/182/270 851/181/270
f 853/168/271 855/183/271 854/182/271
f 856/183/272 858/184/272 857/182/272
f 859/183/273 861/185/273 860/184/273
f 862/185/274 864/183/274 863/184/274
f 865/185/274 867/186/274 866/183/274
f 868/186/37 870/73/37 869/183/37
f 871/186/37 873/187/37 872/73/37
f 874/187/275 876/188/275 875/73/275
f 877/13/276 879/15/276 878/14/276
f 880/15/277 882/16/277 881/14/277
f 883/15/278 885/59/278 884/16/278
f 886/59/47 888/175/47 887/16/47
f 889/59/47 891/60/47 890/175/47
f 892/60/279 894/71/279 893/175/279
f 895/60/280 897/64/280 896/71/280
f 898/64/281 900/70/281 899/71/281
f 901/64/282 903/75/282 902/70/282
f 904/24/283 906/23/283 905/22/283
f 907/23/284 909/21/284 908/22/284
f 910/23/285 912/71/285 911/21/285
f 913/71/286 915/175/286 914/21/286
f 916/71/287 918/60/287 917/175/287
f 919/60/37 921/59/37 920/175/37
f 922/60/288 924/18/288 923/59/288
f 925/18/289 927/58/289 926/59/289
f 928/18/290 930/58/290 929/58/290
f 931/161/291 933/189/291 932/4/291
f 934/189/292 936/36/292 935/4/292
f 937/189/293 939/4/293 938/36/293
f 940/4/294 942/37/294 941/36/294
f 943/4/295 945/1/295 944/37/295
f 946/1/296 948/49/296 947/37/296
f 949/1/297 951/3/297 950/49/297
f 952/3/298 954/163/298 953/49/298
f 955/146/299 957/45/299 956/145/299
f 958/45/300 960/144/300 959/145/300
f 961/45/301 963/34/301 962/144/301
f 964/34/302 966/35/302 965/144/302
f 967/34/303 969/33/303 968/35/303
f 970/33/304 972/40/304 971/35/304
f 973/33/305 975/190/305 974/40/305
f 976/190/306 978/140/306 977/40/306
f 979/191/307 981/115/307 980/192/307
f 982/115/308 984/116/308 983/192/308
f 985/115/309 987/114/309 986/116/309
f 988/114/310 990/193/310 989/116/310
f 991/114/311 993/55/311 992/193/311
f 994/55/312 996/194/312 995/193/312
f 997/55/313 999/57/313 998/194/313
f 1000/191/314 1002/115/314 1001/56/314
f 1003/115/315 1005/55/315 1004/56/315
f 1006/115/316 1008/114/316 1007/55/316
f 1009/114/317 1011/193/317 1010/55/317
f 1012/114/318 1014/116/318 1013/193/318
f 1015/116/319 1017/195/319 1016/193/319
f 1018/116/320 1020/196/320 1019/195/320
f 1021/91/321 1023/65/321 1022/90/321
f 1024/65/322 1026/75/322 1025/90/322
f 1027/65/323 1029/64/323 1028/75/323
f 1030/64/324 1032/70/324 1031/75/324
f 1033/64/325 1035/71/325 1034/70/325
f 1036/71/326 1038/69/326 1037/70/326
f 1039/71/327 1041/23/327 1040/69/327
f 1042/170/328 1044/92/328 1043/15/328
f 1045/92/329 1047/13/329 1046/15/329
f 1048/92/330 1050/171/330 1049/13/330
f 1051/171/331 1053/87/331 1052/13/331
f 1054/171/332 1056/172/332 1055/87/332
f 1057/172/333 1059/88/333 1058/87/333
f 1060/172/334 1062/173/334 1061/88/334
f 1063/79/335 1065/158/335 1064/125/335
f 1066/158/336 1068/160/336 1067/125/336
f 1069/158/337 1071/154/337 1070/160/337
f 1072/154/338 1074/159/338 1073/160/338
f 1075/154/339 1077/151/339 1076/159/339
f 1078/151/340 1080/197/340 1079/159/340
f 1081/151/341 1083/167/341 1082/197/341
f 1084/180/342 1086/179/342 1085/198/342
f 1087/179/343 1089/199/343 1088/198/343
f 1090/179/344 1092/178/344 1091/199/344
f 1093/178/345 1095/179/345 1094/199/345
f 1096/178/346 1098/176/346 1097/179/346
f 1099/176/347 1101/148/347 1100/179/347
f 1102/176/348 1104/121/348 1103/148/348
f 1105/169/349 1107/168/349 1106/167/349
f 1108/168/350 1110/25/350 1109/167/350
f 1111/168/351 1113/124/351 1112/25/351
f 1114/124/352 1116/28/352 1115/25/352
f 1117/124/353 1119/123/353 1118/28/353
f 1120/123/354 1122/149/354 1121/28/354
f 1123/200/47 1125/126/47 1124/78/47
f 1126/126/355 1128/79/355 1127/78/355
f 1129/126/356 1131/125/356 1130/79/356
f 1132/125/357 1134/158/357 1133/79/357
f 1135/125/358 1137/160/358 1136/158/358
f 1138/160/359 1140/154/359 1139/158/359
f 1141/186/47 1143/73/47 1142/187/47
f 1144/73/360 1146/188/360 1145/187/360
f 1147/73/360 1149/72/360 1148/188/360
f 1150/72/275 1152/73/275 1151/188/275
f 1153/72/361 1155/74/361 1154/73/361
f 1156/74/362 1158/168/362 1157/73/362
f 1159/182/363 1161/168/363 1160/181/363
f 1162/168/364 1164/124/364 1163/181/364
f 1165/168/365 1167/25/365 1166/124/365
f 1168/25/366 1170/28/366 1169/124/366
f 1171/25/367 1173/26/367 1172/28/367
f 1174/26/368 1176/150/368 1175/28/368
f 1177/49/369 1179/38/369 1178/164/369
f 1180/38/370 1182/201/370 1181/164/370
f 1183/38/371 1185/7/371 1184/201/371
f 1186/7/372 1188/202/372 1187/201/372
f 1189/7/373 1191/8/373 1190/202/373
f 1192/138/374 1194/38/374 1193/139/374
f 1195/38/375 1197/39/375 1196/139/375
f 1198/38/376 1200/7/376 1199/39/376
f 1201/7/377 1203/203/377 1202/39/377
f 1204/7/378 1206/6/378 1205/203/378
f 1207/12/379 1209/142/379 1208/40/379
f 1210/142/380 1212/35/380 1211/40/380
f 1213/142/381 1215/143/381 1214/35/381
f 1216/143/382 1218/144/382 1217/35/382
f 1219/143/383 1221/145/383 1220/144/383
f 1222/52/384 1224/54/384 1223/204/384
f 1225/54/385 1227/52/385 1226/204/385
f 1228/54/386 1230/53/386 1229/52/386
f 1231/53/387 1233/205/387 1232/52/387
f 1234/53/388 1236/52/388 1235/205/388
f 1237/192/389 1239/116/389 1238/196/389
f 1240/116/390 1242/195/390 1241/196/390
f 1243/116/391 1245/193/391 1244/195/391
f 1246/193/392 1248/206/392 1247/195/392
f 1249/193/393 1251/194/393 1250/206/393
f 1252/16/47 1254/175/47 1253/174/47
f 1255/175/394 1257/21/394 1256/174/394
f 1258/175/395 1260/71/395 1259/21/395
f 1261/71/396 1263/23/396 1262/21/396
f 1264/71/397 1266/69/397 1265/23/397
f 1267/64/398 1269/60/398 1268/65/398
f 1270/60/399 1272/18/399 1271/65/399
f 1273/60/400 1275/59/400 1274/18/400
f 1276/59/401 1278/58/401 1277/18/401
f 1279/59/402 1281/15/402 1280/58/402
f 1282/185/273 1284/183/273 1283/186/273
f 1285/183/47 1287/73/47 1286/186/47
f 1288/183/403 1290/168/403 1289/73/403
f 1291/168/404 1293/74/404 1292/73/404
f 1294/168/405 1296/169/405 1295/74/405
f 1297/92/406 1299/171/406 1298/13/406
f 1300/171/407 1302/87/407 1301/13/407
f 1303/171/408 1305/172/408 1304/87/408
f 1306/172/409 1308/88/409 1307/87/409
f 1309/172/410 1311/173/410 1310/88/410
f 1312/20/411 1314/18/411 1313/207/411
f 1315/18/412 1317/91/412 1316/207/412
f 1318/18/413 1320/65/413 1319/91/413
f 1321/65/414 1323/90/414 1322/91/414
f 1324/65/415 1326/75/415 1325/90/415
f 1327/75/416 1329/65/416 1328/90/416
f 1330/65/417 1332/91/417 1331/90/417
f 1333/65/418 1335/18/418 1334/91/418
f 1336/18/419 1338/207/419 1337/91/419
f 1339/18/420 1341/20/420 1340/207/420
f 1342/170/421 1344/58/421 1343/17/421
f 1345/58/422 1347/18/422 1346/17/422
f 1348/58/423 1350/60/423 1349/18/423
f 1351/60/424 1353/65/424 1352/18/424
f 1354/60/425 1356/64/425 1355/65/425
f 1357/208/426 1359/31/426 1358/209/426
f 1360/31/427 1362/109/427 1361/209/427
f 1363/31/428 1365/32/428 1364/109/428
f 1366/32/429 1368/108/429 1367/109/429
f 1369/32/430 1371/100/430 1370/108/430
f 1372/69/431 1374/71/431 1373/23/431
f 1375/71/432 1377/21/432 1376/23/432
f 1378/71/433 1380/175/433 1379/21/433
f 1381/175/434 1383/174/434 1382/21/434
f 1384/175/47 1386/16/47 1385/174/47
f 1387/137/435 1389/103/435 1388/101/435
f 1390/103/436 1392/32/436 1391/101/436
f 1393/103/437 1395/98/437 1394/32/437
f 1396/98/438 1398/99/438 1397/32/438
f 1399/98/439 1401/97/439 1400/99/439
f 1402/210/440 1404/31/440 1403/30/440
f 1405/31/441 1407/29/441 1406/30/441
f 1408/31/442 1410/32/442 1409/29/442
f 1411/32/443 1413/95/443 1412/29/443
f 1414/32/444 1416/96/444 1415/95/444
f 1417/100/445 1419/32/445 1418/108/445
f 1420/32/446 1422/109/446 1421/108/446
f 1423/32/447 1425/31/447 1424/109/447
f 1426/31/448 1428/209/448 1427/109/448
f 1429/31/449 1431/208/449 1430/209/449
f 1432/56/450 1434/55/450 1433/57/450
f 1435/55/451 1437/194/451 1436/57/451
f 1438/55/452 1440/193/452 1439/194/452
f 1441/193/453 1443/206/453 1442/194/453
f 1444/193/454 1446/195/454 1445/206/454
f 1447/75/455 1449/65/455 1448/90/455
f 1450/65/456 1452/91/456 1451/90/456
f 1453/65/457 1455/18/457 1454/91/457
f 1456/18/458 1458/207/458 1457/91/458
f 1459/18/459 1461/20/459 1460/207/459
f 1462/96/460 1464/32/460 1463/95/460
f 1465/32/461 1467/29/461 1466/95/461
f 1468/32/462 1470/31/462 1469/29/462
f 1471/31/463 1473/30/463 1472/29/463
f 1474/31/464 1476/210/464 1475/30/464
f 1477/97/465 1479/98/465 1478/99/465
f 1480/98/466 1482/32/466 1481/99/466
f 1483/98/467 1485/103/467 1484/32/467
f 1486/103/468 1488/101/468 1487/32/468
f 1489/103/469 1491/137/469 1490/101/469
f 1492/137/470 1494/103/470 1493/134/470
f 1495/103/471 1497/32/471 1496/134/471
f 1498/103/472 1500/98/472 1499/32/472
f 1501/98/473 1503/99/473 1502/32/473
f 1504/98/474 1506/97/474 1505/99/474
f 1507/50/475 1509/45/475 1508/44/475
f 1510/45/476 1512/34/476 1511/44/476
f 1513/45/477 1515/144/477 1514/34/477
f 1516/144/478 1518/35/478 1517/34/478
f 1519/138/479 1521/140/479 1520/139/479
f 1522/140/480 1524/40/480 1523/139/480
f 1525/140/481 1527/190/481 1526/40/481
f 1528/190/482 1530/33/482 1529/40/482
f 1531/164/483 1533/201/483 1532/38/483
f 1534/201/484 1536/7/484 1535/38/484
f 1537/201/485 1539/202/485 1538/7/485
f 1540/202/486 1542/8/486 1541/7/486
f 1543/38/487 1545/49/487 1544/48/487
f 1546/49/488 1548/37/488 1547/48/488
f 1549/49/489 1551/1/489 1550/37/489
f 1552/1/490 1554/4/490 1553/37/490
f 1555/161/491 1557/4/491 1556/189/491
f 1558/161/492 1560/162/492 1559/4/492
f 1561/162/493 1563/2/493 1562/4/493
f 1564/111/494 1566/113/494 1565/112/494
f 1567/113/495 1569/106/495 1568/112/495
f 1570/113/496 1572/211/496 1571/106/496
f 1573/211/497 1575/105/497 1574/106/497
f 1576/95/498 1578/32/498 1577/29/498
f 1579/32/499 1581/31/499 1580/29/499
f 1582/32/500 1584/109/500 1583/31/500
f 1585/109/501 1587/209/501 1586/31/501
f 1588/135/502 1590/136/502 1589/112/502
f 1591/136/503 1593/106/503 1592/112/503
f 1594/136/504 1596/212/504 1595/106/504
f 1597/212/505 1599/107/505 1598/106/505
f 1600/156/506 1602/157/506 1601/79/506
f 1603/157/507 1605/158/507 1604/79/507
f 1606/157/508 1608/155/508 1607/158/508
f 1609/155/509 1611/154/509 1610/158/509
f 1612/149/510 1614/121/510 1613/148/510
f 1615/121/511 1617/176/511 1616/148/511
f 1618/121/512 1620/120/512 1619/176/512
f 1621/120/513 1623/177/513 1622/176/513
f 1624/213/37 1626/150/37 1625/214/37
f 1627/215/37 1629/122/37 1628/150/37
f 1630/100/514 1632/32/514 1631/108/514
f 1633/32/515 1635/109/515 1634/108/515
f 1636/32/516 1638/31/516 1637/109/516
f 1639/31/517 1641/209/517 1640/109/517
f 1642/5/518 1644/7/518 1643/6/518
f 1645/7/519 1647/203/519 1646/6/519
f 1648/7/520 1650/39/520 1649/203/520
f 1651/165/521 1653/139/521 1652/166/521
f 1654/139/522 1656/141/522 1655/166/522
f 1657/139/523 1659/40/523 1658/141/523
f 1660/216/524 1662/165/524 1661/217/524
f 1663/39/525 1665/216/525 1664/165/525
f 1666/216/526 1668/218/526 1667/217/526
f 1669/114/527 1671/115/527 1670/55/527
f 1672/115/528 1674/56/528 1673/55/528
f 1675/115/529 1677/191/529 1676/56/529
f 1678/118/530 1680/117/530 1679/119/530
f 1681/117/531 1683/21/531 1682/119/531
f 1684/117/532 1686/174/532 1685/21/532
f 1687/174/533 1689/117/533 1688/219/533
f 1690/117/534 1692/220/534 1691/219/534
f 1693/117/535 1695/118/535 1694/220/535
f 1696/221/47 1698/88/47 1697/222/47
f 1699/88/47 1701/13/47 1700/222/47
f 1702/88/47 1704/87/47 1703/13/47
f 1705/199/536 1707/179/536 1706/198/536
f 1708/179/537 1710/180/537 1709/198/537
f 1711/179/538 1713/148/538 1712/180/538
f 1714/112/539 1716/106/539 1715/136/539
f 1717/106/540 1719/212/540 1718/136/540
f 1720/106/541 1722/107/541 1721/212/541
f 1723/25/542 1725/151/542 1724/167/542
f 1726/151/543 1728/197/543 1727/167/543
f 1729/151/544 1731/159/544 1730/197/544
f 1732/31/545 1734/223/545 1733/210/545
f 1735/223/546 1737/224/546 1736/210/546
f 1738/223/547 1740/225/547 1739/224/547
f 1741/215/47 1743/213/47 1742/150/47
f 1744/213/47 1746/226/47 1745/214/47
f 1747/31/548 1749/223/548 1748/208/548
f 1750/223/549 1752/227/549 1751/208/549
f 1753/223/550 1755/225/550 1754/227/550
f 1756/112/551 1758/106/551 1757/113/551
f 1759/106/552 1761/211/552 1760/113/552
f 1762/106/553 1764/105/553 1763/211/553
f 1765/110/554 1767/103/554 1766/104/554
f 1768/103/555 1770/102/555 1769/104/555
f 1771/103/556 1773/137/556 1772/102/556
f 1774/225/557 1776/223/557 1775/224/557
f 1777/223/558 1779/210/558 1778/224/558
f 1780/223/559 1782/31/559 1781/210/559
f 1783/191/560 1785/192/560 1784/115/560
f 1786/192/561 1788/116/561 1787/115/561
f 1789/192/562 1791/196/562 1790/116/562
f 1792/118/563 1794/117/563 1793/220/563
f 1795/117/564 1797/219/564 1796/220/564
f 1798/117/565 1800/174/565 1799/219/565
f 1801/59/37 1803/175/37 1802/16/37
f 1804/175/37 1806/174/37 1805/16/37
f 1807/175/566 1809/21/566 1808/174/566
f 1810/18/567 1812/60/567 1811/65/567
f 1813/60/568 1815/64/568 1814/65/568
f 1816/60/569 1818/71/569 1817/64/569
f 1819/69/570 1821/71/570 1820/70/570
f 1822/71/571 1824/64/571 1823/70/571
f 1825/71/572 1827/60/572 1826/64/572
f 1828/184/573 1830/183/573 1829/182/573
f 1831/183/574 1833/168/574 1832/182/574
f 1834/183/575 1836/73/575 1835/168/575
f 1837/87/37 1839/88/37 1838/13/37
f 1840/88/37 1842/222/37 1841/13/37
f 1843/88/37 1845/221/37 1844/222/37
f 1846/20/576 1848/18/576 1847/207/576
f 1849/18/577 1851/91/577 1850/207/577
f 1852/18/578 1854/65/578 1853/91/578
f 1855/102/579 1857/103/579 1856/104/579
f 1858/103/580 1860/110/580 1859/104/580
f 1861/103/581 1863/98/581 1862/110/581
f 1864/29/582 1866/32/582 1865/95/582
f 1867/32/583 1869/96/583 1868/95/583
f 1870/32/584 1872/99/584 1871/96/584
f 1873/225/585 1875/223/585 1874/227/585
f 1876/223/586 1878/208/586 1877/227/586
f 1879/223/587 1881/31/587 1880/208/587
f 1882/51/588 1884/42/588 1883/228/588
f 1885/229/589 1887/230/589 1886/189/589
f 1888/231/590 1890/229/590 1889/189/590
f 1891/41/591 1893/42/591 1892/228/591
f 1894/145/592 1896/143/592 1895/232/592
f 1897/233/593 1899/232/593 1898/143/593
f 1900/234/594 1902/235/594 1901/236/594
f 1903/237/594 1905/234/594 1904/236/594
f 1906/238/595 1908/33/595 1907/239/595
f 1909/164/596 1911/240/596 1910/163/596
f 1912/241/597 1914/3/597 1913/242/597
f 1915/189/598 1917/161/598 1916/230/598
f 1918/243/47 1920/244/47 1919/120/47
f 1921/243/47 1923/245/47 1922/244/47
f 1924/80/47 1926/156/47 1925/94/47
f 1927/156/47 1929/246/47 1928/247/47
f 1930/243/37 1932/177/37 1931/120/37
f 1933/156/37 1935/94/37 1934/247/37
f 1978/9/600 1979/11/600 1980/10/600
f 1981/12/601 1982/11/601 1983/9/601
f 1984/93/37 1985/94/37 1986/80/37
f 1987/200/37 1988/78/37 1989/126/37
f 1990/213/47 1991/214/47 1992/150/47
f 1993/215/47 1994/150/47 1995/122/47
f 1996/216/525 1997/217/525 1998/165/525
f 1999/39/524 2000/165/524 2001/216/524
f 2002/216/602 2003/217/602 2004/218/602
f 2005/215/37 2006/150/37 2007/213/37
f 2008/213/37 2009/214/37 2010/226/37
f 2011/51/603 2012/228/603 2013/42/603
f 2014/229/604 2015/189/604 2016/230/604
f 2017/231/605 2018/189/605 2019/229/605
f 2020/41/606 2021/228/606 2022/42/606
f 2023/145/607 2024/232/607 2025/143/607
f 2026/233/608 2027/143/608 2028/232/608
f 2029/234/599 2030/236/599 2031/235/599
f 2032/237/599 2033/236/599 2034/234/599
f 2035/238/609 2036/239/609 2037/33/609
f 2038/164/610 2039/163/610 2040/240/610
f 2041/189/611 2042/230/611 2043/161/611
f 2044/243/37 2045/120/37 2046/244/37
f 2047/243/37 2048/244/37 2049/245/37
f 2050/80/37 2051/94/37 2052/156/37
f 2053/156/37 2054/247/37 2055/246/37
f 2056/243/47 2057/120/47 2058/177/47
f 2059/156/47 2060/247/47 2061/94/47
usemtl Brush.022
f 1936/248/47 1938/249/47 1937/250/47
f 1939/249/47 1941/251/47 1940/250/47
f 1942/248/47 1944/249/47 1943/250/47
f 1945/249/47 1947/251/47 1946/250/47
f 1948/252/47 1950/253/47 1949/254/47
f 1951/249/594 1953/248/594 1952/251/594
f 1954/248/594 1956/250/594 1955/251/594
f 1957/249/37 1959/248/37 1958/250/37
f 1960/251/37 1962/249/37 1961/250/37
f 1963/252/37 1965/255/37 1964/254/37
f 1966/250/599 1968/248/599 1967/251/599
f 1969/250/599 1971/248/599 1970/251/599
f 1972/248/599 1974/249/599 1973/251/599
f 1975/248/599 1977/249/599 1976/251/599
f 2062/248/37 2063/250/37 2064/249/37
f 2065/249/37 2066/250/37 2067/251/37
f 2068/248/37 2069/250/37 2070/249/37
f 2071/249/37 2072/250/37 2073/251/37
f 2074/252/37 2075/254/37 2076/253/37
f 2077/249/599 2078/251/599 2079/248/599
f 2080/248/599 2081/251/599 2082/250/599
f 2083/249/47 2084/250/47 2085/248/47
f 2086/251/47 2087/250/47 2088/249/47
f 2089/252/47 2090/254/47 2091/255/47
f 2092/250/594 2093/251/594 2094/248/594
f 2095/250/594 2096/251/594 2097/248/594
f 2098/248/594 2099/251/594 2100/249/594
f 2101/248/594 2102/251/594 2103/249/594
