mtllib guardianbell.mtl
o mesh_mesh.020
v 0.857570 35.428898 -0.000001
v 0.857570 65.086800 -0.000002
v -0.857570 65.086800 -0.000002
v 0.000000 66.802002 -0.000002
v 0.000000 66.802002 -4.443492
v 0.000000 65.218102 -0.000002
v 0.000000 65.218102 -4.443492
v 0.000000 66.802002 -4.443492
v 0.000000 65.218102 -0.000002
v 0.000000 64.009499 -5.282752
v 0.000000 65.218102 -4.443492
v 0.000000 64.009499 -1.760922
v 0.000000 64.009499 -1.760922
v 0.000000 62.800999 -2.600182
v 0.000000 64.009499 -5.282752
v -0.003052 83.864899 -9.888003
v -1.290930 81.524101 -8.984652
v 1.281780 81.524101 -8.984652
v -1.290930 81.524101 -8.984652
v 1.413010 75.243401 -10.370203
v 1.281780 81.524101 -8.984652
v -0.003052 10.367100 2.258370
v -2.102730 10.367100 0.000000
v -0.003052 10.367100 -2.258371
v 2.090520 10.367100 -0.000001
v -0.003052 10.367100 2.258370
v -0.003052 10.367100 -2.258371
v -5.078281 71.050102 -18.790203
v -4.290901 83.205704 -18.790203
v 0.000000 71.050102 -10.708902
v -5.078281 71.050102 -18.790203
v 0.000000 71.050102 -10.708902
v -6.753751 67.070503 -13.419002
v 0.857570 35.428898 -0.000001
v -0.857570 65.086800 -0.000002
v -0.857570 35.428898 -0.000001
v 0.000000 65.218102 -0.000002
v 0.000000 66.802002 4.446548
v 0.000000 65.218102 4.446548
v 1.919609 93.224899 -15.140203
v 1.721240 92.645004 -9.253213
v 0.683614 95.104805 -15.927603
v -0.003052 83.727501 -7.312242
v 1.281780 83.440697 -5.764952
v 2.352980 89.010300 -7.571643
v -0.683616 95.104805 -15.927603
v -1.721240 92.645004 -9.253213
v -1.919611 93.224899 -15.140203
v -1.919611 93.224899 -15.140203
v -1.904350 90.246300 -11.734403
v -0.000001 90.655205 -14.645802
v -0.000001 94.573799 -19.821804
v -0.000001 93.154701 -20.392504
v 1.696829 94.701996 -16.974403
v -0.000001 89.129295 -20.880804
v 2.826009 92.162796 -16.571604
v 0.656147 92.339897 -21.182905
v -2.826011 92.162796 -16.571604
v -1.696831 94.701996 -16.974403
v -2.710041 93.218796 -15.695703
v -3.372301 93.240097 -13.580702
v -2.710041 93.218796 -15.695703
v -3.595080 95.568695 -11.893105
v -0.000001 92.568703 -21.826805
v -0.000001 93.154701 -20.392504
v -0.656149 92.339897 -21.182905
v -1.696831 94.701996 -16.974403
v -0.000001 95.318504 -16.776003
v -0.683616 95.104805 -15.927603
v -0.003052 10.174900 -13.739401
v -0.003052 12.897099 -14.584801
v -1.553391 9.332560 -12.265401
v -1.818900 20.752600 -4.068120
v 0.000000 14.627500 -5.746640
v -1.818900 15.030399 -7.254251
v -0.003052 8.389540 -13.910300
v -0.003052 9.076199 -11.941901
v 1.541180 9.332560 -12.265401
v 0.000000 1.519819 -10.525801
v 1.611380 3.668329 -13.287801
v -0.000001 -3.546250 -13.724200
v 1.818900 35.468597 -0.000002
v 1.818900 25.495201 -6.176951
v 0.000000 31.681299 -0.000001
v 2.276680 14.981499 -10.107699
v 4.278699 17.453501 -7.876831
v 5.142369 21.927500 -8.465831
v 0.000000 65.218102 -0.000002
v 0.000000 66.802002 4.446548
v 0.000000 66.802002 -0.000002
v 0.000000 -8.841209 -3.704949
v 2.090520 -8.841209 0.000001
v 0.000000 -6.537060 -1.730399
v -2.484210 14.435300 -6.164741
v -0.003052 10.367100 -2.258371
v -2.652060 9.735399 -7.068090
v 0.000000 2.316350 -1.730400
v 0.000000 -6.537060 -1.730399
v 2.090520 4.956210 -0.000000
v 1.281780 85.314499 -0.000002
v -0.003052 86.233101 -1.590013
v 1.281780 83.440697 -5.764952
v -1.290930 83.440697 5.764948
v -0.003051 83.864899 9.887998
v -1.290930 81.524101 8.984648
v -1.290930 85.314499 -0.000002
v 0.000000 82.354202 4.977568
v 0.000000 83.971695 -0.000002
v -1.290930 81.524101 -8.984652
v -0.003052 83.727501 -7.312242
v -1.290930 83.440697 -5.764952
v 1.281780 81.524101 8.984648
v -0.003051 83.864899 9.887998
v 1.281780 83.440697 5.764948
v -3.555410 13.263299 -8.359020
v -2.288891 14.981499 -10.107699
v -4.290901 17.453501 -7.876831
v 0.000000 67.033897 -0.000002
v -1.290930 64.980003 -0.000002
v 0.000000 68.651405 -4.977572
v 3.759879 68.565903 -18.790203
v -0.000001 65.916901 -21.308002
v -0.000001 64.803001 -18.790205
v -0.000001 68.565903 -15.030402
v -0.000001 65.916901 -16.275501
v -3.759881 68.565903 -18.790203
v 6.753749 67.070503 -24.164602
v 6.753750 67.070503 -13.419002
v 5.078279 71.050102 -18.790203
v -0.000001 83.205704 -25.455500
v -0.000001 71.050102 -26.874601
v 4.290899 83.205704 -18.790203
v -0.000001 86.486397 -14.828902
v 4.290899 83.205704 -18.790203
v -0.000001 83.205704 -12.128102
v -0.000001 71.050102 -26.874601
v -6.753751 67.070503 -24.164602
v -0.000001 67.070503 -29.535803
v -0.000001 87.286003 -18.790203
v -4.290901 83.205704 -18.790203
v -0.000001 86.486397 -22.751501
v -5.154580 21.927500 8.465829
v -4.290900 17.453501 7.876830
v -3.817870 17.084301 6.210520
v 0.000000 31.217400 2.600179
v 0.000000 30.082100 5.282750
v 0.000000 28.354702 4.345839
v 0.000000 20.587801 2.923669
v 0.000000 25.440201 4.022339
v -1.818900 20.752600 4.068120
v 2.472000 14.435300 6.164740
v -0.003052 10.367100 2.258370
v 2.639850 9.735401 7.068089
v 5.142370 21.927500 8.465829
v 4.278700 17.453501 7.876830
v 2.276680 14.981501 10.107699
v -0.003051 8.948031 9.280679
v -1.553390 9.332560 12.265399
v -0.003051 9.076200 11.941899
v 1.541180 9.332560 12.265399
v -0.003051 8.389540 13.910298
v -0.003051 10.174900 13.739399
v 2.090520 4.956210 -0.000000
v 0.000000 2.316350 1.730400
v -0.003052 4.956211 3.222749
v 0.000000 -15.234799 0.000000
v -2.102730 -8.841209 0.000001
v 0.000000 -8.841209 3.704950
v 1.818900 20.752600 4.068120
v 0.000000 14.627500 5.746639
v 1.818900 15.030401 7.254250
v 0.000000 1.519820 10.525801
v 0.000001 -3.546250 13.724200
v 1.611381 3.668330 13.287801
v 1.611381 3.668330 13.287801
v 0.000001 -3.546250 13.724200
v 0.000001 0.497452 16.895000
v 1.611381 3.668330 13.287801
v 0.000001 0.497452 16.895000
v -0.003051 7.257300 13.733299
v -0.003051 7.257300 13.733299
v 0.000001 0.497452 16.895000
v -1.623580 3.668330 13.287801
v -0.003051 7.257300 13.733299
v -1.623580 3.668330 13.287801
v -2.151560 6.167790 9.765920
v -2.151560 6.167790 9.765920
v -1.623580 3.668330 13.287801
v -0.003051 4.446549 8.474990
v -2.151560 6.167790 9.765920
v -0.003051 4.446549 8.474990
v -0.003052 4.956211 3.222749
v -0.003052 4.956211 3.222749
v -0.003051 4.446549 8.474990
v 2.139350 6.167790 9.765920
v -0.003052 4.956211 3.222749
v 2.139350 6.167790 9.765920
v 2.639850 9.735401 7.068089
v 2.639850 9.735401 7.068089
v 2.139350 6.167790 9.765920
v -0.003051 7.644891 10.004000
v 2.639850 9.735401 7.068089
v -0.003051 7.644891 10.004000
v -0.003051 8.948031 9.280679
v -0.003051 8.948031 9.280679
v -0.003051 7.644891 10.004000
v -2.652060 9.735401 7.068089
v -0.003051 8.948031 9.280679
v -2.652060 9.735401 7.068089
v -1.553390 9.332560 12.265399
v -1.553390 9.332560 12.265399
v -2.652060 9.735401 7.068089
v -4.077270 11.774001 9.845270
v -1.553390 9.332560 12.265399
v -4.077270 11.774001 9.845270
v -0.003051 12.897099 14.584801
v -0.003051 12.897099 14.584801
v -4.077270 11.774001 9.845270
v -0.003051 13.657001 13.003900
v -0.003051 12.897099 14.584801
v -0.003051 13.657001 13.003900
v 4.068120 11.774001 9.845270
v 4.068120 11.774001 9.845270
v -0.003051 13.657001 13.003900
v 2.276680 14.981501 10.107699
v 4.068120 11.774001 9.845270
v 2.276680 14.981501 10.107699
v 3.543200 13.263301 8.359020
v 3.543200 13.263301 8.359020
v 2.276680 14.981501 10.107699
v 4.278700 17.453501 7.876830
v 3.543200 13.263301 8.359020
v 4.278700 17.453501 7.876830
v 3.805660 17.084301 6.210520
v 3.805660 17.084301 6.210520
v 4.278700 17.453501 7.876830
v 5.142370 21.927500 8.465829
v -0.000001 -3.546250 -13.724200
v 1.611380 3.668329 -13.287801
v -0.000001 0.497452 -16.895000
v -0.000001 0.497452 -16.895000
v 1.611380 3.668329 -13.287801
v -0.003052 7.257299 -13.733301
v -0.000001 0.497452 -16.895000
v -0.003052 7.257299 -13.733301
v -1.623581 3.668329 -13.287801
v -1.623581 3.668329 -13.287801
v -0.003052 7.257299 -13.733301
v -2.151561 6.167789 -9.765920
v -1.623581 3.668329 -13.287801
v -2.151561 6.167789 -9.765920
v -0.003052 4.446549 -8.474990
v -0.003052 4.446549 -8.474990
v -2.151561 6.167789 -9.765920
v -0.003052 4.956210 -3.222750
v -0.003052 4.446549 -8.474990
v -0.003052 4.956210 -3.222750
v 2.139349 6.167789 -9.765920
v 2.139349 6.167789 -9.765920
v -0.003052 4.956210 -3.222750
v 2.639850 9.735399 -7.068090
v 2.139349 6.167789 -9.765920
v 2.639850 9.735399 -7.068090
v -0.003052 7.644890 -10.004002
v -0.003052 7.644890 -10.004002
v 2.639850 9.735399 -7.068090
v -0.003052 8.948030 -9.280681
v -0.003052 7.644890 -10.004002
v -0.003052 8.948030 -9.280681
v -2.652060 9.735399 -7.068090
v -2.652060 9.735399 -7.068090
v -0.003052 8.948030 -9.280681
v -1.553391 9.332560 -12.265401
v -2.652060 9.735399 -7.068090
v -1.553391 9.332560 -12.265401
v -4.077271 11.773999 -9.845270
v -4.077271 11.773999 -9.845270
v -1.553391 9.332560 -12.265401
v -0.003052 12.897099 -14.584801
v -4.077271 11.773999 -9.845270
v -0.003052 12.897099 -14.584801
v -0.003052 13.657000 -13.003901
v -0.003052 13.657000 -13.003901
v -0.003052 12.897099 -14.584801
v 4.068120 11.773999 -9.845270
v -0.003052 13.657000 -13.003901
v 4.068120 11.773999 -9.845270
v 2.276680 14.981499 -10.107699
v 2.276680 14.981499 -10.107699
v 4.068120 11.773999 -9.845270
v 3.543200 13.263299 -8.359020
v 2.276680 14.981499 -10.107699
v 3.543200 13.263299 -8.359020
v 4.278699 17.453501 -7.876831
v 4.278699 17.453501 -7.876831
v 3.543200 13.263299 -8.359020
v 3.805660 17.084301 -6.210520
v 4.278699 17.453501 -7.876831
v 3.805660 17.084301 -6.210520
v 5.142369 21.927500 -8.465831
v -1.290930 64.980003 -0.000002
v -1.290930 66.097000 -4.562522
v 0.000000 68.651405 -4.977572
v 0.000000 68.651405 -4.977572
v -1.290930 66.097000 -4.562522
v -1.290930 69.316696 -8.316292
v 0.000000 68.651405 -4.977572
v -1.290930 69.316696 -8.316292
v 0.000000 72.887405 -8.053833
v 0.000000 72.887405 -8.053833
v -1.290930 69.316696 -8.316292
v -1.162760 75.243401 -10.370203
v 0.000000 72.887405 -8.053833
v -1.162760 75.243401 -10.370203
v 0.000000 78.121300 -8.053832
v 0.000000 78.121300 -8.053832
v -1.162760 75.243401 -10.370203
v -1.290930 81.524101 -8.984652
v 0.000000 78.121300 -8.053832
v -1.290930 81.524101 -8.984652
v 0.000000 82.354202 -4.977572
v 0.000000 82.354202 -4.977572
v -1.290930 81.524101 -8.984652
v -1.290930 83.440697 -5.764952
v 0.000000 82.354202 -4.977572
v -1.290930 83.440697 -5.764952
v -1.290930 85.314499 -0.000002
v -1.290930 85.314499 -0.000002
v -1.290930 83.440697 -5.764952
v -0.003052 86.233101 -1.590013
v -1.290930 85.314499 -0.000002
v -0.003052 86.233101 -1.590013
v 0.000000 87.511803 -0.000003
v 0.000000 87.511803 -0.000003
v -0.003052 86.233101 -1.590013
v 1.281780 85.314499 -0.000002
v 0.000000 87.511803 -0.000003
v 1.281780 85.314499 -0.000002
v -0.003052 85.363297 2.395698
v -0.003052 85.363297 2.395698
v 1.281780 85.314499 -0.000002
v 1.281780 83.440697 5.764948
v -0.003052 85.363297 2.395698
v 1.281780 83.440697 5.764948
v -1.290930 83.440697 5.764948
v -1.290930 83.440697 5.764948
v 1.281780 83.440697 5.764948
v -0.003051 83.864899 9.887998
v -0.000001 67.070503 -29.535803
v 6.753749 67.070503 -24.164602
v -0.000001 71.050102 -26.874601
v -0.000001 71.050102 -26.874601
v 6.753749 67.070503 -24.164602
v 5.078279 71.050102 -18.790203
v -0.000001 71.050102 -26.874601
v 5.078279 71.050102 -18.790203
v 4.290899 83.205704 -18.790203
v 4.290899 83.205704 -18.790203
v 5.078279 71.050102 -18.790203
v 0.000000 71.050102 -10.708902
v 4.290899 83.205704 -18.790203
v 0.000000 71.050102 -10.708902
v -0.000001 83.205704 -12.128102
v -0.000001 83.205704 -12.128102
v 0.000000 71.050102 -10.708902
v -4.290901 83.205704 -18.790203
v -0.000001 83.205704 -12.128102
v -4.290901 83.205704 -18.790203
v -0.000001 86.486397 -14.828902
v -0.000001 86.486397 -14.828902
v -4.290901 83.205704 -18.790203
v -0.000001 87.286003 -18.790203
v -0.000001 86.486397 -14.828902
v -0.000001 87.286003 -18.790203
v 4.290899 83.205704 -18.790203
v 4.290899 83.205704 -18.790203
v -0.000001 87.286003 -18.790203
v -0.000001 86.486397 -22.751501
v 4.290899 83.205704 -18.790203
v -0.000001 86.486397 -22.751501
v -0.000001 83.205704 -25.455500
v -0.000001 83.205704 -25.455500
v -0.000001 86.486397 -22.751501
v -4.290901 83.205704 -18.790203
v -0.000001 83.205704 -25.455500
v -4.290901 83.205704 -18.790203
v -0.000001 71.050102 -26.874601
v -0.000001 71.050102 -26.874601
v -4.290901 83.205704 -18.790203
v -5.078281 71.050102 -18.790203
v -0.000001 71.050102 -26.874601
v -5.078281 71.050102 -18.790203
v -6.753751 67.070503 -24.164602
v -6.753751 67.070503 -24.164602
v -5.078281 71.050102 -18.790203
v -6.753751 67.070503 -13.419002
v 2.719200 98.013199 -12.439304
v 1.965389 96.694794 -14.682504
v 2.710039 93.218796 -15.695703
v 2.710039 93.218796 -15.695703
v 1.965389 96.694794 -14.682504
v 1.696829 94.701996 -16.974403
v 2.710039 93.218796 -15.695703
v 1.696829 94.701996 -16.974403
v 2.826009 92.162796 -16.571604
v 2.826009 92.162796 -16.571604
v 1.696829 94.701996 -16.974403
v -0.000001 93.154701 -20.392504
v 2.826009 92.162796 -16.571604
v -0.000001 93.154701 -20.392504
v 0.656147 92.339897 -21.182905
v 0.656147 92.339897 -21.182905
v -0.000001 93.154701 -20.392504
v -0.000001 92.568703 -21.826805
v 0.656147 92.339897 -21.182905
v -0.000001 92.568703 -21.826805
v -0.000001 89.129295 -20.880804
v -0.000001 89.129295 -20.880804
v -0.000001 92.568703 -21.826805
v -0.656149 92.339897 -21.182905
v -0.000001 89.129295 -20.880804
v -0.656149 92.339897 -21.182905
v -2.826011 92.162796 -16.571604
v -2.826011 92.162796 -16.571604
v -0.656149 92.339897 -21.182905
v -0.000001 93.154701 -20.392504
v -2.826011 92.162796 -16.571604
v -0.000001 93.154701 -20.392504
v -1.696831 94.701996 -16.974403
v -1.696831 94.701996 -16.974403
v -0.000001 93.154701 -20.392504
v -0.000001 94.573799 -19.821804
v -1.696831 94.701996 -16.974403
v -0.000001 94.573799 -19.821804
v -0.000001 95.318504 -16.776003
v -0.000001 95.318504 -16.776003
v -0.000001 94.573799 -19.821804
v 1.696829 94.701996 -16.974403
v -0.000001 95.318504 -16.776003
v 1.696829 94.701996 -16.974403
v 0.683614 95.104805 -15.927603
v 0.000000 1.519819 -10.525801
v -0.003052 4.446549 -8.474990
v 1.611380 3.668329 -13.287801
v 1.611380 3.668329 -13.287801
v -0.003052 4.446549 -8.474990
v 2.139349 6.167789 -9.765920
v 1.611380 3.668329 -13.287801
v 2.139349 6.167789 -9.765920
v -0.003052 7.257299 -13.733301
v -0.003052 7.257299 -13.733301
v 2.139349 6.167789 -9.765920
v -0.003052 7.644890 -10.004002
v -0.003052 7.257299 -13.733301
v -0.003052 7.644890 -10.004002
v -2.151561 6.167789 -9.765920
v -2.151561 6.167789 -9.765920
v -0.003052 7.644890 -10.004002
v -2.652060 9.735399 -7.068090
v -2.151561 6.167789 -9.765920
v -2.652060 9.735399 -7.068090
v -0.003052 4.956210 -3.222750
v -0.003052 4.956210 -3.222750
v -2.652060 9.735399 -7.068090
v -0.003052 10.367100 -2.258371
v -0.003052 4.956210 -3.222750
v -0.003052 10.367100 -2.258371
v 2.639850 9.735399 -7.068090
v 2.639850 9.735399 -7.068090
v -0.003052 10.367100 -2.258371
v 2.472000 14.435300 -6.164741
v 2.639850 9.735399 -7.068090
v 2.472000 14.435300 -6.164741
v 3.543200 13.263299 -8.359020
v 3.543200 13.263299 -8.359020
v 2.472000 14.435300 -6.164741
v 3.805660 17.084301 -6.210520
v 2.639850 9.735401 7.068089
v -0.003051 8.948031 9.280679
v 1.541180 9.332560 12.265399
v 1.541180 9.332560 12.265399
v -0.003051 8.948031 9.280679
v -0.003051 9.076200 11.941899
v 1.541180 9.332560 12.265399
v -0.003051 9.076200 11.941899
v -0.003051 8.389540 13.910298
v -0.003051 8.389540 13.910298
v -0.003051 9.076200 11.941899
v -1.553390 9.332560 12.265399
v -0.003051 8.389540 13.910298
v -1.553390 9.332560 12.265399
v -0.003051 10.174900 13.739399
v -0.003051 10.174900 13.739399
v -1.553390 9.332560 12.265399
v -0.003051 12.897099 14.584801
v -0.003051 10.174900 13.739399
v -0.003051 12.897099 14.584801
v 1.541180 9.332560 12.265399
v 1.541180 9.332560 12.265399
v -0.003051 12.897099 14.584801
v 4.068120 11.774001 9.845270
v 1.541180 9.332560 12.265399
v 4.068120 11.774001 9.845270
v 2.639850 9.735401 7.068089
v 2.639850 9.735401 7.068089
v 4.068120 11.774001 9.845270
v 3.543200 13.263301 8.359020
v 2.639850 9.735401 7.068089
v 3.543200 13.263301 8.359020
v 2.472000 14.435300 6.164740
v 2.472000 14.435300 6.164740
v 3.543200 13.263301 8.359020
v 3.805660 17.084301 6.210520
v 2.090520 4.956210 -0.000000
v -0.003052 4.956210 -3.222750
v 0.000000 2.316350 -1.730400
v 0.000000 2.316350 -1.730400
v -0.003052 4.956210 -3.222750
v -2.102730 4.956210 -0.000000
v 0.000000 2.316350 -1.730400
v -2.102730 4.956210 -0.000000
v 0.000000 -6.537060 -1.730399
v 0.000000 -6.537060 -1.730399
v -2.102730 4.956210 -0.000000
v -2.102730 -8.841209 0.000001
v 0.000000 -6.537060 -1.730399
v -2.102730 -8.841209 0.000001
v 0.000000 -8.841209 -3.704949
v 0.000000 -8.841209 -3.704949
v -2.102730 -8.841209 0.000001
v 0.000000 -15.234799 0.000000
v 0.000000 -8.841209 -3.704949
v 0.000000 -15.234799 0.000000
v 2.090520 -8.841209 0.000001
v 2.090520 -8.841209 0.000001
v 0.000000 -15.234799 0.000000
v 0.000000 -8.841209 3.704950
v 2.090520 -8.841209 0.000001
v 0.000000 -8.841209 3.704950
v 0.000000 -6.537060 1.730400
v 0.000000 -6.537060 1.730400
v 0.000000 -8.841209 3.704950
v -2.102730 -8.841209 0.000001
v 0.000000 -6.537060 1.730400
v -2.102730 -8.841209 0.000001
v -2.102730 4.956210 -0.000000
v 0.000000 87.511803 -0.000003
v -0.003052 85.363297 2.395698
v -1.290930 85.314499 -0.000002
v -1.290930 85.314499 -0.000002
v -0.003052 85.363297 2.395698
v -1.290930 83.440697 5.764948
v -1.290930 85.314499 -0.000002
v -1.290930 83.440697 5.764948
v 0.000000 82.354202 4.977568
v 0.000000 82.354202 4.977568
v -1.290930 83.440697 5.764948
v -1.290930 81.524101 8.984648
v 0.000000 82.354202 4.977568
v -1.290930 81.524101 8.984648
v 0.000000 78.121300 8.053828
v 0.000000 78.121300 8.053828
v -1.290930 81.524101 8.984648
v -1.162760 75.243401 10.370197
v 0.000000 78.121300 8.053828
v -1.162760 75.243401 10.370197
v 0.000000 72.887405 8.053827
v 0.000000 72.887405 8.053827
v -1.162760 75.243401 10.370197
v -1.290930 69.316696 8.316288
v 0.000000 72.887405 8.053827
v -1.290930 69.316696 8.316288
v 0.000000 68.651405 4.977568
v 0.000000 68.651405 4.977568
v -1.290930 69.316696 8.316288
v -1.290930 66.097000 4.562518
v 0.000000 68.651405 4.977568
v -1.290930 66.097000 4.562518
v -1.290930 64.980003 -0.000002
v 1.721240 92.645004 -9.253213
v 1.919609 93.224899 -15.140203
v 1.904349 90.246300 -11.734403
v 1.904349 90.246300 -11.734403
v 1.919609 93.224899 -15.140203
v -0.000001 90.655205 -14.645802
v 1.904349 90.246300 -11.734403
v -0.000001 90.655205 -14.645802
v -0.000001 89.461998 -12.109703
v -0.000001 89.461998 -12.109703
v -0.000001 90.655205 -14.645802
v -1.904350 90.246300 -11.734403
v -0.000001 89.461998 -12.109703
v -1.904350 90.246300 -11.734403
v -0.000001 87.557602 -11.902203
v -0.000001 87.557602 -11.902203
v -1.904350 90.246300 -11.734403
v -2.127141 87.743797 -11.349803
v -0.000001 87.557602 -11.902203
v -2.127141 87.743797 -11.349803
v 0.000000 85.338905 -8.505512
v 0.000000 85.338905 -8.505512
v -2.127141 87.743797 -11.349803
v -2.352980 89.010300 -7.571643
v 0.000000 85.338905 -8.505512
v -2.352980 89.010300 -7.571643
v -0.003052 83.727501 -7.312242
v -0.003052 83.727501 -7.312242
v -2.352980 89.010300 -7.571643
v -1.290930 83.440697 -5.764952
v 3.543200 13.263299 -8.359020
v 4.068120 11.773999 -9.845270
v 2.639850 9.735399 -7.068090
v 2.639850 9.735399 -7.068090
v 4.068120 11.773999 -9.845270
v 1.541180 9.332560 -12.265401
v 2.639850 9.735399 -7.068090
v 1.541180 9.332560 -12.265401
v -0.003052 8.948030 -9.280681
v -0.003052 8.948030 -9.280681
v 1.541180 9.332560 -12.265401
v -0.003052 9.076199 -11.941901
v -0.003052 8.948030 -9.280681
v -0.003052 9.076199 -11.941901
v -1.553391 9.332560 -12.265401
v -1.553391 9.332560 -12.265401
v -0.003052 9.076199 -11.941901
v -0.003052 8.389540 -13.910300
v -1.553391 9.332560 -12.265401
v -0.003052 8.389540 -13.910300
v -0.003052 10.174900 -13.739401
v -0.003052 10.174900 -13.739401
v -0.003052 8.389540 -13.910300
v 1.541180 9.332560 -12.265401
v -0.003052 10.174900 -13.739401
v 1.541180 9.332560 -12.265401
v -0.003052 12.897099 -14.584801
v -0.003052 12.897099 -14.584801
v 1.541180 9.332560 -12.265401
v 4.068120 11.773999 -9.845270
v 1.281780 64.980003 -0.000002
v 1.281780 66.097000 4.562518
v 0.000000 68.651405 4.977568
v 0.000000 68.651405 4.977568
v 1.281780 66.097000 4.562518
v 1.281780 69.316696 8.316288
v 0.000000 68.651405 4.977568
v 1.281780 69.316696 8.316288
v 0.000000 72.887405 8.053827
v 0.000000 72.887405 8.053827
v 1.281780 69.316696 8.316288
v 1.413010 75.243401 10.370197
v 0.000000 72.887405 8.053827
v 1.413010 75.243401 10.370197
v 0.000000 78.121300 8.053828
v 0.000000 78.121300 8.053828
v 1.413010 75.243401 10.370197
v 1.281780 81.524101 8.984648
v 0.000000 78.121300 8.053828
v 1.281780 81.524101 8.984648
v 0.000000 82.354202 4.977568
v 0.000000 82.354202 4.977568
v 1.281780 81.524101 8.984648
v 1.281780 83.440697 5.764948
v 0.000000 82.354202 4.977568
v 1.281780 83.440697 5.764948
v 1.281780 85.314499 -0.000002
v 1.281780 85.314499 -0.000002
v 1.281780 83.440697 -5.764952
v 0.000000 82.354202 -4.977572
v 0.000000 82.354202 -4.977572
v 1.281780 83.440697 -5.764952
v 1.281780 81.524101 -8.984652
v 0.000000 82.354202 -4.977572
v 1.281780 81.524101 -8.984652
v 0.000000 78.121300 -8.053832
v 0.000000 78.121300 -8.053832
v 1.281780 81.524101 -8.984652
v 1.413010 75.243401 -10.370203
v 0.000000 78.121300 -8.053832
v 1.413010 75.243401 -10.370203
v 0.000000 72.887405 -8.053833
v 0.000000 72.887405 -8.053833
v 1.413010 75.243401 -10.370203
v 1.281780 69.316696 -8.316292
v 0.000000 72.887405 -8.053833
v 1.281780 69.316696 -8.316292
v 0.000000 68.651405 -4.977572
v 0.000000 68.651405 -4.977572
v 1.281780 69.316696 -8.316292
v 1.281780 66.097000 -4.562522
v 0.000000 68.651405 -4.977572
v 1.281780 66.097000 -4.562522
v 1.281780 64.980003 -0.000002
v 2.639850 9.735401 7.068089
v -0.003052 10.367100 2.258370
v -0.003052 4.956211 3.222749
v -0.003052 4.956211 3.222749
v -0.003052 10.367100 2.258370
v -2.652060 9.735401 7.068089
v -0.003052 4.956211 3.222749
v -2.652060 9.735401 7.068089
v -2.151560 6.167790 9.765920
v -2.151560 6.167790 9.765920
v -2.652060 9.735401 7.068089
v -0.003051 7.644891 10.004000
v -2.151560 6.167790 9.765920
v -0.003051 7.644891 10.004000
v -0.003051 7.257300 13.733299
v -0.003051 7.257300 13.733299
v -0.003051 7.644891 10.004000
v 2.139350 6.167790 9.765920
v -0.003051 7.257300 13.733299
v 2.139350 6.167790 9.765920
v 1.611381 3.668330 13.287801
v 1.611381 3.668330 13.287801
v 2.139350 6.167790 9.765920
v -0.003051 4.446549 8.474990
v 1.611381 3.668330 13.287801
v -0.003051 4.446549 8.474990
v 0.000000 1.519820 10.525801
v -1.290930 81.524101 -8.984652
v -1.162760 75.243401 -10.370203
v 1.413010 75.243401 -10.370203
v 1.413010 75.243401 -10.370203
v -1.162760 75.243401 -10.370203
v -1.290930 69.316696 -8.316292
v 1.413010 75.243401 -10.370203
v -1.290930 69.316696 -8.316292
v 1.281780 69.316696 -8.316292
v 1.281780 69.316696 -8.316292
v -1.290930 69.316696 -8.316292
v -1.290930 66.097000 -4.562522
v 1.281780 69.316696 -8.316292
v -1.290930 66.097000 -4.562522
v 1.281780 66.097000 -4.562522
v 1.281780 66.097000 -4.562522
v -1.290930 66.097000 -4.562522
v -1.290930 64.980003 -0.000002
v 1.281780 66.097000 -4.562522
v -1.290930 64.980003 -0.000002
v 1.281780 64.980003 -0.000002
v 1.281780 64.980003 -0.000002
v -1.290930 64.980003 -0.000002
v 1.281780 66.097000 4.562518
v -0.003052 10.367100 2.258370
v -2.484210 14.435300 6.164740
v -2.652060 9.735401 7.068089
v -2.652060 9.735401 7.068089
v -2.484210 14.435300 6.164740
v -3.555409 13.263301 8.359020
v -2.652060 9.735401 7.068089
v -3.555409 13.263301 8.359020
v -4.077270 11.774001 9.845270
v -4.077270 11.774001 9.845270
v -3.555409 13.263301 8.359020
v -2.288890 14.981501 10.107699
v -4.077270 11.774001 9.845270
v -2.288890 14.981501 10.107699
v -0.003051 13.657001 13.003900
v -0.003051 13.657001 13.003900
v -2.288890 14.981501 10.107699
v -0.003051 15.479000 11.313200
v -0.003051 13.657001 13.003900
v -0.003051 15.479000 11.313200
v 2.276680 14.981501 10.107699
v 2.276680 14.981501 10.107699
v -0.003051 15.479000 11.313200
v 1.843320 15.411801 8.124029
v 0.000000 64.009499 1.760918
v 0.000000 65.218102 4.446548
v 0.000000 64.009499 5.282748
v 0.000000 62.800999 2.600178
v 0.000000 64.009499 5.282748
v 0.000000 62.800999 4.446548
v 0.000000 32.975300 0.921658
v 0.000000 32.975300 -0.921660
v 0.000000 62.800999 0.921657
v 0.000000 62.800999 0.921657
v 0.000000 32.975300 -0.921660
v 0.000000 62.800999 -0.921661
v 0.000000 62.800999 0.921657
v 0.000000 62.800999 -0.921661
v 0.000000 64.009499 1.760918
v 0.000000 64.009499 1.760918
v 0.000000 62.800999 -0.921661
v 0.000000 64.009499 -1.760922
v -1.818900 35.468597 -0.000001
v 0.000000 31.681299 -0.000001
v -1.818900 25.495201 -6.176951
v -1.818900 25.495201 -6.176951
v 0.000000 31.681299 -0.000001
v 0.000000 25.440201 -4.022341
v -1.818900 25.495201 -6.176951
v 0.000000 25.440201 -4.022341
v -1.818900 20.752600 -4.068120
v -1.818900 20.752600 -4.068120
v 0.000000 25.440201 -4.022341
v 0.000000 20.587801 -2.923671
v -1.818900 20.752600 -4.068120
v 0.000000 20.587801 -2.923671
v 0.000000 14.627500 -5.746640
v 0.000000 14.627500 -5.746640
v 0.000000 20.587801 -2.923671
v 1.818900 20.752600 -4.068120
v 0.000000 14.627500 -5.746640
v 1.818900 20.752600 -4.068120
v 1.818900 15.030399 -7.254251
v -2.484210 14.435300 -6.164741
v -2.652060 9.735399 -7.068090
v -3.555410 13.263299 -8.359020
v -3.555410 13.263299 -8.359020
v -2.652060 9.735399 -7.068090
v -4.077271 11.773999 -9.845270
v -3.555410 13.263299 -8.359020
v -4.077271 11.773999 -9.845270
v -2.288891 14.981499 -10.107699
v -2.288891 14.981499 -10.107699
v -4.077271 11.773999 -9.845270
v -0.003052 13.657000 -13.003901
v -2.288891 14.981499 -10.107699
v -0.003052 13.657000 -13.003901
v -0.003052 15.479000 -11.313200
v -0.003052 15.479000 -11.313200
v -0.003052 13.657000 -13.003901
v 2.276680 14.981499 -10.107699
v -0.003052 15.479000 -11.313200
v 2.276680 14.981499 -10.107699
v 1.843320 15.411799 -8.124029
v 1.818900 35.468597 -0.000002
v 0.000000 31.681299 -0.000001
v 1.818900 25.495201 6.176949
v 1.818900 25.495201 6.176949
v 0.000000 31.681299 -0.000001
v 0.000000 25.440201 4.022339
v 1.818900 25.495201 6.176949
v 0.000000 25.440201 4.022339
v 1.818900 20.752600 4.068120
v 1.818900 20.752600 4.068120
v 0.000000 25.440201 4.022339
v 0.000000 20.587801 2.923669
v 1.818900 20.752600 4.068120
v 0.000000 20.587801 2.923669
v 0.000000 14.627500 5.746639
v 0.000000 14.627500 5.746639
v 0.000000 20.587801 2.923669
v -1.818900 20.752600 4.068120
v 0.000000 14.627500 5.746639
v -1.818900 20.752600 4.068120
v -1.818900 15.030401 7.254250
v -1.818900 25.495201 6.176949
v -1.818900 35.468597 -0.000001
v 1.818900 35.468597 -0.000002
v 1.818900 35.468597 -0.000002
v -1.818900 35.468597 -0.000001
v -1.818900 25.495201 -6.176951
v 1.818900 35.468597 -0.000002
v -1.818900 25.495201 -6.176951
v 1.818900 25.495201 -6.176951
v 1.818900 25.495201 -6.176951
v -1.818900 25.495201 -6.176951
v -1.818900 20.752600 -4.068120
v 1.818900 25.495201 -6.176951
v -1.818900 20.752600 -4.068120
v 1.818900 20.752600 -4.068120
v 1.818900 20.752600 -4.068120
v -1.818900 20.752600 -4.068120
v -1.818900 15.030399 -7.254251
v 1.818900 20.752600 -4.068120
v -1.818900 15.030399 -7.254251
v 1.818900 15.030399 -7.254251
v 0.000000 64.009499 5.282748
v 0.000000 62.800999 2.600178
v 0.000000 64.009499 1.760918
v 0.000000 62.800999 4.446548
v 0.000000 31.217400 2.600179
v 0.000000 62.800999 2.600178
v 0.000000 62.800999 4.446548
v 0.000000 31.217400 4.446548
v 0.000000 31.217400 2.600179
v 0.000000 31.217400 4.446548
v 0.000000 30.082100 5.282750
v 0.000000 31.217400 2.600179
v -0.000001 68.565903 -15.030402
v 3.759879 68.565903 -18.790203
v -0.000001 65.916901 -16.275501
v -0.000001 65.916901 -16.275501
v 3.759879 68.565903 -18.790203
v -0.000001 64.803001 -18.790205
v -0.000001 65.916901 -16.275501
v -0.000001 64.803001 -18.790205
v -3.759881 68.565903 -18.790203
v -3.759881 68.565903 -18.790203
v -0.000001 64.803001 -18.790205
v -0.000001 65.916901 -21.308002
v -3.759881 68.565903 -18.790203
v -0.000001 65.916901 -21.308002
v -0.000001 68.565903 -22.553202
v -0.000001 68.565903 -22.553202
v -0.000001 65.916901 -21.308002
v 3.759879 68.565903 -18.790203
v 0.000000 -6.537060 -1.730399
v 2.090520 -8.841209 0.000001
v 2.090520 4.956210 -0.000000
v 2.090520 4.956210 -0.000000
v 2.090520 -8.841209 0.000001
v 0.000000 -6.537060 1.730400
v 2.090520 4.956210 -0.000000
v 0.000000 -6.537060 1.730400
v 0.000000 2.316350 1.730400
v 0.000000 2.316350 1.730400
v 0.000000 -6.537060 1.730400
v -2.102730 4.956210 -0.000000
v 0.000000 2.316350 1.730400
v -2.102730 4.956210 -0.000000
v -0.003052 4.956211 3.222749
v -0.000001 95.318504 -16.776003
v 0.683614 95.104805 -15.927603
v 0.000000 94.061104 -8.941923
v 0.000000 94.061104 -8.941923
v 0.683614 95.104805 -15.927603
v 1.721240 92.645004 -9.253213
v 0.000000 94.061104 -8.941923
v 1.721240 92.645004 -9.253213
v -0.003052 86.233101 -1.590013
v -0.003052 86.233101 -1.590013
v 1.721240 92.645004 -9.253213
v 2.352980 89.010300 -7.571643
v -0.003052 86.233101 -1.590013
v 2.352980 89.010300 -7.571643
v 1.281780 83.440697 -5.764952
v 1.721240 92.645004 -9.253213
v 1.904349 90.246300 -11.734403
v 4.223759 93.240097 -6.033513
v 4.223759 93.240097 -6.033513
v 1.904349 90.246300 -11.734403
v 2.127140 87.743797 -11.349803
v 4.223759 93.240097 -6.033513
v 2.127140 87.743797 -11.349803
v 2.352980 89.010300 -7.571643
v 2.352980 89.010300 -7.571643
v 2.127140 87.743797 -11.349803
v 0.000000 85.338905 -8.505512
v 2.352980 89.010300 -7.571643
v 0.000000 85.338905 -8.505512
v -0.003052 83.727501 -7.312242
v -0.000001 89.129295 -20.880804
v 1.983699 89.538300 -15.915402
v 2.826009 92.162796 -16.571604
v 2.826009 92.162796 -16.571604
v 1.983699 89.538300 -15.915402
v 2.032529 91.326599 -14.755703
v 2.826009 92.162796 -16.571604
v 2.032529 91.326599 -14.755703
v 2.710039 93.218796 -15.695703
v 2.710039 93.218796 -15.695703
v 2.032529 91.326599 -14.755703
v 1.919609 93.224899 -15.140203
v 2.710039 93.218796 -15.695703
v 1.919609 93.224899 -15.140203
v 3.372300 93.240097 -13.580702
v -1.290930 83.440697 -5.764952
v -2.352980 89.010300 -7.571643
v -0.003052 86.233101 -1.590013
v -0.003052 86.233101 -1.590013
v -2.352980 89.010300 -7.571643
v -1.721240 92.645004 -9.253213
v -0.003052 86.233101 -1.590013
v -1.721240 92.645004 -9.253213
v 0.000000 94.061104 -8.941923
v 0.000000 94.061104 -8.941923
v -1.721240 92.645004 -9.253213
v -0.683616 95.104805 -15.927603
v 0.000000 94.061104 -8.941923
v -0.683616 95.104805 -15.927603
v -0.000001 95.318504 -16.776003
v 1.696829 94.701996 -16.974403
v 1.965389 96.694794 -14.682504
v 0.683614 95.104805 -15.927603
v 0.683614 95.104805 -15.927603
v 1.965389 96.694794 -14.682504
v 2.401809 96.945099 -12.445404
v 0.683614 95.104805 -15.927603
v 2.401809 96.945099 -12.445404
v 1.919609 93.224899 -15.140203
v 1.919609 93.224899 -15.140203
v 2.401809 96.945099 -12.445404
v 3.595079 95.568695 -11.893105
v 1.919609 93.224899 -15.140203
v 3.595079 95.568695 -11.893105
v 3.372300 93.240097 -13.580702
v -3.372301 93.240097 -13.580702
v -3.595080 95.568695 -11.893105
v -1.919611 93.224899 -15.140203
v -1.919611 93.224899 -15.140203
v -3.595080 95.568695 -11.893105
v -2.401810 96.945099 -12.445404
v -1.919611 93.224899 -15.140203
v -2.401810 96.945099 -12.445404
v -0.683616 95.104805 -15.927603
v -0.683616 95.104805 -15.927603
v -2.401810 96.945099 -12.445404
v -1.965391 96.694794 -14.682504
v -0.683616 95.104805 -15.927603
v -1.965391 96.694794 -14.682504
v -1.696831 94.701996 -16.974403
v -3.372301 93.240097 -13.580702
v -1.919611 93.224899 -15.140203
v -2.710041 93.218796 -15.695703
v -2.710041 93.218796 -15.695703
v -1.919611 93.224899 -15.140203
v -2.032531 91.326599 -14.755703
v -2.710041 93.218796 -15.695703
v -2.032531 91.326599 -14.755703
v -2.826011 92.162796 -16.571604
v -2.826011 92.162796 -16.571604
v -2.032531 91.326599 -14.755703
v -1.983701 89.538300 -15.915402
v -2.826011 92.162796 -16.571604
v -1.983701 89.538300 -15.915402
v -0.000001 89.129295 -20.880804
v 0.000000 28.354702 -4.345841
v 0.000000 30.082100 -5.282752
v 0.000000 31.217400 -2.600180
v 0.000000 31.217400 -2.600180
v 0.000000 30.082100 -5.282752
v 0.000000 31.217400 -4.443491
v 0.000000 62.800999 -2.600182
v 0.000000 31.217400 -4.443491
v 0.000000 62.800999 -4.443492
v 0.000000 62.800999 -2.600182
v 0.000000 62.800999 -4.443492
v 0.000000 64.009499 -5.282752
v 0.000000 65.218102 -0.000002
v 0.000000 64.009499 1.760918
v 0.000000 64.009499 -1.760922
v 0.000000 62.800999 -2.600182
v 0.000000 31.217400 -2.600180
v 0.000000 31.217400 -4.443491
v -1.162760 75.243401 10.370197
v 1.413010 75.243401 10.370197
v -1.290930 69.316696 8.316288
v -1.290930 69.316696 8.316288
v 1.413010 75.243401 10.370197
v 1.281780 69.316696 8.316288
v -1.290930 69.316696 8.316288
v 1.281780 69.316696 8.316288
v -1.290930 66.097000 4.562518
v -1.290930 66.097000 4.562518
v 1.281780 69.316696 8.316288
v 1.281780 66.097000 4.562518
v -1.290930 66.097000 4.562518
v 1.281780 66.097000 4.562518
v -1.290930 64.980003 -0.000002
v 1.818900 15.030401 7.254250
v -1.818900 15.030401 7.254250
v 1.818900 20.752600 4.068120
v 1.818900 20.752600 4.068120
v -1.818900 15.030401 7.254250
v -1.818900 20.752600 4.068120
v 1.818900 20.752600 4.068120
v -1.818900 20.752600 4.068120
v 1.818900 25.495201 6.176949
v 1.818900 25.495201 6.176949
v -1.818900 20.752600 4.068120
v -1.818900 25.495201 6.176949
v 1.818900 25.495201 6.176949
v -1.818900 25.495201 6.176949
v 1.818900 35.468597 -0.000002
v -2.288891 14.981499 -10.107699
v -5.154581 21.927500 -8.465831
v -4.290901 17.453501 -7.876831
v -4.290901 17.453501 -7.876831
v -5.154581 21.927500 -8.465831
v -3.817870 17.084301 -6.210520
v -4.290901 17.453501 -7.876831
v -3.817870 17.084301 -6.210520
v -3.555410 13.263299 -8.359020
v -3.555410 13.263299 -8.359020
v -3.817870 17.084301 -6.210520
v -2.484210 14.435300 -6.164741
v -3.198341 99.792496 -10.922604
v -3.595080 95.568695 -11.893105
v -2.719201 98.013199 -12.439304
v -2.719201 98.013199 -12.439304
v -3.595080 95.568695 -11.893105
v -2.710041 93.218796 -15.695703
v -2.719201 98.013199 -12.439304
v -2.710041 93.218796 -15.695703
v -1.965391 96.694794 -14.682504
v -1.965391 96.694794 -14.682504
v -2.710041 93.218796 -15.695703
v -1.696831 94.701996 -16.974403
v -1.919611 93.224899 -15.140203
v -1.721240 92.645004 -9.253213
v -1.904350 90.246300 -11.734403
v -1.904350 90.246300 -11.734403
v -1.721240 92.645004 -9.253213
v -4.223760 93.240097 -6.033513
v -1.904350 90.246300 -11.734403
v -4.223760 93.240097 -6.033513
v -2.127141 87.743797 -11.349803
v -2.127141 87.743797 -11.349803
v -4.223760 93.240097 -6.033513
v -2.352980 89.010300 -7.571643
v -0.003052 4.956210 -3.222750
v 2.090520 4.956210 -0.000000
v 2.090520 10.367100 -0.000001
v 2.090520 10.367100 -0.000001
v 2.090520 4.956210 -0.000000
v -0.003052 4.956211 3.222749
v 2.090520 10.367100 -0.000001
v -0.003052 4.956211 3.222749
v -0.003052 10.367100 2.258370
v -0.003052 10.367100 2.258370
v -0.003052 4.956211 3.222749
v -2.102730 10.367100 0.000000
v 2.090520 10.367100 -0.000001
v -0.003052 10.367100 -2.258371
v -0.003052 4.956210 -3.222750
v -0.003052 4.956210 -3.222750
v -0.003052 10.367100 -2.258371
v -2.102730 10.367100 0.000000
v -0.003052 4.956210 -3.222750
v -2.102730 10.367100 0.000000
v -2.102730 4.956210 -0.000000
v -2.102730 4.956210 -0.000000
v -2.102730 10.367100 0.000000
v -0.003052 4.956211 3.222749
v -0.003052 10.367100 -2.258371
v -2.484210 14.435300 -6.164741
v -0.003052 16.132099 -6.790371
v -0.003052 16.132099 -6.790371
v -2.484210 14.435300 -6.164741
v -1.855530 15.411799 -8.124029
v -0.003052 16.132099 -6.790371
v -1.855530 15.411799 -8.124029
v -0.003052 15.479000 -11.313200
v -0.003052 15.479000 -11.313200
v -1.855530 15.411799 -8.124029
v -2.288891 14.981499 -10.107699
v -5.154580 21.927500 8.465829
v -2.288890 14.981501 10.107699
v -4.290900 17.453501 7.876830
v -4.290900 17.453501 7.876830
v -2.288890 14.981501 10.107699
v -3.555409 13.263301 8.359020
v -4.290900 17.453501 7.876830
v -3.555409 13.263301 8.359020
v -3.817870 17.084301 6.210520
v -3.817870 17.084301 6.210520
v -3.555409 13.263301 8.359020
v -2.484210 14.435300 6.164740
v 2.472000 14.435300 6.164740
v 1.843320 15.411801 8.124029
v -0.003052 16.132099 6.790369
v -0.003052 16.132099 6.790369
v 1.843320 15.411801 8.124029
v -0.003051 15.479000 11.313200
v -0.003052 16.132099 6.790369
v -0.003051 15.479000 11.313200
v -1.855530 15.411801 8.124029
v -1.855530 15.411801 8.124029
v -0.003051 15.479000 11.313200
v -2.288890 14.981501 10.107699
v -2.484210 14.435300 -6.164741
v -3.817870 17.084301 -6.210520
v -1.855530 15.411799 -8.124029
v -1.855530 15.411799 -8.124029
v -3.817870 17.084301 -6.210520
v -5.154581 21.927500 -8.465831
v -1.855530 15.411799 -8.124029
v -5.154581 21.927500 -8.465831
v -2.288891 14.981499 -10.107699
v 1.919609 93.224899 -15.140203
v 2.032529 91.326599 -14.755703
v -0.000001 90.655205 -14.645802
v -0.000001 90.655205 -14.645802
v 2.032529 91.326599 -14.755703
v 1.983699 89.538300 -15.915402
v -0.000001 90.655205 -14.645802
v 1.983699 89.538300 -15.915402
v -0.000001 89.129295 -20.880804
v 0.000000 85.338905 -8.505512
v 2.127140 87.743797 -11.349803
v -0.000001 87.557602 -11.902203
v -0.000001 87.557602 -11.902203
v 2.127140 87.743797 -11.349803
v 1.904349 90.246300 -11.734403
v -0.000001 87.557602 -11.902203
v 1.904349 90.246300 -11.734403
v -0.000001 89.461998 -12.109703
v -0.000001 89.129295 -20.880804
v -1.983701 89.538300 -15.915402
v -0.000001 90.655205 -14.645802
v -0.000001 90.655205 -14.645802
v -1.983701 89.538300 -15.915402
v -2.032531 91.326599 -14.755703
v -0.000001 90.655205 -14.645802
v -2.032531 91.326599 -14.755703
v -1.919611 93.224899 -15.140203
v 3.198340 99.792496 -10.922604
v 2.719200 98.013199 -12.439304
v 3.595079 95.568695 -11.893105
v 3.595079 95.568695 -11.893105
v 2.719200 98.013199 -12.439304
v 2.710039 93.218796 -15.695703
v 3.595079 95.568695 -11.893105
v 2.710039 93.218796 -15.695703
v 3.372300 93.240097 -13.580702
v 1.965389 96.694794 -14.682504
v 2.719200 98.013199 -12.439304
v 2.401809 96.945099 -12.445404
v 2.401809 96.945099 -12.445404
v 2.719200 98.013199 -12.439304
v 3.198340 99.792496 -10.922604
v 2.401809 96.945099 -12.445404
v 3.198340 99.792496 -10.922604
v 3.595079 95.568695 -11.893105
v -3.595080 95.568695 -11.893105
v -3.198341 99.792496 -10.922604
v -2.401810 96.945099 -12.445404
v -2.401810 96.945099 -12.445404
v -3.198341 99.792496 -10.922604
v -2.719201 98.013199 -12.439304
v -2.401810 96.945099 -12.445404
v -2.719201 98.013199 -12.439304
v -1.965391 96.694794 -14.682504
v -0.003052 15.479000 -11.313200
v 1.843320 15.411799 -8.124029
v -0.003052 16.132099 -6.790371
v -0.003052 16.132099 -6.790371
v 1.843320 15.411799 -8.124029
v 2.472000 14.435300 -6.164741
v -0.003052 16.132099 -6.790371
v 2.472000 14.435300 -6.164741
v -0.003052 10.367100 -2.258371
v 0.000000 31.681299 -0.000001
v 1.818900 25.495201 -6.176951
v 0.000000 25.440201 -4.022341
v 0.000000 25.440201 -4.022341
v 1.818900 25.495201 -6.176951
v 1.818900 20.752600 -4.068120
v 0.000000 25.440201 -4.022341
v 1.818900 20.752600 -4.068120
v 0.000000 20.587801 -2.923671
v 2.276680 14.981499 -10.107699
v 5.142369 21.927500 -8.465831
v 1.843320 15.411799 -8.124029
v 1.843320 15.411799 -8.124029
v 5.142369 21.927500 -8.465831
v 3.805660 17.084301 -6.210520
v 1.843320 15.411799 -8.124029
v 3.805660 17.084301 -6.210520
v 2.472000 14.435300 -6.164741
v -1.290930 81.524101 -8.984652
v -0.003052 83.864899 -9.888003
v -0.003052 83.727501 -7.312242
v -0.003052 83.727501 -7.312242
v -0.003052 83.864899 -9.888003
v 1.281780 81.524101 -8.984652
v -0.003052 83.727501 -7.312242
v 1.281780 81.524101 -8.984652
v 1.281780 83.440697 -5.764952
v 0.000000 82.354202 4.977568
v 1.281780 85.314499 -0.000002
v 0.000000 83.971695 -0.000002
v 0.000000 83.971695 -0.000002
v 1.281780 85.314499 -0.000002
v 0.000000 82.354202 -4.977572
v 0.000000 83.971695 -0.000002
v 0.000000 82.354202 -4.977572
v -1.290930 85.314499 -0.000002
v -0.003051 83.864899 9.887998
v 1.281780 81.524101 8.984648
v -1.290930 81.524101 8.984648
v -1.290930 81.524101 8.984648
v 1.281780 81.524101 8.984648
v 1.413010 75.243401 10.370197
v -1.290930 81.524101 8.984648
v 1.413010 75.243401 10.370197
v -1.162760 75.243401 10.370197
v 0.000000 68.651405 -4.977572
v 1.281780 64.980003 -0.000002
v 0.000000 67.033897 -0.000002
v 0.000000 67.033897 -0.000002
v 1.281780 64.980003 -0.000002
v 0.000000 68.651405 4.977568
v 0.000000 67.033897 -0.000002
v 0.000000 68.651405 4.977568
v -1.290930 64.980003 -0.000002
v 6.753749 67.070503 -24.164602
v -0.000001 67.070503 -29.535803
v -0.000001 68.547600 -18.790203
v -0.000001 68.547600 -18.790203
v -0.000001 67.070503 -29.535803
v -6.753751 67.070503 -24.164602
v -0.000001 68.547600 -18.790203
v -6.753751 67.070503 -24.164602
v -6.753751 67.070503 -13.419002
v 5.078279 71.050102 -18.790203
v 6.753750 67.070503 -13.419002
v 0.000000 71.050102 -10.708902
v 0.000000 71.050102 -10.708902
v 6.753750 67.070503 -13.419002
v 0.000000 67.070503 -8.047731
v 0.000000 71.050102 -10.708902
v 0.000000 67.070503 -8.047731
v -6.753751 67.070503 -13.419002
v -6.753751 67.070503 -13.419002
v 0.000000 67.070503 -8.047731
v -0.000001 68.547600 -18.790203
v -0.000001 68.547600 -18.790203
v 0.000000 67.070503 -8.047731
v 6.753750 67.070503 -13.419002
v -0.000001 68.547600 -18.790203
v 6.753750 67.070503 -13.419002
v 6.753749 67.070503 -24.164602
v -2.288890 14.981501 10.107699
v -5.154580 21.927500 8.465829
v -1.855530 15.411801 8.124029
v -1.855530 15.411801 8.124029
v -5.154580 21.927500 8.465829
v -3.817870 17.084301 6.210520
v -1.855530 15.411801 8.124029
v -3.817870 17.084301 6.210520
v -2.484210 14.435300 6.164740
v -1.818900 20.752600 4.068120
v 0.000000 25.440201 4.022339
v -1.818900 25.495201 6.176949
v -1.818900 25.495201 6.176949
v 0.000000 25.440201 4.022339
v 0.000000 31.681299 -0.000001
v -1.818900 25.495201 6.176949
v 0.000000 31.681299 -0.000001
v -1.818900 35.468597 -0.000001
v -1.855530 15.411801 8.124029
v -2.484210 14.435300 6.164740
v -0.003052 16.132099 6.790369
v -0.003052 16.132099 6.790369
v -2.484210 14.435300 6.164740
v -0.003052 10.367100 2.258370
v -0.003052 16.132099 6.790369
v -0.003052 10.367100 2.258370
v 2.472000 14.435300 6.164740
v 2.472000 14.435300 6.164740
v 3.805660 17.084301 6.210520
v 1.843320 15.411801 8.124029
v 1.843320 15.411801 8.124029
v 3.805660 17.084301 6.210520
v 5.142370 21.927500 8.465829
v 1.843320 15.411801 8.124029
v 5.142370 21.927500 8.465829
v 2.276680 14.981501 10.107699
v -0.000001 88.909599 -21.082205
v -0.000001 86.617599 -16.501402
v -0.000001 86.617599 -21.082203
v -0.000001 88.909599 -16.501404
v -0.000001 86.617599 -16.501402
v -0.000001 88.909599 -21.082205
v -1.794491 87.795700 -18.790203
v 1.794489 87.795700 -18.790203
v -1.794491 91.387703 -18.790205
v 1.794489 87.795700 -18.790203
v -1.794491 91.387703 -18.790205
v 1.794489 91.387703 -18.790205
v 0.000000 -13.608200 -6.494340
v 0.000000 -16.596001 -8.157599
v 0.000000 -14.435301 -8.789329
v -0.000001 0.497452 -16.895000
v -1.623581 3.668329 -13.287801
v -0.000001 -3.546250 -13.724200
v -0.003052 4.446549 -8.474990
v 0.000000 1.519819 -10.525801
v -1.623581 3.668329 -13.287801
v 0.000000 -13.608198 6.494341
v 0.000000 -14.435299 8.789330
v 0.000000 -16.596001 8.157598
v 0.000001 -3.546250 13.724200
v -1.623580 3.668330 13.287801
v 0.000001 0.497452 16.895000
v -1.623580 3.668330 13.287801
v 0.000000 1.519820 10.525801
v -0.003051 4.446549 8.474990
v 0.000000 1.519819 -10.525801
v 0.000000 -2.841270 -10.599100
v -0.000001 -3.546250 -13.724200
v 0.000000 -6.106750 -8.310190
v 0.000000 -8.536032 -7.617421
v 0.000000 -7.092500 -11.212500
v 0.000000 -6.106750 -8.310190
v 0.000000 -7.281721 -4.449601
v 0.000000 -8.536032 -7.617421
v 0.000000 -7.281721 -4.449601
v 0.000000 -10.931700 -2.496409
v 0.000000 -8.536032 -7.617421
v 0.000000 -7.281721 -4.449601
v 0.000000 -6.537060 -1.730399
v 0.000000 -10.931700 -2.496409
v 0.000000 -13.608200 -6.494340
v 0.000000 -12.183002 -8.322400
v 0.000000 -10.110801 -8.664199
v 0.000000 -13.406799 -4.174929
v 0.000000 -8.536032 -7.617421
v 0.000000 -10.931700 -2.496409
v 0.000000 -13.406799 4.174930
v 0.000000 -8.536030 7.617421
v 0.000000 -10.110799 8.664201
v 0.000000 -6.537060 1.730400
v 0.000000 -7.281720 4.449601
v 0.000000 -10.931700 2.496410
v 0.000000 -10.931700 2.496410
v 0.000000 -7.281720 4.449601
v 0.000000 -8.536030 7.617421
v 0.000000 -10.931700 2.496410
v 0.000000 -8.536030 7.617421
v 0.000000 -13.406799 4.174930
v 0.000000 -13.406799 4.174930
v 0.000000 -10.110799 8.664201
v 0.000000 -13.608198 6.494341
v 0.000000 -13.608198 6.494341
v 0.000000 -10.110799 8.664201
v 0.000000 -12.183000 8.322400
v 0.000000 -13.608198 6.494341
v 0.000000 -12.183000 8.322400
v 0.000000 -14.435299 8.789330
v 0.000000 -13.406799 -4.174929
v 0.000000 -10.110801 -8.664199
v 0.000000 -8.536032 -7.617421
v 0.000000 -13.406799 -4.174929
v 0.000000 -13.608200 -6.494340
v 0.000000 -10.110801 -8.664199
v 0.000000 -13.608200 -6.494340
v 0.000000 -14.435301 -8.789329
v 0.000000 -12.183002 -8.322400
v 0.000000 -6.106750 -8.310190
v 0.000000 -7.092500 -11.212500
v 0.000000 -2.841270 -10.599100
v 0.000000 -2.841270 -10.599100
v 0.000000 -7.092500 -11.212500
v -0.000001 -3.546250 -13.724200
v 0.000000 -7.281720 4.449601
v 0.000000 -6.106750 8.310190
v 0.000000 -8.536030 7.617421
v 0.000000 -6.106750 8.310190
v 0.000000 -7.092499 11.212502
v 0.000000 -8.536030 7.617421
v 0.000000 -6.106750 8.310190
v 0.000000 -2.841269 10.599100
v 0.000000 -7.092499 11.212502
v 0.000000 -2.841269 10.599100
v 0.000001 -3.546250 13.724200
v 0.000000 -7.092499 11.212502
v 0.000000 -2.841269 10.599100
v 0.000000 1.519820 10.525801
v 0.000001 -3.546250 13.724200
v 0.000000 82.354202 -4.977572
v 0.000000 83.971695 -0.000002
v 0.000000 78.121300 -8.053832
v 0.000000 25.440201 4.022339
v 0.000000 20.587801 2.923669
v 0.000000 31.681299 -0.000001
v 0.000000 65.218102 -0.000002
v 0.000000 64.009499 -1.760922
v 0.000000 65.218102 -4.443492
v 0.000000 64.009499 1.760918
v 0.000000 65.218102 -0.000002
v 0.000000 65.218102 4.446548
v 0.000000 10.367100 -0.000001
v 0.000000 20.587801 2.923669
v 0.000000 14.627500 5.746639
v 0.000000 31.681299 -0.000001
v 0.000000 20.587801 -2.923671
v 0.000000 25.440201 -4.022341
v 0.000000 31.681299 -0.000001
v 0.000000 20.587801 2.923669
v 0.000000 10.367100 -0.000001
v 0.000000 10.367100 -0.000001
v 0.000000 14.627500 5.746639
v 0.000000 10.367100 2.258370
v 0.000000 31.681299 -0.000001
v 0.000000 10.367100 -0.000001
v 0.000000 20.587801 -2.923671
v 0.000000 10.367100 -0.000001
v 0.000000 14.627500 -5.746640
v 0.000000 20.587801 -2.923671
v 0.000000 10.367100 -0.000001
v 0.000000 10.367100 -2.258371
v 0.000000 14.627500 -5.746640
v 0.000000 67.033897 -0.000002
v 0.000000 68.651405 -4.977572
v 0.000000 83.971695 -0.000002
v 0.000000 83.971695 -0.000002
v 0.000000 68.651405 -4.977572
v 0.000000 72.887405 -8.053833
v 0.000000 83.971695 -0.000002
v 0.000000 72.887405 -8.053833
v 0.000000 78.121300 -8.053832
v 0.000000 83.971695 -0.000002
v 0.000000 68.651405 4.977568
v 0.000000 67.033897 -0.000002
v 0.000000 68.651405 4.977568
v 0.000000 83.971695 -0.000002
v 0.000000 72.887405 8.053827
v 0.000000 83.971695 -0.000002
v 0.000000 78.121300 8.053828
v 0.000000 72.887405 8.053827
v 0.000000 83.971695 -0.000002
v 0.000000 82.354202 4.977568
v 0.000000 78.121300 8.053828
v 1.721240 92.645004 -9.253213
v 4.223759 93.240097 -6.033513
v 2.352980 89.010300 -7.571643
v -2.352980 89.010300 -7.571643
v -4.223760 93.240097 -6.033513
v -1.721240 92.645004 -9.253213
v 5.914490 89.443604 -2.591024
v 2.352980 89.010300 -7.571643
v 5.273600 95.614502 -5.169843
v 5.914490 89.443604 -2.591024
v 5.273600 95.614502 -5.169843
v 8.111820 88.042801 0.701923
v 8.111820 88.042801 0.701923
v 5.273600 95.614502 -5.169843
v 9.613330 97.299103 0.097656
v 8.111820 88.042801 0.701923
v 9.613330 97.299103 0.097656
v 9.466841 89.654198 2.038636
v 9.466841 89.654198 2.038636
v 9.613330 97.299103 0.097656
v 11.932700 92.742699 4.437387
v -9.466841 89.654198 2.038637
v -8.111820 88.042801 0.701923
v -9.613330 97.299103 0.097657
v -5.914490 89.443604 -2.591023
v -2.352980 89.010300 -7.571643
v -5.273600 95.614502 -5.169843
v 6.192210 100.000000 -5.172894
v 4.528950 97.952202 -7.049784
v 4.727320 99.755898 -7.312243
v -6.192210 100.000000 -5.172893
v -5.273600 95.614502 -5.169843
v -4.528951 97.952202 -7.049784
v -6.192210 100.000000 -5.172893
v -9.613330 97.299103 0.097657
v -5.273600 95.614502 -5.169843
v -0.000001 -3.546250 -13.724200
v -1.623581 3.668329 -13.287801
v 0.000000 1.519819 -10.525801
v 0.000000 1.519820 10.525801
v -1.623580 3.668330 13.287801
v 0.000001 -3.546250 13.724200
v 11.935801 85.259598 6.530957
v 9.466841 89.654198 2.038636
v 11.932700 92.742699 4.437387
v 5.914490 89.443604 -2.591024
v 3.915520 87.411102 -4.666283
v 2.352980 89.010300 -7.571643
v -3.915520 87.411102 -4.666283
v -2.352980 89.010300 -7.571643
v -5.914490 89.443604 -2.591023
v -5.914490 89.443604 -2.591023
v -5.273600 95.614502 -5.169843
v -8.111820 88.042801 0.701923
v -8.111820 88.042801 0.701923
v -5.273600 95.614502 -5.169843
v -9.613330 97.299103 0.097657
v -9.466841 89.654198 2.038637
v -9.613330 97.299103 0.097657
v -11.932700 92.742699 4.437388
v -9.466841 89.654198 2.038637
v -11.932700 92.742699 4.437388
v -11.935801 85.259598 6.530958
v 6.192210 100.000000 -5.172894
v 5.273600 95.614502 -5.169843
v 4.528950 97.952202 -7.049784
v 6.192210 100.000000 -5.172894
v 9.613330 97.299103 0.097656
v 5.273600 95.614502 -5.169843
v -6.192210 100.000000 -5.172893
v -4.528951 97.952202 -7.049784
v -4.727321 99.755898 -7.312243
v 4.171880 -48.417603 0.000002
v 0.000000 -48.417603 -4.171878
v 0.000000 -48.417603 4.171882
v 0.000000 -48.417603 4.171882
v 0.000000 -48.417603 -4.171878
v -4.171880 -48.417603 0.000002
v 2.456740 -41.596699 0.000001
v 0.000000 -41.596699 2.456741
v 0.000000 -39.158298 0.000001
v 0.000000 -48.197903 -1.559498
v -1.559500 -48.197903 0.000002
v 0.000000 -49.815403 0.000002
v 0.000000 -48.417603 4.171882
v -4.171880 -48.417603 0.000002
v -2.835170 -45.603798 0.000001
v -2.835170 -45.603798 0.000001
v -4.171880 -48.417603 0.000002
v 0.000000 -48.417603 -4.171878
v -2.835170 -45.603798 0.000001
v 0.000000 -48.417603 -4.171878
v 0.000000 -45.603798 -2.835169
v 0.000000 -45.603798 -2.835169
v 0.000000 -48.417603 -4.171878
v 2.835170 -45.603798 0.000001
v 0.000000 -45.603798 -2.835169
v 2.835170 -45.603798 0.000001
v 2.456740 -41.596699 0.000001
v 2.456740 -41.596699 0.000001
v 2.835170 -45.603798 0.000001
v 0.000000 -45.603798 2.835171
v 2.456740 -41.596699 0.000001
v 0.000000 -45.603798 2.835171
v 0.000000 -41.596699 2.456741
v 0.000000 -41.596699 2.456741
v 0.000000 -45.603798 2.835171
v -2.456740 -41.596699 0.000001
v 0.000000 -41.596699 2.456741
v -2.456740 -41.596699 0.000001
v 0.000000 -39.158298 0.000001
v 0.000000 -39.158298 0.000001
v -2.456740 -41.596699 0.000001
v 0.000000 -41.596699 -2.456739
v 0.000000 -39.158298 0.000001
v 0.000000 -41.596699 -2.456739
v 2.456740 -41.596699 0.000001
v 2.456740 -41.596699 0.000001
v 0.000000 -41.596699 -2.456739
v 0.000000 -45.603798 -2.835169
v 0.000000 -48.417603 -4.171878
v 4.171880 -48.417603 0.000002
v 2.835170 -45.603798 0.000001
v 2.835170 -45.603798 0.000001
v 4.171880 -48.417603 0.000002
v 0.000000 -48.417603 4.171882
v 2.835170 -45.603798 0.000001
v 0.000000 -48.417603 4.171882
v 0.000000 -45.603798 2.835171
v 0.000000 -45.603798 2.835171
v 0.000000 -48.417603 4.171882
v -2.835170 -45.603798 0.000001
v 0.000000 -45.603798 2.835171
v -2.835170 -45.603798 0.000001
v -2.456740 -41.596699 0.000001
v -2.456740 -41.596699 0.000001
v -2.835170 -45.603798 0.000001
v 0.000000 -45.603798 -2.835169
v -2.456740 -41.596699 0.000001
v 0.000000 -45.603798 -2.835169
v 0.000000 -41.596699 -2.456739
v -1.559500 -48.197903 0.000002
v 0.000000 -48.197903 1.559502
v 0.000000 -49.815403 0.000002
v 0.000000 -49.815403 0.000002
v 0.000000 -48.197903 1.559502
v 1.559500 -48.197903 0.000002
v 0.000000 -49.815403 0.000002
v 1.559500 -48.197903 0.000002
v 0.000000 -48.197903 -1.559498
v -1.788380 -16.800400 0.000000
v 1.788380 -16.800400 0.000000
v -1.788380 -21.552200 0.000001
v -1.788380 -21.552200 0.000001
v 1.788380 -16.800400 0.000000
v 1.788380 -21.552200 0.000001
v 1.788380 -27.439201 0.000001
v 1.788380 -22.687500 0.000001
v -1.788380 -27.439201 0.000001
v -1.788380 -27.439201 0.000001
v 1.788380 -22.687500 0.000001
v -1.788380 -22.687500 0.000001
v -1.788380 -28.577501 0.000001
v 1.788380 -28.577501 0.000001
v -1.788380 -33.329300 0.000002
v -1.788380 -33.329300 0.000002
v 1.788380 -28.577501 0.000001
v 1.788380 -33.329300 0.000001
v -1.788380 -34.464600 0.000002
v 1.788380 -34.464600 0.000001
v -1.788380 -39.216301 0.000001
v -1.788380 -39.216301 0.000001
v 1.788380 -34.464600 0.000001
v 1.788380 -39.216301 0.000001
v 0.000000 -18.607100 -1.788380
v 0.000000 -13.855401 -1.788380
v 0.000000 -18.607100 1.788380
v 0.000000 -18.607100 1.788380
v 0.000000 -13.855401 -1.788380
v 0.000000 -13.855401 1.788380
v 0.000000 -24.497200 -1.788379
v 0.000000 -19.745501 -1.788379
v 0.000000 -24.497200 1.788381
v 0.000000 -24.497200 1.788381
v 0.000000 -19.745501 -1.788379
v 0.000000 -19.745501 1.788381
v 0.000000 -30.384201 -1.788379
v 0.000000 -25.632500 -1.788379
v 0.000000 -30.384201 1.788381
v 0.000000 -30.384201 1.788381
v 0.000000 -25.632500 -1.788379
v 0.000000 -25.632500 1.788381
v 0.000000 -36.274300 -1.788379
v 0.000000 -31.519499 -1.788379
v 0.000000 -36.274300 1.788381
v 0.000000 -36.274300 1.788381
v 0.000000 -31.519499 -1.788379
v 0.000000 -31.519499 1.788381
v 0.857570 35.428898 -0.000001
v 0.857570 65.086800 -0.000002
v -0.857570 65.086800 -0.000002
v 0.000000 65.218102 -4.443492
v 0.000000 66.802002 -4.443492
v 0.000000 65.218102 -0.000002
v 0.000000 64.009499 -5.282752
v 0.000000 65.218102 -4.443492
v 0.000000 64.009499 -1.760922
v 0.000000 64.009499 -1.760922
v 0.000000 62.800999 -2.600182
v 0.000000 64.009499 -5.282752
v 0.857570 35.428898 -0.000001
v -0.857570 65.086800 -0.000002
v -0.857570 35.428898 -0.000001
v 0.000000 65.218102 -0.000002
v 0.000000 66.802002 4.446548
v 0.000000 65.218102 4.446548
v 0.000000 31.217400 2.600179
v 0.000000 30.082100 5.282750
v 0.000000 28.354702 4.345839
v 0.000000 64.009499 1.760918
v 0.000000 65.218102 4.446548
v 0.000000 64.009499 5.282748
v 0.000000 62.800999 2.600178
v 0.000000 64.009499 5.282748
v 0.000000 62.800999 4.446548
v 0.000000 32.975300 0.921658
v 0.000000 32.975300 -0.921660
v 0.000000 62.800999 0.921657
v 0.000000 62.800999 0.921657
v 0.000000 32.975300 -0.921660
v 0.000000 62.800999 -0.921661
v 0.000000 62.800999 0.921657
v 0.000000 62.800999 -0.921661
v 0.000000 64.009499 1.760918
v 0.000000 64.009499 1.760918
v 0.000000 62.800999 -0.921661
v 0.000000 64.009499 -1.760922
v 0.000000 64.009499 5.282748
v 0.000000 62.800999 2.600178
v 0.000000 64.009499 1.760918
v 0.000000 62.800999 4.446548
v 0.000000 31.217400 2.600179
v 0.000000 62.800999 2.600178
v 0.000000 62.800999 4.446548
v 0.000000 31.217400 4.446548
v 0.000000 31.217400 2.600179
v 0.000000 31.217400 4.446548
v 0.000000 30.082100 5.282750
v 0.000000 31.217400 2.600179
v 0.000000 28.354702 -4.345841
v 0.000000 30.082100 -5.282752
v 0.000000 31.217400 -2.600180
v 0.000000 31.217400 -2.600180
v 0.000000 30.082100 -5.282752
v 0.000000 31.217400 -4.443491
v 0.000000 62.800999 -2.600182
v 0.000000 31.217400 -4.443491
v 0.000000 62.800999 -4.443492
v 0.000000 62.800999 -2.600182
v 0.000000 62.800999 -4.443492
v 0.000000 64.009499 -5.282752
v 0.000000 65.218102 -0.000002
v 0.000000 64.009499 1.760918
v 0.000000 64.009499 -1.760922
v 0.000000 62.800999 -2.600182
v 0.000000 31.217400 -2.600180
v 0.000000 31.217400 -4.443491
v -0.000001 88.909599 -21.082205
v -0.000001 86.617599 -16.501402
v -0.000001 86.617599 -21.082203
v -0.000001 88.909599 -16.501404
v -0.000001 86.617599 -16.501402
v -0.000001 88.909599 -21.082205
v -1.794491 87.795700 -18.790203
v 1.794489 87.795700 -18.790203
v -1.794491 91.387703 -18.790205
v 1.794489 87.795700 -18.790203
v -1.794491 91.387703 -18.790205
v 1.794489 91.387703 -18.790205
v 0.000000 -13.608200 -6.494340
v 0.000000 -16.596001 -8.157599
v 0.000000 -14.435301 -8.789329
v 0.000000 -13.608198 6.494341
v 0.000000 -14.435299 8.789330
v 0.000000 -16.596001 8.157598
v 0.000000 1.519819 -10.525801
v 0.000000 -2.841270 -10.599100
v -0.000001 -3.546250 -13.724200
v 0.000000 -6.106750 -8.310190
v 0.000000 -8.536032 -7.617421
v 0.000000 -7.092500 -11.212500
v 0.000000 -6.106750 -8.310190
v 0.000000 -7.281721 -4.449601
v 0.000000 -8.536032 -7.617421
v 0.000000 -7.281721 -4.449601
v 0.000000 -10.931700 -2.496409
v 0.000000 -8.536032 -7.617421
v 0.000000 -7.281721 -4.449601
v 0.000000 -6.537060 -1.730399
v 0.000000 -10.931700 -2.496409
v 0.000000 -13.608200 -6.494340
v 0.000000 -12.183002 -8.322400
v 0.000000 -10.110801 -8.664199
v 0.000000 -13.406799 -4.174929
v 0.000000 -8.536032 -7.617421
v 0.000000 -10.931700 -2.496409
v 0.000000 -13.406799 4.174930
v 0.000000 -8.536030 7.617421
v 0.000000 -10.110799 8.664201
v 0.000000 -6.537060 1.730400
v 0.000000 -7.281720 4.449601
v 0.000000 -10.931700 2.496410
v 0.000000 -10.931700 2.496410
v 0.000000 -7.281720 4.449601
v 0.000000 -8.536030 7.617421
v 0.000000 -10.931700 2.496410
v 0.000000 -8.536030 7.617421
v 0.000000 -13.406799 4.174930
v 0.000000 -13.406799 4.174930
v 0.000000 -10.110799 8.664201
v 0.000000 -13.608198 6.494341
v 0.000000 -13.608198 6.494341
v 0.000000 -10.110799 8.664201
v 0.000000 -12.183000 8.322400
v 0.000000 -13.608198 6.494341
v 0.000000 -12.183000 8.322400
v 0.000000 -14.435299 8.789330
v 0.000000 -13.406799 -4.174929
v 0.000000 -10.110801 -8.664199
v 0.000000 -8.536032 -7.617421
v 0.000000 -13.406799 -4.174929
v 0.000000 -13.608200 -6.494340
v 0.000000 -10.110801 -8.664199
v 0.000000 -13.608200 -6.494340
v 0.000000 -14.435301 -8.789329
v 0.000000 -12.183002 -8.322400
v 0.000000 -6.106750 -8.310190
v 0.000000 -7.092500 -11.212500
v 0.000000 -2.841270 -10.599100
v 0.000000 -2.841270 -10.599100
v 0.000000 -7.092500 -11.212500
v -0.000001 -3.546250 -13.724200
v 0.000000 -7.281720 4.449601
v 0.000000 -6.106750 8.310190
v 0.000000 -8.536030 7.617421
v 0.000000 -6.106750 8.310190
v 0.000000 -7.092499 11.212502
v 0.000000 -8.536030 7.617421
v 0.000000 -6.106750 8.310190
v 0.000000 -2.841269 10.599100
v 0.000000 -7.092499 11.212502
v 0.000000 -2.841269 10.599100
v 0.000001 -3.546250 13.724200
v 0.000000 -7.092499 11.212502
v 0.000000 -2.841269 10.599100
v 0.000000 1.519820 10.525801
v 0.000001 -3.546250 13.724200
v 0.000000 82.354202 -4.977572
v 0.000000 83.971695 -0.000002
v 0.000000 78.121300 -8.053832
v 0.000000 25.440201 4.022339
v 0.000000 20.587801 2.923669
v 0.000000 31.681299 -0.000001
v 0.000000 65.218102 -0.000002
v 0.000000 64.009499 -1.760922
v 0.000000 65.218102 -4.443492
v 0.000000 64.009499 1.760918
v 0.000000 65.218102 -0.000002
v 0.000000 65.218102 4.446548
v 0.000000 10.367100 -0.000001
v 0.000000 20.587801 2.923669
v 0.000000 14.627500 5.746639
v 0.000000 31.681299 -0.000001
v 0.000000 20.587801 -2.923671
v 0.000000 25.440201 -4.022341
v 0.000000 31.681299 -0.000001
v 0.000000 20.587801 2.923669
v 0.000000 10.367100 -0.000001
v 0.000000 10.367100 -0.000001
v 0.000000 14.627500 5.746639
v 0.000000 10.367100 2.258370
v 0.000000 31.681299 -0.000001
v 0.000000 10.367100 -0.000001
v 0.000000 20.587801 -2.923671
v 0.000000 10.367100 -0.000001
v 0.000000 14.627500 -5.746640
v 0.000000 20.587801 -2.923671
v 0.000000 10.367100 -0.000001
v 0.000000 10.367100 -2.258371
v 0.000000 14.627500 -5.746640
v 0.000000 67.033897 -0.000002
v 0.000000 68.651405 -4.977572
v 0.000000 83.971695 -0.000002
v 0.000000 83.971695 -0.000002
v 0.000000 68.651405 -4.977572
v 0.000000 72.887405 -8.053833
v 0.000000 83.971695 -0.000002
v 0.000000 72.887405 -8.053833
v 0.000000 78.121300 -8.053832
v 0.000000 83.971695 -0.000002
v 0.000000 68.651405 4.977568
v 0.000000 67.033897 -0.000002
v 0.000000 68.651405 4.977568
v 0.000000 83.971695 -0.000002
v 0.000000 72.887405 8.053827
v 0.000000 83.971695 -0.000002
v 0.000000 78.121300 8.053828
v 0.000000 72.887405 8.053827
v 0.000000 83.971695 -0.000002
v 0.000000 82.354202 4.977568
v 0.000000 78.121300 8.053828
v 5.914490 89.443604 -2.591024
v 2.352980 89.010300 -7.571643
v 5.273600 95.614502 -5.169843
v 5.914490 89.443604 -2.591024
v 5.273600 95.614502 -5.169843
v 8.111820 88.042801 0.701923
v 8.111820 88.042801 0.701923
v 5.273600 95.614502 -5.169843
v 9.613330 97.299103 0.097656
v 8.111820 88.042801 0.701923
v 9.613330 97.299103 0.097656
v 9.466841 89.654198 2.038636
v 9.466841 89.654198 2.038636
v 9.613330 97.299103 0.097656
v 11.932700 92.742699 4.437387
v -9.466841 89.654198 2.038637
v -8.111820 88.042801 0.701923
v -9.613330 97.299103 0.097657
v -5.914490 89.443604 -2.591023
v -2.352980 89.010300 -7.571643
v -5.273600 95.614502 -5.169843
v 6.192210 100.000000 -5.172894
v 4.528950 97.952202 -7.049784
v 4.727320 99.755898 -7.312243
v -6.192210 100.000000 -5.172893
v -5.273600 95.614502 -5.169843
v -4.528951 97.952202 -7.049784
v -6.192210 100.000000 -5.172893
v -9.613330 97.299103 0.097657
v -5.273600 95.614502 -5.169843
v 11.935801 85.259598 6.530957
v 9.466841 89.654198 2.038636
v 11.932700 92.742699 4.437387
v 5.914490 89.443604 -2.591024
v 3.915520 87.411102 -4.666283
v 2.352980 89.010300 -7.571643
v -3.915520 87.411102 -4.666283
v -2.352980 89.010300 -7.571643
v -5.914490 89.443604 -2.591023
v -5.914490 89.443604 -2.591023
v -5.273600 95.614502 -5.169843
v -8.111820 88.042801 0.701923
v -8.111820 88.042801 0.701923
v -5.273600 95.614502 -5.169843
v -9.613330 97.299103 0.097657
v -9.466841 89.654198 2.038637
v -9.613330 97.299103 0.097657
v -11.932700 92.742699 4.437388
v -9.466841 89.654198 2.038637
v -11.932700 92.742699 4.437388
v -11.935801 85.259598 6.530958
v 6.192210 100.000000 -5.172894
v 5.273600 95.614502 -5.169843
v 4.528950 97.952202 -7.049784
v 6.192210 100.000000 -5.172894
v 9.613330 97.299103 0.097656
v 5.273600 95.614502 -5.169843
v -6.192210 100.000000 -5.172893
v -4.528951 97.952202 -7.049784
v -4.727321 99.755898 -7.312243
v -1.788380 -16.800400 0.000000
v 1.788380 -16.800400 0.000000
v -1.788380 -21.552200 0.000001
v -1.788380 -21.552200 0.000001
v 1.788380 -16.800400 0.000000
v 1.788380 -21.552200 0.000001
v 1.788380 -27.439201 0.000001
v 1.788380 -22.687500 0.000001
v -1.788380 -27.439201 0.000001
v -1.788380 -27.439201 0.000001
v 1.788380 -22.687500 0.000001
v -1.788380 -22.687500 0.000001
v -1.788380 -28.577501 0.000001
v 1.788380 -28.577501 0.000001
v -1.788380 -33.329300 0.000002
v -1.788380 -33.329300 0.000002
v 1.788380 -28.577501 0.000001
v 1.788380 -33.329300 0.000001
v -1.788380 -34.464600 0.000002
v 1.788380 -34.464600 0.000001
v -1.788380 -39.216301 0.000001
v -1.788380 -39.216301 0.000001
v 1.788380 -34.464600 0.000001
v 1.788380 -39.216301 0.000001
v 0.000000 -18.607100 -1.788380
v 0.000000 -13.855401 -1.788380
v 0.000000 -18.607100 1.788380
v 0.000000 -18.607100 1.788380
v 0.000000 -13.855401 -1.788380
v 0.000000 -13.855401 1.788380
v 0.000000 -24.497200 -1.788379
v 0.000000 -19.745501 -1.788379
v 0.000000 -24.497200 1.788381
v 0.000000 -24.497200 1.788381
v 0.000000 -19.745501 -1.788379
v 0.000000 -19.745501 1.788381
v 0.000000 -30.384201 -1.788379
v 0.000000 -25.632500 -1.788379
v 0.000000 -30.384201 1.788381
v 0.000000 -30.384201 1.788381
v 0.000000 -25.632500 -1.788379
v 0.000000 -25.632500 1.788381
v 0.000000 -36.274300 -1.788379
v 0.000000 -31.519499 -1.788379
v 0.000000 -36.274300 1.788381
v 0.000000 -36.274300 1.788381
v 0.000000 -31.519499 -1.788379
v 0.000000 -31.519499 1.788381
vn -0.0000 -0.0000 -1.0000
vn 1.0000 -0.0000 -0.0000
vn -1.0000 -0.0000 -0.0000
vn -0.0000 -0.3600 -0.9329
vn -0.0000 0.2154 -0.9765
vn -0.0000 1.0000 -0.0000
vn -0.8454 0.0548 0.5313
vn -0.5768 0.7321 0.3625
vn 0.8162 0.5717 0.0838
vn 0.6917 -0.3398 -0.6373
vn -0.8162 0.5717 0.0838
vn -0.6437 -0.5775 -0.5022
vn 0.8369 0.2043 -0.5079
vn 0.8795 -0.2195 -0.4223
vn -0.8882 0.3472 -0.3010
vn -0.9464 0.1251 -0.2976
vn -0.5701 0.7605 -0.3107
vn -0.3376 0.9406 -0.0351
vn -0.5984 -0.2376 -0.7652
vn -0.6395 -0.3740 0.6717
vn 0.2202 -0.9210 0.3213
vn 0.9076 -0.2242 0.3551
vn 0.7388 -0.3548 0.5729
vn 0.8364 -0.2271 -0.4989
vn 0.8027 0.3881 -0.4529
vn -0.8707 -0.0627 0.4878
vn 0.6376 -0.0000 -0.7703
vn 0.7282 0.6518 -0.2119
vn -0.8870 0.3968 0.2362
vn -0.7033 -0.6761 -0.2197
vn -0.6275 0.6691 -0.3983
vn 0.8874 0.3961 0.2358
vn -0.7771 -0.0644 -0.6261
vn -0.8343 0.5244 0.1704
vn 0.6752 -0.6746 -0.2985
vn -0.6710 -0.3154 0.6710
vn 0.9216 0.3880 -0.0000
vn 0.8392 0.0631 -0.5402
vn 0.7679 0.4071 0.4946
vn -0.5515 0.4637 -0.6934
vn -0.6818 0.7170 -0.1447
vn -0.9590 -0.1538 -0.2382
vn -0.5105 0.1899 -0.8387
vn 0.8712 -0.0625 -0.4869
vn 0.8364 -0.2271 0.4989
vn -0.1533 -0.9870 0.0475
vn 0.7079 0.0673 0.7031
vn 0.8017 -0.2935 0.5208
vn -0.8362 -0.2750 0.4746
vn 0.6395 -0.3740 -0.6717
vn 0.9076 -0.2242 -0.3551
vn 0.9479 -0.1966 0.2507
vn 0.7663 0.2725 0.5818
vn -0.7646 0.2728 0.5839
vn -0.8622 0.3430 0.3727
vn -0.7037 -0.6249 -0.3380
vn -0.6500 -0.7564 -0.0734
vn 0.6511 -0.7554 -0.0733
vn 0.9184 -0.3125 -0.2428
vn 0.4312 0.5049 0.7477
vn 0.5065 0.4185 0.7539
vn -0.5056 0.4187 0.7543
vn -0.2717 -0.9622 -0.0172
vn -0.7418 -0.6623 0.1055
vn -0.7409 -0.1090 0.6627
vn -0.6012 0.7202 0.3462
vn 0.6015 0.7200 0.3461
vn 0.6686 0.3185 0.6719
vn 0.8667 0.4706 0.1654
vn 0.7771 -0.0644 0.6261
vn 0.9542 -0.1937 -0.2280
vn 0.9590 -0.1538 -0.2382
vn 0.9479 -0.1966 -0.2507
vn 0.7663 0.2725 -0.5818
vn -0.7646 0.2728 -0.5839
vn -0.8622 0.3430 -0.3727
vn -0.7037 -0.6249 0.3380
vn -0.6500 -0.7564 0.0734
vn 0.6511 -0.7554 0.0733
vn 0.9184 -0.3125 0.2428
vn 0.4312 0.5049 -0.7477
vn 0.5065 0.4185 -0.7539
vn -0.5056 0.4187 -0.7543
vn -0.2717 -0.9622 0.0172
vn -0.7418 -0.6623 -0.1055
vn -0.7409 -0.1090 -0.6627
vn -0.6012 0.7202 -0.3462
vn 0.6015 0.7200 -0.3461
vn 0.6686 0.3185 -0.6719
vn 0.8667 0.4706 -0.1654
vn 0.7771 -0.0644 -0.6261
vn 0.9542 -0.1937 0.2280
vn 0.9590 -0.1538 0.2382
vn -0.8792 0.4627 0.1133
vn -0.7909 0.4644 0.3984
vn -0.8730 0.2866 0.3947
vn -0.7568 0.2286 0.6124
vn -0.8937 -0.0000 0.4486
vn -0.8006 -0.1446 0.5815
vn -0.9054 -0.2496 0.3434
vn -0.7192 -0.5970 0.3554
vn -0.7032 -0.6762 0.2198
vn -0.7274 0.6526 -0.2121
vn -0.7990 0.4694 -0.3760
vn 0.8001 0.4667 -0.3769
vn 0.7868 0.4590 0.4126
vn 0.5223 0.8110 0.2636
vn -0.0000 0.8685 0.4956
vn -0.0000 0.9947 -0.1023
vn 0.5515 0.4637 -0.6934
vn 0.5768 0.7321 -0.3623
vn 0.8455 0.0548 -0.5311
vn 0.8454 0.0548 0.5313
vn 0.8390 0.0631 0.5404
vn -0.8390 0.0631 0.5404
vn -0.7679 0.4071 0.4946
vn -0.6818 0.7170 0.1447
vn 0.6818 0.7170 0.1447
vn 0.6818 0.7170 -0.1447
vn 0.7679 0.4074 -0.4943
vn -0.7679 0.4074 -0.4943
vn -0.8392 0.0631 -0.5402
vn -0.8455 0.0548 -0.5311
vn -0.5768 0.7321 -0.3623
vn -0.9216 0.3880 -0.0000
vn 0.8297 0.3126 -0.4625
vn 0.8853 0.2945 -0.3598
vn 0.8882 0.3472 -0.3010
vn 0.8057 0.2751 -0.5245
vn 0.6132 0.7459 -0.2599
vn 0.5701 0.7605 -0.3107
vn 0.6493 -0.2017 -0.7333
vn -0.6493 -0.2017 -0.7333
vn -0.8795 -0.2195 -0.4223
vn -0.6132 0.7459 -0.2599
vn -0.8057 0.2751 -0.5245
vn -0.8369 0.2043 -0.5079
vn -0.3092 0.9238 -0.2259
vn 0.3092 0.9238 -0.2259
vn 0.3376 0.9406 -0.0351
vn 0.9081 -0.2397 0.3434
vn 0.7047 -0.6242 0.3373
vn 0.8629 0.3420 -0.3721
vn 0.5719 0.8159 -0.0848
vn -0.5709 0.8167 -0.0849
vn -0.4303 0.5053 -0.7480
vn -0.9180 -0.3129 0.2435
vn -0.8677 -0.0872 0.4894
vn 0.8682 -0.0871 0.4885
vn 0.8712 -0.0625 0.4869
vn 0.8848 -0.0573 0.4625
vn 0.7447 -0.3653 0.5586
vn 0.2724 -0.9620 -0.0170
vn 0.1539 -0.9869 0.0475
vn 0.2202 -0.9210 -0.3213
vn -0.2194 -0.9212 -0.3214
vn -0.7065 0.0674 0.7045
vn -0.5984 -0.2376 0.7652
vn 0.5999 -0.2373 0.7641
vn 0.7409 -0.1101 0.6625
vn 0.7413 -0.6629 0.1053
vn 0.9100 -0.0844 -0.4060
vn 0.8848 -0.0573 -0.4625
vn 0.7447 -0.3653 -0.5586
vn 0.8017 -0.2935 -0.5208
vn -0.8004 -0.2957 -0.5215
vn -0.6354 -0.0000 -0.7722
vn -0.8010 0.3896 -0.4546
vn -0.8362 -0.2750 -0.4746
vn 0.8376 -0.2739 -0.4726
vn 0.8376 -0.2739 0.4726
vn 0.8027 0.3881 0.4529
vn -0.8010 0.3896 0.4546
vn -0.6354 -0.0000 0.7722
vn -0.7853 0.4614 0.4128
vn -0.5214 0.8115 0.2638
vn -0.7032 -0.6762 -0.2198
vn -0.7192 -0.5970 -0.3554
vn -0.9054 -0.2496 -0.3434
vn -0.8006 -0.1446 -0.5815
vn -0.8937 -0.0000 -0.4486
vn -0.7568 0.2286 -0.6124
vn -0.8730 0.2866 -0.3947
vn -0.7909 0.4644 -0.3984
vn -0.8792 0.4627 -0.1133
vn 0.9986 0.0376 0.0374
vn 0.6437 -0.5775 -0.5022
vn 0.4153 -0.8231 -0.3873
vn -0.4153 -0.8231 -0.3873
vn -0.2339 -0.1053 -0.9666
vn -0.2596 -0.1241 -0.9577
vn -0.2105 -0.8185 -0.5346
vn -0.8174 -0.5591 0.1386
vn -0.7798 -0.3716 -0.5038
vn -0.6913 -0.3388 -0.6382
vn 0.9100 -0.0844 0.4060
vn 0.7413 -0.6629 -0.1053
vn 0.2724 -0.9620 0.0170
vn 0.1539 -0.9869 -0.0475
vn -0.1533 -0.9870 -0.0475
vn -0.2194 -0.9212 0.3214
vn -0.7065 0.0674 -0.7045
vn 0.7079 0.0673 -0.7031
vn 0.5999 -0.2373 -0.7641
vn 0.7409 -0.1101 -0.6625
vn 0.8806 0.4602 -0.1127
vn 0.7930 0.4624 -0.3966
vn 0.8745 0.2851 -0.3925
vn 0.7238 0.2116 -0.6567
vn 0.8537 -0.0000 -0.5208
vn 0.7734 -0.1211 -0.6222
vn 0.9066 -0.2481 -0.3414
vn 0.7217 -0.5948 -0.3541
vn 0.7057 -0.6738 -0.2190
vn 0.7057 -0.6738 0.2190
vn 0.7217 -0.5948 0.3541
vn 0.9066 -0.2481 0.3414
vn 0.7734 -0.1211 0.6222
vn 0.8537 -0.0000 0.5208
vn 0.7238 0.2116 0.6567
vn 0.8745 0.2851 0.3925
vn 0.7930 0.4624 0.3966
vn 0.8806 0.4602 0.1127
vn 0.8682 -0.0871 -0.4885
vn -0.8677 -0.0872 -0.4894
vn -0.9180 -0.3129 -0.2435
vn -0.4303 0.5053 0.7480
vn -0.5709 0.8167 0.0849
vn 0.5719 0.8159 0.0848
vn 0.8629 0.3420 0.3721
vn 0.7047 -0.6242 -0.3373
vn 0.9081 -0.2397 -0.3434
vn -0.0000 -0.3274 -0.9449
vn -0.0000 -0.7590 -0.6510
vn -0.0000 -0.9713 -0.2378
vn -0.0000 -0.9713 0.2378
vn -0.8707 -0.0627 -0.4878
vn -0.8848 -0.0573 -0.4625
vn -0.9104 -0.0850 -0.4048
vn -0.8670 0.4698 0.1663
vn -0.6683 0.3176 0.6727
vn -0.4715 0.5999 0.6464
vn 0.4725 0.5995 0.6461
vn 0.2830 0.9483 0.1439
vn -0.7388 -0.3548 0.5729
vn -0.7113 -0.3808 0.5908
vn -0.7306 0.2774 0.6239
vn -0.5105 0.1899 0.8387
vn -0.5192 -0.3658 0.7724
vn 0.5192 -0.3658 0.7724
vn 0.6395 -0.3740 0.6717
vn -0.8848 -0.0573 0.4625
vn -0.9104 -0.0850 0.4048
vn -0.8670 0.4698 -0.1663
vn -0.6683 0.3176 -0.6727
vn -0.4715 0.5999 -0.6464
vn 0.4725 0.5995 -0.6461
vn 0.2830 0.9483 -0.1439
vn 0.7388 -0.3548 -0.5729
vn 0.7113 -0.3808 -0.5908
vn 0.7306 0.2774 -0.6239
vn 0.5105 0.1899 -0.8387
vn 0.5192 -0.3658 -0.7724
vn -0.5192 -0.3658 -0.7724
vn -0.6395 -0.3740 -0.6717
vn -0.0000 0.5265 0.8502
vn -0.0000 0.5265 -0.8502
vn -0.0000 -0.4063 -0.9137
vn -0.0000 0.4865 -0.8737
vn 0.6710 -0.3154 0.6710
vn 0.6751 -0.6745 0.2988
vn -0.6751 -0.6745 0.2988
vn -0.6752 -0.6746 -0.2985
vn -0.6713 -0.3153 -0.6708
vn 0.6713 -0.3153 -0.6708
vn 0.6376 -0.0000 0.7703
vn -0.8004 -0.2957 0.5215
vn 0.1113 0.9812 0.1575
vn 0.6442 0.7447 0.1743
vn 0.5707 0.5620 0.5987
vn 0.7979 0.3618 0.4822
vn 0.9389 -0.0714 0.3367
vn 0.5642 0.6140 -0.5520
vn 0.9218 0.0226 -0.3869
vn 0.8982 -0.4302 0.0905
vn 0.8174 -0.5591 0.1386
vn 0.7807 -0.3728 -0.5015
vn 0.8758 -0.3611 -0.3202
vn 0.9269 -0.2217 0.3029
vn 0.9293 -0.1699 0.3279
vn 0.5649 0.1960 0.8016
vn -0.0005 -0.9999 0.0102
vn -0.9391 -0.0699 0.3365
vn -0.7984 0.3615 0.4815
vn -0.5708 0.5622 0.5984
vn -0.6442 0.7447 0.1743
vn -0.1113 0.9812 0.1575
vn -0.3269 0.7318 -0.5980
vn -0.8095 0.5797 0.0931
vn -0.7880 -0.2909 0.5426
vn -0.6992 -0.3578 0.6190
vn -0.6713 -0.3917 0.6292
vn 0.6713 -0.3917 0.6292
vn 0.6992 -0.3578 0.6190
vn 0.7880 -0.2909 0.5426
vn 0.8095 0.5797 0.0931
vn 0.3269 0.7318 -0.5980
vn 0.0005 -0.9999 0.0102
vn -0.5649 0.1960 0.8016
vn -0.9293 -0.1699 0.3279
vn -0.9269 -0.2217 0.3029
vn -0.8758 -0.3611 -0.3201
vn -0.0000 -0.3274 0.9449
vn -0.0000 -0.7590 0.6510
vn -0.0000 0.4865 0.8737
vn -0.0000 -0.4063 0.9137
vn -0.8364 -0.2271 -0.4989
vn -0.9590 -0.1538 0.2382
vn -0.9542 -0.1937 0.2280
vn -0.7447 -0.3653 0.5586
vn -0.8475 0.1932 -0.4944
vn -0.9011 0.2425 -0.3596
vn -0.8297 0.3126 -0.4625
vn -0.8853 0.2945 -0.3598
vn -0.9986 0.0376 0.0374
vn -0.5642 0.6140 -0.5520
vn -0.9218 0.0226 -0.3869
vn -0.8982 -0.4302 0.0905
vn 0.8386 -0.0000 -0.5448
vn 0.8386 -0.0000 0.5448
vn 0.7280 0.1203 0.6749
vn -0.7270 0.1205 0.6759
vn 0.7280 0.1203 -0.6749
vn -0.7270 0.1205 -0.6759
vn -0.8379 -0.0000 -0.5459
vn -0.8379 -0.0000 0.5459
vn -0.2190 0.6030 0.7671
vn -0.5025 0.8273 0.2511
vn -0.2714 0.9526 -0.1376
vn -0.2824 0.9484 -0.1440
vn -0.8364 -0.2271 0.4989
vn -0.7771 -0.0644 0.6261
vn -0.9542 -0.1937 -0.2280
vn -0.7447 -0.3653 -0.5586
vn 0.5035 0.8269 -0.2505
vn 0.2722 0.9524 0.1375
vn -0.2714 0.9526 0.1376
vn -0.2824 0.9484 0.1440
vn 0.7915 0.4064 0.4565
vn 0.7912 0.4237 0.4410
vn 0.8623 0.4219 -0.2799
vn -0.0123 0.1978 0.9802
vn 0.2208 -0.5349 0.8156
vn -0.3672 -0.9035 0.2211
vn 0.2105 -0.8185 -0.5346
vn 0.2596 -0.1241 -0.9577
vn 0.2339 -0.1053 -0.9666
vn 0.3672 -0.9035 0.2211
vn -0.2208 -0.5349 0.8156
vn 0.0123 0.1978 0.9802
vn 0.8475 0.1932 -0.4944
vn 0.9011 0.2425 -0.3596
vn 0.9464 0.1251 -0.2976
vn -0.9475 0.2807 0.1534
vn -0.9580 0.2849 -0.0315
vn -0.6153 -0.2310 0.7537
vn 0.6153 -0.2310 0.7537
vn 0.9580 0.2849 -0.0315
vn 0.9475 0.2807 0.1534
vn 0.2722 0.9524 -0.1375
vn 0.5035 0.8269 0.2505
vn 0.2195 0.6030 0.7670
vn 0.7113 -0.3808 0.5908
vn 0.7306 0.2774 0.6239
vn 0.5105 0.1899 0.8387
vn -0.8623 0.4219 -0.2799
vn -0.7912 0.4237 0.4410
vn -0.7915 0.4064 0.4565
vn -0.8716 0.4896 0.0261
vn 0.8721 0.4887 0.0261
vn 0.6284 0.6684 -0.3979
vn 0.7058 -0.6737 -0.2189
vn 0.7058 -0.6737 0.2189
vn -0.7033 -0.6761 0.2197
vn -0.0000 -0.3600 0.9329
vn -0.0000 0.2154 0.9765
vn 0.8361 0.5218 0.1696
vn 0.8361 0.5218 -0.1696
vn -0.8343 0.5244 -0.1704
vn -0.1077 -0.9849 0.1354
vn 0.1077 -0.9849 0.1354
vn 0.2137 -0.9769 -0.0000
vn 0.5768 0.7321 0.3625
vn 0.5515 0.4637 0.6934
vn -0.5515 0.4637 0.6934
vn 0.1077 -0.9849 -0.1354
vn -0.1077 -0.9849 -0.1354
vn -0.2137 -0.9769 -0.0000
vn 0.8623 0.4219 0.2799
vn 0.7912 0.4237 -0.4410
vn 0.7915 0.4064 -0.4565
vn -0.7306 0.2774 -0.6239
vn -0.7113 -0.3808 -0.5908
vn -0.7388 -0.3548 -0.5729
vn -0.5025 0.8273 -0.2511
vn -0.2190 0.6030 -0.7671
vn 0.2195 0.6030 -0.7670
vn -0.7915 0.4064 -0.4565
vn -0.7912 0.4237 -0.4410
vn -0.8623 0.4219 0.2799
vn -0.0000 -0.0000 1.0000
vn -0.9472 -0.1979 -0.2524
vn -0.9069 -0.2424 0.3446
vn -0.9472 -0.1979 0.2524
vn -0.9069 -0.2424 -0.3446
vn -0.7942 0.1359 0.5922
vn 0.7942 0.1359 0.5922
vn -0.8102 0.1524 0.5661
vn -0.7858 0.1672 0.5955
vn -0.7865 0.1664 0.5948
vn -0.7857 0.1663 0.5959
vn -0.7866 0.1661 0.5947
vn -0.7857 -0.1663 -0.5959
vn -0.8102 -0.1524 -0.5661
vn -0.8221 0.1695 0.5436
vn -0.8231 -0.1728 -0.5409
vn -0.7865 -0.1652 -0.5951
vn -0.9063 -0.2256 0.3573
vn -0.9063 -0.2256 -0.3573
vn -0.7866 0.1661 0.5948
vn -0.8020 0.2230 0.5541
vn -0.8020 -0.2230 -0.5541
vn -0.7858 -0.1672 -0.5955
vn -0.7865 -0.1664 -0.5948
vn -0.7866 -0.1661 -0.5947
vn -0.7866 -0.1661 -0.5948
vn -0.8231 0.1728 0.5409
vn -0.7865 0.1652 0.5951
vn -0.8221 -0.1695 -0.5436
vn -0.0000 -1.0000 -0.0000
vn 0.5759 0.5802 0.5759
vn -0.5842 -0.5633 -0.5842
vn -0.6703 0.3184 0.6703
vn -0.6703 0.3184 -0.6703
vn 0.6703 0.3184 -0.6703
vn 0.7055 0.0666 -0.7055
vn 0.7055 0.0666 0.7055
vn -0.7055 0.0666 0.7055
vn -0.5759 0.5802 0.5759
vn -0.5759 0.5802 -0.5759
vn 0.5759 0.5802 -0.5759
vn 0.6703 0.3184 0.6703
vn -0.7055 0.0666 -0.7055
vn -0.5842 -0.5633 0.5842
vn 0.5842 -0.5633 0.5842
vn 0.5842 -0.5633 -0.5842
vn 0.8102 -0.1524 -0.5661
vn 0.7858 -0.1672 -0.5955
vn 0.7865 -0.1664 -0.5948
vn 0.7857 -0.1663 -0.5959
vn 0.7866 -0.1661 -0.5947
vn 0.7857 0.1663 0.5959
vn 0.8102 0.1524 0.5661
vn 0.8221 -0.1695 -0.5436
vn 0.8231 0.1728 0.5409
vn 0.7865 0.1652 0.5951
vn 0.7866 -0.1661 -0.5948
vn 0.8020 -0.2230 -0.5541
vn 0.8020 0.2230 0.5541
vn 0.7858 0.1672 0.5955
vn 0.7865 0.1664 0.5948
vn 0.7866 0.1661 0.5947
vn 0.7866 0.1661 0.5948
vn 0.8231 -0.1728 -0.5409
vn 0.7865 -0.1652 -0.5951
vn 0.8221 0.1695 0.5436
vt 0.396973 0.823242
vt 0.956543 0.754395
vt 0.956543 0.823242
vt 0.986816 0.789062
vt 0.957031 0.789062
vt 0.986816 0.956543
vt 0.957031 0.956543
vt 0.934082 0.987793
vt 0.934082 0.855469
vt 0.911621 0.886719
vt 0.014160 0.381836
vt 0.004395 0.343262
vt 0.025879 0.343262
vt 0.004395 0.250000
vt 0.913574 0.030762
vt 0.913574 0.185547
vt 0.949707 0.108398
vt 0.802246 0.201172
vt 0.802246 0.051758
vt 0.708496 0.201172
vt 0.837891 0.133301
vt 0.396973 0.754395
vt 0.433594 0.087891
vt 0.413086 0.061523
vt 0.497559 0.075684
vt 0.620605 0.735352
vt 0.591797 0.616211
vt 0.639648 0.716309
vt 0.481934 0.583496
vt 0.507812 0.670410
vt 0.542480 0.635742
vt 0.715332 0.490234
vt 0.761230 0.519531
vt 0.691895 0.579590
vt 0.685547 0.734375
vt 0.679688 0.610352
vt 0.769043 0.617676
vt 0.785645 0.577148
vt 0.826660 0.576660
vt 0.859375 0.486816
vt 0.666992 0.601074
vt 0.766602 0.488770
vt 0.761230 0.491211
vt 0.037109 0.696289
vt 0.054199 0.668945
vt 0.024902 0.757812
vt 0.927734 0.453125
vt 0.890625 0.607910
vt 0.911133 0.618652
vt 0.040527 0.645020
vt 0.058105 0.648438
vt 0.075684 0.473633
vt 0.035645 0.346680
vt 0.041504 0.527344
vt 0.988281 0.028320
vt 0.988281 0.157715
vt 0.895020 0.325195
vt 0.079102 0.810547
vt 0.101562 0.983398
vt 0.108887 0.871582
vt 0.223633 0.834961
vt 0.223633 0.770020
vt 0.304688 0.795410
vt 0.166504 0.756348
vt 0.190918 0.698730
vt 0.212891 0.756348
vt 0.130371 0.796387
vt 0.119141 0.678711
vt 0.179199 0.694824
vt 0.188965 0.481934
vt 0.212891 0.411621
vt 0.223633 0.110840
vt 0.326172 0.177246
vt 0.251953 0.078125
vt 0.383789 0.239746
vt 0.395020 0.172852
vt 0.223633 0.158691
vt 0.312500 0.216309
vt 0.355469 0.176270
vt 0.103027 0.767090
vt 0.223633 0.762207
vt 0.312500 0.704590
vt 0.464844 0.648438
vt 0.424316 0.648438
vt 0.430176 0.688965
vt 0.446289 0.575684
vt 0.430176 0.607910
vt 0.837891 0.267090
vt 0.708496 0.322266
vt 0.802246 0.342773
vt 0.677246 0.123047
vt 0.708496 0.078613
vt 0.837891 0.388672
vt 0.666016 0.201172
vt 0.677734 0.278809
vt 0.129883 0.862305
vt 0.317383 0.886719
vt 0.263184 0.952637
vt 0.295898 0.987793
vt 0.949219 0.457520
vt 0.934570 0.326660
vt 0.088867 0.649414
vt 0.172363 0.411621
vt 0.212891 0.916016
vt 0.007324 0.447754
vt 0.035645 0.616699
vt 0.085449 0.589844
vt 0.101562 0.546387
vt 0.166992 0.559570
vt 0.082520 0.626465
vt 0.084473 0.729492
vt 0.044922 0.776855
vt 0.371582 0.680664
vt 0.367188 0.553711
vt 0.408203 0.469727
vt 0.367188 0.367188
vt 0.223633 0.032227
vt 0.339844 0.092773
vt 0.849121 0.392090
vt 0.805664 0.442871
vt 0.552246 0.571289
vt 0.540039 0.668945
vt 0.552734 0.704590
vt 0.560547 0.680176
vt 0.599609 0.715332
vt 0.025879 0.250000
vt 0.025879 0.157715
vt 0.004395 0.157715
vt 0.025879 0.084473
vt 0.004395 0.084473
vt 0.025879 0.015137
vt 0.004395 0.015137
vt 0.061523 0.810059
vt 0.080566 0.846191
vt 0.911621 0.956543
vt 0.350098 0.754395
vt 0.911621 0.754395
vt 0.350098 0.823730
vt 0.911621 0.823730
vt 0.934082 0.722656
vt 0.036133 0.134277
vt 0.057129 0.015625
vt 0.036133 0.015625
vt 0.057129 0.134277
vt 0.036133 0.189453
vt 0.057129 0.189453
vt 0.036133 0.256836
vt 0.057129 0.256836
vt 0.317383 0.956543
vt 0.446289 0.720703
vt 0.407227 0.031738
vt 0.509277 0.038574
vt 0.608398 0.135254
vt 0.536621 0.122559
vt 0.583984 0.222168
vt 0.586914 0.503418
vt 0.781250 0.720703
vt 0.803711 0.651855
vt 0.803223 0.598633
vt 0.877441 0.711426
vt 0.866699 0.705078
vt 0.881348 0.618164
vt 0.868652 0.581543
vt 0.834961 0.693848
vt 0.846680 0.564941
vt 0.824707 0.638184
vt 0.878906 0.323730
vt 0.612305 0.167480
vt 0.652832 0.302734
vt 0.652832 0.167480
vt 0.624512 0.302734
vt 0.054688 0.958496
vt 0.061523 0.872070
vt 0.080566 0.890625
vt 0.207520 0.964844
vt 0.172363 0.975586
vt 0.197266 0.901855
vt 0.144043 0.819824
vt 0.144043 0.964355
vt 0.827637 0.731445
vt 0.884277 0.559570
vt 0.899414 0.494141
vt 0.901855 0.262695
vt 0.849609 0.179199
vt 0.849609 0.346191
vt 0.901855 0.097168
vt 0.837891 0.012207
vt 0.849609 0.012207
vt 0.672363 0.086914
vt 0.672363 0.024414
vt 0.599609 0.024414
vt 0.599609 0.086914
vt 0.152344 0.477051
vt 0.097656 0.477051
vt 0.152344 0.356445
vt 0.097656 0.356445
vt 0.125977 0.095215
vt 0.097656 0.074707
vt 0.105469 0.020508
vt 0.074707 0.364258
vt 0.103516 0.282715
vt 0.067383 0.258301
vt 0.112305 0.222168
vt 0.151855 0.253418
vt 0.176270 0.162109
vt 0.185547 0.271973
vt 0.099121 0.182617
vt 0.103516 0.130859
vt 0.155273 0.100098
vt 0.988281 0.733398
vt 0.958008 0.733398
vt 0.533691 0.129883
vt 0.484375 0.166016
vt 0.523926 0.264648
vt 0.454590 0.189453
vt 0.534180 0.360352
vt 0.424805 0.342773
vt 0.512695 0.399414
vt 0.471191 0.469238
vt 0.402344 0.189453
vt 0.408691 0.129883
vt 0.429688 0.137207
vt 0.780273 0.467285
vt 0.714355 0.343750
vt 0.702637 0.448242
vt 0.647949 0.528809
vt 0.634277 0.605469
vt 0.695312 0.504395
vt 0.584473 0.440430
vt 0.637695 0.318848
vt 0.560059 0.348633
vt 0.549316 0.420898
vt 0.536621 0.386719
vt 0.720215 0.284668
vt 0.954102 0.050293
vt 0.954102 0.519531
vt 0.501953 0.320312
vt 0.679199 0.320312
vt 0.501953 0.128906
vt 0.391113 0.771973
vt 0.209961 0.771973
vt 0.391113 0.946777
vt 0.012207 0.017090
vt 0.210938 0.320312
vt 0.012207 0.320312
vt 0.012207 0.597168
vt 0.210938 0.552734
vt 0.210938 0.089844
vt 0.501953 0.525391
vt 0.391113 0.597656
vt 0.974121 0.962891
vt 0.464355 0.962891
vt 0.974121 0.579102
vt 0.464355 0.579102
s 1
usemtl Brush.040
f 1/1/1 3/2/1 2/3/1
f 4/4/2 6/5/2 5/6/2
f 7/7/3 9/5/3 8/6/3
f 10/8/3 12/9/3 11/7/3
f 13/9/3 15/8/3 14/10/3
f 16/11/4 18/12/4 17/13/4
f 19/13/5 21/12/5 20/14/5
f 22/15/6 24/16/6 23/17/6
f 25/17/6 27/16/6 26/15/6
f 28/18/7 30/19/7 29/20/7
f 31/18/8 33/21/8 32/19/8
f 34/1/1 36/22/1 35/2/1
f 37/5/3 39/7/3 38/6/3
f 40/23/9 42/24/9 41/25/9
f 43/26/10 45/27/10 44/28/10
f 46/24/11 48/23/11 47/25/11
f 49/29/12 51/30/12 50/31/12
f 52/32/13 54/33/13 53/34/13
f 55/35/14 57/36/14 56/37/14
f 58/37/15 60/38/15 59/33/15
f 61/39/16 63/40/16 62/38/16
f 64/41/17 66/36/17 65/34/17
f 67/33/18 69/42/18 68/43/18
f 70/44/19 72/45/19 71/46/19
f 73/47/20 75/48/20 74/49/20
f 76/50/21 78/45/21 77/51/21
f 79/52/22 81/53/22 80/54/22
f 82/55/23 84/56/23 83/57/23
f 85/58/24 87/59/24 86/60/24
f 88/61/2 90/62/2 89/63/2
f 91/64/25 93/65/25 92/66/25
f 94/67/26 96/68/26 95/69/26
f 97/70/27 99/71/27 98/65/27
f 100/72/28 102/73/28 101/74/28
f 103/73/29 105/75/29 104/76/29
f 106/72/30 108/77/30 107/78/30
f 109/75/31 111/73/31 110/79/31
f 112/75/32 114/73/32 113/76/32
f 115/80/33 117/60/33 116/58/33
f 118/81/34 120/82/34 119/61/34
f 121/83/35 123/84/35 122/85/35
f 124/86/36 126/83/36 125/87/36
f 127/88/37 129/18/37 128/21/37
f 130/89/38 132/20/38 131/90/38
f 133/91/39 135/92/39 134/20/39
f 136/90/40 138/93/40 137/88/40
f 139/94/41 141/95/41 140/20/41
f 142/59/42 144/96/42 143/60/42
f 145/97/3 147/98/3 146/99/3
f 148/100/43 150/47/43 149/101/43
f 151/67/44 153/68/44 152/69/44
f 154/59/45 156/58/45 155/60/45
f 157/102/46 159/51/46 158/45/46
f 160/45/47 162/44/47 161/50/47
f 163/71/48 165/103/48 164/70/48
f 166/104/49 168/64/49 167/66/49
f 169/47/50 171/48/50 170/49/50
f 172/52/51 174/54/51 173/53/51
f 175/54/52 177/105/52 176/53/52
f 178/54/53 180/106/53 179/105/53
f 181/106/54 183/54/54 182/105/54
f 184/106/55 186/107/55 185/54/55
f 187/107/56 189/108/56 188/54/56
f 190/107/57 192/109/57 191/108/57
f 193/109/58 195/107/58 194/108/58
f 196/109/59 198/68/59 197/107/59
f 199/68/60 201/110/60 200/107/60
f 202/68/61 204/102/61 203/110/61
f 205/102/62 207/68/62 206/110/62
f 208/102/63 210/45/63 209/68/63
f 211/45/64 213/111/64 212/68/64
f 214/45/65 216/46/65 215/111/65
f 217/46/66 219/112/66 218/111/66
f 220/46/67 222/111/67 221/112/67
f 223/111/68 225/58/68 224/112/68
f 226/111/69 228/80/69 227/58/69
f 229/80/70 231/60/70 230/58/70
f 232/80/71 234/96/71 233/60/71
f 235/96/72 237/59/72 236/60/72
f 238/53/73 240/105/73 239/54/73
f 241/105/74 243/106/74 242/54/74
f 244/105/75 246/54/75 245/106/75
f 247/54/76 249/107/76 248/106/76
f 250/54/77 252/108/77 251/107/77
f 253/108/78 255/109/78 254/107/78
f 256/108/79 258/107/79 257/109/79
f 259/107/80 261/68/80 260/109/80
f 262/107/81 264/110/81 263/68/81
f 265/110/82 267/102/82 266/68/82
f 268/110/83 270/68/83 269/102/83
f 271/68/84 273/45/84 272/102/84
f 274/68/85 276/111/85 275/45/85
f 277/111/86 279/46/86 278/45/86
f 280/111/87 282/112/87 281/46/87
f 283/112/88 285/111/88 284/46/88
f 286/112/89 288/58/89 287/111/89
f 289/58/90 291/80/90 290/111/90
f 292/58/91 294/60/91 293/80/91
f 295/60/92 297/96/92 296/80/92
f 298/60/93 300/59/93 299/96/93
f 301/61/94 303/82/94 302/63/94
f 304/82/95 306/113/95 305/63/95
f 307/82/96 309/114/96 308/113/96
f 310/114/97 312/115/97 311/113/97
f 313/114/98 315/116/98 314/115/98
f 316/116/99 318/75/99 317/115/99
f 319/116/100 321/78/100 320/75/100
f 322/78/101 324/73/101 323/75/101
f 325/78/102 327/72/102 326/73/102
f 328/72/103 330/74/103 329/73/103
f 331/72/104 333/117/104 332/74/104
f 334/117/105 336/72/105 335/74/105
f 337/117/106 339/74/106 338/72/106
f 340/74/107 342/73/107 341/72/107
f 343/74/108 345/118/108 344/73/108
f 346/118/109 348/76/109 347/73/109
f 349/93/110 351/90/110 350/88/110
f 352/90/111 354/18/111 353/88/111
f 355/90/112 357/20/112 356/18/112
f 358/20/113 360/19/113 359/18/113
f 361/20/114 363/92/114 362/19/114
f 364/92/115 366/20/115 365/19/115
f 367/92/116 369/91/116 368/20/116
f 370/91/117 372/94/117 371/20/117
f 373/91/118 375/20/118 374/94/118
f 376/20/119 378/95/119 377/94/119
f 379/20/120 381/89/120 380/95/120
f 382/89/121 384/20/121 383/95/121
f 385/89/122 387/90/122 386/20/122
f 388/90/123 390/18/123 389/20/123
f 391/90/124 393/88/124 392/18/124
f 394/88/125 396/21/125 395/18/125
f 397/119/126 399/38/126 398/120/126
f 400/38/127 402/33/127 401/120/127
f 403/38/128 405/37/128 404/33/128
f 406/37/129 408/34/129 407/33/129
f 409/37/130 411/36/130 410/34/130
f 412/36/131 414/41/131 413/34/131
f 415/36/132 417/35/132 416/41/132
f 418/35/133 420/36/133 419/41/133
f 421/35/134 423/37/134 422/36/134
f 424/37/135 426/34/135 425/36/135
f 427/37/136 429/33/136 428/34/136
f 430/33/137 432/32/137 431/34/137
f 433/33/138 435/43/138 434/32/138
f 436/43/139 438/33/139 437/32/139
f 439/43/140 441/42/140 440/33/140
f 442/52/141 444/54/141 443/108/141
f 445/54/142 447/107/142 446/108/142
f 448/54/143 450/106/143 449/107/143
f 451/106/144 453/110/144 452/107/144
f 454/106/145 456/107/145 455/110/145
f 457/107/146 459/68/146 458/110/146
f 460/107/147 462/109/147 461/68/147
f 463/109/148 465/69/148 464/68/148
f 466/109/149 468/68/149 467/69/149
f 469/68/150 471/67/150 470/69/150
f 472/68/151 474/80/151 473/67/151
f 475/80/152 477/96/152 476/67/152
f 478/68/153 480/45/153 479/102/153
f 481/45/154 483/51/154 482/102/154
f 484/45/155 486/50/155 485/51/155
f 487/50/156 489/45/156 488/51/156
f 490/50/157 492/44/157 491/45/157
f 493/44/158 495/46/158 494/45/158
f 496/44/159 498/45/159 497/46/159
f 499/45/160 501/111/160 500/46/160
f 502/45/161 504/68/161 503/111/161
f 505/68/162 507/80/162 506/111/162
f 508/68/163 510/67/163 509/80/163
f 511/67/164 513/96/164 512/80/164
f 514/71/165 516/70/165 515/103/165
f 517/70/166 519/71/166 518/103/166
f 520/70/167 522/65/167 521/71/167
f 523/65/167 525/66/167 524/71/167
f 526/65/168 528/64/168 527/66/168
f 529/64/169 531/104/169 530/66/169
f 532/64/170 534/66/170 533/104/170
f 535/66/171 537/64/171 536/104/171
f 538/66/172 540/65/172 539/64/172
f 541/65/173 543/66/173 542/64/173
f 544/65/174 546/71/174 545/66/174
f 547/117/175 549/72/175 548/74/175
f 550/72/176 552/73/176 551/74/176
f 553/72/177 555/78/177 554/73/177
f 556/78/178 558/75/178 557/73/178
f 559/78/179 561/116/179 560/75/179
f 562/116/180 564/115/180 563/75/180
f 565/116/181 567/114/181 566/115/181
f 568/114/182 570/113/182 569/115/182
f 571/114/183 573/82/183 572/113/183
f 574/82/184 576/63/184 575/113/184
f 577/82/185 579/61/185 578/63/185
f 580/121/186 582/31/186 581/29/186
f 583/31/187 585/30/187 584/29/187
f 586/31/188 588/122/188 587/30/188
f 589/122/189 591/31/189 590/30/189
f 592/122/190 594/123/190 593/31/190
f 595/123/191 597/124/191 596/31/191
f 598/123/192 600/125/192 599/124/192
f 601/125/193 603/27/193 602/124/193
f 604/125/194 606/26/194 605/27/194
f 607/26/195 609/28/195 608/27/195
f 610/80/196 612/68/196 611/111/196
f 613/68/197 615/45/197 614/111/197
f 616/68/198 618/102/198 617/45/198
f 619/102/199 621/51/199 620/45/199
f 622/102/200 624/45/200 623/51/200
f 625/45/201 627/50/201 626/51/201
f 628/45/202 630/44/202 629/50/202
f 631/44/203 633/45/203 632/50/203
f 634/44/204 636/46/204 635/45/204
f 637/46/205 639/111/205 638/45/205
f 640/61/206 642/82/206 641/63/206
f 643/82/207 645/113/207 644/63/207
f 646/82/208 648/114/208 647/113/208
f 649/114/209 651/115/209 650/113/209
f 652/114/210 654/116/210 653/115/210
f 655/116/211 657/75/211 656/115/211
f 658/116/212 660/78/212 659/75/212
f 661/78/213 663/73/213 662/75/213
f 664/78/214 666/72/214 665/73/214
f 667/72/215 669/78/215 668/73/215
f 670/78/216 672/75/216 671/73/216
f 673/78/217 675/116/217 674/75/217
f 676/116/218 678/115/218 677/75/218
f 679/116/219 681/114/219 680/115/219
f 682/114/220 684/113/220 683/115/220
f 685/114/221 687/82/221 686/113/221
f 688/82/222 690/63/222 689/113/222
f 691/82/223 693/61/223 692/63/223
f 694/68/224 696/109/224 695/69/224
f 697/109/225 699/68/225 698/69/225
f 700/109/226 702/107/226 701/68/226
f 703/107/227 705/110/227 704/68/227
f 706/107/228 708/106/228 707/110/228
f 709/106/229 711/107/229 710/110/229
f 712/106/230 714/54/230 713/107/230
f 715/54/231 717/108/231 716/107/231
f 718/54/232 720/52/232 719/108/232
f 721/13/5 723/14/5 722/126/5
f 724/14/233 726/127/233 725/126/233
f 727/14/233 729/128/233 728/127/233
f 730/128/234 732/129/234 731/127/234
f 733/128/234 735/130/234 734/129/234
f 736/130/235 738/131/235 737/129/235
f 739/130/235 741/132/235 740/131/235
f 742/132/236 744/130/236 743/131/236
f 745/69/237 747/68/237 746/67/237
f 748/68/238 750/80/238 749/67/238
f 751/68/239 753/111/239 752/80/239
f 754/111/240 756/58/240 755/80/240
f 757/111/241 759/112/241 758/58/241
f 760/112/242 762/133/242 761/58/242
f 763/112/243 765/58/243 764/133/243
f 766/58/244 768/134/244 767/133/244
f 769/9/3 771/8/3 770/7/3
f 772/10/3 774/135/3 773/8/3
f 775/136/3 777/137/3 776/138/3
f 778/137/3 780/139/3 779/138/3
f 781/137/3 783/140/3 782/139/3
f 784/140/3 786/9/3 785/139/3
f 787/55/245 789/57/245 788/56/245
f 790/57/246 792/101/246 791/56/246
f 793/57/247 795/47/247 794/101/247
f 796/47/248 798/100/248 797/101/248
f 799/47/249 801/49/249 800/100/249
f 802/49/250 804/47/250 803/100/250
f 805/49/251 807/48/251 806/47/251
f 808/67/252 810/80/252 809/68/252
f 811/80/253 813/111/253 812/68/253
f 814/80/254 816/58/254 815/111/254
f 817/58/255 819/112/255 818/111/255
f 820/58/256 822/133/256 821/112/256
f 823/133/257 825/58/257 824/112/257
f 826/133/258 828/134/258 827/58/258
f 829/55/259 831/57/259 830/56/259
f 832/57/260 834/101/260 833/56/260
f 835/57/261 837/47/261 836/101/261
f 838/47/262 840/100/262 839/101/262
f 841/47/263 843/49/263 842/100/263
f 844/49/264 846/47/264 845/100/264
f 847/49/265 849/48/265 848/47/265
f 850/141/266 852/142/266 851/143/266
f 853/142/267 855/141/267 854/143/267
f 856/142/267 858/144/267 857/141/267
f 859/144/268 861/145/268 860/141/268
f 862/144/268 864/146/268 863/145/268
f 865/146/269 867/147/269 866/145/269
f 868/146/269 870/148/269 869/147/269
f 871/8/3 873/9/3 872/10/3
f 874/135/3 876/10/3 875/97/3
f 877/135/3 879/97/3 878/149/3
f 880/149/3 882/97/3 881/99/3
f 883/86/270 885/87/270 884/83/270
f 886/87/271 888/84/271 887/83/271
f 889/87/272 891/83/272 890/84/272
f 892/83/273 894/85/273 893/84/273
f 895/83/274 897/150/274 896/85/274
f 898/150/275 900/83/275 899/85/275
f 901/65/27 903/71/27 902/66/27
f 904/71/276 906/65/276 905/66/276
f 907/71/276 909/70/276 908/65/276
f 910/70/174 912/71/174 911/65/174
f 913/70/277 915/103/277 914/71/277
f 916/151/278 918/152/278 917/24/278
f 919/152/279 921/25/279 920/24/279
f 922/152/280 924/153/280 923/25/280
f 925/153/281 927/154/281 926/25/281
f 928/153/282 930/155/282 929/154/282
f 931/121/283 933/156/283 932/31/283
f 934/156/284 936/124/284 935/31/284
f 937/156/285 939/27/285 938/124/285
f 940/27/286 942/125/286 941/124/286
f 943/27/287 945/26/287 944/125/287
f 946/35/288 948/37/288 947/157/288
f 949/37/289 951/158/289 950/157/289
f 952/37/290 954/38/290 953/158/290
f 955/38/291 957/159/291 956/158/291
f 958/38/292 960/39/292 959/159/292
f 961/155/293 963/153/293 962/154/293
f 964/153/294 966/25/294 965/154/294
f 967/153/295 969/152/295 968/25/295
f 970/152/296 972/24/296 971/25/296
f 973/152/297 975/151/297 974/24/297
f 976/160/298 978/161/298 977/162/298
f 979/161/299 981/163/299 980/162/299
f 982/161/300 984/164/300 983/163/300
f 985/164/301 987/165/301 986/163/301
f 988/164/302 990/166/302 989/165/302
f 991/166/303 993/164/303 992/165/303
f 994/164/304 996/163/304 995/165/304
f 997/164/305 999/161/305 998/163/305
f 1000/161/306 1002/162/306 1001/163/306
f 1003/161/307 1005/160/307 1004/162/307
f 1006/39/308 1008/38/308 1007/159/308
f 1009/38/309 1011/158/309 1010/159/309
f 1012/38/310 1014/37/310 1013/158/310
f 1015/37/311 1017/157/311 1016/158/311
f 1018/37/312 1020/35/312 1019/157/312
f 1021/98/3 1023/97/3 1022/99/3
f 1024/97/3 1026/149/3 1025/99/3
f 1027/10/3 1029/135/3 1028/149/3
f 1030/10/3 1032/8/3 1031/135/3
f 1033/5/3 1035/9/3 1034/140/3
f 1036/10/3 1038/149/3 1037/97/3
f 1039/126/313 1041/127/313 1040/14/313
f 1042/127/313 1044/128/313 1043/14/313
f 1045/127/314 1047/129/314 1046/128/314
f 1048/129/314 1050/130/314 1049/128/314
f 1051/129/236 1053/131/236 1052/130/236
f 1054/148/315 1056/146/315 1055/147/315
f 1057/146/315 1059/145/315 1058/147/315
f 1060/146/316 1062/144/316 1061/145/316
f 1063/144/316 1065/141/316 1064/145/316
f 1066/144/266 1068/142/266 1067/141/266
f 1069/58/317 1071/60/317 1070/59/317
f 1072/60/318 1074/96/318 1073/59/318
f 1075/60/319 1077/80/319 1076/96/319
f 1078/80/320 1080/67/320 1079/96/320
f 1081/167/321 1083/119/321 1082/40/321
f 1084/119/322 1086/38/322 1085/40/322
f 1087/119/323 1089/120/323 1088/38/323
f 1090/120/324 1092/33/324 1091/38/324
f 1093/29/325 1095/31/325 1094/121/325
f 1096/31/326 1098/156/326 1097/121/326
f 1099/31/327 1101/124/327 1100/156/327
f 1102/124/328 1104/27/328 1103/156/328
f 1105/168/329 1107/169/329 1106/170/329
f 1108/169/330 1110/168/330 1109/170/330
f 1111/169/331 1113/171/331 1112/168/331
f 1114/171/332 1116/169/332 1115/168/332
f 1117/169/333 1119/168/333 1118/171/333
f 1120/168/334 1122/169/334 1121/171/334
f 1123/168/335 1125/170/335 1124/169/335
f 1126/170/336 1128/168/336 1127/169/336
f 1129/172/337 1131/173/337 1130/174/337
f 1132/173/338 1134/134/338 1133/174/338
f 1135/173/339 1137/133/339 1136/134/339
f 1138/133/340 1140/58/340 1139/134/340
f 1141/59/341 1143/60/341 1142/58/341
f 1144/60/342 1146/80/342 1145/58/342
f 1147/60/343 1149/96/343 1148/80/343
f 1150/96/344 1152/67/344 1151/80/344
f 1153/174/345 1155/173/345 1154/134/345
f 1156/173/346 1158/133/346 1157/134/346
f 1159/173/347 1161/134/347 1160/133/347
f 1162/134/348 1164/58/348 1163/133/348
f 1165/175/349 1167/176/349 1166/177/349
f 1168/176/350 1170/178/350 1169/177/350
f 1171/176/351 1173/179/351 1172/178/351
f 1174/159/352 1176/180/352 1175/158/352
f 1177/180/353 1179/157/353 1178/158/353
f 1180/180/354 1182/35/354 1181/157/354
f 1183/125/355 1185/123/355 1184/124/355
f 1186/123/356 1188/31/356 1187/124/356
f 1189/123/357 1191/122/357 1190/31/357
f 1192/35/358 1194/180/358 1193/157/358
f 1195/180/359 1197/158/359 1196/157/359
f 1198/180/360 1200/159/360 1199/158/360
f 1201/167/361 1203/40/361 1202/119/361
f 1204/40/362 1206/38/362 1205/119/362
f 1207/40/363 1209/39/363 1208/38/363
f 1210/162/364 1212/163/364 1211/181/364
f 1213/163/365 1215/182/365 1214/181/365
f 1216/163/366 1218/165/366 1217/182/366
f 1219/165/367 1221/163/367 1220/182/367
f 1222/163/368 1224/181/368 1223/182/368
f 1225/163/369 1227/162/369 1226/181/369
f 1228/133/370 1230/173/370 1229/134/370
f 1231/173/371 1233/174/371 1232/134/371
f 1234/173/372 1236/172/372 1235/174/372
f 1237/56/373 1239/101/373 1238/57/373
f 1240/101/374 1242/47/374 1241/57/374
f 1243/101/375 1245/100/375 1244/47/375
f 1246/179/376 1248/176/376 1247/178/376
f 1249/176/377 1251/177/377 1250/178/377
f 1252/176/378 1254/175/378 1253/177/378
f 1255/75/379 1257/79/379 1256/76/379
f 1258/79/380 1260/75/380 1259/76/380
f 1261/79/381 1263/73/381 1262/75/381
f 1264/78/382 1266/77/382 1265/72/382
f 1267/77/383 1269/78/383 1268/72/383
f 1270/77/384 1272/72/384 1271/78/384
f 1273/11/385 1275/13/385 1274/12/385
f 1276/13/386 1278/14/386 1277/12/386
f 1279/13/386 1281/126/386 1280/14/386
f 1282/82/387 1284/81/387 1283/61/387
f 1285/81/388 1287/82/388 1286/61/388
f 1288/81/389 1290/61/389 1289/82/389
f 1291/183/390 1293/184/390 1292/185/390
f 1294/184/391 1296/183/391 1295/185/391
f 1297/184/392 1299/186/392 1298/183/392
f 1300/18/393 1302/19/393 1301/21/393
f 1303/19/394 1305/187/394 1304/21/394
f 1306/19/395 1308/21/395 1307/187/395
f 1309/186/396 1311/184/396 1310/188/396
f 1312/184/397 1314/186/397 1313/188/397
f 1315/184/398 1317/183/398 1316/186/398
f 1318/179/399 1320/176/399 1319/178/399
f 1321/176/400 1323/177/400 1322/178/400
f 1324/176/401 1326/175/401 1325/177/401
f 1327/47/402 1329/57/402 1328/101/402
f 1330/57/403 1332/56/403 1331/101/403
f 1333/57/404 1335/55/404 1334/56/404
f 1336/134/405 1338/173/405 1337/174/405
f 1339/173/406 1341/172/406 1340/174/406
f 1342/173/407 1344/174/407 1343/172/407
f 1345/175/408 1347/176/408 1346/177/408
f 1348/176/409 1350/178/409 1349/177/409
f 1351/176/410 1353/179/410 1352/178/410
f 1354/189/3 1356/190/3 1355/191/3
f 1357/192/3 1359/189/3 1358/191/3
f 1360/193/1 1362/194/1 1361/195/1
f 1363/193/411 1365/194/411 1364/196/411
f 1366/197/3 1368/198/3 1367/199/3
f 1369/105/412 1371/53/412 1370/54/412
f 1372/108/413 1374/54/413 1373/52/413
f 1375/197/3 1377/199/3 1376/198/3
f 1378/53/414 1380/105/414 1379/54/414
f 1381/54/415 1383/108/415 1382/52/415
f 1384/52/3 1386/53/3 1385/200/3
f 1387/201/3 1389/202/3 1388/203/3
f 1390/201/3 1392/203/3 1391/204/3
f 1393/204/3 1395/203/3 1394/205/3
f 1396/204/3 1398/205/3 1397/206/3
f 1399/197/3 1401/207/3 1400/208/3
f 1402/209/3 1404/205/3 1403/203/3
f 1405/209/3 1407/207/3 1406/203/3
f 1408/206/3 1410/205/3 1409/204/3
f 1411/205/3 1413/203/3 1412/204/3
f 1414/205/3 1416/209/3 1415/203/3
f 1417/209/3 1419/197/3 1418/207/3
f 1420/197/3 1422/208/3 1421/207/3
f 1423/197/3 1425/198/3 1424/208/3
f 1426/209/3 1428/203/3 1427/207/3
f 1429/209/3 1431/207/3 1430/197/3
f 1432/197/3 1434/208/3 1433/198/3
f 1435/201/3 1437/200/3 1436/202/3
f 1438/200/3 1440/53/3 1439/202/3
f 1441/204/3 1443/203/3 1442/201/3
f 1444/201/3 1446/203/3 1445/202/3
f 1447/201/3 1449/202/3 1448/200/3
f 1450/200/3 1452/202/3 1451/53/3
f 1453/200/3 1455/53/3 1454/52/3
f 1456/78/3 1458/116/3 1457/77/3
f 1459/101/3 1461/56/3 1460/100/3
f 1462/5/3 1464/7/3 1463/9/3
f 1465/9/3 1467/7/3 1466/5/3
f 1468/210/3 1470/49/3 1469/100/3
f 1471/56/3 1473/101/3 1472/100/3
f 1474/56/3 1476/210/3 1475/100/3
f 1477/210/3 1479/211/3 1478/49/3
f 1480/56/3 1482/100/3 1481/210/3
f 1483/210/3 1485/100/3 1484/49/3
f 1486/210/3 1488/49/3 1487/211/3
f 1489/81/3 1491/77/3 1490/82/3
f 1492/77/3 1494/114/3 1493/82/3
f 1495/77/3 1497/116/3 1496/114/3
f 1498/77/3 1500/81/3 1499/82/3
f 1501/82/3 1503/114/3 1502/77/3
f 1504/77/3 1506/114/3 1505/116/3
f 1507/77/3 1509/116/3 1508/78/3
f 1510/25/416 1512/212/416 1511/213/416
f 1513/212/417 1515/25/417 1514/213/417
f 1516/214/418 1518/215/418 1517/212/418
f 1519/214/419 1521/216/419 1520/215/419
f 1522/216/420 1524/217/420 1523/215/420
f 1525/216/421 1527/218/421 1526/217/421
f 1528/218/422 1530/219/422 1529/217/422
f 1531/218/423 1533/217/423 1532/216/423
f 1534/214/424 1536/215/424 1535/212/424
f 1537/220/425 1539/221/425 1538/222/425
f 1540/220/426 1542/222/426 1541/215/426
f 1543/220/427 1545/215/427 1544/217/427
f 1546/53/428 1548/52/428 1547/54/428
f 1549/52/429 1551/53/429 1550/54/429
f 1552/223/430 1554/224/430 1553/225/430
f 1555/226/431 1557/27/431 1556/227/431
f 1558/227/432 1560/226/432 1559/27/432
f 1561/226/433 1563/228/433 1562/229/433
f 1564/228/434 1566/230/434 1565/229/434
f 1567/225/435 1569/224/435 1568/230/435
f 1570/225/436 1572/223/436 1571/224/436
f 1573/231/437 1575/232/437 1574/229/437
f 1576/231/438 1578/229/438 1577/230/438
f 1579/231/439 1581/233/439 1580/232/439
f 1708/1/411 1709/3/411 1710/2/411
f 1711/7/2 1712/6/2 1713/5/2
f 1714/8/2 1715/7/2 1716/9/2
f 1717/9/2 1718/10/2 1719/8/2
f 1720/1/411 1721/2/411 1722/22/411
f 1723/5/2 1724/6/2 1725/7/2
f 1726/97/2 1727/99/2 1728/98/2
f 1729/9/2 1730/7/2 1731/8/2
f 1732/10/2 1733/8/2 1734/135/2
f 1735/136/2 1736/138/2 1737/137/2
f 1738/137/2 1739/138/2 1740/139/2
f 1741/137/2 1742/139/2 1743/140/2
f 1744/140/2 1745/139/2 1746/9/2
f 1747/8/2 1748/10/2 1749/9/2
f 1750/135/2 1751/97/2 1752/10/2
f 1753/135/2 1754/149/2 1755/97/2
f 1756/149/2 1757/99/2 1758/97/2
f 1759/98/2 1760/99/2 1761/97/2
f 1762/97/2 1763/99/2 1764/149/2
f 1765/10/2 1766/149/2 1767/135/2
f 1768/10/2 1769/135/2 1770/8/2
f 1771/5/2 1772/140/2 1773/9/2
f 1774/10/2 1775/97/2 1776/149/2
f 1777/189/2 1778/191/2 1779/190/2
f 1780/192/2 1781/191/2 1782/189/2
f 1783/193/411 1784/195/411 1785/194/411
f 1786/193/1 1787/196/1 1788/194/1
f 1789/197/2 1790/199/2 1791/198/2
f 1792/197/2 1793/198/2 1794/199/2
f 1795/52/2 1796/200/2 1797/53/2
f 1798/201/2 1799/203/2 1800/202/2
f 1801/201/2 1802/204/2 1803/203/2
f 1804/204/2 1805/205/2 1806/203/2
f 1807/204/2 1808/206/2 1809/205/2
f 1810/197/2 1811/208/2 1812/207/2
f 1813/209/2 1814/203/2 1815/205/2
f 1816/209/2 1817/203/2 1818/207/2
f 1819/206/2 1820/204/2 1821/205/2
f 1822/205/2 1823/204/2 1824/203/2
f 1825/205/2 1826/203/2 1827/209/2
f 1828/209/2 1829/207/2 1830/197/2
f 1831/197/2 1832/207/2 1833/208/2
f 1834/197/2 1835/208/2 1836/198/2
f 1837/209/2 1838/207/2 1839/203/2
f 1840/209/2 1841/197/2 1842/207/2
f 1843/197/2 1844/198/2 1845/208/2
f 1846/201/2 1847/202/2 1848/200/2
f 1849/200/2 1850/202/2 1851/53/2
f 1852/204/2 1853/201/2 1854/203/2
f 1855/201/2 1856/202/2 1857/203/2
f 1858/201/2 1859/200/2 1860/202/2
f 1861/200/2 1862/53/2 1863/202/2
f 1864/200/2 1865/52/2 1866/53/2
f 1867/78/2 1868/77/2 1869/116/2
f 1870/101/2 1871/100/2 1872/56/2
f 1873/5/2 1874/9/2 1875/7/2
f 1876/9/2 1877/5/2 1878/7/2
f 1879/210/2 1880/100/2 1881/49/2
f 1882/56/2 1883/100/2 1884/101/2
f 1885/56/2 1886/100/2 1887/210/2
f 1888/210/2 1889/49/2 1890/211/2
f 1891/56/2 1892/210/2 1893/100/2
f 1894/210/2 1895/49/2 1896/100/2
f 1897/210/2 1898/211/2 1899/49/2
f 1900/81/2 1901/82/2 1902/77/2
f 1903/77/2 1904/82/2 1905/114/2
f 1906/77/2 1907/114/2 1908/116/2
f 1909/77/2 1910/82/2 1911/81/2
f 1912/82/2 1913/77/2 1914/114/2
f 1915/77/2 1916/116/2 1917/114/2
f 1918/77/2 1919/78/2 1920/116/2
f 1921/214/457 1922/212/457 1923/215/457
f 1924/214/458 1925/215/458 1926/216/458
f 1927/216/459 1928/215/459 1929/217/459
f 1930/216/460 1931/217/460 1932/218/460
f 1933/218/461 1934/217/461 1935/219/461
f 1936/218/462 1937/216/462 1938/217/462
f 1939/214/463 1940/212/463 1941/215/463
f 1942/220/464 1943/222/464 1944/221/464
f 1945/220/465 1946/215/465 1947/222/465
f 1948/220/466 1949/217/466 1950/215/466
f 1951/223/467 1952/225/467 1953/224/467
f 1954/226/468 1955/227/468 1956/27/468
f 1957/227/469 1958/27/469 1959/226/469
f 1960/226/470 1961/229/470 1962/228/470
f 1963/228/471 1964/229/471 1965/230/471
f 1966/225/472 1967/230/472 1968/224/472
f 1969/225/473 1970/224/473 1971/223/473
f 1972/231/474 1973/229/474 1974/232/474
f 1975/231/475 1976/230/475 1977/229/475
f 1978/231/476 1979/232/476 1980/233/476
usemtl Brush.041
f 1582/234/440 1584/235/440 1583/236/440
f 1585/235/440 1587/234/440 1586/236/440
f 1588/237/441 1590/238/441 1589/239/441
f 1591/240/442 1593/241/442 1592/242/442
f 1594/243/443 1596/244/443 1595/245/443
f 1597/244/444 1599/246/444 1598/245/444
f 1600/244/444 1602/247/444 1601/246/444
f 1603/247/445 1605/244/445 1604/246/445
f 1606/247/446 1608/237/446 1607/244/446
f 1609/237/447 1611/248/447 1610/244/447
f 1612/237/447 1614/239/447 1613/248/447
f 1615/239/448 1617/237/448 1616/248/448
f 1618/239/449 1620/238/449 1619/237/449
f 1621/238/450 1623/249/450 1622/237/450
f 1624/238/451 1626/237/451 1625/249/451
f 1627/237/446 1629/247/446 1628/249/446
f 1630/246/445 1632/244/445 1631/245/445
f 1633/244/452 1635/243/452 1634/245/452
f 1636/244/452 1638/248/452 1637/243/452
f 1639/248/443 1641/244/443 1640/243/443
f 1642/248/448 1644/237/448 1643/244/448
f 1645/237/453 1647/247/453 1646/244/453
f 1648/237/453 1650/249/453 1649/247/453
f 1651/242/454 1653/241/454 1652/240/454
f 1654/241/455 1656/250/455 1655/240/455
f 1657/241/456 1659/240/456 1658/250/456
f 1660/251/411 1662/252/411 1661/253/411
f 1663/252/411 1665/254/411 1664/253/411
f 1666/254/1 1668/252/1 1667/253/1
f 1669/252/1 1671/251/1 1670/253/1
f 1672/251/411 1674/252/411 1673/253/411
f 1675/252/411 1677/254/411 1676/253/411
f 1678/251/411 1680/252/411 1679/253/411
f 1681/252/411 1683/254/411 1682/253/411
f 1684/252/3 1686/254/3 1685/251/3
f 1687/254/3 1689/253/3 1688/251/3
f 1690/252/3 1692/254/3 1691/251/3
f 1693/254/3 1695/253/3 1694/251/3
f 1696/252/3 1698/254/3 1697/251/3
f 1699/254/3 1701/253/3 1700/251/3
f 1702/252/3 1704/254/3 1703/251/3
f 1705/254/3 1707/253/3 1706/251/3
f 1981/251/1 1982/253/1 1983/252/1
f 1984/252/1 1985/253/1 1986/254/1
f 1987/254/411 1988/253/411 1989/252/411
f 1990/252/411 1991/253/411 1992/251/411
f 1993/251/1 1994/253/1 1995/252/1
f 1996/252/1 1997/253/1 1998/254/1
f 1999/251/1 2000/253/1 2001/252/1
f 2002/252/1 2003/253/1 2004/254/1
f 2005/252/2 2006/251/2 2007/254/2
f 2008/254/2 2009/251/2 2010/253/2
f 2011/252/2 2012/251/2 2013/254/2
f 2014/254/2 2015/251/2 2016/253/2
f 2017/252/2 2018/251/2 2019/254/2
f 2020/254/2 2021/251/2 2022/253/2
f 2023/252/2 2024/251/2 2025/254/2
f 2026/254/2 2027/251/2 2028/253/2
