mtllib midnightblue.mtl
v -0.022318 0.097610 0.097998
v -0.027476 0.097360 0.097871
v -0.027930 0.088706 0.097019
v -0.027476 0.106015 0.097019
v -0.012933 0.105386 0.097019
v -0.016287 0.111370 0.095204
v -0.019353 0.113708 0.094495
v -0.027476 0.114337 0.094495
v -0.022477 0.122006 0.090395
v -0.027476 0.122006 0.090395
v -0.019970 0.128728 0.084878
v -0.027476 0.128728 0.084878
v -0.027476 0.134245 0.078156
v -0.013750 0.134245 0.078156
v -0.027476 0.138344 0.070487
v -0.011234 0.138087 0.071277
v -0.027476 0.140869 0.062165
v 0.011245 0.138070 0.071308
v 0.027476 0.140869 0.062165
v -0.027476 0.141721 0.053510
v 0.027476 0.138344 0.070487
v 0.013750 0.134245 0.078156
v 0.027476 0.141721 0.053510
v 0.027476 0.134245 0.078156
v 0.019970 0.128728 0.084878
v 0.027476 0.128728 0.084878
v 0.027476 0.122006 0.090395
v 0.022477 0.122006 0.090395
v 0.027476 0.114337 0.094495
v 0.019353 0.113708 0.094495
v 0.027476 0.106015 0.097019
v 0.016287 0.111370 0.095204
v 0.012933 0.105386 0.097019
v 0.022318 0.097610 0.097998
v 0.027476 0.097360 0.097871
v 0.027930 0.088706 0.097019
v -0.027476 0.140869 0.044856
v 0.027476 0.140869 0.044856
v -0.027476 0.138344 0.036534
v 0.027476 0.138344 0.036534
v 0.027476 0.134245 0.028865
v -0.027476 0.134245 0.028865
v 0.027476 0.128728 0.022143
v -0.027476 0.128728 0.022143
v 0.027476 0.122006 0.016626
v -0.027476 0.122006 0.016626
v 0.027476 0.114337 0.012526
v -0.027476 0.114336 0.012526
v 0.027476 0.106015 0.010002
v -0.027476 0.106015 0.010002
v 0.027476 0.097360 0.009150
v -0.027476 0.097360 0.009150
v -0.027476 0.088706 0.010002
v 0.027476 0.088706 0.010002
v -0.027476 0.080384 0.012526
v 0.027476 0.080384 0.012526
v -0.027476 0.072715 0.016626
v 0.027476 0.072715 0.016626
v -0.027476 0.065992 0.022143
v 0.027476 0.065992 0.022143
v 0.027476 0.060476 0.028865
v -0.027476 0.060476 0.028865
v -0.027476 0.056376 0.036534
v 0.027476 0.056376 0.036534
v 0.027476 0.053852 0.044856
v -0.027476 0.053852 0.044856
v 0.027476 0.052999 0.053510
v 0.010966 0.052999 0.053510
v 0.018186 0.053852 0.062165
v -0.010966 0.052999 0.053510
v 0.027476 0.053852 0.062165
v -0.027476 0.052999 0.053510
v 0.021818 0.056376 0.070487
v -0.018186 0.053852 0.062165
v 0.027476 0.056376 0.070487
v 0.029008 0.064301 0.086228
v -0.027476 0.053852 0.062165
v -0.021818 0.056376 0.070487
v -0.027476 0.056376 0.070487
v -0.029008 0.064301 0.086228
v -0.023318 0.115556 0.025270
v -0.023318 0.128179 0.040138
v -0.022988 0.122524 0.032109
v -0.022990 0.106394 0.021734
v -0.022990 0.130175 0.049696
v -0.023318 0.096800 0.019920
v -0.022990 0.129137 0.062544
v -0.022990 0.087218 0.022070
v -0.023318 0.125601 0.071706
v -0.022989 0.075958 0.028345
v -0.022990 0.118763 0.078676
v -0.023318 0.069120 0.035315
v -0.022990 0.065584 0.044477
v -0.023318 0.110733 0.084329
v -0.022990 0.101175 0.086325
v -0.023318 0.063770 0.054071
v -0.022990 0.065920 0.063653
v -0.022990 0.088326 0.085287
v -0.023318 0.069743 0.072638
v -0.022988 0.076855 0.079410
v 0.022318 0.097610 -0.097998
v 0.027476 0.097360 -0.097871
v 0.027930 0.088706 -0.097019
v 0.027476 0.106015 -0.097019
v 0.012933 0.105386 -0.097019
v 0.016287 0.111370 -0.095204
v 0.019353 0.113708 -0.094495
v 0.027476 0.114337 -0.094495
v 0.022477 0.122006 -0.090395
v 0.027476 0.122006 -0.090395
v 0.019970 0.128728 -0.084878
v 0.027476 0.128728 -0.084878
v 0.027476 0.134245 -0.078156
v 0.013750 0.134245 -0.078156
v 0.027476 0.138344 -0.070487
v 0.011244 0.138086 -0.071268
v 0.027476 0.140869 -0.062165
v -0.011230 0.138077 -0.071307
v 0.027476 0.141721 -0.053511
v -0.027476 0.141721 -0.053510
v -0.027476 0.140869 -0.062165
v -0.027476 0.138344 -0.070487
v -0.013750 0.134245 -0.078156
v -0.027476 0.134245 -0.078156
v -0.019970 0.128728 -0.084878
v -0.027476 0.128728 -0.084878
v -0.027476 0.122006 -0.090395
v -0.022477 0.122006 -0.090395
v -0.027476 0.114337 -0.094495
v -0.019353 0.113708 -0.094495
v -0.027476 0.106015 -0.097019
v -0.016287 0.111370 -0.095204
v -0.012933 0.105386 -0.097019
v -0.022318 0.097610 -0.097998
v -0.027476 0.097360 -0.097871
v -0.027930 0.088706 -0.097019
v -0.027476 0.140869 -0.044856
v 0.027476 0.140869 -0.044856
v -0.027476 0.138344 -0.036534
v 0.027476 0.138344 -0.036534
v -0.027476 0.134245 -0.028865
v 0.027476 0.134245 -0.028865
v -0.027476 0.128728 -0.022143
v 0.027476 0.128728 -0.022143
v -0.027476 0.122006 -0.016626
v 0.027476 0.122006 -0.016626
v -0.027476 0.114337 -0.012526
v 0.027476 0.114336 -0.012526
v 0.027476 0.106015 -0.010002
v -0.027476 0.106015 -0.010002
v -0.027476 0.097360 -0.009150
v 0.027476 0.097360 -0.009150
v -0.027476 0.088706 -0.010002
v 0.027476 0.088706 -0.010002
v -0.027476 0.080384 -0.012526
v 0.027476 0.080384 -0.012526
v 0.027476 0.072715 -0.016626
v -0.027476 0.072715 -0.016626
v -0.027476 0.065992 -0.022143
v 0.027476 0.065992 -0.022143
v -0.027476 0.060476 -0.028865
v 0.027476 0.060476 -0.028865
v 0.027476 0.056376 -0.036534
v -0.027476 0.056376 -0.036534
v 0.027476 0.053852 -0.044856
v -0.027476 0.053852 -0.044856
v -0.010966 0.052999 -0.053510
v -0.027476 0.052999 -0.053511
v 0.010966 0.052999 -0.053510
v -0.018186 0.053852 -0.062165
v -0.027476 0.053852 -0.062165
v 0.027476 0.052999 -0.053510
v -0.021818 0.056376 -0.070487
v 0.018186 0.053852 -0.062165
v -0.027476 0.056376 -0.070487
v -0.029008 0.064301 -0.086228
v 0.027476 0.053852 -0.062165
v 0.021818 0.056376 -0.070487
v 0.027476 0.056376 -0.070487
v 0.029008 0.064301 -0.086228
v 0.022990 0.106394 -0.021734
v 0.022989 0.126217 -0.037429
v 0.022989 0.117866 -0.027611
v 0.022990 0.130175 -0.049696
v 0.022990 0.093546 -0.020696
v 0.022990 0.129137 -0.062544
v 0.022990 0.081279 -0.024653
v 0.023318 0.125601 -0.071706
v 0.022990 0.118763 -0.078676
v 0.022989 0.071460 -0.033004
v 0.022990 0.065584 -0.044477
v 0.023318 0.110732 -0.084329
v 0.022990 0.101175 -0.086325
v 0.023318 0.063770 -0.054071
v 0.022990 0.065920 -0.063653
v 0.022990 0.088326 -0.085287
v 0.023318 0.069743 -0.072638
v 0.022988 0.076855 -0.079410
v -0.022989 0.072196 -0.074912
v -0.022990 0.065920 -0.063653
v -0.022989 0.082301 -0.082914
v -0.023318 0.091357 -0.086564
v -0.022990 0.101175 -0.086325
v -0.023318 0.063770 -0.054071
v -0.022990 0.065584 -0.044477
v -0.023318 0.110732 -0.084329
v -0.022990 0.118763 -0.078676
v -0.022989 0.071460 -0.033004
v -0.022990 0.081279 -0.024653
v -0.023318 0.125601 -0.071706
v -0.022990 0.129137 -0.062544
v -0.022990 0.093546 -0.020696
v -0.022990 0.130175 -0.049696
v -0.022990 0.106394 -0.021734
v -0.022989 0.126217 -0.037429
v -0.022989 0.117866 -0.027611
v -0.004083 0.109865 -0.009858
v 0.001297 0.108032 -0.008039
v -0.004767 0.108032 -0.006602
v -0.000000 0.109865 -0.010671
v -0.005877 0.120322 -0.014188
v -0.000000 0.120322 -0.015357
v -0.007545 0.109865 -0.007545
v -0.009551 0.132184 -0.023058
v 0.000000 0.132184 -0.024957
v -0.010859 0.120322 -0.010859
v -0.009858 0.109865 -0.004083
v -0.008039 0.108032 -0.001297
v -0.014188 0.120322 -0.005877
v -0.010671 0.109865 -0.000000
v -0.009858 0.109865 0.004083
v -0.005846 0.108017 0.005846
v -0.015357 0.120322 -0.000000
v -0.014188 0.120322 0.005877
v -0.007545 0.109865 0.007545
v -0.023058 0.132184 -0.009551
v -0.023058 0.132184 0.009551
v -0.017647 0.132184 -0.017648
v -0.024957 0.132184 -0.000000
v -0.034419 0.139109 -0.014257
v -0.014257 0.139109 -0.034419
v 0.000000 0.139109 -0.037255
v -0.026343 0.139109 -0.026343
v -0.019216 0.142751 -0.046393
v 0.000000 0.142751 -0.050215
v -0.046393 0.142751 -0.019217
v -0.011653 0.144449 -0.058583
v -0.000000 0.144470 -0.059721
v -0.035507 0.142751 -0.035507
v -0.022854 0.144470 -0.055175
v -0.000000 0.149660 -0.059754
v -0.033185 0.144449 -0.049664
v -0.011657 0.149660 -0.058605
v 0.000000 0.170335 -0.039719
v -0.015200 0.170335 -0.036696
v -0.022867 0.149660 -0.055205
v -0.033197 0.149660 -0.049683
v -0.028086 0.170335 -0.028086
v -0.042229 0.144470 -0.042229
v -0.042252 0.149660 -0.042252
v -0.049664 0.144449 -0.033185
v -0.049683 0.149660 -0.033197
v -0.036696 0.170335 -0.015200
v -0.055175 0.144470 -0.022854
v -0.055205 0.149660 -0.022867
v -0.058605 0.149660 -0.011657
v -0.039719 0.170335 -0.000000
v -0.058583 0.144449 -0.011653
v -0.059753 0.149660 -0.000000
v -0.058605 0.149660 0.011657
v -0.036696 0.170335 0.015200
v -0.059721 0.144470 0.000000
v -0.055205 0.149660 0.022867
v -0.058583 0.144449 0.011653
v -0.050215 0.142751 -0.000000
v -0.037255 0.139109 -0.000000
v -0.046393 0.142751 0.019216
v -0.034419 0.139109 0.014257
v -0.055175 0.144470 0.022854
v -0.017648 0.132184 0.017647
v -0.049664 0.144449 0.033185
v -0.026343 0.139109 0.026343
v -0.035507 0.142751 0.035507
v -0.042229 0.144470 0.042229
v -0.019216 0.142751 0.046393
v -0.049683 0.149660 0.033197
v -0.028086 0.170335 0.028086
v -0.042252 0.149660 0.042252
v -0.033197 0.149660 0.049683
v -0.015200 0.170335 0.036696
v -0.033185 0.144449 0.049664
v -0.022867 0.149660 0.055205
v -0.022854 0.144470 0.055175
v -0.011657 0.149660 0.058605
v -0.000000 0.170335 0.039719
v -0.011653 0.144449 0.058583
v -0.000000 0.149660 0.059753
v 0.011657 0.149660 0.058605
v 0.015200 0.170335 0.036696
v -0.000000 0.144470 0.059721
v 0.022867 0.149660 0.055205
v 0.011653 0.144449 0.058583
v -0.000000 0.142751 0.050215
v 0.022854 0.144470 0.055175
v 0.019216 0.142751 0.046393
v -0.000000 0.139109 0.037255
v 0.033185 0.144449 0.049664
v 0.033197 0.149660 0.049683
v 0.028086 0.170335 0.028086
v 0.042252 0.149660 0.042252
v 0.049683 0.149660 0.033197
v 0.036696 0.170335 0.015200
v 0.042229 0.144470 0.042229
v 0.049664 0.144449 0.033185
v 0.055205 0.149660 0.022867
v 0.058605 0.149660 0.011657
v 0.039719 0.170335 -0.000000
v 0.055175 0.144470 0.022854
v 0.059754 0.149660 -0.000000
v 0.058583 0.144449 0.011653
v 0.035507 0.142751 0.035507
v 0.046393 0.142751 0.019216
v 0.026343 0.139109 0.026343
v 0.014257 0.139109 0.034419
v 0.034419 0.139109 0.014257
v 0.050215 0.142751 -0.000000
v 0.059721 0.144470 -0.000000
v 0.058583 0.144449 -0.011653
v 0.037255 0.139109 -0.000000
v 0.046393 0.142751 -0.019216
v 0.055175 0.144470 -0.022854
v 0.058605 0.149660 -0.011657
v 0.036696 0.170335 -0.015200
v 0.055205 0.149660 -0.022867
v 0.049683 0.149660 -0.033197
v 0.028086 0.170335 -0.028086
v 0.049664 0.144449 -0.033185
v 0.042252 0.149660 -0.042252
v 0.033197 0.149660 -0.049683
v 0.015200 0.170335 -0.036696
v 0.042229 0.144470 -0.042229
v 0.022867 0.149660 -0.055205
v 0.033185 0.144449 -0.049664
v 0.035507 0.142751 -0.035507
v 0.022854 0.144470 -0.055175
v 0.019216 0.142751 -0.046393
v 0.026343 0.139109 -0.026343
v 0.011653 0.144449 -0.058583
v 0.014257 0.139109 -0.034419
v 0.011657 0.149660 -0.058605
v 0.009551 0.132184 -0.023058
v 0.017647 0.132184 -0.017648
v 0.005877 0.120322 -0.014188
v 0.010859 0.120322 -0.010859
v 0.034419 0.139109 -0.014257
v 0.023058 0.132184 -0.009551
v 0.024957 0.132184 -0.000000
v 0.014188 0.120322 -0.005877
v 0.015357 0.120322 -0.000000
v 0.023058 0.132184 0.009551
v 0.017647 0.132184 0.017647
v 0.014188 0.120322 0.005877
v 0.010859 0.120322 0.010859
v 0.009551 0.132184 0.023058
v -0.000000 0.132184 0.024957
v 0.005877 0.120322 0.014188
v -0.014257 0.139109 0.034419
v -0.000000 0.120322 0.015357
v -0.009551 0.132184 0.023058
v -0.010859 0.120322 0.010859
v -0.005877 0.120322 0.014188
v -0.004083 0.109865 0.009858
v 0.000000 0.108040 0.008024
v -0.000000 0.109865 0.010671
v 0.004083 0.109865 0.009858
v 0.005846 0.108017 0.005846
v 0.007545 0.109865 0.007545
v 0.009858 0.109865 0.004083
v 0.008039 0.108032 -0.001297
v 0.010671 0.109865 -0.000000
v 0.009858 0.109865 -0.004083
v 0.005674 0.108040 -0.005674
v 0.007545 0.109865 -0.007545
v 0.004083 0.109865 -0.009858
v -0.000000 0.047529 0.066624
v -0.009297 0.047920 0.068113
v 0.009297 0.047920 0.068113
v -0.000000 0.036687 0.078775
v -0.016391 0.050742 0.073895
v -0.007611 0.037425 0.079432
v -0.017902 0.053035 0.078161
v -0.014240 0.040970 0.085646
v -0.000000 0.024526 0.088424
v -0.006335 0.025047 0.088917
v -0.016004 0.043578 0.089285
v 0.007611 0.037425 0.079432
v -0.012518 0.028683 0.096104
v 0.016391 0.050742 0.073895
v 0.017902 0.053035 0.078161
v 0.014240 0.040970 0.085646
v 0.006335 0.025047 0.088917
v 0.016004 0.043578 0.089285
v -0.000000 0.003305 0.098343
v 0.012518 0.028683 0.096104
v 0.004848 0.003739 0.099121
v 0.028735 0.060816 0.092025
v 0.014269 0.030660 0.099999
v 0.027823 0.051805 0.102297
v 0.026565 0.037588 0.113803
v 0.009914 0.006033 0.106377
v 0.025222 0.021113 0.122126
v 0.011695 0.007360 0.110447
v 0.009594 -0.021977 0.115164
v 0.023440 0.002797 0.127531
v 0.026553 0.044593 0.117739
v 0.029174 0.072516 0.094448
v 0.019761 -0.031064 0.130703
v 0.028795 0.062687 0.079813
v 0.007547 -0.048583 0.112307
v 0.016545 -0.057693 0.126710
v 0.022471 0.004724 0.134615
v 0.018783 -0.030280 0.136042
v 0.024076 0.021784 0.130753
v 0.022090 0.047022 0.128318
v 0.025609 0.068116 0.112657
v 0.015716 0.007714 0.144374
v 0.016376 0.051928 0.135555
v 0.028803 0.081732 0.095262
v 0.018776 0.071935 0.122752
v 0.020233 0.086338 0.109800
v 0.028805 0.074432 0.080471
v 0.028808 0.102349 0.096429
v 0.028807 0.083874 0.086069
v 0.028805 0.093274 0.088666
v 0.028807 0.113825 0.093259
v 0.028805 0.107039 0.087553
v 0.028808 0.125353 0.086425
v 0.028805 0.119329 0.081258
v 0.028808 0.135818 0.073207
v 0.028805 0.128276 0.070739
v 0.028807 0.139557 0.061904
v 0.028808 0.140279 0.048522
v 0.028805 0.132516 0.057597
v 0.028807 0.137109 0.037046
v 0.028805 0.131403 0.043833
v 0.028808 0.130275 0.025518
v 0.028807 0.126662 0.033932
v 0.028807 0.121263 0.017738
v 0.028805 0.120289 0.026550
v 0.028808 0.109176 0.011950
v 0.028805 0.108227 0.019828
v 0.028807 0.097360 0.010487
v 0.028808 0.084095 0.012389
v 0.028805 0.094510 0.018234
v 0.028808 0.069368 0.020596
v 0.028805 0.081227 0.022010
v 0.028808 0.058903 0.033814
v 0.028805 0.070400 0.030582
v 0.028808 0.054293 0.050030
v 0.028807 0.064802 0.040024
v 0.028805 0.062205 0.049424
v 0.028808 0.056076 0.066034
v 0.027458 0.064829 0.043430
v 0.028805 0.063317 0.063189
v 0.028807 0.068059 0.073089
v 0.027458 0.063448 0.056646
v 0.027458 0.067230 0.069385
v 0.027458 0.075598 0.079708
v 0.023318 0.069743 0.072638
v 0.027476 0.084386 0.084833
v 0.023877 0.075935 0.079983
v 0.027458 0.093820 0.087383
v 0.023318 0.085024 0.084758
v 0.022988 0.076855 0.079410
v 0.023877 0.094253 0.087425
v 0.022990 0.065920 0.063653
v 0.022990 0.094699 0.086439
v 0.023877 0.064838 0.063618
v 0.023318 0.063770 0.054071
v 0.022990 0.107503 0.084951
v 0.023877 0.064704 0.043846
v 0.022990 0.065584 0.044477
v 0.023877 0.107468 0.086032
v 0.027458 0.107052 0.086159
v 0.027476 0.116196 0.081700
v 0.023877 0.119144 0.079689
v 0.027458 0.123558 0.075272
v 0.022990 0.118763 0.078676
v 0.023318 0.069120 0.035315
v 0.027476 0.128683 0.066485
v 0.027458 0.131233 0.057051
v 0.023318 0.125601 0.071706
v 0.023894 0.128683 0.066485
v 0.023877 0.131275 0.056618
v 0.027458 0.130009 0.043819
v 0.023894 0.130613 0.046896
v 0.027476 0.125550 0.034675
v 0.023318 0.128179 0.040138
v 0.027458 0.119122 0.027313
v 0.023877 0.123539 0.031727
v 0.027458 0.107441 0.020980
v 0.023318 0.115556 0.025270
v 0.023877 0.107025 0.020854
v 0.022988 0.122524 0.032109
v 0.027476 0.097360 0.019607
v 0.022990 0.106394 0.021734
v 0.022990 0.130175 0.049696
v 0.023318 0.096800 0.019920
v 0.022990 0.129137 0.062544
v 0.027458 0.087668 0.020862
v 0.023877 0.087253 0.020989
v 0.022990 0.087218 0.022070
v 0.027476 0.078524 0.025321
v 0.027458 0.071163 0.031748
v 0.022989 0.075958 0.028345
v 0.023877 0.075576 0.027332
v 0.011940 0.104386 0.098895
v 0.012092 0.093799 0.111091
v 0.014984 0.110700 0.098054
v 0.018325 0.113360 0.097008
v 0.021205 0.120494 0.093211
v 0.019858 0.112156 0.108333
v 0.018344 0.127811 0.087877
v 0.010121 0.130298 0.094096
v 0.015344 0.111884 0.118435
v -0.010122 0.130298 0.094096
v 0.010121 0.122369 0.109463
v -0.010117 0.122339 0.109519
v -0.009697 0.113577 0.122318
v -0.018344 0.127811 0.087877
v -0.021206 0.120494 0.093211
v -0.015345 0.111884 0.118435
v -0.018325 0.113360 0.097008
v -0.019858 0.112156 0.108332
v -0.014984 0.110700 0.098054
v -0.011940 0.104386 0.098895
v -0.012092 0.093799 0.111091
v -0.020233 0.086338 0.109800
v -0.018223 0.105838 0.111689
v -0.015184 0.099159 0.117535
v -0.018354 0.096440 0.127436
v -0.017531 0.095386 0.123947
v -0.014716 0.099699 0.130901
v -0.009369 0.103998 0.132472
v 0.009697 0.113577 0.122318
v 0.009369 0.103998 0.132472
v -0.008958 0.092354 0.141100
v 0.014716 0.099699 0.130901
v 0.018223 0.105838 0.111689
v 0.018354 0.096441 0.127436
v 0.015184 0.099159 0.117535
v 0.017531 0.095386 0.123947
v 0.013935 0.082931 0.130601
v 0.011280 0.077341 0.126678
v 0.016225 0.076948 0.135799
v 0.012470 0.054710 0.139153
v 0.013431 0.056634 0.141856
v 0.016951 0.082359 0.136488
v 0.013646 0.047182 0.148791
v 0.013918 0.088287 0.138722
v 0.013192 0.072334 0.146161
v 0.011891 0.043430 0.145286
v 0.009687 0.038934 0.160575
v 0.011603 0.035886 0.154648
v 0.009917 0.034587 0.152221
v 0.010235 0.034356 0.149294
v 0.006815 0.028130 0.156877
v 0.005288 0.024376 0.156816
v 0.004913 0.010162 0.158618
v 0.008821 0.026626 0.161226
v 0.009128 -0.017331 0.151927
v 0.007102 0.026038 0.169219
v -0.000000 0.022794 0.158794
v 0.005575 0.019915 0.171499
v 0.003353 -0.016518 0.160264
v -0.000000 0.010949 0.160539
v -0.000000 -0.016140 0.161756
v 0.003027 -0.039154 0.158010
v -0.000000 -0.039012 0.159289
v -0.004913 0.010162 0.158618
v -0.003353 -0.016518 0.160264
v -0.005288 0.024376 0.156816
v -0.003027 -0.039154 0.158010
v -0.009129 -0.017331 0.151927
v -0.000000 -0.054891 0.155737
v -0.006332 -0.039545 0.153428
v -0.002305 -0.054886 0.155055
v 0.002305 -0.054886 0.155055
v 0.000707 -0.063463 0.153038
v 0.006332 -0.039545 0.153428
v 0.009650 -0.017553 0.149510
v 0.003723 -0.055013 0.152908
v 0.006101 -0.039740 0.151936
v 0.005199 -0.031419 0.150377
v 0.008751 -0.034756 0.147039
v 0.015329 -0.058536 0.130111
v -0.000000 -0.039948 0.151490
v 0.002125 -0.070984 0.098871
v 0.013720 -0.079850 0.120279
v 0.010455 -0.101976 0.107226
v 0.002689 -0.047531 0.103514
v 0.007017 -0.061684 0.139411
v 0.005588 -0.083106 0.128591
v -0.000000 -0.063526 0.142679
v 0.003932 -0.102979 0.113284
v -0.000000 -0.084216 0.130798
v 0.005125 -0.119087 0.096241
v 0.007782 -0.117432 0.094673
v 0.004979 -0.134261 0.077198
v 0.001583 -0.098258 0.088908
v -0.000000 -0.126112 0.070615
v -0.000000 -0.097850 0.088249
v -0.000000 -0.144589 0.050073
v -0.000000 -0.071664 0.098000
v 0.002303 -0.148153 0.053285
v 0.000000 -0.154617 0.031680
v -0.001583 -0.098258 0.088908
v -0.004967 -0.134062 0.077234
v -0.002125 -0.070984 0.098871
v -0.007782 -0.117432 0.094673
v -0.002303 -0.148153 0.053285
v -0.010455 -0.101976 0.107226
v -0.013720 -0.079850 0.120279
v -0.016545 -0.057693 0.126710
v -0.015329 -0.058536 0.130111
v -0.007017 -0.061684 0.139411
v -0.005125 -0.119087 0.096241
v -0.005588 -0.083106 0.128591
v -0.003932 -0.102979 0.113284
v -0.000000 -0.103884 0.114750
v -0.000000 -0.119995 0.098092
v -0.000356 -0.135405 0.078452
v 0.000000 -0.148855 0.053697
v 0.000000 -0.155161 0.033026
v -0.008751 -0.034756 0.147039
v -0.018783 -0.030280 0.136042
v -0.005199 -0.031419 0.150377
v -0.019761 -0.031064 0.130703
v -0.009651 -0.017553 0.149510
v -0.006101 -0.039740 0.151936
v -0.000000 -0.063309 0.151544
v 0.001414 -0.062868 0.151729
v -0.015716 0.007714 0.144374
v -0.000463 -0.064186 0.152429
v -0.001414 -0.062868 0.151729
v -0.003723 -0.055013 0.152908
v -0.024076 0.021784 0.130753
v -0.022471 0.004724 0.134615
v -0.010235 0.034356 0.149294
v -0.023440 0.002797 0.127531
v -0.007547 -0.048583 0.112307
v -0.009594 -0.021977 0.115164
v -0.002689 -0.047531 0.103514
v -0.000000 -0.047366 0.102930
v -0.003529 -0.023411 0.104544
v 0.003529 -0.023411 0.104544
v -0.000000 -0.023743 0.103824
v -0.004848 0.003739 0.099121
v -0.009914 0.006033 0.106377
v -0.014269 0.030660 0.099999
v -0.011695 0.007360 0.110447
v -0.025222 0.021113 0.122126
v -0.026565 0.037588 0.113803
v -0.026553 0.044594 0.117739
v -0.027823 0.051805 0.102297
v -0.028735 0.060816 0.092025
v -0.029174 0.072516 0.094448
v -0.025609 0.068116 0.112657
v -0.022090 0.047022 0.128318
v -0.016376 0.051928 0.135555
v -0.018776 0.071935 0.122752
v -0.011891 0.043430 0.145286
v -0.012470 0.054710 0.139153
v -0.009917 0.034587 0.152221
v -0.006815 0.028130 0.156877
v -0.011604 0.035886 0.154648
v -0.008821 0.026626 0.161226
v -0.013431 0.056634 0.141856
v -0.013646 0.047182 0.148791
v -0.007102 0.026038 0.169219
v -0.009688 0.038934 0.160575
v -0.013192 0.072334 0.146161
v -0.005848 0.031720 0.169552
v -0.006595 0.040968 0.164271
v -0.016951 0.082359 0.136488
v -0.004161 0.023333 0.176386
v -0.016225 0.076948 0.135799
v -0.013935 0.082931 0.130601
v -0.005576 0.019915 0.171499
v -0.011280 0.077341 0.126678
v -0.028804 0.081732 0.095262
v -0.013919 0.088287 0.138722
v -0.008496 0.078052 0.148746
v 0.008465 0.078904 0.148440
v 0.008913 0.092246 0.141209
v 0.006571 0.040868 0.164340
v 0.005812 0.031571 0.169673
v 0.004147 0.023251 0.176452
v -0.001097 0.014740 0.186765
v 0.001096 0.014740 0.186765
v -0.001475 0.013371 0.185863
v -0.000000 0.013443 0.186805
v 0.001436 0.013270 0.185825
v 0.018344 0.127811 -0.087877
v 0.021205 0.120494 -0.093211
v 0.010121 0.130298 -0.094096
v 0.018325 0.113360 -0.097008
v 0.019858 0.112156 -0.108333
v 0.014984 0.110700 -0.098054
v 0.011940 0.104386 -0.098895
v 0.012092 0.093799 -0.111091
v 0.018223 0.105838 -0.111689
v 0.020233 0.086338 -0.109800
v 0.015184 0.099159 -0.117535
v 0.017531 0.095386 -0.123947
v 0.018354 0.096441 -0.127436
v 0.015345 0.111884 -0.118435
v 0.010117 0.122339 -0.109519
v 0.009697 0.113577 -0.122318
v 0.014716 0.099699 -0.130901
v 0.009369 0.103998 -0.132472
v -0.010121 0.130298 -0.094096
v -0.010121 0.122369 -0.109463
v -0.018344 0.127811 -0.087877
v -0.021205 0.120494 -0.093211
v -0.015345 0.111884 -0.118435
v -0.018325 0.113360 -0.097008
v -0.019858 0.112156 -0.108333
v -0.014984 0.110700 -0.098054
v -0.011940 0.104386 -0.098895
v -0.012092 0.093799 -0.111091
v -0.020233 0.086338 -0.109800
v -0.018223 0.105838 -0.111689
v -0.015184 0.099159 -0.117535
v -0.018354 0.096440 -0.127436
v -0.017531 0.095386 -0.123947
v -0.009697 0.113577 -0.122318
v -0.014716 0.099699 -0.130901
v -0.009369 0.103998 -0.132472
v 0.008958 0.092354 -0.141100
v -0.008913 0.092246 -0.141209
v 0.008487 0.078933 -0.148408
v -0.013918 0.088287 -0.138722
v -0.008492 0.078327 -0.148642
v -0.013192 0.072334 -0.146161
v 0.013919 0.088287 -0.138722
v -0.016951 0.082359 -0.136488
v -0.013935 0.082931 -0.130601
v -0.016225 0.076948 -0.135799
v -0.011280 0.077341 -0.126678
v -0.013431 0.056634 -0.141856
v -0.013646 0.047182 -0.148791
v -0.012470 0.054710 -0.139153
v -0.006571 0.040868 -0.164340
v -0.018776 0.071935 -0.122752
v -0.011891 0.043430 -0.145286
v -0.025609 0.068116 -0.112657
v -0.016376 0.051928 -0.135555
v -0.010235 0.034356 -0.149294
v -0.022090 0.047022 -0.128318
v -0.009917 0.034587 -0.152221
v -0.011603 0.035886 -0.154648
v -0.006815 0.028130 -0.156877
v -0.005288 0.024376 -0.156816
v -0.009687 0.038934 -0.160575
v -0.008821 0.026626 -0.161226
v -0.007102 0.026038 -0.169219
v -0.005812 0.031571 -0.169673
v 0.000000 0.022794 -0.158794
v -0.004147 0.023251 -0.176452
v -0.005575 0.019914 -0.171499
v -0.001096 0.014740 -0.186765
v -0.001436 0.013270 -0.185825
v 0.004161 0.023333 -0.176386
v 0.000000 0.013443 -0.186805
v 0.001097 0.014740 -0.186765
v 0.001475 0.013371 -0.185863
v 0.005576 0.019914 -0.171499
v 0.007102 0.026038 -0.169219
v 0.008821 0.026626 -0.161226
v 0.005848 0.031720 -0.169552
v 0.009688 0.038934 -0.160575
v 0.006595 0.040968 -0.164271
v 0.013192 0.072334 -0.146161
v 0.013646 0.047182 -0.148791
v 0.016951 0.082359 -0.136488
v 0.016225 0.076948 -0.135799
v 0.013935 0.082931 -0.130601
v 0.011280 0.077341 -0.126678
v 0.013431 0.056634 -0.141856
v 0.018776 0.071935 -0.122752
v 0.012470 0.054710 -0.139153
v 0.011891 0.043430 -0.145286
v 0.011604 0.035886 -0.154648
v 0.006815 0.028130 -0.156877
v 0.009917 0.034587 -0.152221
v 0.010235 0.034356 -0.149294
v 0.005288 0.024376 -0.156816
v 0.016376 0.051928 -0.135555
v 0.025609 0.068116 -0.112657
v 0.000000 0.010949 -0.160539
v 0.022090 0.047022 -0.128318
v 0.026553 0.044594 -0.117739
v 0.028804 0.081732 -0.095262
v 0.029174 0.072516 -0.094448
v 0.027823 0.051805 -0.102297
v 0.026565 0.037588 -0.113803
v 0.028808 0.102349 -0.096429
v 0.028735 0.060816 -0.092025
v 0.028808 0.118394 -0.091253
v 0.028805 0.100211 -0.088787
v 0.028808 0.131236 -0.080331
v 0.028805 0.113494 -0.085011
v 0.028807 0.122279 -0.078430
v 0.028807 0.137109 -0.069975
v 0.028805 0.128276 -0.070739
v 0.028808 0.140428 -0.056991
v 0.028805 0.132516 -0.057597
v 0.028808 0.138481 -0.040245
v 0.028805 0.131403 -0.043832
v 0.028808 0.130275 -0.025518
v 0.028807 0.126662 -0.033932
v 0.028807 0.121263 -0.017738
v 0.028805 0.120289 -0.026550
v 0.028808 0.109176 -0.011950
v 0.028805 0.108227 -0.019828
v 0.028808 0.092372 -0.010592
v 0.028805 0.094510 -0.018234
v 0.028808 0.076327 -0.015768
v 0.028807 0.083874 -0.020952
v 0.028808 0.063485 -0.026690
v 0.028805 0.075391 -0.025763
v 0.028807 0.057612 -0.037046
v 0.028805 0.066445 -0.036282
v 0.028808 0.054293 -0.050030
v 0.028807 0.062796 -0.046635
v 0.028808 0.056075 -0.066034
v 0.028805 0.062083 -0.056361
v 0.027458 0.067421 -0.037277
v 0.027476 0.064108 -0.046896
v 0.027458 0.075912 -0.027056
v 0.028795 0.062687 -0.079814
v 0.028807 0.064802 -0.066997
v 0.027458 0.087668 -0.020862
v 0.023877 0.087253 -0.020989
v 0.023877 0.075576 -0.027332
v 0.027476 0.097360 -0.019607
v 0.023894 0.097360 -0.019607
v 0.023877 0.067217 -0.037661
v 0.023894 0.064108 -0.046896
v 0.027458 0.063448 -0.056646
v 0.023877 0.064838 -0.063618
v 0.027458 0.067230 -0.069385
v 0.028805 0.069612 -0.075480
v 0.023877 0.075935 -0.079983
v 0.027458 0.075598 -0.079708
v 0.023877 0.087696 -0.086167
v 0.027458 0.087280 -0.086041
v 0.028807 0.077781 -0.082812
v 0.028805 0.086494 -0.087193
v 0.023877 0.100929 -0.087379
v 0.027476 0.097360 -0.087414
v 0.027458 0.107052 -0.086159
v 0.017902 0.053035 -0.078161
v 0.016004 0.043578 -0.089285
v 0.016391 0.050742 -0.073895
v 0.014269 0.030660 -0.099999
v 0.025222 0.021113 -0.122126
v 0.014240 0.040970 -0.085646
v 0.012518 0.028683 -0.096104
v 0.009297 0.047920 -0.068113
v 0.007611 0.037425 -0.079432
v 0.006335 0.025047 -0.088917
v 0.000000 0.047529 -0.066624
v 0.000000 0.036687 -0.078775
v -0.009297 0.047920 -0.068113
v 0.000000 0.024526 -0.088424
v -0.007611 0.037425 -0.079432
v -0.016391 0.050742 -0.073895
v -0.006335 0.025047 -0.088917
v -0.017902 0.053035 -0.078161
v -0.014240 0.040970 -0.085646
v -0.028735 0.060816 -0.092025
v -0.016004 0.043578 -0.089285
v -0.012518 0.028683 -0.096104
v 0.000000 0.003305 -0.098343
v -0.004848 0.003739 -0.099121
v -0.014269 0.030660 -0.099999
v -0.009914 0.006033 -0.106377
v -0.027823 0.051805 -0.102297
v -0.011695 0.007360 -0.110447
v -0.026565 0.037588 -0.113803
v -0.025222 0.021113 -0.122126
v -0.029174 0.072516 -0.094448
v -0.023440 0.002797 -0.127531
v -0.026553 0.044593 -0.117739
v -0.028803 0.081732 -0.095262
v -0.024076 0.021784 -0.130753
v -0.022471 0.004724 -0.134615
v -0.004913 0.010162 -0.158618
v -0.019761 -0.031064 -0.130703
v -0.009594 -0.021978 -0.115164
v -0.007547 -0.048583 -0.112307
v -0.003529 -0.023411 -0.104544
v -0.002689 -0.047531 -0.103514
v 0.000000 -0.023743 -0.103824
v 0.000000 -0.047366 -0.102930
v 0.003529 -0.023411 -0.104544
v 0.004848 0.003739 -0.099121
v 0.002689 -0.047531 -0.103514
v 0.009914 0.006033 -0.106377
v 0.009594 -0.021977 -0.115164
v 0.011695 0.007360 -0.110447
v 0.023440 0.002797 -0.127531
v 0.019761 -0.031064 -0.130703
v 0.024076 0.021784 -0.130753
v 0.022471 0.004724 -0.134615
v 0.004913 0.010162 -0.158618
v 0.015716 0.007714 -0.144374
v 0.018783 -0.030280 -0.136042
v 0.007547 -0.048583 -0.112307
v 0.016545 -0.057693 -0.126710
v 0.002125 -0.070984 -0.098871
v 0.013720 -0.079850 -0.120279
v 0.000000 -0.071664 -0.098000
v -0.002125 -0.070984 -0.098871
v 0.001583 -0.098258 -0.088908
v 0.000000 -0.097850 -0.088249
v 0.010455 -0.101976 -0.107226
v -0.001583 -0.098258 -0.088908
v 0.015329 -0.058536 -0.130111
v 0.008751 -0.034756 -0.147039
v 0.007782 -0.117432 -0.094673
v 0.007017 -0.061684 -0.139411
v 0.005588 -0.083106 -0.128591
v 0.000000 -0.126112 -0.070615
v 0.005125 -0.119087 -0.096241
v 0.004967 -0.134062 -0.077234
v 0.003932 -0.102979 -0.113284
v 0.000000 -0.084216 -0.130798
v 0.000000 -0.103884 -0.114750
v 0.000000 -0.063526 -0.142679
v -0.003932 -0.102979 -0.113284
v -0.005588 -0.083106 -0.128591
v 0.000000 -0.039948 -0.151490
v -0.007017 -0.061684 -0.139411
v -0.010455 -0.101976 -0.107226
v -0.013720 -0.079850 -0.120279
v -0.005125 -0.119087 -0.096241
v -0.015329 -0.058536 -0.130111
v -0.007782 -0.117432 -0.094673
v 0.000000 -0.119995 -0.098092
v -0.004979 -0.134261 -0.077198
v 0.000356 -0.135405 -0.078452
v 0.000000 -0.148855 -0.053697
v 0.002303 -0.148153 -0.053285
v -0.002303 -0.148153 -0.053285
v 0.000000 -0.155161 -0.033026
v 0.000000 -0.154617 -0.031680
v 0.000000 -0.144589 -0.050073
v -0.016545 -0.057693 -0.126710
v -0.018783 -0.030280 -0.136042
v -0.008751 -0.034756 -0.147039
v -0.015716 0.007714 -0.144374
v -0.009650 -0.017553 -0.149510
v -0.009128 -0.017331 -0.151927
v -0.005199 -0.031419 -0.150377
v -0.006101 -0.039740 -0.151936
v -0.006332 -0.039545 -0.153428
v -0.003353 -0.016518 -0.160264
v -0.003027 -0.039154 -0.158010
v 0.000000 -0.016140 -0.161756
v 0.000000 -0.039012 -0.159289
v 0.003353 -0.016518 -0.160264
v 0.009129 -0.017331 -0.151927
v 0.003027 -0.039154 -0.158010
v 0.000000 -0.054891 -0.155737
v 0.009651 -0.017553 -0.149510
v 0.006332 -0.039545 -0.153428
v 0.005199 -0.031419 -0.150377
v 0.006101 -0.039740 -0.151936
v 0.000000 -0.063309 -0.151544
v 0.003723 -0.055013 -0.152908
v 0.002305 -0.054886 -0.155055
v 0.001414 -0.062868 -0.151729
v 0.000463 -0.064186 -0.152429
v -0.000707 -0.063463 -0.153038
v -0.002305 -0.054886 -0.155055
v -0.003723 -0.055013 -0.152908
v -0.001414 -0.062868 -0.151729
v 0.027476 0.116196 -0.081700
v 0.023877 0.119144 -0.079689
v 0.027458 0.123558 -0.075273
v 0.027476 0.128683 -0.066485
v 0.023894 0.128683 -0.066485
v 0.027458 0.131233 -0.057051
v 0.023877 0.131275 -0.056618
v 0.027458 0.130009 -0.043819
v 0.023877 0.129882 -0.043403
v 0.027476 0.125550 -0.034675
v 0.023894 0.125550 -0.034675
v 0.027458 0.119122 -0.027313
v 0.023877 0.118786 -0.027038
v 0.027458 0.107441 -0.020980
v 0.023877 0.107025 -0.020854
v -0.028808 0.102349 -0.096429
v -0.028805 0.086494 -0.087193
v -0.028808 0.118394 -0.091253
v -0.028805 0.100211 -0.088787
v -0.028807 0.110847 -0.086069
v -0.028808 0.131236 -0.080331
v -0.028805 0.119330 -0.081258
v -0.028807 0.137109 -0.069975
v -0.028805 0.128276 -0.070739
v -0.028808 0.140428 -0.056991
v -0.028805 0.132516 -0.057597
v -0.028808 0.138481 -0.040245
v -0.028805 0.131403 -0.043832
v -0.028808 0.130275 -0.025518
v -0.028807 0.126662 -0.033932
v -0.028807 0.121263 -0.017738
v -0.028805 0.120289 -0.026550
v -0.028808 0.109176 -0.011950
v -0.028805 0.108227 -0.019828
v -0.028808 0.092372 -0.010592
v -0.028805 0.094510 -0.018234
v -0.028808 0.076327 -0.015768
v -0.028807 0.083874 -0.020952
v -0.028808 0.063485 -0.026690
v -0.028805 0.075391 -0.025763
v -0.028807 0.057612 -0.037046
v -0.028805 0.066445 -0.036282
v -0.028808 0.054293 -0.050030
v -0.028807 0.062796 -0.046635
v -0.028808 0.056075 -0.066034
v -0.028805 0.062083 -0.056361
v -0.027458 0.067421 -0.037277
v -0.027476 0.064108 -0.046896
v -0.028795 0.062687 -0.079813
v -0.028807 0.064802 -0.066997
v -0.028805 0.069612 -0.075480
v -0.027458 0.063448 -0.056646
v -0.027458 0.067230 -0.069385
v -0.023877 0.064838 -0.063618
v -0.023877 0.064704 -0.043846
v -0.023877 0.070888 -0.032085
v -0.027458 0.075912 -0.027056
v -0.023894 0.078524 -0.025321
v -0.023877 0.087253 -0.020989
v -0.027458 0.087668 -0.020862
v -0.023894 0.097360 -0.019607
v -0.027476 0.097360 -0.019607
v -0.023877 0.107024 -0.020854
v -0.027458 0.107441 -0.020980
v -0.023877 0.118786 -0.027038
v -0.027458 0.119122 -0.027313
v -0.023894 0.125550 -0.034675
v -0.027476 0.125550 -0.034675
v -0.023877 0.129882 -0.043403
v -0.027458 0.130009 -0.043819
v -0.023894 0.131264 -0.053511
v -0.027476 0.131264 -0.053511
v -0.023877 0.130017 -0.063175
v -0.027458 0.129891 -0.063591
v -0.027476 0.125550 -0.072346
v -0.023877 0.119144 -0.079689
v -0.027458 0.118809 -0.079965
v -0.027458 0.107052 -0.086159
v -0.023877 0.100929 -0.087379
v -0.027476 0.097360 -0.087414
v -0.027458 0.087280 -0.086041
v -0.023877 0.081511 -0.083654
v -0.027458 0.075598 -0.079708
v -0.023877 0.071182 -0.075294
v -0.028807 0.077781 -0.082812
v 0.004674 -0.188503 -0.000012
v 0.004811 -0.189460 0.005024
v 0.005768 -0.187406 0.005593
v 0.005705 -0.187220 -0.005622
v 0.005000 -0.181097 0.009040
v 0.003702 -0.179253 0.010623
v 0.004034 -0.177846 0.000013
v -0.005768 -0.187406 0.005593
v -0.004811 -0.189460 0.005024
v -0.004684 -0.188490 -0.000022
v 0.000000 -0.189672 0.005788
v -0.004815 -0.189461 -0.005023
v 0.004815 -0.189461 -0.005023
v 0.000000 -0.189672 -0.005787
v 0.004996 -0.181102 -0.009044
v -0.005705 -0.187220 -0.005622
v -0.005000 -0.181097 0.009040
v -0.004996 -0.181102 -0.009044
v -0.004813 -0.179590 0.000013
v -0.003702 -0.179253 0.010623
v -0.003700 -0.179253 -0.010626
v -0.003584 -0.177581 0.000007
v 0.000000 -0.179160 0.011519
v 0.000000 -0.179160 -0.011519
v 0.003700 -0.179253 -0.010626
v -0.000000 0.194189 -0.024192
v 0.010627 0.194188 -0.022084
v -0.010627 0.194188 -0.022084
v -0.000000 0.222560 -0.008666
v 0.021369 0.194189 -0.013879
v -0.021369 0.194189 -0.013879
v 0.006294 0.222560 -0.006473
v 0.026580 0.194189 -0.004593
v 0.014769 0.222560 0.001252
v 0.028928 0.194189 0.006279
v 0.019430 0.222560 0.009374
v 0.003962 0.249405 0.005888
v 0.028331 0.194189 0.014914
v 0.010507 0.249405 0.013894
v 0.021750 0.222560 0.018634
v 0.014391 0.249405 0.023793
v 0.021801 0.222560 0.026885
v 0.016591 0.249405 0.035156
v 0.008536 0.269538 0.023190
v 0.012099 0.269538 0.035224
v 0.003209 0.269538 0.013383
v 0.007673 0.308136 0.033108
v 0.002895 0.308176 0.021483
v -0.000000 0.269538 0.010825
v -0.000000 0.308223 0.019033
v -0.000000 0.249405 0.003577
v -0.006294 0.222560 -0.006473
v -0.003962 0.249405 0.005888
v -0.014769 0.222560 0.001252
v -0.003209 0.269538 0.013383
v -0.010508 0.249405 0.013894
v -0.026581 0.194189 -0.004593
v -0.019430 0.222560 0.009374
v -0.028928 0.194189 0.006279
v -0.014391 0.249405 0.023793
v -0.028331 0.194189 0.014914
v -0.021750 0.222560 0.018634
v -0.021801 0.222560 0.026885
v -0.016591 0.249405 0.035156
v -0.008536 0.269538 0.023190
v -0.012099 0.269538 0.035224
v -0.002895 0.308176 0.021483
v -0.007673 0.308136 0.033108
v -0.000000 0.353213 0.023754
v -0.002905 0.353206 0.026013
v 0.002904 0.353206 0.026013
v -0.000000 0.403380 0.026013
v -0.007447 0.353192 0.037203
v 0.007447 0.353192 0.037203
v -0.003100 0.403392 0.028294
v 0.003100 0.403392 0.028294
v -0.000000 0.465625 0.021091
v 0.010846 0.308129 0.051703
v 0.007538 0.403396 0.039133
v 0.013945 0.269277 0.050103
v 0.009631 0.385861 0.053907
v 0.010622 0.308124 0.078161
v 0.016963 0.247711 0.046080
v 0.013260 0.267596 0.065718
v 0.009246 0.390558 0.077054
v 0.010274 0.274716 0.082640
v 0.005457 0.285989 0.098439
v 0.005010 0.369093 0.093547
v 0.010890 0.264650 0.072701
v 0.005006 0.275148 0.095210
v 0.005060 0.265833 0.088640
v 0.014506 0.245381 0.051093
v -0.000000 0.285959 0.103254
v 0.005856 0.259720 0.078459
v 0.016420 0.233971 0.040317
v 0.008447 0.243262 0.053930
v -0.000000 0.263619 0.090933
v -0.000000 0.274316 0.099012
v -0.000000 0.256853 0.079445
v -0.005061 0.265833 0.088640
v -0.005856 0.259720 0.078459
v -0.000000 0.241357 0.055169
v -0.005006 0.275148 0.095210
v 0.009785 0.232911 0.043878
v -0.008447 0.243262 0.053930
v -0.000000 0.231959 0.045663
v -0.009786 0.232911 0.043878
v 0.011124 0.222560 0.036617
v 0.018334 0.222560 0.032332
v 0.020738 0.208375 0.026219
v -0.000000 0.222560 0.038949
v 0.023141 0.194189 0.022860
v 0.012428 0.208375 0.031217
v 0.013732 0.194189 0.028922
v 0.025429 0.182341 0.023529
v 0.014322 0.182341 0.030712
v -0.000000 0.182341 0.033391
v -0.000000 0.194189 0.031292
v -0.000000 0.208375 0.033569
v -0.014322 0.182341 0.030712
v -0.013733 0.194189 0.028922
v -0.025430 0.182341 0.023529
v -0.023141 0.194189 0.022860
v -0.020738 0.208375 0.026219
v -0.012428 0.208375 0.031217
v -0.011124 0.222560 0.036617
v -0.018334 0.222560 0.032332
v -0.016420 0.233971 0.040317
v -0.016963 0.247711 0.046080
v -0.014506 0.245381 0.051093
v -0.010890 0.264650 0.072701
v -0.013945 0.269277 0.050103
v -0.013260 0.267596 0.065718
v -0.010274 0.274716 0.082640
v -0.010846 0.308129 0.051703
v -0.005457 0.285989 0.098439
v -0.010622 0.308124 0.078161
v -0.000000 0.308072 0.103016
v -0.009631 0.385861 0.053907
v -0.009246 0.390557 0.077054
v -0.005010 0.369093 0.093547
v -0.007538 0.403396 0.039133
v -0.003761 0.465749 0.023732
v -0.007573 0.465765 0.033808
v -0.010016 0.513047 0.042219
v -0.004221 0.526001 0.010437
v -0.000000 0.526125 0.008262
v 0.003761 0.465749 0.023732
v 0.007573 0.465765 0.033808
v 0.004221 0.526001 0.010437
v 0.010016 0.513047 0.042219
v 0.007641 0.525730 0.022324
v -0.000000 0.566527 -0.008161
v 0.005054 0.567090 -0.005284
v 0.008561 0.570183 0.009049
v -0.000000 0.587224 -0.024792
v 0.009843 0.465806 0.066638
v 0.005320 0.587889 -0.022214
v -0.005054 0.567090 -0.005284
v 0.010740 0.594066 0.004273
v -0.007641 0.525730 0.022324
v -0.008561 0.570183 0.009049
v -0.009843 0.465806 0.066638
v -0.005320 0.587889 -0.022214
v -0.011099 0.570622 0.028356
v -0.000000 0.596448 -0.038224
v -0.010740 0.594066 0.004273
v -0.005143 0.598374 -0.037366
v -0.011355 0.569756 0.042681
v -0.012457 0.594775 0.026197
v -0.005354 0.465561 0.078331
v -0.005585 0.525943 0.065276
v -0.013686 0.618606 0.006326
v -0.011875 0.594920 0.040053
v -0.005900 0.570620 0.053360
v -0.000000 0.465418 0.081831
v -0.000000 0.526017 0.068284
v -0.005843 0.594776 0.051623
v -0.000000 0.403345 0.092554
v -0.000000 0.570620 0.056197
v -0.000000 0.353106 0.099252
v 0.005354 0.465561 0.078331
v 0.011354 0.569756 0.042681
v 0.005585 0.525943 0.065276
v 0.011098 0.570622 0.028356
v 0.005900 0.570620 0.053360
v 0.012457 0.594775 0.026197
v 0.011875 0.594920 0.040053
v 0.005843 0.594776 0.051623
v -0.000000 0.594776 0.054815
v -0.000000 0.611211 0.060767
v 0.011781 0.611211 0.045425
v 0.005687 0.611211 0.057595
v -0.005687 0.611211 0.057595
v -0.000000 0.623737 0.071373
v -0.011781 0.611211 0.045425
v -0.005468 0.623914 0.066196
v 0.005468 0.623914 0.066196
v -0.010026 0.624094 0.054536
v -0.013511 0.628472 0.036905
v 0.013523 0.628594 0.036714
v -0.016361 0.643889 0.008772
v 0.016343 0.644254 0.008509
v 0.009998 0.624118 0.054605
v 0.013686 0.618606 0.006326
v 0.005143 0.598374 -0.037366
v 0.018081 0.662094 -0.011610
v 0.018730 0.661003 -0.012028
v -0.018484 0.660680 -0.010727
v -0.018082 0.672747 -0.019978
v 0.018504 0.673260 -0.020639
v -0.005120 0.599685 -0.093309
v -0.018695 0.672504 -0.021062
v -0.018081 0.701621 -0.035116
v -0.000000 0.597999 -0.095287
v 0.005120 0.599685 -0.093309
v -0.000000 0.600527 -0.097313
v -0.005163 0.602841 -0.094981
v 0.005163 0.602841 -0.094981
v -0.000000 0.659086 -0.077341
v 0.005001 0.659655 -0.075459
v 0.018518 0.701442 -0.035473
v 0.004989 0.706044 -0.093586
v 0.018403 0.732616 -0.041420
v -0.000000 0.705217 -0.095360
v 0.005023 0.737449 -0.169136
v -0.005001 0.659655 -0.075459
v -0.018687 0.701221 -0.036082
v -0.004989 0.706044 -0.093586
v -0.018420 0.732379 -0.041481
v -0.005023 0.737449 -0.169136
v -0.000000 0.737564 -0.173214
v -0.000000 0.741234 -0.173218
v -0.018455 0.746709 -0.041448
v 0.018491 0.746693 -0.041591
v 0.018081 0.778337 -0.034936
v -0.018518 0.778561 -0.035277
v -0.005023 0.741475 -0.168873
v -0.004990 0.773313 -0.093304
v -0.000000 0.774138 -0.094922
v 0.005023 0.741475 -0.168873
v -0.005005 0.827485 -0.069798
v 0.004990 0.773313 -0.093304
v -0.000000 0.828209 -0.071432
v 0.018685 0.778780 -0.035873
v 0.005005 0.827485 -0.069798
v 0.018433 0.806403 -0.020394
v 0.005028 0.872994 -0.079265
v -0.018415 0.806556 -0.020190
v -0.018081 0.817492 -0.011653
v 0.018514 0.818069 -0.011489
v -0.005028 0.872994 -0.079265
v -0.018693 0.818538 -0.012102
v -0.000000 0.875122 -0.081275
v -0.000000 0.877826 -0.078513
v -0.005005 0.875929 -0.076402
v 0.005004 0.875929 -0.076402
v -0.000000 0.871794 -0.035778
v -0.005016 0.870232 -0.035126
v 0.005016 0.870232 -0.035126
v -0.000000 0.901252 0.031718
v 0.018597 0.844864 0.022307
v 0.005027 0.899810 0.032272
v 0.018462 0.854414 0.050051
v -0.018177 0.844464 0.022395
v -0.018754 0.845359 0.021883
v -0.018505 0.854565 0.050099
v -0.005027 0.899810 0.032272
v -0.005033 0.930790 0.055595
v -0.018064 0.850555 0.055521
v -0.018758 0.851848 0.057675
v -0.000000 0.933340 0.055597
v 0.005033 0.930790 0.055595
v -0.005026 0.930836 0.058108
v -0.000000 0.933340 0.058112
v -0.004592 0.907771 0.076385
v -0.004963 0.871424 0.076592
v -0.000000 0.908943 0.077136
v -0.017966 0.850652 0.057913
v -0.000000 0.871027 0.077089
v 0.018064 0.850555 0.055521
v 0.017966 0.850652 0.057913
v 0.004963 0.871424 0.076592
v 0.018758 0.851848 0.057675
v 0.004592 0.907771 0.076385
v 0.005026 0.930836 0.058108
v -0.011242 0.849901 0.055499
v -0.010442 0.850782 0.058039
v -0.011046 0.850623 0.055501
v -0.011159 0.854537 0.050044
v -0.002114 0.843346 0.057834
v -0.000991 0.870639 0.076682
v -0.002114 0.842891 0.054377
v 0.002113 0.843347 0.057834
v -0.011335 0.844030 0.022615
v -0.011118 0.844903 0.022176
v -0.011059 0.817892 -0.011812
v -0.002113 0.844697 0.051810
v 0.002113 0.842891 0.054377
v -0.011279 0.817126 -0.011311
v -0.011059 0.807450 -0.019936
v -0.002114 0.836319 0.026494
v 0.002113 0.844697 0.051810
v 0.002113 0.836319 0.026494
v -0.002114 0.811472 -0.004739
v 0.000935 0.870647 0.076637
v 0.010442 0.850782 0.058039
v 0.011242 0.849901 0.055499
v 0.011046 0.850623 0.055501
v 0.011159 0.854537 0.050044
v 0.011335 0.844030 0.022615
v 0.011118 0.844903 0.022176
v 0.011059 0.817892 -0.011812
v 0.011278 0.817126 -0.011311
v 0.011059 0.807450 -0.019936
v 0.002113 0.811472 -0.004739
v 0.002113 0.804326 -0.005363
v 0.011278 0.807039 -0.019128
v -0.002114 0.804326 -0.005363
v -0.002114 0.802196 -0.011942
v 0.002113 0.802196 -0.011942
v -0.011279 0.807039 -0.019128
v -0.002113 0.775197 -0.026367
v 0.002113 0.775197 -0.026367
v -0.011277 0.778170 -0.034478
v -0.011059 0.778472 -0.035340
v -0.011059 0.746148 -0.041833
v -0.011279 0.746068 -0.040896
v -0.011059 0.733380 -0.041825
v -0.002113 0.745333 -0.032244
v -0.011279 0.733461 -0.040888
v -0.002113 0.739765 -0.028972
v 0.002113 0.745333 -0.032244
v 0.002113 0.739764 -0.028972
v 0.011278 0.746068 -0.040896
v 0.002113 0.734195 -0.032237
v -0.002113 0.734195 -0.032237
v -0.002114 0.704803 -0.026523
v 0.011278 0.733461 -0.040888
v 0.002113 0.704803 -0.026523
v -0.011277 0.701785 -0.034656
v -0.011059 0.701453 -0.035507
v -0.011059 0.672629 -0.020536
v -0.011279 0.672953 -0.019569
v -0.011059 0.661421 -0.011678
v -0.002113 0.677422 -0.012010
v -0.011279 0.662148 -0.010989
v -0.011059 0.643739 0.008641
v -0.002114 0.675525 -0.005845
v 0.002113 0.677422 -0.012010
v 0.002113 0.675526 -0.005846
v 0.011278 0.672953 -0.019569
v -0.002113 0.668287 -0.004755
v 0.002113 0.668287 -0.004755
v -0.002114 0.651004 0.014138
v 0.011278 0.662148 -0.010989
v 0.002113 0.651003 0.014138
v 0.002153 0.637020 0.039550
v -0.011277 0.644540 0.009103
v -0.010268 0.628294 0.036494
v -0.002114 0.637044 0.039616
v -0.010479 0.629260 0.036836
v -0.007687 0.623835 0.054114
v 0.002155 0.633227 0.055280
v -0.007977 0.624765 0.054374
v -0.003025 0.623892 0.068872
v -0.002114 0.633276 0.055408
v -0.003465 0.624812 0.069483
v -0.002061 0.631692 0.066945
v 0.002957 0.623885 0.068965
v 0.002069 0.631767 0.066850
v 0.003380 0.624835 0.069582
v 0.007976 0.624765 0.054374
v 0.007686 0.623835 0.054114
v 0.010479 0.629260 0.036836
v 0.010268 0.628294 0.036494
v 0.011277 0.644540 0.009103
v 0.011059 0.643739 0.008641
v 0.011059 0.661421 -0.011678
v 0.011059 0.672629 -0.020536
v 0.011277 0.701785 -0.034656
v 0.011059 0.701453 -0.035507
v 0.011059 0.733380 -0.041825
v 0.011059 0.746148 -0.041833
v 0.011277 0.778170 -0.034478
v 0.011059 0.778472 -0.035340
v 0.000000 -0.038177 -0.013854
v 0.000000 0.001534 -0.017168
v 0.006037 -0.038177 -0.011998
v 0.000000 -0.076375 -0.014847
v 0.006707 -0.004349 -0.014296
v 0.006851 -0.090222 -0.013569
v 0.010456 -0.038177 -0.006927
v 0.007458 0.010043 -0.016272
v 0.000000 0.024507 -0.022277
v 0.011616 -0.004349 -0.008254
v 0.006138 0.024507 -0.019293
v 0.000000 0.038295 -0.027165
v 0.004622 0.038295 -0.023525
v 0.012917 0.010043 -0.009395
v 0.010631 0.024507 -0.011139
v 0.008005 0.038295 -0.013582
v 0.013413 -0.004349 0.000000
v 0.014888 0.010613 0.000000
v 0.009243 0.038295 -0.000000
v 0.008005 0.038295 0.013582
v 0.010631 0.024507 0.011139
v 0.004622 0.038295 0.023525
v 0.012917 0.010043 0.009395
v 0.006138 0.024507 0.019293
v -0.000000 0.038295 0.027165
v 0.011616 -0.004349 0.008254
v 0.007458 0.010043 0.016272
v -0.000000 0.024507 0.022277
v -0.006138 0.024507 0.019293
v -0.004622 0.038295 0.023525
v -0.000000 0.001534 0.017168
v -0.010631 0.024507 0.011139
v -0.008005 0.038295 0.013582
v -0.007458 0.010043 0.016272
v -0.012917 0.010043 0.009395
v -0.014888 0.010613 -0.000000
v -0.009243 0.038295 -0.000000
v -0.008005 0.038295 -0.013582
v -0.010631 0.024507 -0.011139
v -0.004622 0.038295 -0.023525
v -0.013413 -0.004349 -0.000000
v -0.006138 0.024507 -0.019293
v -0.012917 0.010043 -0.009395
v -0.007458 0.010043 -0.016272
v -0.011616 -0.004349 -0.008254
v -0.006707 -0.004349 -0.014296
v -0.012074 -0.038177 0.000000
v -0.006037 -0.038177 -0.011998
v -0.010456 -0.038177 -0.006927
v -0.006851 -0.090222 -0.013569
v -0.012050 -0.090035 -0.007825
v 0.000000 -0.114802 -0.016418
v -0.003394 -0.114802 -0.014218
v -0.005879 -0.114802 -0.008209
v -0.013913 -0.089940 0.000000
v -0.006788 -0.114802 0.000000
v -0.005879 -0.114802 0.008209
v -0.012050 -0.090035 0.007825
v -0.003394 -0.114802 0.014218
v -0.006851 -0.090222 0.013569
v 0.000000 -0.114802 0.016418
v -0.010456 -0.038177 0.006927
v 0.000000 -0.076375 0.014847
v -0.011616 -0.004349 0.008254
v -0.006707 -0.004349 0.014296
v -0.006037 -0.038177 0.011998
v -0.000000 -0.038177 0.013854
v 0.006707 -0.004349 0.014296
v 0.006037 -0.038177 0.011998
v 0.006851 -0.090222 0.013569
v 0.010456 -0.038177 0.006927
v 0.012074 -0.038177 0.000000
v 0.012050 -0.090035 0.007825
v 0.003394 -0.114802 0.014218
v 0.005879 -0.114802 0.008209
v 0.013913 -0.089940 0.000000
v 0.006788 -0.114802 0.000000
v 0.005879 -0.114802 -0.008209
v 0.012050 -0.090035 -0.007825
v 0.003394 -0.114802 -0.014218
v -0.022307 -0.128539 0.008743
v -0.022097 -0.127145 0.009923
v 0.000000 -0.105353 0.017354
v -0.018663 -0.122435 0.014958
v -0.016390 -0.116845 0.019395
v -0.016934 -0.117933 0.019700
v -0.017644 -0.114320 0.023451
v -0.017185 -0.113397 0.022864
v -0.001185 -0.100210 0.036677
v 0.000501 -0.099836 0.036384
v 0.000525 -0.100122 0.037276
v 0.017185 -0.113397 0.022864
v 0.017644 -0.114320 0.023451
v 0.016390 -0.116845 0.019395
v 0.016934 -0.117933 0.019700
v 0.018663 -0.122435 0.014958
v 0.022097 -0.127145 0.009923
v 0.022316 -0.128442 0.008808
v 0.021793 -0.128187 0.010368
v 0.000000 -0.120039 0.032040
v -0.000000 -0.100941 0.037703
v -0.021824 -0.128265 0.010278
v -0.022322 -0.146349 0.008813
v -0.022097 -0.147641 0.009923
v -0.021844 -0.146543 0.010260
v -0.018663 -0.152351 0.014958
v 0.022315 -0.146246 0.008749
v 0.000000 -0.154747 0.032040
v -0.016390 -0.156788 0.020548
v -0.016934 -0.157093 0.019459
v -0.017644 -0.160844 0.023073
v -0.017185 -0.160257 0.023996
v -0.001185 -0.174600 0.036652
v -0.000260 -0.174348 0.037541
v 0.001185 -0.174070 0.037183
v 0.017185 -0.160257 0.023996
v 0.017644 -0.160844 0.023073
v 0.016390 -0.156788 0.020548
v 0.016934 -0.157093 0.019459
v 0.018663 -0.152351 0.014958
v 0.021882 -0.146451 0.010152
v 0.022097 -0.147641 0.009923
v 0.000000 -0.169433 0.017354
v 0.000542 -0.174948 0.036368
v -0.022322 -0.128624 -0.008852
v -0.022097 -0.127470 -0.010248
v 0.000000 -0.120039 -0.032040
v -0.018663 -0.122435 -0.014958
v -0.016390 -0.117998 -0.020548
v -0.016934 -0.117693 -0.019459
v -0.017644 -0.113942 -0.023073
v -0.017185 -0.114529 -0.023996
v -0.000523 -0.100351 -0.037478
v 0.001185 -0.100716 -0.037183
v 0.017185 -0.114529 -0.023996
v 0.017644 -0.113942 -0.023073
v 0.016391 -0.117998 -0.020548
v 0.016934 -0.117693 -0.019459
v 0.018663 -0.122435 -0.014958
v 0.022097 -0.127470 -0.010248
v 0.022295 -0.128626 -0.008945
v 0.021793 -0.127025 -0.009206
v 0.000000 -0.105353 -0.017354
v 0.000000 -0.099690 -0.036451
v -0.021824 -0.127115 -0.009128
v -0.022322 -0.146206 -0.008956
v -0.022097 -0.147315 -0.010248
v -0.021882 -0.147545 -0.009058
v -0.018663 -0.152351 -0.014958
v 0.022322 -0.146245 -0.008769
v 0.000000 -0.169433 -0.017354
v -0.016934 -0.157093 -0.019459
v -0.017185 -0.161389 -0.022864
v -0.017644 -0.160466 -0.023451
v -0.001185 -0.174045 -0.037207
v -0.000260 -0.174934 -0.036955
v 0.001185 -0.174576 -0.036677
v 0.017185 -0.161389 -0.022864
v 0.017644 -0.160466 -0.023451
v 0.016934 -0.157093 -0.019459
v 0.018663 -0.152351 -0.014958
v 0.022097 -0.147641 -0.009923
v 0.021824 -0.146521 -0.010278
v 0.000000 -0.154747 -0.032040
v 0.016391 -0.156788 -0.020548
v 0.000542 -0.173761 -0.037556
v -0.016390 -0.156788 -0.020548
v 0.000000 -0.169417 0.017212
v -0.003175 -0.167735 0.016586
v 0.003175 -0.167735 0.016586
v -0.023520 -0.145881 0.008485
v 0.023522 -0.145879 0.008484
v -0.010558 -0.190840 0.000860
v -0.035216 -0.138045 0.001463
v -0.005900 -0.197456 0.000938
v -0.006923 -0.196867 -0.000575
v -0.010653 -0.190895 -0.000689
v -0.004140 -0.198519 -0.000522
v 0.000000 -0.199075 0.000931
v 0.000000 -0.199492 -0.000348
v 0.005900 -0.197456 0.000938
v 0.004140 -0.198519 -0.000522
v 0.010558 -0.190840 0.000860
v 0.006923 -0.196867 -0.000575
v 0.010653 -0.190895 -0.000689
v 0.035789 -0.137534 -0.000000
v -0.035789 -0.137534 -0.000000
v -0.003175 -0.167735 -0.016586
v -0.035216 -0.138045 -0.001463
v 0.000000 -0.169417 -0.017212
v -0.023521 -0.145880 -0.008485
v 0.003175 -0.167735 -0.016586
v 0.023523 -0.145880 -0.008483
v 0.035216 -0.138045 -0.001463
v 0.000000 -0.154607 -0.032027
v 0.003203 -0.153980 -0.030335
v -0.003203 -0.153980 -0.030335
v -0.003201 -0.138324 -0.059195
v 0.003201 -0.138324 -0.059195
v 0.000000 -0.138324 -0.061683
v 0.000000 -0.137005 -0.062101
v -0.003242 -0.136789 -0.059487
v 0.003242 -0.136789 -0.059487
v 0.000000 -0.120178 -0.032027
v 0.034858 -0.135996 -0.001397
v 0.003203 -0.120806 -0.030335
v 0.023518 -0.128905 -0.008477
v -0.003203 -0.120806 -0.030335
v -0.023514 -0.128906 -0.008484
v -0.034858 -0.135996 -0.001397
v 0.003260 -0.107095 -0.016561
v 0.000000 -0.105371 -0.017210
v -0.003260 -0.107095 -0.016561
v -0.016190 -0.086850 -0.000744
v -0.008353 -0.077906 -0.000531
v 0.008236 -0.078198 -0.000931
v 0.000000 -0.075710 -0.000931
v 0.016131 -0.087025 -0.000931
v 0.000000 -0.075293 0.000349
v 0.008353 -0.077906 0.000531
v 0.016190 -0.086850 0.000744
v -0.008236 -0.078198 0.000931
v -0.016131 -0.087025 0.000931
v -0.034858 -0.135996 0.001397
v -0.023516 -0.128906 0.008481
v -0.003242 -0.137997 0.059487
v -0.003205 -0.153980 0.030334
v 0.000000 -0.154607 0.032026
v 0.003205 -0.153980 0.030334
v 0.035216 -0.138045 0.001463
v 0.003242 -0.137997 0.059487
v -0.000000 -0.138324 0.061683
v -0.000000 -0.137005 0.062101
v 0.003201 -0.136462 0.059195
v 0.034858 -0.135996 0.001397
v -0.003201 -0.136462 0.059195
v 0.000000 -0.120179 0.032026
v -0.003205 -0.120806 0.030334
v 0.023514 -0.128906 0.008483
v 0.003205 -0.120806 0.030334
v 0.003262 -0.107097 0.016560
v 0.000000 -0.105372 0.017210
v -0.003262 -0.107097 0.016560
v -0.028808 0.102349 0.096429
v -0.028795 0.062687 0.079813
v -0.028808 0.118394 0.091253
v -0.028805 0.100211 0.088787
v -0.028808 0.131236 0.080331
v -0.028807 0.110847 0.086069
v -0.028805 0.119330 0.081258
v -0.028808 0.138921 0.065326
v -0.028805 0.128276 0.070739
v -0.028808 0.140279 0.048522
v -0.028805 0.132516 0.057597
v -0.028807 0.137109 0.037046
v -0.028807 0.131924 0.046635
v -0.028808 0.130275 0.025518
v -0.028805 0.128861 0.037376
v -0.028807 0.121263 0.017738
v -0.028805 0.120289 0.026550
v -0.028808 0.109176 0.011950
v -0.028805 0.108227 0.019828
v -0.028808 0.092372 0.010592
v -0.028805 0.094510 0.018234
v -0.028808 0.076327 0.015768
v -0.028807 0.083874 0.020952
v -0.028808 0.063485 0.026690
v -0.028805 0.075391 0.025763
v -0.028807 0.057612 0.037046
v -0.028805 0.066445 0.036282
v -0.028808 0.054293 0.050030
v -0.028805 0.062205 0.049424
v -0.028808 0.056076 0.066034
v -0.028807 0.062796 0.060386
v -0.028805 0.065860 0.069644
v -0.027458 0.063448 0.056646
v -0.028805 0.074432 0.080471
v -0.027458 0.067230 0.069385
v -0.027476 0.073387 0.077484
v -0.028805 0.086494 0.087193
v -0.027458 0.081127 0.083450
v -0.027458 0.093820 0.087383
v -0.027458 0.107052 0.086159
v -0.023877 0.094253 0.087425
v -0.023894 0.103975 0.086763
v -0.027458 0.118809 0.079965
v -0.023877 0.119144 0.079689
v -0.023877 0.081511 0.083654
v -0.023894 0.073387 0.077484
v -0.023877 0.064838 0.063618
v -0.023877 0.064704 0.043846
v -0.027458 0.064829 0.043430
v -0.027458 0.071163 0.031748
v -0.023877 0.075577 0.027332
v -0.027476 0.078524 0.025321
v -0.023877 0.087253 0.020989
v -0.027458 0.087668 0.020862
v -0.027476 0.097360 0.019607
v -0.023877 0.107025 0.020854
v -0.027458 0.107441 0.020980
v -0.027476 0.116196 0.025320
v -0.023877 0.123539 0.031727
v -0.027458 0.123815 0.032062
v -0.027458 0.130009 0.043819
v -0.023894 0.130613 0.046896
v -0.023877 0.131275 0.056618
v -0.027458 0.131233 0.057051
v -0.023894 0.128683 0.066485
v -0.027458 0.127300 0.069744
v -0.009964 0.042908 0.037298
v -0.005410 0.042908 0.041555
v -0.013675 0.057639 0.014732
v -0.032177 0.042908 -0.000000
v -0.007756 0.059327 0.016423
v -0.013675 0.028181 0.014734
v -0.000000 0.043174 0.043221
v -0.000000 0.060130 0.017226
v -0.000000 0.093839 0.001110
v 0.007756 0.059327 0.016423
v 0.005410 0.042908 0.041555
v -0.007683 0.091736 0.001110
v 0.007683 0.091736 0.001110
v -0.014468 0.086593 -0.000000
v -0.000000 0.094990 -0.000220
v -0.007848 0.092765 -0.000216
v -0.013675 0.057636 -0.014734
v -0.007756 0.059327 -0.016423
v -0.005410 0.042908 -0.041555
v -0.000000 0.060130 -0.017226
v -0.009964 0.042908 -0.037298
v 0.000000 0.043174 -0.043221
v 0.007756 0.059327 -0.016423
v 0.007848 0.092765 -0.000216
v 0.013675 0.057636 -0.014734
v 0.014468 0.086593 -0.000000
v 0.005410 0.042908 -0.041555
v 0.009964 0.042908 -0.037298
v 0.032177 0.042908 0.000000
v 0.013675 0.057639 0.014732
v 0.009964 0.042908 0.037298
v -0.000000 0.041798 0.042399
v 0.013675 0.028181 0.014734
v 0.007756 0.026490 0.016423
v -0.007756 0.026490 0.016423
v -0.000000 0.025686 0.017226
v 0.000000 -0.008023 0.001110
v 0.007848 -0.006948 0.000216
v 0.014468 -0.000777 0.000000
v -0.007848 -0.006948 0.000216
v 0.000000 -0.009173 -0.000220
v 0.007683 -0.005919 -0.001110
v 0.013675 0.028178 -0.014732
v 0.007756 0.026490 -0.016423
v 0.000000 0.041798 -0.042399
v -0.013675 0.028178 -0.014732
v -0.007756 0.026490 -0.016423
v 0.000000 0.025686 -0.017226
v -0.007683 -0.005919 -0.001110
v -0.014468 -0.000776 -0.000000
v -0.000000 0.698536 0.175048
v -0.000000 0.716333 0.180346
v -0.001703 0.699466 0.172808
v -0.000000 0.680248 0.165318
v 0.001702 0.699466 0.172808
v -0.000000 0.716433 0.179743
v -0.000000 0.700569 0.170327
v -0.000000 0.685944 0.156104
v -0.002896 0.682880 0.160996
v -0.000000 0.675755 0.139806
v -0.000000 0.664080 0.152115
v -0.004312 0.669497 0.146317
v -0.000000 0.669971 0.122571
v 0.002896 0.682880 0.160996
v 0.004312 0.669497 0.146317
v -0.000000 0.650783 0.136015
v 0.005905 0.659717 0.129660
v -0.000000 0.668381 0.105546
v -0.000000 0.640870 0.117631
v 0.007601 0.653713 0.111913
v -0.005906 0.659717 0.129660
v -0.007601 0.653713 0.111913
v -0.000436 0.634808 0.097441
v -0.000625 0.669815 0.090264
v 0.000452 0.670004 0.090024
v -0.009315 0.651298 0.093947
v 0.000492 0.674226 0.076216
v -0.000663 0.673996 0.076425
v -0.000664 0.632847 0.076425
v -0.010985 0.652180 0.076425
v 0.000526 0.680359 0.064408
v 0.000496 0.632719 0.076640
v 0.000607 0.634895 0.097210
v 0.009315 0.651298 0.093947
v 0.010985 0.652180 0.076425
v -0.000557 0.634728 0.055828
v 0.000721 0.634894 0.055639
v 0.012564 0.656121 0.059862
v -0.000615 0.640756 0.035809
v 0.000776 0.640956 0.035652
v 0.000669 0.650578 0.017345
v -0.012564 0.656121 0.059862
v -0.000695 0.680071 0.064625
v -0.014012 0.662660 0.044643
v 0.000556 0.687416 0.054675
v -0.000723 0.687145 0.054784
v -0.000576 0.695954 0.046702
v 0.014011 0.662660 0.044643
v 0.000676 0.701713 0.041650
v 0.015291 0.671755 0.031233
v -0.000600 0.703745 0.040489
v 0.000715 0.663809 0.001157
v 0.016393 0.682580 0.019616
v -0.000827 0.650801 0.017232
v -0.015291 0.671755 0.031233
v -0.000872 0.664050 0.001086
v 0.000755 0.679951 -0.012145
v -0.016393 0.682580 0.019616
v -0.000909 0.680195 -0.012165
v -0.000613 0.712578 0.035849
v -0.017270 0.695272 0.010399
v 0.000774 0.712273 0.035842
v -0.000621 0.721729 0.032835
v -0.000936 0.698616 -0.022012
v -0.017904 0.709290 0.003758
v 0.000784 0.698377 -0.022041
v 0.000756 0.726383 0.031494
v -0.000629 0.730686 0.031025
v 0.017270 0.695272 0.010399
v 0.017904 0.709290 0.003758
v 0.000802 0.718376 -0.028150
v 0.018293 0.724121 -0.000331
v -0.000952 0.718603 -0.028075
v -0.000807 0.739391 -0.030261
v 0.000958 0.739389 -0.030122
v 0.018427 0.739389 -0.001735
v 0.000632 0.739396 0.030412
v 0.018286 0.754638 -0.000239
v 0.000802 0.760404 -0.028150
v 0.000581 0.751488 0.031737
v 0.017895 0.769438 0.003881
v -0.018293 0.724121 -0.000331
v -0.000709 0.742662 0.030356
v -0.018427 0.739389 -0.001735
v -0.018287 0.754638 -0.000239
v -0.000952 0.760175 -0.028075
v -0.017895 0.769438 0.003881
v -0.000622 0.756936 0.033081
v -0.017262 0.783420 0.010528
v -0.000771 0.766331 0.036103
v -0.000784 0.780403 -0.022040
v -0.000755 0.798826 -0.012146
v 0.000935 0.780163 -0.022011
v 0.017262 0.783420 0.010528
v 0.000908 0.798583 -0.012165
v 0.000614 0.765978 0.036090
v 0.016393 0.796162 0.019652
v 0.000689 0.777977 0.042251
v -0.000603 0.774964 0.040550
v 0.015297 0.807100 0.031182
v -0.016393 0.796162 0.019652
v 0.000872 0.814728 0.001086
v -0.000716 0.814968 0.001155
v -0.015297 0.807100 0.031182
v -0.000669 0.828200 0.017345
v 0.000827 0.827978 0.017232
v -0.000582 0.783184 0.046731
v -0.014016 0.816149 0.044630
v -0.000615 0.838022 0.035808
v -0.000562 0.791457 0.054620
v -0.012567 0.822741 0.059845
v 0.014016 0.816149 0.044630
v 0.000719 0.791731 0.054744
v 0.000776 0.837822 0.035652
v 0.012567 0.822741 0.059845
v 0.000721 0.843885 0.055639
v 0.000691 0.798922 0.064583
v 0.010990 0.826518 0.076425
v -0.000557 0.844051 0.055830
v 0.000663 0.845931 0.076425
v -0.000496 0.846059 0.076640
v -0.010990 0.826518 0.076425
v -0.000534 0.798680 0.064422
v -0.009320 0.827423 0.093936
v -0.000499 0.804421 0.076180
v 0.000658 0.804653 0.076425
v -0.000460 0.808721 0.090042
v 0.009320 0.827423 0.093936
v 0.000620 0.808892 0.090250
v 0.000606 0.843883 0.097210
v 0.007612 0.824908 0.111848
v -0.000000 0.810125 0.105366
v 0.005912 0.818995 0.129616
v -0.007613 0.824908 0.111848
v -0.000000 0.808728 0.122489
v -0.000437 0.843970 0.097442
v -0.000000 0.837909 0.117627
v -0.000000 0.828005 0.136000
v -0.005912 0.818995 0.129616
v -0.004300 0.809367 0.146403
v -0.000000 0.803240 0.140071
v -0.000000 0.814697 0.152117
v -0.002893 0.795906 0.161009
v -0.000000 0.792895 0.156177
v -0.000000 0.798528 0.165319
v 0.004299 0.809367 0.146403
v 0.002893 0.795906 0.161009
v 0.001705 0.779304 0.172788
v -0.000000 0.778214 0.170325
v 0.000315 0.761740 0.180418
v -0.001705 0.779304 0.172788
v -0.000318 0.761696 0.180316
v -0.000000 0.780241 0.175049
v -0.000000 0.725300 0.146877
v -0.000122 0.679371 0.152731
v 0.000717 0.679655 0.152184
v -0.000154 0.760410 0.180562
v 0.000721 0.760977 0.180163
v -0.032230 0.737975 0.106903
v -0.000120 0.761415 0.180615
v 0.032230 0.737975 0.106903
v -0.000000 0.770202 0.131295
v -0.000158 0.810124 0.107681
v 0.000716 0.810011 0.106976
v -0.000123 0.810545 0.106708
v -0.000000 0.770202 0.082621
v 0.000158 0.761684 0.033872
v -0.000717 0.761011 0.033763
v 0.000121 0.760952 0.033129
v -0.000000 0.725300 0.067039
v 0.000717 0.679676 0.061703
v -0.000155 0.679968 0.061065
v -0.000123 0.679088 0.061578
v -0.000000 0.698511 0.106958
v -0.000159 0.679164 0.151683
vt 0.260010 0.230957
vt 0.252930 0.230957
vt 0.252197 0.215820
vt 0.252930 0.245605
vt 0.273682 0.244141
vt 0.268799 0.255371
vt 0.264404 0.259277
vt 0.252930 0.260254
vt 0.260010 0.275391
vt 0.252930 0.275391
vt 0.263428 0.290039
vt 0.252930 0.290039
vt 0.252930 0.305176
vt 0.272217 0.305176
vt 0.252930 0.319824
vt 0.275155 0.318307
vt 0.252930 0.334961
vt 0.275164 0.318256
vt 0.252930 0.334961
vt 0.252930 0.349609
vt 0.252930 0.319824
vt 0.272217 0.305176
vt 0.252930 0.349609
vt 0.252930 0.305176
vt 0.263428 0.290039
vt 0.252930 0.290039
vt 0.252930 0.275391
vt 0.260010 0.275391
vt 0.252930 0.260254
vt 0.264404 0.259277
vt 0.252930 0.245605
vt 0.268799 0.255371
vt 0.273682 0.244141
vt 0.260010 0.230957
vt 0.252930 0.230957
vt 0.252197 0.215820
vt 0.252930 0.364746
vt 0.252930 0.364746
vt 0.252930 0.379395
vt 0.252930 0.379395
vt 0.252930 0.394531
vt 0.252930 0.394531
vt 0.252930 0.409180
vt 0.252930 0.409180
vt 0.252930 0.424316
vt 0.252930 0.424316
vt 0.252930 0.438965
vt 0.252930 0.438965
vt 0.252930 0.453613
vt 0.252930 0.453613
vt 0.252930 0.468750
vt 0.252930 0.468750
vt 0.252930 0.483398
vt 0.252930 0.483398
vt 0.252930 0.498535
vt 0.252930 0.498535
vt 0.252930 0.513184
vt 0.252930 0.513184
vt 0.252930 0.528076
vt 0.252930 0.528076
vt 0.252930 0.542969
vt 0.252930 0.542969
vt 0.252930 0.557861
vt 0.252930 0.557861
vt 0.252930 0.572754
vt 0.252930 0.572754
vt 0.252930 0.587646
vt 0.276367 0.587647
vt 0.266113 0.602539
vt 0.276367 0.587646
vt 0.252930 0.602539
vt 0.252930 0.587646
vt 0.260986 0.617188
vt 0.266113 0.602539
vt 0.252930 0.617188
vt 0.251221 0.644775
vt 0.252930 0.602539
vt 0.260986 0.617188
vt 0.252930 0.617188
vt 0.251221 0.644775
vt 0.235545 0.141813
vt 0.263617 0.164907
vt 0.247261 0.154552
vt 0.227662 0.124142
vt 0.280359 0.169024
vt 0.225036 0.107112
vt 0.304571 0.167069
vt 0.228276 0.087974
vt 0.322451 0.159164
vt 0.240157 0.066545
vt 0.335189 0.147435
vt 0.252865 0.055060
vt 0.270536 0.047033
vt 0.345422 0.131061
vt 0.349589 0.114319
vt 0.287566 0.044307
vt 0.306668 0.047691
vt 0.347584 0.090082
vt 0.322451 0.055060
vt 0.336594 0.068257
vt 0.260010 0.230957
vt 0.252930 0.230957
vt 0.252197 0.215820
vt 0.252930 0.245605
vt 0.273682 0.244141
vt 0.268799 0.255371
vt 0.264404 0.259277
vt 0.252930 0.260254
vt 0.260010 0.275391
vt 0.252930 0.275391
vt 0.263428 0.290039
vt 0.252930 0.290039
vt 0.252930 0.305176
vt 0.272217 0.305176
vt 0.252930 0.319824
vt 0.275152 0.318324
vt 0.252930 0.334961
vt 0.275164 0.318256
vt 0.252930 0.349609
vt 0.252930 0.349609
vt 0.252930 0.334961
vt 0.252930 0.319824
vt 0.272217 0.305176
vt 0.252930 0.305176
vt 0.263428 0.290039
vt 0.252930 0.290039
vt 0.252930 0.275391
vt 0.260010 0.275391
vt 0.252930 0.260254
vt 0.264404 0.259277
vt 0.252930 0.245605
vt 0.268799 0.255371
vt 0.273682 0.244141
vt 0.260010 0.230957
vt 0.252930 0.230957
vt 0.252197 0.215820
vt 0.252930 0.364746
vt 0.252930 0.364746
vt 0.252930 0.379395
vt 0.252930 0.379395
vt 0.252930 0.394531
vt 0.252930 0.394531
vt 0.252930 0.409180
vt 0.252930 0.409180
vt 0.252930 0.424316
vt 0.252930 0.424316
vt 0.252930 0.438965
vt 0.252930 0.438965
vt 0.252930 0.453613
vt 0.252930 0.453613
vt 0.252930 0.468750
vt 0.252930 0.468750
vt 0.252930 0.483398
vt 0.252930 0.483398
vt 0.252930 0.498535
vt 0.252930 0.498535
vt 0.252930 0.513184
vt 0.252930 0.513184
vt 0.252930 0.528076
vt 0.252930 0.528076
vt 0.252930 0.542969
vt 0.252930 0.542969
vt 0.252930 0.557861
vt 0.252930 0.557861
vt 0.252930 0.572754
vt 0.252930 0.572754
vt 0.276367 0.587646
vt 0.252930 0.587646
vt 0.276367 0.587646
vt 0.266113 0.602539
vt 0.252930 0.602539
vt 0.252930 0.587646
vt 0.260986 0.617188
vt 0.266113 0.602539
vt 0.252930 0.617188
vt 0.251221 0.644775
vt 0.252930 0.602539
vt 0.260986 0.617188
vt 0.252930 0.617188
vt 0.251221 0.644775
vt 0.325621 0.933688
vt 0.355236 0.971012
vt 0.336700 0.955230
vt 0.378298 0.978508
vt 0.323718 0.909487
vt 0.402511 0.976556
vt 0.331093 0.886281
vt 0.420410 0.968658
vt 0.433136 0.956941
vt 0.346925 0.867850
vt 0.368485 0.856727
vt 0.443359 0.940582
vt 0.447522 0.923887
vt 0.385498 0.854004
vt 0.404617 0.857385
vt 0.445519 0.899673
vt 0.420410 0.864746
vt 0.434540 0.877895
vt 0.715952 0.453176
vt 0.694634 0.441101
vt 0.731233 0.472491
vt 0.737546 0.488623
vt 0.737946 0.507839
vt 0.675994 0.437819
vt 0.658485 0.440399
vt 0.733638 0.524773
vt 0.723165 0.541282
vt 0.636815 0.451772
vt 0.620832 0.470560
vt 0.710190 0.553106
vt 0.692527 0.560296
vt 0.614042 0.493433
vt 0.668503 0.562299
vt 0.615645 0.517857
vt 0.645230 0.555510
vt 0.626442 0.539527
vt 0.019769 0.016113
vt 0.012429 0.008301
vt 0.024135 0.008301
vt 0.012429 0.016113
vt 0.019769 0.051270
vt 0.012429 0.051270
vt 0.027111 0.016113
vt 0.019769 0.087891
vt 0.012429 0.087891
vt 0.027111 0.051270
vt 0.034454 0.016113
vt 0.038809 0.008301
vt 0.034454 0.051270
vt 0.041778 0.016113
vt 0.049102 0.016113
vt 0.056503 0.008301
vt 0.041778 0.051270
vt 0.049102 0.051270
vt 0.056463 0.016113
vt 0.034454 0.087891
vt 0.049102 0.087891
vt 0.027111 0.087891
vt 0.041778 0.087891
vt 0.034454 0.107910
vt 0.019769 0.107910
vt 0.012429 0.107910
vt 0.027111 0.107910
vt 0.019769 0.125000
vt 0.012429 0.125000
vt 0.034454 0.125000
vt 0.016107 0.133714
vt 0.012429 0.133692
vt 0.027111 0.125000
vt 0.019769 0.133692
vt 0.012429 0.140137
vt 0.023449 0.133714
vt 0.016107 0.140137
vt 0.012429 0.199219
vt 0.019769 0.199219
vt 0.019769 0.140137
vt 0.023449 0.140137
vt 0.027111 0.199219
vt 0.027111 0.133692
vt 0.027111 0.140137
vt 0.030792 0.133695
vt 0.030792 0.140137
vt 0.034454 0.199219
vt 0.034454 0.133692
vt 0.034454 0.140137
vt 0.038134 0.140137
vt 0.041778 0.199219
vt 0.038134 0.133695
vt 0.041778 0.140137
vt 0.045477 0.140137
vt 0.049102 0.199219
vt 0.041778 0.133692
vt 0.049102 0.140137
vt 0.045477 0.133695
vt 0.041778 0.125000
vt 0.041778 0.107910
vt 0.049102 0.125000
vt 0.049102 0.107910
vt 0.049102 0.133692
vt 0.056463 0.087891
vt 0.052801 0.133714
vt 0.056463 0.107910
vt 0.056463 0.125000
vt 0.056463 0.133692
vt 0.063787 0.125000
vt 0.052801 0.140137
vt 0.056463 0.199219
vt 0.056463 0.140137
vt 0.060162 0.140137
vt 0.063787 0.199219
vt 0.060162 0.133695
vt 0.063787 0.140137
vt 0.063787 0.133692
vt 0.067486 0.140137
vt 0.071148 0.199219
vt 0.067486 0.133695
vt 0.071148 0.140137
vt 0.074810 0.140137
vt 0.078473 0.199219
vt 0.071148 0.133673
vt 0.078473 0.140137
vt 0.074810 0.133695
vt 0.071148 0.125000
vt 0.078473 0.133692
vt 0.078473 0.125000
vt 0.071148 0.107910
vt 0.082171 0.133714
vt 0.082171 0.140137
vt 0.085833 0.199219
vt 0.085833 0.140137
vt 0.089495 0.140137
vt 0.093158 0.199219
vt 0.085833 0.133692
vt 0.089495 0.133714
vt 0.093158 0.140137
vt 0.096820 0.140137
vt 0.100482 0.199219
vt 0.093158 0.133692
vt 0.100482 0.140137
vt 0.096820 0.133714
vt 0.085833 0.125000
vt 0.093158 0.125000
vt 0.085833 0.107910
vt 0.078473 0.107910
vt 0.093158 0.107910
vt 0.100482 0.125000
vt 0.100482 0.133692
vt 0.104144 0.133714
vt 0.100482 0.107910
vt 0.107806 0.125000
vt 0.107806 0.133692
vt 0.104144 0.140137
vt 0.107806 0.199219
vt 0.107806 0.140137
vt 0.111541 0.140137
vt 0.115203 0.199219
vt 0.111541 0.133714
vt 0.115203 0.140137
vt 0.118866 0.140137
vt 0.122528 0.199219
vt 0.115203 0.133692
vt 0.122528 0.140137
vt 0.118866 0.133714
vt 0.115203 0.125000
vt 0.122528 0.133692
vt 0.122528 0.125000
vt 0.115203 0.107910
vt 0.126190 0.133714
vt 0.129852 0.125000
vt 0.129852 0.133692
vt 0.129852 0.107910
vt 0.129852 0.140137
vt 0.122528 0.107910
vt 0.129852 0.087891
vt 0.126190 0.140137
vt 0.129852 0.199219
vt 0.122528 0.087891
vt 0.129852 0.051270
vt 0.115203 0.087891
vt 0.122528 0.051270
vt 0.129852 0.016602
vt 0.115203 0.051270
vt 0.107806 0.107910
vt 0.107806 0.087891
vt 0.100482 0.087891
vt 0.107806 0.051270
vt 0.100482 0.051270
vt 0.093158 0.087891
vt 0.085833 0.087891
vt 0.093158 0.051270
vt 0.085833 0.051270
vt 0.078473 0.087891
vt 0.071148 0.087891
vt 0.078473 0.051270
vt 0.063787 0.107910
vt 0.071148 0.051270
vt 0.063787 0.087891
vt 0.056463 0.051270
vt 0.063787 0.051270
vt 0.063787 0.016113
vt 0.071148 0.008301
vt 0.071148 0.016113
vt 0.078473 0.016113
vt 0.085773 0.008301
vt 0.085833 0.016113
vt 0.093158 0.016113
vt 0.103451 0.008301
vt 0.100482 0.016113
vt 0.107806 0.016602
vt 0.115203 0.008301
vt 0.115203 0.016602
vt 0.122528 0.016602
vt 0.126883 0.008301
vt 0.351074 0.624512
vt 0.361572 0.613525
vt 0.351074 0.624512
vt 0.374023 0.619385
vt 0.366699 0.628418
vt 0.374023 0.619385
vt 0.366699 0.628418
vt 0.390625 0.595215
vt 0.388672 0.626709
vt 0.383789 0.633545
vt 0.399170 0.599854
vt 0.397217 0.631348
vt 0.412557 0.654002
vt 0.412109 0.607178
vt 0.410400 0.572510
vt 0.418701 0.575439
vt 0.419434 0.612305
vt 0.399170 0.599854
vt 0.432861 0.582764
vt 0.388672 0.626709
vt 0.383789 0.633545
vt 0.397217 0.631348
vt 0.412557 0.654002
vt 0.412109 0.607178
vt 0.418701 0.575439
vt 0.419434 0.612305
vt 0.430176 0.530029
vt 0.432861 0.582764
vt 0.438965 0.532959
vt 0.425402 0.646050
vt 0.440674 0.586670
vt 0.445721 0.628501
vt 0.468305 0.600672
vt 0.453369 0.537598
vt 0.484685 0.568427
vt 0.461426 0.540039
vt 0.470477 0.481366
vt 0.495910 0.530555
vt 0.475672 0.614077
vt 0.426681 0.666218
vt 0.501118 0.463648
vt 0.399422 0.651845
vt 0.465088 0.428711
vt 0.493976 0.410666
vt 0.509766 0.534912
vt 0.511274 0.465412
vt 0.499783 0.574739
vt 0.497070 0.619141
vt 0.464844 0.662800
vt 0.528809 0.540771
vt 0.511719 0.629150
vt 0.430827 0.687559
vt 0.486084 0.668945
vt 0.435547 0.701660
vt 0.460205 0.697754
vt 0.436523 0.719727
vt 0.401310 0.674328
vt 0.432830 0.729519
vt 0.434814 0.737061
vt 0.412842 0.692871
vt 0.417493 0.711662
vt 0.429688 0.753540
vt 0.427246 0.752441
vt 0.421631 0.768799
vt 0.415290 0.738806
vt 0.413098 0.774966
vt 0.410645 0.782227
vt 0.397217 0.793213
vt 0.402889 0.763073
vt 0.386968 0.795696
vt 0.381836 0.801392
vt 0.365234 0.806396
vt 0.381956 0.780730
vt 0.364746 0.803833
vt 0.347900 0.808105
vt 0.338108 0.804484
vt 0.330566 0.806396
vt 0.355965 0.789125
vt 0.313965 0.801392
vt 0.315186 0.798950
vt 0.298828 0.793213
vt 0.328822 0.786922
vt 0.292661 0.784679
vt 0.285400 0.782227
vt 0.274414 0.768799
vt 0.308838 0.778076
vt 0.276611 0.767334
vt 0.266113 0.753540
vt 0.294735 0.765003
vt 0.265675 0.742937
vt 0.261230 0.737061
vt 0.259521 0.719727
vt 0.281357 0.741175
vt 0.262207 0.719727
vt 0.261230 0.702393
vt 0.266552 0.693377
vt 0.266113 0.685791
vt 0.278189 0.714119
vt 0.274414 0.670410
vt 0.282948 0.664343
vt 0.285400 0.657227
vt 0.285662 0.687865
vt 0.298828 0.645996
vt 0.309077 0.643685
vt 0.313965 0.637939
vt 0.302646 0.666317
vt 0.330566 0.632812
vt 0.341091 0.634490
vt 0.347900 0.631104
vt 0.321045 0.654785
vt 0.365234 0.632812
vt 0.339836 0.650134
vt 0.372803 0.637940
vt 0.381836 0.637939
vt 0.327981 0.655393
vt 0.366980 0.652337
vt 0.386963 0.661133
vt 0.354089 0.652673
vt 0.379281 0.660206
vt 0.399763 0.676689
vt 0.383343 0.666796
vt 0.410400 0.693848
vt 0.397864 0.679295
vt 0.414880 0.712732
vt 0.406823 0.695403
vt 0.396942 0.680909
vt 0.412030 0.713822
vt 0.367019 0.660363
vt 0.410144 0.714720
vt 0.366994 0.658339
vt 0.347900 0.655921
vt 0.407264 0.738846
vt 0.329771 0.658067
vt 0.330887 0.659705
vt 0.409418 0.738707
vt 0.412473 0.738870
vt 0.404297 0.757202
vt 0.397302 0.760716
vt 0.390938 0.771410
vt 0.395538 0.760011
vt 0.312569 0.666796
vt 0.373779 0.782104
vt 0.354895 0.786584
vt 0.383343 0.772591
vt 0.372559 0.779297
vt 0.353806 0.783612
vt 0.328757 0.784177
vt 0.335449 0.782959
vt 0.310303 0.775879
vt 0.323577 0.778461
vt 0.296152 0.762642
vt 0.306789 0.769006
vt 0.283567 0.739646
vt 0.294970 0.754992
vt 0.286371 0.737856
vt 0.307616 0.767120
vt 0.280273 0.719727
vt 0.288023 0.736740
vt 0.340700 0.781578
vt 0.284339 0.719727
vt 0.364914 0.779626
vt 0.283328 0.700583
vt 0.286627 0.700633
vt 0.288637 0.700607
vt 0.291748 0.682129
vt 0.304862 0.667978
vt 0.300507 0.679198
vt 0.298499 0.678614
vt 0.439810 0.719388
vt 0.441650 0.736816
vt 0.437012 0.737061
vt 0.462891 0.712646
vt 0.440197 0.746446
vt 0.434082 0.747559
vt 0.437046 0.755123
vt 0.432129 0.754639
vt 0.428711 0.772095
vt 0.424316 0.770264
vt 0.457400 0.748857
vt 0.419903 0.785169
vt 0.413818 0.783936
vt 0.398682 0.797119
vt 0.430420 0.791260
vt 0.400391 0.801636
vt 0.476858 0.747805
vt 0.430420 0.791260
vt 0.400391 0.801636
vt 0.461182 0.775513
vt 0.461187 0.775525
vt 0.398682 0.797119
vt 0.486816 0.757935
vt 0.419903 0.785169
vt 0.413818 0.783936
vt 0.424316 0.770264
vt 0.428711 0.772095
vt 0.432129 0.754639
vt 0.476858 0.747806
vt 0.437046 0.755123
vt 0.434082 0.747559
vt 0.457400 0.748857
vt 0.440197 0.746446
vt 0.437012 0.737061
vt 0.441650 0.736816
vt 0.439810 0.719389
vt 0.462891 0.712646
vt 0.435547 0.701660
vt 0.460205 0.697754
vt 0.464111 0.736572
vt 0.475221 0.722704
vt 0.494931 0.717288
vt 0.487803 0.715240
vt 0.502441 0.724365
vt 0.506836 0.739014
vt 0.486816 0.757935
vt 0.506836 0.739014
vt 0.524380 0.715239
vt 0.502441 0.724365
vt 0.464111 0.736572
vt 0.494931 0.717288
vt 0.475221 0.722704
vt 0.487803 0.715239
vt 0.501379 0.690692
vt 0.493896 0.679688
vt 0.511307 0.678749
vt 0.518555 0.634521
vt 0.523926 0.638184
vt 0.513165 0.689767
vt 0.536670 0.618828
vt 0.518066 0.701660
vt 0.533182 0.669976
vt 0.531058 0.611405
vt 0.561035 0.604980
vt 0.547852 0.596191
vt 0.544434 0.593994
vt 0.539663 0.591630
vt 0.554688 0.580811
vt 0.553711 0.573975
vt 0.556327 0.546959
vt 0.561035 0.577637
vt 0.544922 0.491211
vt 0.582153 0.583690
vt 0.563190 0.570156
vt 0.586914 0.566650
vt 0.563477 0.492676
vt 0.565430 0.547363
vt 0.571777 0.493164
vt 0.564941 0.447266
vt 0.569824 0.447754
vt 0.556327 0.546959
vt 0.563477 0.492676
vt 0.553711 0.573975
vt 0.564941 0.447266
vt 0.544922 0.491211
vt 0.564941 0.416016
vt 0.556152 0.446777
vt 0.560059 0.416016
vt 0.560059 0.416016
vt 0.552075 0.399687
vt 0.556152 0.446777
vt 0.539062 0.490723
vt 0.553711 0.416016
vt 0.552734 0.446289
vt 0.541016 0.462891
vt 0.534180 0.456055
vt 0.500488 0.408691
vt 0.541504 0.445801
vt 0.437715 0.381845
vt 0.481651 0.367900
vt 0.457102 0.326237
vt 0.447754 0.430664
vt 0.519043 0.402832
vt 0.497803 0.359863
vt 0.525391 0.398926
vt 0.467285 0.319824
vt 0.501953 0.357422
vt 0.433307 0.288645
vt 0.429924 0.291021
vt 0.395218 0.257865
vt 0.418457 0.329590
vt 0.375015 0.268171
vt 0.410400 0.329102
vt 0.334953 0.235432
vt 0.429443 0.380859
vt 0.348182 0.230450
vt 0.304717 0.216822
vt 0.418457 0.329590
vt 0.395199 0.257877
vt 0.437715 0.381845
vt 0.429924 0.291021
vt 0.348182 0.230450
vt 0.457102 0.326237
vt 0.481651 0.367900
vt 0.493976 0.410666
vt 0.500488 0.408691
vt 0.519043 0.402832
vt 0.433307 0.288645
vt 0.497803 0.359863
vt 0.467285 0.319824
vt 0.470215 0.318359
vt 0.437012 0.286133
vt 0.397564 0.256000
vt 0.349033 0.229580
vt 0.310791 0.218262
vt 0.534180 0.456055
vt 0.511274 0.465412
vt 0.541016 0.462891
vt 0.501118 0.463648
vt 0.539062 0.490723
vt 0.552734 0.446289
vt 0.542959 0.399091
vt 0.546531 0.400009
vt 0.528809 0.540771
vt 0.547750 0.398387
vt 0.546531 0.400009
vt 0.553711 0.416016
vt 0.499783 0.574739
vt 0.509766 0.534912
vt 0.539663 0.591630
vt 0.495910 0.530555
vt 0.465088 0.428711
vt 0.470477 0.481366
vt 0.447754 0.430664
vt 0.439453 0.429199
vt 0.449707 0.479004
vt 0.449707 0.479004
vt 0.441162 0.476074
vt 0.438965 0.532959
vt 0.453369 0.537598
vt 0.440674 0.586670
vt 0.461426 0.540039
vt 0.484685 0.568427
vt 0.468305 0.600672
vt 0.475672 0.614077
vt 0.445721 0.628501
vt 0.425402 0.646050
vt 0.426681 0.666218
vt 0.464843 0.662800
vt 0.497070 0.619141
vt 0.511719 0.629150
vt 0.486084 0.668945
vt 0.531058 0.611405
vt 0.518555 0.634521
vt 0.544434 0.593994
vt 0.554688 0.580811
vt 0.547852 0.596191
vt 0.561035 0.577637
vt 0.523926 0.638184
vt 0.536670 0.618828
vt 0.582153 0.583690
vt 0.561035 0.604980
vt 0.533182 0.669975
vt 0.583466 0.599039
vt 0.571261 0.615659
vt 0.513165 0.689767
vt 0.597641 0.586392
vt 0.511307 0.678749
vt 0.501379 0.690692
vt 0.586914 0.566650
vt 0.493896 0.679688
vt 0.430827 0.687559
vt 0.518066 0.701660
vt 0.539582 0.687195
vt 0.538941 0.688786
vt 0.524414 0.715332
vt 0.571289 0.615723
vt 0.583496 0.599121
vt 0.597656 0.586426
vt 0.618652 0.571045
vt 0.618652 0.571045
vt 0.613121 0.556821
vt 0.625488 0.557129
vt 0.612753 0.555875
vt 0.413818 0.783936
vt 0.424316 0.770264
vt 0.419903 0.785169
vt 0.398682 0.797119
vt 0.428711 0.772095
vt 0.432129 0.754639
vt 0.430420 0.791260
vt 0.400391 0.801636
vt 0.437046 0.755123
vt 0.434082 0.747559
vt 0.457400 0.748857
vt 0.440197 0.746446
vt 0.437012 0.737061
vt 0.441650 0.736816
vt 0.439810 0.719388
vt 0.462891 0.712646
vt 0.464111 0.736572
vt 0.435547 0.701660
vt 0.460205 0.697754
vt 0.475221 0.722704
vt 0.487803 0.715239
vt 0.494931 0.717289
vt 0.476858 0.747805
vt 0.461187 0.775525
vt 0.486816 0.757935
vt 0.502441 0.724365
vt 0.506836 0.739014
vt 0.400391 0.801636
vt 0.430420 0.791260
vt 0.398682 0.797119
vt 0.461182 0.775513
vt 0.419903 0.785169
vt 0.413818 0.783936
vt 0.424316 0.770264
vt 0.428711 0.772095
vt 0.432129 0.754639
vt 0.476858 0.747805
vt 0.437046 0.755123
vt 0.434082 0.747559
vt 0.457400 0.748857
vt 0.440197 0.746446
vt 0.437012 0.737061
vt 0.441650 0.736816
vt 0.439810 0.719389
vt 0.462891 0.712646
vt 0.460205 0.697754
vt 0.435547 0.701660
vt 0.464111 0.736572
vt 0.475221 0.722704
vt 0.494931 0.717288
vt 0.487803 0.715239
vt 0.486816 0.757935
vt 0.502441 0.724365
vt 0.506836 0.739014
vt 0.524380 0.715239
vt 0.524414 0.715332
vt 0.538910 0.688866
vt 0.518066 0.701660
vt 0.539353 0.687762
vt 0.533182 0.669975
vt 0.518066 0.701660
vt 0.513165 0.689768
vt 0.501379 0.690692
vt 0.511307 0.678749
vt 0.493896 0.679688
vt 0.523926 0.638184
vt 0.536670 0.618828
vt 0.518555 0.634521
vt 0.571289 0.615723
vt 0.486084 0.668945
vt 0.531058 0.611405
vt 0.464843 0.662800
vt 0.511719 0.629150
vt 0.539663 0.591630
vt 0.497070 0.619141
vt 0.544434 0.593994
vt 0.547852 0.596191
vt 0.554688 0.580811
vt 0.553711 0.573975
vt 0.561035 0.604980
vt 0.561035 0.577637
vt 0.582153 0.583690
vt 0.583496 0.599121
vt 0.563190 0.570156
vt 0.597656 0.586426
vt 0.586914 0.566650
vt 0.618652 0.571045
vt 0.612753 0.555875
vt 0.597641 0.586392
vt 0.625488 0.557129
vt 0.618652 0.571045
vt 0.613121 0.556821
vt 0.586914 0.566650
vt 0.582153 0.583690
vt 0.561035 0.577637
vt 0.583466 0.599039
vt 0.561035 0.604980
vt 0.571262 0.615659
vt 0.533182 0.669975
vt 0.536670 0.618828
vt 0.513165 0.689767
vt 0.511307 0.678749
vt 0.501379 0.690692
vt 0.493896 0.679688
vt 0.523926 0.638184
vt 0.486084 0.668945
vt 0.518555 0.634521
vt 0.531058 0.611405
vt 0.547852 0.596191
vt 0.554688 0.580811
vt 0.544434 0.593994
vt 0.539663 0.591630
vt 0.553711 0.573975
vt 0.511719 0.629150
vt 0.464843 0.662800
vt 0.565430 0.547363
vt 0.497070 0.619141
vt 0.475672 0.614077
vt 0.430828 0.687560
vt 0.426681 0.666218
vt 0.436523 0.719727
vt 0.445721 0.628501
vt 0.468305 0.600672
vt 0.432830 0.729519
vt 0.434814 0.737061
vt 0.425402 0.646050
vt 0.429688 0.753540
vt 0.422638 0.761226
vt 0.421631 0.768799
vt 0.410645 0.782227
vt 0.417712 0.725334
vt 0.401059 0.786610
vt 0.397217 0.793213
vt 0.410238 0.751539
vt 0.381836 0.801392
vt 0.397705 0.769409
vt 0.380859 0.798950
vt 0.365234 0.806396
vt 0.381956 0.780730
vt 0.354810 0.804769
vt 0.347900 0.808105
vt 0.330566 0.806396
vt 0.355965 0.789125
vt 0.321794 0.800953
vt 0.313965 0.801392
vt 0.298828 0.793213
vt 0.328821 0.786922
vt 0.292661 0.784680
vt 0.285400 0.782227
vt 0.274414 0.768799
vt 0.308838 0.778076
vt 0.276611 0.767334
vt 0.266113 0.753540
vt 0.294735 0.765003
vt 0.265675 0.742937
vt 0.261230 0.737061
vt 0.259521 0.719727
vt 0.281357 0.741175
vt 0.263071 0.709790
vt 0.261230 0.702393
vt 0.266113 0.685791
vt 0.278189 0.714119
vt 0.273307 0.678127
vt 0.274414 0.670410
vt 0.285400 0.657227
vt 0.282959 0.692871
vt 0.294986 0.652743
vt 0.298828 0.645996
vt 0.293156 0.676258
vt 0.313965 0.637939
vt 0.315186 0.640381
vt 0.330566 0.632812
vt 0.313845 0.658529
vt 0.341091 0.634490
vt 0.347900 0.631104
vt 0.365234 0.632812
vt 0.334229 0.650635
vt 0.372803 0.637940
vt 0.381836 0.637939
vt 0.353508 0.649915
vt 0.315804 0.660594
vt 0.334717 0.653320
vt 0.295645 0.677315
vt 0.399422 0.651846
vt 0.374756 0.654785
vt 0.283328 0.700583
vt 0.286627 0.700633
vt 0.298499 0.678614
vt 0.280273 0.719727
vt 0.283447 0.719727
vt 0.293495 0.689321
vt 0.286120 0.712527
vt 0.288023 0.736740
vt 0.309327 0.670829
vt 0.318019 0.662882
vt 0.330887 0.659705
vt 0.335449 0.656250
vt 0.354089 0.652673
vt 0.347900 0.655921
vt 0.366994 0.658339
vt 0.367020 0.660363
vt 0.379281 0.660206
vt 0.391369 0.664738
vt 0.383343 0.666796
vt 0.397864 0.679296
vt 0.396942 0.680909
vt 0.399763 0.676689
vt 0.409674 0.701467
vt 0.407922 0.702713
vt 0.412234 0.699808
vt 0.406494 0.680664
vt 0.414544 0.698278
vt 0.411945 0.726386
vt 0.409925 0.726927
vt 0.415527 0.719727
vt 0.412473 0.738870
vt 0.412557 0.654002
vt 0.397217 0.631348
vt 0.383789 0.633545
vt 0.419434 0.612305
vt 0.388672 0.626709
vt 0.366699 0.628418
vt 0.440674 0.586670
vt 0.484685 0.568427
vt 0.412109 0.607178
vt 0.432861 0.582764
vt 0.374023 0.619385
vt 0.351074 0.624512
vt 0.399170 0.599854
vt 0.418701 0.575439
vt 0.361572 0.613525
vt 0.351074 0.624512
vt 0.390625 0.595215
vt 0.374023 0.619385
vt 0.366699 0.628418
vt 0.410400 0.572510
vt 0.399170 0.599854
vt 0.388672 0.626709
vt 0.383789 0.633545
vt 0.418701 0.575439
vt 0.397217 0.631348
vt 0.412557 0.654002
vt 0.412109 0.607178
vt 0.425402 0.646050
vt 0.419434 0.612305
vt 0.432861 0.582764
vt 0.430176 0.530029
vt 0.438965 0.532959
vt 0.440674 0.586670
vt 0.453369 0.537598
vt 0.445721 0.628501
vt 0.461426 0.540039
vt 0.468305 0.600672
vt 0.484685 0.568427
vt 0.426681 0.666218
vt 0.495910 0.530555
vt 0.475672 0.614077
vt 0.430827 0.687559
vt 0.499783 0.574739
vt 0.436523 0.719727
vt 0.509766 0.534912
vt 0.556327 0.546959
vt 0.501118 0.463648
vt 0.470477 0.481366
vt 0.465088 0.428711
vt 0.449707 0.479004
vt 0.447754 0.430664
vt 0.441162 0.476074
vt 0.439453 0.429199
vt 0.449707 0.479004
vt 0.438965 0.532959
vt 0.447754 0.430664
vt 0.453369 0.537598
vt 0.470477 0.481366
vt 0.461426 0.540039
vt 0.495910 0.530555
vt 0.501118 0.463648
vt 0.499783 0.574739
vt 0.509766 0.534912
vt 0.556327 0.546959
vt 0.528809 0.540771
vt 0.511274 0.465412
vt 0.465088 0.428711
vt 0.493976 0.410666
vt 0.437715 0.381845
vt 0.481651 0.367900
vt 0.429443 0.380859
vt 0.437715 0.381845
vt 0.418457 0.329590
vt 0.410400 0.329102
vt 0.457102 0.326237
vt 0.418457 0.329590
vt 0.500488 0.408691
vt 0.534180 0.456055
vt 0.429924 0.291021
vt 0.519043 0.402832
vt 0.497803 0.359863
vt 0.375015 0.268171
vt 0.433307 0.288645
vt 0.395199 0.257878
vt 0.467285 0.319824
vt 0.501953 0.357422
vt 0.470215 0.318359
vt 0.525391 0.398926
vt 0.467285 0.319824
vt 0.497803 0.359863
vt 0.541504 0.445801
vt 0.519043 0.402832
vt 0.457102 0.326237
vt 0.481651 0.367900
vt 0.433307 0.288645
vt 0.500488 0.408691
vt 0.429924 0.291021
vt 0.437012 0.286133
vt 0.395218 0.257865
vt 0.397564 0.256000
vt 0.349033 0.229580
vt 0.348182 0.230450
vt 0.348182 0.230450
vt 0.310791 0.218262
vt 0.304717 0.216822
vt 0.334953 0.235432
vt 0.493976 0.410666
vt 0.511274 0.465412
vt 0.534180 0.456055
vt 0.528809 0.540771
vt 0.539062 0.490723
vt 0.544922 0.491211
vt 0.541016 0.462891
vt 0.552734 0.446289
vt 0.556152 0.446777
vt 0.563477 0.492676
vt 0.564941 0.447266
vt 0.571777 0.493164
vt 0.569824 0.447754
vt 0.563477 0.492676
vt 0.544922 0.491211
vt 0.564941 0.447266
vt 0.564941 0.416016
vt 0.539062 0.490723
vt 0.556152 0.446777
vt 0.541016 0.462891
vt 0.552734 0.446289
vt 0.542959 0.399091
vt 0.553711 0.416016
vt 0.560059 0.416016
vt 0.546531 0.400009
vt 0.547750 0.398387
vt 0.552075 0.399687
vt 0.560059 0.416016
vt 0.553711 0.416016
vt 0.546531 0.400009
vt 0.406823 0.744050
vt 0.404297 0.757202
vt 0.397302 0.760717
vt 0.395538 0.760011
vt 0.390938 0.771410
vt 0.383343 0.772591
vt 0.373779 0.782104
vt 0.372559 0.779297
vt 0.364914 0.779626
vt 0.354895 0.786584
vt 0.353805 0.783612
vt 0.340700 0.781579
vt 0.328757 0.784177
vt 0.328920 0.781000
vt 0.317639 0.774082
vt 0.310303 0.775879
vt 0.312012 0.773315
vt 0.296152 0.762642
vt 0.297937 0.760035
vt 0.299103 0.758300
vt 0.283567 0.739646
vt 0.286371 0.737856
vt 0.432830 0.729519
vt 0.434814 0.737061
vt 0.429688 0.753540
vt 0.414544 0.698278
vt 0.422638 0.761226
vt 0.421631 0.768799
vt 0.417712 0.725334
vt 0.410645 0.782227
vt 0.412842 0.746582
vt 0.401059 0.786609
vt 0.397217 0.793213
vt 0.402889 0.763073
vt 0.381836 0.801392
vt 0.380859 0.798950
vt 0.365234 0.806396
vt 0.381956 0.780730
vt 0.354810 0.804769
vt 0.347900 0.808105
vt 0.330566 0.806396
vt 0.355964 0.789125
vt 0.321794 0.800953
vt 0.313965 0.801392
vt 0.298828 0.793213
vt 0.328821 0.786922
vt 0.292661 0.784680
vt 0.285400 0.782227
vt 0.274414 0.768799
vt 0.308838 0.778076
vt 0.276611 0.767334
vt 0.266113 0.753540
vt 0.294735 0.765003
vt 0.265675 0.742937
vt 0.261230 0.737061
vt 0.259521 0.719727
vt 0.281357 0.741175
vt 0.263071 0.709790
vt 0.261230 0.702393
vt 0.266113 0.685791
vt 0.278189 0.714119
vt 0.273307 0.678127
vt 0.274414 0.670410
vt 0.285400 0.657227
vt 0.282959 0.692871
vt 0.294986 0.652743
vt 0.298828 0.645996
vt 0.293156 0.676258
vt 0.313965 0.637939
vt 0.315186 0.640381
vt 0.330566 0.632812
vt 0.313845 0.658529
vt 0.341091 0.634490
vt 0.347900 0.631104
vt 0.365234 0.632812
vt 0.334229 0.650635
vt 0.372803 0.637940
vt 0.381836 0.637939
vt 0.353508 0.649915
vt 0.315804 0.660594
vt 0.334717 0.653320
vt 0.399422 0.651845
vt 0.374756 0.654785
vt 0.391369 0.664738
vt 0.354089 0.652673
vt 0.379281 0.660206
vt 0.366994 0.658339
vt 0.347900 0.655921
vt 0.329771 0.658067
vt 0.330887 0.659705
vt 0.367020 0.660363
vt 0.309327 0.670829
vt 0.307469 0.669763
vt 0.293495 0.689220
vt 0.295645 0.677315
vt 0.294189 0.683838
vt 0.286627 0.700633
vt 0.286120 0.712383
vt 0.283328 0.700583
vt 0.283447 0.719727
vt 0.288023 0.736740
vt 0.280273 0.719727
vt 0.286371 0.737856
vt 0.283567 0.739646
vt 0.299103 0.758300
vt 0.297937 0.760035
vt 0.296152 0.762642
vt 0.317639 0.774082
vt 0.312012 0.773315
vt 0.310303 0.775879
vt 0.328920 0.781000
vt 0.340700 0.781579
vt 0.328757 0.784177
vt 0.347900 0.784180
vt 0.364914 0.779526
vt 0.347900 0.787231
vt 0.366160 0.781256
vt 0.367820 0.783938
vt 0.383343 0.772591
vt 0.385498 0.775879
vt 0.397302 0.760717
vt 0.395538 0.760011
vt 0.400285 0.762016
vt 0.406823 0.744050
vt 0.412473 0.738870
vt 0.411945 0.726386
vt 0.409925 0.726927
vt 0.410485 0.707254
vt 0.415527 0.719727
vt 0.412234 0.699807
vt 0.404876 0.689845
vt 0.403459 0.691295
vt 0.388429 0.672189
vt 0.399763 0.676689
vt 0.389012 0.670325
vt 0.406494 0.680664
vt 0.497314 0.922019
vt 0.482988 0.919280
vt 0.481001 0.925425
vt 0.513638 0.925428
vt 0.470814 0.944320
vt 0.465800 0.954377
vt 0.497314 0.953662
vt 0.481001 0.925425
vt 0.482988 0.919280
vt 0.497314 0.922057
vt 0.480793 0.903381
vt 0.512124 0.919308
vt 0.512124 0.919307
vt 0.514462 0.903381
vt 0.524050 0.944318
vt 0.513638 0.925428
vt 0.470814 0.944320
vt 0.524050 0.944318
vt 0.497314 0.948792
vt 0.465800 0.954377
vt 0.529242 0.954377
vt 0.497314 0.955120
vt 0.463163 0.977585
vt 0.531901 0.977585
vt 0.529242 0.954377
vt 0.783691 0.007324
vt 0.809082 0.037109
vt 0.799805 0.007324
vt 0.799805 0.007324
vt 0.820801 0.037109
vt 0.815430 0.007324
vt 0.820801 0.037109
vt 0.815430 0.007324
vt 0.837402 0.073730
vt 0.836426 0.037109
vt 0.836426 0.037109
vt 0.844238 0.073730
vt 0.848633 0.037109
vt 0.835449 0.007324
vt 0.855957 0.073730
vt 0.862793 0.037109
vt 0.854980 0.007324
vt 0.866699 0.073730
vt 0.861816 0.108398
vt 0.874023 0.037109
vt 0.871582 0.007324
vt 0.872559 0.108398
vt 0.878418 0.073730
vt 0.885254 0.108398
vt 0.889160 0.073730
vt 0.899902 0.108398
vt 0.884766 0.134277
vt 0.899902 0.134277
vt 0.871582 0.134277
vt 0.896973 0.184082
vt 0.881836 0.184082
vt 0.867188 0.134277
vt 0.877441 0.184570
vt 0.856445 0.108398
vt 0.844238 0.073730
vt 0.861816 0.108398
vt 0.855957 0.073730
vt 0.871582 0.134277
vt 0.872559 0.108398
vt 0.848633 0.037109
vt 0.835449 0.007324
vt 0.866699 0.073730
vt 0.862793 0.037109
vt 0.854980 0.007324
vt 0.885254 0.108398
vt 0.874023 0.037109
vt 0.871582 0.007324
vt 0.878418 0.073730
vt 0.889160 0.073730
vt 0.899902 0.108398
vt 0.884766 0.134277
vt 0.899902 0.134277
vt 0.881836 0.184082
vt 0.896973 0.184082
vt 0.883789 0.242188
vt 0.887695 0.242188
vt 0.887695 0.242188
vt 0.887207 0.307129
vt 0.902344 0.242188
vt 0.902344 0.242188
vt 0.891113 0.307129
vt 0.891113 0.307129
vt 0.880371 0.387207
vt 0.921387 0.184082
vt 0.904785 0.307129
vt 0.919434 0.134277
vt 0.923510 0.284441
vt 0.955566 0.184082
vt 0.914062 0.106445
vt 0.939453 0.131836
vt 0.953025 0.290467
vt 0.962092 0.141946
vt 0.981425 0.155562
vt 0.974425 0.262726
vt 0.948242 0.127930
vt 0.978027 0.143066
vt 0.970215 0.129883
vt 0.920410 0.103516
vt 0.990234 0.155762
vt 0.957520 0.121094
vt 0.907227 0.088379
vt 0.928223 0.100586
vt 0.975098 0.126953
vt 0.983887 0.142090
vt 0.963379 0.117676
vt 0.970215 0.129883
vt 0.957520 0.121094
vt 0.937500 0.098145
vt 0.978027 0.143066
vt 0.916504 0.087402
vt 0.928223 0.100586
vt 0.924805 0.085938
vt 0.916504 0.087402
vt 0.905273 0.073730
vt 0.896484 0.073730
vt 0.889160 0.055664
vt 0.913574 0.073730
vt 0.884766 0.037109
vt 0.898438 0.055664
vt 0.896484 0.037109
vt 0.885254 0.021973
vt 0.890137 0.007324
vt 0.904785 0.007324
vt 0.898926 0.021973
vt 0.909180 0.021973
vt 0.921875 0.007324
vt 0.904785 0.007324
vt 0.906250 0.037109
vt 0.908203 0.055664
vt 0.898926 0.021973
vt 0.896484 0.037109
vt 0.885254 0.021973
vt 0.890137 0.007324
vt 0.884766 0.037109
vt 0.889160 0.055664
vt 0.898438 0.055664
vt 0.905273 0.073730
vt 0.896484 0.073730
vt 0.907227 0.088379
vt 0.914062 0.106445
vt 0.920410 0.103516
vt 0.948242 0.127930
vt 0.919434 0.134277
vt 0.939453 0.131836
vt 0.962092 0.141946
vt 0.921387 0.184082
vt 0.981425 0.155562
vt 0.955566 0.184082
vt 0.989746 0.184082
vt 0.923510 0.284441
vt 0.953025 0.290467
vt 0.974425 0.262727
vt 0.904785 0.307129
vt 0.885254 0.387695
vt 0.897949 0.387695
vt 0.907038 0.448187
vt 0.868164 0.465332
vt 0.862793 0.465332
vt 0.885254 0.387695
vt 0.897949 0.387695
vt 0.868164 0.465332
vt 0.907038 0.448187
vt 0.883789 0.464844
vt 0.839844 0.516113
vt 0.847656 0.518066
vt 0.866211 0.521973
vt 0.821777 0.538086
vt 0.940430 0.387695
vt 0.829102 0.541016
vt 0.847656 0.518066
vt 0.860352 0.552734
vt 0.883789 0.464844
vt 0.866211 0.521973
vt 0.940430 0.387695
vt 0.829102 0.541016
vt 0.891113 0.522461
vt 0.803223 0.551758
vt 0.860352 0.552734
vt 0.806641 0.558350
vt 0.909026 0.521226
vt 0.890137 0.553711
vt 0.955566 0.387207
vt 0.938965 0.464844
vt 0.862793 0.584473
vt 0.907944 0.554100
vt 0.923340 0.522461
vt 0.961426 0.387207
vt 0.943848 0.465332
vt 0.923340 0.553711
vt 0.976074 0.307129
vt 0.929199 0.522461
vt 0.984863 0.242188
vt 0.955566 0.387207
vt 0.909026 0.521226
vt 0.938965 0.464844
vt 0.891113 0.522461
vt 0.923340 0.522461
vt 0.890137 0.553711
vt 0.907944 0.554100
vt 0.923340 0.553711
vt 0.930176 0.553711
vt 0.936035 0.574951
vt 0.913086 0.574951
vt 0.929199 0.574951
vt 0.929199 0.574951
vt 0.948051 0.591149
vt 0.913086 0.574951
vt 0.939822 0.591395
vt 0.939822 0.591395
vt 0.924677 0.591879
vt 0.901730 0.597463
vt 0.901764 0.597569
vt 0.865560 0.617106
vt 0.865647 0.617414
vt 0.924731 0.591930
vt 0.862793 0.584473
vt 0.806641 0.558350
vt 0.839844 0.640381
vt 0.839355 0.639160
vt 0.839457 0.639413
vt 0.828613 0.654297
vt 0.828104 0.654042
vt 0.734375 0.560059
vt 0.827637 0.653809
vt 0.809570 0.691406
vt 0.730469 0.552002
vt 0.734375 0.560059
vt 0.723145 0.560303
vt 0.731934 0.564209
vt 0.731934 0.564209
vt 0.747559 0.636719
vt 0.757324 0.637451
vt 0.808887 0.691178
vt 0.733887 0.697266
vt 0.800637 0.732350
vt 0.727539 0.694092
vt 0.636719 0.737793
vt 0.757324 0.637451
vt 0.808105 0.690918
vt 0.733887 0.697266
vt 0.800468 0.732265
vt 0.636719 0.737793
vt 0.627441 0.734863
vt 0.625977 0.744629
vt 0.800629 0.748856
vt 0.800492 0.748924
vt 0.809570 0.790283
vt 0.809107 0.790573
vt 0.636719 0.742920
vt 0.734375 0.783813
vt 0.726562 0.788330
vt 0.636719 0.742920
vt 0.764648 0.853760
vt 0.734375 0.783813
vt 0.756836 0.857178
vt 0.808594 0.790894
vt 0.764648 0.853760
vt 0.828931 0.827856
vt 0.752441 0.912354
vt 0.829082 0.827806
vt 0.839355 0.840820
vt 0.839123 0.841459
vt 0.752441 0.912354
vt 0.838867 0.842163
vt 0.743652 0.917114
vt 0.751465 0.923340
vt 0.755859 0.916138
vt 0.755859 0.916138
vt 0.806641 0.914978
vt 0.809082 0.908813
vt 0.809082 0.908813
vt 0.893555 0.952362
vt 0.883075 0.876086
vt 0.895996 0.946930
vt 0.919299 0.888537
vt 0.883301 0.875549
vt 0.882812 0.876709
vt 0.919245 0.888678
vt 0.895996 0.946930
vt 0.926270 0.986847
vt 0.926270 0.882690
vt 0.928875 0.885471
vt 0.924805 0.994022
vt 0.926270 0.986847
vt 0.929688 0.986908
vt 0.932129 0.994022
vt 0.953125 0.956238
vt 0.953125 0.910461
vt 0.958984 0.959808
vt 0.929199 0.882813
vt 0.958984 0.906982
vt 0.926270 0.882690
vt 0.929199 0.882812
vt 0.953125 0.910461
vt 0.928875 0.885471
vt 0.953125 0.956238
vt 0.929688 0.986908
vt 0.687500 0.307617
vt 0.690921 0.311056
vt 0.687988 0.310547
vt 0.682132 0.314920
vt 0.690918 0.301270
vt 0.707518 0.327640
vt 0.687500 0.300781
vt 0.690918 0.301270
vt 0.657227 0.302246
vt 0.655762 0.305664
vt 0.622559 0.279785
vt 0.684570 0.302734
vt 0.687500 0.300781
vt 0.625488 0.276855
vt 0.614258 0.269531
vt 0.660645 0.294922
vt 0.684570 0.302734
vt 0.660645 0.294922
vt 0.631348 0.271484
vt 0.707519 0.327637
vt 0.690921 0.311056
vt 0.687500 0.307617
vt 0.687988 0.310547
vt 0.682132 0.314920
vt 0.657227 0.302246
vt 0.655762 0.305664
vt 0.622559 0.279785
vt 0.625488 0.276855
vt 0.614258 0.269531
vt 0.631348 0.271484
vt 0.630371 0.265137
vt 0.617676 0.267090
vt 0.630371 0.265137
vt 0.624512 0.262695
vt 0.624512 0.262695
vt 0.617676 0.267090
vt 0.611328 0.237305
vt 0.611328 0.237305
vt 0.603516 0.240234
vt 0.600098 0.241211
vt 0.593750 0.209961
vt 0.597656 0.209961
vt 0.593750 0.197754
vt 0.605469 0.209473
vt 0.597656 0.198242
vt 0.608398 0.204102
vt 0.605469 0.209473
vt 0.608398 0.204102
vt 0.597656 0.209961
vt 0.605469 0.198730
vt 0.605469 0.198730
vt 0.610840 0.171387
vt 0.597656 0.198242
vt 0.610840 0.171387
vt 0.603516 0.168457
vt 0.599609 0.166992
vt 0.615723 0.139648
vt 0.617676 0.141113
vt 0.623535 0.129395
vt 0.624512 0.145508
vt 0.625488 0.131348
vt 0.643066 0.112305
vt 0.629883 0.143555
vt 0.624512 0.145508
vt 0.629883 0.143555
vt 0.617676 0.141113
vt 0.631348 0.137207
vt 0.631348 0.137207
vt 0.649414 0.121094
vt 0.625488 0.131348
vt 0.649414 0.121094
vt 0.672834 0.108345
vt 0.645020 0.114746
vt 0.669922 0.098633
vt 0.672852 0.108398
vt 0.670410 0.100586
vt 0.686523 0.094238
vt 0.687979 0.103950
vt 0.687012 0.096191
vt 0.701377 0.093750
vt 0.687988 0.104004
vt 0.701718 0.096191
vt 0.699051 0.102540
vt 0.701572 0.093750
vt 0.698899 0.102544
vt 0.701935 0.096191
vt 0.687012 0.096191
vt 0.686523 0.094238
vt 0.670410 0.100586
vt 0.669922 0.098633
vt 0.645020 0.114746
vt 0.643066 0.112305
vt 0.623535 0.129395
vt 0.615723 0.139648
vt 0.603516 0.168457
vt 0.599609 0.166992
vt 0.593750 0.197754
vt 0.593750 0.209961
vt 0.603516 0.240234
vt 0.600098 0.241211
vt 0.009201 0.385742
vt 0.009201 0.283342
vt 0.028091 0.385742
vt 0.009201 0.481267
vt 0.028091 0.300781
vt 0.028091 0.513141
vt 0.046967 0.385742
vt 0.028091 0.257812
vt 0.009201 0.236816
vt 0.046967 0.300781
vt 0.028091 0.236816
vt 0.009201 0.215332
vt 0.028091 0.215332
vt 0.046967 0.257812
vt 0.046967 0.236816
vt 0.046967 0.215332
vt 0.065857 0.300781
vt 0.065857 0.257005
vt 0.065857 0.215332
vt 0.084717 0.215332
vt 0.084717 0.236816
vt 0.103638 0.215332
vt 0.084717 0.257812
vt 0.103638 0.236816
vt 0.122498 0.215332
vt 0.084717 0.300781
vt 0.103638 0.257812
vt 0.122498 0.236816
vt 0.141357 0.236816
vt 0.141357 0.215332
vt 0.122498 0.283342
vt 0.160278 0.236816
vt 0.160278 0.215332
vt 0.141357 0.257812
vt 0.160278 0.257812
vt 0.179199 0.257005
vt 0.179199 0.215332
vt 0.197998 0.215332
vt 0.197998 0.236816
vt 0.216919 0.215332
vt 0.179199 0.300781
vt 0.216919 0.236816
vt 0.235840 0.215332
vt 0.235840 0.236816
vt 0.197998 0.257812
vt 0.216919 0.257812
vt 0.235840 0.283342
vt 0.197998 0.300781
vt 0.216919 0.300781
vt 0.179199 0.385742
vt 0.216919 0.385742
vt 0.235840 0.385742
vt 0.235840 0.481267
vt 0.197998 0.385742
vt 0.216919 0.513141
vt 0.197998 0.512725
vt 0.235840 0.556152
vt 0.216919 0.556152
vt 0.197998 0.556152
vt 0.179199 0.512513
vt 0.179199 0.556152
vt 0.160278 0.556152
vt 0.160278 0.512725
vt 0.141357 0.556152
vt 0.141357 0.513141
vt 0.122498 0.556152
vt 0.160278 0.385742
vt 0.122498 0.481267
vt 0.160278 0.300781
vt 0.141357 0.300781
vt 0.141357 0.385742
vt 0.122498 0.385742
vt 0.103638 0.300781
vt 0.103638 0.385742
vt 0.103638 0.513141
vt 0.084717 0.385742
vt 0.065857 0.385742
vt 0.084717 0.512725
vt 0.103638 0.556152
vt 0.084717 0.556152
vt 0.065857 0.512513
vt 0.065857 0.556152
vt 0.046967 0.556152
vt 0.046967 0.512725
vt 0.028091 0.556152
vt 0.009201 0.556152
vt 0.847509 0.429273
vt 0.847822 0.433299
vt 0.800293 0.477051
vt 0.840653 0.448309
vt 0.835938 0.462573
vt 0.837891 0.461010
vt 0.839181 0.472378
vt 0.836659 0.472956
vt 0.803013 0.514471
vt 0.799282 0.513512
vt 0.799290 0.516056
vt 0.763927 0.472956
vt 0.761719 0.472378
vt 0.765137 0.462573
vt 0.762695 0.461010
vt 0.759933 0.448309
vt 0.752764 0.433299
vt 0.752916 0.429589
vt 0.732972 0.906011
vt 0.733398 0.909424
vt 0.731151 0.908390
vt 0.725324 0.924804
vt 0.638314 0.905710
vt 0.685547 0.953430
vt 0.722487 0.937729
vt 0.723565 0.948756
vt 0.685602 0.989704
vt 0.686550 0.992527
vt 0.682617 0.992088
vt 0.647294 0.948756
vt 0.648475 0.937729
vt 0.645619 0.924804
vt 0.639510 0.908199
vt 0.637207 0.909424
vt 0.847718 0.429536
vt 0.848145 0.433105
vt 0.846086 0.432066
vt 0.840653 0.448309
vt 0.753060 0.429248
vt 0.800293 0.477051
vt 0.835938 0.462573
vt 0.837891 0.461010
vt 0.839181 0.472378
vt 0.836659 0.472956
vt 0.803223 0.515625
vt 0.800732 0.515122
vt 0.797852 0.514471
vt 0.763927 0.472956
vt 0.761719 0.472378
vt 0.765137 0.462573
vt 0.762695 0.461010
vt 0.759933 0.448309
vt 0.754831 0.431844
vt 0.752441 0.433105
vt 0.733076 0.909642
vt 0.725324 0.924804
vt 0.685547 0.953430
vt 0.732768 0.905724
vt 0.722487 0.937729
vt 0.723565 0.948756
vt 0.686650 0.989840
vt 0.687988 0.992088
vt 0.685547 0.992832
vt 0.682828 0.990917
vt 0.647294 0.948756
vt 0.648475 0.937729
vt 0.645619 0.924804
vt 0.637530 0.909642
vt 0.638149 0.906050
vt 0.847515 0.429265
vt 0.847822 0.433299
vt 0.800293 0.477051
vt 0.840653 0.448309
vt 0.835938 0.462573
vt 0.837891 0.461010
vt 0.839181 0.472378
vt 0.836659 0.472956
vt 0.801438 0.515279
vt 0.797852 0.514471
vt 0.763927 0.472956
vt 0.761719 0.472378
vt 0.765137 0.462573
vt 0.762695 0.461010
vt 0.759933 0.448309
vt 0.752764 0.433299
vt 0.752929 0.429597
vt 0.732972 0.906011
vt 0.733398 0.909424
vt 0.731151 0.908390
vt 0.725324 0.924804
vt 0.638314 0.905710
vt 0.685547 0.953430
vt 0.722487 0.937729
vt 0.723565 0.948756
vt 0.685492 0.989704
vt 0.687988 0.992088
vt 0.684343 0.992527
vt 0.647294 0.948756
vt 0.648475 0.937729
vt 0.645619 0.924804
vt 0.639510 0.908199
vt 0.637207 0.909424
vt 0.847718 0.429536
vt 0.848145 0.433105
vt 0.845997 0.431844
vt 0.840653 0.448309
vt 0.753073 0.429266
vt 0.800293 0.477051
vt 0.837364 0.461431
vt 0.836659 0.472956
vt 0.839181 0.472378
vt 0.803223 0.515625
vt 0.800732 0.515122
vt 0.797852 0.514471
vt 0.763927 0.472956
vt 0.761719 0.472378
vt 0.763353 0.461431
vt 0.759933 0.448309
vt 0.752764 0.433299
vt 0.732780 0.905710
vt 0.733398 0.909424
vt 0.731096 0.908199
vt 0.725324 0.924804
vt 0.685547 0.953430
vt 0.720703 0.938911
vt 0.723145 0.937294
vt 0.723565 0.948756
vt 0.686650 0.989840
vt 0.687988 0.992088
vt 0.685547 0.992832
vt 0.682828 0.990917
vt 0.647294 0.948756
vt 0.649902 0.938911
vt 0.647949 0.937294
vt 0.645619 0.924804
vt 0.637530 0.909642
vt 0.638149 0.906050
vt 0.604492 0.730957
vt 0.608887 0.731445
vt 0.616212 0.755008
vt 0.604492 0.730957
vt 0.614740 0.759263
vt 0.597656 0.725586
vt 0.614740 0.759263
vt 0.597656 0.725586
vt 0.599070 0.815527
vt 0.599060 0.815516
vt 0.580566 0.701022
vt 0.582558 0.834307
vt 0.592285 0.708740
vt 0.581055 0.686077
vt 0.592384 0.701135
vt 0.596191 0.694824
vt 0.577226 0.688055
vt 0.576694 0.700947
vt 0.577373 0.681648
vt 0.581055 0.675781
vt 0.577855 0.674940
vt 0.581055 0.686077
vt 0.592384 0.701135
vt 0.592285 0.708740
vt 0.577373 0.681648
vt 0.580566 0.701022
vt 0.577226 0.688055
vt 0.576694 0.700947
vt 0.577795 0.837037
vt 0.564453 0.708740
vt 0.559082 0.725586
vt 0.564846 0.701146
vt 0.560547 0.694824
vt 0.564846 0.701146
vt 0.564453 0.708740
vt 0.559082 0.725586
vt 0.577795 0.837037
vt 0.542486 0.759263
vt 0.552734 0.730957
vt 0.574669 0.834307
vt 0.541014 0.755008
vt 0.548340 0.731445
vt 0.552734 0.730957
vt 0.558165 0.815515
vt 0.542486 0.759263
vt 0.558168 0.815530
vt 0.574669 0.834307
vt 0.497559 0.792480
vt 0.501953 0.794067
vt 0.501953 0.794067
vt 0.428955 0.833618
vt 0.428955 0.833618
vt 0.422607 0.833618
vt 0.421969 0.836740
vt 0.428554 0.837305
vt 0.428554 0.837305
vt 0.497559 0.879456
vt 0.575195 0.839478
vt 0.501953 0.877869
vt 0.558176 0.856355
vt 0.501953 0.877869
vt 0.558167 0.856374
vt 0.575195 0.839478
vt 0.536685 0.912471
vt 0.535154 0.916864
vt 0.536685 0.912471
vt 0.576755 0.970452
vt 0.577334 0.986059
vt 0.576172 0.985565
vt 0.576172 0.991852
vt 0.576172 0.970230
vt 0.579373 0.992567
vt 0.579893 0.986059
vt 0.580472 0.970452
vt 0.581055 0.985565
vt 0.581055 0.970230
vt 0.582031 0.839478
vt 0.599059 0.856370
vt 0.728428 0.834570
vt 0.655271 0.794066
vt 0.659667 0.792480
vt 0.655271 0.794066
vt 0.582558 0.834307
vt 0.728428 0.834570
vt 0.734375 0.833618
vt 0.735014 0.836740
vt 0.728027 0.838257
vt 0.582031 0.839478
vt 0.728027 0.838257
vt 0.659667 0.879456
vt 0.655271 0.877870
vt 0.599065 0.856366
vt 0.655271 0.877870
vt 0.620544 0.912474
vt 0.622073 0.916862
vt 0.620544 0.912474
vt 0.762088 0.173287
vt 0.794525 0.165738
vt 0.787598 0.252930
vt 0.744550 0.201766
vt 0.818848 0.177246
vt 0.757690 0.238566
vt 0.830355 0.201766
vt 0.817505 0.238566
vt 0.436523 0.719727
vt 0.432830 0.729519
vt 0.434814 0.737061
vt 0.399422 0.651846
vt 0.429688 0.753540
vt 0.422638 0.761226
vt 0.421631 0.768799
vt 0.381836 0.637939
vt 0.410645 0.782227
vt 0.417712 0.725334
vt 0.401059 0.786610
vt 0.397217 0.793213
vt 0.412842 0.746582
vt 0.402889 0.763073
vt 0.381836 0.801392
vt 0.371355 0.801830
vt 0.365234 0.806396
vt 0.381956 0.780730
vt 0.347900 0.808105
vt 0.338108 0.804484
vt 0.330566 0.806396
vt 0.355964 0.789125
vt 0.313965 0.801392
vt 0.315186 0.798950
vt 0.298828 0.793213
vt 0.334229 0.788574
vt 0.292661 0.784680
vt 0.285400 0.782227
vt 0.316038 0.781892
vt 0.274414 0.768799
vt 0.276611 0.767334
vt 0.266113 0.753540
vt 0.294735 0.765003
vt 0.265675 0.742937
vt 0.261230 0.737061
vt 0.259521 0.719727
vt 0.281357 0.741175
vt 0.263071 0.709790
vt 0.261230 0.702393
vt 0.266113 0.685791
vt 0.278189 0.714119
vt 0.273307 0.678127
vt 0.274414 0.670410
vt 0.285400 0.657227
vt 0.282959 0.692871
vt 0.294986 0.652743
vt 0.298828 0.645996
vt 0.293156 0.676258
vt 0.313965 0.637939
vt 0.315186 0.640381
vt 0.330566 0.632812
vt 0.313845 0.658529
vt 0.341091 0.634490
vt 0.347900 0.631104
vt 0.365234 0.632812
vt 0.339836 0.650134
vt 0.372803 0.637940
vt 0.361572 0.650635
vt 0.379763 0.657389
vt 0.354089 0.652673
vt 0.401310 0.674328
vt 0.379281 0.660206
vt 0.395752 0.671875
vt 0.414544 0.698278
vt 0.407162 0.687630
vt 0.414880 0.712732
vt 0.412473 0.738870
vt 0.412030 0.713822
vt 0.411377 0.732178
vt 0.400285 0.762016
vt 0.406823 0.744050
vt 0.409925 0.726927
vt 0.407922 0.702713
vt 0.397302 0.760716
vt 0.395538 0.760011
vt 0.404876 0.689845
vt 0.396942 0.680909
vt 0.393555 0.674072
vt 0.383343 0.666796
vt 0.366994 0.658339
vt 0.367019 0.660363
vt 0.347900 0.655921
vt 0.329771 0.658067
vt 0.330887 0.659705
vt 0.327981 0.655393
vt 0.312569 0.666796
vt 0.304862 0.667978
vt 0.298499 0.678614
vt 0.300506 0.679198
vt 0.288637 0.700607
vt 0.291748 0.682129
vt 0.286627 0.700633
vt 0.283328 0.700583
vt 0.284339 0.719727
vt 0.280273 0.719727
vt 0.286371 0.737856
vt 0.288023 0.736740
vt 0.283567 0.739646
vt 0.294970 0.754992
vt 0.291748 0.757202
vt 0.306789 0.769006
vt 0.307616 0.767120
vt 0.305489 0.771925
vt 0.323577 0.778461
vt 0.328757 0.784177
vt 0.335449 0.782959
vt 0.340700 0.781579
vt 0.353806 0.783612
vt 0.364914 0.779626
vt 0.354895 0.786584
vt 0.372559 0.779297
vt 0.383343 0.772591
vt 0.379997 0.778801
vt 0.969648 0.736388
vt 0.981607 0.736446
vt 0.935059 0.758789
vt 0.911621 0.736572
vt 0.939941 0.763794
vt 0.935059 0.713867
vt 0.993936 0.736601
vt 0.945312 0.768799
vt 0.914551 0.832397
vt 0.939941 0.763794
vt 0.981607 0.736446
vt 0.914551 0.817017
vt 0.914551 0.817017
vt 0.912473 0.804527
vt 0.912457 0.834323
vt 0.912404 0.819454
vt 0.890137 0.758789
vt 0.885254 0.763794
vt 0.843697 0.736446
vt 0.880371 0.768799
vt 0.856035 0.736269
vt 0.831327 0.736601
vt 0.885254 0.763794
vt 0.912404 0.819454
vt 0.890137 0.758789
vt 0.912473 0.804527
vt 0.843697 0.736446
vt 0.856035 0.736269
vt 0.913574 0.736084
vt 0.935059 0.758789
vt 0.969648 0.736388
vt 0.992676 0.734619
vt 0.935059 0.713867
vt 0.939941 0.708984
vt 0.939941 0.708984
vt 0.945312 0.703857
vt 0.914551 0.640381
vt 0.912855 0.653218
vt 0.912722 0.668226
vt 0.912855 0.653218
vt 0.912457 0.638342
vt 0.911133 0.655762
vt 0.890137 0.713867
vt 0.885254 0.708984
vt 0.833008 0.734619
vt 0.890137 0.713867
vt 0.885254 0.708984
vt 0.880371 0.703857
vt 0.911133 0.655762
vt 0.912722 0.668226
vt 0.845012 0.132182
vt 0.854760 0.164802
vt 0.840820 0.133789
vt 0.826971 0.097989
vt 0.840820 0.133789
vt 0.854004 0.165053
vt 0.836618 0.135890
vt 0.810383 0.109051
vt 0.819336 0.103027
vt 0.780122 0.089995
vt 0.802199 0.067918
vt 0.791992 0.078125
vt 0.748262 0.079023
vt 0.819336 0.103027
vt 0.791992 0.078125
vt 0.772237 0.043061
vt 0.761230 0.060059
vt 0.716797 0.075936
vt 0.738025 0.024810
vt 0.728027 0.048828
vt 0.761230 0.060059
vt 0.728027 0.048828
vt 0.700992 0.013543
vt 0.687988 0.078613
vt 0.687988 0.079306
vt 0.694824 0.044434
vt 0.662269 0.087064
vt 0.662109 0.086426
vt 0.662109 0.010254
vt 0.662109 0.045898
vt 0.640625 0.098259
vt 0.662109 0.009703
vt 0.700684 0.014160
vt 0.694824 0.044434
vt 0.662109 0.045898
vt 0.623535 0.013790
vt 0.623535 0.014160
vt 0.631348 0.053223
vt 0.586313 0.025052
vt 0.586426 0.025391
vt 0.552425 0.043148
vt 0.631348 0.053223
vt 0.640625 0.097656
vt 0.603516 0.065430
vt 0.622346 0.111392
vt 0.622070 0.110840
vt 0.608343 0.126898
vt 0.603516 0.065430
vt 0.598158 0.138168
vt 0.578613 0.082520
vt 0.596067 0.141598
vt 0.522075 0.067974
vt 0.557129 0.102539
vt 0.552734 0.043457
vt 0.578613 0.082520
vt 0.522461 0.068359
vt 0.497456 0.097781
vt 0.557129 0.102539
vt 0.498047 0.098145
vt 0.587392 0.157954
vt 0.540039 0.125977
vt 0.586914 0.157715
vt 0.582012 0.174668
vt 0.479736 0.132324
vt 0.527344 0.151855
vt 0.479171 0.132063
vt 0.579605 0.183727
vt 0.578569 0.191140
vt 0.540039 0.125977
vt 0.527344 0.151855
vt 0.467871 0.169434
vt 0.520020 0.179688
vt 0.468506 0.169434
vt 0.464155 0.208008
vt 0.464844 0.208008
vt 0.517090 0.208008
vt 0.577209 0.208008
vt 0.520020 0.236328
vt 0.467871 0.246582
vt 0.579979 0.230722
vt 0.527832 0.263672
vt 0.520020 0.179688
vt 0.577189 0.214000
vt 0.517090 0.208008
vt 0.520020 0.236328
vt 0.468506 0.246582
vt 0.527832 0.263672
vt 0.582723 0.240980
vt 0.540039 0.289551
vt 0.587402 0.257812
vt 0.479042 0.283952
vt 0.497505 0.317925
vt 0.479736 0.283691
vt 0.540039 0.289551
vt 0.498047 0.317383
vt 0.588233 0.257457
vt 0.557129 0.312988
vt 0.599280 0.279035
vt 0.596415 0.273821
vt 0.578125 0.333496
vt 0.557129 0.312988
vt 0.522461 0.347656
vt 0.521980 0.348138
vt 0.578125 0.333496
vt 0.552218 0.372690
vt 0.552734 0.372070
vt 0.608210 0.288763
vt 0.603516 0.350098
vt 0.586087 0.391303
vt 0.622727 0.303768
vt 0.631348 0.362305
vt 0.603516 0.350098
vt 0.622070 0.304688
vt 0.586426 0.390625
vt 0.631348 0.362305
vt 0.623535 0.401855
vt 0.640137 0.318359
vt 0.662109 0.369629
vt 0.623412 0.402719
vt 0.662109 0.405273
vt 0.662109 0.406237
vt 0.662109 0.369629
vt 0.640551 0.317117
vt 0.694824 0.371094
vt 0.662262 0.327732
vt 0.662109 0.329102
vt 0.687671 0.335646
vt 0.694824 0.371094
vt 0.687988 0.336914
vt 0.700684 0.401855
vt 0.728027 0.366211
vt 0.716557 0.338635
vt 0.760742 0.355469
vt 0.728027 0.366211
vt 0.748152 0.336149
vt 0.700837 0.402624
vt 0.738141 0.391204
vt 0.772366 0.372595
vt 0.760742 0.355469
vt 0.791992 0.337402
vt 0.780353 0.326115
vt 0.802344 0.348096
vt 0.819336 0.312500
vt 0.810415 0.306664
vt 0.827124 0.317847
vt 0.791992 0.337402
vt 0.819336 0.312500
vt 0.840820 0.281738
vt 0.836488 0.279990
vt 0.855077 0.249249
vt 0.840820 0.281738
vt 0.854888 0.249119
vt 0.845151 0.283833
vt 0.233929 0.824368
vt 0.246609 0.732594
vt 0.242615 0.737799
vt 0.301710 0.893777
vt 0.296086 0.893586
vt 0.154541 0.849976
vt 0.302073 0.895443
vt 0.154541 0.849976
vt 0.203372 0.912293
vt 0.157104 0.992126
vt 0.155744 0.987641
vt 0.155422 0.993154
vt 0.108116 0.912292
vt 0.010813 0.896030
vt 0.015340 0.893629
vt 0.009133 0.894841
vt 0.077588 0.824365
vt 0.068986 0.737773
vt 0.064810 0.734091
vt 0.065501 0.732226
vt 0.155762 0.771940
vt 0.244555 0.732673
vn -0.2871 0.3391 0.8959
vn -0.5373 -0.0133 0.8433
vn -0.7963 0.1545 0.5848
vn -0.3116 0.2167 0.9252
vn -0.5716 0.0661 0.8178
vn -0.5978 -0.3796 0.7061
vn -0.5557 -0.0301 0.8308
vn -0.4279 0.3294 0.8416
vn -0.3861 0.5094 0.7691
vn -0.4110 0.5293 0.7423
vn -0.1550 0.7472 0.6462
vn -0.5078 0.5852 0.6322
vn -0.4113 0.7538 0.5125
vn -0.2485 0.8652 0.4355
vn -0.4369 0.8113 0.3885
vn -0.0076 0.9436 0.3310
vn -0.3657 0.9135 0.1781
vn 0.0555 0.9252 0.3753
vn 0.3311 0.9224 0.1988
vn -0.4196 0.9077 -0.0023
vn 0.4129 0.8389 0.3545
vn 0.2439 0.8703 0.4278
vn 0.4206 0.9072 0.0079
vn 0.4361 0.7199 0.5399
vn 0.1550 0.7472 0.6462
vn 0.4838 0.6241 0.6135
vn 0.4206 0.4973 0.7588
vn 0.3862 0.5094 0.7690
vn 0.3777 0.3521 0.8564
vn 0.5560 -0.0297 0.8307
vn 0.3117 0.2172 0.9250
vn 0.5978 -0.3796 0.7061
vn 0.5716 0.0661 0.8178
vn 0.2958 0.3517 0.8882
vn 0.5373 -0.0144 0.8433
vn 0.7963 0.1553 0.5846
vn -0.3784 0.9027 -0.2049
vn 0.4111 0.8883 -0.2049
vn -0.3737 0.8500 -0.3714
vn 0.3866 0.8516 -0.3541
vn 0.4209 0.7728 -0.4750
vn -0.4206 0.7587 -0.4974
vn 0.4200 0.6386 -0.6448
vn -0.4110 0.6247 -0.6640
vn 0.3972 0.5228 -0.7542
vn -0.3867 0.5113 -0.7675
vn 0.4308 0.3678 -0.8241
vn -0.4206 0.3545 -0.8351
vn 0.4201 0.1727 -0.8909
vn -0.4111 0.1505 -0.8991
vn 0.3973 0.0115 -0.9176
vn -0.4365 0.0141 -0.8996
vn -0.3863 -0.2213 -0.8955
vn 0.4206 -0.1693 -0.8913
vn -0.4196 -0.3495 -0.8377
vn 0.4111 -0.3743 -0.8312
vn -0.3862 -0.5471 -0.7426
vn 0.4367 -0.4882 -0.7556
vn -0.4147 -0.6413 -0.6456
vn 0.4109 -0.6638 -0.6249
vn 0.4471 -0.7288 -0.5186
vn -0.4108 -0.7731 -0.4833
vn -0.3736 -0.8636 -0.3384
vn 0.4108 -0.8525 -0.3233
vn 0.4304 -0.8803 -0.1996
vn -0.4206 -0.8882 -0.1848
vn 0.4111 -0.9112 0.0277
vn 0.0753 -0.9853 -0.1531
vn 0.2799 -0.9600 -0.0022
vn -0.0734 -0.9829 -0.1691
vn 0.4303 -0.8880 0.1620
vn -0.4110 -0.9112 0.0278
vn 0.3927 -0.8982 0.1977
vn -0.2799 -0.9600 -0.0022
vn 0.6232 -0.7265 0.2894
vn 0.9880 -0.1526 0.0245
vn -0.4303 -0.8880 0.1620
vn -0.3927 -0.8982 0.1977
vn -0.6234 -0.7255 0.2918
vn -0.9129 -0.4029 -0.0663
vn -0.6863 -0.4110 0.6001
vn -0.6834 -0.6526 0.3273
vn -0.9561 -0.2057 0.2089
vn -0.9416 -0.0647 0.3303
vn -0.8978 -0.4375 0.0509
vn -0.7022 -0.0045 0.7120
vn -0.8903 -0.4400 -0.1174
vn -0.9316 0.1391 0.3358
vn -0.7118 -0.5723 -0.4073
vn -0.9282 0.2701 0.2559
vn -0.9452 -0.2307 -0.2312
vn -0.6970 0.6135 0.3712
vn -0.9375 0.3380 0.0826
vn -0.6954 -0.3003 -0.6528
vn -0.9010 -0.0580 -0.4300
vn -0.7054 0.7088 0.0082
vn -0.9408 0.3198 -0.1121
vn -0.8438 0.1424 -0.5174
vn -0.6879 0.5891 -0.4239
vn -0.8475 0.3086 -0.4319
vn 0.2871 0.3391 -0.8959
vn 0.5373 -0.0133 -0.8433
vn 0.7963 0.1545 -0.5848
vn 0.3116 0.2167 -0.9252
vn 0.5716 0.0661 -0.8178
vn 0.5978 -0.3796 -0.7061
vn 0.5557 -0.0301 -0.8308
vn 0.4279 0.3294 -0.8417
vn 0.3861 0.5094 -0.7691
vn 0.4110 0.5294 -0.7422
vn 0.1550 0.7472 -0.6462
vn 0.5078 0.5852 -0.6322
vn 0.4113 0.7538 -0.5125
vn 0.2487 0.8652 -0.4354
vn 0.3869 0.8384 -0.3839
vn 0.0258 0.9504 -0.3101
vn 0.3728 0.9036 -0.2109
vn -0.0485 0.9270 -0.3718
vn 0.4110 0.9112 0.0278
vn -0.4170 0.9089 0.0014
vn -0.3674 0.9072 -0.2049
vn -0.3886 0.8380 -0.3831
vn -0.2437 0.8703 -0.4280
vn -0.4111 0.7538 -0.5126
vn -0.1550 0.7472 -0.6462
vn -0.5076 0.5846 -0.6329
vn -0.4110 0.5293 -0.7423
vn -0.3862 0.5094 -0.7690
vn -0.4279 0.3293 -0.8417
vn -0.5560 -0.0297 -0.8307
vn -0.3117 0.2172 -0.9250
vn -0.5978 -0.3796 -0.7061
vn -0.5716 0.0661 -0.8178
vn -0.3408 0.3561 -0.8701
vn -0.5373 -0.0144 -0.8433
vn -0.7963 0.1553 -0.5846
vn -0.4370 0.8892 0.1356
vn 0.4368 0.8849 0.1618
vn -0.4200 0.8367 0.3514
vn 0.4110 0.8312 0.3744
vn -0.4468 0.7604 0.4714
vn 0.4367 0.7556 0.4882
vn -0.4201 0.6386 0.6448
vn 0.4110 0.6247 0.6640
vn -0.3972 0.5228 0.7542
vn 0.3867 0.5113 0.7675
vn -0.4310 0.3640 0.8257
vn 0.4204 0.3546 0.8352
vn 0.3931 0.1354 0.9095
vn -0.4109 0.1508 0.8991
vn -0.4468 0.0305 0.8941
vn 0.4368 0.0140 0.8995
vn -0.4200 -0.1814 0.8892
vn 0.4110 -0.2050 0.8883
vn -0.4409 -0.3099 0.8424
vn 0.4365 -0.3312 0.8365
vn 0.3931 -0.5473 0.7389
vn -0.4109 -0.5292 0.7424
vn -0.4468 -0.6107 0.6538
vn 0.4367 -0.6262 0.6459
vn -0.4217 -0.7597 0.4950
vn 0.4108 -0.7731 0.4833
vn 0.3688 -0.8654 0.3391
vn -0.3867 -0.8525 0.3517
vn 0.4079 -0.8934 0.1883
vn -0.4206 -0.8883 0.1847
vn -0.0675 -0.9830 0.1707
vn -0.4111 -0.9112 -0.0277
vn 0.0728 -0.9838 0.1640
vn -0.2799 -0.9600 0.0022
vn -0.4302 -0.8881 -0.1620
vn 0.4110 -0.9112 -0.0278
vn -0.3927 -0.8982 -0.1977
vn 0.2799 -0.9600 0.0022
vn -0.6232 -0.7265 -0.2894
vn -0.9880 -0.1526 -0.0245
vn 0.4303 -0.8880 -0.1620
vn 0.3927 -0.8982 -0.1977
vn 0.6234 -0.7255 -0.2918
vn 0.9664 -0.2443 -0.0802
vn 0.9314 -0.0865 -0.3536
vn 0.8915 -0.3841 -0.2400
vn 0.8962 -0.2687 -0.3531
vn 0.8436 -0.5328 -0.0671
vn 0.8851 0.0681 -0.4603
vn 0.8894 -0.4417 0.1181
vn 0.8434 0.2644 -0.4677
vn 0.6905 -0.6187 0.3748
vn 0.9449 -0.2309 0.2322
vn 0.8209 0.4685 -0.3267
vn 0.8968 0.4255 -0.1210
vn 0.6888 -0.3062 0.6571
vn 0.9365 -0.0597 0.3456
vn 0.7006 0.7130 0.0265
vn 0.9408 0.3198 0.1121
vn 0.9292 0.0805 0.3608
vn 0.6576 0.5936 0.4639
vn 0.9132 0.2220 0.3416
vn -0.8834 0.3744 0.2820
vn -0.9366 0.3247 0.1313
vn -0.9468 0.1486 0.2853
vn -0.6905 0.1422 0.7092
vn -0.9381 -0.0661 0.3399
vn -0.7054 0.7088 -0.0091
vn -0.9324 0.3516 -0.0839
vn -0.6893 -0.2903 0.6638
vn -0.9451 -0.2292 0.2329
vn -0.9217 0.3322 -0.2003
vn -0.8951 0.2196 -0.3880
vn -0.7039 -0.5935 0.3903
vn -0.9357 -0.3434 0.0807
vn -0.8846 0.0704 -0.4610
vn -0.8842 -0.4616 -0.0720
vn -0.9310 -0.0849 -0.3551
vn -0.8978 -0.3997 -0.1849
vn -0.9403 -0.2230 -0.2571
vn -0.2446 -0.7142 -0.6558
vn 0.0721 -0.9189 -0.3878
vn -0.2578 -0.9272 -0.2718
vn -0.0386 -0.5725 -0.8190
vn -0.3344 -0.4862 -0.8073
vn -0.0000 -0.5601 -0.8284
vn -0.5898 -0.5684 -0.5736
vn -0.2649 -0.7216 -0.6396
vn -0.0000 -0.8036 -0.5952
vn -0.5858 -0.5601 -0.5858
vn -0.6416 -0.7150 -0.2777
vn -0.3741 -0.9274 -0.0067
vn -0.8073 -0.4862 -0.3344
vn -0.8227 -0.5684 0.0112
vn -0.6407 -0.7240 0.2556
vn -0.2304 -0.9288 0.2902
vn -0.8284 -0.5601 -0.0000
vn -0.8073 -0.4862 0.3344
vn -0.5915 -0.5476 0.5919
vn -0.6396 -0.7216 -0.2649
vn -0.6396 -0.7216 0.2649
vn -0.4208 -0.8036 -0.4208
vn -0.5952 -0.8036 -0.0000
vn -0.3878 -0.9076 -0.1606
vn -0.1606 -0.9076 -0.3878
vn -0.0000 -0.9383 -0.3459
vn -0.2446 -0.9383 -0.2446
vn -0.0842 -0.9755 -0.2032
vn -0.0000 -0.9798 -0.1999
vn -0.2032 -0.9755 -0.0842
vn -0.1372 -0.6435 -0.7531
vn -0.0254 -0.6240 -0.7810
vn -0.1413 -0.9798 -0.1413
vn -0.3223 -0.6243 -0.7116
vn -0.0000 0.2455 -0.9694
vn -0.4351 -0.6436 -0.6296
vn -0.1741 0.4511 -0.8753
vn -0.0000 0.6559 -0.7549
vn -0.2724 0.6389 -0.7195
vn -0.3710 0.2455 -0.8956
vn -0.4958 0.4511 -0.7421
vn -0.5670 0.6185 -0.5440
vn -0.5728 -0.6098 -0.5478
vn -0.6855 0.2455 -0.6854
vn -0.6385 -0.6455 -0.4191
vn -0.7421 0.4511 -0.4959
vn -0.7379 0.6145 -0.2793
vn -0.7388 -0.6098 -0.2869
vn -0.8956 0.2455 -0.3710
vn -0.8753 0.4511 -0.1741
vn -0.8123 0.5832 0.0107
vn -0.7485 -0.6462 -0.1489
vn -0.9694 0.2455 -0.0000
vn -0.8753 0.4511 0.1741
vn -0.7486 0.5595 0.3557
vn -0.7699 -0.6379 -0.0182
vn -0.8956 0.2455 0.3710
vn -0.7494 -0.6459 0.1454
vn -0.1999 -0.9798 -0.0009
vn -0.3459 -0.9383 -0.0000
vn -0.2032 -0.9755 0.0842
vn -0.3878 -0.9076 0.1606
vn -0.7125 -0.6231 0.3226
vn -0.4208 -0.8036 0.4208
vn -0.6294 -0.6433 0.4359
vn -0.2446 -0.9383 0.2446
vn -0.1420 -0.9798 0.1407
vn -0.5490 -0.6090 0.5725
vn -0.0841 -0.9755 0.2031
vn -0.7421 0.4511 0.4958
vn -0.5598 0.6115 0.5592
vn -0.6855 0.2455 0.6855
vn -0.4959 0.4511 0.7421
vn -0.3097 0.5809 0.7528
vn -0.4391 -0.6416 0.6289
vn -0.3709 0.2455 0.8956
vn -0.2753 -0.6243 0.7311
vn -0.1741 0.4511 0.8753
vn -0.0000 0.6328 0.7743
vn -0.1368 -0.6433 0.7533
vn -0.0000 0.2455 0.9694
vn 0.1741 0.4511 0.8753
vn 0.3097 0.5809 0.7528
vn -0.0182 -0.6379 0.7699
vn 0.3710 0.2455 0.8956
vn 0.1454 -0.6459 0.7494
vn -0.0009 -0.9798 0.1999
vn 0.3188 -0.6090 0.7263
vn 0.0842 -0.9755 0.2032
vn -0.0000 -0.9383 0.3459
vn 0.4359 -0.6433 0.6294
vn 0.4958 0.4511 0.7421
vn 0.5598 0.6115 0.5592
vn 0.6855 0.2455 0.6855
vn 0.7421 0.4511 0.4959
vn 0.7486 0.5595 0.3557
vn 0.5407 -0.6439 0.5413
vn 0.6562 -0.6329 0.4109
vn 0.8956 0.2455 0.3709
vn 0.8753 0.4511 0.1741
vn 0.8125 0.5829 0.0107
vn 0.7043 -0.6379 0.3114
vn 0.9694 0.2455 -0.0000
vn 0.7485 -0.6462 0.1489
vn 0.1413 -0.9798 0.1413
vn 0.2032 -0.9755 0.0842
vn 0.2446 -0.9383 0.2446
vn 0.1606 -0.9076 0.3878
vn 0.3878 -0.9076 0.1606
vn 0.1999 -0.9798 0.0009
vn 0.7930 -0.6090 -0.0166
vn 0.7483 -0.6433 -0.1619
vn 0.3459 -0.9383 -0.0000
vn 0.2031 -0.9755 -0.0841
vn 0.7253 -0.6098 -0.3196
vn 0.8753 0.4511 -0.1741
vn 0.7379 0.6145 -0.2793
vn 0.8956 0.2455 -0.3710
vn 0.7421 0.4511 -0.4958
vn 0.5670 0.6185 -0.5440
vn 0.6289 -0.6416 -0.4391
vn 0.6855 0.2455 -0.6855
vn 0.4959 0.4511 -0.7421
vn 0.2724 0.6389 -0.7195
vn 0.5702 -0.6240 -0.5343
vn 0.3709 0.2455 -0.8956
vn 0.4271 -0.6459 -0.6327
vn 0.1420 -0.9798 -0.1407
vn 0.2881 -0.6090 -0.7390
vn 0.0841 -0.9755 -0.2031
vn 0.2446 -0.9383 -0.2446
vn 0.1524 -0.6459 -0.7480
vn 0.1607 -0.9076 -0.3878
vn 0.1741 0.4511 -0.8753
vn 0.2649 -0.7216 -0.6396
vn 0.4208 -0.8036 -0.4208
vn 0.3344 -0.4862 -0.8073
vn 0.5858 -0.5601 -0.5858
vn 0.3878 -0.9076 -0.1606
vn 0.6396 -0.7216 -0.2649
vn 0.5952 -0.8036 -0.0000
vn 0.8073 -0.4862 -0.3344
vn 0.8284 -0.5601 -0.0000
vn 0.6396 -0.7216 0.2649
vn 0.4208 -0.8036 0.4208
vn 0.8073 -0.4862 0.3344
vn 0.5858 -0.5601 0.5858
vn 0.2649 -0.7216 0.6396
vn -0.0000 -0.8036 0.5952
vn 0.3344 -0.4862 0.8073
vn -0.1607 -0.9076 0.3878
vn -0.0000 -0.5601 0.8284
vn -0.2649 -0.7216 0.6396
vn -0.5858 -0.5601 0.5858
vn -0.3344 -0.4862 0.8073
vn -0.2622 -0.7166 0.6464
vn 0.0001 -0.9525 0.3047
vn -0.0000 -0.5666 0.8240
vn 0.2626 -0.7166 0.6462
vn 0.2958 -0.9285 0.2245
vn 0.5919 -0.5476 0.5915
vn 0.6409 -0.7240 0.2549
vn 0.3827 -0.9207 -0.0768
vn 0.8227 -0.5684 0.0113
vn 0.6484 -0.7096 -0.2759
vn 0.2790 -0.9189 -0.2788
vn 0.5826 -0.5666 -0.5826
vn 0.2759 -0.7096 -0.6484
vn -0.0000 -0.8864 -0.4629
vn -0.3273 -0.8349 -0.4425
vn 0.3273 -0.8349 -0.4425
vn -0.0000 -0.7057 -0.7085
vn -0.7200 -0.6651 -0.1979
vn -0.4258 -0.6455 -0.6341
vn -0.8259 -0.5479 -0.1329
vn -0.8399 -0.4435 -0.3128
vn -0.0000 -0.5567 -0.8307
vn -0.4842 -0.4885 -0.7258
vn -0.8564 -0.4240 -0.2947
vn 0.4258 -0.6455 -0.6341
vn -0.8680 -0.3324 -0.3689
vn 0.7200 -0.6651 -0.1979
vn 0.8260 -0.5478 -0.1329
vn 0.8399 -0.4436 -0.3128
vn 0.4842 -0.4885 -0.7258
vn 0.8563 -0.4241 -0.2947
vn -0.0000 -0.3199 -0.9474
vn 0.8680 -0.3324 -0.3690
vn 0.6604 -0.2827 -0.6956
vn 0.9457 -0.2961 -0.1344
vn 0.8480 -0.3418 -0.4051
vn 0.9455 -0.2660 -0.1877
vn 0.9578 -0.1934 -0.2126
vn 0.8909 -0.2090 -0.4032
vn 0.9656 -0.1757 -0.1914
vn 0.8462 -0.2213 -0.4848
vn 0.8313 -0.0924 -0.5480
vn 0.9619 -0.1498 -0.2287
vn 0.9774 0.0362 0.2083
vn 0.9983 0.0194 0.0541
vn 0.9833 -0.0898 -0.1580
vn 0.9941 -0.1087 0.0041
vn 0.8702 0.0231 -0.4922
vn 0.9921 -0.0904 -0.0873
vn 0.9282 -0.0383 0.3700
vn 0.8919 -0.1302 0.4330
vn 0.9276 0.0421 0.3712
vn 0.8688 0.1421 0.4743
vn 0.9182 0.1878 0.3488
vn 0.8394 -0.0301 0.5427
vn 0.8123 0.2136 0.5427
vn 0.9937 0.0467 0.1017
vn 0.7683 0.3308 0.5480
vn 0.6986 0.4370 0.5666
vn 0.9305 0.2403 -0.2766
vn 0.8849 0.0748 0.4597
vn 0.9322 0.1618 -0.3238
vn 0.9393 0.0628 -0.3372
vn 0.9234 0.1545 0.3514
vn 0.9402 -0.0636 -0.3345
vn 0.8849 0.3183 0.3400
vn 0.9429 -0.1941 -0.2707
vn 0.8850 0.4233 0.1941
vn 0.9473 -0.2676 -0.1759
vn 0.9235 0.3778 0.0666
vn 0.8849 0.4597 -0.0749
vn 0.9297 -0.3645 -0.0532
vn 0.9234 0.3514 -0.1545
vn 0.9324 -0.3542 0.0721
vn 0.8849 0.3405 -0.3180
vn 0.9289 -0.3187 0.1888
vn 0.9234 0.2064 -0.3237
vn 0.9315 -0.2487 0.2654
vn 0.8849 0.1066 -0.4533
vn 0.9331 -0.1321 0.3345
vn 0.9235 -0.0084 -0.3836
vn 0.8849 -0.1639 -0.4359
vn 0.9465 0.0044 0.3228
vn 0.8850 -0.3173 -0.3407
vn 0.9431 0.1420 0.3008
vn 0.8849 -0.4237 -0.1933
vn 0.9288 0.2727 0.2510
vn 0.8850 -0.4654 -0.0165
vn 0.9348 0.3168 0.1605
vn 0.9539 0.2952 0.0536
vn 0.9162 -0.3827 0.1186
vn 0.3458 0.8962 0.2779
vn 0.9499 0.3029 -0.0770
vn 0.9468 0.2667 -0.1801
vn 0.3148 0.9468 -0.0663
vn 0.3676 0.8255 -0.4282
vn 0.3938 0.6012 -0.6953
vn 0.6801 0.5791 -0.4496
vn 0.4166 0.3534 -0.8376
vn 0.4009 0.5743 -0.7137
vn 0.4019 0.0889 -0.9114
vn 0.6720 0.2737 -0.6881
vn 0.9569 0.1451 -0.2515
vn 0.3970 0.0827 -0.9141
vn 0.9427 0.3164 -0.1060
vn 0.9301 -0.0077 -0.3673
vn 0.3638 0.8900 -0.2748
vn 0.7063 0.7079 0.0026
vn 0.9301 -0.1263 -0.3449
vn 0.3976 0.8816 0.2544
vn 0.9375 0.3384 0.0812
vn 0.4128 -0.2668 -0.8709
vn 0.3905 -0.2495 -0.8862
vn 0.3570 -0.4644 -0.8105
vn 0.3760 -0.5808 -0.7220
vn 0.3103 -0.7284 -0.6108
vn 0.9347 -0.2002 -0.2937
vn 0.6961 0.6190 0.3636
vn 0.3298 -0.8788 -0.3448
vn 0.3918 -0.9160 -0.0858
vn 0.6914 -0.6179 -0.3744
vn 0.4116 -0.8423 -0.3479
vn 0.4682 -0.8819 -0.0545
vn 0.4184 -0.8714 0.2560
vn 0.3787 -0.9100 0.1687
vn 0.3977 -0.7775 0.4872
vn 0.6901 -0.6472 0.3239
vn 0.4222 -0.5642 0.7095
vn 0.3880 -0.7077 0.5904
vn 0.3896 -0.2839 0.8761
vn 0.6825 -0.3882 0.6192
vn 0.3972 -0.2547 0.8817
vn 0.9569 -0.1914 0.2184
vn 0.3733 -0.0444 0.9266
vn 0.9365 -0.1013 0.3358
vn 0.8992 -0.4358 0.0399
vn 0.7057 0.0203 0.7082
vn 0.8894 -0.4426 -0.1145
vn 0.2715 0.2577 0.9273
vn 0.3856 0.2738 0.8811
vn 0.9146 0.1411 0.3790
vn 0.3443 0.5205 0.7814
vn 0.4207 0.7130 0.5609
vn 0.9384 0.2143 0.2711
vn 0.3963 0.5778 0.7135
vn 0.9296 0.1082 0.3523
vn 0.9955 0.0403 0.0858
vn 0.7821 -0.6159 -0.0949
vn 0.8073 -0.5890 -0.0372
vn 0.9131 0.1855 0.3631
vn 0.9811 0.1265 0.1462
vn 0.5237 0.7441 0.4147
vn 0.2703 0.8884 0.3711
vn 0.7025 0.5428 0.4604
vn -0.2750 0.8858 0.3738
vn 0.3084 0.8136 0.4930
vn -0.3077 0.8209 0.4811
vn -0.2998 0.7455 0.5953
vn -0.5490 0.7201 0.4244
vn -0.9045 0.1876 0.3831
vn -0.7033 0.5433 0.4585
vn -0.8048 -0.5931 -0.0234
vn -0.9857 0.0995 0.1360
vn -0.7729 -0.6319 -0.0581
vn -0.9291 0.1150 0.3514
vn -0.9931 0.0112 0.1167
vn -0.6994 0.4372 0.5655
vn -0.7978 -0.5197 -0.3058
vn -0.7111 -0.5451 -0.4441
vn -0.9797 0.0718 0.1873
vn -0.8531 -0.3737 -0.3640
vn -0.7090 0.4310 0.5582
vn -0.2885 0.6261 0.7244
vn 0.2903 0.7315 0.6170
vn 0.3087 0.6207 0.7207
vn -0.3363 0.5005 0.7977
vn 0.7075 0.4260 0.5639
vn 0.7960 -0.5174 -0.3142
vn 0.9801 0.0742 0.1842
vn 0.7745 -0.4873 -0.4034
vn 0.8505 -0.3837 -0.3598
vn 0.7318 -0.3988 -0.5526
vn 0.9864 0.1145 0.1179
vn 0.9074 -0.2327 -0.3499
vn 0.9595 0.1271 0.2514
vn 0.9139 -0.1964 -0.3553
vn 0.9745 0.0610 0.2161
vn 0.9919 -0.1144 0.0547
vn 0.7389 0.3044 0.6011
vn 0.8250 0.1449 0.5463
vn 0.9822 -0.1358 0.1301
vn 0.8969 0.1005 0.4307
vn 0.9494 -0.3064 -0.0692
vn 0.9254 -0.3717 -0.0744
vn 0.9172 -0.0215 0.3978
vn 0.8329 -0.5532 -0.0179
vn 0.6796 -0.0203 0.7333
vn 0.6271 0.0381 0.7780
vn 0.8531 -0.4987 -0.1535
vn 0.8770 -0.0780 0.4742
vn 0.9409 0.0200 0.3381
vn -0.3138 -0.7570 0.5731
vn 0.7379 -0.6646 -0.1177
vn 0.6242 -0.0419 0.7801
vn -0.0000 0.1048 0.9945
vn 0.0005 -0.0087 1.0000
vn 0.6026 -0.1337 0.7868
vn -0.0000 -0.1439 0.9896
vn -0.6006 0.0635 0.7970
vn -0.6242 -0.0418 0.7801
vn -0.6800 -0.0212 0.7329
vn -0.6026 -0.1337 0.7868
vn -0.8770 -0.0780 0.4742
vn -0.0060 -0.2410 0.9705
vn -0.9440 -0.1423 0.2976
vn -0.5794 -0.2514 0.7753
vn 0.5834 -0.2334 0.7779
vn 0.3945 -0.6252 0.6734
vn 0.9441 -0.1419 0.2976
vn 0.9390 -0.1601 0.3042
vn 0.9717 -0.2308 -0.0496
vn 0.5993 -0.1473 -0.7868
vn 0.8891 -0.4114 -0.2007
vn 0.6719 -0.2051 0.7117
vn 0.8475 -0.2398 0.4736
vn 0.0043 -0.9150 0.4035
vn 0.6542 0.1669 -0.7377
vn 0.9743 -0.1950 0.1129
vn 0.9582 -0.2551 0.1297
vn 0.6041 0.0854 -0.7923
vn 0.6319 -0.3188 0.7065
vn 0.5670 -0.4649 0.6800
vn -0.0000 -0.4441 0.8960
vn 0.4939 -0.5823 0.6458
vn -0.0000 -0.5894 0.8078
vn 0.5016 -0.6533 0.5671
vn 0.9651 -0.2500 0.0777
vn 0.8957 -0.4179 0.1519
vn 0.7749 0.2561 -0.5779
vn -0.0193 0.6279 -0.7781
vn 0.0001 0.4056 -0.9140
vn 0.0002 0.8014 -0.5982
vn -0.0000 0.2705 -0.9627
vn 0.9176 -0.3736 0.1359
vn 0.1233 -0.0826 -0.9889
vn -0.7750 0.2653 -0.5736
vn -0.9190 -0.3592 0.1626
vn -0.6584 0.1687 -0.7335
vn -0.9603 -0.2559 0.1109
vn -0.8687 -0.4861 0.0952
vn -0.9569 -0.2624 0.1242
vn -0.9721 -0.2063 0.1119
vn -0.9916 -0.0959 -0.0868
vn -0.8542 -0.2549 0.4532
vn -0.6319 -0.3195 0.7061
vn -0.5064 -0.6530 0.5632
vn -0.5670 -0.4652 0.6798
vn -0.4939 -0.5823 0.6458
vn -0.0000 -0.6894 0.7243
vn -0.0000 -0.7632 0.6461
vn -0.0487 -0.8388 0.5422
vn -0.0031 -0.9124 0.4092
vn 0.1542 -0.9825 -0.1041
vn -0.6706 -0.2069 0.7124
vn -0.8912 -0.1304 0.4344
vn -0.8891 -0.4114 -0.2007
vn -0.9809 -0.0824 -0.1761
vn -0.9421 -0.1457 0.3022
vn -0.5993 -0.1473 -0.7868
vn 0.0097 -0.4749 -0.8800
vn 0.7112 -0.5355 -0.4554
vn -0.8394 -0.0301 0.5427
vn -0.2881 -0.9460 0.1485
vn -0.8374 -0.3063 -0.4526
vn -0.9518 -0.3063 0.0122
vn -0.9314 0.0438 0.3614
vn -0.9282 -0.0373 0.3702
vn -0.9312 -0.0117 0.3644
vn -0.9620 -0.1443 -0.2316
vn -0.8697 0.0202 -0.4932
vn -0.8332 -0.0997 -0.5439
vn -0.6034 0.0845 -0.7930
vn -0.0000 0.0907 -0.9959
vn -0.4671 -0.0857 -0.8800
vn 0.4671 -0.0855 -0.8800
vn -0.0000 -0.0807 -0.9967
vn -0.6604 -0.2828 -0.6956
vn -0.8909 -0.2090 -0.4032
vn -0.8480 -0.3418 -0.4051
vn -0.8462 -0.2210 -0.4849
vn -0.9654 -0.1772 -0.1913
vn -0.9578 -0.1933 -0.2126
vn -0.9754 0.0502 0.2146
vn -0.9443 -0.2735 -0.1832
vn -0.9457 -0.2961 -0.1344
vn -0.9970 0.0261 0.0731
vn -0.9081 0.1951 0.3705
vn -0.8688 0.1421 0.4743
vn -0.8125 0.2144 0.5421
vn -0.7635 0.3239 0.5587
vn -0.9858 -0.1286 0.1081
vn -0.9595 0.1272 0.2513
vn -0.9240 -0.3767 -0.0653
vn -0.8329 -0.5532 -0.0179
vn -0.9473 -0.3138 -0.0642
vn -0.8531 -0.4987 -0.1534
vn -0.9139 -0.1964 -0.3553
vn -0.9956 -0.0779 0.0528
vn -0.9414 -0.0318 0.3358
vn -0.8969 0.1007 0.4306
vn -0.8244 0.1436 0.5475
vn -0.4855 0.4232 0.7650
vn -0.4351 0.3509 0.8292
vn -0.9643 0.0839 0.2513
vn -0.5557 0.5228 0.6464
vn -0.8837 -0.2491 -0.3962
vn -0.7185 -0.4004 -0.5687
vn -0.7470 -0.6621 -0.0604
vn -0.9864 0.1145 0.1179
vn -0.9920 0.0533 0.1140
vn -0.7379 0.3039 0.6027
vn -0.3665 0.3770 0.8506
vn 0.3569 0.3789 0.8538
vn 0.3245 0.4925 0.8075
vn 0.4262 0.3759 0.8228
vn 0.4847 0.4437 0.7538
vn 0.6047 0.4617 0.6490
vn -0.5192 0.3134 0.7951
vn 0.5211 0.2907 0.8025
vn -0.5937 -0.7731 0.2232
vn -0.0071 -0.6228 0.7823
vn 0.5856 -0.7717 0.2483
vn 0.5433 0.7184 -0.4343
vn 0.9133 0.1858 -0.3625
vn 0.2417 0.8786 -0.4118
vn 0.7877 -0.6156 0.0259
vn 0.9874 0.0989 -0.1238
vn 0.7655 -0.6398 0.0682
vn 0.9291 0.1150 -0.3514
vn 0.9931 0.0112 -0.1167
vn 0.7962 -0.5183 0.3123
vn 0.6993 0.4372 -0.5655
vn 0.7115 -0.5524 0.4342
vn 0.8557 -0.3786 0.3527
vn 0.9722 0.0717 -0.2227
vn 0.7031 0.5431 -0.4591
vn 0.3023 0.8184 -0.4887
vn 0.2685 0.7408 -0.6157
vn 0.7075 0.4260 -0.5638
vn 0.3269 0.6222 -0.7113
vn -0.2811 0.8766 -0.3905
vn -0.3104 0.8105 -0.4967
vn -0.5408 0.7189 -0.4367
vn -0.9132 0.1857 -0.3626
vn -0.7035 0.5441 -0.4573
vn -0.8054 -0.5922 0.0247
vn -0.9876 0.0996 -0.1214
vn -0.7644 -0.6407 0.0719
vn -0.9283 0.1310 -0.3479
vn -0.9951 0.0316 -0.0937
vn -0.6994 0.4372 -0.5655
vn -0.7961 -0.5183 0.3123
vn -0.7697 -0.4801 0.4209
vn -0.9802 0.0749 -0.1834
vn -0.8501 -0.3832 0.3612
vn -0.2842 0.7334 -0.6175
vn -0.7089 0.4294 -0.5595
vn -0.3099 0.6207 -0.7202
vn 0.3374 0.5026 -0.7960
vn -0.3247 0.4913 -0.8082
vn 0.3751 0.3817 -0.8447
vn -0.7384 0.3039 -0.6021
vn -0.3624 0.3806 -0.8508
vn -0.8040 0.1996 -0.5602
vn 0.7386 0.3041 -0.6016
vn -0.9742 0.0274 -0.2242
vn -0.7299 -0.3870 0.5634
vn -0.8843 -0.2521 0.3929
vn -0.9864 0.1145 -0.1179
vn -0.9139 -0.1964 0.3553
vn -0.9956 -0.0779 -0.0528
vn -0.9595 0.1270 -0.2514
vn -0.4257 0.3750 -0.8235
vn -0.7683 0.3308 -0.5480
vn -0.9837 -0.1343 -0.1199
vn -0.9170 0.1642 -0.3634
vn -0.8123 0.2136 -0.5427
vn -0.9429 -0.0555 -0.3284
vn -0.8691 0.1416 -0.4739
vn -0.9234 -0.3688 0.1066
vn -0.9473 -0.3138 0.0642
vn -0.8329 -0.5532 0.0179
vn -0.6685 0.0001 -0.7437
vn -0.8969 0.1005 -0.4307
vn -0.8531 -0.4987 0.1535
vn -0.9409 0.0200 -0.3381
vn -0.5157 0.4526 -0.7275
vn 0.1027 -0.9043 -0.4143
vn -0.5935 0.5381 -0.5985
vn -0.7377 -0.6648 0.1172
vn -0.5259 0.3117 -0.7914
vn -0.5870 -0.7700 -0.2501
vn 0.5532 0.5272 -0.6450
vn 0.0099 -0.6230 -0.7821
vn 0.5009 0.2960 -0.8133
vn 0.6854 -0.6978 -0.2080
vn 0.7344 -0.6685 0.1177
vn 0.9427 0.0230 -0.3327
vn 0.8531 -0.4984 0.1540
vn 0.4864 0.4150 -0.7689
vn 0.8971 0.1003 -0.4303
vn 0.4387 0.3455 -0.8296
vn 0.8239 0.1862 -0.5352
vn 0.9957 -0.0774 -0.0518
vn 0.9755 0.0458 -0.2151
vn 0.9014 -0.2481 0.3548
vn 0.7262 -0.3879 0.5676
vn 0.9832 0.1369 -0.1208
vn 0.9360 -0.1304 0.3269
vn 0.7683 0.3308 -0.5480
vn 0.9595 0.1270 -0.2514
vn 0.9802 -0.1318 -0.1478
vn 0.9492 -0.3072 0.0687
vn 0.8329 -0.5531 0.0179
vn 0.9245 -0.3751 0.0678
vn 0.9322 -0.0122 -0.3617
vn 0.6799 -0.0211 -0.7330
vn 0.8121 0.2126 -0.5434
vn 0.9133 0.1963 -0.3569
vn -0.0000 0.1048 -0.9945
vn 0.8693 0.1412 -0.4737
vn 0.9771 0.0329 -0.2102
vn 0.9943 0.0435 -0.0973
vn 0.9983 0.0189 -0.0543
vn 0.9483 -0.2573 0.1856
vn 0.9531 -0.2334 0.1926
vn 0.8975 0.0622 -0.4366
vn 0.9470 -0.2830 0.1518
vn 0.8974 0.2241 -0.3800
vn 0.9413 -0.0405 0.3353
vn 0.8975 0.3520 -0.2658
vn 0.9436 -0.1367 0.3015
vn 0.9419 -0.2127 0.2598
vn 0.9233 0.3582 -0.1389
vn 0.9427 -0.2875 0.1692
vn 0.8975 0.4403 -0.0241
vn 0.9364 -0.3448 0.0652
vn 0.8974 0.4165 0.1457
vn 0.9437 -0.3248 -0.0630
vn 0.8975 0.3294 0.2934
vn 0.9401 -0.2948 -0.1712
vn 0.9233 0.2061 0.3242
vn 0.9353 -0.2467 -0.2537
vn 0.8975 0.1095 0.4271
vn 0.9446 -0.1238 -0.3041
vn 0.8974 -0.0616 0.4369
vn 0.9528 0.0074 -0.3034
vn 0.8975 -0.2242 0.3798
vn 0.9544 0.1182 -0.2742
vn 0.8974 -0.3520 0.2661
vn 0.9355 0.1973 -0.2932
vn 0.9233 -0.3582 0.1389
vn 0.9361 0.2894 -0.1997
vn 0.8976 -0.4401 0.0240
vn 0.9401 0.3295 -0.0874
vn 0.9199 -0.3692 -0.1322
vn 0.9303 0.3668 0.0091
vn 0.3951 0.7981 -0.4548
vn 0.3874 0.9027 -0.1874
vn 0.3897 0.5784 -0.7167
vn 0.9945 -0.1031 -0.0161
vn 0.9383 0.3332 0.0924
vn 0.3235 0.2731 -0.9060
vn 0.4773 0.2752 -0.8345
vn 0.4694 0.5627 -0.6805
vn 0.3416 -0.0338 -0.9393
vn 0.4529 -0.0107 -0.8915
vn 0.4769 0.7798 -0.4056
vn 0.4041 0.9003 -0.1618
vn 0.4176 0.9045 0.0870
vn 0.3629 0.8898 0.2765
vn 0.3776 0.8159 0.4378
vn 0.9501 0.2492 0.1879
vn 0.3849 0.5644 0.7303
vn 0.3282 0.6157 0.7163
vn 0.4133 0.2629 0.8718
vn 0.3849 0.2821 0.8788
vn 0.9431 0.1529 0.2954
vn 0.9318 0.1271 0.3399
vn 0.3963 -0.0840 0.9142
vn 0.3627 0.0687 0.9294
vn 0.3060 -0.2692 0.9132
vn 0.8255 -0.5484 0.1333
vn 0.8564 -0.4241 0.2946
vn 0.7200 -0.6651 0.1979
vn 0.8480 -0.3417 0.4051
vn 0.9569 -0.1855 0.2237
vn 0.8399 -0.4435 0.3128
vn 0.8680 -0.3324 0.3689
vn 0.3273 -0.8349 0.4425
vn 0.4258 -0.6455 0.6341
vn 0.4842 -0.4885 0.7259
vn -0.0000 -0.8864 0.4629
vn -0.0000 -0.7057 0.7085
vn -0.3273 -0.8349 0.4425
vn -0.0000 -0.5567 0.8307
vn -0.4258 -0.6455 0.6341
vn -0.7200 -0.6651 0.1979
vn -0.4842 -0.4885 0.7259
vn -0.8260 -0.5478 0.1329
vn -0.8399 -0.4435 0.3128
vn -0.9457 -0.2961 0.1344
vn -0.8563 -0.4241 0.2947
vn -0.8680 -0.3324 0.3689
vn -0.0000 -0.3201 0.9474
vn -0.6604 -0.2825 0.6957
vn -0.8480 -0.3418 0.4051
vn -0.8909 -0.2090 0.4032
vn -0.9447 -0.2701 0.1862
vn -0.8462 -0.2213 0.4848
vn -0.9605 -0.1965 0.1970
vn -0.9654 -0.1772 0.1913
vn -0.9983 0.0194 -0.0541
vn -0.9700 -0.1392 0.1995
vn -0.9771 0.0434 -0.2082
vn -0.9955 0.0179 -0.0934
vn -0.9306 0.0439 -0.3634
vn -0.9233 -0.0562 -0.3800
vn -0.6271 0.0380 -0.7780
vn -0.9765 -0.1208 0.1783
vn -0.8326 -0.0985 0.5450
vn -0.8702 0.0231 0.4922
vn -0.4671 -0.0859 0.8800
vn -0.6034 0.0845 0.7930
vn -0.0000 -0.0808 0.9967
vn -0.0000 0.0907 0.9959
vn 0.4671 -0.0860 0.8800
vn 0.6604 -0.2827 0.6956
vn 0.6034 0.0845 0.7930
vn 0.8909 -0.2090 0.4032
vn 0.8334 -0.1000 0.5436
vn 0.8462 -0.2205 0.4851
vn 0.9620 -0.1446 0.2315
vn 0.9762 -0.1199 0.1809
vn 0.9294 0.0064 -0.3689
vn 0.9280 -0.0439 -0.3699
vn 0.6079 0.0283 -0.7935
vn 0.8260 -0.0466 -0.5617
vn 0.8892 -0.1461 -0.4336
vn 0.8703 0.0261 0.4918
vn 0.9873 -0.1039 0.1199
vn 0.6526 0.1800 0.7360
vn 0.9726 -0.2138 -0.0910
vn -0.0000 0.2704 0.9627
vn -0.6576 0.1678 0.7345
vn 0.7709 0.2900 0.5672
vn -0.0000 0.4056 0.9140
vn 0.9570 -0.2610 -0.1263
vn -0.7750 0.2653 0.5736
vn 0.8475 -0.2398 -0.4736
vn 0.6719 -0.2051 -0.7117
vn 0.9644 -0.2528 -0.0773
vn 0.6319 -0.3195 -0.7061
vn 0.5670 -0.4649 -0.6799
vn -0.0231 0.6224 0.7824
vn 0.5064 -0.6529 -0.5633
vn 0.8919 -0.4277 -0.1470
vn 0.4936 -0.5849 -0.6436
vn -0.0000 -0.5894 -0.8078
vn -0.0000 -0.6894 -0.7243
vn -0.0000 -0.4441 -0.8960
vn -0.4936 -0.5849 -0.6436
vn -0.5670 -0.4652 -0.6798
vn -0.0238 -0.9148 -0.4033
vn -0.6319 -0.3195 -0.7061
vn -0.9609 -0.2535 -0.1113
vn -0.9782 -0.1843 -0.0956
vn -0.5036 -0.6536 -0.5649
vn -0.8475 -0.2399 -0.4736
vn -0.9676 -0.2338 -0.0952
vn -0.0000 -0.7632 -0.6461
vn -0.8823 -0.4313 -0.1886
vn 0.0499 -0.8379 -0.5436
vn 0.0147 -0.9293 -0.3689
vn 0.8750 -0.4798 -0.0643
vn -0.8717 -0.4718 -0.1322
vn -0.0261 -0.9989 0.0379
vn 0.1092 -0.2030 0.9731
vn 0.0260 0.8083 0.5882
vn -0.9923 -0.0861 0.0890
vn -0.8914 -0.1304 -0.4341
vn -0.6705 -0.2068 -0.7125
vn -0.8394 -0.0301 -0.5427
vn -0.9175 -0.2154 -0.3343
vn -0.8770 -0.0780 -0.4742
vn -0.8891 -0.4114 0.2007
vn -0.5994 -0.1471 0.7868
vn -0.9441 -0.1419 -0.2976
vn -0.6242 -0.0418 -0.7801
vn -0.6026 -0.1337 -0.7868
vn -0.0005 -0.0087 -1.0000
vn -0.0000 -0.1439 -0.9896
vn 0.6242 -0.0418 -0.7801
vn 0.8753 -0.0938 -0.4743
vn 0.6026 -0.1337 -0.7868
vn 0.0060 -0.2410 -0.9705
vn 0.9391 -0.1600 -0.3042
vn 0.9441 -0.1419 -0.2976
vn 0.8891 -0.4114 0.2007
vn 0.5994 -0.1471 0.7868
vn -0.0684 -0.4848 0.8720
vn 0.9697 -0.2401 0.0453
vn 0.5794 -0.2514 -0.7753
vn 0.7552 -0.4956 0.4291
vn 0.2661 -0.9529 -0.1454
vn -0.3945 -0.6252 -0.6734
vn -0.5834 -0.2335 -0.7779
vn -0.9719 -0.2300 0.0497
vn -0.8008 -0.4220 0.4250
vn 0.3645 -0.5093 0.7796
vn 0.3882 -0.5902 0.7078
vn 0.3747 -0.7190 0.5854
vn 0.3302 -0.8784 0.3454
vn 0.4110 -0.8430 0.3470
vn 0.3846 -0.9196 0.0802
vn 0.4751 -0.8781 0.0560
vn 0.3878 -0.8872 -0.2500
vn 0.4781 -0.8383 -0.2622
vn 0.3869 -0.7703 -0.5069
vn 0.4432 -0.7252 -0.5270
vn 0.3843 -0.5770 -0.7207
vn 0.4117 -0.5646 -0.7153
vn 0.3846 -0.2816 -0.8791
vn 0.4107 -0.2692 -0.8711
vn -0.8992 0.0525 -0.4344
vn -0.9317 0.1263 0.3407
vn -0.8849 0.2451 -0.3961
vn -0.9428 -0.0102 0.3331
vn -0.9447 -0.1305 0.3008
vn -0.8850 0.3773 -0.2730
vn -0.9315 -0.2136 0.2944
vn -0.9234 0.3578 -0.1393
vn -0.9427 -0.2834 0.1758
vn -0.8849 0.4655 -0.0153
vn -0.9474 -0.3145 0.0600
vn -0.8850 0.4363 0.1628
vn -0.9337 -0.3510 -0.0712
vn -0.8849 0.3412 0.3170
vn -0.9289 -0.3187 -0.1888
vn -0.9234 0.2064 0.3237
vn -0.9386 -0.2414 -0.2465
vn -0.8849 0.1058 0.4535
vn -0.9331 -0.1319 -0.3344
vn -0.8850 -0.0746 0.4596
vn -0.9454 0.0049 -0.3259
vn -0.8849 -0.2451 0.3961
vn -0.9447 0.1305 -0.3008
vn -0.8850 -0.3773 0.2730
vn -0.9315 0.2136 -0.2944
vn -0.9234 -0.3577 0.1393
vn -0.9324 0.3015 -0.1995
vn -0.8849 -0.4656 0.0152
vn -0.9289 0.3588 -0.0918
vn -0.9205 -0.3787 -0.0965
vn -0.9280 0.3718 0.0225
vn -0.4219 0.7962 -0.4337
vn -0.4093 0.8989 -0.1566
vn -0.9921 -0.1256 0.0042
vn -0.9383 0.3332 0.0924
vn -0.9593 0.2328 0.1598
vn -0.4203 0.9038 0.0813
vn -0.3795 0.8182 0.4320
vn -0.3561 0.8881 0.2906
vn -0.3947 0.8777 -0.2719
vn -0.3768 0.7132 -0.5910
vn -0.4056 0.5891 -0.6989
vn -0.4218 0.5053 -0.7529
vn -0.4689 0.2869 -0.8354
vn -0.3397 0.2681 -0.9015
vn -0.4531 -0.0110 -0.8914
vn -0.3416 -0.0438 -0.9388
vn -0.4122 -0.2747 -0.8687
vn -0.4012 -0.2753 -0.8736
vn -0.4055 -0.5616 -0.7213
vn -0.3857 -0.5789 -0.7184
vn -0.4434 -0.7253 -0.5266
vn -0.3873 -0.7707 -0.5060
vn -0.4773 -0.8342 -0.2760
vn -0.3859 -0.8846 -0.2620
vn -0.4531 -0.8914 0.0110
vn -0.3284 -0.9443 -0.0194
vn -0.3987 -0.8813 0.2537
vn -0.2721 -0.9137 0.3018
vn -0.3714 -0.7481 0.5500
vn -0.3978 -0.5912 0.7016
vn -0.3836 -0.5753 0.7224
vn -0.3729 -0.2727 0.8869
vn -0.3887 -0.0964 0.9163
vn -0.3578 0.0674 0.9314
vn -0.4200 0.2637 0.8684
vn -0.3634 0.4404 0.8209
vn -0.3595 0.6027 0.7124
vn -0.3575 0.7197 0.5952
vn -0.9433 0.1746 0.2824
vn -0.4133 0.9105 0.0086
vn -0.0710 0.0834 0.9940
vn -0.3808 -0.1995 0.9029
vn -0.5091 -0.3254 -0.7968
vn -0.3147 -0.6323 0.7079
vn 0.0438 -0.7425 0.6684
vn -0.5715 -0.8169 -0.0774
vn 0.3760 -0.3725 0.8485
vn 0.1170 0.0954 0.9885
vn 0.5647 0.8253 -0.0016
vn -0.0947 0.3252 0.9409
vn 0.0101 0.1556 -0.9878
vn -0.0120 0.0550 -0.9984
vn -0.0978 0.3153 -0.9440
vn -0.3364 -0.6281 -0.7016
vn 0.3568 -0.2325 -0.9048
vn 0.3143 -0.6396 0.7015
vn 0.3216 -0.6401 -0.6978
vn 0.9205 -0.3894 -0.0331
vn -0.0061 -0.8426 0.5385
vn -0.0264 -0.7589 -0.6506
vn 0.4133 -0.9066 -0.0850
vn -0.0344 -0.8333 0.5517
vn 0.0618 -0.8550 -0.5150
vn -0.0138 -0.8302 -0.5573
vn -0.0000 0.5240 -0.8517
vn 0.3624 0.5147 -0.7770
vn -0.3625 0.5147 -0.7770
vn -0.0000 0.4713 -0.8820
vn 0.6486 0.4843 -0.5871
vn -0.6486 0.4843 -0.5871
vn 0.4731 0.4417 -0.7623
vn 0.8182 0.4405 -0.3694
vn 0.7268 0.4090 -0.5517
vn 0.9328 0.3472 -0.0964
vn 0.8797 0.3491 -0.3228
vn 0.6109 0.3397 -0.7151
vn 0.8973 0.1950 0.3959
vn 0.8217 0.3175 -0.4732
vn 0.9526 0.2743 -0.1319
vn 0.9238 0.2786 -0.2625
vn 0.9525 0.0222 0.3038
vn 0.9743 0.2090 -0.0846
vn 0.9087 0.1888 -0.3724
vn 0.9677 0.1630 -0.1922
vn 0.7312 0.2174 -0.6466
vn 0.9535 0.0690 -0.2934
vn 0.7901 0.1000 -0.6048
vn -0.0000 0.3089 -0.9511
vn -0.0000 0.1752 -0.9845
vn -0.0000 0.4039 -0.9148
vn -0.4731 0.4417 -0.7623
vn -0.6109 0.3396 -0.7151
vn -0.7268 0.4090 -0.5518
vn -0.7312 0.2174 -0.6466
vn -0.8217 0.3175 -0.4732
vn -0.8182 0.4405 -0.3694
vn -0.8798 0.3491 -0.3227
vn -0.9328 0.3472 -0.0964
vn -0.9238 0.2786 -0.2626
vn -0.8973 0.1950 0.3959
vn -0.9526 0.2743 -0.1319
vn -0.9525 0.0222 0.3037
vn -0.9743 0.2090 -0.0846
vn -0.9087 0.1887 -0.3724
vn -0.9677 0.1630 -0.1922
vn -0.7901 0.1000 -0.6048
vn -0.9535 0.0690 -0.2934
vn -0.0000 0.0829 -0.9966
vn -0.7937 0.0413 -0.6069
vn 0.7938 0.0413 -0.6068
vn -0.0000 0.0026 -1.0000
vn -0.9617 0.0210 -0.2732
vn 0.9617 0.0210 -0.2732
vn -0.7866 -0.0184 -0.6172
vn 0.7866 -0.0184 -0.6171
vn -0.0000 -0.1228 -0.9924
vn 0.9935 0.0542 -0.1000
vn 0.9643 -0.0130 -0.2645
vn 0.9929 0.1168 -0.0226
vn 0.9981 0.0062 -0.0620
vn 0.9934 0.0312 0.1102
vn 0.9714 -0.0450 0.2331
vn 0.9849 -0.0298 0.1705
vn 0.9886 0.0161 0.1497
vn 0.9487 -0.1359 0.2855
vn 0.8521 -0.0706 0.5186
vn 0.8159 0.0734 0.5735
vn 0.9006 -0.2737 0.3375
vn 0.7415 -0.2982 0.6010
vn 0.7347 -0.4653 0.4936
vn 0.7657 -0.4168 0.4899
vn -0.0272 -0.1724 0.9847
vn 0.6127 -0.6339 0.4721
vn 0.6572 -0.4061 0.6349
vn 0.4052 -0.6802 0.6108
vn -0.0000 -0.7800 0.6258
vn -0.0000 -0.5134 0.8581
vn -0.0000 -0.8374 0.5465
vn -0.7332 -0.4644 0.4968
vn -0.6127 -0.6339 0.4721
vn -0.0000 -0.7488 0.6628
vn -0.7429 -0.2936 0.6015
vn 0.3191 -0.5981 0.7351
vn -0.4052 -0.6802 0.6108
vn -0.0000 -0.6186 0.7857
vn -0.3191 -0.5981 0.7351
vn 0.3612 -0.4244 0.8303
vn 0.6752 -0.2713 0.6859
vn 0.6585 -0.1323 0.7409
vn -0.0000 -0.4288 0.9034
vn 0.7035 0.0631 0.7079
vn 0.3185 -0.2412 0.9167
vn 0.3885 -0.0053 0.9214
vn 0.6446 0.2841 0.7098
vn 0.3173 0.2765 0.9071
vn -0.0000 0.3694 0.9293
vn -0.0000 0.0585 0.9983
vn -0.0000 -0.2198 0.9755
vn -0.3173 0.2765 0.9071
vn -0.3886 -0.0054 0.9214
vn -0.6446 0.2841 0.7098
vn -0.7035 0.0631 0.7079
vn -0.6585 -0.1323 0.7409
vn -0.3185 -0.2412 0.9167
vn -0.3612 -0.4244 0.8303
vn -0.6752 -0.2713 0.6859
vn -0.6572 -0.4061 0.6349
vn -0.9714 -0.0450 0.2331
vn -0.7657 -0.4168 0.4899
vn -0.9007 -0.2737 0.3375
vn -0.9929 0.1168 -0.0226
vn -0.9849 -0.0297 0.1705
vn -0.9494 -0.1118 0.2934
vn -0.9935 0.0542 -0.1000
vn -0.8499 -0.0903 0.5192
vn -0.9934 0.0312 0.1102
vn -0.0134 0.0620 0.9980
vn -0.9980 0.0044 -0.0627
vn -0.9885 0.0148 0.1504
vn -0.8188 0.0685 0.5700
vn -0.9643 -0.0130 -0.2645
vn -0.7704 -0.1030 -0.6292
vn -0.9673 -0.0366 -0.2508
vn -0.9958 -0.0288 -0.0871
vn -0.7592 -0.2023 -0.6187
vn -0.0000 -0.2707 -0.9627
vn 0.7704 -0.1030 -0.6292
vn 0.9673 -0.0371 -0.2508
vn 0.7592 -0.2023 -0.6187
vn 0.9959 -0.0260 -0.0863
vn 0.9761 -0.0691 -0.2062
vn -0.0000 -0.4615 -0.8871
vn 0.7782 -0.3364 -0.5304
vn 0.9807 -0.1024 -0.1664
vn -0.0000 -0.7034 -0.7108
vn 0.9859 0.0214 0.1657
vn 0.7595 -0.4894 -0.4285
vn -0.7782 -0.3364 -0.5304
vn 0.9850 -0.1205 -0.1239
vn -0.9761 -0.0691 -0.2062
vn -0.9807 -0.1024 -0.1665
vn -0.9850 0.0368 0.1684
vn -0.7595 -0.4894 -0.4285
vn -0.9963 -0.0561 -0.0655
vn -0.0000 -0.9511 -0.3087
vn -0.9850 -0.1205 -0.1239
vn -0.8754 -0.4476 -0.1825
vn -0.9751 0.0278 0.2202
vn -0.9989 -0.0455 -0.0100
vn -0.7771 0.1132 0.6191
vn -0.7352 0.1522 0.6606
vn -0.9924 -0.1083 -0.0581
vn -0.9697 -0.0538 0.2383
vn -0.7002 0.1232 0.7032
vn -0.0000 0.1995 0.9799
vn -0.0000 0.2449 0.9696
vn -0.6782 -0.1137 0.7260
vn -0.0000 0.1601 0.9871
vn -0.0000 0.1320 0.9912
vn -0.0019 0.0986 0.9951
vn 0.7771 0.1132 0.6191
vn 0.9782 0.0273 0.2059
vn 0.7352 0.1522 0.6606
vn 0.9963 -0.0561 -0.0656
vn 0.7001 0.1232 0.7033
vn 0.9989 -0.0452 -0.0096
vn 0.9731 -0.0278 0.2288
vn 0.6781 -0.1129 0.7262
vn -0.0000 -0.1460 0.9893
vn -0.0000 -0.4455 0.8953
vn 0.9430 -0.1152 0.3123
vn 0.6700 -0.3718 0.6426
vn -0.6700 -0.3718 0.6426
vn 0.2137 0.3521 0.9112
vn -0.9428 -0.1167 0.3121
vn -0.6186 0.5823 0.5275
vn 0.6635 0.5649 0.4905
vn -0.6641 0.6440 0.3797
vn -0.7162 0.6134 0.3329
vn 0.7289 0.6148 0.3013
vn -0.7414 0.5044 0.4426
vn 0.7418 0.5319 0.4084
vn 0.6307 0.7057 0.3227
vn 0.9925 -0.1091 -0.0553
vn 0.8747 -0.4490 -0.1824
vn 0.4707 0.6012 0.6457
vn 0.9871 0.0646 0.1465
vn -0.8092 0.3818 0.4466
vn -0.4798 0.5032 0.7187
vn 0.7819 0.3934 0.4835
vn -0.7850 -0.5462 -0.2924
vn -0.9920 0.0887 0.0895
vn -0.4546 0.3280 0.8281
vn -0.0000 -0.9017 -0.4325
vn 0.7853 -0.5457 -0.2925
vn -0.0000 -0.2666 -0.9638
vn -0.7187 0.0557 -0.6931
vn 0.7195 0.0560 -0.6922
vn 0.7592 -0.0921 -0.6443
vn 0.8628 0.0792 0.4993
vn 0.8241 -0.3785 -0.4213
vn 0.7588 0.1346 0.6372
vn -0.0000 -0.7042 -0.7100
vn 0.8259 -0.3434 -0.4471
vn -0.7573 -0.0925 -0.6465
vn -0.9985 0.0187 0.0524
vn -0.8233 -0.3788 -0.4228
vn -0.6963 0.0154 0.7176
vn -0.8259 -0.3431 -0.4475
vn -0.0000 -0.6128 -0.7903
vn -0.0000 0.4401 -0.8979
vn -0.8009 -0.0062 0.5988
vn 0.8041 -0.0280 0.5939
vn 0.4969 -0.3438 0.7968
vn -0.8880 -0.1497 0.4348
vn -0.7577 0.5047 -0.4137
vn -0.7518 0.4008 -0.5236
vn -0.0000 0.8005 -0.5994
vn 0.7576 0.5048 -0.4138
vn -0.8077 0.0777 -0.5845
vn 0.7509 0.4007 -0.5249
vn -0.0000 0.0986 -0.9951
vn 0.9986 -0.0145 0.0510
vn 0.8068 0.0787 -0.5856
vn 0.6966 -0.4210 0.5809
vn 0.7686 0.1670 -0.6175
vn -0.7383 -0.3946 0.5470
vn -0.4941 -0.5721 0.6546
vn 0.8053 -0.4231 0.4153
vn -0.7678 0.1676 -0.6184
vn -0.9935 -0.0640 0.0945
vn -0.0000 0.2636 -0.9646
vn -0.0000 0.8934 -0.4493
vn -0.7191 0.6874 -0.1017
vn 0.7200 0.6866 -0.1012
vn -0.0000 0.9991 -0.0414
vn -0.7314 0.6612 -0.1667
vn 0.7340 0.6585 -0.1666
vn -0.0000 0.7826 -0.6225
vn 0.8938 -0.3899 0.2216
vn 0.7868 0.4956 -0.3680
vn 0.9004 -0.4265 0.0863
vn -0.4954 -0.7260 0.4770
vn -0.9993 -0.0283 0.0247
vn -0.8480 -0.5288 0.0354
vn -0.7859 0.4971 -0.3679
vn -0.7472 0.5952 -0.2957
vn -0.5989 -0.7385 -0.3097
vn -0.9523 -0.1239 0.2789
vn -0.0000 0.8855 -0.4647
vn 0.7472 0.5951 -0.2958
vn -0.8551 0.4676 0.2239
vn -0.0000 0.8932 0.4497
vn -0.5729 0.3123 0.7578
vn -0.3965 -0.1971 0.8966
vn -0.0000 0.2130 0.9771
vn -0.4455 -0.8300 0.3355
vn -0.0000 -0.4614 0.8872
vn 0.5322 -0.8389 -0.1140
vn 0.3001 -0.8148 0.4960
vn 0.3965 -0.1971 0.8966
vn 0.9459 -0.1153 0.3032
vn 0.5728 0.3123 0.7578
vn 0.8286 0.4206 0.3695
vn -0.9496 -0.2998 0.0913
vn -0.5509 -0.7074 0.4429
vn -0.9390 0.2657 0.2184
vn -0.6560 -0.7460 -0.1144
vn -0.3067 -0.7862 0.5366
vn -0.0378 -0.6155 0.7873
vn -0.3315 -0.9175 -0.2198
vn 0.3413 -0.7637 0.5479
vn -0.9581 -0.2639 0.1115
vn -0.9628 0.2463 -0.1114
vn -0.9725 0.1690 -0.1601
vn -0.3762 -0.8936 -0.2449
vn 0.3865 -0.8936 -0.2282
vn -0.9446 -0.1829 0.2724
vn -0.9712 0.1296 -0.1998
vn -0.3690 -0.8217 0.4343
vn 0.4106 -0.8981 -0.1574
vn 0.3480 -0.8214 0.4519
vn -0.4682 -0.5131 0.7194
vn 0.0878 -0.6098 0.7877
vn 0.5507 -0.7070 0.4437
vn 0.9496 -0.2997 0.0914
vn 0.9390 0.2657 0.2185
vn 0.6520 -0.7554 -0.0655
vn 0.9581 -0.2640 0.1116
vn 0.9628 0.2463 -0.1114
vn 0.9725 0.1690 -0.1601
vn 0.9446 -0.1829 0.2724
vn 0.9712 0.1297 -0.1998
vn 0.2901 -0.5302 0.7967
vn 0.3579 -0.5812 0.7308
vn 0.9037 -0.2978 0.3075
vn -0.3555 -0.5801 0.7329
vn -0.3319 -0.8211 0.4644
vn 0.2906 -0.6807 0.6725
vn -0.9037 -0.2978 0.3075
vn -0.4345 -0.2923 0.8519
vn 0.4900 -0.2929 0.8210
vn -0.9951 -0.0331 0.0934
vn -0.9726 0.0781 -0.2188
vn -0.9733 0.0303 -0.2276
vn -0.9409 0.0267 0.3376
vn -0.9733 -0.0226 -0.2282
vn -0.2821 0.0894 0.9552
vn -0.9007 -0.0313 0.4333
vn -0.3485 0.0004 0.9373
vn 0.5111 0.2057 0.8345
vn 0.3495 0.0012 0.9369
vn 0.9409 0.0267 0.3376
vn 0.2811 -0.2661 0.9220
vn -0.2881 -0.0828 0.9540
vn -0.4145 0.3470 0.8413
vn 0.9007 -0.0313 0.4333
vn 0.4919 0.2896 0.8211
vn -0.9947 0.0345 0.0964
vn -0.9725 -0.0771 -0.2196
vn -0.9749 -0.1151 -0.1906
vn -0.9402 0.2406 0.2410
vn -0.9761 -0.1449 -0.1618
vn -0.2447 0.7276 0.6408
vn -0.9390 0.1832 0.2910
vn -0.9745 -0.1838 -0.1286
vn -0.3501 0.6078 0.7127
vn 0.2885 0.6848 0.6692
vn 0.3491 0.6096 0.7116
vn 0.9402 0.2406 0.2410
vn -0.3154 0.3172 0.8944
vn 0.2912 0.5107 0.8089
vn -0.3479 0.7566 0.5537
vn 0.9390 0.1832 0.2910
vn 0.3575 0.7644 0.5365
vn 0.4163 0.8358 0.3580
vn -0.9545 0.2433 0.1723
vn -0.9764 -0.2140 -0.0282
vn -0.3648 0.8702 0.3311
vn -0.9650 0.2087 0.1588
vn -0.9415 -0.3051 0.1431
vn 0.4800 0.8573 0.1862
vn -0.9735 0.0546 0.2222
vn -0.5445 -0.6202 0.5647
vn -0.4354 0.8812 0.1839
vn -0.5161 -0.1612 0.8412
vn -0.4293 0.6649 0.6113
vn 0.4831 -0.6367 0.6011
vn 0.4286 0.6931 0.5796
vn 0.6923 -0.1233 0.7110
vn 0.9734 0.0546 0.2226
vn 0.9413 -0.3053 0.1441
vn 0.9649 0.2091 0.1590
vn 0.9764 -0.2140 -0.0282
vn 0.9545 0.2434 0.1725
vn 0.9745 -0.1838 -0.1286
vn 0.9761 -0.1449 -0.1618
vn 0.9749 -0.1151 -0.1906
vn 0.9947 0.0345 0.0964
vn 0.9725 -0.0769 -0.2196
vn 0.9733 -0.0226 -0.2282
vn 0.9733 0.0303 -0.2276
vn 0.9951 -0.0331 0.0934
vn 0.9726 0.0784 -0.2187
vn -0.0000 -0.0289 -0.9996
vn 0.0021 -0.1333 -0.9911
vn 0.4645 -0.0215 -0.8853
vn 0.0074 0.0305 -0.9995
vn 0.5659 -0.0950 -0.8190
vn 0.5508 0.0007 -0.8346
vn 0.8506 -0.0091 -0.5258
vn 0.5901 -0.1463 -0.7940
vn -0.0000 -0.2417 -0.9704
vn 0.8980 -0.0826 -0.4322
vn 0.6924 -0.1129 -0.7126
vn -0.0000 -0.2793 -0.9602
vn 0.8379 -0.0346 -0.5447
vn 0.9155 -0.0315 -0.4011
vn 0.9437 0.0983 -0.3158
vn 0.9690 0.1659 -0.1833
vn 0.9966 -0.0825 -0.0000
vn 0.9987 0.0476 0.0185
vn 0.9798 0.1998 -0.0000
vn 0.9690 0.1659 0.1833
vn 0.9437 0.0984 0.3157
vn 0.8379 -0.0346 0.5447
vn 0.9155 -0.0315 0.4011
vn 0.6924 -0.1129 0.7126
vn -0.0000 -0.2792 0.9602
vn 0.8980 -0.0826 0.4322
vn 0.5901 -0.1463 0.7940
vn -0.0000 -0.2417 0.9704
vn -0.6924 -0.1130 0.7126
vn -0.8379 -0.0346 0.5447
vn -0.0092 -0.1574 0.9875
vn -0.9437 0.0983 0.3158
vn -0.9690 0.1659 0.1833
vn -0.5962 -0.1445 0.7897
vn -0.9155 -0.0315 0.4011
vn -0.9987 0.0476 -0.0186
vn -0.9798 0.1998 -0.0000
vn -0.9690 0.1659 -0.1833
vn -0.9437 0.0985 -0.3157
vn -0.8379 -0.0346 -0.5447
vn -0.9966 -0.0825 -0.0000
vn -0.6924 -0.1129 -0.7126
vn -0.9155 -0.0315 -0.4011
vn -0.5901 -0.1463 -0.7940
vn -0.8980 -0.0826 -0.4322
vn -0.5659 -0.0950 -0.8190
vn -1.0000 -0.0029 -0.0000
vn -0.4645 -0.0218 -0.8853
vn -0.8506 -0.0093 -0.5258
vn -0.5502 0.0053 -0.8350
vn -0.9009 -0.0701 -0.4283
vn -0.0000 -0.0117 -0.9999
vn -0.7549 -0.1244 -0.6439
vn -0.9410 -0.2433 -0.2351
vn -0.9900 -0.1414 -0.0000
vn -0.9613 -0.2755 -0.0000
vn -0.9410 -0.2433 0.2351
vn -0.8949 -0.0887 0.4374
vn -0.7549 -0.1244 0.6439
vn -0.5435 -0.0128 0.8393
vn -0.0000 -0.0117 0.9999
vn -0.8506 -0.0094 0.5258
vn -0.0030 0.0428 0.9991
vn -0.8980 -0.0826 0.4322
vn -0.5659 -0.0951 0.8190
vn -0.4645 -0.0218 0.8853
vn -0.0000 -0.0285 0.9996
vn 0.5659 -0.0950 0.8190
vn 0.4645 -0.0218 0.8853
vn 0.5501 0.0057 0.8351
vn 0.8506 -0.0093 0.5258
vn 1.0000 -0.0030 -0.0000
vn 0.9009 -0.0695 0.4284
vn 0.7549 -0.1244 0.6439
vn 0.9410 -0.2433 0.2351
vn 0.9900 -0.1414 -0.0000
vn 0.9613 -0.2755 -0.0000
vn 0.9410 -0.2433 -0.2351
vn 0.8949 -0.0887 -0.4374
vn 0.7549 -0.1244 -0.6439
vn -0.6769 -0.4064 -0.6138
vn -0.9277 0.3613 -0.0937
vn 0.0005 0.7672 -0.6414
vn -0.9138 0.3179 0.2527
vn -0.7422 0.4675 -0.4801
vn -0.9469 -0.1740 0.2705
vn -0.9271 -0.1171 0.3560
vn -0.7476 0.6356 -0.1927
vn -0.5703 0.6669 0.4796
vn 0.1798 0.9837 0.0100
vn 0.3780 0.5821 0.7200
vn 0.7625 0.6234 -0.1731
vn 0.9478 -0.1026 0.3020
vn 0.7423 0.4675 -0.4801
vn 0.9347 -0.1789 0.3071
vn 0.9112 0.2607 0.3191
vn 0.9072 0.4199 -0.0259
vn 0.7250 -0.4558 -0.5165
vn 0.5463 -0.6689 0.5041
vn 0.0004 -0.6364 0.7713
vn 0.0308 0.1071 0.9938
vn -0.5981 -0.6349 0.4891
vn -0.6292 0.4557 -0.6297
vn -0.8817 -0.4633 -0.0896
vn -0.5466 0.6783 0.4910
vn -0.9102 -0.3265 0.2546
vn 0.6683 0.4813 -0.5672
vn -0.0003 0.6367 0.7711
vn -0.7180 0.4407 0.5387
vn -0.9469 -0.2706 -0.1740
vn -0.9337 -0.3387 -0.1160
vn -0.8077 0.2108 0.5506
vn -0.5526 -0.7883 0.2707
vn -0.1716 -0.3972 0.9015
vn 0.5218 -0.4256 0.7393
vn 0.7817 0.1730 0.5992
vn 0.9482 -0.2997 -0.1052
vn 0.7323 0.5057 0.4560
vn 0.9313 -0.3230 -0.1687
vn 0.9126 -0.3208 0.2535
vn 0.5984 0.6449 0.4755
vn 0.9125 -0.4085 -0.0208
vn -0.0007 -0.7678 -0.6407
vn 0.2766 -0.9506 0.1406
vn -0.6462 -0.6265 0.4358
vn -0.9263 -0.0978 -0.3640
vn -0.0005 -0.6391 -0.7691
vn -0.9138 0.2527 -0.3179
vn -0.7422 -0.4802 -0.4675
vn -0.9517 0.2603 0.1628
vn -0.9270 0.3570 0.1153
vn -0.7469 -0.1889 -0.6375
vn -0.2964 0.5119 -0.8063
vn 0.5842 0.4488 -0.6763
vn 0.7577 -0.1820 -0.6267
vn 0.9479 0.3008 0.1048
vn 0.7422 -0.4801 -0.4675
vn 0.9347 0.3071 0.1789
vn 0.9112 0.3190 -0.2607
vn 0.9095 -0.0213 -0.4152
vn 0.7250 -0.5601 0.4009
vn 0.5500 0.5004 0.6687
vn 0.0004 0.7713 0.6364
vn 0.0335 0.9842 -0.1736
vn -0.5953 0.4937 0.6339
vn -0.6388 0.6392 0.4281
vn -0.8832 0.0728 -0.4634
vn -0.5737 -0.4733 0.6685
vn -0.9071 -0.2630 -0.3288
vn 0.6951 0.3942 0.6011
vn 0.0005 -0.7698 0.6383
vn -0.9519 -0.2439 0.1857
vn -0.7981 -0.5610 0.2196
vn -0.9491 0.0332 -0.3133
vn -0.5526 -0.2707 -0.7883
vn -0.1714 -0.9015 -0.3973
vn 0.5849 -0.7054 -0.4004
vn 0.7719 -0.6092 0.1819
vn 0.9434 0.0839 -0.3210
vn 0.9615 -0.2407 0.1325
vn 0.9078 -0.2652 -0.3249
vn 0.9064 -0.4211 0.0328
vn 0.5950 0.6331 -0.4952
vn -0.0023 0.6390 -0.7692
vn 0.7011 0.5416 -0.4639
vn 0.2576 -0.1559 -0.9536
vn -0.7272 0.4639 -0.5060
vn -0.0016 -0.1831 0.9831
vn -0.3391 -0.0251 0.9404
vn 0.3378 -0.0121 0.9411
vn -0.6083 -0.5241 0.5961
vn 0.6129 -0.5331 0.5833
vn -0.7642 -0.4437 0.4681
vn -0.8983 -0.2244 0.3778
vn -0.4193 -0.6933 0.5861
vn -0.7162 -0.6415 -0.2748
vn -0.8074 -0.4601 -0.3694
vn -0.2197 -0.8973 -0.3828
vn -0.0000 -0.7665 0.6422
vn -0.0000 -0.9513 -0.3083
vn 0.5275 -0.6673 0.5258
vn 0.3137 -0.8563 -0.4103
vn 0.7623 -0.4480 0.4671
vn 0.7090 -0.5836 -0.3959
vn 0.7916 -0.4673 -0.3937
vn 0.9997 -0.0235 -0.0103
vn -0.9999 -0.0095 -0.0059
vn -0.3397 -0.0253 -0.9402
vn -0.8690 -0.2324 -0.4367
vn 0.0151 -0.1712 -0.9851
vn -0.6078 -0.5365 -0.5855
vn 0.3269 -0.0038 -0.9451
vn 0.6166 -0.5267 -0.5851
vn 0.9020 -0.2181 -0.3726
vn -0.0006 -0.9835 -0.1811
vn 0.3536 -0.9321 -0.0790
vn -0.3635 -0.9300 -0.0546
vn -0.6662 -0.4912 -0.5612
vn 0.6662 -0.4912 -0.5612
vn 0.0030 -0.6510 -0.7591
vn -0.0374 0.3007 -0.9530
vn -0.6774 0.3905 -0.6234
vn 0.6956 0.3486 -0.6282
vn -0.0000 0.9815 -0.1916
vn 0.8068 0.3664 -0.4635
vn 0.3662 0.9297 -0.0395
vn 0.6067 0.5072 -0.6121
vn -0.3525 0.9323 -0.0814
vn -0.5917 0.5169 -0.6186
vn -0.8078 0.3784 -0.4519
vn 0.2773 0.0449 -0.9597
vn -0.0001 0.1691 -0.9856
vn -0.3230 0.0234 -0.9461
vn -0.7467 0.5090 -0.4281
vn -0.4466 0.8405 -0.3067
vn 0.4017 0.6989 -0.5918
vn 0.0021 0.7643 -0.6449
vn 0.7432 0.4400 -0.5041
vn -0.0046 0.9452 0.3264
vn 0.4250 0.7836 0.4531
vn 0.7461 0.5235 0.4116
vn -0.3952 0.6956 0.5999
vn -0.7415 0.4416 0.5051
vn -0.8366 0.2625 0.4809
vn -0.6069 0.5175 0.6032
vn -0.7164 -0.3575 0.5992
vn -0.3471 -0.9376 0.0180
vn -0.0000 -0.9830 0.1836
vn 0.3788 -0.9248 0.0346
vn 0.8642 -0.2209 0.4522
vn 0.7179 -0.3535 0.5997
vn -0.0142 -0.6660 0.7458
vn -0.0171 0.2676 0.9634
vn 0.6461 0.5165 0.5619
vn 0.8078 0.3785 0.4518
vn -0.6482 0.5138 0.5620
vn -0.0020 0.9745 0.2242
vn -0.3920 0.9187 0.0478
vn 0.5911 0.5185 0.6178
vn 0.3489 0.9313 0.1048
vn 0.3163 0.0533 0.9472
vn -0.0451 0.1836 0.9820
vn -0.3361 0.0421 0.9409
vn -0.8975 0.0622 0.4366
vn -0.9905 -0.1375 0.0039
vn -0.8975 0.2242 0.3798
vn -0.9494 -0.0319 -0.3123
vn -0.8974 0.3525 0.2654
vn -0.9544 -0.1182 -0.2742
vn -0.9355 -0.1973 -0.2932
vn -0.8974 0.4272 0.1103
vn -0.9358 -0.2931 -0.1959
vn -0.8974 0.4370 -0.0608
vn -0.9349 -0.3475 -0.0728
vn -0.9234 0.3511 -0.1551
vn -0.9376 -0.3465 0.0273
vn -0.8975 0.3290 -0.2937
vn -0.9523 -0.2787 0.1243
vn -0.9233 0.2061 -0.3242
vn -0.9479 -0.2241 0.2264
vn -0.8975 0.1095 -0.4271
vn -0.9364 -0.1312 0.3255
vn -0.8974 -0.0616 -0.4369
vn -0.9479 0.0029 0.3187
vn -0.8975 -0.2242 -0.3798
vn -0.9544 0.1182 0.2742
vn -0.8974 -0.3520 -0.2661
vn -0.9460 0.1847 0.2664
vn -0.9233 -0.3582 -0.1389
vn -0.9545 0.2495 0.1633
vn -0.8975 -0.4403 -0.0242
vn -0.9573 0.2837 0.0555
vn -0.8941 -0.4083 0.1839
vn -0.9433 0.3235 -0.0750
vn -0.9356 0.3259 -0.1357
vn -0.3538 0.9327 -0.0707
vn -0.9531 0.2080 -0.2198
vn -0.4183 0.8009 -0.4285
vn -0.3565 0.6947 -0.6248
vn -0.9575 0.1088 -0.2673
vn -0.2825 0.4643 -0.8394
vn -0.2776 0.1132 -0.9540
vn -0.3475 -0.2592 -0.9011
vn -0.4545 0.0836 -0.8868
vn -0.3816 -0.1649 -0.9095
vn -0.4037 -0.5786 -0.7087
vn -0.3877 -0.5829 -0.7141
vn -0.4770 0.3914 -0.7869
vn -0.4117 0.6439 -0.6449
vn -0.3647 0.8906 -0.2716
vn -0.3976 0.8816 0.2544
vn -0.2771 0.9137 0.2972
vn -0.3051 0.7365 0.6037
vn -0.3962 0.5781 0.7134
vn -0.3568 0.4646 0.8104
vn -0.4063 0.2776 0.8705
vn -0.3222 0.2523 0.9124
vn -0.3714 -0.0417 0.9276
vn -0.4028 -0.2614 0.8772
vn -0.3844 -0.2701 0.8827
vn -0.3584 -0.5013 0.7876
vn -0.4028 -0.7047 0.5841
vn -0.2712 -0.7593 0.5915
vn -0.3630 -0.8913 0.2716
vn -0.3822 -0.9095 0.1637
vn -0.4770 -0.8766 -0.0633
vn -0.3872 -0.9170 -0.0958
vn -0.3978 -0.8578 -0.3256
vn -0.4010 -0.8027 -0.4414
vn -0.7112 0.0179 0.7027
vn -0.4630 0.0198 0.8861
vn -0.5312 0.5299 0.6610
vn -1.0000 -0.0000 -0.0000
vn -0.2254 0.6351 0.7388
vn -0.5302 -0.5315 0.6606
vn 0.0371 0.1444 0.9888
vn -0.0000 0.6588 0.7523
vn -0.0001 0.5586 0.8294
vn 0.2254 0.6351 0.7388
vn 0.4646 -0.0000 0.8855
vn -0.3095 0.5733 0.7586
vn 0.3094 0.5735 0.7585
vn -0.7593 0.6504 -0.0208
vn 0.0327 0.9748 -0.2205
vn -0.5095 0.8298 -0.2280
vn -0.5303 0.5326 -0.6596
vn -0.2255 0.6384 -0.7359
vn -0.4764 0.0319 -0.8786
vn -0.0000 0.6618 -0.7496
vn -0.7344 -0.0376 -0.6777
vn -0.0475 0.2713 -0.9613
vn 0.2254 0.6377 -0.7365
vn 0.3876 0.9088 -0.1546
vn 0.5303 0.5326 -0.6596
vn 0.7999 0.5996 0.0246
vn 0.4644 0.0226 -0.8853
vn 0.7353 -0.0376 -0.6767
vn 1.0000 -0.0000 -0.0000
vn 0.5315 0.5318 0.6594
vn 0.7209 0.0326 0.6923
vn -0.0000 -0.7579 0.6523
vn 0.5303 -0.5326 0.6596
vn 0.2281 -0.6377 0.7357
vn -0.2281 -0.6377 0.7357
vn -0.0000 -0.6621 0.7494
vn -0.0000 -0.5436 0.8393
vn 0.4080 -0.8960 0.1752
vn 0.7602 -0.6497 -0.0018
vn -0.4066 -0.8864 0.2212
vn -0.0054 -0.9917 -0.1285
vn 0.3002 -0.5678 -0.7665
vn 0.5315 -0.5318 -0.6594
vn 0.2256 -0.6374 -0.7367
vn 0.0255 -0.7555 -0.6547
vn -0.5314 -0.5311 -0.6600
vn -0.2255 -0.6370 -0.7371
vn -0.0000 -0.6652 -0.7467
vn -0.3017 -0.5647 -0.7681
vn -0.8065 -0.5901 0.0370
vn -0.0000 -0.4461 0.8950
vn 0.1288 0.7578 0.6396
vn -0.9910 0.0763 0.1097
vn 0.0082 -0.5683 0.8228
vn 0.9964 0.0627 0.0576
vn 0.2001 0.9147 -0.3511
vn -0.0735 0.5494 -0.8324
vn 0.0234 0.7987 -0.6012
vn -0.9972 0.0363 0.0655
vn 0.0167 0.9191 -0.3937
vn 0.0120 -0.7161 0.6979
vn -0.9965 0.0305 0.0781
vn 0.0171 0.9848 -0.1727
vn 0.9972 0.0367 0.0659
vn 0.9964 0.0309 0.0790
vn 0.0179 -0.8316 0.5551
vn 0.9956 0.0197 0.0913
vn 0.0192 0.9977 0.0652
vn 0.0018 -0.9229 0.3851
vn 0.9947 0.0059 0.1031
vn -0.9956 0.0197 0.0913
vn -0.9947 0.0048 0.1031
vn -0.4694 -0.8627 0.1880
vn -0.5814 0.7966 0.1655
vn 0.4839 0.8595 0.1644
vn -0.9950 -0.0156 0.0984
vn 0.5056 0.7953 0.3345
vn -0.5719 0.7594 0.3102
vn -0.5616 -0.8274 -0.0115
vn -0.9953 -0.0328 0.0915
vn 0.4998 0.7331 0.4613
vn 0.4447 -0.8956 -0.0122
vn 0.5695 -0.8089 0.1459
vn 0.9952 -0.0128 0.0970
vn 0.9952 -0.0322 0.0928
vn -0.4640 -0.8658 -0.1873
vn 0.5515 -0.8159 -0.1735
vn 0.9958 -0.0463 0.0784
vn -0.4710 -0.8152 -0.3371
vn 0.5441 -0.7718 -0.3290
vn 0.4316 -0.7467 -0.5061
vn -0.9958 -0.0490 0.0776
vn -0.5663 0.7032 0.4300
vn -0.9961 -0.0603 0.0638
vn 0.4638 0.6617 0.5891
vn -0.5624 0.6201 0.5470
vn -0.5508 0.5620 0.6171
vn 0.9960 -0.0615 0.0648
vn 0.6077 0.4634 0.6450
vn 0.9975 -0.0621 0.0342
vn -0.5091 0.4447 0.7369
vn 0.4346 -0.6293 -0.6443
vn 0.9978 -0.0617 0.0224
vn -0.5354 -0.6953 -0.4794
vn -0.9974 -0.0600 0.0392
vn -0.5289 -0.5948 -0.6054
vn 0.4274 -0.4971 -0.7551
vn -0.9979 -0.0606 0.0223
vn -0.5235 -0.4659 -0.7134
vn -0.4659 0.3546 0.8107
vn -0.9986 -0.0531 0.0042
vn 0.5507 0.3285 0.7673
vn -0.5159 0.2461 0.8205
vn -0.5204 -0.3173 -0.7928
vn -0.9993 -0.0364 -0.0116
vn 0.4345 -0.3296 -0.8382
vn 0.6125 0.1474 0.7766
vn -0.5448 0.0808 0.8347
vn 0.9985 -0.0555 0.0021
vn 0.9992 -0.0357 -0.0152
vn 0.4428 -0.1585 -0.8825
vn 0.9996 -0.0213 -0.0195
vn -0.5197 -0.1569 -0.8398
vn -0.5150 -0.0016 -0.8572
vn 0.6489 -0.0014 -0.7609
vn 0.9997 0.0003 -0.0228
vn 0.5884 -0.0290 0.8081
vn 0.9997 0.0162 -0.0202
vn 0.4600 0.1595 -0.8734
vn 0.5956 -0.1448 0.7901
vn 0.9993 0.0344 -0.0145
vn -0.9996 -0.0174 -0.0215
vn -0.6502 -0.0037 0.7597
vn -0.9997 0.0014 -0.0243
vn -0.9996 0.0138 -0.0231
vn -0.5211 0.1564 -0.8391
vn -0.9992 0.0376 -0.0129
vn -0.5864 -0.2294 0.7769
vn -0.9986 0.0531 0.0026
vn -0.5534 -0.3234 0.7676
vn -0.4605 0.3290 -0.8244
vn -0.4680 0.5090 -0.7224
vn 0.5172 0.3389 -0.7859
vn 0.9987 0.0512 0.0015
vn 0.5244 0.4650 -0.7133
vn 0.4792 -0.3102 0.8211
vn 0.9978 0.0617 0.0249
vn 0.6291 -0.4576 0.6284
vn -0.5248 -0.4092 0.7465
vn 0.9972 0.0635 0.0383
vn -0.9978 0.0630 0.0226
vn 0.5289 0.5942 -0.6060
vn -0.4685 0.6414 -0.6076
vn -0.9972 0.0624 0.0407
vn -0.4560 0.7587 -0.4652
vn 0.5352 0.6970 -0.4772
vn -0.5653 -0.5562 0.6092
vn -0.9962 0.0595 0.0634
vn -0.4708 0.8241 -0.3151
vn -0.4878 -0.6646 0.5660
vn -0.9957 0.0479 0.0792
vn 0.9961 0.0615 0.0640
vn 0.5558 -0.6218 0.5518
vn 0.5421 0.7726 -0.3305
vn 0.9957 0.0476 0.0793
vn 0.5505 0.8167 -0.1728
vn 0.5639 -0.7060 0.4284
vn 0.9954 0.0317 0.0899
vn -0.4695 0.8711 -0.1443
vn 0.5599 0.8284 -0.0120
vn -0.4746 0.8802 0.0086
vn -0.9955 0.0320 0.0897
vn -0.4696 -0.7589 0.4511
vn -0.9951 0.0138 0.0978
vn -0.5041 -0.7980 0.3303
vn 0.5695 -0.7649 0.3010
vn -0.4800 -0.8623 0.1613
vn 0.9951 0.0133 0.0979
vn 0.5784 -0.7989 0.1648
vn 0.5706 0.8077 0.1482
vn 0.9948 -0.0060 0.1021
vn -0.0054 -0.9975 0.0703
vn 0.9955 -0.0212 0.0921
vn -0.9949 -0.0056 0.1011
vn -0.0000 -0.9884 -0.1520
vn -0.4636 0.8625 0.2031
vn -0.0128 0.9211 0.3892
vn -0.0175 0.8309 0.5562
vn -0.9956 -0.0211 0.0915
vn -0.9962 -0.0335 0.0804
vn 0.0225 -0.9076 -0.4193
vn -0.0119 0.7161 0.6979
vn -0.9973 -0.0373 0.0639
vn 0.0302 -0.7865 -0.6169
vn -0.0080 0.5685 0.8227
vn 0.9962 -0.0333 0.0800
vn 0.9972 -0.0376 0.0643
vn 0.9968 -0.0603 0.0529
vn 0.0291 -0.6849 -0.7281
vn 0.3119 -0.8578 0.4085
vn -0.9968 -0.0596 0.0535
vn -0.4249 -0.7687 0.4780
vn -0.0200 0.3276 0.9446
vn 0.0518 -0.4268 0.9028
vn -0.2500 -0.5124 0.8216
vn 0.7888 -0.5108 0.3420
vn -0.0803 -0.3788 0.9220
vn 0.8102 0.2574 0.5267
vn -1.0000 0.0039 -0.0000
vn -0.2505 0.6484 0.7189
vn 1.0000 0.0041 -0.0003
vn -0.1220 0.8430 0.5239
vn -0.1081 0.7728 0.6253
vn 0.7326 0.6804 -0.0193
vn -0.2598 0.9009 -0.3477
vn -0.1016 0.7809 -0.6163
vn 0.2810 0.7911 -0.5433
vn -0.7499 0.1788 -0.6369
vn 0.2733 0.0527 -0.9605
vn 0.0004 -0.4332 -0.9013
vn 0.7886 -0.5361 -0.3011
vn -0.1015 -0.2455 -0.9641
vn -0.1662 -0.9562 -0.2408
vn -0.0345 -0.9920 -0.1215
vn -0.2401 -0.9453 -0.2208
o base
usemtl material_0
f 1/1/1 2/2/2 3/3/3
f 1/1/1 4/4/4 2/2/2
f 5/5/5 4/4/4 1/1/1
f 6/6/6 4/4/4 5/5/5
f 6/6/6 7/7/7 4/4/4
f 4/4/4 7/7/7 8/8/8
f 7/7/7 9/9/9 8/8/8
f 8/8/8 9/9/9 10/10/10
f 9/9/9 11/11/11 10/10/10
f 10/10/10 11/11/11 12/12/12
f 11/11/11 13/13/13 12/12/12
f 11/11/11 14/14/14 13/13/13
f 14/14/14 15/15/15 13/13/13
f 14/14/14 16/16/16 15/15/15
f 16/16/16 17/17/17 15/15/15
f 16/16/16 18/18/18 17/17/17
f 17/17/17 18/18/18 19/19/19
f 17/17/17 19/19/19 20/20/20
f 21/21/21 18/18/18 22/22/22
f 21/21/21 19/19/19 18/18/18
f 20/20/20 19/19/19 23/23/23
f 24/24/24 21/21/21 22/22/22
f 24/24/24 22/22/22 25/25/25
f 26/26/26 24/24/24 25/25/25
f 26/26/26 25/25/25 27/27/27
f 27/27/27 25/25/25 28/28/28
f 27/27/27 28/28/28 29/29/29
f 29/29/29 28/28/28 30/30/30
f 29/29/29 30/30/30 31/31/31
f 31/31/31 30/30/30 32/32/32
f 33/33/33 31/31/31 32/32/32
f 34/34/34 31/31/31 33/33/33
f 35/35/35 31/31/31 34/34/34
f 36/36/36 35/35/35 34/34/34
f 20/20/20 23/23/23 37/37/37
f 37/37/37 23/23/23 38/38/38
f 37/37/37 38/38/38 39/39/39
f 39/39/39 38/38/38 40/40/40
f 39/39/39 40/40/40 41/41/41
f 42/42/42 39/39/39 41/41/41
f 43/43/43 42/42/42 41/41/41
f 44/44/44 42/42/42 43/43/43
f 45/45/45 44/44/44 43/43/43
f 46/46/46 44/44/44 45/45/45
f 47/47/47 46/46/46 45/45/45
f 48/48/48 46/46/46 47/47/47
f 49/49/49 48/48/48 47/47/47
f 50/50/50 48/48/48 49/49/49
f 51/51/51 50/50/50 49/49/49
f 52/52/52 50/50/50 51/51/51
f 53/53/53 52/52/52 51/51/51
f 53/53/53 51/51/51 54/54/54
f 53/53/53 54/54/54 55/55/55
f 55/55/55 54/54/54 56/56/56
f 55/55/55 56/56/56 57/57/57
f 57/57/57 56/56/56 58/58/58
f 57/57/57 58/58/58 59/59/59
f 59/59/59 58/58/58 60/60/60
f 59/59/59 60/60/60 61/61/61
f 62/62/62 59/59/59 61/61/61
f 63/63/63 62/62/62 61/61/61
f 63/63/63 61/61/61 64/64/64
f 63/63/63 64/64/64 65/65/65
f 66/66/66 63/63/63 65/65/65
f 65/65/65 67/67/67 68/68/68
f 68/68/68 67/67/67 69/69/69
f 70/70/70 66/66/66 65/65/65
f 68/68/68 70/70/70 65/65/65
f 67/67/67 71/71/71 69/69/69
f 70/70/70 72/72/72 66/66/66
f 69/69/69 71/71/71 73/73/73
f 74/74/74 72/72/72 70/70/70
f 71/71/71 75/75/75 73/73/73
f 75/75/75 76/76/76 73/73/73
f 74/74/74 77/77/77 72/72/72
f 78/78/78 77/77/77 74/74/74
f 78/78/78 79/79/79 77/77/77
f 78/78/78 80/80/80 79/79/79
f 81/81/81 82/82/82 83/83/83
f 84/84/84 82/82/82 81/81/81
f 84/84/84 85/85/85 82/82/82
f 85/85/85 84/84/84 86/86/86
f 85/85/85 86/86/86 87/87/87
f 87/87/87 86/86/86 88/88/88
f 87/87/87 88/88/88 89/89/89
f 89/89/89 88/88/88 90/90/90
f 89/89/89 90/90/90 91/91/91
f 91/91/91 90/90/90 92/92/92
f 91/91/91 92/92/92 93/93/93
f 91/91/91 93/93/93 94/94/94
f 94/94/94 93/93/93 95/95/95
f 95/95/95 93/93/93 96/96/96
f 95/95/95 96/96/96 97/97/97
f 95/95/95 97/97/97 98/98/98
f 98/98/98 97/97/97 99/99/99
f 98/98/98 99/99/99 100/100/100
f 101/101/101 102/102/102 103/103/103
f 101/101/101 104/104/104 102/102/102
f 105/105/105 104/104/104 101/101/101
f 106/106/106 104/104/104 105/105/105
f 106/106/106 107/107/107 104/104/104
f 104/104/104 107/107/107 108/108/108
f 107/107/107 109/109/109 108/108/108
f 108/108/108 109/109/109 110/110/110
f 109/109/109 111/111/111 110/110/110
f 110/110/110 111/111/111 112/112/112
f 111/111/111 113/113/113 112/112/112
f 111/111/111 114/114/114 113/113/113
f 114/114/114 115/115/115 113/113/113
f 114/114/114 116/116/116 115/115/115
f 116/116/116 117/117/117 115/115/115
f 116/116/116 118/118/118 117/117/117
f 119/119/119 117/117/117 120/120/120
f 117/117/117 118/118/118 121/121/121
f 117/117/117 121/121/121 120/120/120
f 122/122/122 118/118/118 123/123/123
f 122/122/122 121/121/121 118/118/118
f 124/124/124 122/122/122 123/123/123
f 124/124/124 123/123/123 125/125/125
f 126/126/126 124/124/124 125/125/125
f 126/126/126 125/125/125 127/127/127
f 127/127/127 125/125/125 128/128/128
f 127/127/127 128/128/128 129/129/129
f 129/129/129 128/128/128 130/130/130
f 129/129/129 130/130/130 131/131/131
f 131/131/131 130/130/130 132/132/132
f 133/133/133 131/131/131 132/132/132
f 134/134/134 131/131/131 133/133/133
f 135/135/135 131/131/131 134/134/134
f 136/136/136 135/135/135 134/134/134
f 137/137/137 119/119/119 120/120/120
f 138/138/138 119/119/119 137/137/137
f 139/139/139 138/138/138 137/137/137
f 140/140/140 138/138/138 139/139/139
f 141/141/141 140/140/140 139/139/139
f 142/142/142 140/140/140 141/141/141
f 143/143/143 142/142/142 141/141/141
f 144/144/144 142/142/142 143/143/143
f 145/145/145 144/144/144 143/143/143
f 146/146/146 144/144/144 145/145/145
f 147/147/147 146/146/146 145/145/145
f 148/148/148 146/146/146 147/147/147
f 149/149/149 148/148/148 147/147/147
f 149/149/149 147/147/147 150/150/150
f 149/149/149 150/150/150 151/151/151
f 152/152/152 149/149/149 151/151/151
f 153/153/153 152/152/152 151/151/151
f 154/154/154 152/152/152 153/153/153
f 155/155/155 154/154/154 153/153/153
f 156/156/156 154/154/154 155/155/155
f 157/157/157 156/156/156 155/155/155
f 157/157/157 155/155/155 158/158/158
f 157/157/157 158/158/158 159/159/159
f 160/160/160 157/157/157 159/159/159
f 161/161/161 160/160/160 159/159/159
f 162/162/162 160/160/160 161/161/161
f 163/163/163 162/162/162 161/161/161
f 163/163/163 161/161/161 164/164/164
f 163/163/163 164/164/164 165/165/165
f 165/165/165 164/164/164 166/166/166
f 165/165/165 166/166/166 167/167/167
f 166/166/166 168/168/168 167/167/167
f 165/165/165 167/167/167 169/169/169
f 167/167/167 168/168/168 170/170/170
f 168/168/168 171/171/171 170/170/170
f 169/169/169 172/172/172 165/165/165
f 170/170/170 171/171/171 173/173/173
f 174/174/174 172/172/172 169/169/169
f 171/171/171 175/175/175 173/173/173
f 175/175/175 176/176/176 173/173/173
f 174/174/174 177/177/177 172/172/172
f 178/178/178 177/177/177 174/174/174
f 178/178/178 179/179/179 177/177/177
f 178/178/178 180/180/180 179/179/179
f 181/181/181 182/182/182 183/183/183
f 181/181/181 184/184/184 182/182/182
f 184/184/184 181/181/181 185/185/185
f 184/184/184 185/185/185 186/186/186
f 186/186/186 185/185/185 187/187/187
f 186/186/186 187/187/187 188/188/188
f 188/188/188 187/187/187 189/189/189
f 189/189/189 187/187/187 190/190/190
f 189/189/189 190/190/190 191/191/191
f 189/189/189 191/191/191 192/192/192
f 192/192/192 191/191/191 193/193/193
f 193/193/193 191/191/191 194/194/194
f 193/193/193 194/194/194 195/195/195
f 193/193/193 195/195/195 196/196/196
f 196/196/196 195/195/195 197/197/197
f 196/196/196 197/197/197 198/198/198
f 199/199/199 200/200/200 201/201/201
f 201/201/201 200/200/200 202/202/202
f 202/202/202 200/200/200 203/203/203
f 200/200/200 204/204/204 203/203/203
f 204/204/204 205/205/205 203/203/203
f 203/203/203 205/205/205 206/206/206
f 206/206/206 205/205/205 207/207/207
f 205/205/205 208/208/208 207/207/207
f 208/208/208 209/209/209 207/207/207
f 207/207/207 209/209/209 210/210/210
f 210/210/210 209/209/209 211/211/211
f 209/209/209 212/212/212 211/211/211
f 211/211/211 212/212/212 213/213/213
f 212/212/212 214/214/214 213/213/213
f 215/215/215 213/213/213 214/214/214
f 216/216/216 215/215/215 214/214/214
f 217/217/217 218/218/218 219/219/219
f 220/220/220 218/218/218 217/217/217
f 217/217/217 221/221/221 220/220/220
f 220/220/220 221/221/221 222/222/222
f 217/217/217 223/223/223 221/221/221
f 223/223/223 217/217/217 219/219/219
f 221/221/221 224/224/224 222/222/222
f 224/224/224 225/225/225 222/222/222
f 226/226/226 224/224/224 221/221/221
f 223/223/223 226/226/226 221/221/221
f 223/223/223 219/219/219 227/227/227
f 227/227/227 219/219/219 228/228/228
f 223/223/223 229/229/229 226/226/226
f 227/227/227 229/229/229 223/223/223
f 230/230/230 227/227/227 228/228/228
f 227/227/227 230/230/230 229/229/229
f 230/230/230 228/228/228 231/231/231
f 231/231/231 228/228/228 232/232/232
f 230/230/230 233/233/233 229/229/229
f 230/230/230 234/234/234 233/233/233
f 231/231/231 234/234/234 230/230/230
f 235/235/235 231/231/231 232/232/232
f 231/231/231 235/235/235 234/234/234
f 229/229/229 236/236/236 226/226/226
f 233/233/233 236/236/236 229/229/229
f 234/234/234 237/237/237 233/233/233
f 238/238/238 224/224/224 226/226/226
f 236/236/236 238/238/238 226/226/226
f 237/237/237 239/239/239 233/233/233
f 239/239/239 236/236/236 233/233/233
f 236/236/236 240/240/240 238/238/238
f 239/239/239 240/240/240 236/236/236
f 224/224/224 241/241/241 225/225/225
f 238/238/238 241/241/241 224/224/224
f 241/241/241 242/242/242 225/225/225
f 240/240/240 243/243/243 238/238/238
f 243/243/243 241/241/241 238/238/238
f 243/243/243 244/244/244 241/241/241
f 241/241/241 244/244/244 242/242/242
f 244/244/244 245/245/245 242/242/242
f 240/240/240 246/246/246 243/243/243
f 245/245/245 244/244/244 247/247/247
f 248/248/248 245/245/245 247/247/247
f 246/246/246 249/249/249 243/243/243
f 249/249/249 244/244/244 243/243/243
f 250/250/250 247/247/247 244/244/244
f 251/251/251 248/248/248 247/247/247
f 244/244/244 249/249/249 252/252/252
f 252/252/252 250/250/250 244/244/244
f 253/253/253 251/251/251 247/247/247
f 254/254/254 251/251/251 253/253/253
f 254/254/254 253/253/253 255/255/255
f 255/255/255 253/253/253 256/256/256
f 253/253/253 247/247/247 256/256/256
f 256/256/256 247/247/247 250/250/250
f 252/252/252 256/256/256 250/250/250
f 257/257/257 256/256/256 252/252/252
f 257/257/257 255/255/255 256/256/256
f 255/255/255 257/257/257 258/258/258
f 259/259/259 252/252/252 249/249/249
f 260/260/260 257/257/257 252/252/252
f 260/260/260 258/258/258 257/257/257
f 259/259/259 260/260/260 252/252/252
f 249/249/249 246/246/246 261/261/261
f 259/259/259 249/249/249 261/261/261
f 260/260/260 259/259/259 261/261/261
f 258/258/258 260/260/260 262/262/262
f 262/262/262 260/260/260 261/261/261
f 258/258/258 262/262/262 263/263/263
f 264/264/264 261/261/261 246/246/246
f 263/263/263 262/262/262 265/265/265
f 262/262/262 261/261/261 265/265/265
f 265/265/265 261/261/261 264/264/264
f 266/266/266 263/263/263 265/265/265
f 266/266/266 267/267/267 263/263/263
f 266/266/266 265/265/265 268/268/268
f 268/268/268 265/265/265 264/264/264
f 269/269/269 266/266/266 268/268/268
f 269/269/269 267/267/267 266/266/266
f 267/267/267 269/269/269 270/270/270
f 267/267/267 270/270/270 271/271/271
f 272/272/272 269/269/269 268/268/268
f 271/271/271 270/270/270 273/273/273
f 269/269/269 272/272/272 274/274/274
f 270/270/270 274/274/274 273/273/273
f 270/270/270 269/269/269 274/274/274
f 268/268/268 264/264/264 246/246/246
f 275/275/275 268/268/268 246/246/246
f 272/272/272 268/268/268 275/275/275
f 272/272/272 275/275/275 274/274/274
f 275/275/275 246/246/246 276/276/276
f 276/276/276 246/246/246 240/240/240
f 276/276/276 240/240/240 239/239/239
f 277/277/277 275/275/275 276/276/276
f 275/275/275 277/277/277 274/274/274
f 278/278/278 277/277/277 276/276/276
f 237/237/237 278/278/278 239/239/239
f 278/278/278 276/276/276 239/239/239
f 279/279/279 274/274/274 277/277/277
f 280/280/280 278/278/278 237/237/237
f 273/273/273 274/274/274 279/279/279
f 281/281/281 273/273/273 279/279/279
f 281/281/281 279/279/279 277/277/277
f 282/282/282 278/278/278 280/280/280
f 282/282/282 277/277/277 278/278/278
f 277/277/277 283/283/283 281/281/281
f 283/283/283 277/277/277 282/282/282
f 284/284/284 281/281/281 283/283/283
f 285/285/285 283/283/283 282/282/282
f 286/286/286 271/271/271 273/273/273
f 286/286/286 273/273/273 281/281/281
f 271/271/271 286/286/286 287/287/287
f 288/288/288 287/287/287 286/286/286
f 288/288/288 286/286/286 281/281/281
f 284/284/284 288/288/288 281/281/281
f 287/287/287 288/288/288 289/289/289
f 287/287/287 289/289/289 290/290/290
f 289/289/289 288/288/288 291/291/291
f 288/288/288 284/284/284 291/291/291
f 289/289/289 291/291/291 292/292/292
f 290/290/290 289/289/289 292/292/292
f 284/284/284 283/283/283 291/291/291
f 283/283/283 285/285/285 291/291/291
f 293/293/293 291/291/291 285/285/285
f 292/292/292 291/291/291 293/293/293
f 294/294/294 290/290/290 292/292/292
f 290/290/290 294/294/294 295/295/295
f 296/296/296 292/292/292 293/293/293
f 294/294/294 292/292/292 296/296/296
f 297/297/297 294/294/294 296/296/296
f 297/297/297 295/295/295 294/294/294
f 295/295/295 297/297/297 298/298/298
f 295/295/295 298/298/298 299/299/299
f 300/300/300 297/297/297 296/296/296
f 299/299/299 298/298/298 301/301/301
f 297/297/297 300/300/300 302/302/302
f 298/298/298 302/302/302 301/301/301
f 298/298/298 297/297/297 302/302/302
f 296/296/296 293/293/293 285/285/285
f 285/285/285 303/303/303 296/296/296
f 300/300/300 296/296/296 303/303/303
f 300/300/300 303/303/303 302/302/302
f 304/304/304 302/302/302 305/305/305
f 303/303/303 305/305/305 302/302/302
f 303/303/303 285/285/285 306/306/306
f 306/306/306 305/305/305 303/303/303
f 301/301/301 302/302/302 304/304/304
f 307/307/307 301/301/301 304/304/304
f 307/307/307 304/304/304 305/305/305
f 308/308/308 301/301/301 307/307/307
f 308/308/308 299/299/299 301/301/301
f 299/299/299 308/308/308 309/309/309
f 310/310/310 309/309/309 308/308/308
f 310/310/310 308/308/308 307/307/307
f 309/309/309 310/310/310 311/311/311
f 309/309/309 311/311/311 312/312/312
f 313/313/313 310/310/310 307/307/307
f 310/310/310 313/313/313 314/314/314
f 311/311/311 310/310/310 314/314/314
f 311/311/311 314/314/314 315/315/315
f 312/312/312 311/311/311 315/315/315
f 316/316/316 312/312/312 315/315/315
f 312/312/312 316/316/316 317/317/317
f 315/315/315 314/314/314 318/318/318
f 319/319/319 317/317/317 316/316/316
f 316/316/316 315/315/315 320/320/320
f 320/320/320 315/315/315 318/318/318
f 319/319/319 316/316/316 320/320/320
f 313/313/313 307/307/307 321/321/321
f 305/305/305 321/321/321 307/307/307
f 313/313/313 321/321/321 314/314/314
f 318/318/318 314/314/314 322/322/322
f 321/321/321 322/322/322 314/314/314
f 322/322/322 321/321/321 323/323/323
f 321/321/321 305/305/305 323/323/323
f 324/324/324 305/305/305 306/306/306
f 323/323/323 305/305/305 324/324/324
f 320/320/320 318/318/318 322/322/322
f 325/325/325 322/322/322 323/323/323
f 322/322/322 326/326/326 320/320/320
f 327/327/327 320/320/320 326/326/326
f 327/327/327 319/319/319 320/320/320
f 319/319/319 327/327/327 328/328/328
f 327/327/327 326/326/326 328/328/328
f 326/326/326 322/322/322 329/329/329
f 329/329/329 322/322/322 325/325/325
f 330/330/330 326/326/326 329/329/329
f 326/326/326 330/330/330 328/328/328
f 331/331/331 328/328/328 330/330/330
f 317/317/317 319/319/319 332/332/332
f 332/332/332 319/319/319 328/328/328
f 317/317/317 332/332/332 333/333/333
f 332/332/332 328/328/328 334/334/334
f 333/333/333 332/332/332 334/334/334
f 334/334/334 328/328/328 331/331/331
f 335/335/335 333/333/333 334/334/334
f 333/333/333 335/335/335 336/336/336
f 335/335/335 334/334/334 337/337/337
f 337/337/337 334/334/334 331/331/331
f 338/338/338 336/336/336 335/335/335
f 338/338/338 335/335/335 337/337/337
f 336/336/336 338/338/338 339/339/339
f 336/336/336 339/339/339 340/340/340
f 341/341/341 338/338/338 337/337/337
f 340/340/340 339/339/339 342/342/342
f 338/338/338 341/341/341 343/343/343
f 339/339/339 343/343/343 342/342/342
f 339/339/339 338/338/338 343/343/343
f 337/337/337 331/331/331 330/330/330
f 330/330/330 344/344/344 337/337/337
f 341/341/341 337/337/337 344/344/344
f 341/341/341 344/344/344 343/343/343
f 345/345/345 343/343/343 346/346/346
f 344/344/344 346/346/346 343/343/343
f 346/346/346 344/344/344 347/347/347
f 344/344/344 330/330/330 347/347/347
f 342/342/342 343/343/343 345/345/345
f 348/348/348 342/342/342 345/345/345
f 348/348/348 345/345/345 346/346/346
f 346/346/346 245/349/245 348/348/348
f 248/350/248 348/348/348 245/349/245
f 245/349/245 346/346/346 242/351/242
f 248/350/248 251/352/251 348/348/348
f 242/351/242 346/346/346 349/353/349
f 349/353/349 346/346/346 347/347/347
f 242/351/242 349/353/349 225/354/225
f 350/355/350 342/342/342 348/348/348
f 350/355/350 340/340/340 342/342/342
f 251/352/251 350/355/350 348/348/348
f 340/340/340 350/355/350 254/356/254
f 251/352/251 254/356/254 350/355/350
f 225/354/225 349/353/349 351/357/351
f 225/354/225 351/357/351 222/358/222
f 349/353/349 347/347/347 352/359/352
f 351/357/351 349/353/349 352/359/352
f 222/358/222 351/357/351 353/360/353
f 220/361/220 222/358/222 353/360/353
f 353/360/353 351/357/351 354/362/354
f 351/357/351 352/359/352 354/362/354
f 347/347/347 355/363/355 352/359/352
f 347/347/347 330/330/330 355/363/355
f 355/363/355 330/330/330 329/329/329
f 352/359/352 356/364/356 354/362/354
f 352/359/352 355/363/355 356/364/356
f 356/364/356 355/363/355 357/365/357
f 329/329/329 325/325/325 357/365/357
f 355/363/355 329/329/329 357/365/357
f 354/362/354 356/364/356 358/366/358
f 358/366/358 356/364/356 359/367/359
f 356/364/356 357/365/357 359/367/359
f 357/365/357 325/325/325 360/368/360
f 357/365/357 360/368/360 359/367/359
f 325/325/325 323/323/323 361/369/361
f 323/323/323 324/324/324 361/369/361
f 360/368/360 325/325/325 361/369/361
f 359/367/359 360/368/360 362/370/362
f 362/370/362 360/368/360 363/371/363
f 360/368/360 361/369/361 363/371/363
f 361/369/361 324/324/324 364/372/364
f 361/369/361 364/372/364 363/371/363
f 365/373/365 324/324/324 306/306/306
f 364/372/364 324/324/324 365/373/365
f 363/371/363 364/372/364 366/374/366
f 306/306/306 285/285/285 367/375/367
f 367/375/367 285/285/285 282/282/282
f 367/375/367 282/282/282 280/280/280
f 306/306/306 367/375/367 365/373/365
f 368/376/368 364/372/364 365/373/365
f 366/374/366 364/372/364 368/376/368
f 369/377/369 367/375/367 280/280/280
f 365/373/365 369/377/369 368/376/368
f 365/373/365 367/375/367 369/377/369
f 280/280/280 237/237/237 370/378/370
f 370/378/370 237/237/237 234/234/234
f 235/235/235 370/378/370 234/234/234
f 369/377/369 280/280/280 370/378/370
f 371/379/371 369/377/369 370/378/370
f 235/235/235 371/379/371 370/378/370
f 368/376/368 369/377/369 371/379/371
f 235/235/235 232/232/232 372/380/372
f 372/380/372 371/379/371 235/235/235
f 372/380/372 232/232/232 373/381/373
f 372/380/372 374/382/374 371/379/371
f 374/382/374 372/380/372 373/381/373
f 374/382/374 366/374/366 368/376/368
f 374/382/374 368/376/368 371/379/371
f 374/382/374 373/381/373 375/383/375
f 375/383/375 366/374/366 374/382/374
f 373/381/373 376/384/376 375/383/375
f 377/385/377 375/383/375 376/384/376
f 377/385/377 363/371/363 366/374/366
f 377/385/377 362/370/362 363/371/363
f 375/383/375 377/385/377 366/374/366
f 377/385/377 376/384/376 378/386/378
f 378/386/378 362/370/362 377/385/377
f 378/386/378 376/384/376 379/387/379
f 380/388/380 378/386/378 379/387/379
f 380/388/380 359/367/359 362/370/362
f 380/388/380 358/366/358 359/367/359
f 378/386/378 380/388/380 362/370/362
f 380/388/380 379/387/379 381/389/381
f 381/389/381 358/366/358 380/388/380
f 381/389/381 379/387/379 382/390/382
f 383/391/383 381/389/381 382/390/382
f 383/391/383 354/362/354 358/366/358
f 383/391/383 353/360/353 354/362/354
f 381/389/381 383/391/383 358/366/358
f 383/391/383 382/390/382 384/392/384
f 384/392/384 353/360/353 383/391/383
f 384/392/384 220/361/220 353/360/353
f 384/392/384 382/390/382 218/393/218
f 220/361/220 384/392/384 218/393/218
f 68/394/68 385/395/385 70/396/70
f 70/396/70 385/395/385 386/397/386
f 70/396/70 386/397/386 74/398/74
f 387/399/387 385/395/385 68/394/68
f 69/400/69 387/399/387 68/394/68
f 387/399/387 388/401/388 385/395/385
f 385/395/385 388/401/388 386/397/386
f 74/398/74 386/397/386 389/402/389
f 78/403/78 74/398/74 389/402/389
f 386/397/386 390/404/390 389/402/389
f 386/397/386 388/401/388 390/404/390
f 78/403/78 389/402/389 391/405/391
f 78/403/78 391/405/391 80/406/80
f 391/405/391 389/402/389 392/407/392
f 389/402/389 390/404/390 392/407/392
f 388/401/388 393/408/393 390/404/390
f 390/404/390 393/408/393 394/409/394
f 390/404/390 394/409/394 392/407/392
f 391/405/391 392/407/392 395/410/395
f 396/411/396 393/408/393 388/401/388
f 396/411/396 388/401/388 387/399/387
f 395/410/395 392/407/392 397/412/397
f 392/407/392 394/409/394 397/412/397
f 398/413/398 387/399/387 69/400/69
f 398/413/398 396/411/396 387/399/387
f 398/413/398 69/400/69 73/414/73
f 399/415/399 398/413/398 73/414/73
f 76/416/76 399/415/399 73/414/73
f 400/417/400 396/411/396 398/413/398
f 400/417/400 398/413/398 399/415/399
f 401/418/401 393/408/393 396/411/396
f 400/417/400 401/418/401 396/411/396
f 402/419/402 400/417/400 399/415/399
f 403/420/403 394/409/394 393/408/393
f 393/408/393 401/418/401 403/420/403
f 404/421/404 400/417/400 402/419/402
f 404/421/404 401/418/401 400/417/400
f 401/418/401 404/421/404 405/422/405
f 403/420/403 401/418/401 405/422/405
f 406/423/406 399/415/399 76/416/76
f 402/419/402 399/415/399 406/423/406
f 407/424/407 404/421/404 402/419/402
f 407/424/407 402/419/402 408/425/408
f 408/425/408 402/419/402 406/423/406
f 409/426/409 407/424/407 408/425/408
f 405/422/405 404/421/404 410/427/410
f 404/421/404 407/424/407 410/427/410
f 409/426/409 411/428/411 407/424/407
f 410/427/410 407/424/407 412/429/412
f 407/424/407 411/428/411 412/429/412
f 413/430/413 405/422/405 410/427/410
f 413/430/413 410/427/410 412/429/412
f 414/431/414 413/430/413 412/429/412
f 414/431/414 412/429/412 411/428/411
f 409/426/409 408/425/408 415/432/415
f 415/432/415 411/428/411 409/426/409
f 408/425/408 406/423/406 416/433/416
f 415/432/415 408/425/408 416/433/416
f 413/430/413 414/431/414 417/434/417
f 406/423/406 76/416/76 416/433/416
f 418/435/418 416/433/416 76/416/76
f 413/430/413 417/434/417 419/436/419
f 420/437/420 419/436/419 417/434/417
f 414/431/414 421/438/421 417/434/417
f 417/434/417 421/438/421 422/439/422
f 411/428/411 423/440/423 414/431/414
f 423/440/423 411/428/411 415/432/415
f 423/440/423 421/438/421 414/431/414
f 424/441/424 423/440/423 415/432/415
f 424/441/424 415/432/415 425/442/425
f 421/438/421 426/443/426 422/439/422
f 423/440/423 426/443/426 421/438/421
f 415/432/415 416/433/416 425/442/425
f 424/441/424 425/442/425 427/444/427
f 416/433/416 428/445/428 425/442/425
f 427/444/427 425/442/425 429/446/429
f 425/442/425 428/445/428 36/447/36
f 425/442/425 36/447/36 430/448/430
f 430/448/430 429/446/429 425/442/425
f 416/433/416 418/435/418 428/445/428
f 36/447/36 428/445/428 35/449/35
f 431/450/431 428/445/428 418/435/418
f 428/445/428 432/451/432 35/449/35
f 35/449/35 432/451/432 31/452/31
f 433/453/433 428/445/428 431/450/431
f 434/454/434 428/445/428 433/453/433
f 434/454/434 432/451/432 428/445/428
f 31/452/31 432/451/432 29/455/29
f 432/451/432 435/456/435 29/455/29
f 29/455/29 435/456/435 27/457/27
f 436/458/436 432/451/432 434/454/434
f 436/458/436 435/456/435 432/451/432
f 435/456/435 437/459/437 27/457/27
f 27/457/27 437/459/437 26/460/26
f 436/458/436 437/459/437 435/456/435
f 26/460/26 437/459/437 24/461/24
f 438/462/438 437/459/437 436/458/436
f 437/459/437 439/463/439 24/461/24
f 24/461/24 439/463/439 21/464/21
f 438/462/438 439/463/439 437/459/437
f 21/464/21 439/463/439 19/465/19
f 440/466/440 439/463/439 438/462/438
f 439/463/439 441/467/441 19/465/19
f 19/465/19 441/467/441 23/468/23
f 440/466/440 441/467/441 439/463/439
f 441/467/441 442/469/442 23/468/23
f 23/468/23 442/469/442 38/470/38
f 443/471/443 442/469/442 441/467/441
f 443/471/443 441/467/441 440/466/440
f 38/470/38 442/469/442 40/472/40
f 442/469/442 444/473/444 40/472/40
f 40/472/40 444/473/444 41/474/41
f 445/475/445 444/473/444 442/469/442
f 445/475/445 442/469/442 443/471/443
f 444/473/444 446/476/446 41/474/41
f 41/474/41 446/476/446 43/477/43
f 445/475/445 446/476/446 444/473/444
f 43/477/43 446/476/446 45/478/45
f 447/479/447 446/476/446 445/475/445
f 446/476/446 448/480/448 45/478/45
f 45/478/45 448/480/448 47/481/47
f 446/476/446 449/482/449 448/480/448
f 449/482/449 446/476/446 447/479/447
f 448/480/448 450/483/450 47/481/47
f 49/484/49 47/481/47 450/483/450
f 449/482/449 450/483/450 448/480/448
f 51/485/51 49/484/49 450/483/450
f 451/486/451 450/483/450 449/482/449
f 452/487/452 51/485/51 450/483/450
f 51/485/51 452/487/452 54/488/54
f 451/486/451 452/487/452 450/483/450
f 452/487/452 453/489/453 54/488/54
f 54/488/54 453/489/453 56/490/56
f 454/491/454 452/487/452 451/486/451
f 452/487/452 454/491/454 453/489/453
f 56/490/56 453/489/453 58/492/58
f 453/489/453 455/493/455 58/492/58
f 58/492/58 455/493/455 60/494/60
f 456/495/456 455/493/455 453/489/453
f 456/495/456 453/489/453 454/491/454
f 60/494/60 455/493/455 61/496/61
f 455/493/455 457/497/457 61/496/61
f 61/496/61 457/497/457 64/498/64
f 458/499/458 457/497/457 455/493/455
f 458/499/458 455/493/455 456/495/456
f 64/498/64 457/497/457 65/500/65
f 457/497/457 459/501/459 65/500/65
f 65/500/65 459/501/459 67/502/67
f 460/503/460 459/501/459 457/497/457
f 460/503/460 457/497/457 458/499/458
f 67/502/67 459/501/459 71/504/71
f 461/505/461 459/501/459 460/503/460
f 71/504/71 462/506/462 75/507/75
f 459/501/459 462/506/462 71/504/71
f 461/505/461 462/506/462 459/501/459
f 460/503/460 463/508/463 461/505/461
f 418/435/418 76/416/76 75/507/75
f 462/506/462 418/435/418 75/507/75
f 464/509/464 462/506/462 461/505/461
f 464/509/464 418/435/418 462/506/462
f 465/510/465 418/435/418 464/509/464
f 463/508/463 466/511/466 461/505/461
f 461/505/461 466/511/466 464/509/464
f 466/511/466 467/512/467 464/509/464
f 464/509/464 467/512/467 465/510/465
f 431/450/431 418/435/418 465/510/465
f 465/510/465 467/512/467 431/450/431
f 467/512/467 468/513/468 431/450/431
f 431/450/431 468/513/468 433/453/433
f 468/513/468 467/512/467 469/514/469
f 468/513/468 470/515/470 433/453/433
f 433/453/433 470/515/470 434/454/434
f 471/516/471 468/513/468 469/514/469
f 470/515/470 468/513/468 471/516/471
f 470/515/470 472/517/472 434/454/434
f 473/518/473 470/515/470 471/516/471
f 472/517/472 470/515/470 473/518/473
f 434/454/434 472/517/472 436/458/436
f 474/519/474 473/518/473 471/516/471
f 474/519/474 471/516/471 469/514/469
f 474/519/474 469/514/469 473/518/473
f 475/520/475 472/517/472 473/518/473
f 469/514/469 476/521/476 473/518/473
f 477/522/477 475/520/475 473/518/473
f 473/518/473 476/521/476 477/522/477
f 478/523/478 469/514/469 467/512/467
f 476/521/476 469/514/469 478/523/478
f 467/512/467 466/511/466 478/523/478
f 476/521/476 479/524/479 477/522/477
f 476/521/476 478/523/478 479/524/479
f 478/523/478 466/511/466 479/524/479
f 477/522/477 479/524/479 480/525/480
f 466/511/466 463/508/463 481/526/481
f 479/524/479 466/511/466 481/526/481
f 482/527/482 479/524/479 481/526/481
f 479/524/479 482/527/482 480/525/480
f 477/522/477 483/528/483 475/520/475
f 480/525/480 483/528/483 477/522/477
f 483/528/483 484/529/484 475/520/475
f 484/529/484 472/517/472 475/520/475
f 472/517/472 484/529/484 436/458/436
f 436/458/436 484/529/484 438/462/438
f 485/530/485 484/529/484 483/528/483
f 484/529/484 485/530/485 438/462/438
f 486/531/486 485/530/485 483/528/483
f 480/525/480 486/531/486 483/528/483
f 487/532/487 485/530/485 486/531/486
f 438/462/438 487/532/487 440/466/440
f 485/530/485 487/532/487 438/462/438
f 480/525/480 482/527/482 488/533/488
f 488/533/488 486/531/486 480/525/480
f 482/527/482 481/526/481 489/534/489
f 482/527/482 489/534/489 488/533/488
f 440/466/440 490/535/490 443/471/443
f 487/532/487 490/535/490 440/466/440
f 481/526/481 463/508/463 489/534/489
f 490/535/490 491/536/491 443/471/443
f 492/537/492 487/532/487 486/531/486
f 490/535/490 487/532/487 492/537/492
f 493/538/493 490/535/490 492/537/492
f 491/536/491 490/535/490 493/538/493
f 443/471/443 491/536/491 445/475/445
f 494/539/494 491/536/491 493/538/493
f 491/536/491 495/540/495 445/475/445
f 495/540/495 491/536/491 494/539/494
f 445/475/445 495/540/495 447/479/447
f 496/541/496 495/540/495 494/539/494
f 495/540/495 497/542/497 447/479/447
f 447/479/447 497/542/497 449/482/449
f 497/542/497 495/540/495 498/543/498
f 498/543/498 495/540/495 496/541/496
f 497/542/497 499/544/499 449/482/449
f 499/544/499 497/542/497 500/545/500
f 500/545/500 497/542/497 498/543/498
f 449/482/449 499/544/499 451/486/451
f 499/544/499 501/546/501 451/486/451
f 501/546/501 499/544/499 502/547/502
f 502/547/502 499/544/499 500/545/500
f 454/491/454 451/486/451 501/546/501
f 503/548/503 501/546/501 502/547/502
f 504/549/504 502/547/502 500/545/500
f 505/550/505 454/491/454 501/546/501
f 504/549/504 498/543/498 502/547/502
f 504/549/504 500/545/500 498/543/498
f 502/547/502 498/543/498 506/551/506
f 506/551/506 503/548/503 502/547/502
f 498/543/498 507/552/507 506/551/506
f 507/552/507 498/543/498 496/541/496
f 505/550/505 501/546/501 503/548/503
f 507/552/507 496/541/496 494/539/494
f 508/553/508 505/550/505 503/548/503
f 506/551/506 508/553/508 503/548/503
f 508/553/508 506/551/506 507/552/507
f 509/554/509 508/553/508 507/552/507
f 507/552/507 494/539/494 509/554/509
f 510/555/510 505/550/505 508/553/508
f 505/550/505 510/555/510 454/491/454
f 454/491/454 510/555/510 456/495/456
f 511/556/511 510/555/510 508/553/508
f 512/557/512 511/556/511 508/553/508
f 512/557/512 508/553/508 509/554/509
f 513/558/513 510/555/510 511/556/511
f 456/495/456 513/558/513 458/499/458
f 510/555/510 513/558/513 456/495/456
f 509/554/509 494/539/494 493/538/493
f 513/558/513 514/559/514 458/499/458
f 509/554/509 493/538/493 492/537/492
f 492/537/492 512/557/512 509/554/509
f 488/533/488 492/537/492 486/531/486
f 488/533/488 515/560/515 492/537/492
f 515/560/515 512/557/512 492/537/492
f 489/534/489 515/560/515 488/533/488
f 515/560/515 516/561/516 512/557/512
f 512/557/512 516/561/516 511/556/511
f 516/561/516 513/558/513 511/556/511
f 514/559/514 513/558/513 516/561/516
f 515/560/515 489/534/489 516/561/516
f 489/534/489 514/559/514 516/561/516
f 463/508/463 514/559/514 489/534/489
f 458/499/458 514/559/514 460/503/460
f 514/559/514 463/508/463 460/503/460
f 430/448/430 36/447/36 34/562/34
f 517/563/517 34/562/34 33/564/33
f 518/565/518 34/562/34 517/563/517
f 430/448/430 34/562/34 518/565/518
f 517/563/517 33/564/33 519/566/519
f 519/566/519 33/564/33 32/567/32
f 519/566/519 518/565/518 517/563/517
f 519/566/519 32/567/32 520/568/520
f 32/567/32 30/569/30 520/568/520
f 520/568/520 30/569/30 521/570/521
f 30/569/30 28/571/28 521/570/521
f 522/572/522 520/568/520 521/570/521
f 521/570/521 28/571/28 523/573/523
f 523/573/523 28/571/28 25/574/25
f 25/574/25 22/575/22 523/573/523
f 522/572/522 521/570/521 523/573/523
f 22/575/22 524/576/524 523/573/523
f 22/575/22 18/577/18 524/576/524
f 523/573/523 525/578/525 522/572/522
f 18/577/18 526/579/526 524/576/524
f 16/580/16 526/579/526 18/577/18
f 523/573/523 527/581/527 525/578/525
f 524/576/524 527/581/527 523/573/523
f 527/581/527 524/576/524 528/582/528
f 528/582/528 524/576/524 526/579/526
f 526/579/526 16/580/16 14/583/14
f 529/584/529 527/581/527 528/582/528
f 530/585/530 526/579/526 14/583/14
f 530/585/530 14/583/14 11/586/11
f 11/586/11 9/587/9 530/585/530
f 530/585/530 528/582/528 526/579/526
f 530/585/530 9/587/9 531/588/531
f 531/588/531 9/587/9 7/589/7
f 532/590/532 528/582/528 530/585/530
f 531/588/531 7/589/7 533/591/533
f 533/591/533 7/589/7 6/592/6
f 530/585/530 531/588/531 534/593/534
f 531/588/531 533/591/533 534/593/534
f 534/593/534 532/590/532 530/585/530
f 533/591/533 6/592/6 535/594/535
f 6/592/6 5/595/5 535/594/535
f 535/594/535 5/595/5 536/596/536
f 5/595/5 1/597/1 536/596/536
f 536/596/536 537/598/537 535/594/535
f 536/596/536 1/597/1 537/598/537
f 1/597/1 3/599/3 538/600/538
f 537/598/537 1/597/1 538/600/538
f 539/601/539 534/593/534 533/591/533
f 535/594/535 539/601/539 533/591/533
f 535/594/535 537/598/537 540/602/540
f 540/602/540 539/601/539 535/594/535
f 539/601/539 541/603/541 534/593/534
f 542/604/542 541/603/541 539/601/539
f 540/602/540 542/604/542 539/601/539
f 541/603/541 532/590/532 534/593/534
f 532/590/532 529/584/529 528/582/528
f 541/603/541 543/605/543 532/590/532
f 532/590/532 544/606/544 529/584/529
f 543/605/543 544/606/544 532/590/532
f 545/607/545 527/581/527 529/584/529
f 527/581/527 545/607/545 525/578/525
f 545/607/545 529/584/529 544/606/544
f 546/608/546 544/606/544 547/609/547
f 546/608/546 545/607/545 544/606/544
f 545/607/545 546/608/546 525/578/525
f 525/578/525 546/608/546 548/610/548
f 520/568/520 549/611/549 519/566/519
f 520/568/520 522/572/522 549/611/549
f 522/572/522 525/578/525 550/612/550
f 522/572/522 550/612/550 549/611/549
f 525/578/525 548/610/548 550/612/550
f 551/613/551 518/565/518 519/566/519
f 519/566/519 549/611/549 551/613/551
f 549/611/549 552/614/552 551/613/551
f 549/611/549 550/612/550 552/614/552
f 551/613/551 552/614/552 553/615/553
f 551/613/551 553/615/553 518/565/518
f 518/565/518 554/616/554 430/448/430
f 554/616/554 429/446/429 430/448/430
f 553/615/553 554/616/554 518/565/518
f 552/614/552 555/617/555 553/615/553
f 554/616/554 556/618/556 429/446/429
f 556/618/556 427/444/427 429/446/429
f 557/619/557 556/618/556 554/616/554
f 553/615/553 557/619/557 554/616/554
f 555/617/555 557/619/557 553/615/553
f 552/614/552 558/620/558 555/617/555
f 550/612/550 558/620/558 552/614/552
f 558/620/558 559/621/559 555/617/555
f 555/617/555 559/621/559 557/619/557
f 548/610/548 560/622/560 550/612/550
f 550/612/550 560/622/560 558/620/558
f 560/622/560 561/623/561 558/620/558
f 559/621/559 558/620/558 561/623/561
f 556/618/556 557/619/557 562/624/562
f 559/621/559 562/624/562 557/619/557
f 561/623/561 563/625/563 559/621/559
f 562/624/562 427/444/427 556/618/556
f 559/621/559 563/625/563 564/626/564
f 564/626/564 562/624/562 559/621/559
f 565/627/565 562/624/562 564/626/564
f 427/444/427 566/628/566 424/441/424
f 566/628/566 423/440/423 424/441/424
f 566/628/566 427/444/427 562/624/562
f 566/628/566 562/624/562 565/627/565
f 565/627/565 564/626/564 567/629/567
f 566/628/566 565/627/565 567/629/567
f 568/630/568 566/628/566 567/629/567
f 566/628/566 568/630/568 569/631/569
f 426/443/426 423/440/423 569/631/569
f 423/440/423 566/628/566 569/631/569
f 567/629/567 564/626/564 570/632/570
f 571/633/571 426/443/426 569/631/569
f 563/625/563 572/634/572 564/626/564
f 572/634/572 570/632/570 564/626/564
f 568/630/568 567/629/567 573/635/573
f 567/629/567 570/632/570 573/635/573
f 572/634/572 574/636/574 570/632/570
f 570/632/570 574/636/574 573/635/573
f 571/633/571 569/631/569 575/637/575
f 568/630/568 573/635/573 576/638/576
f 569/631/569 568/630/568 576/638/576
f 576/638/576 577/639/577 569/631/569
f 569/631/569 577/639/577 575/637/575
f 578/640/578 571/633/571 575/637/575
f 579/641/579 575/637/575 577/639/577
f 578/640/578 575/637/575 579/641/579
f 580/642/580 577/639/577 576/638/576
f 581/643/581 577/639/577 580/642/580
f 577/639/577 581/643/581 579/641/579
f 576/638/576 573/635/573 582/644/582
f 576/638/576 582/644/582 580/642/580
f 579/641/579 581/643/581 583/645/583
f 581/643/581 584/646/584 583/645/583
f 581/643/581 580/642/580 584/646/584
f 578/640/578 579/641/579 585/647/585
f 585/647/585 579/641/579 583/645/583
f 583/645/583 584/646/584 586/648/586
f 587/649/587 583/645/583 586/648/586
f 585/647/585 583/645/583 587/649/587
f 588/650/588 578/640/578 585/647/585
f 589/651/589 585/647/585 587/649/587
f 588/650/588 585/647/585 589/651/589
f 590/652/590 571/633/571 578/640/578
f 590/652/590 578/640/578 588/650/588
f 591/653/591 426/443/426 571/633/571
f 422/439/422 426/443/426 591/653/591
f 571/633/571 590/652/590 591/653/591
f 592/654/592 590/652/590 588/650/588
f 592/654/592 588/650/588 589/651/589
f 590/652/590 592/654/592 593/655/593
f 590/652/590 593/655/593 591/653/591
f 593/655/593 594/656/594 591/653/591
f 420/437/420 417/434/417 422/439/422
f 595/657/595 422/439/422 591/653/591
f 594/656/594 595/657/595 591/653/591
f 596/658/596 422/439/422 595/657/595
f 420/437/420 422/439/422 596/658/596
f 593/655/593 597/659/597 594/656/594
f 597/659/597 595/657/595 594/656/594
f 420/437/420 598/660/598 419/436/419
f 420/437/420 599/661/599 598/660/598
f 596/658/596 599/661/599 420/437/420
f 600/662/600 598/660/598 599/661/599
f 413/430/413 419/436/419 601/663/601
f 598/660/598 601/663/601 419/436/419
f 602/664/602 599/661/599 596/658/596
f 596/658/596 595/657/595 602/664/602
f 597/659/597 602/664/602 595/657/595
f 602/664/602 603/665/603 599/661/599
f 599/661/599 603/665/603 600/662/600
f 604/666/604 602/664/602 597/659/597
f 604/666/604 603/665/603 602/664/602
f 600/662/600 603/665/603 605/667/605
f 606/668/606 605/667/605 603/665/603
f 604/666/604 606/668/606 603/665/603
f 607/669/607 608/670/608 600/662/600
f 605/667/605 607/669/607 600/662/600
f 609/671/609 608/670/608 607/669/607
f 608/670/608 610/672/610 600/662/600
f 600/662/600 610/672/610 598/660/598
f 609/671/609 611/673/611 608/670/608
f 608/670/608 611/673/611 610/672/610
f 612/674/612 598/660/598 610/672/610
f 611/673/611 612/674/612 610/672/610
f 609/671/609 613/675/613 611/673/611
f 598/660/598 614/676/614 601/663/601
f 614/676/614 598/660/598 612/674/612
f 615/677/615 613/675/613 609/671/609
f 615/677/615 616/678/616 613/675/613
f 617/679/617 612/674/612 611/673/611
f 611/673/611 613/675/613 618/680/618
f 617/679/617 619/681/619 612/674/612
f 612/674/612 619/681/619 614/676/614
f 620/682/620 611/673/611 618/680/618
f 617/679/617 611/673/611 620/682/620
f 613/675/613 616/678/616 621/683/621
f 618/680/618 613/675/613 621/683/621
f 619/681/619 617/679/617 622/684/622
f 622/684/622 617/679/617 620/682/620
f 623/685/623 619/681/619 622/684/622
f 619/681/619 623/685/623 624/686/624
f 624/686/624 623/685/623 625/687/625
f 625/687/625 623/685/623 626/688/626
f 597/659/597 626/688/626 604/666/604
f 622/684/622 620/682/620 627/689/627
f 627/689/627 620/682/620 618/680/618
f 626/688/626 628/690/628 604/666/604
f 623/685/623 628/690/628 626/688/626
f 622/684/622 628/690/628 623/685/623
f 628/690/628 606/668/606 604/666/604
f 622/684/622 627/689/627 629/691/629
f 628/690/628 629/691/629 606/668/606
f 629/691/629 628/690/628 622/684/622
f 629/691/629 627/689/627 630/692/630
f 606/668/606 630/692/630 605/667/605
f 629/691/629 630/692/630 606/668/606
f 630/692/630 607/669/607 605/667/605
f 630/692/630 627/689/627 631/693/631
f 631/693/631 607/669/607 630/692/630
f 631/693/631 609/671/609 607/669/607
f 632/694/632 627/689/627 618/680/618
f 627/689/627 632/694/632 631/693/631
f 631/693/631 632/694/632 609/671/609
f 633/695/633 615/677/615 609/671/609
f 632/694/632 633/695/633 609/671/609
f 634/696/634 616/678/616 615/677/615
f 634/696/634 615/677/615 633/695/633
f 633/695/633 621/683/621 634/696/634
f 618/680/618 621/683/621 632/694/632
f 632/694/632 621/683/621 633/695/633
f 621/683/621 616/678/616 634/696/634
f 635/697/635 626/688/626 597/659/597
f 626/688/626 635/697/635 625/687/625
f 625/687/625 636/698/636 624/686/624
f 635/697/635 636/698/636 625/687/625
f 637/699/637 635/697/635 597/659/597
f 636/698/636 638/700/638 624/686/624
f 639/701/639 636/698/636 635/697/635
f 639/701/639 635/697/635 637/699/637
f 639/701/639 586/648/586 584/646/584
f 639/701/639 640/702/640 586/648/586
f 637/699/637 597/659/597 640/702/640
f 639/701/639 637/699/637 640/702/640
f 597/659/597 593/655/593 641/703/641
f 641/703/641 640/702/640 597/659/597
f 592/654/592 642/704/642 593/655/593
f 641/703/641 593/655/593 642/704/642
f 592/654/592 589/651/589 642/704/642
f 639/701/639 643/705/643 636/698/636
f 580/642/580 643/705/643 584/646/584
f 584/646/584 643/705/643 639/701/639
f 642/704/642 589/651/589 644/706/644
f 642/704/642 644/706/644 641/703/641
f 589/651/589 587/649/587 644/706/644
f 641/703/641 644/706/644 645/707/645
f 645/707/645 640/702/640 641/703/641
f 644/706/644 587/649/587 646/708/646
f 640/702/640 645/707/645 646/708/646
f 587/649/587 586/648/586 646/708/646
f 640/702/640 646/708/646 586/648/586
f 645/707/645 644/706/644 646/708/646
f 580/642/580 647/709/647 643/705/643
f 648/710/648 643/705/643 647/709/647
f 636/698/636 643/705/643 648/710/648
f 580/642/580 582/644/582 649/711/649
f 580/642/580 649/711/649 647/709/647
f 636/698/636 648/710/648 638/700/638
f 638/700/638 648/710/648 650/712/650
f 650/712/650 648/710/648 647/709/647
f 651/713/651 619/681/619 624/686/624
f 638/700/638 651/713/651 624/686/624
f 651/713/651 638/700/638 652/714/652
f 638/700/638 650/712/650 652/714/652
f 653/715/653 614/676/614 619/681/619
f 651/713/651 653/715/653 619/681/619
f 653/715/653 651/713/651 652/714/652
f 601/663/601 614/676/614 654/716/654
f 654/716/654 614/676/614 653/715/653
f 654/716/654 653/715/653 655/717/655
f 653/715/653 652/714/652 655/717/655
f 656/718/656 601/663/601 654/716/654
f 656/718/656 413/430/413 601/663/601
f 413/430/413 656/718/656 405/422/405
f 656/718/656 403/420/403 405/422/405
f 657/719/657 403/420/403 656/718/656
f 654/716/654 655/717/655 657/719/657
f 655/717/655 403/420/403 657/719/657
f 657/719/657 656/718/656 654/716/654
f 658/720/658 655/717/655 652/714/652
f 658/720/658 394/409/394 403/420/403
f 658/720/658 397/412/397 394/409/394
f 658/720/658 403/420/403 655/717/655
f 659/721/659 658/720/658 652/714/652
f 659/721/659 397/412/397 658/720/658
f 395/410/395 397/412/397 660/722/660
f 659/721/659 660/722/660 397/412/397
f 661/723/661 652/714/652 650/712/650
f 661/723/661 660/722/660 659/721/659
f 661/723/661 659/721/659 652/714/652
f 662/724/662 661/723/661 650/712/650
f 661/723/661 662/724/662 660/722/660
f 650/712/650 647/709/647 662/724/662
f 660/722/660 662/724/662 663/725/663
f 663/725/663 662/724/662 664/726/664
f 664/726/664 662/724/662 647/709/647
f 665/727/665 660/722/660 663/725/663
f 665/727/665 395/410/395 660/722/660
f 666/728/666 391/405/391 395/410/395
f 80/406/80 391/405/391 666/728/666
f 666/728/666 395/410/395 665/727/665
f 667/729/667 666/728/666 665/727/665
f 667/729/667 665/727/665 664/726/664
f 664/726/664 665/727/665 663/725/663
f 667/729/667 80/406/80 666/728/666
f 668/730/668 667/729/667 664/726/664
f 538/600/538 3/599/3 668/730/668
f 669/731/669 647/709/647 649/711/649
f 668/730/668 664/726/664 669/731/669
f 664/726/664 647/709/647 669/731/669
f 670/732/670 668/730/668 669/731/669
f 669/731/669 649/711/649 670/732/670
f 671/733/671 668/730/668 670/732/670
f 668/730/668 671/733/671 538/600/538
f 672/734/672 670/732/670 649/711/649
f 673/735/673 670/732/670 672/734/672
f 671/733/671 670/732/670 673/735/673
f 674/736/674 672/734/672 649/711/649
f 675/737/675 674/736/674 649/711/649
f 675/737/675 649/711/649 582/644/582
f 573/635/573 675/737/675 582/644/582
f 676/738/676 672/734/672 674/736/674
f 675/737/675 676/738/676 674/736/674
f 677/739/677 676/738/676 675/737/675
f 573/635/573 677/739/677 675/737/675
f 672/734/672 678/740/678 673/735/673
f 678/740/678 672/734/672 679/741/679
f 679/741/679 672/734/672 676/738/676
f 676/738/676 677/739/677 680/742/680
f 676/738/676 681/743/681 679/741/679
f 676/738/676 680/742/680 681/743/681
f 679/741/679 681/743/681 682/744/682
f 680/742/680 683/745/683 681/743/681
f 681/743/681 684/746/684 682/744/682
f 681/743/681 683/745/683 684/746/684
f 682/744/682 685/747/685 679/741/679
f 680/742/680 686/748/686 683/745/683
f 678/740/678 679/741/679 687/749/687
f 687/749/687 679/741/679 685/747/685
f 688/750/688 678/740/678 687/749/687
f 677/739/677 689/751/689 680/742/680
f 573/635/573 689/751/689 677/739/677
f 671/733/671 673/735/673 690/752/690
f 538/600/538 690/752/690 537/598/537
f 538/600/538 671/733/671 690/752/690
f 690/752/690 673/735/673 678/740/678
f 690/752/690 678/740/678 688/750/688
f 537/598/537 690/752/690 688/750/688
f 537/598/537 688/750/688 540/602/540
f 668/730/668 691/753/691 667/729/667
f 3/599/3 691/753/691 668/730/668
f 688/750/688 687/749/687 542/604/542
f 688/750/688 542/604/542 540/602/540
f 687/749/687 685/747/685 542/604/542
f 542/604/542 685/747/685 541/603/541
f 541/603/541 692/754/692 543/605/543
f 685/747/685 692/754/692 541/603/541
f 685/747/685 682/744/682 692/754/692
f 692/754/692 547/609/547 543/605/543
f 543/605/543 547/609/547 544/606/544
f 692/754/692 693/755/693 547/609/547
f 692/754/692 682/744/682 693/755/693
f 682/744/682 684/746/684 693/755/693
f 694/756/694 547/609/547 693/755/693
f 695/757/695 546/608/546 547/609/547
f 546/608/546 695/757/695 548/610/548
f 548/610/548 695/757/695 560/622/560
f 694/756/694 695/757/695 547/609/547
f 695/757/695 694/756/694 560/622/560
f 694/756/694 561/623/561 560/622/560
f 694/756/694 693/755/693 684/746/684
f 696/758/696 694/756/694 684/746/684
f 561/623/561 696/758/696 563/625/563
f 694/756/694 696/758/696 561/623/561
f 683/745/683 696/758/696 684/746/684
f 697/759/697 696/758/696 683/745/683
f 563/625/563 697/759/697 572/634/572
f 696/758/696 697/759/697 563/625/563
f 686/748/686 697/759/697 683/745/683
f 697/759/697 698/760/698 572/634/572
f 698/760/698 697/759/697 686/748/686
f 680/742/680 699/761/699 686/748/686
f 698/760/698 700/762/700 572/634/572
f 700/762/700 698/760/698 686/748/686
f 686/748/686 699/761/699 700/762/700
f 701/763/701 699/761/699 680/742/680
f 701/763/701 680/742/680 689/751/689
f 701/763/701 702/764/702 699/761/699
f 700/762/700 699/761/699 702/764/702
f 572/634/572 700/762/700 703/765/703
f 700/762/700 702/764/702 703/765/703
f 574/636/574 572/634/572 703/765/703
f 703/765/703 702/764/702 701/763/701
f 703/765/703 701/763/701 573/635/573
f 573/635/573 701/763/701 689/751/689
f 574/636/574 703/765/703 573/635/573
f 111/766/111 109/767/109 704/768/704
f 704/768/704 114/769/114 111/766/111
f 704/768/704 109/767/109 705/770/705
f 705/770/705 109/767/109 107/771/107
f 704/768/704 706/772/706 114/769/114
f 706/772/706 116/773/116 114/769/114
f 705/770/705 107/771/107 707/774/707
f 707/774/707 107/771/107 106/775/106
f 705/770/705 707/774/707 708/776/708
f 704/768/704 705/770/705 708/776/708
f 707/774/707 106/775/106 709/777/709
f 106/775/106 105/778/105 709/777/709
f 709/777/709 105/778/105 710/779/710
f 105/778/105 101/780/101 710/779/710
f 710/779/710 711/781/711 709/777/709
f 710/779/710 101/780/101 711/781/711
f 709/777/709 712/782/712 707/774/707
f 101/780/101 103/783/103 713/784/713
f 711/781/711 101/780/101 713/784/713
f 714/785/714 712/782/712 709/777/709
f 709/777/709 711/781/711 714/785/714
f 712/782/712 708/776/708 707/774/707
f 714/785/714 715/786/715 712/782/712
f 715/786/715 716/787/716 712/782/712
f 712/782/712 716/787/716 708/776/708
f 708/776/708 717/788/717 704/768/704
f 716/787/716 717/788/717 708/776/708
f 717/788/717 718/789/718 704/768/704
f 704/768/704 718/789/718 706/772/706
f 717/788/717 719/790/719 718/789/718
f 716/787/716 720/791/720 717/788/717
f 720/791/720 721/792/721 717/788/717
f 717/788/717 721/792/721 719/790/719
f 116/773/116 706/772/706 118/793/118
f 718/789/718 722/794/722 706/772/706
f 118/793/118 706/772/706 722/794/722
f 123/795/123 118/793/118 722/794/722
f 723/796/723 722/794/722 718/789/718
f 719/790/719 723/796/723 718/789/718
f 123/795/123 722/794/722 724/797/724
f 125/798/125 123/795/123 724/797/724
f 724/797/724 128/799/128 125/798/125
f 722/794/722 723/796/723 724/797/724
f 725/800/725 128/799/128 724/797/724
f 130/801/130 128/799/128 725/800/725
f 724/797/724 723/796/723 726/802/726
f 727/803/727 130/801/130 725/800/725
f 132/804/132 130/801/130 727/803/727
f 728/805/728 727/803/727 725/800/725
f 724/797/724 726/802/726 728/805/728
f 728/805/728 725/800/725 724/797/724
f 729/806/729 132/804/132 727/803/727
f 729/806/729 133/807/133 132/804/132
f 730/808/730 133/807/133 729/806/729
f 730/808/730 134/809/134 133/807/133
f 729/806/729 731/810/731 730/808/730
f 731/810/731 134/809/134 730/808/730
f 732/811/732 134/809/134 731/810/731
f 732/811/732 136/812/136 134/809/134
f 727/803/727 728/805/728 733/813/733
f 727/803/727 733/813/733 729/806/729
f 734/814/734 731/810/731 729/806/729
f 729/806/729 733/813/733 734/814/734
f 728/805/728 735/815/735 733/813/733
f 733/813/733 735/815/735 736/816/736
f 733/813/733 736/816/736 734/814/734
f 728/805/728 726/802/726 735/815/735
f 723/796/723 737/817/737 726/802/726
f 737/817/737 723/796/723 719/790/719
f 737/817/737 719/790/719 721/792/721
f 726/802/726 738/818/738 735/815/735
f 737/817/737 739/819/739 726/802/726
f 726/802/726 739/819/739 738/818/738
f 739/819/739 737/817/737 721/792/721
f 739/819/739 721/792/721 740/820/740
f 741/821/741 739/819/739 740/820/740
f 739/819/739 741/821/741 738/818/738
f 720/791/720 740/820/740 721/792/721
f 742/822/742 741/821/741 740/820/740
f 738/818/738 741/821/741 743/823/743
f 738/818/738 743/823/743 735/815/735
f 741/821/741 744/824/744 743/823/743
f 744/824/744 741/821/741 742/822/742
f 744/824/744 745/825/745 743/823/743
f 746/826/746 742/822/742 740/820/740
f 746/826/746 740/820/740 720/791/720
f 735/815/735 743/823/743 747/827/747
f 743/823/743 745/825/745 747/827/747
f 735/815/735 747/827/747 736/816/736
f 734/814/734 736/816/736 748/828/748
f 734/814/734 748/828/748 731/810/731
f 736/816/736 749/829/749 748/828/748
f 736/816/736 747/827/747 749/829/749
f 731/810/731 750/830/750 732/811/732
f 748/828/748 750/830/750 731/810/731
f 748/828/748 751/831/751 750/830/750
f 749/829/749 751/831/751 748/828/748
f 749/829/749 752/832/752 751/831/751
f 747/827/747 752/832/752 749/829/749
f 752/832/752 747/827/747 745/825/745
f 751/831/751 753/833/753 750/830/750
f 744/824/744 754/834/754 745/825/745
f 750/830/750 755/835/755 732/811/732
f 750/830/750 753/833/753 755/835/755
f 752/832/752 756/836/756 751/831/751
f 753/833/753 751/831/751 756/836/756
f 732/811/732 755/835/755 757/837/757
f 757/837/757 136/812/136 732/811/732
f 753/833/753 758/838/758 755/835/755
f 756/836/756 758/838/758 753/833/753
f 758/838/758 757/837/757 755/835/755
f 759/839/759 758/838/758 756/836/756
f 760/840/760 757/837/757 758/838/758
f 758/838/758 759/839/759 760/840/760
f 759/839/759 756/836/756 761/841/761
f 762/842/762 756/836/756 752/832/752
f 761/841/761 756/836/756 762/842/762
f 761/841/761 762/842/762 763/843/763
f 759/839/759 761/841/761 763/843/763
f 764/844/764 759/839/759 763/843/763
f 745/825/745 765/845/765 752/832/752
f 745/825/745 754/834/754 765/845/765
f 752/832/752 765/845/765 762/842/762
f 763/843/763 762/842/762 766/846/766
f 767/847/767 766/846/766 762/842/762
f 765/845/765 767/847/767 762/842/762
f 765/845/765 768/848/768 767/847/767
f 754/834/754 768/848/768 765/845/765
f 763/843/763 766/846/766 769/849/769
f 764/844/764 763/843/763 769/849/769
f 768/848/768 770/850/770 767/847/767
f 766/846/766 771/851/771 769/849/769
f 767/847/767 771/851/771 766/846/766
f 770/850/770 772/852/772 767/847/767
f 771/851/771 767/847/767 773/853/773
f 767/847/767 772/852/772 773/853/773
f 772/852/772 770/850/770 774/854/774
f 770/850/770 768/848/768 774/854/774
f 772/852/772 775/855/775 773/853/773
f 771/851/771 773/853/773 769/849/769
f 776/856/776 772/852/772 774/854/774
f 775/855/775 772/852/772 776/856/776
f 773/853/773 775/855/775 777/857/777
f 773/853/773 777/857/777 769/849/769
f 769/849/769 777/857/777 778/858/778
f 777/857/777 775/855/775 776/856/776
f 777/857/777 776/856/776 779/859/779
f 777/857/777 779/859/779 778/858/778
f 769/849/769 778/858/778 780/860/780
f 780/860/780 778/858/778 779/859/779
f 779/859/779 776/856/776 774/854/774
f 779/859/779 774/854/774 781/861/781
f 774/854/774 768/848/768 781/861/781
f 768/848/768 754/834/754 781/861/781
f 779/859/779 781/861/781 782/862/782
f 781/861/781 754/834/754 783/863/783
f 754/834/754 744/824/744 783/863/783
f 744/824/744 742/822/742 783/863/783
f 782/862/782 781/861/781 783/863/783
f 784/864/784 783/863/783 742/822/742
f 782/862/782 783/863/783 784/864/784
f 746/826/746 784/864/784 742/822/742
f 785/865/785 782/862/782 784/864/784
f 786/866/786 784/864/784 746/826/746
f 784/864/784 786/866/786 785/865/785
f 716/787/716 746/826/746 720/791/720
f 786/866/786 746/826/746 716/787/716
f 715/786/715 786/866/786 716/787/716
f 787/867/787 786/866/786 715/786/715
f 788/868/788 787/867/787 715/786/715
f 711/781/711 788/868/788 714/785/714
f 788/868/788 715/786/715 714/785/714
f 787/867/787 785/865/785 786/866/786
f 711/781/711 789/869/789 788/868/788
f 713/784/713 789/869/789 711/781/711
f 790/870/790 785/865/785 787/867/787
f 789/869/789 790/870/790 788/868/788
f 788/868/788 790/870/790 787/867/787
f 713/784/713 791/871/791 789/869/789
f 791/871/791 792/872/792 789/869/789
f 789/869/789 792/872/792 790/870/790
f 790/870/790 793/873/793 785/865/785
f 793/873/793 790/870/790 792/872/792
f 794/874/794 782/862/782 785/865/785
f 794/874/794 779/859/779 782/862/782
f 794/874/794 780/860/780 779/859/779
f 785/865/785 793/873/793 794/874/794
f 769/849/769 780/860/780 795/875/795
f 780/860/780 794/874/794 795/875/795
f 794/874/794 793/873/793 796/876/796
f 795/875/795 794/874/794 796/876/796
f 796/876/796 793/873/793 797/877/797
f 795/875/795 796/876/796 797/877/797
f 795/875/795 797/877/797 798/878/798
f 769/849/769 795/875/795 798/878/798
f 792/872/792 799/879/799 793/873/793
f 791/871/791 799/879/799 792/872/792
f 793/873/793 799/879/799 797/877/797
f 791/871/791 800/880/800 799/879/799
f 764/844/764 769/849/769 801/881/801
f 801/881/801 769/849/769 798/878/798
f 799/879/799 800/880/800 802/882/802
f 802/882/802 797/877/797 799/879/799
f 800/880/800 791/871/791 713/784/713
f 713/784/713 103/783/103 800/880/800
f 800/880/800 803/883/803 802/882/802
f 103/783/103 804/884/804 800/880/800
f 800/880/800 805/885/805 803/883/803
f 800/880/800 804/884/804 805/885/805
f 102/886/102 804/884/804 103/783/103
f 805/885/805 806/887/806 803/883/803
f 803/883/803 806/887/806 807/888/807
f 102/886/102 808/889/808 804/884/804
f 104/890/104 808/889/808 102/886/102
f 805/885/805 809/891/809 806/887/806
f 108/892/108 808/889/808 104/890/104
f 108/892/108 810/893/810 808/889/808
f 110/894/110 810/893/810 108/892/108
f 112/895/112 810/893/810 110/894/110
f 808/889/808 810/893/810 811/896/811
f 112/895/112 812/897/812 810/893/810
f 113/898/113 812/897/812 112/895/112
f 811/896/811 810/893/810 813/899/813
f 810/893/810 812/897/812 813/899/813
f 115/900/115 812/897/812 113/898/113
f 813/899/813 812/897/812 814/901/814
f 115/900/115 815/902/815 812/897/812
f 117/903/117 815/902/815 115/900/115
f 812/897/812 815/902/815 816/904/816
f 814/901/814 812/897/812 816/904/816
f 117/903/117 817/905/817 815/902/815
f 119/906/119 817/905/817 117/903/117
f 815/902/815 817/905/817 816/904/816
f 138/907/138 817/905/817 119/906/119
f 816/904/816 817/905/817 818/908/818
f 138/907/138 819/909/819 817/905/817
f 140/910/140 819/909/819 138/907/138
f 817/905/817 819/909/819 818/908/818
f 142/911/142 819/909/819 140/910/140
f 818/908/818 819/909/819 820/912/820
f 142/911/142 821/913/821 819/909/819
f 144/914/144 821/913/821 142/911/142
f 819/909/819 821/913/821 820/912/820
f 146/915/146 821/913/821 144/914/144
f 820/912/820 821/913/821 822/916/822
f 146/915/146 823/917/823 821/913/821
f 148/918/148 823/917/823 146/915/146
f 823/917/823 824/919/824 821/913/821
f 822/916/822 821/913/821 824/919/824
f 148/918/148 825/920/825 823/917/823
f 825/920/825 148/918/148 149/921/149
f 823/917/823 825/920/825 824/919/824
f 825/920/825 149/921/149 152/922/152
f 824/919/824 825/920/825 826/923/826
f 825/920/825 152/922/152 827/924/827
f 154/925/154 827/924/827 152/922/152
f 825/920/825 827/924/827 826/923/826
f 156/926/156 827/924/827 154/925/154
f 826/923/826 827/924/827 828/927/828
f 156/926/156 829/928/829 827/924/827
f 157/929/157 829/928/829 156/926/156
f 827/924/827 829/928/829 828/927/828
f 160/930/160 829/928/829 157/929/157
f 828/927/828 829/928/829 830/931/830
f 160/930/160 831/932/831 829/928/829
f 162/933/162 831/932/831 160/930/160
f 830/931/830 829/928/829 832/934/832
f 829/928/829 831/932/831 832/934/832
f 163/935/163 831/932/831 162/933/162
f 163/935/163 833/936/833 831/932/831
f 165/937/165 833/936/833 163/935/163
f 832/934/832 831/932/831 834/938/834
f 831/932/831 833/936/833 834/938/834
f 165/937/165 835/939/835 833/936/833
f 172/940/172 835/939/835 165/937/165
f 833/936/833 835/939/835 834/938/834
f 177/941/177 835/939/835 172/940/172
f 834/938/834 835/939/835 836/942/836
f 177/941/177 837/943/837 835/939/835
f 179/944/179 837/943/837 177/941/177
f 835/939/835 837/943/837 838/945/838
f 836/942/836 835/939/835 838/945/838
f 836/942/836 839/946/839 834/938/834
f 836/942/836 840/947/840 839/946/839
f 838/945/838 840/947/840 836/942/836
f 834/938/834 841/948/841 832/934/832
f 834/938/834 839/946/839 841/948/841
f 179/944/179 842/949/842 837/943/837
f 837/943/837 842/949/842 843/950/843
f 838/945/838 837/943/837 843/950/843
f 832/934/832 844/951/844 830/931/830
f 832/934/832 841/948/841 844/951/844
f 830/931/830 844/951/844 828/927/828
f 845/952/845 841/948/841 846/953/846
f 845/952/845 844/951/844 841/948/841
f 828/927/828 844/951/844 847/954/847
f 848/955/848 847/954/847 844/951/844
f 848/955/848 844/951/844 845/952/845
f 845/952/845 846/953/846 187/956/187
f 185/957/185 845/952/845 187/956/187
f 848/955/848 845/952/845 185/957/185
f 181/958/181 848/955/848 185/957/185
f 846/953/846 841/948/841 839/946/839
f 187/956/187 846/953/846 190/959/190
f 846/953/846 849/960/849 190/959/190
f 846/953/846 839/946/839 849/960/849
f 849/960/849 839/946/839 840/947/840
f 190/959/190 849/960/849 191/961/191
f 849/960/849 840/947/840 850/962/850
f 849/960/849 850/962/850 191/961/191
f 850/962/850 840/947/840 851/963/851
f 838/945/838 851/963/851 840/947/840
f 850/962/850 851/963/851 194/964/194
f 850/962/850 194/964/194 191/961/191
f 843/950/843 851/963/851 838/945/838
f 194/964/194 851/963/851 852/965/852
f 194/964/194 852/965/852 195/966/195
f 852/965/852 851/963/851 853/967/853
f 843/950/843 853/967/853 851/963/851
f 843/950/843 842/949/842 854/968/854
f 854/968/854 853/967/853 843/950/843
f 852/965/852 197/969/197 195/966/195
f 853/967/853 197/969/197 852/965/852
f 197/969/197 855/970/855 198/971/198
f 197/969/197 856/972/856 855/970/855
f 854/968/854 856/972/856 853/967/853
f 197/969/197 853/967/853 856/972/856
f 855/970/855 857/973/857 198/971/198
f 198/971/198 857/973/857 196/974/196
f 855/970/855 858/975/858 857/973/857
f 855/970/855 856/972/856 858/975/858
f 859/976/859 856/972/856 854/968/854
f 860/977/860 856/972/856 859/976/859
f 859/976/859 804/884/804 860/977/860
f 860/977/860 858/975/858 856/972/856
f 857/973/857 861/978/861 196/974/196
f 196/974/196 861/978/861 193/979/193
f 857/973/857 862/980/862 861/978/861
f 857/973/857 858/975/858 862/980/862
f 804/884/804 808/889/808 860/977/860
f 811/896/811 858/975/858 860/977/860
f 811/896/811 862/980/862 858/975/858
f 860/977/860 808/889/808 811/896/811
f 842/949/842 804/884/804 859/976/859
f 854/968/854 842/949/842 859/976/859
f 804/884/804 842/949/842 805/885/805
f 861/978/861 862/980/862 863/981/863
f 813/899/813 863/981/863 811/896/811
f 811/896/811 863/981/863 862/980/862
f 180/982/180 805/885/805 842/949/842
f 179/944/179 180/982/180 842/949/842
f 805/885/805 180/982/180 809/891/809
f 180/982/180 864/983/864 809/891/809
f 178/984/178 864/983/864 180/982/180
f 809/891/809 864/983/864 865/985/865
f 809/891/809 865/985/865 806/887/806
f 178/984/178 866/986/866 864/983/864
f 178/984/178 174/987/174 866/986/866
f 806/887/806 867/988/867 807/888/807
f 806/887/806 865/985/865 867/988/867
f 867/988/867 868/989/868 807/888/807
f 864/983/864 866/986/866 869/990/869
f 864/983/864 869/990/869 865/985/865
f 865/985/865 869/990/869 870/991/870
f 865/985/865 870/991/870 867/988/867
f 174/987/174 871/992/871 866/986/866
f 169/993/169 871/992/871 174/987/174
f 871/992/871 872/994/872 866/986/866
f 866/986/866 872/994/872 869/990/869
f 872/994/872 873/995/873 869/990/869
f 869/990/869 873/995/873 870/991/870
f 169/993/169 874/996/874 871/992/871
f 167/997/167 874/996/874 169/993/169
f 871/992/871 875/998/875 872/994/872
f 874/996/874 875/998/875 871/992/871
f 876/999/876 875/998/875 874/996/874
f 876/999/876 874/996/874 167/997/167
f 170/1000/170 876/999/876 167/997/167
f 872/994/872 877/1001/877 873/995/873
f 875/998/875 877/1001/877 872/994/872
f 878/1002/878 877/1001/877 875/998/875
f 878/1002/878 875/998/875 876/999/876
f 879/1003/879 876/999/876 170/1000/170
f 879/1003/879 878/1002/878 876/999/876
f 879/1003/879 170/1000/170 173/1004/173
f 880/1005/880 877/1001/877 878/1002/878
f 881/1006/881 879/1003/879 173/1004/173
f 176/1007/176 881/1006/881 173/1004/173
f 882/1008/882 879/1003/879 881/1006/881
f 882/1008/882 880/1005/880 878/1002/878
f 882/1008/882 878/1002/878 879/1003/879
f 883/1009/883 881/1006/881 176/1007/176
f 884/1010/884 882/1008/882 881/1006/881
f 884/1010/884 881/1006/881 883/1009/883
f 885/1011/885 882/1008/882 884/1010/884
f 885/1011/885 880/1005/880 882/1008/882
f 886/1012/886 873/995/873 877/1001/877
f 877/1001/877 880/1005/880 886/1012/886
f 886/1012/886 880/1005/880 887/1013/887
f 880/1005/880 885/1011/885 887/1013/887
f 888/1014/888 885/1011/885 884/1010/884
f 887/1013/887 885/1011/885 889/1015/889
f 885/1011/885 888/1014/888 889/1015/889
f 890/1016/890 884/1010/884 883/1009/883
f 888/1014/888 884/1010/884 890/1016/890
f 889/1015/889 888/1014/888 891/1017/891
f 892/1018/892 888/1014/888 890/1016/890
f 888/1014/888 893/1019/893 891/1017/891
f 892/1018/892 893/1019/893 888/1014/888
f 890/1016/890 883/1009/883 894/1020/894
f 895/1021/895 891/1017/891 893/1019/893
f 883/1009/883 176/1007/176 894/1020/894
f 892/1018/892 890/1016/890 896/1022/896
f 896/1022/896 894/1020/894 757/837/757
f 896/1022/896 890/1016/890 894/1020/894
f 896/1022/896 893/1019/893 892/1018/892
f 760/840/760 896/1022/896 757/837/757
f 757/837/757 897/1023/897 136/812/136
f 894/1020/894 897/1023/897 757/837/757
f 898/1024/898 893/1019/893 896/1022/896
f 760/840/760 898/1024/898 896/1022/896
f 136/812/136 897/1023/897 135/1025/135
f 893/1019/893 898/1024/898 895/1021/895
f 759/839/759 898/1024/898 760/840/760
f 898/1024/898 899/1026/899 895/1021/895
f 898/1024/898 759/839/759 900/1027/900
f 759/839/759 764/844/764 900/1027/900
f 895/1021/895 899/1026/899 901/1028/901
f 895/1021/895 902/1029/902 891/1017/891
f 902/1029/902 889/1015/889 891/1017/891
f 902/1029/902 895/1021/895 901/1028/901
f 902/1029/902 887/1013/887 889/1015/889
f 902/1029/902 901/1028/901 903/1030/903
f 904/1031/904 886/1012/886 887/1013/887
f 902/1029/902 904/1031/904 887/1013/887
f 904/1031/904 902/1029/902 905/1032/905
f 902/1029/902 903/1030/903 905/1032/905
f 906/1033/906 886/1012/886 904/1031/904
f 904/1031/904 905/1032/905 907/1034/907
f 906/1033/906 904/1031/904 907/1034/907
f 907/1034/907 908/1035/908 906/1033/906
f 908/1035/908 886/1012/886 906/1033/906
f 909/1036/909 873/995/873 886/1012/886
f 909/1036/909 870/991/870 873/995/873
f 909/1036/909 886/1012/886 908/1035/908
f 907/1034/907 910/1037/910 908/1035/908
f 911/1038/911 870/991/870 909/1036/909
f 911/1038/911 867/988/867 870/991/870
f 911/1038/911 909/1036/909 912/1039/912
f 910/1037/910 912/1039/912 908/1035/908
f 909/1036/909 908/1035/908 912/1039/912
f 913/1040/913 868/989/868 867/988/867
f 913/1040/913 867/988/867 911/1038/911
f 913/1040/913 911/1038/911 912/1039/912
f 868/989/868 913/1040/913 914/1041/914
f 913/1040/913 912/1039/912 914/1041/914
f 807/888/807 868/989/868 803/883/803
f 915/1042/915 914/1041/914 912/1039/912
f 803/883/803 916/1043/916 802/882/802
f 803/883/803 868/989/868 916/1043/916
f 914/1041/914 916/1043/916 868/989/868
f 802/882/802 916/1043/916 797/877/797
f 914/1041/914 917/1044/917 916/1043/916
f 915/1042/915 917/1044/917 914/1041/914
f 918/1045/918 798/878/798 797/877/797
f 918/1045/918 797/877/797 916/1043/916
f 917/1044/917 919/1046/919 916/1043/916
f 918/1045/918 916/1043/916 919/1046/919
f 920/1047/920 919/1046/919 917/1044/917
f 920/1047/920 917/1044/917 915/1042/915
f 921/1048/921 915/1042/915 912/1039/912
f 910/1037/910 921/1048/921 912/1039/912
f 915/1042/915 921/1048/921 922/1049/922
f 920/1047/920 915/1042/915 922/1049/922
f 921/1048/921 923/1050/923 922/1049/922
f 923/1050/923 924/1051/924 922/1049/922
f 921/1048/921 910/1037/910 923/1050/923
f 907/1034/907 925/1052/925 910/1037/910
f 905/1032/905 925/1052/925 907/1034/907
f 910/1037/910 925/1052/925 923/1050/923
f 926/1053/926 925/1052/925 905/1032/905
f 926/1053/926 905/1032/905 903/1030/903
f 927/1054/927 923/1050/923 928/1055/928
f 928/1055/928 923/1050/923 925/1052/925
f 925/1052/925 926/1053/926 928/1055/928
f 924/1051/924 923/1050/923 929/1056/929
f 923/1050/923 927/1054/927 929/1056/929
f 928/1055/928 926/1053/926 930/1057/930
f 931/1058/931 920/1047/920 922/1049/922
f 922/1049/922 924/1051/924 931/1058/931
f 932/1059/932 920/1047/920 931/1058/931
f 929/1056/929 927/1054/927 933/1060/933
f 934/1061/934 932/1059/932 931/1058/931
f 931/1058/931 924/1051/924 934/1061/934
f 929/1056/929 935/1062/935 924/1051/924
f 924/1051/924 935/1062/935 934/1061/934
f 927/1054/927 936/1063/936 933/1060/933
f 929/1056/929 933/1060/933 937/1064/937
f 933/1060/933 936/1063/936 938/1065/938
f 937/1064/937 933/1060/933 938/1065/938
f 939/1066/939 935/1062/935 929/1056/929
f 929/1056/929 937/1064/937 939/1066/939
f 935/1062/935 939/1066/939 940/1067/940
f 939/1066/939 941/1068/941 940/1067/940
f 939/1066/939 937/1064/937 941/1068/941
f 934/1061/934 935/1062/935 942/1069/942
f 935/1062/935 940/1067/940 942/1069/942
f 940/1067/940 941/1068/941 943/1070/943
f 940/1067/940 943/1070/943 944/1071/944
f 942/1069/942 940/1067/940 944/1071/944
f 945/1072/945 934/1061/934 942/1069/942
f 932/1059/932 934/1061/934 945/1072/945
f 942/1069/942 946/1073/946 945/1072/945
f 942/1069/942 944/1071/944 946/1073/946
f 947/1074/947 944/1071/944 943/1070/943
f 948/1075/948 944/1071/944 947/1074/947
f 946/1073/946 944/1071/944 948/1075/948
f 943/1070/943 949/1076/949 947/1074/947
f 946/1073/946 948/1075/948 950/1077/950
f 941/1068/941 949/1076/949 943/1070/943
f 949/1076/949 951/1078/951 947/1074/947
f 941/1068/941 937/1064/937 952/1079/952
f 952/1079/952 949/1076/949 941/1068/941
f 953/1080/953 951/1078/951 949/1076/949
f 952/1079/952 953/1080/953 949/1076/949
f 937/1064/937 954/1081/954 952/1079/952
f 954/1081/954 937/1064/937 938/1065/938
f 952/1079/952 954/1081/954 953/1080/953
f 954/1081/954 955/1082/955 953/1080/953
f 938/1065/938 956/1083/956 954/1081/954
f 955/1082/955 957/1084/957 953/1080/953
f 954/1081/954 956/1083/956 955/1082/955
f 958/1085/958 957/1084/957 955/1082/955
f 955/1082/955 956/1083/956 958/1085/958
f 958/1085/958 959/1086/959 957/1084/957
f 956/1083/956 959/1086/959 958/1085/958
f 960/1087/960 959/1086/959 956/1083/956
f 936/1063/936 960/1087/960 938/1065/938
f 938/1065/938 960/1087/960 956/1083/956
f 957/1084/957 959/1086/959 960/1087/960
f 957/1084/957 960/1087/960 953/1080/953
f 953/1080/953 960/1087/960 936/1063/936
f 927/1054/927 928/1055/928 936/1063/936
f 936/1063/936 928/1055/928 930/1057/930
f 951/1078/951 936/1063/936 930/1057/930
f 953/1080/953 936/1063/936 951/1078/951
f 951/1078/951 930/1057/930 947/1074/947
f 947/1074/947 930/1057/930 926/1053/926
f 947/1074/947 926/1053/926 948/1075/948
f 961/1088/961 948/1075/948 926/1053/926
f 961/1088/961 926/1053/926 903/1030/903
f 961/1088/961 903/1030/903 901/1028/901
f 950/1077/950 948/1075/948 961/1088/961
f 961/1088/961 962/1089/962 950/1077/950
f 961/1088/961 901/1028/901 962/1089/962
f 901/1028/901 899/1026/899 962/1089/962
f 950/1077/950 963/1090/963 946/1073/946
f 945/1072/945 946/1073/946 963/1090/963
f 950/1077/950 962/1089/962 963/1090/963
f 899/1026/899 964/1091/964 962/1089/962
f 898/1024/898 964/1091/964 899/1026/899
f 964/1091/964 898/1024/898 900/1027/900
f 962/1089/962 964/1091/964 965/1092/965
f 963/1090/963 962/1089/962 965/1092/965
f 965/1092/965 964/1091/964 966/1093/966
f 966/1093/966 964/1091/964 900/1027/900
f 945/1072/945 963/1090/963 967/1094/967
f 967/1094/967 963/1090/963 965/1092/965
f 968/1095/968 967/1094/967 965/1092/965
f 968/1095/968 945/1072/945 967/1094/967
f 969/1096/969 968/1095/968 965/1092/965
f 966/1093/966 969/1096/969 965/1092/965
f 966/1093/966 900/1027/900 970/1097/970
f 971/1098/971 966/1093/966 970/1097/970
f 969/1096/969 966/1093/966 971/1098/971
f 900/1027/900 764/844/764 801/881/801
f 801/881/801 972/1099/972 900/1027/900
f 900/1027/900 972/1099/972 970/1097/970
f 973/1100/973 970/1097/970 972/1099/972
f 971/1098/971 970/1097/970 973/1100/973
f 801/881/801 798/878/798 918/1045/918
f 918/1045/918 972/1099/972 801/881/801
f 974/1101/974 972/1099/972 918/1045/918
f 972/1099/972 974/1101/974 973/1100/973
f 918/1045/918 919/1046/919 975/1102/975
f 974/1101/974 918/1045/918 975/1102/975
f 974/1101/974 975/1102/975 976/1103/976
f 973/1100/973 974/1101/974 976/1103/976
f 977/1104/977 973/1100/973 976/1103/976
f 971/1098/971 973/1100/973 977/1104/977
f 975/1102/975 919/1046/919 978/1105/978
f 978/1105/978 919/1046/919 920/1047/920
f 978/1105/978 920/1047/920 932/1059/932
f 978/1105/978 979/1106/979 975/1102/975
f 976/1103/976 975/1102/975 979/1106/979
f 980/1107/980 932/1059/932 945/1072/945
f 978/1105/978 932/1059/932 980/1107/980
f 980/1107/980 945/1072/945 981/1108/981
f 978/1105/978 981/1108/981 979/1106/979
f 978/1105/978 980/1107/980 981/1108/981
f 982/1109/982 981/1108/981 945/1072/945
f 945/1072/945 968/1095/968 982/1109/982
f 981/1108/981 983/1110/983 979/1106/979
f 984/1111/984 979/1106/979 983/1110/983
f 977/1104/977 976/1103/976 984/1111/984
f 984/1111/984 976/1103/976 979/1106/979
f 985/1112/985 981/1108/981 982/1109/982
f 981/1108/981 985/1112/985 983/1110/983
f 986/1113/986 984/1111/984 983/1110/983
f 985/1112/985 986/1113/986 983/1110/983
f 987/1114/987 977/1104/977 984/1111/984
f 987/1114/987 984/1111/984 986/1113/986
f 982/1109/982 986/1113/986 985/1112/985
f 988/1115/988 977/1104/977 987/1114/987
f 988/1115/988 971/1098/971 977/1104/977
f 969/1096/969 971/1098/971 988/1115/988
f 989/1116/989 988/1115/988 987/1114/987
f 969/1096/969 989/1116/989 968/1095/968
f 989/1116/989 969/1096/969 988/1115/988
f 990/1117/990 987/1114/987 986/1113/986
f 989/1116/989 987/1114/987 990/1117/990
f 990/1117/990 986/1113/986 982/1109/982
f 982/1109/982 968/1095/968 990/1117/990
f 989/1116/989 990/1117/990 968/1095/968
f 861/978/861 863/981/863 192/1118/192
f 861/978/861 192/1118/192 193/979/193
f 813/899/813 991/1119/991 863/981/863
f 192/1118/192 863/981/863 991/1119/991
f 814/901/814 991/1119/991 813/899/813
f 192/1118/192 991/1119/991 992/1120/992
f 192/1118/192 992/1120/992 189/1121/189
f 992/1120/992 991/1119/991 993/1122/993
f 816/904/816 993/1122/993 814/901/814
f 814/901/814 993/1122/993 991/1119/991
f 992/1120/992 993/1122/993 188/1123/188
f 992/1120/992 188/1123/188 189/1121/189
f 816/904/816 994/1124/994 993/1122/993
f 188/1123/188 993/1122/993 994/1124/994
f 818/908/818 994/1124/994 816/904/816
f 188/1123/188 994/1124/994 995/1125/995
f 188/1123/188 995/1125/995 186/1126/186
f 995/1125/995 994/1124/994 996/1127/996
f 818/908/818 996/1127/996 994/1124/994
f 995/1125/995 997/1128/997 186/1126/186
f 995/1125/995 996/1127/996 997/1128/997
f 820/912/820 996/1127/996 818/908/818
f 186/1126/186 997/1128/997 184/1129/184
f 820/912/820 998/1130/998 996/1127/996
f 997/1128/997 996/1127/996 998/1130/998
f 997/1128/997 998/1130/998 999/1131/999
f 997/1128/997 999/1131/999 184/1129/184
f 822/916/822 998/1130/998 820/912/820
f 184/1129/184 999/1131/999 182/1132/182
f 999/1131/999 998/1130/998 1000/1133/1000
f 824/919/824 1000/1133/1000 822/916/822
f 822/916/822 1000/1133/1000 998/1130/998
f 999/1131/999 1000/1133/1000 1001/1134/1001
f 999/1131/999 1001/1134/1001 182/1132/182
f 824/919/824 1002/1135/1002 1000/1133/1000
f 1001/1134/1001 1000/1133/1000 1002/1135/1002
f 1001/1134/1001 1002/1135/1002 1003/1136/1003
f 1001/1134/1001 1003/1136/1003 182/1132/182
f 182/1132/182 1003/1136/1003 183/1137/183
f 826/923/826 1002/1135/1002 824/919/824
f 1003/1136/1003 1002/1135/1002 1004/1138/1004
f 826/923/826 1004/1138/1004 1002/1135/1002
f 1003/1136/1003 1004/1138/1004 1005/1139/1005
f 1003/1136/1003 1005/1139/1005 183/1137/183
f 183/1137/183 1005/1139/1005 181/958/181
f 1004/1138/1004 826/923/826 828/927/828
f 1004/1138/1004 828/927/828 847/954/847
f 1005/1139/1005 1004/1138/1004 847/954/847
f 1005/1139/1005 847/954/847 848/955/848
f 1005/1139/1005 848/955/848 181/958/181
f 135/1025/135 1006/1140/1006 131/1141/131
f 897/1023/897 1006/1140/1006 135/1025/135
f 131/1141/131 1006/1140/1006 129/1142/129
f 1007/1143/1007 1006/1140/1006 897/1023/897
f 1006/1140/1006 1008/1144/1008 129/1142/129
f 129/1142/129 1008/1144/1008 127/1145/127
f 1009/1146/1009 1006/1140/1006 1007/1143/1007
f 1009/1146/1009 1008/1144/1008 1006/1140/1006
f 127/1145/127 1008/1144/1008 126/1147/126
f 1010/1148/1010 1008/1144/1008 1009/1146/1009
f 1008/1144/1008 1011/1149/1011 126/1147/126
f 126/1147/126 1011/1149/1011 124/1150/124
f 1012/1151/1012 1011/1149/1011 1008/1144/1008
f 1012/1151/1012 1008/1144/1008 1010/1148/1010
f 124/1150/124 1011/1149/1011 122/1152/122
f 1011/1149/1011 1013/1153/1013 122/1152/122
f 122/1152/122 1013/1153/1013 121/1154/121
f 1014/1155/1014 1013/1153/1013 1011/1149/1011
f 1014/1155/1014 1011/1149/1011 1012/1151/1012
f 1013/1153/1013 1015/1156/1015 121/1154/121
f 121/1154/121 1015/1156/1015 120/1157/120
f 1014/1155/1014 1015/1156/1015 1013/1153/1013
f 120/1157/120 1015/1156/1015 137/1158/137
f 1016/1159/1016 1015/1156/1015 1014/1155/1014
f 1015/1156/1015 1017/1160/1017 137/1158/137
f 137/1158/137 1017/1160/1017 139/1161/139
f 1016/1159/1016 1017/1160/1017 1015/1156/1015
f 139/1161/139 1017/1160/1017 141/1162/141
f 1018/1163/1018 1017/1160/1017 1016/1159/1016
f 1017/1160/1017 1019/1164/1019 141/1162/141
f 141/1162/141 1019/1164/1019 143/1165/143
f 1018/1163/1018 1019/1164/1019 1017/1160/1017
f 143/1165/143 1019/1164/1019 145/1166/145
f 1020/1167/1020 1019/1164/1019 1018/1163/1018
f 1019/1164/1019 1021/1168/1021 145/1166/145
f 145/1166/145 1021/1168/1021 147/1169/147
f 1022/1170/1022 1019/1164/1019 1020/1167/1020
f 1019/1164/1019 1022/1170/1022 1021/1168/1021
f 1021/1168/1021 1023/1171/1023 147/1169/147
f 150/1172/150 147/1169/147 1023/1171/1023
f 1022/1170/1022 1023/1171/1023 1021/1168/1021
f 151/1173/151 150/1172/150 1023/1171/1023
f 1024/1174/1024 1023/1171/1023 1022/1170/1022
f 1025/1175/1025 151/1173/151 1023/1171/1023
f 151/1173/151 1025/1175/1025 153/1176/153
f 1024/1174/1024 1025/1175/1025 1023/1171/1023
f 153/1176/153 1025/1175/1025 155/1177/155
f 1026/1178/1026 1025/1175/1025 1024/1174/1024
f 1025/1175/1025 1027/1179/1027 155/1177/155
f 155/1177/155 1027/1179/1027 158/1180/158
f 1026/1178/1026 1027/1179/1027 1025/1175/1025
f 158/1180/158 1027/1179/1027 159/1181/159
f 1028/1182/1028 1027/1179/1027 1026/1178/1026
f 1027/1179/1027 1029/1183/1029 159/1181/159
f 159/1181/159 1029/1183/1029 161/1184/161
f 1030/1185/1030 1029/1183/1029 1027/1179/1027
f 1030/1185/1030 1027/1179/1027 1028/1182/1028
f 161/1184/161 1029/1183/1029 164/1186/164
f 1029/1183/1029 1031/1187/1031 164/1186/164
f 164/1186/164 1031/1187/1031 166/1188/166
f 1032/1189/1032 1031/1187/1031 1029/1183/1029
f 1032/1189/1032 1029/1183/1029 1030/1185/1030
f 1031/1187/1031 1033/1190/1033 166/1188/166
f 166/1188/166 1033/1190/1033 168/1191/168
f 1032/1189/1032 1033/1190/1033 1031/1187/1031
f 168/1191/168 1033/1190/1033 171/1192/171
f 1034/1193/1034 1033/1190/1033 1032/1189/1032
f 171/1192/171 1035/1194/1035 175/1195/175
f 1033/1190/1033 1035/1194/1035 171/1192/171
f 1036/1196/1036 1035/1194/1035 1033/1190/1033
f 1036/1196/1036 1033/1190/1033 1034/1193/1034
f 1032/1189/1032 1037/1197/1037 1034/1193/1034
f 1037/1197/1037 1038/1198/1038 1034/1193/1034
f 1034/1193/1034 1038/1198/1038 1036/1196/1036
f 1039/1199/1039 176/1007/176 175/1195/175
f 1035/1194/1035 1039/1199/1039 175/1195/175
f 1040/1200/1040 1035/1194/1035 1036/1196/1036
f 1040/1200/1040 1039/1199/1039 1035/1194/1035
f 1039/1199/1039 894/1020/894 176/1007/176
f 1041/1201/1041 1039/1199/1039 1040/1200/1040
f 1036/1196/1036 1042/1202/1042 1040/1200/1040
f 1038/1198/1038 1042/1202/1042 1036/1196/1036
f 1040/1200/1040 1043/1203/1043 1041/1201/1041
f 1042/1202/1042 1043/1203/1043 1040/1200/1040
f 1044/1204/1044 1042/1202/1042 204/1205/204
f 1043/1203/1043 1042/1202/1042 1044/1204/1044
f 204/1205/204 1042/1202/1042 1045/1206/1045
f 1042/1202/1042 1038/1198/1038 1045/1206/1045
f 1038/1198/1038 1037/1197/1037 1045/1206/1045
f 205/1207/205 204/1205/204 1045/1206/1045
f 200/1208/200 1044/1204/1044 204/1205/204
f 205/1207/205 1045/1206/1045 208/1209/208
f 208/1209/208 1045/1206/1045 1046/1210/1046
f 1045/1206/1045 1037/1197/1037 1046/1210/1046
f 208/1209/208 1046/1210/1046 209/1211/209
f 1047/1212/1047 1037/1197/1037 1032/1189/1032
f 1037/1197/1037 1047/1212/1047 1046/1210/1046
f 1030/1185/1030 1047/1212/1047 1032/1189/1032
f 1046/1210/1046 1047/1212/1047 1048/1213/1048
f 209/1211/209 1046/1210/1046 1048/1213/1048
f 209/1211/209 1048/1213/1048 1049/1214/1049
f 1048/1213/1048 1047/1212/1047 1049/1214/1049
f 209/1211/209 1049/1214/1049 212/1215/212
f 1047/1212/1047 1050/1216/1050 1049/1214/1049
f 1028/1182/1028 1050/1216/1050 1030/1185/1030
f 1050/1216/1050 1047/1212/1047 1030/1185/1030
f 1026/1178/1026 1050/1216/1050 1028/1182/1028
f 1049/1214/1049 1050/1216/1050 1051/1217/1051
f 212/1215/212 1049/1214/1049 1051/1217/1051
f 212/1215/212 1051/1217/1051 214/1218/214
f 1050/1216/1050 1052/1219/1052 1051/1217/1051
f 1052/1219/1052 1050/1216/1050 1026/1178/1026
f 214/1218/214 1051/1217/1051 1053/1220/1053
f 1051/1217/1051 1052/1219/1052 1053/1220/1053
f 1052/1219/1052 1054/1221/1054 1053/1220/1053
f 1026/1178/1026 1024/1174/1024 1054/1221/1054
f 1052/1219/1052 1026/1178/1026 1054/1221/1054
f 214/1218/214 1053/1220/1053 216/1222/216
f 1053/1220/1053 1054/1221/1054 1055/1223/1055
f 216/1222/216 1053/1220/1053 1055/1223/1055
f 1054/1221/1054 1056/1224/1056 1055/1223/1055
f 1022/1170/1022 1056/1224/1056 1024/1174/1024
f 1056/1224/1056 1054/1221/1054 1024/1174/1024
f 216/1222/216 1055/1223/1055 215/1225/215
f 1055/1223/1055 1056/1224/1056 1057/1226/1057
f 215/1225/215 1055/1223/1055 1057/1226/1057
f 1058/1227/1058 1056/1224/1056 1022/1170/1022
f 1056/1224/1056 1058/1227/1058 1057/1226/1057
f 1020/1167/1020 1058/1227/1058 1022/1170/1022
f 1057/1226/1057 1058/1227/1058 1059/1228/1059
f 215/1225/215 1057/1226/1057 1059/1228/1059
f 215/1225/215 1059/1228/1059 213/1229/213
f 1058/1227/1058 1060/1230/1060 1059/1228/1059
f 1018/1163/1018 1060/1230/1060 1020/1167/1020
f 1060/1230/1060 1058/1227/1058 1020/1167/1020
f 1059/1228/1059 1060/1230/1060 1061/1231/1061
f 213/1229/213 1059/1228/1059 1061/1231/1061
f 213/1229/213 1061/1231/1061 211/1232/211
f 1062/1233/1062 1060/1230/1060 1018/1163/1018
f 1060/1230/1060 1062/1233/1062 1061/1231/1061
f 1016/1159/1016 1062/1233/1062 1018/1163/1018
f 1061/1231/1061 1062/1233/1062 1063/1234/1063
f 211/1232/211 1061/1231/1061 1063/1234/1063
f 1062/1233/1062 1064/1235/1064 1063/1234/1063
f 1064/1235/1064 1062/1233/1062 1016/1159/1016
f 211/1232/211 1063/1234/1063 210/1236/210
f 1014/1155/1014 1064/1235/1064 1016/1159/1016
f 1063/1234/1063 1064/1235/1064 210/1236/210
f 1065/1237/1065 1064/1235/1064 1014/1155/1014
f 1064/1235/1064 1065/1237/1065 210/1236/210
f 210/1236/210 1065/1237/1065 1066/1238/1066
f 207/1239/207 210/1236/210 1066/1238/1066
f 1065/1237/1065 1067/1240/1067 1066/1238/1066
f 1012/1151/1012 1067/1240/1067 1014/1155/1014
f 1067/1240/1067 1065/1237/1065 1014/1155/1014
f 207/1239/207 1066/1238/1066 206/1241/206
f 1066/1238/1066 1067/1240/1067 206/1241/206
f 1067/1240/1067 1068/1242/1068 206/1241/206
f 1010/1148/1010 1068/1242/1068 1012/1151/1012
f 1068/1242/1068 1067/1240/1067 1012/1151/1012
f 206/1241/206 1068/1242/1068 1069/1243/1069
f 203/1244/203 206/1241/206 1069/1243/1069
f 1009/1146/1009 1068/1242/1068 1010/1148/1010
f 203/1244/203 1069/1243/1069 202/1245/202
f 1068/1242/1068 1070/1246/1070 1069/1243/1069
f 1070/1246/1070 1068/1242/1068 1009/1146/1009
f 1069/1243/1069 1070/1246/1070 202/1245/202
f 1070/1246/1070 1071/1247/1071 202/1245/202
f 1007/1143/1007 1071/1247/1071 1009/1146/1009
f 1071/1247/1071 1070/1246/1070 1009/1146/1009
f 202/1245/202 1071/1247/1071 1072/1248/1072
f 201/1249/201 202/1245/202 1072/1248/1072
f 201/1249/201 1072/1248/1072 199/1250/199
f 1073/1251/1073 1071/1247/1071 1007/1143/1007
f 1071/1247/1071 1073/1251/1073 1072/1248/1072
f 1072/1248/1072 1073/1251/1073 1074/1252/1074
f 199/1250/199 1072/1248/1072 1074/1252/1074
f 199/1250/199 1074/1252/1074 200/1208/200
f 200/1208/200 1074/1252/1074 1044/1204/1044
f 894/1020/894 1039/1199/1039 897/1023/897
f 1075/1253/1075 897/1023/897 1039/1199/1039
f 1075/1253/1075 1073/1251/1073 1007/1143/1007
f 1007/1143/1007 897/1023/897 1075/1253/1075
f 1075/1253/1075 1039/1199/1039 1041/1201/1041
f 1041/1201/1041 1073/1251/1073 1075/1253/1075
f 1043/1203/1043 1073/1251/1073 1041/1201/1041
f 1073/1251/1073 1043/1203/1043 1074/1252/1074
f 1044/1204/1044 1074/1252/1074 1043/1203/1043
f 1076/1254/1076 1077/1255/1077 1078/1256/1078
f 1079/1257/1079 1076/1254/1076 1078/1256/1078
f 1080/1258/1080 1079/1257/1079 1078/1256/1078
f 1080/1258/1080 1081/1259/1081 1082/1260/1082
f 1082/1260/1082 1079/1257/1079 1080/1258/1080
f 1083/1261/1083 1084/1262/1084 1085/1263/1085
f 1086/1264/1086 1077/1255/1077 1076/1254/1076
f 1076/1254/1076 1084/1262/1084 1086/1264/1086
f 1085/1263/1085 1084/1262/1084 1076/1254/1076
f 1076/1254/1076 1087/1265/1087 1085/1263/1085
f 1088/1266/1088 1089/1267/1089 1076/1254/1076
f 1076/1254/1076 1089/1267/1089 1087/1265/1087
f 1088/1266/1088 1076/1254/1076 1079/1257/1079
f 1079/1257/1079 1082/1260/1082 1090/1268/1090
f 1091/1269/1091 1085/1263/1085 1087/1265/1087
f 1083/1261/1083 1085/1263/1085 1091/1269/1091
f 1083/1261/1083 1091/1269/1091 1092/1270/1092
f 1093/1271/1093 1094/1272/1094 1091/1269/1091
f 1094/1272/1094 1095/1273/1095 1092/1270/1092
f 1092/1270/1092 1091/1269/1091 1094/1272/1094
f 1096/1274/1096 1094/1272/1094 1093/1271/1093
f 1096/1274/1096 1097/1275/1097 1094/1272/1094
f 1097/1275/1097 1098/1276/1098 1095/1273/1095
f 1094/1272/1094 1097/1275/1097 1095/1273/1095
f 1099/1277/1099 1097/1275/1097 1096/1274/1096
f 1090/1268/1090 1082/1260/1082 1100/1278/1100
f 1082/1260/1082 1097/1275/1097 1099/1277/1099
f 1082/1260/1082 1098/1276/1098 1097/1275/1097
f 1081/1259/1081 1098/1276/1098 1082/1260/1082
f 1100/1278/1100 1082/1260/1082 1099/1277/1099
f 254/1279/254 1101/1280/1101 340/1281/340
f 255/1282/255 1101/1280/1101 254/1279/254
f 340/1281/340 1101/1280/1101 1102/1283/1102
f 340/1281/340 1102/1283/1102 336/1284/336
f 1103/1285/1103 1101/1280/1101 255/1282/255
f 258/1286/258 1103/1285/1103 255/1282/255
f 1101/1280/1101 1103/1285/1103 1104/1287/1104
f 1104/1287/1104 1102/1283/1102 1101/1280/1101
f 336/1284/336 1102/1283/1102 1105/1288/1105
f 1106/1289/1106 1103/1285/1103 258/1286/258
f 1104/1287/1104 1107/1290/1107 1102/1283/1102
f 1107/1290/1107 1105/1288/1105 1102/1283/1102
f 336/1284/336 1105/1288/1105 1108/1291/1108
f 336/1284/336 1108/1291/1108 333/1292/333
f 1105/1288/1105 1109/1293/1109 1108/1291/1108
f 1107/1290/1107 1109/1293/1109 1105/1288/1105
f 1108/1291/1108 1110/1294/1110 333/1292/333
f 333/1292/333 1110/1294/1110 317/1295/317
f 1111/1296/1111 1110/1294/1110 1108/1291/1108
f 1108/1291/1108 1109/1293/1109 1111/1296/1111
f 1112/1297/1112 1109/1293/1109 1107/1290/1107
f 1110/1294/1110 1113/1298/1113 317/1295/317
f 317/1295/317 1113/1298/1113 312/1299/312
f 1112/1297/1112 1114/1300/1114 1109/1293/1109
f 1111/1296/1111 1109/1293/1109 1114/1300/1114
f 1111/1296/1111 1115/1301/1115 1110/1294/1110
f 1111/1296/1111 1114/1300/1114 1116/1302/1116
f 1116/1302/1116 1115/1301/1115 1111/1296/1111
f 1110/1294/1110 1117/1303/1117 1113/1298/1113
f 1115/1301/1115 1117/1303/1117 1110/1294/1110
f 1118/1304/1118 1117/1303/1117 1115/1301/1115
f 1116/1302/1116 1118/1304/1118 1115/1301/1115
f 1114/1300/1114 1119/1305/1119 1116/1302/1116
f 1116/1302/1116 1119/1305/1119 1120/1306/1120
f 1116/1302/1116 1120/1306/1120 1118/1304/1118
f 1121/1307/1121 1119/1305/1119 1114/1300/1114
f 1121/1307/1121 1114/1300/1114 1112/1297/1112
f 1122/1308/1122 1120/1306/1120 1119/1305/1119
f 1123/1309/1123 1122/1308/1122 1119/1305/1119
f 1123/1309/1123 1119/1305/1119 1121/1307/1121
f 1112/1297/1112 1124/1310/1124 1121/1307/1121
f 1125/1311/1125 1121/1307/1121 1124/1310/1124
f 1125/1311/1125 1123/1309/1123 1121/1307/1121
f 1126/1312/1126 1124/1310/1124 1112/1297/1112
f 1107/1290/1107 1126/1312/1126 1112/1297/1112
f 1104/1287/1104 1126/1312/1126 1107/1290/1107
f 1103/1285/1103 1127/1313/1127 1104/1287/1104
f 1103/1285/1103 1106/1289/1106 1127/1313/1127
f 1127/1313/1127 1126/1312/1126 1104/1287/1104
f 1128/1314/1128 1126/1312/1126 1127/1313/1127
f 1128/1314/1128 1124/1310/1124 1126/1312/1126
f 1127/1313/1127 1129/1315/1129 1128/1314/1128
f 1106/1289/1106 1129/1315/1129 1127/1313/1127
f 1130/1316/1130 1124/1310/1124 1128/1314/1128
f 1124/1310/1124 1130/1316/1130 1125/1311/1125
f 1128/1314/1128 1131/1317/1131 1130/1316/1130
f 1129/1315/1129 1131/1317/1131 1128/1314/1128
f 1132/1318/1132 1106/1289/1106 258/1286/258
f 1132/1318/1132 1129/1315/1129 1106/1289/1106
f 263/1319/263 1132/1318/1132 258/1286/258
f 1131/1317/1131 1129/1315/1129 1133/1320/1133
f 1133/1320/1133 1129/1315/1129 1132/1318/1132
f 263/1319/263 1134/1321/1134 1132/1318/1132
f 1132/1318/1132 1134/1321/1134 1133/1320/1133
f 267/1322/267 1134/1321/1134 263/1319/263
f 1135/1323/1135 1131/1317/1131 1133/1320/1133
f 267/1322/267 1136/1324/1136 1134/1321/1134
f 271/1325/271 1136/1324/1136 267/1322/267
f 1133/1320/1133 1137/1326/1137 1135/1323/1135
f 1134/1321/1134 1137/1326/1137 1133/1320/1133
f 1134/1321/1134 1138/1327/1138 1137/1326/1137
f 1136/1324/1136 1138/1327/1138 1134/1321/1134
f 1137/1326/1137 1138/1327/1138 1139/1328/1139
f 1137/1326/1137 1139/1328/1139 1135/1323/1135
f 1131/1317/1131 1140/1329/1140 1130/1316/1130
f 1135/1323/1135 1140/1329/1140 1131/1317/1131
f 1141/1330/1141 1140/1329/1140 1135/1323/1135
f 1139/1328/1139 1141/1330/1141 1135/1323/1135
f 1130/1316/1130 1140/1329/1140 1142/1331/1142
f 1130/1316/1130 1142/1331/1142 1125/1311/1125
f 1140/1329/1140 1143/1332/1143 1142/1331/1142
f 1140/1329/1140 1141/1330/1141 1143/1332/1143
f 1125/1311/1125 1144/1333/1144 1123/1309/1123
f 1142/1331/1142 1144/1333/1144 1125/1311/1125
f 1145/1334/1145 1144/1333/1144 1142/1331/1142
f 1145/1334/1145 1142/1331/1142 1143/1332/1143
f 1122/1308/1122 1123/1309/1123 1146/1335/1146
f 1123/1309/1123 1144/1333/1144 1146/1335/1146
f 1144/1333/1144 1145/1334/1145 1147/1336/1147
f 1147/1336/1147 1146/1335/1146 1144/1333/1144
f 1148/1337/1148 1145/1334/1145 1143/1332/1143
f 1122/1308/1122 1146/1335/1146 1149/1338/1149
f 1145/1334/1145 1148/1337/1148 1150/1339/1150
f 1145/1334/1145 1150/1339/1150 1147/1336/1147
f 1151/1340/1151 1149/1338/1149 1146/1335/1146
f 1147/1336/1147 1151/1340/1151 1146/1335/1146
f 1150/1339/1150 1152/1341/1152 1147/1336/1147
f 1147/1336/1147 1152/1341/1152 1151/1340/1151
f 1122/1308/1122 1153/1342/1153 1120/1306/1120
f 1153/1342/1153 1122/1308/1122 1149/1338/1149
f 1151/1340/1151 1154/1343/1154 1149/1338/1149
f 1118/1304/1118 1120/1306/1120 1155/1344/1155
f 1153/1342/1153 1155/1344/1155 1120/1306/1120
f 1154/1343/1154 1156/1345/1156 1149/1338/1149
f 1153/1342/1153 1149/1338/1149 1156/1345/1156
f 1157/1346/1157 1155/1344/1155 1153/1342/1153
f 1157/1346/1157 1153/1342/1153 1156/1345/1156
f 1118/1304/1118 1158/1347/1158 1117/1303/1117
f 1118/1304/1118 1155/1344/1155 1158/1347/1158
f 1158/1347/1158 1155/1344/1155 1159/1348/1159
f 1157/1346/1157 1159/1348/1159 1155/1344/1155
f 1157/1346/1157 1156/1345/1156 1160/1349/1160
f 1157/1346/1157 1161/1350/1161 1159/1348/1159
f 1161/1350/1161 1157/1346/1157 1162/1351/1162
f 1162/1351/1162 1157/1346/1157 1160/1349/1160
f 1162/1351/1162 1160/1349/1160 1163/1352/1163
f 1161/1350/1161 1164/1353/1164 1159/1348/1159
f 1158/1347/1158 1159/1348/1159 1164/1353/1164
f 1162/1351/1162 1165/1354/1165 1161/1350/1161
f 1161/1350/1161 1165/1354/1165 1166/1355/1166
f 1166/1355/1166 1164/1353/1164 1161/1350/1161
f 1158/1347/1158 1164/1353/1164 1167/1356/1167
f 1168/1357/1168 1165/1354/1165 1162/1351/1162
f 1169/1358/1169 1167/1356/1167 1164/1353/1164
f 1166/1355/1166 1169/1358/1169 1164/1353/1164
f 1117/1303/1117 1158/1347/1158 1170/1359/1170
f 1170/1359/1170 1158/1347/1158 1167/1356/1167
f 1171/1360/1171 1170/1359/1170 1167/1356/1167
f 1171/1360/1171 1167/1356/1167 1169/1358/1169
f 1172/1361/1172 1169/1358/1169 1166/1355/1166
f 1166/1355/1166 1173/1362/1173 1172/1361/1172
f 1173/1362/1173 1165/1354/1165 1168/1357/1168
f 1166/1355/1166 1165/1354/1165 1173/1362/1173
f 1172/1361/1172 1174/1363/1174 1169/1358/1169
f 1174/1363/1174 1171/1360/1171 1169/1358/1169
f 1172/1361/1172 1173/1362/1173 1175/1364/1175
f 1175/1364/1175 1176/1365/1176 1172/1361/1172
f 1176/1365/1176 1174/1363/1174 1172/1361/1172
f 1177/1366/1177 1171/1360/1171 1174/1363/1174
f 1168/1357/1168 1178/1367/1178 1173/1362/1173
f 1173/1362/1173 1178/1367/1178 1175/1364/1175
f 1177/1366/1177 1179/1368/1179 1171/1360/1171
f 1179/1368/1179 1170/1359/1170 1171/1360/1171
f 1176/1365/1176 1180/1369/1180 1174/1363/1174
f 1174/1363/1174 1180/1369/1180 1177/1366/1177
f 1181/1370/1181 1179/1368/1179 1177/1366/1177
f 1177/1366/1177 1182/1371/1182 1181/1370/1181
f 1180/1369/1180 1182/1371/1182 1177/1366/1177
f 1181/1370/1181 1183/1372/1183 1179/1368/1179
f 1183/1372/1183 1170/1359/1170 1179/1368/1179
f 1183/1372/1183 1184/1373/1184 1170/1359/1170
f 1117/1303/1117 1170/1359/1170 1184/1373/1184
f 1185/1374/1185 1184/1373/1184 1183/1372/1183
f 1185/1374/1185 1113/1298/1113 1117/1303/1117
f 1184/1373/1184 1185/1374/1185 1117/1303/1117
f 1186/1375/1186 1183/1372/1183 1181/1370/1181
f 1185/1374/1185 1187/1376/1187 1113/1298/1113
f 1186/1375/1186 1188/1377/1188 1183/1372/1183
f 1185/1374/1185 1183/1372/1183 1188/1377/1188
f 1185/1374/1185 1189/1378/1189 1187/1376/1187
f 1185/1374/1185 1188/1377/1188 1189/1378/1189
f 1189/1378/1189 1190/1379/1190 1187/1376/1187
f 312/1299/312 1113/1298/1113 1190/1379/1190
f 1190/1379/1190 1113/1298/1113 1187/1376/1187
f 312/1299/312 1190/1379/1190 309/1380/309
f 1190/1379/1190 299/1381/299 309/1380/309
f 1191/1382/1191 1190/1379/1190 1189/1378/1189
f 1191/1382/1191 299/1381/299 1190/1379/1190
f 299/1381/299 1191/1382/1191 1192/1383/1192
f 299/1381/299 1192/1383/1192 295/1384/295
f 295/1384/295 1192/1383/1192 290/1385/290
f 1191/1382/1191 1193/1386/1193 1192/1383/1192
f 1191/1382/1191 1189/1378/1189 1193/1386/1193
f 1194/1387/1194 1193/1386/1193 1189/1378/1189
f 1186/1375/1186 1194/1387/1194 1188/1377/1188
f 1194/1387/1194 1189/1378/1189 1188/1377/1188
f 1192/1383/1192 1195/1388/1195 290/1385/290
f 1192/1383/1192 1193/1386/1193 1195/1388/1195
f 1196/1389/1196 1193/1386/1193 1194/1387/1194
f 1193/1386/1193 1196/1389/1196 1195/1388/1195
f 1196/1389/1196 1197/1390/1197 1195/1388/1195
f 1197/1390/1197 1136/1324/1136 271/1325/271
f 1197/1390/1197 290/1385/290 1195/1388/1195
f 287/1391/287 1197/1390/1197 271/1325/271
f 287/1391/287 290/1385/290 1197/1390/1197
f 1198/1392/1198 1136/1324/1136 1197/1390/1197
f 1198/1392/1198 1197/1390/1197 1196/1389/1196
f 1198/1392/1198 1196/1389/1196 1199/1393/1199
f 1138/1327/1138 1136/1324/1136 1199/1393/1199
f 1136/1324/1136 1198/1392/1198 1199/1393/1199
f 1196/1389/1196 1200/1394/1200 1199/1393/1199
f 1200/1394/1200 1194/1387/1194 1186/1375/1186
f 1200/1394/1200 1196/1389/1196 1194/1387/1194
f 1201/1395/1201 1200/1394/1200 1186/1375/1186
f 1200/1394/1200 1201/1395/1201 1199/1393/1199
f 1181/1370/1181 1201/1395/1201 1186/1375/1186
f 1182/1371/1182 1201/1395/1201 1181/1370/1181
f 1138/1327/1138 1199/1393/1199 1202/1396/1202
f 1201/1395/1201 1202/1396/1202 1199/1393/1199
f 1203/1397/1203 1202/1396/1202 1201/1395/1201
f 1202/1396/1202 1203/1397/1203 1138/1327/1138
f 1180/1369/1180 1203/1397/1203 1182/1371/1182
f 1182/1371/1182 1203/1397/1203 1201/1395/1201
f 1138/1327/1138 1204/1398/1204 1139/1328/1139
f 1203/1397/1203 1204/1398/1204 1138/1327/1138
f 1205/1399/1205 1203/1397/1203 1180/1369/1180
f 1205/1399/1205 1204/1398/1204 1203/1397/1203
f 1176/1365/1176 1205/1399/1205 1180/1369/1180
f 1205/1399/1205 1206/1400/1206 1204/1398/1204
f 1206/1400/1206 1176/1365/1176 1175/1364/1175
f 1206/1400/1206 1205/1399/1205 1176/1365/1176
f 1207/1401/1207 1141/1330/1141 1139/1328/1139
f 1204/1398/1204 1207/1401/1207 1139/1328/1139
f 1206/1400/1206 1208/1402/1208 1204/1398/1204
f 1208/1402/1208 1207/1401/1207 1204/1398/1204
f 1208/1402/1208 1206/1400/1206 1209/1403/1209
f 1175/1364/1175 1178/1367/1178 1209/1403/1209
f 1209/1403/1209 1206/1400/1206 1175/1364/1175
f 1141/1330/1141 1210/1404/1210 1143/1332/1143
f 1148/1337/1148 1143/1332/1143 1210/1404/1210
f 1141/1330/1141 1207/1401/1207 1210/1404/1210
f 1211/1405/1211 1178/1367/1178 1168/1357/1168
f 1209/1403/1209 1178/1367/1178 1211/1405/1211
f 1207/1401/1207 1208/1402/1208 1212/1406/1212
f 1211/1405/1211 1212/1406/1212 1209/1403/1209
f 1210/1404/1210 1207/1401/1207 1212/1406/1212
f 1208/1402/1208 1209/1403/1209 1212/1406/1212
f 1211/1405/1211 1168/1357/1168 1213/1407/1213
f 1213/1407/1213 1168/1357/1168 1162/1351/1162
f 1213/1407/1213 1162/1351/1162 1163/1352/1163
f 1214/1408/1214 1148/1337/1148 1210/1404/1210
f 1214/1408/1214 1210/1404/1210 1212/1406/1212
f 1215/1409/1215 1214/1408/1214 1212/1406/1212
f 1215/1409/1215 1212/1406/1212 1211/1405/1211
f 1216/1410/1216 1215/1409/1215 1211/1405/1211
f 1216/1410/1216 1211/1405/1211 1213/1407/1213
f 1148/1337/1148 1214/1408/1214 1217/1411/1217
f 1148/1337/1148 1217/1411/1217 1150/1339/1150
f 1218/1412/1218 1152/1341/1152 1150/1339/1150
f 1217/1411/1217 1218/1412/1218 1150/1339/1150
f 1219/1413/1219 1218/1412/1218 1217/1411/1217
f 1219/1413/1219 1217/1411/1217 1214/1408/1214
f 1220/1414/1220 1214/1408/1214 1215/1409/1215
f 1220/1414/1220 1219/1413/1219 1214/1408/1214
f 1221/1415/1221 1218/1412/1218 1219/1413/1219
f 1221/1415/1221 1222/1416/1222 1218/1412/1218
f 1218/1412/1218 1222/1416/1222 1152/1341/1152
f 1152/1341/1152 1222/1416/1222 1223/1417/1223
f 1151/1340/1151 1152/1341/1152 1223/1417/1223
f 1151/1340/1151 1223/1417/1223 1154/1343/1154
f 1156/1345/1156 1154/1343/1154 1224/1418/1224
f 1154/1343/1154 1223/1417/1223 1224/1418/1224
f 1224/1418/1224 1223/1417/1223 1225/1419/1225
f 1223/1417/1223 1222/1416/1222 1225/1419/1225
f 1160/1349/1160 1156/1345/1156 1226/1420/1226
f 1156/1345/1156 1224/1418/1224 1226/1420/1226
f 1224/1418/1224 1225/1419/1225 1227/1421/1227
f 1226/1420/1226 1224/1418/1224 1227/1421/1227
f 1222/1416/1222 1221/1415/1221 1228/1422/1228
f 1228/1422/1228 1225/1419/1225 1222/1416/1222
f 1228/1422/1228 1229/1423/1229 1225/1419/1225
f 1229/1423/1229 1227/1421/1227 1225/1419/1225
f 1230/1424/1230 1226/1420/1226 1227/1421/1227
f 1229/1423/1229 1230/1424/1230 1227/1421/1227
f 1228/1422/1228 1231/1425/1231 1229/1423/1229
f 1160/1349/1160 1226/1420/1226 1232/1426/1232
f 1233/1427/1233 1230/1424/1230 1229/1423/1229
f 1229/1423/1229 1231/1425/1231 1233/1427/1233
f 1221/1415/1221 1234/1428/1234 1228/1422/1228
f 1234/1428/1234 1231/1425/1231 1228/1422/1228
f 1235/1429/1235 1230/1424/1230 1233/1427/1233
f 1221/1415/1221 1236/1430/1236 1234/1428/1234
f 1236/1430/1236 1221/1415/1221 1219/1413/1219
f 1236/1430/1236 1219/1413/1219 1220/1414/1220
f 1236/1430/1236 1237/1431/1237 1234/1428/1234
f 1236/1430/1236 1220/1414/1220 1237/1431/1237
f 1238/1432/1238 1220/1414/1220 1215/1409/1215
f 1238/1432/1238 1215/1409/1215 1216/1410/1216
f 1239/1433/1239 1231/1425/1231 1234/1428/1234
f 1234/1428/1234 1237/1431/1237 1239/1433/1239
f 1220/1414/1220 1240/1434/1240 1237/1431/1237
f 1241/1435/1241 1233/1427/1233 1231/1425/1231
f 1231/1425/1231 1239/1433/1239 1241/1435/1241
f 1237/1431/1237 1240/1434/1240 1242/1436/1242
f 1239/1433/1239 1237/1431/1237 1242/1436/1242
f 1239/1433/1239 1243/1437/1243 1241/1435/1241
f 1243/1437/1243 1239/1433/1239 1242/1436/1242
f 1244/1438/1244 1220/1414/1220 1238/1432/1238
f 1220/1414/1220 1244/1438/1244 1240/1434/1240
f 1242/1436/1242 1240/1434/1240 1245/1439/1245
f 1246/1440/1246 1238/1432/1238 1216/1410/1216
f 1244/1438/1244 1238/1432/1238 1246/1440/1246
f 1240/1434/1240 1244/1438/1244 1245/1439/1245
f 1247/1441/1247 1244/1438/1244 1246/1440/1246
f 1248/1442/1248 1243/1437/1243 1242/1436/1242
f 1242/1436/1242 1245/1439/1245 1248/1442/1248
f 1245/1439/1245 1244/1438/1244 1249/1443/1249
f 1245/1439/1245 1249/1443/1249 1248/1442/1248
f 1244/1438/1244 1250/1444/1250 1249/1443/1249
f 1247/1441/1247 1250/1444/1250 1244/1438/1244
f 1247/1441/1247 1246/1440/1246 1251/1445/1251
f 1252/1446/1252 1247/1441/1247 1251/1445/1251
f 1247/1441/1247 1252/1446/1252 1250/1444/1250
f 1249/1443/1249 1250/1444/1250 1253/1447/1253
f 1246/1440/1246 1216/1410/1216 1254/1448/1254
f 1251/1445/1251 1246/1440/1246 1254/1448/1254
f 1250/1444/1250 1255/1449/1255 1253/1447/1253
f 1250/1444/1250 1252/1446/1252 1255/1449/1255
f 1256/1450/1256 1216/1410/1216 1213/1407/1213
f 1213/1407/1213 1163/1352/1163 1256/1450/1256
f 1216/1410/1216 1256/1450/1256 1254/1448/1254
f 1254/1448/1254 1256/1450/1256 1163/1352/1163
f 1163/1352/1163 1160/1349/1160 1232/1426/1232
f 1163/1352/1163 1232/1426/1232 1257/1451/1257
f 1254/1448/1254 1257/1451/1257 1251/1445/1251
f 1254/1448/1254 1163/1352/1163 1257/1451/1257
f 1232/1426/1232 1226/1420/1226 1258/1452/1258
f 1257/1451/1257 1232/1426/1232 1258/1452/1258
f 1251/1445/1251 1257/1451/1257 1259/1453/1259
f 1257/1451/1257 1258/1452/1258 1259/1453/1259
f 1251/1445/1251 1259/1453/1259 1252/1446/1252
f 1230/1424/1230 1260/1454/1260 1226/1420/1226
f 1235/1429/1235 1260/1454/1260 1230/1424/1230
f 1260/1454/1260 1258/1452/1258 1226/1420/1226
f 1261/1455/1261 1252/1446/1252 1259/1453/1259
f 1258/1452/1258 1261/1455/1261 1259/1453/1259
f 1255/1449/1255 1252/1446/1252 1261/1455/1261
f 1262/1456/1262 1260/1454/1260 1235/1429/1235
f 1262/1456/1262 1258/1452/1258 1260/1454/1260
f 1263/1457/1263 1258/1452/1258 1262/1456/1262
f 1263/1457/1263 1261/1455/1261 1258/1452/1258
f 1264/1458/1264 1261/1455/1261 1263/1457/1263
f 1264/1458/1264 1255/1449/1255 1261/1455/1261
f 1265/1459/1265 1255/1449/1255 1264/1458/1264
f 1253/1447/1253 1255/1449/1255 1265/1459/1265
f 1265/1459/1265 1266/1460/1266 1253/1447/1253
f 1264/1458/1264 1266/1460/1266 1265/1459/1265
f 1264/1458/1264 1263/1457/1263 1267/1461/1267
f 1264/1458/1264 1267/1461/1267 1268/1462/1268
f 1264/1458/1264 1268/1462/1268 1266/1460/1266
f 1266/1460/1266 1269/1463/1269 1253/1447/1253
f 1268/1462/1268 1270/1464/1270 1266/1460/1266
f 1266/1460/1266 1270/1464/1270 1269/1463/1269
f 1271/1465/1271 1249/1443/1249 1253/1447/1253
f 1269/1463/1269 1271/1465/1271 1253/1447/1253
f 1269/1463/1269 1272/1466/1272 1271/1465/1271
f 1269/1463/1269 1270/1464/1270 1272/1466/1272
f 1267/1461/1267 1273/1467/1273 1268/1462/1268
f 1273/1467/1273 1270/1464/1270 1268/1462/1268
f 1271/1465/1271 1272/1466/1272 1274/1468/1274
f 1273/1467/1273 1274/1468/1274 1270/1464/1270
f 1270/1464/1270 1274/1468/1274 1272/1466/1272
f 1274/1468/1274 1275/1469/1275 1271/1465/1271
f 1271/1465/1271 1275/1469/1275 1249/1443/1249
f 1275/1469/1275 1274/1468/1274 1276/1470/1276
f 1249/1443/1249 1277/1471/1277 1248/1442/1248
f 1275/1469/1275 1277/1471/1277 1249/1443/1249
f 1277/1471/1277 1275/1469/1275 1278/1472/1278
f 1275/1469/1275 1276/1470/1276 1278/1472/1278
f 1279/1473/1279 1274/1468/1274 1273/1467/1273
f 1276/1470/1276 1274/1468/1274 1279/1473/1279
f 1279/1473/1279 1273/1467/1273 1267/1461/1267
f 1267/1461/1267 1276/1470/1276 1279/1473/1279
f 1263/1457/1263 1276/1470/1276 1267/1461/1267
f 1263/1457/1263 1278/1472/1278 1276/1470/1276
f 1280/1474/1280 1278/1472/1278 1263/1457/1263
f 1280/1474/1280 1262/1456/1262 1235/1429/1235
f 1280/1474/1280 1263/1457/1263 1262/1456/1262
f 1235/1429/1235 1281/1475/1281 1280/1474/1280
f 1235/1429/1235 1233/1427/1233 1281/1475/1281
f 1241/1435/1241 1281/1475/1281 1233/1427/1233
f 1282/1476/1282 1278/1472/1278 1283/1477/1283
f 1280/1474/1280 1281/1475/1281 1283/1477/1283
f 1280/1474/1280 1283/1477/1283 1278/1472/1278
f 1277/1471/1277 1278/1472/1278 1282/1476/1282
f 1284/1478/1284 1277/1471/1277 1282/1476/1282
f 1284/1478/1284 1282/1476/1282 1285/1479/1285
f 1277/1471/1277 1284/1478/1284 1248/1442/1248
f 1284/1478/1284 1243/1437/1243 1248/1442/1248
f 1282/1476/1282 1283/1477/1283 1286/1480/1286
f 1285/1479/1285 1282/1476/1282 1286/1480/1286
f 1243/1437/1243 1284/1478/1284 1287/1481/1287
f 1243/1437/1243 1287/1481/1287 1241/1435/1241
f 1288/1482/1288 1287/1481/1287 1284/1478/1284
f 1288/1482/1288 1284/1478/1284 1285/1479/1285
f 1286/1480/1286 1289/1483/1289 1285/1479/1285
f 1285/1479/1285 1289/1483/1289 1288/1482/1288
f 1241/1435/1241 1287/1481/1287 1290/1484/1290
f 1290/1484/1290 1291/1485/1291 1241/1435/1241
f 1241/1435/1241 1291/1485/1291 1281/1475/1281
f 1291/1485/1291 1283/1477/1283 1281/1475/1281
f 1290/1484/1290 1292/1486/1292 1291/1485/1291
f 1287/1481/1287 1292/1486/1292 1290/1484/1290
f 1293/1487/1293 1287/1481/1287 1288/1482/1288
f 1293/1487/1293 1292/1486/1292 1287/1481/1287
f 1291/1485/1291 1292/1486/1292 1294/1488/1294
f 1283/1477/1283 1291/1485/1291 1286/1480/1286
f 1286/1480/1286 1291/1485/1291 1294/1488/1294
f 1293/1487/1293 1295/1489/801 1292/1486/1292
f 1292/1486/1292 1295/1489/801 1294/1488/1294
f 1294/1488/1294 1295/1489/801 1296/1490/1295
f 1296/1490/1295 1286/1480/1286 1294/1488/1294
f 1286/1480/1286 1297/1491/1296 1289/1483/1289
f 1296/1490/1295 1297/1491/1296 1286/1480/1286
f 1298/1492/1297 1297/1491/1296 1296/1490/1295
f 1298/1492/1297 1299/1493/1298 1297/1491/1296
f 1289/1483/1289 1297/1491/1296 1299/1493/1298
f 1295/1489/801 1300/1494/1299 1296/1490/1295
f 1296/1490/1295 1300/1494/1299 1298/1492/1297
f 1301/1495/1300 1299/1493/1298 1298/1492/1297
f 1300/1494/1299 1301/1495/1300 1298/1492/1297
f 1302/1496/1301 1300/1494/1299 1295/1489/801
f 1293/1487/1293 1288/1482/1288 1302/1496/1301
f 1302/1496/1301 1295/1489/801 1293/1487/1293
f 1289/1483/1289 1303/1497/1302 1288/1482/1288
f 1288/1482/1288 1303/1497/1302 1302/1496/1301
f 1304/1498/1303 1300/1494/1299 1302/1496/1301
f 1302/1496/1301 1303/1497/1302 1304/1498/1303
f 1305/1499/1304 1303/1497/1302 1289/1483/1289
f 1303/1497/1302 1305/1499/1304 1304/1498/1303
f 1304/1498/1303 1305/1499/1304 1306/1500/1305
f 1304/1498/1303 1306/1500/1305 1300/1494/1299
f 1307/1501/1306 1301/1495/1300 1300/1494/1299
f 1300/1494/1299 1306/1500/1305 1307/1501/1306
f 1307/1501/1306 1308/1502/1307 1301/1495/1300
f 1306/1500/1305 1308/1502/1307 1307/1501/1306
f 1299/1493/1298 1305/1499/1304 1289/1483/1289
f 1305/1499/1304 1299/1493/1298 1309/1503/1308
f 1309/1503/1308 1299/1493/1298 1310/1504/1309
f 1310/1504/1309 1311/1505/1310 1309/1503/1308
f 1309/1503/1308 1306/1500/1305 1305/1499/1304
f 1311/1505/1310 1312/1506/1311 1309/1503/1308
f 1313/1507/1312 1308/1502/1307 1306/1500/1305
f 1313/1507/1312 1306/1500/1305 1309/1503/1308
f 1313/1507/1312 1309/1503/1308 1314/1508/1313
f 1309/1503/1308 1312/1506/1311 1314/1508/1313
f 1314/1508/1313 1315/1509/1314 1313/1507/1312
f 1313/1507/1312 1315/1509/1314 1308/1502/1307
f 1301/1495/1300 1308/1502/1307 1316/1510/1315
f 1308/1502/1307 1315/1509/1314 1316/1510/1315
f 1314/1508/1313 1312/1506/1311 1317/1511/1316
f 1299/1493/1298 1301/1495/1300 1310/1504/1309
f 1310/1504/1309 1301/1495/1300 1316/1510/1315
f 1316/1510/1315 1315/1509/1314 1318/1512/1317
f 1318/1512/1317 1310/1504/1309 1316/1510/1315
f 1315/1509/1314 1319/1513/1318 1318/1512/1317
f 1317/1511/1316 1319/1513/1318 1314/1508/1313
f 1314/1508/1313 1319/1513/1318 1315/1509/1314
f 1318/1512/1317 1320/1514/1319 1310/1504/1309
f 1310/1504/1309 1320/1514/1319 1311/1505/1310
f 1321/1515/1320 1320/1514/1319 1318/1512/1317
f 1318/1512/1317 1319/1513/1318 1321/1515/1320
f 1321/1515/1320 1322/1516/1321 1320/1514/1319
f 1322/1516/1321 1311/1505/1310 1320/1514/1319
f 1323/1517/1322 1322/1516/1321 1321/1515/1320
f 1319/1513/1318 1323/1517/1322 1321/1515/1320
f 1311/1505/1310 1322/1516/1321 1324/1518/1323
f 1324/1518/1323 1312/1506/1311 1311/1505/1310
f 1325/1519/1324 1324/1518/1323 1322/1516/1321
f 1325/1519/1324 1322/1516/1321 1326/1520/1325
f 1312/1506/1311 1324/1518/1323 1317/1511/1316
f 1317/1511/1316 1327/1521/1326 1319/1513/1318
f 1317/1511/1316 1324/1518/1323 1327/1521/1326
f 1328/1522/1327 1327/1521/1326 1324/1518/1323
f 1328/1522/1327 1324/1518/1323 1325/1519/1324
f 1319/1513/1318 1327/1521/1326 1329/1523/1328
f 1329/1523/1328 1323/1517/1322 1319/1513/1318
f 1329/1523/1328 1330/1524/1329 1323/1517/1322
f 1327/1521/1326 1330/1524/1329 1329/1523/1328
f 1331/1525/1330 1327/1521/1326 1328/1522/1327
f 1331/1525/1330 1330/1524/1329 1327/1521/1326
f 1323/1517/1322 1330/1524/1329 1332/1526/1331
f 1330/1524/1329 1333/1527/1332 1332/1526/1331
f 1331/1525/1330 1333/1527/1332 1330/1524/1329
f 1331/1525/1330 1328/1522/1327 1334/1528/1333
f 1334/1528/1333 1333/1527/1332 1331/1525/1330
f 1322/1516/1321 1323/1517/1322 1326/1520/1325
f 1326/1520/1325 1323/1517/1322 1332/1526/1331
f 1335/1529/1334 1326/1520/1325 1332/1526/1331
f 1332/1526/1331 1333/1527/1332 1335/1529/1334
f 1336/1530/1335 1335/1529/1334 1333/1527/1332
f 1333/1527/1332 1334/1528/1333 1336/1530/1335
f 1335/1529/1334 1337/1531/1336 1326/1520/1325
f 1338/1532/1337 1335/1529/1334 1336/1530/1335
f 1338/1532/1337 1337/1531/1336 1335/1529/1334
f 1338/1532/1337 1339/1533/1338 1337/1531/1336
f 1326/1520/1325 1337/1531/1336 1340/1534/1339
f 1326/1520/1325 1340/1534/1339 1325/1519/1324
f 1339/1533/1338 1340/1534/1339 1337/1531/1336
f 1325/1519/1324 1340/1534/1339 1328/1522/1327
f 1328/1522/1327 1341/1535/1340 1334/1528/1333
f 1340/1534/1339 1341/1535/1340 1328/1522/1327
f 1342/1536/1341 1340/1534/1339 1339/1533/1338
f 1336/1530/1335 1334/1528/1333 1343/1537/1342
f 1334/1528/1333 1341/1535/1340 1343/1537/1342
f 1341/1535/1340 1342/1536/1341 1343/1537/1342
f 1342/1536/1341 1341/1535/1340 1340/1534/1339
f 1343/1537/1342 1342/1536/1341 1344/1538/1343
f 1343/1537/1342 1344/1538/1343 1336/1530/1335
f 1342/1536/1341 1339/1533/1338 1345/1539/1344
f 1342/1536/1341 1345/1539/1344 1346/1540/1345
f 1344/1538/1343 1342/1536/1341 1346/1540/1345
f 1344/1538/1343 1347/1541/1346 1336/1530/1335
f 1336/1530/1335 1348/1542/1347 1338/1532/1337
f 1348/1542/1347 1339/1533/1338 1338/1532/1337
f 1336/1530/1335 1347/1541/1346 1348/1542/1347
f 1344/1538/1343 1346/1540/1345 1349/1543/1348
f 1349/1543/1348 1350/1544/1349 1344/1538/1343
f 1347/1541/1346 1350/1544/1349 1348/1542/1347
f 1344/1538/1343 1350/1544/1349 1347/1541/1346
f 1350/1544/1349 1349/1543/1348 1351/1545/1350
f 1349/1543/1348 1346/1540/1345 1351/1545/1350
f 1351/1545/1350 1346/1540/1345 1352/1546/1351
f 1351/1545/1350 1352/1546/1351 1353/1547/1352
f 1353/1547/1352 1350/1544/1349 1351/1545/1350
f 1346/1540/1345 1354/1548/1353 1352/1546/1351
f 1354/1548/1353 1346/1540/1345 1345/1539/1344
f 1352/1546/1351 1354/1548/1353 1355/1549/1354
f 1352/1546/1351 1355/1549/1354 1353/1547/1352
f 1345/1539/1344 1339/1533/1338 1356/1550/1355
f 1345/1539/1344 1356/1550/1355 1354/1548/1353
f 1355/1549/1354 1354/1548/1353 1357/1551/1356
f 1354/1548/1353 1356/1550/1355 1357/1551/1356
f 1353/1547/1352 1355/1549/1354 1358/1552/1357
f 1355/1549/1354 1357/1551/1356 1358/1552/1357
f 1356/1550/1355 1359/1553/1358 1357/1551/1356
f 1358/1552/1357 1357/1551/1356 1359/1553/1358
f 1359/1553/1358 1339/1533/1338 1348/1542/1347
f 1359/1553/1358 1356/1550/1355 1339/1533/1338
f 1358/1552/1357 1359/1553/1358 1360/1554/1359
f 1360/1554/1359 1350/1544/1349 1353/1547/1352
f 1353/1547/1352 1358/1552/1357 1360/1554/1359
f 1360/1554/1359 1359/1553/1358 1361/1555/1360
f 1361/1555/1360 1359/1553/1358 1348/1542/1347
f 1360/1554/1359 1361/1555/1360 1350/1544/1349
f 1348/1542/1347 1350/1544/1349 1361/1555/1360
f 1362/1556/1361 1363/1557/1362 1364/1558/1363
f 1365/1559/1364 1362/1556/1361 1364/1558/1363
f 1366/1560/1365 1367/1561/1366 1363/1557/1362
f 1362/1556/1361 1366/1560/1365 1363/1557/1362
f 1365/1559/1364 1368/1562/1367 1362/1556/1361
f 1368/1562/1367 1366/1560/1365 1362/1556/1361
f 1366/1560/1365 1368/1562/1367 1369/1563/1368
f 1367/1561/1366 1366/1560/1365 1369/1563/1368
f 1370/1564/1369 1365/1559/1364 1371/1565/1370
f 1372/1566/1371 1370/1564/1369 1371/1565/1370
f 1370/1564/1369 1373/1567/1372 1365/1559/1364
f 1373/1567/1372 1368/1562/1367 1365/1559/1364
f 1368/1562/1367 1373/1567/1372 1374/1568/1373
f 1368/1562/1367 1374/1568/1373 1369/1563/1368
f 1375/1569/1374 1370/1564/1369 1372/1566/1371
f 1376/1570/1375 1375/1569/1374 1372/1566/1371
f 1370/1564/1369 1375/1569/1374 1377/1571/1376
f 1377/1571/1376 1373/1567/1372 1370/1564/1369
f 1374/1568/1373 1373/1567/1372 1378/1572/1377
f 1377/1571/1376 1379/1573/1378 1373/1567/1372
f 1377/1571/1376 1380/1574/1379 1379/1573/1378
f 1375/1569/1374 1380/1574/1379 1377/1571/1376
f 1367/1561/1366 1369/1563/1368 1381/1575/1380
f 1382/1576/1381 1381/1575/1380 1369/1563/1368
f 1382/1576/1381 1369/1563/1368 1383/1577/1382
f 1384/1578/1383 1382/1576/1381 1383/1577/1382
f 1383/1577/1382 1369/1563/1368 1374/1568/1373
f 1384/1578/1383 1383/1577/1382 1385/1579/1384
f 1385/1579/1384 1374/1568/1373 1378/1572/1377
f 1383/1577/1382 1374/1568/1373 1385/1579/1384
f 1385/1579/1384 1378/1572/1377 1386/1580/1385
f 1387/1581/1386 1385/1579/1384 1386/1580/1385
f 1387/1581/1386 1386/1580/1385 1388/1582/1387
f 1373/1567/1372 1379/1573/1378 1378/1572/1377
f 1386/1580/1385 1378/1572/1377 1379/1573/1378
f 1379/1573/1378 1389/1583/1388 1386/1580/1385
f 1388/1582/1387 1386/1580/1385 1389/1583/1388
f 1388/1582/1387 1389/1583/1388 1390/1584/1389
f 1379/1573/1378 1391/1585/1390 1389/1583/1388
f 1379/1573/1378 1380/1574/1379 1391/1585/1390
f 1392/1586/1391 1391/1585/1390 1380/1574/1379
f 1392/1586/1391 1389/1583/1388 1391/1585/1390
f 1389/1583/1388 1392/1586/1391 1393/1587/1392
f 1390/1584/1389 1389/1583/1388 1393/1587/1392
f 1380/1574/1379 1375/1569/1374 1394/1588/1393
f 1392/1586/1391 1380/1574/1379 1394/1588/1393
f 1394/1588/1393 1395/1589/1394 1392/1586/1391
f 1392/1586/1391 1395/1589/1394 1396/1590/1395
f 1392/1586/1391 1396/1590/1395 1393/1587/1392
f 1397/1591/1396 1375/1569/1374 1376/1570/1375
f 1397/1591/1396 1394/1588/1393 1375/1569/1374
f 1397/1591/1396 1395/1589/1394 1394/1588/1393
f 1398/1592/1397 1396/1590/1395 1395/1589/1394
f 1399/1593/1398 1396/1590/1395 1398/1592/1397
f 1399/1593/1398 1393/1587/1392 1396/1590/1395
f 1395/1589/1394 1397/1591/1396 1398/1592/1397
f 1398/1592/1397 1397/1591/1396 1400/1594/1399
f 1397/1591/1396 1376/1570/1375 1400/1594/1399
f 1400/1594/1399 1376/1570/1375 1401/1595/1400
f 1400/1594/1399 1401/1595/1400 1402/1596/1401
f 1400/1594/1399 1403/1597/1402 1398/1592/1397
f 1403/1597/1402 1400/1594/1399 1402/1596/1401
f 1404/1598/1403 1403/1597/1402 1402/1596/1401
f 1398/1592/1397 1403/1597/1402 1405/1599/1404
f 1406/1600/1405 1403/1597/1402 1404/1598/1403
f 1407/1601/1406 1405/1599/1404 1403/1597/1402
f 1406/1600/1405 1407/1601/1406 1403/1597/1402
f 1408/1602/1407 1405/1599/1404 1407/1601/1406
f 1398/1592/1397 1405/1599/1404 1408/1602/1407
f 1398/1592/1397 1408/1602/1407 1399/1593/1398
f 1409/1603/1408 1408/1602/1407 1407/1601/1406
f 1408/1602/1407 1410/1604/1409 1399/1593/1398
f 1410/1604/1409 1408/1602/1407 1409/1603/1408
f 1407/1601/1406 1411/1605/1410 1409/1603/1408
f 1406/1600/1405 1412/1606/1411 1407/1601/1406
f 1412/1606/1411 1411/1605/1410 1407/1601/1406
f 1411/1605/1410 1412/1606/1411 1413/1607/1412
f 1412/1606/1411 1406/1600/1405 1413/1607/1412
f 1410/1604/1409 1409/1603/1408 1414/1608/1413
f 1409/1603/1408 1411/1605/1410 1414/1608/1413
f 1415/1609/1414 1414/1608/1413 1411/1605/1410
f 1413/1607/1412 1415/1609/1414 1411/1605/1410
f 1406/1600/1405 1404/1598/1403 1416/1610/1415
f 1406/1600/1405 1416/1610/1415 1413/1607/1412
f 1416/1610/1415 1404/1598/1403 1417/1611/1416
f 1416/1610/1415 1417/1611/1416 1418/1612/1417
f 1416/1610/1415 1419/1613/1418 1413/1607/1412
f 1419/1613/1418 1416/1610/1415 1418/1612/1417
f 1419/1613/1418 1418/1612/1417 1420/1614/1419
f 1413/1607/1412 1419/1613/1418 1421/1615/1420
f 1422/1616/1421 1419/1613/1418 1420/1614/1419
f 1423/1617/1422 1422/1616/1421 1420/1614/1419
f 1421/1615/1420 1419/1613/1418 1424/1618/1423
f 1424/1618/1423 1419/1613/1418 1422/1616/1421
f 1413/1607/1412 1425/1619/1424 1415/1609/1414
f 1421/1615/1420 1425/1619/1424 1413/1607/1412
f 1426/1620/1425 1421/1615/1420 1424/1618/1423
f 1426/1620/1425 1425/1619/1424 1421/1615/1420
f 1425/1619/1424 1427/1621/1426 1415/1609/1414
f 1426/1620/1425 1427/1621/1426 1425/1619/1424
f 1424/1618/1423 1428/1622/1427 1426/1620/1425
f 1422/1616/1421 1428/1622/1427 1424/1618/1423
f 1426/1620/1425 1428/1622/1427 1429/1623/1428
f 1428/1622/1427 1430/1624/1429 1429/1623/1428
f 1430/1624/1429 1428/1622/1427 1422/1616/1421
f 1431/1625/1430 1427/1621/1426 1426/1620/1425
f 1426/1620/1425 1429/1623/1428 1431/1625/1430
f 1431/1625/1430 1429/1623/1428 1432/1626/1431
f 1429/1623/1428 1430/1624/1429 1432/1626/1431
f 1430/1624/1429 1433/1627/1432 1432/1626/1431
f 1434/1628/1433 1430/1624/1429 1422/1616/1421
f 1434/1628/1433 1422/1616/1421 1423/1617/1422
f 1423/1617/1422 1435/1629/1434 1434/1628/1433
f 1436/1630/1435 1433/1627/1432 1430/1624/1429
f 1434/1628/1433 1436/1630/1435 1430/1624/1429
f 1437/1631/1436 1436/1630/1435 1434/1628/1433
f 1435/1629/1434 1437/1631/1436 1434/1628/1433
f 1435/1629/1434 1438/1632/1437 1437/1631/1436
f 1436/1630/1435 1439/1633/1438 1433/1627/1432
f 1438/1632/1437 1440/1634/1439 1437/1631/1436
f 1441/1635/1440 1440/1634/1439 1438/1632/1437
f 1440/1634/1439 1442/1636/1441 1437/1631/1436
f 1442/1636/1441 1439/1633/1438 1436/1630/1435
f 1437/1631/1436 1442/1636/1441 1436/1630/1435
f 1443/1637/1442 1440/1634/1439 1441/1635/1440
f 1444/1638/1443 1440/1634/1439 1443/1637/1442
f 1442/1636/1441 1440/1634/1439 1444/1638/1443
f 1445/1639/1444 1443/1637/1442 1441/1635/1440
f 1446/1640/1445 1439/1633/1438 1442/1636/1441
f 1444/1638/1443 1446/1640/1445 1442/1636/1441
f 1443/1637/1442 1447/1641/1446 1444/1638/1443
f 1447/1641/1446 1443/1637/1442 1445/1639/1444
f 1444/1638/1443 1447/1641/1446 1446/1640/1445
f 1445/1639/1444 1448/1642/1447 1447/1641/1446
f 1446/1640/1445 1448/1642/1447 1439/1633/1438
f 1447/1641/1446 1448/1642/1447 1446/1640/1445
f 1449/1643/1448 1448/1642/1447 1445/1639/1444
f 1450/1644/1449 1448/1642/1447 1449/1643/1448
f 1433/1627/1432 1439/1633/1438 1450/1644/1449
f 1450/1644/1449 1439/1633/1438 1448/1642/1447
f 1450/1644/1449 1449/1643/1448 1451/1645/1450
f 1432/1626/1431 1433/1627/1432 1452/1646/1451
f 1452/1646/1451 1433/1627/1432 1450/1644/1449
f 1452/1646/1451 1450/1644/1449 1451/1645/1450
f 1431/1625/1430 1432/1626/1431 1452/1646/1451
f 1453/1647/1452 1431/1625/1430 1452/1646/1451
f 1452/1646/1451 1451/1645/1450 1453/1647/1452
f 1454/1648/1453 1427/1621/1426 1431/1625/1430
f 1454/1648/1453 1431/1625/1430 1453/1647/1452
f 1454/1648/1453 1455/1649/1454 1427/1621/1426
f 1415/1609/1414 1427/1621/1426 1456/1650/1455
f 1415/1609/1414 1456/1650/1455 1414/1608/1413
f 1455/1649/1454 1456/1650/1455 1427/1621/1426
f 1455/1649/1454 1457/1651/1456 1456/1650/1455
f 1457/1651/1456 1458/1652/1457 1456/1650/1455
f 1456/1650/1455 1458/1652/1457 1414/1608/1413
f 1458/1652/1457 1410/1604/1409 1414/1608/1413
f 1459/1653/1458 1410/1604/1409 1458/1652/1457
f 1399/1593/1398 1410/1604/1409 1460/1654/1459
f 1460/1654/1459 1390/1584/1389 1393/1587/1392
f 1460/1654/1459 1393/1587/1392 1399/1593/1398
f 1459/1653/1458 1460/1654/1459 1410/1604/1409
f 1461/1655/1460 1390/1584/1389 1460/1654/1459
f 1459/1653/1458 1461/1655/1460 1460/1654/1459
f 1462/1656/1461 1463/1657/1462 1464/1658/1463
f 1465/1659/1464 1462/1656/1461 1464/1658/1463
f 1464/1658/1463 1463/1657/1462 1466/1660/1465
f 1467/1661/1466 1465/1659/1464 1464/1658/1463
f 1464/1658/1463 1466/1660/1465 1468/1662/1467
f 1467/1661/1466 1464/1658/1463 1468/1662/1467
f 1466/1660/1465 1463/1657/1462 1469/1663/1468
f 1463/1657/1462 1470/1664/1469 1469/1663/1468
f 1466/1660/1465 1469/1663/1468 1471/1665/1470
f 1468/1662/1467 1466/1660/1465 1471/1665/1470
f 1469/1663/1468 1470/1664/1469 1472/1666/1471
f 1470/1664/1469 1473/1667/1472 1472/1666/1471
f 1472/1666/1471 1473/1667/1472 1474/1668/1473
f 1469/1663/1468 1472/1666/1471 1475/1669/1474
f 1471/1665/1470 1469/1663/1468 1475/1669/1474
f 1475/1669/1474 1472/1666/1471 1476/1670/1475
f 1472/1666/1471 1474/1668/1473 1476/1670/1475
f 1476/1670/1475 1474/1668/1473 1477/1671/1476
f 1471/1665/1470 1475/1669/1474 1478/1672/1477
f 1476/1670/1475 1477/1671/1476 1479/1673/1478
f 1479/1673/1478 1477/1671/1476 1480/1674/1479
f 1479/1673/1478 1480/1674/1479 1481/1675/1480
f 1475/1669/1474 1476/1670/1475 1479/1673/1478
f 1478/1672/1477 1475/1669/1474 1479/1673/1478
f 1482/1676/1481 1479/1673/1478 1481/1675/1480
f 1482/1676/1481 1481/1675/1480 1483/1677/1482
f 1478/1672/1477 1479/1673/1478 1484/1678/1483
f 1484/1678/1483 1479/1673/1478 1482/1676/1481
f 1484/1678/1483 1482/1676/1481 1485/1679/1484
f 1485/1679/1484 1482/1676/1481 1483/1677/1482
f 1485/1679/1484 1483/1677/1482 1486/1680/1485
f 1487/1681/1486 1478/1672/1477 1484/1678/1483
f 1487/1681/1486 1484/1678/1483 1488/1682/1487
f 1488/1682/1487 1484/1678/1483 1485/1679/1484
f 1488/1682/1487 1485/1679/1484 1489/1683/1488
f 1489/1683/1488 1485/1679/1484 1486/1680/1485
f 1489/1683/1488 1486/1680/1485 1490/1684/1489
f 1490/1684/1489 1486/1680/1485 1491/1685/1490
f 1492/1686/1491 1488/1682/1487 1489/1683/1488
f 1490/1684/1489 1491/1685/1490 1493/1687/1492
f 1493/1687/1492 1491/1685/1490 1494/1688/1493
f 1492/1686/1491 1489/1683/1488 1495/1689/1494
f 1495/1689/1494 1489/1683/1488 1490/1684/1489
f 1495/1689/1494 1490/1684/1489 1496/1690/1495
f 1496/1690/1495 1490/1684/1489 1493/1687/1492
f 1493/1687/1492 1494/1688/1493 1497/1691/1496
f 1497/1691/1496 1494/1688/1493 1498/1692/1497
f 1497/1691/1496 1498/1692/1497 1499/1693/1498
f 1496/1690/1495 1493/1687/1492 1497/1691/1496
f 1500/1694/1499 1497/1691/1496 1499/1693/1498
f 1500/1694/1499 1499/1693/1498 1501/1695/1500
f 1502/1696/1501 1496/1690/1495 1497/1691/1496
f 1503/1697/1502 1500/1694/1499 1501/1695/1500
f 1503/1697/1502 1501/1695/1500 1473/1698/1472
f 1470/1699/1469 1503/1697/1502 1473/1698/1472
f 1504/1700/1503 1500/1694/1499 1503/1697/1502
f 1502/1696/1501 1497/1691/1496 1504/1700/1503
f 1504/1700/1503 1497/1691/1496 1500/1694/1499
f 1505/1701/1504 1504/1700/1503 1503/1697/1502
f 1505/1701/1504 1503/1697/1502 1470/1699/1469
f 1463/1702/1462 1505/1701/1504 1470/1699/1469
f 1506/1703/1505 1502/1696/1501 1504/1700/1503
f 1506/1703/1505 1504/1700/1503 1505/1701/1504
f 1507/1704/1506 1505/1701/1504 1463/1702/1462
f 1507/1704/1506 1506/1703/1505 1505/1701/1504
f 1508/1705/1507 1502/1696/1501 1506/1703/1505
f 1509/1706/1508 1507/1704/1506 1463/1702/1462
f 1462/1707/1461 1509/1706/1508 1463/1702/1462
f 1465/1708/1464 1509/1706/1508 1462/1707/1461
f 1510/1709/1509 1506/1703/1505 1507/1704/1506
f 1509/1706/1508 1510/1709/1509 1507/1704/1506
f 1510/1709/1509 1508/1705/1507 1506/1703/1505
f 1511/1710/1510 1510/1709/1509 1509/1706/1508
f 1511/1710/1510 1509/1706/1508 1465/1708/1464
f 1512/1711/1511 1508/1705/1507 1510/1709/1509
f 1512/1711/1511 1510/1709/1509 1511/1710/1510
f 1513/1712/1512 1511/1710/1510 1465/1708/1464
f 1514/1713/1513 1511/1710/1510 1513/1712/1512
f 1514/1713/1513 1512/1711/1511 1511/1710/1510
f 1515/1714/1514 1512/1711/1511 1514/1713/1513
f 1516/1715/1515 1508/1705/1507 1512/1711/1511
f 1515/1714/1514 1516/1715/1515 1512/1711/1511
f 1517/1716/1516 1516/1715/1515 1515/1714/1514
f 1517/1716/1516 1518/1717/1517 1516/1715/1515
f 1518/1717/1517 1519/1718/1518 1516/1715/1515
f 1518/1717/1517 1520/1719/1519 1519/1718/1518
f 1516/1715/1515 1519/1718/1518 1508/1705/1507
f 1520/1719/1519 1521/1720/1520 1519/1718/1518
f 1520/1719/1519 1522/1721/1521 1521/1720/1520
f 1519/1718/1518 1523/1722/1522 1508/1705/1507
f 1519/1718/1518 1521/1720/1520 1523/1722/1522
f 1522/1721/1521 1524/1723/1523 1521/1720/1520
f 1523/1722/1522 1525/1724/1524 1508/1705/1507
f 1508/1705/1507 1525/1724/1524 1502/1696/1501
f 1525/1724/1524 1496/1690/1495 1502/1696/1501
f 1525/1724/1524 1495/1689/1494 1496/1690/1495
f 1523/1722/1522 1526/1725/1525 1525/1724/1524
f 1526/1725/1525 1492/1686/1491 1495/1689/1494
f 1526/1725/1525 1495/1689/1494 1525/1724/1524
f 1521/1720/1520 1527/1726/1526 1523/1722/1522
f 1527/1726/1526 1526/1725/1525 1523/1722/1522
f 1527/1726/1526 1492/1686/1491 1526/1725/1525
f 1521/1720/1520 1524/1723/1523 1527/1726/1526
f 1524/1723/1523 1528/1727/1527 1527/1726/1526
f 1528/1727/1527 1492/1686/1491 1527/1726/1526
f 1529/1728/1528 1488/1682/1487 1492/1686/1491
f 1529/1728/1528 1487/1681/1486 1488/1682/1487
f 1530/1729/1529 1529/1728/1528 1492/1686/1491
f 1524/1723/1523 1530/1729/1529 1528/1727/1527
f 1528/1727/1527 1530/1729/1529 1492/1686/1491
f 1531/1730/1530 1530/1729/1529 1524/1723/1523
f 1532/1731/1531 1487/1681/1486 1529/1728/1528
f 1531/1730/1530 1532/1731/1531 1530/1729/1529
f 1530/1729/1529 1532/1731/1531 1529/1728/1528
f 1533/1732/1532 1478/1672/1477 1487/1681/1486
f 1533/1732/1532 1471/1665/1470 1478/1672/1477
f 1468/1662/1467 1471/1665/1470 1533/1732/1532
f 1532/1731/1531 1533/1732/1532 1487/1681/1486
f 1534/1733/1533 1532/1731/1531 1531/1730/1530
f 1534/1733/1533 1533/1732/1532 1532/1731/1531
f 1522/1721/1521 1531/1730/1530 1524/1723/1523
f 1535/1734/1534 1531/1730/1530 1522/1721/1521
f 1535/1734/1534 1534/1733/1533 1531/1730/1530
f 1536/1735/1535 1534/1733/1533 1535/1734/1534
f 1537/1736/1536 1533/1732/1532 1534/1733/1533
f 1536/1735/1535 1537/1736/1536 1534/1733/1533
f 1538/1737/1537 1537/1736/1536 1536/1735/1535
f 1538/1737/1537 1539/1738/1538 1537/1736/1536
f 1539/1738/1538 1540/1739/1539 1537/1736/1536
f 1539/1738/1538 1541/1740/1540 1540/1739/1539
f 1537/1736/1536 1540/1739/1539 1533/1732/1532
f 1540/1739/1539 1468/1662/1467 1533/1732/1532
f 1540/1739/1539 1467/1661/1466 1468/1662/1467
f 1541/1740/1540 1467/1661/1466 1540/1739/1539
f 1513/1741/1512 1465/1659/1464 1467/1661/1466
f 1541/1740/1540 1513/1741/1512 1467/1661/1466
f 1542/1742/1541 1543/1743/1542 1544/1744/1543
f 1543/1743/1542 1545/1745/1544 1544/1744/1543
f 1546/1746/1545 1544/1744/1543 1545/1745/1544
f 1546/1746/1545 1545/1745/1544 1547/1747/1546
f 1546/1746/1545 1547/1747/1546 1548/1748/1547
f 1546/1746/1545 1548/1748/1547 1549/1749/1548
f 1549/1749/1548 1544/1744/1543 1546/1746/1545
f 1550/1750/1549 1549/1749/1548 1548/1748/1547
f 1550/1750/1549 1544/1744/1543 1549/1749/1548
f 1551/1751/1550 1544/1744/1543 1550/1750/1549
f 1551/1751/1550 1550/1750/1549 1552/1752/1551
f 1553/1753/1552 1544/1744/1543 1551/1751/1550
f 1552/1752/1551 1553/1753/1552 1551/1751/1550
f 1554/1754/1553 1553/1753/1552 1552/1752/1551
f 1555/1755/1554 1544/1744/1543 1553/1753/1552
f 1553/1753/1552 1554/1754/1553 1555/1755/1554
f 1554/1754/1553 1556/1756/1555 1555/1755/1554
f 1556/1756/1555 1557/1757/1556 1555/1755/1554
f 1557/1757/1556 1544/1744/1543 1555/1755/1554
f 1544/1744/1543 1557/1757/1556 1558/1758/1557
f 1544/1744/1543 1558/1758/1557 1559/1759/1558
f 1559/1759/1558 1542/1742/1541 1544/1744/1543
f 1559/1760/1558 1558/1761/1557 1560/1762/1559
f 1558/1761/1557 1557/1763/1556 1560/1762/1559
f 1542/1764/1541 1559/1760/1558 1560/1762/1559
f 1560/1762/1559 1557/1763/1556 1561/1765/1560
f 1557/1763/1556 1556/1766/1555 1561/1765/1560
f 1554/1767/1553 1561/1765/1560 1556/1766/1555
f 1562/1768/1561 1561/1765/1560 1554/1767/1553
f 1562/1768/1561 1554/1767/1553 1552/1769/1551
f 1550/1770/1549 1562/1768/1561 1552/1769/1551
f 1548/1771/1547 1561/1765/1560 1562/1768/1561
f 1550/1770/1549 1548/1771/1547 1562/1768/1561
f 1547/1772/1546 1561/1765/1560 1548/1771/1547
f 1561/1765/1560 1547/1772/1546 1545/1773/1544
f 1561/1765/1560 1545/1773/1544 1563/1774/1562
f 1563/1774/1562 1545/1773/1544 1543/1775/1542
f 1563/1774/1562 1543/1775/1542 1542/1764/1541
f 1560/1762/1559 1561/1765/1560 1563/1774/1562
f 1563/1774/1562 1542/1764/1541 1560/1762/1559
f 1564/1776/1563 1565/1777/1564 1566/1778/1565
f 1567/1779/1566 1566/1778/1565 1565/1777/1564
f 1568/1780/1567 1564/1776/1563 1566/1778/1565
f 1566/1778/1565 1567/1779/1566 1569/1781/1568
f 1570/1782/1569 1567/1779/1566 1571/1783/1570
f 1570/1782/1569 1569/1781/1568 1567/1779/1566
f 1570/1782/1569 1571/1783/1570 1572/1784/1571
f 1573/1785/1572 1569/1781/1568 1570/1782/1569
f 1570/1782/1569 1572/1784/1571 1573/1785/1572
f 1574/1786/1573 1573/1785/1572 1572/1784/1571
f 1575/1787/1574 1569/1781/1568 1573/1785/1572
f 1575/1787/1574 1573/1785/1572 1574/1786/1573
f 1576/1788/1575 1569/1781/1568 1575/1787/1574
f 1577/1789/1576 1569/1781/1568 1576/1788/1575
f 1578/1790/1577 1577/1789/1576 1576/1788/1575
f 1577/1789/1576 1578/1790/1577 1579/1791/1578
f 1579/1791/1578 1569/1781/1568 1577/1789/1576
f 1578/1790/1577 1580/1792/1579 1579/1791/1578
f 1581/1793/1580 1569/1781/1568 1579/1791/1578
f 1580/1792/1579 1581/1793/1580 1579/1791/1578
f 1569/1781/1568 1581/1793/1580 1582/1794/1581
f 1583/1795/1582 1582/1794/1581 1581/1793/1580
f 1582/1794/1581 1583/1795/1582 1568/1780/1567
f 1569/1781/1568 1582/1794/1581 1566/1778/1565
f 1568/1780/1567 1566/1778/1565 1582/1794/1581
f 1583/1796/1582 1581/1797/1580 1584/1798/1583
f 1583/1796/1582 1584/1798/1583 1568/1799/1567
f 1581/1797/1580 1580/1800/1579 1584/1798/1583
f 1578/1801/1577 1584/1798/1583 1580/1800/1579
f 1585/1802/1584 1584/1798/1583 1578/1801/1577
f 1585/1802/1584 1578/1801/1577 1576/1803/1575
f 1575/1804/1574 1585/1802/1584 1576/1803/1575
f 1584/1798/1583 1585/1802/1584 1574/1805/1573
f 1575/1804/1574 1574/1805/1573 1585/1802/1584
f 1572/1806/1571 1584/1798/1583 1574/1805/1573
f 1571/1807/1570 1584/1798/1583 1572/1806/1571
f 1584/1798/1583 1571/1807/1570 1567/1808/1566
f 1584/1798/1583 1567/1808/1566 1565/1809/1564
f 1564/1810/1563 1584/1798/1583 1565/1809/1564
f 1568/1799/1567 1584/1798/1583 1564/1810/1563
f 1586/1811/1585 1587/1812/1586 1588/1813/1587
f 1587/1812/1586 1589/1814/1588 1588/1813/1587
f 1590/1815/1589 1588/1813/1587 1589/1814/1588
f 1590/1815/1589 1589/1814/1588 1591/1816/1590
f 1590/1815/1589 1591/1816/1590 1592/1817/1591
f 1590/1815/1589 1592/1817/1591 1593/1818/1592
f 1593/1818/1592 1588/1813/1587 1590/1815/1589
f 1594/1819/1593 1593/1818/1592 1592/1817/1591
f 1594/1819/1593 1588/1813/1587 1593/1818/1592
f 1595/1820/1594 1588/1813/1587 1594/1819/1593
f 1596/1821/1595 1588/1813/1587 1595/1820/1594
f 1597/1822/1596 1596/1821/1595 1595/1820/1594
f 1598/1823/1597 1588/1813/1587 1596/1821/1595
f 1596/1821/1595 1597/1822/1596 1598/1823/1597
f 1597/1822/1596 1599/1824/1598 1598/1823/1597
f 1599/1824/1598 1600/1825/1599 1598/1823/1597
f 1600/1825/1599 1588/1813/1587 1598/1823/1597
f 1588/1813/1587 1600/1825/1599 1601/1826/1600
f 1588/1813/1587 1601/1826/1600 1602/1827/1601
f 1588/1813/1587 1602/1827/1601 1586/1811/1585
f 1602/1828/1601 1601/1829/1600 1603/1830/1602
f 1601/1829/1600 1600/1831/1599 1603/1830/1602
f 1586/1832/1585 1602/1828/1601 1603/1830/1602
f 1603/1830/1602 1600/1831/1599 1604/1833/1603
f 1600/1831/1599 1599/1834/1598 1604/1833/1603
f 1597/1835/1596 1604/1833/1603 1599/1834/1598
f 1605/1836/1604 1604/1833/1603 1597/1835/1596
f 1605/1836/1604 1597/1835/1596 1595/1837/1594
f 1594/1838/1593 1605/1836/1604 1595/1837/1594
f 1592/1839/1591 1604/1833/1603 1605/1836/1604
f 1594/1838/1593 1592/1839/1591 1605/1836/1604
f 1591/1840/1590 1604/1833/1603 1592/1839/1591
f 1604/1833/1603 1591/1840/1590 1589/1841/1588
f 1604/1833/1603 1589/1841/1588 1606/1842/1605
f 1606/1842/1605 1589/1841/1588 1587/1843/1586
f 1606/1842/1605 1587/1843/1586 1586/1832/1585
f 1603/1830/1602 1604/1833/1603 1606/1842/1605
f 1606/1842/1605 1586/1832/1585 1603/1830/1602
f 1607/1844/1606 1608/1845/1607 1609/1846/1608
f 1610/1847/1609 1609/1846/1608 1608/1845/1607
f 1611/1848/1610 1607/1844/1606 1609/1846/1608
f 1609/1846/1608 1610/1847/1609 1612/1849/1611
f 1613/1850/1612 1612/1849/1611 1610/1847/1609
f 1614/1851/1613 1612/1849/1611 1613/1850/1612
f 1613/1850/1612 1615/1852/1614 1614/1851/1613
f 1616/1853/1615 1614/1851/1613 1615/1852/1614
f 1617/1854/1616 1612/1849/1611 1614/1851/1613
f 1617/1854/1616 1614/1851/1613 1616/1853/1615
f 1618/1855/1617 1612/1849/1611 1617/1854/1616
f 1619/1856/1618 1612/1849/1611 1618/1855/1617
f 1620/1857/1619 1619/1856/1618 1618/1855/1617
f 1621/1858/1620 1612/1849/1611 1619/1856/1618
f 1619/1856/1618 1620/1857/1619 1621/1858/1620
f 1622/1859/1621 1612/1849/1611 1621/1858/1620
f 1612/1849/1611 1622/1859/1621 1623/1860/1622
f 1612/1849/1611 1623/1860/1622 1611/1848/1610
f 1611/1848/1610 1609/1846/1608 1612/1849/1611
f 1611/1861/1610 1623/1862/1622 1624/1863/1623
f 1623/1862/1622 1622/1864/1621 1624/1863/1623
f 1624/1863/1623 1622/1864/1621 1625/1865/1624
f 1622/1864/1621 1626/1866/1625 1625/1865/1624
f 1626/1866/1625 1622/1864/1621 1621/1867/1620
f 1620/1868/1619 1626/1866/1625 1621/1867/1620
f 1620/1868/1619 1625/1865/1624 1626/1866/1625
f 1627/1869/1626 1620/1868/1619 1618/1870/1617
f 1627/1869/1626 1625/1865/1624 1620/1868/1619
f 1617/1871/1616 1627/1869/1626 1618/1870/1617
f 1625/1865/1624 1627/1869/1626 1616/1872/1615
f 1617/1871/1616 1616/1872/1615 1627/1869/1626
f 1615/1873/1614 1625/1865/1624 1616/1872/1615
f 1628/1874/1627 1625/1865/1624 1615/1873/1614
f 1613/1875/1612 1628/1874/1627 1615/1873/1614
f 1625/1865/1624 1628/1874/1627 1610/1876/1609
f 1613/1875/1612 1610/1876/1609 1628/1874/1627
f 1625/1865/1624 1610/1876/1609 1608/1877/1607
f 1607/1878/1606 1625/1865/1624 1608/1877/1607
f 1624/1863/1623 1625/1865/1624 1607/1878/1606
f 1607/1878/1606 1611/1861/1610 1624/1863/1623
f 1095/1879/1095 1098/1880/1098 1629/1881/1628
f 1629/1881/1628 1098/1880/1098 1081/1882/1081
f 1095/1879/1095 1629/1881/1628 1630/1883/1629
f 1630/1883/1629 1092/1884/1092 1095/1879/1095
f 1631/1885/1630 1629/1881/1628 1081/1882/1081
f 1081/1882/1081 1080/1886/1080 1631/1885/1630
f 1631/1885/1630 1632/1887/1631 1629/1881/1628
f 1629/1881/1628 1632/1887/1631 1630/1883/1629
f 1633/1888/1632 1632/1887/1631 1631/1885/1630
f 1630/1883/1629 1634/1889/1633 1092/1884/1092
f 1630/1883/1629 1632/1887/1631 1634/1889/1633
f 1634/1889/1633 1632/1887/1631 1635/1890/1634
f 1092/1884/1092 1634/1889/1633 1083/1891/1083
f 1083/1891/1083 1634/1889/1633 1636/1892/1635
f 1083/1891/1083 1636/1892/1635 1084/1893/1084
f 1084/1893/1084 1636/1892/1635 1086/1894/1086
f 1636/1892/1635 1634/1889/1633 1637/1895/1636
f 1637/1895/1636 1634/1889/1633 1638/1896/1637
f 1637/1895/1636 1639/1897/1638 1636/1892/1635
f 1086/1894/1086 1636/1892/1635 1640/1898/1639
f 1641/1899/1640 1640/1898/1639 1636/1892/1635
f 1641/1899/1640 1636/1892/1635 1639/1897/1638
f 1642/1900/1641 1640/1898/1639 1641/1899/1640
f 1640/1898/1639 1642/1900/1641 1086/1894/1086
f 1086/1894/1086 1642/1900/1641 1077/1901/1077
f 1077/1901/1077 1642/1900/1641 1078/1902/1078
f 1643/1903/1642 1642/1900/1641 1641/1899/1640
f 1078/1902/1078 1644/1904/1643 1080/1886/1080
f 1642/1900/1641 1644/1904/1643 1078/1902/1078
f 1642/1900/1641 1643/1903/1642 1645/1905/1644
f 1645/1905/1644 1644/1904/1643 1642/1900/1641
f 1080/1886/1080 1644/1904/1643 1631/1885/1630
f 1644/1904/1643 1633/1888/1632 1631/1885/1630
f 1646/1906/1645 1644/1904/1643 1645/1905/1644
f 1646/1906/1645 1647/1907/1646 1644/1904/1643
f 1646/1906/1645 1645/1905/1644 1079/1908/1079
f 1079/1908/1079 1090/1909/1090 1646/1906/1645
f 1645/1905/1644 1088/1910/1088 1079/1908/1079
f 1088/1910/1088 1645/1905/1644 1643/1903/1642
f 1088/1910/1088 1643/1903/1642 1089/1911/1089
f 1089/1911/1089 1643/1903/1642 1641/1899/1640
f 1641/1899/1640 1639/1897/1638 1089/1911/1089
f 1089/1911/1089 1639/1897/1638 1087/1912/1087
f 1639/1897/1638 1637/1895/1636 1087/1912/1087
f 1091/1913/1091 1087/1912/1087 1637/1895/1636
f 1091/1913/1091 1637/1895/1636 1638/1896/1637
f 1638/1896/1637 1093/1914/1093 1091/1913/1091
f 1634/1889/1633 1648/1915/1647 1638/1896/1637
f 1648/1915/1647 1634/1889/1633 1635/1890/1634
f 1093/1914/1093 1638/1896/1637 1649/1916/1648
f 1093/1914/1093 1649/1916/1648 1096/1917/1096
f 1638/1896/1637 1648/1915/1647 1650/1918/1649
f 1651/1919/1650 1096/1917/1096 1649/1916/1648
f 1651/1919/1650 1099/1920/1099 1096/1917/1096
f 1100/1921/1100 1099/1920/1099 1651/1919/1650
f 1650/1918/1649 1652/1922/1651 1638/1896/1637
f 1638/1896/1637 1652/1922/1651 1649/1916/1648
f 1653/1923/1652 1100/1921/1100 1651/1919/1650
f 1100/1921/1100 1653/1923/1652 1090/1909/1090
f 1653/1923/1652 1646/1906/1645 1090/1909/1090
f 1652/1922/1651 1651/1919/1650 1649/1916/1648
f 1653/1923/1652 1651/1919/1650 1652/1922/1651
f 1654/1924/1653 1653/1923/1652 1652/1922/1651
f 1653/1923/1652 1654/1924/1653 1646/1906/1645
f 1655/1925/1654 1647/1907/1646 1646/1906/1645
f 1646/1906/1645 1654/1924/1653 1655/1925/1654
f 1656/1926/1655 1654/1924/1653 1652/1922/1651
f 1654/1924/1653 1656/1926/1655 1657/1927/1656
f 1658/1928/1657 1656/1926/1655 1652/1922/1651
f 1659/1929/1658 1656/1926/1655 1658/1928/1657
f 1659/1929/1658 1652/1922/1651 1650/1918/1649
f 1658/1928/1657 1652/1922/1651 1659/1929/1658
f 1660/1930/1659 1654/1924/1653 1657/1927/1656
f 1655/1925/1654 1654/1924/1653 1660/1930/1659
f 1657/1927/1656 1656/1926/1655 1660/1930/1659
f 1656/1926/1655 1661/1931/1660 1660/1930/1659
f 1659/1929/1658 1661/1931/1660 1656/1926/1655
f 1659/1929/1658 1662/1932/1661 1661/1931/1660
f 1661/1931/1660 1662/1932/1661 1660/1930/1659
f 1659/1929/1658 1650/1918/1649 1663/1933/1662
f 1663/1933/1662 1662/1932/1661 1659/1929/1658
f 1660/1930/1659 1662/1932/1661 1664/1934/1663
f 1664/1934/1663 1655/1925/1654 1660/1930/1659
f 1665/1935/1664 1662/1932/1661 1663/1933/1662
f 1664/1934/1663 1662/1932/1661 1665/1935/1664
f 1666/1936/1665 1655/1925/1654 1664/1934/1663
f 1655/1925/1654 1666/1936/1665 1647/1907/1646
f 1667/1937/1666 1664/1934/1663 1665/1935/1664
f 1667/1937/1666 1668/1938/1667 1664/1934/1663
f 1664/1934/1663 1668/1938/1667 1666/1936/1665
f 1665/1935/1664 1663/1933/1662 1669/1939/1668
f 1668/1938/1667 1667/1937/1666 1670/1940/1669
f 1667/1937/1666 1665/1935/1664 1670/1940/1669
f 1670/1940/1669 1665/1935/1664 1669/1939/1668
f 1663/1933/1662 1670/1940/1669 1669/1939/1668
f 1663/1933/1662 1650/1918/1649 1671/1941/1670
f 1671/1941/1670 1670/1940/1669 1663/1933/1662
f 1670/1940/1669 1672/1942/1671 1668/1938/1667
f 1672/1942/1671 1670/1940/1669 1673/1943/1672
f 1673/1943/1672 1670/1940/1669 1674/1944/1673
f 1670/1940/1669 1675/1945/1674 1674/1944/1673
f 1670/1940/1669 1671/1941/1670 1675/1945/1674
f 1674/1944/1673 1675/1945/1674 1676/1946/1675
f 1676/1946/1675 1673/1943/1672 1674/1944/1673
f 1672/1942/1671 1673/1943/1672 1677/1947/1676
f 1673/1943/1672 1678/1948/1677 1677/1947/1676
f 1676/1946/1675 1678/1948/1677 1673/1943/1672
f 1677/1947/1676 1679/1949/1678 1672/1942/1671
f 1672/1942/1671 1679/1949/1678 1668/1938/1667
f 1679/1949/1678 1666/1936/1665 1668/1938/1667
f 1676/1946/1675 1680/1950/1679 1678/1948/1677
f 1678/1948/1677 1680/1950/1679 1677/1947/1676
f 1677/1947/1676 1681/1951/1680 1679/1949/1678
f 1677/1947/1676 1680/1950/1679 1681/1951/1680
f 1666/1936/1665 1679/1949/1678 1647/1907/1646
f 1682/1952/1681 1647/1907/1646 1679/1949/1678
f 1681/1951/1680 1682/1952/1681 1679/1949/1678
f 1683/1953/1682 1680/1950/1679 1676/1946/1675
f 1648/1915/1647 1675/1945/1674 1671/1941/1670
f 1676/1946/1675 1675/1945/1674 1684/1954/1683
f 1648/1915/1647 1684/1954/1683 1675/1945/1674
f 1676/1946/1675 1684/1954/1683 1683/1953/1682
f 1648/1915/1647 1671/1941/1670 1650/1918/1649
f 1684/1954/1683 1648/1915/1647 1685/1955/1684
f 1635/1890/1634 1685/1955/1684 1648/1915/1647
f 1684/1954/1683 1685/1955/1684 1686/1956/1685
f 1635/1890/1634 1632/1887/1631 1687/1957/1686
f 1687/1957/1686 1632/1887/1631 1688/1958/1687
f 1689/1959/1688 1688/1958/1687 1632/1887/1631
f 1689/1959/1688 1632/1887/1631 1633/1888/1632
f 1689/1959/1688 1687/1957/1686 1688/1958/1687
f 1633/1888/1632 1690/1960/1689 1689/1959/1688
f 1691/1961/1690 1633/1888/1632 1644/1904/1643
f 1691/1961/1690 1644/1904/1643 1647/1907/1646
f 1690/1960/1689 1633/1888/1632 1692/1962/1691
f 1692/1962/1691 1633/1888/1632 1691/1961/1690
f 1690/1960/1689 1692/1962/1691 1689/1959/1688
f 1689/1959/1688 1693/1963/1692 1687/1957/1686
f 1692/1962/1691 1693/1963/1692 1689/1959/1688
f 1693/1963/1692 1694/1964/1693 1687/1957/1686
f 1692/1962/1691 1694/1964/1693 1693/1963/1692
f 1692/1962/1691 1691/1961/1690 1695/1965/1694
f 1695/1965/1694 1694/1964/1693 1692/1962/1691
f 1696/1966/1695 1695/1965/1694 1691/1961/1690
f 1696/1966/1695 1647/1907/1646 1682/1952/1681
f 1647/1907/1646 1696/1966/1695 1691/1961/1690
f 1697/1967/1696 1635/1890/1634 1687/1957/1686
f 1687/1957/1686 1694/1964/1693 1697/1967/1696
f 1635/1890/1634 1697/1967/1696 1685/1955/1684
f 1697/1967/1696 1686/1956/1685 1685/1955/1684
f 1698/1968/1697 1697/1967/1696 1694/1964/1693
f 1694/1964/1693 1695/1965/1694 1698/1968/1697
f 1699/1969/1698 1686/1956/1685 1697/1967/1696
f 1698/1968/1697 1699/1969/1698 1697/1967/1696
f 1699/1969/1698 1700/1970/1699 1686/1956/1685
f 1698/1968/1697 1700/1970/1699 1699/1969/1698
f 1701/1971/1700 1700/1970/1699 1698/1968/1697
f 1695/1965/1694 1701/1971/1700 1698/1968/1697
f 1696/1966/1695 1700/1970/1699 1695/1965/1694
f 1695/1965/1694 1700/1970/1699 1701/1971/1700
f 1700/1970/1699 1696/1966/1695 1682/1952/1681
f 1702/1972/1701 1700/1970/1699 1682/1952/1681
f 1702/1972/1701 1682/1952/1681 1681/1951/1680
f 1702/1972/1701 1681/1951/1680 1703/1973/1702
f 1681/1951/1680 1680/1950/1679 1703/1973/1702
f 1703/1973/1702 1680/1950/1679 1683/1953/1682
f 1702/1972/1701 1703/1973/1702 1700/1970/1699
f 1700/1970/1699 1703/1973/1702 1704/1974/1703
f 1683/1953/1682 1684/1954/1683 1704/1974/1703
f 1703/1973/1702 1683/1953/1682 1704/1974/1703
f 1700/1970/1699 1704/1974/1703 1686/1956/1685
f 1684/1954/1683 1686/1956/1685 1704/1974/1703
f 219/1975/219 218/1976/218 373/1977/373
f 228/1978/228 219/1975/219 373/1977/373
f 218/1976/218 382/1979/382 373/1977/373
f 232/1980/232 228/1978/228 373/1977/373
f 382/1979/382 379/1981/379 373/1977/373
f 379/1981/379 376/1982/376 373/1977/373
f 2/1983/2 691/753/691 3/599/3
f 2/1983/2 1705/1984/1704 691/753/691
f 4/1985/4 1705/1984/1704 2/1983/2
f 691/753/691 1706/1986/1705 667/729/667
f 8/1987/8 1705/1984/1704 4/1985/4
f 80/406/80 667/729/667 1706/1986/1705
f 8/1987/8 1707/1988/1706 1705/1984/1704
f 10/1989/10 1707/1988/1706 8/1987/8
f 79/1990/79 80/406/80 1706/1986/1705
f 12/1991/12 1707/1988/1706 10/1989/10
f 1705/1984/1704 1707/1988/1706 1708/1992/1707
f 12/1991/12 1709/1993/1708 1707/1988/1706
f 13/1994/13 1709/1993/1708 12/1991/12
f 1708/1992/1707 1707/1988/1706 1710/1995/1709
f 1710/1995/1709 1707/1988/1706 1711/1996/1710
f 1707/1988/1706 1709/1993/1708 1711/1996/1710
f 15/1997/15 1709/1993/1708 13/1994/13
f 15/1997/15 1712/1998/1711 1709/1993/1708
f 17/1999/17 1712/1998/1711 15/1997/15
f 1711/1996/1710 1709/1993/1708 1713/2000/1712
f 1709/1993/1708 1712/1998/1711 1713/2000/1712
f 20/2001/20 1712/1998/1711 17/1999/17
f 20/2001/20 1714/2002/1713 1712/1998/1711
f 37/2003/37 1714/2002/1713 20/2001/20
f 1713/2000/1712 1712/1998/1711 1715/2004/1714
f 1712/1998/1711 1714/2002/1713 1715/2004/1714
f 39/2005/39 1714/2002/1713 37/2003/37
f 39/2005/39 1716/2006/1715 1714/2002/1713
f 42/2007/42 1716/2006/1715 39/2005/39
f 1714/2002/1713 1716/2006/1715 1717/2008/1716
f 1715/2004/1714 1714/2002/1713 1717/2008/1716
f 42/2007/42 1718/2009/1717 1716/2006/1715
f 44/2010/44 1718/2009/1717 42/2007/42
f 1716/2006/1715 1718/2009/1717 1719/2011/1718
f 1717/2008/1716 1716/2006/1715 1719/2011/1718
f 46/2012/46 1718/2009/1717 44/2010/44
f 46/2012/46 1720/2013/1719 1718/2009/1717
f 48/2014/48 1720/2013/1719 46/2012/46
f 1720/2013/1719 1721/2015/1720 1718/2009/1717
f 1719/2011/1718 1718/2009/1717 1721/2015/1720
f 48/2014/48 1722/2016/1721 1720/2013/1719
f 1722/2016/1721 48/2014/48 50/2017/50
f 1720/2013/1719 1722/2016/1721 1721/2015/1720
f 1722/2016/1721 50/2017/50 52/2018/52
f 1721/2015/1720 1722/2016/1721 1723/2019/1722
f 1722/2016/1721 52/2018/52 1724/2020/1723
f 53/2021/53 1724/2020/1723 52/2018/52
f 1722/2016/1721 1724/2020/1723 1723/2019/1722
f 55/2022/55 1724/2020/1723 53/2021/53
f 1723/2019/1722 1724/2020/1723 1725/2023/1724
f 55/2022/55 1726/2024/1725 1724/2020/1723
f 57/2025/57 1726/2024/1725 55/2022/55
f 1724/2020/1723 1726/2024/1725 1725/2023/1724
f 59/2026/59 1726/2024/1725 57/2025/57
f 1725/2023/1724 1726/2024/1725 1727/2027/1726
f 59/2026/59 1728/2028/1727 1726/2024/1725
f 62/2029/62 1728/2028/1727 59/2026/59
f 1726/2024/1725 1728/2028/1727 1729/2030/1728
f 1727/2027/1726 1726/2024/1725 1729/2030/1728
f 63/2031/63 1728/2028/1727 62/2029/62
f 63/2031/63 1730/2032/1729 1728/2028/1727
f 66/2033/66 1730/2032/1729 63/2031/63
f 1728/2028/1727 1730/2032/1729 1731/2034/1730
f 1729/2030/1728 1728/2028/1727 1731/2034/1730
f 66/2033/66 1732/2035/1731 1730/2032/1729
f 72/2036/72 1732/2035/1731 66/2033/66
f 1730/2032/1729 1732/2035/1731 1731/2034/1730
f 77/2037/77 1732/2035/1731 72/2036/72
f 1731/2034/1730 1732/2035/1731 1733/2038/1732
f 79/1990/79 1734/2039/1733 77/2037/77
f 77/2037/77 1734/2039/1733 1732/2035/1731
f 1732/2035/1731 1734/2039/1733 1733/2038/1732
f 79/1990/79 1706/1986/1705 1734/2039/1733
f 1733/2038/1732 1734/2039/1733 1735/2040/1734
f 1735/2040/1734 1734/2039/1733 1736/2041/1735
f 1734/2039/1733 1706/1986/1705 1736/2041/1735
f 1736/2041/1735 1737/2042/1736 1735/2040/1734
f 1736/2041/1735 1706/1986/1705 1738/2043/1737
f 1736/2041/1735 1739/2044/1738 1737/2042/1736
f 1738/2043/1737 1739/2044/1738 1736/2041/1735
f 1706/1986/1705 691/753/691 1738/2043/1737
f 1738/2043/1737 1740/2045/1739 1739/2044/1738
f 1738/2043/1737 691/753/691 1741/2046/1740
f 1741/2046/1740 1742/2047/1741 1738/2043/1737
f 1738/2043/1737 1742/2047/1741 1740/2045/1739
f 691/753/691 1705/1984/1704 1741/2046/1740
f 1741/2046/1740 1705/1984/1704 1708/1992/1707
f 1741/2046/1740 1743/2048/1742 1742/2047/1741
f 1708/1992/1707 1743/2048/1742 1741/2046/1740
f 1710/1995/1709 1744/2049/1743 1708/1992/1707
f 1708/1992/1707 1744/2049/1743 1743/2048/1742
f 1711/1996/1710 1744/2049/1743 1710/1995/1709
f 1745/2050/1744 1743/2048/1742 1744/2049/1743
f 1745/2050/1744 1744/2049/1743 1746/2051/1745
f 1711/1996/1710 1747/2052/1746 1744/2049/1743
f 94/2053/94 1744/2049/1743 1747/2052/1746
f 1746/2051/1745 1744/2049/1743 94/2053/94
f 1745/2050/1744 1746/2051/1745 95/2054/95
f 1746/2051/1745 94/2053/94 95/2054/95
f 98/2055/98 1745/2050/1744 95/2054/95
f 94/2053/94 1747/2052/1746 1748/2056/1747
f 94/2053/94 1748/2056/1747 91/2057/91
f 1749/2058/1748 1743/2048/1742 1745/2050/1744
f 1749/2058/1748 1742/2047/1741 1743/2048/1742
f 1749/2058/1748 1745/2050/1744 98/2055/98
f 100/2059/100 1749/2058/1748 98/2055/98
f 1750/2060/1749 1749/2058/1748 100/2059/100
f 1750/2060/1749 1742/2047/1741 1749/2058/1748
f 1750/2060/1749 1740/2045/1739 1742/2047/1741
f 99/2061/99 1750/2060/1749 100/2059/100
f 99/2061/99 1740/2045/1739 1750/2060/1749
f 99/2061/99 1739/2044/1738 1740/2045/1739
f 1751/2062/1750 99/2061/99 97/2063/97
f 1739/2044/1738 99/2061/99 1751/2062/1750
f 1751/2062/1750 1737/2042/1736 1739/2044/1738
f 96/2064/96 1751/2062/1750 97/2063/97
f 96/2064/96 1737/2042/1736 1751/2062/1750
f 1735/2040/1734 1737/2042/1736 1733/2038/1732
f 1752/2065/1751 1737/2042/1736 96/2064/96
f 1752/2065/1751 96/2064/96 93/2066/93
f 1733/2038/1732 1737/2042/1736 1753/2067/1752
f 1752/2065/1751 1753/2067/1752 1737/2042/1736
f 92/2068/92 1752/2065/1751 93/2066/93
f 1733/2038/1732 1753/2067/1752 1731/2034/1730
f 92/2068/92 1753/2067/1752 1752/2065/1751
f 92/2068/92 1754/2069/1753 1753/2067/1752
f 1731/2034/1730 1753/2067/1752 1754/2069/1753
f 1755/2070/1754 1754/2069/1753 92/2068/92
f 1755/2070/1754 92/2068/92 90/2071/90
f 1731/2034/1730 1754/2069/1753 1729/2030/1728
f 88/2072/88 1755/2070/1754 90/2071/90
f 1755/2070/1754 1756/2073/1755 1754/2069/1753
f 1729/2030/1728 1754/2069/1753 1756/2073/1755
f 1757/2074/1756 1755/2070/1754 88/2072/88
f 1757/2074/1756 1756/2073/1755 1755/2070/1754
f 1757/2074/1756 1758/2075/1757 1756/2073/1755
f 1729/2030/1728 1758/2075/1757 1727/2027/1726
f 1729/2030/1728 1756/2073/1755 1758/2075/1757
f 86/2076/86 1757/2074/1756 88/2072/88
f 1727/2027/1726 1758/2075/1757 1725/2023/1724
f 86/2076/86 1758/2075/1757 1757/2074/1756
f 86/2076/86 1759/2077/1758 1758/2075/1757
f 1725/2023/1724 1758/2075/1757 1759/2077/1758
f 1760/2078/1759 86/2076/86 84/2079/84
f 1760/2078/1759 1759/2077/1758 86/2076/86
f 1760/2078/1759 1761/2080/1760 1759/2077/1758
f 1761/2080/1760 1723/2019/1722 1725/2023/1724
f 1761/2080/1760 1725/2023/1724 1759/2077/1758
f 81/2081/81 1760/2078/1759 84/2079/84
f 81/2081/81 1761/2080/1760 1760/2078/1759
f 81/2081/81 1762/2082/1761 1761/2080/1760
f 1723/2019/1722 1762/2082/1761 1721/2015/1720
f 1723/2019/1722 1761/2080/1760 1762/2082/1761
f 1763/2083/1762 81/2081/81 83/2084/83
f 1763/2083/1762 1762/2082/1761 81/2081/81
f 1763/2083/1762 1764/2085/1763 1762/2082/1761
f 1721/2015/1720 1762/2082/1761 1764/2085/1763
f 82/2086/82 1763/2083/1762 83/2084/83
f 1721/2015/1720 1764/2085/1763 1719/2011/1718
f 82/2086/82 1764/2085/1763 1763/2083/1762
f 82/2086/82 1765/2087/1764 1764/2085/1763
f 1719/2011/1718 1764/2085/1763 1765/2087/1764
f 1766/2088/1765 82/2086/82 85/2089/85
f 1766/2088/1765 1765/2087/1764 82/2086/82
f 1719/2011/1718 1765/2087/1764 1717/2008/1716
f 1767/2090/1766 1765/2087/1764 1766/2088/1765
f 1767/2090/1766 1766/2088/1765 85/2089/85
f 87/2091/87 1767/2090/1766 85/2089/85
f 1717/2008/1716 1765/2087/1764 1768/2092/1767
f 1767/2090/1766 1768/2092/1767 1765/2087/1764
f 1717/2008/1716 1768/2092/1767 1715/2004/1714
f 1769/2093/1768 1767/2090/1766 87/2091/87
f 1769/2093/1768 1768/2092/1767 1767/2090/1766
f 89/2094/89 1769/2093/1768 87/2091/87
f 1769/2093/1768 1770/2095/1769 1768/2092/1767
f 1715/2004/1714 1770/2095/1769 1713/2000/1712
f 1715/2004/1714 1768/2092/1767 1770/2095/1769
f 89/2094/89 1770/2095/1769 1769/2093/1768
f 1748/2056/1747 1770/2095/1769 89/2094/89
f 1748/2056/1747 89/2094/89 91/2057/91
f 1713/2000/1712 1770/2095/1769 1747/2052/1746
f 1748/2056/1747 1747/2052/1746 1770/2095/1769
f 1713/2000/1712 1747/2052/1746 1711/1996/1710
f 1771/2096/1770 1772/2097/1771 1773/2098/1772
f 1774/2099/1773 1771/2096/1770 1773/2098/1772
f 1773/2098/1772 1772/2097/1771 1775/2100/1774
f 1776/2101/1775 1771/2096/1770 1774/2099/1773
f 1772/2097/1771 1771/2096/1770 1776/2101/1775
f 1772/2097/1771 1777/2102/1776 1775/2100/1774
f 1777/2102/1776 1778/2103/1777 1775/2100/1774
f 1778/2103/1777 1779/2104/1778 1775/2100/1774
f 1780/2105/1779 1779/2104/1778 1778/2103/1777
f 1777/2102/1776 1780/2105/1779 1778/2103/1777
f 1781/2106/1780 1780/2105/1779 1777/2102/1776
f 1775/2100/1774 1782/2107/1781 1773/2098/1772
f 1775/2100/1774 1779/2104/1778 1782/2107/1781
f 1783/2108/1782 1779/2104/1778 1780/2105/1779
f 1782/2107/1781 1784/2109/1783 1773/2098/1772
f 1784/2109/1783 1774/2099/1773 1773/2098/1772
f 1783/2108/1782 1785/2110/1784 1779/2104/1778
f 1779/2104/1778 1785/2110/1784 1782/2107/1781
f 1782/2107/1781 1785/2110/1784 1786/2111/1785
f 1782/2107/1781 1786/2111/1785 1784/2109/1783
f 1774/2099/1773 1784/2109/1783 1787/2112/1786
f 1784/2109/1783 1786/2111/1785 1787/2112/1786
f 1786/2111/1785 1785/2110/1784 1788/2113/1787
f 1787/2112/1786 1786/2111/1785 1788/2113/1787
f 1788/2113/1787 1789/2114/1788 1787/2112/1786
f 1785/2110/1784 1790/2115/1789 1788/2113/1787
f 1787/2112/1786 1791/2116/1790 1774/2099/1773
f 1789/2114/1788 1791/2116/1790 1787/2112/1786
f 1788/2113/1787 1792/2117/1791 1789/2114/1788
f 1790/2115/1789 1792/2117/1791 1788/2113/1787
f 1793/2118/1792 1792/2117/1791 1790/2115/1789
f 1785/2110/1784 1793/2118/1792 1790/2115/1789
f 1794/2119/1793 1793/2118/1792 1785/2110/1784
f 1794/2119/1793 1785/2110/1784 1783/2108/1782
f 1793/2118/1792 1794/2119/1793 1795/2120/1794
f 1795/2120/1794 1794/2119/1793 1796/2121/1795
f 1793/2118/1792 1795/2120/1794 1797/2122/1796
f 1797/2122/1796 1792/2117/1791 1793/2118/1792
f 1795/2120/1794 1798/2123/1797 1797/2122/1796
f 1796/2121/1795 1794/2119/1793 1783/2108/1782
f 1795/2120/1794 1796/2121/1795 1799/2124/1798
f 1799/2124/1798 1798/2123/1797 1795/2120/1794
f 1800/2125/1799 1796/2121/1795 1783/2108/1782
f 1799/2124/1798 1796/2121/1795 1800/2125/1799
f 1780/2105/1779 1800/2125/1799 1783/2108/1782
f 1780/2105/1779 1781/2106/1780 1800/2125/1799
f 1800/2125/1799 1801/2126/1800 1799/2124/1798
f 1800/2125/1799 1781/2106/1780 1801/2126/1800
f 1802/2127/1801 1777/2102/1776 1772/2097/1771
f 1781/2106/1780 1777/2102/1776 1802/2127/1801
f 1799/2124/1798 1801/2126/1800 1803/2128/1802
f 1803/2128/1802 1801/2126/1800 1781/2106/1780
f 1804/2129/1803 1803/2128/1802 1781/2106/1780
f 1781/2106/1780 1802/2127/1801 1804/2129/1803
f 1805/2130/1804 1802/2127/1801 1772/2097/1771
f 1805/2130/1804 1772/2097/1771 1776/2101/1775
f 1806/2131/1805 1802/2127/1801 1805/2130/1804
f 1804/2129/1803 1802/2127/1801 1806/2131/1805
f 1807/2132/1806 1806/2131/1805 1805/2130/1804
f 1807/2132/1806 1804/2129/1803 1806/2131/1805
f 1808/2133/1807 1804/2129/1803 1807/2132/1806
f 1804/2129/1803 1808/2133/1807 1803/2128/1802
f 1803/2128/1802 1808/2133/1807 1809/2134/1808
f 1803/2128/1802 1809/2134/1808 1799/2124/1798
f 1776/2101/1775 1810/2135/1809 1805/2130/1804
f 1810/2135/1809 1807/2132/1806 1805/2130/1804
f 1810/2135/1809 1811/2136/1810 1807/2132/1806
f 1807/2132/1806 1811/2136/1810 1808/2133/1807
f 1808/2133/1807 1811/2136/1810 1812/2137/1811
f 1809/2134/1808 1808/2133/1807 1812/2137/1811
f 1813/2138/1812 1809/2134/1808 1812/2137/1811
f 1799/2124/1798 1809/2134/1808 1813/2138/1812
f 1813/2138/1812 1798/2123/1797 1799/2124/1798
f 1813/2138/1812 1797/2122/1796 1798/2123/1797
f 1814/2139/1813 1813/2138/1812 1812/2137/1811
f 1814/2139/1813 1797/2122/1796 1813/2138/1812
f 1797/2122/1796 1814/2139/1813 1815/2140/1814
f 1815/2140/1814 1792/2117/1791 1797/2122/1796
f 1789/2114/1788 1792/2117/1791 1815/2140/1814
f 1774/2099/1773 1791/2116/1790 1816/2141/1815
f 1791/2116/1790 1789/2114/1788 1816/2141/1815
f 1789/2114/1788 1815/2140/1814 1817/2142/1816
f 1816/2141/1815 1789/2114/1788 1817/2142/1816
f 1815/2140/1814 1818/2143/1817 1817/2142/1816
f 1815/2140/1814 1814/2139/1813 1818/2143/1817
f 1818/2143/1817 1811/2136/1810 1817/2142/1816
f 1812/2137/1811 1811/2136/1810 1814/2139/1813
f 1814/2139/1813 1811/2136/1810 1818/2143/1817
f 1817/2142/1816 1811/2136/1810 1819/2144/1818
f 1817/2142/1816 1819/2144/1818 1816/2141/1815
f 1819/2144/1818 1811/2136/1810 1810/2135/1809
f 1819/2144/1818 1810/2135/1809 1820/2145/1819
f 1820/2145/1819 1774/2099/1773 1816/2141/1815
f 1819/2144/1818 1820/2145/1819 1816/2141/1815
f 1820/2145/1819 1810/2135/1809 1776/2101/1775
f 1774/2099/1773 1820/2145/1819 1776/2101/1775
f 1821/2146/1820 1822/2147/1821 1823/2148/1822
f 1823/2148/1822 1824/2149/1823 1821/2146/1820
f 1821/2146/1820 1824/2149/1823 1825/2150/1824
f 1825/2150/1824 1822/2147/1821 1821/2146/1820
f 1825/2150/1824 1826/2151/1825 1822/2147/1821
f 1825/2150/1824 1827/2152/1826 1826/2151/1825
f 1822/2147/1821 1826/2151/1825 1823/2148/1822
f 1826/2151/1825 1827/2152/1826 1823/2148/1822
f 1825/2150/1824 1828/2153/1827 1827/2152/1826
f 1827/2152/1826 1828/2153/1827 1823/2148/1822
f 1829/2154/1828 1824/2149/1823 1823/2148/1822
f 1823/2148/1822 1828/2153/1827 1829/2154/1828
f 1828/2153/1827 1830/2155/1829 1829/2154/1828
f 1829/2154/1828 1831/2156/1830 1824/2149/1823
f 1832/2157/1831 1831/2156/1830 1829/2154/1828
f 1829/2154/1828 1830/2155/1829 1832/2157/1831
f 1830/2155/1829 1833/2158/1832 1832/2157/1831
f 1834/2159/1833 1828/2153/1827 1825/2150/1824
f 1825/2150/1824 1824/2149/1823 1834/2159/1833
f 1834/2159/1833 1830/2155/1829 1828/2153/1827
f 1824/2149/1823 1831/2156/1830 1834/2159/1833
f 1834/2159/1833 1831/2156/1830 1835/2160/1834
f 1835/2160/1834 1830/2155/1829 1834/2159/1833
f 1835/2160/1834 1833/2158/1832 1830/2155/1829
f 1831/2156/1830 1836/2161/1835 1835/2160/1834
f 1835/2160/1834 1836/2161/1835 1837/2162/1836
f 1837/2162/1836 1833/2158/1832 1835/2160/1834
f 1837/2162/1836 1838/2163/1837 1833/2158/1832
f 1836/2161/1835 1839/2164/1838 1837/2162/1836
f 1837/2162/1836 1839/2164/1838 1840/2165/1839
f 1840/2165/1839 1838/2163/1837 1837/2162/1836
f 1832/2157/1831 1836/2161/1835 1831/2156/1830
f 1832/2157/1831 1833/2158/1832 1841/2166/1840
f 1841/2166/1840 1836/2161/1835 1832/2157/1831
f 1841/2166/1840 1839/2164/1838 1836/2161/1835
f 1833/2158/1832 1838/2163/1837 1841/2166/1840
f 1841/2166/1840 1838/2163/1837 1842/2167/1841
f 1842/2167/1841 1839/2164/1838 1841/2166/1840
f 1842/2167/1841 1843/2168/1842 1839/2164/1838
f 1838/2163/1837 1844/2169/1843 1842/2167/1841
f 1844/2169/1843 1838/2163/1837 1845/2170/1844
f 1842/2167/1841 1844/2169/1843 1846/2171/1845
f 1846/2171/1845 1843/2168/1842 1842/2167/1841
f 1840/2165/1839 1845/2170/1844 1838/2163/1837
f 1844/2169/1843 1845/2170/1844 1847/2172/1846
f 1848/2173/1847 1844/2169/1843 1847/2172/1846
f 1844/2169/1843 1848/2173/1847 1846/2171/1845
f 1846/2171/1845 1849/2174/1848 1843/2168/1842
f 1850/2175/1849 1849/2174/1848 1846/2171/1845
f 1846/2171/1845 1848/2173/1847 1850/2175/1849
f 1848/2173/1847 1847/2172/1846 1851/2176/1850
f 1849/2174/1848 1852/2177/1851 1843/2168/1842
f 1843/2168/1842 1852/2177/1851 1853/2178/1852
f 1839/2164/1838 1843/2168/1842 1853/2178/1852
f 1839/2164/1838 1853/2178/1852 1840/2165/1839
f 1840/2165/1839 1853/2178/1852 1854/2179/1853
f 1854/2179/1853 1847/2172/1846 1845/2170/1844
f 1854/2179/1853 1845/2170/1844 1840/2165/1839
f 1853/2178/1852 1852/2177/1851 1854/2179/1853
f 1854/2179/1853 1852/2177/1851 1855/2180/1854
f 1855/2180/1854 1847/2172/1846 1854/2179/1853
f 1849/2174/1848 1856/2181/1855 1852/2177/1851
f 1852/2177/1851 1856/2181/1855 1857/2182/1856
f 1852/2177/1851 1857/2182/1856 1855/2180/1854
f 1855/2180/1854 1851/2176/1850 1847/2172/1846
f 1858/2183/1857 1851/2176/1850 1855/2180/1854
f 1855/2180/1854 1857/2182/1856 1858/2183/1857
f 1856/2181/1855 1859/2184/1858 1857/2182/1856
f 1850/2175/1849 1856/2181/1855 1849/2174/1848
f 1857/2182/1856 1860/2185/1859 1858/2183/1857
f 1857/2182/1856 1859/2184/1858 1860/2185/1859
f 1859/2184/1858 1861/2186/1860 1860/2185/1859
f 1862/2187/1861 1856/2181/1855 1850/2175/1849
f 1862/2187/1861 1859/2184/1858 1856/2181/1855
f 1848/2173/1847 1863/2188/1862 1850/2175/1849
f 1863/2188/1862 1848/2173/1847 1851/2176/1850
f 1850/2175/1849 1863/2188/1862 1862/2187/1861
f 1864/2189/1863 1859/2184/1858 1862/2187/1861
f 1863/2188/1862 1851/2176/1850 1865/2190/1864
f 1863/2188/1862 1866/2191/1865 1862/2187/1861
f 1866/2191/1865 1863/2188/1862 1865/2190/1864
f 1862/2187/1861 1866/2191/1865 1864/2189/1863
f 1858/2183/1857 1865/2190/1864 1851/2176/1850
f 1866/2191/1865 1865/2190/1864 1867/2192/1866
f 1866/2191/1865 1867/2192/1866 1864/2189/1863
f 1858/2183/1857 1860/2185/1859 1868/2193/1867
f 1868/2193/1867 1865/2190/1864 1858/2183/1857
f 1867/2192/1866 1865/2190/1864 1869/2194/1868
f 1868/2193/1867 1869/2194/1868 1865/2190/1864
f 1860/2185/1859 1861/2186/1860 1868/2193/1867
f 1868/2193/1867 1861/2186/1860 1870/2195/1869
f 1870/2195/1869 1869/2194/1868 1868/2193/1867
f 1871/2196/1870 1867/2192/1866 1869/2194/1868
f 1861/2186/1860 1872/2197/1871 1870/2195/1869
f 1870/2195/1869 1872/2197/1871 1873/2198/1872
f 1873/2198/1872 1869/2194/1868 1870/2195/1869
f 1874/2199/1873 1861/2186/1860 1859/2184/1858
f 1864/2189/1863 1874/2199/1873 1859/2184/1858
f 1874/2199/1873 1872/2197/1871 1861/2186/1860
f 1864/2189/1863 1867/2192/1866 1875/2200/1874
f 1875/2200/1874 1874/2199/1873 1864/2189/1863
f 1875/2200/1874 1876/2201/1875 1874/2199/1873
f 1876/2201/1875 1877/2202/1876 1872/2197/1871
f 1876/2201/1875 1872/2197/1871 1874/2199/1873
f 1867/2192/1866 1871/2196/1870 1875/2200/1874
f 1878/2203/1877 1876/2201/1875 1875/2200/1874
f 1875/2200/1874 1871/2196/1870 1878/2203/1877
f 1878/2203/1877 1879/2204/1878 1876/2201/1875
f 1879/2204/1878 1877/2202/1876 1876/2201/1875
f 1880/2205/1879 1871/2196/1870 1869/2194/1868
f 1871/2196/1870 1880/2205/1879 1878/2203/1877
f 1881/2206/1880 1879/2204/1878 1878/2203/1877
f 1878/2203/1877 1880/2205/1879 1881/2206/1880
f 1873/2198/1872 1882/2207/1881 1869/2194/1868
f 1880/2205/1879 1869/2194/1868 1882/2207/1881
f 1883/2208/1882 1880/2205/1879 1882/2207/1881
f 1880/2205/1879 1883/2208/1882 1881/2206/1880
f 1881/2206/1880 1884/2209/1883 1879/2204/1878
f 1881/2206/1880 1883/2208/1882 1885/2210/1884
f 1885/2210/1884 1884/2209/1883 1881/2206/1880
f 1879/2204/1878 1886/2211/1885 1877/2202/1876
f 1884/2209/1883 1886/2211/1885 1879/2204/1878
f 1883/2208/1882 1882/2207/1881 1887/2212/1886
f 1888/2213/1887 1883/2208/1882 1887/2212/1886
f 1872/2197/1871 1877/2202/1876 1873/2198/1872
f 1889/2214/1888 1882/2207/1881 1873/2198/1872
f 1873/2198/1872 1877/2202/1876 1889/2214/1888
f 1889/2214/1888 1887/2212/1886 1882/2207/1881
f 1877/2202/1876 1886/2211/1885 1889/2214/1888
f 1889/2214/1888 1886/2211/1885 1890/2215/1889
f 1890/2215/1889 1887/2212/1886 1889/2214/1888
f 1884/2209/1883 1891/2216/1890 1886/2211/1885
f 1886/2211/1885 1891/2216/1890 1890/2215/1889
f 1892/2217/1891 1887/2212/1886 1890/2215/1889
f 1890/2215/1889 1891/2216/1890 1892/2217/1891
f 1885/2210/1884 1893/2218/1892 1884/2209/1883
f 1893/2218/1892 1891/2216/1890 1884/2209/1883
f 1893/2218/1892 1894/2219/1893 1891/2216/1890
f 1891/2216/1890 1894/2219/1893 1895/2220/1894
f 1891/2216/1890 1895/2220/1894 1892/2217/1891
f 1892/2217/1891 1895/2220/1894 1896/2221/1895
f 1892/2217/1891 1897/2222/1896 1887/2212/1886
f 1896/2221/1895 1897/2222/1896 1892/2217/1891
f 1898/2223/1897 1897/2222/1896 1896/2221/1895
f 1895/2220/1894 1898/2223/1897 1896/2221/1895
f 1895/2220/1894 1899/2224/1898 1898/2223/1897
f 1894/2219/1893 1899/2224/1898 1895/2220/1894
f 1898/2223/1897 1900/2225/1899 1897/2222/1896
f 1897/2222/1896 1888/2213/1887 1887/2212/1886
f 1899/2224/1898 1901/2226/1900 1898/2223/1897
f 1901/2226/1900 1900/2225/1899 1898/2223/1897
f 1883/2208/1882 1888/2213/1887 1885/2210/1884
f 1902/2227/1901 1893/2218/1892 1885/2210/1884
f 1885/2210/1884 1888/2213/1887 1902/2227/1901
f 1888/2213/1887 1903/2228/1902 1902/2227/1901
f 1903/2228/1902 1888/2213/1887 1897/2222/1896
f 1902/2227/1901 1894/2219/1893 1893/2218/1892
f 1902/2227/1901 1903/2228/1902 1904/2229/1903
f 1904/2229/1903 1894/2219/1893 1902/2227/1901
f 1904/2229/1903 1905/2230/1904 1894/2219/1893
f 1904/2229/1903 1903/2228/1902 1905/2230/1904
f 1905/2230/1904 1906/2231/1905 1894/2219/1893
f 1903/2228/1902 1897/2222/1896 1900/2225/1899
f 1905/2230/1904 1903/2228/1902 1907/2232/1906
f 1905/2230/1904 1907/2232/1906 1906/2231/1905
f 1903/2228/1902 1908/2233/1907 1907/2232/1906
f 1903/2228/1902 1900/2225/1899 1908/2233/1907
f 1907/2232/1906 1908/2233/1907 1909/2234/1908
f 1908/2233/1907 1910/2235/1909 1909/2234/1908
f 1907/2232/1906 1909/2234/1908 1911/2236/1910
f 1907/2232/1906 1911/2236/1910 1906/2231/1905
f 1906/2231/1905 1911/2236/1910 1899/2224/1898
f 1906/2231/1905 1899/2224/1898 1894/2219/1893
f 1909/2234/1908 1912/2237/1911 1911/2236/1910
f 1899/2224/1898 1913/2238/1912 1901/2226/1900
f 1899/2224/1898 1911/2236/1910 1913/2238/1912
f 1914/2239/1913 1900/2225/1899 1901/2226/1900
f 1913/2238/1912 1914/2239/1913 1901/2226/1900
f 1913/2238/1912 1915/2240/1914 1914/2239/1913
f 1911/2236/1910 1915/2240/1914 1913/2238/1912
f 1914/2239/1913 1916/2241/1915 1900/2225/1899
f 1916/2241/1915 1908/2233/1907 1900/2225/1899
f 1917/2242/1916 1916/2241/1915 1914/2239/1913
f 1915/2240/1914 1917/2242/1916 1914/2239/1913
f 1911/2236/1910 1912/2237/1911 1915/2240/1914
f 1910/2235/1909 1908/2233/1907 1916/2241/1915
f 1917/2242/1916 1918/2243/1917 1916/2241/1915
f 1910/2235/1909 1916/2241/1915 1919/2244/1918
f 1919/2244/1918 1916/2241/1915 1918/2243/1917
f 1920/2245/1919 1918/2243/1917 1917/2242/1916
f 1909/2234/1908 1910/2235/1909 1921/2246/1920
f 1909/2234/1908 1921/2246/1920 1912/2237/1911
f 1910/2235/1909 1919/2244/1918 1921/2246/1920
f 1915/2240/1914 1922/2247/1921 1917/2242/1916
f 1922/2247/1921 1920/2245/1919 1917/2242/1916
f 1912/2237/1911 1922/2247/1921 1915/2240/1914
f 1921/2246/1920 1923/2248/1922 1912/2237/1911
f 1912/2237/1911 1923/2248/1922 1922/2247/1921
f 1921/2246/1920 1919/2244/1918 1924/2249/1923
f 1921/2246/1920 1924/2249/1923 1923/2248/1922
f 1924/2249/1923 1925/2250/1924 1923/2248/1922
f 1923/2248/1922 1926/2251/1925 1922/2247/1921
f 1922/2247/1921 1926/2251/1925 1920/2245/1919
f 1923/2248/1922 1925/2250/1924 1926/2251/1925
f 1919/2244/1918 1927/2252/1926 1924/2249/1923
f 1924/2249/1923 1927/2252/1926 1928/2253/1927
f 1924/2249/1923 1928/2253/1927 1925/2250/1924
f 1928/2253/1927 1929/2254/1928 1925/2250/1924
f 1927/2252/1926 1930/2255/1929 1928/2253/1927
f 1928/2253/1927 1930/2255/1929 1931/2256/1930
f 1928/2253/1927 1931/2256/1930 1929/2254/1928
f 1927/2252/1926 1919/2244/1918 1918/2243/1917
f 1926/2251/1925 1932/2257/1931 1920/2245/1919
f 1932/2257/1931 1918/2243/1917 1920/2245/1919
f 1932/2257/1931 1933/2258/1932 1918/2243/1917
f 1930/2255/1929 1927/2252/1926 1933/2258/1932
f 1933/2258/1932 1927/2252/1926 1918/2243/1917
f 1926/2251/1925 1934/2259/1933 1932/2257/1931
f 1925/2250/1924 1934/2259/1933 1926/2251/1925
f 1934/2259/1933 1935/2260/1934 1932/2257/1931
f 1935/2260/1934 1933/2258/1932 1932/2257/1931
f 1925/2250/1924 1929/2254/1928 1934/2259/1933
f 1929/2254/1928 1936/2261/1935 1934/2259/1933
f 1934/2259/1933 1936/2261/1935 1935/2260/1934
f 1937/2262/1936 1930/2255/1929 1933/2258/1932
f 1935/2260/1934 1937/2262/1936 1933/2258/1932
f 1936/2261/1935 1938/2263/1937 1935/2260/1934
f 1938/2263/1937 1937/2262/1936 1935/2260/1934
f 1929/2254/1928 1939/2264/1938 1936/2261/1935
f 1931/2256/1930 1939/2264/1938 1929/2254/1928
f 1936/2261/1935 1940/2265/1939 1938/2263/1937
f 1939/2264/1938 1940/2265/1939 1936/2261/1935
f 1939/2264/1938 1941/2266/1940 1940/2265/1939
f 1942/2267/1941 1941/2266/1940 1939/2264/1938
f 1931/2256/1930 1942/2267/1941 1939/2264/1938
f 1930/2255/1929 1943/2268/1942 1931/2256/1930
f 1931/2256/1930 1943/2268/1942 1942/2267/1941
f 1942/2267/1941 1944/2269/1943 1941/2266/1940
f 1943/2268/1942 1930/2255/1929 1937/2262/1936
f 1942/2267/1941 1945/2270/1944 1944/2269/1943
f 1943/2268/1942 1945/2270/1944 1942/2267/1941
f 1938/2263/1937 1946/2271/1945 1937/2262/1936
f 1946/2271/1945 1943/2268/1942 1937/2262/1936
f 1945/2270/1944 1943/2268/1942 1946/2271/1945
f 1945/2270/1944 1947/2272/1946 1944/2269/1943
f 1940/2265/1939 1948/2273/1947 1938/2263/1937
f 1948/2273/1947 1946/2271/1945 1938/2263/1937
f 1948/2273/1947 1949/2274/1948 1946/2271/1945
f 1949/2274/1948 1945/2270/1944 1946/2271/1945
f 1947/2272/1946 1945/2270/1944 1949/2274/1948
f 1941/2266/1940 1950/2275/1949 1940/2265/1939
f 1940/2265/1939 1950/2275/1949 1948/2273/1947
f 1951/2276/1950 1949/2274/1948 1948/2273/1947
f 1950/2275/1949 1951/2276/1950 1948/2273/1947
f 1951/2276/1950 1952/2277/1951 1949/2274/1948
f 1952/2277/1951 1947/2272/1946 1949/2274/1948
f 1953/2278/1952 1952/2277/1951 1951/2276/1950
f 1947/2272/1946 1952/2277/1951 1954/2279/1953
f 1944/2269/1943 1947/2272/1946 1954/2279/1953
f 1953/2278/1952 1955/2280/1954 1952/2277/1951
f 1944/2269/1943 1956/2281/1955 1941/2266/1940
f 1944/2269/1943 1954/2279/1953 1956/2281/1955
f 1941/2266/1940 1956/2281/1955 1950/2275/1949
f 1954/2279/1953 1957/2282/1956 1956/2281/1955
f 1950/2275/1949 1957/2282/1956 1951/2276/1950
f 1957/2282/1956 1953/2278/1952 1951/2276/1950
f 1956/2281/1955 1957/2282/1956 1950/2275/1949
f 1957/2282/1956 1958/2283/1957 1953/2278/1952
f 1954/2279/1953 1959/2284/1958 1957/2282/1956
f 1954/2279/1953 1952/2277/1951 1959/2284/1958
f 1959/2284/1958 1958/2283/1957 1957/2282/1956
f 1952/2277/1951 1955/2280/1954 1959/2284/1958
f 1959/2284/1958 1955/2280/1954 1960/2285/1959
f 1959/2284/1958 1960/2285/1959 1958/2283/1957
f 1955/2280/1954 1961/2286/1960 1960/2285/1959
f 1960/2285/1959 1962/2287/1961 1958/2283/1957
f 1960/2285/1959 1963/2288/1962 1962/2287/1961
f 1960/2285/1959 1961/2286/1960 1963/2288/1962
f 1961/2286/1960 1964/2289/1963 1963/2288/1962
f 1963/2288/1962 1965/2290/1964 1962/2287/1961
f 1966/2291/1965 1961/2286/1960 1955/2280/1954
f 1966/2291/1965 1955/2280/1954 1953/2278/1952
f 1958/2283/1957 1966/2291/1965 1953/2278/1952
f 1958/2283/1957 1962/2287/1961 1966/2291/1965
f 1962/2287/1961 1967/2292/1966 1966/2291/1965
f 1967/2292/1966 1961/2286/1960 1966/2291/1965
f 1962/2287/1961 1965/2290/1964 1967/2292/1966
f 1967/2292/1966 1964/2289/1963 1961/2286/1960
f 1967/2292/1966 1968/2293/1967 1964/2289/1963
f 1965/2290/1964 1968/2293/1967 1967/2292/1966
f 1964/2289/1963 1968/2293/1967 1969/2294/1968
f 1970/2295/1969 1969/2294/1968 1968/2293/1967
f 1964/2289/1963 1971/2296/1970 1963/2288/1962
f 1963/2288/1962 1971/2296/1970 1965/2290/1964
f 1969/2294/1968 1971/2296/1970 1964/2289/1963
f 1971/2296/1970 1969/2294/1968 1972/2297/1971
f 1972/2297/1971 1969/2294/1968 1970/2295/1969
f 1971/2296/1970 1973/2298/1972 1965/2290/1964
f 1971/2296/1970 1972/2297/1971 1973/2298/1972
f 1965/2290/1964 1973/2298/1972 1968/2293/1967
f 1972/2297/1971 1970/2295/1969 1973/2298/1972
f 1973/2298/1972 1970/2295/1969 1968/2293/1967
f 1974/2299/1973 1975/2300/1974 1976/2301/1975
f 1977/2302/1976 1974/2299/1973 1978/2303/1977
f 1974/2299/1973 1977/2302/1976 1979/2304/1978
f 1974/2299/1973 1979/2304/1978 1975/2300/1974
f 1978/2303/1977 1980/2305/1979 1977/2302/1976
f 1980/2305/1979 1979/2304/1978 1977/2302/1976
f 1981/2306/1980 1978/2303/1977 1974/2299/1973
f 1976/2301/1975 1981/2306/1980 1974/2299/1973
f 1978/2303/1977 1981/2306/1980 1982/2307/1981
f 1982/2307/1981 1980/2305/1979 1978/2303/1977
f 1982/2307/1981 1979/2304/1978 1980/2305/1979
f 1983/2308/1982 1982/2307/1981 1984/2309/1983
f 1981/2306/1980 1984/2309/1983 1982/2307/1981
f 1982/2307/1981 1983/2308/1982 1979/2304/1978
f 1984/2309/1983 1985/2310/1984 1983/2308/1982
f 1985/2310/1984 1979/2304/1978 1983/2308/1982
f 1986/2311/1985 1985/2310/1984 1984/2309/1983
f 1984/2309/1983 1981/2306/1980 1986/2311/1985
f 1986/2311/1985 1979/2304/1978 1985/2310/1984
f 1981/2306/1980 1987/2312/1986 1986/2311/1985
f 1986/2311/1985 1988/2313/1987 1979/2304/1978
f 1988/2313/1987 1986/2311/1985 1987/2312/1986
f 1987/2312/1986 1989/2314/1988 1988/2313/1987
f 1987/2312/1986 1981/2306/1980 1989/2314/1988
f 1989/2314/1988 1981/2306/1980 1990/2315/1989
f 1988/2313/1987 1989/2314/1988 1990/2315/1989
f 1990/2315/1989 1979/2304/1978 1988/2313/1987
f 1981/2306/1980 1991/2316/1990 1990/2315/1989
f 1992/2317/1991 1990/2315/1989 1991/2316/1990
f 1990/2315/1989 1992/2317/1991 1979/2304/1978
f 1991/2316/1990 1993/2318/1992 1992/2317/1991
f 1993/2318/1992 1979/2304/1978 1992/2317/1991
f 1994/2319/1993 1979/2304/1978 1993/2318/1992
f 1975/2300/1974 1979/2304/1978 1995/2320/1994
f 1994/2319/1993 1995/2320/1994 1979/2304/1978
f 1994/2319/1993 1993/2318/1992 1991/2316/1990
f 1991/2316/1990 1981/2306/1980 1994/2319/1993
f 1995/2320/1994 1994/2319/1993 1976/2301/1975
f 1981/2306/1980 1976/2301/1975 1994/2319/1993
f 1976/2301/1975 1975/2300/1974 1995/2320/1994
