mtllib midnightblue.mtl
v 0.006168 -0.259738 -0.004115
v -0.006118 -0.259838 -0.004100
v 0.005679 -0.259130 -0.004883
v -0.005679 -0.260001 0.003932
v 0.006284 -0.259622 0.004127
v 0.005679 -0.259130 0.004883
v 0.003838 -0.252065 0.005798
v 0.001170 -0.255423 0.005349
v 0.005679 -0.245006 0.006716
v 0.001211 -0.248095 0.006308
v -0.005679 -0.245007 0.006716
v 0.005679 -0.233463 0.009621
v 0.005638 -0.208563 0.019949
v -0.005679 -0.219023 0.015332
v -0.005545 -0.209000 0.020007
v -0.005324 -0.195987 0.021059
v 0.005382 -0.195823 0.020867
v 0.004384 -0.184768 0.015234
v 0.004172 -0.179165 0.005230
v -0.004132 -0.179097 0.005418
v 0.003482 -0.179129 -0.005911
v 0.001211 -0.255551 -0.005361
v 0.003838 -0.251581 -0.005886
v 0.001170 -0.248224 -0.006335
v -0.002182 -0.248819 -0.006259
v -0.003247 -0.249763 0.006096
v -0.003838 -0.251581 -0.005886
v -0.002963 -0.254275 0.005508
v -0.002182 -0.254827 -0.005453
v -0.003511 -0.179261 -0.006037
v -0.004430 -0.184736 0.015032
v -0.005679 -0.233463 0.009621
v -0.006232 -0.259139 0.004701
v -0.005679 -0.259130 -0.004883
v 0.002703 -0.194120 -0.021084
v -0.002660 -0.193978 -0.021133
v 0.002324 -0.186873 -0.016318
v -0.003088 -0.203428 -0.021792
v 0.003138 -0.203560 -0.021662
v -0.003229 -0.213189 -0.017762
v 0.003272 -0.213314 -0.017559
v -0.001898 -0.219410 -0.011248
v 0.001917 -0.219443 -0.011220
v 0.003288 -0.219429 -0.010901
v 0.003288 -0.221594 -0.005823
v 0.002097 -0.221811 -0.005653
v 0.001952 -0.222572 0.001724
v 0.003211 -0.222441 0.009827
v -0.003169 -0.222508 0.009828
v -0.001903 -0.222572 0.001830
v -0.003108 -0.228023 -0.018959
v 0.003132 -0.227990 -0.019089
v 0.003325 -0.227661 -0.014247
v 0.002904 -0.230220 -0.022605
v -0.002889 -0.230185 -0.022471
v 0.002728 -0.232821 -0.024866
v -0.002710 -0.232890 -0.024979
v 0.002503 -0.231731 -0.027851
v -0.003043 -0.221760 -0.020223
v 0.003068 -0.221851 -0.020282
v 0.002723 -0.226030 -0.026303
v 0.003326 -0.221454 -0.012130
v -0.003322 -0.221423 -0.012238
v 0.002003 -0.221523 -0.011870
v 0.001952 -0.226199 0.000723
v 0.003269 -0.226615 0.001914
v -0.002878 -0.196488 -0.013047
v -0.003081 -0.202343 -0.013333
v 0.002831 -0.196273 -0.012906
v 0.002672 -0.191465 -0.011234
v -0.002543 -0.189969 -0.011127
v 0.002307 -0.189378 -0.011304
v -0.002177 -0.186340 -0.013880
v -0.002339 -0.186882 -0.016270
v -0.002038 -0.221559 -0.011734
v -0.002097 -0.221811 -0.005653
v -0.001969 -0.226184 0.000681
v 0.002702 -0.186347 -0.013769
v -0.002702 -0.186347 -0.013769
v 0.002875 -0.183343 -0.013541
v 0.002980 -0.188726 -0.011243
v -0.002980 -0.188726 -0.011243
v 0.003644 -0.188960 -0.008954
v 0.004604 -0.187175 0.003077
v -0.004534 -0.187265 0.002816
v 0.004031 -0.187390 -0.003608
v 0.004721 -0.190893 0.009114
v 0.005412 -0.197631 0.013111
v -0.005325 -0.197485 0.012912
v 0.006036 -0.205706 0.012131
v 0.005752 -0.211547 0.008024
v -0.005776 -0.211586 0.008019
v 0.004291 -0.212417 0.007165
v -0.004418 -0.212227 0.007289
v 0.004548 -0.224734 -0.005108
v 0.006192 -0.224986 -0.004896
v 0.005094 -0.233415 -0.008091
v 0.005711 -0.240009 -0.007539
v 0.004203 -0.239398 -0.007637
v -0.005675 -0.240176 -0.007551
v -0.002906 -0.183455 -0.013523
v -0.003645 -0.188859 -0.009251
v -0.004103 -0.187208 -0.003269
v -0.004792 -0.190909 0.009343
v -0.006136 -0.206038 0.012203
v -0.005134 -0.224923 -0.005385
v -0.004297 -0.239193 -0.007645
v -0.005093 -0.233415 -0.008091
v 0.003180 -0.238493 -0.006403
v -0.003371 -0.230220 -0.010490
v 0.003336 -0.230366 -0.010465
v -0.003185 -0.238488 -0.006400
v -0.003354 -0.227554 -0.014317
v -0.002635 -0.231281 -0.028152
v 0.002639 -0.230588 -0.028269
v -0.002744 -0.226144 -0.026319
v -0.003283 -0.226630 0.001902
v -0.003288 -0.221594 -0.005823
v -0.003288 -0.219429 -0.010901
v -0.003265 -0.213899 0.009829
v 0.003292 -0.213966 0.009829
v -0.003241 -0.213234 -0.003410
v 0.003292 -0.213391 -0.003292
v -0.003195 -0.208784 -0.010375
v 0.003245 -0.208959 -0.010371
v 0.003130 -0.202522 -0.013409
v 0.002177 -0.186340 -0.013880
v 0.006556 -0.235054 -0.007336
v 0.006552 -0.239644 0.006828
v 0.006552 -0.211876 0.008860
v 0.006427 -0.208349 0.019115
v 0.003502 -0.213604 0.007201
v -0.003543 -0.216110 0.009539
v 0.003628 -0.216296 0.009214
v 0.003713 -0.225495 -0.004501
v 0.003713 -0.227698 -0.001324
v -0.003713 -0.227698 -0.001324
v 0.003688 -0.237488 -0.007117
v 0.003713 -0.233730 -0.003583
v 0.003237 -0.238065 -0.003420
v 0.002796 -0.238519 -0.006893
v -0.003533 -0.213679 0.007112
v -0.003713 -0.225495 -0.004501
v -0.003713 -0.233428 -0.007018
v -0.003713 -0.233730 -0.003583
v -0.003458 -0.238153 -0.006867
v -0.003292 -0.237973 -0.003425
v -0.006556 -0.235054 -0.007336
v -0.006551 -0.239644 0.006828
v -0.006553 -0.225456 -0.004469
v -0.006552 -0.211876 0.008860
v -0.006427 -0.208349 0.019115
v -0.002146 -0.272221 0.002390
v 0.000000 -0.271184 -0.002145
v 0.000831 -0.271255 0.002147
v -0.002231 -0.272378 -0.002420
v 0.002231 -0.272378 -0.002420
v 0.002721 -0.274020 0.002808
v -0.002496 -0.275006 0.003060
v -0.002545 -0.274852 -0.003028
v 0.002545 -0.274852 -0.003028
v -0.001539 -0.276504 0.003463
v 0.001539 -0.276504 0.003463
v -0.001679 -0.276394 -0.003436
v 0.001679 -0.276394 -0.003436
v 0.000000 -0.276983 0.003480
v 0.000000 -0.277050 -0.003534
v -0.001696 -0.445479 0.000000
v -0.002407 -0.447537 -0.002328
v -0.002515 -0.444749 -0.001104
v 0.000000 -0.446270 0.000000
v -0.002421 -0.447357 0.002286
v -0.002510 -0.444815 0.001113
v -0.002209 -0.443526 0.000000
v -0.001963 -0.442389 -0.000981
v -0.001790 -0.441924 0.001087
v -0.000583 -0.441971 0.000000
v -0.000705 -0.441322 -0.001104
v 0.000705 -0.441323 0.001104
v 0.001529 -0.442458 0.000000
v 0.001790 -0.441924 -0.001088
v 0.001964 -0.442389 0.000981
v 0.002160 -0.444755 -0.000004
v 0.002515 -0.444749 -0.001104
v 0.002510 -0.444815 0.001113
v 0.002408 -0.447537 -0.002328
v 0.002421 -0.447357 0.002286
v 0.002947 -0.443127 -0.001060
v 0.000934 -0.440558 0.000000
v 0.003475 -0.443089 0.000000
v 0.002946 -0.443126 0.001060
v 0.003314 -0.447726 0.000051
v -0.001784 -0.441060 0.000000
v -0.002946 -0.443126 0.001060
v -0.002946 -0.443127 -0.001060
v -0.003475 -0.443089 0.000000
v -0.003313 -0.447726 0.000051
v 0.000000 -0.448320 0.011093
v -0.003114 -0.449937 0.011075
v -0.004051 -0.452533 -0.012429
v 0.000000 -0.449998 -0.013831
v 0.004052 -0.452533 -0.012429
v 0.003115 -0.449937 0.011075
v 0.000000 -0.458139 -0.026536
v 0.005320 -0.452526 0.004197
v 0.004082 -0.460225 -0.023727
v 0.005910 -0.460859 -0.015353
v 0.004015 -0.462006 -0.006471
v 0.003782 -0.457607 0.001549
v 0.004081 -0.468312 -0.012833
v 0.000000 -0.464437 -0.004920
v 0.000000 -0.470397 -0.010024
v 0.004082 -0.476408 -0.016679
v 0.000000 -0.477588 -0.013026
v -0.004014 -0.462006 -0.006471
v -0.004080 -0.468312 -0.012833
v 0.000000 -0.459814 0.001838
v -0.003782 -0.457607 0.001549
v 0.003169 -0.455987 0.010503
v -0.003169 -0.455987 0.010503
v 0.002982 -0.455364 0.021186
v 0.000000 -0.457541 0.010347
v 0.002233 -0.456724 0.019898
v 0.002252 -0.452829 0.019682
v 0.000000 -0.457794 0.020592
v 0.000000 -0.451874 0.019948
v -0.002357 -0.456532 0.018653
v -0.000830 -0.460229 0.028755
v 0.001299 -0.456756 0.025655
v 0.000801 -0.460516 0.028533
v 0.000214 -0.459840 0.029136
v -0.000113 -0.460989 0.029010
v -0.000510 -0.457155 0.026853
v -0.002982 -0.455364 0.021186
v -0.002252 -0.452829 0.019682
v -0.005320 -0.452526 0.004197
v -0.005910 -0.460859 -0.015353
v -0.004082 -0.460225 -0.023727
v 0.000000 -0.470654 -0.034497
v -0.004082 -0.471834 -0.030845
v -0.004082 -0.476408 -0.016679
v -0.005884 -0.480291 -0.025748
v 0.004082 -0.471834 -0.030845
v 0.000000 -0.485137 -0.037699
v 0.005884 -0.480291 -0.025748
v 0.004082 -0.485137 -0.033697
v -0.004082 -0.485137 -0.033697
v 0.004082 -0.485137 -0.018176
v 0.005890 -0.501846 -0.021668
v -0.004082 -0.485137 -0.018176
v -0.005890 -0.501846 -0.021668
v -0.004082 -0.498439 -0.030845
v -0.004082 -0.493865 -0.016679
v 0.000000 -0.485137 -0.014174
v 0.004082 -0.493865 -0.016679
v 0.000000 -0.492686 -0.013026
v -0.004080 -0.501961 -0.012833
v 0.004081 -0.501961 -0.012833
v 0.000000 -0.499876 -0.010024
v 0.004082 -0.498439 -0.030845
v 0.005815 -0.512980 -0.009481
v 0.000000 -0.499619 -0.034497
v 0.004082 -0.510049 -0.023727
v -0.004082 -0.510049 -0.023727
v 0.000000 -0.512134 -0.026536
v -0.005814 -0.512980 -0.009481
v -0.004057 -0.517694 -0.012490
v 0.004057 -0.517694 -0.012490
v 0.000000 -0.520124 -0.014042
v -0.004014 -0.508267 -0.006471
v -0.005292 -0.517664 0.004231
v -0.003823 -0.521227 0.000428
v 0.000000 -0.505836 -0.004920
v -0.003782 -0.512666 0.001549
v 0.004015 -0.508267 -0.006471
v 0.000000 -0.510459 0.001838
v 0.005293 -0.517664 0.004231
v 0.003782 -0.512666 0.001549
v 0.003823 -0.521227 0.000428
v 0.000000 -0.523435 0.000139
v 0.003117 -0.520315 0.011111
v 0.003169 -0.514286 0.010503
v 0.002982 -0.514908 0.021187
v 0.000000 -0.521870 0.011268
v -0.003117 -0.520315 0.011111
v 0.002252 -0.517444 0.019682
v -0.002252 -0.517444 0.019682
v 0.000000 -0.518399 0.019948
v -0.002981 -0.514908 0.021187
v -0.003169 -0.514286 0.010503
v 0.000000 -0.512732 0.010347
v -0.002357 -0.513742 0.018653
v 0.002358 -0.513742 0.018653
v 0.000000 -0.512787 0.018387
v 0.000830 -0.510044 0.028755
v -0.000837 -0.510027 0.028576
v -0.000249 -0.509466 0.028339
v 0.001299 -0.513517 0.025655
v 0.000144 -0.509314 0.029060
v -0.000214 -0.510433 0.029136
v -0.000510 -0.513118 0.026853
v 0.000000 -0.288182 0.000000
v -0.001631 -0.286985 0.003022
v 0.000946 -0.287257 0.003613
v -0.001214 -0.284479 0.001662
v 0.000000 -0.284085 0.000000
v 0.000000 -0.283572 0.001763
v 0.001631 -0.286985 -0.003022
v 0.002089 -0.285902 0.002039
v 0.001436 -0.284386 0.001777
v 0.001214 -0.284479 -0.001662
v 0.001882 -0.282104 0.000000
v -0.001882 -0.282104 0.000000
v -0.002089 -0.285902 0.002039
v 0.000000 -0.281201 0.000000
v 0.010248 -0.305157 0.000000
v 0.000000 -0.283572 -0.001763
v -0.010248 -0.305157 0.000000
v -0.001435 -0.284386 -0.001777
v -0.000816 -0.296089 0.009058
v -0.002109 -0.285826 -0.002022
v -0.001856 -0.305157 0.023037
v 0.001808 -0.296517 0.008640
v 0.001856 -0.305157 0.023037
v 0.000000 -0.305157 0.023956
v -0.000816 -0.314224 0.009058
v 0.001808 -0.313796 0.008640
v 0.001631 -0.323328 0.003022
v 0.000000 -0.323015 0.003886
v -0.001631 -0.323328 0.003023
v -0.002109 -0.324487 0.002022
v 0.002089 -0.324411 0.002039
v 0.000000 -0.322132 0.000000
v -0.002089 -0.324411 -0.002038
v -0.001214 -0.325835 0.001662
v 0.000000 -0.326742 0.001763
v 0.000000 -0.326229 0.000000
v 0.001214 -0.325835 0.001662
v 0.001882 -0.328209 0.000000
v -0.001882 -0.328209 0.000000
v 0.000000 -0.329113 0.000000
v 0.000000 -0.326742 -0.001763
v 0.001436 -0.325928 -0.001777
v -0.001435 -0.325928 -0.001777
v 0.002110 -0.324487 -0.002022
v 0.001405 -0.323301 -0.003143
v -0.000945 -0.323056 -0.003613
v 0.001808 -0.313796 -0.008640
v -0.000816 -0.314225 -0.009058
v -0.001856 -0.305157 -0.023036
v 0.000000 -0.305157 -0.023956
v 0.001856 -0.305157 -0.023036
v -0.001808 -0.296517 -0.008640
v 0.000816 -0.296089 -0.009058
v -0.000945 -0.287257 -0.003613
v 0.002109 -0.285826 -0.002022
v 0.000000 -0.269221 0.001701
v 0.002611 -0.270283 0.001929
v 0.004082 -0.272761 0.002507
v 0.003927 -0.275640 0.003176
v -0.000450 -0.282375 0.004839
v 0.000812 -0.281899 0.004617
v -0.003927 -0.275640 0.003176
v -0.004082 -0.272761 0.002507
v -0.002611 -0.270283 0.001929
v 0.002516 -0.270205 -0.001912
v -0.004034 -0.272594 -0.002470
v -0.002516 -0.270205 -0.001912
v 0.000000 -0.269269 -0.001726
v -0.003993 -0.275515 -0.003129
v 0.004034 -0.272594 -0.002470
v 0.003993 -0.275515 -0.003129
v -0.000450 -0.282375 -0.004839
v 0.000812 -0.281899 -0.004617
v 0.001457 -0.280951 -0.003846
v -0.000345 -0.284795 -0.004225
v 0.000941 -0.284769 -0.003507
v -0.000335 -0.286582 -0.002508
v 0.001432 -0.279963 0.000000
v 0.000683 -0.280776 -0.002087
v 0.001457 -0.280951 0.003846
v 0.000683 -0.280776 0.002087
v 0.000345 -0.284795 0.004225
v -0.001830 -0.280229 0.002914
v 0.000978 -0.284887 0.002776
v -0.001792 -0.279652 0.000000
v -0.001077 -0.282437 0.003591
v -0.000974 -0.285043 0.003290
v -0.000335 -0.286582 0.002508
v 0.000763 -0.286853 0.001180
v -0.000342 -0.287309 0.000000
v -0.000340 -0.283954 0.002523
v -0.000948 -0.286307 -0.001034
v -0.000335 -0.285007 0.001440
v -0.000256 -0.285362 0.000000
v -0.000627 -0.284863 -0.002229
v -0.001051 -0.282868 -0.003684
v 0.000335 -0.285007 -0.001440
v 0.000959 -0.286341 -0.001580
v 0.000341 -0.283954 -0.002523
v 0.000636 -0.285590 0.000841
v 0.000402 -0.282495 0.002946
v -0.001830 -0.280229 -0.002914
v 0.000402 -0.282495 -0.002946
v 0.000000 -0.340824 0.000000
v -0.001631 -0.339628 0.003022
v 0.000000 -0.339941 0.003886
v -0.001214 -0.337121 0.001662
v 0.000000 -0.336727 0.000000
v 0.000000 -0.336214 0.001763
v 0.001631 -0.339628 0.003023
v 0.002110 -0.338468 0.002022
v 0.002089 -0.338545 -0.002038
v 0.001214 -0.337121 -0.001662
v 0.001436 -0.337028 0.001777
v 0.001882 -0.334747 0.000000
v -0.001882 -0.334746 0.000000
v -0.002089 -0.338545 0.002039
v 0.000000 -0.333843 0.000000
v 0.010248 -0.357799 0.000000
v 0.000000 -0.336214 -0.001763
v -0.010248 -0.357799 0.000000
v -0.001435 -0.337028 -0.001777
v -0.001808 -0.349159 0.008640
v -0.002109 -0.338468 -0.002022
v 0.000816 -0.348731 0.009058
v -0.001856 -0.357799 0.023037
v 0.001856 -0.357799 0.023037
v 0.000000 -0.357799 0.023956
v 0.000816 -0.366867 0.009058
v -0.001808 -0.366439 0.008640
v -0.000945 -0.375698 0.003613
v 0.001631 -0.375970 0.003023
v -0.002089 -0.377053 0.002039
v 0.002089 -0.377053 0.002039
v 0.000000 -0.374774 0.000000
v -0.001631 -0.375970 -0.003022
v 0.001215 -0.378477 -0.001662
v 0.001436 -0.378570 0.001777
v 0.000000 -0.378871 0.000000
v 0.000000 -0.379384 0.001763
v -0.001214 -0.378477 0.001662
v 0.001882 -0.380851 0.000000
v -0.001882 -0.380851 0.000000
v 0.000000 -0.381755 0.000000
v 0.000000 -0.379384 -0.001763
v -0.001435 -0.378570 -0.001777
v 0.002110 -0.377129 -0.002022
v 0.000946 -0.375698 -0.003613
v 0.001808 -0.366439 -0.008640
v -0.000816 -0.366867 -0.009058
v -0.002109 -0.377129 -0.002022
v -0.001856 -0.357799 -0.023036
v 0.000000 -0.357799 -0.023956
v 0.001856 -0.357799 -0.023036
v -0.001808 -0.349159 -0.008640
v 0.000816 -0.348731 -0.009058
v -0.000946 -0.339900 -0.003613
v 0.001405 -0.339654 -0.003143
v -0.002089 -0.391229 -0.002039
v -0.002109 -0.391153 0.002022
v -0.001631 -0.392312 0.003022
v -0.001214 -0.389806 0.001662
v 0.000000 -0.393509 0.000000
v 0.000946 -0.392584 0.003613
v 0.000000 -0.389412 0.000000
v 0.000000 -0.388898 0.001763
v 0.001631 -0.392312 -0.003022
v 0.002089 -0.391229 0.002039
v 0.001215 -0.389806 0.001662
v 0.001882 -0.387431 0.000000
v -0.001882 -0.387431 0.000000
v 0.000000 -0.386527 0.000000
v 0.010248 -0.410484 0.000000
v 0.000000 -0.388898 -0.001763
v -0.010248 -0.410484 0.000000
v -0.001435 -0.389713 -0.001777
v -0.001808 -0.401844 0.008640
v 0.000816 -0.401416 0.009058
v -0.001856 -0.410484 0.023037
v 0.001856 -0.410484 0.023037
v 0.000000 -0.410484 0.023956
v -0.000816 -0.419551 0.009058
v 0.001808 -0.419123 0.008640
v 0.001631 -0.428655 0.003022
v -0.000945 -0.428383 0.003613
v -0.002109 -0.429814 0.002022
v 0.002089 -0.429738 0.002039
v 0.000000 -0.427458 0.000000
v -0.001631 -0.428655 -0.003022
v -0.002089 -0.429738 -0.002039
v -0.001214 -0.431162 -0.001662
v -0.001435 -0.431255 0.001777
v 0.000000 -0.431556 0.000000
v 0.001215 -0.431162 -0.001662
v 0.001436 -0.431255 0.001777
v 0.000000 -0.432069 0.001763
v 0.001882 -0.433536 0.000000
v -0.001882 -0.433536 0.000000
v 0.000000 -0.434440 0.000000
v 0.000000 -0.432069 -0.001763
v 0.002110 -0.429814 -0.002022
v 0.000946 -0.428383 -0.003613
v 0.001808 -0.419123 -0.008640
v -0.000816 -0.419551 -0.009058
v -0.001856 -0.410484 -0.023036
v 0.000000 -0.410484 -0.023956
v 0.001856 -0.410484 -0.023036
v -0.000816 -0.401416 -0.009058
v -0.000945 -0.392584 -0.003613
v 0.001808 -0.401844 -0.008640
v 0.002110 -0.391153 -0.002022
v 0.001436 -0.389713 -0.001777
v 0.000000 -0.331489 -0.005760
v -0.001615 -0.331489 -0.006548
v 0.000000 -0.334369 -0.004988
v 0.001616 -0.331489 -0.006548
v 0.000000 -0.328610 -0.004988
v -0.001604 -0.336474 -0.004506
v 0.001616 -0.328215 -0.005671
v -0.001604 -0.326505 -0.004506
v 0.001616 -0.334764 -0.005671
v -0.001615 -0.331489 -0.008126
v 0.000000 -0.326501 -0.002880
v -0.001615 -0.327427 -0.007037
v 0.001616 -0.331489 -0.008126
v 0.001607 -0.325069 -0.001720
v 0.001616 -0.327427 -0.007037
v 0.000000 -0.325730 0.000000
v -0.001615 -0.324452 -0.004063
v 0.001616 -0.324452 -0.004063
v -0.001607 -0.325069 0.001721
v 0.000000 -0.327032 -0.007720
v 0.001616 -0.323364 0.000000
v 0.000000 -0.331489 -0.008915
v 0.000000 -0.323769 -0.004457
v -0.001615 -0.323364 0.000000
v 0.000000 -0.322575 0.000000
v 0.000000 -0.323769 0.004457
v -0.001615 -0.324452 0.004063
v 0.001616 -0.324452 0.004063
v 0.000000 -0.327032 0.007720
v -0.001615 -0.327427 0.007037
v 0.001604 -0.326505 0.004506
v 0.000000 -0.326501 0.002880
v 0.001616 -0.327427 0.007037
v -0.001615 -0.328215 0.005671
v 0.000000 -0.328610 0.004988
v -0.001615 -0.331489 0.008126
v 0.000000 -0.331489 0.008915
v 0.001616 -0.331489 0.008126
v 0.001616 -0.331489 0.006549
v 0.001616 -0.335552 0.007037
v 0.000000 -0.331489 0.005760
v 0.001604 -0.336474 0.004506
v 0.000000 -0.334369 0.004988
v -0.001615 -0.331489 0.006549
v -0.001615 -0.334764 0.005671
v 0.000000 -0.336478 0.002880
v -0.001615 -0.335552 0.007037
v -0.001607 -0.337910 0.001721
v 0.000000 -0.335947 0.007720
v -0.001615 -0.338527 0.004063
v 0.001616 -0.338527 0.004063
v 0.000000 -0.339210 0.004457
v -0.001615 -0.339615 0.000000
v 0.000000 -0.337249 0.000000
v 0.001607 -0.337910 -0.001720
v 0.001616 -0.339615 0.000000
v 0.000000 -0.340404 0.000000
v 0.000000 -0.339210 -0.004457
v 0.001616 -0.338527 -0.004063
v -0.001615 -0.338527 -0.004063
v 0.000000 -0.335947 -0.007720
v 0.001616 -0.335552 -0.007037
v 0.000000 -0.336477 -0.002880
v -0.001615 -0.335552 -0.007037
v 0.000000 -0.262734 -0.009434
v -0.002207 -0.262734 -0.010726
v 0.000000 -0.267450 -0.008170
v 0.002207 -0.262734 -0.010726
v 0.000000 -0.258017 -0.008170
v -0.002207 -0.268096 -0.009289
v 0.002207 -0.257371 -0.009289
v -0.002207 -0.257371 -0.009289
v 0.002207 -0.268096 -0.009289
v -0.002207 -0.262734 -0.013309
v 0.000000 -0.254564 -0.004717
v -0.002207 -0.256079 -0.011526
v 0.002207 -0.262734 -0.013309
v -0.002207 -0.253445 -0.005363
v 0.002207 -0.253445 -0.005363
v 0.002207 -0.256079 -0.011526
v 0.000000 -0.253300 0.000000
v -0.002207 -0.251207 -0.006655
v 0.002207 -0.251207 -0.006655
v -0.002207 -0.252008 0.000000
v 0.002207 -0.252008 0.000000
v 0.000000 -0.255433 -0.012645
v 0.002207 -0.249424 0.000000
v 0.000000 -0.262734 -0.014601
v 0.000000 -0.250089 -0.007301
v -0.002207 -0.249424 0.000000
v 0.000000 -0.248132 0.000000
v 0.000000 -0.250089 0.007301
v -0.002207 -0.251207 0.006655
v 0.002207 -0.251207 0.006655
v 0.000000 -0.255433 0.012645
v -0.002207 -0.253445 0.005363
v -0.002207 -0.256079 0.011526
v 0.002207 -0.253445 0.005363
v 0.000000 -0.254564 0.004717
v 0.002207 -0.256079 0.011526
v -0.002207 -0.257371 0.009289
v 0.002207 -0.257371 0.009289
v 0.000000 -0.258017 0.008170
v -0.002207 -0.262734 0.013309
v 0.000000 -0.262734 0.014601
v 0.002207 -0.262734 0.013309
v 0.002207 -0.262734 0.010726
v 0.002207 -0.269388 0.011526
v 0.000000 -0.262734 0.009434
v 0.002207 -0.268096 0.009289
v 0.000000 -0.267450 0.008170
v -0.002207 -0.262734 0.010726
v -0.002207 -0.268096 0.009289
v 0.000000 -0.270903 0.004717
v -0.002207 -0.269388 0.011526
v -0.002207 -0.272022 0.005363
v 0.002207 -0.272022 0.005363
v 0.000000 -0.270034 0.012645
v -0.002207 -0.274260 0.006655
v 0.002207 -0.274260 0.006655
v 0.000000 -0.275379 0.007301
v -0.002207 -0.273459 0.000000
v -0.002207 -0.276043 0.000000
v 0.000000 -0.272167 0.000000
v 0.002207 -0.273459 0.000000
v 0.002207 -0.276043 0.000000
v 0.000000 -0.277335 0.000000
v 0.000000 -0.275379 -0.007301
v 0.002207 -0.274260 -0.006655
v -0.002207 -0.274260 -0.006655
v 0.000000 -0.270034 -0.012645
v 0.002207 -0.272022 -0.005363
v 0.002207 -0.269388 -0.011526
v -0.002207 -0.272022 -0.005363
v 0.000000 -0.270903 -0.004717
v -0.002207 -0.269388 -0.011526
v 0.000000 -0.384179 -0.005760
v -0.001615 -0.384179 -0.006548
v 0.000000 -0.387059 -0.004988
v 0.001616 -0.384179 -0.006548
v 0.000000 -0.381299 -0.004988
v -0.001604 -0.389164 -0.004506
v 0.001616 -0.380905 -0.005671
v -0.001615 -0.380905 -0.005671
v 0.001616 -0.387453 -0.005671
v -0.001615 -0.384179 -0.008126
v 0.000000 -0.379191 -0.002880
v -0.001615 -0.380116 -0.007037
v 0.001616 -0.384179 -0.008126
v -0.001607 -0.377758 -0.001720
v 0.001607 -0.377758 -0.001720
v 0.001616 -0.380116 -0.007037
v 0.000000 -0.378420 0.000000
v -0.001615 -0.377142 -0.004063
v 0.001616 -0.377142 -0.004063
v 0.000000 -0.379722 -0.007720
v 0.001616 -0.376053 0.000000
v 0.000000 -0.384179 -0.008915
v 0.000000 -0.376459 -0.004457
v -0.001615 -0.376053 0.000000
v 0.000000 -0.375265 0.000000
v 0.000000 -0.376459 0.004457
v -0.001615 -0.377142 0.004063
v 0.001616 -0.377142 0.004063
v 0.000000 -0.379722 0.007720
v -0.001604 -0.379194 0.004506
v -0.001615 -0.380116 0.007037
v 0.001604 -0.379194 0.004506
v 0.000000 -0.379191 0.002880
v 0.001616 -0.380116 0.007037
v 0.000000 -0.381299 0.004988
v -0.001615 -0.384179 0.008126
v 0.000000 -0.384179 0.008915
v 0.001616 -0.384179 0.008126
v 0.001616 -0.384179 0.006548
v 0.001616 -0.388242 0.007037
v 0.000000 -0.384179 0.005760
v 0.001604 -0.389164 0.004506
v 0.000000 -0.387059 0.004988
v -0.001615 -0.384179 0.006548
v -0.001615 -0.387453 0.005671
v 0.000000 -0.389167 0.002880
v -0.001615 -0.388242 0.007037
v -0.001607 -0.390600 0.001721
v 0.000000 -0.388637 0.007720
v -0.001615 -0.391216 0.004063
v 0.001616 -0.391216 0.004063
v 0.000000 -0.391900 0.004457
v -0.001615 -0.392305 0.000000
v 0.000000 -0.389939 0.000000
v 0.001607 -0.390600 -0.001720
v 0.001616 -0.392305 0.000000
v 0.000000 -0.393094 0.000000
v 0.000000 -0.391900 -0.004457
v 0.001616 -0.391216 -0.004063
v -0.001615 -0.391216 -0.004063
v 0.000000 -0.388637 -0.007720
v 0.001616 -0.388242 -0.007037
v 0.000000 -0.389167 -0.002880
v -0.001615 -0.388242 -0.007037
v 0.000000 -0.436838 -0.005760
v -0.001615 -0.436838 -0.006548
v 0.000000 -0.439718 -0.004988
v 0.001616 -0.436838 -0.006548
v 0.000000 -0.433958 -0.004988
v -0.001604 -0.441823 -0.004506
v 0.001616 -0.433564 -0.005671
v -0.001604 -0.431853 -0.004506
v 0.001604 -0.441823 -0.004506
v -0.001615 -0.436838 -0.008126
v 0.000000 -0.431850 -0.002880
v -0.001615 -0.432775 -0.007037
v 0.001616 -0.436838 -0.008126
v 0.001607 -0.430417 -0.001721
v 0.001616 -0.432775 -0.007037
v 0.000000 -0.431078 0.000000
v -0.001615 -0.429801 -0.004063
v 0.001616 -0.429801 -0.004063
v -0.001607 -0.430417 0.001721
v 0.000000 -0.432381 -0.007720
v 0.001616 -0.428712 0.000000
v 0.000000 -0.436838 -0.008915
v 0.000000 -0.429118 -0.004457
v -0.001615 -0.428712 0.000000
v 0.000000 -0.427923 0.000000
v 0.000000 -0.429118 0.004457
v -0.001615 -0.429801 0.004063
v 0.001616 -0.429801 0.004063
v 0.000000 -0.432381 0.007720
v -0.001615 -0.432775 0.007037
v 0.001604 -0.431853 0.004506
v 0.000000 -0.431850 0.002880
v 0.001616 -0.432775 0.007037
v -0.001615 -0.433564 0.005671
v 0.000000 -0.433958 0.004988
v -0.001615 -0.436838 0.008126
v 0.000000 -0.436838 0.008915
v 0.001616 -0.436838 0.008126
v 0.001616 -0.436838 0.006548
v 0.001616 -0.440901 0.007037
v 0.000000 -0.436838 0.005760
v 0.001616 -0.440112 0.005671
v 0.000000 -0.439718 0.004988
v -0.001615 -0.436838 0.006548
v -0.001615 -0.440112 0.005671
v 0.000000 -0.441826 0.002880
v -0.001615 -0.440901 0.007037
v -0.001607 -0.443259 0.001721
v 0.001607 -0.443259 0.001720
v 0.000000 -0.441295 0.007720
v -0.001615 -0.443875 0.004063
v 0.001616 -0.443875 0.004063
v 0.000000 -0.444558 0.004457
v -0.001615 -0.444964 0.000000
v 0.000000 -0.442598 0.000000
v 0.001616 -0.444964 0.000000
v 0.000000 -0.445752 0.000000
v 0.000000 -0.444558 -0.004457
v 0.001616 -0.443875 -0.004063
v -0.001615 -0.443875 -0.004063
v 0.000000 -0.441295 -0.007720
v 0.001616 -0.440901 -0.007037
v 0.000000 -0.441826 -0.002880
v -0.001615 -0.440901 -0.007037
vt 0.034332 0.575439
vt 0.034332 0.575439
vt 0.034332 0.573242
vt 0.034332 0.588379
vt 0.034332 0.588379
vt 0.034332 0.590576
vt 0.038135 0.601543
vt 0.041964 0.596679
vt 0.034393 0.612549
vt 0.041888 0.607301
vt 0.034393 0.612549
vt 0.034393 0.631104
vt 0.034393 0.673442
vt 0.034393 0.655273
vt 0.034393 0.672852
vt 0.034393 0.692871
vt 0.034393 0.692871
vt 0.034393 0.711914
vt 0.034393 0.729980
vt 0.034393 0.729980
vt 0.034393 0.746338
vt 0.204102 0.594463
vt 0.222778 0.587522
vt 0.204102 0.587522
vt 0.222778 0.595234
vt 0.204102 0.602175
vt 0.222778 0.602175
vt 0.222778 0.600342
vt 0.204102 0.598129
vt 0.222778 0.595234
vt 0.204102 0.590797
vt 0.222778 0.589355
vt 0.034393 0.746338
vt 0.034393 0.711914
vt 0.034393 0.631104
vt 0.038938 0.604919
vt 0.039424 0.598321
vt 0.034332 0.590576
vt 0.034332 0.573242
vt 0.314453 0.295898
vt 0.314453 0.295898
vt 0.314697 0.285645
vt 0.313965 0.312988
vt 0.313965 0.312988
vt 0.313965 0.329102
vt 0.313965 0.329102
vt 0.316105 0.343991
vt 0.316010 0.344067
vt 0.313965 0.344727
vt 0.313965 0.354004
vt 0.315186 0.354004
vt 0.315887 0.365307
vt 0.313965 0.374512
vt 0.313965 0.374512
vt 0.316130 0.365501
vt 0.335938 0.351074
vt 0.335938 0.351074
vt 0.335938 0.357422
vt 0.335938 0.344727
vt 0.335938 0.344727
vt 0.336756 0.338680
vt 0.336783 0.338548
vt 0.336914 0.333496
vt 0.335937 0.312012
vt 0.335938 0.312012
vt 0.336182 0.324219
vt 0.335938 0.300661
vt 0.335937 0.300831
vt 0.337966 0.299936
vt 0.337984 0.279448
vt 0.335938 0.277344
vt 0.364258 0.325195
vt 0.364258 0.335449
vt 0.364258 0.325195
vt 0.364014 0.319336
vt 0.364014 0.317405
vt 0.364014 0.316406
vt 0.363770 0.310059
vt 0.363525 0.306641
vt 0.363525 0.306641
vt 0.384033 0.350827
vt 0.386475 0.350945
vt 0.386475 0.351179
vt 0.384277 0.360840
vt 0.386475 0.373642
vt 0.379993 0.372448
vt 0.386475 0.373721
vt 0.020844 0.728027
vt 0.020844 0.728027
vt 0.020844 0.732178
vt 0.020844 0.722900
vt 0.020844 0.722900
vt 0.020844 0.718994
vt 0.020844 0.702148
vt 0.020844 0.702148
vt 0.020843 0.710938
vt 0.020844 0.690430
vt 0.020844 0.679443
vt 0.020844 0.679443
vt 0.020844 0.667480
vt 0.020844 0.656101
vt 0.020843 0.656064
vt 0.018588 0.654066
vt 0.018524 0.654121
vt 0.019333 0.636950
vt 0.020844 0.636719
vt 0.020034 0.627590
vt 0.020844 0.617208
vt 0.018333 0.618883
vt 0.020844 0.616948
vt 0.013662 0.603760
vt 0.017471 0.598896
vt 0.020844 0.586914
vt 0.013681 0.593139
vt 0.020843 0.746094
vt 0.020844 0.746094
vt 0.020844 0.732178
vt 0.020844 0.718994
vt 0.020844 0.710938
vt 0.020844 0.690430
vt 0.020844 0.667480
vt 0.020090 0.636719
vt 0.018587 0.619135
vt 0.020034 0.627590
vt 0.015366 0.603271
vt 0.017471 0.598896
vt 0.020844 0.586914
vt 0.015381 0.593750
vt 0.335938 0.378418
vt 0.335938 0.364258
vt 0.335938 0.364258
vt 0.335938 0.378418
vt 0.335938 0.357422
vt 0.336675 0.332538
vt 0.336426 0.331543
vt 0.336182 0.324219
vt 0.337857 0.299704
vt 0.337944 0.279487
vt 0.335938 0.277344
vt 0.313965 0.354004
vt 0.315186 0.354004
vt 0.313965 0.344727
vt 0.314697 0.285645
vt 0.380091 0.372351
vt 0.384277 0.360840
vt 0.384033 0.350903
vt 0.364258 0.378418
vt 0.364258 0.378418
vt 0.364258 0.358398
vt 0.364258 0.358398
vt 0.364258 0.345703
vt 0.364258 0.345703
vt 0.364258 0.335449
vt 0.363770 0.310059
vt 0.325009 0.541260
vt 0.313221 0.565334
vt 0.311513 0.544464
vt 0.326309 0.561838
vt 0.316658 0.573433
vt 0.333475 0.572775
vt 0.326365 0.584215
vt 0.343199 0.576972
vt 0.340881 0.590211
vt 0.353598 0.576096
vt 0.358297 0.588421
vt 0.361450 0.574489
vt 0.366490 0.582118
vt 0.366943 0.578613
vt 0.311627 0.544124
vt 0.313221 0.565334
vt 0.324888 0.541260
vt 0.326125 0.561875
vt 0.316658 0.573433
vt 0.333344 0.572906
vt 0.326447 0.584106
vt 0.343167 0.577133
vt 0.340917 0.589999
vt 0.353570 0.575956
vt 0.358239 0.588304
vt 0.359601 0.574275
vt 0.362305 0.574463
vt 0.366943 0.578613
vt 0.366543 0.582159
vt 0.258301 0.954112
vt 0.273882 0.966217
vt 0.250471 0.964924
vt 0.269055 0.944222
vt 0.251221 0.954933
vt 0.240225 0.960416
vt 0.245120 0.951740
vt 0.233776 0.950861
vt 0.241422 0.946715
vt 0.233693 0.942588
vt 0.238816 0.941882
vt 0.250600 0.964894
vt 0.273892 0.966253
vt 0.258301 0.953937
vt 0.269051 0.944210
vt 0.251221 0.954793
vt 0.240283 0.960336
vt 0.245057 0.951831
vt 0.233675 0.950911
vt 0.241335 0.946766
vt 0.233061 0.943369
vt 0.238913 0.942033
vt 0.234131 0.941895
vt 0.376084 0.413943
vt 0.374268 0.414551
vt 0.370279 0.445316
vt 0.371736 0.453276
vt 0.388776 0.414203
vt 0.394416 0.446047
vt 0.390625 0.414551
vt 0.394287 0.437500
vt 0.369873 0.456055
vt 0.398926 0.456055
vt 0.374545 0.469289
vt 0.395736 0.491463
vt 0.393883 0.492281
vt 0.412010 0.497439
vt 0.414040 0.497140
vt 0.400355 0.501448
vt 0.414756 0.516625
vt 0.402062 0.514522
vt 0.396396 0.525236
vt 0.406906 0.534836
vt 0.386045 0.532302
vt 0.391211 0.544898
vt 0.376656 0.532595
vt 0.374104 0.546348
vt 0.368207 0.530431
vt 0.364502 0.531006
vt 0.360596 0.535156
vt 0.360976 0.539415
vt 0.330420 0.470480
vt 0.328961 0.468293
vt 0.330338 0.470560
vt 0.326523 0.464342
vt 0.326716 0.464087
vt 0.338318 0.440920
vt 0.336182 0.440430
vt 0.335693 0.425781
vt 0.329590 0.440430
vt 0.329590 0.440430
vt 0.330182 0.420117
vt 0.328613 0.429199
vt 0.329900 0.416821
vt 0.326377 0.423639
vt 0.327881 0.418945
vt 0.329139 0.468218
vt 0.338379 0.440430
vt 0.336182 0.440430
vt 0.335693 0.425781
vt 0.333740 0.426758
vt 0.328613 0.429199
vt 0.329107 0.419490
vt 0.330193 0.416988
vt 0.326495 0.423718
vt 0.370321 0.445065
vt 0.374268 0.414551
vt 0.376063 0.413774
vt 0.371736 0.453276
vt 0.389803 0.414756
vt 0.388916 0.413086
vt 0.369873 0.456055
vt 0.394416 0.446047
vt 0.394287 0.437500
vt 0.373779 0.469727
vt 0.398926 0.456055
vt 0.375488 0.468750
vt 0.393850 0.492244
vt 0.395736 0.491463
vt 0.412010 0.497439
vt 0.407227 0.479980
vt 0.413818 0.496582
vt 0.400690 0.501322
vt 0.414990 0.516692
vt 0.401749 0.514483
vt 0.396612 0.525416
vt 0.406736 0.534666
vt 0.385940 0.532022
vt 0.391261 0.545074
vt 0.376639 0.532713
vt 0.374148 0.546195
vt 0.368026 0.530793
vt 0.360596 0.535156
vt 0.364502 0.531006
vt 0.361093 0.539297
vt 0.847281 0.387322
vt 0.857910 0.364746
vt 0.854132 0.386214
vt 0.846094 0.363198
vt 0.846094 0.363198
vt 0.839051 0.388848
vt 0.833984 0.389648
vt 0.833984 0.360840
vt 0.833984 0.360840
vt 0.826660 0.391113
vt 0.826660 0.391113
vt 0.826660 0.359863
vt 0.826660 0.359863
vt 0.819336 0.391602
vt 0.819336 0.358887
vt 0.633301 0.201172
vt 0.639160 0.195801
vt 0.636541 0.203192
vt 0.633301 0.197754
vt 0.627930 0.195801
vt 0.630510 0.203018
vt 0.633301 0.206644
vt 0.636230 0.210027
vt 0.630859 0.210027
vt 0.633301 0.214355
vt 0.636230 0.216309
vt 0.630859 0.216309
vt 0.633301 0.210840
vt 0.636230 0.210027
vt 0.630859 0.210027
vt 0.633301 0.203189
vt 0.636541 0.203192
vt 0.630510 0.203018
vt 0.639160 0.195801
vt 0.627930 0.195801
vt 0.745117 0.314349
vt 0.743342 0.310126
vt 0.744391 0.318647
vt 0.744930 0.321899
vt 0.748535 0.321583
vt 0.748535 0.314016
vt 0.742301 0.303319
vt 0.751465 0.314353
vt 0.748553 0.302100
vt 0.752930 0.317449
vt 0.753279 0.309952
vt 0.754277 0.303291
vt 0.751652 0.321899
vt 0.752191 0.318647
vt 0.748535 0.319824
vt 0.751465 0.314353
vt 0.753279 0.309952
vt 0.745117 0.314349
vt 0.743652 0.317449
vt 0.743342 0.310126
vt 0.748535 0.314016
vt 0.754277 0.303291
vt 0.742301 0.303319
vt 0.748553 0.302100
vt 0.777344 0.300781
vt 0.761230 0.308594
vt 0.777344 0.296387
vt 0.715820 0.289551
vt 0.712402 0.296387
vt 0.736816 0.307617
vt 0.715820 0.289551
vt 0.777344 0.296387
vt 0.679199 0.274902
vt 0.759297 0.287918
vt 0.686523 0.269531
vt 0.709701 0.266079
vt 0.731445 0.265137
vt 0.752441 0.276367
vt 0.714844 0.248535
vt 0.735352 0.258789
vt 0.722168 0.243164
vt 0.704590 0.227539
vt 0.714355 0.224121
vt 0.731445 0.265137
vt 0.714844 0.248535
vt 0.752930 0.270508
vt 0.752441 0.276367
vt 0.775879 0.280762
vt 0.775879 0.280762
vt 0.803214 0.281742
vt 0.775391 0.276367
vt 0.799891 0.278166
vt 0.799805 0.289062
vt 0.801913 0.275301
vt 0.800293 0.291504
vt 0.796875 0.279297
vt 0.823337 0.269904
vt 0.815430 0.278809
vt 0.822851 0.269140
vt 0.824041 0.270818
vt 0.823759 0.268115
vt 0.815707 0.279364
vt 0.803214 0.281742
vt 0.799805 0.289062
vt 0.759297 0.287918
vt 0.709700 0.266079
vt 0.686523 0.269531
vt 0.658203 0.242188
vt 0.667969 0.239258
vt 0.704590 0.227539
vt 0.683164 0.216882
vt 0.667969 0.239258
vt 0.649902 0.204590
vt 0.683164 0.216882
vt 0.660156 0.204590
vt 0.660156 0.204590
vt 0.700684 0.204590
vt 0.694051 0.162025
vt 0.700684 0.204590
vt 0.694051 0.162025
vt 0.667969 0.169922
vt 0.704590 0.181641
vt 0.711426 0.204590
vt 0.704590 0.181641
vt 0.714355 0.185059
vt 0.714844 0.160645
vt 0.714844 0.160645
vt 0.722168 0.166016
vt 0.667969 0.169922
vt 0.723633 0.131836
vt 0.658203 0.166504
vt 0.686523 0.139648
vt 0.686523 0.139648
vt 0.679199 0.134277
vt 0.723633 0.131836
vt 0.715820 0.119629
vt 0.715820 0.119629
vt 0.711426 0.113281
vt 0.731445 0.144043
vt 0.759386 0.121259
vt 0.749512 0.110352
vt 0.735352 0.150391
vt 0.752441 0.132812
vt 0.731445 0.144043
vt 0.752930 0.138672
vt 0.759385 0.121259
vt 0.752441 0.132812
vt 0.749512 0.110352
vt 0.748535 0.104492
vt 0.777344 0.112793
vt 0.775879 0.128418
vt 0.803217 0.127438
vt 0.777832 0.108887
vt 0.777344 0.112793
vt 0.799805 0.120117
vt 0.799805 0.120117
vt 0.800293 0.117676
vt 0.803217 0.127438
vt 0.775879 0.128418
vt 0.775391 0.132324
vt 0.796875 0.129883
vt 0.796875 0.129883
vt 0.796387 0.132324
vt 0.823337 0.139272
vt 0.823047 0.139569
vt 0.821930 0.140849
vt 0.815430 0.130371
vt 0.823958 0.141048
vt 0.824041 0.138362
vt 0.815707 0.129816
vt 0.079407 0.691406
vt 0.085076 0.678936
vt 0.086052 0.681084
vt 0.073996 0.673097
vt 0.064941 0.677002
vt 0.068368 0.671943
vt 0.075989 0.687988
vt 0.081277 0.673155
vt 0.074521 0.672407
vt 0.068420 0.680420
vt 0.068818 0.664678
vt 0.068818 0.664678
vt 0.081277 0.673155
vt 0.060767 0.664681
vt 0.154297 0.664795
vt 0.068368 0.657403
vt 0.154297 0.664795
vt 0.074521 0.656939
vt 0.119399 0.699584
vt 0.081257 0.656166
vt 0.154188 0.750311
vt 0.121826 0.697266
vt 0.154188 0.750311
vt 0.154351 0.757790
vt 0.189280 0.699584
vt 0.186890 0.697266
vt 0.223582 0.678936
vt 0.221729 0.684736
vt 0.223582 0.678936
vt 0.227459 0.673180
vt 0.227439 0.673155
vt 0.229248 0.691406
vt 0.236450 0.684326
vt 0.234661 0.673097
vt 0.240287 0.671943
vt 0.243774 0.677002
vt 0.234661 0.673097
vt 0.239819 0.664912
vt 0.239819 0.664678
vt 0.247902 0.664681
vt 0.240287 0.657403
vt 0.234136 0.656939
vt 0.234136 0.656939
vt 0.227459 0.656166
vt 0.243774 0.652588
vt 0.240234 0.648926
vt 0.240234 0.648926
vt 0.236450 0.645264
vt 0.232666 0.641357
vt 0.223209 0.650781
vt 0.229248 0.637939
vt 0.222605 0.648261
vt 0.186890 0.632080
vt 0.189280 0.629907
vt 0.232666 0.641357
vt 0.227439 0.656190
vt 0.154188 0.579201
vt 0.154351 0.571499
vt 0.154406 0.579201
vt 0.121826 0.632080
vt 0.119399 0.629907
vt 0.086052 0.648261
vt 0.081257 0.656166
vt 0.085076 0.650410
vt 0.079407 0.637939
vt 0.075989 0.641357
vt 0.072205 0.645264
vt 0.068420 0.648926
vt 0.064941 0.652588
vt 0.073996 0.656249
vt 0.072205 0.645264
vt 0.610648 0.675590
vt 0.593219 0.663375
vt 0.621020 0.677310
vt 0.633203 0.679747
vt 0.608314 0.665866
vt 0.625238 0.669761
vt 0.643737 0.674230
vt 0.651061 0.683717
vt 0.690305 0.687357
vt 0.656226 0.692151
vt 0.651061 0.683717
vt 0.688825 0.684373
vt 0.643737 0.674230
vt 0.640136 0.681154
vt 0.625238 0.669761
vt 0.608314 0.665866
vt 0.608270 0.640340
vt 0.625232 0.636429
vt 0.608270 0.640340
vt 0.593514 0.641554
vt 0.643774 0.632239
vt 0.622671 0.628052
vt 0.640040 0.624940
vt 0.650907 0.622420
vt 0.605359 0.628974
vt 0.622671 0.628052
vt 0.625232 0.636429
vt 0.640040 0.624940
vt 0.643774 0.632239
vt 0.650907 0.622420
vt 0.658674 0.613542
vt 0.690305 0.618942
vt 0.688825 0.622156
vt 0.683097 0.628613
vt 0.709099 0.623659
vt 0.706553 0.628304
vt 0.721468 0.636197
vt 0.673163 0.653076
vt 0.679316 0.638242
vt 0.683097 0.677540
vt 0.679316 0.667911
vt 0.709098 0.682493
vt 0.677928 0.673523
vt 0.708143 0.671898
vt 0.672202 0.653076
vt 0.692383 0.678292
vt 0.709365 0.674742
vt 0.721468 0.669955
vt 0.721436 0.660888
vt 0.725886 0.653076
vt 0.702574 0.671261
vt 0.717041 0.646362
vt 0.710308 0.663608
vt 0.713019 0.653076
vt 0.707923 0.638587
vt 0.695185 0.628527
vt 0.710308 0.642649
vt 0.717957 0.642649
vt 0.702574 0.634891
vt 0.712891 0.658692
vt 0.692383 0.674160
vt 0.677928 0.632630
vt 0.692383 0.631993
vt 0.079407 0.691406
vt 0.085076 0.678936
vt 0.086926 0.684736
vt 0.073996 0.673096
vt 0.064941 0.677002
vt 0.068368 0.671943
vt 0.085077 0.678936
vt 0.081257 0.673180
vt 0.072205 0.684326
vt 0.068420 0.680420
vt 0.074521 0.672406
vt 0.068818 0.664678
vt 0.068818 0.664678
vt 0.081277 0.673155
vt 0.060767 0.664681
vt 0.154297 0.664795
vt 0.068368 0.657403
vt 0.154297 0.664795
vt 0.074521 0.656939
vt 0.121826 0.697266
vt 0.081257 0.656166
vt 0.119399 0.699584
vt 0.154406 0.750311
vt 0.154406 0.750311
vt 0.154351 0.757789
vt 0.189281 0.699584
vt 0.186890 0.697266
vt 0.222605 0.681084
vt 0.223582 0.678936
vt 0.227439 0.673155
vt 0.227439 0.673155
vt 0.229248 0.691406
vt 0.232666 0.687988
vt 0.240234 0.680420
vt 0.234136 0.672407
vt 0.243774 0.677002
vt 0.240287 0.671943
vt 0.234661 0.673097
vt 0.239819 0.664678
vt 0.239819 0.664912
vt 0.247902 0.664681
vt 0.240287 0.657403
vt 0.234661 0.656249
vt 0.234136 0.656939
vt 0.227459 0.656166
vt 0.243774 0.652588
vt 0.240234 0.648926
vt 0.236450 0.645264
vt 0.232666 0.641357
vt 0.222605 0.648262
vt 0.229248 0.637939
vt 0.186890 0.632080
vt 0.189281 0.629907
vt 0.223582 0.650410
vt 0.227459 0.656166
vt 0.236450 0.645264
vt 0.154406 0.579201
vt 0.154351 0.571499
vt 0.154188 0.579201
vt 0.121826 0.632080
vt 0.119399 0.629907
vt 0.086052 0.648262
vt 0.081277 0.656190
vt 0.085450 0.650781
vt 0.079407 0.637939
vt 0.075989 0.641357
vt 0.075989 0.641357
vt 0.072205 0.645264
vt 0.068420 0.648926
vt 0.064941 0.652588
vt 0.073996 0.656249
vt 0.072205 0.684326
vt 0.081257 0.673180
vt 0.085076 0.678936
vt 0.073996 0.673097
vt 0.079407 0.691406
vt 0.086052 0.681085
vt 0.064941 0.677002
vt 0.068368 0.671943
vt 0.075989 0.687988
vt 0.081277 0.673155
vt 0.073996 0.673097
vt 0.068818 0.664678
vt 0.068818 0.664678
vt 0.060767 0.664681
vt 0.154297 0.664795
vt 0.068368 0.657403
vt 0.154297 0.664795
vt 0.074521 0.656939
vt 0.121826 0.697266
vt 0.081277 0.656190
vt 0.119399 0.699584
vt 0.154188 0.750311
vt 0.154406 0.750311
vt 0.154243 0.757790
vt 0.189281 0.699584
vt 0.186890 0.697266
vt 0.223583 0.678936
vt 0.222605 0.681085
vt 0.227459 0.673180
vt 0.227439 0.673155
vt 0.229248 0.691406
vt 0.232666 0.687988
vt 0.236450 0.684326
vt 0.240234 0.680420
vt 0.234136 0.672406
vt 0.243774 0.677002
vt 0.240234 0.680420
vt 0.234136 0.672406
vt 0.240287 0.671943
vt 0.239819 0.664678
vt 0.239819 0.664912
vt 0.247902 0.664795
vt 0.240287 0.657403
vt 0.234661 0.656249
vt 0.234661 0.656249
vt 0.227459 0.656166
vt 0.243774 0.652588
vt 0.236450 0.645264
vt 0.232666 0.641357
vt 0.222605 0.648261
vt 0.229248 0.637939
vt 0.186890 0.632080
vt 0.189281 0.629906
vt 0.223582 0.650410
vt 0.227439 0.656190
vt 0.154188 0.579201
vt 0.154243 0.571499
vt 0.154406 0.579201
vt 0.119399 0.629907
vt 0.086052 0.648261
vt 0.121826 0.632080
vt 0.081257 0.656165
vt 0.085076 0.650410
vt 0.079407 0.637939
vt 0.075989 0.641357
vt 0.068420 0.648926
vt 0.064941 0.652588
vt 0.074521 0.656939
vt 0.068420 0.648926
vt 0.072205 0.645264
vt 0.456299 0.034180
vt 0.456299 0.027832
vt 0.466309 0.037109
vt 0.456299 0.027832
vt 0.446289 0.037109
vt 0.475195 0.037109
vt 0.443115 0.031250
vt 0.437257 0.037109
vt 0.469482 0.031250
vt 0.456299 0.021484
vt 0.438965 0.044434
vt 0.439941 0.025879
vt 0.456299 0.021484
vt 0.431641 0.047607
vt 0.439941 0.025879
vt 0.436279 0.054199
vt 0.427979 0.038086
vt 0.427979 0.038086
vt 0.431641 0.060791
vt 0.436523 0.020508
vt 0.423584 0.054199
vt 0.456299 0.015137
vt 0.422363 0.034668
vt 0.423584 0.054199
vt 0.416992 0.054199
vt 0.422363 0.073730
vt 0.427979 0.070801
vt 0.427979 0.070801
vt 0.436523 0.088379
vt 0.439941 0.082520
vt 0.437257 0.071290
vt 0.438965 0.064453
vt 0.439941 0.082520
vt 0.443115 0.077148
vt 0.446289 0.071777
vt 0.456299 0.086914
vt 0.456299 0.093262
vt 0.456299 0.086914
vt 0.456299 0.080566
vt 0.472656 0.082520
vt 0.456299 0.074219
vt 0.475195 0.071290
vt 0.466309 0.071777
vt 0.456299 0.080566
vt 0.469482 0.077148
vt 0.473633 0.064453
vt 0.472656 0.082520
vt 0.480835 0.060791
vt 0.475830 0.088379
vt 0.484619 0.070801
vt 0.484619 0.070801
vt 0.490234 0.073730
vt 0.489014 0.054199
vt 0.476318 0.054199
vt 0.480835 0.047607
vt 0.489014 0.054199
vt 0.495361 0.054199
vt 0.490234 0.034668
vt 0.484619 0.038086
vt 0.484619 0.038086
vt 0.475830 0.020508
vt 0.472656 0.025879
vt 0.473633 0.044434
vt 0.472656 0.025879
vt 0.456055 0.034180
vt 0.456055 0.028320
vt 0.466309 0.036621
vt 0.456055 0.028320
vt 0.445801 0.036621
vt 0.469238 0.031738
vt 0.443115 0.031738
vt 0.443115 0.031738
vt 0.469238 0.031738
vt 0.456055 0.021973
vt 0.438477 0.044434
vt 0.439941 0.026367
vt 0.456055 0.021973
vt 0.433350 0.041504
vt 0.433350 0.041504
vt 0.439941 0.026367
vt 0.435791 0.054199
vt 0.427979 0.038086
vt 0.427979 0.038086
vt 0.429932 0.054199
vt 0.429932 0.054199
vt 0.437012 0.020996
vt 0.423584 0.054199
vt 0.456055 0.016113
vt 0.422852 0.035156
vt 0.423584 0.054199
vt 0.417725 0.054199
vt 0.422852 0.073730
vt 0.427979 0.070801
vt 0.427979 0.070801
vt 0.437012 0.087891
vt 0.433350 0.067383
vt 0.439941 0.082520
vt 0.433350 0.067383
vt 0.438477 0.064453
vt 0.439941 0.082520
vt 0.443115 0.077148
vt 0.443115 0.077148
vt 0.445801 0.072266
vt 0.456055 0.086914
vt 0.456055 0.092773
vt 0.456055 0.086914
vt 0.456055 0.080566
vt 0.472412 0.082520
vt 0.456055 0.074707
vt 0.469238 0.077148
vt 0.466309 0.072266
vt 0.456055 0.080566
vt 0.469238 0.077148
vt 0.473877 0.064453
vt 0.472412 0.082520
vt 0.479004 0.067383
vt 0.479004 0.067383
vt 0.475342 0.087891
vt 0.484375 0.070801
vt 0.484375 0.070801
vt 0.489502 0.073730
vt 0.482422 0.054199
vt 0.488770 0.054199
vt 0.476562 0.054199
vt 0.482422 0.054199
vt 0.488770 0.054199
vt 0.494629 0.054199
vt 0.489502 0.035156
vt 0.484375 0.038086
vt 0.484375 0.038086
vt 0.475342 0.020996
vt 0.479004 0.041504
vt 0.472412 0.026367
vt 0.479004 0.041504
vt 0.473877 0.044434
vt 0.472412 0.026367
vt 0.456299 0.034180
vt 0.456299 0.027832
vt 0.466309 0.037109
vt 0.456299 0.027832
vt 0.446289 0.037109
vt 0.475195 0.037109
vt 0.443115 0.031250
vt 0.443115 0.031250
vt 0.469482 0.031250
vt 0.456299 0.021484
vt 0.438965 0.044434
vt 0.439941 0.025879
vt 0.456299 0.021484
vt 0.431641 0.047607
vt 0.431641 0.047607
vt 0.439941 0.025879
vt 0.436279 0.054199
vt 0.427979 0.038086
vt 0.427979 0.038086
vt 0.436523 0.020508
vt 0.423584 0.054199
vt 0.456299 0.015137
vt 0.422363 0.034668
vt 0.423584 0.054199
vt 0.416992 0.054199
vt 0.422363 0.073730
vt 0.427979 0.070801
vt 0.427979 0.070801
vt 0.436523 0.088379
vt 0.437256 0.071290
vt 0.439941 0.082520
vt 0.437257 0.071290
vt 0.438965 0.064453
vt 0.439941 0.082520
vt 0.446289 0.071777
vt 0.456299 0.086914
vt 0.456299 0.093262
vt 0.456299 0.086914
vt 0.456299 0.080566
vt 0.472656 0.082520
vt 0.456299 0.074219
vt 0.475195 0.071290
vt 0.466309 0.071777
vt 0.456299 0.080566
vt 0.469482 0.077148
vt 0.473633 0.064453
vt 0.472656 0.082520
vt 0.480835 0.060791
vt 0.475830 0.088379
vt 0.484619 0.070801
vt 0.484619 0.070801
vt 0.490234 0.073730
vt 0.489014 0.054199
vt 0.476318 0.054199
vt 0.480835 0.047607
vt 0.489014 0.054199
vt 0.495361 0.054199
vt 0.490234 0.034668
vt 0.484619 0.038086
vt 0.484619 0.038086
vt 0.475830 0.020508
vt 0.472656 0.025879
vt 0.473633 0.044434
vt 0.472656 0.025879
vt 0.456299 0.034180
vt 0.456299 0.027832
vt 0.466309 0.037109
vt 0.456299 0.027832
vt 0.446289 0.037109
vt 0.475194 0.037109
vt 0.443115 0.031250
vt 0.437256 0.037109
vt 0.475195 0.037109
vt 0.456299 0.021484
vt 0.438965 0.044434
vt 0.439941 0.025879
vt 0.456299 0.021484
vt 0.431641 0.047607
vt 0.439941 0.025879
vt 0.436279 0.054199
vt 0.427979 0.038086
vt 0.427979 0.038086
vt 0.431641 0.060792
vt 0.436523 0.020508
vt 0.423584 0.054199
vt 0.456299 0.015137
vt 0.422363 0.034668
vt 0.423584 0.054199
vt 0.416992 0.054199
vt 0.422363 0.073730
vt 0.427979 0.070801
vt 0.427979 0.070801
vt 0.436523 0.088379
vt 0.439941 0.082520
vt 0.437257 0.071290
vt 0.438965 0.064453
vt 0.439941 0.082520
vt 0.443115 0.077148
vt 0.446289 0.071777
vt 0.456299 0.086914
vt 0.456299 0.093262
vt 0.456299 0.086914
vt 0.456299 0.080566
vt 0.472656 0.082520
vt 0.456299 0.074219
vt 0.469482 0.077148
vt 0.466309 0.071777
vt 0.456299 0.080566
vt 0.469482 0.077148
vt 0.473633 0.064453
vt 0.472656 0.082520
vt 0.480835 0.060791
vt 0.480835 0.060791
vt 0.475830 0.088379
vt 0.484619 0.070801
vt 0.484619 0.070801
vt 0.490234 0.073730
vt 0.489014 0.054199
vt 0.476318 0.054199
vt 0.489014 0.054199
vt 0.495361 0.054199
vt 0.490234 0.034668
vt 0.484619 0.038086
vt 0.484619 0.038086
vt 0.475830 0.020508
vt 0.472656 0.025879
vt 0.473633 0.044434
vt 0.472656 0.025879
vn 0.7143 -0.6276 -0.3095
vn -0.5468 -0.7610 -0.3491
vn 0.3922 -0.4975 -0.7738
vn -0.3036 -0.9210 0.2440
vn 0.7251 -0.6157 0.3083
vn 0.4583 -0.4262 0.7799
vn -0.5915 0.0453 0.8050
vn -0.0898 0.6335 0.7685
vn 0.1724 -0.1389 0.9752
vn -0.2534 -0.6248 0.7386
vn -0.1916 -0.1562 0.9690
vn 0.2232 -0.3233 0.9196
vn 0.3453 -0.1503 0.9264
vn -0.2150 -0.4300 0.8769
vn -0.3769 -0.2791 0.8832
vn -0.6022 0.2725 0.7504
vn 0.6936 0.2230 0.6850
vn 0.6751 0.4872 0.5539
vn 0.6907 0.6990 0.1854
vn -0.6013 0.7913 0.1103
vn 0.6654 0.7315 -0.1493
vn -0.2038 0.5564 -0.8055
vn -0.6565 -0.1802 -0.7325
vn -0.3211 -0.4398 -0.8387
vn 0.3283 -0.7537 -0.5693
vn 0.6439 -0.3773 0.6656
vn 0.6602 -0.2412 -0.7113
vn 0.3813 0.4165 0.8253
vn 0.5749 0.4839 -0.6598
vn -0.6810 0.6989 -0.2187
vn -0.6490 0.5075 0.5668
vn -0.2056 -0.3230 0.9238
vn -0.5840 -0.3419 0.7362
vn -0.2410 -0.3341 -0.9112
vn 0.6742 0.2979 -0.6758
vn -0.5964 0.3426 -0.7259
vn 0.5871 0.6502 -0.4823
vn -0.6376 -0.0359 -0.7695
vn 0.6866 -0.0630 -0.7243
vn -0.6135 -0.4094 -0.6753
vn 0.6406 -0.4702 -0.6071
vn -0.4249 -0.5950 -0.6823
vn 0.3263 -0.4708 -0.8197
vn 0.7072 -0.6520 -0.2734
vn 0.7182 -0.6793 -0.1508
vn 0.9244 -0.3706 -0.0900
vn 0.4233 -0.7886 0.4460
vn 0.6045 -0.7965 0.0078
vn -0.7003 -0.7114 -0.0594
vn -0.3868 -0.7854 0.4833
vn -0.8141 -0.5644 0.1370
vn 0.7720 -0.6262 0.1093
vn 0.8456 -0.4933 -0.2040
vn 0.7462 -0.5440 0.3837
vn -0.7794 -0.4974 0.3811
vn 0.5167 -0.8371 0.1798
vn -0.5825 -0.8128 0.0131
vn 0.6266 -0.5725 -0.5288
vn -0.6631 0.7268 -0.1792
vn 0.6921 0.6860 -0.2244
vn 0.6613 0.3826 -0.6452
vn 0.6431 0.7468 0.1694
vn -0.6849 0.7134 0.1481
vn 0.1271 0.9793 -0.1574
vn 0.2772 0.6316 0.7241
vn 0.6724 0.7112 0.2051
vn -0.7297 -0.0890 0.6780
vn -0.8108 0.1486 0.5661
vn 0.7511 -0.1426 0.6446
vn 0.7094 -0.1610 0.6862
vn -0.6938 0.2197 0.6858
vn 0.5002 0.2560 0.8272
vn -0.5288 0.7866 0.3189
vn -0.6383 0.5979 -0.4849
vn -0.3838 0.9171 -0.1077
vn -0.9274 -0.3641 -0.0860
vn -0.3684 0.5657 0.7378
vn 0.6804 -0.2245 -0.6976
vn -0.4972 -0.3570 -0.7908
vn 0.4469 0.4572 -0.7689
vn 0.4142 -0.7980 -0.4377
vn -0.4321 -0.8357 -0.3390
vn 0.6924 -0.7169 0.0817
vn 0.8387 -0.5019 -0.2112
vn -0.8045 -0.5841 -0.1073
vn 0.7338 -0.6750 0.0775
vn 0.7930 -0.3303 -0.5118
vn 0.8139 0.0058 -0.5809
vn -0.7992 -0.1459 -0.5830
vn 0.7757 0.3297 -0.5381
vn 0.4516 0.5588 -0.6955
vn -0.4068 0.5595 -0.7222
vn -0.1615 0.5790 -0.7992
vn 0.1202 0.5919 -0.7970
vn -0.3124 0.4951 -0.8108
vn 0.7411 0.3649 -0.5636
vn -0.1968 0.1511 -0.9687
vn 0.4819 -0.0342 -0.8756
vn -0.1622 0.0017 -0.9867
vn -0.4293 -0.0265 -0.9028
vn -0.6398 0.3647 -0.6765
vn -0.7362 -0.6751 0.0481
vn -0.7859 -0.6170 0.0404
vn -0.7541 -0.4058 -0.5164
vn -0.7746 0.2426 -0.5841
vn -0.0318 0.5060 -0.8620
vn 0.1508 0.0396 -0.9878
vn -0.0511 0.2615 -0.9638
vn 0.5430 -0.4140 -0.7306
vn -0.7736 -0.4560 -0.4400
vn 0.7585 -0.3513 -0.5489
vn -0.6900 -0.2980 -0.6596
vn -0.7978 -0.5637 -0.2139
vn -0.5592 -0.4001 -0.7261
vn 0.5569 0.1375 -0.8191
vn -0.6784 0.4792 -0.5569
vn -0.6388 0.6569 0.4006
vn -0.7465 -0.6389 -0.1860
vn -0.7877 -0.5373 -0.3015
vn -0.7063 0.7068 0.0396
vn 0.6495 0.7592 0.0428
vn -0.7603 0.6409 0.1060
vn 0.7446 0.6344 0.2077
vn -0.7471 0.5108 0.4254
vn 0.8148 0.3715 0.4451
vn 0.8064 0.1515 0.5716
vn 0.7319 0.6572 0.1799
vn 0.8367 0.0404 -0.5461
vn 0.9599 -0.0189 0.2799
vn 0.9510 0.2225 -0.2147
vn 0.9162 -0.0478 0.3978
vn -0.5420 -0.0007 -0.8403
vn 0.5966 -0.1042 -0.7957
vn -0.6132 0.0792 -0.7859
vn -0.9277 0.1367 -0.3474
vn -0.7157 0.4024 -0.5708
vn 0.7859 0.2948 -0.5436
vn -0.8498 0.1551 -0.5038
vn -0.6806 0.1026 -0.7255
vn -0.3850 0.6278 -0.6765
vn -0.1784 0.7759 -0.6052
vn 0.5535 0.0585 -0.8308
vn 0.8910 0.2061 -0.4046
vn 0.9274 0.0757 -0.3663
vn 0.7814 -0.0558 -0.6215
vn 0.5956 0.4943 -0.6332
vn 0.3973 0.5572 -0.7292
vn -0.8402 0.0469 -0.5403
vn -0.9401 -0.0324 0.3395
vn -0.8500 0.2948 -0.4365
vn -0.9410 0.2506 -0.2276
vn -0.9238 -0.0262 0.3821
vn 0.4093 -0.0952 0.9074
vn -0.2541 -0.4432 -0.8597
vn -0.1998 -0.4750 0.8570
vn 0.5172 -0.1750 -0.8378
vn -0.4868 -0.1571 -0.8593
vn -0.6250 0.1385 0.7683
vn 0.5162 0.2889 0.8063
vn 0.5927 0.3479 -0.7264
vn -0.5492 0.3073 -0.7771
vn 0.3319 0.5436 0.7710
vn -0.3483 0.6200 0.7030
vn 0.3225 0.6194 -0.7158
vn -0.3253 0.6140 -0.7191
vn -0.0018 0.7635 0.6458
vn 0.0845 0.6968 -0.7122
vn 0.8720 0.4896 -0.0046
vn -0.4712 0.7174 -0.5131
vn 0.8437 0.2401 -0.4801
vn -0.0494 0.9983 -0.0312
vn -0.5915 0.7074 0.3870
vn 0.8494 0.2387 0.4706
vn 0.9517 -0.2952 -0.0845
vn 0.6507 -0.6023 -0.4624
vn -0.0277 0.2975 0.9543
vn 0.1993 -0.9795 -0.0306
vn -0.1536 0.4056 -0.9011
vn 0.2588 0.1963 0.9458
vn -0.6870 -0.7264 0.0213
vn 0.1053 0.1798 -0.9781
vn -0.6985 -0.5609 0.4445
vn -0.9969 0.0759 0.0194
vn -0.8731 0.1663 -0.4583
vn -0.9112 0.0571 0.4080
vn 0.5716 0.6713 -0.4719
vn 0.4584 0.7586 0.4630
vn 0.5318 0.2181 -0.8183
vn 0.2215 0.9751 -0.0099
vn 0.9448 0.3223 -0.0583
vn 0.4697 0.3607 0.8058
vn 0.9590 0.2829 -0.0149
vn -0.5553 0.8316 -0.0134
vn -0.6068 0.1666 0.7772
vn -0.4565 0.2553 -0.8523
vn -0.9672 0.2542 0.0002
vn -0.9596 0.2814 -0.0094
vn 0.0024 0.9590 0.2834
vn -0.7707 0.5975 0.2214
vn -0.8186 0.5238 -0.2356
vn -0.0003 0.9324 -0.3615
vn 0.8190 0.5228 -0.2364
vn 0.7707 0.5980 0.2199
vn -0.0000 0.7532 -0.6578
vn 0.9941 0.0458 0.0980
vn 0.8479 0.3509 -0.3973
vn 0.9994 0.0342 0.0031
vn 0.8031 -0.4737 0.3615
vn 0.7679 -0.5730 0.2864
vn 0.8444 -0.2686 0.4635
vn -0.0000 -0.7902 0.6129
vn -0.0000 -0.5900 0.8074
vn 0.8569 -0.1617 0.4894
vn -0.0000 -0.3251 0.9457
vn -0.8039 -0.4707 0.3635
vn -0.8375 -0.2862 0.4655
vn -0.0000 -0.9360 0.3519
vn -0.7371 -0.6085 0.2941
vn 0.7062 -0.7022 0.0909
vn -0.7048 -0.7032 0.0934
vn 0.9773 0.0112 0.2114
vn -0.0013 -0.9970 0.0779
vn 0.6792 -0.7321 -0.0521
vn 0.6723 0.6400 0.3720
vn 0.0502 -0.9646 -0.2590
vn 0.0010 0.8518 0.5239
vn -0.6646 -0.7469 -0.0211
vn -0.8279 -0.2709 0.4912
vn 0.6350 0.5390 0.5533
vn 0.8289 -0.5205 0.2049
vn 0.2597 0.3403 0.9038
vn -0.1515 -0.8170 0.5564
vn -0.3259 0.6611 0.6758
vn -0.9676 0.0197 0.2517
vn -0.6720 0.6427 0.3680
vn -0.9910 0.0569 0.1208
vn -0.9995 0.0325 0.0009
vn -0.8479 0.3509 -0.3974
vn -0.0000 0.4325 -0.9016
vn -0.8682 0.1780 -0.4633
vn -0.8579 -0.1569 0.4892
vn -0.9999 0.0063 -0.0132
vn 0.8676 0.1763 -0.4650
vn -0.0000 -0.0000 -1.0000
vn 0.9997 -0.0114 -0.0232
vn 0.9165 -0.0051 -0.4000
vn -0.9133 -0.0433 -0.4050
vn 0.9063 -0.0223 0.4220
vn 0.9997 -0.0197 -0.0116
vn -0.9102 0.0115 0.4140
vn -0.9998 -0.0135 -0.0154
vn -0.8684 -0.1850 -0.4601
vn -0.8585 0.1323 0.4954
vn -0.0000 -0.0000 1.0000
vn 0.8574 0.1490 0.4926
vn -0.0000 0.3251 0.9457
vn -0.8459 0.3024 0.4392
vn 0.8459 0.3024 0.4392
vn -0.0000 0.5900 0.8074
vn 0.8663 -0.1673 -0.4706
vn 0.9996 -0.0174 0.0244
vn -0.0000 -0.4325 -0.9016
vn 0.8483 -0.3579 -0.3902
vn -0.8363 -0.3570 -0.4162
vn -0.0000 -0.7534 -0.6575
vn -0.9996 -0.0174 0.0244
vn -0.8102 -0.5322 -0.2457
vn 0.8102 -0.5322 -0.2457
vn -0.0000 -0.9401 -0.3408
vn -0.8067 0.4582 0.3732
vn -0.9939 -0.0445 0.1012
vn -0.7659 -0.6423 -0.0295
vn -0.0000 0.7902 0.6129
vn -0.7355 0.6099 0.2950
vn 0.8067 0.4582 0.3732
vn -0.0000 0.9360 0.3519
vn 0.9941 -0.0443 0.0990
vn 0.7354 0.6100 0.2949
vn 0.7658 -0.6413 -0.0490
vn -0.0000 -0.9999 0.0131
vn 0.7333 -0.6490 0.2029
vn 0.7158 0.6903 0.1057
vn 0.9761 -0.0130 0.2171
vn -0.0000 -0.9561 0.2932
vn -0.7333 -0.6490 0.2029
vn 0.6720 -0.6404 0.3719
vn -0.6732 -0.6387 0.3725
vn 0.0010 -0.8520 0.5235
vn -0.9723 -0.0308 0.2317
vn -0.7034 0.7046 0.0934
vn -0.0000 0.9966 0.0829
vn -0.6590 0.7510 -0.0422
vn 0.6604 0.7487 -0.0574
vn 0.0010 0.9821 -0.1886
vn 0.8251 0.2277 0.5170
vn -0.8676 0.3089 0.3897
vn -0.2099 0.9480 -0.2392
vn 0.6103 -0.5587 0.5616
vn 0.1264 0.8136 0.5675
vn -0.2176 -0.2714 0.9375
vn -0.2625 -0.6475 0.7155
vn -0.0000 1.0000 -0.0000
vn -0.1669 0.7574 0.6312
vn 0.0442 0.7562 0.6528
vn 0.1256 -0.3513 0.9278
vn -0.0000 -1.0000 -0.0000
vn 0.0208 0.0285 0.9994
vn 0.0831 0.8673 -0.4907
vn -0.1791 0.6180 0.7656
vn 0.0784 -0.1019 0.9917
vn -0.0969 -0.2640 -0.9596
vn 0.5809 0.8139 -0.0061
vn -0.5963 0.7990 0.0783
vn -0.0508 0.7005 0.7118
vn 0.0793 0.9968 -0.0000
vn 1.0000 0.0048 -0.0051
vn 0.0899 -0.0026 -0.9959
vn -1.0000 -0.0048 0.0053
vn -0.0567 -0.1902 -0.9801
vn -0.3631 0.6325 0.6842
vn 0.2164 0.5885 -0.7790
vn -0.6268 0.0854 0.7745
vn 0.5412 0.5554 0.6314
vn 0.5789 -0.0400 0.8144
vn -0.0713 -0.0000 0.9975
vn -0.3696 -0.6340 0.6793
vn 0.5385 -0.5599 0.6297
vn -0.0585 -0.8520 0.5203
vn -0.0380 -0.8467 0.5306
vn -0.0686 -0.7605 0.6457
vn 0.3210 -0.4968 0.8063
vn -0.2836 -0.5300 0.7992
vn 0.0091 -0.9998 0.0186
vn -0.2605 -0.6501 -0.7138
vn 0.2297 0.0567 0.9716
vn 0.0807 0.0158 0.9966
vn -0.0000 0.9996 -0.0299
vn -0.0868 0.2136 0.9731
vn 0.5881 -0.8081 -0.0337
vn -0.5890 -0.8059 0.0602
vn -0.0793 -0.9968 -0.0000
vn 0.0218 -0.0208 -0.9995
vn -0.0826 0.2942 -0.9522
vn 0.1144 0.2842 -0.9519
vn -0.2792 -0.6716 -0.6863
vn -0.0540 -0.8063 -0.5891
vn -0.1324 -0.7853 -0.6048
vn 0.5386 -0.5588 -0.6306
vn -0.3636 -0.6343 -0.6823
vn -0.5922 -0.0458 -0.8045
vn -0.0416 0.0696 -0.9967
vn 0.5814 0.0122 -0.8135
vn -0.5408 0.5550 -0.6321
vn 0.3608 0.6331 -0.6848
vn 0.0104 0.7932 -0.6088
vn -0.3204 0.4902 -0.8106
vn 0.0239 0.7797 0.6257
vn 0.5345 0.6831 0.4976
vn 0.7909 0.2550 0.5562
vn 0.7433 -0.1839 0.6432
vn -0.3634 -0.1507 0.9193
vn 0.4972 -0.1067 0.8611
vn -0.8195 -0.0602 0.5699
vn -0.7650 0.3471 0.5425
vn -0.4735 0.7243 0.5012
vn 0.4945 0.6312 -0.5975
vn -0.6728 0.3542 -0.6495
vn -0.4212 0.6804 -0.5996
vn -0.1772 0.7920 -0.5842
vn -0.7467 -0.1719 -0.6426
vn 0.6886 0.3817 -0.6166
vn 0.7335 -0.1814 -0.6550
vn -0.3042 -0.1085 -0.9464
vn 0.5001 -0.1168 -0.8580
vn 0.9120 -0.4095 0.0244
vn -0.2981 -0.4258 -0.8543
vn 0.9015 -0.3235 -0.2875
vn -0.2522 -0.7582 -0.6012
vn 0.5625 -0.8263 0.0283
vn 0.0792 -0.7911 0.6065
vn 0.9024 -0.4306 0.0151
vn 0.1865 -0.7745 -0.6044
vn 0.2428 -0.5372 0.8078
vn -0.8239 -0.5393 -0.1740
vn 0.9861 -0.0224 -0.1647
vn -0.6113 -0.7903 0.0418
vn -0.9716 -0.0423 -0.2327
vn -0.9253 -0.2802 0.2555
vn -0.3350 -0.7684 0.5453
vn 0.7492 -0.6437 0.1560
vn -0.3020 -0.9500 0.0789
vn -0.2547 0.3798 -0.8893
vn -1.0000 -0.0052 -0.0026
vn -0.1710 0.8773 -0.4484
vn -0.3675 0.9296 0.0274
vn -0.1337 0.7321 0.6679
vn -0.9914 -0.0326 0.1268
vn 0.4798 0.7633 0.4327
vn 0.9482 -0.2916 -0.1259
vn 0.3367 0.5520 0.7628
vn 0.1996 0.9586 -0.2032
vn 0.1084 0.1111 -0.9879
vn -0.8397 -0.5323 0.1077
vn 0.1780 -0.2499 0.9518
vn 0.0091 0.9998 0.0186
vn -0.1506 0.7771 0.6111
vn -0.0202 0.8642 0.5028
vn 0.1595 -0.0875 0.9833
vn 0.0207 0.0284 0.9994
vn -0.0153 0.7605 0.6492
vn -0.0047 0.3345 0.9424
vn 0.2128 0.5865 -0.7815
vn -0.4412 -0.1812 -0.8789
vn 0.0349 -0.0396 0.9986
vn 0.5907 0.8059 0.0409
vn 0.2017 0.4114 0.8889
vn 0.0466 0.9969 0.0641
vn 1.0000 0.0048 0.0053
vn 0.0768 0.0148 -0.9969
vn -1.0000 -0.0048 -0.0051
vn -0.0566 -0.1902 -0.9801
vn -0.5385 0.5601 0.6296
vn 0.3637 0.6361 0.6805
vn -0.5862 0.0571 0.8081
vn 0.5873 -0.0000 0.8094
vn -0.0908 -0.0000 0.9959
vn 0.3490 -0.6457 0.6792
vn -0.5422 -0.5538 0.6319
vn -0.0979 -0.8308 0.5478
vn -0.0517 -0.8239 0.5644
vn 0.0354 -0.8215 0.5691
vn -0.2970 -0.5565 0.7759
vn -0.0873 -0.8659 -0.4926
vn -0.2624 0.0490 -0.9637
vn -0.0772 0.2879 0.9546
vn 0.0382 -0.0152 0.9992
vn 0.1486 0.3734 0.9157
vn 0.5870 -0.8078 -0.0539
vn -0.6203 -0.7768 0.1088
vn -0.0793 -0.9969 -0.0000
vn -0.0249 -0.0260 -0.9994
vn 0.1278 0.2908 -0.9482
vn -0.2228 -0.6844 -0.6942
vn -0.0099 -0.8007 -0.5989
vn 0.5408 -0.5550 -0.6321
vn -0.3945 -0.6332 -0.6659
vn -0.0957 -0.3817 -0.9193
vn -0.5905 -0.0421 -0.8060
vn -0.5418 0.5533 -0.6326
vn 0.3962 0.6490 -0.6495
vn 0.0042 0.7955 -0.6060
vn 0.0443 0.7930 -0.6076
vn 0.1236 0.5516 -0.8249
vn -0.1662 0.6562 0.7361
vn 0.0823 0.7784 0.6223
vn 0.2768 -0.0476 0.9597
vn 0.0118 0.7749 0.6320
vn -0.0000 -0.9996 -0.0299
vn 0.0401 0.0434 0.9983
vn 0.1491 0.7867 -0.5991
vn -0.1778 0.7029 0.6888
vn -0.0854 -0.2283 0.9698
vn 0.5808 0.8139 0.0163
vn -0.5963 0.7991 0.0767
vn 0.0792 0.9969 -0.0000
vn 0.0699 -0.0165 -0.9974
vn -1.0000 -0.0048 -0.0054
vn -0.0700 -0.1850 -0.9802
vn -0.5370 0.5614 0.6296
vn 0.3602 0.6363 0.6821
vn -0.5930 0.0643 0.8026
vn 0.5804 0.0044 0.8143
vn -0.0811 -0.0000 0.9967
vn -0.3701 -0.6323 0.6806
vn 0.5386 -0.5599 0.6297
vn -0.0499 -0.8373 0.5444
vn -0.1074 -0.7748 0.6231
vn 0.2302 -0.6865 0.6897
vn -0.2962 -0.5328 0.7927
vn -0.1411 -0.8602 -0.4901
vn 0.2299 -0.4244 -0.8758
vn 0.2480 0.0480 -0.9676
vn 0.0953 -0.0277 0.9951
vn -0.0000 0.9996 0.0299
vn -0.1397 0.1189 -0.9830
vn 0.0469 0.0292 0.9985
vn 0.0799 0.0450 0.9958
vn -0.5906 -0.8059 0.0409
vn -0.0466 -0.9968 -0.0642
vn -0.0453 -0.0402 -0.9982
vn -0.1014 -0.8135 -0.5726
vn -0.0099 -0.8008 -0.5989
vn -0.3950 -0.6337 -0.6652
vn -0.5997 -0.0537 -0.7984
vn -0.0329 0.0689 -0.9971
vn 0.5789 0.0400 -0.8144
vn -0.3721 0.6720 -0.6403
vn -0.0028 0.7984 -0.6022
vn 0.5392 0.5579 -0.6309
vn -0.3358 0.5200 -0.7853
vn -0.1300 -0.2903 -0.9481
vn -0.7354 -0.0004 0.6777
vn 0.0525 0.3897 0.9194
vn 0.7276 -0.0000 0.6860
vn 0.0513 -0.3897 0.9195
vn -0.9400 0.2682 0.2108
vn 0.8539 -0.3063 0.4209
vn -0.8748 -0.3760 0.3055
vn 0.8537 0.3060 0.4214
vn -0.9410 -0.0041 -0.3385
vn 0.0322 -0.8377 0.5452
vn -0.8522 0.2216 -0.4740
vn 0.9409 -0.0000 -0.3388
vn 0.9360 -0.3508 0.0292
vn 0.8523 0.2213 -0.4739
vn -0.8526 0.4276 -0.3004
vn 0.8560 0.4626 -0.2307
vn -0.9193 -0.3936 -0.0026
vn -0.0000 0.5751 -0.8181
vn 0.7580 0.6449 0.0978
vn -0.0000 0.9071 -0.4210
vn -0.7304 0.6831 0.0002
vn -0.0000 0.9071 0.4210
vn -0.8520 0.4290 0.3001
vn 0.8526 0.4276 0.3005
vn -0.0000 0.5751 0.8181
vn -0.8520 0.2206 0.4748
vn 0.8842 -0.3871 -0.2614
vn 0.0632 -0.8476 -0.5269
vn 0.8508 0.2194 0.4775
vn -0.8536 -0.3058 -0.4216
vn -0.0500 -0.3898 -0.9196
vn -0.9409 -0.0000 0.3388
vn 0.9410 -0.0000 0.3385
vn 0.7362 -0.0319 -0.6760
vn 0.8522 -0.2217 0.4740
vn 0.9223 0.2382 -0.3044
vn -0.0513 0.3897 -0.9195
vn -0.7276 -0.0000 -0.6860
vn -0.8537 0.3060 -0.4213
vn 0.0003 0.8346 -0.5508
vn -0.8520 -0.2207 0.4748
vn -0.8974 0.3917 -0.2033
vn -0.0000 -0.5751 0.8181
vn -0.8520 -0.4290 0.3000
vn 0.8174 -0.4487 0.3613
vn -0.0000 -0.9071 0.4210
vn -0.7304 -0.6831 0.0003
vn 0.8991 0.4377 0.0012
vn 0.7304 -0.6831 -0.0002
vn -0.0000 -0.9071 -0.4210
vn 0.8520 -0.4290 -0.3001
vn -0.8526 -0.4276 -0.3004
vn -0.0000 -0.5751 -0.8181
vn 0.8520 -0.2207 -0.4748
vn -0.0003 0.8346 0.5508
vn -0.8071 -0.3690 -0.4609
vn -0.7629 -0.0000 0.6465
vn -0.0000 0.4210 0.9071
vn 0.7629 -0.0000 0.6465
vn -0.0000 -0.4210 0.9071
vn -0.8704 0.2831 0.4028
vn 0.8704 -0.2831 0.4028
vn -0.8704 -0.2831 0.4028
vn 0.8704 0.2831 0.4028
vn -0.9475 -0.0000 -0.3197
vn -0.0000 -0.8181 0.5751
vn -0.8704 0.2073 -0.4466
vn 0.9475 -0.0000 -0.3197
vn -0.8704 -0.4466 0.2073
vn 0.8704 -0.4466 0.2073
vn 0.8704 0.2073 -0.4466
vn -0.8704 0.4028 -0.2831
vn 0.8704 0.4028 -0.2831
vn -0.9475 -0.3197 -0.0000
vn 0.9475 -0.3197 -0.0000
vn 0.7629 0.6465 -0.0000
vn -0.7629 0.6465 -0.0000
vn -0.8704 0.4028 0.2832
vn 0.8704 0.4028 0.2831
vn -0.8704 -0.4466 -0.2073
vn -0.8704 0.2073 0.4466
vn 0.8704 -0.4466 -0.2073
vn -0.0000 -0.8181 -0.5751
vn 0.8704 0.2073 0.4466
vn -0.8704 -0.2832 -0.4028
vn 0.8704 -0.2831 -0.4028
vn -0.0000 -0.4210 -0.9071
vn -0.9475 -0.0000 0.3197
vn 0.9475 -0.0000 0.3197
vn 0.7629 -0.0000 -0.6465
vn 0.8704 -0.2073 0.4466
vn 0.8704 0.2831 -0.4028
vn -0.0000 0.4210 -0.9071
vn -0.7629 -0.0000 -0.6465
vn -0.8704 0.2831 -0.4028
vn -0.0000 0.8181 -0.5751
vn -0.8704 -0.2073 0.4466
vn -0.8704 0.4466 -0.2073
vn 0.8704 0.4466 -0.2073
vn -0.8704 -0.4028 0.2831
vn 0.8704 -0.4028 0.2831
vn -0.9475 0.3197 -0.0000
vn -0.7629 -0.6465 -0.0000
vn 0.9475 0.3197 -0.0000
vn 0.7629 -0.6465 -0.0000
vn 0.8704 -0.4028 -0.2831
vn -0.8704 -0.4028 -0.2832
vn 0.8704 0.4466 0.2073
vn 0.8704 -0.2073 -0.4466
vn -0.8704 0.4466 0.2073
vn -0.0000 0.8181 0.5751
vn -0.8704 -0.2073 -0.4466
vn -0.7315 0.0086 0.6818
vn -0.9400 0.2683 0.2108
vn 0.8538 -0.3063 0.4209
vn -0.8537 -0.3060 0.4214
vn -0.9409 -0.0045 -0.3386
vn -0.0000 -0.7801 0.6257
vn -0.8520 0.2207 -0.4748
vn -0.8927 -0.4015 0.2048
vn 0.9360 -0.3507 0.0292
vn -0.0000 -0.9935 -0.1141
vn -0.8520 0.4290 -0.3000
vn 0.7580 0.6449 0.0979
vn -0.7304 0.6831 -0.0003
vn -0.8526 0.4276 0.3004
vn 0.8529 0.4277 0.2994
vn -0.9069 -0.3645 -0.2115
vn -0.8522 0.2216 0.4740
vn -0.0000 -0.8827 -0.4699
vn 0.8522 0.2216 0.4740
vn -0.0000 -0.3606 -0.9327
vn -0.9409 0.0003 0.3386
vn 0.7354 0.0004 -0.6777
vn 0.8522 -0.2216 0.4740
vn 0.8765 0.3818 -0.2932
vn -0.7315 -0.0103 -0.6818
vn 0.0002 0.8346 -0.5508
vn 0.7580 -0.6449 0.0978
vn -0.8522 -0.2217 -0.4739
vn 0.0001 0.3606 0.9327
vn 0.7315 0.0103 0.6818
vn 0.9090 0.2548 0.3300
vn -0.0003 -0.8346 0.5508
vn 0.9409 -0.0004 -0.3386
vn -0.9193 -0.3936 -0.0027
vn -0.7303 0.6831 0.0002
vn 0.9409 0.0003 0.3386
vn 0.7315 -0.0086 -0.6818
vn 0.8520 -0.2206 0.4748
vn 0.8537 0.3060 -0.4213
vn -0.0000 0.7801 -0.6257
vn -0.8520 -0.2206 0.4748
vn -0.9002 0.3859 -0.2018
vn 0.8927 0.4015 -0.2048
vn 0.8560 -0.4626 0.2307
vn 0.0001 0.9935 0.1141
vn 0.7580 -0.6449 -0.0978
vn 0.8526 -0.4276 -0.3005
vn -0.8526 -0.4276 -0.3005
vn 0.8522 -0.2216 -0.4740
vn -0.0306 0.8849 0.4648
o keychain
usemtl material_0
f 1/1/1 2/2/2 3/3/3
f 1/1/1 4/4/4 2/2/2
f 5/5/5 4/4/4 1/1/1
f 5/5/5 6/6/6 4/4/4
f 6/6/6 7/7/7 8/8/8
f 6/6/6 9/9/9 7/7/7
f 7/7/7 9/9/9 10/10/10
f 9/9/9 11/11/11 10/10/10
f 9/9/9 12/12/12 11/11/11
f 13/13/13 14/14/14 12/12/12
f 13/13/13 15/15/15 14/14/14
f 13/13/13 16/16/16 15/15/15
f 17/17/17 16/16/16 13/13/13
f 17/17/17 18/18/18 16/16/16
f 19/19/19 20/20/20 18/18/18
f 19/19/19 21/21/21 20/20/20
f 7/22/7 22/23/22 8/24/8
f 23/25/23 22/23/22 7/22/7
f 7/22/7 10/26/10 23/25/23
f 10/26/10 24/27/24 23/25/23
f 25/28/25 24/27/24 10/26/10
f 25/28/25 10/26/10 26/29/26
f 27/30/27 25/28/25 26/29/26
f 28/31/28 27/30/27 26/29/26
f 28/31/28 29/32/29 27/30/27
f 28/31/28 22/23/22 29/32/29
f 8/24/8 22/23/22 28/31/28
f 20/20/20 21/21/21 30/33/30
f 18/18/18 20/20/20 31/34/31
f 16/16/16 18/18/18 31/34/31
f 12/12/12 32/35/32 11/11/11
f 12/12/12 14/14/14 32/35/32
f 10/10/10 11/11/11 26/36/26
f 26/36/26 11/11/11 28/37/28
f 6/6/6 8/8/8 33/38/33
f 28/37/28 11/11/11 33/38/33
f 28/37/28 33/38/33 8/8/8
f 4/4/4 6/6/6 33/38/33
f 34/39/34 3/3/3 2/2/2
f 35/40/35 36/41/36 37/42/37
f 38/43/38 36/41/36 35/40/35
f 39/44/39 38/43/38 35/40/35
f 38/43/38 39/44/39 40/45/40
f 39/44/39 41/46/41 40/45/40
f 42/47/42 40/45/40 41/46/41
f 43/48/43 42/47/42 41/46/41
f 41/46/41 44/49/44 43/48/43
f 45/50/45 43/48/43 44/49/44
f 46/51/46 43/48/43 45/50/45
f 45/50/45 47/52/47 46/51/46
f 48/53/48 47/52/47 45/50/45
f 47/52/47 48/53/48 49/54/49
f 50/55/50 47/52/47 49/54/49
f 51/56/51 52/57/52 53/58/53
f 51/56/51 54/59/54 52/57/52
f 55/60/55 54/59/54 51/56/51
f 56/61/56 54/59/54 55/60/55
f 57/62/57 56/61/56 55/60/55
f 58/63/58 56/61/56 57/62/57
f 59/64/59 60/65/60 61/66/61
f 62/67/62 60/65/60 59/64/59
f 63/68/63 62/67/62 59/64/59
f 63/68/63 64/69/64 62/67/62
f 65/70/65 62/67/62 64/69/64
f 66/71/66 62/67/62 65/70/65
f 67/72/67 68/73/68 69/74/69
f 70/75/70 67/72/67 69/74/69
f 71/76/71 67/72/67 70/75/70
f 72/77/72 71/76/71 70/75/70
f 73/78/73 71/76/71 72/77/72
f 74/79/74 73/78/73 37/80/37
f 42/81/42 64/82/64 75/83/75
f 75/83/75 76/84/76 42/81/42
f 75/83/75 77/85/77 76/84/76
f 76/84/76 77/85/77 50/86/50
f 50/86/50 77/85/77 65/87/65
f 78/88/78 79/89/79 80/90/80
f 78/88/78 81/91/81 79/89/79
f 81/91/81 82/92/82 79/89/79
f 81/91/81 83/93/83 82/92/82
f 84/94/84 85/95/85 86/96/86
f 84/94/84 87/97/87 85/95/85
f 88/98/88 89/99/89 87/97/87
f 88/98/88 90/100/90 89/99/89
f 91/101/91 92/102/92 90/100/90
f 91/101/91 93/103/93 92/102/92
f 93/103/93 94/104/94 92/102/92
f 95/105/95 93/103/93 91/101/91
f 91/101/91 96/106/96 95/105/95
f 96/106/96 97/107/97 95/105/95
f 97/107/97 98/108/98 99/109/99
f 100/110/100 99/109/99 98/108/98
f 100/110/100 98/108/98 24/111/24
f 98/108/98 23/112/23 24/111/24
f 3/113/3 23/112/23 98/108/98
f 23/112/23 3/113/3 22/114/22
f 21/115/21 80/90/80 30/116/30
f 80/90/80 79/89/79 101/117/101
f 30/116/30 80/90/80 101/117/101
f 82/92/82 83/93/83 102/118/102
f 83/93/83 86/96/86 103/119/103
f 83/93/83 103/119/103 102/118/102
f 86/96/86 85/95/85 103/119/103
f 85/95/85 87/97/87 104/120/104
f 87/97/87 89/99/89 104/120/104
f 89/99/89 90/100/90 105/121/105
f 90/100/90 92/102/92 105/121/105
f 94/104/94 106/122/106 92/102/92
f 107/123/107 100/110/100 108/124/108
f 100/110/100 107/123/107 99/109/99
f 100/110/100 24/111/24 25/125/25
f 25/125/25 27/126/27 100/110/100
f 22/114/22 3/113/3 34/127/34
f 100/110/100 27/126/27 34/127/34
f 22/114/22 34/127/34 29/128/29
f 29/128/29 34/127/34 27/126/27
f 109/129/109 110/130/110 111/131/111
f 109/129/109 112/132/112 110/130/110
f 111/131/111 113/133/113 53/58/53
f 111/131/111 110/130/110 113/133/113
f 113/133/113 51/56/51 53/58/53
f 57/62/57 114/134/114 58/63/58
f 58/63/58 114/134/114 115/135/115
f 115/135/115 116/136/116 61/66/61
f 115/135/115 114/134/114 116/136/116
f 61/66/61 116/136/116 59/64/59
f 63/68/63 75/137/75 64/69/64
f 75/137/75 63/68/63 77/138/77
f 77/138/77 63/68/63 117/139/117
f 66/71/66 77/138/77 117/139/117
f 66/71/66 65/70/65 77/138/77
f 118/140/118 50/55/50 49/54/49
f 76/141/76 50/55/50 118/140/118
f 118/140/118 42/47/42 76/141/76
f 119/142/119 42/47/42 118/140/118
f 42/47/42 119/142/119 40/45/40
f 74/143/74 37/42/37 36/41/36
f 50/86/50 65/87/65 47/144/47
f 47/144/47 65/87/65 46/145/46
f 46/145/46 65/87/65 64/82/64
f 43/146/43 46/145/46 64/82/64
f 64/82/64 42/81/42 43/146/43
f 120/147/120 121/148/121 122/149/122
f 122/149/122 123/150/123 124/151/124
f 121/148/121 123/150/123 122/149/122
f 124/151/124 125/152/125 68/73/68
f 124/151/124 123/150/123 125/152/125
f 68/73/68 125/152/125 126/153/126
f 68/73/68 126/153/126 69/74/69
f 73/78/73 72/77/72 127/154/127
f 37/80/37 73/78/73 127/154/127
f 120/155/120 118/156/118 49/157/49
f 122/158/122 118/156/118 120/155/120
f 118/156/118 122/158/122 119/159/119
f 119/159/119 122/158/122 124/160/124
f 119/159/119 124/160/124 40/161/40
f 68/162/68 40/161/40 124/160/124
f 68/162/68 38/163/38 40/161/40
f 67/164/67 38/163/38 68/162/68
f 36/165/36 38/163/38 67/164/67
f 36/165/36 67/164/67 71/166/71
f 36/165/36 71/166/71 74/167/74
f 73/168/73 74/167/74 71/166/71
f 48/169/48 45/170/45 121/171/121
f 121/171/121 45/170/45 123/172/123
f 44/173/44 123/172/123 45/170/45
f 125/174/125 123/172/123 44/173/44
f 41/175/41 125/174/125 44/173/44
f 125/174/125 41/175/41 126/176/126
f 41/175/41 39/177/39 126/176/126
f 126/176/126 39/177/39 69/178/69
f 69/178/69 39/177/39 35/179/35
f 70/180/70 69/178/69 35/179/35
f 72/181/72 70/180/70 127/182/127
f 37/183/37 70/180/70 35/179/35
f 70/180/70 37/183/37 127/182/127
f 110/184/110 117/185/117 63/186/63
f 112/187/112 117/185/117 110/184/110
f 63/186/63 113/188/113 110/184/110
f 63/186/63 59/189/59 113/188/113
f 113/188/113 59/189/59 51/190/51
f 59/189/59 116/191/116 51/190/51
f 51/190/51 116/191/116 55/192/55
f 114/193/114 55/192/55 116/191/116
f 114/193/114 57/194/57 55/192/55
f 62/195/62 66/196/66 111/197/111
f 111/197/111 66/196/66 109/198/109
f 111/197/111 53/199/53 62/195/62
f 53/199/53 60/200/60 62/195/62
f 52/201/52 60/200/60 53/199/53
f 52/201/52 61/202/61 60/200/60
f 54/203/54 61/202/61 52/201/52
f 61/202/61 54/203/54 115/204/115
f 54/203/54 56/205/56 115/204/115
f 56/205/56 58/206/58 115/204/115
f 1/207/1 3/208/3 98/209/98
f 128/210/128 1/207/1 98/209/98
f 5/211/5 1/207/1 128/210/128
f 129/212/129 5/211/5 128/210/128
f 129/212/129 6/213/6 5/211/5
f 9/214/9 6/213/6 129/212/129
f 98/209/98 97/215/97 128/210/128
f 9/214/9 129/212/129 12/216/12
f 97/215/97 96/217/96 128/210/128
f 96/217/96 129/212/129 128/210/128
f 130/218/130 96/217/96 91/219/91
f 130/218/130 129/212/129 96/217/96
f 131/220/131 129/212/129 130/218/130
f 12/216/12 129/212/129 131/220/131
f 13/221/13 12/216/12 131/220/131
f 130/218/130 91/219/91 90/222/90
f 13/221/13 131/220/131 17/223/17
f 90/222/90 131/220/131 130/218/130
f 88/224/88 131/220/131 90/222/90
f 17/223/17 131/220/131 88/224/88
f 87/225/87 17/223/17 88/224/88
f 18/226/18 17/223/17 87/225/87
f 84/227/84 18/226/18 87/225/87
f 19/228/19 18/226/18 84/227/84
f 86/229/86 19/228/19 84/227/84
f 21/230/21 19/228/19 86/229/86
f 86/229/86 83/231/83 21/230/21
f 81/232/81 78/233/78 83/231/83
f 21/230/21 83/231/83 80/234/80
f 78/233/78 80/234/80 83/231/83
f 93/235/93 132/236/132 94/237/94
f 133/238/133 132/236/132 134/239/134
f 95/240/95 132/236/132 93/235/93
f 135/241/135 132/236/132 95/240/95
f 132/236/132 135/241/135 134/239/134
f 97/242/97 135/241/135 95/240/95
f 135/241/135 136/243/136 134/239/134
f 137/244/137 134/239/134 136/243/136
f 135/241/135 138/245/138 136/243/136
f 138/245/138 135/241/135 97/242/97
f 137/244/137 136/243/136 139/246/139
f 136/243/136 138/245/138 139/246/139
f 99/247/99 138/245/138 97/242/97
f 140/248/140 139/246/139 138/245/138
f 138/245/138 141/249/141 140/248/140
f 99/247/99 141/249/141 138/245/138
f 133/238/133 142/250/142 132/236/132
f 132/236/132 142/250/142 94/237/94
f 106/251/106 94/237/94 142/250/142
f 106/251/106 142/250/142 143/252/143
f 133/238/133 143/252/143 142/250/142
f 106/251/106 143/252/143 108/253/108
f 133/238/133 137/244/137 143/252/143
f 137/244/137 133/238/133 134/239/134
f 137/244/137 144/254/144 143/252/143
f 108/253/108 143/252/143 144/254/144
f 145/255/145 144/254/144 137/244/137
f 145/255/145 137/244/137 139/246/139
f 144/254/144 145/255/145 146/256/146
f 144/254/144 146/256/146 108/253/108
f 108/253/108 146/256/146 107/257/107
f 139/246/139 140/248/140 147/258/147
f 141/249/141 147/258/147 140/248/140
f 139/246/139 147/258/147 145/255/145
f 146/256/146 145/255/145 147/258/147
f 146/256/146 147/258/147 141/249/141
f 99/247/99 107/257/107 146/256/146
f 99/247/99 146/256/146 141/249/141
f 100/259/100 34/260/34 2/261/2
f 100/259/100 2/261/2 148/262/148
f 148/262/148 2/261/2 33/263/33
f 2/261/2 4/264/4 33/263/33
f 148/262/148 108/265/108 100/259/100
f 148/262/148 33/263/33 149/266/149
f 149/266/149 33/263/33 11/267/11
f 148/262/148 106/268/106 108/265/108
f 32/269/32 149/266/149 11/267/11
f 148/262/148 149/266/149 150/270/150
f 150/270/150 106/268/106 148/262/148
f 92/271/92 106/268/106 150/270/150
f 150/270/150 149/266/149 151/272/151
f 92/271/92 150/270/150 151/272/151
f 152/273/152 149/266/149 32/269/32
f 151/272/151 149/266/149 152/273/152
f 152/273/152 32/269/32 14/274/14
f 15/275/15 152/273/152 14/274/14
f 105/276/105 92/271/92 151/272/151
f 16/277/16 152/273/152 15/275/15
f 151/272/151 152/273/152 105/276/105
f 105/276/105 152/273/152 89/278/89
f 89/278/89 152/273/152 16/277/16
f 89/278/89 16/277/16 104/279/104
f 104/279/104 16/277/16 31/280/31
f 104/279/104 31/280/31 85/281/85
f 85/281/85 31/280/31 20/282/20
f 85/281/85 20/282/20 103/283/103
f 103/283/103 20/282/20 30/284/30
f 30/284/30 102/285/102 103/283/103
f 102/285/102 79/286/79 82/287/82
f 101/288/101 102/285/102 30/284/30
f 102/285/102 101/288/101 79/286/79
f 153/289/153 154/290/154 155/291/155
f 156/292/156 154/290/154 153/289/153
f 155/291/155 154/290/154 157/293/157
f 155/291/155 157/293/157 158/294/158
f 159/295/159 156/292/156 153/289/153
f 160/296/160 156/292/156 159/295/159
f 158/294/158 157/293/157 161/297/161
f 162/298/162 160/296/160 159/295/159
f 158/294/158 161/297/161 163/299/163
f 164/300/164 160/296/160 162/298/162
f 163/299/163 161/297/161 165/301/165
f 163/299/163 165/301/165 166/302/166
f 166/302/166 164/300/164 162/298/162
f 167/303/167 164/300/164 166/302/166
f 166/302/166 165/301/165 167/303/167
f 168/304/168 169/305/169 170/306/170
f 168/304/168 171/307/171 169/305/169
f 172/308/172 171/307/171 168/304/168
f 172/308/172 168/304/168 173/309/173
f 173/309/173 168/304/168 174/310/174
f 174/310/174 168/304/168 170/306/170
f 174/310/174 170/306/170 175/311/175
f 174/310/174 176/312/176 173/309/173
f 174/310/174 177/313/177 176/312/176
f 174/310/174 175/311/175 177/313/177
f 175/311/175 178/314/178 177/313/177
f 177/313/177 179/315/179 176/312/176
f 179/315/179 177/313/177 180/316/180
f 177/313/177 178/314/178 180/316/180
f 180/316/180 178/314/178 181/317/181
f 182/318/182 179/315/179 180/316/180
f 182/318/182 180/316/180 183/319/183
f 180/316/180 181/317/181 183/319/183
f 181/317/181 184/320/184 183/319/183
f 185/321/185 182/318/182 183/319/183
f 186/322/186 171/307/171 183/319/183
f 184/320/184 186/322/186 183/319/183
f 183/319/183 171/307/171 187/323/187
f 185/321/185 183/319/183 187/323/187
f 188/324/188 184/325/184 181/326/181
f 178/327/178 189/328/189 181/326/181
f 181/326/181 189/328/189 188/324/188
f 188/324/188 189/328/189 190/329/190
f 186/330/186 184/325/184 188/324/188
f 190/329/190 186/330/186 188/324/188
f 190/329/190 189/328/189 191/331/191
f 192/332/192 186/330/186 190/329/190
f 182/333/182 185/334/185 191/331/191
f 191/331/191 187/335/187 190/329/190
f 187/335/187 192/332/192 190/329/190
f 185/334/185 187/335/187 191/331/191
f 191/331/191 179/336/179 182/333/182
f 189/328/189 179/336/179 191/331/191
f 176/337/176 179/336/179 189/328/189
f 176/337/176 189/328/189 193/338/193
f 193/338/193 189/328/189 178/327/178
f 194/339/194 176/337/176 193/338/193
f 194/339/194 173/340/173 176/337/176
f 195/341/195 178/327/178 175/342/175
f 195/341/195 193/338/193 178/327/178
f 175/342/175 170/343/170 195/341/195
f 196/344/196 193/338/193 195/341/195
f 194/339/194 193/338/193 196/344/196
f 194/339/194 172/345/172 173/340/173
f 196/344/196 172/345/172 194/339/194
f 195/341/195 169/346/169 196/344/196
f 195/341/195 170/343/170 169/346/169
f 196/344/196 169/346/169 197/347/197
f 196/344/196 197/347/197 172/345/172
f 198/348/198 171/349/171 172/345/172
f 187/335/187 171/349/171 198/348/198
f 172/345/172 199/350/199 198/348/198
f 172/345/172 197/347/197 199/350/199
f 169/346/169 200/351/200 197/347/197
f 201/352/201 200/351/200 169/346/169
f 171/353/171 186/330/186 201/352/201
f 201/352/201 169/346/169 171/353/171
f 192/332/192 202/354/202 186/330/186
f 186/330/186 202/354/202 201/352/201
f 198/348/198 203/355/203 187/335/187
f 203/355/203 192/332/192 187/335/187
f 201/352/201 204/356/204 200/351/200
f 202/354/202 204/356/204 201/352/201
f 192/332/192 205/357/205 202/354/202
f 192/332/192 203/355/203 205/357/205
f 206/358/206 204/356/204 202/354/202
f 207/359/207 206/358/206 202/354/202
f 202/354/202 205/357/205 207/359/207
f 208/360/208 205/357/205 209/361/209
f 207/359/207 205/357/205 208/360/208
f 208/360/208 210/362/210 207/359/207
f 208/360/208 209/361/209 211/363/211
f 208/360/208 211/363/211 212/364/212
f 210/362/210 208/360/208 212/364/212
f 213/365/213 207/359/207 210/362/210
f 213/365/213 210/362/210 214/366/214
f 210/362/210 212/364/212 214/366/214
f 212/364/212 211/363/211 215/367/215
f 214/366/214 212/364/212 216/368/216
f 212/364/212 215/367/215 216/368/216
f 209/361/209 217/369/217 211/363/211
f 211/363/211 217/369/217 218/370/218
f 211/363/211 218/370/218 215/367/215
f 219/371/219 209/361/209 205/357/205
f 209/361/209 219/371/219 217/369/217
f 217/369/217 220/372/220 218/370/218
f 205/357/205 221/373/221 219/371/219
f 205/357/205 203/355/203 221/373/221
f 217/369/217 222/374/222 220/372/220
f 219/371/219 222/374/222 217/369/217
f 219/371/219 223/375/223 222/374/222
f 219/371/219 221/373/221 223/375/223
f 203/355/203 198/348/198 224/376/224
f 203/355/203 224/376/224 221/373/221
f 223/375/223 225/377/225 222/374/222
f 224/376/224 198/348/198 226/378/226
f 222/374/222 227/379/227 220/372/220
f 222/374/222 225/377/225 227/379/227
f 225/377/225 228/380/228 227/379/227
f 221/373/221 224/376/224 229/381/229
f 224/376/224 226/378/226 229/381/229
f 229/381/229 230/382/230 221/373/221
f 221/373/221 230/382/230 223/375/223
f 223/375/223 230/382/230 225/377/225
f 231/383/231 230/382/230 229/381/229
f 230/382/230 232/384/232 225/377/225
f 232/384/232 230/382/230 231/383/231
f 225/377/225 232/384/232 228/380/228
f 229/381/229 226/378/226 233/385/233
f 229/381/229 233/385/233 231/383/231
f 231/383/231 233/385/233 228/380/228
f 228/380/228 232/384/232 231/383/231
f 234/386/234 228/380/228 233/385/233
f 234/386/234 227/379/227 228/380/228
f 233/385/233 235/387/235 234/386/234
f 226/378/226 198/348/198 235/387/235
f 235/387/235 198/348/198 199/350/199
f 233/385/233 226/378/226 235/387/235
f 234/386/234 235/387/235 199/350/199
f 227/379/227 234/386/234 220/372/220
f 220/372/220 234/386/234 236/388/236
f 236/388/236 199/350/199 197/347/197
f 236/388/236 218/370/218 220/372/220
f 234/386/234 199/350/199 236/388/236
f 200/351/200 236/388/236 197/347/197
f 218/370/218 236/388/236 215/367/215
f 215/367/215 236/388/236 237/389/237
f 237/389/237 236/388/236 200/351/200
f 237/389/237 216/368/216 215/367/215
f 200/351/200 204/356/204 238/390/238
f 200/351/200 238/390/238 237/389/237
f 206/358/206 239/391/239 204/356/204
f 204/356/204 239/391/239 238/390/238
f 237/389/237 238/390/238 240/392/240
f 238/390/238 239/391/239 240/392/240
f 214/366/214 216/368/216 241/393/241
f 216/368/216 237/389/237 241/393/241
f 241/393/241 237/389/237 242/394/242
f 237/389/237 240/392/240 242/394/242
f 243/395/243 206/358/206 207/359/207
f 243/395/243 239/391/239 206/358/206
f 239/391/239 244/396/244 240/392/240
f 243/395/243 244/396/244 239/391/239
f 245/397/245 207/359/207 213/365/213
f 245/397/245 243/395/243 207/359/207
f 243/395/243 245/397/245 246/398/246
f 246/398/246 244/396/244 243/395/243
f 247/399/247 242/394/242 240/392/240
f 240/392/240 244/396/244 247/399/247
f 213/365/213 248/400/248 245/397/245
f 249/401/249 245/397/245 248/400/248
f 249/401/249 246/398/246 245/397/245
f 242/394/242 250/402/250 241/393/241
f 250/402/250 242/394/242 251/403/251
f 242/394/242 247/399/247 251/403/251
f 251/403/251 247/399/247 252/404/252
f 252/404/252 247/399/247 244/396/244
f 250/402/250 251/403/251 253/405/253
f 250/402/250 253/405/253 254/406/254
f 254/406/254 214/366/214 241/393/241
f 213/365/213 214/366/214 254/406/254
f 248/400/248 213/365/213 254/406/254
f 254/406/254 241/393/241 250/402/250
f 255/407/255 249/401/249 248/400/248
f 254/406/254 255/407/255 248/400/248
f 256/408/256 255/407/255 254/406/254
f 254/406/254 253/405/253 256/408/256
f 253/405/253 257/409/257 256/408/256
f 251/403/251 257/409/257 253/405/253
f 256/408/256 258/410/258 255/407/255
f 255/407/255 258/410/258 249/401/249
f 259/411/259 258/410/258 256/408/256
f 256/408/256 257/409/257 259/411/259
f 260/412/260 246/398/246 249/401/249
f 244/396/244 246/398/246 260/412/260
f 249/401/249 258/410/258 261/413/261
f 262/414/262 244/396/244 260/412/260
f 252/404/252 244/396/244 262/414/262
f 262/414/262 260/412/260 263/415/263
f 263/415/263 249/401/249 261/413/261
f 263/415/263 260/412/260 249/401/249
f 251/403/251 252/404/252 264/416/264
f 264/416/264 252/404/252 262/414/262
f 264/416/264 262/414/262 265/417/265
f 265/417/265 262/414/262 263/415/263
f 266/418/266 251/403/251 264/416/264
f 266/418/266 257/409/257 251/403/251
f 266/418/266 264/416/264 267/419/267
f 267/419/267 264/416/264 265/417/265
f 268/420/268 263/415/263 261/413/261
f 265/417/265 263/415/263 268/420/268
f 269/421/269 265/417/265 268/420/268
f 267/419/267 265/417/265 269/421/269
f 270/422/270 257/409/257 266/418/266
f 257/409/257 270/422/270 259/411/259
f 271/423/271 270/422/270 266/418/266
f 271/423/271 266/418/266 267/419/267
f 271/423/271 267/419/267 272/424/272
f 272/424/272 267/419/267 269/421/269
f 259/411/259 270/422/270 273/425/273
f 270/422/270 274/426/274 273/425/273
f 271/423/271 274/426/274 270/422/270
f 259/411/259 275/427/275 258/410/258
f 261/413/261 258/410/258 275/427/275
f 273/425/273 275/427/275 259/411/259
f 273/425/273 274/426/274 276/428/276
f 268/420/268 261/413/261 277/429/277
f 261/413/261 275/427/275 277/429/277
f 273/425/273 278/430/278 275/427/275
f 275/427/275 278/430/278 277/429/277
f 276/428/276 278/430/278 273/425/273
f 269/421/269 268/420/268 279/431/279
f 279/431/279 268/420/268 277/429/277
f 272/424/272 269/421/269 280/432/280
f 280/432/280 269/421/269 279/431/279
f 280/432/280 279/431/279 281/433/281
f 281/433/281 279/431/279 277/429/277
f 277/429/277 278/430/278 282/434/282
f 276/428/276 282/434/282 278/430/278
f 282/434/282 283/435/283 277/429/277
f 277/429/277 283/435/283 281/433/281
f 284/436/284 280/432/280 281/433/281
f 285/437/285 280/432/280 284/436/284
f 271/423/271 272/424/272 285/437/285
f 285/437/285 272/424/272 280/432/280
f 286/438/286 284/436/284 281/433/281
f 283/435/283 286/438/286 281/433/281
f 285/437/285 284/436/284 287/439/287
f 287/439/287 284/436/284 288/440/288
f 288/440/288 284/436/284 286/438/286
f 285/437/285 287/439/287 289/441/289
f 285/437/285 289/441/289 271/423/271
f 290/442/290 274/426/274 271/423/271
f 274/426/274 290/442/290 276/428/276
f 271/423/271 289/441/289 290/442/290
f 291/443/291 282/434/282 276/428/276
f 276/428/276 290/442/290 291/443/291
f 291/443/291 290/442/290 292/444/292
f 290/442/290 289/441/289 292/444/292
f 293/445/293 283/435/283 282/434/282
f 293/445/293 282/434/282 291/443/291
f 291/443/291 292/444/292 294/446/294
f 294/446/294 293/445/293 291/443/291
f 283/435/283 293/445/293 295/447/295
f 294/446/294 295/447/295 293/445/293
f 296/448/296 292/444/292 289/441/289
f 292/444/292 296/448/296 294/446/294
f 294/446/294 296/448/296 297/449/297
f 297/449/297 295/447/295 294/446/294
f 283/435/283 295/447/295 298/450/298
f 288/440/288 286/438/286 298/450/298
f 298/450/298 286/438/286 283/435/283
f 297/449/297 299/451/299 295/447/295
f 296/448/296 299/451/299 297/449/297
f 295/447/295 299/451/299 300/452/300
f 289/441/289 287/439/287 301/453/301
f 301/453/301 287/439/287 288/440/288
f 301/453/301 296/448/296 289/441/289
f 301/453/301 300/452/300 296/448/296
f 300/452/300 299/451/299 296/448/296
f 300/452/300 301/453/301 295/447/295
f 301/453/301 288/440/288 298/450/298
f 301/453/301 298/450/298 295/447/295
f 302/454/302 303/455/303 304/456/304
f 305/457/305 306/458/306 307/459/307
f 302/454/302 304/456/304 308/460/308
f 304/456/304 309/461/309 308/460/308
f 310/462/310 306/458/306 311/463/311
f 307/459/307 306/458/306 310/462/310
f 309/461/309 310/462/310 311/463/311
f 312/464/312 307/459/307 310/462/310
f 309/461/309 312/464/312 310/462/310
f 305/457/305 313/465/313 314/466/314
f 305/457/305 307/459/307 313/465/313
f 313/465/313 307/459/307 315/467/315
f 315/467/315 307/459/307 312/464/312
f 309/461/309 316/468/316 312/464/312
f 312/464/312 317/469/317 315/467/315
f 315/467/315 317/469/317 313/465/313
f 313/465/313 318/470/318 314/466/314
f 313/465/313 317/469/317 319/471/319
f 303/455/303 314/466/314 320/472/320
f 320/472/320 314/466/314 318/470/318
f 321/473/321 318/470/318 313/465/313
f 321/473/321 313/465/313 319/471/319
f 304/456/304 303/455/303 320/472/320
f 320/472/320 318/470/318 322/474/322
f 323/475/323 309/461/309 304/456/304
f 316/468/316 309/461/309 323/475/323
f 323/475/323 304/456/304 320/472/320
f 324/476/324 323/475/323 320/472/320
f 324/476/324 316/468/316 323/475/323
f 324/476/324 320/472/320 325/477/325
f 325/477/325 320/472/320 322/474/322
f 325/477/325 326/478/326 324/476/324
f 322/474/322 326/478/326 325/477/325
f 322/474/322 318/470/318 326/478/326
f 327/479/327 316/468/316 324/476/324
f 326/478/326 327/479/327 324/476/324
f 326/478/326 328/480/328 327/479/327
f 329/481/329 328/480/328 326/478/326
f 326/478/326 330/482/330 329/481/329
f 318/470/318 331/483/331 326/478/326
f 326/478/326 331/483/331 330/482/330
f 327/479/327 332/484/332 316/468/316
f 328/480/328 332/484/332 327/479/327
f 329/481/329 330/482/330 333/485/333
f 333/485/333 328/480/328 329/481/329
f 330/482/330 331/483/331 334/486/334
f 331/483/331 335/487/335 334/486/334
f 336/488/336 337/489/337 335/487/335
f 338/490/338 337/489/337 336/488/336
f 338/490/338 339/491/339 332/484/332
f 339/491/339 316/468/316 332/484/332
f 338/490/338 336/488/336 339/491/339
f 331/483/331 340/492/340 335/487/335
f 331/483/331 318/470/318 340/492/340
f 340/492/340 336/488/336 335/487/335
f 341/493/341 336/488/336 340/492/340
f 339/491/339 336/488/336 341/493/341
f 341/493/341 342/494/342 339/491/339
f 340/492/340 342/494/342 341/493/341
f 339/491/339 342/494/342 343/495/343
f 344/496/344 342/494/342 340/492/340
f 345/497/345 316/468/316 339/491/339
f 345/497/345 339/491/339 343/495/343
f 344/496/344 337/498/337 342/494/342
f 342/494/342 337/498/337 343/495/343
f 343/495/343 337/498/337 338/499/338
f 335/500/335 337/498/337 344/496/344
f 345/497/345 343/495/343 338/499/338
f 345/497/345 338/499/338 332/501/332
f 328/502/328 345/497/345 332/501/332
f 346/503/346 345/497/345 328/502/328
f 333/504/333 346/503/346 328/502/328
f 347/505/347 346/503/346 333/504/333
f 348/506/348 345/497/345 346/503/346
f 316/468/316 345/497/345 348/506/348
f 349/507/349 346/503/346 347/505/347
f 348/506/348 346/503/346 349/507/349
f 330/508/330 347/505/347 333/504/333
f 335/500/335 344/496/344 334/509/334
f 330/508/330 334/509/334 347/505/347
f 344/496/344 340/492/340 334/509/334
f 340/492/340 318/470/318 334/509/334
f 349/507/349 334/509/334 318/470/318
f 347/505/347 334/509/334 349/507/349
f 349/507/349 318/470/318 350/510/350
f 351/511/351 349/507/349 350/510/350
f 352/512/352 348/506/348 349/507/349
f 352/512/352 316/468/316 348/506/348
f 352/512/352 349/507/349 351/511/351
f 318/470/318 321/473/321 353/513/353
f 350/510/350 318/470/318 353/513/353
f 350/510/350 354/514/354 351/511/351
f 350/510/350 353/513/353 354/514/354
f 351/511/351 354/514/354 352/512/352
f 353/513/353 355/515/355 354/514/354
f 353/513/353 321/473/321 355/515/355
f 354/514/354 316/468/316 352/512/352
f 312/464/312 316/468/316 356/516/356
f 354/514/354 356/516/356 316/468/316
f 308/517/308 356/516/356 354/514/354
f 355/515/355 308/517/308 354/514/354
f 302/518/302 308/517/308 355/515/355
f 302/518/302 355/515/355 303/519/303
f 355/515/355 321/473/321 303/519/303
f 303/519/303 321/473/321 314/520/314
f 321/473/321 305/521/305 314/520/314
f 321/473/321 319/471/319 305/521/305
f 319/471/319 306/522/306 305/521/305
f 317/469/317 306/522/306 319/471/319
f 311/523/311 306/522/306 317/469/317
f 311/523/311 317/469/317 312/464/312
f 311/523/311 312/464/312 356/516/356
f 309/524/309 356/516/356 308/517/308
f 309/524/309 311/523/311 356/516/356
f 155/525/155 357/526/357 153/527/153
f 158/528/158 358/529/358 155/525/155
f 358/529/358 357/526/357 155/525/155
f 359/530/359 358/529/358 158/528/158
f 158/528/158 360/531/360 359/530/359
f 158/528/158 163/532/163 360/531/360
f 361/533/361 166/534/166 162/535/162
f 163/532/163 166/534/166 361/533/361
f 163/532/163 362/536/362 360/531/360
f 361/533/361 362/536/362 163/532/163
f 363/537/363 162/535/162 159/538/159
f 363/537/363 361/533/361 162/535/162
f 364/539/364 363/537/363 159/538/159
f 364/539/364 159/538/159 153/527/153
f 153/527/153 365/540/365 364/539/364
f 153/527/153 357/526/357 365/540/365
f 366/541/366 357/526/357 358/529/358
f 364/539/364 365/540/365 367/542/367
f 365/540/365 368/543/368 367/542/367
f 365/540/365 357/526/357 368/543/368
f 366/541/366 369/544/369 357/526/357
f 357/526/357 369/544/369 368/543/368
f 364/539/364 367/542/367 370/545/370
f 363/537/363 364/539/364 370/545/370
f 367/542/367 368/543/368 156/546/156
f 156/546/156 160/547/160 367/542/367
f 160/547/160 370/545/370 367/542/367
f 160/547/160 164/548/164 370/545/370
f 368/543/368 369/544/369 156/546/156
f 156/546/156 369/544/369 154/549/154
f 154/549/154 369/544/369 157/550/157
f 157/550/157 369/544/369 366/541/366
f 157/550/157 366/541/366 371/551/371
f 371/551/371 161/552/161 157/550/157
f 371/551/371 366/541/366 358/529/358
f 371/551/371 358/529/358 359/530/359
f 371/551/371 372/553/372 161/552/161
f 372/553/372 165/554/165 161/552/161
f 372/553/372 371/551/371 359/530/359
f 164/548/164 167/555/167 373/556/373
f 373/556/373 167/555/167 165/554/165
f 165/554/165 374/557/374 373/556/373
f 372/553/372 374/557/374 165/554/165
f 164/548/164 373/556/373 370/545/370
f 374/557/374 372/553/372 375/558/375
f 374/557/374 376/559/376 373/556/373
f 375/558/375 377/560/377 374/557/374
f 377/560/377 376/559/376 374/557/374
f 377/560/377 378/561/378 376/559/376
f 372/553/372 379/562/379 375/558/375
f 375/558/375 379/562/379 380/563/380
f 372/553/372 359/530/359 360/531/360
f 372/553/372 360/531/360 379/562/379
f 379/562/379 360/531/360 381/564/381
f 381/564/381 360/531/360 362/536/362
f 382/565/382 379/562/379 381/564/381
f 361/533/361 383/566/383 362/536/362
f 361/533/361 363/537/363 384/567/384
f 362/536/362 383/566/383 381/564/381
f 383/566/383 385/568/385 381/564/381
f 386/569/386 363/537/363 370/545/370
f 384/567/384 363/537/363 386/569/386
f 384/567/384 387/570/387 361/533/361
f 387/570/387 388/571/388 361/533/361
f 388/571/388 383/566/383 361/533/361
f 388/571/388 389/572/389 383/566/383
f 383/566/383 389/572/389 390/573/390
f 383/566/383 390/573/390 385/568/385
f 389/572/389 391/574/391 390/573/390
f 388/571/388 391/574/391 389/572/389
f 392/575/392 388/571/388 387/570/387
f 393/576/393 391/574/391 388/571/388
f 394/577/394 388/571/388 392/575/392
f 394/577/394 393/576/393 388/571/388
f 395/578/395 393/576/393 394/577/394
f 396/579/396 393/576/393 395/578/395
f 378/561/378 391/574/391 393/576/393
f 397/580/397 393/576/393 396/579/396
f 378/561/378 393/576/393 397/580/397
f 398/581/398 396/579/396 395/578/395
f 376/559/376 378/561/378 397/580/397
f 399/582/399 391/574/391 378/561/378
f 399/582/399 378/561/378 377/560/377
f 390/573/390 391/574/391 399/582/399
f 385/568/385 390/573/390 399/582/399
f 400/583/400 399/582/399 377/560/377
f 398/581/398 399/582/399 400/583/400
f 394/577/394 401/584/401 395/578/395
f 385/568/385 399/582/399 401/584/401
f 401/584/401 399/582/399 398/581/398
f 395/578/395 401/584/401 398/581/398
f 401/584/401 394/577/394 385/568/385
f 385/568/385 394/577/394 392/575/392
f 385/568/385 392/575/392 402/585/402
f 381/564/381 385/568/385 402/585/402
f 381/564/381 402/585/402 382/565/382
f 402/585/402 392/575/392 387/570/387
f 384/567/384 402/585/402 387/570/387
f 382/565/382 402/585/402 384/567/384
f 386/569/386 382/565/382 384/567/384
f 379/562/379 382/565/382 386/569/386
f 386/569/386 380/563/380 379/562/379
f 403/586/403 380/563/380 386/569/386
f 403/586/403 404/587/404 380/563/380
f 380/563/380 404/587/404 375/558/375
f 404/587/404 377/560/377 375/558/375
f 400/583/400 377/560/377 404/587/404
f 396/579/396 398/581/398 400/583/400
f 397/580/397 400/583/400 404/587/404
f 396/579/396 400/583/400 397/580/397
f 397/580/397 404/587/404 403/586/403
f 373/556/373 376/559/376 397/580/397
f 403/586/403 370/545/370 373/556/373
f 373/556/373 397/580/397 403/586/403
f 403/586/403 386/569/386 370/545/370
f 405/588/405 406/589/406 407/590/407
f 408/591/408 409/592/306 410/593/409
f 407/590/407 411/594/410 405/588/405
f 411/594/410 412/595/411 413/596/412
f 412/595/411 414/597/413 413/596/412
f 412/595/411 415/598/414 414/597/413
f 415/598/414 409/592/306 414/597/413
f 410/593/409 409/592/306 415/598/414
f 412/595/411 416/599/415 415/598/414
f 416/599/415 410/593/409 415/598/414
f 408/591/408 417/600/313 418/601/416
f 408/591/408 410/593/409 417/600/313
f 417/600/313 410/593/409 419/602/417
f 419/602/417 410/593/409 416/599/415
f 412/595/411 420/603/418 416/599/415
f 419/602/417 421/604/419 417/600/313
f 416/599/415 421/604/419 419/602/417
f 417/600/313 422/605/420 418/601/416
f 417/600/313 421/604/419 423/606/421
f 424/607/422 418/601/416 422/605/420
f 406/589/406 418/601/416 424/607/422
f 425/608/321 422/605/420 417/600/313
f 425/608/321 417/600/313 423/606/421
f 407/590/407 406/589/406 426/609/423
f 426/609/423 411/594/410 407/590/407
f 426/609/423 406/589/406 424/607/422
f 424/607/422 422/605/420 427/610/424
f 426/609/423 424/607/422 427/610/424
f 426/609/423 412/595/411 411/594/410
f 420/603/418 412/595/411 426/609/423
f 428/611/425 420/603/418 426/609/423
f 428/611/425 426/609/423 429/612/426
f 429/612/426 426/609/423 427/610/424
f 427/610/424 430/613/427 429/612/426
f 429/612/426 430/613/427 428/611/425
f 427/610/424 422/605/420 431/614/428
f 427/610/424 431/614/428 430/613/427
f 430/613/427 420/603/418 428/611/425
f 431/614/428 432/615/429 430/613/427
f 432/615/429 433/616/430 430/613/427
f 422/605/420 434/617/431 431/614/428
f 431/614/428 434/617/431 432/615/429
f 430/613/427 435/618/432 420/603/418
f 433/616/430 435/618/432 430/613/427
f 436/619/306 433/616/430 432/615/429
f 436/619/306 432/615/429 437/620/433
f 432/615/429 434/617/431 437/620/433
f 438/621/434 439/622/435 435/618/432
f 438/621/434 440/623/302 439/622/435
f 439/622/435 440/623/302 441/624/436
f 441/624/436 440/623/302 442/625/437
f 439/622/435 443/626/438 435/618/432
f 443/626/438 420/603/418 435/618/432
f 439/622/435 441/624/436 443/626/438
f 434/617/431 444/627/439 442/625/437
f 434/617/431 422/605/420 444/627/439
f 444/627/439 441/624/436 442/625/437
f 445/628/440 441/624/436 444/627/439
f 443/626/438 441/624/436 445/628/440
f 444/627/439 446/629/441 445/628/440
f 445/628/440 446/629/441 443/626/438
f 443/626/438 446/629/441 438/630/434
f 447/631/442 446/629/441 444/627/439
f 448/632/443 420/603/418 443/626/438
f 448/632/443 443/626/438 438/630/434
f 447/631/442 440/633/302 446/629/441
f 446/629/441 440/633/302 438/630/434
f 442/634/437 440/633/302 447/631/442
f 448/632/443 438/630/434 435/635/432
f 433/636/430 448/632/443 435/635/432
f 449/637/444 448/632/443 433/636/430
f 436/638/306 449/637/444 433/636/430
f 420/603/418 448/632/443 450/639/445
f 450/639/445 448/632/443 449/637/444
f 450/639/445 449/637/444 451/640/446
f 436/638/306 437/641/433 449/637/444
f 449/637/444 437/641/433 451/640/446
f 442/634/437 447/631/442 452/642/447
f 434/643/431 442/634/437 452/642/447
f 434/643/431 452/642/447 437/641/433
f 447/631/442 444/627/439 452/642/447
f 444/627/439 422/605/420 452/642/447
f 451/640/446 452/642/447 422/605/420
f 437/641/433 452/642/447 451/640/446
f 451/640/446 422/605/420 453/644/448
f 454/645/351 451/640/446 453/644/448
f 455/646/352 450/639/445 451/640/446
f 455/646/352 420/603/418 450/639/445
f 455/646/352 451/640/446 454/645/351
f 453/644/448 422/605/420 456/647/449
f 422/605/420 425/608/321 456/647/449
f 453/644/448 456/647/449 457/648/450
f 454/645/351 457/648/450 455/646/352
f 453/644/448 457/648/450 454/645/351
f 456/647/449 458/649/451 457/648/450
f 456/647/449 425/608/321 458/649/451
f 457/648/450 420/603/418 455/646/352
f 457/648/450 413/650/412 420/603/418
f 416/599/415 420/603/418 413/650/412
f 459/651/452 413/650/412 457/648/450
f 458/649/451 459/651/452 457/648/450
f 405/652/405 459/651/452 458/649/451
f 405/652/405 458/649/451 406/653/406
f 411/654/410 459/651/452 405/652/405
f 458/649/451 425/608/321 406/653/406
f 406/653/406 425/608/321 418/655/416
f 425/608/321 408/656/408 418/655/416
f 425/608/321 423/606/421 408/656/408
f 423/606/421 409/657/306 408/656/408
f 421/604/419 409/657/306 423/606/421
f 414/658/413 409/657/306 421/604/419
f 414/658/413 421/604/419 416/599/415
f 414/658/413 416/599/415 413/650/412
f 411/654/410 413/650/412 459/651/452
f 460/659/453 461/660/454 462/661/455
f 460/659/453 463/662/456 461/660/454
f 464/663/302 462/661/455 465/664/457
f 463/662/456 466/665/458 467/666/459
f 464/663/302 465/664/457 468/667/460
f 465/664/457 469/668/461 468/667/460
f 467/666/459 466/665/458 470/669/462
f 471/670/463 467/666/459 470/669/462
f 469/668/461 471/670/463 470/669/462
f 463/662/456 472/671/464 461/660/454
f 463/662/456 467/666/459 472/671/464
f 472/671/464 467/666/459 473/672/465
f 473/672/465 467/666/459 471/670/463
f 469/668/461 474/673/418 471/670/463
f 471/670/463 475/674/466 473/672/465
f 473/672/465 475/674/466 472/671/464
f 472/671/464 476/675/467 461/660/454
f 472/671/464 475/674/466 477/676/468
f 462/661/455 461/660/454 478/677/469
f 478/677/469 461/660/454 476/675/467
f 460/678/453 472/671/464 477/676/468
f 460/678/453 476/675/467 472/671/464
f 465/664/457 462/661/455 479/679/470
f 479/679/470 462/661/455 478/677/469
f 478/677/469 476/675/467 480/680/471
f 479/679/470 478/677/469 480/680/471
f 479/679/470 469/668/461 465/664/457
f 474/673/418 469/668/461 479/679/470
f 481/681/472 474/673/418 479/679/470
f 481/681/472 479/679/470 482/682/473
f 482/682/473 479/679/470 480/680/471
f 482/682/473 483/683/474 481/681/472
f 480/680/471 483/683/474 482/682/473
f 480/680/471 476/675/467 483/683/474
f 484/684/475 474/673/418 481/681/472
f 483/683/474 484/684/475 481/681/472
f 483/683/474 485/685/476 484/684/475
f 486/686/477 485/685/476 483/683/474
f 483/683/474 487/687/478 486/686/477
f 476/675/467 487/687/478 483/683/474
f 484/684/475 488/688/479 474/673/418
f 485/685/476 488/688/479 484/684/475
f 489/689/306 485/685/476 486/686/477
f 489/689/306 486/686/477 490/690/480
f 486/686/477 487/687/478 490/690/480
f 490/690/480 487/687/478 491/691/481
f 487/687/478 492/692/482 491/691/481
f 487/687/478 493/693/483 492/692/482
f 493/693/483 494/694/484 492/692/482
f 495/695/485 494/694/484 496/696/486
f 495/695/485 496/696/486 488/688/479
f 497/697/487 494/694/484 493/693/483
f 496/696/486 494/694/484 497/697/487
f 496/696/486 498/698/438 488/688/479
f 498/698/438 474/673/418 488/688/479
f 496/696/486 497/697/487 498/698/438
f 487/687/478 499/699/488 493/693/483
f 487/687/478 476/675/467 499/699/488
f 499/699/488 497/697/487 493/693/483
f 500/700/489 497/697/487 499/699/488
f 498/698/438 497/697/487 500/700/489
f 499/699/488 501/701/490 500/700/489
f 500/700/489 501/701/490 498/698/438
f 498/698/438 501/701/490 495/702/485
f 492/703/482 501/701/490 499/699/488
f 502/704/491 474/673/418 498/698/438
f 502/704/491 498/698/438 495/702/485
f 492/703/482 494/705/484 501/701/490
f 501/701/490 494/705/484 495/702/485
f 502/704/491 495/702/485 488/706/479
f 485/707/476 502/704/491 488/706/479
f 503/708/492 502/704/491 485/707/476
f 489/709/306 503/708/492 485/707/476
f 474/673/418 502/704/491 504/710/445
f 504/710/445 502/704/491 503/708/492
f 504/710/445 503/708/492 505/711/493
f 489/709/306 490/712/480 503/708/492
f 503/708/492 490/712/480 505/711/493
f 492/703/482 499/699/488 491/713/481
f 499/699/488 476/675/467 491/713/481
f 505/711/493 491/713/481 476/675/467
f 490/712/480 491/713/481 505/711/493
f 505/711/493 476/675/467 506/714/494
f 507/715/495 505/711/493 506/714/494
f 508/716/496 504/710/445 505/711/493
f 508/716/496 474/673/418 504/710/445
f 508/716/496 505/711/493 507/715/495
f 476/675/467 460/678/453 509/717/497
f 506/714/494 476/675/467 509/717/497
f 506/714/494 509/717/497 507/715/495
f 507/715/495 509/717/497 508/716/496
f 509/717/497 460/678/453 510/718/498
f 509/717/497 511/719/499 508/716/496
f 511/719/499 474/673/418 508/716/496
f 471/670/463 474/673/418 512/720/500
f 511/719/499 512/720/500 474/673/418
f 468/721/460 512/720/500 511/719/499
f 509/717/497 468/721/460 511/719/499
f 510/718/498 468/721/460 509/717/497
f 464/722/302 468/721/460 510/718/498
f 464/722/302 510/718/498 462/723/455
f 510/718/498 460/678/453 462/723/455
f 460/678/453 477/676/468 463/724/456
f 477/676/468 466/725/458 463/724/456
f 475/674/466 466/725/458 477/676/468
f 513/726/501 466/725/458 475/674/466
f 470/727/462 466/725/458 513/726/501
f 513/726/501 475/674/466 471/670/463
f 513/726/501 471/670/463 512/720/500
f 470/727/462 513/726/501 512/720/500
f 469/728/461 512/720/500 468/721/460
f 469/728/461 470/727/462 512/720/500
f 514/729/254 515/730/502 516/731/503
f 516/731/503 517/732/504 514/729/254
f 518/733/505 515/730/502 514/729/254
f 514/729/254 517/732/504 518/733/505
f 516/731/503 515/730/502 519/734/506
f 518/733/505 517/732/504 520/735/507
f 521/736/508 515/730/502 518/733/505
f 522/737/509 517/732/504 516/731/503
f 515/730/502 523/738/510 519/734/506
f 521/736/508 523/738/510 515/730/502
f 524/739/511 521/736/508 518/733/505
f 518/733/505 520/735/507 524/739/511
f 525/740/512 523/738/510 521/736/508
f 522/737/509 526/741/513 517/732/504
f 517/732/504 526/741/513 520/735/507
f 524/739/511 520/735/507 527/742/514
f 520/735/507 528/743/515 527/742/514
f 520/735/507 526/741/513 528/743/515
f 529/744/306 521/736/508 524/739/511
f 524/739/511 527/742/514 529/744/306
f 530/745/516 525/740/512 521/736/508
f 527/742/514 528/743/515 531/746/517
f 532/747/518 521/736/508 529/744/306
f 532/747/518 530/745/516 521/736/508
f 528/743/515 533/748/519 531/746/517
f 530/745/516 533/748/519 525/740/512
f 527/742/514 531/746/517 534/749/520
f 525/740/512 535/750/244 523/738/510
f 528/743/515 535/750/244 533/748/519
f 526/741/513 535/750/244 528/743/515
f 533/748/519 535/750/244 525/740/512
f 536/751/521 533/748/519 530/745/516
f 531/746/517 536/751/521 534/749/520
f 531/746/517 533/748/519 536/751/521
f 537/752/522 536/751/521 530/745/516
f 537/752/522 530/745/516 532/747/518
f 538/753/302 536/751/521 537/752/522
f 534/749/520 536/751/521 538/753/302
f 539/754/523 538/753/302 537/752/522
f 534/749/520 538/753/302 539/754/523
f 539/754/523 537/752/522 540/755/524
f 540/755/524 537/752/522 532/747/518
f 541/756/525 534/749/520 539/754/523
f 527/742/514 534/749/520 541/756/525
f 541/756/525 539/754/523 542/757/526
f 542/757/526 539/754/523 540/755/524
f 543/758/527 540/755/524 532/747/518
f 542/757/526 540/755/524 543/758/527
f 544/759/528 527/742/514 541/756/525
f 529/744/306 527/742/514 544/759/528
f 532/747/518 529/744/306 545/760/529
f 545/760/529 529/744/306 544/759/528
f 544/759/528 541/756/525 546/761/530
f 546/761/530 541/756/525 542/757/526
f 543/758/527 532/747/518 547/762/531
f 547/762/531 532/747/518 545/760/529
f 547/762/531 545/760/529 548/763/532
f 548/763/532 545/760/529 544/759/528
f 549/764/533 543/758/527 547/762/531
f 546/761/530 542/757/526 550/765/254
f 550/765/254 543/758/527 549/764/533
f 550/765/254 542/757/526 543/758/527
f 551/766/534 546/761/530 550/765/254
f 544/759/528 546/761/530 551/766/534
f 552/767/535 544/759/528 551/766/534
f 548/763/532 544/759/528 552/767/535
f 550/765/254 553/768/536 551/766/534
f 554/769/244 548/763/532 552/767/535
f 551/766/534 553/768/536 555/770/537
f 551/766/534 555/770/537 552/767/535
f 552/767/535 555/770/537 556/771/538
f 552/767/535 556/771/538 554/769/244
f 557/772/539 548/763/532 554/769/244
f 554/769/244 556/771/538 557/772/539
f 557/772/539 547/762/531 548/763/532
f 549/764/533 547/762/531 557/772/539
f 557/772/539 558/773/540 549/764/533
f 556/771/538 558/773/540 557/772/539
f 556/771/538 559/774/541 558/773/540
f 555/770/537 559/774/541 556/771/538
f 549/764/533 560/775/542 550/765/254
f 558/773/540 560/775/542 549/764/533
f 558/773/540 561/776/543 560/775/542
f 559/774/541 561/776/543 558/773/540
f 550/765/254 562/777/544 553/768/536
f 560/775/542 562/777/544 550/765/254
f 560/775/542 563/778/545 562/777/544
f 561/776/543 563/778/545 560/775/542
f 553/768/536 564/779/546 555/770/537
f 562/777/544 564/779/546 553/768/536
f 563/778/545 565/780/547 562/777/544
f 562/777/544 565/780/547 564/779/546
f 561/776/543 566/781/548 563/778/545
f 563/778/545 566/781/548 565/780/547
f 555/770/537 567/782/302 559/774/541
f 559/774/541 567/782/302 561/776/543
f 555/770/537 568/783/549 567/782/302
f 564/779/546 568/783/549 555/770/537
f 565/780/547 569/784/550 564/779/546
f 564/779/546 569/784/550 568/783/549
f 566/781/548 570/785/306 565/780/547
f 565/780/547 570/785/306 569/784/550
f 566/781/548 571/786/551 570/785/306
f 570/785/306 571/786/551 569/784/550
f 569/784/550 571/786/551 572/787/552
f 569/784/550 572/787/552 568/783/549
f 573/788/553 571/786/551 566/781/548
f 561/776/543 573/788/553 566/781/548
f 573/788/553 574/789/554 571/786/551
f 571/786/551 574/789/554 572/787/552
f 572/787/552 574/789/554 575/790/555
f 572/787/552 575/790/555 568/783/549
f 575/790/555 535/750/244 526/741/513
f 575/790/555 526/741/513 522/737/509
f 574/789/554 535/750/244 575/790/555
f 568/783/549 575/790/555 522/737/509
f 519/734/506 573/788/553 561/776/543
f 567/782/302 519/734/506 561/776/543
f 576/791/556 522/737/509 516/731/503
f 568/783/549 522/737/509 576/791/556
f 567/782/302 568/783/549 576/791/556
f 576/791/556 519/734/506 567/782/302
f 516/731/503 519/734/506 576/791/556
f 577/792/557 574/789/554 573/788/553
f 519/734/506 577/792/557 573/788/553
f 519/734/506 523/738/510 577/792/557
f 523/738/510 535/750/244 577/792/557
f 577/792/557 535/750/244 574/789/554
f 578/793/254 579/794/558 580/795/559
f 580/795/559 581/796/560 578/793/254
f 578/793/254 581/796/560 582/797/561
f 582/797/561 579/794/558 578/793/254
f 580/795/559 579/794/558 583/798/562
f 582/797/561 581/796/560 584/799/563
f 585/800/564 579/794/558 582/797/561
f 586/801/565 581/796/560 580/795/559
f 585/800/564 587/802/566 579/794/558
f 579/794/558 587/802/566 583/798/562
f 582/797/561 584/799/563 588/803/567
f 588/803/567 585/800/564 582/797/561
f 589/804/568 587/802/566 585/800/564
f 586/801/565 590/805/569 581/796/560
f 581/796/560 590/805/569 584/799/563
f 591/806/570 589/804/568 585/800/564
f 591/806/570 585/800/564 588/803/567
f 588/803/567 584/799/563 592/807/571
f 584/799/563 590/805/569 593/808/572
f 584/799/563 593/808/572 592/807/571
f 588/803/567 592/807/571 594/809/306
f 594/809/306 591/806/570 588/803/567
f 595/810/573 589/804/568 591/806/570
f 592/807/571 593/808/572 596/811/574
f 597/812/575 591/806/570 594/809/306
f 597/812/575 595/810/573 591/806/570
f 592/807/571 596/811/574 598/813/576
f 594/809/306 592/807/571 598/813/576
f 595/810/573 599/814/519 589/804/568
f 593/808/572 599/814/519 596/811/574
f 598/813/576 596/811/574 600/815/577
f 589/804/568 601/816/244 587/802/566
f 593/808/572 601/816/244 599/814/519
f 590/805/569 601/816/244 593/808/572
f 599/814/519 601/816/244 589/804/568
f 596/811/574 599/814/519 602/817/521
f 602/817/521 599/814/519 595/810/573
f 596/811/574 602/817/521 600/815/577
f 603/818/578 595/810/573 597/812/575
f 603/818/578 602/817/521 595/810/573
f 604/819/302 602/817/521 603/818/578
f 600/815/577 602/817/521 604/819/302
f 605/820/523 604/819/302 603/818/578
f 600/815/577 604/819/302 605/820/523
f 606/821/579 603/818/578 597/812/575
f 605/820/523 603/818/578 606/821/579
f 598/813/576 600/815/577 607/822/580
f 607/822/580 600/815/577 605/820/523
f 607/822/580 605/820/523 608/823/526
f 608/823/526 605/820/523 606/821/579
f 609/824/581 597/812/575 594/809/306
f 606/821/579 597/812/575 609/824/581
f 610/825/582 606/821/579 609/824/581
f 608/823/526 606/821/579 610/825/582
f 594/809/306 598/813/576 611/826/583
f 611/826/583 598/813/576 607/822/580
f 612/827/584 594/809/306 611/826/583
f 609/824/581 594/809/306 612/827/584
f 611/826/583 607/822/580 613/828/585
f 613/828/585 607/822/580 608/823/526
f 610/825/582 609/824/581 614/829/586
f 614/829/586 609/824/581 612/827/584
f 612/827/584 611/826/583 615/830/587
f 615/830/587 611/826/583 613/828/585
f 616/831/588 612/827/584 615/830/587
f 614/829/586 612/827/584 616/831/588
f 617/832/589 610/825/582 614/829/586
f 613/828/585 608/823/526 618/833/254
f 618/833/254 610/825/582 617/832/589
f 618/833/254 608/823/526 610/825/582
f 619/834/590 613/828/585 618/833/254
f 615/830/587 613/828/585 619/834/590
f 620/835/591 615/830/587 619/834/590
f 616/831/588 615/830/587 620/835/591
f 618/833/254 621/836/592 619/834/590
f 622/837/244 616/831/588 620/835/591
f 619/834/590 621/836/592 623/838/593
f 619/834/590 623/838/593 620/835/591
f 620/835/591 623/838/593 624/839/594
f 620/835/591 624/839/594 622/837/244
f 625/840/595 616/831/588 622/837/244
f 622/837/244 624/839/594 625/840/595
f 625/840/595 614/829/586 616/831/588
f 617/832/589 614/829/586 625/840/595
f 625/840/595 626/841/596 617/832/589
f 624/839/594 626/841/596 625/840/595
f 624/839/594 627/842/597 626/841/596
f 623/838/593 627/842/597 624/839/594
f 617/832/589 628/843/598 618/833/254
f 626/841/596 628/843/598 617/832/589
f 626/841/596 629/844/599 628/843/598
f 627/842/597 629/844/599 626/841/596
f 623/838/593 630/845/600 627/842/597
f 621/836/592 630/845/600 623/838/593
f 618/833/254 631/846/544 621/836/592
f 628/843/598 631/846/544 618/833/254
f 628/843/598 632/847/601 631/846/544
f 629/844/599 632/847/601 628/843/598
f 621/836/592 633/848/602 630/845/600
f 631/846/544 633/848/602 621/836/592
f 632/847/601 634/849/547 631/846/544
f 631/846/544 634/849/547 633/848/602
f 629/844/599 635/850/603 632/847/601
f 635/850/603 636/851/604 632/847/601
f 632/847/601 636/851/604 634/849/547
f 637/852/302 635/850/603 629/844/599
f 630/845/600 637/852/302 627/842/597
f 627/842/597 637/852/302 629/844/599
f 633/848/602 638/853/605 630/845/600
f 630/845/600 638/853/605 637/852/302
f 633/848/602 639/854/606 638/853/605
f 634/849/547 639/854/606 633/848/602
f 636/851/604 640/855/306 634/849/547
f 634/849/547 640/855/306 639/854/606
f 636/851/604 641/856/551 640/855/306
f 640/855/306 641/856/551 639/854/606
f 639/854/606 642/857/607 638/853/605
f 639/854/606 641/856/551 642/857/607
f 635/850/603 643/858/608 636/851/604
f 643/858/608 641/856/551 636/851/604
f 643/858/608 644/859/554 641/856/551
f 641/856/551 644/859/554 642/857/607
f 638/853/605 645/860/609 637/852/302
f 638/853/605 642/857/607 645/860/609
f 642/857/607 644/859/554 646/861/610
f 642/857/607 646/861/610 645/860/609
f 644/859/554 601/816/244 646/861/610
f 646/861/610 601/816/244 590/805/569
f 646/861/610 590/805/569 586/801/565
f 645/860/609 646/861/610 586/801/565
f 647/862/611 643/858/608 635/850/603
f 637/852/302 647/862/611 635/850/603
f 648/863/612 586/801/565 580/795/559
f 637/852/302 645/860/609 648/863/612
f 645/860/609 586/801/565 648/863/612
f 580/795/559 583/798/562 648/863/612
f 648/863/612 583/798/562 647/862/611
f 648/863/612 647/862/611 637/852/302
f 649/864/613 601/816/244 644/859/554
f 583/798/562 649/864/613 647/862/611
f 649/864/613 644/859/554 643/858/608
f 647/862/611 649/864/613 643/858/608
f 583/798/562 587/802/566 649/864/613
f 587/802/566 601/816/244 649/864/613
f 650/865/254 651/866/614 652/867/503
f 652/867/503 653/868/504 650/865/254
f 650/865/254 653/868/504 654/869/561
f 654/869/561 651/866/614 650/865/254
f 652/867/503 651/866/614 655/870/615
f 654/869/561 653/868/504 656/871/616
f 657/872/617 651/866/614 654/869/561
f 658/873/509 653/868/504 652/867/503
f 651/866/614 659/874/618 655/870/615
f 657/872/617 659/874/618 651/866/614
f 654/869/561 656/871/616 660/875/619
f 660/875/619 657/872/617 654/869/561
f 661/876/620 659/874/618 657/872/617
f 658/873/509 662/877/513 653/868/504
f 653/868/504 662/877/513 656/871/616
f 663/878/621 657/872/617 660/875/619
f 663/878/621 661/876/620 657/872/617
f 660/875/619 656/871/616 664/879/622
f 656/871/616 665/880/515 664/879/622
f 656/871/616 662/877/513 665/880/515
f 660/875/619 664/879/622 666/881/623
f 666/881/623 663/878/621 660/875/619
f 667/882/624 661/876/620 663/878/621
f 664/879/622 665/880/515 668/883/517
f 667/882/624 669/884/519 661/876/620
f 665/880/515 669/884/519 668/883/517
f 664/879/622 668/883/517 670/885/625
f 669/884/519 671/886/244 661/876/620
f 661/876/620 671/886/244 659/874/618
f 665/880/515 671/886/244 669/884/519
f 662/877/513 671/886/244 665/880/515
f 672/887/521 669/884/519 667/882/624
f 668/883/517 672/887/521 670/885/625
f 668/883/517 669/884/519 672/887/521
f 673/888/626 667/882/624 663/878/621
f 673/888/626 672/887/521 667/882/624
f 670/885/625 672/887/521 674/889/302
f 674/889/302 672/887/521 673/888/626
f 675/890/523 674/889/302 673/888/626
f 670/885/625 674/889/302 675/890/523
f 675/890/523 673/888/626 676/891/627
f 676/891/627 673/888/626 663/878/621
f 664/879/622 670/885/625 677/892/628
f 677/892/628 670/885/625 675/890/523
f 677/892/628 675/890/523 678/893/526
f 678/893/526 675/890/523 676/891/627
f 676/891/627 663/878/621 679/894/629
f 679/894/629 663/878/621 666/881/623
f 680/895/630 676/891/627 679/894/629
f 678/893/526 676/891/627 680/895/630
f 681/896/528 664/879/622 677/892/628
f 666/881/623 664/879/622 681/896/528
f 682/897/631 666/881/623 681/896/528
f 679/894/629 666/881/623 682/897/631
f 683/898/632 677/892/628 678/893/526
f 681/896/528 677/892/628 683/898/632
f 684/899/633 682/897/631 681/896/528
f 679/894/629 682/897/631 684/899/633
f 685/900/634 680/895/630 679/894/629
f 686/901/254 678/893/526 680/895/630
f 683/898/632 678/893/526 686/901/254
f 686/901/254 680/895/630 685/900/634
f 687/902/534 683/898/632 686/901/254
f 681/896/528 683/898/632 687/902/534
f 684/899/633 681/896/528 688/903/635
f 688/903/635 681/896/528 687/902/534
f 686/901/254 689/904/636 687/902/534
f 690/905/244 684/899/633 688/903/635
f 687/902/534 691/906/637 688/903/635
f 687/902/534 689/904/636 691/906/637
f 688/903/635 691/906/637 692/907/538
f 688/903/635 692/907/538 690/905/244
f 690/905/244 692/907/538 693/908/638
f 693/908/638 679/894/629 684/899/633
f 685/900/634 679/894/629 693/908/638
f 693/908/638 684/899/633 690/905/244
f 693/908/638 694/909/540 685/900/634
f 692/907/538 694/909/540 693/908/638
f 691/906/637 695/910/639 692/907/538
f 692/907/538 695/910/639 694/909/540
f 685/900/634 696/911/542 686/901/254
f 694/909/540 696/911/542 685/900/634
f 694/909/540 697/912/543 696/911/542
f 695/910/639 697/912/543 694/909/540
f 696/911/542 698/913/544 686/901/254
f 686/901/254 698/913/544 689/904/636
f 696/911/542 699/914/545 698/913/544
f 697/912/543 699/914/545 696/911/542
f 689/904/636 700/915/546 691/906/637
f 698/913/544 700/915/546 689/904/636
f 698/913/544 701/916/547 700/915/546
f 699/914/545 701/916/547 698/913/544
f 699/914/545 702/917/548 701/916/547
f 697/912/543 702/917/548 699/914/545
f 691/906/637 703/918/302 695/910/639
f 695/910/639 703/918/302 697/912/543
f 691/906/637 704/919/549 703/918/302
f 700/915/546 704/919/549 691/906/637
f 700/915/546 705/920/640 704/919/549
f 701/916/547 705/920/640 700/915/546
f 701/916/547 706/921/306 705/920/640
f 702/917/548 706/921/306 701/916/547
f 702/917/548 707/922/551 706/921/306
f 706/921/306 707/922/551 705/920/640
f 705/920/640 707/922/551 708/923/552
f 705/920/640 708/923/552 704/919/549
f 709/924/553 707/922/551 702/917/548
f 697/912/543 709/924/553 702/917/548
f 709/924/553 710/925/554 707/922/551
f 707/922/551 710/925/554 708/923/552
f 708/923/552 710/925/554 711/926/555
f 708/923/552 711/926/555 704/919/549
f 710/925/554 671/886/244 711/926/555
f 711/926/555 671/886/244 662/877/513
f 711/926/555 662/877/513 658/873/509
f 704/919/549 711/926/555 658/873/509
f 655/870/615 709/924/553 697/912/543
f 703/918/302 655/870/615 697/912/543
f 712/927/556 658/873/509 652/867/503
f 703/918/302 704/919/549 712/927/556
f 704/919/549 658/873/509 712/927/556
f 652/867/503 655/870/615 712/927/556
f 712/927/556 655/870/615 703/918/302
f 713/928/641 671/886/244 710/925/554
f 713/928/641 710/925/554 709/924/553
f 655/870/615 713/928/641 709/924/553
f 655/870/615 659/874/618 713/928/641
f 659/874/618 671/886/244 713/928/641
f 714/929/254 715/930/502 716/931/642
f 716/931/642 717/932/643 714/929/254
f 718/933/505 715/930/502 714/929/254
f 714/929/254 717/932/643 718/933/505
f 716/931/642 715/930/502 719/934/615
f 718/933/505 717/932/643 720/935/507
f 721/936/508 715/930/502 718/933/505
f 722/937/644 717/932/643 716/931/642
f 715/930/502 723/938/510 719/934/615
f 721/936/508 723/938/510 715/930/502
f 718/933/505 720/935/507 724/939/645
f 724/939/645 721/936/508 718/933/505
f 725/940/512 723/938/510 721/936/508
f 722/937/644 726/941/646 717/932/643
f 717/932/643 726/941/646 720/935/507
f 724/939/645 720/935/507 727/942/622
f 720/935/507 728/943/515 727/942/622
f 720/935/507 726/941/646 728/943/515
f 729/944/306 721/936/508 724/939/645
f 724/939/645 727/942/622 729/944/306
f 730/945/516 725/940/512 721/936/508
f 727/942/622 728/943/515 731/946/517
f 732/947/647 721/936/508 729/944/306
f 732/947/647 730/945/516 721/936/508
f 730/945/516 733/948/519 725/940/512
f 728/943/515 733/948/519 731/946/517
f 727/942/622 731/946/517 734/949/520
f 725/940/512 735/950/244 723/938/510
f 728/943/515 735/950/244 733/948/519
f 726/941/646 735/950/244 728/943/515
f 733/948/519 735/950/244 725/940/512
f 736/951/521 733/948/519 730/945/516
f 731/946/517 736/951/521 734/949/520
f 731/946/517 733/948/519 736/951/521
f 737/952/648 736/951/521 730/945/516
f 737/952/648 730/945/516 732/947/647
f 738/953/302 736/951/521 737/952/648
f 734/949/520 736/951/521 738/953/302
f 739/954/523 738/953/302 737/952/648
f 734/949/520 738/953/302 739/954/523
f 739/954/523 737/952/648 740/955/524
f 740/955/524 737/952/648 732/947/647
f 727/942/622 734/949/520 741/956/628
f 741/956/628 734/949/520 739/954/523
f 742/957/526 739/954/523 740/955/524
f 741/956/628 739/954/523 742/957/526
f 743/958/527 740/955/524 732/947/647
f 742/957/526 740/955/524 743/958/527
f 744/959/528 727/942/622 741/956/628
f 729/944/306 727/942/622 744/959/528
f 732/947/647 729/944/306 745/960/529
f 745/960/529 729/944/306 744/959/528
f 744/959/528 741/956/628 746/961/530
f 746/961/530 741/956/628 742/957/526
f 743/958/527 732/947/647 747/962/531
f 747/962/531 732/947/647 745/960/529
f 748/963/532 745/960/529 744/959/528
f 747/962/531 745/960/529 748/963/532
f 749/964/533 743/958/527 747/962/531
f 746/961/530 742/957/526 750/965/254
f 750/965/254 743/958/527 749/964/533
f 750/965/254 742/957/526 743/958/527
f 751/966/649 746/961/530 750/965/254
f 744/959/528 746/961/530 751/966/649
f 748/963/532 744/959/528 752/967/650
f 752/967/650 744/959/528 751/966/649
f 750/965/254 753/968/651 751/966/649
f 754/969/244 748/963/532 752/967/650
f 751/966/649 753/968/651 755/970/652
f 751/966/649 755/970/652 752/967/650
f 752/967/650 755/970/652 756/971/594
f 752/967/650 756/971/594 754/969/244
f 757/972/539 748/963/532 754/969/244
f 754/969/244 756/971/594 757/972/539
f 757/972/539 747/962/531 748/963/532
f 749/964/533 747/962/531 757/972/539
f 757/972/539 758/973/540 749/964/533
f 756/971/594 758/973/540 757/972/539
f 756/971/594 759/974/653 758/973/540
f 755/970/652 759/974/653 756/971/594
f 749/964/533 760/975/654 750/965/254
f 758/973/540 760/975/654 749/964/533
f 759/974/653 761/976/655 758/973/540
f 758/973/540 761/976/655 760/975/654
f 753/968/651 762/977/656 755/970/652
f 755/970/652 762/977/656 759/974/653
f 750/965/254 763/978/544 753/968/651
f 760/975/654 763/978/544 750/965/254
f 760/975/654 764/979/545 763/978/544
f 761/976/655 764/979/545 760/975/654
f 753/968/651 765/980/657 762/977/656
f 763/978/544 765/980/657 753/968/651
f 764/979/545 766/981/547 763/978/544
f 763/978/544 766/981/547 765/980/657
f 761/976/655 767/982/548 764/979/545
f 764/979/545 767/982/548 766/981/547
f 762/977/656 768/983/658 759/974/653
f 759/974/653 768/983/658 761/976/655
f 765/980/657 769/984/659 762/977/656
f 766/981/547 769/984/659 765/980/657
f 767/982/548 770/985/306 766/981/547
f 766/981/547 770/985/306 769/984/659
f 770/985/306 771/986/551 769/984/659
f 767/982/548 771/986/551 770/985/306
f 769/984/659 771/986/551 772/987/660
f 769/984/659 772/987/660 762/977/656
f 761/976/655 773/988/661 767/982/548
f 773/988/661 771/986/551 767/982/548
f 771/986/551 774/989/554 772/987/660
f 773/988/661 774/989/554 771/986/551
f 762/977/656 722/937/644 768/983/658
f 762/977/656 772/987/660 722/937/644
f 772/987/660 774/989/554 775/990/662
f 772/987/660 775/990/662 722/937/644
f 775/990/662 726/941/646 722/937/644
f 774/989/554 735/950/244 775/990/662
f 775/990/662 735/950/244 726/941/646
f 719/934/615 773/988/661 761/976/655
f 768/983/658 719/934/615 761/976/655
f 776/991/663 722/937/644 716/931/642
f 776/991/663 719/934/615 768/983/658
f 768/983/658 722/937/644 776/991/663
f 716/931/642 719/934/615 776/991/663
f 777/992/641 735/950/244 774/989/554
f 777/992/641 774/989/554 773/988/661
f 719/934/615 777/992/641 773/988/661
f 719/934/615 723/938/510 777/992/641
f 723/938/510 735/950/244 777/992/641
