mtllib miragesplit.mtl
v -0.955229 18.256199 -2.179016
v -1.614430 14.084300 0.036625
v 0.000000 26.459499 0.036627
v 0.000000 21.659000 -1.959285
v -0.955229 18.256199 -2.179016
v 0.000000 26.459499 0.036627
v -0.000001 -11.661096 -11.887003
v -0.000001 -11.432197 -14.404703
v -1.394700 -12.356897 -8.877833
v -0.000001 -11.432197 -14.404703
v -0.000001 -11.661096 -11.887003
v 1.394700 -12.356897 -8.877833
v 1.181070 -19.711899 1.702926
v 0.000000 -20.862501 0.814840
v 1.342810 -20.111700 0.119018
v 1.342810 -20.111700 0.119018
v 0.000000 -20.862501 0.814840
v 0.485244 -23.154400 -0.006109
v 2.090520 8.169808 6.012151
v -2.090520 8.169808 6.012151
v -2.090520 6.790369 6.012151
v 2.090520 6.790369 6.012151
v 2.090520 8.169808 6.012151
v -2.090520 6.790369 6.012151
v 1.181071 -15.564403 11.526796
v 1.181070 -15.564401 7.107757
v 1.181070 -12.854403 9.222687
v 1.181071 -12.854403 11.526797
v 1.181071 -15.564403 11.526796
v 1.181070 -12.854403 9.222687
v -1.181070 -12.854403 9.222687
v -1.181070 -15.564401 7.107757
v -1.181070 -15.564403 11.526796
v -1.181070 -12.854403 11.526797
v -1.181070 -12.854403 9.222687
v -1.181070 -15.564403 11.526796
v 0.000000 -20.862501 0.814840
v -1.181070 -19.711899 1.702926
v -1.342810 -20.111700 0.119018
v -1.342810 -20.111700 0.119018
v -0.485244 -23.154400 -0.006109
v 0.000000 -20.862501 0.814840
v -0.933866 2.954188 10.022301
v -0.933865 2.954188 12.723201
v -0.933865 6.173888 12.723201
v -0.933865 6.173888 12.723201
v -0.933866 6.173889 8.386491
v -0.933866 2.954188 10.022301
v 0.903349 2.954188 12.723201
v 0.903348 2.954188 10.022301
v 0.903349 6.173888 12.723201
v 0.903349 6.173888 12.723201
v 0.903348 2.954188 10.022301
v 0.903348 6.173889 8.386491
v -0.000001 -13.421998 -11.548203
v 0.000000 -13.864599 -8.795433
v -2.044740 -13.266398 -8.346813
v 0.888089 19.171700 3.988774
v 0.000000 19.608099 4.644924
v 0.000000 17.935701 4.211554
v 1.394700 -12.356897 -8.877833
v 2.044739 -13.266398 -8.346813
v -0.000001 -11.432197 -14.404703
v -0.000001 -15.619396 -18.033401
v -0.000001 -10.501396 -17.661102
v 1.669359 -10.632596 -16.043602
v 1.748709 -5.523847 -11.508501
v -0.000001 -8.658097 -13.010000
v 2.594069 -5.352948 -14.221601
v 0.000000 64.964798 4.074234
v 0.000000 73.967705 -0.781259
v -0.888089 63.353401 3.473023
v 0.000000 9.924622 -9.152498
v 2.642900 8.114871 -7.754747
v 0.000000 8.206432 -10.699799
v -0.000001 3.961304 -16.663099
v -0.000001 6.457722 -13.904200
v 2.642900 8.114871 -7.754747
v 0.000000 11.859502 -10.409897
v 0.000000 9.924622 -9.152498
v -1.507610 12.500401 -8.691668
v -1.892150 11.252201 -4.629658
v 0.000000 13.031402 -4.913477
v 0.000000 12.765901 -6.823937
v 0.000000 16.422001 0.476093
v -0.888089 14.911300 1.449633
v 0.000000 16.913401 0.766019
v 0.888089 80.770302 -4.309194
v 0.888089 63.353401 3.473023
v 0.000000 81.032700 -6.024333
v 0.903348 9.384439 -2.206489
v 1.614430 14.084300 0.036625
v -0.903348 9.384439 -2.206489
v 0.000000 17.590902 -6.302066
v -1.260410 18.042501 -6.970426
v 0.000000 15.533901 -8.337656
v -0.000001 5.334643 -12.158599
v -2.642900 8.114871 -7.754747
v -0.000001 5.359052 -13.382401
v 1.513720 15.460702 -9.320346
v 1.507610 12.500401 -8.691668
v 0.000000 15.488102 -10.217596
v 1.593070 -16.669201 -2.645954
v 0.000000 -14.627500 -2.438433
v 2.090520 -14.627500 -0.006106
v 3.735470 8.169809 0.000001
v 0.000000 8.169810 -5.566577
v 0.903348 9.384439 -2.206489
v -3.735470 8.169809 0.000002
v -2.090520 8.169808 6.012151
v -0.903348 8.175909 4.080322
v 2.090520 8.169808 6.012151
v 0.903348 8.175909 4.080322
v -0.903348 8.175909 4.080322
v -2.090520 8.169808 6.012151
v 2.090520 8.169808 6.012151
v -0.903348 8.175909 4.080322
v 0.000000 6.790371 -5.566578
v -3.735470 6.790370 0.000001
v 0.000000 8.169810 -5.566577
v 0.000000 -7.635730 1.571699
v 0.000000 3.765980 1.757871
v -1.767020 -10.730300 -0.006106
v 2.090520 6.790369 6.012151
v 3.735470 6.790370 0.000001
v 2.090520 8.169808 6.012151
v 0.000000 -13.086300 -1.757873
v 0.000000 3.765980 -1.757869
v 1.767020 -10.730300 -0.006106
v 0.000000 16.422001 0.476093
v 0.000000 16.913401 0.766019
v 0.000000 19.995699 -4.196296
v 1.181070 -14.627500 2.639847
v 1.181070 -14.124002 5.072177
v 1.181070 -16.794300 3.628646
v -1.181070 -11.252202 9.222687
v -1.181070 -11.252201 7.525857
v -1.181070 -12.302001 7.238987
v 1.181070 -12.302001 7.238987
v 1.181070 -11.252201 7.525857
v 1.181070 -11.252202 9.222687
v -2.868740 -16.959099 0.064085
v -1.181070 -19.711899 1.702926
v -1.181070 -16.794300 3.628646
v -1.181070 -14.627500 2.639847
v -1.181070 -16.794300 3.628646
v -1.181070 -14.124002 5.072177
v 1.181070 -14.627500 2.639847
v 0.000000 -12.967300 2.380438
v -1.181070 -14.627500 2.639847
v -1.767020 -10.730300 -0.006106
v 1.767020 -10.730300 -0.006106
v 0.000000 -12.469900 -2.249212
v -1.181070 -14.627500 2.639847
v -1.181070 -14.124002 5.072177
v 1.181070 -14.627500 2.639847
v -0.933866 17.117800 0.036626
v -1.055940 14.087300 0.036625
v -0.933866 13.156501 2.816862
v 0.903348 8.038578 9.759821
v 0.903348 8.038579 8.386491
v 0.903348 9.244058 9.759822
v -0.933866 8.038579 8.386491
v -0.933866 8.038578 9.759821
v -0.933866 9.244058 9.759822
v 0.903348 17.117800 0.036626
v 0.903348 13.156501 2.816862
v 0.903348 14.087300 0.036625
v -0.933866 6.173889 8.386491
v 0.903348 6.173889 8.386491
v -0.933866 8.038579 8.386491
v -0.933866 9.384439 2.255322
v 0.903348 9.384439 2.255322
v -0.933866 6.472979 6.564531
v -1.593070 -16.669201 -2.645954
v 0.000000 -14.709899 -7.379383
v 0.000000 -17.914400 -2.661214
v 0.000000 -14.709899 -7.379383
v 1.593070 -16.669201 -2.645954
v 0.000000 -17.914400 -2.661214
v 0.000000 -14.709899 -7.379383
v 2.044739 -13.266398 -8.346813
v 1.593070 -16.669201 -2.645954
v 2.044739 -13.266398 -8.346813
v 0.000000 -14.630598 -3.970463
v 1.593070 -16.669201 -2.645954
v 2.044739 -13.266398 -8.346813
v 0.000000 -13.623499 -4.654072
v 0.000000 -14.630598 -3.970463
v 0.000000 -13.623499 -4.654072
v -2.044740 -13.266398 -8.346813
v 0.000000 -14.630598 -3.970463
v 0.000000 -13.623499 -4.654072
v 0.000000 -12.997799 -3.897212
v -2.044740 -13.266398 -8.346813
v 0.000000 -12.997799 -3.897212
v -1.394700 -12.356897 -8.877833
v -2.044740 -13.266398 -8.346813
v 0.000000 -12.997799 -3.897212
v 0.000000 -11.767900 -6.530963
v -1.394700 -12.356897 -8.877833
v 0.000000 -11.767900 -6.530963
v 0.000000 -9.189119 -8.447521
v -1.394700 -12.356897 -8.877833
v 0.000000 -11.767900 -6.530963
v 1.394700 -12.356897 -8.877833
v 0.000000 -9.189119 -8.447521
v 1.394700 -12.356897 -8.877833
v 1.748709 -5.523847 -11.508501
v 0.000000 -9.189119 -8.447521
v 1.394700 -12.356897 -8.877833
v -0.000001 -9.952087 -11.972402
v 1.748709 -5.523847 -11.508501
v -0.000001 -9.952087 -11.972402
v -0.000001 -8.658097 -13.010000
v 1.748709 -5.523847 -11.508501
v -0.000001 -9.952087 -11.972402
v -1.748710 -5.523847 -11.508501
v -0.000001 -8.658097 -13.010000
v -1.748710 -5.523847 -11.508501
v -2.594071 -5.352948 -14.221601
v -0.000001 -8.658097 -13.010000
v -1.748710 -5.523847 -11.508501
v -3.042701 0.057988 -11.706900
v -2.594071 -5.352948 -14.221601
v -3.042701 0.057988 -11.706900
v -0.000001 0.177010 -14.334499
v -2.594071 -5.352948 -14.221601
v -3.042701 0.057988 -11.706900
v -0.000001 4.257332 -11.642799
v -0.000001 0.177010 -14.334499
v -0.000001 4.257332 -11.642799
v 3.042700 0.057988 -11.706900
v -0.000001 0.177010 -14.334499
v -0.000001 4.257332 -11.642799
v 2.642900 8.114871 -7.754747
v 3.042700 0.057988 -11.706900
v 2.642900 8.114871 -7.754747
v 1.797540 3.747671 -7.525859
v 3.042700 0.057988 -11.706900
v 2.642900 8.114871 -7.754747
v 1.919610 6.811731 -5.322429
v 1.797540 3.747671 -7.525859
v 1.919610 6.811731 -5.322429
v -1.797540 3.747671 -7.525859
v 1.797540 3.747671 -7.525859
v 1.919610 6.811731 -5.322429
v -1.919610 6.811731 -5.322429
v -1.797540 3.747671 -7.525859
v -1.919610 6.811731 -5.322429
v -2.642900 8.114871 -7.754747
v -1.797540 3.747671 -7.525859
v -1.919610 6.811731 -5.322429
v -1.614430 14.084300 0.036625
v -2.642900 8.114871 -7.754747
v -1.614430 14.084300 0.036625
v -1.892150 11.252201 -4.629658
v -2.642900 8.114871 -7.754747
v -1.614430 14.084300 0.036625
v 0.000000 14.606200 -2.243107
v -1.892150 11.252201 -4.629658
v 0.000000 14.606200 -2.243107
v 0.000000 13.031402 -4.913477
v -1.892150 11.252201 -4.629658
v 0.000000 14.606200 -2.243107
v 1.892150 11.252201 -4.629658
v 0.000000 13.031402 -4.913477
v 1.892150 11.252201 -4.629658
v 0.000000 12.765901 -6.823937
v 0.000000 13.031402 -4.913477
v 1.892150 11.252201 -4.629658
v 1.507610 12.500401 -8.691668
v 0.000000 12.765901 -6.823937
v 1.507610 12.500401 -8.691668
v 0.000000 13.766901 -8.117917
v 0.000000 12.765901 -6.823937
v 1.507610 12.500401 -8.691668
v 1.513720 15.460702 -9.320346
v 0.000000 13.766901 -8.117917
v 1.513720 15.460702 -9.320346
v 0.000000 15.533901 -8.337656
v 0.000000 13.766901 -8.117917
v 1.513720 15.460702 -9.320346
v 1.260410 18.042501 -6.970426
v 0.000000 15.533901 -8.337656
v 1.260410 18.042501 -6.970426
v 0.000000 17.590902 -6.302066
v 0.000000 15.533901 -8.337656
v 1.260410 18.042501 -6.970426
v 0.000000 17.981499 -3.793446
v 0.000000 17.590902 -6.302066
v 0.000000 17.981499 -3.793446
v -1.260410 18.042501 -6.970426
v 0.000000 17.590902 -6.302066
v 0.000000 17.981499 -3.793446
v -0.955229 18.256199 -2.179016
v -1.260410 18.042501 -6.970426
v -0.955229 18.256199 -2.179016
v 0.000000 19.995699 -4.196296
v -1.260410 18.042501 -6.970426
v -0.955229 18.256199 -2.179016
v 0.000000 21.659000 -1.959285
v 0.000000 19.995699 -4.196296
v 0.000000 21.659000 -1.959285
v 0.955229 18.256199 -2.179016
v 0.000000 19.995699 -4.196296
v 0.000000 21.659000 -1.959285
v 0.000000 26.459499 0.036627
v 0.955229 18.256199 -2.179016
v 0.000000 26.459499 0.036627
v 1.614430 14.084300 0.036625
v 0.955229 18.256199 -2.179016
v 0.000000 26.459499 0.036627
v -1.614430 14.084300 0.036625
v 1.614430 14.084300 0.036625
v -1.614430 14.084300 0.036625
v -0.903348 9.384439 -2.206489
v 1.614430 14.084300 0.036625
v -1.614430 14.084300 0.036625
v -1.919610 6.811731 -5.322429
v -0.903348 9.384439 -2.206489
v -1.919610 6.811731 -5.322429
v 0.903348 9.384439 -2.206489
v -0.903348 9.384439 -2.206489
v -1.919610 6.811731 -5.322429
v 1.919610 6.811731 -5.322429
v 0.903348 9.384439 -2.206489
v 1.919610 6.811731 -5.322429
v 1.614430 14.084300 0.036625
v 0.903348 9.384439 -2.206489
v 1.919610 6.811731 -5.322429
v 2.642900 8.114871 -7.754747
v 1.614430 14.084300 0.036625
v 2.642900 8.114871 -7.754747
v 1.892150 11.252201 -4.629658
v 1.614430 14.084300 0.036625
v 2.642900 8.114871 -7.754747
v 0.000000 9.924622 -9.152498
v 1.892150 11.252201 -4.629658
v 0.000000 9.924622 -9.152498
v 1.507610 12.500401 -8.691668
v 1.892150 11.252201 -4.629658
v 0.000000 9.924622 -9.152498
v 0.000000 11.859502 -10.409897
v 1.507610 12.500401 -8.691668
v 0.000000 11.859502 -10.409897
v 0.000000 15.488102 -10.217596
v 1.507610 12.500401 -8.691668
v 0.000000 11.859502 -10.409897
v -1.507610 12.500401 -8.691668
v 0.000000 15.488102 -10.217596
v -1.507610 12.500401 -8.691668
v -1.403850 15.460702 -9.320346
v 0.000000 15.488102 -10.217596
v -1.507610 12.500401 -8.691668
v 0.000000 13.766901 -8.117917
v -1.403850 15.460702 -9.320346
v 0.000000 13.766901 -8.117917
v 0.000000 15.533901 -8.337656
v -1.403850 15.460702 -9.320346
v 0.000000 81.432495 -0.991835
v -0.888089 79.970703 -0.259390
v 0.000000 80.312500 -0.006087
v -0.888089 79.970703 -0.259390
v -0.888089 79.366394 2.218717
v 0.000000 80.312500 -0.006087
v -0.888089 79.970703 -0.259390
v 0.000000 78.640099 0.363186
v -0.888089 79.366394 2.218717
v 0.000000 78.640099 0.363186
v 0.000000 78.261696 2.407926
v -0.888089 79.366394 2.218717
v 0.000000 78.640099 0.363186
v 0.888089 79.366394 2.218717
v 0.000000 78.261696 2.407926
v 0.888089 79.366394 2.218717
v 0.000000 79.183296 4.815836
v 0.000000 78.261696 2.407926
v 0.888089 79.366394 2.218717
v 0.888089 81.374596 4.846357
v 0.000000 79.183296 4.815836
v 0.888089 81.374596 4.846357
v 0.000000 81.774300 6.436368
v 0.000000 79.183296 4.815836
v 0.888089 81.374596 4.846357
v 0.000000 84.554604 6.442477
v 0.000000 81.774300 6.436368
v 0.000000 84.554604 6.442477
v -0.888089 81.374596 4.846357
v 0.000000 81.774300 6.436368
v 0.000000 84.554604 6.442477
v -0.888089 85.784500 4.486238
v -0.888089 81.374596 4.846357
v -0.888089 85.784500 4.486238
v 0.000000 83.281998 4.437407
v -0.888089 81.374596 4.846357
v -0.888089 85.784500 4.486238
v 0.000000 85.494598 3.894178
v 0.000000 83.281998 4.437407
v 0.000000 85.494598 3.894178
v 0.888089 85.784500 4.486238
v 0.000000 83.281998 4.437407
v 0.000000 85.494598 3.894178
v 0.000000 87.029602 1.745678
v 0.888089 85.784500 4.486238
v 0.000000 87.029602 1.745678
v 0.888089 88.167999 0.100729
v 0.888089 85.784500 4.486238
v 0.000000 87.029602 1.745678
v 0.000000 86.858704 -0.924693
v 0.888089 88.167999 0.100729
v 0.000000 86.858704 -0.924693
v 0.888089 85.161903 -3.875832
v 0.888089 88.167999 0.100729
v 0.000000 86.858704 -0.924693
v 0.000000 84.768204 -3.173902
v 0.888089 85.161903 -3.875832
v 0.000000 84.768204 -3.173902
v 0.888089 80.770302 -4.309194
v 0.888089 85.161903 -3.875832
v 0.000000 84.768204 -3.173902
v 0.000000 80.779396 -3.524874
v 0.888089 80.770302 -4.309194
v 0.000000 80.779396 -3.524874
v 0.000000 73.967705 -0.781259
v 0.888089 80.770302 -4.309194
v 0.000000 80.779396 -3.524874
v -0.888089 80.770302 -4.309194
v 0.000000 73.967705 -0.781259
v -0.888089 80.770302 -4.309194
v -0.888089 63.353401 3.473023
v 0.000000 73.967705 -0.781259
v -0.888089 80.770302 -4.309194
v 0.000000 81.032700 -6.024333
v -0.888089 63.353401 3.473023
v 0.000000 81.032700 -6.024333
v 0.000000 62.953598 2.368253
v -0.888089 63.353401 3.473023
v 0.000000 81.032700 -6.024333
v 0.888089 63.353401 3.473023
v 0.000000 62.953598 2.368253
v 0.888089 63.353401 3.473023
v 0.888089 19.171700 3.988774
v 0.000000 62.953598 2.368253
v 0.888089 63.353401 3.473023
v 0.000000 62.800999 4.522853
v 0.888089 19.171700 3.988774
v 0.000000 62.800999 4.522853
v 0.000000 19.608099 4.644924
v 0.888089 19.171700 3.988774
v 0.000000 62.800999 4.522853
v -0.888089 19.171700 3.988774
v 0.000000 19.608099 4.644924
v -0.888089 19.171700 3.988774
v 0.000000 17.935701 4.211554
v 0.000000 19.608099 4.644924
v -0.888089 19.171700 3.988774
v -0.888089 14.911300 1.449633
v 0.000000 17.935701 4.211554
v -0.888089 14.911300 1.449633
v 0.000000 13.947000 1.925723
v 0.000000 17.935701 4.211554
v 0.903348 6.173889 8.386491
v 0.903348 8.038579 8.386491
v -0.933866 8.038579 8.386491
v 0.903348 8.038579 8.386491
v -0.933866 8.038578 9.759821
v -0.933866 8.038579 8.386491
v 0.903348 8.038579 8.386491
v 0.903348 8.038578 9.759821
v -0.933866 8.038578 9.759821
v 0.903348 8.038578 9.759821
v -0.933866 9.244058 9.759822
v -0.933866 8.038578 9.759821
v 0.903348 8.038578 9.759821
v 0.903348 9.244058 9.759822
v -0.933866 9.244058 9.759822
v 0.903348 9.244058 9.759822
v -0.933866 9.244057 11.432200
v -0.933866 9.244058 9.759822
v 0.903348 9.244058 9.759822
v 0.903348 9.244057 11.432200
v -0.933866 9.244057 11.432200
v 0.903348 9.244057 11.432200
v -0.933866 10.657097 11.432200
v -0.933866 9.244057 11.432200
v 0.903348 9.244057 11.432200
v 0.903348 10.657097 11.432200
v -0.933866 10.657097 11.432200
v 0.903348 10.657097 11.432200
v -0.933866 10.751698 6.408893
v -0.933866 10.657097 11.432200
v 0.903348 10.657097 11.432200
v 0.903348 10.751698 6.408893
v -0.933866 10.751698 6.408893
v 0.903348 10.751698 6.408893
v -0.933866 12.176899 6.408893
v -0.933866 10.751698 6.408893
v 0.903348 10.751698 6.408893
v 0.903348 12.176899 6.408893
v -0.933866 12.176899 6.408893
v 0.903348 12.176899 6.408893
v -0.933866 12.176899 6.857513
v -0.933866 12.176899 6.408893
v 0.903348 12.176899 6.408893
v 0.903348 12.176899 6.857513
v -0.933866 12.176899 6.857513
v 0.903348 12.176899 6.857513
v -0.933866 13.156500 6.857513
v -0.933866 12.176899 6.857513
v 0.903348 12.176899 6.857513
v 0.903348 13.156500 6.857513
v -0.933866 13.156500 6.857513
v 0.903348 13.156500 6.857513
v -0.933866 13.156501 2.816862
v -0.933866 13.156500 6.857513
v 0.903348 13.156500 6.857513
v 0.903348 13.156501 2.816862
v -0.933866 13.156501 2.816862
v 0.903348 13.156501 2.816862
v -0.933866 17.117800 0.036626
v -0.933866 13.156501 2.816862
v 0.903348 13.156501 2.816862
v 0.903348 17.117800 0.036626
v -0.933866 17.117800 0.036626
v 2.642900 8.114871 -7.754747
v -0.000001 6.457722 -13.904200
v 0.000000 8.206432 -10.699799
v -0.000001 6.457722 -13.904200
v -2.642900 8.114871 -7.754747
v 0.000000 8.206432 -10.699799
v -0.000001 6.457722 -13.904200
v -0.000001 3.961304 -16.663099
v -2.642900 8.114871 -7.754747
v -0.000001 3.961304 -16.663099
v -0.000001 5.359052 -13.382401
v -2.642900 8.114871 -7.754747
v -0.000001 3.961304 -16.663099
v 2.642900 8.114871 -7.754747
v -0.000001 5.359052 -13.382401
v 2.642900 8.114871 -7.754747
v -0.000001 5.334643 -12.158599
v -0.000001 5.359052 -13.382401
v 2.642900 8.114871 -7.754747
v -0.000001 4.257332 -11.642799
v -0.000001 5.334643 -12.158599
v -0.000001 4.257332 -11.642799
v -2.642900 8.114871 -7.754747
v -0.000001 5.334643 -12.158599
v -0.000001 4.257332 -11.642799
v -3.042701 0.057988 -11.706900
v -2.642900 8.114871 -7.754747
v -3.042701 0.057988 -11.706900
v -1.797540 3.747671 -7.525859
v -2.642900 8.114871 -7.754747
v -3.042701 0.057988 -11.706900
v -1.513720 0.024416 -8.825951
v -1.797540 3.747671 -7.525859
v -1.513720 0.024416 -8.825951
v 1.513720 0.024416 -8.825951
v -1.797540 3.747671 -7.525859
v -1.513720 0.024416 -8.825951
v 0.000000 -3.314307 -8.734401
v 1.513720 0.024416 -8.825951
v 0.000000 -3.314307 -8.734401
v 1.141389 -4.077269 -9.653001
v 1.513720 0.024416 -8.825951
v 0.000000 -3.314307 -8.734401
v 0.000000 -5.859549 -7.684562
v 1.141389 -4.077269 -9.653001
v 0.000000 -5.859549 -7.684562
v 0.000000 -5.078278 -9.326461
v 1.141389 -4.077269 -9.653001
v 0.000000 -5.859549 -7.684562
v -1.141390 -4.077269 -9.653001
v 0.000000 -5.078278 -9.326461
v -1.141390 -4.077269 -9.653001
v -1.748710 -5.523847 -11.508501
v 0.000000 -5.078278 -9.326461
v -1.141390 -4.077269 -9.653001
v -3.042701 0.057988 -11.706900
v -1.748710 -5.523847 -11.508501
v 0.000000 -20.862501 0.814840
v 1.181070 -19.711899 1.702926
v -1.181070 -19.711899 1.702926
v 1.181070 -19.711899 1.702926
v -1.181070 -19.711899 4.074216
v -1.181070 -19.711899 1.702926
v 1.181070 -19.711899 1.702926
v 1.181070 -19.711899 4.074216
v -1.181070 -19.711899 4.074216
v 1.181070 -19.711899 4.074216
v -1.181070 -18.604099 4.803606
v -1.181070 -19.711899 4.074216
v 1.181070 -19.711899 4.074216
v 1.181070 -18.604099 4.803606
v -1.181070 -18.604099 4.803606
v 1.181070 -18.604099 4.803606
v -1.181070 -18.601002 7.980586
v -1.181070 -18.604099 4.803606
v 1.181070 -18.604099 4.803606
v 1.181070 -18.601002 7.980586
v -1.181070 -18.601002 7.980586
v 1.181070 -18.601002 7.980586
v -1.181070 -17.365002 7.980586
v -1.181070 -18.601002 7.980586
v 1.181070 -18.601002 7.980586
v 1.181070 -17.365002 7.980586
v -1.181070 -17.365002 7.980586
v 1.181070 -17.365002 7.980586
v -1.181070 -17.365002 7.107756
v -1.181070 -17.365002 7.980586
v 1.181070 -17.365002 7.980586
v 1.181070 -17.365002 7.107756
v -1.181070 -17.365002 7.107756
v 1.181070 -17.365002 7.107756
v -1.181070 -15.564401 7.107757
v -1.181070 -17.365002 7.107756
v 1.181070 -17.365002 7.107756
v 1.181070 -15.564401 7.107757
v -1.181070 -15.564401 7.107757
v 1.181070 -15.564401 7.107757
v -1.181070 -15.564403 11.526796
v -1.181070 -15.564401 7.107757
v 1.181070 -15.564401 7.107757
v 1.181071 -15.564403 11.526796
v -1.181070 -15.564403 11.526796
v 0.903348 9.384439 2.255322
v 0.903348 6.472979 6.564531
v -0.933866 6.472979 6.564531
v 0.903348 6.472979 6.564531
v -0.933866 3.659168 8.343760
v -0.933866 6.472979 6.564531
v 0.903348 6.472979 6.564531
v 0.903348 3.659168 8.343760
v -0.933866 3.659168 8.343760
v 0.903348 3.659168 8.343760
v -0.933866 1.004059 8.471940
v -0.933866 3.659168 8.343760
v 0.903348 3.659168 8.343760
v 0.903348 1.004059 8.471940
v -0.933866 1.004059 8.471940
v 0.903348 1.004059 8.471940
v -0.933866 1.004058 10.022300
v -0.933866 1.004059 8.471940
v 0.903348 1.004059 8.471940
v 0.903348 1.004058 10.022300
v -0.933866 1.004058 10.022300
v 0.903348 1.004058 10.022300
v -0.933866 2.954188 10.022301
v -0.933866 1.004058 10.022300
v 0.903348 1.004058 10.022300
v 0.903348 2.954188 10.022301
v -0.933866 2.954188 10.022301
v 0.903348 2.954188 10.022301
v -0.933865 2.954188 12.723201
v -0.933866 2.954188 10.022301
v 0.903348 2.954188 10.022301
v 0.903349 2.954188 12.723201
v -0.933865 2.954188 12.723201
v 0.903349 2.954188 12.723201
v -0.933865 6.173888 12.723201
v -0.933865 2.954188 12.723201
v 0.903349 2.954188 12.723201
v 0.903349 6.173888 12.723201
v -0.933865 6.173888 12.723201
v 0.903349 6.173888 12.723201
v -0.933866 6.173889 8.386491
v -0.933865 6.173888 12.723201
v 0.903349 6.173888 12.723201
v 0.903348 6.173889 8.386491
v -0.933866 6.173889 8.386491
v -0.888089 81.374596 4.846357
v 0.000000 83.281998 4.437407
v 0.000000 81.124298 3.790417
v 0.000000 83.281998 4.437407
v 0.888089 81.374596 4.846357
v 0.000000 81.124298 3.790417
v 0.000000 83.281998 4.437407
v 0.888089 85.784500 4.486238
v 0.888089 81.374596 4.846357
v 0.888089 85.784500 4.486238
v 0.000000 84.554604 6.442477
v 0.888089 81.374596 4.846357
v 0.888089 85.784500 4.486238
v 0.000000 87.478294 4.944018
v 0.000000 84.554604 6.442477
v 0.000000 87.478294 4.944018
v -0.888089 85.784500 4.486238
v 0.000000 84.554604 6.442477
v 0.000000 87.478294 4.944018
v 0.000000 89.074394 2.212609
v -0.888089 85.784500 4.486238
v 0.000000 89.074394 2.212609
v -0.888089 88.167999 0.100729
v -0.888089 85.784500 4.486238
v 0.000000 89.074394 2.212609
v 0.000000 88.918701 -2.050822
v -0.888089 88.167999 0.100729
v 0.000000 88.918701 -2.050822
v -0.888089 85.161903 -3.875832
v -0.888089 88.167999 0.100729
v 0.000000 88.918701 -2.050822
v 0.000000 85.976700 -5.258322
v -0.888089 85.161903 -3.875832
v 0.000000 85.976700 -5.258322
v -0.888089 80.770302 -4.309194
v -0.888089 85.161903 -3.875832
v 0.000000 85.976700 -5.258322
v 0.000000 81.032700 -6.024333
v -0.888089 80.770302 -4.309194
v 1.181070 -14.627500 2.639847
v -1.181070 -14.124002 5.072177
v 1.181070 -14.124002 5.072177
v -1.181070 -14.124002 5.072177
v 1.181070 -12.302001 7.238987
v 1.181070 -14.124002 5.072177
v -1.181070 -14.124002 5.072177
v -1.181070 -12.302001 7.238987
v 1.181070 -12.302001 7.238987
v -1.181070 -12.302001 7.238987
v 1.181070 -11.252201 7.525857
v 1.181070 -12.302001 7.238987
v -1.181070 -12.302001 7.238987
v -1.181070 -11.252201 7.525857
v 1.181070 -11.252201 7.525857
v -1.181070 -11.252201 7.525857
v 1.181070 -11.252202 9.222687
v 1.181070 -11.252201 7.525857
v -1.181070 -11.252201 7.525857
v -1.181070 -11.252202 9.222687
v 1.181070 -11.252202 9.222687
v -1.181070 -11.252202 9.222687
v 1.181070 -12.854403 9.222687
v 1.181070 -11.252202 9.222687
v -1.181070 -11.252202 9.222687
v -1.181070 -12.854403 9.222687
v 1.181070 -12.854403 9.222687
v -1.181070 -12.854403 9.222687
v 1.181071 -12.854403 11.526797
v 1.181070 -12.854403 9.222687
v -1.181070 -12.854403 9.222687
v -1.181070 -12.854403 11.526797
v 1.181071 -12.854403 11.526797
v -1.181070 -12.854403 11.526797
v 1.181071 -15.564403 11.526796
v 1.181071 -12.854403 11.526797
v -1.181070 -12.854403 11.526797
v -1.181070 -15.564403 11.526796
v 1.181071 -15.564403 11.526796
v -1.797540 3.747671 -7.525859
v 1.513720 0.024416 -8.825951
v 1.797540 3.747671 -7.525859
v 1.513720 0.024416 -8.825951
v 3.042700 0.057988 -11.706900
v 1.797540 3.747671 -7.525859
v 1.513720 0.024416 -8.825951
v 1.141389 -4.077269 -9.653001
v 3.042700 0.057988 -11.706900
v 1.141389 -4.077269 -9.653001
v 1.748709 -5.523847 -11.508501
v 3.042700 0.057988 -11.706900
v 1.141389 -4.077269 -9.653001
v 0.000000 -5.078278 -9.326461
v 1.748709 -5.523847 -11.508501
v 0.000000 -5.078278 -9.326461
v 0.000000 -9.189119 -8.447521
v 1.748709 -5.523847 -11.508501
v 0.000000 -5.078278 -9.326461
v -1.748710 -5.523847 -11.508501
v 0.000000 -9.189119 -8.447521
v -1.748710 -5.523847 -11.508501
v -1.394700 -12.356897 -8.877833
v 0.000000 -9.189119 -8.447521
v -1.748710 -5.523847 -11.508501
v -0.000001 -9.952087 -11.972402
v -1.394700 -12.356897 -8.877833
v -0.000001 -9.952087 -11.972402
v -0.000001 -11.661096 -11.887003
v -1.394700 -12.356897 -8.877833
v -0.000001 -9.952087 -11.972402
v 1.394700 -12.356897 -8.877833
v -0.000001 -11.661096 -11.887003
v 0.000000 13.947000 1.925723
v 0.888089 14.911300 1.449633
v 0.000000 17.935701 4.211554
v 0.888089 14.911300 1.449633
v 0.888089 19.171700 3.988774
v 0.000000 17.935701 4.211554
v 0.888089 14.911300 1.449633
v 0.000000 19.876701 2.514734
v 0.888089 19.171700 3.988774
v 0.000000 19.876701 2.514734
v 0.000000 62.953598 2.368253
v 0.888089 19.171700 3.988774
v 0.000000 19.876701 2.514734
v -0.888089 19.171700 3.988774
v 0.000000 62.953598 2.368253
v -0.888089 19.171700 3.988774
v -0.888089 63.353401 3.473023
v 0.000000 62.953598 2.368253
v -0.888089 19.171700 3.988774
v 0.000000 62.800999 4.522853
v -0.888089 63.353401 3.473023
v 0.000000 62.800999 4.522853
v 0.000000 64.964798 4.074234
v -0.888089 63.353401 3.473023
v 0.000000 62.800999 4.522853
v 0.888089 63.353401 3.473023
v 0.000000 64.964798 4.074234
v 0.888089 63.353401 3.473023
v 0.000000 73.967705 -0.781259
v 0.000000 64.964798 4.074234
v 0.888089 63.353401 3.473023
v 0.888089 80.770302 -4.309194
v 0.000000 73.967705 -0.781259
v -1.614430 14.084300 0.036625
v -0.955229 18.256199 -2.179016
v 0.000000 14.606200 -2.243107
v -0.955229 18.256199 -2.179016
v 0.000000 17.020201 -2.627636
v 0.000000 14.606200 -2.243107
v -0.955229 18.256199 -2.179016
v 0.000000 17.981499 -3.793446
v 0.000000 17.020201 -2.627636
v 0.000000 17.981499 -3.793446
v 0.955229 18.256199 -2.179016
v 0.000000 17.020201 -2.627636
v 0.000000 17.981499 -3.793446
v 1.260410 18.042501 -6.970426
v 0.955229 18.256199 -2.179016
v 1.260410 18.042501 -6.970426
v 0.000000 19.995699 -4.196296
v 0.955229 18.256199 -2.179016
v 1.260410 18.042501 -6.970426
v 0.000000 18.027302 -8.340706
v 0.000000 19.995699 -4.196296
v 0.000000 18.027302 -8.340706
v -1.260410 18.042501 -6.970426
v 0.000000 19.995699 -4.196296
v 0.000000 18.027302 -8.340706
v -1.403850 15.460702 -9.320346
v -1.260410 18.042501 -6.970426
v -1.403850 15.460702 -9.320346
v 0.000000 15.533901 -8.337656
v -1.260410 18.042501 -6.970426
v -1.394700 -12.356897 -8.877833
v -0.000001 -11.432197 -14.404703
v -2.044740 -13.266398 -8.346813
v -0.000001 -11.432197 -14.404703
v -0.000001 -13.421998 -11.548203
v -2.044740 -13.266398 -8.346813
v -0.000001 -11.432197 -14.404703
v 2.044739 -13.266398 -8.346813
v -0.000001 -13.421998 -11.548203
v 2.044739 -13.266398 -8.346813
v 0.000000 -13.864599 -8.795433
v -0.000001 -13.421998 -11.548203
v 2.044739 -13.266398 -8.346813
v 0.000000 -14.709899 -7.379383
v 0.000000 -13.864599 -8.795433
v 0.000000 -14.709899 -7.379383
v -2.044740 -13.266398 -8.346813
v 0.000000 -13.864599 -8.795433
v 0.000000 -14.709899 -7.379383
v -1.593070 -16.669201 -2.645954
v -2.044740 -13.266398 -8.346813
v -1.593070 -16.669201 -2.645954
v 0.000000 -14.630598 -3.970463
v -2.044740 -13.266398 -8.346813
v -1.593070 -16.669201 -2.645954
v 0.000000 -14.627500 -2.438433
v 0.000000 -14.630598 -3.970463
v 0.000000 -14.627500 -2.438433
v 1.593070 -16.669201 -2.645954
v 0.000000 -14.630598 -3.970463
v 1.181070 -19.711899 1.702926
v 2.868740 -16.959099 0.064085
v 1.181070 -16.794300 3.628646
v 2.868740 -16.959099 0.064085
v 1.181070 -14.627500 2.639847
v 1.181070 -16.794300 3.628646
v 2.868740 -16.959099 0.064085
v 2.090520 -14.627500 -0.006106
v 1.181070 -14.627500 2.639847
v 2.090520 -14.627500 -0.006106
v 0.000000 -12.967300 2.380438
v 1.181070 -14.627500 2.639847
v 2.090520 -14.627500 -0.006106
v 2.563550 -13.449500 -0.006106
v 0.000000 -12.967300 2.380438
v 2.563550 -13.449500 -0.006106
v 0.000000 -11.578701 3.064057
v 0.000000 -12.967300 2.380438
v 2.563550 -13.449500 -0.006106
v 1.767020 -10.730300 -0.006106
v 0.000000 -11.578701 3.064057
v 1.767020 -10.730300 -0.006106
v 0.000000 -9.970400 2.008118
v 0.000000 -11.578701 3.064057
v 1.767020 -10.730300 -0.006106
v 0.000000 -7.635730 1.571699
v 0.000000 -9.970400 2.008118
v 0.000000 -7.635730 1.571699
v -1.767020 -10.730300 -0.006106
v 0.000000 -9.970400 2.008118
v -0.933866 1.004058 10.022300
v -0.933866 2.954188 10.022301
v -0.933866 1.004059 8.471940
v -0.933866 2.954188 10.022301
v -0.933866 3.659168 8.343760
v -0.933866 1.004059 8.471940
v -0.933866 2.954188 10.022301
v -0.933866 6.173889 8.386491
v -0.933866 3.659168 8.343760
v -0.933866 6.173889 8.386491
v -0.933866 6.472979 6.564531
v -0.933866 3.659168 8.343760
v -0.933866 6.173889 8.386491
v -0.933866 8.038579 8.386491
v -0.933866 6.472979 6.564531
v -0.933866 8.038579 8.386491
v -0.933866 10.751698 6.408893
v -0.933866 6.472979 6.564531
v -0.933866 8.038579 8.386491
v -0.933866 9.244058 9.759822
v -0.933866 10.751698 6.408893
v -0.933866 9.244058 9.759822
v -0.933866 10.657097 11.432200
v -0.933866 10.751698 6.408893
v -0.933866 9.244058 9.759822
v -0.933866 9.244057 11.432200
v -0.933866 10.657097 11.432200
v 0.903348 9.244057 11.432200
v 0.903348 9.244058 9.759822
v 0.903348 10.657097 11.432200
v 0.903348 9.244058 9.759822
v 0.903348 10.751698 6.408893
v 0.903348 10.657097 11.432200
v 0.903348 9.244058 9.759822
v 0.903348 8.038579 8.386491
v 0.903348 10.751698 6.408893
v 0.903348 8.038579 8.386491
v 0.903348 6.472979 6.564531
v 0.903348 10.751698 6.408893
v 0.903348 8.038579 8.386491
v 0.903348 6.173889 8.386491
v 0.903348 6.472979 6.564531
v 0.903348 6.173889 8.386491
v 0.903348 3.659168 8.343760
v 0.903348 6.472979 6.564531
v 0.903348 6.173889 8.386491
v 0.903348 2.954188 10.022301
v 0.903348 3.659168 8.343760
v 0.903348 2.954188 10.022301
v 0.903348 1.004059 8.471940
v 0.903348 3.659168 8.343760
v 0.903348 2.954188 10.022301
v 0.903348 1.004058 10.022300
v 0.903348 1.004059 8.471940
v -0.888089 79.970703 -0.259390
v 0.000000 81.432495 -0.991835
v 0.000000 79.714294 -0.640873
v 0.000000 81.432495 -0.991835
v 0.888089 79.970703 -0.259391
v 0.000000 79.714294 -0.640873
v 0.000000 81.432495 -0.991835
v 0.000000 80.312500 -0.006087
v 0.888089 79.970703 -0.259391
v 0.000000 80.312500 -0.006087
v 0.888089 79.366394 2.218717
v 0.888089 79.970703 -0.259391
v 0.000000 80.312500 -0.006087
v 0.000000 79.998199 2.090537
v 0.888089 79.366394 2.218717
v 0.000000 79.998199 2.090537
v 0.888089 81.374596 4.846357
v 0.888089 79.366394 2.218717
v 0.000000 79.998199 2.090537
v 0.000000 81.124298 3.790417
v 0.888089 81.374596 4.846357
v 0.000000 81.032700 -6.024333
v 0.000000 85.976700 -5.258322
v 0.888089 80.770302 -4.309194
v 0.000000 85.976700 -5.258322
v 0.888089 85.161903 -3.875832
v 0.888089 80.770302 -4.309194
v 0.000000 85.976700 -5.258322
v 0.000000 88.918701 -2.050822
v 0.888089 85.161903 -3.875832
v 0.000000 88.918701 -2.050822
v 0.888089 88.167999 0.100729
v 0.888089 85.161903 -3.875832
v 0.000000 88.918701 -2.050822
v 0.000000 89.074394 2.212609
v 0.888089 88.167999 0.100729
v 0.000000 89.074394 2.212609
v 0.888089 85.784500 4.486238
v 0.888089 88.167999 0.100729
v 0.000000 89.074394 2.212609
v 0.000000 87.478294 4.944018
v 0.888089 85.784500 4.486238
v -2.594071 -5.352948 -14.221601
v -0.000001 -8.597057 -14.212501
v -0.000001 -8.658097 -13.010000
v -0.000001 -8.597057 -14.212501
v 2.594069 -5.352948 -14.221601
v -0.000001 -8.658097 -13.010000
v -0.000001 -8.597057 -14.212501
v 1.669359 -10.632596 -16.043602
v 2.594069 -5.352948 -14.221601
v 1.669359 -10.632596 -16.043602
v -0.000001 -5.169836 -16.550200
v 2.594069 -5.352948 -14.221601
v 1.669359 -10.632596 -16.043602
v -0.000001 -10.501396 -17.661102
v -0.000001 -5.169836 -16.550200
v -0.000001 -10.501396 -17.661102
v -1.669361 -10.632596 -16.043602
v -0.000001 -5.169836 -16.550200
v -0.000001 -10.501396 -17.661102
v -0.000001 -15.619396 -18.033401
v -1.669361 -10.632596 -16.043602
v 0.000000 80.779396 -3.524874
v 0.000000 84.768204 -3.173902
v -0.888089 80.770302 -4.309194
v 0.000000 84.768204 -3.173902
v -0.888089 85.161903 -3.875832
v -0.888089 80.770302 -4.309194
v 0.000000 84.768204 -3.173902
v 0.000000 86.858704 -0.924693
v -0.888089 85.161903 -3.875832
v 0.000000 86.858704 -0.924693
v -0.888089 88.167999 0.100729
v -0.888089 85.161903 -3.875832
v 0.000000 86.858704 -0.924693
v 0.000000 87.029602 1.745678
v -0.888089 88.167999 0.100729
v 0.000000 87.029602 1.745678
v -0.888089 85.784500 4.486238
v -0.888089 88.167999 0.100729
v 0.000000 87.029602 1.745678
v 0.000000 85.494598 3.894178
v -0.888089 85.784500 4.486238
v -1.181070 -19.711899 1.702926
v -2.868740 -16.959099 0.064085
v -1.342810 -20.111700 0.119018
v -2.868740 -16.959099 0.064085
v -1.593070 -16.669201 -2.645954
v -1.342810 -20.111700 0.119018
v -2.868740 -16.959099 0.064085
v -2.090520 -14.627500 -0.006106
v -1.593070 -16.669201 -2.645954
v -2.090520 -14.627500 -0.006106
v 0.000000 -14.627500 -2.438433
v -1.593070 -16.669201 -2.645954
v -2.090520 -14.627500 -0.006106
v -2.563550 -13.449500 -0.006106
v 0.000000 -14.627500 -2.438433
v -2.563550 -13.449500 -0.006106
v 0.000000 -12.469900 -2.249212
v 0.000000 -14.627500 -2.438433
v -2.563550 -13.449500 -0.006106
v -1.767020 -10.730300 -0.006106
v 0.000000 -12.469900 -2.249212
v -1.181070 -16.794300 3.628646
v -1.181070 -14.627500 2.639847
v -2.868740 -16.959099 0.064085
v -1.181070 -14.627500 2.639847
v -2.090520 -14.627500 -0.006106
v -2.868740 -16.959099 0.064085
v -1.181070 -14.627500 2.639847
v 0.000000 -12.967300 2.380438
v -2.090520 -14.627500 -0.006106
v 0.000000 -12.967300 2.380438
v -2.563550 -13.449500 -0.006106
v -2.090520 -14.627500 -0.006106
v 0.000000 -12.967300 2.380438
v 0.000000 -11.578701 3.064057
v -2.563550 -13.449500 -0.006106
v 0.000000 -11.578701 3.064057
v -1.767020 -10.730300 -0.006106
v -2.563550 -13.449500 -0.006106
v 0.000000 -11.578701 3.064057
v 0.000000 -9.970400 2.008118
v -1.767020 -10.730300 -0.006106
v 1.181070 -19.711899 1.702926
v 1.181070 -16.794300 3.628646
v 1.181070 -19.711899 4.074216
v 1.181070 -16.794300 3.628646
v 1.181070 -18.604099 4.803606
v 1.181070 -19.711899 4.074216
v 1.181070 -16.794300 3.628646
v 1.181070 -14.124002 5.072177
v 1.181070 -18.604099 4.803606
v 1.181070 -14.124002 5.072177
v 1.181070 -15.564401 7.107757
v 1.181070 -18.604099 4.803606
v 1.181070 -14.124002 5.072177
v 1.181070 -12.302001 7.238987
v 1.181070 -15.564401 7.107757
v 1.181070 -12.302001 7.238987
v 1.181070 -12.854403 9.222687
v 1.181070 -15.564401 7.107757
v 1.181070 -12.302001 7.238987
v 1.181070 -11.252202 9.222687
v 1.181070 -12.854403 9.222687
v -1.181070 -11.252202 9.222687
v -1.181070 -12.302001 7.238987
v -1.181070 -12.854403 9.222687
v -1.181070 -12.302001 7.238987
v -1.181070 -15.564401 7.107757
v -1.181070 -12.854403 9.222687
v -1.181070 -12.302001 7.238987
v -1.181070 -14.124002 5.072177
v -1.181070 -15.564401 7.107757
v -1.181070 -14.124002 5.072177
v -1.181070 -18.604099 4.803606
v -1.181070 -15.564401 7.107757
v -1.181070 -14.124002 5.072177
v -1.181070 -16.794300 3.628646
v -1.181070 -18.604099 4.803606
v -1.181070 -16.794300 3.628646
v -1.181070 -19.711899 4.074216
v -1.181070 -18.604099 4.803606
v -1.181070 -16.794300 3.628646
v -1.181070 -19.711899 1.702926
v -1.181070 -19.711899 4.074216
v 1.748709 -5.523847 -11.508501
v 2.594069 -5.352948 -14.221601
v 3.042700 0.057988 -11.706900
v 2.594069 -5.352948 -14.221601
v -0.000001 0.177010 -14.334499
v 3.042700 0.057988 -11.706900
v 2.594069 -5.352948 -14.221601
v -0.000001 -5.169836 -16.550200
v -0.000001 0.177010 -14.334499
v -0.000001 -5.169836 -16.550200
v -2.594071 -5.352948 -14.221601
v -0.000001 0.177010 -14.334499
v -0.000001 -5.169836 -16.550200
v -1.669361 -10.632596 -16.043602
v -2.594071 -5.352948 -14.221601
v 0.000000 13.766901 -8.117917
v -1.507610 12.500401 -8.691668
v 0.000000 12.765901 -6.823937
v -1.507610 12.500401 -8.691668
v -1.892150 11.252201 -4.629658
v 0.000000 12.765901 -6.823937
v -1.507610 12.500401 -8.691668
v 0.000000 9.924622 -9.152498
v -1.892150 11.252201 -4.629658
v 0.000000 9.924622 -9.152498
v -2.642900 8.114871 -7.754747
v -1.892150 11.252201 -4.629658
v 0.000000 9.924622 -9.152498
v 0.000000 8.206432 -10.699799
v -2.642900 8.114871 -7.754747
v 1.593070 -16.669201 -2.645954
v 1.342810 -20.111700 0.119018
v 0.000000 -17.914400 -2.661214
v 1.342810 -20.111700 0.119018
v 0.000000 -20.374199 -0.579856
v 0.000000 -17.914400 -2.661214
v 1.342810 -20.111700 0.119018
v 0.485244 -23.154400 -0.006109
v 0.000000 -20.374199 -0.579856
v 0.485244 -23.154400 -0.006109
v 0.000000 -23.261200 0.006099
v 0.000000 -20.374199 -0.579856
v 0.485244 -23.154400 -0.006109
v 0.000000 -20.862501 0.814840
v 0.000000 -23.261200 0.006099
v 0.000000 -20.862501 0.814840
v -0.485244 -23.154400 -0.006109
v 0.000000 -23.261200 0.006099
v -0.485244 -23.154400 -0.006109
v 0.000000 -20.374199 -0.579856
v 0.000000 -23.261200 0.006099
v -0.485244 -23.154400 -0.006109
v -1.342810 -20.111700 0.119018
v 0.000000 -20.374199 -0.579856
v -1.342810 -20.111700 0.119018
v 0.000000 -17.914400 -2.661214
v 0.000000 -20.374199 -0.579856
v -1.342810 -20.111700 0.119018
v -1.593070 -16.669201 -2.645954
v 0.000000 -17.914400 -2.661214
v 0.000000 16.422001 0.476093
v 0.000000 16.913401 0.766019
v 0.888089 14.911300 1.449633
v 0.000000 16.913401 0.766019
v 0.000000 19.876701 2.514734
v 0.888089 14.911300 1.449633
v 0.000000 16.913401 0.766019
v -0.888089 14.911300 1.449633
v 0.000000 19.876701 2.514734
v -0.888089 14.911300 1.449633
v -0.888089 19.171700 3.988774
v 0.000000 19.876701 2.514734
v 0.000000 6.790370 3.039641
v -1.757870 3.765980 0.000001
v 0.000000 3.765980 1.757871
v -1.757870 3.765980 0.000001
v -1.767020 -10.730300 -0.006106
v 0.000000 3.765980 1.757871
v -1.757870 3.765980 0.000001
v 0.000000 3.765980 -1.757869
v -1.767020 -10.730300 -0.006106
v 0.000000 3.765980 -1.757869
v 0.000000 -13.086300 -1.757873
v -1.767020 -10.730300 -0.006106
v 0.000000 6.790370 -3.039639
v 1.757870 3.765980 0.000001
v 0.000000 3.765980 -1.757869
v 1.757870 3.765980 0.000001
v 1.767020 -10.730300 -0.006106
v 0.000000 3.765980 -1.757869
v 1.757870 3.765980 0.000001
v 0.000000 3.765980 1.757871
v 1.767020 -10.730300 -0.006106
v 0.000000 3.765980 1.757871
v 0.000000 -7.635730 1.571699
v 1.767020 -10.730300 -0.006106
v -0.933866 10.751698 6.408893
v -0.933866 13.156501 2.816862
v -0.933866 6.472979 6.564531
v -0.933866 13.156501 2.816862
v -0.933866 9.384439 2.255322
v -0.933866 6.472979 6.564531
v -0.933866 13.156501 2.816862
v -1.055940 14.087300 0.036625
v -0.933866 9.384439 2.255322
v -1.055940 14.087300 0.036625
v -0.903348 9.384439 -2.206489
v -0.933866 9.384439 2.255322
v 0.903348 12.176899 6.857513
v 0.903348 12.176899 6.408893
v 0.903348 13.156500 6.857513
v 0.903348 12.176899 6.408893
v 0.903348 13.156501 2.816862
v 0.903348 13.156500 6.857513
v 0.903348 12.176899 6.408893
v 0.903348 10.751698 6.408893
v 0.903348 13.156501 2.816862
v 0.903348 10.751698 6.408893
v 0.903348 6.472979 6.564531
v 0.903348 13.156501 2.816862
v 0.000000 81.124298 3.790417
v 0.000000 79.998199 2.090537
v -0.888089 81.374596 4.846357
v 0.000000 79.998199 2.090537
v -0.888089 79.366394 2.218717
v -0.888089 81.374596 4.846357
v 0.000000 79.998199 2.090537
v 0.000000 80.312500 -0.006087
v -0.888089 79.366394 2.218717
v 0.000000 78.261696 2.407926
v 0.000000 79.183296 4.815836
v -0.888089 79.366394 2.218717
v 0.000000 79.183296 4.815836
v -0.888089 81.374596 4.846357
v -0.888089 79.366394 2.218717
v 0.000000 79.183296 4.815836
v 0.000000 81.774300 6.436368
v -0.888089 81.374596 4.846357
v 0.000000 -11.767900 -6.530963
v 0.000000 -12.997799 -3.897212
v 1.394700 -12.356897 -8.877833
v 0.000000 -12.997799 -3.897212
v 2.044739 -13.266398 -8.346813
v 1.394700 -12.356897 -8.877833
v 0.000000 -12.997799 -3.897212
v 0.000000 -13.623499 -4.654072
v 2.044739 -13.266398 -8.346813
v -3.042701 0.057988 -11.706900
v -1.141390 -4.077269 -9.653001
v -1.513720 0.024416 -8.825951
v -1.141390 -4.077269 -9.653001
v 0.000000 -3.314307 -8.734401
v -1.513720 0.024416 -8.825951
v -1.141390 -4.077269 -9.653001
v 0.000000 -5.859549 -7.684562
v 0.000000 -3.314307 -8.734401
v -0.000001 -15.619396 -18.033401
v 1.669359 -10.632596 -16.043602
v -1.669361 -10.632596 -16.043602
v 1.669359 -10.632596 -16.043602
v -2.594071 -5.352948 -14.221601
v -1.669361 -10.632596 -16.043602
v 1.669359 -10.632596 -16.043602
v -0.000001 -8.597057 -14.212501
v -2.594071 -5.352948 -14.221601
v 1.892150 11.252201 -4.629658
v 0.000000 14.606200 -2.243107
v 1.614430 14.084300 0.036625
v 0.000000 14.606200 -2.243107
v 0.955229 18.256199 -2.179016
v 1.614430 14.084300 0.036625
v 0.000000 14.606200 -2.243107
v 0.000000 17.020201 -2.627636
v 0.955229 18.256199 -2.179016
v -1.403850 15.460702 -9.320346
v 0.000000 18.027302 -8.340706
v 0.000000 15.488102 -10.217596
v 0.000000 18.027302 -8.340706
v 1.513720 15.460702 -9.320346
v 0.000000 15.488102 -10.217596
v 0.000000 18.027302 -8.340706
v 1.260410 18.042501 -6.970426
v 1.513720 15.460702 -9.320346
v 0.888089 79.366394 2.218717
v 0.000000 78.640099 0.363186
v 0.888089 79.970703 -0.259391
v 0.000000 78.640099 0.363186
v 0.000000 79.714294 -0.640873
v 0.888089 79.970703 -0.259391
v 0.000000 78.640099 0.363186
v -0.888089 79.970703 -0.259390
v 0.000000 79.714294 -0.640873
v 2.090520 -14.627500 -0.006106
v 2.868740 -16.959099 0.064085
v 1.593070 -16.669201 -2.645954
v 2.868740 -16.959099 0.064085
v 1.342810 -20.111700 0.119018
v 1.593070 -16.669201 -2.645954
v 2.868740 -16.959099 0.064085
v 1.181070 -19.711899 1.702926
v 1.342810 -20.111700 0.119018
v 2.090520 8.169808 6.012151
v 3.735470 8.169809 0.000001
v 0.903348 8.175909 4.080322
v 3.735470 8.169809 0.000001
v 0.903348 9.384439 2.255322
v 0.903348 8.175909 4.080322
v 3.735470 8.169809 0.000001
v 0.903348 9.384439 -2.206489
v 0.903348 9.384439 2.255322
v -3.735470 6.790370 0.000001
v 0.000000 6.790371 -5.566578
v -2.090520 6.790369 6.012151
v 0.000000 6.790371 -5.566578
v 2.090520 6.790369 6.012151
v -2.090520 6.790369 6.012151
v 0.000000 6.790371 -5.566578
v 3.735470 6.790370 0.000001
v 2.090520 6.790369 6.012151
v 0.000000 8.169810 -5.566577
v -3.735470 6.790370 0.000001
v -3.735470 8.169809 0.000002
v -3.735470 6.790370 0.000001
v -2.090520 8.169808 6.012151
v -3.735470 8.169809 0.000002
v -3.735470 6.790370 0.000001
v -2.090520 6.790369 6.012151
v -2.090520 8.169808 6.012151
v 0.000000 8.169810 -5.566577
v -3.735470 8.169809 0.000002
v -0.903348 9.384439 -2.206489
v -3.735470 8.169809 0.000002
v -0.903348 9.384439 2.255322
v -0.903348 9.384439 -2.206489
v -3.735470 8.169809 0.000002
v -0.903348 8.175909 4.080322
v -0.903348 9.384439 2.255322
v 2.090520 8.169808 6.012151
v 3.735470 6.790370 0.000001
v 3.735470 8.169809 0.000001
v 3.735470 6.790370 0.000001
v 0.000000 8.169810 -5.566577
v 3.735470 8.169809 0.000001
v 3.735470 6.790370 0.000001
v 0.000000 6.790371 -5.566578
v 0.000000 8.169810 -5.566577
v 0.000000 3.765980 -1.757869
v -1.757870 3.765980 0.000001
v 0.000000 6.790370 -3.039639
v -1.757870 3.765980 0.000001
v -3.039640 6.790370 0.000001
v 0.000000 6.790370 -3.039639
v -1.757870 3.765980 0.000001
v 0.000000 6.790370 3.039641
v -3.039640 6.790370 0.000001
v 0.000000 3.765980 1.757871
v 1.757870 3.765980 0.000001
v 0.000000 6.790370 3.039641
v 1.757870 3.765980 0.000001
v 3.039640 6.790370 0.000001
v 0.000000 6.790370 3.039641
v 1.757870 3.765980 0.000001
v 0.000000 6.790370 -3.039639
v 3.039640 6.790370 0.000001
v 1.767020 -10.730300 -0.006106
v 2.563550 -13.449500 -0.006106
v 0.000000 -12.469900 -2.249212
v 2.563550 -13.449500 -0.006106
v 0.000000 -14.627500 -2.438433
v 0.000000 -12.469900 -2.249212
v 2.563550 -13.449500 -0.006106
v 2.090520 -14.627500 -0.006106
v 0.000000 -14.627500 -2.438433
v -1.181070 -17.365002 7.980586
v -1.181070 -17.365002 7.107756
v -1.181070 -18.601002 7.980586
v -1.181070 -17.365002 7.107756
v -1.181070 -18.604099 4.803606
v -1.181070 -18.601002 7.980586
v -1.181070 -17.365002 7.107756
v -1.181070 -15.564401 7.107757
v -1.181070 -18.604099 4.803606
v 1.181070 -15.564401 7.107757
v 1.181070 -17.365002 7.107756
v 1.181070 -18.604099 4.803606
v 1.181070 -17.365002 7.107756
v 1.181070 -18.601002 7.980586
v 1.181070 -18.604099 4.803606
v 1.181070 -17.365002 7.107756
v 1.181070 -17.365002 7.980586
v 1.181070 -18.601002 7.980586
v 0.903348 6.472979 6.564531
v 0.903348 9.384439 2.255322
v 0.903348 13.156501 2.816862
v 0.903348 9.384439 2.255322
v 0.903348 14.087300 0.036625
v 0.903348 13.156501 2.816862
v 0.903348 9.384439 2.255322
v 0.903348 9.384439 -2.206489
v 0.903348 14.087300 0.036625
v -0.933866 10.751698 6.408893
v -0.933866 12.176899 6.408893
v -0.933866 13.156501 2.816862
v -0.933866 12.176899 6.408893
v -0.933866 13.156500 6.857513
v -0.933866 13.156501 2.816862
v -0.933866 12.176899 6.408893
v -0.933866 12.176899 6.857513
v -0.933866 13.156500 6.857513
v 0.000000 16.019201 -7.022307
v 0.000000 14.606200 -2.243107
v 0.000000 17.020201 -2.627636
v 0.000000 13.031402 -4.913477
v 0.000000 14.606200 -2.243107
v 0.000000 16.019201 -7.022307
v 0.000000 92.879997 3.122059
v 0.000000 91.222900 2.783309
v 0.000000 91.836296 4.199369
v 0.000000 91.222900 2.783309
v 0.000000 92.879997 3.122059
v 0.000000 92.761002 1.748729
v -0.000001 83.590195 -11.999883
v 0.000000 89.303299 -9.768952
v -0.000001 88.058105 -15.219583
v -0.000001 79.460999 -14.047683
v 0.000000 76.476303 -10.058884
v -0.000001 83.590195 -11.999883
v 0.000000 78.020599 5.087456
v 0.000000 72.795799 5.792425
v 0.000000 75.606606 6.198326
v 0.000000 94.448700 -9.924601
v 0.000000 89.303299 -9.768952
v 0.000000 93.679604 -4.095561
v 0.000000 76.476303 -10.058884
v 0.000000 81.032700 -6.024333
v -0.000001 83.590195 -11.999883
v 0.000000 93.679604 -4.095561
v 0.000000 88.918701 -2.050822
v 0.000000 90.771194 0.820967
v 0.000000 100.000000 0.045798
v 0.000000 93.679604 -4.095561
v 0.000000 90.771194 0.820967
v 0.000000 93.679604 -4.095561
v 0.000000 89.303299 -9.768952
v 0.000000 88.918701 -2.050822
v 0.000000 89.303299 -9.768952
v 0.000000 85.976700 -5.258322
v 0.000000 88.918701 -2.050822
v 0.000000 89.303299 -9.768952
v -0.000001 83.590195 -11.999883
v 0.000000 85.976700 -5.258322
v -0.000001 83.590195 -11.999883
v 0.000000 81.032700 -6.024333
v 0.000000 85.976700 -5.258322
v 0.000000 76.476303 -10.058884
v 0.000000 71.257698 -5.334626
v 0.000000 81.032700 -6.024333
v 0.000000 76.476303 -10.058884
v 0.000000 69.341103 -11.157585
v 0.000000 71.257698 -5.334626
v 0.000000 16.913401 0.766019
v 0.000000 32.480900 0.695828
v 0.000000 19.995699 -4.196296
v 0.000000 19.995699 -4.196296
v 0.000000 32.535801 -4.770034
v 0.000000 18.027302 -8.340706
v 0.000000 15.488102 -10.217596
v -0.000001 12.048703 -14.773997
v 0.000000 11.859502 -10.409897
v 0.000000 11.859502 -10.409897
v -0.000001 12.048703 -14.773997
v 0.000000 9.924622 -9.152498
v 0.000000 15.488102 -10.217596
v -0.000001 21.121902 -13.425096
v -0.000001 12.048703 -14.773997
v 0.000000 15.488102 -10.217596
v 0.000000 18.027302 -8.340706
v -0.000001 21.121902 -13.425096
v 0.000000 18.027302 -8.340706
v 0.000000 32.535801 -4.770034
v -0.000001 21.121902 -13.425096
v 0.000000 19.995699 -4.196296
v 0.000000 32.480900 0.695828
v 0.000000 32.535801 -4.770034
v 0.000000 32.480900 0.695828
v 0.000000 37.690399 2.453698
v 0.000000 32.535801 -4.770034
v 0.000000 67.372696 2.713114
v 0.000000 72.795799 5.792425
v 0.000000 73.967705 -0.781259
v 0.000000 72.795799 5.792425
v 0.000000 76.988998 0.613438
v 0.000000 73.967705 -0.781259
v 0.000000 78.020599 5.087456
v 0.000000 78.261696 2.407926
v 0.000000 76.988998 0.613438
v 0.000000 91.836296 4.199369
v 0.000000 91.222900 2.783309
v 0.000000 89.968597 3.665288
v 0.000000 90.771194 0.820967
v 0.000000 88.918701 -2.050822
v 0.000000 89.074394 2.212609
v 0.000000 76.988998 0.613438
v 0.000000 72.795799 5.792425
v 0.000000 78.020599 5.087456
v 0.000000 -17.914400 -2.661214
v 0.000000 -14.709899 -7.379383
v 0.000000 -20.246000 -3.897214
v 0.000000 -20.246000 -3.897214
v 0.000000 -14.709899 -7.379383
v 0.000000 -16.479998 -9.064004
v 0.000000 89.968597 3.665288
v 0.000000 91.222900 2.783309
v 0.000000 89.074394 2.212609
v 0.000000 89.074394 2.212609
v 0.000000 91.222900 2.783309
v 0.000000 90.771194 0.820967
v 0.000000 37.690399 2.453698
v 0.000000 62.953598 2.368253
v 0.000000 32.535801 -4.770034
v 0.000000 62.953598 2.368253
v 0.000000 71.257698 -5.334626
v 0.000000 32.535801 -4.770034
v 0.000000 62.953598 2.368253
v 0.000000 81.032700 -6.024333
v 0.000000 71.257698 -5.334626
v 0.000000 -22.171698 -7.892095
v 0.000000 -20.246000 -3.897214
v 0.000000 -16.479998 -9.064004
v 0.000000 16.019201 -7.022307
v 0.000000 17.020201 -2.627636
v 0.000000 14.606200 -2.243107
v 0.000000 13.031402 -4.913477
v 0.000000 16.019201 -7.022307
v 0.000000 14.606200 -2.243107
v 0.000000 92.879997 3.122059
v 0.000000 91.836296 4.199369
v 0.000000 91.222900 2.783309
v 0.000000 91.222900 2.783309
v 0.000000 92.761002 1.748729
v 0.000000 92.879997 3.122059
v -0.000001 83.590195 -11.999883
v -0.000001 88.058105 -15.219583
v 0.000000 89.303299 -9.768952
v -0.000001 79.460999 -14.047683
v -0.000001 83.590195 -11.999883
v 0.000000 76.476303 -10.058884
v 0.000000 78.020599 5.087456
v 0.000000 75.606606 6.198326
v 0.000000 72.795799 5.792425
v 0.000000 94.448700 -9.924601
v 0.000000 93.679604 -4.095561
v 0.000000 89.303299 -9.768952
v 0.000000 76.476303 -10.058884
v -0.000001 83.590195 -11.999883
v 0.000000 81.032700 -6.024333
v 0.000000 93.679604 -4.095561
v 0.000000 90.771194 0.820967
v 0.000000 88.918701 -2.050822
v 0.000000 100.000000 0.045798
v 0.000000 90.771194 0.820967
v 0.000000 93.679604 -4.095561
v 0.000000 93.679604 -4.095561
v 0.000000 88.918701 -2.050822
v 0.000000 89.303299 -9.768952
v 0.000000 89.303299 -9.768952
v 0.000000 88.918701 -2.050822
v 0.000000 85.976700 -5.258322
v 0.000000 89.303299 -9.768952
v 0.000000 85.976700 -5.258322
v -0.000001 83.590195 -11.999883
v -0.000001 83.590195 -11.999883
v 0.000000 85.976700 -5.258322
v 0.000000 81.032700 -6.024333
v 0.000000 76.476303 -10.058884
v 0.000000 81.032700 -6.024333
v 0.000000 71.257698 -5.334626
v 0.000000 76.476303 -10.058884
v 0.000000 71.257698 -5.334626
v 0.000000 69.341103 -11.157585
v 0.000000 16.913401 0.766019
v 0.000000 19.995699 -4.196296
v 0.000000 32.480900 0.695828
v 0.000000 19.995699 -4.196296
v 0.000000 18.027302 -8.340706
v 0.000000 32.535801 -4.770034
v 0.000000 15.488102 -10.217596
v 0.000000 11.859502 -10.409897
v -0.000001 12.048703 -14.773997
v 0.000000 11.859502 -10.409897
v 0.000000 9.924622 -9.152498
v -0.000001 12.048703 -14.773997
v 0.000000 15.488102 -10.217596
v -0.000001 12.048703 -14.773997
v -0.000001 21.121902 -13.425096
v 0.000000 15.488102 -10.217596
v -0.000001 21.121902 -13.425096
v 0.000000 18.027302 -8.340706
v 0.000000 18.027302 -8.340706
v -0.000001 21.121902 -13.425096
v 0.000000 32.535801 -4.770034
v 0.000000 19.995699 -4.196296
v 0.000000 32.535801 -4.770034
v 0.000000 32.480900 0.695828
v 0.000000 32.480900 0.695828
v 0.000000 32.535801 -4.770034
v 0.000000 37.690399 2.453698
v 0.000000 67.372696 2.713114
v 0.000000 73.967705 -0.781259
v 0.000000 72.795799 5.792425
v 0.000000 72.795799 5.792425
v 0.000000 73.967705 -0.781259
v 0.000000 76.988998 0.613438
v 0.000000 78.020599 5.087456
v 0.000000 76.988998 0.613438
v 0.000000 78.261696 2.407926
v 0.000000 91.836296 4.199369
v 0.000000 89.968597 3.665288
v 0.000000 91.222900 2.783309
v 0.000000 90.771194 0.820967
v 0.000000 89.074394 2.212609
v 0.000000 88.918701 -2.050822
v 0.000000 76.988998 0.613438
v 0.000000 78.020599 5.087456
v 0.000000 72.795799 5.792425
v 0.000000 -17.914400 -2.661214
v 0.000000 -20.246000 -3.897214
v 0.000000 -14.709899 -7.379383
v 0.000000 -20.246000 -3.897214
v 0.000000 -16.479998 -9.064004
v 0.000000 -14.709899 -7.379383
v 0.000000 89.968597 3.665288
v 0.000000 89.074394 2.212609
v 0.000000 91.222900 2.783309
v 0.000000 89.074394 2.212609
v 0.000000 90.771194 0.820967
v 0.000000 91.222900 2.783309
v 0.000000 37.690399 2.453698
v 0.000000 32.535801 -4.770034
v 0.000000 62.953598 2.368253
v 0.000000 62.953598 2.368253
v 0.000000 32.535801 -4.770034
v 0.000000 71.257698 -5.334626
v 0.000000 62.953598 2.368253
v 0.000000 71.257698 -5.334626
v 0.000000 81.032700 -6.024333
v 0.000000 -22.171698 -7.892095
v 0.000000 -16.479998 -9.064004
v 0.000000 -20.246000 -3.897214
vt 0.640137 0.729980
vt 0.586426 0.786133
vt 0.738770 0.783691
vt 0.677734 0.735840
vt 0.640137 0.729980
vt 0.738770 0.783691
vt 0.245117 0.726074
vt 0.242188 0.679199
vt 0.243652 0.819824
vt 0.242188 0.679199
vt 0.245117 0.726074
vt 0.243652 0.819824
vt 0.356934 0.928223
vt 0.335449 0.900391
vt 0.341309 0.879395
vt 0.341309 0.879395
vt 0.335449 0.900391
vt 0.297852 0.873535
vt 0.285645 0.353516
vt 0.212891 0.353516
vt 0.212891 0.301758
vt 0.285645 0.301758
vt 0.285645 0.353516
vt 0.212891 0.301758
vt 0.094727 0.798340
vt 0.094727 0.622070
vt 0.148926 0.706543
vt 0.148926 0.798340
vt 0.094727 0.798340
vt 0.148926 0.706543
vt 0.148926 0.706543
vt 0.094727 0.622070
vt 0.094727 0.798340
vt 0.148926 0.798340
vt 0.148926 0.706543
vt 0.094727 0.798340
vt 0.335449 0.900391
vt 0.356934 0.927734
vt 0.341309 0.879395
vt 0.341309 0.879395
vt 0.297852 0.873535
vt 0.335449 0.900391
vt 0.061523 0.213379
vt 0.061523 0.141113
vt 0.104980 0.141113
vt 0.104980 0.141113
vt 0.104980 0.257324
vt 0.061523 0.213379
vt 0.061523 0.141113
vt 0.061523 0.213379
vt 0.104980 0.141113
vt 0.104980 0.141113
vt 0.061523 0.213379
vt 0.104980 0.257324
vt 0.218750 0.750977
vt 0.207520 0.816895
vt 0.231934 0.839355
vt 0.067871 0.063965
vt 0.072754 0.042480
vt 0.052246 0.054688
vt 0.243652 0.819824
vt 0.231934 0.839355
vt 0.242188 0.679199
vt 0.177734 0.538574
vt 0.235352 0.537109
vt 0.237305 0.594727
vt 0.314453 0.694336
vt 0.266113 0.685547
vt 0.307617 0.624512
vt 0.588379 0.065430
vt 0.695312 0.165527
vt 0.571777 0.073242
vt 0.520020 0.569336
vt 0.492676 0.640625
vt 0.498047 0.542969
vt 0.431152 0.421387
vt 0.467285 0.478027
vt 0.492676 0.640625
vt 0.545410 0.541504
vt 0.520020 0.569336
vt 0.554688 0.589355
vt 0.537598 0.703613
vt 0.570801 0.692383
vt 0.563965 0.649414
vt 0.038086 0.140625
vt 0.020019 0.123047
vt 0.043945 0.134277
vt 0.770020 0.252930
vt 0.571777 0.073242
vt 0.772949 0.291992
vt 0.523438 0.785645
vt 0.586426 0.786133
vt 0.523438 0.785645
vt 0.618164 0.646973
vt 0.630371 0.616699
vt 0.593750 0.611816
vt 0.442383 0.536621
vt 0.492676 0.640625
vt 0.441895 0.506348
vt 0.593262 0.567871
vt 0.554688 0.589355
vt 0.593262 0.537598
vt 0.402344 0.789551
vt 0.435059 0.795898
vt 0.435059 0.874023
vt 0.842773 0.757812
vt 0.887695 0.923340
vt 0.887207 0.825195
vt 0.842773 0.757812
vt 0.858398 0.570801
vt 0.865234 0.624512
vt 0.858398 0.570801
vt 0.865234 0.625000
vt 0.876953 0.624512
vt 0.885742 0.569824
vt 0.858398 0.570801
vt 0.877441 0.624512
vt 0.423828 0.301758
vt 0.357422 0.301758
vt 0.423828 0.353516
vt 0.969727 0.563477
vt 0.971680 0.833496
vt 0.950684 0.490234
vt 0.285645 0.301758
vt 0.357422 0.301758
vt 0.285645 0.353516
vt 0.933105 0.438965
vt 0.930176 0.833496
vt 0.950684 0.490234
vt 0.614746 0.792969
vt 0.621094 0.799316
vt 0.659180 0.679688
vt 0.113281 0.444336
vt 0.123535 0.541016
vt 0.070312 0.483398
vt 0.180664 0.706543
vt 0.180664 0.638672
vt 0.159668 0.627441
vt 0.159668 0.627441
vt 0.180664 0.638672
vt 0.180664 0.706543
vt 0.397949 0.876465
vt 0.355957 0.927734
vt 0.400391 0.990234
vt 0.113281 0.444336
vt 0.070312 0.483398
vt 0.123535 0.541016
vt 0.251465 0.394531
vt 0.231934 0.418457
vt 0.250488 0.447754
vt 0.501953 0.876465
vt 0.501953 0.876465
vt 0.472168 0.801758
vt 0.253418 0.447754
vt 0.278809 0.447754
vt 0.254395 0.394531
vt 0.251465 0.480957
vt 0.210938 0.480957
vt 0.198242 0.406738
vt 0.129883 0.220703
vt 0.129883 0.257324
vt 0.145996 0.220703
vt 0.129883 0.257324
vt 0.129883 0.220703
vt 0.145996 0.220703
vt 0.251465 0.480957
vt 0.198242 0.406738
vt 0.210938 0.480957
vt 0.840820 0.986328
vt 0.840820 0.923340
vt 0.819824 0.986328
vt 0.813477 0.888672
vt 0.813477 0.829590
vt 0.757324 0.888672
vt 0.202637 0.985352
vt 0.200684 0.852539
vt 0.174316 0.984863
vt 0.200684 0.852539
vt 0.202637 0.985352
vt 0.174316 0.984863
vt 0.200684 0.852539
vt 0.231934 0.839355
vt 0.202637 0.985352
vt 0.231934 0.839355
vt 0.235840 0.961426
vt 0.202637 0.985352
vt 0.231934 0.839355
vt 0.245605 0.938965
vt 0.235840 0.961426
vt 0.245605 0.938965
vt 0.231934 0.839355
vt 0.235840 0.961426
vt 0.245605 0.938965
vt 0.256836 0.947754
vt 0.231934 0.839355
vt 0.256836 0.947754
vt 0.243652 0.819824
vt 0.231934 0.839355
vt 0.256836 0.947754
vt 0.263672 0.876465
vt 0.243652 0.819824
vt 0.263672 0.876465
vt 0.286133 0.811523
vt 0.243652 0.819824
vt 0.263672 0.876465
vt 0.243652 0.819824
vt 0.286133 0.811523
vt 0.243652 0.819824
vt 0.314453 0.694336
vt 0.286133 0.811523
vt 0.243652 0.819824
vt 0.255859 0.720703
vt 0.314453 0.694336
vt 0.255859 0.720703
vt 0.266113 0.685547
vt 0.314453 0.694336
vt 0.255859 0.720703
vt 0.314453 0.694336
vt 0.266113 0.685547
vt 0.314453 0.694336
vt 0.307617 0.624512
vt 0.266113 0.685547
vt 0.314453 0.694336
vt 0.379395 0.630859
vt 0.307617 0.624512
vt 0.379395 0.630859
vt 0.371094 0.537109
vt 0.307617 0.624512
vt 0.379395 0.630859
vt 0.430664 0.554199
vt 0.371094 0.537109
vt 0.430664 0.554199
vt 0.379395 0.630859
vt 0.371094 0.537109
vt 0.430664 0.554199
vt 0.492676 0.640625
vt 0.379395 0.630859
vt 0.492676 0.640625
vt 0.442871 0.692383
vt 0.379395 0.630859
vt 0.492676 0.640625
vt 0.487793 0.710938
vt 0.442871 0.692383
vt 0.487793 0.710938
vt 0.442871 0.692383
vt 0.442871 0.692383
vt 0.487793 0.710938
vt 0.487793 0.710938
vt 0.442871 0.692383
vt 0.487793 0.710938
vt 0.492676 0.640625
vt 0.442871 0.692383
vt 0.487793 0.710938
vt 0.586426 0.786133
vt 0.492676 0.640625
vt 0.586426 0.786133
vt 0.537598 0.703613
vt 0.492676 0.640625
vt 0.586426 0.786133
vt 0.591309 0.751953
vt 0.537598 0.703613
vt 0.591309 0.751953
vt 0.570801 0.692383
vt 0.537598 0.703613
vt 0.591309 0.751953
vt 0.537598 0.703613
vt 0.570801 0.692383
vt 0.537598 0.703613
vt 0.563965 0.649414
vt 0.570801 0.692383
vt 0.537598 0.703613
vt 0.554688 0.589355
vt 0.563965 0.649414
vt 0.554688 0.589355
vt 0.574219 0.617676
vt 0.563965 0.649414
vt 0.554688 0.589355
vt 0.593262 0.567871
vt 0.574219 0.617676
vt 0.593262 0.567871
vt 0.593750 0.611816
vt 0.574219 0.617676
vt 0.593262 0.567871
vt 0.630371 0.616699
vt 0.593750 0.611816
vt 0.630371 0.616699
vt 0.618164 0.646973
vt 0.593750 0.611816
vt 0.630371 0.616699
vt 0.626465 0.702148
vt 0.618164 0.646973
vt 0.626465 0.702148
vt 0.630371 0.616699
vt 0.618164 0.646973
vt 0.626465 0.702148
vt 0.640137 0.729980
vt 0.630371 0.616699
vt 0.640137 0.729980
vt 0.659180 0.679688
vt 0.630371 0.616699
vt 0.640137 0.729980
vt 0.677734 0.735840
vt 0.659180 0.679688
vt 0.677734 0.735840
vt 0.640137 0.729980
vt 0.659180 0.679688
vt 0.677734 0.735840
vt 0.738770 0.783691
vt 0.640137 0.729980
vt 0.738770 0.783691
vt 0.586426 0.786133
vt 0.640137 0.729980
vt 0.738770 0.783691
vt 0.586426 0.786133
vt 0.586426 0.786133
vt 0.586426 0.786133
vt 0.523438 0.785645
vt 0.586426 0.786133
vt 0.586426 0.786133
vt 0.487793 0.710938
vt 0.523438 0.785645
vt 0.487793 0.710938
vt 0.523438 0.785645
vt 0.523438 0.785645
vt 0.487793 0.710938
vt 0.487793 0.710938
vt 0.523438 0.785645
vt 0.487793 0.710938
vt 0.586426 0.786133
vt 0.523438 0.785645
vt 0.487793 0.710938
vt 0.492676 0.640625
vt 0.586426 0.786133
vt 0.492676 0.640625
vt 0.537598 0.703613
vt 0.586426 0.786133
vt 0.492676 0.640625
vt 0.520020 0.569336
vt 0.537598 0.703613
vt 0.520020 0.569336
vt 0.554688 0.589355
vt 0.537598 0.703613
vt 0.520020 0.569336
vt 0.545410 0.541504
vt 0.554688 0.589355
vt 0.545410 0.541504
vt 0.593262 0.537598
vt 0.554688 0.589355
vt 0.545410 0.541504
vt 0.554688 0.589355
vt 0.593262 0.537598
vt 0.554688 0.589355
vt 0.593262 0.567871
vt 0.593262 0.537598
vt 0.554688 0.589355
vt 0.574219 0.617676
vt 0.593262 0.567871
vt 0.574219 0.617676
vt 0.593750 0.611816
vt 0.593262 0.567871
vt 0.777832 0.177246
vt 0.760742 0.160645
vt 0.767578 0.152832
vt 0.760742 0.160645
vt 0.753906 0.104004
vt 0.767578 0.152832
vt 0.760742 0.160645
vt 0.745605 0.146484
vt 0.753906 0.104004
vt 0.745605 0.146484
vt 0.741699 0.100098
vt 0.753906 0.104004
vt 0.745605 0.146484
vt 0.753906 0.104004
vt 0.741699 0.100098
vt 0.753906 0.104004
vt 0.751953 0.044922
vt 0.741699 0.100098
vt 0.753906 0.104004
vt 0.776855 0.044434
vt 0.751953 0.044922
vt 0.776855 0.044434
vt 0.781738 0.007812
vt 0.751953 0.044922
vt 0.776855 0.044434
vt 0.812988 0.007812
vt 0.781738 0.007812
vt 0.812988 0.007812
vt 0.776855 0.044434
vt 0.781738 0.007812
vt 0.812988 0.007812
vt 0.827148 0.052734
vt 0.776855 0.044434
vt 0.827148 0.052734
vt 0.798340 0.059082
vt 0.776855 0.044434
vt 0.827148 0.052734
vt 0.822754 0.069824
vt 0.798340 0.059082
vt 0.822754 0.069824
vt 0.827148 0.052734
vt 0.798340 0.059082
vt 0.822754 0.069824
vt 0.835449 0.119141
vt 0.827148 0.052734
vt 0.835449 0.119141
vt 0.854492 0.152344
vt 0.827148 0.052734
vt 0.835449 0.119141
vt 0.834473 0.173340
vt 0.854492 0.152344
vt 0.834473 0.173340
vt 0.820312 0.243164
vt 0.854492 0.152344
vt 0.834473 0.173340
vt 0.815430 0.221680
vt 0.820312 0.243164
vt 0.815430 0.221680
vt 0.770020 0.252930
vt 0.820312 0.243164
vt 0.815430 0.221680
vt 0.770020 0.229492
vt 0.770020 0.252930
vt 0.770020 0.229492
vt 0.695312 0.165527
vt 0.770020 0.252930
vt 0.770020 0.229492
vt 0.770020 0.252930
vt 0.695312 0.165527
vt 0.770020 0.252930
vt 0.571777 0.073242
vt 0.695312 0.165527
vt 0.770020 0.252930
vt 0.772949 0.291992
vt 0.571777 0.073242
vt 0.772949 0.291992
vt 0.573242 0.100586
vt 0.571777 0.073242
vt 0.772949 0.291992
vt 0.571777 0.073242
vt 0.573242 0.100586
vt 0.571777 0.073242
vt 0.067871 0.063965
vt 0.573242 0.100586
vt 0.571777 0.073242
vt 0.565430 0.044922
vt 0.067871 0.063965
vt 0.565430 0.044922
vt 0.072754 0.042480
vt 0.067871 0.063965
vt 0.565430 0.044922
vt 0.067871 0.063965
vt 0.072754 0.042480
vt 0.067871 0.063965
vt 0.052246 0.054688
vt 0.072754 0.042480
vt 0.067871 0.063965
vt 0.020019 0.123047
vt 0.052246 0.054688
vt 0.020019 0.123047
vt 0.009277 0.101074
vt 0.052246 0.054688
vt 0.840820 0.923340
vt 0.819824 0.923340
vt 0.819824 0.986328
vt 0.819824 0.923340
vt 0.804199 0.986328
vt 0.819824 0.986328
vt 0.819824 0.923340
vt 0.804199 0.923340
vt 0.804199 0.986328
vt 0.804199 0.923340
vt 0.791016 0.986328
vt 0.804199 0.986328
vt 0.804199 0.923340
vt 0.791016 0.923340
vt 0.791016 0.986328
vt 0.791016 0.923340
vt 0.771973 0.986328
vt 0.791016 0.986328
vt 0.791016 0.923340
vt 0.772461 0.923340
vt 0.771973 0.986328
vt 0.772461 0.923340
vt 0.756348 0.986328
vt 0.771973 0.986328
vt 0.772461 0.923340
vt 0.756348 0.923340
vt 0.756348 0.986328
vt 0.756348 0.923340
vt 0.700195 0.986328
vt 0.756348 0.986328
vt 0.756348 0.923340
vt 0.700195 0.923340
vt 0.700195 0.986328
vt 0.700195 0.923340
vt 0.684082 0.986328
vt 0.700195 0.986328
vt 0.700195 0.923340
vt 0.684082 0.923340
vt 0.684082 0.986328
vt 0.684082 0.923340
vt 0.679199 0.986328
vt 0.684082 0.986328
vt 0.684082 0.923340
vt 0.679199 0.923340
vt 0.679199 0.986328
vt 0.679199 0.923340
vt 0.667969 0.986328
vt 0.679199 0.986328
vt 0.679199 0.923340
vt 0.667969 0.923340
vt 0.667969 0.986328
vt 0.667969 0.923340
vt 0.623047 0.986328
vt 0.667969 0.986328
vt 0.667969 0.923340
vt 0.623047 0.923340
vt 0.623047 0.986328
vt 0.623047 0.923340
vt 0.568848 0.986328
vt 0.623047 0.986328
vt 0.623047 0.923340
vt 0.568848 0.923340
vt 0.568848 0.986328
vt 0.492676 0.640625
vt 0.467285 0.478027
vt 0.498047 0.542969
vt 0.467285 0.478027
vt 0.492676 0.640625
vt 0.498047 0.542969
vt 0.467285 0.478027
vt 0.431152 0.421387
vt 0.492676 0.640625
vt 0.431152 0.421387
vt 0.441895 0.506348
vt 0.492676 0.640625
vt 0.431152 0.421387
vt 0.492676 0.640625
vt 0.441895 0.506348
vt 0.492676 0.640625
vt 0.442383 0.536621
vt 0.441895 0.506348
vt 0.492676 0.640625
vt 0.430664 0.554199
vt 0.442383 0.536621
vt 0.430664 0.554199
vt 0.492676 0.640625
vt 0.442383 0.536621
vt 0.430664 0.554199
vt 0.379395 0.630859
vt 0.492676 0.640625
vt 0.379395 0.630859
vt 0.442871 0.692383
vt 0.492676 0.640625
vt 0.379395 0.630859
vt 0.394043 0.704102
vt 0.442871 0.692383
vt 0.394043 0.704102
vt 0.394043 0.704102
vt 0.442871 0.692383
vt 0.394043 0.704102
vt 0.357422 0.752441
vt 0.394043 0.704102
vt 0.357422 0.752441
vt 0.340820 0.726562
vt 0.394043 0.704102
vt 0.357422 0.752441
vt 0.334961 0.799805
vt 0.340820 0.726562
vt 0.334961 0.799805
vt 0.328613 0.755859
vt 0.340820 0.726562
vt 0.334961 0.799805
vt 0.340820 0.726562
vt 0.328613 0.755859
vt 0.340820 0.726562
vt 0.314453 0.694336
vt 0.328613 0.755859
vt 0.340820 0.726562
vt 0.379395 0.630859
vt 0.314453 0.694336
vt 0.632812 0.325684
vt 0.616699 0.302246
vt 0.616699 0.354980
vt 0.616699 0.302246
vt 0.590332 0.354980
vt 0.616699 0.354980
vt 0.616699 0.302246
vt 0.589844 0.302246
vt 0.590332 0.354980
vt 0.589844 0.302246
vt 0.575195 0.354980
vt 0.590332 0.354980
vt 0.589844 0.302246
vt 0.575195 0.302246
vt 0.575195 0.354980
vt 0.575195 0.302246
vt 0.540039 0.354980
vt 0.575195 0.354980
vt 0.575195 0.302246
vt 0.539551 0.302246
vt 0.540039 0.354980
vt 0.539551 0.302246
vt 0.525879 0.354980
vt 0.540039 0.354980
vt 0.539551 0.302246
vt 0.525879 0.302246
vt 0.525879 0.354980
vt 0.525879 0.302246
vt 0.516113 0.354980
vt 0.525879 0.354980
vt 0.525879 0.302246
vt 0.516113 0.302246
vt 0.516113 0.354980
vt 0.516113 0.302246
vt 0.496094 0.354980
vt 0.516113 0.354980
vt 0.516113 0.302246
vt 0.495605 0.302246
vt 0.496094 0.354980
vt 0.495605 0.302246
vt 0.446289 0.354980
vt 0.496094 0.354980
vt 0.495605 0.302246
vt 0.446289 0.302246
vt 0.446289 0.354980
vt 0.813477 0.829590
vt 0.757324 0.829590
vt 0.757324 0.888672
vt 0.757324 0.829590
vt 0.729980 0.888672
vt 0.757324 0.888672
vt 0.757324 0.829590
vt 0.729980 0.829590
vt 0.729980 0.888672
vt 0.729980 0.829590
vt 0.700684 0.888672
vt 0.729980 0.888672
vt 0.729980 0.829590
vt 0.700684 0.829590
vt 0.700684 0.888672
vt 0.700684 0.829590
vt 0.683105 0.888672
vt 0.700684 0.888672
vt 0.700684 0.829590
vt 0.683105 0.829590
vt 0.683105 0.888672
vt 0.683105 0.829590
vt 0.661621 0.888672
vt 0.683105 0.888672
vt 0.683105 0.829590
vt 0.661621 0.829590
vt 0.661621 0.888672
vt 0.661621 0.829590
vt 0.632812 0.888672
vt 0.661621 0.888672
vt 0.661621 0.829590
vt 0.632812 0.829590
vt 0.632812 0.888672
vt 0.632812 0.829590
vt 0.598633 0.888672
vt 0.632812 0.888672
vt 0.632812 0.829590
vt 0.598633 0.829590
vt 0.598633 0.888672
vt 0.598633 0.829590
vt 0.570312 0.888672
vt 0.598633 0.888672
vt 0.598633 0.829590
vt 0.570312 0.829590
vt 0.570312 0.888672
vt 0.776855 0.044434
vt 0.798340 0.059082
vt 0.778320 0.069824
vt 0.798340 0.059082
vt 0.776855 0.044434
vt 0.778320 0.069824
vt 0.798340 0.059082
vt 0.827148 0.052734
vt 0.776855 0.044434
vt 0.827148 0.052734
vt 0.812988 0.007812
vt 0.776855 0.044434
vt 0.827148 0.052734
vt 0.846680 0.041992
vt 0.812988 0.007812
vt 0.846680 0.041992
vt 0.827148 0.052734
vt 0.812988 0.007812
vt 0.846680 0.041992
vt 0.864746 0.104492
vt 0.827148 0.052734
vt 0.864746 0.104492
vt 0.854492 0.152344
vt 0.827148 0.052734
vt 0.864746 0.104492
vt 0.862793 0.201660
vt 0.854492 0.152344
vt 0.862793 0.201660
vt 0.820312 0.243164
vt 0.854492 0.152344
vt 0.862793 0.201660
vt 0.829590 0.274902
vt 0.820312 0.243164
vt 0.829590 0.274902
vt 0.770020 0.252930
vt 0.820312 0.243164
vt 0.829590 0.274902
vt 0.772949 0.291992
vt 0.770020 0.252930
vt 0.254395 0.394531
vt 0.278809 0.447754
vt 0.279297 0.394531
vt 0.278809 0.447754
vt 0.308594 0.394531
vt 0.279297 0.394531
vt 0.278809 0.447754
vt 0.308105 0.447754
vt 0.308594 0.394531
vt 0.308105 0.447754
vt 0.320312 0.394531
vt 0.308594 0.394531
vt 0.308105 0.447754
vt 0.320312 0.447754
vt 0.320312 0.394531
vt 0.320312 0.447754
vt 0.339355 0.394531
vt 0.320312 0.394531
vt 0.320312 0.447754
vt 0.339355 0.447754
vt 0.339355 0.394531
vt 0.339355 0.447754
vt 0.357422 0.394531
vt 0.339355 0.394531
vt 0.339355 0.447754
vt 0.357422 0.447754
vt 0.357422 0.394531
vt 0.357422 0.447754
vt 0.383301 0.394531
vt 0.357422 0.394531
vt 0.357422 0.447754
vt 0.383301 0.447754
vt 0.383301 0.394531
vt 0.383301 0.447754
vt 0.413574 0.394531
vt 0.383301 0.394531
vt 0.383301 0.447754
vt 0.413574 0.447754
vt 0.413574 0.394531
vt 0.442871 0.692383
vt 0.394043 0.704102
vt 0.442871 0.692383
vt 0.394043 0.704102
vt 0.379395 0.630859
vt 0.442871 0.692383
vt 0.394043 0.704102
vt 0.340820 0.726562
vt 0.379395 0.630859
vt 0.340820 0.726562
vt 0.314453 0.694336
vt 0.379395 0.630859
vt 0.340820 0.726562
vt 0.328613 0.755859
vt 0.314453 0.694336
vt 0.328613 0.755859
vt 0.286133 0.811523
vt 0.314453 0.694336
vt 0.328613 0.755859
vt 0.314453 0.694336
vt 0.286133 0.811523
vt 0.314453 0.694336
vt 0.243652 0.819824
vt 0.286133 0.811523
vt 0.314453 0.694336
vt 0.255859 0.720703
vt 0.243652 0.819824
vt 0.255859 0.720703
vt 0.245117 0.726074
vt 0.243652 0.819824
vt 0.255859 0.720703
vt 0.243652 0.819824
vt 0.245117 0.726074
vt 0.009277 0.101074
vt 0.020019 0.123047
vt 0.052246 0.054688
vt 0.020019 0.123047
vt 0.067871 0.063965
vt 0.052246 0.054688
vt 0.020019 0.123047
vt 0.075684 0.100098
vt 0.067871 0.063965
vt 0.075684 0.100098
vt 0.573242 0.100586
vt 0.067871 0.063965
vt 0.075684 0.100098
vt 0.067871 0.063965
vt 0.573242 0.100586
vt 0.067871 0.063965
vt 0.571777 0.073242
vt 0.573242 0.100586
vt 0.067871 0.063965
vt 0.565430 0.044922
vt 0.571777 0.073242
vt 0.565430 0.044922
vt 0.588379 0.065430
vt 0.571777 0.073242
vt 0.565430 0.044922
vt 0.571777 0.073242
vt 0.588379 0.065430
vt 0.571777 0.073242
vt 0.695312 0.165527
vt 0.588379 0.065430
vt 0.571777 0.073242
vt 0.770020 0.252930
vt 0.695312 0.165527
vt 0.586426 0.786133
vt 0.640137 0.729980
vt 0.591309 0.751953
vt 0.640137 0.729980
vt 0.618652 0.729980
vt 0.591309 0.751953
vt 0.640137 0.729980
vt 0.626465 0.702148
vt 0.618652 0.729980
vt 0.626465 0.702148
vt 0.640137 0.729980
vt 0.618652 0.729980
vt 0.626465 0.702148
vt 0.630371 0.616699
vt 0.640137 0.729980
vt 0.630371 0.616699
vt 0.659180 0.679688
vt 0.640137 0.729980
vt 0.630371 0.616699
vt 0.633301 0.573242
vt 0.659180 0.679688
vt 0.633301 0.573242
vt 0.630371 0.616699
vt 0.659180 0.679688
vt 0.633301 0.573242
vt 0.593262 0.567871
vt 0.630371 0.616699
vt 0.593262 0.567871
vt 0.593750 0.611816
vt 0.630371 0.616699
vt 0.243652 0.819824
vt 0.242188 0.679199
vt 0.231934 0.839355
vt 0.242188 0.679199
vt 0.218750 0.750977
vt 0.231934 0.839355
vt 0.242188 0.679199
vt 0.231934 0.839355
vt 0.218750 0.750977
vt 0.231934 0.839355
vt 0.207520 0.816895
vt 0.218750 0.750977
vt 0.231934 0.839355
vt 0.200684 0.852539
vt 0.207520 0.816895
vt 0.200684 0.852539
vt 0.231934 0.839355
vt 0.207520 0.816895
vt 0.200684 0.852539
vt 0.202637 0.985352
vt 0.231934 0.839355
vt 0.202637 0.985352
vt 0.235840 0.961426
vt 0.231934 0.839355
vt 0.202637 0.985352
vt 0.233887 0.985352
vt 0.235840 0.961426
vt 0.233887 0.985352
vt 0.202637 0.985352
vt 0.235840 0.961426
vt 0.355957 0.927734
vt 0.397949 0.876465
vt 0.400391 0.990234
vt 0.397949 0.876465
vt 0.435059 0.958496
vt 0.400391 0.990234
vt 0.397949 0.876465
vt 0.435059 0.874023
vt 0.435059 0.958496
vt 0.435059 0.874023
vt 0.461426 0.950195
vt 0.435059 0.958496
vt 0.435059 0.874023
vt 0.454102 0.874023
vt 0.461426 0.950195
vt 0.454102 0.874023
vt 0.483887 0.972168
vt 0.461426 0.950195
vt 0.454102 0.874023
vt 0.501953 0.876465
vt 0.483887 0.972168
vt 0.501953 0.876465
vt 0.509766 0.938477
vt 0.483887 0.972168
vt 0.501953 0.876465
vt 0.546875 0.924316
vt 0.509766 0.938477
vt 0.546875 0.924316
vt 0.501953 0.876465
vt 0.509766 0.938477
vt 0.035645 0.213379
vt 0.061523 0.213379
vt 0.035645 0.254883
vt 0.061523 0.213379
vt 0.071289 0.258301
vt 0.035645 0.254883
vt 0.061523 0.213379
vt 0.104980 0.257324
vt 0.071289 0.258301
vt 0.104980 0.257324
vt 0.108887 0.306152
vt 0.071289 0.258301
vt 0.104980 0.257324
vt 0.129883 0.257324
vt 0.108887 0.306152
vt 0.129883 0.257324
vt 0.167969 0.310547
vt 0.108887 0.306152
vt 0.129883 0.257324
vt 0.145996 0.220703
vt 0.167969 0.310547
vt 0.145996 0.220703
vt 0.166992 0.175781
vt 0.167969 0.310547
vt 0.145996 0.220703
vt 0.145996 0.175781
vt 0.166992 0.175781
vt 0.145996 0.175781
vt 0.145996 0.220703
vt 0.166992 0.175781
vt 0.145996 0.220703
vt 0.167969 0.310547
vt 0.166992 0.175781
vt 0.145996 0.220703
vt 0.129883 0.257324
vt 0.167969 0.310547
vt 0.129883 0.257324
vt 0.108887 0.306152
vt 0.167969 0.310547
vt 0.129883 0.257324
vt 0.104980 0.257324
vt 0.108887 0.306152
vt 0.104980 0.257324
vt 0.071289 0.258301
vt 0.108887 0.306152
vt 0.104980 0.257324
vt 0.061523 0.213379
vt 0.071289 0.258301
vt 0.061523 0.213379
vt 0.035645 0.254883
vt 0.071289 0.258301
vt 0.061523 0.213379
vt 0.035645 0.213379
vt 0.035645 0.254883
vt 0.760742 0.160645
vt 0.777832 0.177246
vt 0.757812 0.169434
vt 0.777832 0.177246
vt 0.760742 0.160645
vt 0.757812 0.169434
vt 0.777832 0.177246
vt 0.767578 0.152832
vt 0.760742 0.160645
vt 0.767578 0.152832
vt 0.753906 0.104004
vt 0.760742 0.160645
vt 0.767578 0.152832
vt 0.764648 0.106934
vt 0.753906 0.104004
vt 0.764648 0.106934
vt 0.776855 0.044434
vt 0.753906 0.104004
vt 0.764648 0.106934
vt 0.778320 0.069824
vt 0.776855 0.044434
vt 0.772949 0.291992
vt 0.829590 0.274902
vt 0.770020 0.252930
vt 0.829590 0.274902
vt 0.820312 0.243164
vt 0.770020 0.252930
vt 0.829590 0.274902
vt 0.862793 0.201660
vt 0.820312 0.243164
vt 0.862793 0.201660
vt 0.854492 0.152344
vt 0.820312 0.243164
vt 0.862793 0.201660
vt 0.864746 0.104492
vt 0.854492 0.152344
vt 0.864746 0.104492
vt 0.827148 0.052734
vt 0.854492 0.152344
vt 0.864746 0.104492
vt 0.846680 0.041992
vt 0.827148 0.052734
vt 0.307617 0.624512
vt 0.259766 0.659180
vt 0.266113 0.685547
vt 0.259766 0.659180
vt 0.307617 0.624512
vt 0.266113 0.685547
vt 0.259766 0.659180
vt 0.237305 0.594727
vt 0.307617 0.624512
vt 0.237305 0.594727
vt 0.301270 0.537109
vt 0.307617 0.624512
vt 0.237305 0.594727
vt 0.235352 0.537109
vt 0.301270 0.537109
vt 0.235352 0.537109
vt 0.237305 0.594727
vt 0.301270 0.537109
vt 0.235352 0.537109
vt 0.177734 0.538574
vt 0.237305 0.594727
vt 0.770020 0.229492
vt 0.815430 0.221680
vt 0.770020 0.252930
vt 0.815430 0.221680
vt 0.820312 0.243164
vt 0.770020 0.252930
vt 0.815430 0.221680
vt 0.834473 0.173340
vt 0.820312 0.243164
vt 0.834473 0.173340
vt 0.854492 0.152344
vt 0.820312 0.243164
vt 0.834473 0.173340
vt 0.835449 0.119141
vt 0.854492 0.152344
vt 0.835449 0.119141
vt 0.827148 0.052734
vt 0.854492 0.152344
vt 0.835449 0.119141
vt 0.822754 0.069824
vt 0.827148 0.052734
vt 0.356445 0.928223
vt 0.397949 0.876465
vt 0.341309 0.879395
vt 0.397949 0.876465
vt 0.402344 0.789551
vt 0.341309 0.879395
vt 0.397949 0.876465
vt 0.435059 0.874023
vt 0.402344 0.789551
vt 0.435059 0.874023
vt 0.435059 0.795898
vt 0.402344 0.789551
vt 0.435059 0.874023
vt 0.454102 0.874023
vt 0.435059 0.795898
vt 0.454102 0.874023
vt 0.471680 0.802246
vt 0.435059 0.795898
vt 0.454102 0.874023
vt 0.501953 0.876465
vt 0.471680 0.802246
vt 0.400391 0.990234
vt 0.435059 0.958496
vt 0.397949 0.876465
vt 0.435059 0.958496
vt 0.435059 0.874023
vt 0.397949 0.876465
vt 0.435059 0.958496
vt 0.461426 0.950195
vt 0.435059 0.874023
vt 0.461426 0.950195
vt 0.454102 0.874023
vt 0.435059 0.874023
vt 0.461426 0.950195
vt 0.483887 0.972168
vt 0.454102 0.874023
vt 0.483887 0.972168
vt 0.501953 0.876465
vt 0.454102 0.874023
vt 0.483887 0.972168
vt 0.509766 0.938477
vt 0.501953 0.876465
vt 0.012207 0.406738
vt 0.070312 0.483398
vt 0.012207 0.501465
vt 0.070312 0.483398
vt 0.034180 0.530273
vt 0.012207 0.501465
vt 0.070312 0.483398
vt 0.123535 0.541016
vt 0.034180 0.530273
vt 0.123535 0.541016
vt 0.094727 0.622070
vt 0.034180 0.530273
vt 0.123535 0.541016
vt 0.159668 0.627441
vt 0.094727 0.622070
vt 0.159668 0.627441
vt 0.148926 0.706543
vt 0.094727 0.622070
vt 0.159668 0.627441
vt 0.180664 0.706543
vt 0.148926 0.706543
vt 0.180664 0.706543
vt 0.159668 0.627441
vt 0.148926 0.706543
vt 0.159668 0.627441
vt 0.094727 0.622070
vt 0.148926 0.706543
vt 0.159668 0.627441
vt 0.123535 0.541016
vt 0.094727 0.622070
vt 0.123535 0.541016
vt 0.034180 0.530273
vt 0.094727 0.622070
vt 0.123535 0.541016
vt 0.070312 0.483398
vt 0.034180 0.530273
vt 0.070312 0.483398
vt 0.012207 0.501465
vt 0.034180 0.530273
vt 0.070312 0.483398
vt 0.012207 0.406738
vt 0.012207 0.501465
vt 0.314453 0.694336
vt 0.307617 0.624512
vt 0.379395 0.630859
vt 0.307617 0.624512
vt 0.371094 0.537109
vt 0.379395 0.630859
vt 0.307617 0.624512
vt 0.301270 0.537109
vt 0.371094 0.537109
vt 0.301270 0.537109
vt 0.307617 0.624512
vt 0.371094 0.537109
vt 0.301270 0.537109
vt 0.237305 0.594727
vt 0.307617 0.624512
vt 0.574219 0.617676
vt 0.554688 0.589355
vt 0.563965 0.649414
vt 0.554688 0.589355
vt 0.537598 0.703613
vt 0.563965 0.649414
vt 0.554688 0.589355
vt 0.520020 0.569336
vt 0.537598 0.703613
vt 0.520020 0.569336
vt 0.492676 0.640625
vt 0.537598 0.703613
vt 0.520020 0.569336
vt 0.498047 0.542969
vt 0.492676 0.640625
vt 0.402344 0.789551
vt 0.341309 0.879395
vt 0.380371 0.783691
vt 0.341309 0.879395
vt 0.340332 0.850098
vt 0.380371 0.783691
vt 0.341309 0.879395
vt 0.297852 0.873535
vt 0.340332 0.850098
vt 0.297852 0.873535
vt 0.297852 0.873535
vt 0.340332 0.850098
vt 0.297852 0.873535
vt 0.335449 0.900391
vt 0.297852 0.873535
vt 0.335449 0.900391
vt 0.297852 0.873535
vt 0.297852 0.873535
vt 0.297852 0.873535
vt 0.340332 0.850098
vt 0.297852 0.873535
vt 0.297852 0.873535
vt 0.341309 0.879395
vt 0.340332 0.850098
vt 0.341309 0.879395
vt 0.380371 0.783691
vt 0.340332 0.850098
vt 0.341309 0.879395
vt 0.402344 0.789551
vt 0.380371 0.783691
vt 0.038086 0.140625
vt 0.043945 0.134277
vt 0.020019 0.123047
vt 0.043945 0.134277
vt 0.075684 0.100098
vt 0.020019 0.123047
vt 0.043945 0.134277
vt 0.020019 0.123047
vt 0.075684 0.100098
vt 0.020019 0.123047
vt 0.067871 0.063965
vt 0.075684 0.100098
vt 0.986816 0.905273
vt 0.951172 0.833496
vt 0.971680 0.833496
vt 0.951172 0.833496
vt 0.950684 0.490234
vt 0.971680 0.833496
vt 0.951172 0.833496
vt 0.930176 0.833496
vt 0.950684 0.490234
vt 0.930176 0.833496
vt 0.933105 0.438965
vt 0.950684 0.490234
vt 0.915039 0.905273
vt 0.951172 0.833496
vt 0.930176 0.833496
vt 0.951172 0.833496
vt 0.950684 0.490234
vt 0.930176 0.833496
vt 0.951172 0.833496
vt 0.971680 0.833496
vt 0.950684 0.490234
vt 0.971680 0.833496
vt 0.969727 0.563477
vt 0.950684 0.490234
vt 0.167969 0.310547
vt 0.198242 0.406738
vt 0.108887 0.306152
vt 0.198242 0.406738
vt 0.147949 0.421875
vt 0.108887 0.306152
vt 0.198242 0.406738
vt 0.210938 0.480957
vt 0.147949 0.421875
vt 0.210938 0.480957
vt 0.147949 0.541504
vt 0.147949 0.421875
vt 0.185547 0.310547
vt 0.185547 0.310547
vt 0.198242 0.298340
vt 0.185547 0.310547
vt 0.198242 0.406738
vt 0.198242 0.298340
vt 0.185547 0.310547
vt 0.167969 0.310547
vt 0.198242 0.406738
vt 0.167969 0.310547
vt 0.108887 0.306152
vt 0.198242 0.406738
vt 0.778320 0.069824
vt 0.764648 0.106934
vt 0.776855 0.044434
vt 0.764648 0.106934
vt 0.753906 0.104004
vt 0.776855 0.044434
vt 0.764648 0.106934
vt 0.767578 0.152832
vt 0.753906 0.104004
vt 0.741699 0.100098
vt 0.751953 0.044922
vt 0.753906 0.104004
vt 0.751953 0.044922
vt 0.776855 0.044434
vt 0.753906 0.104004
vt 0.751953 0.044922
vt 0.781738 0.007812
vt 0.776855 0.044434
vt 0.263672 0.876465
vt 0.256836 0.947754
vt 0.243652 0.819824
vt 0.256836 0.947754
vt 0.231934 0.839355
vt 0.243652 0.819824
vt 0.256836 0.947754
vt 0.245605 0.938965
vt 0.231934 0.839355
vt 0.379395 0.630859
vt 0.340820 0.726562
vt 0.394043 0.704102
vt 0.340820 0.726562
vt 0.357422 0.752441
vt 0.394043 0.704102
vt 0.340820 0.726562
vt 0.334961 0.799805
vt 0.357422 0.752441
vt 0.177734 0.538574
vt 0.237305 0.594727
vt 0.204102 0.615234
vt 0.237305 0.594727
vt 0.228516 0.672852
vt 0.204102 0.615234
vt 0.237305 0.594727
vt 0.259766 0.659180
vt 0.228516 0.672852
vt 0.537598 0.703613
vt 0.591309 0.751953
vt 0.586426 0.786133
vt 0.591309 0.751953
vt 0.640137 0.729980
vt 0.586426 0.786133
vt 0.591309 0.751953
vt 0.618652 0.729980
vt 0.640137 0.729980
vt 0.593262 0.567871
vt 0.633301 0.573242
vt 0.593262 0.537598
vt 0.633301 0.573242
vt 0.593262 0.567871
vt 0.593262 0.537598
vt 0.633301 0.573242
vt 0.630371 0.616699
vt 0.593262 0.567871
vt 0.753906 0.104004
vt 0.745605 0.146484
vt 0.760742 0.160645
vt 0.745605 0.146484
vt 0.757812 0.169434
vt 0.760742 0.160645
vt 0.745605 0.146484
vt 0.760742 0.160645
vt 0.757812 0.169434
vt 0.435059 0.874023
vt 0.397949 0.876465
vt 0.402344 0.789551
vt 0.397949 0.876465
vt 0.341309 0.879395
vt 0.402344 0.789551
vt 0.397949 0.876465
vt 0.356445 0.928223
vt 0.341309 0.879395
vt 0.858398 0.570801
vt 0.842773 0.757812
vt 0.865234 0.624512
vt 0.842773 0.757812
vt 0.887207 0.689453
vt 0.865234 0.624512
vt 0.842773 0.757812
vt 0.887207 0.825195
vt 0.887207 0.689453
vt 0.083984 0.896973
vt 0.042969 0.806641
vt 0.081543 0.994629
vt 0.042969 0.806641
vt 0.004395 0.994629
vt 0.081543 0.994629
vt 0.042969 0.806641
vt 0.001953 0.896973
vt 0.004395 0.994629
vt 0.423828 0.353516
vt 0.357422 0.301758
vt 0.357422 0.353516
vt 0.357422 0.301758
vt 0.285645 0.353516
vt 0.357422 0.353516
vt 0.357422 0.301758
vt 0.285645 0.301758
vt 0.285645 0.353516
vt 0.887695 0.923340
vt 0.842773 0.757812
vt 0.887207 0.825195
vt 0.842773 0.757812
vt 0.887207 0.689453
vt 0.887207 0.825195
vt 0.842773 0.757812
vt 0.864746 0.625000
vt 0.887207 0.689453
vt 0.285645 0.353516
vt 0.357422 0.301758
vt 0.357422 0.353516
vt 0.357422 0.301758
vt 0.423828 0.353516
vt 0.357422 0.353516
vt 0.357422 0.301758
vt 0.423828 0.301758
vt 0.423828 0.353516
vt 0.930176 0.833496
vt 0.951172 0.833496
vt 0.915039 0.905273
vt 0.951172 0.833496
vt 0.951172 0.905273
vt 0.915039 0.905273
vt 0.951172 0.833496
vt 0.986816 0.905273
vt 0.951172 0.905273
vt 0.971680 0.833496
vt 0.951172 0.833496
vt 0.986816 0.905273
vt 0.951172 0.833496
vt 0.951172 0.905273
vt 0.986816 0.905273
vt 0.951172 0.833496
vt 0.915039 0.905273
vt 0.951172 0.905273
vt 0.501953 0.876465
vt 0.454102 0.874023
vt 0.471680 0.802246
vt 0.454102 0.874023
vt 0.435059 0.795898
vt 0.471680 0.802246
vt 0.454102 0.874023
vt 0.435059 0.874023
vt 0.435059 0.795898
vt 0.059082 0.657227
vt 0.059082 0.622070
vt 0.034180 0.657227
vt 0.059082 0.622070
vt 0.034180 0.530273
vt 0.034180 0.657227
vt 0.059082 0.622070
vt 0.094727 0.622070
vt 0.034180 0.530273
vt 0.094727 0.622070
vt 0.059082 0.622070
vt 0.034180 0.530273
vt 0.059082 0.622070
vt 0.034180 0.657227
vt 0.034180 0.530273
vt 0.059082 0.622070
vt 0.059082 0.657227
vt 0.034180 0.657227
vt 0.108887 0.306152
vt 0.147949 0.421875
vt 0.198242 0.406738
vt 0.147949 0.421875
vt 0.210938 0.480957
vt 0.198242 0.406738
vt 0.147949 0.421875
vt 0.147949 0.541504
vt 0.210938 0.480957
vt 0.167969 0.310547
vt 0.185547 0.310547
vt 0.198242 0.406738
vt 0.185547 0.310547
vt 0.198242 0.298340
vt 0.198242 0.406738
vt 0.185547 0.310547
vt 0.185547 0.310547
vt 0.198242 0.298340
vt 0.602539 0.635254
vt 0.591309 0.751953
vt 0.618652 0.729980
vt 0.570801 0.692383
vt 0.591309 0.751953
vt 0.602539 0.635254
vt 0.924316 0.076172
vt 0.895508 0.088379
vt 0.906250 0.038086
vt 0.895508 0.088379
vt 0.924316 0.076172
vt 0.922363 0.125000
vt 0.802246 0.429199
vt 0.867676 0.379883
vt 0.855469 0.502930
vt 0.754883 0.476074
vt 0.720703 0.384766
vt 0.802246 0.429199
vt 0.738770 0.038574
vt 0.682129 0.022949
vt 0.711426 0.013672
vt 0.926758 0.379883
vt 0.867676 0.379883
vt 0.917969 0.247559
vt 0.720703 0.384766
vt 0.772949 0.291992
vt 0.802246 0.429199
vt 0.917969 0.247559
vt 0.862793 0.201660
vt 0.885742 0.130371
vt 0.990723 0.134277
vt 0.917969 0.247559
vt 0.885742 0.130371
vt 0.917969 0.247559
vt 0.867676 0.379883
vt 0.862793 0.201660
vt 0.867676 0.379883
vt 0.829590 0.274902
vt 0.862793 0.201660
vt 0.867676 0.379883
vt 0.802246 0.429199
vt 0.829590 0.274902
vt 0.802246 0.429199
vt 0.772949 0.291992
vt 0.829590 0.274902
vt 0.720703 0.384766
vt 0.661621 0.270020
vt 0.772949 0.291992
vt 0.720703 0.384766
vt 0.638672 0.409668
vt 0.661621 0.270020
vt 0.621094 0.799316
vt 0.808105 0.799316
vt 0.659180 0.679688
vt 0.659180 0.679688
vt 0.808594 0.664551
vt 0.633301 0.573242
vt 0.593262 0.537598
vt 0.541504 0.432129
vt 0.545410 0.541504
vt 0.545410 0.541504
vt 0.541504 0.432129
vt 0.520020 0.569336
vt 0.593262 0.537598
vt 0.665039 0.442383
vt 0.541504 0.432129
vt 0.593262 0.537598
vt 0.633301 0.573242
vt 0.665039 0.442383
vt 0.633301 0.573242
vt 0.808594 0.664551
vt 0.665039 0.442383
vt 0.659180 0.679688
vt 0.808105 0.799316
vt 0.808594 0.664551
vt 0.219727 0.141602
vt 0.278809 0.101562
vt 0.219727 0.270020
vt 0.622070 0.085938
vt 0.682129 0.022949
vt 0.695312 0.162598
vt 0.682129 0.022949
vt 0.727051 0.140625
vt 0.695312 0.162598
vt 0.738770 0.038574
vt 0.741699 0.100098
vt 0.727051 0.140625
vt 0.906250 0.038086
vt 0.895508 0.088379
vt 0.873047 0.055176
vt 0.885742 0.130371
vt 0.862793 0.201660
vt 0.864746 0.104492
vt 0.727051 0.140625
vt 0.682129 0.022949
vt 0.738770 0.038574
vt 0.174316 0.984863
vt 0.200684 0.852539
vt 0.137207 0.970703
vt 0.137207 0.970703
vt 0.200684 0.852539
vt 0.170410 0.801270
vt 0.873047 0.055176
vt 0.895508 0.088379
vt 0.864746 0.104492
vt 0.864746 0.104492
vt 0.895508 0.088379
vt 0.885742 0.130371
vt 0.278809 0.101562
vt 0.573242 0.100586
vt 0.219727 0.270020
vt 0.573242 0.100586
vt 0.661621 0.270020
vt 0.219727 0.270020
vt 0.573242 0.100586
vt 0.772949 0.291992
vt 0.661621 0.270020
vt 0.096191 0.875000
vt 0.137207 0.970703
vt 0.170410 0.801270
vt 0.602539 0.635254
vt 0.618652 0.729980
vt 0.591309 0.751953
vt 0.570801 0.692383
vt 0.602539 0.635254
vt 0.591309 0.751953
vt 0.924316 0.076172
vt 0.906250 0.038086
vt 0.895508 0.088379
vt 0.895508 0.088379
vt 0.922363 0.125000
vt 0.924316 0.076172
vt 0.802246 0.429199
vt 0.855469 0.502930
vt 0.867676 0.379883
vt 0.754883 0.476074
vt 0.802246 0.429199
vt 0.720703 0.384766
vt 0.738770 0.038574
vt 0.711426 0.013672
vt 0.682129 0.022949
vt 0.926758 0.379883
vt 0.917969 0.247559
vt 0.867676 0.379883
vt 0.720703 0.384766
vt 0.802246 0.429199
vt 0.772949 0.291992
vt 0.917969 0.247559
vt 0.885742 0.130371
vt 0.862793 0.201660
vt 0.990723 0.134277
vt 0.885742 0.130371
vt 0.917969 0.247559
vt 0.917969 0.247559
vt 0.862793 0.201660
vt 0.867676 0.379883
vt 0.867676 0.379883
vt 0.862793 0.201660
vt 0.829590 0.274902
vt 0.867676 0.379883
vt 0.829590 0.274902
vt 0.802246 0.429199
vt 0.802246 0.429199
vt 0.829590 0.274902
vt 0.772949 0.291992
vt 0.720703 0.384766
vt 0.772949 0.291992
vt 0.661621 0.270020
vt 0.720703 0.384766
vt 0.661621 0.270020
vt 0.638672 0.409668
vt 0.621094 0.799316
vt 0.659180 0.679688
vt 0.808105 0.799316
vt 0.659180 0.679688
vt 0.633301 0.573242
vt 0.808594 0.664551
vt 0.593262 0.537598
vt 0.545410 0.541504
vt 0.541504 0.432129
vt 0.545410 0.541504
vt 0.520020 0.569336
vt 0.541504 0.432129
vt 0.593262 0.537598
vt 0.541504 0.432129
vt 0.665039 0.442383
vt 0.593262 0.537598
vt 0.665039 0.442383
vt 0.633301 0.573242
vt 0.633301 0.573242
vt 0.665039 0.442383
vt 0.808594 0.664551
vt 0.659180 0.679688
vt 0.808594 0.664551
vt 0.808105 0.799316
vt 0.219727 0.141602
vt 0.219727 0.270020
vt 0.278809 0.101562
vt 0.622070 0.085938
vt 0.695312 0.162598
vt 0.682129 0.022949
vt 0.682129 0.022949
vt 0.695312 0.162598
vt 0.727051 0.140625
vt 0.738770 0.038574
vt 0.727051 0.140625
vt 0.741699 0.100098
vt 0.906250 0.038086
vt 0.873047 0.055176
vt 0.895508 0.088379
vt 0.885742 0.130371
vt 0.864746 0.104492
vt 0.862793 0.201660
vt 0.727051 0.140625
vt 0.738770 0.038574
vt 0.682129 0.022949
vt 0.174316 0.984863
vt 0.137207 0.970703
vt 0.200684 0.852539
vt 0.137207 0.970703
vt 0.170410 0.801270
vt 0.200684 0.852539
vt 0.873047 0.055176
vt 0.864746 0.104492
vt 0.895508 0.088379
vt 0.864746 0.104492
vt 0.885742 0.130371
vt 0.895508 0.088379
vt 0.278809 0.101562
vt 0.219727 0.270020
vt 0.573242 0.100586
vt 0.573242 0.100586
vt 0.219727 0.270020
vt 0.661621 0.270020
vt 0.573242 0.100586
vt 0.661621 0.270020
vt 0.772949 0.291992
vt 0.096191 0.875000
vt 0.170410 0.801270
vt 0.137207 0.970703
vn -0.9903 0.1292 -0.0514
vn -0.7561 0.2513 -0.6043
vn -0.2887 0.9535 0.0867
vn 0.2887 0.9535 0.0867
vn 0.5693 -0.7815 0.2554
vn 0.5313 -0.1838 0.8270
vn 0.0000 -0.0000 1.0000
vn 1.0000 0.0000 0.0000
vn -1.0000 0.0000 0.0000
vn -0.5693 -0.7815 0.2554
vn -0.5313 -0.1838 0.8270
vn -0.3079 -0.9393 -0.1510
vn 0.5094 -0.2159 0.8330
vn 0.8401 0.5282 -0.1236
vn 0.6970 0.0520 -0.7152
vn 0.8050 -0.5526 0.2160
vn -0.8245 0.2686 0.4980
vn 0.6482 0.5096 -0.5658
vn 0.7388 0.4997 -0.4522
vn -0.7649 -0.3510 -0.5402
vn -0.6895 0.7174 -0.0997
vn -0.8751 0.2459 -0.4168
vn 0.8542 -0.2121 -0.4747
vn 0.0000 -0.4307 0.9025
vn -0.5324 -0.5954 0.6017
vn -0.7353 -0.6776 -0.0135
vn 0.4991 -0.1810 -0.8475
vn 0.6335 0.5497 -0.5445
vn 0.6099 0.6786 -0.4093
vn -0.0036 1.0000 0.0010
vn 0.0000 1.0000 0.0032
vn -0.8304 0.0000 -0.5572
vn -0.6539 -0.0124 0.7565
vn 0.9645 0.0000 0.2639
vn 0.7040 0.0000 -0.7102
vn -0.8631 -0.2782 0.4215
vn 0.0000 0.1544 0.9880
vn 0.0000 0.7902 -0.6128
vn 0.0000 0.9792 -0.2027
vn -0.9976 0.0402 0.0573
vn 0.0000 -0.8286 -0.5598
vn -0.5462 -0.6930 -0.4707
vn 0.5462 -0.6930 -0.4707
vn 0.3582 -0.8139 -0.4574
vn 0.5237 0.7126 0.4668
vn 0.8130 0.3270 0.4818
vn -0.8130 0.3270 0.4818
vn -0.7893 -0.4733 0.3913
vn -0.6962 0.6610 0.2800
vn -0.7383 0.6111 0.2854
vn -0.8484 0.3158 0.4249
vn 0.8484 0.3158 0.4249
vn 0.7089 0.2211 0.6698
vn 0.7920 -0.2546 -0.5548
vn 0.8731 -0.3050 -0.3803
vn -0.8731 -0.3050 -0.3803
vn -0.8050 -0.5526 0.2160
vn -0.9376 -0.2074 0.2791
vn -0.6333 0.2824 -0.7206
vn -0.5961 0.4421 -0.6702
vn 0.5961 0.4421 -0.6702
vn 0.5290 0.3948 -0.7512
vn 0.9018 -0.1534 0.4039
vn 0.9653 -0.1768 0.1923
vn 0.0000 -0.5838 0.8119
vn -0.9653 -0.1768 0.1923
vn -0.9673 -0.1229 0.2218
vn -0.8929 0.4065 -0.1936
vn -0.6915 0.6351 -0.3443
vn -0.6632 0.6447 -0.3802
vn 0.6632 0.6447 -0.3802
vn 0.6895 0.7174 -0.0997
vn 0.4344 0.8717 0.2267
vn 0.6679 0.5887 0.4554
vn 0.4792 0.1814 0.8588
vn 0.5451 0.1035 0.8320
vn 0.4203 -0.5879 0.6912
vn 0.5324 -0.5954 0.6017
vn 0.3994 -0.9059 0.1410
vn -0.3994 -0.9059 0.1410
vn -0.1879 -0.9806 0.0557
vn -0.8599 0.5094 0.0321
vn -0.9386 0.2768 -0.2058
vn 0.9386 0.2768 -0.2058
vn 0.7561 0.2513 -0.6043
vn 0.9903 0.1292 -0.0514
vn -0.7431 -0.3765 0.5532
vn 0.0000 -0.7711 0.6367
vn 0.7431 -0.3765 0.5532
vn 0.9673 -0.1229 0.2218
vn 0.8929 0.4065 -0.1936
vn 0.6542 0.6065 -0.4517
vn 0.8581 -0.4623 -0.2233
vn 0.7649 -0.3510 -0.5402
vn 0.7446 0.0353 -0.6665
vn -0.7446 0.0353 -0.6665
vn -0.5295 -0.1584 -0.8334
vn -0.4892 0.1976 0.8495
vn -0.5741 0.1010 0.8126
vn -0.4242 0.5983 0.6798
vn -0.4039 0.8888 0.2167
vn -0.7902 -0.5954 -0.1452
vn -0.7641 -0.6344 -0.1174
vn 0.7641 -0.6344 -0.1174
vn 0.7779 -0.5869 0.2246
vn 0.8888 -0.3641 0.2783
vn 0.7879 -0.3266 0.5221
vn 0.8729 -0.0011 0.4878
vn -0.8729 -0.0011 0.4878
vn -0.9015 0.0352 0.4314
vn -0.2733 -0.0783 -0.9587
vn -0.5871 -0.1930 -0.7862
vn 0.5871 -0.1930 -0.7862
vn 0.5468 -0.6812 -0.4867
vn 0.2350 -0.8540 -0.4642
vn 0.8132 -0.5807 0.0372
vn 0.4326 -0.7192 0.5437
vn 0.6533 -0.5546 0.5154
vn 0.6387 -0.0756 0.7657
vn 0.6601 -0.0658 0.7482
vn 0.6355 0.2885 0.7162
vn -0.6355 0.2885 0.7162
vn -0.4487 0.3646 0.8159
vn -0.8542 -0.2121 -0.4747
vn -0.7966 -0.2545 -0.5483
vn 0.7966 -0.2545 -0.5483
vn 0.7807 -0.0073 -0.6249
vn 0.7615 0.0076 0.6481
vn 0.5950 0.0023 0.8038
vn -0.5950 0.0023 0.8038
vn -0.5094 -0.2159 0.8330
vn -0.6802 -0.3753 0.6297
vn -0.7089 -0.3507 0.6120
vn 0.0000 -1.0000 -0.0000
vn 0.0000 0.9998 0.0188
vn 0.0000 1.0000 0.0000
vn 0.0000 0.5745 0.8185
vn 0.4914 0.7645 -0.4172
vn -0.4914 0.7645 -0.4172
vn -0.7388 0.4997 -0.4522
vn -0.1237 -0.9129 0.3889
vn 0.1237 -0.9129 0.3889
vn 0.7353 -0.6776 -0.0135
vn 0.8905 -0.1965 -0.4104
vn -0.8905 -0.1965 -0.4104
vn -0.5290 0.3948 -0.7512
vn -0.9018 -0.1534 0.4039
vn -0.8618 -0.2245 0.4548
vn 0.0000 -0.3297 0.9441
vn 0.0000 0.0274 0.9996
vn 0.5217 -0.2139 0.8259
vn 0.7067 0.2698 0.6540
vn 0.5560 -0.7505 -0.3571
vn -0.5560 -0.7505 -0.3571
vn -0.6179 -0.5091 0.5992
vn -0.8804 -0.1886 0.4352
vn 0.0000 -0.6110 0.7916
vn 0.0000 -0.5499 0.8352
vn 0.0000 -1.0000 0.0010
vn 0.0000 -0.5344 -0.8452
vn 0.0000 -0.0482 -0.9988
vn -0.7267 0.1973 -0.6580
vn 0.7267 0.1973 -0.6580
vn 0.2733 -0.0783 -0.9587
vn 0.9015 0.0352 0.4314
vn 0.7990 0.2743 0.5352
vn -0.7990 0.2743 0.5352
vn -0.8856 0.4010 0.2343
vn -0.8973 0.3879 0.2108
vn -0.6822 0.7306 -0.0267
vn -0.9056 0.3383 -0.2558
vn -0.8656 0.3691 -0.3385
vn -0.8537 0.0511 -0.5183
vn -0.8902 0.0698 -0.4503
vn 0.0000 0.7654 -0.6436
vn 0.0000 0.2636 -0.9646
vn 0.8618 -0.2245 0.4548
vn 0.8710 -0.1719 0.4603
vn 0.8804 -0.1886 0.4352
vn 0.6179 -0.5091 0.5992
vn 0.7865 0.1291 0.6039
vn -0.7865 0.1291 0.6039
vn -0.7089 0.2211 0.6698
vn -0.7920 -0.2546 -0.5548
vn -0.9052 -0.0212 -0.4245
vn 0.9052 -0.0212 -0.4245
vn 0.7089 -0.3507 0.6120
vn 0.6802 -0.3753 0.6297
vn 0.8778 0.2453 -0.4115
vn 0.8562 -0.0018 -0.5167
vn -0.8562 -0.0018 -0.5167
vn -0.7807 -0.0073 -0.6249
vn -0.7615 0.0076 0.6481
vn -0.7179 0.1413 0.6817
vn 0.7179 0.1413 0.6817
vn 0.8245 0.2686 0.4980
vn 0.4487 0.3646 0.8159
vn -0.7792 -0.1935 -0.5961
vn -0.5551 -0.1308 -0.8214
vn -0.7920 -0.4711 -0.3884
vn 0.7920 -0.4711 -0.3884
vn 0.1879 -0.9806 0.0557
vn 0.8599 0.5094 0.0321
vn 0.4145 0.8220 -0.3904
vn -0.4145 0.8220 -0.3904
vn -0.6111 0.5511 -0.5682
vn -0.4420 -0.5902 0.6755
vn -0.8401 0.5282 -0.1236
vn -0.6915 -0.5927 -0.4129
vn 0.6915 -0.5927 -0.4129
vn 0.3079 -0.9393 -0.1510
vn 0.3418 -0.8069 -0.4817
vn -0.3418 -0.8069 -0.4817
vn -0.3582 -0.8139 -0.4574
vn -0.5237 0.7126 0.4668
vn -0.7883 0.6152 -0.0012
vn 0.7883 0.6152 -0.0012
vn 0.8631 -0.2782 0.4215
vn 0.8910 0.1885 0.4131
vn 0.8993 0.3095 0.3091
vn 0.7662 0.5862 0.2633
vn 0.6330 -0.2542 0.7313
vn 0.6011 -0.3530 0.7170
vn 0.8120 0.2378 0.5330
vn 0.7653 0.3533 0.5381
vn 0.7681 0.1177 0.6294
vn -0.7681 0.1177 0.6294
vn -0.4317 -0.1805 -0.8838
vn 0.4317 -0.1805 -0.8838
vn 0.4242 0.5983 0.6798
vn 0.4039 0.8888 0.2167
vn 0.5635 0.8170 0.1225
vn 0.5467 0.6653 -0.5085
vn 0.3886 0.7682 -0.5089
vn 0.8902 0.0698 -0.4503
vn 0.8537 0.0511 -0.5183
vn 0.8656 0.3691 -0.3385
vn 0.9056 0.3383 -0.2558
vn 0.6822 0.7306 -0.0267
vn 0.8973 0.3879 0.2108
vn 0.8856 0.4010 0.2343
vn -0.7806 -0.6243 -0.0317
vn 0.7806 -0.6243 -0.0317
vn 0.4539 -0.3607 0.8148
vn 0.6671 0.1359 -0.7325
vn 0.6943 0.1468 -0.7046
vn -0.6943 0.1468 -0.7046
vn -0.6970 0.0520 -0.7152
vn -0.6601 -0.0658 0.7482
vn -0.6387 -0.0756 0.7657
vn -0.6533 -0.5546 0.5154
vn -0.4326 -0.7192 0.5437
vn -0.8132 -0.5807 0.0372
vn -0.2350 -0.8540 -0.4642
vn -0.5468 -0.6812 -0.4867
vn -0.8837 -0.4243 0.1973
vn -0.8119 -0.4004 -0.4250
vn -0.8793 0.2819 -0.3838
vn -0.6335 0.5497 -0.5445
vn -0.7255 -0.2913 -0.6235
vn -0.6710 0.0648 -0.7386
vn -0.6875 0.2014 -0.6977
vn -0.8910 0.1885 0.4131
vn -0.8993 0.3095 0.3091
vn -0.7662 0.5862 0.2633
vn -0.6330 -0.2542 0.7313
vn -0.6011 -0.3530 0.7170
vn -0.8120 0.2378 0.5330
vn -0.7653 0.3533 0.5381
vn 0.9376 -0.2074 0.2791
vn 0.6333 0.2824 -0.7206
vn 0.6504 0.2908 -0.7017
vn -0.6504 0.2908 -0.7017
vn -0.6671 0.1359 -0.7325
vn -0.6679 0.5887 0.4554
vn -0.4344 0.8717 0.2267
vn -0.8581 -0.4623 -0.2233
vn -0.6542 0.6065 -0.4517
vn -0.6482 0.5096 -0.5658
vn 0.4574 -0.5768 -0.6768
vn 0.4638 -0.5722 -0.6763
vn 0.4744 -0.0977 -0.8749
vn 0.0191 -0.1989 -0.9798
vn 0.0937 -0.3181 0.9434
vn -0.0937 -0.3181 0.9434
vn -0.0191 -0.1989 -0.9798
vn -0.4744 -0.0977 -0.8749
vn -0.4638 -0.5722 -0.6763
vn -0.4574 -0.5768 -0.6768
vn 0.8751 0.2459 -0.4168
vn 0.8751 0.2459 -0.4167
vn -0.8751 0.2459 -0.4167
vn -0.8778 0.2453 -0.4115
vn -0.6773 -0.2871 0.6773
vn -0.7071 0.0001 0.7071
vn -0.7071 0.0007 -0.7071
vn -0.7040 0.0000 -0.7102
vn 0.6773 -0.2871 -0.6773
vn 0.7071 0.0007 -0.7071
vn 0.7071 0.0001 0.7071
vn 0.6539 -0.0124 0.7565
vn -0.9991 -0.0062 0.0418
vn -0.9996 -0.0292 -0.0068
vn -0.3886 0.7682 -0.5089
vn -0.5467 0.6653 -0.5085
vn -0.5635 0.8170 0.1225
vn -0.7779 -0.5869 0.2246
vn -0.8888 -0.3641 0.2783
vn -0.7879 -0.3266 0.5221
vn 0.7383 0.6111 0.2854
vn 0.6962 0.6610 0.2800
vn 0.7893 -0.4733 0.3913
vn -0.8710 -0.1719 0.4603
vn -0.5217 -0.2139 0.8259
vn -0.7067 0.2698 0.6540
vn 0.0000 -0.3706 0.9288
vn 0.0000 -0.3262 0.9453
vn -0.7809 -0.6244 -0.0177
vn 0.6915 0.6351 -0.3443
vn 0.7792 -0.1935 -0.5961
vn 0.5551 -0.1308 -0.8214
vn -0.4652 0.5262 -0.7118
vn 0.4381 0.5343 -0.7229
vn 0.6021 0.5689 -0.5602
vn 0.7902 -0.5954 -0.1452
vn 0.4550 -0.6081 -0.6505
vn -0.4550 -0.6081 -0.6505
vn 0.8793 0.2819 -0.3838
vn 0.8119 -0.4004 -0.4250
vn 0.8837 -0.4243 0.1973
vn 0.0036 1.0000 0.0010
vn 0.6234 0.6519 0.4317
vn 0.3942 0.9190 0.0000
vn -0.9645 0.0000 0.2639
vn -0.6099 0.6786 -0.4093
vn -0.3942 0.9190 0.0000
vn -0.6234 0.6519 0.4317
vn 0.8304 0.0000 -0.5572
vn -0.6773 -0.2871 -0.6773
vn 0.6773 -0.2871 0.6773
vn 0.6875 0.2014 -0.6977
vn 0.6710 0.0648 -0.7386
vn 0.7255 -0.2913 -0.6235
o base
usemtl Brush.064
f 1/1/1 2/2/1 3/3/1
f 4/4/2 5/5/2 6/6/2
f 7/7/3 8/8/3 9/9/3
f 10/10/4 11/11/4 12/12/4
f 13/13/5 14/14/5 15/15/5
f 16/16/6 17/17/6 18/18/6
f 19/19/7 20/20/7 21/21/7
f 22/22/7 23/23/7 24/24/7
f 25/25/8 26/26/8 27/27/8
f 28/28/8 29/29/8 30/30/8
f 31/31/9 32/32/9 33/33/9
f 34/34/9 35/35/9 36/36/9
f 37/37/10 38/38/10 39/39/10
f 40/40/11 41/41/11 42/42/11
f 43/43/9 44/44/9 45/45/9
f 46/46/9 47/47/9 48/48/9
f 49/49/8 50/50/8 51/51/8
f 52/52/8 53/53/8 54/54/8
f 55/55/12 56/56/12 57/57/12
f 58/58/13 59/59/13 60/60/13
f 61/61/14 62/62/14 63/63/14
f 64/64/15 65/65/15 66/66/15
f 67/67/16 68/68/16 69/69/16
f 70/70/17 71/71/17 72/72/17
f 73/73/18 74/74/18 75/75/18
f 76/76/19 77/77/19 78/78/19
f 79/79/20 80/80/20 81/81/20
f 82/82/21 83/83/21 84/84/21
f 85/85/22 86/86/22 87/87/22
f 88/88/23 89/89/23 90/90/23
f 91/91/24 92/92/24 93/93/24
f 94/94/25 95/95/25 96/96/25
f 97/97/26 98/98/26 99/99/26
f 100/100/27 101/101/27 102/102/27
f 103/103/28 104/104/28 105/105/28
f 106/106/29 107/107/29 108/108/29
f 109/109/30 110/110/30 111/111/30
f 112/112/31 113/113/31 114/114/31
f 115/115/31 116/116/31 117/117/31
f 118/118/32 119/119/32 120/120/32
f 121/121/33 122/122/33 123/123/33
f 124/124/34 125/125/34 126/126/34
f 127/127/35 128/128/35 129/129/35
f 130/130/9 131/131/9 132/132/9
f 133/133/8 134/134/8 135/135/8
f 136/136/9 137/137/9 138/138/9
f 139/139/8 140/140/8 141/141/8
f 142/142/36 143/143/36 144/144/36
f 145/145/9 146/146/9 147/147/9
f 148/148/37 149/149/37 150/150/37
f 151/151/38 152/152/38 153/153/38
f 154/154/39 155/155/39 156/156/39
f 157/157/40 158/158/40 159/159/40
f 160/160/8 161/161/8 162/162/8
f 163/163/9 164/164/9 165/165/9
f 166/166/8 167/167/8 168/168/8
f 169/169/7 170/170/7 171/171/7
f 172/172/41 173/173/41 174/174/41
f 175/175/42 176/176/42 177/177/42
f 178/178/43 179/179/43 180/180/43
f 181/181/44 182/182/44 183/183/44
f 184/184/45 185/185/45 186/186/45
f 187/187/46 188/188/46 189/189/46
f 190/190/47 191/191/47 192/192/47
f 193/193/48 194/194/48 195/195/48
f 196/196/49 197/197/49 198/198/49
f 199/199/50 200/200/50 201/201/50
f 202/202/51 203/203/51 204/204/51
f 205/205/52 206/206/52 207/207/52
f 208/208/53 209/209/53 210/210/53
f 211/211/54 212/212/54 213/213/54
f 214/214/55 215/215/55 216/216/55
f 217/217/56 218/218/56 219/219/56
f 220/220/57 221/221/57 222/222/57
f 223/223/58 224/224/58 225/225/58
f 226/226/59 227/227/59 228/228/59
f 229/229/60 230/230/60 231/231/60
f 232/232/61 233/233/61 234/234/61
f 235/235/62 236/236/62 237/237/62
f 238/238/63 239/239/63 240/240/63
f 241/241/64 242/242/64 243/243/64
f 244/244/65 245/245/65 246/246/65
f 247/247/65 248/248/65 249/249/65
f 250/250/66 251/251/66 252/252/66
f 253/253/67 254/254/67 255/255/67
f 256/256/68 257/257/68 258/258/68
f 259/259/69 260/260/69 261/261/69
f 262/262/70 263/263/70 264/264/70
f 265/265/71 266/266/71 267/267/71
f 268/268/72 269/269/72 270/270/72
f 271/271/73 272/272/73 273/273/73
f 274/274/74 275/275/74 276/276/74
f 277/277/75 278/278/75 279/279/75
f 280/280/76 281/281/76 282/282/76
f 283/283/77 284/284/77 285/285/77
f 286/286/78 287/287/78 288/288/78
f 289/289/79 290/290/79 291/291/79
f 292/292/80 293/293/80 294/294/80
f 295/295/81 296/296/81 297/297/81
f 298/298/82 299/299/82 300/300/82
f 301/301/83 302/302/83 303/303/83
f 304/304/84 305/305/84 306/306/84
f 307/307/85 308/308/85 309/309/85
f 310/310/86 311/311/86 312/312/86
f 313/313/7 314/314/7 315/315/7
f 316/316/24 317/317/24 318/318/24
f 319/319/87 320/320/87 321/321/87
f 322/322/88 323/323/88 324/324/88
f 325/325/88 326/326/88 327/327/88
f 328/328/89 329/329/89 330/330/89
f 331/331/90 332/332/90 333/333/90
f 334/334/91 335/335/91 336/336/91
f 337/337/92 338/338/92 339/339/92
f 340/340/93 341/341/93 342/342/93
f 343/343/94 344/344/94 345/345/94
f 346/346/95 347/347/95 348/348/95
f 349/349/96 350/350/96 351/351/96
f 352/352/97 353/353/97 354/354/97
f 355/355/98 356/356/98 357/357/98
f 358/358/99 359/359/99 360/360/99
f 361/361/100 362/362/100 363/363/100
f 364/364/101 365/365/101 366/366/101
f 367/367/102 368/368/102 369/369/102
f 370/370/103 371/371/103 372/372/103
f 373/373/104 374/374/104 375/375/104
f 376/376/105 377/377/105 378/378/105
f 379/379/106 380/380/106 381/381/106
f 382/382/107 383/383/107 384/384/107
f 385/385/108 386/386/108 387/387/108
f 388/388/109 389/389/109 390/390/109
f 391/391/110 392/392/110 393/393/110
f 394/394/111 395/395/111 396/396/111
f 397/397/112 398/398/112 399/399/112
f 400/400/113 401/401/113 402/402/113
f 403/403/114 404/404/114 405/405/114
f 406/406/115 407/407/115 408/408/115
f 409/409/116 410/410/116 411/411/116
f 412/412/117 413/413/117 414/414/117
f 415/415/118 416/416/118 417/417/118
f 418/418/119 419/419/119 420/420/119
f 421/421/120 422/422/120 423/423/120
f 424/424/121 425/425/121 426/426/121
f 427/427/122 428/428/122 429/429/122
f 430/430/123 431/431/123 432/432/123
f 433/433/124 434/434/124 435/435/124
f 436/436/125 437/437/125 438/438/125
f 439/439/126 440/440/126 441/441/126
f 442/442/127 443/443/127 444/444/127
f 445/445/128 446/446/128 447/447/128
f 448/448/129 449/449/129 450/450/129
f 451/451/130 452/452/130 453/453/130
f 454/454/131 455/455/131 456/456/131
f 457/457/132 458/458/132 459/459/132
f 460/460/133 461/461/133 462/462/133
f 463/463/7 464/464/7 465/465/7
f 466/466/134 467/467/134 468/468/134
f 469/469/134 470/470/134 471/471/134
f 472/472/7 473/473/7 474/474/7
f 475/475/7 476/476/7 477/477/7
f 478/478/134 479/479/134 480/480/134
f 481/481/134 482/482/134 483/483/134
f 484/484/7 485/485/7 486/486/7
f 487/487/7 488/488/7 489/489/7
f 490/490/135 491/491/135 492/492/135
f 493/493/135 494/494/135 495/495/135
f 496/496/7 497/497/7 498/498/7
f 499/499/7 500/500/7 501/501/7
f 502/502/134 503/503/134 504/504/134
f 505/505/134 506/506/134 507/507/134
f 508/508/7 509/509/7 510/510/7
f 511/511/7 512/512/7 513/513/7
f 514/514/136 515/515/136 516/516/136
f 517/517/136 518/518/136 519/519/136
f 520/520/137 521/521/137 522/522/137
f 523/523/137 524/524/137 525/525/137
f 526/526/138 527/527/138 528/528/138
f 529/529/139 530/530/139 531/531/139
f 532/532/140 533/533/140 534/534/140
f 535/535/141 536/536/141 537/537/141
f 538/538/142 539/539/142 540/540/142
f 541/541/143 542/542/143 543/543/143
f 544/544/144 545/545/144 546/546/144
f 547/547/145 548/548/145 549/549/145
f 550/550/146 551/551/146 552/552/146
f 553/553/147 554/554/147 555/555/147
f 556/556/148 557/557/148 558/558/148
f 559/559/149 560/560/149 561/561/149
f 562/562/150 563/563/150 564/564/150
f 565/565/151 566/566/151 567/567/151
f 568/568/152 569/569/152 570/570/152
f 571/571/153 572/572/153 573/573/153
f 574/574/154 575/575/154 576/576/154
f 577/577/155 578/578/155 579/579/155
f 580/580/156 581/581/156 582/582/156
f 583/583/157 584/584/157 585/585/157
f 586/586/134 587/587/134 588/588/134
f 589/589/134 590/590/134 591/591/134
f 592/592/158 593/593/158 594/594/158
f 595/595/158 596/596/158 597/597/158
f 598/598/159 599/599/159 600/600/159
f 601/601/159 602/602/159 603/603/159
f 604/604/7 605/605/7 606/606/7
f 607/607/7 608/608/7 609/609/7
f 610/610/136 611/611/136 612/612/136
f 613/613/136 614/614/136 615/615/136
f 616/616/7 617/617/7 618/618/7
f 619/619/7 620/620/7 621/621/7
f 622/622/134 623/623/134 624/624/134
f 625/625/134 626/626/134 627/627/134
f 628/628/41 629/629/41 630/630/41
f 631/631/160 632/632/160 633/633/160
f 634/634/160 635/635/160 636/636/160
f 637/637/161 638/638/161 639/639/161
f 640/640/161 641/641/161 642/642/161
f 643/643/134 644/644/134 645/645/134
f 646/646/134 647/647/134 648/648/134
f 649/649/7 650/650/7 651/651/7
f 652/652/7 653/653/7 654/654/7
f 655/655/134 656/656/134 657/657/134
f 658/658/134 659/659/134 660/660/134
f 661/661/7 662/662/7 663/663/7
f 664/664/7 665/665/7 666/666/7
f 667/667/136 668/668/136 669/669/136
f 670/670/136 671/671/136 672/672/136
f 673/673/162 674/674/162 675/675/162
f 676/676/163 677/677/163 678/678/163
f 679/679/164 680/680/164 681/681/164
f 682/682/165 683/683/165 684/684/165
f 685/685/166 686/686/166 687/687/166
f 688/688/167 689/689/167 690/690/167
f 691/691/168 692/692/168 693/693/168
f 694/694/169 695/695/169 696/696/169
f 697/697/170 698/698/170 699/699/170
f 700/700/171 701/701/171 702/702/171
f 703/703/172 704/704/172 705/705/172
f 706/706/173 707/707/173 708/708/173
f 709/709/174 710/710/174 711/711/174
f 712/712/39 713/713/39 714/714/39
f 715/715/175 716/716/175 717/717/175
f 718/718/175 719/719/175 720/720/175
f 721/721/176 722/722/176 723/723/176
f 724/724/176 725/725/176 726/726/176
f 727/727/136 728/728/136 729/729/136
f 730/730/136 731/731/136 732/732/136
f 733/733/7 734/734/7 735/735/7
f 736/736/7 737/737/7 738/738/7
f 739/739/136 740/740/136 741/741/136
f 742/742/136 743/743/136 744/744/136
f 745/745/7 746/746/7 747/747/7
f 748/748/7 749/749/7 750/750/7
f 751/751/149 752/752/149 753/753/149
f 754/754/177 755/755/177 756/756/177
f 757/757/178 758/758/178 759/759/178
f 760/760/179 761/761/179 762/762/179
f 763/763/180 764/764/180 765/765/180
f 766/766/181 767/767/181 768/768/181
f 769/769/182 770/770/182 771/771/182
f 772/772/183 773/773/183 774/774/183
f 775/775/184 776/776/184 777/777/184
f 778/778/185 779/779/185 780/780/185
f 781/781/186 782/782/186 783/783/186
f 784/784/187 785/785/187 786/786/187
f 787/787/188 788/788/188 789/789/188
f 790/790/189 791/791/189 792/792/189
f 793/793/190 794/794/190 795/795/190
f 796/796/191 797/797/191 798/798/191
f 799/799/192 800/800/192 801/801/192
f 802/802/193 803/803/193 804/804/193
f 805/805/194 806/806/194 807/807/194
f 808/808/195 809/809/195 810/810/195
f 811/811/196 812/812/196 813/813/196
f 814/814/197 815/815/197 816/816/197
f 817/817/198 818/818/198 819/819/198
f 820/820/199 821/821/199 822/822/199
f 823/823/200 824/824/200 825/825/200
f 826/826/201 827/827/201 828/828/201
f 829/829/202 830/830/202 831/831/202
f 832/832/203 833/833/203 834/834/203
f 835/835/204 836/836/204 837/837/204
f 838/838/205 839/839/205 840/840/205
f 841/841/206 842/842/206 843/843/206
f 844/844/207 845/845/207 846/846/207
f 847/847/208 848/848/208 849/849/208
f 850/850/209 851/851/209 852/852/209
f 853/853/210 854/854/210 855/855/210
f 856/856/211 857/857/211 858/858/211
f 859/859/212 860/860/212 861/861/212
f 862/862/213 863/863/213 864/864/213
f 865/865/214 866/866/214 867/867/214
f 868/868/215 869/869/215 870/870/215
f 871/871/216 872/872/216 873/873/216
f 874/874/217 875/875/217 876/876/217
f 877/877/218 878/878/218 879/879/218
f 880/880/219 881/881/219 882/882/219
f 883/883/220 884/884/220 885/885/220
f 886/886/221 887/887/221 888/888/221
f 889/889/222 890/890/222 891/891/222
f 892/892/223 893/893/223 894/894/223
f 895/895/224 896/896/224 897/897/224
f 898/898/225 899/899/225 900/900/225
f 901/901/226 902/902/226 903/903/226
f 904/904/227 905/905/227 906/906/227
f 907/907/9 908/908/9 909/909/9
f 910/910/9 911/911/9 912/912/9
f 913/913/9 914/914/9 915/915/9
f 916/916/9 917/917/9 918/918/9
f 919/919/9 920/920/9 921/921/9
f 922/922/9 923/923/9 924/924/9
f 925/925/9 926/926/9 927/927/9
f 928/928/9 929/929/9 930/930/9
f 931/931/9 932/932/9 933/933/9
f 934/934/8 935/935/8 936/936/8
f 937/937/8 938/938/8 939/939/8
f 940/940/8 941/941/8 942/942/8
f 943/943/8 944/944/8 945/945/8
f 946/946/8 947/947/8 948/948/8
f 949/949/8 950/950/8 951/951/8
f 952/952/8 953/953/8 954/954/8
f 955/955/8 956/956/8 957/957/8
f 958/958/8 959/959/8 960/960/8
f 961/961/228 962/962/228 963/963/228
f 964/964/229 965/965/229 966/966/229
f 967/967/230 968/968/230 969/969/230
f 970/970/231 971/971/231 972/972/231
f 973/973/232 974/974/232 975/975/232
f 976/976/233 977/977/233 978/978/233
f 979/979/234 980/980/234 981/981/234
f 982/982/235 983/983/235 984/984/235
f 985/985/236 986/986/236 987/987/236
f 988/988/237 989/989/237 990/990/237
f 991/991/238 992/992/238 993/993/238
f 994/994/239 995/995/239 996/996/239
f 997/997/240 998/998/240 999/999/240
f 1000/1000/241 1001/1001/241 1002/1002/241
f 1003/1003/242 1004/1004/242 1005/1005/242
f 1006/1006/243 1007/1007/243 1008/1008/243
f 1009/1009/244 1010/1010/244 1011/1011/244
f 1012/1012/245 1013/1013/245 1014/1014/245
f 1015/1015/246 1016/1016/246 1017/1017/246
f 1018/1018/247 1019/1019/247 1020/1020/247
f 1021/1021/248 1022/1022/248 1023/1023/248
f 1024/1024/249 1025/1025/249 1026/1026/249
f 1027/1027/250 1028/1028/250 1029/1029/250
f 1030/1030/251 1031/1031/251 1032/1032/251
f 1033/1033/252 1034/1034/252 1035/1035/252
f 1036/1036/253 1037/1037/253 1038/1038/253
f 1039/1039/254 1040/1040/254 1041/1041/254
f 1042/1042/255 1043/1043/255 1044/1044/255
f 1045/1045/256 1046/1046/256 1047/1047/256
f 1048/1048/257 1049/1049/257 1050/1050/257
f 1051/1051/258 1052/1052/258 1053/1053/258
f 1054/1054/259 1055/1055/259 1056/1056/259
f 1057/1057/260 1058/1058/260 1059/1059/260
f 1060/1060/261 1061/1061/261 1062/1062/261
f 1063/1063/262 1064/1064/262 1065/1065/262
f 1066/1066/263 1067/1067/263 1068/1068/263
f 1069/1069/264 1070/1070/264 1071/1071/264
f 1072/1072/265 1073/1073/265 1074/1074/265
f 1075/1075/266 1076/1076/266 1077/1077/266
f 1078/1078/267 1079/1079/267 1080/1080/267
f 1081/1081/268 1082/1082/268 1083/1083/268
f 1084/1084/269 1085/1085/269 1086/1086/269
f 1087/1087/8 1088/1088/8 1089/1089/8
f 1090/1090/8 1091/1091/8 1092/1092/8
f 1093/1093/8 1094/1094/8 1095/1095/8
f 1096/1096/8 1097/1097/8 1098/1098/8
f 1099/1099/8 1100/1100/8 1101/1101/8
f 1102/1102/8 1103/1103/8 1104/1104/8
f 1105/1105/8 1106/1106/8 1107/1107/8
f 1108/1108/9 1109/1109/9 1110/1110/9
f 1111/1111/9 1112/1112/9 1113/1113/9
f 1114/1114/9 1115/1115/9 1116/1116/9
f 1117/1117/9 1118/1118/9 1119/1119/9
f 1120/1120/9 1121/1121/9 1122/1122/9
f 1123/1123/9 1124/1124/9 1125/1125/9
f 1126/1126/9 1127/1127/9 1128/1128/9
f 1129/1129/270 1130/1130/270 1131/1131/270
f 1132/1132/271 1133/1133/271 1134/1134/271
f 1135/1135/272 1136/1136/272 1137/1137/272
f 1138/1138/273 1139/1139/273 1140/1140/273
f 1141/1141/274 1142/1142/274 1143/1143/274
f 1144/1144/275 1145/1145/275 1146/1146/275
f 1147/1147/276 1148/1148/276 1149/1149/276
f 1150/1150/277 1151/1151/277 1152/1152/277
f 1153/1153/278 1154/1154/278 1155/1155/278
f 1156/1156/279 1157/1157/279 1158/1158/279
f 1159/1159/280 1160/1160/280 1161/1161/280
f 1162/1162/281 1163/1163/281 1164/1164/281
f 1165/1165/282 1166/1166/282 1167/1167/282
f 1168/1168/283 1169/1169/283 1170/1170/283
f 1171/1171/284 1172/1172/284 1173/1173/284
f 1174/1174/285 1175/1175/285 1176/1176/285
f 1177/1177/286 1178/1178/286 1179/1179/286
f 1180/1180/287 1181/1181/287 1182/1182/287
f 1183/1183/288 1184/1184/288 1185/1185/288
f 1186/1186/289 1187/1187/289 1188/1188/289
f 1189/1189/290 1190/1190/290 1191/1191/290
f 1192/1192/291 1193/1193/291 1194/1194/291
f 1195/1195/292 1196/1196/292 1197/1197/292
f 1198/1198/293 1199/1199/293 1200/1200/293
f 1201/1201/294 1202/1202/294 1203/1203/294
f 1204/1204/295 1205/1205/295 1206/1206/295
f 1207/1207/296 1208/1208/296 1209/1209/296
f 1210/1210/297 1211/1211/297 1212/1212/297
f 1213/1213/298 1214/1214/298 1215/1215/298
f 1216/1216/299 1217/1217/299 1218/1218/299
f 1219/1219/300 1220/1220/300 1221/1221/300
f 1222/1222/301 1223/1223/301 1224/1224/301
f 1225/1225/9 1226/1226/9 1227/1227/9
f 1228/1228/9 1229/1229/9 1230/1230/9
f 1231/1231/302 1232/1232/302 1233/1233/302
f 1234/1234/303 1235/1235/303 1236/1236/303
f 1237/1237/8 1238/1238/8 1239/1239/8
f 1240/1240/8 1241/1241/8 1242/1242/8
f 1243/1243/8 1244/1244/8 1245/1245/8
f 1246/1246/8 1247/1247/8 1248/1248/8
f 1249/1249/304 1250/1250/304 1251/1251/304
f 1252/1252/305 1253/1253/305 1254/1254/305
f 1255/1255/306 1256/1256/306 1257/1257/306
f 1258/1258/307 1259/1259/307 1260/1260/307
f 1261/1261/308 1262/1262/308 1263/1263/308
f 1264/1264/309 1265/1265/309 1266/1266/309
f 1267/1267/310 1268/1268/310 1269/1269/310
f 1270/1270/311 1271/1271/311 1272/1272/311
f 1273/1273/312 1274/1274/312 1275/1275/312
f 1276/1276/313 1277/1277/313 1278/1278/313
f 1279/1279/314 1280/1280/314 1281/1281/314
f 1282/1282/315 1283/1283/315 1284/1284/315
f 1285/1285/316 1286/1286/316 1287/1287/316
f 1288/1288/317 1289/1289/317 1290/1290/317
f 1291/1291/318 1292/1292/318 1293/1293/318
f 1294/1294/319 1295/1295/319 1296/1296/319
f 1297/1297/320 1298/1298/320 1299/1299/320
f 1300/1300/321 1301/1301/321 1302/1302/321
f 1303/1303/322 1304/1304/322 1305/1305/322
f 1306/1306/323 1307/1307/323 1308/1308/323
f 1309/1309/324 1310/1310/324 1311/1311/324
f 1312/1312/325 1313/1313/325 1314/1314/325
f 1315/1315/326 1316/1316/326 1317/1317/326
f 1318/1318/327 1319/1319/327 1320/1320/327
f 1321/1321/328 1322/1322/328 1323/1323/328
f 1324/1324/329 1325/1325/329 1326/1326/329
f 1327/1327/330 1328/1328/330 1329/1329/330
f 1330/1330/331 1331/1331/331 1332/1332/331
f 1333/1333/332 1334/1334/332 1335/1335/332
f 1336/1336/333 1337/1337/333 1338/1338/333
f 1339/1339/134 1340/1340/134 1341/1341/134
f 1342/1342/134 1343/1343/134 1344/1344/134
f 1345/1345/134 1346/1346/134 1347/1347/134
f 1348/1348/32 1349/1349/32 1350/1350/32
f 1351/1351/334 1352/1352/334 1353/1353/334
f 1354/1354/334 1355/1355/334 1356/1356/334
f 1357/1357/335 1358/1358/335 1359/1359/335
f 1360/1360/336 1361/1361/336 1362/1362/336
f 1363/1363/337 1364/1364/337 1365/1365/337
f 1366/1366/34 1367/1367/34 1368/1368/34
f 1369/1369/338 1370/1370/338 1371/1371/338
f 1372/1372/338 1373/1373/338 1374/1374/338
f 1375/1375/339 1376/1376/339 1377/1377/339
f 1378/1378/339 1379/1379/339 1380/1380/339
f 1381/1381/294 1382/1382/294 1383/1383/294
f 1384/1384/340 1385/1385/340 1386/1386/340
f 1387/1387/340 1388/1388/340 1389/1389/340
f 1390/1390/298 1391/1391/298 1392/1392/298
f 1393/1393/341 1394/1394/341 1395/1395/341
f 1396/1396/342 1397/1397/342 1398/1398/342
f 1399/1399/343 1400/1400/343 1401/1401/343
f 1402/1402/9 1403/1403/9 1404/1404/9
f 1405/1405/9 1406/1406/9 1407/1407/9
f 1408/1408/9 1409/1409/9 1410/1410/9
f 1411/1411/8 1412/1412/8 1413/1413/8
f 1414/1414/8 1415/1415/8 1416/1416/8
f 1417/1417/8 1418/1418/8 1419/1419/8
f 1420/1420/8 1421/1421/8 1422/1422/8
f 1423/1423/8 1424/1424/8 1425/1425/8
f 1426/1426/8 1427/1427/8 1428/1428/8
f 1429/1429/9 1430/1430/9 1431/1431/9
f 1432/1432/9 1433/1433/9 1434/1434/9
f 1435/1435/9 1436/1436/9 1437/1437/9
f 1438/1438/9 1439/1439/9 1440/1440/9
f 1441/1441/9 1442/1442/9 1443/1443/9
f 1444/1444/9 1445/1445/9 1446/1446/9
f 1447/1447/9 1448/1448/9 1449/1449/9
f 1450/1450/9 1451/1451/9 1452/1452/9
f 1453/1453/9 1454/1454/9 1455/1455/9
f 1456/1456/9 1457/1457/9 1458/1458/9
f 1459/1459/9 1460/1460/9 1461/1461/9
f 1462/1462/9 1463/1463/9 1464/1464/9
f 1465/1465/9 1466/1466/9 1467/1467/9
f 1468/1468/9 1469/1469/9 1470/1470/9
f 1471/1471/9 1472/1472/9 1473/1473/9
f 1474/1474/9 1475/1475/9 1476/1476/9
f 1477/1477/9 1478/1478/9 1479/1479/9
f 1480/1480/9 1481/1481/9 1482/1482/9
f 1483/1483/9 1484/1484/9 1485/1485/9
f 1486/1486/9 1487/1487/9 1488/1488/9
f 1489/1489/9 1490/1490/9 1491/1491/9
f 1492/1492/9 1493/1493/9 1494/1494/9
f 1495/1495/9 1496/1496/9 1497/1497/9
f 1498/1498/9 1499/1499/9 1500/1500/9
f 1501/1501/9 1502/1502/9 1503/1503/9
f 1504/1504/9 1505/1505/9 1506/1506/9
f 1507/1507/9 1508/1508/9 1509/1509/9
f 1510/1510/9 1511/1511/9 1512/1512/9
f 1513/1513/9 1514/1514/9 1515/1515/9
f 1516/1516/9 1517/1517/9 1518/1518/9
f 1519/1519/9 1520/1520/9 1521/1521/9
f 1522/1522/9 1523/1523/9 1524/1524/9
f 1525/1525/9 1526/1526/9 1527/1527/9
f 1528/1528/9 1529/1529/9 1530/1530/9
f 1531/1531/9 1532/1532/9 1533/1533/9
f 1534/1534/9 1535/1535/9 1536/1536/9
f 1537/1537/9 1538/1538/9 1539/1539/9
f 1540/1540/9 1541/1541/9 1542/1542/9
f 1543/1543/9 1544/1544/9 1545/1545/9
f 1546/1546/9 1547/1547/9 1548/1548/9
f 1549/1549/9 1550/1550/9 1551/1551/9
f 1552/1552/9 1553/1553/9 1554/1554/9
f 1555/1555/9 1556/1556/9 1557/1557/9
f 1558/1558/8 1559/1559/8 1560/1560/8
f 1561/1561/8 1562/1562/8 1563/1563/8
f 1564/1564/8 1565/1565/8 1566/1566/8
f 1567/1567/8 1568/1568/8 1569/1569/8
f 1570/1570/8 1571/1571/8 1572/1572/8
f 1573/1573/8 1574/1574/8 1575/1575/8
f 1576/1576/8 1577/1577/8 1578/1578/8
f 1579/1579/8 1580/1580/8 1581/1581/8
f 1582/1582/8 1583/1583/8 1584/1584/8
f 1585/1585/8 1586/1586/8 1587/1587/8
f 1588/1588/8 1589/1589/8 1590/1590/8
f 1591/1591/8 1592/1592/8 1593/1593/8
f 1594/1594/8 1595/1595/8 1596/1596/8
f 1597/1597/8 1598/1598/8 1599/1599/8
f 1600/1600/8 1601/1601/8 1602/1602/8
f 1603/1603/8 1604/1604/8 1605/1605/8
f 1606/1606/8 1607/1607/8 1608/1608/8
f 1609/1609/8 1610/1610/8 1611/1611/8
f 1612/1612/8 1613/1613/8 1614/1614/8
f 1615/1615/8 1616/1616/8 1617/1617/8
f 1618/1618/8 1619/1619/8 1620/1620/8
f 1621/1621/8 1622/1622/8 1623/1623/8
f 1624/1624/8 1625/1625/8 1626/1626/8
f 1627/1627/8 1628/1628/8 1629/1629/8
f 1630/1630/8 1631/1631/8 1632/1632/8
f 1633/1633/8 1634/1634/8 1635/1635/8
f 1636/1636/8 1637/1637/8 1638/1638/8
f 1639/1639/8 1640/1640/8 1641/1641/8
f 1642/1642/8 1643/1643/8 1644/1644/8
f 1645/1645/8 1646/1646/8 1647/1647/8
f 1648/1648/8 1649/1649/8 1650/1650/8
f 1651/1651/8 1652/1652/8 1653/1653/8
f 1654/1654/8 1655/1655/8 1656/1656/8
f 1657/1657/8 1658/1658/8 1659/1659/8
f 1660/1660/8 1661/1661/8 1662/1662/8
f 1663/1663/8 1664/1664/8 1665/1665/8
f 1666/1666/8 1667/1667/8 1668/1668/8
f 1669/1669/8 1670/1670/8 1671/1671/8
f 1672/1672/8 1673/1673/8 1674/1674/8
f 1675/1675/8 1676/1676/8 1677/1677/8
