mtllib noname.mtl
v 0.000002 -4.408535 12.633901
v 0.000002 -3.968836 14.785799
v 0.000002 -3.968836 14.785799
v 0.000002 -3.968836 14.785799
v 0.000002 -7.158735 10.647200
v 0.000002 -4.408535 12.633901
v 0.000005 74.131660 9.533199
v 0.000005 69.979866 12.118200
v 0.000005 70.168266 9.401000
v 0.000005 69.979866 12.118200
v 0.000005 74.131660 9.533199
v 0.000005 70.168266 9.401000
v 2.333699 -12.751734 -0.000000
v 0.000000 -10.642836 2.978300
v -0.000000 -12.242735 2.466000
v 2.333699 -12.751734 -0.000000
v 3.024600 -10.642836 -0.000001
v 0.000000 -10.642836 2.978300
v -2.333700 -12.751734 0.000000
v -0.000001 -10.642836 -2.978300
v -0.000001 -12.242735 -2.466000
v -2.333700 -12.751734 0.000000
v -3.024601 -10.642836 0.000001
v -0.000001 -10.642836 -2.978300
v -0.000000 28.756165 -9.232400
v 1.282599 34.610363 -11.896700
v 1.950300 29.612366 -7.378000
v 1.950300 29.612366 -7.378000
v 1.467700 24.895266 -3.566700
v -0.000000 28.756165 -9.232400
v 0.000003 55.309761 2.512200
v 0.000003 57.574062 1.956900
v 0.000003 59.983860 2.535400
v 0.000003 57.574062 1.956900
v 0.000003 55.309761 2.512200
v 0.000003 59.983860 2.535400
v -0.000001 12.806866 -11.556300
v -0.000002 14.628265 -13.443700
v 1.302399 14.965365 -10.881900
v -0.000002 14.628265 -13.443700
v -0.000002 18.158566 -14.508100
v 1.302399 14.965365 -10.881900
v -0.000003 -3.968836 -14.785799
v -0.000002 -7.158735 -10.647200
v -0.000002 -4.408535 -12.633901
v -0.000002 -4.408535 -12.633901
v -0.000003 -3.968836 -14.785799
v -0.000003 -3.968836 -14.785799
v 0.000004 59.091358 9.387800
v 0.000005 55.679966 12.164500
v 0.000004 55.825459 8.792800
v 0.000005 55.679966 12.164500
v 0.000004 59.091358 9.387800
v 0.000004 55.825459 8.792800
v 0.000002 13.315866 7.331700
v 1.375102 16.436365 5.262500
v 1.302402 14.965365 10.881900
v 0.000002 12.575465 9.460500
v 0.000002 13.315866 7.331700
v 1.302402 14.965365 10.881900
v 0.000001 3.428965 7.341700
v 0.000001 2.050565 5.999600
v 0.000001 6.420465 6.806200
v 0.000002 3.428965 8.310201
v 0.000001 3.428965 7.341700
v 0.000001 6.420465 6.806200
v 0.000004 61.461460 8.723400
v 0.000004 59.091358 9.387800
v 0.000004 55.157764 8.144900
v 0.000004 59.091358 9.387800
v 0.000004 61.461460 8.723400
v 0.000004 55.157764 8.144900
v 0.000005 74.131660 9.533199
v 0.000005 70.168266 9.401000
v 0.000005 69.546860 8.597800
v 0.000005 70.168266 9.401000
v 0.000005 74.131660 9.533199
v 0.000005 69.546860 8.597800
v 0.000004 55.825459 8.792800
v 0.000004 55.157764 8.144900
v 0.000004 59.091358 9.387800
v 0.000004 55.157764 8.144900
v 0.000004 55.825459 8.792800
v 0.000004 59.091358 9.387800
v 0.000003 55.309761 2.512200
v 0.000002 55.415565 0.505800
v 0.000003 57.574062 1.956900
v 0.000002 55.415565 0.505800
v 0.000003 55.309761 2.512200
v 0.000003 57.574062 1.956900
v -0.000002 10.069864 -15.450200
v -0.000001 10.588864 -8.872100
v -0.000002 8.294765 -14.075100
v -0.000001 6.420465 -6.806200
v -0.000002 8.294765 -14.075100
v -0.000001 10.588864 -8.872100
v 2.700599 -15.022736 -0.000000
v 1.665999 -15.022736 -3.044400
v 2.333699 -12.751734 -0.000000
v -0.000001 -13.184835 -3.008100
v 2.333699 -12.751734 -0.000000
v 1.665999 -15.022736 -3.044400
v -1.282595 100.030769 5.979800
v -1.282595 99.290260 2.965100
v -1.282595 94.807968 6.452500
v -1.282594 99.128357 10.290200
v -1.282595 100.030769 5.979800
v -1.282595 94.807968 6.452500
v -0.000000 -13.184835 3.008100
v -2.333700 -12.751734 0.000000
v -1.666000 -15.022736 3.044400
v -2.700601 -15.022736 0.000000
v -1.666000 -15.022736 3.044400
v -2.333700 -12.751734 0.000000
v 0.000006 102.979370 7.933400
v 1.282606 99.128357 10.290200
v 1.282606 101.594269 7.017700
v 1.282606 99.128357 10.290200
v 1.282605 100.030769 5.979800
v 1.282606 101.594269 7.017700
v -1.950297 29.612366 7.378000
v -1.467698 24.895266 3.566700
v 0.000003 28.756165 9.232400
v 0.000003 28.756165 9.232400
v -1.282596 34.610363 11.896700
v -1.950297 29.612366 7.378000
v -0.000001 12.575465 -9.460500
v -0.000001 13.315866 -7.331700
v -1.302401 14.965365 -10.881900
v -0.000001 13.315866 -7.331700
v -1.375100 16.436365 -5.262500
v -1.302401 14.965365 -10.881900
v 0.000001 2.050565 5.999600
v 0.000001 3.428965 7.341700
v 0.000001 6.420465 6.806200
v 0.000001 3.428965 7.341700
v 0.000002 3.428965 8.310201
v 0.000001 6.420465 6.806200
v 1.282604 96.249161 -0.000000
v 1.282604 100.701775 -0.899100
v 1.282604 99.779564 -0.000000
v 1.282604 96.249161 -0.000000
v 1.282604 99.125061 -3.272500
v 1.282604 100.701775 -0.899100
v 0.000003 14.628265 13.443700
v 0.000003 18.158566 14.508100
v -1.302397 14.965365 10.881900
v 0.000003 12.806866 11.556300
v 0.000003 14.628265 13.443700
v -1.302397 14.965365 10.881900
v -0.000001 3.428965 -8.310201
v -0.000001 3.428965 -7.341700
v -0.000001 6.420465 -6.806200
v -0.000001 3.428965 -7.341700
v -0.000001 2.050565 -5.999600
v -0.000001 6.420465 -6.806200
v 1.282602 93.925362 -13.731299
v 0.885901 85.152466 -16.901299
v 1.282601 91.376762 -17.023701
v 1.282602 93.925362 -13.731299
v 1.282601 91.376762 -17.023701
v 1.282601 92.732063 -20.775499
v 0.000001 69.979866 -12.118200
v 0.000002 74.131660 -9.533199
v 0.000001 70.168266 -9.401000
v 0.000002 74.131660 -9.533199
v 0.000001 69.979866 -12.118200
v 0.000001 70.168266 -9.401000
v 0.000002 57.574062 -1.956900
v 0.000002 55.309761 -2.512200
v 0.000002 59.983860 -2.535400
v 0.000002 55.309761 -2.512200
v 0.000002 57.574062 -1.956900
v 0.000002 59.983860 -2.535400
v 0.000000 55.679966 -12.164500
v 0.000001 59.091358 -9.387800
v 0.000001 55.825459 -8.792800
v 0.000001 59.091358 -9.387800
v 0.000000 55.679966 -12.164500
v 0.000001 55.825459 -8.792800
v 0.000001 59.091358 -9.387800
v 0.000001 61.461460 -8.723400
v 0.000001 55.157764 -8.144900
v 0.000001 61.461460 -8.723400
v 0.000001 59.091358 -9.387800
v 0.000001 55.157764 -8.144900
v 0.000001 70.168266 -9.401000
v 0.000002 74.131660 -9.533199
v 0.000002 69.546860 -8.597800
v 0.000002 74.131660 -9.533199
v 0.000001 70.168266 -9.401000
v 0.000002 69.546860 -8.597800
v 0.000001 55.157764 -8.144900
v 0.000001 55.825459 -8.792800
v 0.000001 59.091358 -9.387800
v 0.000001 55.825459 -8.792800
v 0.000001 55.157764 -8.144900
v 0.000001 59.091358 -9.387800
v 0.000002 55.415565 -0.505800
v 0.000002 55.309761 -2.512200
v 0.000002 57.574062 -1.956900
v 0.000002 55.309761 -2.512200
v 0.000002 55.415565 -0.505800
v 0.000002 57.574062 -1.956900
v 0.000003 33.578964 8.868800
v 1.282604 34.610363 11.896700
v 1.381703 31.972466 6.974700
v -4.204699 23.573065 0.000001
v -2.565099 27.334764 0.000000
v -1.467700 24.895266 -3.566699
v 0.000003 7.220464 14.518001
v 0.000003 6.936164 17.103001
v 0.000003 3.144665 14.048600
v -0.000002 7.220464 -14.518001
v -0.000003 6.936164 -17.103001
v -0.000002 3.144665 -14.048600
v 4.204701 23.573065 -0.000001
v 2.565101 27.334764 -0.000000
v 1.467702 24.895266 3.566699
v 0.000004 34.930965 13.235500
v 0.000003 30.855265 11.622400
v 1.282604 34.610363 11.896700
v -0.000002 1.435665 -9.192800
v -0.000002 7.220464 -14.518001
v -0.000001 3.428965 -8.310201
v -0.000001 8.846765 -5.140200
v -0.000001 8.588964 -6.670600
v -0.000001 10.364064 -6.429300
v 3.897301 18.608166 1.609799
v 5.259201 18.548565 -0.000001
v 4.260901 21.437666 -0.000001
v 0.000004 47.978065 8.306900
v 0.000004 45.356766 9.159699
v 1.282603 44.702263 6.554900
v 1.282602 84.950760 -7.589600
v 0.000002 79.070160 -9.163000
v 0.000002 83.212059 -10.111700
v -0.000001 24.283766 -10.267099
v 1.467700 24.895266 -3.566700
v -0.000000 20.918665 -7.963100
v -0.000002 11.808564 -16.818701
v -0.000002 10.069864 -15.450200
v -0.000003 11.993665 -18.494600
v 0.000006 96.222763 13.126400
v 0.000006 89.386864 13.499901
v 0.965206 88.345566 11.748000
v 0.000002 10.588864 8.872100
v 0.000003 10.069864 15.450200
v 0.000003 8.294765 14.075100
v 0.000001 9.339365 2.066000
v 2.958500 10.549165 -0.000001
v 0.000001 10.549165 3.021300
v -0.000001 34.930965 -13.235500
v -0.000001 30.855265 -11.622400
v -1.282601 34.610363 -11.896700
v 0.000003 21.741766 11.195900
v 0.000003 20.234467 11.817400
v 0.000003 19.533665 10.624101
v 1.282602 100.652168 -15.334500
v 0.000002 102.126465 -16.587301
v 1.282602 105.213867 -15.129601
v 0.000000 -12.956734 4.224500
v 0.000001 -8.424736 7.328400
v 0.000001 -13.439335 6.578100
v 1.041299 -17.835735 -0.000000
v 1.666000 -15.022736 3.044399
v -0.000000 -17.776234 2.029600
v 0.773501 14.155565 -0.000000
v 0.000001 12.268064 1.811400
v 1.712301 12.268064 -0.000000
v 1.365201 16.618166 -0.000000
v 0.000001 16.419865 1.933800
v 0.000001 14.076166 2.079200
v 1.467702 24.895266 3.566699
v 0.000002 20.247665 5.976500
v 0.000002 20.571665 3.887300
v -0.000002 -2.378935 -11.549601
v -0.000002 -8.424736 -7.328400
v -0.000002 -3.876336 -11.592600
v -0.000001 2.050565 -5.999600
v -0.000001 3.428965 -7.341700
v -0.000001 6.420465 -6.806200
v 0.000000 -16.311834 6.862400
v 0.000001 -13.439335 6.578100
v 0.000001 -14.017836 10.237300
v 0.000003 27.321566 8.796101
v 0.000003 26.326565 8.376301
v 1.467702 24.895266 3.566699
v -1.282596 86.223465 3.649300
v -1.282595 84.950760 7.589600
v -1.282595 91.112366 4.247600
v 0.000002 32.507965 2.108900
v 1.636302 32.269966 3.424600
v 0.000002 30.280066 1.566800
v -0.000001 38.712563 -13.017300
v -0.000000 42.183365 -13.099900
v 1.282599 34.610363 -11.896700
v -0.000001 18.247765 -10.733200
v -0.000001 19.533665 -10.624101
v -0.000001 19.100664 -9.738200
v 0.000003 6.936164 17.103001
v 0.000003 7.220464 14.518001
v 0.000003 3.144665 14.048600
v 0.000003 14.013365 14.660200
v 0.000003 18.158566 14.508100
v 0.000003 14.628265 13.443700
v 0.000002 -7.158735 10.647200
v 0.000001 -8.424736 7.328400
v 0.000001 -10.811436 9.543200
v -0.000000 27.321566 -8.796101
v -0.000000 26.326565 -8.376301
v -1.467700 24.895266 -3.566699
v 1.282604 95.029465 -2.508900
v 1.282604 92.728767 -3.408000
v 1.282603 95.231064 -8.627500
v 0.000000 102.288475 -23.912399
v 0.000001 105.154373 -21.119200
v 1.282602 105.213867 -15.129601
v -0.000000 88.233162 -23.343901
v -0.000001 87.112663 -26.008202
v 1.054500 90.249565 -23.638100
v 1.282604 92.728767 -3.408000
v 2.535403 92.728767 -1.870901
v 1.282604 90.441360 -2.502300
v 0.000003 10.069864 15.450200
v 0.000002 10.588864 8.872100
v 0.000003 8.294765 14.075100
v -1.467700 24.895266 -3.566699
v -0.000000 20.247665 -5.976500
v 0.000000 20.571665 -3.887300
v 0.000003 20.234467 11.817400
v 0.000003 21.741766 11.195900
v 0.000003 19.533665 10.624101
v 0.000004 38.712563 13.017300
v 0.000004 42.183365 13.099900
v -1.282596 34.610363 11.896700
v 0.000001 -8.424736 7.328400
v 0.000000 -12.956734 4.224500
v 0.000001 -13.439335 6.578100
v -1.365199 16.618166 0.000000
v 0.000000 16.419865 -1.933800
v 0.000000 14.076166 -2.079200
v -0.803301 -23.240335 0.000000
v -0.000001 -23.518034 -0.373500
v -0.000001 -23.518034 0.373500
v 0.000002 1.435665 9.192800
v 0.000002 -2.378935 11.549601
v 0.000003 3.144665 14.048600
v -2.528799 16.320665 0.000000
v -3.897299 18.608166 1.609801
v -5.259199 18.548565 0.000001
v -0.773499 14.155565 0.000000
v 0.000000 12.268064 -1.811400
v -1.712300 12.268064 0.000000
v -1.041301 -17.835735 0.000000
v -1.666001 -15.022736 -3.044399
v -0.000001 -17.776234 -2.029600
v 0.000003 24.283766 10.267099
v -1.467698 24.895266 3.566700
v 0.000002 20.918665 7.963100
v 1.282606 95.191460 9.225800
v 0.000006 94.080765 9.001101
v 1.282605 94.807968 6.452500
v -1.282596 100.701775 -0.899100
v -1.282596 99.779564 0.000000
v 1.282604 100.701775 -0.899100
v -0.000001 -12.956734 -4.224500
v -0.000002 -8.424736 -7.328400
v -0.000002 -13.439335 -6.578100
v 0.000005 79.070160 9.163000
v 1.282605 84.950760 7.589600
v 0.000005 83.212059 10.111700
v -0.000001 21.741766 -11.195900
v -0.000001 20.234467 -11.817400
v -0.000001 19.533665 -10.624101
v 0.000001 -13.439335 6.578100
v 0.000000 -16.311834 6.862400
v 0.000001 -14.017836 10.237300
v -0.000001 10.588864 -8.872100
v -0.000002 10.069864 -15.450200
v -0.000002 8.294765 -14.075100
v -0.000002 -16.311834 -6.862400
v -0.000002 -13.439335 -6.578100
v -0.000002 -14.017836 -10.237300
v -1.666000 -15.022736 3.044400
v -0.000000 -16.807735 2.961800
v 0.000000 -16.311834 6.862400
v 1.282600 95.607964 -22.355499
v 1.054500 90.249565 -23.638100
v -0.000001 89.562065 -26.074299
v 1.282601 44.702263 -6.554900
v 1.282602 84.950760 -7.589600
v 1.282603 86.223465 -3.649300
v 0.000000 45.356766 -9.159699
v 0.000001 47.978065 -8.306900
v 1.282601 44.702263 -6.554900
v -1.282597 44.702263 6.554900
v 0.000003 42.094166 8.462200
v 0.000004 44.064266 10.571199
v 0.000004 83.711166 2.611400
v 0.000003 59.983860 2.535400
v -1.282596 86.223465 3.649300
v -1.282595 84.950760 7.589600
v 0.000005 69.546860 8.597800
v 0.000005 74.131660 9.533199
v 1.282605 99.290260 2.965100
v 1.282605 100.030769 5.979800
v 1.282605 94.807968 6.452500
v -1.381697 31.972466 6.974700
v -1.636298 32.269966 3.424601
v -2.565099 27.334764 0.000000
v -1.282597 44.702263 6.554900
v 0.000004 55.157764 8.144900
v 0.000004 61.461460 8.723400
v 0.000001 55.157764 -8.144900
v -1.282599 44.702263 -6.554900
v 0.000001 61.461460 -8.723400
v 0.000003 91.059464 -7.569700
v -1.282597 91.614761 -6.115300
v -1.282597 95.231064 -8.627500
v -2.535396 92.728767 -1.870900
v -1.282596 95.029465 -2.508900
v -1.282596 92.728767 -3.408000
v 0.000003 108.651672 -7.450700
v 0.000003 107.306267 -10.703400
v -1.282597 105.336166 -8.862200
v -0.000001 89.562065 -26.074299
v -0.000001 87.707664 -29.267498
v -1.054500 90.249565 -23.638100
v 0.000001 98.804359 -21.611799
v 0.000000 95.981461 -23.856300
v -1.282600 95.607964 -22.355499
v -1.282600 92.732063 -20.775499
v 0.000000 91.294167 -19.982100
v 0.000001 90.428062 -18.246700
v 0.000002 69.546860 -8.597800
v -1.282598 84.950760 -7.589600
v 0.000002 74.131660 -9.533199
v 0.000001 103.409065 -19.820200
v 0.000001 103.263565 -17.291399
v -1.282598 105.213867 -15.129601
v -0.000000 33.578964 -8.868800
v -1.282601 34.610363 -11.896700
v -1.381700 31.972466 -6.974700
v 0.000002 87.710968 -9.139900
v 0.000001 86.028358 -12.928100
v -1.282598 84.950760 -7.589600
v 0.000000 42.094166 -8.462200
v -1.282599 44.702263 -6.554900
v 0.000000 44.064266 -10.571199
v 0.000001 32.507965 -2.108900
v 0.000001 34.838467 -1.596600
v -1.636299 32.269966 -3.424600
v 0.000006 100.645569 11.281900
v -1.282594 99.128357 10.290200
v 0.000006 96.222763 13.126400
v -1.282594 95.191460 9.225800
v 0.000006 94.080765 9.001101
v -1.282594 94.417862 11.595901
v 1.282604 90.441360 -2.502300
v 1.282603 91.614761 -6.115300
v 1.282604 92.728767 -3.408000
v 1.282603 95.231064 -8.627500
v 1.282604 92.728767 -3.408000
v 1.282603 91.614761 -6.115300
v 1.282603 91.614761 -6.115300
v 0.000003 91.059464 -7.569700
v 1.282603 95.231064 -8.627500
v 0.000002 93.859261 -9.110100
v 1.282603 95.231064 -8.627500
v 0.000003 91.059464 -7.569700
v 0.000003 91.059464 -7.569700
v -1.282597 95.231064 -8.627500
v 0.000002 93.859261 -9.110100
v 0.000002 92.854362 -12.828900
v 0.000002 93.859261 -9.110100
v -1.282597 95.231064 -8.627500
v -1.282597 95.231064 -8.627500
v -1.282598 93.925362 -13.731299
v 0.000002 92.854362 -12.828900
v 0.000001 85.833366 -15.136200
v 0.000002 92.854362 -12.828900
v -1.282598 93.925362 -13.731299
v -1.282598 93.925362 -13.731299
v -0.885899 85.152466 -16.901299
v 0.000001 85.833366 -15.136200
v 0.000001 78.184265 -14.782500
v 0.000001 85.833366 -15.136200
v -0.885899 85.152466 -16.901299
v -0.885899 85.152466 -16.901299
v -1.282600 77.367859 -15.681601
v 0.000001 78.184265 -14.782500
v 0.000001 76.528160 -13.397400
v 0.000001 78.184265 -14.782500
v -1.282600 77.367859 -15.681601
v -1.282600 77.367859 -15.681601
v -1.203199 70.697166 -13.860200
v 0.000001 76.528160 -13.397400
v 1.203201 70.697166 -13.860200
v 0.000001 76.528160 -13.397400
v -1.203199 70.697166 -13.860200
v -1.203199 70.697166 -13.860200
v 0.000000 65.348763 -15.585700
v 1.203201 70.697166 -13.860200
v 0.000000 70.122063 -16.217100
v 1.203201 70.697166 -13.860200
v 0.000000 65.348763 -15.585700
v 0.000000 65.348763 -15.585700
v -1.203199 70.697166 -13.860200
v 0.000000 70.122063 -16.217100
v -0.000000 76.918259 -20.613501
v 0.000000 70.122063 -16.217100
v -1.203199 70.697166 -13.860200
v -1.203199 70.697166 -13.860200
v -1.282600 77.367859 -15.681601
v -0.000000 76.918259 -20.613501
v -0.000000 81.688156 -21.981998
v -0.000000 76.918259 -20.613501
v -1.282600 77.367859 -15.681601
v -1.282600 77.367859 -15.681601
v -0.885899 85.152466 -16.901299
v -0.000000 81.688156 -21.981998
v 0.000000 86.768860 -21.555599
v -0.000000 81.688156 -21.981998
v -0.885899 85.152466 -16.901299
v -0.885899 85.152466 -16.901299
v 0.000000 86.653160 -19.284700
v 0.000000 86.768860 -21.555599
v 0.885901 85.152466 -16.901299
v 0.000000 86.768860 -21.555599
v 0.000000 86.653160 -19.284700
v 0.000000 86.653160 -19.284700
v 0.000001 88.001762 -18.035200
v 0.885901 85.152466 -16.901299
v 1.282601 91.376762 -17.023701
v 0.885901 85.152466 -16.901299
v 0.000001 88.001762 -18.035200
v 0.000001 88.001762 -18.035200
v 0.000001 90.428062 -18.246700
v 1.282601 91.376762 -17.023701
v 1.282601 92.732063 -20.775499
v 1.282601 91.376762 -17.023701
v 0.000001 90.428062 -18.246700
v 0.000001 90.428062 -18.246700
v 0.000000 91.294167 -19.982100
v 1.282601 92.732063 -20.775499
v 0.000000 90.636360 -21.826599
v 1.282601 92.732063 -20.775499
v 0.000000 91.294167 -19.982100
v 0.000000 91.294167 -19.982100
v -1.282600 92.732063 -20.775499
v 0.000000 90.636360 -21.826599
v -1.054500 90.249565 -23.638100
v 0.000000 90.636360 -21.826599
v -1.282600 92.732063 -20.775499
v -1.282600 92.732063 -20.775499
v -1.282600 95.607964 -22.355499
v -1.054500 90.249565 -23.638100
v -0.000001 89.562065 -26.074299
v -1.054500 90.249565 -23.638100
v -1.282600 95.607964 -22.355499
v -1.282600 95.607964 -22.355499
v 0.000000 95.981461 -23.856300
v -0.000001 89.562065 -26.074299
v 1.282600 95.607964 -22.355499
v -0.000001 89.562065 -26.074299
v 0.000000 95.981461 -23.856300
v 0.000000 95.981461 -23.856300
v 0.000001 98.804359 -21.611799
v 1.282600 95.607964 -22.355499
v 1.282602 100.652168 -15.334500
v 1.282600 95.607964 -22.355499
v 0.000001 98.804359 -21.611799
v 0.000001 98.804359 -21.611799
v 0.000001 100.929871 -17.116199
v 1.282602 100.652168 -15.334500
v 0.000002 102.126465 -16.587301
v 1.282602 100.652168 -15.334500
v 0.000001 100.929871 -17.116199
v 0.000001 100.929871 -17.116199
v -1.282598 100.652168 -15.334500
v 0.000002 102.126465 -16.587301
v -1.282598 105.213867 -15.129601
v 0.000002 102.126465 -16.587301
v -1.282598 100.652168 -15.334500
v -1.282598 100.652168 -15.334500
v -1.282597 105.336166 -8.862200
v -1.282598 105.213867 -15.129601
v 0.000002 106.750961 -17.271601
v -1.282598 105.213867 -15.129601
v -1.282597 105.336166 -8.862200
v -1.282597 105.336166 -8.862200
v 0.000003 107.306267 -10.703400
v 0.000002 106.750961 -17.271601
v 1.282603 105.336166 -8.862200
v 0.000002 106.750961 -17.271601
v 0.000003 107.306267 -10.703400
v 0.000003 107.306267 -10.703400
v 0.000003 108.651672 -7.450700
v 1.282603 105.336166 -8.862200
v -1.282597 105.336166 -8.862200
v 1.282603 105.336166 -8.862200
v 0.000003 108.651672 -7.450700
v 0.000005 91.489159 8.620900
v 0.965206 88.345566 11.748000
v -0.965194 88.345566 11.748000
v 0.000006 87.023361 14.339500
v -0.965194 88.345566 11.748000
v 0.965206 88.345566 11.748000
v 0.965206 88.345566 11.748000
v 0.000006 89.386864 13.499901
v 0.000006 87.023361 14.339500
v -0.965194 88.345566 11.748000
v 0.000006 87.023361 14.339500
v 0.000006 89.386864 13.499901
v 0.000006 89.386864 13.499901
v 0.000006 96.222763 13.126400
v -0.965194 88.345566 11.748000
v -1.282594 94.417862 11.595901
v -0.965194 88.345566 11.748000
v 0.000006 96.222763 13.126400
v 0.000006 96.222763 13.126400
v -1.282594 99.128357 10.290200
v -1.282594 94.417862 11.595901
v -1.282594 95.191460 9.225800
v -1.282594 94.417862 11.595901
v -1.282594 99.128357 10.290200
v -1.282594 99.128357 10.290200
v -1.282595 94.807968 6.452500
v -1.282594 95.191460 9.225800
v 0.000006 94.080765 9.001101
v -1.282594 95.191460 9.225800
v -1.282595 94.807968 6.452500
v -1.282595 94.807968 6.452500
v 0.000005 94.120361 6.660700
v 0.000006 94.080765 9.001101
v 1.282605 94.807968 6.452500
v 0.000006 94.080765 9.001101
v 0.000005 94.120361 6.660700
v 0.000005 94.120361 6.660700
v 0.000005 91.499062 5.249200
v 1.282605 94.807968 6.452500
v 1.282605 91.112366 4.247600
v 1.282605 94.807968 6.452500
v 0.000005 91.499062 5.249200
v 0.000005 91.499062 5.249200
v 0.000005 88.276161 6.988000
v 1.282605 91.112366 4.247600
v 1.282605 84.950760 7.589600
v 1.282605 91.112366 4.247600
v 0.000005 88.276161 6.988000
v 0.000005 88.276161 6.988000
v 0.000006 86.028358 12.928100
v 1.282605 84.950760 7.589600
v 0.000005 83.212059 10.111700
v 1.282605 84.950760 7.589600
v 0.000006 86.028358 12.928100
v 0.000006 86.028358 12.928100
v -1.282595 84.950760 7.589600
v 0.000005 83.212059 10.111700
v 0.000005 79.070160 9.163000
v 0.000005 83.212059 10.111700
v -1.282595 84.950760 7.589600
v -1.282595 84.950760 7.589600
v 0.000005 74.131660 9.533199
v 0.000005 79.070160 9.163000
v 1.282605 84.950760 7.589600
v 0.000005 79.070160 9.163000
v 0.000005 74.131660 9.533199
v 0.000005 74.131660 9.533199
v 0.000005 69.546860 8.597800
v 1.282605 84.950760 7.589600
v 0.000004 61.461460 8.723400
v 1.282605 84.950760 7.589600
v 0.000005 69.546860 8.597800
v 0.000005 69.546860 8.597800
v -1.282595 84.950760 7.589600
v 0.000004 61.461460 8.723400
v -1.282597 44.702263 6.554900
v 0.000004 61.461460 8.723400
v -1.282595 84.950760 7.589600
v -1.282595 84.950760 7.589600
v -1.282596 86.223465 3.649300
v -1.282597 44.702263 6.554900
v -1.282597 44.893967 3.467500
v -1.282597 44.702263 6.554900
v -1.282596 86.223465 3.649300
v -1.282596 86.223465 3.649300
v 0.000003 59.983860 2.535400
v -1.282597 44.893967 3.467500
v 0.000003 55.309761 2.512200
v -1.282597 44.893967 3.467500
v 0.000003 59.983860 2.535400
v 0.000003 26.581165 9.615900
v 0.000003 24.283766 10.267099
v 0.000003 26.326565 8.376301
v 1.467702 24.895266 3.566699
v 0.000003 26.326565 8.376301
v 0.000003 24.283766 10.267099
v 0.000003 24.283766 10.267099
v 0.000002 20.918665 7.963100
v 1.467702 24.895266 3.566699
v 0.000002 20.247665 5.976500
v 1.467702 24.895266 3.566699
v 0.000002 20.918665 7.963100
v 0.000002 20.918665 7.963100
v -1.467698 24.895266 3.566700
v 0.000002 20.247665 5.976500
v 0.000002 20.571665 3.887300
v 0.000002 20.247665 5.976500
v -1.467698 24.895266 3.566700
v -1.467698 24.895266 3.566700
v -3.897299 18.608166 1.609801
v 0.000002 20.571665 3.887300
v -1.401599 17.589966 1.798200
v 0.000002 20.571665 3.887300
v -3.897299 18.608166 1.609801
v -3.897299 18.608166 1.609801
v -2.528799 16.320665 0.000000
v -1.401599 17.589966 1.798200
v -1.365199 16.618166 0.000000
v -1.401599 17.589966 1.798200
v -2.528799 16.320665 0.000000
v -2.528799 16.320665 0.000000
v -1.401600 17.589966 -1.798200
v -1.365199 16.618166 0.000000
v 0.000000 16.419865 -1.933800
v -1.365199 16.618166 0.000000
v -1.401600 17.589966 -1.798200
v -1.401600 17.589966 -1.798200
v -0.000000 13.927465 -3.715500
v 0.000000 16.419865 -1.933800
v 1.401600 17.589966 -1.798200
v 0.000000 16.419865 -1.933800
v -0.000000 13.927465 -3.715500
v -0.000000 13.927465 -3.715500
v 1.375100 16.436365 -5.262500
v 1.401600 17.589966 -1.798200
v 0.000000 20.571665 -3.887300
v 1.401600 17.589966 -1.798200
v 1.375100 16.436365 -5.262500
v 1.375100 16.436365 -5.262500
v -0.000000 18.674265 -7.093700
v 0.000000 20.571665 -3.887300
v -1.375100 16.436365 -5.262500
v 0.000000 20.571665 -3.887300
v -0.000000 18.674265 -7.093700
v -0.000000 18.674265 -7.093700
v -0.000001 16.690865 -9.487000
v -1.375100 16.436365 -5.262500
v -1.302401 14.965365 -10.881900
v -1.375100 16.436365 -5.262500
v -0.000001 16.690865 -9.487000
v -0.000001 16.690865 -9.487000
v -0.000001 17.318966 -11.790900
v -1.302401 14.965365 -10.881900
v -0.000002 18.158566 -14.508100
v -1.302401 14.965365 -10.881900
v -0.000001 17.318966 -11.790900
v -0.000001 17.318966 -11.790900
v -0.000001 19.037865 -12.676800
v -0.000002 18.158566 -14.508100
v -0.000002 20.032764 -14.204000
v -0.000002 18.158566 -14.508100
v -0.000001 19.037865 -12.676800
v -0.000001 19.037865 -12.676800
v -0.000001 20.234467 -11.817400
v -0.000002 20.032764 -14.204000
v -0.000001 21.358364 -13.222300
v -0.000002 20.032764 -14.204000
v -0.000001 20.234467 -11.817400
v -0.000001 20.234467 -11.817400
v -0.000001 21.741766 -11.195900
v -0.000001 21.358364 -13.222300
v -0.000001 26.581165 -9.615900
v -0.000001 24.283766 -10.267099
v -0.000000 26.326565 -8.376301
v -1.467700 24.895266 -3.566699
v -0.000000 26.326565 -8.376301
v -0.000001 24.283766 -10.267099
v -0.000001 24.283766 -10.267099
v -0.000000 20.918665 -7.963100
v -1.467700 24.895266 -3.566699
v -0.000000 20.247665 -5.976500
v -1.467700 24.895266 -3.566699
v -0.000000 20.918665 -7.963100
v -0.000000 20.918665 -7.963100
v 1.467700 24.895266 -3.566700
v -0.000000 20.247665 -5.976500
v 0.000000 20.571665 -3.887300
v -0.000000 20.247665 -5.976500
v 1.467700 24.895266 -3.566700
v 1.467700 24.895266 -3.566700
v 3.897300 18.608166 -1.609801
v 0.000000 20.571665 -3.887300
v 1.401600 17.589966 -1.798200
v 0.000000 20.571665 -3.887300
v 3.897300 18.608166 -1.609801
v 3.897300 18.608166 -1.609801
v 2.528801 16.320665 -0.000000
v 1.401600 17.589966 -1.798200
v 1.365201 16.618166 -0.000000
v 1.401600 17.589966 -1.798200
v 2.528801 16.320665 -0.000000
v 2.528801 16.320665 -0.000000
v 1.401601 17.589966 1.798200
v 1.365201 16.618166 -0.000000
v 0.000001 16.419865 1.933800
v 1.365201 16.618166 -0.000000
v 1.401601 17.589966 1.798200
v 1.401601 17.589966 1.798200
v 0.000001 13.927465 3.715500
v 0.000001 16.419865 1.933800
v -1.401599 17.589966 1.798200
v 0.000001 16.419865 1.933800
v 0.000001 13.927465 3.715500
v 0.000001 13.927465 3.715500
v -1.375098 16.436365 5.262500
v -1.401599 17.589966 1.798200
v 0.000002 20.571665 3.887300
v -1.401599 17.589966 1.798200
v -1.375098 16.436365 5.262500
v -1.375098 16.436365 5.262500
v 0.000002 18.674265 7.093700
v 0.000002 20.571665 3.887300
v 1.375102 16.436365 5.262500
v 0.000002 20.571665 3.887300
v 0.000002 18.674265 7.093700
v 0.000002 18.674265 7.093700
v 0.000002 16.690865 9.487000
v 1.375102 16.436365 5.262500
v 1.302402 14.965365 10.881900
v 1.375102 16.436365 5.262500
v 0.000002 16.690865 9.487000
v 0.000002 16.690865 9.487000
v 0.000003 17.318966 11.790900
v 1.302402 14.965365 10.881900
v 0.000003 18.158566 14.508100
v 1.302402 14.965365 10.881900
v 0.000003 17.318966 11.790900
v 0.000003 17.318966 11.790900
v 0.000003 19.037865 12.676800
v 0.000003 18.158566 14.508100
v 0.000003 20.032764 14.204000
v 0.000003 18.158566 14.508100
v 0.000003 19.037865 12.676800
v 0.000003 19.037865 12.676800
v 0.000003 20.234467 11.817400
v 0.000003 20.032764 14.204000
v 0.000003 21.358364 13.222300
v 0.000003 20.032764 14.204000
v 0.000003 20.234467 11.817400
v 0.000003 20.234467 11.817400
v 0.000003 21.741766 11.195900
v 0.000003 21.358364 13.222300
v -0.000001 8.588964 -6.670600
v -0.000001 10.364064 -6.429300
v -0.000001 9.550864 -8.389500
v -0.000001 11.501164 -8.825900
v -0.000001 9.550864 -8.389500
v -0.000001 10.364064 -6.429300
v -0.000001 10.364064 -6.429300
v -0.000001 11.772164 -6.683800
v -0.000001 11.501164 -8.825900
v -0.000001 13.315866 -7.331700
v -0.000001 11.501164 -8.825900
v -0.000001 11.772164 -6.683800
v -0.000001 11.772164 -6.683800
v -0.000000 13.927465 -3.715500
v -0.000001 13.315866 -7.331700
v -1.375100 16.436365 -5.262500
v -0.000001 13.315866 -7.331700
v -0.000000 13.927465 -3.715500
v -0.000000 13.927465 -3.715500
v -1.401600 17.589966 -1.798200
v -1.375100 16.436365 -5.262500
v 0.000000 20.571665 -3.887300
v -1.375100 16.436365 -5.262500
v -1.401600 17.589966 -1.798200
v -1.401600 17.589966 -1.798200
v -3.897300 18.608166 -1.609799
v 0.000000 20.571665 -3.887300
v -1.467700 24.895266 -3.566699
v 0.000000 20.571665 -3.887300
v -3.897300 18.608166 -1.609799
v -3.897300 18.608166 -1.609799
v -4.260899 21.437666 0.000001
v -1.467700 24.895266 -3.566699
v -4.204699 23.573065 0.000001
v -1.467700 24.895266 -3.566699
v -4.260899 21.437666 0.000001
v -4.260899 21.437666 0.000001
v -1.467698 24.895266 3.566700
v -4.204699 23.573065 0.000001
v -2.565099 27.334764 0.000000
v -4.204699 23.573065 0.000001
v -1.467698 24.895266 3.566700
v -1.467698 24.895266 3.566700
v -1.950297 29.612366 7.378000
v -2.565099 27.334764 0.000000
v -1.381697 31.972466 6.974700
v -2.565099 27.334764 0.000000
v -1.950297 29.612366 7.378000
v -1.950297 29.612366 7.378000
v -1.282596 34.610363 11.896700
v -1.381697 31.972466 6.974700
v 0.000003 33.578964 8.868800
v -1.381697 31.972466 6.974700
v -1.282596 34.610363 11.896700
v -1.282596 34.610363 11.896700
v 0.000003 36.511066 10.356300
v 0.000003 33.578964 8.868800
v 1.282604 34.610363 11.896700
v 0.000003 33.578964 8.868800
v 0.000003 36.511066 10.356300
v 0.000003 36.511066 10.356300
v 0.000004 40.712463 10.468699
v 1.282604 34.610363 11.896700
v 0.000004 42.672665 11.252100
v 1.282604 34.610363 11.896700
v 0.000004 40.712463 10.468699
v 0.000002 8.588964 6.670600
v 0.000002 10.364064 6.429300
v 0.000002 9.550864 8.389500
v 0.000002 11.501164 8.825900
v 0.000002 9.550864 8.389500
v 0.000002 10.364064 6.429300
v 0.000002 10.364064 6.429300
v 0.000002 11.772164 6.683800
v 0.000002 11.501164 8.825900
v 0.000002 13.315866 7.331700
v 0.000002 11.501164 8.825900
v 0.000002 11.772164 6.683800
v 0.000002 11.772164 6.683800
v 0.000001 13.927465 3.715500
v 0.000002 13.315866 7.331700
v 1.375102 16.436365 5.262500
v 0.000002 13.315866 7.331700
v 0.000001 13.927465 3.715500
v 0.000001 13.927465 3.715500
v 1.401601 17.589966 1.798200
v 1.375102 16.436365 5.262500
v 0.000002 20.571665 3.887300
v 1.375102 16.436365 5.262500
v 1.401601 17.589966 1.798200
v 1.401601 17.589966 1.798200
v 3.897301 18.608166 1.609799
v 0.000002 20.571665 3.887300
v 1.467702 24.895266 3.566699
v 0.000002 20.571665 3.887300
v 3.897301 18.608166 1.609799
v 3.897301 18.608166 1.609799
v 4.260901 21.437666 -0.000001
v 1.467702 24.895266 3.566699
v 4.204701 23.573065 -0.000001
v 1.467702 24.895266 3.566699
v 4.260901 21.437666 -0.000001
v 4.260901 21.437666 -0.000001
v 1.467700 24.895266 -3.566700
v 4.204701 23.573065 -0.000001
v 2.565101 27.334764 -0.000000
v 4.204701 23.573065 -0.000001
v 1.467700 24.895266 -3.566700
v 1.467700 24.895266 -3.566700
v 1.950300 29.612366 -7.378000
v 2.565101 27.334764 -0.000000
v 1.381700 31.972466 -6.974700
v 2.565101 27.334764 -0.000000
v 1.950300 29.612366 -7.378000
v 1.950300 29.612366 -7.378000
v 1.282599 34.610363 -11.896700
v 1.381700 31.972466 -6.974700
v -0.000000 33.578964 -8.868800
v 1.381700 31.972466 -6.974700
v 1.282599 34.610363 -11.896700
v 1.282599 34.610363 -11.896700
v -0.000000 36.511066 -10.356300
v -0.000000 33.578964 -8.868800
v -1.282601 34.610363 -11.896700
v -0.000000 33.578964 -8.868800
v -0.000000 36.511066 -10.356300
v -0.000000 36.511066 -10.356300
v -0.000000 40.712463 -10.468699
v -1.282601 34.610363 -11.896700
v -0.000000 42.672665 -11.252100
v -1.282601 34.610363 -11.896700
v -0.000000 40.712463 -10.468699
v 1.282601 44.702263 -6.554900
v 1.282603 86.223465 -3.649300
v 1.282601 44.893967 -3.467500
v 0.000002 59.983860 -2.535400
v 1.282601 44.893967 -3.467500
v 1.282603 86.223465 -3.649300
v 1.282603 86.223465 -3.649300
v 0.000003 83.711166 -2.611400
v 0.000002 59.983860 -2.535400
v -1.282597 86.223465 -3.649300
v 0.000002 59.983860 -2.535400
v 0.000003 83.711166 -2.611400
v 0.000003 83.711166 -2.611400
v 0.000004 86.805168 -1.550300
v -1.282597 86.223465 -3.649300
v -1.282596 89.251366 0.000000
v -1.282597 86.223465 -3.649300
v 0.000004 86.805168 -1.550300
v 0.000004 86.805168 -1.550300
v 0.000004 87.694366 -0.000000
v -1.282596 89.251366 0.000000
v 0.000004 86.805168 1.550300
v -1.282596 89.251366 0.000000
v 0.000004 87.694366 -0.000000
v 0.000004 87.694366 -0.000000
v 1.282604 89.251366 -0.000000
v 0.000004 86.805168 1.550300
v 1.282605 86.223465 3.649300
v 0.000004 86.805168 1.550300
v 1.282604 89.251366 -0.000000
v 1.282604 89.251366 -0.000000
v 1.282604 90.441360 2.502300
v 1.282605 86.223465 3.649300
v 1.282605 91.112366 4.247600
v 1.282605 86.223465 3.649300
v 1.282604 90.441360 2.502300
v 1.282604 90.441360 2.502300
v 1.282605 92.728767 3.408000
v 1.282605 91.112366 4.247600
v 1.282605 94.807968 6.452500
v 1.282605 91.112366 4.247600
v 1.282605 92.728767 3.408000
v 1.282605 92.728767 3.408000
v 1.282605 95.029465 2.508900
v 1.282605 94.807968 6.452500
v 1.282605 99.290260 2.965100
v 1.282605 94.807968 6.452500
v 1.282605 95.029465 2.508900
v 1.282605 95.029465 2.508900
v 1.282604 96.249161 -0.000000
v 1.282605 99.290260 2.965100
v 1.282605 100.705063 0.905700
v 1.282605 99.290260 2.965100
v 1.282604 96.249161 -0.000000
v 1.282604 96.249161 -0.000000
v 1.282604 99.779564 -0.000000
v 1.282605 100.705063 0.905700
v 0.000004 44.064266 10.571199
v 0.000003 42.094166 8.462200
v 1.282603 44.702263 6.554900
v 0.000003 38.375366 7.910200
v 1.282603 44.702263 6.554900
v 0.000003 42.094166 8.462200
v 0.000003 42.094166 8.462200
v -1.282597 44.702263 6.554900
v 0.000003 38.375366 7.910200
v -1.381697 31.972466 6.974700
v 0.000003 38.375366 7.910200
v -1.282597 44.702263 6.554900
v -1.282597 44.702263 6.554900
v -1.282597 44.893967 3.467500
v -1.381697 31.972466 6.974700
v -1.636298 32.269966 3.424601
v -1.381697 31.972466 6.974700
v -1.282597 44.893967 3.467500
v -1.282597 44.893967 3.467500
v -1.282598 38.884464 0.000000
v -1.636298 32.269966 3.424601
v 0.000002 34.838467 1.596600
v -1.636298 32.269966 3.424601
v -1.282598 38.884464 0.000000
v -1.282598 38.884464 0.000000
v 0.000002 36.425064 -0.000000
v 0.000002 34.838467 1.596600
v 1.282602 38.884464 -0.000000
v 0.000002 34.838467 1.596600
v 0.000002 36.425064 -0.000000
v 0.000002 36.425064 -0.000000
v 0.000001 34.838467 -1.596600
v 1.282602 38.884464 -0.000000
v 1.636301 32.269966 -3.424601
v 1.282602 38.884464 -0.000000
v 0.000001 34.838467 -1.596600
v 0.000001 34.838467 -1.596600
v 0.000001 32.507965 -2.108900
v 1.636301 32.269966 -3.424601
v 0.000001 30.280066 -1.566800
v 1.636301 32.269966 -3.424601
v 0.000001 32.507965 -2.108900
v 0.000001 32.507965 -2.108900
v -1.636299 32.269966 -3.424600
v 0.000001 30.280066 -1.566800
v -2.565099 27.334764 0.000000
v 0.000001 30.280066 -1.566800
v -1.636299 32.269966 -3.424600
v -1.636299 32.269966 -3.424600
v -1.381700 31.972466 -6.974700
v -2.565099 27.334764 0.000000
v -1.282598 105.213867 -15.129601
v 0.000001 103.263565 -17.291399
v 0.000002 102.126465 -16.587301
v 1.282602 105.213867 -15.129601
v 0.000002 102.126465 -16.587301
v 0.000001 103.263565 -17.291399
v 0.000001 103.263565 -17.291399
v 0.000001 103.409065 -19.820200
v 1.282602 105.213867 -15.129601
v 0.000000 102.288475 -23.912399
v 1.282602 105.213867 -15.129601
v 0.000001 103.409065 -19.820200
v 0.000001 103.409065 -19.820200
v -1.282598 105.213867 -15.129601
v 0.000000 102.288475 -23.912399
v 0.000001 105.154373 -21.119200
v 0.000000 102.288475 -23.912399
v -1.282598 105.213867 -15.129601
v -1.282598 105.213867 -15.129601
v 0.000002 106.750961 -17.271601
v 0.000001 105.154373 -21.119200
v 1.282602 105.213867 -15.129601
v 0.000001 105.154373 -21.119200
v 0.000002 106.750961 -17.271601
v 0.000002 106.750961 -17.271601
v 1.282603 105.336166 -8.862200
v 1.282602 105.213867 -15.129601
v 1.282602 100.652168 -15.334500
v 1.282602 105.213867 -15.129601
v 1.282603 105.336166 -8.862200
v 1.282603 105.336166 -8.862200
v 1.282603 102.513268 -8.895300
v 1.282602 100.652168 -15.334500
v 1.282602 93.925362 -13.731299
v 1.282602 100.652168 -15.334500
v 1.282603 102.513268 -8.895300
v 1.282603 102.513268 -8.895300
v 1.282603 99.713463 -6.607800
v 1.282602 93.925362 -13.731299
v 1.282603 95.231064 -8.627500
v 1.282602 93.925362 -13.731299
v 1.282603 99.713463 -6.607800
v 1.282603 99.713463 -6.607800
v 1.282604 99.125061 -3.272500
v 1.282603 95.231064 -8.627500
v 1.282604 95.029465 -2.508900
v 1.282603 95.231064 -8.627500
v 1.282604 99.125061 -3.272500
v 1.282604 99.125061 -3.272500
v 1.282604 96.249161 -0.000000
v 1.282604 95.029465 -2.508900
v 1.626300 -9.925535 -0.000000
v -0.000001 -10.642836 -2.978300
v -0.000001 -9.925535 -1.656100
v -1.626301 -9.925535 0.000000
v -0.000001 -9.925535 -1.656100
v -0.000001 -10.642836 -2.978300
v -0.000001 -10.642836 -2.978300
v -3.024601 -10.642836 0.000001
v -1.626301 -9.925535 0.000000
v 0.000000 -10.642836 2.978300
v -1.626301 -9.925535 0.000000
v -3.024601 -10.642836 0.000001
v -3.024601 -10.642836 0.000001
v -2.333700 -12.751734 0.000000
v 0.000000 -10.642836 2.978300
v -0.000000 -12.242735 2.466000
v 0.000000 -10.642836 2.978300
v -2.333700 -12.751734 0.000000
v -2.333700 -12.751734 0.000000
v -0.000000 -13.184835 3.008100
v -0.000000 -12.242735 2.466000
v 2.333699 -12.751734 -0.000000
v -0.000000 -12.242735 2.466000
v -0.000000 -13.184835 3.008100
v -0.000000 -13.184835 3.008100
v 1.666000 -15.022736 3.044399
v 2.333699 -12.751734 -0.000000
v 2.700599 -15.022736 -0.000000
v 2.333699 -12.751734 -0.000000
v 1.666000 -15.022736 3.044399
v 1.666000 -15.022736 3.044399
v 1.041299 -17.835735 -0.000000
v 2.700599 -15.022736 -0.000000
v 1.665999 -15.022736 -3.044400
v 2.700599 -15.022736 -0.000000
v 1.041299 -17.835735 -0.000000
v 1.041299 -17.835735 -0.000000
v -0.000001 -17.776234 -2.029600
v 1.665999 -15.022736 -3.044400
v -0.000001 -16.807735 -2.961800
v 1.665999 -15.022736 -3.044400
v -0.000001 -17.776234 -2.029600
v -0.000001 -17.776234 -2.029600
v -1.666001 -15.022736 -3.044399
v -0.000001 -16.807735 -2.961800
v 0.000002 44.860867 2.542000
v 1.282603 44.893967 3.467500
v 0.000002 41.072765 -0.000000
v 1.282602 38.884464 -0.000000
v 0.000002 41.072765 -0.000000
v 1.282603 44.893967 3.467500
v 1.282603 44.893967 3.467500
v 1.636302 32.269966 3.424600
v 1.282602 38.884464 -0.000000
v 0.000002 34.838467 1.596600
v 1.282602 38.884464 -0.000000
v 1.636302 32.269966 3.424600
v 1.636302 32.269966 3.424600
v 0.000002 32.507965 2.108900
v 0.000002 34.838467 1.596600
v -1.636298 32.269966 3.424601
v 0.000002 34.838467 1.596600
v 0.000002 32.507965 2.108900
v 0.000002 32.507965 2.108900
v 0.000002 30.280066 1.566800
v -1.636298 32.269966 3.424601
v -2.565099 27.334764 0.000000
v -1.636298 32.269966 3.424601
v 0.000002 30.280066 1.566800
v 0.000002 30.280066 1.566800
v 0.000001 28.759464 -0.000000
v -2.565099 27.334764 0.000000
v 0.000001 30.280066 -1.566800
v -2.565099 27.334764 0.000000
v 0.000001 28.759464 -0.000000
v 0.000001 28.759464 -0.000000
v 2.565101 27.334764 -0.000000
v 0.000001 30.280066 -1.566800
v 1.636301 32.269966 -3.424601
v 0.000001 30.280066 -1.566800
v 2.565101 27.334764 -0.000000
v 2.565101 27.334764 -0.000000
v 1.381700 31.972466 -6.974700
v 1.636301 32.269966 -3.424601
v 1.282601 44.893967 -3.467500
v 1.636301 32.269966 -3.424601
v 1.381700 31.972466 -6.974700
v 1.381700 31.972466 -6.974700
v 1.282601 44.702263 -6.554900
v 1.282601 44.893967 -3.467500
v -1.626301 -9.925535 0.000000
v 0.000000 -10.642836 2.978300
v -0.000000 -9.925535 1.656100
v 1.626300 -9.925535 -0.000000
v -0.000000 -9.925535 1.656100
v 0.000000 -10.642836 2.978300
v 0.000000 -10.642836 2.978300
v 3.024600 -10.642836 -0.000001
v 1.626300 -9.925535 -0.000000
v -0.000001 -10.642836 -2.978300
v 1.626300 -9.925535 -0.000000
v 3.024600 -10.642836 -0.000001
v 3.024600 -10.642836 -0.000001
v 2.333699 -12.751734 -0.000000
v -0.000001 -10.642836 -2.978300
v -0.000001 -12.242735 -2.466000
v -0.000001 -10.642836 -2.978300
v 2.333699 -12.751734 -0.000000
v 2.333699 -12.751734 -0.000000
v -0.000001 -13.184835 -3.008100
v -0.000001 -12.242735 -2.466000
v -2.333700 -12.751734 0.000000
v -0.000001 -12.242735 -2.466000
v -0.000001 -13.184835 -3.008100
v -0.000001 -13.184835 -3.008100
v -1.666001 -15.022736 -3.044399
v -2.333700 -12.751734 0.000000
v -2.700601 -15.022736 0.000000
v -2.333700 -12.751734 0.000000
v -1.666001 -15.022736 -3.044399
v -1.666001 -15.022736 -3.044399
v -1.041301 -17.835735 0.000000
v -2.700601 -15.022736 0.000000
v -1.666000 -15.022736 3.044400
v -2.700601 -15.022736 0.000000
v -1.041301 -17.835735 0.000000
v -1.041301 -17.835735 0.000000
v -0.000000 -17.776234 2.029600
v -1.666000 -15.022736 3.044400
v -0.000000 -16.807735 2.961800
v -1.666000 -15.022736 3.044400
v -0.000000 -17.776234 2.029600
v -0.000000 -17.776234 2.029600
v 1.666000 -15.022736 3.044399
v -0.000000 -16.807735 2.961800
v 1.282603 91.614761 -6.115300
v 1.282602 84.950760 -7.589600
v 0.000002 87.710968 -9.139900
v 0.000001 86.028358 -12.928100
v 0.000002 87.710968 -9.139900
v 1.282602 84.950760 -7.589600
v 1.282602 84.950760 -7.589600
v 0.000002 83.212059 -10.111700
v 0.000001 86.028358 -12.928100
v -1.282598 84.950760 -7.589600
v 0.000001 86.028358 -12.928100
v 0.000002 83.212059 -10.111700
v 0.000002 83.212059 -10.111700
v 0.000002 79.070160 -9.163000
v -1.282598 84.950760 -7.589600
v 0.000002 74.131660 -9.533199
v -1.282598 84.950760 -7.589600
v 0.000002 79.070160 -9.163000
v 0.000002 79.070160 -9.163000
v 1.282602 84.950760 -7.589600
v 0.000002 74.131660 -9.533199
v 0.000002 69.546860 -8.597800
v 0.000002 74.131660 -9.533199
v 1.282602 84.950760 -7.589600
v 1.282602 84.950760 -7.589600
v 0.000001 61.461460 -8.723400
v 0.000002 69.546860 -8.597800
v -1.282598 84.950760 -7.589600
v 0.000002 69.546860 -8.597800
v 0.000001 61.461460 -8.723400
v 0.000001 61.461460 -8.723400
v -1.282599 44.702263 -6.554900
v -1.282598 84.950760 -7.589600
v -1.282597 86.223465 -3.649300
v -1.282598 84.950760 -7.589600
v -1.282599 44.702263 -6.554900
v -1.282599 44.702263 -6.554900
v -1.282599 44.893967 -3.467500
v -1.282597 86.223465 -3.649300
v 0.000002 59.983860 -2.535400
v -1.282597 86.223465 -3.649300
v -1.282599 44.893967 -3.467500
v -1.282599 44.893967 -3.467500
v 0.000002 55.309761 -2.512200
v 0.000002 59.983860 -2.535400
v 0.000005 45.151764 14.630400
v 0.000004 42.183365 13.099900
v 0.000004 42.672665 11.252100
v 1.282604 34.610363 11.896700
v 0.000004 42.672665 11.252100
v 0.000004 42.183365 13.099900
v 0.000004 42.183365 13.099900
v 0.000004 38.712563 13.017300
v 1.282604 34.610363 11.896700
v 0.000004 34.930965 13.235500
v 1.282604 34.610363 11.896700
v 0.000004 38.712563 13.017300
v 0.000004 38.712563 13.017300
v -1.282596 34.610363 11.896700
v 0.000004 34.930965 13.235500
v 0.000003 30.855265 11.622400
v 0.000004 34.930965 13.235500
v -1.282596 34.610363 11.896700
v -1.282596 34.610363 11.896700
v 0.000003 28.756165 9.232400
v 0.000003 30.855265 11.622400
v 1.282604 34.610363 11.896700
v 0.000003 30.855265 11.622400
v 0.000003 28.756165 9.232400
v 0.000003 28.756165 9.232400
v 1.950302 29.612366 7.378000
v 1.282604 34.610363 11.896700
v 1.381703 31.972466 6.974700
v 1.282604 34.610363 11.896700
v 1.950302 29.612366 7.378000
v 1.950302 29.612366 7.378000
v 2.565101 27.334764 -0.000000
v 1.381703 31.972466 6.974700
v -0.000001 45.151764 -14.630400
v -0.000000 42.183365 -13.099900
v -0.000000 42.672665 -11.252100
v -1.282601 34.610363 -11.896700
v -0.000000 42.672665 -11.252100
v -0.000000 42.183365 -13.099900
v -0.000000 42.183365 -13.099900
v -0.000001 38.712563 -13.017300
v -1.282601 34.610363 -11.896700
v -0.000001 34.930965 -13.235500
v -1.282601 34.610363 -11.896700
v -0.000001 38.712563 -13.017300
v -0.000001 38.712563 -13.017300
v 1.282599 34.610363 -11.896700
v -0.000001 34.930965 -13.235500
v -0.000001 30.855265 -11.622400
v -0.000001 34.930965 -13.235500
v 1.282599 34.610363 -11.896700
v 1.282599 34.610363 -11.896700
v -0.000000 28.756165 -9.232400
v -0.000001 30.855265 -11.622400
v -1.282601 34.610363 -11.896700
v -0.000001 30.855265 -11.622400
v -0.000000 28.756165 -9.232400
v -0.000000 28.756165 -9.232400
v -1.950300 29.612366 -7.378000
v -1.282601 34.610363 -11.896700
v -1.381700 31.972466 -6.974700
v -1.282601 34.610363 -11.896700
v -1.950300 29.612366 -7.378000
v -1.950300 29.612366 -7.378000
v -2.565099 27.334764 0.000000
v -1.381700 31.972466 -6.974700
v -0.842901 -19.924835 0.000000
v -0.000001 -21.068535 1.302400
v -0.000001 -21.643734 2.542000
v 0.842899 -19.924835 -0.000000
v -0.000001 -21.643734 2.542000
v -0.000001 -21.068535 1.302400
v -0.000001 -21.068535 1.302400
v 1.414799 -21.118134 -0.000000
v 0.842899 -19.924835 -0.000000
v -0.000001 -21.068535 -1.302400
v 0.842899 -19.924835 -0.000000
v 1.414799 -21.118134 -0.000000
v 1.414799 -21.118134 -0.000000
v -0.000001 -22.308136 -0.581800
v -0.000001 -21.068535 -1.302400
v -1.414801 -21.118134 0.000000
v -0.000001 -21.068535 -1.302400
v -0.000001 -22.308136 -0.581800
v -0.000001 -22.308136 -0.581800
v -0.803301 -23.240335 0.000000
v -1.414801 -21.118134 0.000000
v -0.000001 -22.308136 0.581800
v -1.414801 -21.118134 0.000000
v -0.803301 -23.240335 0.000000
v -0.803301 -23.240335 0.000000
v -0.000001 -23.518034 0.373500
v -0.000001 -22.308136 0.581800
v 0.803299 -23.240335 -0.000000
v -0.000001 -22.308136 0.581800
v -0.000001 -23.518034 0.373500
v -0.000001 -23.518034 0.373500
v -0.000001 -23.518034 -0.373500
v 0.803299 -23.240335 -0.000000
v 1.282604 100.701775 -0.899100
v -1.282596 99.779564 0.000000
v 1.282604 99.779564 -0.000000
v 1.282605 100.705063 0.905700
v 1.282604 99.779564 -0.000000
v -1.282596 99.779564 0.000000
v -1.282596 99.779564 0.000000
v -1.282595 100.705063 0.905700
v 1.282605 100.705063 0.905700
v 1.282605 99.290260 2.965100
v 1.282605 100.705063 0.905700
v -1.282595 100.705063 0.905700
v -1.282595 100.705063 0.905700
v -1.282595 99.290260 2.965100
v 1.282605 99.290260 2.965100
v 1.282605 100.030769 5.979800
v 1.282605 99.290260 2.965100
v -1.282595 99.290260 2.965100
v -1.282595 99.290260 2.965100
v -1.282595 100.030769 5.979800
v 1.282605 100.030769 5.979800
v 1.282606 101.594269 7.017700
v 1.282605 100.030769 5.979800
v -1.282595 100.030769 5.979800
v -1.282595 100.030769 5.979800
v -1.282594 101.594269 7.017700
v 1.282606 101.594269 7.017700
v 0.000006 102.979370 7.933400
v 1.282606 101.594269 7.017700
v -1.282594 101.594269 7.017700
v 0.842899 -19.924835 -0.000000
v -0.000001 -21.068535 -1.302400
v -0.000001 -21.643734 -2.542000
v -0.842901 -19.924835 0.000000
v -0.000001 -21.643734 -2.542000
v -0.000001 -21.068535 -1.302400
v -0.000001 -21.068535 -1.302400
v -1.414801 -21.118134 0.000000
v -0.842901 -19.924835 0.000000
v -0.000001 -21.068535 1.302400
v -0.842901 -19.924835 0.000000
v -1.414801 -21.118134 0.000000
v -1.414801 -21.118134 0.000000
v -0.000001 -22.308136 0.581800
v -0.000001 -21.068535 1.302400
v 1.414799 -21.118134 -0.000000
v -0.000001 -21.068535 1.302400
v -0.000001 -22.308136 0.581800
v -0.000001 -22.308136 0.581800
v 0.803299 -23.240335 -0.000000
v 1.414799 -21.118134 -0.000000
v -0.000001 -22.308136 -0.581800
v 1.414799 -21.118134 -0.000000
v 0.803299 -23.240335 -0.000000
v 0.803299 -23.240335 -0.000000
v -0.000001 -23.518034 -0.373500
v -0.000001 -22.308136 -0.581800
v -0.803301 -23.240335 0.000000
v -0.000001 -22.308136 -0.581800
v -0.000001 -23.518034 -0.373500
v -1.282596 99.779564 0.000000
v -1.282596 96.249161 0.000000
v -1.282595 100.705063 0.905700
v -1.282595 99.290260 2.965100
v -1.282595 100.705063 0.905700
v -1.282596 96.249161 0.000000
v -1.282596 96.249161 0.000000
v -1.282595 95.029465 2.508900
v -1.282595 99.290260 2.965100
v -1.282595 94.807968 6.452500
v -1.282595 99.290260 2.965100
v -1.282595 95.029465 2.508900
v -1.282595 95.029465 2.508900
v -1.282596 92.728767 3.408000
v -1.282595 94.807968 6.452500
v -1.282595 91.112366 4.247600
v -1.282595 94.807968 6.452500
v -1.282596 92.728767 3.408000
v -1.282596 92.728767 3.408000
v -1.282596 90.441360 2.502300
v -1.282595 91.112366 4.247600
v -1.282596 86.223465 3.649300
v -1.282595 91.112366 4.247600
v -1.282596 90.441360 2.502300
v -1.282596 90.441360 2.502300
v -1.282596 89.251366 0.000000
v -1.282596 86.223465 3.649300
v 0.000004 86.805168 1.550300
v -1.282596 86.223465 3.649300
v -1.282596 89.251366 0.000000
v -1.282595 100.030769 5.979800
v -1.282594 99.128357 10.290200
v -1.282594 101.594269 7.017700
v 0.000006 102.979370 7.933400
v -1.282594 101.594269 7.017700
v -1.282594 99.128357 10.290200
v -1.282594 99.128357 10.290200
v 0.000006 100.645569 11.281900
v 0.000006 102.979370 7.933400
v 1.282606 99.128357 10.290200
v 0.000006 102.979370 7.933400
v 0.000006 100.645569 11.281900
v 0.000006 100.645569 11.281900
v 0.000006 96.222763 13.126400
v 1.282606 99.128357 10.290200
v 1.282606 94.417862 11.595901
v 1.282606 99.128357 10.290200
v 0.000006 96.222763 13.126400
v 0.000006 96.222763 13.126400
v 0.965206 88.345566 11.748000
v 1.282606 94.417862 11.595901
v 0.000006 92.279259 9.625800
v 1.282606 94.417862 11.595901
v 0.965206 88.345566 11.748000
v 0.965206 88.345566 11.748000
v 0.000005 91.489159 8.620900
v 0.000006 92.279259 9.625800
v -0.965194 88.345566 11.748000
v 0.000006 92.279259 9.625800
v 0.000005 91.489159 8.620900
v -0.000001 21.741766 -11.195900
v -0.000001 20.234467 -11.817400
v -0.000001 21.358364 -13.222300
v -0.000002 20.032764 -14.204000
v -0.000001 21.358364 -13.222300
v -0.000001 20.234467 -11.817400
v -0.000001 20.234467 -11.817400
v -0.000001 19.037865 -12.676800
v -0.000002 20.032764 -14.204000
v -0.000002 18.158566 -14.508100
v -0.000002 20.032764 -14.204000
v -0.000001 19.037865 -12.676800
v -0.000001 19.037865 -12.676800
v -0.000001 17.318966 -11.790900
v -0.000002 18.158566 -14.508100
v 1.302399 14.965365 -10.881900
v -0.000002 18.158566 -14.508100
v -0.000001 17.318966 -11.790900
v -0.000001 17.318966 -11.790900
v -0.000001 16.690865 -9.487000
v 1.302399 14.965365 -10.881900
v 1.375100 16.436365 -5.262500
v 1.302399 14.965365 -10.881900
v -0.000001 16.690865 -9.487000
v -0.000001 16.690865 -9.487000
v -0.000000 18.674265 -7.093700
v 1.375100 16.436365 -5.262500
v 1.401600 17.589966 -1.798200
v 1.365201 16.618166 -0.000000
v 0.000000 16.419865 -1.933800
v 0.000000 14.076166 -2.079200
v 0.000000 16.419865 -1.933800
v 1.365201 16.618166 -0.000000
v 1.365201 16.618166 -0.000000
v 0.773501 14.155565 -0.000000
v 0.000000 14.076166 -2.079200
v 0.000000 12.268064 -1.811400
v 0.000000 14.076166 -2.079200
v 0.773501 14.155565 -0.000000
v 0.773501 14.155565 -0.000000
v 1.712301 12.268064 -0.000000
v 0.000000 12.268064 -1.811400
v 2.958500 10.549165 -0.000001
v 0.000000 12.268064 -1.811400
v 1.712301 12.268064 -0.000000
v 1.712301 12.268064 -0.000000
v 0.000001 12.268064 1.811400
v 2.958500 10.549165 -0.000001
v 0.000001 10.549165 3.021300
v 2.958500 10.549165 -0.000001
v 0.000001 12.268064 1.811400
v 0.000001 12.268064 1.811400
v -2.958499 10.549165 0.000001
v 0.000001 10.549165 3.021300
v -1.401599 17.589966 1.798200
v -1.365199 16.618166 0.000000
v 0.000001 16.419865 1.933800
v 0.000001 14.076166 2.079200
v 0.000001 16.419865 1.933800
v -1.365199 16.618166 0.000000
v -1.365199 16.618166 0.000000
v -0.773499 14.155565 0.000000
v 0.000001 14.076166 2.079200
v 0.000001 12.268064 1.811400
v 0.000001 14.076166 2.079200
v -0.773499 14.155565 0.000000
v -0.773499 14.155565 0.000000
v -1.712300 12.268064 0.000000
v 0.000001 12.268064 1.811400
v -2.958499 10.549165 0.000001
v 0.000001 12.268064 1.811400
v -1.712300 12.268064 0.000000
v -1.712300 12.268064 0.000000
v 0.000000 12.268064 -1.811400
v -2.958499 10.549165 0.000001
v -0.000000 10.549165 -3.021300
v -2.958499 10.549165 0.000001
v 0.000000 12.268064 -1.811400
v 0.000000 12.268064 -1.811400
v 2.958500 10.549165 -0.000001
v -0.000000 10.549165 -3.021300
v 1.054500 90.249565 -23.638100
v -0.000001 87.112663 -26.008202
v -0.000001 87.707664 -29.267498
v -1.054500 90.249565 -23.638100
v -0.000001 87.707664 -29.267498
v -0.000001 87.112663 -26.008202
v -0.000001 87.112663 -26.008202
v -0.000000 88.233162 -23.343901
v -1.054500 90.249565 -23.638100
v 0.000000 90.636360 -21.826599
v -1.054500 90.249565 -23.638100
v -0.000000 88.233162 -23.343901
v -0.000000 88.233162 -23.343901
v 1.054500 90.249565 -23.638100
v 0.000000 90.636360 -21.826599
v 1.282601 92.732063 -20.775499
v 0.000000 90.636360 -21.826599
v 1.054500 90.249565 -23.638100
v 1.054500 90.249565 -23.638100
v 1.282600 95.607964 -22.355499
v 1.282601 92.732063 -20.775499
v 1.282602 93.925362 -13.731299
v 1.282601 92.732063 -20.775499
v 1.282600 95.607964 -22.355499
v 1.282600 95.607964 -22.355499
v 1.282602 100.652168 -15.334500
v 1.282602 93.925362 -13.731299
v 0.000003 21.741766 11.195900
v 0.000003 20.234467 11.817400
v 0.000003 21.358364 13.222300
v 0.000003 20.032764 14.204000
v 0.000003 21.358364 13.222300
v 0.000003 20.234467 11.817400
v 0.000003 20.234467 11.817400
v 0.000003 19.037865 12.676800
v 0.000003 20.032764 14.204000
v 0.000003 18.158566 14.508100
v 0.000003 20.032764 14.204000
v 0.000003 19.037865 12.676800
v 0.000003 19.037865 12.676800
v 0.000003 17.318966 11.790900
v 0.000003 18.158566 14.508100
v -1.302397 14.965365 10.881900
v 0.000003 18.158566 14.508100
v 0.000003 17.318966 11.790900
v 0.000003 17.318966 11.790900
v 0.000002 16.690865 9.487000
v -1.302397 14.965365 10.881900
v -1.375098 16.436365 5.262500
v -1.302397 14.965365 10.881900
v 0.000002 16.690865 9.487000
v 0.000002 16.690865 9.487000
v 0.000002 18.674265 7.093700
v -1.375098 16.436365 5.262500
v -1.282596 89.251366 0.000000
v -1.282597 90.441360 -2.502300
v -1.282597 86.223465 -3.649300
v -1.282597 91.614761 -6.115300
v -1.282597 86.223465 -3.649300
v -1.282597 90.441360 -2.502300
v -1.282597 90.441360 -2.502300
v -1.282596 92.728767 -3.408000
v -1.282597 91.614761 -6.115300
v -1.282597 95.231064 -8.627500
v -1.282597 91.614761 -6.115300
v -1.282596 92.728767 -3.408000
v -1.282596 92.728767 -3.408000
v -1.282596 95.029465 -2.508900
v -1.282597 95.231064 -8.627500
v -1.282596 99.125061 -3.272500
v -1.282597 95.231064 -8.627500
v -1.282596 95.029465 -2.508900
v -1.282596 95.029465 -2.508900
v -1.282596 96.249161 0.000000
v -1.282596 99.125061 -3.272500
v -1.282596 100.701775 -0.899100
v -1.282596 99.125061 -3.272500
v -1.282596 96.249161 0.000000
v -1.282596 96.249161 0.000000
v -1.282596 99.779564 0.000000
v -1.282596 100.701775 -0.899100
v 0.000002 36.425064 -0.000000
v -1.282598 38.884464 0.000000
v 0.000001 34.838467 -1.596600
v -1.636299 32.269966 -3.424600
v 0.000001 34.838467 -1.596600
v -1.282598 38.884464 0.000000
v -1.282598 38.884464 0.000000
v -1.282599 44.893967 -3.467500
v -1.636299 32.269966 -3.424600
v -1.381700 31.972466 -6.974700
v -1.636299 32.269966 -3.424600
v -1.282599 44.893967 -3.467500
v -1.282599 44.893967 -3.467500
v -1.282599 44.702263 -6.554900
v -1.381700 31.972466 -6.974700
v 0.000000 38.375366 -7.910200
v -1.381700 31.972466 -6.974700
v -1.282599 44.702263 -6.554900
v -1.282599 44.702263 -6.554900
v 0.000000 42.094166 -8.462200
v 0.000000 38.375366 -7.910200
v 1.282601 44.702263 -6.554900
v 0.000000 38.375366 -7.910200
v 0.000000 42.094166 -8.462200
v 0.000000 42.094166 -8.462200
v 0.000000 44.064266 -10.571199
v 1.282601 44.702263 -6.554900
v 0.000003 18.158566 14.508100
v 0.000003 14.013365 14.660200
v 0.000003 14.628265 13.443700
v 0.000003 12.806866 11.556300
v 0.000003 14.628265 13.443700
v 0.000003 14.013365 14.660200
v 0.000003 14.013365 14.660200
v 0.000003 11.987064 14.283299
v 0.000003 12.806866 11.556300
v 0.000002 10.588864 8.872100
v 0.000003 12.806866 11.556300
v 0.000003 11.987064 14.283299
v 0.000003 11.987064 14.283299
v 0.000003 11.193764 14.865101
v 0.000002 10.588864 8.872100
v 0.000003 10.069864 15.450200
v 0.000002 10.588864 8.872100
v 0.000003 11.193764 14.865101
v 0.000003 11.193764 14.865101
v 0.000003 11.808564 16.818701
v 0.000003 10.069864 15.450200
v 0.000004 11.993665 18.494600
v 0.000003 10.069864 15.450200
v 0.000003 11.808564 16.818701
v -0.000002 18.158566 -14.508100
v -0.000002 14.013365 -14.660200
v -0.000002 14.628265 -13.443700
v -0.000001 12.806866 -11.556300
v -0.000002 14.628265 -13.443700
v -0.000002 14.013365 -14.660200
v -0.000002 14.013365 -14.660200
v -0.000002 11.987064 -14.283299
v -0.000001 12.806866 -11.556300
v -0.000001 10.588864 -8.872100
v -0.000001 12.806866 -11.556300
v -0.000002 11.987064 -14.283299
v -0.000002 11.987064 -14.283299
v -0.000002 11.193764 -14.865101
v -0.000001 10.588864 -8.872100
v -0.000002 10.069864 -15.450200
v -0.000001 10.588864 -8.872100
v -0.000002 11.193764 -14.865101
v -0.000002 11.193764 -14.865101
v -0.000002 11.808564 -16.818701
v -0.000002 10.069864 -15.450200
v -0.000003 11.993665 -18.494600
v -0.000002 10.069864 -15.450200
v -0.000002 11.808564 -16.818701
v 0.000002 -4.408535 12.633901
v 0.000002 -7.158735 10.647200
v 0.000002 -3.876336 11.592600
v 0.000001 -8.424736 7.328400
v 0.000002 -3.876336 11.592600
v 0.000002 -7.158735 10.647200
v 0.000002 -7.158735 10.647200
v 0.000001 -10.811436 9.543200
v 0.000001 -8.424736 7.328400
v 0.000001 -13.439335 6.578100
v 0.000001 -8.424736 7.328400
v 0.000001 -10.811436 9.543200
v 0.000001 -10.811436 9.543200
v 0.000001 -11.819635 9.847300
v 0.000001 -13.439335 6.578100
v 0.000001 -14.017836 10.237300
v 0.000001 -13.439335 6.578100
v 0.000001 -11.819635 9.847300
v 0.000001 -11.819635 9.847300
v 0.000002 -12.355136 11.949600
v 0.000001 -14.017836 10.237300
v 0.000002 -13.650835 13.318101
v 0.000001 -14.017836 10.237300
v 0.000002 -12.355136 11.949600
v -0.000000 -9.925535 1.656100
v 1.626300 8.056765 -0.000000
v 0.000001 8.056765 1.656100
v 1.933800 9.339365 -0.000000
v 0.000001 8.056765 1.656100
v 1.626300 8.056765 -0.000000
v 1.626300 8.056765 -0.000000
v 0.000000 8.056765 -1.656100
v 1.933800 9.339365 -0.000000
v 0.000000 9.339365 -2.066000
v 1.933800 9.339365 -0.000000
v 0.000000 8.056765 -1.656100
v 0.000000 8.056765 -1.656100
v -1.933800 9.339365 0.000000
v 0.000000 9.339365 -2.066000
v -2.958499 10.549165 0.000001
v 0.000000 9.339365 -2.066000
v -1.933800 9.339365 0.000000
v -1.933800 9.339365 0.000000
v 0.000001 9.339365 2.066000
v -2.958499 10.549165 0.000001
v 0.000001 10.549165 3.021300
v -2.958499 10.549165 0.000001
v 0.000001 9.339365 2.066000
v 0.000002 93.859261 -9.110100
v 0.000002 92.854362 -12.828900
v 1.282603 95.231064 -8.627500
v 1.282602 93.925362 -13.731299
v 1.282603 95.231064 -8.627500
v 0.000002 92.854362 -12.828900
v 0.000002 92.854362 -12.828900
v 0.000001 85.833366 -15.136200
v 1.282602 93.925362 -13.731299
v 0.885901 85.152466 -16.901299
v 1.282602 93.925362 -13.731299
v 0.000001 85.833366 -15.136200
v 0.000001 85.833366 -15.136200
v 0.000001 78.184265 -14.782500
v 0.885901 85.152466 -16.901299
v 1.282601 77.367859 -15.681601
v 0.885901 85.152466 -16.901299
v 0.000001 78.184265 -14.782500
v 0.000001 78.184265 -14.782500
v 0.000001 76.528160 -13.397400
v 1.282601 77.367859 -15.681601
v 1.203201 70.697166 -13.860200
v 1.282601 77.367859 -15.681601
v 0.000001 76.528160 -13.397400
v -0.000003 -13.650835 -13.318101
v -0.000002 -14.017836 -10.237300
v -0.000003 -12.355136 -11.949600
v -0.000002 -11.819635 -9.847300
v -0.000003 -12.355136 -11.949600
v -0.000002 -14.017836 -10.237300
v -0.000002 -14.017836 -10.237300
v -0.000002 -13.439335 -6.578100
v -0.000002 -11.819635 -9.847300
v -0.000002 -10.811436 -9.543200
v -0.000002 -11.819635 -9.847300
v -0.000002 -13.439335 -6.578100
v -0.000002 -13.439335 -6.578100
v -0.000002 -8.424736 -7.328400
v -0.000002 -10.811436 -9.543200
v -0.000002 -7.158735 -10.647200
v -0.000002 -10.811436 -9.543200
v -0.000002 -8.424736 -7.328400
v -0.000002 -8.424736 -7.328400
v -0.000002 -3.876336 -11.592600
v -0.000002 -7.158735 -10.647200
v -0.000002 -4.408535 -12.633901
v -0.000002 -7.158735 -10.647200
v -0.000002 -3.876336 -11.592600
v 1.282604 89.251366 -0.000000
v 2.535404 90.818161 -0.000000
v 1.282604 90.441360 2.502300
v 2.535404 92.728767 1.870900
v 1.282604 90.441360 2.502300
v 2.535404 90.818161 -0.000000
v 2.535404 90.818161 -0.000000
v 2.945304 92.728767 -0.000001
v 2.535404 92.728767 1.870900
v 2.535404 94.659264 -0.000000
v 2.535404 92.728767 1.870900
v 2.945304 92.728767 -0.000001
v 2.945304 92.728767 -0.000001
v 2.535403 92.728767 -1.870901
v 2.535404 94.659264 -0.000000
v 1.282604 95.029465 -2.508900
v 2.535404 94.659264 -0.000000
v 2.535403 92.728767 -1.870901
v 2.535403 92.728767 -1.870901
v 1.282604 92.728767 -3.408000
v 1.282604 95.029465 -2.508900
v 1.282603 44.702263 6.554900
v 0.000004 45.356766 9.159699
v 0.000004 44.064266 10.571199
v -1.282597 44.702263 6.554900
v 0.000004 44.064266 10.571199
v 0.000004 45.356766 9.159699
v 0.000004 45.356766 9.159699
v 0.000004 47.978065 8.306900
v -1.282597 44.702263 6.554900
v 0.000004 55.157764 8.144900
v -1.282597 44.702263 6.554900
v 0.000004 47.978065 8.306900
v 0.000004 47.978065 8.306900
v 1.282603 44.702263 6.554900
v 0.000004 55.157764 8.144900
v 0.000004 61.461460 8.723400
v 0.000004 55.157764 8.144900
v 1.282603 44.702263 6.554900
v 1.282603 44.702263 6.554900
v 1.282605 84.950760 7.589600
v 0.000004 61.461460 8.723400
v -0.000002 11.808564 -16.818701
v -0.000002 11.193764 -14.865101
v -0.000002 10.069864 -15.450200
v -0.000001 10.588864 -8.872100
v -0.000002 10.069864 -15.450200
v -0.000002 11.193764 -14.865101
v -0.000002 11.193764 -14.865101
v -0.000002 11.987064 -14.283299
v -0.000001 10.588864 -8.872100
v -0.000001 12.806866 -11.556300
v -0.000001 10.588864 -8.872100
v -0.000002 11.987064 -14.283299
v -0.000002 11.987064 -14.283299
v -0.000002 14.013365 -14.660200
v -0.000001 12.806866 -11.556300
v -0.000002 14.628265 -13.443700
v -0.000001 12.806866 -11.556300
v -0.000002 14.013365 -14.660200
v -0.000002 14.013365 -14.660200
v -0.000002 18.158566 -14.508100
v -0.000002 14.628265 -13.443700
v -0.000002 -3.876336 -11.592600
v -0.000002 -8.424736 -7.328400
v -0.000002 -7.158735 -10.647200
v -0.000002 -10.811436 -9.543200
v -0.000002 -7.158735 -10.647200
v -0.000002 -8.424736 -7.328400
v -0.000002 -8.424736 -7.328400
v -0.000002 -13.439335 -6.578100
v -0.000002 -10.811436 -9.543200
v -0.000002 -11.819635 -9.847300
v -0.000002 -10.811436 -9.543200
v -0.000002 -13.439335 -6.578100
v -0.000002 -13.439335 -6.578100
v -0.000002 -14.017836 -10.237300
v -0.000002 -11.819635 -9.847300
v -0.000003 -12.355136 -11.949600
v -0.000002 -11.819635 -9.847300
v -0.000002 -14.017836 -10.237300
v -0.000002 -14.017836 -10.237300
v -0.000003 -13.650835 -13.318101
v -0.000003 -12.355136 -11.949600
v -0.000000 28.756165 -9.232400
v 1.467700 24.895266 -3.566700
v -0.000000 27.321566 -8.796101
v -0.000000 26.326565 -8.376301
v -0.000000 27.321566 -8.796101
v 1.467700 24.895266 -3.566700
v 1.467700 24.895266 -3.566700
v -0.000001 24.283766 -10.267099
v -0.000000 26.326565 -8.376301
v -0.000001 26.581165 -9.615900
v -0.000000 26.326565 -8.376301
v -0.000001 24.283766 -10.267099
v -0.000001 24.283766 -10.267099
v -0.000001 24.994465 -12.283501
v -0.000001 26.581165 -9.615900
v -0.000001 26.072063 -12.779300
v -0.000001 26.581165 -9.615900
v -0.000001 24.994465 -12.283501
v -0.000001 24.994465 -12.283501
v -0.000002 24.964766 -14.832100
v -0.000001 26.072063 -12.779300
v 0.000002 -3.968836 14.785799
v 0.000002 -4.408535 12.633901
v 0.000002 -3.968836 14.785799
v 0.000002 -7.158735 10.647200
v 0.000002 -3.968836 14.785799
v 0.000002 -4.408535 12.633901
v 0.000002 -4.408535 12.633901
v 0.000002 -3.876336 11.592600
v 0.000002 -7.158735 10.647200
v 0.000001 -8.424736 7.328400
v 0.000002 -7.158735 10.647200
v 0.000002 -3.876336 11.592600
v 0.000002 -3.876336 11.592600
v 0.000002 -2.378935 11.549601
v 0.000001 -8.424736 7.328400
v 0.000001 -2.868135 8.971300
v 0.000001 -8.424736 7.328400
v 0.000002 -2.378935 11.549601
v 0.000002 -2.378935 11.549601
v 0.000002 1.435665 9.192800
v 0.000001 -2.868135 8.971300
v 0.000003 28.756165 9.232400
v -1.467698 24.895266 3.566700
v 0.000003 27.321566 8.796101
v 0.000003 26.326565 8.376301
v 0.000003 27.321566 8.796101
v -1.467698 24.895266 3.566700
v -1.467698 24.895266 3.566700
v 0.000003 24.283766 10.267099
v 0.000003 26.326565 8.376301
v 0.000003 26.581165 9.615900
v 0.000003 26.326565 8.376301
v 0.000003 24.283766 10.267099
v 0.000003 24.283766 10.267099
v 0.000003 24.994465 12.283501
v 0.000003 26.581165 9.615900
v 0.000003 26.072063 12.779300
v 0.000003 26.581165 9.615900
v 0.000003 24.994465 12.283501
v 0.000003 24.994465 12.283501
v 0.000004 24.964766 14.832100
v 0.000003 26.072063 12.779300
v 1.282605 100.030769 5.979800
v 1.282606 99.128357 10.290200
v 1.282605 94.807968 6.452500
v 1.282606 95.191460 9.225800
v 1.282605 94.807968 6.452500
v 1.282606 99.128357 10.290200
v 1.282606 99.128357 10.290200
v 1.282606 94.417862 11.595901
v 1.282606 95.191460 9.225800
v 0.000006 94.080765 9.001101
v 1.282606 95.191460 9.225800
v 1.282606 94.417862 11.595901
v 1.282606 94.417862 11.595901
v 0.000006 92.279259 9.625800
v 0.000006 94.080765 9.001101
v -1.282594 94.417862 11.595901
v 0.000006 94.080765 9.001101
v 0.000006 92.279259 9.625800
v 0.000006 92.279259 9.625800
v -0.965194 88.345566 11.748000
v -1.282594 94.417862 11.595901
v 0.000001 9.339365 2.066000
v -1.933800 9.339365 0.000000
v 0.000001 8.056765 1.656100
v -1.626300 8.056765 0.000000
v 0.000001 8.056765 1.656100
v -1.933800 9.339365 0.000000
v -1.933800 9.339365 0.000000
v 0.000000 8.056765 -1.656100
v -1.626300 8.056765 0.000000
v -0.000001 -9.925535 -1.656100
v -1.626300 8.056765 0.000000
v 0.000000 8.056765 -1.656100
v 0.000000 8.056765 -1.656100
v 1.626300 8.056765 -0.000000
v -0.000001 -9.925535 -1.656100
v 1.626300 -9.925535 -0.000000
v -0.000001 -9.925535 -1.656100
v 1.626300 8.056765 -0.000000
v 1.626300 8.056765 -0.000000
v -0.000000 -9.925535 1.656100
v 1.626300 -9.925535 -0.000000
v 0.000003 14.628265 13.443700
v 0.000003 12.806866 11.556300
v 0.000003 14.013365 14.660200
v 0.000003 11.987064 14.283299
v 0.000003 14.013365 14.660200
v 0.000003 12.806866 11.556300
v 0.000003 12.806866 11.556300
v 0.000002 10.588864 8.872100
v 0.000003 11.987064 14.283299
v 0.000003 11.193764 14.865101
v 0.000003 11.987064 14.283299
v 0.000002 10.588864 8.872100
v 0.000002 10.588864 8.872100
v 0.000003 10.069864 15.450200
v 0.000003 11.193764 14.865101
v 0.000003 11.808564 16.818701
v 0.000003 11.193764 14.865101
v 0.000003 10.069864 15.450200
v 0.000003 10.069864 15.450200
v 0.000004 11.993665 18.494600
v 0.000003 11.808564 16.818701
v 1.282602 84.950760 -7.589600
v 1.282601 44.702263 -6.554900
v 0.000001 61.461460 -8.723400
v 0.000001 55.157764 -8.144900
v 0.000001 61.461460 -8.723400
v 1.282601 44.702263 -6.554900
v 1.282601 44.702263 -6.554900
v 0.000001 47.978065 -8.306900
v 0.000001 55.157764 -8.144900
v -1.282599 44.702263 -6.554900
v 0.000001 55.157764 -8.144900
v 0.000001 47.978065 -8.306900
v 0.000001 47.978065 -8.306900
v 0.000000 45.356766 -9.159699
v -1.282599 44.702263 -6.554900
v 0.000000 44.064266 -10.571199
v -1.282599 44.702263 -6.554900
v 0.000000 45.356766 -9.159699
v 0.000000 45.356766 -9.159699
v 1.282601 44.702263 -6.554900
v 0.000000 44.064266 -10.571199
v 0.000001 88.001762 -18.035200
v -1.282599 91.376762 -17.023701
v 0.000001 90.428062 -18.246700
v -1.282600 92.732063 -20.775499
v 0.000001 90.428062 -18.246700
v -1.282599 91.376762 -17.023701
v -1.282599 91.376762 -17.023701
v -1.282598 93.925362 -13.731299
v -1.282600 92.732063 -20.775499
v -1.282600 95.607964 -22.355499
v -1.282600 92.732063 -20.775499
v -1.282598 93.925362 -13.731299
v -1.282598 93.925362 -13.731299
v -1.282598 100.652168 -15.334500
v -1.282600 95.607964 -22.355499
v 0.000001 98.804359 -21.611799
v -1.282600 95.607964 -22.355499
v -1.282598 100.652168 -15.334500
v -1.282598 100.652168 -15.334500
v 0.000001 100.929871 -17.116199
v 0.000001 98.804359 -21.611799
v -1.282597 44.893967 3.467500
v 0.000003 55.309761 2.512200
v 0.000002 44.860867 2.542000
v 1.282603 44.893967 3.467500
v 0.000002 44.860867 2.542000
v 0.000003 55.309761 2.512200
v 0.000003 55.309761 2.512200
v 0.000003 59.983860 2.535400
v 1.282603 44.893967 3.467500
v 1.282605 86.223465 3.649300
v 1.282603 44.893967 3.467500
v 0.000003 59.983860 2.535400
v 0.000003 59.983860 2.535400
v 0.000004 83.711166 2.611400
v 1.282605 86.223465 3.649300
v 0.000004 86.805168 1.550300
v 1.282605 86.223465 3.649300
v 0.000004 83.711166 2.611400
v 0.000004 83.711166 2.611400
v -1.282596 86.223465 3.649300
v 0.000004 86.805168 1.550300
v -1.282596 96.249161 0.000000
v -2.535396 94.659264 0.000000
v -1.282595 95.029465 2.508900
v -2.535395 92.728767 1.870901
v -1.282595 95.029465 2.508900
v -2.535396 94.659264 0.000000
v -2.535396 94.659264 0.000000
v -2.945296 92.728767 0.000001
v -2.535395 92.728767 1.870901
v -2.535396 90.818161 0.000000
v -2.535395 92.728767 1.870901
v -2.945296 92.728767 0.000001
v -2.945296 92.728767 0.000001
v -2.535396 92.728767 -1.870900
v -2.535396 90.818161 0.000000
v -1.282597 90.441360 -2.502300
v -2.535396 90.818161 0.000000
v -2.535396 92.728767 -1.870900
v -2.535396 92.728767 -1.870900
v -1.282596 92.728767 -3.408000
v -1.282597 90.441360 -2.502300
v 0.000002 10.588864 8.872100
v 0.000003 8.294765 14.075100
v 0.000001 6.420465 6.806200
v 0.000002 3.428965 8.310201
v 0.000001 6.420465 6.806200
v 0.000003 8.294765 14.075100
v 0.000003 8.294765 14.075100
v 0.000003 7.220464 14.518001
v 0.000002 3.428965 8.310201
v 0.000002 1.435665 9.192800
v 0.000002 3.428965 8.310201
v 0.000003 7.220464 14.518001
v 0.000003 7.220464 14.518001
v 0.000003 3.144665 14.048600
v 0.000002 1.435665 9.192800
v 0.000002 -2.378935 11.549601
v 0.000002 1.435665 9.192800
v 0.000003 3.144665 14.048600
v -0.000001 10.588864 -8.872100
v -0.000002 8.294765 -14.075100
v -0.000001 6.420465 -6.806200
v -0.000001 3.428965 -8.310201
v -0.000001 6.420465 -6.806200
v -0.000002 8.294765 -14.075100
v -0.000002 8.294765 -14.075100
v -0.000002 7.220464 -14.518001
v -0.000001 3.428965 -8.310201
v -0.000002 1.435665 -9.192800
v -0.000001 3.428965 -8.310201
v -0.000002 7.220464 -14.518001
v -0.000002 7.220464 -14.518001
v -0.000002 3.144665 -14.048600
v -0.000002 1.435665 -9.192800
v -0.000002 -2.378935 -11.549601
v -0.000002 1.435665 -9.192800
v -0.000002 3.144665 -14.048600
v 0.000000 70.122063 -16.217100
v -0.000000 76.918259 -20.613501
v 1.203201 70.697166 -13.860200
v 1.282601 77.367859 -15.681601
v 1.203201 70.697166 -13.860200
v -0.000000 76.918259 -20.613501
v -0.000000 76.918259 -20.613501
v -0.000000 81.688156 -21.981998
v 1.282601 77.367859 -15.681601
v 0.885901 85.152466 -16.901299
v 1.282601 77.367859 -15.681601
v -0.000000 81.688156 -21.981998
v -0.000000 81.688156 -21.981998
v 0.000000 86.768860 -21.555599
v 0.885901 85.152466 -16.901299
v -0.000000 13.927465 -3.715500
v -0.000001 11.772164 -6.683800
v -0.000001 13.315866 -7.331700
v -0.000001 11.501164 -8.825900
v -0.000001 13.315866 -7.331700
v -0.000001 11.772164 -6.683800
v -0.000001 11.772164 -6.683800
v -0.000001 10.364064 -6.429300
v -0.000001 11.501164 -8.825900
v -0.000001 9.550864 -8.389500
v -0.000001 11.501164 -8.825900
v -0.000001 10.364064 -6.429300
v -0.000001 10.364064 -6.429300
v -0.000001 8.588964 -6.670600
v -0.000001 9.550864 -8.389500
v 1.282603 44.702263 6.554900
v 1.381703 31.972466 6.974700
v 1.282603 44.893967 3.467500
v 1.636302 32.269966 3.424600
v 1.282603 44.893967 3.467500
v 1.381703 31.972466 6.974700
v 1.381703 31.972466 6.974700
v 2.565101 27.334764 -0.000000
v 1.636302 32.269966 3.424600
v 0.000002 30.280066 1.566800
v 1.636302 32.269966 3.424600
v 2.565101 27.334764 -0.000000
v 2.565101 27.334764 -0.000000
v 0.000001 28.759464 -0.000000
v 0.000002 30.280066 1.566800
v 1.282604 100.701775 -0.899100
v 1.282604 99.125061 -3.272500
v -1.282596 100.701775 -0.899100
v -1.282596 99.125061 -3.272500
v -1.282596 100.701775 -0.899100
v 1.282604 99.125061 -3.272500
v 1.282604 99.125061 -3.272500
v 1.282603 99.713463 -6.607800
v -1.282596 99.125061 -3.272500
v -1.282597 99.713463 -6.607800
v -1.282596 99.125061 -3.272500
v 1.282603 99.713463 -6.607800
v 1.282603 99.713463 -6.607800
v -1.282597 102.513268 -8.895300
v -1.282597 99.713463 -6.607800
v 1.401601 17.589966 1.798200
v 2.528801 16.320665 -0.000000
v 3.897301 18.608166 1.609799
v 5.259201 18.548565 -0.000001
v 3.897301 18.608166 1.609799
v 2.528801 16.320665 -0.000000
v 2.528801 16.320665 -0.000000
v 3.897300 18.608166 -1.609801
v 5.259201 18.548565 -0.000001
v 4.260901 21.437666 -0.000001
v 5.259201 18.548565 -0.000001
v 3.897300 18.608166 -1.609801
v 3.897300 18.608166 -1.609801
v 1.467700 24.895266 -3.566700
v 4.260901 21.437666 -0.000001
v 0.000001 8.056765 1.656100
v 1.933800 9.339365 -0.000000
v 0.000001 9.339365 2.066000
v 2.958500 10.549165 -0.000001
v 0.000001 9.339365 2.066000
v 1.933800 9.339365 -0.000000
v 1.933800 9.339365 -0.000000
v 0.000000 9.339365 -2.066000
v 2.958500 10.549165 -0.000001
v -0.000000 10.549165 -3.021300
v 2.958500 10.549165 -0.000001
v 0.000000 9.339365 -2.066000
v 0.000000 9.339365 -2.066000
v -2.958499 10.549165 0.000001
v -0.000000 10.549165 -3.021300
v 1.365201 16.618166 -0.000000
v 0.000001 14.076166 2.079200
v 0.773501 14.155565 -0.000000
v 0.000001 12.268064 1.811400
v 0.773501 14.155565 -0.000000
v 0.000001 14.076166 2.079200
v 0.000001 14.076166 2.079200
v 0.000001 12.846565 2.859300
v 0.000001 12.268064 1.811400
v 0.000001 12.056465 3.170000
v 0.000001 12.268064 1.811400
v 0.000001 12.846565 2.859300
v 0.000001 12.846565 2.859300
v 0.000001 12.499464 4.092300
v 0.000001 12.056465 3.170000
v -0.000002 -8.424736 -7.328400
v -0.000002 -2.378935 -11.549601
v -0.000002 -2.868135 -8.971300
v -0.000002 1.435665 -9.192800
v -0.000002 -2.868135 -8.971300
v -0.000002 -2.378935 -11.549601
v -0.000002 -2.378935 -11.549601
v -0.000002 3.144665 -14.048600
v -0.000002 1.435665 -9.192800
v -0.000002 7.220464 -14.518001
v -0.000002 1.435665 -9.192800
v -0.000002 3.144665 -14.048600
v -0.000002 3.144665 -14.048600
v -0.000003 6.936164 -17.103001
v -0.000002 7.220464 -14.518001
v 0.000001 -8.424736 7.328400
v 0.000001 -13.439335 6.578100
v 0.000001 -10.811436 9.543200
v 0.000001 -11.819635 9.847300
v 0.000001 -10.811436 9.543200
v 0.000001 -13.439335 6.578100
v 0.000001 -13.439335 6.578100
v 0.000001 -14.017836 10.237300
v 0.000001 -11.819635 9.847300
v 0.000002 -12.355136 11.949600
v 0.000001 -11.819635 9.847300
v 0.000001 -14.017836 10.237300
v 0.000001 -14.017836 10.237300
v 0.000002 -13.650835 13.318101
v 0.000002 -12.355136 11.949600
v 0.000003 3.144665 14.048600
v 0.000003 7.220464 14.518001
v 0.000002 1.435665 9.192800
v 0.000002 3.428965 8.310201
v 0.000002 1.435665 9.192800
v 0.000003 7.220464 14.518001
v 0.000003 7.220464 14.518001
v 0.000003 8.294765 14.075100
v 0.000002 3.428965 8.310201
v 0.000001 6.420465 6.806200
v 0.000002 3.428965 8.310201
v 0.000003 8.294765 14.075100
v 0.000003 8.294765 14.075100
v 0.000002 10.588864 8.872100
v 0.000001 6.420465 6.806200
v 0.000002 9.550864 8.389500
v 0.000002 10.364064 6.429300
v 0.000002 8.588964 6.670600
v 0.000001 8.846765 5.140200
v 0.000002 8.588964 6.670600
v 0.000002 10.364064 6.429300
v 0.000002 10.364064 6.429300
v 0.000001 10.264865 4.769900
v 0.000001 8.846765 5.140200
v 0.000001 9.881464 4.254300
v 0.000001 8.846765 5.140200
v 0.000001 10.264865 4.769900
v 0.000001 10.264865 4.769900
v 0.000001 11.276364 4.151800
v 0.000001 9.881464 4.254300
v -1.467698 24.895266 3.566700
v -4.260899 21.437666 0.000001
v -3.897299 18.608166 1.609801
v -5.259199 18.548565 0.000001
v -3.897299 18.608166 1.609801
v -4.260899 21.437666 0.000001
v -4.260899 21.437666 0.000001
v -3.897300 18.608166 -1.609799
v -5.259199 18.548565 0.000001
v -2.528799 16.320665 0.000000
v -5.259199 18.548565 0.000001
v -3.897300 18.608166 -1.609799
v -3.897300 18.608166 -1.609799
v -1.401600 17.589966 -1.798200
v -2.528799 16.320665 0.000000
v -1.365199 16.618166 0.000000
v 0.000000 14.076166 -2.079200
v -0.773499 14.155565 0.000000
v 0.000000 12.268064 -1.811400
v -0.773499 14.155565 0.000000
v 0.000000 14.076166 -2.079200
v 0.000000 14.076166 -2.079200
v 0.000000 12.846565 -2.859300
v 0.000000 12.268064 -1.811400
v -0.000000 12.056465 -3.170000
v 0.000000 12.268064 -1.811400
v 0.000000 12.846565 -2.859300
v 0.000000 12.846565 -2.859300
v -0.000000 12.499464 -4.092300
v -0.000000 12.056465 -3.170000
v 1.282604 90.441360 2.502300
v 2.535404 92.728767 1.870900
v 1.282605 92.728767 3.408000
v 1.282605 95.029465 2.508900
v 1.282605 92.728767 3.408000
v 2.535404 92.728767 1.870900
v 2.535404 92.728767 1.870900
v 2.535404 94.659264 -0.000000
v 1.282605 95.029465 2.508900
v 1.282604 96.249161 -0.000000
v 1.282605 95.029465 2.508900
v 2.535404 94.659264 -0.000000
v 2.535404 94.659264 -0.000000
v 1.282604 95.029465 -2.508900
v 1.282604 96.249161 -0.000000
v 0.000002 9.550864 8.389500
v 0.000002 11.501164 8.825900
v 0.000002 10.364064 6.429300
v 0.000002 11.772164 6.683800
v 0.000002 10.364064 6.429300
v 0.000002 11.501164 8.825900
v 0.000002 11.501164 8.825900
v 0.000002 13.315866 7.331700
v 0.000002 11.772164 6.683800
v 0.000001 13.927465 3.715500
v 0.000002 11.772164 6.683800
v 0.000002 13.315866 7.331700
v 0.000002 13.315866 7.331700
v -1.375098 16.436365 5.262500
v 0.000001 13.927465 3.715500
v 0.000006 86.028358 12.928100
v 0.000005 88.276161 6.988000
v -1.282595 84.950760 7.589600
v -1.282595 91.112366 4.247600
v -1.282595 84.950760 7.589600
v 0.000005 88.276161 6.988000
v 0.000005 88.276161 6.988000
v 0.000005 91.499062 5.249200
v -1.282595 91.112366 4.247600
v -1.282595 94.807968 6.452500
v -1.282595 91.112366 4.247600
v 0.000005 91.499062 5.249200
v 0.000005 91.499062 5.249200
v 0.000005 94.120361 6.660700
v -1.282595 94.807968 6.452500
v -1.282595 95.029465 2.508900
v -2.535395 92.728767 1.870901
v -1.282596 92.728767 3.408000
v -1.282596 90.441360 2.502300
v -1.282596 92.728767 3.408000
v -2.535395 92.728767 1.870901
v -2.535395 92.728767 1.870901
v -2.535396 90.818161 0.000000
v -1.282596 90.441360 2.502300
v -1.282596 89.251366 0.000000
v -1.282596 90.441360 2.502300
v -2.535396 90.818161 0.000000
v -2.535396 90.818161 0.000000
v -1.282597 90.441360 -2.502300
v -1.282596 89.251366 0.000000
v -1.282596 99.125061 -3.272500
v -1.282597 99.713463 -6.607800
v -1.282597 95.231064 -8.627500
v -1.282598 93.925362 -13.731299
v -1.282597 95.231064 -8.627500
v -1.282597 99.713463 -6.607800
v -1.282597 99.713463 -6.607800
v -1.282597 102.513268 -8.895300
v -1.282598 93.925362 -13.731299
v -1.282598 100.652168 -15.334500
v -1.282598 93.925362 -13.731299
v -1.282597 102.513268 -8.895300
v -1.282597 102.513268 -8.895300
v -1.282597 105.336166 -8.862200
v -1.282598 100.652168 -15.334500
v -0.000000 36.511066 -10.356300
v 1.282599 34.610363 -11.896700
v -0.000000 40.712463 -10.468699
v -0.000000 42.672665 -11.252100
v -0.000000 40.712463 -10.468699
v 1.282599 34.610363 -11.896700
v 1.282599 34.610363 -11.896700
v -0.000000 42.183365 -13.099900
v -0.000000 42.672665 -11.252100
v -0.000001 45.151764 -14.630400
v -0.000000 42.672665 -11.252100
v -0.000000 42.183365 -13.099900
v -0.000000 11.276364 -4.151800
v -0.000000 10.264865 -4.769900
v -0.000000 9.881464 -4.254300
v -0.000001 8.846765 -5.140200
v -0.000000 9.881464 -4.254300
v -0.000000 10.264865 -4.769900
v -0.000000 10.264865 -4.769900
v -0.000001 10.364064 -6.429300
v -0.000001 8.846765 -5.140200
v -0.000001 8.588964 -6.670600
v -0.000001 8.846765 -5.140200
v -0.000001 10.364064 -6.429300
v 0.000001 11.276364 4.151800
v 0.000001 10.264865 4.769900
v 0.000001 9.881464 4.254300
v 0.000001 8.846765 5.140200
v 0.000001 9.881464 4.254300
v 0.000001 10.264865 4.769900
v 0.000001 10.264865 4.769900
v 0.000002 10.364064 6.429300
v 0.000001 8.846765 5.140200
v 0.000002 8.588964 6.670600
v 0.000001 8.846765 5.140200
v 0.000002 10.364064 6.429300
v 0.000000 -12.956734 4.224500
v 0.000001 -13.439335 6.578100
v -0.000000 -13.184835 3.008100
v 1.666000 -15.022736 3.044399
v -0.000000 -13.184835 3.008100
v 0.000001 -13.439335 6.578100
v 0.000001 -13.439335 6.578100
v 0.000000 -16.311834 6.862400
v 1.666000 -15.022736 3.044399
v -0.000000 -16.807735 2.961800
v 1.666000 -15.022736 3.044399
v 0.000000 -16.311834 6.862400
v -0.000000 13.927465 -3.715500
v -0.000001 13.315866 -7.331700
v 1.375100 16.436365 -5.262500
v 1.302399 14.965365 -10.881900
v 1.375100 16.436365 -5.262500
v -0.000001 13.315866 -7.331700
v -0.000001 13.315866 -7.331700
v -0.000001 12.575465 -9.460500
v 1.302399 14.965365 -10.881900
v -0.000001 12.806866 -11.556300
v 1.302399 14.965365 -10.881900
v -0.000001 12.575465 -9.460500
v 0.000003 36.511066 10.356300
v -1.282596 34.610363 11.896700
v 0.000004 40.712463 10.468699
v 0.000004 42.672665 11.252100
v 0.000004 40.712463 10.468699
v -1.282596 34.610363 11.896700
v -1.282596 34.610363 11.896700
v 0.000004 42.183365 13.099900
v 0.000004 42.672665 11.252100
v 0.000005 45.151764 14.630400
v 0.000004 42.672665 11.252100
v 0.000004 42.183365 13.099900
v -0.000001 -16.807735 -2.961800
v -1.666001 -15.022736 -3.044399
v -0.000002 -16.311834 -6.862400
v -0.000002 -13.439335 -6.578100
v -0.000002 -16.311834 -6.862400
v -1.666001 -15.022736 -3.044399
v -1.666001 -15.022736 -3.044399
v -0.000001 -13.184835 -3.008100
v -0.000002 -13.439335 -6.578100
v -0.000001 -12.956734 -4.224500
v -0.000002 -13.439335 -6.578100
v -0.000001 -13.184835 -3.008100
v -1.282597 86.223465 -3.649300
v -1.282597 91.614761 -6.115300
v -1.282598 84.950760 -7.589600
v 0.000002 87.710968 -9.139900
v -1.282598 84.950760 -7.589600
v -1.282597 91.614761 -6.115300
v -1.282597 91.614761 -6.115300
v 0.000003 91.059464 -7.569700
v 0.000002 87.710968 -9.139900
v 1.282603 91.614761 -6.115300
v 0.000002 87.710968 -9.139900
v 0.000003 91.059464 -7.569700
v 1.636301 32.269966 -3.424601
v 1.282601 44.893967 -3.467500
v 1.282602 38.884464 -0.000000
v 0.000002 41.072765 -0.000000
v 1.282602 38.884464 -0.000000
v 1.282601 44.893967 -3.467500
v 1.282601 44.893967 -3.467500
v 0.000002 44.860867 -2.542000
v 0.000002 41.072765 -0.000000
v -1.282599 44.893967 -3.467500
v 0.000002 41.072765 -0.000000
v 0.000002 44.860867 -2.542000
v 0.000002 12.575465 9.460500
v 1.302402 14.965365 10.881900
v 0.000003 12.806866 11.556300
v 0.000003 14.628265 13.443700
v 0.000003 12.806866 11.556300
v 1.302402 14.965365 10.881900
v 1.302402 14.965365 10.881900
v 0.000003 18.158566 14.508100
v 0.000003 14.628265 13.443700
v -0.000001 -16.807735 -2.961800
v -0.000002 -16.311834 -6.862400
v 1.665999 -15.022736 -3.044400
v -0.000002 -13.439335 -6.578100
v 1.665999 -15.022736 -3.044400
v -0.000002 -16.311834 -6.862400
v -0.000002 -16.311834 -6.862400
v -0.000002 -14.017836 -10.237300
v -0.000002 -13.439335 -6.578100
v 0.000004 87.694366 -0.000000
v 0.000004 86.805168 -1.550300
v 1.282604 89.251366 -0.000000
v 1.282603 86.223465 -3.649300
v 1.282604 89.251366 -0.000000
v 0.000004 86.805168 -1.550300
v 0.000004 86.805168 -1.550300
v 0.000003 83.711166 -2.611400
v 1.282603 86.223465 -3.649300
v -0.000000 27.321566 -8.796101
v -0.000001 28.055466 -9.830700
v -0.000000 28.756165 -9.232400
v -0.000001 28.762766 -10.277000
v -0.000000 28.756165 -9.232400
v -0.000001 28.055466 -9.830700
v -0.000001 28.055466 -9.830700
v -0.000001 28.326468 -11.209200
v -0.000001 28.762766 -10.277000
v -0.000001 10.364064 -6.429300
v -0.000000 10.264865 -4.769900
v -0.000001 8.846765 -5.140200
v -0.000000 9.881464 -4.254300
v -0.000001 8.846765 -5.140200
v -0.000000 10.264865 -4.769900
v -0.000000 10.264865 -4.769900
v -0.000000 11.276364 -4.151800
v -0.000000 9.881464 -4.254300
v 0.000003 21.741766 11.195900
v 0.000003 19.533665 10.624101
v 0.000003 20.442665 9.698500
v 0.000003 19.100664 9.738200
v 0.000003 20.442665 9.698500
v 0.000003 19.533665 10.624101
v 0.000003 19.533665 10.624101
v 0.000003 18.247765 10.733200
v 0.000003 19.100664 9.738200
v 0.000003 27.321566 8.796101
v 1.467702 24.895266 3.566699
v 0.000003 28.756165 9.232400
v 1.950302 29.612366 7.378000
v 0.000003 28.756165 9.232400
v 1.467702 24.895266 3.566699
v 1.467702 24.895266 3.566699
v 2.565101 27.334764 -0.000000
v 1.950302 29.612366 7.378000
v 1.665999 -15.022736 -3.044400
v -0.000002 -13.439335 -6.578100
v -0.000001 -13.184835 -3.008100
v -0.000001 -12.956734 -4.224500
v -0.000001 -13.184835 -3.008100
v -0.000002 -13.439335 -6.578100
v -0.000002 -13.439335 -6.578100
v -0.000002 -8.424736 -7.328400
v -0.000001 -12.956734 -4.224500
v 0.000003 28.326468 11.209200
v 0.000003 28.055466 9.830700
v 0.000003 28.762766 10.277000
v 0.000003 28.756165 9.232400
v 0.000003 28.762766 10.277000
v 0.000003 28.055466 9.830700
v 0.000003 28.055466 9.830700
v 0.000003 27.321566 8.796101
v 0.000003 28.756165 9.232400
v 0.000002 1.435665 9.192800
v 0.000002 -2.378935 11.549601
v 0.000001 -2.868135 8.971300
v 0.000001 -8.424736 7.328400
v 0.000001 -2.868135 8.971300
v 0.000002 -2.378935 11.549601
v 0.000002 -2.378935 11.549601
v 0.000002 -3.876336 11.592600
v 0.000001 -8.424736 7.328400
v -0.000001 12.575465 -9.460500
v -1.302401 14.965365 -10.881900
v -0.000001 12.806866 -11.556300
v -0.000002 14.628265 -13.443700
v -0.000001 12.806866 -11.556300
v -1.302401 14.965365 -10.881900
v -1.302401 14.965365 -10.881900
v -0.000002 18.158566 -14.508100
v -0.000002 14.628265 -13.443700
v 1.282603 44.893967 3.467500
v 1.282605 86.223465 3.649300
v 1.282603 44.702263 6.554900
v 1.282605 84.950760 7.589600
v 1.282603 44.702263 6.554900
v 1.282605 86.223465 3.649300
v 1.282605 86.223465 3.649300
v 1.282605 91.112366 4.247600
v 1.282605 84.950760 7.589600
v 1.282603 44.702263 6.554900
v 0.000003 38.375366 7.910200
v 1.381703 31.972466 6.974700
v 0.000003 33.578964 8.868800
v 1.381703 31.972466 6.974700
v 0.000003 38.375366 7.910200
v 0.000003 38.375366 7.910200
v -1.381697 31.972466 6.974700
v 0.000003 33.578964 8.868800
v -0.000001 3.428965 -7.341700
v -0.000001 3.428965 -8.310201
v -0.000001 6.420465 -6.806200
v -0.000002 8.294765 -14.075100
v -0.000001 6.420465 -6.806200
v -0.000001 3.428965 -8.310201
v -0.000001 3.428965 -8.310201
v -0.000002 7.220464 -14.518001
v -0.000002 8.294765 -14.075100
v -0.000002 -3.876336 -11.592600
v -0.000002 -7.158735 -10.647200
v -0.000002 -4.408535 -12.633901
v -0.000003 -3.968836 -14.785799
v -0.000002 -4.408535 -12.633901
v -0.000002 -7.158735 -10.647200
v -0.000002 -7.158735 -10.647200
v -0.000002 -4.408535 -12.633901
v -0.000003 -3.968836 -14.785799
v 0.000004 24.964766 14.832100
v 0.000003 24.994465 12.283501
v 0.000003 26.072063 12.779300
v 0.000003 26.581165 9.615900
v 0.000003 26.072063 12.779300
v 0.000003 24.994465 12.283501
v 0.000003 24.994465 12.283501
v 0.000003 24.283766 10.267099
v 0.000003 26.581165 9.615900
v -0.000001 21.741766 -11.195900
v -0.000001 19.533665 -10.624101
v -0.000001 20.442665 -9.698500
v -0.000001 19.100664 -9.738200
v -0.000001 20.442665 -9.698500
v -0.000001 19.533665 -10.624101
v -0.000001 19.533665 -10.624101
v -0.000001 18.247765 -10.733200
v -0.000001 19.100664 -9.738200
v -0.000000 12.499464 -4.092300
v 0.000000 12.846565 -2.859300
v -0.000000 12.056465 -3.170000
v 0.000000 12.268064 -1.811400
v -0.000000 12.056465 -3.170000
v 0.000000 12.846565 -2.859300
v 0.000000 12.846565 -2.859300
v 0.000000 14.076166 -2.079200
v 0.000000 12.268064 -1.811400
v -0.000001 19.100664 -9.738200
v -0.000001 19.533665 -10.624101
v -0.000001 20.442665 -9.698500
v -0.000001 21.741766 -11.195900
v -0.000001 20.442665 -9.698500
v -0.000001 19.533665 -10.624101
v -0.000001 19.533665 -10.624101
v -0.000001 20.234467 -11.817400
v -0.000001 21.741766 -11.195900
v -0.000000 27.321566 -8.796101
v -1.467700 24.895266 -3.566699
v -0.000000 28.756165 -9.232400
v -1.950300 29.612366 -7.378000
v -0.000000 28.756165 -9.232400
v -1.467700 24.895266 -3.566699
v -1.467700 24.895266 -3.566699
v -2.565099 27.334764 0.000000
v -1.950300 29.612366 -7.378000
v 2.945304 92.728767 -0.000001
v 2.535404 90.818161 -0.000000
v 2.535403 92.728767 -1.870901
v 1.282604 90.441360 -2.502300
v 2.535403 92.728767 -1.870901
v 2.535404 90.818161 -0.000000
v 2.535404 90.818161 -0.000000
v 1.282604 89.251366 -0.000000
v 1.282604 90.441360 -2.502300
v 0.000001 12.499464 4.092300
v 0.000001 12.846565 2.859300
v 0.000001 12.056465 3.170000
v 0.000001 12.268064 1.811400
v 0.000001 12.056465 3.170000
v 0.000001 12.846565 2.859300
v 0.000001 12.846565 2.859300
v 0.000001 14.076166 2.079200
v 0.000001 12.268064 1.811400
v 0.000003 12.806866 11.556300
v -1.302397 14.965365 10.881900
v 0.000002 12.575465 9.460500
v 0.000002 13.315866 7.331700
v 0.000002 12.575465 9.460500
v -1.302397 14.965365 10.881900
v -1.302397 14.965365 10.881900
v -1.375098 16.436365 5.262500
v 0.000002 13.315866 7.331700
v 0.000000 -16.311834 6.862400
v 0.000001 -13.439335 6.578100
v -1.666000 -15.022736 3.044400
v -0.000000 -13.184835 3.008100
v -1.666000 -15.022736 3.044400
v 0.000001 -13.439335 6.578100
v 0.000001 -13.439335 6.578100
v 0.000000 -12.956734 4.224500
v -0.000000 -13.184835 3.008100
v 0.000003 18.247765 10.733200
v 0.000003 19.533665 10.624101
v 0.000003 19.100664 9.738200
v 0.000003 20.442665 9.698500
v 0.000003 19.100664 9.738200
v 0.000003 19.533665 10.624101
v 0.000003 19.533665 10.624101
v 0.000003 21.741766 11.195900
v 0.000003 20.442665 9.698500
v -0.000002 24.964766 -14.832100
v -0.000001 24.994465 -12.283501
v -0.000001 26.072063 -12.779300
v -0.000001 26.581165 -9.615900
v -0.000001 26.072063 -12.779300
v -0.000001 24.994465 -12.283501
v -0.000001 24.994465 -12.283501
v -0.000001 24.283766 -10.267099
v -0.000001 26.581165 -9.615900
v -1.282597 105.336166 -8.862200
v -1.282597 102.513268 -8.895300
v 1.282603 105.336166 -8.862200
v 1.282603 102.513268 -8.895300
v 1.282603 105.336166 -8.862200
v -1.282597 102.513268 -8.895300
v -1.282597 102.513268 -8.895300
v 1.282603 99.713463 -6.607800
v 1.282603 102.513268 -8.895300
v 1.282604 89.251366 -0.000000
v 1.282603 86.223465 -3.649300
v 1.282604 90.441360 -2.502300
v 1.282603 91.614761 -6.115300
v 1.282604 90.441360 -2.502300
v 1.282603 86.223465 -3.649300
v 1.282603 86.223465 -3.649300
v 1.282602 84.950760 -7.589600
v 1.282603 91.614761 -6.115300
v 0.000001 8.056765 1.656100
v -1.626300 8.056765 0.000000
v -0.000000 -9.925535 1.656100
v -1.626301 -9.925535 0.000000
v -0.000000 -9.925535 1.656100
v -1.626300 8.056765 0.000000
v -1.626300 8.056765 0.000000
v -0.000001 -9.925535 -1.656100
v -1.626301 -9.925535 0.000000
v -0.000002 1.435665 -9.192800
v -0.000002 -2.378935 -11.549601
v -0.000002 -2.868135 -8.971300
v -0.000002 -8.424736 -7.328400
v -0.000002 -2.868135 -8.971300
v -0.000002 -2.378935 -11.549601
v -0.000002 -2.378935 -11.549601
v -0.000002 -3.876336 -11.592600
v -0.000002 -8.424736 -7.328400
v -0.000001 28.326468 -11.209200
v -0.000001 28.055466 -9.830700
v -0.000001 28.762766 -10.277000
v -0.000000 28.756165 -9.232400
v -0.000001 28.762766 -10.277000
v -0.000001 28.055466 -9.830700
v -0.000001 28.055466 -9.830700
v -0.000000 27.321566 -8.796101
v -0.000000 28.756165 -9.232400
v 0.000003 27.321566 8.796101
v 0.000003 28.055466 9.830700
v 0.000003 28.756165 9.232400
v 0.000003 28.762766 10.277000
v 0.000003 28.756165 9.232400
v 0.000003 28.055466 9.830700
v 0.000003 28.055466 9.830700
v 0.000003 28.326468 11.209200
v 0.000003 28.762766 10.277000
v 0.000002 59.983860 -2.535400
v 0.000002 55.309761 -2.512200
v 1.282601 44.893967 -3.467500
v 0.000002 44.860867 -2.542000
v 1.282601 44.893967 -3.467500
v 0.000002 55.309761 -2.512200
v 0.000002 55.309761 -2.512200
v -1.282599 44.893967 -3.467500
v 0.000002 44.860867 -2.542000
v 0.000000 86.653160 -19.284700
v -0.885899 85.152466 -16.901299
v 0.000001 88.001762 -18.035200
v -1.282599 91.376762 -17.023701
v 0.000001 88.001762 -18.035200
v -0.885899 85.152466 -16.901299
v -0.885899 85.152466 -16.901299
v -1.282598 93.925362 -13.731299
v -1.282599 91.376762 -17.023701
v -2.945296 92.728767 0.000001
v -2.535396 94.659264 0.000000
v -2.535396 92.728767 -1.870900
v -1.282596 95.029465 -2.508900
v -2.535396 92.728767 -1.870900
v -2.535396 94.659264 0.000000
v -2.535396 94.659264 0.000000
v -1.282596 96.249161 0.000000
v -1.282596 95.029465 -2.508900
v 0.000002 44.860867 2.542000
v 0.000002 41.072765 -0.000000
v -1.282597 44.893967 3.467500
v -1.282598 38.884464 0.000000
v -1.282597 44.893967 3.467500
v 0.000002 41.072765 -0.000000
v 0.000002 41.072765 -0.000000
v -1.282599 44.893967 -3.467500
v -1.282598 38.884464 0.000000
v -1.381700 31.972466 -6.974700
v 0.000000 38.375366 -7.910200
v -0.000000 33.578964 -8.868800
v 1.381700 31.972466 -6.974700
v -0.000000 33.578964 -8.868800
v 0.000000 38.375366 -7.910200
v 0.000000 38.375366 -7.910200
v 1.282601 44.702263 -6.554900
v 1.381700 31.972466 -6.974700
v -0.000000 -19.531435 2.218000
v -0.000000 -17.329935 3.100600
v 0.000000 -16.963036 4.730300
v 0.000000 -17.723335 5.900400
v -0.000000 -19.531435 2.218000
v 0.000000 -16.963036 4.730300
v -0.000001 -19.531435 -2.218000
v -0.000002 -17.723335 -5.900400
v -0.000002 -16.963036 -4.730300
v -0.000001 -17.329935 -3.100600
v -0.000001 -19.531435 -2.218000
v -0.000002 -16.963036 -4.730300
v -0.000000 -17.329935 3.100600
v -0.000000 -19.531435 2.218000
v 0.000000 -16.963036 4.730300
v -0.000000 -19.531435 2.218000
v 0.000000 -17.723335 5.900400
v 0.000000 -16.963036 4.730300
v -0.000002 -17.723335 -5.900400
v -0.000001 -19.531435 -2.218000
v -0.000002 -16.963036 -4.730300
v -0.000001 -19.531435 -2.218000
v -0.000001 -17.329935 -3.100600
v -0.000002 -16.963036 -4.730300
v -0.000001 87.707664 -29.267498
v -0.000001 89.562065 -26.074299
v 1.054500 90.249565 -23.638100
v 0.000001 -16.434135 8.617600
v 0.000000 -17.822535 7.308600
v 0.000000 -16.731634 7.093700
v 0.000000 -17.723335 5.900400
v 0.000000 -16.731634 7.093700
v 0.000000 -17.822535 7.308600
v 0.000000 -17.822535 7.308600
v 0.000000 -21.058636 5.771500
v 0.000000 -17.723335 5.900400
v -0.000000 -19.531435 2.218000
v 0.000000 -17.723335 5.900400
v 0.000000 -21.058636 5.771500
v 0.000000 -21.058636 5.771500
v -0.000000 -21.739635 3.950100
v -0.000000 -19.531435 2.218000
v 0.842899 -19.924835 -0.000000
v -0.000000 -19.531435 2.218000
v -0.000000 -21.739635 3.950100
v -0.000000 -21.739635 3.950100
v -0.000001 -21.643734 2.542000
v 0.842899 -19.924835 -0.000000
v -0.000001 -21.643734 -2.542000
v -0.000002 -21.739635 -3.950100
v 0.842899 -19.924835 -0.000000
v -0.000001 -19.531435 -2.218000
v 0.842899 -19.924835 -0.000000
v -0.000002 -21.739635 -3.950100
v -0.000002 -21.739635 -3.950100
v -0.000002 -21.058636 -5.771500
v -0.000001 -19.531435 -2.218000
v -0.000002 -17.723335 -5.900400
v -0.000001 -19.531435 -2.218000
v -0.000002 -21.058636 -5.771500
v -0.000002 -21.058636 -5.771500
v -0.000002 -17.822535 -7.308600
v -0.000002 -17.723335 -5.900400
v -0.000002 -16.731634 -7.093700
v -0.000002 -17.723335 -5.900400
v -0.000002 -17.822535 -7.308600
v -0.000002 -17.822535 -7.308600
v -0.000002 -16.434135 -8.617600
v -0.000002 -16.731634 -7.093700
v -0.000001 -21.643734 2.542000
v -0.000000 -21.739635 3.950100
v -0.842901 -19.924835 0.000000
v -0.000000 -19.531435 2.218000
v -0.842901 -19.924835 0.000000
v -0.000000 -21.739635 3.950100
v -0.000000 -21.739635 3.950100
v 0.000000 -21.058636 5.771500
v -0.000000 -19.531435 2.218000
v 0.000000 -17.723335 5.900400
v -0.000000 -19.531435 2.218000
v 0.000000 -21.058636 5.771500
v 0.000000 -21.058636 5.771500
v 0.000000 -17.822535 7.308600
v 0.000000 -17.723335 5.900400
v 0.000000 -16.731634 7.093700
v 0.000000 -17.723335 5.900400
v 0.000000 -17.822535 7.308600
v 0.000000 -17.822535 7.308600
v 0.000001 -16.434135 8.617600
v 0.000000 -16.731634 7.093700
v -0.000002 -16.434135 -8.617600
v -0.000002 -17.822535 -7.308600
v -0.000002 -16.731634 -7.093700
v -0.000002 -17.723335 -5.900400
v -0.000002 -16.731634 -7.093700
v -0.000002 -17.822535 -7.308600
v -0.000002 -17.822535 -7.308600
v -0.000002 -21.058636 -5.771500
v -0.000002 -17.723335 -5.900400
v -0.000001 -19.531435 -2.218000
v -0.000002 -17.723335 -5.900400
v -0.000002 -21.058636 -5.771500
v -0.000002 -21.058636 -5.771500
v -0.000002 -21.739635 -3.950100
v -0.000001 -19.531435 -2.218000
v -0.842901 -19.924835 0.000000
v -0.000001 -19.531435 -2.218000
v -0.000002 -21.739635 -3.950100
v -0.000002 -21.739635 -3.950100
v -0.000001 -21.643734 -2.542000
v -0.842901 -19.924835 0.000000
v 1.041299 -17.835735 -0.000000
v -0.000001 -19.531435 -2.218000
v -0.000001 -17.776234 -2.029600
v -1.041301 -17.835735 0.000000
v -0.000001 -17.776234 -2.029600
v -0.000001 -19.531435 -2.218000
v -0.000001 -19.531435 -2.218000
v -0.842901 -19.924835 0.000000
v -1.041301 -17.835735 0.000000
v -0.000000 -19.531435 2.218000
v -1.041301 -17.835735 0.000000
v -0.842901 -19.924835 0.000000
v -0.000001 -19.531435 -2.218000
v 1.041299 -17.835735 -0.000000
v 0.842899 -19.924835 -0.000000
v -0.000000 -19.531435 2.218000
v 0.842899 -19.924835 -0.000000
v 1.041299 -17.835735 -0.000000
v 1.041299 -17.835735 -0.000000
v -0.000000 -17.776234 2.029600
v -0.000000 -19.531435 2.218000
v -1.041301 -17.835735 0.000000
v -0.000000 -19.531435 2.218000
v -0.000000 -17.776234 2.029600
vt 0.401575 0.263842
vt 0.448819 0.279590
vt 0.448819 0.279590
vt 0.448819 0.279590
vt 0.377953 0.216597
vt 0.401575 0.263842
vt 0.921260 0.484315
vt 0.976378 0.421322
vt 0.921260 0.421322
vt 0.976378 0.421322
vt 0.921260 0.484315
vt 0.921260 0.421322
vt 0.472441 0.271716
vt 0.535433 0.311086
vt 0.527559 0.279590
vt 0.472441 0.271716
vt 0.472441 0.311086
vt 0.535433 0.311086
vt 0.472441 0.271716
vt 0.535433 0.311086
vt 0.527559 0.279590
vt 0.472441 0.271716
vt 0.472441 0.311086
vt 0.535433 0.311086
vt 0.181102 0.326834
vt 0.228346 0.429196
vt 0.149606 0.342582
vt 0.149606 0.342582
vt 0.086614 0.263842
vt 0.181102 0.326834
vt 0.779528 0.208723
vt 0.763780 0.232345
vt 0.787402 0.271716
vt 0.763780 0.232345
vt 0.779528 0.208723
vt 0.787402 0.271716
vt 0.220472 0.066991
vt 0.259843 0.098487
vt 0.212598 0.106361
vt 0.259843 0.098487
vt 0.275591 0.153605
vt 0.212598 0.106361
vt 0.448819 0.279590
vt 0.377953 0.216597
vt 0.401575 0.263842
vt 0.401575 0.263842
vt 0.448819 0.279590
vt 0.448819 0.279590
vt 0.921260 0.263842
vt 0.976378 0.208723
vt 0.913386 0.208723
vt 0.976378 0.208723
vt 0.921260 0.263842
vt 0.913386 0.208723
vt 0.149606 0.074865
vt 0.118110 0.129983
vt 0.212598 0.106361
vt 0.188976 0.066991
vt 0.149606 0.074865
vt 0.212598 0.106361
vt 0.283465 0.358330
vt 0.267717 0.326834
vt 0.259843 0.397700
vt 0.299213 0.358330
vt 0.283465 0.358330
vt 0.259843 0.397700
vt 0.897638 0.303212
vt 0.921260 0.263842
vt 0.905512 0.200849
vt 0.921260 0.263842
vt 0.897638 0.303212
vt 0.905512 0.200849
vt 0.921260 0.484315
vt 0.921260 0.421322
vt 0.897638 0.413448
vt 0.921260 0.421322
vt 0.921260 0.484315
vt 0.897638 0.413448
vt 0.913386 0.208723
vt 0.905512 0.200849
vt 0.921260 0.263842
vt 0.905512 0.200849
vt 0.913386 0.208723
vt 0.921260 0.263842
vt 0.937008 0.334708
vt 0.984252 0.334708
vt 0.952756 0.366205
vt 0.984252 0.334708
vt 0.937008 0.334708
vt 0.952756 0.366205
vt 0.377953 0.484315
vt 0.267717 0.468566
vt 0.362205 0.452818
vt 0.259843 0.397700
vt 0.362205 0.452818
vt 0.267717 0.468566
vt 0.472441 0.232345
vt 0.535433 0.232345
vt 0.472441 0.271716
vt 0.535433 0.263842
vt 0.472441 0.271716
vt 0.535433 0.232345
vt 0.874016 0.870142
vt 0.818898 0.854393
vt 0.874016 0.791402
vt 0.937008 0.862267
vt 0.874016 0.870142
vt 0.874016 0.791402
vt 0.535433 0.263842
vt 0.472441 0.271716
vt 0.535433 0.232345
vt 0.472441 0.232345
vt 0.535433 0.232345
vt 0.472441 0.271716
vt 0.913386 0.917385
vt 0.937008 0.862267
vt 0.889764 0.893763
vt 0.937008 0.862267
vt 0.874016 0.870142
vt 0.889764 0.893763
vt 0.149606 0.342582
vt 0.086614 0.263842
vt 0.181102 0.326834
vt 0.181102 0.326834
vt 0.228346 0.429196
vt 0.149606 0.342582
vt 0.188976 0.066991
vt 0.149606 0.074865
vt 0.212598 0.106361
vt 0.149606 0.074865
vt 0.118110 0.129983
vt 0.212598 0.106361
vt 0.267717 0.326834
vt 0.283465 0.358330
vt 0.259843 0.397700
vt 0.283465 0.358330
vt 0.299213 0.358330
vt 0.259843 0.397700
vt 0.771654 0.815023
vt 0.763780 0.878015
vt 0.771654 0.878015
vt 0.771654 0.815023
vt 0.724409 0.854393
vt 0.763780 0.878015
vt 0.259843 0.098487
vt 0.275591 0.153605
vt 0.212598 0.106361
vt 0.220472 0.066991
vt 0.259843 0.098487
vt 0.212598 0.106361
vt 0.299213 0.358330
vt 0.283465 0.358330
vt 0.259843 0.397700
vt 0.283465 0.358330
vt 0.267717 0.326834
vt 0.259843 0.397700
vt 0.551181 0.783527
vt 0.496063 0.657542
vt 0.496063 0.744156
vt 0.551181 0.783527
vt 0.496063 0.744156
vt 0.440945 0.759905
vt 0.566929 0.421322
vt 0.614173 0.484315
vt 0.614173 0.421322
vt 0.614173 0.484315
vt 0.566929 0.421322
vt 0.614173 0.421322
vt 0.763780 0.232345
vt 0.748031 0.208723
vt 0.740157 0.271716
vt 0.748031 0.208723
vt 0.763780 0.232345
vt 0.740157 0.271716
vt 0.559055 0.208723
vt 0.614173 0.263842
vt 0.622047 0.208723
vt 0.614173 0.263842
vt 0.559055 0.208723
vt 0.622047 0.208723
vt 0.614173 0.263842
vt 0.629921 0.303212
vt 0.629921 0.200849
vt 0.629921 0.303212
vt 0.614173 0.263842
vt 0.629921 0.200849
vt 0.614173 0.421322
vt 0.614173 0.484315
vt 0.629921 0.413448
vt 0.614173 0.484315
vt 0.614173 0.421322
vt 0.629921 0.413448
vt 0.629921 0.200849
vt 0.622047 0.208723
vt 0.614173 0.263842
vt 0.622047 0.208723
vt 0.629921 0.200849
vt 0.614173 0.263842
vt 0.984252 0.334708
vt 0.937008 0.334708
vt 0.952756 0.366205
vt 0.937008 0.334708
vt 0.984252 0.334708
vt 0.952756 0.366205
vt 0.181102 0.405575
vt 0.228346 0.429196
vt 0.149606 0.381952
vt 0.000000 0.240219
vt 0.000000 0.303212
vt 0.086614 0.263842
vt 0.377953 0.437070
vt 0.417323 0.437070
vt 0.385827 0.381952
vt 0.377953 0.437070
vt 0.417323 0.437070
vt 0.385827 0.381952
vt 0.000000 0.240219
vt 0.000000 0.303212
vt 0.086614 0.263842
vt 0.251969 0.429196
vt 0.228346 0.366205
vt 0.228346 0.429196
vt 0.314961 0.334708
vt 0.377953 0.437070
vt 0.299213 0.358330
vt 0.118110 0.003999
vt 0.141732 0.003999
vt 0.133858 0.027621
vt 0.047244 0.161479
vt 0.000000 0.161479
vt 0.000000 0.208723
vt 0.905512 0.098487
vt 0.929134 0.059117
vt 0.866142 0.035495
vt 0.653543 0.649668
vt 0.622047 0.539432
vt 0.614173 0.610299
vt 0.204724 0.255968
vt 0.086614 0.263842
vt 0.165354 0.200849
vt 0.393701 0.523685
vt 0.377953 0.484315
vt 0.425197 0.531559
vt 0.992126 0.822897
vt 0.992126 0.720534
vt 0.960630 0.704786
vt 0.267717 0.468566
vt 0.377953 0.484315
vt 0.362205 0.452818
vt 0.023622 0.610299
vt 0.007874 0.641794
vt 0.007874 0.594550
vt 0.251969 0.429196
vt 0.228346 0.366205
vt 0.228346 0.429196
vt 0.220472 0.216597
vt 0.228346 0.192975
vt 0.204724 0.177227
vt 0.527559 0.878015
vt 0.496063 0.893763
vt 0.527559 0.941007
vt 0.299213 0.098487
vt 0.330709 0.185101
vt 0.346457 0.090613
vt 0.472441 0.185101
vt 0.535433 0.232345
vt 0.519685 0.185101
vt 0.000000 0.059117
vt 0.055118 0.027621
vt 0.000000 0.027621
vt 0.000000 0.106361
vt 0.062992 0.106361
vt 0.062992 0.059117
vt 0.086614 0.263842
vt 0.125984 0.192975
vt 0.094488 0.177227
vt 0.370079 0.287464
vt 0.330709 0.185101
vt 0.377953 0.263842
vt 0.267717 0.326834
vt 0.283465 0.358330
vt 0.259843 0.397700
vt 0.370079 0.043369
vt 0.346457 0.090613
vt 0.417323 0.098487
vt 0.181102 0.303212
vt 0.173228 0.287464
vt 0.086614 0.263842
vt 0.826772 0.665416
vt 0.889764 0.649668
vt 0.842520 0.752030
vt 0.212598 0.822897
vt 0.251969 0.815023
vt 0.204724 0.791402
vt 0.259843 0.492188
vt 0.251969 0.547306
vt 0.228346 0.429196
vt 0.204724 0.145731
vt 0.204724 0.177227
vt 0.188976 0.177227
vt 0.417323 0.437070
vt 0.377953 0.437070
vt 0.385827 0.381952
vt 0.346457 0.547306
vt 0.330709 0.602425
vt 0.322835 0.547306
vt 0.377953 0.216597
vt 0.330709 0.185101
vt 0.377953 0.161479
vt 0.181102 0.303212
vt 0.173228 0.287464
vt 0.086614 0.263842
vt 0.732283 0.799275
vt 0.724409 0.767779
vt 0.629921 0.799275
vt 0.385827 0.901637
vt 0.425197 0.956755
vt 0.527559 0.941007
vt 0.393701 0.689039
vt 0.354331 0.673290
vt 0.385827 0.728408
vt 0.007874 0.476440
vt 0.047244 0.476440
vt 0.031496 0.421322
vt 0.377953 0.484315
vt 0.267717 0.468566
vt 0.362205 0.452818
vt 0.086614 0.263842
vt 0.125984 0.192975
vt 0.094488 0.177227
vt 0.228346 0.192975
vt 0.220472 0.216597
vt 0.204724 0.177227
vt 0.259843 0.492188
vt 0.251969 0.547306
vt 0.228346 0.429196
vt 0.330709 0.185101
vt 0.299213 0.098487
vt 0.346457 0.090613
vt 0.000000 0.106361
vt 0.062992 0.106361
vt 0.062992 0.059117
vt 0.440945 -0.003875
vt 0.425197 0.003999
vt 0.464567 0.003999
vt 0.314961 0.334708
vt 0.370079 0.287464
vt 0.385827 0.381952
vt 0.000000 0.122109
vt 0.047244 0.161479
vt 0.000000 0.161479
vt 0.000000 0.059117
vt 0.055118 0.027621
vt 0.000000 0.027621
vt 0.472441 0.185101
vt 0.535433 0.232345
vt 0.519685 0.185101
vt 0.204724 0.255968
vt 0.086614 0.263842
vt 0.165354 0.200849
vt 0.921260 0.799275
vt 0.921260 0.783527
vt 0.874016 0.791402
vt 0.755906 0.909511
vt 0.771654 0.901637
vt 0.763780 0.878015
vt 0.299213 0.098487
vt 0.330709 0.185101
vt 0.346457 0.090613
vt 0.929134 0.539432
vt 0.889764 0.649668
vt 0.937008 0.610299
vt 0.220472 0.216597
vt 0.228346 0.192975
vt 0.204724 0.177227
vt 0.346457 0.090613
vt 0.370079 0.043369
vt 0.417323 0.098487
vt 0.267717 0.468566
vt 0.377953 0.484315
vt 0.362205 0.452818
vt 0.370079 0.043369
vt 0.346457 0.090613
vt 0.417323 0.098487
vt 0.291339 0.051243
vt 0.314961 0.003999
vt 0.370079 0.043369
vt 0.417323 0.807149
vt 0.385827 0.728408
vt 0.346457 0.720534
vt 0.669291 0.035495
vt 0.653543 0.649668
vt 0.716535 0.665416
vt 0.598425 0.059117
vt 0.622047 0.098487
vt 0.669291 0.035495
vt 0.307087 0.996125
vt 0.354331 0.964629
vt 0.385827 0.988251
vt 0.795276 0.626046
vt 0.787402 0.271716
vt 0.826772 0.665416
vt 0.889764 0.649668
vt 0.897638 0.413448
vt 0.921260 0.484315
vt 0.818898 0.854393
vt 0.874016 0.870142
vt 0.874016 0.791402
vt 0.307087 0.807149
vt 0.251969 0.815023
vt 0.188976 0.744156
vt 0.866142 0.035495
vt 0.905512 0.200849
vt 0.897638 0.303212
vt 0.629921 0.200849
vt 0.669291 0.035495
vt 0.629921 0.303212
vt 0.645669 0.752030
vt 0.669291 0.752030
vt 0.629921 0.799275
vt 0.047244 0.476440
vt 0.031496 0.531559
vt 0.007874 0.476440
vt 0.653543 0.988251
vt 0.606299 0.980377
vt 0.622047 0.948881
vt 0.346457 0.720534
vt 0.307087 0.689039
vt 0.385827 0.728408
vt 0.433071 0.854393
vt 0.385827 0.815023
vt 0.417323 0.807149
vt 0.440945 0.759905
vt 0.448819 0.736282
vt 0.472441 0.728408
vt 0.629921 0.413448
vt 0.653543 0.649668
vt 0.614173 0.484315
vt 0.456693 0.909511
vt 0.488189 0.909511
vt 0.527559 0.941007
vt 0.181102 0.405575
vt 0.228346 0.429196
vt 0.149606 0.381952
vt 0.629921 0.704786
vt 0.559055 0.657542
vt 0.653543 0.649668
vt 0.039370 0.964629
vt 0.078740 0.996125
vt 0.000000 0.988251
vt 0.165354 0.822897
vt 0.173228 0.854393
vt 0.133858 0.815023
vt 0.960630 0.885889
vt 0.937008 0.862267
vt 0.992126 0.822897
vt 0.921260 0.799275
vt 0.921260 0.783527
vt 0.960630 0.791402
vt 0.732283 0.736282
vt 0.669291 0.752030
vt 0.724409 0.767779
vt 0.629921 0.799275
vt 0.724409 0.767779
vt 0.669291 0.752030
vt 0.669291 0.752030
vt 0.645669 0.752030
vt 0.629921 0.799275
vt 0.622047 0.767779
vt 0.629921 0.799275
vt 0.645669 0.752030
vt 0.645669 0.752030
vt 0.629921 0.799275
vt 0.622047 0.767779
vt 0.574803 0.752030
vt 0.622047 0.767779
vt 0.629921 0.799275
vt 0.629921 0.799275
vt 0.551181 0.783527
vt 0.574803 0.752030
vt 0.535433 0.665416
vt 0.574803 0.752030
vt 0.551181 0.783527
vt 0.551181 0.783527
vt 0.496063 0.657542
vt 0.535433 0.665416
vt 0.535433 0.539432
vt 0.535433 0.665416
vt 0.496063 0.657542
vt 0.496063 0.657542
vt 0.519685 0.531559
vt 0.535433 0.539432
vt 0.559055 0.507936
vt 0.535433 0.539432
vt 0.519685 0.531559
vt 0.519685 0.531559
vt 0.551181 0.421322
vt 0.559055 0.507936
vt 0.551181 0.421322
vt 0.559055 0.507936
vt 0.551181 0.421322
vt 0.551181 0.421322
vt 0.519685 0.334708
vt 0.551181 0.421322
vt 0.503937 0.413448
vt 0.551181 0.421322
vt 0.519685 0.334708
vt 0.519685 0.334708
vt 0.551181 0.421322
vt 0.503937 0.413448
vt 0.440945 0.531559
vt 0.503937 0.413448
vt 0.551181 0.421322
vt 0.551181 0.421322
vt 0.519685 0.531559
vt 0.440945 0.531559
vt 0.417323 0.610299
vt 0.440945 0.531559
vt 0.519685 0.531559
vt 0.519685 0.531559
vt 0.496063 0.657542
vt 0.417323 0.610299
vt 0.417323 0.665416
vt 0.417323 0.610299
vt 0.496063 0.657542
vt 0.496063 0.657542
vt 0.456693 0.681165
vt 0.417323 0.665416
vt 0.496063 0.657542
vt 0.417323 0.665416
vt 0.456693 0.681165
vt 0.456693 0.681165
vt 0.480315 0.696912
vt 0.496063 0.657542
vt 0.496063 0.744156
vt 0.496063 0.657542
vt 0.480315 0.696912
vt 0.480315 0.696912
vt 0.472441 0.728408
vt 0.496063 0.744156
vt 0.440945 0.759905
vt 0.496063 0.744156
vt 0.472441 0.728408
vt 0.472441 0.728408
vt 0.448819 0.736282
vt 0.440945 0.759905
vt 0.425197 0.720534
vt 0.440945 0.759905
vt 0.448819 0.736282
vt 0.448819 0.736282
vt 0.440945 0.759905
vt 0.425197 0.720534
vt 0.385827 0.728408
vt 0.425197 0.720534
vt 0.440945 0.759905
vt 0.440945 0.759905
vt 0.417323 0.807149
vt 0.385827 0.728408
vt 0.346457 0.720534
vt 0.385827 0.728408
vt 0.417323 0.807149
vt 0.417323 0.807149
vt 0.385827 0.815023
vt 0.346457 0.720534
vt 0.417323 0.807149
vt 0.346457 0.720534
vt 0.385827 0.815023
vt 0.385827 0.815023
vt 0.433071 0.854393
vt 0.417323 0.807149
vt 0.527559 0.878015
vt 0.417323 0.807149
vt 0.433071 0.854393
vt 0.433071 0.854393
vt 0.488189 0.885889
vt 0.527559 0.878015
vt 0.496063 0.893763
vt 0.527559 0.878015
vt 0.488189 0.885889
vt 0.488189 0.885889
vt 0.527559 0.878015
vt 0.496063 0.893763
vt 0.527559 0.941007
vt 0.496063 0.893763
vt 0.527559 0.878015
vt 0.527559 0.878015
vt 0.622047 0.948881
vt 0.527559 0.941007
vt 0.488189 0.980377
vt 0.527559 0.941007
vt 0.622047 0.948881
vt 0.622047 0.948881
vt 0.606299 0.980377
vt 0.488189 0.980377
vt 0.622047 0.948881
vt 0.488189 0.980377
vt 0.606299 0.980377
vt 0.606299 0.980377
vt 0.653543 0.988251
vt 0.622047 0.948881
vt 0.669291 0.972503
vt 0.622047 0.948881
vt 0.653543 0.988251
vt 0.913386 0.744156
vt 0.960630 0.704786
vt 0.952756 0.689039
vt 1.000000 0.673290
vt 0.952756 0.689039
vt 0.960630 0.704786
vt 0.960630 0.704786
vt 0.992126 0.720534
vt 1.000000 0.673290
vt 0.960630 0.704786
vt 1.000000 0.673290
vt 0.992126 0.720534
vt 0.992126 0.720534
vt 0.992126 0.822897
vt 0.960630 0.704786
vt 0.960630 0.791402
vt 0.960630 0.704786
vt 0.992126 0.822897
vt 0.992126 0.822897
vt 0.937008 0.862267
vt 0.960630 0.791402
vt 0.921260 0.799275
vt 0.960630 0.791402
vt 0.937008 0.862267
vt 0.937008 0.862267
vt 0.874016 0.791402
vt 0.921260 0.799275
vt 0.921260 0.783527
vt 0.921260 0.799275
vt 0.874016 0.791402
vt 0.874016 0.791402
vt 0.881890 0.775653
vt 0.921260 0.783527
vt 0.874016 0.791402
vt 0.921260 0.783527
vt 0.881890 0.775653
vt 0.881890 0.775653
vt 0.881890 0.752030
vt 0.874016 0.791402
vt 0.842520 0.752030
vt 0.874016 0.791402
vt 0.881890 0.752030
vt 0.881890 0.752030
vt 0.905512 0.704786
vt 0.842520 0.752030
vt 0.889764 0.649668
vt 0.842520 0.752030
vt 0.905512 0.704786
vt 0.905512 0.704786
vt 0.984252 0.657542
vt 0.889764 0.649668
vt 0.937008 0.610299
vt 0.889764 0.649668
vt 0.984252 0.657542
vt 0.984252 0.657542
vt 0.889764 0.649668
vt 0.937008 0.610299
vt 0.929134 0.539432
vt 0.937008 0.610299
vt 0.889764 0.649668
vt 0.889764 0.649668
vt 0.921260 0.484315
vt 0.929134 0.539432
vt 0.889764 0.649668
vt 0.929134 0.539432
vt 0.921260 0.484315
vt 0.921260 0.484315
vt 0.897638 0.413448
vt 0.889764 0.649668
vt 0.897638 0.303212
vt 0.889764 0.649668
vt 0.897638 0.413448
vt 0.897638 0.413448
vt 0.889764 0.649668
vt 0.897638 0.303212
vt 0.866142 0.035495
vt 0.897638 0.303212
vt 0.889764 0.649668
vt 0.889764 0.649668
vt 0.826772 0.665416
vt 0.866142 0.035495
vt 0.811024 0.035495
vt 0.866142 0.035495
vt 0.826772 0.665416
vt 0.826772 0.665416
vt 0.787402 0.271716
vt 0.811024 0.035495
vt 0.779528 0.208723
vt 0.811024 0.035495
vt 0.787402 0.271716
vt 0.188976 0.295338
vt 0.204724 0.255968
vt 0.173228 0.287464
vt 0.086614 0.263842
vt 0.173228 0.287464
vt 0.204724 0.255968
vt 0.204724 0.255968
vt 0.165354 0.200849
vt 0.086614 0.263842
vt 0.125984 0.192975
vt 0.086614 0.263842
vt 0.165354 0.200849
vt 0.165354 0.200849
vt 0.086614 0.263842
vt 0.125984 0.192975
vt 0.094488 0.177227
vt 0.125984 0.192975
vt 0.086614 0.263842
vt 0.086614 0.263842
vt 0.047244 0.161479
vt 0.094488 0.177227
vt 0.055118 0.137857
vt 0.094488 0.177227
vt 0.047244 0.161479
vt 0.047244 0.161479
vt 0.000000 0.122109
vt 0.055118 0.137857
vt 0.000000 0.106361
vt 0.055118 0.137857
vt 0.000000 0.122109
vt 0.000000 0.122109
vt 0.055118 0.137857
vt 0.000000 0.106361
vt 0.062992 0.106361
vt 0.000000 0.106361
vt 0.055118 0.137857
vt 0.055118 0.137857
vt 0.094488 0.090613
vt 0.062992 0.106361
vt 0.055118 0.137857
vt 0.062992 0.106361
vt 0.094488 0.090613
vt 0.094488 0.090613
vt 0.118110 0.129983
vt 0.055118 0.137857
vt 0.094488 0.177227
vt 0.055118 0.137857
vt 0.118110 0.129983
vt 0.118110 0.129983
vt 0.149606 0.161479
vt 0.094488 0.177227
vt 0.118110 0.129983
vt 0.094488 0.177227
vt 0.149606 0.161479
vt 0.149606 0.161479
vt 0.188976 0.129983
vt 0.118110 0.129983
vt 0.212598 0.106361
vt 0.118110 0.129983
vt 0.188976 0.129983
vt 0.188976 0.129983
vt 0.228346 0.137857
vt 0.212598 0.106361
vt 0.275591 0.153605
vt 0.212598 0.106361
vt 0.228346 0.137857
vt 0.228346 0.137857
vt 0.244094 0.169353
vt 0.275591 0.153605
vt 0.267717 0.185101
vt 0.275591 0.153605
vt 0.244094 0.169353
vt 0.244094 0.169353
vt 0.228346 0.192975
vt 0.267717 0.185101
vt 0.251969 0.208723
vt 0.267717 0.185101
vt 0.228346 0.192975
vt 0.228346 0.192975
vt 0.220472 0.216597
vt 0.251969 0.208723
vt 0.188976 0.295338
vt 0.204724 0.255968
vt 0.173228 0.287464
vt 0.086614 0.263842
vt 0.173228 0.287464
vt 0.204724 0.255968
vt 0.204724 0.255968
vt 0.165354 0.200849
vt 0.086614 0.263842
vt 0.125984 0.192975
vt 0.086614 0.263842
vt 0.165354 0.200849
vt 0.165354 0.200849
vt 0.086614 0.263842
vt 0.125984 0.192975
vt 0.094488 0.177227
vt 0.125984 0.192975
vt 0.086614 0.263842
vt 0.086614 0.263842
vt 0.047244 0.161479
vt 0.094488 0.177227
vt 0.055118 0.137857
vt 0.094488 0.177227
vt 0.047244 0.161479
vt 0.047244 0.161479
vt 0.000000 0.122109
vt 0.055118 0.137857
vt 0.000000 0.106361
vt 0.055118 0.137857
vt 0.000000 0.122109
vt 0.000000 0.122109
vt 0.055118 0.137857
vt 0.000000 0.106361
vt 0.062992 0.106361
vt 0.000000 0.106361
vt 0.055118 0.137857
vt 0.055118 0.137857
vt 0.094488 0.090613
vt 0.062992 0.106361
vt 0.055118 0.137857
vt 0.062992 0.106361
vt 0.094488 0.090613
vt 0.094488 0.090613
vt 0.118110 0.129983
vt 0.055118 0.137857
vt 0.094488 0.177227
vt 0.055118 0.137857
vt 0.118110 0.129983
vt 0.118110 0.129983
vt 0.149606 0.161479
vt 0.094488 0.177227
vt 0.118110 0.129983
vt 0.094488 0.177227
vt 0.149606 0.161479
vt 0.149606 0.161479
vt 0.188976 0.129983
vt 0.118110 0.129983
vt 0.212598 0.106361
vt 0.118110 0.129983
vt 0.188976 0.129983
vt 0.188976 0.129983
vt 0.228346 0.137857
vt 0.212598 0.106361
vt 0.275591 0.153605
vt 0.212598 0.106361
vt 0.228346 0.137857
vt 0.228346 0.137857
vt 0.244094 0.169353
vt 0.275591 0.153605
vt 0.267717 0.185101
vt 0.275591 0.153605
vt 0.244094 0.169353
vt 0.244094 0.169353
vt 0.228346 0.192975
vt 0.267717 0.185101
vt 0.251969 0.208723
vt 0.267717 0.185101
vt 0.228346 0.192975
vt 0.228346 0.192975
vt 0.220472 0.216597
vt 0.251969 0.208723
vt 0.141732 0.003999
vt 0.133858 0.027621
vt 0.173228 0.011873
vt 0.181102 0.051243
vt 0.173228 0.011873
vt 0.133858 0.027621
vt 0.133858 0.027621
vt 0.141732 0.051243
vt 0.181102 0.051243
vt 0.149606 0.074865
vt 0.181102 0.051243
vt 0.141732 0.051243
vt 0.141732 0.051243
vt 0.094488 0.090613
vt 0.149606 0.074865
vt 0.118110 0.129983
vt 0.149606 0.074865
vt 0.094488 0.090613
vt 0.094488 0.090613
vt 0.055118 0.137857
vt 0.118110 0.129983
vt 0.094488 0.177227
vt 0.118110 0.129983
vt 0.055118 0.137857
vt 0.055118 0.137857
vt 0.047244 0.161479
vt 0.094488 0.177227
vt 0.086614 0.263842
vt 0.094488 0.177227
vt 0.047244 0.161479
vt 0.047244 0.161479
vt 0.000000 0.208723
vt 0.086614 0.263842
vt 0.000000 0.240219
vt 0.086614 0.263842
vt 0.000000 0.208723
vt 0.000000 0.208723
vt 0.086614 0.263842
vt 0.000000 0.240219
vt 0.000000 0.303212
vt 0.000000 0.240219
vt 0.086614 0.263842
vt 0.086614 0.263842
vt 0.149606 0.342582
vt 0.000000 0.303212
vt 0.149606 0.381952
vt 0.000000 0.303212
vt 0.149606 0.342582
vt 0.149606 0.342582
vt 0.228346 0.429196
vt 0.149606 0.381952
vt 0.181102 0.405575
vt 0.149606 0.381952
vt 0.228346 0.429196
vt 0.228346 0.429196
vt 0.204724 0.460692
vt 0.181102 0.405575
vt 0.228346 0.429196
vt 0.181102 0.405575
vt 0.204724 0.460692
vt 0.204724 0.460692
vt 0.204724 0.523685
vt 0.228346 0.429196
vt 0.220472 0.555180
vt 0.228346 0.429196
vt 0.204724 0.523685
vt 0.141732 0.003999
vt 0.133858 0.027621
vt 0.173228 0.011873
vt 0.181102 0.051243
vt 0.173228 0.011873
vt 0.133858 0.027621
vt 0.133858 0.027621
vt 0.141732 0.051243
vt 0.181102 0.051243
vt 0.149606 0.074865
vt 0.181102 0.051243
vt 0.141732 0.051243
vt 0.141732 0.051243
vt 0.094488 0.090613
vt 0.149606 0.074865
vt 0.118110 0.129983
vt 0.149606 0.074865
vt 0.094488 0.090613
vt 0.094488 0.090613
vt 0.055118 0.137857
vt 0.118110 0.129983
vt 0.094488 0.177227
vt 0.118110 0.129983
vt 0.055118 0.137857
vt 0.055118 0.137857
vt 0.047244 0.161479
vt 0.094488 0.177227
vt 0.086614 0.263842
vt 0.094488 0.177227
vt 0.047244 0.161479
vt 0.047244 0.161479
vt 0.000000 0.208723
vt 0.086614 0.263842
vt 0.000000 0.240219
vt 0.086614 0.263842
vt 0.000000 0.208723
vt 0.000000 0.208723
vt 0.086614 0.263842
vt 0.000000 0.240219
vt 0.000000 0.303212
vt 0.000000 0.240219
vt 0.086614 0.263842
vt 0.086614 0.263842
vt 0.149606 0.342582
vt 0.000000 0.303212
vt 0.149606 0.381952
vt 0.000000 0.303212
vt 0.149606 0.342582
vt 0.149606 0.342582
vt 0.228346 0.429196
vt 0.149606 0.381952
vt 0.181102 0.405575
vt 0.149606 0.381952
vt 0.228346 0.429196
vt 0.228346 0.429196
vt 0.204724 0.460692
vt 0.181102 0.405575
vt 0.228346 0.429196
vt 0.181102 0.405575
vt 0.204724 0.460692
vt 0.204724 0.460692
vt 0.204724 0.523685
vt 0.228346 0.429196
vt 0.220472 0.555180
vt 0.228346 0.429196
vt 0.204724 0.523685
vt 0.669291 0.035495
vt 0.716535 0.665416
vt 0.732283 0.035495
vt 0.740157 0.271716
vt 0.732283 0.035495
vt 0.716535 0.665416
vt 0.716535 0.665416
vt 0.748031 0.626046
vt 0.740157 0.271716
vt 0.716535 0.665416
vt 0.740157 0.271716
vt 0.748031 0.626046
vt 0.748031 0.626046
vt 0.748031 0.665416
vt 0.716535 0.665416
vt 0.771654 0.720534
vt 0.716535 0.665416
vt 0.748031 0.665416
vt 0.748031 0.665416
vt 0.771654 0.681165
vt 0.771654 0.720534
vt 0.795276 0.665416
vt 0.771654 0.720534
vt 0.771654 0.681165
vt 0.771654 0.681165
vt 0.771654 0.720534
vt 0.795276 0.665416
vt 0.826772 0.665416
vt 0.795276 0.665416
vt 0.771654 0.720534
vt 0.771654 0.720534
vt 0.811024 0.736282
vt 0.826772 0.665416
vt 0.842520 0.752030
vt 0.826772 0.665416
vt 0.811024 0.736282
vt 0.811024 0.736282
vt 0.818898 0.767779
vt 0.842520 0.752030
vt 0.874016 0.791402
vt 0.842520 0.752030
vt 0.818898 0.767779
vt 0.818898 0.767779
vt 0.811024 0.799275
vt 0.874016 0.791402
vt 0.818898 0.854393
vt 0.874016 0.791402
vt 0.811024 0.799275
vt 0.811024 0.799275
vt 0.771654 0.815023
vt 0.818898 0.854393
vt 0.787402 0.878015
vt 0.818898 0.854393
vt 0.771654 0.815023
vt 0.771654 0.815023
vt 0.771654 0.878015
vt 0.787402 0.878015
vt 0.385827 0.988251
vt 0.354331 0.964629
vt 0.307087 0.996125
vt 0.338583 0.917385
vt 0.307087 0.996125
vt 0.354331 0.964629
vt 0.354331 0.964629
vt 0.307087 0.996125
vt 0.338583 0.917385
vt 0.307087 0.807149
vt 0.338583 0.917385
vt 0.307087 0.996125
vt 0.307087 0.996125
vt 0.251969 0.996125
vt 0.307087 0.807149
vt 0.251969 0.815023
vt 0.307087 0.807149
vt 0.251969 0.996125
vt 0.251969 0.996125
vt 0.188976 0.909511
vt 0.251969 0.815023
vt 0.204724 0.854393
vt 0.251969 0.815023
vt 0.188976 0.909511
vt 0.188976 0.909511
vt 0.188976 0.878015
vt 0.204724 0.854393
vt 0.188976 0.909511
vt 0.204724 0.854393
vt 0.188976 0.878015
vt 0.188976 0.878015
vt 0.173228 0.854393
vt 0.188976 0.909511
vt 0.133858 0.815023
vt 0.188976 0.909511
vt 0.173228 0.854393
vt 0.173228 0.854393
vt 0.165354 0.822897
vt 0.133858 0.815023
vt 0.173228 0.791402
vt 0.133858 0.815023
vt 0.165354 0.822897
vt 0.165354 0.822897
vt 0.133858 0.815023
vt 0.173228 0.791402
vt 0.188976 0.744156
vt 0.173228 0.791402
vt 0.133858 0.815023
vt 0.133858 0.815023
vt 0.078740 0.807149
vt 0.188976 0.744156
vt 0.527559 0.941007
vt 0.488189 0.909511
vt 0.496063 0.893763
vt 0.527559 0.941007
vt 0.496063 0.893763
vt 0.488189 0.909511
vt 0.488189 0.909511
vt 0.456693 0.909511
vt 0.527559 0.941007
vt 0.385827 0.901637
vt 0.527559 0.941007
vt 0.456693 0.909511
vt 0.456693 0.909511
vt 0.527559 0.941007
vt 0.385827 0.901637
vt 0.425197 0.956755
vt 0.385827 0.901637
vt 0.527559 0.941007
vt 0.527559 0.941007
vt 0.488189 0.980377
vt 0.425197 0.956755
vt 0.527559 0.941007
vt 0.425197 0.956755
vt 0.488189 0.980377
vt 0.488189 0.980377
vt 0.622047 0.948881
vt 0.527559 0.941007
vt 0.527559 0.878015
vt 0.527559 0.941007
vt 0.622047 0.948881
vt 0.622047 0.948881
vt 0.622047 0.909511
vt 0.527559 0.878015
vt 0.551181 0.783527
vt 0.527559 0.878015
vt 0.622047 0.909511
vt 0.622047 0.909511
vt 0.653543 0.862267
vt 0.551181 0.783527
vt 0.629921 0.799275
vt 0.551181 0.783527
vt 0.653543 0.862267
vt 0.653543 0.862267
vt 0.724409 0.854393
vt 0.629921 0.799275
vt 0.732283 0.799275
vt 0.629921 0.799275
vt 0.724409 0.854393
vt 0.724409 0.854393
vt 0.771654 0.815023
vt 0.732283 0.799275
vt 0.472441 0.326834
vt 0.535433 0.311086
vt 0.511811 0.326834
vt 0.472441 0.326834
vt 0.511811 0.326834
vt 0.535433 0.311086
vt 0.535433 0.311086
vt 0.472441 0.311086
vt 0.472441 0.326834
vt 0.535433 0.311086
vt 0.472441 0.326834
vt 0.472441 0.311086
vt 0.472441 0.311086
vt 0.472441 0.271716
vt 0.535433 0.311086
vt 0.527559 0.279590
vt 0.535433 0.311086
vt 0.472441 0.271716
vt 0.472441 0.271716
vt 0.535433 0.263842
vt 0.527559 0.279590
vt 0.472441 0.271716
vt 0.527559 0.279590
vt 0.535433 0.263842
vt 0.535433 0.263842
vt 0.535433 0.232345
vt 0.472441 0.271716
vt 0.472441 0.232345
vt 0.472441 0.271716
vt 0.535433 0.232345
vt 0.535433 0.232345
vt 0.472441 0.185101
vt 0.472441 0.232345
vt 0.535433 0.232345
vt 0.472441 0.232345
vt 0.472441 0.185101
vt 0.472441 0.185101
vt 0.519685 0.185101
vt 0.535433 0.232345
vt 0.535433 0.200849
vt 0.535433 0.232345
vt 0.519685 0.185101
vt 0.519685 0.185101
vt 0.535433 0.232345
vt 0.535433 0.200849
vt 0.220472 0.996125
vt 0.251969 0.996125
vt 0.188976 0.948881
vt 0.188976 0.909511
vt 0.188976 0.948881
vt 0.251969 0.996125
vt 0.251969 0.996125
vt 0.251969 0.815023
vt 0.188976 0.909511
vt 0.204724 0.854393
vt 0.188976 0.909511
vt 0.251969 0.815023
vt 0.251969 0.815023
vt 0.212598 0.822897
vt 0.204724 0.854393
vt 0.251969 0.815023
vt 0.204724 0.854393
vt 0.212598 0.822897
vt 0.212598 0.822897
vt 0.204724 0.791402
vt 0.251969 0.815023
vt 0.188976 0.744156
vt 0.251969 0.815023
vt 0.204724 0.791402
vt 0.204724 0.791402
vt 0.188976 0.775653
vt 0.188976 0.744156
vt 0.173228 0.791402
vt 0.188976 0.744156
vt 0.188976 0.775653
vt 0.188976 0.775653
vt 0.188976 0.744156
vt 0.173228 0.791402
vt 0.133858 0.815023
vt 0.173228 0.791402
vt 0.188976 0.744156
vt 0.188976 0.744156
vt 0.078740 0.807149
vt 0.133858 0.815023
vt 0.133858 0.996125
vt 0.133858 0.815023
vt 0.078740 0.807149
vt 0.078740 0.807149
vt 0.078740 0.996125
vt 0.133858 0.996125
vt 0.472441 0.326834
vt 0.535433 0.311086
vt 0.511811 0.326834
vt 0.472441 0.326834
vt 0.511811 0.326834
vt 0.535433 0.311086
vt 0.535433 0.311086
vt 0.472441 0.311086
vt 0.472441 0.326834
vt 0.535433 0.311086
vt 0.472441 0.326834
vt 0.472441 0.311086
vt 0.472441 0.311086
vt 0.472441 0.271716
vt 0.535433 0.311086
vt 0.527559 0.279590
vt 0.535433 0.311086
vt 0.472441 0.271716
vt 0.472441 0.271716
vt 0.535433 0.263842
vt 0.527559 0.279590
vt 0.472441 0.271716
vt 0.527559 0.279590
vt 0.535433 0.263842
vt 0.535433 0.263842
vt 0.535433 0.232345
vt 0.472441 0.271716
vt 0.472441 0.232345
vt 0.472441 0.271716
vt 0.535433 0.232345
vt 0.535433 0.232345
vt 0.472441 0.185101
vt 0.472441 0.232345
vt 0.535433 0.232345
vt 0.472441 0.232345
vt 0.472441 0.185101
vt 0.472441 0.185101
vt 0.519685 0.185101
vt 0.535433 0.232345
vt 0.535433 0.200849
vt 0.535433 0.232345
vt 0.519685 0.185101
vt 0.519685 0.185101
vt 0.535433 0.232345
vt 0.535433 0.200849
vt 0.669291 0.752030
vt 0.653543 0.649668
vt 0.629921 0.704786
vt 0.559055 0.657542
vt 0.629921 0.704786
vt 0.653543 0.649668
vt 0.653543 0.649668
vt 0.614173 0.610299
vt 0.559055 0.657542
vt 0.653543 0.649668
vt 0.559055 0.657542
vt 0.614173 0.610299
vt 0.614173 0.610299
vt 0.622047 0.539432
vt 0.653543 0.649668
vt 0.614173 0.484315
vt 0.653543 0.649668
vt 0.622047 0.539432
vt 0.622047 0.539432
vt 0.653543 0.649668
vt 0.614173 0.484315
vt 0.629921 0.413448
vt 0.614173 0.484315
vt 0.653543 0.649668
vt 0.653543 0.649668
vt 0.629921 0.303212
vt 0.629921 0.413448
vt 0.653543 0.649668
vt 0.629921 0.413448
vt 0.629921 0.303212
vt 0.629921 0.303212
vt 0.669291 0.035495
vt 0.653543 0.649668
vt 0.716535 0.665416
vt 0.653543 0.649668
vt 0.669291 0.035495
vt 0.669291 0.035495
vt 0.732283 0.035495
vt 0.716535 0.665416
vt 0.740157 0.271716
vt 0.716535 0.665416
vt 0.732283 0.035495
vt 0.732283 0.035495
vt 0.748031 0.208723
vt 0.740157 0.271716
vt 0.275591 0.602425
vt 0.251969 0.547306
vt 0.220472 0.555180
vt 0.228346 0.429196
vt 0.220472 0.555180
vt 0.251969 0.547306
vt 0.251969 0.547306
vt 0.259843 0.492188
vt 0.228346 0.429196
vt 0.251969 0.429196
vt 0.228346 0.429196
vt 0.259843 0.492188
vt 0.259843 0.492188
vt 0.228346 0.429196
vt 0.251969 0.429196
vt 0.228346 0.366205
vt 0.251969 0.429196
vt 0.228346 0.429196
vt 0.228346 0.429196
vt 0.181102 0.326834
vt 0.228346 0.366205
vt 0.228346 0.429196
vt 0.228346 0.366205
vt 0.181102 0.326834
vt 0.181102 0.326834
vt 0.149606 0.342582
vt 0.228346 0.429196
vt 0.149606 0.381952
vt 0.228346 0.429196
vt 0.149606 0.342582
vt 0.149606 0.342582
vt 0.000000 0.303212
vt 0.149606 0.381952
vt 0.275591 0.602425
vt 0.251969 0.547306
vt 0.220472 0.555180
vt 0.228346 0.429196
vt 0.220472 0.555180
vt 0.251969 0.547306
vt 0.251969 0.547306
vt 0.259843 0.492188
vt 0.228346 0.429196
vt 0.251969 0.429196
vt 0.228346 0.429196
vt 0.259843 0.492188
vt 0.259843 0.492188
vt 0.228346 0.429196
vt 0.251969 0.429196
vt 0.228346 0.366205
vt 0.251969 0.429196
vt 0.228346 0.429196
vt 0.228346 0.429196
vt 0.181102 0.326834
vt 0.228346 0.366205
vt 0.228346 0.429196
vt 0.228346 0.366205
vt 0.181102 0.326834
vt 0.181102 0.326834
vt 0.149606 0.342582
vt 0.228346 0.429196
vt 0.149606 0.381952
vt 0.228346 0.429196
vt 0.149606 0.342582
vt 0.149606 0.342582
vt 0.000000 0.303212
vt 0.149606 0.381952
vt 0.440945 0.082739
vt 0.464567 0.059117
vt 0.488189 0.051243
vt 0.440945 0.082739
vt 0.488189 0.051243
vt 0.464567 0.059117
vt 0.464567 0.059117
vt 0.440945 0.051243
vt 0.440945 0.082739
vt 0.464567 0.059117
vt 0.440945 0.082739
vt 0.440945 0.051243
vt 0.440945 0.051243
vt 0.464567 0.035495
vt 0.464567 0.059117
vt 0.440945 0.051243
vt 0.464567 0.059117
vt 0.464567 0.035495
vt 0.464567 0.035495
vt 0.440945 0.019747
vt 0.440945 0.051243
vt 0.464567 0.035495
vt 0.440945 0.051243
vt 0.440945 0.019747
vt 0.440945 0.019747
vt 0.464567 0.003999
vt 0.464567 0.035495
vt 0.440945 0.019747
vt 0.464567 0.035495
vt 0.464567 0.003999
vt 0.464567 0.003999
vt 0.425197 0.003999
vt 0.440945 0.019747
vt 0.763780 0.878015
vt 0.771654 0.901637
vt 0.763780 0.878015
vt 0.787402 0.878015
vt 0.763780 0.878015
vt 0.771654 0.901637
vt 0.771654 0.901637
vt 0.787402 0.901637
vt 0.787402 0.878015
vt 0.818898 0.854393
vt 0.787402 0.878015
vt 0.787402 0.901637
vt 0.787402 0.901637
vt 0.811024 0.901637
vt 0.818898 0.854393
vt 0.874016 0.870142
vt 0.818898 0.854393
vt 0.811024 0.901637
vt 0.811024 0.901637
vt 0.858268 0.901637
vt 0.874016 0.870142
vt 0.889764 0.893763
vt 0.874016 0.870142
vt 0.858268 0.901637
vt 0.858268 0.901637
vt 0.874016 0.925259
vt 0.889764 0.893763
vt 0.913386 0.917385
vt 0.889764 0.893763
vt 0.874016 0.925259
vt 0.440945 0.082739
vt 0.464567 0.059117
vt 0.488189 0.051243
vt 0.440945 0.082739
vt 0.488189 0.051243
vt 0.464567 0.059117
vt 0.464567 0.059117
vt 0.440945 0.051243
vt 0.440945 0.082739
vt 0.464567 0.059117
vt 0.440945 0.082739
vt 0.440945 0.051243
vt 0.440945 0.051243
vt 0.464567 0.035495
vt 0.464567 0.059117
vt 0.440945 0.051243
vt 0.464567 0.059117
vt 0.464567 0.035495
vt 0.464567 0.035495
vt 0.440945 0.019747
vt 0.440945 0.051243
vt 0.464567 0.035495
vt 0.440945 0.051243
vt 0.440945 0.019747
vt 0.440945 0.019747
vt 0.464567 0.003999
vt 0.464567 0.035495
vt 0.440945 0.019747
vt 0.464567 0.035495
vt 0.464567 0.003999
vt 0.771654 0.878015
vt 0.771654 0.815023
vt 0.787402 0.878015
vt 0.818898 0.854393
vt 0.787402 0.878015
vt 0.771654 0.815023
vt 0.771654 0.815023
vt 0.811024 0.799275
vt 0.818898 0.854393
vt 0.874016 0.791402
vt 0.818898 0.854393
vt 0.811024 0.799275
vt 0.811024 0.799275
vt 0.818898 0.767779
vt 0.874016 0.791402
vt 0.842520 0.752030
vt 0.874016 0.791402
vt 0.818898 0.767779
vt 0.818898 0.767779
vt 0.811024 0.736282
vt 0.842520 0.752030
vt 0.826772 0.665416
vt 0.842520 0.752030
vt 0.811024 0.736282
vt 0.811024 0.736282
vt 0.771654 0.720534
vt 0.826772 0.665416
vt 0.795276 0.665416
vt 0.826772 0.665416
vt 0.771654 0.720534
vt 0.874016 0.870142
vt 0.937008 0.862267
vt 0.889764 0.893763
vt 0.913386 0.917385
vt 0.889764 0.893763
vt 0.937008 0.862267
vt 0.937008 0.862267
vt 0.960630 0.885889
vt 0.913386 0.917385
vt 0.937008 0.862267
vt 0.913386 0.917385
vt 0.960630 0.885889
vt 0.960630 0.885889
vt 0.992126 0.822897
vt 0.937008 0.862267
vt 0.960630 0.791402
vt 0.937008 0.862267
vt 0.992126 0.822897
vt 0.992126 0.822897
vt 0.960630 0.704786
vt 0.960630 0.791402
vt 0.929134 0.759905
vt 0.960630 0.791402
vt 0.960630 0.704786
vt 0.960630 0.704786
vt 0.913386 0.744156
vt 0.929134 0.759905
vt 0.960630 0.704786
vt 0.929134 0.759905
vt 0.913386 0.744156
vt 0.220472 0.216597
vt 0.228346 0.192975
vt 0.251969 0.208723
vt 0.267717 0.185101
vt 0.251969 0.208723
vt 0.228346 0.192975
vt 0.228346 0.192975
vt 0.244094 0.169353
vt 0.267717 0.185101
vt 0.275591 0.153605
vt 0.267717 0.185101
vt 0.244094 0.169353
vt 0.244094 0.169353
vt 0.228346 0.137857
vt 0.275591 0.153605
vt 0.212598 0.106361
vt 0.275591 0.153605
vt 0.228346 0.137857
vt 0.228346 0.137857
vt 0.188976 0.129983
vt 0.212598 0.106361
vt 0.118110 0.129983
vt 0.212598 0.106361
vt 0.188976 0.129983
vt 0.188976 0.129983
vt 0.149606 0.161479
vt 0.118110 0.129983
vt 0.055118 0.137857
vt 0.000000 0.106361
vt 0.062992 0.106361
vt 0.062992 0.059117
vt 0.062992 0.106361
vt 0.000000 0.106361
vt 0.000000 0.106361
vt 0.000000 0.059117
vt 0.062992 0.059117
vt 0.055118 0.027621
vt 0.062992 0.059117
vt 0.000000 0.059117
vt 0.000000 0.059117
vt 0.000000 0.027621
vt 0.055118 0.027621
vt 0.000000 0.003999
vt 0.055118 0.027621
vt 0.000000 0.027621
vt 0.000000 0.027621
vt 0.055118 0.027621
vt 0.000000 0.003999
vt 0.078740 0.003999
vt 0.000000 0.003999
vt 0.055118 0.027621
vt 0.055118 0.027621
vt 0.000000 0.003999
vt 0.078740 0.003999
vt 0.055118 0.137857
vt 0.000000 0.106361
vt 0.062992 0.106361
vt 0.062992 0.059117
vt 0.062992 0.106361
vt 0.000000 0.106361
vt 0.000000 0.106361
vt 0.000000 0.059117
vt 0.062992 0.059117
vt 0.055118 0.027621
vt 0.062992 0.059117
vt 0.000000 0.059117
vt 0.000000 0.059117
vt 0.000000 0.027621
vt 0.055118 0.027621
vt 0.000000 0.003999
vt 0.055118 0.027621
vt 0.000000 0.027621
vt 0.000000 0.027621
vt 0.055118 0.027621
vt 0.000000 0.003999
vt 0.078740 0.003999
vt 0.000000 0.003999
vt 0.055118 0.027621
vt 0.055118 0.027621
vt 0.000000 0.003999
vt 0.078740 0.003999
vt 0.385827 0.728408
vt 0.354331 0.673290
vt 0.307087 0.689039
vt 0.385827 0.728408
vt 0.307087 0.689039
vt 0.354331 0.673290
vt 0.354331 0.673290
vt 0.393701 0.689039
vt 0.385827 0.728408
vt 0.425197 0.720534
vt 0.385827 0.728408
vt 0.393701 0.689039
vt 0.393701 0.689039
vt 0.385827 0.728408
vt 0.425197 0.720534
vt 0.440945 0.759905
vt 0.425197 0.720534
vt 0.385827 0.728408
vt 0.385827 0.728408
vt 0.417323 0.807149
vt 0.440945 0.759905
vt 0.551181 0.783527
vt 0.440945 0.759905
vt 0.417323 0.807149
vt 0.417323 0.807149
vt 0.527559 0.878015
vt 0.551181 0.783527
vt 0.220472 0.216597
vt 0.228346 0.192975
vt 0.251969 0.208723
vt 0.267717 0.185101
vt 0.251969 0.208723
vt 0.228346 0.192975
vt 0.228346 0.192975
vt 0.244094 0.169353
vt 0.267717 0.185101
vt 0.275591 0.153605
vt 0.267717 0.185101
vt 0.244094 0.169353
vt 0.244094 0.169353
vt 0.228346 0.137857
vt 0.275591 0.153605
vt 0.212598 0.106361
vt 0.275591 0.153605
vt 0.228346 0.137857
vt 0.228346 0.137857
vt 0.188976 0.129983
vt 0.212598 0.106361
vt 0.118110 0.129983
vt 0.212598 0.106361
vt 0.188976 0.129983
vt 0.188976 0.129983
vt 0.149606 0.161479
vt 0.118110 0.129983
vt 0.771654 0.720534
vt 0.732283 0.736282
vt 0.716535 0.665416
vt 0.669291 0.752030
vt 0.716535 0.665416
vt 0.732283 0.736282
vt 0.732283 0.736282
vt 0.724409 0.767779
vt 0.669291 0.752030
vt 0.629921 0.799275
vt 0.669291 0.752030
vt 0.724409 0.767779
vt 0.724409 0.767779
vt 0.732283 0.799275
vt 0.629921 0.799275
vt 0.724409 0.854393
vt 0.629921 0.799275
vt 0.732283 0.799275
vt 0.732283 0.799275
vt 0.771654 0.815023
vt 0.724409 0.854393
vt 0.763780 0.878015
vt 0.724409 0.854393
vt 0.771654 0.815023
vt 0.771654 0.815023
vt 0.771654 0.878015
vt 0.763780 0.878015
vt 0.188976 0.878015
vt 0.188976 0.909511
vt 0.173228 0.854393
vt 0.133858 0.815023
vt 0.173228 0.854393
vt 0.188976 0.909511
vt 0.188976 0.909511
vt 0.133858 0.996125
vt 0.133858 0.815023
vt 0.078740 0.807149
vt 0.133858 0.815023
vt 0.133858 0.996125
vt 0.133858 0.996125
vt 0.078740 0.996125
vt 0.078740 0.807149
vt 0.047244 0.917385
vt 0.078740 0.807149
vt 0.078740 0.996125
vt 0.078740 0.996125
vt 0.039370 0.964629
vt 0.047244 0.917385
vt 0.078740 0.996125
vt 0.047244 0.917385
vt 0.039370 0.964629
vt 0.039370 0.964629
vt 0.000000 0.988251
vt 0.078740 0.996125
vt 0.330709 0.602425
vt 0.346457 0.547306
vt 0.322835 0.547306
vt 0.299213 0.515810
vt 0.322835 0.547306
vt 0.346457 0.547306
vt 0.346457 0.547306
vt 0.346457 0.507936
vt 0.299213 0.515810
vt 0.267717 0.468566
vt 0.299213 0.515810
vt 0.346457 0.507936
vt 0.346457 0.507936
vt 0.362205 0.500062
vt 0.267717 0.468566
vt 0.377953 0.484315
vt 0.267717 0.468566
vt 0.362205 0.500062
vt 0.362205 0.500062
vt 0.393701 0.523685
vt 0.377953 0.484315
vt 0.425197 0.531559
vt 0.377953 0.484315
vt 0.393701 0.523685
vt 0.330709 0.602425
vt 0.346457 0.547306
vt 0.322835 0.547306
vt 0.299213 0.515810
vt 0.322835 0.547306
vt 0.346457 0.547306
vt 0.346457 0.547306
vt 0.346457 0.507936
vt 0.299213 0.515810
vt 0.267717 0.468566
vt 0.299213 0.515810
vt 0.346457 0.507936
vt 0.346457 0.507936
vt 0.362205 0.500062
vt 0.267717 0.468566
vt 0.377953 0.484315
vt 0.267717 0.468566
vt 0.362205 0.500062
vt 0.362205 0.500062
vt 0.393701 0.523685
vt 0.377953 0.484315
vt 0.425197 0.531559
vt 0.377953 0.484315
vt 0.393701 0.523685
vt 0.401575 0.263842
vt 0.377953 0.216597
vt 0.377953 0.263842
vt 0.330709 0.185101
vt 0.377953 0.263842
vt 0.377953 0.216597
vt 0.377953 0.216597
vt 0.377953 0.161479
vt 0.330709 0.185101
vt 0.346457 0.090613
vt 0.330709 0.185101
vt 0.377953 0.161479
vt 0.377953 0.161479
vt 0.385827 0.145731
vt 0.346457 0.090613
vt 0.417323 0.098487
vt 0.346457 0.090613
vt 0.385827 0.145731
vt 0.385827 0.145731
vt 0.425197 0.145731
vt 0.417323 0.098487
vt 0.472441 0.122109
vt 0.417323 0.098487
vt 0.425197 0.145731
vt 0.299213 0.610299
vt 0.047244 0.641794
vt 0.047244 0.610299
vt 0.023622 0.641794
vt 0.047244 0.610299
vt 0.047244 0.641794
vt 0.047244 0.641794
vt 0.047244 0.681165
vt 0.023622 0.641794
vt 0.023622 0.681165
vt 0.023622 0.641794
vt 0.047244 0.681165
vt 0.047244 0.681165
vt 0.023622 0.704786
vt 0.023622 0.681165
vt 0.007874 0.704786
vt 0.023622 0.681165
vt 0.023622 0.704786
vt 0.023622 0.704786
vt 0.023622 0.744156
vt 0.007874 0.704786
vt 0.007874 0.752030
vt 0.007874 0.704786
vt 0.023622 0.744156
vt 0.622047 0.767779
vt 0.574803 0.752030
vt 0.629921 0.799275
vt 0.551181 0.783527
vt 0.629921 0.799275
vt 0.574803 0.752030
vt 0.574803 0.752030
vt 0.535433 0.665416
vt 0.551181 0.783527
vt 0.496063 0.657542
vt 0.551181 0.783527
vt 0.535433 0.665416
vt 0.535433 0.665416
vt 0.535433 0.539432
vt 0.496063 0.657542
vt 0.519685 0.531559
vt 0.496063 0.657542
vt 0.535433 0.539432
vt 0.535433 0.539432
vt 0.559055 0.507936
vt 0.519685 0.531559
vt 0.551181 0.421322
vt 0.519685 0.531559
vt 0.559055 0.507936
vt 0.472441 0.122109
vt 0.417323 0.098487
vt 0.425197 0.145731
vt 0.385827 0.145731
vt 0.425197 0.145731
vt 0.417323 0.098487
vt 0.417323 0.098487
vt 0.346457 0.090613
vt 0.385827 0.145731
vt 0.377953 0.161479
vt 0.385827 0.145731
vt 0.346457 0.090613
vt 0.346457 0.090613
vt 0.330709 0.185101
vt 0.377953 0.161479
vt 0.377953 0.216597
vt 0.377953 0.161479
vt 0.330709 0.185101
vt 0.330709 0.185101
vt 0.377953 0.263842
vt 0.377953 0.216597
vt 0.401575 0.263842
vt 0.377953 0.216597
vt 0.377953 0.263842
vt 0.094488 0.389826
vt 0.094488 0.429196
vt 0.157480 0.421322
vt 0.141732 0.476440
vt 0.157480 0.421322
vt 0.094488 0.429196
vt 0.094488 0.429196
vt 0.094488 0.476440
vt 0.141732 0.476440
vt 0.094488 0.523685
vt 0.141732 0.476440
vt 0.094488 0.476440
vt 0.094488 0.476440
vt 0.047244 0.476440
vt 0.094488 0.523685
vt 0.031496 0.531559
vt 0.094488 0.523685
vt 0.047244 0.476440
vt 0.047244 0.476440
vt 0.007874 0.476440
vt 0.031496 0.531559
vt 0.866142 0.035495
vt 0.929134 0.059117
vt 0.960630 0.035495
vt 0.866142 0.035495
vt 0.960630 0.035495
vt 0.929134 0.059117
vt 0.929134 0.059117
vt 0.905512 0.098487
vt 0.866142 0.035495
vt 0.905512 0.200849
vt 0.866142 0.035495
vt 0.905512 0.098487
vt 0.905512 0.098487
vt 0.866142 0.035495
vt 0.905512 0.200849
vt 0.897638 0.303212
vt 0.905512 0.200849
vt 0.866142 0.035495
vt 0.866142 0.035495
vt 0.889764 0.649668
vt 0.897638 0.303212
vt 0.393701 0.523685
vt 0.362205 0.500062
vt 0.377953 0.484315
vt 0.267717 0.468566
vt 0.377953 0.484315
vt 0.362205 0.500062
vt 0.362205 0.500062
vt 0.346457 0.507936
vt 0.267717 0.468566
vt 0.299213 0.515810
vt 0.267717 0.468566
vt 0.346457 0.507936
vt 0.346457 0.507936
vt 0.346457 0.547306
vt 0.299213 0.515810
vt 0.322835 0.547306
vt 0.299213 0.515810
vt 0.346457 0.547306
vt 0.346457 0.547306
vt 0.330709 0.602425
vt 0.322835 0.547306
vt 0.377953 0.263842
vt 0.330709 0.185101
vt 0.377953 0.216597
vt 0.377953 0.161479
vt 0.377953 0.216597
vt 0.330709 0.185101
vt 0.330709 0.185101
vt 0.346457 0.090613
vt 0.377953 0.161479
vt 0.385827 0.145731
vt 0.377953 0.161479
vt 0.346457 0.090613
vt 0.346457 0.090613
vt 0.417323 0.098487
vt 0.385827 0.145731
vt 0.425197 0.145731
vt 0.385827 0.145731
vt 0.417323 0.098487
vt 0.417323 0.098487
vt 0.472441 0.122109
vt 0.425197 0.145731
vt 0.181102 0.326834
vt 0.086614 0.263842
vt 0.181102 0.303212
vt 0.173228 0.287464
vt 0.181102 0.303212
vt 0.086614 0.263842
vt 0.086614 0.263842
vt 0.204724 0.255968
vt 0.173228 0.287464
vt 0.188976 0.295338
vt 0.173228 0.287464
vt 0.204724 0.255968
vt 0.204724 0.255968
vt 0.236220 0.263842
vt 0.188976 0.295338
vt 0.244094 0.287464
vt 0.188976 0.295338
vt 0.236220 0.263842
vt 0.236220 0.263842
vt 0.283465 0.263842
vt 0.244094 0.287464
vt 0.448819 0.279590
vt 0.401575 0.263842
vt 0.448819 0.279590
vt 0.377953 0.216597
vt 0.448819 0.279590
vt 0.401575 0.263842
vt 0.401575 0.263842
vt 0.377953 0.263842
vt 0.377953 0.216597
vt 0.330709 0.185101
vt 0.377953 0.216597
vt 0.377953 0.263842
vt 0.377953 0.263842
vt 0.370079 0.287464
vt 0.330709 0.185101
vt 0.330709 0.263842
vt 0.330709 0.185101
vt 0.370079 0.287464
vt 0.370079 0.287464
vt 0.314961 0.334708
vt 0.330709 0.263842
vt 0.181102 0.326834
vt 0.086614 0.263842
vt 0.181102 0.303212
vt 0.173228 0.287464
vt 0.181102 0.303212
vt 0.086614 0.263842
vt 0.086614 0.263842
vt 0.204724 0.255968
vt 0.173228 0.287464
vt 0.188976 0.295338
vt 0.173228 0.287464
vt 0.204724 0.255968
vt 0.204724 0.255968
vt 0.236220 0.263842
vt 0.188976 0.295338
vt 0.244094 0.287464
vt 0.188976 0.295338
vt 0.236220 0.263842
vt 0.236220 0.263842
vt 0.275591 0.263842
vt 0.244094 0.287464
vt 0.874016 0.870142
vt 0.937008 0.862267
vt 0.874016 0.791402
vt 0.921260 0.799275
vt 0.874016 0.791402
vt 0.937008 0.862267
vt 0.937008 0.862267
vt 0.960630 0.791402
vt 0.921260 0.799275
vt 0.921260 0.783527
vt 0.921260 0.799275
vt 0.960630 0.791402
vt 0.960630 0.791402
vt 0.929134 0.759905
vt 0.921260 0.783527
vt 0.960630 0.791402
vt 0.921260 0.783527
vt 0.929134 0.759905
vt 0.929134 0.759905
vt 0.960630 0.704786
vt 0.960630 0.791402
vt 0.023622 0.744156
vt 0.023622 0.704786
vt 0.047244 0.736282
vt 0.047244 0.704786
vt 0.047244 0.736282
vt 0.023622 0.704786
vt 0.023622 0.704786
vt 0.047244 0.681165
vt 0.047244 0.704786
vt 0.299213 0.681165
vt 0.047244 0.704786
vt 0.047244 0.681165
vt 0.047244 0.681165
vt 0.047244 0.641794
vt 0.299213 0.681165
vt 0.299213 0.641794
vt 0.299213 0.681165
vt 0.047244 0.641794
vt 0.047244 0.641794
vt 0.299213 0.610299
vt 0.299213 0.641794
vt 0.322835 0.547306
vt 0.299213 0.515810
vt 0.346457 0.547306
vt 0.346457 0.507936
vt 0.346457 0.547306
vt 0.299213 0.515810
vt 0.299213 0.515810
vt 0.267717 0.468566
vt 0.346457 0.507936
vt 0.362205 0.500062
vt 0.346457 0.507936
vt 0.267717 0.468566
vt 0.267717 0.468566
vt 0.377953 0.484315
vt 0.362205 0.500062
vt 0.393701 0.523685
vt 0.362205 0.500062
vt 0.377953 0.484315
vt 0.377953 0.484315
vt 0.425197 0.531559
vt 0.393701 0.523685
vt 0.653543 0.649668
vt 0.669291 0.035495
vt 0.629921 0.303212
vt 0.629921 0.200849
vt 0.629921 0.303212
vt 0.669291 0.035495
vt 0.669291 0.035495
vt 0.622047 0.098487
vt 0.629921 0.200849
vt 0.669291 0.035495
vt 0.629921 0.200849
vt 0.622047 0.098487
vt 0.622047 0.098487
vt 0.598425 0.059117
vt 0.669291 0.035495
vt 0.574803 0.035495
vt 0.669291 0.035495
vt 0.598425 0.059117
vt 0.598425 0.059117
vt 0.669291 0.035495
vt 0.574803 0.035495
vt 0.480315 0.696912
vt 0.496063 0.744156
vt 0.472441 0.728408
vt 0.440945 0.759905
vt 0.472441 0.728408
vt 0.496063 0.744156
vt 0.496063 0.744156
vt 0.551181 0.783527
vt 0.440945 0.759905
vt 0.417323 0.807149
vt 0.440945 0.759905
vt 0.551181 0.783527
vt 0.551181 0.783527
vt 0.527559 0.878015
vt 0.417323 0.807149
vt 0.433071 0.854393
vt 0.417323 0.807149
vt 0.527559 0.878015
vt 0.527559 0.878015
vt 0.488189 0.885889
vt 0.433071 0.854393
vt 0.811024 0.035495
vt 0.779528 0.208723
vt 0.771654 0.035495
vt 0.811024 0.035495
vt 0.771654 0.035495
vt 0.779528 0.208723
vt 0.779528 0.208723
vt 0.787402 0.271716
vt 0.811024 0.035495
vt 0.826772 0.665416
vt 0.811024 0.035495
vt 0.787402 0.271716
vt 0.787402 0.271716
vt 0.795276 0.626046
vt 0.826772 0.665416
vt 0.795276 0.665416
vt 0.826772 0.665416
vt 0.795276 0.626046
vt 0.795276 0.626046
vt 0.826772 0.665416
vt 0.795276 0.665416
vt 0.094488 0.563054
vt 0.094488 0.523685
vt 0.157480 0.531559
vt 0.141732 0.476440
vt 0.157480 0.531559
vt 0.094488 0.523685
vt 0.094488 0.523685
vt 0.094488 0.476440
vt 0.141732 0.476440
vt 0.094488 0.429196
vt 0.141732 0.476440
vt 0.094488 0.476440
vt 0.094488 0.476440
vt 0.047244 0.476440
vt 0.094488 0.429196
vt 0.031496 0.421322
vt 0.094488 0.429196
vt 0.047244 0.476440
vt 0.047244 0.476440
vt 0.007874 0.476440
vt 0.031496 0.421322
vt 0.267717 0.468566
vt 0.362205 0.452818
vt 0.259843 0.397700
vt 0.299213 0.358330
vt 0.259843 0.397700
vt 0.362205 0.452818
vt 0.362205 0.452818
vt 0.377953 0.437070
vt 0.299213 0.358330
vt 0.314961 0.334708
vt 0.299213 0.358330
vt 0.377953 0.437070
vt 0.377953 0.437070
vt 0.385827 0.381952
vt 0.314961 0.334708
vt 0.370079 0.287464
vt 0.314961 0.334708
vt 0.385827 0.381952
vt 0.267717 0.468566
vt 0.362205 0.452818
vt 0.259843 0.397700
vt 0.299213 0.358330
vt 0.259843 0.397700
vt 0.362205 0.452818
vt 0.362205 0.452818
vt 0.377953 0.437070
vt 0.299213 0.358330
vt 0.314961 0.334708
vt 0.299213 0.358330
vt 0.377953 0.437070
vt 0.377953 0.437070
vt 0.385827 0.381952
vt 0.314961 0.334708
vt 0.370079 0.287464
vt 0.314961 0.334708
vt 0.385827 0.381952
vt 0.503937 0.413448
vt 0.440945 0.531559
vt 0.551181 0.421322
vt 0.519685 0.531559
vt 0.551181 0.421322
vt 0.440945 0.531559
vt 0.440945 0.531559
vt 0.417323 0.610299
vt 0.519685 0.531559
vt 0.496063 0.657542
vt 0.519685 0.531559
vt 0.417323 0.610299
vt 0.417323 0.610299
vt 0.417323 0.665416
vt 0.496063 0.657542
vt 0.094488 0.090613
vt 0.141732 0.051243
vt 0.149606 0.074865
vt 0.181102 0.051243
vt 0.149606 0.074865
vt 0.141732 0.051243
vt 0.141732 0.051243
vt 0.133858 0.027621
vt 0.181102 0.051243
vt 0.173228 0.011873
vt 0.181102 0.051243
vt 0.133858 0.027621
vt 0.133858 0.027621
vt 0.141732 0.003999
vt 0.173228 0.011873
vt 0.307087 0.996125
vt 0.307087 0.807149
vt 0.251969 0.996125
vt 0.251969 0.815023
vt 0.251969 0.996125
vt 0.307087 0.807149
vt 0.307087 0.807149
vt 0.188976 0.744156
vt 0.251969 0.815023
vt 0.204724 0.791402
vt 0.251969 0.815023
vt 0.188976 0.744156
vt 0.188976 0.744156
vt 0.188976 0.775653
vt 0.204724 0.791402
vt 0.763780 0.878015
vt 0.724409 0.854393
vt 0.755906 0.909511
vt 0.724409 0.893763
vt 0.755906 0.909511
vt 0.724409 0.854393
vt 0.724409 0.854393
vt 0.653543 0.862267
vt 0.724409 0.893763
vt 0.677165 0.901637
vt 0.724409 0.893763
vt 0.653543 0.862267
vt 0.653543 0.862267
vt 0.653543 0.933133
vt 0.677165 0.901637
vt 0.055118 0.137857
vt 0.000000 0.122109
vt 0.047244 0.161479
vt 0.000000 0.161479
vt 0.047244 0.161479
vt 0.000000 0.122109
vt 0.000000 0.122109
vt 0.047244 0.161479
vt 0.000000 0.161479
vt 0.000000 0.208723
vt 0.000000 0.161479
vt 0.047244 0.161479
vt 0.047244 0.161479
vt 0.086614 0.263842
vt 0.000000 0.208723
vt 0.047244 0.610299
vt 0.023622 0.641794
vt 0.023622 0.610299
vt 0.007874 0.641794
vt 0.023622 0.610299
vt 0.023622 0.641794
vt 0.023622 0.641794
vt 0.023622 0.681165
vt 0.007874 0.641794
vt 0.007874 0.681165
vt 0.007874 0.641794
vt 0.023622 0.681165
vt 0.023622 0.681165
vt 0.007874 0.704786
vt 0.007874 0.681165
vt 0.000000 0.106361
vt 0.062992 0.059117
vt 0.000000 0.059117
vt 0.055118 0.027621
vt 0.000000 0.059117
vt 0.062992 0.059117
vt 0.062992 0.059117
vt 0.078740 0.035495
vt 0.055118 0.027621
vt 0.078740 0.027621
vt 0.055118 0.027621
vt 0.078740 0.035495
vt 0.078740 0.035495
vt 0.094488 0.035495
vt 0.078740 0.027621
vt 0.330709 0.185101
vt 0.370079 0.287464
vt 0.330709 0.263842
vt 0.314961 0.334708
vt 0.330709 0.263842
vt 0.370079 0.287464
vt 0.370079 0.287464
vt 0.385827 0.381952
vt 0.314961 0.334708
vt 0.377953 0.437070
vt 0.314961 0.334708
vt 0.385827 0.381952
vt 0.385827 0.381952
vt 0.417323 0.437070
vt 0.377953 0.437070
vt 0.330709 0.185101
vt 0.346457 0.090613
vt 0.377953 0.161479
vt 0.385827 0.145731
vt 0.377953 0.161479
vt 0.346457 0.090613
vt 0.346457 0.090613
vt 0.417323 0.098487
vt 0.385827 0.145731
vt 0.425197 0.145731
vt 0.385827 0.145731
vt 0.417323 0.098487
vt 0.417323 0.098487
vt 0.472441 0.122109
vt 0.425197 0.145731
vt 0.385827 0.381952
vt 0.377953 0.437070
vt 0.314961 0.334708
vt 0.299213 0.358330
vt 0.314961 0.334708
vt 0.377953 0.437070
vt 0.377953 0.437070
vt 0.362205 0.452818
vt 0.299213 0.358330
vt 0.259843 0.397700
vt 0.299213 0.358330
vt 0.362205 0.452818
vt 0.362205 0.452818
vt 0.267717 0.468566
vt 0.259843 0.397700
vt 0.173228 0.011873
vt 0.133858 0.027621
vt 0.141732 0.003999
vt 0.118110 0.003999
vt 0.141732 0.003999
vt 0.133858 0.027621
vt 0.133858 0.027621
vt 0.110236 0.027621
vt 0.118110 0.003999
vt 0.102362 0.019747
vt 0.118110 0.003999
vt 0.110236 0.027621
vt 0.110236 0.027621
vt 0.102362 0.043369
vt 0.102362 0.019747
vt 0.086614 0.263842
vt 0.000000 0.208723
vt 0.047244 0.161479
vt 0.000000 0.161479
vt 0.047244 0.161479
vt 0.000000 0.208723
vt 0.000000 0.208723
vt 0.047244 0.161479
vt 0.000000 0.161479
vt 0.000000 0.122109
vt 0.000000 0.161479
vt 0.047244 0.161479
vt 0.047244 0.161479
vt 0.055118 0.137857
vt 0.000000 0.122109
vt 0.000000 0.106361
vt 0.062992 0.059117
vt 0.000000 0.059117
vt 0.055118 0.027621
vt 0.000000 0.059117
vt 0.062992 0.059117
vt 0.062992 0.059117
vt 0.078740 0.035495
vt 0.055118 0.027621
vt 0.078740 0.027621
vt 0.055118 0.027621
vt 0.078740 0.035495
vt 0.078740 0.035495
vt 0.094488 0.035495
vt 0.078740 0.027621
vt 0.157480 0.421322
vt 0.141732 0.476440
vt 0.181102 0.476440
vt 0.157480 0.531559
vt 0.181102 0.476440
vt 0.141732 0.476440
vt 0.141732 0.476440
vt 0.094488 0.523685
vt 0.157480 0.531559
vt 0.094488 0.563054
vt 0.157480 0.531559
vt 0.094488 0.523685
vt 0.094488 0.523685
vt 0.031496 0.531559
vt 0.094488 0.563054
vt 0.173228 0.011873
vt 0.181102 0.051243
vt 0.133858 0.027621
vt 0.141732 0.051243
vt 0.133858 0.027621
vt 0.181102 0.051243
vt 0.181102 0.051243
vt 0.149606 0.074865
vt 0.141732 0.051243
vt 0.094488 0.090613
vt 0.141732 0.051243
vt 0.149606 0.074865
vt 0.149606 0.074865
vt 0.118110 0.129983
vt 0.094488 0.090613
vt 0.984252 0.657542
vt 0.905512 0.704786
vt 0.889764 0.649668
vt 0.842520 0.752030
vt 0.889764 0.649668
vt 0.905512 0.704786
vt 0.905512 0.704786
vt 0.881890 0.752030
vt 0.842520 0.752030
vt 0.874016 0.791402
vt 0.842520 0.752030
vt 0.881890 0.752030
vt 0.881890 0.752030
vt 0.881890 0.775653
vt 0.874016 0.791402
vt 0.157480 0.531559
vt 0.141732 0.476440
vt 0.181102 0.476440
vt 0.157480 0.421322
vt 0.181102 0.476440
vt 0.141732 0.476440
vt 0.141732 0.476440
vt 0.094488 0.429196
vt 0.157480 0.421322
vt 0.094488 0.389826
vt 0.157480 0.421322
vt 0.094488 0.429196
vt 0.094488 0.429196
vt 0.031496 0.421322
vt 0.094488 0.389826
vt 0.724409 0.854393
vt 0.653543 0.862267
vt 0.629921 0.799275
vt 0.551181 0.783527
vt 0.629921 0.799275
vt 0.653543 0.862267
vt 0.653543 0.862267
vt 0.622047 0.909511
vt 0.551181 0.783527
vt 0.527559 0.878015
vt 0.551181 0.783527
vt 0.622047 0.909511
vt 0.622047 0.909511
vt 0.622047 0.948881
vt 0.527559 0.878015
vt 0.204724 0.460692
vt 0.228346 0.429196
vt 0.204724 0.523685
vt 0.220472 0.555180
vt 0.204724 0.523685
vt 0.228346 0.429196
vt 0.228346 0.429196
vt 0.251969 0.547306
vt 0.220472 0.555180
vt 0.275591 0.602425
vt 0.220472 0.555180
vt 0.251969 0.547306
vt 0.102362 0.043369
vt 0.110236 0.027621
vt 0.102362 0.019747
vt 0.118110 0.003999
vt 0.102362 0.019747
vt 0.110236 0.027621
vt 0.110236 0.027621
vt 0.133858 0.027621
vt 0.118110 0.003999
vt 0.141732 0.003999
vt 0.118110 0.003999
vt 0.133858 0.027621
vt 0.102362 0.043369
vt 0.110236 0.027621
vt 0.102362 0.019747
vt 0.118110 0.003999
vt 0.102362 0.019747
vt 0.110236 0.027621
vt 0.110236 0.027621
vt 0.133858 0.027621
vt 0.118110 0.003999
vt 0.141732 0.003999
vt 0.118110 0.003999
vt 0.133858 0.027621
vt 0.299213 0.098487
vt 0.346457 0.090613
vt 0.275591 0.082739
vt 0.291339 0.051243
vt 0.275591 0.082739
vt 0.346457 0.090613
vt 0.346457 0.090613
vt 0.370079 0.043369
vt 0.291339 0.051243
vt 0.314961 0.003999
vt 0.291339 0.051243
vt 0.370079 0.043369
vt 0.094488 0.090613
vt 0.149606 0.074865
vt 0.118110 0.129983
vt 0.212598 0.106361
vt 0.118110 0.129983
vt 0.149606 0.074865
vt 0.149606 0.074865
vt 0.188976 0.066991
vt 0.212598 0.106361
vt 0.220472 0.066991
vt 0.212598 0.106361
vt 0.188976 0.066991
vt 0.204724 0.460692
vt 0.228346 0.429196
vt 0.204724 0.523685
vt 0.220472 0.555180
vt 0.204724 0.523685
vt 0.228346 0.429196
vt 0.228346 0.429196
vt 0.251969 0.547306
vt 0.220472 0.555180
vt 0.275591 0.602425
vt 0.220472 0.555180
vt 0.251969 0.547306
vt 0.314961 0.003999
vt 0.291339 0.051243
vt 0.370079 0.043369
vt 0.346457 0.090613
vt 0.370079 0.043369
vt 0.291339 0.051243
vt 0.291339 0.051243
vt 0.275591 0.082739
vt 0.346457 0.090613
vt 0.299213 0.098487
vt 0.346457 0.090613
vt 0.275591 0.082739
vt 0.716535 0.665416
vt 0.669291 0.752030
vt 0.653543 0.649668
vt 0.629921 0.704786
vt 0.653543 0.649668
vt 0.669291 0.752030
vt 0.669291 0.752030
vt 0.645669 0.752030
vt 0.629921 0.704786
vt 0.669291 0.752030
vt 0.629921 0.704786
vt 0.645669 0.752030
vt 0.133858 0.815023
vt 0.133858 0.996125
vt 0.188976 0.909511
vt 0.188976 0.948881
vt 0.188976 0.909511
vt 0.133858 0.996125
vt 0.133858 0.996125
vt 0.165354 0.996125
vt 0.188976 0.948881
vt 0.133858 0.996125
vt 0.188976 0.948881
vt 0.165354 0.996125
vt 0.188976 0.066991
vt 0.212598 0.106361
vt 0.220472 0.066991
vt 0.259843 0.098487
vt 0.220472 0.066991
vt 0.212598 0.106361
vt 0.212598 0.106361
vt 0.275591 0.153605
vt 0.259843 0.098487
vt 0.314961 0.003999
vt 0.370079 0.043369
vt 0.291339 0.051243
vt 0.346457 0.090613
vt 0.291339 0.051243
vt 0.370079 0.043369
vt 0.370079 0.043369
vt 0.417323 0.098487
vt 0.346457 0.090613
vt 0.771654 0.681165
vt 0.748031 0.665416
vt 0.771654 0.720534
vt 0.716535 0.665416
vt 0.771654 0.720534
vt 0.748031 0.665416
vt 0.748031 0.665416
vt 0.748031 0.626046
vt 0.716535 0.665416
vt 0.181102 0.303212
vt 0.196850 0.318960
vt 0.181102 0.326834
vt 0.204724 0.326834
vt 0.181102 0.326834
vt 0.196850 0.318960
vt 0.196850 0.318960
vt 0.220472 0.326834
vt 0.204724 0.326834
vt 0.133858 0.027621
vt 0.110236 0.027621
vt 0.118110 0.003999
vt 0.102362 0.019747
vt 0.118110 0.003999
vt 0.110236 0.027621
vt 0.110236 0.027621
vt 0.102362 0.043369
vt 0.102362 0.019747
vt 0.220472 0.216597
vt 0.204724 0.177227
vt 0.188976 0.192975
vt 0.188976 0.177227
vt 0.188976 0.192975
vt 0.204724 0.177227
vt 0.204724 0.177227
vt 0.204724 0.145731
vt 0.188976 0.177227
vt 0.181102 0.303212
vt 0.086614 0.263842
vt 0.181102 0.326834
vt 0.149606 0.342582
vt 0.181102 0.326834
vt 0.086614 0.263842
vt 0.086614 0.263842
vt 0.000000 0.303212
vt 0.149606 0.342582
vt 0.291339 0.051243
vt 0.346457 0.090613
vt 0.275591 0.082739
vt 0.299213 0.098487
vt 0.275591 0.082739
vt 0.346457 0.090613
vt 0.346457 0.090613
vt 0.330709 0.185101
vt 0.299213 0.098487
vt 0.220472 0.326834
vt 0.196850 0.318960
vt 0.204724 0.326834
vt 0.181102 0.326834
vt 0.204724 0.326834
vt 0.196850 0.318960
vt 0.196850 0.318960
vt 0.181102 0.303212
vt 0.181102 0.326834
vt 0.314961 0.334708
vt 0.370079 0.287464
vt 0.330709 0.263842
vt 0.330709 0.185101
vt 0.330709 0.263842
vt 0.370079 0.287464
vt 0.370079 0.287464
vt 0.377953 0.263842
vt 0.330709 0.185101
vt 0.188976 0.066991
vt 0.212598 0.106361
vt 0.220472 0.066991
vt 0.259843 0.098487
vt 0.220472 0.066991
vt 0.212598 0.106361
vt 0.212598 0.106361
vt 0.275591 0.153605
vt 0.259843 0.098487
vt 0.811024 0.035495
vt 0.826772 0.665416
vt 0.866142 0.035495
vt 0.889764 0.649668
vt 0.866142 0.035495
vt 0.826772 0.665416
vt 0.826772 0.665416
vt 0.842520 0.752030
vt 0.889764 0.649668
vt 0.307087 0.996125
vt 0.338583 0.917385
vt 0.307087 0.807149
vt 0.354331 0.838645
vt 0.307087 0.807149
vt 0.338583 0.917385
vt 0.338583 0.917385
vt 0.307087 0.807149
vt 0.354331 0.838645
vt 0.283465 0.358330
vt 0.299213 0.358330
vt 0.259843 0.397700
vt 0.362205 0.452818
vt 0.259843 0.397700
vt 0.299213 0.358330
vt 0.299213 0.358330
vt 0.377953 0.437070
vt 0.362205 0.452818
vt 0.377953 0.263842
vt 0.377953 0.216597
vt 0.401575 0.263842
vt 0.448819 0.279590
vt 0.401575 0.263842
vt 0.377953 0.216597
vt 0.377953 0.216597
vt 0.401575 0.263842
vt 0.448819 0.279590
vt 0.275591 0.263842
vt 0.236220 0.263842
vt 0.244094 0.287464
vt 0.188976 0.295338
vt 0.244094 0.287464
vt 0.236220 0.263842
vt 0.236220 0.263842
vt 0.204724 0.255968
vt 0.188976 0.295338
vt 0.220472 0.216597
vt 0.204724 0.177227
vt 0.188976 0.192975
vt 0.188976 0.177227
vt 0.188976 0.192975
vt 0.204724 0.177227
vt 0.204724 0.177227
vt 0.204724 0.145731
vt 0.188976 0.177227
vt 0.094488 0.035495
vt 0.078740 0.035495
vt 0.078740 0.027621
vt 0.055118 0.027621
vt 0.078740 0.027621
vt 0.078740 0.035495
vt 0.078740 0.035495
vt 0.062992 0.059117
vt 0.055118 0.027621
vt 0.188976 0.177227
vt 0.204724 0.177227
vt 0.188976 0.192975
vt 0.220472 0.216597
vt 0.188976 0.192975
vt 0.204724 0.177227
vt 0.204724 0.177227
vt 0.228346 0.192975
vt 0.220472 0.216597
vt 0.181102 0.303212
vt 0.086614 0.263842
vt 0.181102 0.326834
vt 0.149606 0.342582
vt 0.181102 0.326834
vt 0.086614 0.263842
vt 0.086614 0.263842
vt 0.000000 0.303212
vt 0.149606 0.342582
vt 0.094488 0.476440
vt 0.094488 0.429196
vt 0.047244 0.476440
vt 0.031496 0.421322
vt 0.047244 0.476440
vt 0.094488 0.429196
vt 0.094488 0.429196
vt 0.094488 0.389826
vt 0.031496 0.421322
vt 0.094488 0.035495
vt 0.078740 0.035495
vt 0.078740 0.027621
vt 0.055118 0.027621
vt 0.078740 0.027621
vt 0.078740 0.035495
vt 0.078740 0.035495
vt 0.062992 0.059117
vt 0.055118 0.027621
vt 0.220472 0.066991
vt 0.212598 0.106361
vt 0.188976 0.066991
vt 0.149606 0.074865
vt 0.188976 0.066991
vt 0.212598 0.106361
vt 0.212598 0.106361
vt 0.118110 0.129983
vt 0.149606 0.074865
vt 0.370079 0.043369
vt 0.346457 0.090613
vt 0.291339 0.051243
vt 0.275591 0.082739
vt 0.291339 0.051243
vt 0.346457 0.090613
vt 0.346457 0.090613
vt 0.299213 0.098487
vt 0.275591 0.082739
vt 0.204724 0.145731
vt 0.204724 0.177227
vt 0.188976 0.177227
vt 0.188976 0.192975
vt 0.188976 0.177227
vt 0.204724 0.177227
vt 0.204724 0.177227
vt 0.220472 0.216597
vt 0.188976 0.192975
vt 0.283465 0.263842
vt 0.236220 0.263842
vt 0.244094 0.287464
vt 0.188976 0.295338
vt 0.244094 0.287464
vt 0.236220 0.263842
vt 0.236220 0.263842
vt 0.204724 0.255968
vt 0.188976 0.295338
vt 0.669291 0.972503
vt 0.653543 0.933133
vt 0.622047 0.948881
vt 0.622047 0.909511
vt 0.622047 0.948881
vt 0.653543 0.933133
vt 0.653543 0.933133
vt 0.653543 0.862267
vt 0.622047 0.909511
vt 0.771654 0.720534
vt 0.716535 0.665416
vt 0.732283 0.736282
vt 0.669291 0.752030
vt 0.732283 0.736282
vt 0.716535 0.665416
vt 0.716535 0.665416
vt 0.653543 0.649668
vt 0.669291 0.752030
vt 0.047244 0.736282
vt 0.047244 0.704786
vt 0.299213 0.736282
vt 0.299213 0.704786
vt 0.299213 0.736282
vt 0.047244 0.704786
vt 0.047244 0.704786
vt 0.299213 0.681165
vt 0.299213 0.704786
vt 0.314961 0.334708
vt 0.370079 0.287464
vt 0.330709 0.263842
vt 0.330709 0.185101
vt 0.330709 0.263842
vt 0.370079 0.287464
vt 0.370079 0.287464
vt 0.377953 0.263842
vt 0.330709 0.185101
vt 0.220472 0.326834
vt 0.196850 0.318960
vt 0.204724 0.326834
vt 0.181102 0.326834
vt 0.204724 0.326834
vt 0.196850 0.318960
vt 0.196850 0.318960
vt 0.181102 0.303212
vt 0.181102 0.326834
vt 0.181102 0.303212
vt 0.196850 0.318960
vt 0.181102 0.326834
vt 0.204724 0.326834
vt 0.181102 0.326834
vt 0.196850 0.318960
vt 0.196850 0.318960
vt 0.220472 0.326834
vt 0.204724 0.326834
vt 0.740157 0.271716
vt 0.748031 0.208723
vt 0.732283 0.035495
vt 0.755906 0.035495
vt 0.732283 0.035495
vt 0.748031 0.208723
vt 0.748031 0.208723
vt 0.732283 0.035495
vt 0.755906 0.035495
vt 0.456693 0.681165
vt 0.496063 0.657542
vt 0.480315 0.696912
vt 0.496063 0.744156
vt 0.480315 0.696912
vt 0.496063 0.657542
vt 0.496063 0.657542
vt 0.551181 0.783527
vt 0.496063 0.744156
vt 0.094488 0.476440
vt 0.094488 0.523685
vt 0.047244 0.476440
vt 0.031496 0.531559
vt 0.047244 0.476440
vt 0.094488 0.523685
vt 0.094488 0.523685
vt 0.094488 0.563054
vt 0.031496 0.531559
vt 0.220472 0.996125
vt 0.188976 0.948881
vt 0.251969 0.996125
vt 0.188976 0.909511
vt 0.251969 0.996125
vt 0.188976 0.948881
vt 0.188976 0.948881
vt 0.133858 0.996125
vt 0.188976 0.909511
vt 0.078740 0.807149
vt 0.047244 0.917385
vt 0.031496 0.838645
vt 0.078740 0.807149
vt 0.031496 0.838645
vt 0.047244 0.917385
vt 0.047244 0.917385
vt 0.078740 0.996125
vt 0.078740 0.807149
vt 0.480315 0.090613
vt 0.503937 0.129983
vt 0.535433 0.129983
vt 0.559055 0.122109
vt 0.480315 0.090613
vt 0.535433 0.129983
vt 0.480315 0.090613
vt 0.559055 0.122109
vt 0.535433 0.129983
vt 0.503937 0.129983
vt 0.480315 0.090613
vt 0.535433 0.129983
vt 0.503937 0.129983
vt 0.480315 0.090613
vt 0.535433 0.129983
vt 0.480315 0.090613
vt 0.559055 0.122109
vt 0.535433 0.129983
vt 0.559055 0.122109
vt 0.480315 0.090613
vt 0.535433 0.129983
vt 0.480315 0.090613
vt 0.503937 0.129983
vt 0.535433 0.129983
vt 0.307087 0.689039
vt 0.346457 0.720534
vt 0.385827 0.728408
vt 0.614173 0.137857
vt 0.590551 0.122109
vt 0.582677 0.137857
vt 0.559055 0.122109
vt 0.582677 0.137857
vt 0.590551 0.122109
vt 0.590551 0.122109
vt 0.559055 0.066991
vt 0.559055 0.122109
vt 0.480315 0.090613
vt 0.559055 0.122109
vt 0.559055 0.066991
vt 0.559055 0.066991
vt 0.519685 0.051243
vt 0.480315 0.090613
vt 0.440945 0.082739
vt 0.480315 0.090613
vt 0.519685 0.051243
vt 0.519685 0.051243
vt 0.488189 0.051243
vt 0.440945 0.082739
vt 0.488189 0.051243
vt 0.519685 0.051243
vt 0.440945 0.082739
vt 0.480315 0.090613
vt 0.440945 0.082739
vt 0.519685 0.051243
vt 0.519685 0.051243
vt 0.559055 0.066991
vt 0.480315 0.090613
vt 0.559055 0.122109
vt 0.480315 0.090613
vt 0.559055 0.066991
vt 0.559055 0.066991
vt 0.590551 0.122109
vt 0.559055 0.122109
vt 0.582677 0.137857
vt 0.559055 0.122109
vt 0.590551 0.122109
vt 0.590551 0.122109
vt 0.614173 0.137857
vt 0.582677 0.137857
vt 0.488189 0.051243
vt 0.519685 0.051243
vt 0.440945 0.082739
vt 0.480315 0.090613
vt 0.440945 0.082739
vt 0.519685 0.051243
vt 0.519685 0.051243
vt 0.559055 0.066991
vt 0.480315 0.090613
vt 0.559055 0.122109
vt 0.480315 0.090613
vt 0.559055 0.066991
vt 0.559055 0.066991
vt 0.590551 0.122109
vt 0.559055 0.122109
vt 0.582677 0.137857
vt 0.559055 0.122109
vt 0.590551 0.122109
vt 0.590551 0.122109
vt 0.614173 0.137857
vt 0.582677 0.137857
vt 0.614173 0.137857
vt 0.590551 0.122109
vt 0.582677 0.137857
vt 0.559055 0.122109
vt 0.582677 0.137857
vt 0.590551 0.122109
vt 0.590551 0.122109
vt 0.559055 0.066991
vt 0.559055 0.122109
vt 0.480315 0.090613
vt 0.559055 0.122109
vt 0.559055 0.066991
vt 0.559055 0.066991
vt 0.519685 0.051243
vt 0.480315 0.090613
vt 0.440945 0.082739
vt 0.480315 0.090613
vt 0.519685 0.051243
vt 0.519685 0.051243
vt 0.488189 0.051243
vt 0.440945 0.082739
vt 0.472441 0.185101
vt 0.519685 0.153605
vt 0.519685 0.185101
vt 0.472441 0.185101
vt 0.519685 0.185101
vt 0.519685 0.153605
vt 0.519685 0.153605
vt 0.472441 0.145731
vt 0.472441 0.185101
vt 0.519685 0.153605
vt 0.472441 0.185101
vt 0.472441 0.145731
vt 0.519685 0.153605
vt 0.472441 0.185101
vt 0.472441 0.145731
vt 0.519685 0.153605
vt 0.472441 0.145731
vt 0.472441 0.185101
vt 0.472441 0.185101
vt 0.519685 0.185101
vt 0.519685 0.153605
vt 0.472441 0.185101
vt 0.519685 0.153605
vt 0.519685 0.185101
vn 0.0000 -0.0000 1.0000
vn 1.0000 -0.0000 -0.0000
vn -1.0000 0.0000 0.0000
vn 0.6849 -0.2222 0.6940
vn 0.6838 -0.2240 0.6944
vn -0.6848 -0.2222 -0.6940
vn -0.6838 -0.2240 -0.6944
vn 0.7162 -0.4130 -0.5626
vn 0.7043 -0.4884 -0.5152
vn 0.8406 -0.3897 -0.3761
vn 0.8906 -0.1313 -0.4355
vn 0.8809 -0.4606 -0.1092
vn 0.9022 -0.4074 -0.1417
vn 0.9359 0.1512 -0.3181
vn 0.6108 0.5646 -0.5551
vn -0.6108 0.5646 0.5551
vn -0.9359 0.1512 0.3181
vn 0.7908 0.4888 0.3683
vn -0.7043 -0.4884 0.5152
vn -0.7162 -0.4130 0.5626
vn -0.9022 -0.4074 0.1417
vn -0.8809 -0.4606 0.1092
vn -0.8906 -0.1313 0.4355
vn -0.8406 -0.3897 0.3761
vn 0.9969 -0.0626 0.0484
vn 0.3628 0.8244 -0.4345
vn -0.8014 0.3493 -0.4855
vn 0.8014 0.3493 0.4855
vn 0.6600 -0.2765 0.6985
vn 0.7425 0.2566 0.6187
vn 0.9020 0.1336 0.4106
vn 0.9117 -0.0917 -0.4004
vn 0.9702 -0.1369 -0.2000
vn 0.8820 0.0257 0.4706
vn 0.6254 -0.4836 0.6124
vn -0.6600 -0.2765 -0.6985
vn 0.7166 0.0313 -0.6968
vn 0.7194 -0.5775 0.3860
vn 0.6834 0.3399 0.6460
vn 0.8147 0.0359 0.5788
vn 0.9446 -0.3244 -0.0503
vn 0.9352 -0.1377 0.3264
vn 0.6321 0.1832 -0.7529
vn 0.6234 -0.0186 -0.7817
vn -0.9352 -0.1377 -0.3264
vn 0.9573 0.2017 -0.2070
vn 0.8819 -0.4345 0.1828
vn 0.7520 -0.2427 -0.6129
vn -0.9446 -0.3244 0.0503
vn -0.6234 -0.0186 0.7817
vn -0.8147 0.0359 -0.5788
vn -0.3267 -0.9451 -0.0000
vn -0.5508 -0.6750 0.4909
vn -0.6834 0.3399 -0.6460
vn -0.7194 -0.5775 -0.3860
vn -0.9702 -0.1369 0.2000
vn 0.6404 -0.7608 0.1052
vn 0.0000 0.6981 0.7160
vn 0.9117 -0.0917 0.4004
vn -0.7263 -0.6819 0.0867
vn 0.9099 0.0596 -0.4106
vn 0.9020 0.1336 -0.4106
vn -0.9285 -0.2713 0.2534
vn -0.6261 0.0025 -0.7797
vn -0.9537 -0.0601 0.2947
vn -0.9882 0.1293 0.0817
vn -0.4397 -0.0821 0.8944
vn -0.4397 -0.0821 -0.8944
vn -0.7624 -0.3692 -0.5314
vn -0.7525 0.2397 -0.6134
vn -0.8915 0.4186 -0.1731
vn -0.5122 0.7427 -0.4313
vn -0.7391 0.4192 -0.5273
vn -0.5880 -0.7238 -0.3612
vn -0.9537 -0.0601 -0.2947
vn -0.8502 -0.5256 -0.0302
vn -0.3628 0.8244 0.4345
vn -0.9262 0.3445 -0.1530
vn -0.9285 -0.2713 -0.2534
vn -0.6021 -0.1714 0.7798
vn -0.7599 0.2502 0.6000
vn -0.6596 -0.7145 -0.2332
vn 0.7624 -0.3692 -0.5314
vn 0.6455 -0.3682 -0.6691
vn -0.6455 -0.3682 -0.6691
vn -0.6827 -0.7054 0.1906
vn -0.7011 -0.6908 0.1767
vn -0.6807 -0.2287 0.6960
vn -0.8352 -0.2199 0.5040
vn -0.8967 0.0204 0.4422
vn -0.6302 0.1514 0.7615
vn -0.6873 0.4660 0.5572
vn -0.8427 0.1325 0.5219
vn 0.0000 -0.0791 0.9969
vn 0.0000 -0.3070 0.9517
vn 0.8948 -0.0585 -0.4425
vn -0.8948 -0.0585 -0.4425
vn -0.8854 -0.2525 -0.3904
vn -0.9666 -0.0782 -0.2442
vn -0.9670 -0.0703 -0.2451
vn -0.9824 0.0210 -0.1856
vn -0.9832 0.0153 -0.1818
vn -0.8411 0.5402 0.0275
vn 0.8411 0.5402 0.0275
vn 0.9524 0.2071 -0.2236
vn 0.7093 -0.0590 -0.7025
vn 0.7121 -0.0610 -0.6995
vn 0.7139 -0.6585 -0.2379
vn 0.5880 -0.7238 -0.3612
vn 0.7842 -0.5845 0.2084
vn -0.7842 -0.5845 0.2084
vn -0.6129 -0.6205 0.4893
vn -0.9981 -0.0296 -0.0539
vn -0.9099 0.0596 -0.4106
vn -0.7685 0.2090 -0.6048
vn 0.7685 0.2090 -0.6048
vn 0.7391 0.4192 -0.5273
vn 0.8600 0.4144 -0.2977
vn 0.6197 0.7096 -0.3355
vn 0.8053 0.2397 -0.5423
vn -0.8053 0.2397 -0.5423
vn -0.7166 0.0313 -0.6968
vn -0.7761 0.6305 -0.0123
vn -0.8554 0.5161 -0.0436
vn 0.8554 0.5161 -0.0436
vn 0.8915 0.4186 -0.1731
vn 0.0000 -0.3917 0.9201
vn 0.0000 -0.7052 -0.7090
vn 0.0000 -0.8908 -0.4545
vn 0.9006 0.1455 0.4097
vn -0.9006 0.1455 0.4097
vn -0.8820 0.0257 0.4706
vn -0.7528 -0.0229 0.6578
vn -0.8364 0.1464 0.5282
vn -0.6404 -0.7608 0.1052
vn -0.4706 -0.8822 -0.0149
vn 0.4706 -0.8822 -0.0149
vn 0.3691 -0.4406 0.8183
vn 0.4587 -0.4553 0.7631
vn 0.6389 0.3653 0.6771
vn 0.6358 0.3680 0.6784
vn 0.9144 0.3786 0.1433
vn 0.9201 -0.2770 0.2770
vn -0.9201 -0.2770 0.2770
vn -0.9117 -0.0917 0.4004
vn -0.6609 0.0561 0.7484
vn 0.6609 0.0561 0.7484
vn 0.9537 -0.0601 0.2947
vn 0.5141 0.0133 0.8576
vn -0.5141 0.0133 0.8576
vn -0.8045 -0.0153 0.5938
vn -0.6143 0.0035 -0.7891
vn -0.6175 0.0039 -0.7865
vn 0.9507 0.2105 0.2275
vn 0.9702 -0.1369 0.2000
vn 0.9620 -0.2585 0.0873
vn -0.9620 -0.2585 0.0873
vn -0.9446 -0.3244 -0.0503
vn -0.4669 -0.0933 0.8794
vn -0.2559 -0.4711 0.8441
vn -0.3226 -0.6662 0.6724
vn 0.2190 -0.8565 0.4673
vn 0.2190 -0.8565 -0.4673
vn -0.6173 -0.6973 -0.3643
vn -0.3768 -0.5387 0.7536
vn 0.3768 -0.5387 0.7536
vn 0.9012 -0.4133 0.1307
vn 0.9286 0.3499 -0.1236
vn 0.9012 0.3731 -0.2208
vn -0.9012 0.3731 -0.2208
vn -0.9031 0.3307 -0.2740
vn -0.7047 0.6841 -0.1882
vn -0.8419 0.5207 0.1420
vn -0.8355 0.5250 0.1622
vn -0.9507 0.2105 -0.2275
vn -0.9702 -0.1369 -0.2000
vn -0.9620 -0.2585 -0.0873
vn 0.9620 -0.2585 -0.0873
vn 0.9446 -0.3244 0.0503
vn 0.4669 -0.0933 -0.8794
vn 0.2559 -0.4711 -0.8441
vn 0.3226 -0.6662 -0.6724
vn -0.2190 -0.8565 -0.4673
vn -0.2190 -0.8565 0.4673
vn 0.6173 -0.6973 0.3643
vn 0.3768 -0.5387 -0.7536
vn -0.3768 -0.5387 -0.7536
vn -0.9012 -0.4133 -0.1307
vn -0.9286 0.3499 0.1236
vn -0.9012 0.3731 0.2208
vn 0.9012 0.3731 0.2208
vn 0.9031 0.3307 0.2740
vn 0.7047 0.6841 0.1882
vn 0.8419 0.5207 -0.1420
vn 0.8355 0.5250 -0.1622
vn -0.8932 -0.4433 0.0750
vn -0.9012 -0.4133 0.1307
vn -0.9286 0.3499 -0.1236
vn -0.2559 -0.4711 -0.8441
vn -0.4669 -0.0933 -0.8794
vn -0.8500 0.1737 -0.4973
vn -0.7969 0.0210 -0.6037
vn -0.7969 0.0210 0.6037
vn -0.8014 0.3493 0.4855
vn -0.9647 -0.2180 0.1477
vn -0.9718 0.2355 0.0083
vn -0.9712 0.2174 -0.0970
vn -0.3628 0.8244 -0.4345
vn -0.8672 0.2253 -0.4441
vn 0.8672 0.2253 -0.4441
vn 0.7785 0.0168 -0.6275
vn 0.9417 0.1248 -0.3124
vn 0.8932 -0.4433 -0.0750
vn 0.9012 -0.4133 -0.1307
vn 0.9286 0.3499 0.1236
vn 0.2559 -0.4711 0.8441
vn 0.4669 -0.0933 0.8794
vn 0.8500 0.1737 0.4973
vn 0.7969 0.0210 0.6037
vn 0.7969 0.0210 -0.6037
vn 0.8014 0.3493 -0.4855
vn 0.9647 -0.2180 -0.1477
vn 0.9718 0.2355 -0.0083
vn 0.9712 0.2174 0.0970
vn 0.3628 0.8244 0.4345
vn 0.8672 0.2253 0.4441
vn -0.8672 0.2253 0.4441
vn -0.7785 0.0168 0.6275
vn -0.9417 0.1248 0.3124
vn 0.6143 0.0035 0.7891
vn 0.6261 0.0025 0.7797
vn -0.6261 0.0025 0.7797
vn -0.8139 -0.1885 0.5496
vn -0.5712 -0.6317 0.5241
vn -0.7251 -0.5973 0.3426
vn -0.7251 -0.5973 -0.3426
vn 0.7251 -0.5973 -0.3426
vn 0.5712 -0.6317 -0.5241
vn 0.9285 -0.2713 0.2534
vn 0.8706 -0.0722 0.4867
vn -0.8706 -0.0722 0.4867
vn -0.6522 0.0301 0.7575
vn -1.0000 0.0078 0.0005
vn -0.9969 0.0277 0.0738
vn -0.9984 0.0281 -0.0488
vn -0.2849 -0.4287 -0.8574
vn -0.8057 -0.4202 -0.4175
vn 0.8057 -0.4202 -0.4175
vn 0.8057 -0.4202 0.4175
vn 0.2849 -0.4287 0.8574
vn 0.6021 -0.1714 0.7798
vn 0.6321 0.1832 0.7529
vn -0.6321 0.1832 0.7529
vn -0.1874 0.5836 0.7901
vn -0.9882 0.1293 -0.0817
vn -0.9127 -0.2151 -0.3474
vn 0.9127 -0.2151 -0.3474
vn 0.8502 -0.5256 -0.0302
vn 0.3644 -0.8982 0.2460
vn -0.3644 -0.8982 0.2460
vn -0.9573 0.2017 -0.2070
vn -0.8679 0.4588 -0.1904
vn 0.8679 0.4588 -0.1904
vn 0.7761 0.6305 -0.0123
vn 0.4368 0.7907 -0.4290
vn -0.4368 0.7907 -0.4290
vn -0.4141 0.8073 -0.4205
vn -0.4141 0.8073 0.4205
vn -0.6838 -0.2240 0.6944
vn -0.6848 -0.2222 0.6940
vn -0.7157 0.3483 0.6054
vn 0.7157 0.3483 0.6054
vn 0.6108 0.5646 0.5551
vn 0.9359 0.1512 0.3181
vn 0.8266 -0.4876 0.2809
vn 0.8266 -0.4876 -0.2809
vn 0.7194 -0.5775 -0.3860
vn 0.5774 -0.5662 -0.5882
vn -0.5774 -0.5662 -0.5882
vn 0.5048 0.4810 -0.7168
vn 0.6488 0.3803 -0.6591
vn 0.9984 0.0281 -0.0488
vn 0.2849 -0.4287 -0.8574
vn 0.6021 -0.1714 -0.7798
vn -0.6021 -0.1714 -0.7798
vn -0.6321 0.1832 -0.7529
vn -0.1874 0.5836 -0.7901
vn -0.3702 0.6666 -0.6470
vn -0.3702 0.6666 0.6470
vn 0.3702 0.6666 0.6470
vn 0.1874 0.5836 0.7901
vn 0.9882 0.1293 -0.0817
vn 0.9969 0.0277 -0.0738
vn 1.0000 0.0078 -0.0005
vn -0.4368 0.7907 0.4290
vn 0.4368 0.7907 0.4290
vn 0.4141 0.8073 0.4205
vn 0.4141 0.8073 -0.4205
vn 0.6838 -0.2240 -0.6944
vn 0.6848 -0.2222 -0.6940
vn 0.7157 0.3483 -0.6054
vn -0.7157 0.3483 -0.6054
vn -0.6108 0.5646 -0.5551
vn -0.9359 0.1512 -0.3181
vn -0.8266 -0.4876 -0.2809
vn -0.8266 -0.4876 0.2809
vn -0.7194 -0.5775 0.3860
vn -0.5774 -0.5662 0.5882
vn 0.5774 -0.5662 0.5882
vn 0.8545 0.1122 -0.5072
vn 0.9262 0.3445 -0.1530
vn 0.9201 -0.2770 -0.2770
vn -0.9201 -0.2770 -0.2770
vn -0.9117 -0.0917 -0.4004
vn -0.6609 0.0561 -0.7484
vn 0.6609 0.0561 -0.7484
vn 0.9537 -0.0601 -0.2947
vn 0.5141 0.0133 -0.8576
vn -0.5141 0.0133 -0.8576
vn -0.8045 -0.0153 -0.5938
vn -0.6143 0.0035 0.7891
vn -0.6175 0.0039 0.7865
vn 0.9862 0.1603 0.0424
vn 0.6234 -0.0186 0.7817
vn 0.7263 0.0396 0.6863
vn -0.7263 0.0396 0.6863
vn -0.6600 -0.2765 0.6985
vn -0.8995 -0.3283 0.2883
vn 0.8995 -0.3283 0.2883
vn 0.7162 -0.4130 0.5626
vn 0.9712 0.2174 -0.0970
vn 0.9718 0.2355 0.0083
vn -0.9862 0.1603 -0.0424
vn -0.6234 -0.0186 -0.7817
vn -0.7263 0.0396 -0.6863
vn 0.7263 0.0396 -0.6863
vn 0.6600 -0.2765 -0.6985
vn 0.8995 -0.3283 -0.2883
vn -0.8995 -0.3283 -0.2883
vn -0.7162 -0.4130 -0.5626
vn -0.9712 0.2174 0.0970
vn -0.9718 0.2355 -0.0083
vn -0.5020 -0.7845 -0.3640
vn 0.5020 -0.7845 -0.3640
vn 0.6495 0.3113 0.6937
vn 0.6495 0.3113 -0.6937
vn 0.6142 -0.3966 -0.6823
vn -0.6142 -0.3966 -0.6823
vn -0.4726 -0.1362 -0.8707
vn -0.4726 -0.1362 0.8707
vn -0.4592 -0.1507 0.8755
vn 0.4592 -0.1507 0.8755
vn 0.3267 -0.9451 0.0000
vn -0.0000 0.6994 -0.7147
vn 0.0000 0.8242 0.5662
vn 0.0000 0.8242 0.5663
vn 0.0000 0.9711 -0.2385
vn 0.0000 0.5531 -0.8331
vn 0.0000 0.5515 -0.8342
vn 0.5020 -0.7845 0.3640
vn -0.5020 -0.7845 0.3640
vn -0.6495 0.3113 -0.6937
vn -0.6495 0.3113 0.6937
vn -0.6142 -0.3966 0.6823
vn 0.6142 -0.3966 0.6823
vn 0.4726 -0.1362 0.8707
vn 0.4726 -0.1362 -0.8707
vn 0.4592 -0.1507 -0.8755
vn -0.4592 -0.1507 -0.8755
vn -0.5712 -0.6317 -0.5241
vn -0.7908 0.4888 0.3683
vn -0.8162 0.4740 0.3304
vn 0.8162 0.4740 0.3304
vn 0.7599 0.2502 0.6000
vn 0.8364 0.1464 0.5282
vn 0.7528 -0.0229 0.6578
vn 0.8641 -0.0577 -0.5000
vn 0.9768 0.1683 -0.1323
vn -0.9768 0.1683 -0.1323
vn 0.8355 0.5250 0.1622
vn 0.8419 0.5207 0.1420
vn 0.7047 0.6841 -0.1882
vn 0.9031 0.3307 -0.2740
vn 0.6173 -0.6973 -0.3643
vn 0.8147 0.0359 -0.5788
vn 0.9169 -0.2203 -0.3327
vn 0.9366 -0.0513 -0.3465
vn 0.6834 0.3399 -0.6460
vn 0.6429 0.4661 -0.6078
vn 0.6429 0.4661 0.6078
vn 0.6410 0.4418 0.6277
vn -0.6410 0.4418 0.6277
vn -0.6173 -0.6973 0.3643
vn -0.8147 0.0359 0.5788
vn -0.9169 -0.2203 0.3327
vn -0.9366 -0.0513 0.3465
vn -0.6834 0.3399 0.6460
vn -0.6429 0.4661 0.6078
vn -0.6429 0.4661 -0.6078
vn -0.6410 0.4418 -0.6277
vn 0.6410 0.4418 -0.6277
vn 0.9577 -0.2829 -0.0517
vn -0.9577 -0.2829 -0.0516
vn -0.8819 -0.4345 0.1828
vn -0.7825 -0.3324 0.5265
vn 0.7825 -0.3324 0.5265
vn 0.6129 -0.6205 0.4893
vn 0.9981 -0.0296 -0.0539
vn -0.8355 0.5250 -0.1622
vn -0.8419 0.5207 -0.1420
vn -0.7047 0.6841 0.1882
vn -0.9031 0.3307 0.2740
vn -0.8057 -0.4202 0.4175
vn -0.2849 -0.4287 0.8574
vn -0.9984 0.0281 0.0488
vn -0.9969 0.0277 -0.0738
vn -1.0000 0.0078 -0.0005
vn -0.6522 0.0301 -0.7575
vn -0.8706 -0.0722 -0.4867
vn 0.8706 -0.0722 -0.4867
vn 0.9285 -0.2713 -0.2534
vn 0.7135 -0.0000 0.7007
vn 0.7033 -0.1686 0.6906
vn 0.7033 -0.1686 -0.6906
vn 0.7133 -0.2134 -0.6676
vn -0.7133 -0.2134 -0.6676
vn -0.6209 -0.5259 -0.5812
vn -0.6209 -0.5259 0.5812
vn -0.6254 -0.4836 0.6124
vn 0.6827 -0.7054 0.1906
vn 0.7011 -0.6908 0.1767
vn 0.6807 -0.2287 0.6960
vn 0.8352 -0.2199 0.5040
vn 0.8967 0.0204 0.4422
vn 0.6302 0.1514 0.7615
vn 0.6873 0.4660 0.5572
vn 0.8427 0.1325 0.5219
vn 0.7487 -0.5987 0.2847
vn 0.8534 -0.3646 0.3724
vn 0.9561 -0.2051 0.2095
vn 0.9565 0.2031 0.2096
vn 0.9565 0.2031 -0.2096
vn 0.8543 0.3617 -0.3732
vn 0.7525 0.2397 -0.6134
vn 0.8680 0.3662 0.3354
vn -0.8680 0.3662 0.3354
vn -0.9020 0.1336 0.4106
vn -0.8182 0.0130 0.5748
vn 0.8182 0.0130 0.5748
vn 0.4397 -0.0821 0.8944
vn 0.8045 -0.0153 0.5938
vn 0.9463 -0.0940 -0.3092
vn 0.9352 -0.1377 -0.3264
vn 0.9507 0.2105 -0.2275
vn -0.9463 -0.0940 0.3092
vn -0.9352 -0.1377 0.3264
vn -0.9507 0.2105 0.2275
vn 0.6596 -0.7145 -0.2332
vn 0.8942 -0.1467 -0.4229
vn -0.8942 -0.1467 -0.4230
vn -0.8641 -0.0577 -0.5000
vn -0.7133 -0.2134 0.6676
vn -0.7033 -0.1686 0.6906
vn -0.7033 -0.1686 -0.6906
vn -0.7135 0.0000 -0.7007
vn 0.7135 -0.0000 -0.7007
vn 0.8045 -0.0153 -0.5938
vn 0.4397 -0.0821 -0.8944
vn 0.8182 0.0130 -0.5748
vn -0.8182 0.0130 -0.5748
vn -0.9020 0.1336 -0.4106
vn -0.8680 0.3662 -0.3354
vn 0.8680 0.3662 -0.3354
vn -0.7121 -0.0610 -0.6995
vn -0.7139 -0.6585 -0.2379
vn -0.8600 0.4144 -0.2977
vn -0.6197 0.7096 -0.3355
vn -0.5852 -0.0023 -0.8109
vn 0.5852 -0.0023 -0.8109
vn 0.6175 0.0039 -0.7865
vn 0.6143 0.0035 -0.7891
vn 0.6261 0.0025 -0.7797
vn 0.8139 -0.1885 -0.5496
vn -0.8139 -0.1885 -0.5496
vn -0.7521 0.5927 0.2881
vn -0.8543 0.3617 0.3732
vn -0.9565 0.2031 0.2096
vn -0.9561 -0.2051 0.2095
vn -0.9561 -0.2051 -0.2095
vn -0.8534 -0.3646 -0.3724
vn -0.7520 -0.2427 -0.6129
vn 0.8854 -0.2525 -0.3904
vn 0.9666 -0.0782 -0.2442
vn 0.9670 -0.0703 -0.2451
vn 0.9824 0.0210 -0.1856
vn 0.9832 0.0153 -0.1818
vn 1.0000 0.0078 0.0005
vn 0.9969 0.0277 0.0738
vn 0.9882 0.1293 0.0817
vn 0.1874 0.5836 -0.7901
vn 0.3702 0.6666 -0.6470
vn -0.0000 0.8330 -0.5533
vn 0.0000 0.8329 -0.5534
vn 0.0000 0.9848 0.1737
vn 0.0000 0.6327 0.7744
vn 0.3226 -0.6662 0.6724
vn 0.5508 -0.6750 0.4909
vn 0.5508 -0.6750 -0.4909
vn 0.7425 0.2566 -0.6187
vn 0.8500 0.1737 -0.4973
vn 0.7133 -0.2134 0.6676
vn 0.6209 -0.5259 0.5812
vn 0.6209 -0.5259 -0.5812
vn 0.6254 -0.4836 -0.6124
vn -0.6254 -0.4836 -0.6124
vn 0.9169 -0.2203 0.3327
vn 0.9366 -0.0513 0.3465
vn -0.8500 0.1737 0.4973
vn -0.7425 0.2566 0.6187
vn -0.7425 0.2566 -0.6187
vn -0.5508 -0.6750 -0.4909
vn -0.3226 -0.6662 -0.6724
vn -0.9169 -0.2203 -0.3327
vn -0.9366 -0.0513 -0.3465
vn 0.7520 -0.2427 0.6129
vn 0.7526 0.2397 0.6134
vn 0.8543 0.3617 0.3732
vn 0.7521 0.5927 0.2881
vn 0.7521 0.5927 -0.2881
vn -0.8932 -0.4433 -0.0750
vn -0.9144 0.3786 0.1433
vn -0.6358 0.3680 0.6784
vn -0.6389 0.3653 0.6771
vn -0.4587 -0.4553 0.7631
vn -0.3691 -0.4406 0.8183
vn -0.7525 0.2397 0.6134
vn -0.7520 -0.2427 0.6129
vn -0.8534 -0.3646 0.3724
vn -0.7487 -0.5987 0.2847
vn -0.7487 -0.5987 -0.2847
vn 0.7785 0.0168 0.6275
vn 0.9417 0.1248 0.3124
vn 0.9862 0.1603 -0.0424
vn 0.7396 0.6714 0.0479
vn 0.9107 0.0407 0.4111
vn 0.7263 -0.6819 0.0867
vn 0.8932 -0.4433 0.0750
vn 0.8809 -0.4606 0.1092
vn 0.9022 -0.4074 0.1417
vn 0.8625 -0.5030 -0.0555
vn -0.7785 0.0168 -0.6275
vn -0.9417 0.1248 -0.3124
vn -0.9862 0.1603 0.0424
vn -0.7263 -0.6819 -0.0867
vn -0.9107 0.0407 -0.4111
vn -0.7396 0.6714 -0.0479
vn -0.8545 0.1122 -0.5072
vn -0.6445 0.3246 -0.6923
vn 0.6445 0.3246 -0.6923
vn 0.9984 0.0281 0.0488
vn 0.6488 0.3803 0.6591
vn 0.5048 0.4810 0.7168
vn -0.5048 0.4810 0.7168
vn 0.8625 -0.5030 0.0555
vn 0.8406 -0.3897 0.3761
vn 0.8906 -0.1313 0.4355
vn 0.7263 -0.6819 -0.0867
vn 0.9107 0.0407 -0.4111
vn 0.7251 -0.5973 0.3426
vn 0.5712 -0.6317 0.5241
vn 0.8139 -0.1885 0.5496
vn 0.9463 -0.0940 0.3092
vn 0.7043 -0.4884 0.5152
vn 0.9647 -0.2180 0.1477
vn 0.7396 0.6714 -0.0479
vn -0.8625 -0.5030 -0.0555
vn -0.8406 -0.3897 -0.3761
vn -0.8906 -0.1313 -0.4355
vn 0.6522 0.0301 0.7575
vn 0.8438 0.1052 0.5263
vn -0.8438 0.1052 0.5263
vn -0.9463 -0.0940 -0.3092
vn -0.7043 -0.4884 -0.5152
vn -0.9647 -0.2180 -0.1477
vn 0.9561 -0.2051 -0.2095
vn 0.8534 -0.3646 -0.3724
vn 0.7487 -0.5987 -0.2847
vn -0.8625 -0.5030 0.0555
vn -0.9022 -0.4074 -0.1417
vn -0.8809 -0.4606 -0.1092
vn -0.9107 0.0407 0.4111
vn -0.7396 0.6714 0.0479
vn 0.0000 -0.0117 0.9999
vn -0.7135 0.0000 0.7007
vn 0.6175 0.0039 0.7865
vn 0.5852 -0.0023 0.8109
vn -0.5852 -0.0023 0.8109
vn -0.9524 0.2072 -0.2236
vn -0.7093 -0.0590 -0.7025
vn -0.9969 -0.0626 0.0484
vn -0.9565 0.2031 -0.2096
vn -0.8543 0.3617 -0.3732
vn -0.7521 0.5927 -0.2881
vn -0.5048 0.4810 -0.7168
vn -0.6488 0.3803 -0.6591
vn -0.6488 0.3803 0.6591
vn -0.8438 0.1052 -0.5263
vn 0.8438 0.1052 -0.5263
vn 0.6522 0.0301 -0.7575
vn 0.5122 0.7427 -0.4313
vn 0.9207 0.2409 0.3071
vn 0.8775 -0.4785 -0.0326
vn 0.8775 -0.4785 0.0326
vn 0.9207 0.2409 -0.3071
vn -0.8775 -0.4785 -0.0326
vn -0.9207 0.2409 0.3071
vn -0.9207 0.2409 -0.3071
vn -0.8775 -0.4785 0.0326
vn 0.8893 0.0488 -0.4548
vn -0.8893 0.0488 -0.4548
vn -0.9259 -0.0879 -0.3675
vn -0.9259 -0.0879 0.3675
vn 0.9259 -0.0879 -0.3675
vn 0.9259 -0.0879 0.3675
vn 0.8893 0.0488 0.4548
vn -0.8893 0.0488 0.4548
o base
usemtl Brush.062
f 1/1/1 2/2/1 3/3/1
f 4/4/2 5/5/2 6/6/2
f 7/7/2 8/8/2 9/9/2
f 10/10/3 11/11/3 12/12/3
f 13/13/4 14/14/4 15/15/4
f 16/16/5 17/17/5 18/18/5
f 19/19/6 20/20/6 21/21/6
f 22/22/7 23/23/7 24/24/7
f 25/25/8 26/26/8 27/27/8
f 28/28/9 29/29/9 30/30/9
f 31/31/2 32/32/2 33/33/2
f 34/34/3 35/35/3 36/36/3
f 37/37/10 38/38/10 39/39/10
f 40/40/11 41/41/11 42/42/11
f 43/43/3 44/44/3 45/45/3
f 46/46/1 47/47/1 48/48/1
f 49/49/2 50/50/2 51/51/2
f 52/52/3 53/53/3 54/54/3
f 55/55/12 56/56/12 57/57/12
f 58/58/13 59/59/13 60/60/13
f 61/61/2 62/62/2 63/63/2
f 64/64/2 65/65/2 66/66/2
f 67/67/2 68/68/2 69/69/2
f 70/70/3 71/71/3 72/72/3
f 73/73/2 74/74/2 75/75/2
f 76/76/3 77/77/3 78/78/3
f 79/79/2 80/80/2 81/81/2
f 82/82/3 83/83/3 84/84/3
f 85/85/2 86/86/2 87/87/2
f 88/88/3 89/89/3 90/90/3
f 91/91/2 92/92/2 93/93/2
f 94/94/2 95/95/2 96/96/2
f 97/97/14 98/98/14 99/99/14
f 100/100/15 101/101/15 102/102/15
f 103/103/3 104/104/3 105/105/3
f 106/106/3 107/107/3 108/108/3
f 109/109/16 110/110/16 111/111/16
f 112/112/17 113/113/17 114/114/17
f 115/115/18 116/116/18 117/117/18
f 118/118/2 119/119/2 120/120/2
f 121/121/19 122/122/19 123/123/19
f 124/124/20 125/125/20 126/126/20
f 127/127/21 128/128/21 129/129/21
f 130/130/22 131/131/22 132/132/22
f 133/133/3 134/134/3 135/135/3
f 136/136/3 137/137/3 138/138/3
f 139/139/2 140/140/2 141/141/2
f 142/142/2 143/143/2 144/144/2
f 145/145/23 146/146/23 147/147/23
f 148/148/24 149/149/24 150/150/24
f 151/151/3 152/152/3 153/153/3
f 154/154/3 155/155/3 156/156/3
f 157/157/25 158/158/25 159/159/25
f 160/160/2 161/161/2 162/162/2
f 163/163/2 164/164/2 165/165/2
f 166/166/3 167/167/3 168/168/3
f 169/169/2 170/170/2 171/171/2
f 172/172/3 173/173/3 174/174/3
f 175/175/2 176/176/2 177/177/2
f 178/178/3 179/179/3 180/180/3
f 181/181/2 182/182/2 183/183/2
f 184/184/3 185/185/3 186/186/3
f 187/187/2 188/188/2 189/189/2
f 190/190/3 191/191/3 192/192/3
f 193/193/2 194/194/2 195/195/2
f 196/196/3 197/197/3 198/198/3
f 199/199/2 200/200/2 201/201/2
f 202/202/3 203/203/3 204/204/3
f 205/205/26 206/206/26 207/207/26
f 208/208/27 209/209/27 210/210/27
f 211/211/2 212/212/2 213/213/2
f 214/214/3 215/215/3 216/216/3
f 217/217/28 218/218/28 219/219/28
f 220/220/29 221/221/29 222/222/29
f 223/223/2 224/224/2 225/225/2
f 226/226/2 227/227/2 228/228/2
f 229/229/30 230/230/30 231/231/30
f 232/232/31 233/233/31 234/234/31
f 235/235/32 236/236/32 237/237/32
f 238/238/33 239/239/33 240/240/33
f 241/241/2 242/242/2 243/243/2
f 244/244/34 245/245/34 246/246/34
f 247/247/2 248/248/2 249/249/2
f 250/250/35 251/251/35 252/252/35
f 253/253/36 254/254/36 255/255/36
f 256/256/2 257/257/2 258/258/2
f 259/259/37 260/260/37 261/261/37
f 262/262/2 263/263/2 264/264/2
f 265/265/38 266/266/38 267/267/38
f 268/268/39 269/269/39 270/270/39
f 271/271/40 272/272/40 273/273/40
f 274/274/41 275/275/41 276/276/41
f 277/277/2 278/278/2 279/279/2
f 280/280/2 281/281/2 282/282/2
f 283/283/2 284/284/2 285/285/2
f 286/286/42 287/287/42 288/288/42
f 289/289/3 290/290/3 291/291/3
f 292/292/43 293/293/43 294/294/43
f 295/295/44 296/296/44 297/297/44
f 298/298/2 299/299/2 300/300/2
f 301/301/3 302/302/3 303/303/3
f 304/304/3 305/305/3 306/306/3
f 307/307/3 308/308/3 309/309/3
f 310/310/45 311/311/45 312/312/45
f 313/313/2 314/314/2 315/315/2
f 316/316/46 317/317/46 318/318/46
f 319/319/47 320/320/47 321/321/47
f 322/322/48 323/323/48 324/324/48
f 325/325/3 326/326/3 327/327/3
f 328/328/49 329/329/49 330/330/49
f 331/331/3 332/332/3 333/333/3
f 334/334/50 335/335/50 336/336/50
f 337/337/3 338/338/3 339/339/3
f 340/340/51 341/341/51 342/342/51
f 343/343/52 344/344/52 345/345/52
f 346/346/3 347/347/3 348/348/3
f 349/349/53 350/350/53 351/351/53
f 352/352/54 353/353/54 354/354/54
f 355/355/55 356/356/55 357/357/55
f 358/358/56 359/359/56 360/360/56
f 361/361/57 362/362/57 363/363/57
f 364/364/58 365/365/58 366/366/58
f 367/367/3 368/368/3 369/369/3
f 370/370/59 371/371/59 372/372/59
f 373/373/3 374/374/3 375/375/3
f 376/376/3 377/377/3 378/378/3
f 379/379/3 380/380/3 381/381/3
f 382/382/3 383/383/3 384/384/3
f 385/385/60 386/386/60 387/387/60
f 388/388/61 389/389/61 390/390/61
f 391/391/2 392/392/2 393/393/2
f 394/394/62 395/395/62 396/396/62
f 397/397/63 398/398/63 399/399/63
f 400/400/64 401/401/64 402/402/64
f 403/403/65 404/404/65 405/405/65
f 406/406/2 407/407/2 408/408/2
f 409/409/66 410/410/66 411/411/66
f 412/412/67 413/413/67 414/414/67
f 415/415/68 416/416/68 417/417/68
f 418/418/69 419/419/69 420/420/69
f 421/421/70 422/422/70 423/423/70
f 424/424/71 425/425/71 426/426/71
f 427/427/72 428/428/72 429/429/72
f 430/430/73 431/431/73 432/432/73
f 433/433/74 434/434/74 435/435/74
f 436/436/75 437/437/75 438/438/75
f 439/439/76 440/440/76 441/441/76
f 442/442/77 443/443/77 444/444/77
f 445/445/78 446/446/78 447/447/78
f 448/448/79 449/449/79 450/450/79
f 451/451/80 452/452/80 453/453/80
f 454/454/81 455/455/81 456/456/81
f 457/457/82 458/458/82 459/459/82
f 460/460/2 461/461/2 462/462/2
f 463/463/2 464/464/2 465/465/2
f 466/466/83 467/467/83 468/468/83
f 469/469/84 470/470/84 471/471/84
f 472/472/85 473/473/85 474/474/85
f 475/475/86 476/476/86 477/477/86
f 478/478/87 479/479/87 480/480/87
f 481/481/88 482/482/88 483/483/88
f 484/484/89 485/485/89 486/486/89
f 487/487/90 488/488/90 489/489/90
f 490/490/91 491/491/91 492/492/91
f 493/493/92 494/494/92 495/495/92
f 496/496/93 497/497/93 498/498/93
f 499/499/94 500/500/94 501/501/94
f 502/502/95 503/503/95 504/504/95
f 505/505/96 506/506/96 507/507/96
f 508/508/97 509/509/97 510/510/97
f 511/511/98 512/512/98 513/513/98
f 514/514/99 515/515/99 516/516/99
f 517/517/100 518/518/100 519/519/100
f 520/520/101 521/521/101 522/522/101
f 523/523/102 524/524/102 525/525/102
f 526/526/103 527/527/103 528/528/103
f 529/529/104 530/530/104 531/531/104
f 532/532/105 533/533/105 534/534/105
f 535/535/106 536/536/106 537/537/106
f 538/538/107 539/539/107 540/540/107
f 541/541/108 542/542/108 543/543/108
f 544/544/109 545/545/109 546/546/109
f 547/547/110 548/548/110 549/549/110
f 550/550/111 551/551/111 552/552/111
f 553/553/112 554/554/112 555/555/112
f 556/556/113 557/557/113 558/558/113
f 559/559/114 560/560/114 561/561/114
f 562/562/115 563/563/115 564/564/115
f 565/565/116 566/566/116 567/567/116
f 568/568/117 569/569/117 570/570/117
f 571/571/118 572/572/118 573/573/118
f 574/574/119 575/575/119 576/576/119
f 577/577/120 578/578/120 579/579/120
f 580/580/121 581/581/121 582/582/121
f 583/583/122 584/584/122 585/585/122
f 586/586/3 587/587/3 588/588/3
f 589/589/123 590/590/123 591/591/123
f 592/592/124 593/593/124 594/594/124
f 595/595/125 596/596/125 597/597/125
f 598/598/126 599/599/126 600/600/126
f 601/601/127 602/602/127 603/603/127
f 604/604/128 605/605/128 606/606/128
f 607/607/129 608/608/129 609/609/129
f 610/610/130 611/611/130 612/612/130
f 613/613/131 614/614/131 615/615/131
f 616/616/132 617/617/132 618/618/132
f 619/619/133 620/620/133 621/621/133
f 622/622/134 623/623/134 624/624/134
f 625/625/3 626/626/3 627/627/3
f 628/628/3 629/629/3 630/630/3
f 631/631/135 632/632/135 633/633/135
f 634/634/136 635/635/136 636/636/136
f 637/637/137 638/638/137 639/639/137
f 640/640/138 641/641/138 642/642/138
f 643/643/139 644/644/139 645/645/139
f 646/646/140 647/647/140 648/648/140
f 649/649/141 650/650/141 651/651/141
f 652/652/142 653/653/142 654/654/142
f 655/655/143 656/656/143 657/657/143
f 658/658/144 659/659/144 660/660/144
f 661/661/145 662/662/145 663/663/145
f 664/664/146 665/665/146 666/666/146
f 667/667/147 668/668/147 669/669/147
f 670/670/148 671/671/148 672/672/148
f 673/673/149 674/674/149 675/675/149
f 676/676/150 677/677/150 678/678/150
f 679/679/151 680/680/151 681/681/151
f 682/682/3 683/683/3 684/684/3
f 685/685/3 686/686/3 687/687/3
f 688/688/152 689/689/152 690/690/152
f 691/691/153 692/692/153 693/693/153
f 694/694/2 695/695/2 696/696/2
f 697/697/154 698/698/154 699/699/154
f 700/700/155 701/701/155 702/702/155
f 703/703/156 704/704/156 705/705/156
f 706/706/157 707/707/157 708/708/157
f 709/709/158 710/710/158 711/711/158
f 712/712/159 713/713/159 714/714/159
f 715/715/160 716/716/160 717/717/160
f 718/718/161 719/719/161 720/720/161
f 721/721/162 722/722/162 723/723/162
f 724/724/163 725/725/163 726/726/163
f 727/727/164 728/728/164 729/729/164
f 730/730/165 731/731/165 732/732/165
f 733/733/166 734/734/166 735/735/166
f 736/736/167 737/737/167 738/738/167
f 739/739/168 740/740/168 741/741/168
f 742/742/169 743/743/169 744/744/169
f 745/745/170 746/746/170 747/747/170
f 748/748/171 749/749/171 750/750/171
f 751/751/172 752/752/172 753/753/172
f 754/754/173 755/755/173 756/756/173
f 757/757/174 758/758/174 759/759/174
f 760/760/3 761/761/3 762/762/3
f 763/763/3 764/764/3 765/765/3
f 766/766/3 767/767/3 768/768/3
f 769/769/3 770/770/3 771/771/3
f 772/772/3 773/773/3 774/774/3
f 775/775/3 776/776/3 777/777/3
f 778/778/175 779/779/175 780/780/175
f 781/781/176 782/782/176 783/783/176
f 784/784/177 785/785/177 786/786/177
f 787/787/178 788/788/178 789/789/178
f 790/790/179 791/791/179 792/792/179
f 793/793/180 794/794/180 795/795/180
f 796/796/181 797/797/181 798/798/181
f 799/799/182 800/800/182 801/801/182
f 802/802/183 803/803/183 804/804/183
f 805/805/184 806/806/184 807/807/184
f 808/808/185 809/809/185 810/810/185
f 811/811/186 812/812/186 813/813/186
f 814/814/187 815/815/187 816/816/187
f 817/817/188 818/818/188 819/819/188
f 820/820/189 821/821/189 822/822/189
f 823/823/190 824/824/190 825/825/190
f 826/826/191 827/827/191 828/828/191
f 829/829/192 830/830/192 831/831/192
f 832/832/193 833/833/193 834/834/193
f 835/835/194 836/836/194 837/837/194
f 838/838/195 839/839/195 840/840/195
f 841/841/2 842/842/2 843/843/2
f 844/844/2 845/845/2 846/846/2
f 847/847/2 848/848/2 849/849/2
f 850/850/2 851/851/2 852/852/2
f 853/853/2 854/854/2 855/855/2
f 856/856/3 857/857/3 858/858/3
f 859/859/3 860/860/3 861/861/3
f 862/862/3 863/863/3 864/864/3
f 865/865/3 866/866/3 867/867/3
f 868/868/3 869/869/3 870/870/3
f 871/871/196 872/872/196 873/873/196
f 874/874/197 875/875/197 876/876/197
f 877/877/198 878/878/198 879/879/198
f 880/880/199 881/881/199 882/882/199
f 883/883/200 884/884/200 885/885/200
f 886/886/201 887/887/201 888/888/201
f 889/889/202 890/890/202 891/891/202
f 892/892/203 893/893/203 894/894/203
f 895/895/204 896/896/204 897/897/204
f 898/898/205 899/899/205 900/900/205
f 901/901/206 902/902/206 903/903/206
f 904/904/207 905/905/207 906/906/207
f 907/907/208 908/908/208 909/909/208
f 910/910/209 911/911/209 912/912/209
f 913/913/210 914/914/210 915/915/210
f 916/916/211 917/917/211 918/918/211
f 919/919/212 920/920/212 921/921/212
f 922/922/2 923/923/2 924/924/2
f 925/925/2 926/926/2 927/927/2
f 928/928/2 929/929/2 930/930/2
f 931/931/2 932/932/2 933/933/2
f 934/934/2 935/935/2 936/936/2
f 937/937/213 938/938/213 939/939/213
f 940/940/214 941/941/214 942/942/214
f 943/943/215 944/944/215 945/945/215
f 946/946/216 947/947/216 948/948/216
f 949/949/217 950/950/217 951/951/217
f 952/952/218 953/953/218 954/954/218
f 955/955/219 956/956/219 957/957/219
f 958/958/220 959/959/220 960/960/220
f 961/961/221 962/962/221 963/963/221
f 964/964/222 965/965/222 966/966/222
f 967/967/223 968/968/223 969/969/223
f 970/970/224 971/971/224 972/972/224
f 973/973/225 974/974/225 975/975/225
f 976/976/226 977/977/226 978/978/226
f 979/979/227 980/980/227 981/981/227
f 982/982/228 983/983/228 984/984/228
f 985/985/229 986/986/229 987/987/229
f 988/988/2 989/989/2 990/990/2
f 991/991/230 992/992/230 993/993/230
f 994/994/231 995/995/231 996/996/231
f 997/997/232 998/998/232 999/999/232
f 1000/1000/233 1001/1001/233 1002/1002/233
f 1003/1003/234 1004/1004/234 1005/1005/234
f 1006/1006/235 1007/1007/235 1008/1008/235
f 1009/1009/236 1010/1010/236 1011/1011/236
f 1012/1012/237 1013/1013/237 1014/1014/237
f 1015/1015/238 1016/1016/238 1017/1017/238
f 1018/1018/2 1019/1019/2 1020/1020/2
f 1021/1021/2 1022/1022/2 1023/1023/2
f 1024/1024/2 1025/1025/2 1026/1026/2
f 1027/1027/2 1028/1028/2 1029/1029/2
f 1030/1030/2 1031/1031/2 1032/1032/2
f 1033/1033/2 1034/1034/2 1035/1035/2
f 1036/1036/2 1037/1037/2 1038/1038/2
f 1039/1039/2 1040/1040/2 1041/1041/2
f 1042/1042/2 1043/1043/2 1044/1044/2
f 1045/1045/239 1046/1046/239 1047/1047/239
f 1048/1048/240 1049/1049/240 1050/1050/240
f 1051/1051/241 1052/1052/241 1053/1053/241
f 1054/1054/242 1055/1055/242 1056/1056/242
f 1057/1057/243 1058/1058/243 1059/1059/243
f 1060/1060/244 1061/1061/244 1062/1062/244
f 1063/1063/245 1064/1064/245 1065/1065/245
f 1066/1066/246 1067/1067/246 1068/1068/246
f 1069/1069/247 1070/1070/247 1071/1071/247
f 1072/1072/248 1073/1073/248 1074/1074/248
f 1075/1075/249 1076/1076/249 1077/1077/249
f 1078/1078/250 1079/1079/250 1080/1080/250
f 1081/1081/251 1082/1082/251 1083/1083/251
f 1084/1084/252 1085/1085/252 1086/1086/252
f 1087/1087/253 1088/1088/253 1089/1089/253
f 1090/1090/254 1091/1091/254 1092/1092/254
f 1093/1093/255 1094/1094/255 1095/1095/255
f 1096/1096/256 1097/1097/256 1098/1098/256
f 1099/1099/257 1100/1100/257 1101/1101/257
f 1102/1102/258 1103/1103/258 1104/1104/258
f 1105/1105/259 1106/1106/259 1107/1107/259
f 1108/1108/260 1109/1109/260 1110/1110/260
f 1111/1111/261 1112/1112/261 1113/1113/261
f 1114/1114/262 1115/1115/262 1116/1116/262
f 1117/1117/263 1118/1118/263 1119/1119/263
f 1120/1120/264 1121/1121/264 1122/1122/264
f 1123/1123/2 1124/1124/2 1125/1125/2
f 1126/1126/2 1127/1127/2 1128/1128/2
f 1129/1129/2 1130/1130/2 1131/1131/2
f 1132/1132/2 1133/1133/2 1134/1134/2
f 1135/1135/2 1136/1136/2 1137/1137/2
f 1138/1138/2 1139/1139/2 1140/1140/2
f 1141/1141/2 1142/1142/2 1143/1143/2
f 1144/1144/2 1145/1145/2 1146/1146/2
f 1147/1147/265 1148/1148/265 1149/1149/265
f 1150/1150/266 1151/1151/266 1152/1152/266
f 1153/1153/267 1154/1154/267 1155/1155/267
f 1156/1156/268 1157/1157/268 1158/1158/268
f 1159/1159/269 1160/1160/269 1161/1161/269
f 1162/1162/270 1163/1163/270 1164/1164/270
f 1165/1165/271 1166/1166/271 1167/1167/271
f 1168/1168/272 1169/1169/272 1170/1170/272
f 1171/1171/273 1172/1172/273 1173/1173/273
f 1174/1174/274 1175/1175/274 1176/1176/274
f 1177/1177/275 1178/1178/275 1179/1179/275
f 1180/1180/276 1181/1181/276 1182/1182/276
f 1183/1183/277 1184/1184/277 1185/1185/277
f 1186/1186/278 1187/1187/278 1188/1188/278
f 1189/1189/279 1190/1190/279 1191/1191/279
f 1192/1192/280 1193/1193/280 1194/1194/280
f 1195/1195/281 1196/1196/281 1197/1197/281
f 1198/1198/282 1199/1199/282 1200/1200/282
f 1201/1201/283 1202/1202/283 1203/1203/283
f 1204/1204/284 1205/1205/284 1206/1206/284
f 1207/1207/285 1208/1208/285 1209/1209/285
f 1210/1210/286 1211/1211/286 1212/1212/286
f 1213/1213/287 1214/1214/287 1215/1215/287
f 1216/1216/288 1217/1217/288 1218/1218/288
f 1219/1219/289 1220/1220/289 1221/1221/289
f 1222/1222/290 1223/1223/290 1224/1224/290
f 1225/1225/291 1226/1226/291 1227/1227/291
f 1228/1228/292 1229/1229/292 1230/1230/292
f 1231/1231/293 1232/1232/293 1233/1233/293
f 1234/1234/294 1235/1235/294 1236/1236/294
f 1237/1237/295 1238/1238/295 1239/1239/295
f 1240/1240/296 1241/1241/296 1242/1242/296
f 1243/1243/297 1244/1244/297 1245/1245/297
f 1246/1246/298 1247/1247/298 1248/1248/298
f 1249/1249/299 1250/1250/299 1251/1251/299
f 1252/1252/300 1253/1253/300 1254/1254/300
f 1255/1255/301 1256/1256/301 1257/1257/301
f 1258/1258/302 1259/1259/302 1260/1260/302
f 1261/1261/303 1262/1262/303 1263/1263/303
f 1264/1264/304 1265/1265/304 1266/1266/304
f 1267/1267/305 1268/1268/305 1269/1269/305
f 1270/1270/306 1271/1271/306 1272/1272/306
f 1273/1273/307 1274/1274/307 1275/1275/307
f 1276/1276/308 1277/1277/308 1278/1278/308
f 1279/1279/309 1280/1280/309 1281/1281/309
f 1282/1282/310 1283/1283/310 1284/1284/310
f 1285/1285/311 1286/1286/311 1287/1287/311
f 1288/1288/312 1289/1289/312 1290/1290/312
f 1291/1291/313 1292/1292/313 1293/1293/313
f 1294/1294/314 1295/1295/314 1296/1296/314
f 1297/1297/315 1298/1298/315 1299/1299/315
f 1300/1300/316 1301/1301/316 1302/1302/316
f 1303/1303/317 1304/1304/317 1305/1305/317
f 1306/1306/318 1307/1307/318 1308/1308/318
f 1309/1309/319 1310/1310/319 1311/1311/319
f 1312/1312/320 1313/1313/320 1314/1314/320
f 1315/1315/3 1316/1316/3 1317/1317/3
f 1318/1318/3 1319/1319/3 1320/1320/3
f 1321/1321/321 1322/1322/321 1323/1323/321
f 1324/1324/322 1325/1325/322 1326/1326/322
f 1327/1327/2 1328/1328/2 1329/1329/2
f 1330/1330/323 1331/1331/323 1332/1332/323
f 1333/1333/324 1334/1334/324 1335/1335/324
f 1336/1336/325 1337/1337/325 1338/1338/325
f 1339/1339/326 1340/1340/326 1341/1341/326
f 1342/1342/327 1343/1343/327 1344/1344/327
f 1345/1345/328 1346/1346/328 1347/1347/328
f 1348/1348/329 1349/1349/329 1350/1350/329
f 1351/1351/330 1352/1352/330 1353/1353/330
f 1354/1354/331 1355/1355/331 1356/1356/331
f 1357/1357/332 1358/1358/332 1359/1359/332
f 1360/1360/3 1361/1361/3 1362/1362/3
f 1363/1363/333 1364/1364/333 1365/1365/333
f 1366/1366/334 1367/1367/334 1368/1368/334
f 1369/1369/335 1370/1370/335 1371/1371/335
f 1372/1372/336 1373/1373/336 1374/1374/336
f 1375/1375/337 1376/1376/337 1377/1377/337
f 1378/1378/338 1379/1379/338 1380/1380/338
f 1381/1381/339 1382/1382/339 1383/1383/339
f 1384/1384/340 1385/1385/340 1386/1386/340
f 1387/1387/341 1388/1388/341 1389/1389/341
f 1390/1390/342 1391/1391/342 1392/1392/342
f 1393/1393/343 1394/1394/343 1395/1395/343
f 1396/1396/344 1397/1397/344 1398/1398/344
f 1399/1399/345 1400/1400/345 1401/1401/345
f 1402/1402/346 1403/1403/346 1404/1404/346
f 1405/1405/347 1406/1406/347 1407/1407/347
f 1408/1408/348 1409/1409/348 1410/1410/348
f 1411/1411/349 1412/1412/349 1413/1413/349
f 1414/1414/350 1415/1415/350 1416/1416/350
f 1417/1417/351 1418/1418/351 1419/1419/351
f 1420/1420/352 1421/1421/352 1422/1422/352
f 1423/1423/353 1424/1424/353 1425/1425/353
f 1426/1426/58 1427/1427/58 1428/1428/58
f 1429/1429/354 1430/1430/354 1431/1431/354
f 1432/1432/354 1433/1433/354 1434/1434/354
f 1435/1435/355 1436/1436/355 1437/1437/355
f 1438/1438/356 1439/1439/356 1440/1440/356
f 1441/1441/357 1442/1442/357 1443/1443/357
f 1444/1444/357 1445/1445/357 1446/1446/357
f 1447/1447/358 1448/1448/358 1449/1449/358
f 1450/1450/358 1451/1451/358 1452/1452/358
f 1453/1453/359 1454/1454/359 1455/1455/359
f 1456/1456/360 1457/1457/360 1458/1458/360
f 1459/1459/361 1460/1460/361 1461/1461/361
f 1462/1462/362 1463/1463/362 1464/1464/362
f 1465/1465/363 1466/1466/363 1467/1467/363
f 1468/1468/364 1469/1469/364 1470/1470/364
f 1471/1471/365 1472/1472/365 1473/1473/365
f 1474/1474/366 1475/1475/366 1476/1476/366
f 1477/1477/367 1478/1478/367 1479/1479/367
f 1480/1480/368 1481/1481/368 1482/1482/368
f 1483/1483/369 1484/1484/369 1485/1485/369
f 1486/1486/3 1487/1487/3 1488/1488/3
f 1489/1489/3 1490/1490/3 1491/1491/3
f 1492/1492/3 1493/1493/3 1494/1494/3
f 1495/1495/3 1496/1496/3 1497/1497/3
f 1498/1498/3 1499/1499/3 1500/1500/3
f 1501/1501/3 1502/1502/3 1503/1503/3
f 1504/1504/3 1505/1505/3 1506/1506/3
f 1507/1507/3 1508/1508/3 1509/1509/3
f 1510/1510/3 1511/1511/3 1512/1512/3
f 1513/1513/370 1514/1514/370 1515/1515/370
f 1516/1516/3 1517/1517/3 1518/1518/3
f 1519/1519/371 1520/1520/371 1521/1521/371
f 1522/1522/372 1523/1523/372 1524/1524/372
f 1525/1525/373 1526/1526/373 1527/1527/373
f 1528/1528/374 1529/1529/374 1530/1530/374
f 1531/1531/375 1532/1532/375 1533/1533/375
f 1534/1534/376 1535/1535/376 1536/1536/376
f 1537/1537/377 1538/1538/377 1539/1539/377
f 1540/1540/378 1541/1541/378 1542/1542/378
f 1543/1543/379 1544/1544/379 1545/1545/379
f 1546/1546/2 1547/1547/2 1548/1548/2
f 1549/1549/2 1550/1550/2 1551/1551/2
f 1552/1552/2 1553/1553/2 1554/1554/2
f 1555/1555/2 1556/1556/2 1557/1557/2
f 1558/1558/2 1559/1559/2 1560/1560/2
f 1561/1561/380 1562/1562/380 1563/1563/380
f 1564/1564/381 1565/1565/381 1566/1566/381
f 1567/1567/382 1568/1568/382 1569/1569/382
f 1570/1570/383 1571/1571/383 1572/1572/383
f 1573/1573/384 1574/1574/384 1575/1575/384
f 1576/1576/385 1577/1577/385 1578/1578/385
f 1579/1579/386 1580/1580/386 1581/1581/386
f 1582/1582/387 1583/1583/387 1584/1584/387
f 1585/1585/388 1586/1586/388 1587/1587/388
f 1588/1588/389 1589/1589/389 1590/1590/389
f 1591/1591/390 1592/1592/390 1593/1593/390
f 1594/1594/391 1595/1595/391 1596/1596/391
f 1597/1597/392 1598/1598/392 1599/1599/392
f 1600/1600/393 1601/1601/393 1602/1602/393
f 1603/1603/394 1604/1604/394 1605/1605/394
f 1606/1606/395 1607/1607/395 1608/1608/395
f 1609/1609/396 1610/1610/396 1611/1611/396
f 1612/1612/397 1613/1613/397 1614/1614/397
f 1615/1615/398 1616/1616/398 1617/1617/398
f 1618/1618/399 1619/1619/399 1620/1620/399
f 1621/1621/400 1622/1622/400 1623/1623/400
f 1624/1624/401 1625/1625/401 1626/1626/401
f 1627/1627/402 1628/1628/402 1629/1629/402
f 1630/1630/403 1631/1631/403 1632/1632/403
f 1633/1633/404 1634/1634/404 1635/1635/404
f 1636/1636/405 1637/1637/405 1638/1638/405
f 1639/1639/406 1640/1640/406 1641/1641/406
f 1642/1642/407 1643/1643/407 1644/1644/407
f 1645/1645/408 1646/1646/408 1647/1647/408
f 1648/1648/2 1649/1649/2 1650/1650/2
f 1651/1651/2 1652/1652/2 1653/1653/2
f 1654/1654/3 1655/1655/3 1656/1656/3
f 1657/1657/3 1658/1658/3 1659/1659/3
f 1660/1660/3 1661/1661/3 1662/1662/3
f 1663/1663/3 1664/1664/3 1665/1665/3
f 1666/1666/3 1667/1667/3 1668/1668/3
f 1669/1669/409 1670/1670/409 1671/1671/409
f 1672/1672/410 1673/1673/410 1674/1674/410
f 1675/1675/411 1676/1676/411 1677/1677/411
f 1678/1678/412 1679/1679/412 1680/1680/412
f 1681/1681/3 1682/1682/3 1683/1683/3
f 1684/1684/3 1685/1685/3 1686/1686/3
f 1687/1687/3 1688/1688/3 1689/1689/3
f 1690/1690/3 1691/1691/3 1692/1692/3
f 1693/1693/3 1694/1694/3 1695/1695/3
f 1696/1696/3 1697/1697/3 1698/1698/3
f 1699/1699/3 1700/1700/3 1701/1701/3
f 1702/1702/3 1703/1703/3 1704/1704/3
f 1705/1705/3 1706/1706/3 1707/1707/3
f 1708/1708/413 1709/1709/413 1710/1710/413
f 1711/1711/414 1712/1712/414 1713/1713/414
f 1714/1714/415 1715/1715/415 1716/1716/415
f 1717/1717/416 1718/1718/416 1719/1719/416
f 1720/1720/417 1721/1721/417 1722/1722/417
f 1723/1723/418 1724/1724/418 1725/1725/418
f 1726/1726/419 1727/1727/419 1728/1728/419
f 1729/1729/420 1730/1730/420 1731/1731/420
f 1732/1732/421 1733/1733/421 1734/1734/421
f 1735/1735/2 1736/1736/2 1737/1737/2
f 1738/1738/2 1739/1739/2 1740/1740/2
f 1741/1741/2 1742/1742/2 1743/1743/2
f 1744/1744/2 1745/1745/2 1746/1746/2
f 1747/1747/2 1748/1748/2 1749/1749/2
f 1750/1750/2 1751/1751/2 1752/1752/2
f 1753/1753/2 1754/1754/2 1755/1755/2
f 1756/1756/2 1757/1757/2 1758/1758/2
f 1759/1759/3 1760/1760/3 1761/1761/3
f 1762/1762/3 1763/1763/3 1764/1764/3
f 1765/1765/3 1766/1766/3 1767/1767/3
f 1768/1768/3 1769/1769/3 1770/1770/3
f 1771/1771/3 1772/1772/3 1773/1773/3
f 1774/1774/3 1775/1775/3 1776/1776/3
f 1777/1777/3 1778/1778/3 1779/1779/3
f 1780/1780/3 1781/1781/3 1782/1782/3
f 1783/1783/2 1784/1784/2 1785/1785/2
f 1786/1786/2 1787/1787/2 1788/1788/2
f 1789/1789/2 1790/1790/2 1791/1791/2
f 1792/1792/2 1793/1793/2 1794/1794/2
f 1795/1795/2 1796/1796/2 1797/1797/2
f 1798/1798/2 1799/1799/2 1800/1800/2
f 1801/1801/2 1802/1802/2 1803/1803/2
f 1804/1804/2 1805/1805/2 1806/1806/2
f 1807/1807/422 1808/1808/422 1809/1809/422
f 1810/1810/423 1811/1811/423 1812/1812/423
f 1813/1813/424 1814/1814/424 1815/1815/424
f 1816/1816/425 1817/1817/425 1818/1818/425
f 1819/1819/426 1820/1820/426 1821/1821/426
f 1822/1822/427 1823/1823/427 1824/1824/427
f 1825/1825/428 1826/1826/428 1827/1827/428
f 1828/1828/429 1829/1829/429 1830/1830/429
f 1831/1831/430 1832/1832/430 1833/1833/430
f 1834/1834/431 1835/1835/431 1836/1836/431
f 1837/1837/432 1838/1838/432 1839/1839/432
f 1840/1840/433 1841/1841/433 1842/1842/433
f 1843/1843/434 1844/1844/434 1845/1845/434
f 1846/1846/435 1847/1847/435 1848/1848/435
f 1849/1849/436 1850/1850/436 1851/1851/436
f 1852/1852/437 1853/1853/437 1854/1854/437
f 1855/1855/3 1856/1856/3 1857/1857/3
f 1858/1858/3 1859/1859/3 1860/1860/3
f 1861/1861/3 1862/1862/3 1863/1863/3
f 1864/1864/3 1865/1865/3 1866/1866/3
f 1867/1867/3 1868/1868/3 1869/1869/3
f 1870/1870/3 1871/1871/3 1872/1872/3
f 1873/1873/3 1874/1874/3 1875/1875/3
f 1876/1876/3 1877/1877/3 1878/1878/3
f 1879/1879/438 1880/1880/438 1881/1881/438
f 1882/1882/439 1883/1883/439 1884/1884/439
f 1885/1885/440 1886/1886/440 1887/1887/440
f 1888/1888/441 1889/1889/441 1890/1890/441
f 1891/1891/442 1892/1892/442 1893/1893/442
f 1894/1894/443 1895/1895/443 1896/1896/443
f 1897/1897/444 1898/1898/444 1899/1899/444
f 1900/1900/445 1901/1901/445 1902/1902/445
f 1903/1903/446 1904/1904/446 1905/1905/446
f 1906/1906/447 1907/1907/447 1908/1908/447
f 1909/1909/448 1910/1910/448 1911/1911/448
f 1912/1912/449 1913/1913/449 1914/1914/449
f 1915/1915/450 1916/1916/450 1917/1917/450
f 1918/1918/451 1919/1919/451 1920/1920/451
f 1921/1921/2 1922/1922/2 1923/1923/2
f 1924/1924/2 1925/1925/2 1926/1926/2
f 1927/1927/2 1928/1928/2 1929/1929/2
f 1930/1930/2 1931/1931/2 1932/1932/2
f 1933/1933/2 1934/1934/2 1935/1935/2
f 1936/1936/2 1937/1937/2 1938/1938/2
f 1939/1939/2 1940/1940/2 1941/1941/2
f 1942/1942/2 1943/1943/2 1944/1944/2
f 1945/1945/2 1946/1946/2 1947/1947/2
f 1948/1948/2 1949/1949/2 1950/1950/2
f 1951/1951/2 1952/1952/2 1953/1953/2
f 1954/1954/2 1955/1955/2 1956/1956/2
f 1957/1957/2 1958/1958/2 1959/1959/2
f 1960/1960/2 1961/1961/2 1962/1962/2
f 1963/1963/452 1964/1964/452 1965/1965/452
f 1966/1966/453 1967/1967/453 1968/1968/453
f 1969/1969/454 1970/1970/454 1971/1971/454
f 1972/1972/2 1973/1973/2 1974/1974/2
f 1975/1975/2 1976/1976/2 1977/1977/2
f 1978/1978/2 1979/1979/2 1980/1980/2
f 1981/1981/2 1982/1982/2 1983/1983/2
f 1984/1984/1 1985/1985/1 1986/1986/1
f 1987/1987/3 1988/1988/3 1989/1989/3
f 1990/1990/3 1991/1991/3 1992/1992/3
f 1993/1993/3 1994/1994/3 1995/1995/3
f 1996/1996/3 1997/1997/3 1998/1998/3
f 1999/1999/3 2000/2000/3 2001/2001/3
f 2002/2002/3 2003/2003/3 2004/2004/3
f 2005/2005/455 2006/2006/455 2007/2007/455
f 2008/2008/456 2009/2009/456 2010/2010/456
f 2011/2011/457 2012/2012/457 2013/2013/457
f 2014/2014/3 2015/2015/3 2016/2016/3
f 2017/2017/3 2018/2018/3 2019/2019/3
f 2020/2020/3 2021/2021/3 2022/2022/3
f 2023/2023/3 2024/2024/3 2025/2025/3
f 2026/2026/2 2027/2027/2 2028/2028/2
f 2029/2029/2 2030/2030/2 2031/2031/2
f 2032/2032/2 2033/2033/2 2034/2034/2
f 2035/2035/458 2036/2036/458 2037/2037/458
f 2038/2038/459 2039/2039/459 2040/2040/459
f 2041/2041/460 2042/2042/460 2043/2043/460
f 2044/2044/461 2045/2045/461 2046/2046/461
f 2047/2047/462 2048/2048/462 2049/2049/462
f 2050/2050/463 2051/2051/463 2052/2052/463
f 2053/2053/464 2054/2054/464 2055/2055/464
f 2056/2056/465 2057/2057/465 2058/2058/465
f 2059/2059/466 2060/2060/466 2061/2061/466
f 2062/2062/466 2063/2063/466 2064/2064/466
f 2065/2065/422 2066/2066/422 2067/2067/422
f 2068/2068/3 2069/2069/3 2070/2070/3
f 2071/2071/3 2072/2072/3 2073/2073/3
f 2074/2074/3 2075/2075/3 2076/2076/3
f 2077/2077/3 2078/2078/3 2079/2079/3
f 2080/2080/3 2081/2081/3 2082/2082/3
f 2083/2083/3 2084/2084/3 2085/2085/3
f 2086/2086/3 2087/2087/3 2088/2088/3
f 2089/2089/467 2090/2090/467 2091/2091/467
f 2092/2092/468 2093/2093/468 2094/2094/468
f 2095/2095/469 2096/2096/469 2097/2097/469
f 2098/2098/470 2099/2099/470 2100/2100/470
f 2101/2101/471 2102/2102/471 2103/2103/471
f 2104/2104/472 2105/2105/472 2106/2106/472
f 2107/2107/473 2108/2108/473 2109/2109/473
f 2110/2110/474 2111/2111/474 2112/2112/474
f 2113/2113/475 2114/2114/475 2115/2115/475
f 2116/2116/3 2117/2117/3 2118/2118/3
f 2119/2119/3 2120/2120/3 2121/2121/3
f 2122/2122/3 2123/2123/3 2124/2124/3
f 2125/2125/476 2126/2126/476 2127/2127/476
f 2128/2128/477 2129/2129/477 2130/2130/477
f 2131/2131/478 2132/2132/478 2133/2133/478
f 2134/2134/479 2135/2135/479 2136/2136/479
f 2137/2137/480 2138/2138/480 2139/2139/480
f 2140/2140/481 2141/2141/481 2142/2142/481
f 2143/2143/482 2144/2144/482 2145/2145/482
f 2146/2146/483 2147/2147/483 2148/2148/483
f 2149/2149/484 2150/2150/484 2151/2151/484
f 2152/2152/485 2153/2153/485 2154/2154/485
f 2155/2155/486 2156/2156/486 2157/2157/486
f 2158/2158/487 2159/2159/487 2160/2160/487
f 2161/2161/488 2162/2162/488 2163/2163/488
f 2164/2164/489 2165/2165/489 2166/2166/489
f 2167/2167/490 2168/2168/490 2169/2169/490
f 2170/2170/491 2171/2171/491 2172/2172/491
f 2173/2173/2 2174/2174/2 2175/2175/2
f 2176/2176/2 2177/2177/2 2178/2178/2
f 2179/2179/2 2180/2180/2 2181/2181/2
f 2182/2182/2 2183/2183/2 2184/2184/2
f 2185/2185/2 2186/2186/2 2187/2187/2
f 2188/2188/2 2189/2189/2 2190/2190/2
f 2191/2191/3 2192/2192/3 2193/2193/3
f 2194/2194/3 2195/2195/3 2196/2196/3
f 2197/2197/3 2198/2198/3 2199/2199/3
f 2200/2200/3 2201/2201/3 2202/2202/3
f 2203/2203/3 2204/2204/3 2205/2205/3
f 2206/2206/3 2207/2207/3 2208/2208/3
f 2209/2209/492 2210/2210/492 2211/2211/492
f 2212/2212/493 2213/2213/493 2214/2214/493
f 2215/2215/494 2216/2216/494 2217/2217/494
f 2218/2218/495 2219/2219/495 2220/2220/495
f 2221/2221/496 2222/2222/496 2223/2223/496
f 2224/2224/2 2225/2225/2 2226/2226/2
f 2227/2227/2 2228/2228/2 2229/2229/2
f 2230/2230/2 2231/2231/2 2232/2232/2
f 2233/2233/2 2234/2234/2 2235/2235/2
f 2236/2236/2 2237/2237/2 2238/2238/2
f 2239/2239/497 2240/2240/497 2241/2241/497
f 2242/2242/498 2243/2243/498 2244/2244/498
f 2245/2245/499 2246/2246/499 2247/2247/499
f 2248/2248/500 2249/2249/500 2250/2250/500
f 2251/2251/501 2252/2252/501 2253/2253/501
f 2254/2254/502 2255/2255/502 2256/2256/502
f 2257/2257/503 2258/2258/503 2259/2259/503
f 2260/2260/504 2261/2261/504 2262/2262/504
f 2263/2263/504 2264/2264/504 2265/2265/504
f 2266/2266/505 2267/2267/505 2268/2268/505
f 2269/2269/506 2270/2270/506 2271/2271/506
f 2272/2272/507 2273/2273/507 2274/2274/507
f 2275/2275/508 2276/2276/508 2277/2277/508
f 2278/2278/509 2279/2279/509 2280/2280/509
f 2281/2281/510 2282/2282/510 2283/2283/510
f 2284/2284/511 2285/2285/511 2286/2286/511
f 2287/2287/512 2288/2288/512 2289/2289/512
f 2290/2290/513 2291/2291/513 2292/2292/513
f 2293/2293/514 2294/2294/514 2295/2295/514
f 2296/2296/515 2297/2297/515 2298/2298/515
f 2299/2299/516 2300/2300/516 2301/2301/516
f 2302/2302/517 2303/2303/517 2304/2304/517
f 2305/2305/2 2306/2306/2 2307/2307/2
f 2308/2308/2 2309/2309/2 2310/2310/2
f 2311/2311/2 2312/2312/2 2313/2313/2
f 2314/2314/2 2315/2315/2 2316/2316/2
f 2317/2317/2 2318/2318/2 2319/2319/2
f 2320/2320/2 2321/2321/2 2322/2322/2
f 2323/2323/2 2324/2324/2 2325/2325/2
f 2326/2326/2 2327/2327/2 2328/2328/2
f 2329/2329/3 2330/2330/3 2331/2331/3
f 2332/2332/3 2333/2333/3 2334/2334/3
f 2335/2335/3 2336/2336/3 2337/2337/3
f 2338/2338/3 2339/2339/3 2340/2340/3
f 2341/2341/3 2342/2342/3 2343/2343/3
f 2344/2344/3 2345/2345/3 2346/2346/3
f 2347/2347/3 2348/2348/3 2349/2349/3
f 2350/2350/3 2351/2351/3 2352/2352/3
f 2353/2353/3 2354/2354/3 2355/2355/3
f 2356/2356/3 2357/2357/3 2358/2358/3
f 2359/2359/3 2360/2360/3 2361/2361/3
f 2362/2362/3 2363/2363/3 2364/2364/3
f 2365/2365/3 2366/2366/3 2367/2367/3
f 2368/2368/3 2369/2369/3 2370/2370/3
f 2371/2371/3 2372/2372/3 2373/2373/3
f 2374/2374/518 2375/2375/518 2376/2376/518
f 2377/2377/519 2378/2378/519 2379/2379/519
f 2380/2380/520 2381/2381/520 2382/2382/520
f 2383/2383/521 2384/2384/521 2385/2385/521
f 2386/2386/522 2387/2387/522 2388/2388/522
f 2389/2389/523 2390/2390/523 2391/2391/523
f 2392/2392/524 2393/2393/524 2394/2394/524
f 2395/2395/3 2396/2396/3 2397/2397/3
f 2398/2398/3 2399/2399/3 2400/2400/3
f 2401/2401/3 2402/2402/3 2403/2403/3
f 2404/2404/525 2405/2405/525 2406/2406/525
f 2407/2407/526 2408/2408/526 2409/2409/526
f 2410/2410/527 2411/2411/527 2412/2412/527
f 2413/2413/528 2414/2414/528 2415/2415/528
f 2416/2416/529 2417/2417/529 2418/2418/529
f 2419/2419/3 2420/2420/3 2421/2421/3
f 2422/2422/3 2423/2423/3 2424/2424/3
f 2425/2425/3 2426/2426/3 2427/2427/3
f 2428/2428/3 2429/2429/3 2430/2430/3
f 2431/2431/530 2432/2432/530 2433/2433/530
f 2434/2434/531 2435/2435/531 2436/2436/531
f 2437/2437/532 2438/2438/532 2439/2439/532
f 2440/2440/533 2441/2441/533 2442/2442/533
f 2443/2443/534 2444/2444/534 2445/2445/534
f 2446/2446/535 2447/2447/535 2448/2448/535
f 2449/2449/536 2450/2450/536 2451/2451/536
f 2452/2452/537 2453/2453/537 2454/2454/537
f 2455/2455/538 2456/2456/538 2457/2457/538
f 2458/2458/539 2459/2459/539 2460/2460/539
f 2461/2461/540 2462/2462/540 2463/2463/540
f 2464/2464/3 2465/2465/3 2466/2466/3
f 2467/2467/3 2468/2468/3 2469/2469/3
f 2470/2470/3 2471/2471/3 2472/2472/3
f 2473/2473/3 2474/2474/3 2475/2475/3
f 2476/2476/3 2477/2477/3 2478/2478/3
f 2479/2479/541 2480/2480/541 2481/2481/541
f 2482/2482/542 2483/2483/542 2484/2484/542
f 2485/2485/543 2486/2486/543 2487/2487/543
f 2488/2488/2 2489/2489/2 2490/2490/2
f 2491/2491/3 2492/2492/3 2493/2493/3
f 2494/2494/3 2495/2495/3 2496/2496/3
f 2497/2497/3 2498/2498/3 2499/2499/3
f 2500/2500/3 2501/2501/3 2502/2502/3
f 2503/2503/2 2504/2504/2 2505/2505/2
f 2506/2506/2 2507/2507/2 2508/2508/2
f 2509/2509/2 2510/2510/2 2511/2511/2
f 2512/2512/2 2513/2513/2 2514/2514/2
f 2515/2515/2 2516/2516/2 2517/2517/2
f 2518/2518/544 2519/2519/544 2520/2520/544
f 2521/2521/545 2522/2522/545 2523/2523/545
f 2524/2524/546 2525/2525/546 2526/2526/546
f 2527/2527/547 2528/2528/547 2529/2529/547
f 2530/2530/548 2531/2531/548 2532/2532/548
f 2533/2533/549 2534/2534/549 2535/2535/549
f 2536/2536/550 2537/2537/550 2538/2538/550
f 2539/2539/551 2540/2540/551 2541/2541/551
f 2542/2542/552 2543/2543/552 2544/2544/552
f 2545/2545/553 2546/2546/553 2547/2547/553
f 2548/2548/3 2549/2549/3 2550/2550/3
f 2551/2551/554 2552/2552/554 2553/2553/554
f 2554/2554/555 2555/2555/555 2556/2556/555
f 2557/2557/556 2558/2558/556 2559/2559/556
f 2560/2560/3 2561/2561/3 2562/2562/3
f 2563/2563/3 2564/2564/3 2565/2565/3
f 2566/2566/557 2567/2567/557 2568/2568/557
f 2569/2569/558 2570/2570/558 2571/2571/558
f 2572/2572/559 2573/2573/559 2574/2574/559
f 2575/2575/560 2576/2576/560 2577/2577/560
f 2578/2578/561 2579/2579/561 2580/2580/561
f 2581/2581/562 2582/2582/562 2583/2583/562
f 2584/2584/563 2585/2585/563 2586/2586/563
f 2587/2587/564 2588/2588/564 2589/2589/564
f 2590/2590/565 2591/2591/565 2592/2592/565
f 2593/2593/566 2594/2594/566 2595/2595/566
f 2596/2596/567 2597/2597/567 2598/2598/567
f 2599/2599/568 2600/2600/568 2601/2601/568
f 2602/2602/2 2603/2603/2 2604/2604/2
f 2605/2605/569 2606/2606/569 2607/2607/569
f 2608/2608/570 2609/2609/570 2610/2610/570
f 2611/2611/571 2612/2612/571 2613/2613/571
f 2614/2614/2 2615/2615/2 2616/2616/2
f 2617/2617/2 2618/2618/2 2619/2619/2
f 2620/2620/2 2621/2621/2 2622/2622/2
f 2623/2623/2 2624/2624/2 2625/2625/2
f 2626/2626/2 2627/2627/2 2628/2628/2
f 2629/2629/2 2630/2630/2 2631/2631/2
f 2632/2632/2 2633/2633/2 2634/2634/2
f 2635/2635/2 2636/2636/2 2637/2637/2
f 2638/2638/2 2639/2639/2 2640/2640/2
f 2641/2641/572 2642/2642/572 2643/2643/572
f 2644/2644/573 2645/2645/573 2646/2646/573
f 2647/2647/574 2648/2648/574 2649/2649/574
f 2650/2650/575 2651/2651/575 2652/2652/575
f 2653/2653/2 2654/2654/2 2655/2655/2
f 2656/2656/2 2657/2657/2 2658/2658/2
f 2659/2659/2 2660/2660/2 2661/2661/2
f 2662/2662/2 2663/2663/2 2664/2664/2
f 2665/2665/2 2666/2666/2 2667/2667/2
f 2668/2668/2 2669/2669/2 2670/2670/2
f 2671/2671/2 2672/2672/2 2673/2673/2
f 2674/2674/2 2675/2675/2 2676/2676/2
f 2677/2677/576 2678/2678/576 2679/2679/576
f 2680/2680/577 2681/2681/577 2682/2682/577
f 2683/2683/578 2684/2684/578 2685/2685/578
f 2686/2686/2 2687/2687/2 2688/2688/2
f 2689/2689/2 2690/2690/2 2691/2691/2
f 2692/2692/2 2693/2693/2 2694/2694/2
f 2695/2695/579 2696/2696/579 2697/2697/579
f 2698/2698/580 2699/2699/580 2700/2700/580
f 2701/2701/581 2702/2702/581 2703/2703/581
f 2704/2704/2 2705/2705/2 2706/2706/2
f 2707/2707/2 2708/2708/2 2709/2709/2
f 2710/2710/2 2711/2711/2 2712/2712/2
f 2713/2713/2 2714/2714/2 2715/2715/2
f 2716/2716/2 2717/2717/2 2718/2718/2
f 2719/2719/3 2720/2720/3 2721/2721/3
f 2722/2722/2 2723/2723/2 2724/2724/2
f 2725/2725/2 2726/2726/2 2727/2727/2
f 2728/2728/2 2729/2729/2 2730/2730/2
f 2731/2731/3 2732/2732/3 2733/2733/3
f 2734/2734/3 2735/2735/3 2736/2736/3
f 2737/2737/3 2738/2738/3 2739/2739/3
f 2740/2740/2 2741/2741/2 2742/2742/2
f 2743/2743/2 2744/2744/2 2745/2745/2
f 2746/2746/2 2747/2747/2 2748/2748/2
f 2749/2749/2 2750/2750/2 2751/2751/2
f 2752/2752/2 2753/2753/2 2754/2754/2
f 2755/2755/2 2756/2756/2 2757/2757/2
f 2758/2758/582 2759/2759/582 2760/2760/582
f 2761/2761/583 2762/2762/583 2763/2763/583
f 2764/2764/584 2765/2765/584 2766/2766/584
f 2767/2767/585 2768/2768/585 2769/2769/585
f 2770/2770/586 2771/2771/586 2772/2772/586
f 2773/2773/587 2774/2774/587 2775/2775/587
f 2776/2776/3 2777/2777/3 2778/2778/3
f 2779/2779/3 2780/2780/3 2781/2781/3
f 2782/2782/3 2783/2783/3 2784/2784/3
f 2785/2785/588 2786/2786/588 2787/2787/588
f 2788/2788/589 2789/2789/589 2790/2790/589
f 2791/2791/590 2792/2792/590 2793/2793/590
f 2794/2794/591 2795/2795/591 2796/2796/591
f 2797/2797/592 2798/2798/592 2799/2799/592
f 2800/2800/3 2801/2801/3 2802/2802/3
f 2803/2803/3 2804/2804/3 2805/2805/3
f 2806/2806/3 2807/2807/3 2808/2808/3
f 2809/2809/3 2810/2810/3 2811/2811/3
f 2812/2812/3 2813/2813/3 2814/2814/3
f 2815/2815/3 2816/2816/3 2817/2817/3
f 2818/2818/3 2819/2819/3 2820/2820/3
f 2821/2821/593 2822/2822/593 2823/2823/593
f 2824/2824/593 2825/2825/593 2826/2826/593
f 2827/2827/505 2828/2828/505 2829/2829/505
f 2830/2830/2 2831/2831/2 2832/2832/2
f 2833/2833/2 2834/2834/2 2835/2835/2
f 2836/2836/2 2837/2837/2 2838/2838/2
f 2839/2839/594 2840/2840/594 2841/2841/594
f 2842/2842/594 2843/2843/594 2844/2844/594
f 2845/2845/465 2846/2846/465 2847/2847/465
f 2848/2848/3 2849/2849/3 2850/2850/3
f 2851/2851/3 2852/2852/3 2853/2853/3
f 2854/2854/3 2855/2855/3 2856/2856/3
f 2857/2857/3 2858/2858/3 2859/2859/3
f 2860/2860/3 2861/2861/3 2862/2862/3
f 2863/2863/3 2864/2864/3 2865/2865/3
f 2866/2866/3 2867/2867/3 2868/2868/3
f 2869/2869/3 2870/2870/3 2871/2871/3
f 2872/2872/3 2873/2873/3 2874/2874/3
f 2875/2875/595 2876/2876/595 2877/2877/595
f 2878/2878/596 2879/2879/596 2880/2880/596
f 2881/2881/597 2882/2882/597 2883/2883/597
f 2884/2884/598 2885/2885/598 2886/2886/598
f 2887/2887/599 2888/2888/599 2889/2889/599
f 2890/2890/600 2891/2891/600 2892/2892/600
f 2893/2893/601 2894/2894/601 2895/2895/601
f 2896/2896/602 2897/2897/602 2898/2898/602
f 2899/2899/603 2900/2900/603 2901/2901/603
f 2902/2902/604 2903/2903/604 2904/2904/604
f 2905/2905/605 2906/2906/605 2907/2907/605
f 2908/2908/606 2909/2909/606 2910/2910/606
f 2911/2911/607 2912/2912/607 2913/2913/607
f 2914/2914/608 2915/2915/608 2916/2916/608
f 2917/2917/609 2918/2918/609 2919/2919/609
f 2920/2920/2 2921/2921/2 2922/2922/2
f 2923/2923/2 2924/2924/2 2925/2925/2
f 2926/2926/2 2927/2927/2 2928/2928/2
f 2929/2929/2 2930/2930/2 2931/2931/2
f 2932/2932/3 2933/2933/3 2934/2934/3
f 2935/2935/3 2936/2936/3 2937/2937/3
f 2938/2938/3 2939/2939/3 2940/2940/3
f 2941/2941/3 2942/2942/3 2943/2943/3
f 2944/2944/610 2945/2945/610 2946/2946/610
f 2947/2947/2 2948/2948/2 2949/2949/2
f 2950/2950/2 2951/2951/2 2952/2952/2
f 2953/2953/2 2954/2954/2 2955/2955/2
f 2956/2956/2 2957/2957/2 2958/2958/2
f 2959/2959/2 2960/2960/2 2961/2961/2
f 2962/2962/611 2963/2963/611 2964/2964/611
f 2965/2965/612 2966/2966/612 2967/2967/612
f 2968/2968/613 2969/2969/613 2970/2970/613
f 2971/2971/614 2972/2972/614 2973/2973/614
f 2974/2974/2 2975/2975/2 2976/2976/2
f 2977/2977/2 2978/2978/2 2979/2979/2
f 2980/2980/2 2981/2981/2 2982/2982/2
f 2983/2983/2 2984/2984/2 2985/2985/2
f 2986/2986/2 2987/2987/2 2988/2988/2
f 2989/2989/615 2990/2990/615 2991/2991/615
f 2992/2992/616 2993/2993/616 2994/2994/616
f 2995/2995/3 2996/2996/3 2997/2997/3
f 2998/2998/3 2999/2999/3 3000/3000/3
f 3001/3001/3 3002/3002/3 3003/3003/3
f 3004/3004/3 3005/3005/3 3006/3006/3
f 3007/3007/3 3008/3008/3 3009/3009/3
f 3010/3010/3 3011/3011/3 3012/3012/3
f 3013/3013/3 3014/3014/3 3015/3015/3
f 3016/3016/3 3017/3017/3 3018/3018/3
f 3019/3019/3 3020/3020/3 3021/3021/3
f 3022/3022/3 3023/3023/3 3024/3024/3
f 3025/3025/617 3026/3026/617 3027/3027/617
f 3028/3028/618 3029/3029/618 3030/3030/618
f 3031/3031/619 3032/3032/619 3033/3033/619
f 3034/3034/620 3035/3035/620 3036/3036/620
f 3037/3037/621 3038/3038/621 3039/3039/621
f 3040/3040/622 3041/3041/622 3042/3042/622
f 3043/3043/623 3044/3044/623 3045/3045/623
f 3046/3046/624 3047/3047/624 3048/3048/624
f 3049/3049/625 3050/3050/625 3051/3051/625
f 3052/3052/626 3053/3053/626 3054/3054/626
