mtllib oceansrage.mtl
o mesh_mesh.039
v 1.791440 86.080498 -4.370253
v -14.569501 77.852699 -14.575602
v 1.223790 87.813995 -5.267493
v -14.001901 76.116196 -13.681401
v -14.569501 77.852699 -14.575602
v 1.791440 86.080498 -4.370253
v 12.445399 82.314499 -18.421001
v -3.912471 74.086700 -28.626402
v -3.347881 72.353294 -27.732201
v 11.880899 84.051003 -19.315201
v -3.912471 74.086700 -28.626402
v 12.445399 82.314499 -18.421001
v 1.791440 86.080498 -4.370253
v -3.347881 72.353294 -27.732201
v -14.001901 76.116196 -13.681401
v 12.445399 82.314499 -18.421001
v -3.347881 72.353294 -27.732201
v 1.791440 86.080498 -4.370253
v -14.001901 76.116196 -13.681401
v -3.912471 74.086700 -28.626402
v -14.569501 77.852699 -14.575602
v -3.347881 72.353294 -27.732201
v -3.912471 74.086700 -28.626402
v -14.001901 76.116196 -13.681401
v 12.445399 82.314499 -18.421001
v 1.223790 87.813995 -5.267493
v 11.880899 84.051003 -19.315201
v 1.223790 87.813995 -5.267493
v 12.445399 82.314499 -18.421001
v 1.791440 86.080498 -4.370253
v -4.309211 81.450806 -24.149302
v -6.884982 82.192497 -28.559200
v -5.294961 84.743797 -23.004902
v -9.668261 81.942200 -18.475903
v -5.441451 83.962502 -19.901102
v -4.840241 83.016403 -17.142202
v -4.840241 83.016403 -17.142202
v -5.441451 83.962502 -19.901102
v -2.356031 84.438599 -18.549202
v -4.309211 81.450806 -24.149302
v -5.294961 84.743797 -23.004902
v -2.884001 84.374496 -18.573603
v 1.126129 94.692802 -31.748404
v -1.675471 98.077301 -21.750504
v -10.873701 98.931900 -15.918504
v -10.873701 98.931900 -15.918504
v -1.675471 98.077301 -21.750504
v -8.169810 98.510704 -14.459702
v -11.780100 78.399002 -9.741510
v -0.354015 79.912697 -10.156602
v -8.536031 80.779396 -9.216592
v -7.043671 76.360397 -7.214581
v -0.354015 79.912697 -10.156602
v -11.780100 78.399002 -9.741510
v 13.180899 81.609497 -18.683401
v 5.621509 78.011398 -22.443302
v 11.740499 79.213799 -21.555202
v 5.621509 78.011398 -22.443302
v 13.180899 81.609497 -18.683401
v 8.304090 82.482399 -15.472902
v 0.024414 65.538498 -26.538902
v 5.008089 65.959702 -23.154402
v 8.792379 67.452003 -25.705704
v 0.024414 65.538498 -26.538902
v 8.792379 67.452003 -25.705704
v 0.024414 68.526299 -27.774902
v 6.659139 76.772400 -7.354963
v 12.201301 79.442696 -5.905333
v 11.395599 78.811005 -9.881891
v 9.613330 82.277901 -7.296983
v 11.395599 78.811005 -9.881891
v 12.201301 79.442696 -5.905333
v 0.024414 58.128601 -17.127001
v -4.412981 61.555801 -17.810602
v 0.024414 60.182499 -17.215502
v 0.024414 60.182499 -17.215502
v -4.412981 61.555801 -17.810602
v 0.024414 59.721703 -15.579702
v -6.466869 76.018600 6.982628
v -3.579819 74.208801 8.383427
v -4.971470 72.978905 2.352978
v -6.466869 76.018600 6.982628
v -4.971470 72.978905 2.352978
v -5.545210 77.153801 4.748678
v 7.614370 14.444401 -0.000001
v 3.994870 15.893999 -9.186069
v 6.109809 11.026299 -7.330551
v 6.109809 11.026299 -7.330551
v 0.000000 6.826990 -4.882959
v 7.614370 14.444401 -0.000001
v 0.000000 30.259100 7.742549
v 2.960300 26.743401 7.650989
v 0.000000 28.070900 8.542130
v 2.960300 26.743401 7.650989
v 0.000000 30.259100 7.742549
v 3.698840 30.115700 5.352950
v 0.000000 -3.384501 -10.867600
v 3.006069 -6.094552 -15.854401
v 0.000000 -8.062991 -9.549239
v 0.000000 3.640859 -8.670310
v 3.006069 -6.094552 -15.854401
v 0.000000 -3.384501 -10.867600
v 0.000000 -11.453600 -2.728350
v 1.617480 -10.980600 -0.000000
v 0.000000 -9.518721 -3.231909
v 0.048830 -12.066999 -0.000000
v 1.617480 -10.980600 -0.000000
v 0.000000 -11.453600 -2.728350
v 0.000000 45.045300 6.347849
v -6.347850 45.045300 -0.000001
v 6.347850 45.045300 -0.000001
v 6.347850 45.045300 -0.000001
v -6.347850 45.045300 -0.000001
v 0.000000 45.045300 -6.347851
v -4.730370 5.258340 11.780100
v -6.109809 11.026300 7.330550
v -2.725299 4.373302 16.327400
v -4.730370 5.258340 11.780100
v -2.725299 4.373302 16.327400
v -3.006069 -6.094550 15.854401
v 0.000000 2.856530 -1.910460
v 0.000000 -5.481120 -1.852470
v 1.617480 9.845270 -0.000001
v 0.000000 2.856530 -1.910460
v 1.617480 9.845270 -0.000001
v 0.000000 6.158639 -3.170871
v 0.000000 -11.453600 2.728351
v -1.617480 -10.980600 0.000001
v 0.000000 -9.518721 3.231910
v -0.048830 -12.066999 -0.000000
v -1.617480 -10.980600 0.000001
v 0.000000 -11.453600 2.728351
v 1.617480 9.845270 -0.000001
v 0.000000 2.856530 1.910460
v 0.000000 6.158640 3.170870
v 1.617480 9.845270 -0.000001
v 0.000000 6.158640 3.170870
v 0.000000 6.826991 4.882959
v -1.995910 29.636499 -0.000001
v -1.495410 28.312000 -1.986761
v 0.000000 29.636499 -1.986761
v -1.995910 29.636499 -0.000001
v 0.000000 29.636499 -1.986761
v -1.995910 35.721901 -0.000001
v 0.000000 31.492001 -3.701901
v -3.698840 30.115700 -5.352952
v 0.000000 31.693501 -5.899231
v -3.698840 30.115700 -5.352952
v 0.000000 30.259100 -7.742551
v 0.000000 31.693501 -5.899231
v 0.000000 53.425701 -5.468921
v -7.751700 54.747200 -4.474011
v -5.468920 53.425701 -0.000001
v 0.000000 53.425701 -5.468921
v -5.468920 53.425701 -0.000001
v 0.000000 49.681099 -3.097632
v 1.495410 28.312000 -1.986761
v 0.000000 31.492001 -3.701901
v 3.698840 30.115700 -5.352952
v 0.000000 31.693501 -5.899231
v 3.698840 30.115700 -5.352952
v 0.000000 31.492001 -3.701901
v -9.613330 82.277901 -7.296982
v -0.354015 79.912697 -10.156602
v -5.142370 81.951401 -2.545242
v -5.142370 81.951401 -2.545242
v -8.276620 82.567802 -4.565572
v -9.613330 82.277901 -7.296982
v -14.569501 77.852699 -14.575602
v -3.912471 74.086700 -28.626402
v 11.880899 84.051003 -19.315201
v -14.569501 77.852699 -14.575602
v -1.342811 80.950302 -16.946901
v 11.880899 84.051003 -19.315201
v 11.880899 84.051003 -19.315201
v 1.223790 87.813995 -5.267493
v -14.569501 77.852699 -14.575602
v -8.230841 99.099701 -26.993603
v -7.608261 100.000000 -25.647804
v -2.145451 80.489502 -17.331503
v -7.608261 100.000000 -25.647804
v -8.230841 99.099701 -26.993603
v -6.582841 99.636803 -26.996702
v -13.763802 99.533096 -14.706903
v -12.515601 99.511703 -13.754702
v -13.327401 98.193298 -14.017202
v 1.519818 94.131302 -34.864304
v 1.956239 92.791496 -34.174603
v 2.768028 94.112999 -33.912205
v 1.956239 92.791496 -34.174603
v 1.519818 94.131302 -34.864304
v -13.327401 98.193298 -14.017202
v -8.536031 80.779396 -9.216592
v -0.354015 79.912697 -10.156602
v -9.613330 82.277901 -7.296982
v -0.354015 79.912697 -10.156602
v -8.926661 78.072502 -12.900203
v 8.304090 82.482399 -15.472902
v 4.309210 62.041100 -14.728203
v 4.510639 68.468300 -16.608202
v 4.464859 61.555801 -17.810602
v 8.276620 82.567802 -4.565573
v 6.891080 78.249504 -1.821963
v 5.142370 81.951401 -2.545243
v 16.379299 75.933098 -19.623402
v 12.073099 75.264702 -14.670204
v 17.938801 78.136497 -16.724102
v 2.124090 56.630100 -0.000002
v 0.024415 56.630100 2.920618
v 2.984710 64.821304 2.584918
v 0.024415 68.901596 13.431198
v 3.732411 71.486595 14.401697
v 0.024415 70.265800 12.381397
v 5.023350 72.978905 2.352978
v 5.597090 77.153801 4.748677
v 0.024415 74.935196 2.874837
v 0.024414 75.743904 -21.128002
v 5.621509 78.011398 -22.443302
v -8.087401 74.028702 -21.482002
v -4.150519 76.894402 8.273568
v 0.024415 74.935196 2.874837
v -1.184120 75.618797 8.862577
v 0.000000 19.562399 9.781179
v 0.000001 20.691502 12.884899
v 5.099640 24.710800 12.070099
v 0.024415 74.935196 2.874837
v -5.545210 77.153801 4.748678
v -4.971470 72.978905 2.352978
v -3.781240 64.601601 -12.643803
v -4.257330 62.041100 -14.728203
v -4.455701 68.468300 -16.608202
v 0.024414 68.526299 -27.774902
v -7.821891 67.540504 -25.678303
v 0.024414 65.538498 -26.538902
v -7.800531 71.074600 -24.613201
v 0.024414 75.743904 -21.128002
v -7.129121 71.007401 -17.810602
v 0.024415 63.582302 5.133208
v -2.932830 64.821304 2.584918
v 0.024415 69.954506 10.144398
v 0.000000 56.630100 -8.551291
v 7.751700 54.747200 -4.474012
v 7.406840 56.630100 -4.275642
v 0.000000 -20.026199 -2.887050
v 1.632740 -19.150400 0.000000
v 0.000000 -18.576599 -5.337689
v -1.632740 -19.150400 0.000000
v 0.000000 -20.026199 2.887050
v 0.000000 -25.360901 0.000001
v 0.000000 3.640860 8.670310
v 4.730371 5.258340 11.780100
v 0.000000 6.826991 4.882959
v -0.000001 4.818870 -17.774000
v -0.000001 7.620470 -18.134100
v -2.725301 4.373300 -16.327400
v 2.725299 4.373300 -16.327400
v -0.000001 13.309100 -14.621399
v -0.000001 10.062000 -15.457602
v -3.994870 15.894001 9.186069
v 0.000001 16.763800 11.899200
v 0.000001 13.309100 14.621399
v 0.000000 -8.062989 9.549241
v 3.006071 -6.094550 15.854401
v 0.000000 -3.384500 10.867600
v 0.000001 7.620471 18.134100
v -2.725299 4.373302 16.327400
v 0.000001 10.062000 15.457600
v 0.000000 2.856530 1.910460
v 0.000000 -5.481120 1.852470
v -1.617480 9.845270 0.000000
v 0.000000 43.296600 -7.251201
v 6.347850 45.045300 -0.000001
v 0.000000 45.045300 -6.347851
v 0.000000 19.562399 -9.781181
v -5.099640 24.710800 -12.070101
v 0.000000 21.884800 -9.460741
v -2.960300 26.743401 -7.650991
v 0.000000 27.768799 -10.992801
v 0.000000 28.070900 -8.542132
v -2.960300 26.743401 -7.650991
v -1.495410 28.312000 -1.986761
v 0.000000 23.340601 -6.418041
v 0.000000 54.747200 8.951079
v 7.751700 54.747200 4.474008
v 0.000000 53.425701 5.468918
v -5.468920 53.425701 -0.000001
v -7.751700 54.747200 4.474009
v 0.000000 53.425701 5.468918
v -0.000001 20.691498 -12.884901
v 5.099639 24.710800 -12.070101
v -0.000001 23.322197 -14.038501
v 0.000001 23.322201 14.038499
v -5.099639 24.710800 12.070099
v 0.000001 26.154402 13.336599
v 7.406840 56.630100 -4.275642
v 7.406840 56.630100 4.275638
v 0.000000 56.630100 -8.551291
v 0.000000 19.562399 -9.781181
v -0.000001 20.691498 -12.884901
v -5.099640 24.710800 -12.070101
v -5.099640 24.710800 -12.070101
v -0.000001 20.691498 -12.884901
v -0.000001 23.322197 -14.038501
v -5.099640 24.710800 -12.070101
v -0.000001 23.322197 -14.038501
v -0.000001 26.154398 -13.336601
v -0.000001 26.154398 -13.336601
v -0.000001 23.322197 -14.038501
v 5.099639 24.710800 -12.070101
v -0.000001 26.154398 -13.336601
v 5.099639 24.710800 -12.070101
v 0.000000 27.768799 -10.992801
v 0.000000 27.768799 -10.992801
v 5.099639 24.710800 -12.070101
v 2.960300 26.743401 -7.650991
v 0.000000 27.768799 -10.992801
v 2.960300 26.743401 -7.650991
v 0.000000 28.070900 -8.542132
v 0.000000 28.070900 -8.542132
v 2.960300 26.743401 -7.650991
v 0.000000 30.259100 -7.742551
v 0.000000 28.070900 -8.542132
v 0.000000 30.259100 -7.742551
v -2.960300 26.743401 -7.650991
v -2.960300 26.743401 -7.650991
v 0.000000 30.259100 -7.742551
v -3.698840 30.115700 -5.352952
v -2.960300 26.743401 -7.650991
v -3.698840 30.115700 -5.352952
v -1.495410 28.312000 -1.986761
v -1.495410 28.312000 -1.986761
v -3.698840 30.115700 -5.352952
v 0.000000 31.492001 -3.701901
v -1.495410 28.312000 -1.986761
v 0.000000 31.492001 -3.701901
v 0.000000 29.636499 -1.986761
v 0.000000 29.636499 -1.986761
v 0.000000 31.492001 -3.701901
v 1.495410 28.312000 -1.986761
v 0.000000 29.636499 -1.986761
v 1.495410 28.312000 -1.986761
v 1.995910 29.636499 -0.000001
v 1.995910 29.636499 -0.000001
v 1.495410 28.312000 -1.986761
v 1.995910 19.840101 -0.000000
v 1.995910 29.636499 -0.000001
v 1.995910 19.840101 -0.000000
v 1.495410 28.312000 1.986759
v 1.495410 28.312000 1.986759
v 1.995910 19.840101 -0.000000
v 0.000000 22.205301 3.079319
v 1.495410 28.312000 1.986759
v 0.000000 22.205301 3.079319
v 0.000000 23.340601 6.418039
v 0.000000 23.340601 6.418039
v 0.000000 22.205301 3.079319
v -1.495410 28.312000 1.986759
v 0.000000 23.340601 6.418039
v -1.495410 28.312000 1.986759
v -2.960300 26.743401 7.650989
v -2.960300 26.743401 7.650989
v -1.495410 28.312000 1.986759
v -3.698840 30.115700 5.352950
v -2.960300 26.743401 7.650989
v -3.698840 30.115700 5.352950
v 0.000000 30.259100 7.742549
v 0.000000 30.259100 7.742549
v -3.698840 30.115700 5.352950
v 0.000000 31.693501 5.899229
v 0.000000 30.259100 7.742549
v 0.000000 31.693501 5.899229
v 3.698840 30.115700 5.352950
v 3.698840 30.115700 5.352950
v 0.000000 31.693501 5.899229
v 0.000000 31.492001 3.701899
v 3.698840 30.115700 5.352950
v 0.000000 31.492001 3.701899
v 1.495410 28.312000 1.986759
v 1.495410 28.312000 1.986759
v 0.000000 31.492001 3.701899
v 0.000000 29.636499 1.986759
v 1.495410 28.312000 1.986759
v 0.000000 29.636499 1.986759
v 1.995910 29.636499 -0.000001
v 1.995910 29.636499 -0.000001
v 0.000000 29.636499 1.986759
v 1.995910 35.721901 -0.000002
v 1.995910 29.636499 -0.000001
v 1.995910 35.721901 -0.000002
v 0.000000 29.636499 -1.986761
v 0.000000 29.636499 -1.986761
v 1.995910 35.721901 -0.000002
v 0.000000 35.721901 -1.995911
v 0.000000 29.636499 -1.986761
v 0.000000 35.721901 -1.995911
v -1.995910 35.721901 -0.000001
v -1.995910 35.721901 -0.000001
v 0.000000 35.721901 -1.995911
v -3.936890 41.413601 -0.000001
v -0.000001 16.763800 -11.899199
v -0.000001 13.309100 -14.621399
v 3.994870 15.893999 -9.186069
v 3.994870 15.893999 -9.186069
v -0.000001 13.309100 -14.621399
v 2.725299 4.373300 -16.327400
v 3.994870 15.893999 -9.186069
v 2.725299 4.373300 -16.327400
v 6.109809 11.026299 -7.330551
v 6.109809 11.026299 -7.330551
v 2.725299 4.373300 -16.327400
v 4.730370 5.258339 -11.780100
v 6.109809 11.026299 -7.330551
v 4.730370 5.258339 -11.780100
v 0.000000 6.826990 -4.882959
v 0.000000 6.826990 -4.882959
v 4.730370 5.258339 -11.780100
v 0.000000 3.640859 -8.670310
v 0.000000 6.826990 -4.882959
v 0.000000 3.640859 -8.670310
v -4.730371 5.258339 -11.780100
v -4.730371 5.258339 -11.780100
v 0.000000 3.640859 -8.670310
v -3.006071 -6.094552 -15.854401
v -4.730371 5.258339 -11.780100
v -3.006071 -6.094552 -15.854401
v -2.725301 4.373300 -16.327400
v -2.725301 4.373300 -16.327400
v -3.006071 -6.094552 -15.854401
v -0.000001 -0.344859 -19.180901
v -2.725301 4.373300 -16.327400
v -0.000001 -0.344859 -19.180901
v -0.000001 4.818870 -17.774000
v -0.000001 4.818870 -17.774000
v -0.000001 -0.344859 -19.180901
v 2.725299 4.373300 -16.327400
v -0.000001 4.818870 -17.774000
v 2.725299 4.373300 -16.327400
v -0.000001 7.620470 -18.134100
v -0.000001 7.620470 -18.134100
v 2.725299 4.373300 -16.327400
v -0.000001 10.062000 -15.457602
v -0.000001 7.620470 -18.134100
v -0.000001 10.062000 -15.457602
v -2.725301 4.373300 -16.327400
v -2.725301 4.373300 -16.327400
v -0.000001 10.062000 -15.457602
v -0.000001 13.309100 -14.621399
v -2.725301 4.373300 -16.327400
v -0.000001 13.309100 -14.621399
v -3.994871 15.893999 -9.186069
v -3.994871 15.893999 -9.186069
v -0.000001 13.309100 -14.621399
v -0.000001 16.763800 -11.899199
v -3.994871 15.893999 -9.186069
v -0.000001 16.763800 -11.899199
v 0.000000 19.553200 -6.839200
v 0.000000 19.553200 -6.839200
v -0.000001 16.763800 -11.899199
v 3.994870 15.893999 -9.186069
v 0.000000 19.553200 -6.839200
v 3.994870 15.893999 -9.186069
v 4.559470 18.869600 -0.000000
v 4.559470 18.869600 -0.000000
v 3.994870 15.893999 -9.186069
v 7.614370 14.444401 -0.000001
v 4.559470 18.869600 -0.000000
v 7.614370 14.444401 -0.000001
v 3.994871 15.894001 9.186069
v 3.994871 15.894001 9.186069
v 7.614370 14.444401 -0.000001
v 6.109810 11.026300 7.330549
v 3.994871 15.894001 9.186069
v 6.109810 11.026300 7.330549
v 2.725301 4.373302 16.327400
v 2.725301 4.373302 16.327400
v 6.109810 11.026300 7.330549
v 4.730371 5.258340 11.780100
v 2.725301 4.373302 16.327400
v 4.730371 5.258340 11.780100
v 3.006071 -6.094550 15.854401
v 3.006071 -6.094550 15.854401
v 4.730371 5.258340 11.780100
v 0.000000 3.640860 8.670310
v 3.006071 -6.094550 15.854401
v 0.000000 3.640860 8.670310
v 0.000000 -3.384500 10.867600
v 16.379299 75.933098 -19.623402
v 9.369180 75.386795 -20.032303
v 12.073099 75.264702 -14.670204
v 12.073099 75.264702 -14.670204
v 9.369180 75.386795 -20.032303
v 7.181009 74.022598 -18.009001
v 12.073099 75.264702 -14.670204
v 7.181009 74.022598 -18.009001
v 8.566549 72.563896 -12.125003
v 8.566549 72.563896 -12.125003
v 7.181009 74.022598 -18.009001
v 4.510639 68.468300 -16.608202
v 8.566549 72.563896 -12.125003
v 4.510639 68.468300 -16.608202
v 3.833119 64.601601 -12.643803
v 3.833119 64.601601 -12.643803
v 4.510639 68.468300 -16.608202
v 4.309210 62.041100 -14.728203
v 3.833119 64.601601 -12.643803
v 4.309210 62.041100 -14.728203
v 2.649009 60.942398 -11.887002
v 2.649009 60.942398 -11.887002
v 4.309210 62.041100 -14.728203
v 0.024414 59.794903 -12.714002
v 2.649009 60.942398 -11.887002
v 0.024414 59.794903 -12.714002
v 0.024414 59.794903 -11.175901
v 0.024414 59.794903 -11.175901
v 0.024414 59.794903 -12.714002
v -2.597131 60.942398 -11.887002
v 0.024414 59.794903 -11.175901
v -2.597131 60.942398 -11.887002
v 0.024414 61.122501 -10.483102
v 0.024414 61.122501 -10.483102
v -2.597131 60.942398 -11.887002
v -3.781240 64.601601 -12.643803
v 0.024414 61.122501 -10.483102
v -3.781240 64.601601 -12.643803
v 0.024414 62.892502 -10.892102
v 0.024414 62.892502 -10.892102
v -3.781240 64.601601 -12.643803
v 0.024414 62.642300 -8.099612
v 0.024414 62.892502 -10.892102
v 0.024414 62.642300 -8.099612
v 3.833119 64.601601 -12.643803
v 3.833119 64.601601 -12.643803
v 0.024414 62.642300 -8.099612
v 3.988770 66.164101 -3.561512
v 3.833119 64.601601 -12.643803
v 3.988770 66.164101 -3.561512
v 8.566549 72.563896 -12.125003
v 8.566549 72.563896 -12.125003
v 3.988770 66.164101 -3.561512
v 6.659139 76.772400 -7.354963
v 8.566549 72.563896 -12.125003
v 6.659139 76.772400 -7.354963
v 12.073099 75.264702 -14.670204
v 12.073099 75.264702 -14.670204
v 6.659139 76.772400 -7.354963
v 12.793399 79.534302 -12.683503
v 12.073099 75.264702 -14.670204
v 12.793399 79.534302 -12.683503
v 17.938801 78.136497 -16.724102
v 17.938801 78.136497 -16.724102
v 12.793399 79.534302 -12.683503
v 13.180899 81.609497 -18.683401
v 17.938801 78.136497 -16.724102
v 13.180899 81.609497 -18.683401
v 11.740499 79.213799 -21.555202
v 0.000000 -20.178799 0.000001
v -5.209510 -16.892000 0.000000
v 0.000000 -17.020201 10.519700
v 0.000000 -17.020201 10.519700
v -5.209510 -16.892000 0.000000
v -4.126100 -14.728200 9.375290
v 0.000000 -17.020201 10.519700
v -4.126100 -14.728200 9.375290
v 0.000001 -13.113800 16.272503
v 0.000001 -13.113800 16.272503
v -4.126100 -14.728200 9.375290
v -3.183079 -10.089399 14.929701
v 0.000001 -13.113800 16.272503
v -3.183079 -10.089399 14.929701
v 0.000001 -5.352950 19.559299
v 0.000001 -5.352950 19.559299
v -3.183079 -10.089399 14.929701
v -3.006069 -6.094550 15.854401
v 0.000001 -5.352950 19.559299
v -3.006069 -6.094550 15.854401
v 0.000001 -0.344859 19.180901
v 0.000001 -0.344859 19.180901
v -3.006069 -6.094550 15.854401
v -2.725299 4.373302 16.327400
v 0.000001 -0.344859 19.180901
v -2.725299 4.373302 16.327400
v 0.000001 4.818871 17.774000
v 0.000001 4.818871 17.774000
v -2.725299 4.373302 16.327400
v 0.000001 7.620471 18.134100
v 0.000001 4.818871 17.774000
v 0.000001 7.620471 18.134100
v 2.725301 4.373302 16.327400
v 2.725301 4.373302 16.327400
v 0.000001 7.620471 18.134100
v 0.000001 10.062000 15.457600
v 2.725301 4.373302 16.327400
v 0.000001 10.062000 15.457600
v 0.000001 13.309100 14.621399
v 0.000001 13.309100 14.621399
v 0.000001 10.062000 15.457600
v -2.725299 4.373302 16.327400
v 0.000001 13.309100 14.621399
v -2.725299 4.373302 16.327400
v -3.994870 15.894001 9.186069
v -3.994870 15.894001 9.186069
v -2.725299 4.373302 16.327400
v -6.109809 11.026300 7.330550
v -3.994870 15.894001 9.186069
v -6.109809 11.026300 7.330550
v -7.614370 14.444401 -0.000000
v -7.614370 14.444401 -0.000000
v -6.109809 11.026300 7.330550
v 0.000000 6.826991 4.882959
v -7.614370 14.444401 -0.000000
v 0.000000 6.826991 4.882959
v -1.617480 9.845270 0.000000
v -1.617480 9.845270 0.000000
v 0.000000 6.826991 4.882959
v 0.000000 6.158640 3.170870
v -1.617480 9.845270 0.000000
v 0.000000 6.158640 3.170870
v 0.000000 2.856530 1.910460
v -7.821891 67.540504 -25.678303
v -4.956211 65.959702 -23.154402
v 0.024414 65.538498 -26.538902
v 0.024414 65.538498 -26.538902
v -4.956211 65.959702 -23.154402
v 0.024414 64.690102 -24.555204
v 0.024414 65.538498 -26.538902
v 0.024414 64.690102 -24.555204
v 5.008089 65.959702 -23.154402
v 5.008089 65.959702 -23.154402
v 0.024414 64.690102 -24.555204
v 0.024414 60.741001 -23.926502
v 5.008089 65.959702 -23.154402
v 0.024414 60.741001 -23.926502
v 5.932799 60.063499 -21.979403
v 5.932799 60.063499 -21.979403
v 0.024414 60.741001 -23.926502
v 0.024414 57.698296 -22.006903
v 5.932799 60.063499 -21.979403
v 0.024414 57.698296 -22.006903
v 4.632709 58.677898 -18.778002
v 4.632709 58.677898 -18.778002
v 0.024414 57.698296 -22.006903
v 0.024414 56.996399 -19.309103
v 4.632709 58.677898 -18.778002
v 0.024414 56.996399 -19.309103
v 0.024414 58.128601 -17.127001
v 0.024414 58.128601 -17.127001
v 0.024414 56.996399 -19.309103
v -4.580831 58.677898 -18.778002
v 0.024414 58.128601 -17.127001
v -4.580831 58.677898 -18.778002
v -4.412981 61.555801 -17.810602
v -4.412981 61.555801 -17.810602
v -4.580831 58.677898 -18.778002
v -5.880921 60.063499 -21.979403
v -4.412981 61.555801 -17.810602
v -5.880921 60.063499 -21.979403
v -4.455701 68.468300 -16.608202
v -4.455701 68.468300 -16.608202
v -5.880921 60.063499 -21.979403
v -4.956211 65.959702 -23.154402
v -4.455701 68.468300 -16.608202
v -4.956211 65.959702 -23.154402
v -7.129121 71.007401 -17.810602
v -7.129121 71.007401 -17.810602
v -4.956211 65.959702 -23.154402
v -7.821891 67.540504 -25.678303
v -7.129121 71.007401 -17.810602
v -7.821891 67.540504 -25.678303
v -7.800531 71.074600 -24.613201
v -7.800531 71.074600 -24.613201
v -7.821891 67.540504 -25.678303
v 0.024414 68.526299 -27.774902
v -7.800531 71.074600 -24.613201
v 0.024414 68.526299 -27.774902
v 0.024414 72.585205 -26.090302
v 3.698840 30.115700 5.352950
v 1.495410 28.312000 1.986759
v 2.960300 26.743401 7.650989
v 2.960300 26.743401 7.650989
v 1.495410 28.312000 1.986759
v 0.000000 23.340601 6.418039
v 2.960300 26.743401 7.650989
v 0.000000 23.340601 6.418039
v 0.000000 21.884800 9.460739
v 0.000000 21.884800 9.460739
v 0.000000 23.340601 6.418039
v -2.960300 26.743401 7.650989
v 0.000000 21.884800 9.460739
v -2.960300 26.743401 7.650989
v -5.099639 24.710800 12.070099
v -5.099639 24.710800 12.070099
v -2.960300 26.743401 7.650989
v 0.000000 27.768799 10.992799
v -5.099639 24.710800 12.070099
v 0.000000 27.768799 10.992799
v 0.000001 26.154402 13.336599
v 0.000001 26.154402 13.336599
v 0.000000 27.768799 10.992799
v 5.099640 24.710800 12.070099
v 0.000001 26.154402 13.336599
v 5.099640 24.710800 12.070099
v 0.000001 23.322201 14.038499
v 0.000001 23.322201 14.038499
v 5.099640 24.710800 12.070099
v 0.000001 20.691502 12.884899
v 0.000001 23.322201 14.038499
v 0.000001 20.691502 12.884899
v -5.099639 24.710800 12.070099
v -5.099639 24.710800 12.070099
v 0.000001 20.691502 12.884899
v 0.000000 19.562399 9.781179
v -5.099639 24.710800 12.070099
v 0.000000 19.562399 9.781179
v 0.000000 21.884800 9.460739
v 0.000000 21.884800 9.460739
v 0.000000 19.562399 9.781179
v 5.099640 24.710800 12.070099
v 0.000000 21.884800 9.460739
v 5.099640 24.710800 12.070099
v 2.960300 26.743401 7.650989
v 2.960300 26.743401 7.650989
v 5.099640 24.710800 12.070099
v 0.000000 27.768799 10.992799
v 2.960300 26.743401 7.650989
v 0.000000 27.768799 10.992799
v 0.000000 28.070900 8.542130
v 0.000000 28.070900 8.542130
v 0.000000 27.768799 10.992799
v -2.960300 26.743401 7.650989
v 0.000000 28.070900 8.542130
v -2.960300 26.743401 7.650989
v 0.000000 30.259100 7.742549
v -8.926661 78.072502 -12.900203
v -14.090401 74.556702 -16.684502
v -8.087401 74.028702 -21.482002
v -8.087401 74.028702 -21.482002
v -14.090401 74.556702 -16.684502
v -13.135201 72.478401 -20.700703
v -8.087401 74.028702 -21.482002
v -13.135201 72.478401 -20.700703
v -13.867601 70.268898 -19.006903
v -13.867601 70.268898 -19.006903
v -13.135201 72.478401 -20.700703
v -14.557302 71.810104 -16.034403
v -13.867601 70.268898 -19.006903
v -14.557302 71.810104 -16.034403
v -9.653001 71.504906 -15.146303
v -9.653001 71.504906 -15.146303
v -14.557302 71.810104 -16.034403
v -9.976501 74.642197 -12.549204
v -9.653001 71.504906 -15.146303
v -9.976501 74.642197 -12.549204
v -5.087440 69.722595 -11.340703
v -5.087440 69.722595 -11.340703
v -9.976501 74.642197 -12.549204
v -7.043671 76.360397 -7.214581
v -5.087440 69.722595 -11.340703
v -7.043671 76.360397 -7.214581
v -3.936890 66.164101 -3.561512
v -3.936890 66.164101 -3.561512
v -7.043671 76.360397 -7.214581
v -4.971470 72.978905 2.352978
v -3.936890 66.164101 -3.561512
v -4.971470 72.978905 2.352978
v -2.932830 64.821304 2.584918
v -2.932830 64.821304 2.584918
v -4.971470 72.978905 2.352978
v -3.579819 74.208801 8.383427
v -2.932830 64.821304 2.584918
v -3.579819 74.208801 8.383427
v 0.024415 69.954506 10.144398
v 0.024415 69.954506 10.144398
v -3.579819 74.208801 8.383427
v 0.024415 70.265800 12.381397
v 1.995910 19.840101 -0.000000
v 0.000000 20.215500 2.508620
v 0.000000 22.205301 3.079319
v 0.000000 22.205301 3.079319
v 0.000000 20.215500 2.508620
v -1.995910 19.840101 -0.000000
v 0.000000 22.205301 3.079319
v -1.995910 19.840101 -0.000000
v -1.495410 28.312000 1.986759
v -1.495410 28.312000 1.986759
v -1.995910 19.840101 -0.000000
v -1.995910 29.636499 -0.000001
v -1.495410 28.312000 1.986759
v -1.995910 29.636499 -0.000001
v 0.000000 29.636499 1.986759
v 0.000000 29.636499 1.986759
v -1.995910 29.636499 -0.000001
v -1.995910 35.721901 -0.000001
v 0.000000 29.636499 1.986759
v -1.995910 35.721901 -0.000001
v 0.000000 35.721901 1.995908
v 0.000000 35.721901 1.995908
v -1.995910 35.721901 -0.000001
v -3.936890 41.413601 -0.000001
v 0.000000 35.721901 1.995908
v -3.936890 41.413601 -0.000001
v 0.000000 41.413601 3.936889
v 0.000000 41.413601 3.936889
v -3.936890 41.413601 -0.000001
v -7.251200 43.296600 -0.000001
v 0.000000 41.413601 3.936889
v -7.251200 43.296600 -0.000001
v 0.000000 43.296600 7.251199
v 0.000000 43.296600 7.251199
v -7.251200 43.296600 -0.000001
v -6.347850 45.045300 -0.000001
v 0.000000 43.296600 7.251199
v -6.347850 45.045300 -0.000001
v 0.000000 45.045300 6.347849
v 0.024415 74.410202 14.502398
v 0.024415 75.963600 11.694697
v 4.593040 74.309502 12.335597
v 4.593040 74.309502 12.335597
v 0.024415 75.963600 11.694697
v 1.236000 75.618797 8.862577
v 4.593040 74.309502 12.335597
v 1.236000 75.618797 8.862577
v 3.631700 74.208801 8.383427
v 3.631700 74.208801 8.383427
v 1.236000 75.618797 8.862577
v 4.202401 76.894402 8.273568
v 3.631700 74.208801 8.383427
v 4.202401 76.894402 8.273568
v 6.518750 76.018600 6.982627
v 6.518750 76.018600 6.982627
v 4.202401 76.894402 8.273568
v 6.048770 77.471199 7.016207
v 6.518750 76.018600 6.982627
v 6.048770 77.471199 7.016207
v 5.597090 77.153801 4.748677
v 5.597090 77.153801 4.748677
v 6.048770 77.471199 7.016207
v 4.202401 76.894402 8.273568
v 5.597090 77.153801 4.748677
v 4.202401 76.894402 8.273568
v 0.024415 74.935196 2.874837
v 0.024415 74.935196 2.874837
v 4.202401 76.894402 8.273568
v 1.236000 75.618797 8.862577
v 0.024415 74.935196 2.874837
v 1.236000 75.618797 8.862577
v -1.184120 75.618797 8.862577
v -1.184120 75.618797 8.862577
v 1.236000 75.618797 8.862577
v 0.024415 75.963600 11.694697
v 2.124090 56.630100 -0.000002
v 2.984710 64.821304 2.584918
v 3.988770 66.164101 -3.561512
v 3.988770 66.164101 -3.561512
v 2.984710 64.821304 2.584918
v 5.023350 72.978905 2.352978
v 3.988770 66.164101 -3.561512
v 5.023350 72.978905 2.352978
v 6.659139 76.772400 -7.354963
v 6.659139 76.772400 -7.354963
v 5.023350 72.978905 2.352978
v 6.891080 78.249504 -1.821963
v 6.659139 76.772400 -7.354963
v 6.891080 78.249504 -1.821963
v 12.201301 79.442696 -5.905333
v 12.201301 79.442696 -5.905333
v 6.891080 78.249504 -1.821963
v 8.276620 82.567802 -4.565573
v 12.201301 79.442696 -5.905333
v 8.276620 82.567802 -4.565573
v 9.613330 82.277901 -7.296983
v 9.613330 82.277901 -7.296983
v 8.276620 82.567802 -4.565573
v 6.320379 82.509796 -9.347823
v 9.613330 82.277901 -7.296983
v 6.320379 82.509796 -9.347823
v 11.395599 78.811005 -9.881891
v 11.395599 78.811005 -9.881891
v 6.320379 82.509796 -9.347823
v -0.354015 79.912697 -10.156602
v 11.395599 78.811005 -9.881891
v -0.354015 79.912697 -10.156602
v 6.659139 76.772400 -7.354963
v 0.000000 -17.020201 -10.519700
v 0.000000 -20.178799 0.000001
v 5.209510 -16.892000 0.000000
v 5.209510 -16.892000 0.000000
v 0.000000 -20.178799 0.000001
v 0.000000 -17.020201 10.519700
v 5.209510 -16.892000 0.000000
v 0.000000 -17.020201 10.519700
v 4.126101 -14.728200 9.375290
v 4.126101 -14.728200 9.375290
v 0.000000 -17.020201 10.519700
v 0.000001 -13.113800 16.272503
v 4.126101 -14.728200 9.375290
v 0.000001 -13.113800 16.272503
v 3.183081 -10.089399 14.929701
v 3.183081 -10.089399 14.929701
v 0.000001 -13.113800 16.272503
v 0.000001 -5.352950 19.559299
v 3.183081 -10.089399 14.929701
v 0.000001 -5.352950 19.559299
v 3.006071 -6.094550 15.854401
v 3.006071 -6.094550 15.854401
v 0.000001 -5.352950 19.559299
v 0.000001 -0.344859 19.180901
v 3.006071 -6.094550 15.854401
v 0.000001 -0.344859 19.180901
v 2.725301 4.373302 16.327400
v 2.725301 4.373302 16.327400
v 0.000001 -0.344859 19.180901
v 0.000001 4.818871 17.774000
v 2.725301 4.373302 16.327400
v 0.000001 13.309100 14.621399
v 3.994871 15.894001 9.186069
v 3.994871 15.894001 9.186069
v 0.000001 13.309100 14.621399
v 0.000001 16.763800 11.899200
v 3.994871 15.894001 9.186069
v 0.000001 16.763800 11.899200
v 0.000000 19.553200 6.839200
v 0.000000 19.553200 6.839200
v 0.000001 16.763800 11.899200
v -3.994870 15.894001 9.186069
v 0.000000 19.553200 6.839200
v -3.994870 15.894001 9.186069
v -4.559470 18.869600 -0.000000
v -4.559470 18.869600 -0.000000
v -3.994870 15.894001 9.186069
v -7.614370 14.444401 -0.000000
v -4.559470 18.869600 -0.000000
v -7.614370 14.444401 -0.000000
v -3.994871 15.893999 -9.186069
v -3.994871 15.893999 -9.186069
v -7.614370 14.444401 -0.000000
v -6.109810 11.026299 -7.330550
v -3.994871 15.893999 -9.186069
v -6.109810 11.026299 -7.330550
v -2.725301 4.373300 -16.327400
v -2.725301 4.373300 -16.327400
v -6.109810 11.026299 -7.330550
v -4.730371 5.258339 -11.780100
v 0.000000 3.640859 -8.670310
v 0.000000 -3.384501 -10.867600
v -3.006071 -6.094552 -15.854401
v -3.006071 -6.094552 -15.854401
v 0.000000 -3.384501 -10.867600
v 0.000000 -8.062991 -9.549239
v -3.006071 -6.094552 -15.854401
v 0.000000 -8.062991 -9.549239
v -3.183081 -10.089399 -14.929699
v -3.183081 -10.089399 -14.929699
v 0.000000 -8.062991 -9.549239
v -4.126101 -14.728202 -9.375290
v -3.183081 -10.089399 -14.929699
v -4.126101 -14.728202 -9.375290
v -0.000001 -13.113800 -16.272499
v -0.000001 -13.113800 -16.272499
v -4.126101 -14.728202 -9.375290
v 0.000000 -17.020201 -10.519700
v -0.000001 -13.113800 -16.272499
v 0.000000 -17.020201 -10.519700
v 4.126100 -14.728202 -9.375290
v 4.126100 -14.728202 -9.375290
v 0.000000 -17.020201 -10.519700
v 5.209510 -16.892000 0.000000
v 4.126100 -14.728202 -9.375290
v 5.209510 -16.892000 0.000000
v 0.000000 -11.453600 -2.728350
v 0.000000 -11.453600 -2.728350
v 5.209510 -16.892000 0.000000
v 0.048830 -12.066999 -0.000000
v 0.024415 74.935196 2.874837
v -4.150519 76.894402 8.273568
v -5.545210 77.153801 4.748678
v -5.545210 77.153801 4.748678
v -4.150519 76.894402 8.273568
v -5.996890 77.471199 7.016208
v -5.545210 77.153801 4.748678
v -5.996890 77.471199 7.016208
v -6.466869 76.018600 6.982628
v -6.466869 76.018600 6.982628
v -5.996890 77.471199 7.016208
v -4.150519 76.894402 8.273568
v -6.466869 76.018600 6.982628
v -4.150519 76.894402 8.273568
v -3.579819 74.208801 8.383427
v -3.579819 74.208801 8.383427
v -4.150519 76.894402 8.273568
v -1.184120 75.618797 8.862577
v -3.579819 74.208801 8.383427
v -1.184120 75.618797 8.862577
v -4.541150 74.309502 12.335597
v -4.541150 74.309502 12.335597
v -1.184120 75.618797 8.862577
v 0.024415 75.963600 11.694697
v -4.541150 74.309502 12.335597
v 0.024415 75.963600 11.694697
v 0.024415 74.410202 14.502398
v 0.024414 72.585205 -26.090302
v 0.024414 68.526299 -27.774902
v 8.343759 71.163101 -24.588800
v 8.343759 71.163101 -24.588800
v 0.024414 68.526299 -27.774902
v 8.792379 67.452003 -25.705704
v 8.343759 71.163101 -24.588800
v 8.792379 67.452003 -25.705704
v 7.181009 74.022598 -18.009001
v 7.181009 74.022598 -18.009001
v 8.792379 67.452003 -25.705704
v 5.008089 65.959702 -23.154402
v 7.181009 74.022598 -18.009001
v 5.008089 65.959702 -23.154402
v 4.510639 68.468300 -16.608202
v 4.510639 68.468300 -16.608202
v 5.008089 65.959702 -23.154402
v 5.932799 60.063499 -21.979403
v 4.510639 68.468300 -16.608202
v 5.932799 60.063499 -21.979403
v 4.464859 61.555801 -17.810602
v 4.464859 61.555801 -17.810602
v 5.932799 60.063499 -21.979403
v 4.632709 58.677898 -18.778002
v 4.464859 61.555801 -17.810602
v 4.632709 58.677898 -18.778002
v 0.024414 58.128601 -17.127001
v 0.024415 56.630100 2.920618
v 0.024415 63.582302 5.133208
v 2.984710 64.821304 2.584918
v 2.984710 64.821304 2.584918
v 0.024415 63.582302 5.133208
v 0.024415 69.954506 10.144398
v 2.984710 64.821304 2.584918
v 0.024415 69.954506 10.144398
v 3.631700 74.208801 8.383427
v 3.631700 74.208801 8.383427
v 0.024415 69.954506 10.144398
v 0.024415 70.265800 12.381397
v 3.631700 74.208801 8.383427
v 0.024415 70.265800 12.381397
v 4.593040 74.309502 12.335597
v 4.593040 74.309502 12.335597
v 0.024415 70.265800 12.381397
v 3.732411 71.486595 14.401697
v 4.593040 74.309502 12.335597
v 3.732411 71.486595 14.401697
v 0.024415 74.410202 14.502398
v 0.024415 74.410202 14.502398
v 3.732411 71.486595 14.401697
v 0.024415 71.553703 15.472897
v 0.024414 58.128601 -17.127001
v 0.024414 60.182499 -17.215502
v 4.464859 61.555801 -17.810602
v 4.464859 61.555801 -17.810602
v 0.024414 60.182499 -17.215502
v 0.024414 59.721703 -15.579702
v 4.464859 61.555801 -17.810602
v 0.024414 59.721703 -15.579702
v 4.309210 62.041100 -14.728203
v 4.309210 62.041100 -14.728203
v 0.024414 59.721703 -15.579702
v 0.024414 60.680000 -14.304002
v 4.309210 62.041100 -14.728203
v 0.024414 60.680000 -14.304002
v 0.024414 59.794903 -12.714002
v 0.024414 59.794903 -12.714002
v 0.024414 60.680000 -14.304002
v -4.257330 62.041100 -14.728203
v 0.024414 59.794903 -12.714002
v -4.257330 62.041100 -14.728203
v -2.597131 60.942398 -11.887002
v -2.597131 60.942398 -11.887002
v -4.257330 62.041100 -14.728203
v -3.781240 64.601601 -12.643803
v 7.406840 56.630100 -4.275642
v 7.751700 54.747200 -4.474012
v 7.751700 54.747200 4.474008
v 7.751700 54.747200 4.474008
v 7.751700 54.747200 -4.474012
v 5.468920 53.425701 -0.000002
v 7.751700 54.747200 4.474008
v 5.468920 53.425701 -0.000002
v 0.000000 53.425701 5.468918
v 0.000000 53.425701 5.468918
v 5.468920 53.425701 -0.000002
v 0.000000 49.681099 3.097628
v 0.000000 53.425701 5.468918
v 0.000000 49.681099 3.097628
v -5.468920 53.425701 -0.000001
v -5.468920 53.425701 -0.000001
v 0.000000 49.681099 3.097628
v -3.097630 49.681099 -0.000002
v -5.468920 53.425701 -0.000001
v -3.097630 49.681099 -0.000002
v 0.000000 49.681099 -3.097632
v 0.000000 49.681099 -3.097632
v -3.097630 49.681099 -0.000002
v 0.000000 45.045300 -2.154611
v -0.000001 -5.352951 -19.559299
v -0.000001 -13.113800 -16.272499
v 3.183079 -10.089399 -14.929699
v 3.183079 -10.089399 -14.929699
v -0.000001 -13.113800 -16.272499
v 4.126100 -14.728202 -9.375290
v 3.183079 -10.089399 -14.929699
v 4.126100 -14.728202 -9.375290
v 0.000000 -8.062991 -9.549239
v 0.000000 -8.062991 -9.549239
v 4.126100 -14.728202 -9.375290
v 0.000000 -11.453600 -2.728350
v 0.000000 -8.062991 -9.549239
v 0.000000 -11.453600 -2.728350
v -4.126101 -14.728202 -9.375290
v -4.126101 -14.728202 -9.375290
v 0.000000 -11.453600 -2.728350
v -5.209510 -16.892000 0.000000
v -4.126101 -14.728202 -9.375290
v -5.209510 -16.892000 0.000000
v 0.000000 -17.020201 -10.519700
v 0.000000 -17.020201 -10.519700
v -5.209510 -16.892000 0.000000
v 0.000000 -20.178799 0.000001
v 4.730371 5.258340 11.780100
v 6.109810 11.026300 7.330549
v 0.000000 6.826991 4.882959
v 0.000000 6.826991 4.882959
v 6.109810 11.026300 7.330549
v 7.614370 14.444401 -0.000001
v 0.000000 6.826991 4.882959
v 7.614370 14.444401 -0.000001
v 1.617480 9.845270 -0.000001
v 1.617480 9.845270 -0.000001
v 7.614370 14.444401 -0.000001
v 0.000000 6.826990 -4.882959
v 1.617480 9.845270 -0.000001
v 0.000000 6.826990 -4.882959
v 0.000000 6.158639 -3.170871
v 0.000000 6.158639 -3.170871
v 0.000000 6.826990 -4.882959
v -1.617480 9.845270 0.000000
v 0.000000 6.158639 -3.170871
v -1.617480 9.845270 0.000000
v 0.000000 2.856530 -1.910460
v 0.000000 2.856530 -1.910460
v -1.617480 9.845270 0.000000
v 0.000000 -5.481120 -1.852470
v -1.995910 29.636499 -0.000001
v -1.995910 19.840101 -0.000000
v -1.495410 28.312000 -1.986761
v -1.495410 28.312000 -1.986761
v -1.995910 19.840101 -0.000000
v 0.000000 22.205301 -3.079321
v -1.495410 28.312000 -1.986761
v 0.000000 22.205301 -3.079321
v 0.000000 23.340601 -6.418041
v 0.000000 23.340601 -6.418041
v 0.000000 22.205301 -3.079321
v 1.495410 28.312000 -1.986761
v 0.000000 23.340601 -6.418041
v 1.495410 28.312000 -1.986761
v 2.960300 26.743401 -7.650991
v 2.960300 26.743401 -7.650991
v 1.495410 28.312000 -1.986761
v 3.698840 30.115700 -5.352952
v 2.960300 26.743401 -7.650991
v 3.698840 30.115700 -5.352952
v 0.000000 30.259100 -7.742551
v 0.000000 30.259100 -7.742551
v 3.698840 30.115700 -5.352952
v 0.000000 31.693501 -5.899231
v 1.126129 94.692802 -31.748404
v -10.873701 98.931900 -15.918504
v 3.183079 94.500603 -29.435104
v 3.183079 94.500603 -29.435104
v -10.873701 98.931900 -15.918504
v -8.169810 98.510704 -14.459702
v 3.183079 94.500603 -29.435104
v -8.169810 98.510704 -14.459702
v 4.632709 92.455795 -26.218504
v 4.632709 92.455795 -26.218504
v -8.169810 98.510704 -14.459702
v -5.276650 95.956299 -13.147404
v 4.632709 92.455795 -26.218504
v -5.276650 95.956299 -13.147404
v 3.646959 89.379601 -22.791203
v 3.646959 89.379601 -22.791203
v -5.276650 95.956299 -13.147404
v -3.176981 91.790497 -13.791304
v -4.455701 68.468300 -16.608202
v -5.087440 69.722595 -11.340703
v -3.781240 64.601601 -12.643803
v -3.781240 64.601601 -12.643803
v -5.087440 69.722595 -11.340703
v -3.936890 66.164101 -3.561512
v -3.781240 64.601601 -12.643803
v -3.936890 66.164101 -3.561512
v 0.024414 62.642300 -8.099612
v 0.024414 62.642300 -8.099612
v -3.936890 66.164101 -3.561512
v 0.024415 63.838600 -5.133212
v 0.024414 62.642300 -8.099612
v 0.024415 63.838600 -5.133212
v 3.988770 66.164101 -3.561512
v 3.988770 66.164101 -3.561512
v 0.024415 63.838600 -5.133212
v 0.024415 56.630100 -2.920622
v 3.988770 66.164101 -3.561512
v 0.024415 56.630100 -2.920622
v 2.124090 56.630100 -0.000002
v -0.048830 -12.066999 -0.000000
v 0.000000 -11.453600 -2.728350
v -1.617480 -10.980600 0.000001
v -1.617480 -10.980600 0.000001
v 0.000000 -11.453600 -2.728350
v 0.000000 -9.518721 -3.231909
v -1.617480 -10.980600 0.000001
v 0.000000 -9.518721 -3.231909
v 0.000000 -5.481120 -1.852470
v 0.000000 -5.481120 -1.852470
v 0.000000 -9.518721 -3.231909
v 1.617480 -10.980600 -0.000000
v 0.000000 -5.481120 -1.852470
v 1.617480 -10.980600 -0.000000
v 1.617480 9.845270 -0.000001
v 1.617480 9.845270 -0.000001
v 1.617480 -10.980600 -0.000000
v 0.000000 -5.481120 1.852470
v 1.617480 9.845270 -0.000001
v 0.000000 -5.481120 1.852470
v 0.000000 2.856530 1.910460
v 0.000000 45.045300 6.347849
v 6.347850 45.045300 -0.000001
v 0.000000 43.296600 7.251199
v 0.000000 43.296600 7.251199
v 6.347850 45.045300 -0.000001
v 7.251200 43.296600 -0.000001
v 0.000000 43.296600 7.251199
v 7.251200 43.296600 -0.000001
v 0.000000 41.413601 3.936889
v 0.000000 41.413601 3.936889
v 7.251200 43.296600 -0.000001
v 3.936890 41.413601 -0.000001
v 0.000000 41.413601 3.936889
v 3.936890 41.413601 -0.000001
v 0.000000 35.721901 1.995908
v 0.000000 35.721901 1.995908
v 3.936890 41.413601 -0.000001
v 1.995910 35.721901 -0.000002
v 0.000000 35.721901 1.995908
v 1.995910 35.721901 -0.000002
v 0.000000 29.636499 1.986759
v 0.000000 56.630100 -8.551291
v 0.000000 54.747200 -8.951081
v 7.751700 54.747200 -4.474012
v 7.751700 54.747200 -4.474012
v 0.000000 54.747200 -8.951081
v 0.000000 53.425701 -5.468921
v 7.751700 54.747200 -4.474012
v 0.000000 53.425701 -5.468921
v 5.468920 53.425701 -0.000002
v 5.468920 53.425701 -0.000002
v 0.000000 53.425701 -5.468921
v 0.000000 49.681099 -3.097632
v 5.468920 53.425701 -0.000002
v 0.000000 49.681099 -3.097632
v 3.097630 49.681099 -0.000002
v 3.097630 49.681099 -0.000002
v 0.000000 49.681099 -3.097632
v 0.000000 45.045300 -2.154611
v 3.097630 49.681099 -0.000002
v 0.000000 45.045300 -2.154611
v 2.154610 45.045300 -0.000001
v 1.126129 94.692802 -31.748404
v 3.183079 94.500603 -29.435104
v -1.675471 98.077301 -21.750504
v -1.675471 98.077301 -21.750504
v 3.183079 94.500603 -29.435104
v 4.632709 92.455795 -26.218504
v -1.675471 98.077301 -21.750504
v 4.632709 92.455795 -26.218504
v 0.863673 95.342896 -19.089304
v 0.863673 95.342896 -19.089304
v 4.632709 92.455795 -26.218504
v 3.646959 89.379601 -22.791203
v 0.863673 95.342896 -19.089304
v 3.646959 89.379601 -22.791203
v -3.176981 91.790497 -13.791304
v -3.176981 91.790497 -13.791304
v -2.749721 84.270798 -18.866503
v 3.646959 89.379601 -22.791203
v 0.024415 71.553703 15.472897
v 3.732411 71.486595 14.401697
v 0.024415 69.075600 15.008998
v 0.024415 69.075600 15.008998
v 3.732411 71.486595 14.401697
v 0.024415 68.901596 13.431198
v 0.024415 69.075600 15.008998
v 0.024415 68.901596 13.431198
v -3.680529 71.486595 14.401697
v -3.680529 71.486595 14.401697
v 0.024415 68.901596 13.431198
v 0.024415 70.265800 12.381397
v -3.680529 71.486595 14.401697
v 0.024415 70.265800 12.381397
v -4.541150 74.309502 12.335597
v -4.541150 74.309502 12.335597
v 0.024415 70.265800 12.381397
v -3.579819 74.208801 8.383427
v -1.632740 -19.150400 0.000000
v 0.000000 -18.576599 5.337690
v 0.000000 -20.026199 2.887050
v 0.000000 -20.026199 2.887050
v 0.000000 -18.576599 5.337690
v 1.632740 -19.150400 0.000000
v 0.000000 -20.026199 2.887050
v 1.632740 -19.150400 0.000000
v 0.000000 -25.360901 0.000001
v 0.000000 -25.360901 0.000001
v 1.632740 -19.150400 0.000000
v 0.000000 -20.026199 -2.887050
v 0.000000 -25.360901 0.000001
v 0.000000 -20.026199 -2.887050
v -1.632740 -19.150400 0.000000
v -1.632740 -19.150400 0.000000
v 0.000000 -20.026199 -2.887050
v 0.000000 -18.576599 -5.337689
v -3.006069 -6.094550 15.854401
v -3.183079 -10.089399 14.929701
v 0.000000 -8.062989 9.549241
v 0.000000 -8.062989 9.549241
v -3.183079 -10.089399 14.929701
v -4.126100 -14.728200 9.375290
v 0.000000 -8.062989 9.549241
v -4.126100 -14.728200 9.375290
v 0.000000 -11.453600 2.728351
v 0.000000 -11.453600 2.728351
v -4.126100 -14.728200 9.375290
v -5.209510 -16.892000 0.000000
v 0.000000 -11.453600 2.728351
v -5.209510 -16.892000 0.000000
v -0.048830 -12.066999 -0.000000
v -0.048830 -12.066999 -0.000000
v -5.209510 -16.892000 0.000000
v 0.000000 -11.453600 -2.728350
v 0.048830 -12.066999 -0.000000
v 0.000000 -11.453600 2.728351
v 1.617480 -10.980600 -0.000000
v 1.617480 -10.980600 -0.000000
v 0.000000 -11.453600 2.728351
v 0.000000 -9.518721 3.231910
v 1.617480 -10.980600 -0.000000
v 0.000000 -9.518721 3.231910
v 0.000000 -5.481120 1.852470
v 0.000000 -5.481120 1.852470
v 0.000000 -9.518721 3.231910
v -1.617480 -10.980600 0.000001
v 0.000000 -5.481120 1.852470
v -1.617480 -10.980600 0.000001
v -1.617480 9.845270 0.000000
v -1.617480 9.845270 0.000000
v -1.617480 -10.980600 0.000001
v 0.000000 -5.481120 -1.852470
v -13.327401 98.193298 -14.017202
v 1.519818 94.131302 -34.864304
v -13.763802 99.533096 -14.706903
v -13.763802 99.533096 -14.706903
v 1.519818 94.131302 -34.864304
v 2.768028 94.112999 -33.912205
v -13.763802 99.533096 -14.706903
v 2.768028 94.112999 -33.912205
v -12.515601 99.511703 -13.754702
v -12.515601 99.511703 -13.754702
v 2.768028 94.112999 -33.912205
v 1.956239 92.791496 -34.174603
v -12.515601 99.511703 -13.754702
v 1.956239 92.791496 -34.174603
v -13.327401 98.193298 -14.017202
v -2.145451 80.489502 -17.331503
v -7.608261 100.000000 -25.647804
v -1.522871 81.386795 -15.988602
v -1.522871 81.386795 -15.988602
v -7.608261 100.000000 -25.647804
v -6.582841 99.636803 -26.996702
v -1.522871 81.386795 -15.988602
v -6.582841 99.636803 -26.996702
v -0.497453 81.026604 -17.337601
v -0.497453 81.026604 -17.337601
v -6.582841 99.636803 -26.996702
v -8.230841 99.099701 -26.993603
v -0.497453 81.026604 -17.337601
v -8.230841 99.099701 -26.993603
v -2.145451 80.489502 -17.331503
v -11.780100 78.399002 -9.741510
v -12.201301 79.442696 -5.905332
v -7.043671 76.360397 -7.214581
v -7.043671 76.360397 -7.214581
v -12.201301 79.442696 -5.905332
v -6.839200 78.249504 -1.821962
v -7.043671 76.360397 -7.214581
v -6.839200 78.249504 -1.821962
v -4.971470 72.978905 2.352978
v -4.971470 72.978905 2.352978
v -6.839200 78.249504 -1.821962
v -2.349930 78.417297 0.894190
v -4.971470 72.978905 2.352978
v -2.349930 78.417297 0.894190
v 0.024415 74.935196 2.874837
v 17.938801 78.136497 -16.724102
v 11.740499 79.213799 -21.555202
v 16.379299 75.933098 -19.623402
v 16.379299 75.933098 -19.623402
v 11.740499 79.213799 -21.555202
v 5.621509 78.011398 -22.443302
v 16.379299 75.933098 -19.623402
v 5.621509 78.011398 -22.443302
v 9.369180 75.386795 -20.032303
v 9.369180 75.386795 -20.032303
v 5.621509 78.011398 -22.443302
v 0.024414 75.743904 -21.128002
v 9.369180 75.386795 -20.032303
v 0.024414 75.743904 -21.128002
v 7.181009 74.022598 -18.009001
v 0.024415 63.582302 5.133208
v 0.024415 56.630100 2.920618
v -2.932830 64.821304 2.584918
v -2.932830 64.821304 2.584918
v 0.024415 56.630100 2.920618
v -2.072210 56.630100 -0.000001
v -2.932830 64.821304 2.584918
v -2.072210 56.630100 -0.000001
v -3.936890 66.164101 -3.561512
v -3.936890 66.164101 -3.561512
v -2.072210 56.630100 -0.000001
v 0.024415 56.630100 -2.920622
v -3.936890 66.164101 -3.561512
v 0.024415 56.630100 -2.920622
v 0.024415 63.838600 -5.133212
v 0.024414 64.690102 -24.555204
v -4.956211 65.959702 -23.154402
v 0.024414 60.741001 -23.926502
v 0.024414 60.741001 -23.926502
v -4.956211 65.959702 -23.154402
v -5.880921 60.063499 -21.979403
v 0.024414 60.741001 -23.926502
v -5.880921 60.063499 -21.979403
v 0.024414 57.698296 -22.006903
v 0.024414 57.698296 -22.006903
v -5.880921 60.063499 -21.979403
v -4.580831 58.677898 -18.778002
v 0.024414 57.698296 -22.006903
v -4.580831 58.677898 -18.778002
v 0.024414 56.996399 -19.309103
v -0.354015 79.912697 -10.156602
v -7.043671 76.360397 -7.214581
v -8.926661 78.072502 -12.900203
v -8.926661 78.072502 -12.900203
v -7.043671 76.360397 -7.214581
v -9.976501 74.642197 -12.549204
v -8.926661 78.072502 -12.900203
v -9.976501 74.642197 -12.549204
v -14.090401 74.556702 -16.684502
v -14.090401 74.556702 -16.684502
v -9.976501 74.642197 -12.549204
v -14.557302 71.810104 -16.034403
v -14.090401 74.556702 -16.684502
v -14.557302 71.810104 -16.034403
v -13.135201 72.478401 -20.700703
v 0.048830 -12.066999 -0.000000
v 5.209510 -16.892000 0.000000
v 0.000000 -11.453600 2.728351
v 0.000000 -11.453600 2.728351
v 5.209510 -16.892000 0.000000
v 4.126101 -14.728200 9.375290
v 0.000000 -11.453600 2.728351
v 4.126101 -14.728200 9.375290
v 0.000000 -8.062989 9.549241
v 0.000000 -8.062989 9.549241
v 4.126101 -14.728200 9.375290
v 3.183081 -10.089399 14.929701
v 0.000000 -8.062989 9.549241
v 3.183081 -10.089399 14.929701
v 3.006071 -6.094550 15.854401
v 0.000000 -8.062989 9.549241
v 0.000000 -3.384500 10.867600
v -3.006069 -6.094550 15.854401
v -3.006069 -6.094550 15.854401
v 0.000000 -3.384500 10.867600
v 0.000000 3.640860 8.670310
v -3.006069 -6.094550 15.854401
v 0.000000 3.640860 8.670310
v -4.730370 5.258340 11.780100
v -4.730370 5.258340 11.780100
v 0.000000 3.640860 8.670310
v 0.000000 6.826991 4.882959
v -4.730370 5.258340 11.780100
v 0.000000 6.826991 4.882959
v -6.109809 11.026300 7.330550
v 0.000000 45.045300 -6.347851
v -6.347850 45.045300 -0.000001
v 0.000000 43.296600 -7.251201
v 0.000000 43.296600 -7.251201
v -6.347850 45.045300 -0.000001
v -7.251200 43.296600 -0.000001
v 0.000000 43.296600 -7.251201
v -7.251200 43.296600 -0.000001
v 0.000000 41.413601 -3.936891
v 0.000000 41.413601 -3.936891
v -7.251200 43.296600 -0.000001
v -3.936890 41.413601 -0.000001
v 0.000000 41.413601 -3.936891
v -3.936890 41.413601 -0.000001
v 0.000000 35.721901 -1.995911
v 6.347850 45.045300 -0.000001
v 0.000000 43.296600 -7.251201
v 7.251200 43.296600 -0.000001
v 7.251200 43.296600 -0.000001
v 0.000000 43.296600 -7.251201
v 0.000000 41.413601 -3.936891
v 7.251200 43.296600 -0.000001
v 0.000000 41.413601 -3.936891
v 3.936890 41.413601 -0.000001
v 3.936890 41.413601 -0.000001
v 0.000000 41.413601 -3.936891
v 0.000000 35.721901 -1.995911
v 3.936890 41.413601 -0.000001
v 0.000000 35.721901 -1.995911
v 1.995910 35.721901 -0.000002
v -4.455701 68.468300 -16.608202
v -7.129121 71.007401 -17.810602
v -5.087440 69.722595 -11.340703
v -5.087440 69.722595 -11.340703
v -7.129121 71.007401 -17.810602
v -8.368181 71.788696 -18.408802
v -5.087440 69.722595 -11.340703
v -8.368181 71.788696 -18.408802
v -9.653001 71.504906 -15.146303
v -9.653001 71.504906 -15.146303
v -8.368181 71.788696 -18.408802
v -13.867601 70.268898 -19.006903
v 0.000000 23.340601 -6.418041
v 0.000000 21.884800 -9.460741
v -2.960300 26.743401 -7.650991
v -2.960300 26.743401 -7.650991
v 0.000000 21.884800 -9.460741
v -5.099640 24.710800 -12.070101
v -2.960300 26.743401 -7.650991
v -5.099640 24.710800 -12.070101
v 0.000000 27.768799 -10.992801
v 0.000000 27.768799 -10.992801
v -5.099640 24.710800 -12.070101
v -0.000001 26.154398 -13.336601
v 0.000000 23.340601 -6.418041
v 2.960300 26.743401 -7.650991
v 0.000000 21.884800 -9.460741
v 0.000000 21.884800 -9.460741
v 2.960300 26.743401 -7.650991
v 5.099639 24.710800 -12.070101
v 0.000000 21.884800 -9.460741
v 5.099639 24.710800 -12.070101
v 0.000000 19.562399 -9.781181
v 0.000000 19.562399 -9.781181
v 5.099639 24.710800 -12.070101
v -0.000001 20.691498 -12.884901
v -8.169810 98.510704 -14.459702
v -1.675471 98.077301 -21.750504
v -5.276650 95.956299 -13.147404
v -5.276650 95.956299 -13.147404
v -1.675471 98.077301 -21.750504
v 0.863673 95.342896 -19.089304
v -5.276650 95.956299 -13.147404
v 0.863673 95.342896 -19.089304
v -3.176981 91.790497 -13.791304
v -8.276620 82.567802 -4.565572
v -12.201301 79.442696 -5.905332
v -9.613330 82.277901 -7.296982
v -9.613330 82.277901 -7.296982
v -12.201301 79.442696 -5.905332
v -11.780100 78.399002 -9.741510
v -9.613330 82.277901 -7.296982
v -11.780100 78.399002 -9.741510
v -8.536031 80.779396 -9.216592
v -12.201301 79.442696 -5.905332
v -8.276620 82.567802 -4.565572
v -6.839200 78.249504 -1.821962
v -6.839200 78.249504 -1.821962
v -8.276620 82.567802 -4.565572
v -5.142370 81.951401 -2.545242
v -6.839200 78.249504 -1.821962
v -5.142370 81.951401 -2.545242
v -2.349930 78.417297 0.894190
v 2.401810 78.417297 0.894189
v -0.354015 79.912697 -10.156602
v 5.142370 81.951401 -2.545243
v 5.142370 81.951401 -2.545243
v -0.354015 79.912697 -10.156602
v 6.320379 82.509796 -9.347823
v 5.142370 81.951401 -2.545243
v 6.320379 82.509796 -9.347823
v 8.276620 82.567802 -4.565573
v 5.142370 81.951401 -2.545243
v 6.891080 78.249504 -1.821963
v 2.401810 78.417297 0.894189
v 2.401810 78.417297 0.894189
v 6.891080 78.249504 -1.821963
v 5.023350 72.978905 2.352978
v 2.401810 78.417297 0.894189
v 5.023350 72.978905 2.352978
v 0.024415 74.935196 2.874837
v 2.984710 64.821304 2.584918
v 3.631700 74.208801 8.383427
v 5.023350 72.978905 2.352978
v 5.023350 72.978905 2.352978
v 3.631700 74.208801 8.383427
v 6.518750 76.018600 6.982627
v 5.023350 72.978905 2.352978
v 6.518750 76.018600 6.982627
v 5.597090 77.153801 4.748677
v 13.180899 81.609497 -18.683401
v 12.793399 79.534302 -12.683503
v 8.304090 82.482399 -15.472902
v 8.304090 82.482399 -15.472902
v 12.793399 79.534302 -12.683503
v 6.659139 76.772400 -7.354963
v 8.304090 82.482399 -15.472902
v 6.659139 76.772400 -7.354963
v -0.354015 79.912697 -10.156602
v 0.024414 62.892502 -10.892102
v 3.833119 64.601601 -12.643803
v 0.024414 61.122501 -10.483102
v 0.024414 61.122501 -10.483102
v 3.833119 64.601601 -12.643803
v 2.649009 60.942398 -11.887002
v 0.024414 61.122501 -10.483102
v 2.649009 60.942398 -11.887002
v 0.024414 59.794903 -11.175901
v -7.129121 71.007401 -17.810602
v 0.024414 75.743904 -21.128002
v -8.368181 71.788696 -18.408802
v -8.368181 71.788696 -18.408802
v 0.024414 75.743904 -21.128002
v -8.087401 74.028702 -21.482002
v -8.368181 71.788696 -18.408802
v -8.087401 74.028702 -21.482002
v -13.867601 70.268898 -19.006903
v 2.401810 78.417297 0.894189
v 0.024415 74.935196 2.874837
v -0.354015 79.912697 -10.156602
v -0.354015 79.912697 -10.156602
v 0.024415 74.935196 2.874837
v -2.349930 78.417297 0.894190
v -0.354015 79.912697 -10.156602
v -2.349930 78.417297 0.894190
v -5.142370 81.951401 -2.545242
v -7.800531 71.074600 -24.613201
v 0.024414 72.585205 -26.090302
v 0.024414 75.743904 -21.128002
v 0.024414 75.743904 -21.128002
v 0.024414 72.585205 -26.090302
v 8.343759 71.163101 -24.588800
v 0.024414 75.743904 -21.128002
v 8.343759 71.163101 -24.588800
v 7.181009 74.022598 -18.009001
v 0.024414 60.680000 -14.304002
v 0.024414 59.721703 -15.579702
v -4.257330 62.041100 -14.728203
v -4.257330 62.041100 -14.728203
v 0.024414 59.721703 -15.579702
v -4.412981 61.555801 -17.810602
v -4.257330 62.041100 -14.728203
v -4.412981 61.555801 -17.810602
v -4.455701 68.468300 -16.608202
v -4.541150 74.309502 12.335597
v 0.024415 74.410202 14.502398
v -3.680529 71.486595 14.401697
v -3.680529 71.486595 14.401697
v 0.024415 74.410202 14.502398
v 0.024415 71.553703 15.472897
v -3.680529 71.486595 14.401697
v 0.024415 71.553703 15.472897
v 0.024415 69.075600 15.008998
v 0.000001 -15.042599 22.510502
v 0.000001 -13.376299 19.772903
v 0.000001 -9.271519 21.970301
v 0.000000 -25.113699 -8.127079
v 0.000000 -21.353800 -6.097600
v 0.000000 -25.080099 -3.747669
v 0.000000 -25.080099 -3.747669
v 0.000000 -21.353800 -6.097600
v 0.000000 -20.026199 -2.887050
v 0.000000 -25.080099 3.747671
v 0.000000 -22.983500 1.284831
v 0.000000 -20.026199 2.887050
v 0.000000 -22.983500 -1.284829
v 0.000000 -25.080099 -3.747669
v 0.000000 -20.026199 -2.887050
v -0.000001 -15.042601 -22.510498
v -0.000001 -9.271521 -21.970301
v -0.000001 -13.376301 -19.772900
v -0.000001 -9.271521 -21.970301
v -0.000001 -5.352951 -19.559299
v -0.000001 -13.113800 -16.272499
v -7.406840 56.630100 4.275639
v 0.000000 56.630100 8.551289
v -7.751700 54.747200 4.474009
v -7.751700 54.747200 4.474009
v 0.000000 56.630100 8.551289
v 0.000000 54.747200 8.951079
v -7.751700 54.747200 4.474009
v 0.000000 54.747200 8.951079
v 0.000000 53.425701 5.468918
v 0.000000 54.747200 8.951079
v 0.000000 56.630100 8.551289
v 7.751700 54.747200 4.474008
v 7.751700 54.747200 4.474008
v 0.000000 56.630100 8.551289
v 7.406840 56.630100 4.275638
v 7.751700 54.747200 4.474008
v 7.406840 56.630100 4.275638
v 7.406840 56.630100 -4.275642
v 0.000000 -25.080099 3.747671
v 0.000000 -20.026199 2.887050
v 0.000000 -21.353800 6.097600
v 0.000000 -25.080099 3.747671
v 0.000000 -21.353800 6.097600
v 0.000000 -25.113699 8.127081
v -0.000001 -9.271521 -21.970301
v -0.000001 -13.113800 -16.272499
v -0.000001 -13.376301 -19.772900
v 0.000001 -5.352950 19.559299
v 0.000001 -9.271519 21.970301
v 0.000001 -13.113800 16.272503
v 0.000001 -9.271519 21.970301
v 0.000001 -13.376299 19.772903
v 0.000001 -13.113800 16.272503
v 0.000000 3.640859 -8.670310
v 4.730370 5.258339 -11.780100
v 3.006069 -6.094552 -15.854401
v 3.006069 -6.094552 -15.854401
v 4.730370 5.258339 -11.780100
v 2.725299 4.373300 -16.327400
v 3.006069 -6.094552 -15.854401
v 2.725299 4.373300 -16.327400
v -0.000001 -0.344859 -19.180901
v -0.000001 -0.344859 -19.180901
v -0.000001 -5.352951 -19.559299
v 3.006069 -6.094552 -15.854401
v 3.006069 -6.094552 -15.854401
v -0.000001 -5.352951 -19.559299
v 3.183079 -10.089399 -14.929699
v 3.006069 -6.094552 -15.854401
v 3.183079 -10.089399 -14.929699
v 0.000000 -8.062991 -9.549239
v -4.730371 5.258339 -11.780100
v -6.109810 11.026299 -7.330550
v 0.000000 6.826990 -4.882959
v 0.000000 6.826990 -4.882959
v -6.109810 11.026299 -7.330550
v -7.614370 14.444401 -0.000000
v 0.000000 6.826990 -4.882959
v -7.614370 14.444401 -0.000000
v -1.617480 9.845270 0.000000
v 3.994871 15.894001 9.186069
v 0.000000 19.553200 6.839200
v 4.559470 18.869600 -0.000000
v 4.559470 18.869600 -0.000000
v 0.000000 19.553200 6.839200
v 0.000000 20.596901 -0.000001
v 4.559470 18.869600 -0.000000
v 0.000000 20.596901 -0.000001
v 0.000000 19.553200 -6.839200
v -3.994871 15.893999 -9.186069
v 0.000000 19.553200 -6.839200
v -4.559470 18.869600 -0.000000
v -4.559470 18.869600 -0.000000
v 0.000000 19.553200 -6.839200
v 0.000000 20.596901 -0.000001
v -4.559470 18.869600 -0.000000
v 0.000000 20.596901 -0.000001
v 0.000000 19.553200 6.839200
v -0.000001 -0.344859 -19.180901
v -3.006071 -6.094552 -15.854401
v -0.000001 -5.352951 -19.559299
v -0.000001 -5.352951 -19.559299
v -3.006071 -6.094552 -15.854401
v -3.183081 -10.089399 -14.929699
v -0.000001 -5.352951 -19.559299
v -3.183081 -10.089399 -14.929699
v -0.000001 -13.113800 -16.272499
v -1.995910 19.840101 -0.000000
v 0.000000 20.215500 -2.508621
v 0.000000 22.205301 -3.079321
v 0.000000 22.205301 -3.079321
v 0.000000 20.215500 -2.508621
v 1.995910 19.840101 -0.000000
v 0.000000 22.205301 -3.079321
v 1.995910 19.840101 -0.000000
v 1.495410 28.312000 -1.986761
v -5.468920 53.425701 -0.000001
v -7.751700 54.747200 -4.474011
v -7.751700 54.747200 4.474009
v -7.751700 54.747200 4.474009
v -7.751700 54.747200 -4.474011
v -7.406840 56.630100 -4.275641
v -7.751700 54.747200 4.474009
v -7.406840 56.630100 -4.275641
v -7.406840 56.630100 4.275639
v 0.000000 53.425701 -5.468921
v 0.000000 54.747200 -8.951081
v -7.751700 54.747200 -4.474011
v -7.751700 54.747200 -4.474011
v 0.000000 54.747200 -8.951081
v 0.000000 56.630100 -8.551291
v -7.751700 54.747200 -4.474011
v 0.000000 56.630100 -8.551291
v -7.406840 56.630100 -4.275641
v 0.000000 49.681099 3.097628
v 0.000000 45.045300 2.154609
v -3.097630 49.681099 -0.000002
v -3.097630 49.681099 -0.000002
v 0.000000 45.045300 2.154609
v -2.154610 45.045300 -0.000001
v -3.097630 49.681099 -0.000002
v -2.154610 45.045300 -0.000001
v 0.000000 45.045300 -2.154611
v 2.154610 45.045300 -0.000001
v 0.000000 45.045300 2.154609
v 3.097630 49.681099 -0.000002
v 3.097630 49.681099 -0.000002
v 0.000000 45.045300 2.154609
v 0.000000 49.681099 3.097628
v 3.097630 49.681099 -0.000002
v 0.000000 49.681099 3.097628
v 5.468920 53.425701 -0.000002
v 7.406840 56.630100 4.275638
v 0.000000 56.630100 8.551289
v 0.000000 56.630100 -8.551291
v 0.000000 56.630100 -8.551291
v 0.000000 56.630100 8.551289
v -7.406840 56.630100 4.275639
v 0.000000 56.630100 -8.551291
v -7.406840 56.630100 4.275639
v -7.406840 56.630100 -4.275641
v 0.000000 31.693501 5.899229
v -3.698840 30.115700 5.352950
v 0.000000 31.492001 3.701899
v 0.000000 31.492001 3.701899
v -3.698840 30.115700 5.352950
v -1.495410 28.312000 1.986759
v 0.000000 31.492001 3.701899
v -1.495410 28.312000 1.986759
v 0.000000 29.636499 1.986759
v 0.006104 -52.149998 4.547261
v -4.544210 -52.149998 -0.003050
v 4.559470 -52.149998 -0.003050
v 4.559470 -52.149998 -0.003050
v -4.544210 -52.149998 -0.003050
v 0.006104 -52.149998 -4.559469
v -2.151560 -60.689098 -0.509657
v 2.206490 -60.689098 0.604268
v 0.241096 -60.689098 -2.191227
v 2.206490 -60.689098 0.604268
v -2.151560 -60.689098 -0.509657
v -0.183111 -60.689098 2.285841
v 1.480150 -55.595600 2.114932
v -3.775140 -58.128601 -0.250250
v -0.979644 -58.128601 3.726311
v 2.569660 -57.142902 0.585956
v -0.323496 -57.142902 2.621542
v 1.159700 -55.620003 1.660212
v -2.511670 -57.142902 -0.491346
v 0.381481 -57.142902 -2.523878
v -1.104770 -55.620003 -1.565598
v -2.151560 -60.689098 -0.509657
v -0.323496 -57.142902 2.621542
v -0.183111 -60.689098 2.285841
v -0.183111 -60.689098 2.285841
v -0.323496 -57.142902 2.621542
v 2.206490 -60.689098 0.604268
v 2.206490 -60.689098 0.604268
v -0.323496 -57.142902 2.621542
v 2.569660 -57.142902 0.585956
v 2.206490 -60.689098 0.604268
v 2.569660 -57.142902 0.585956
v 0.241096 -60.689098 -2.191227
v 0.241096 -60.689098 -2.191227
v 2.569660 -57.142902 0.585956
v 0.381481 -57.142902 -2.523878
v 3.830070 -58.128601 0.344860
v 1.034580 -58.128601 -3.631698
v 1.480150 -55.595600 2.114932
v 1.480150 -55.595600 2.114932
v -1.425210 -55.595600 -2.020328
v -3.775140 -58.128601 -0.250250
v 1.480150 -55.595600 2.114932
v -1.425210 -55.595600 -2.020328
v 1.034580 -58.128601 -3.631698
v -0.323496 -57.142902 2.621542
v -2.151560 -60.689098 -0.509657
v -2.511670 -57.142902 -0.491346
v -2.511670 -57.142902 -0.491346
v -2.151560 -60.689098 -0.509657
v 0.241096 -60.689098 -2.191227
v -2.511670 -57.142902 -0.491346
v 0.241096 -60.689098 -2.191227
v 0.381481 -57.142902 -2.523878
v 0.006104 -53.654598 3.936892
v -3.933840 -53.654598 -0.003050
v -4.544210 -52.149998 -0.003050
v -4.544210 -52.149998 -0.003050
v -3.933840 -53.654598 -0.003050
v 0.006104 -53.654598 -3.946038
v -4.544210 -52.149998 -0.003050
v 0.006104 -53.654598 -3.946038
v 0.006104 -52.149998 -4.559469
v 0.006104 -52.149998 -4.559469
v 0.006104 -53.654598 -3.946038
v 4.559470 -52.149998 -0.003050
v 0.006104 -53.654598 -3.946038
v 3.949100 -53.654598 -0.003050
v 4.559470 -52.149998 -0.003050
v 4.559470 -52.149998 -0.003050
v 3.949100 -53.654598 -0.003050
v 0.006104 -53.654598 3.936892
v 4.559470 -52.149998 -0.003050
v 0.006104 -53.654598 3.936892
v 0.006104 -52.149998 4.547261
v 0.006104 -52.149998 4.547261
v 0.006104 -53.654598 3.936892
v -4.544210 -52.149998 -0.003050
v -1.837210 -48.274200 -0.006102
v 2.548300 -52.149998 -0.006102
v 1.828060 -48.274200 -0.006102
v -2.542190 -52.149998 -0.006102
v 2.548300 -52.149998 -0.006102
v -1.837210 -48.274200 -0.006102
v 0.097659 -34.666000 -3.912469
v 0.097659 -25.263199 -1.931819
v 0.097659 -36.707699 0.024416
v 0.000000 -31.424900 -0.033570
v 0.000000 -42.478703 5.255291
v 0.000000 -33.271301 -3.894158
v -0.103763 -51.747204 1.229902
v -0.097659 -39.036198 0.277719
v -0.103763 -49.473598 -2.578808
v -0.097659 -40.168499 4.403821
v -0.103763 -51.747204 1.229902
v -0.097659 -39.036198 0.277719
v 0.000000 -42.478703 5.255291
v 0.000000 -33.271301 -3.894158
v 0.000000 -43.253899 0.885038
v 0.097659 -25.263199 -1.931819
v 0.097659 -36.707699 0.024416
v 0.097659 -26.145199 2.252271
v -1.223790 -26.703701 0.000001
v 1.223790 -26.703701 0.000001
v -1.223790 -24.250000 0.000001
v 3.640860 -61.696201 -0.009153
v 0.006104 -61.696201 -3.640857
v -3.625600 -61.696201 -0.009153
v 3.640860 -61.696201 -0.009153
v -3.625600 -61.696201 -0.009153
v 0.006104 -61.696201 3.622553
v 1.223790 -26.703701 0.000001
v -1.223790 -24.250000 0.000001
v 1.223790 -24.250000 0.000001
v -4.879910 -57.258804 2.737512
v 0.006104 -61.696201 3.622553
v -3.625600 -61.696201 -0.009153
v -3.933840 -53.654598 -0.003050
v 0.006104 -53.654598 3.936892
v -4.879910 -57.258804 2.737512
v -4.879910 -57.258804 2.737512
v 0.006104 -53.654598 3.936892
v 0.006104 -57.258804 5.484182
v -4.879910 -57.258804 2.737512
v 0.006104 -57.258804 5.484182
v 0.006104 -61.696201 3.622553
v 0.006104 -61.696201 3.622553
v 0.006104 -57.258804 5.484182
v 4.895170 -57.258804 2.737511
v 0.006104 -61.696201 3.622553
v 4.895170 -57.258804 2.737511
v 3.640860 -61.696201 -0.009153
v 3.640860 -61.696201 -0.009153
v 4.895170 -57.258804 2.737511
v 4.895170 -57.258804 -2.749719
v 3.640860 -61.696201 -0.009153
v 4.895170 -57.258804 -2.749719
v 0.006104 -61.696201 -3.640857
v 0.006104 -61.696201 -3.640857
v 4.895170 -57.258804 -2.749719
v 0.006103 -57.258804 -5.496379
v 0.006104 -61.696201 -3.640857
v 0.006103 -57.258804 -5.496379
v -4.879910 -57.258804 -2.749718
v -4.879910 -57.258804 -2.749718
v 0.006103 -57.258804 -5.496379
v 0.006104 -53.654598 -3.946038
v -4.879910 -57.258804 -2.749718
v 0.006104 -53.654598 -3.946038
v -3.933840 -53.654598 -0.003050
v 0.006104 -57.258804 5.484182
v 0.006104 -53.654598 3.936892
v 4.895170 -57.258804 2.737511
v 4.895170 -57.258804 2.737511
v 0.006104 -53.654598 3.936892
v 3.949100 -53.654598 -0.003050
v 4.895170 -57.258804 2.737511
v 3.949100 -53.654598 -0.003050
v 4.895170 -57.258804 -2.749719
v 4.895170 -57.258804 -2.749719
v 3.949100 -53.654598 -0.003050
v 0.006104 -53.654598 -3.946038
v 4.895170 -57.258804 -2.749719
v 0.006104 -53.654598 -3.946038
v 0.006103 -57.258804 -5.496379
v -3.933840 -53.654598 -0.003050
v -4.879910 -57.258804 2.737512
v -4.879910 -57.258804 -2.749718
v -4.879910 -57.258804 -2.749718
v -4.879910 -57.258804 2.737512
v -3.625600 -61.696201 -0.009153
v -4.879910 -57.258804 -2.749718
v -3.625600 -61.696201 -0.009153
v 0.006104 -61.696201 -3.640857
v 0.000001 -15.042599 22.510502
v 0.000001 -13.376299 19.772903
v 0.000001 -9.271519 21.970301
v 0.000000 -25.113699 -8.127079
v 0.000000 -21.353800 -6.097600
v 0.000000 -25.080099 -3.747669
v 0.000000 -25.080099 -3.747669
v 0.000000 -21.353800 -6.097600
v 0.000000 -20.026199 -2.887050
v 0.000000 -25.080099 3.747671
v 0.000000 -22.983500 1.284831
v 0.000000 -20.026199 2.887050
v 0.000000 -22.983500 -1.284829
v 0.000000 -25.080099 -3.747669
v 0.000000 -20.026199 -2.887050
v -0.000001 -15.042601 -22.510498
v -0.000001 -9.271521 -21.970301
v -0.000001 -13.376301 -19.772900
v -0.000001 -9.271521 -21.970301
v -0.000001 -5.352951 -19.559299
v -0.000001 -13.113800 -16.272499
v 0.000000 -25.080099 3.747671
v 0.000000 -20.026199 2.887050
v 0.000000 -21.353800 6.097600
v 0.000000 -25.080099 3.747671
v 0.000000 -21.353800 6.097600
v 0.000000 -25.113699 8.127081
v -0.000001 -9.271521 -21.970301
v -0.000001 -13.113800 -16.272499
v -0.000001 -13.376301 -19.772900
v 0.000001 -5.352950 19.559299
v 0.000001 -9.271519 21.970301
v 0.000001 -13.113800 16.272503
v 0.000001 -9.271519 21.970301
v 0.000001 -13.376299 19.772903
v 0.000001 -13.113800 16.272503
v 0.097659 -34.666000 -3.912469
v 0.097659 -25.263199 -1.931819
v 0.097659 -36.707699 0.024416
v 0.000000 -31.424900 -0.033570
v 0.000000 -42.478703 5.255291
v 0.000000 -33.271301 -3.894158
v -0.103763 -51.747204 1.229902
v -0.097659 -39.036198 0.277719
v -0.103763 -49.473598 -2.578808
v -0.097659 -40.168499 4.403821
v -0.103763 -51.747204 1.229902
v -0.097659 -39.036198 0.277719
v 0.000000 -42.478703 5.255291
v 0.000000 -33.271301 -3.894158
v 0.000000 -43.253899 0.885038
v 0.097659 -25.263199 -1.931819
v 0.097659 -36.707699 0.024416
v 0.097659 -26.145199 2.252271
v -1.223790 -26.703701 0.000001
v 1.223790 -26.703701 0.000001
v -1.223790 -24.250000 0.000001
v 1.223790 -26.703701 0.000001
v -1.223790 -24.250000 0.000001
v 1.223790 -24.250000 0.000001
v -4.309211 81.450806 -24.149302
v -6.884982 82.192497 -28.559200
v -5.294961 84.743797 -23.004902
v -9.668261 81.942200 -18.475903
v -5.441451 83.962502 -19.901102
v -4.840241 83.016403 -17.142202
v -4.840241 83.016403 -17.142202
v -5.441451 83.962502 -19.901102
v -2.356031 84.438599 -18.549202
v -4.309211 81.450806 -24.149302
v -5.294961 84.743797 -23.004902
v -2.884001 84.374496 -18.573603
v -3.176981 91.790497 -13.791304
v -2.749721 84.270798 -18.866503
v 3.646959 89.379601 -22.791203
v -1.837210 -48.274200 -0.006102
v 2.548300 -52.149998 -0.006102
v 1.828060 -48.274200 -0.006102
v -2.542190 -52.149998 -0.006102
v 2.548300 -52.149998 -0.006102
v -1.837210 -48.274200 -0.006102
vn -0.5912 0.2095 0.7788
vn -0.5909 0.2082 0.7794
vn 0.5912 -0.2093 -0.7789
vn 0.5911 -0.2090 -0.7790
vn 0.2790 -0.8535 0.4401
vn 0.2788 -0.8535 0.4402
vn -0.7570 -0.4772 -0.4463
vn -0.7572 -0.4769 -0.4464
vn 0.7573 0.4763 0.4469
vn 0.7567 0.4784 0.4456
vn -0.8221 -0.3902 0.4146
vn -0.2975 0.8813 0.3671
vn -0.2968 0.8816 0.3670
vn -0.8220 -0.3902 0.4147
vn -0.1371 0.9260 -0.3519
vn 0.1257 0.9906 0.0531
vn -0.0757 0.3121 -0.9470
vn 0.0686 -0.7098 -0.7011
vn -0.0636 0.7818 -0.6203
vn -0.1665 0.8579 -0.4862
vn 0.2278 -0.9492 -0.2173
vn 0.1688 -0.3768 -0.9108
vn 0.4208 -0.9052 0.0585
vn 0.7731 0.5833 -0.2493
vn -0.1198 0.0427 0.9919
vn -0.2530 -0.9312 -0.2623
vn -0.6055 -0.7408 0.2908
vn -0.9344 0.0719 -0.3490
vn 0.9086 0.2748 -0.3146
vn 0.6118 -0.7575 0.2276
vn 0.4002 0.3145 0.8608
vn 0.5068 0.4069 0.7600
vn 0.8788 0.1294 0.4594
vn 0.7958 -0.1808 0.5779
vn 0.8627 -0.1274 -0.4894
vn 0.5588 -0.8069 -0.1914
vn -0.0000 1.0000 -0.0000
vn -0.9019 0.1072 0.4185
vn -0.9145 0.0063 0.4045
vn 0.7711 -0.0044 -0.6367
vn 0.9353 -0.1261 -0.3305
vn -0.8627 -0.1274 0.4894
vn -0.5588 -0.8069 0.1914
vn 0.9353 -0.1261 0.3305
vn 0.9431 -0.3098 0.1209
vn -0.5518 0.6230 -0.5544
vn -0.7055 -0.0000 -0.7087
vn -0.3804 0.9210 0.0845
vn -0.3930 0.7257 -0.5647
vn -0.1885 -0.9638 -0.1885
vn -0.6454 -0.4087 -0.6454
vn 0.5021 0.5814 0.6402
vn 0.3804 0.9210 0.0845
vn 0.2079 0.9696 -0.1290
vn 0.3481 0.8990 -0.2658
vn -0.2789 0.8535 -0.4403
vn -0.2672 0.5243 -0.8085
vn -0.2789 0.8535 -0.4402
vn -0.8909 -0.0574 0.4505
vn -0.2788 0.8528 -0.4415
vn -0.5909 0.2087 0.7793
vn 0.5912 -0.2085 -0.7791
vn -0.7573 -0.4765 -0.4465
vn 0.0137 0.7919 -0.6105
vn -0.2351 0.9682 0.0851
vn 0.9985 -0.0158 0.0529
vn 0.4503 0.3714 0.8120
vn 0.5061 -0.7958 0.3326
vn 0.7840 -0.2602 0.5636
vn 0.5346 -0.5154 -0.6698
vn 0.0991 0.4850 -0.8689
vn 0.1947 -0.8054 -0.5598
vn 0.3990 0.9166 -0.0241
vn 0.6224 -0.7355 0.2676
vn -0.0991 0.4850 -0.8689
vn -0.9810 0.0259 0.1922
vn -0.1951 -0.3749 -0.9063
vn -0.5313 0.8450 0.0608
vn -0.6835 -0.4512 0.5738
vn 0.4918 0.1798 -0.8519
vn 0.8060 -0.5094 -0.3013
vn -0.8753 -0.2301 0.4252
vn 0.5651 -0.6314 -0.5311
vn -0.4512 -0.1138 -0.8851
vn 0.2069 0.2440 -0.9474
vn -0.5556 0.5146 0.6531
vn 0.8788 0.1294 -0.4594
vn -0.7986 0.4446 0.4056
vn -0.7711 -0.0044 0.6367
vn 0.6642 0.3431 -0.6642
vn -0.5034 -0.1181 0.8559
vn -0.4341 0.8941 -0.1102
vn -0.7661 -0.5405 0.3478
vn 0.2008 -0.9159 0.3476
vn -0.1885 -0.9638 0.1885
vn 0.4200 -0.3645 -0.8311
vn -0.2954 0.2298 0.9273
vn -0.6224 -0.7355 -0.2676
vn -0.4200 -0.3645 -0.8311
vn -0.2954 0.2298 -0.9273
vn 0.2954 0.2298 -0.9273
vn 0.3503 0.7714 -0.5313
vn 0.4819 0.8610 -0.1627
vn 0.4341 0.8941 -0.1102
vn 0.4002 0.3145 -0.8608
vn -0.4002 0.3145 -0.8608
vn -0.5068 0.4069 -0.7600
vn -0.8475 -0.4129 0.3335
vn -0.5021 0.5814 0.6402
vn -0.5153 0.5817 0.6294
vn 0.5153 0.5817 0.6294
vn 0.5518 0.6230 -0.5544
vn 0.9697 -0.0000 -0.2443
vn 0.9697 -0.0000 0.2443
vn 0.8023 -0.0909 0.5899
vn 0.9715 -0.2243 0.0763
vn -0.9715 -0.2243 0.0763
vn -0.7661 -0.5405 -0.3478
vn -0.8475 -0.4129 -0.3335
vn -0.5068 0.4069 0.7600
vn -0.3930 0.7257 0.5647
vn 0.3930 0.7257 0.5647
vn 0.3804 0.9210 -0.0845
vn 0.5021 0.5814 -0.6402
vn 0.5153 0.5817 -0.6294
vn 0.5518 0.6230 0.5544
vn 0.7055 -0.0000 0.7087
vn 0.7055 -0.0000 -0.7087
vn 0.7071 -0.0011 -0.7071
vn -0.7071 -0.0011 -0.7071
vn -0.6874 -0.2344 -0.6874
vn 0.5556 0.5146 -0.6531
vn 0.6778 0.3320 -0.6560
vn 0.8614 0.1956 -0.4687
vn 0.9019 0.1072 -0.4185
vn 0.6115 -0.5698 0.5490
vn 0.5651 -0.6314 0.5311
vn -0.5651 -0.6314 0.5311
vn -0.5952 -0.3500 0.7233
vn -0.9145 0.0063 -0.4045
vn -0.7322 -0.0111 -0.6809
vn -0.4853 0.2298 -0.8436
vn 0.4853 0.2298 -0.8436
vn 0.4512 -0.1138 -0.8851
vn 0.7986 0.4446 -0.4056
vn -0.7986 0.4446 -0.4056
vn -0.2069 0.2440 -0.9474
vn -0.6778 0.3320 -0.6560
vn -0.5556 0.5146 -0.6531
vn -0.4603 0.7774 -0.4286
vn 0.4603 0.7774 -0.4286
vn 0.5494 0.7844 -0.2879
vn 0.8012 0.5531 -0.2284
vn 0.8012 0.5531 0.2284
vn 0.9086 0.2748 0.3146
vn 0.8614 0.1956 0.4687
vn 0.9019 0.1072 0.4185
vn 0.9145 0.0063 0.4045
vn 0.5952 -0.3500 -0.7233
vn 0.7958 -0.1808 -0.5779
vn 0.0812 -0.9947 -0.0636
vn 0.3717 -0.9047 -0.2080
vn 0.4278 -0.8486 -0.3111
vn 0.8234 -0.4744 -0.3115
vn 0.8242 -0.4693 -0.3169
vn 0.9809 0.0256 0.1926
vn 0.8778 -0.1935 0.4381
vn 0.4248 -0.8998 -0.0997
vn 0.4006 -0.9163 -0.0000
vn -0.4010 -0.9161 -0.0000
vn -0.4050 -0.4230 0.8106
vn -0.4734 0.0289 0.8804
vn -0.3281 0.2127 0.9204
vn -0.3764 -0.9228 -0.0827
vn 0.3761 -0.9229 -0.0827
vn 0.5715 -0.8103 0.1296
vn 0.8551 -0.5132 0.0736
vn 0.9015 -0.0745 0.4262
vn 0.7133 -0.3589 0.6019
vn 0.6973 -0.3957 0.5976
vn 0.4799 -0.4354 0.7617
vn 0.4714 0.8236 0.3153
vn 0.5980 0.4420 -0.6686
vn -0.5172 -0.8197 0.2461
vn -0.5221 -0.8158 0.2486
vn -0.5241 -0.7046 0.4784
vn -0.6912 -0.4926 0.5288
vn -0.6046 -0.3106 0.7335
vn -0.7601 -0.1144 0.6396
vn -0.7803 0.0471 0.6237
vn -0.7322 -0.0111 0.6809
vn -0.4853 0.2298 0.8436
vn -0.4512 -0.1138 0.8851
vn 0.4512 -0.1138 0.8851
vn 0.7986 0.4446 0.4056
vn 0.2069 0.2440 0.9474
vn -0.2069 0.2440 0.9474
vn -0.6778 0.3320 0.6560
vn -0.8614 0.1956 0.4687
vn -0.9086 0.2748 0.3146
vn -0.6118 -0.7575 -0.2276
vn -0.5846 -0.7623 -0.2776
vn -0.9431 -0.3098 0.1209
vn -0.9353 -0.1261 0.3305
vn -0.2660 -0.9235 -0.2764
vn -0.3261 -0.8692 -0.3717
vn 0.3259 -0.8692 -0.3718
vn 0.3027 -0.1498 -0.9412
vn 0.2951 -0.1420 -0.9449
vn 0.2126 -0.5214 -0.8264
vn 0.3615 -0.9002 -0.2428
vn 0.3570 -0.9040 -0.2352
vn 0.2614 -0.8568 0.4445
vn -0.2616 -0.8567 0.4445
vn -0.3534 -0.2795 0.8927
vn -0.9339 -0.0637 0.3517
vn -0.9333 -0.0671 0.3527
vn -0.9874 0.1578 0.0150
vn -0.7244 -0.6234 0.2943
vn -0.6690 -0.6567 0.3483
vn -0.9949 -0.0235 0.0980
vn -0.2804 0.2785 -0.9186
vn -0.2410 0.3720 -0.8964
vn 0.8475 -0.4129 -0.3335
vn 0.7661 -0.5405 -0.3478
vn 0.7725 -0.5728 -0.2741
vn -0.7725 -0.5728 -0.2741
vn -0.6021 -0.5737 -0.5553
vn -0.4819 0.8610 0.1627
vn -0.3503 0.7714 0.5313
vn 0.3503 0.7714 0.5313
vn 0.2954 0.2298 0.9273
vn 0.4200 -0.3645 0.8311
vn -0.4200 -0.3645 0.8311
vn -0.6224 -0.7355 0.2676
vn -0.5034 -0.1181 -0.8559
vn 0.5034 -0.1181 -0.8559
vn 0.6021 -0.5737 -0.5553
vn 0.4819 0.8610 0.1627
vn 0.4341 0.8941 0.1102
vn -0.4341 0.8941 0.1102
vn -0.4002 0.3145 0.8608
vn -0.2695 0.8607 -0.4319
vn -0.3242 0.8065 -0.4944
vn 0.0701 -0.6214 -0.7803
vn -0.9554 0.1050 -0.2761
vn -0.1337 -0.8921 0.4315
vn -0.1754 -0.6385 0.7494
vn -0.6576 -0.5195 0.5456
vn -0.6618 -0.5267 0.5335
vn -0.9575 -0.2883 0.0098
vn -0.9608 -0.2498 0.1198
vn -0.9654 -0.2383 0.1057
vn -0.9378 -0.2269 0.2627
vn -0.7342 -0.3927 0.5539
vn -0.7775 -0.6228 0.0867
vn 0.7564 -0.1803 0.6288
vn -0.7564 -0.1803 0.6288
vn -0.8023 -0.0909 0.5899
vn -0.9697 -0.0000 0.2443
vn -0.5518 0.6230 0.5544
vn -0.7055 -0.0000 0.7087
vn -0.7071 -0.0011 0.7071
vn -0.6874 -0.2344 0.6874
vn -0.4429 -0.7795 0.4429
vn -0.6642 0.3431 0.6642
vn 0.2415 0.8491 0.4698
vn 0.3366 0.9412 0.0294
vn 0.4815 0.8653 -0.1392
vn 0.1953 -0.0014 0.9807
vn 0.4675 -0.0633 0.8817
vn 0.5240 0.1502 0.8384
vn 0.9251 0.3045 -0.2269
vn -0.3372 0.9392 -0.0643
vn -0.3488 0.9346 -0.0692
vn -0.3989 0.9167 -0.0239
vn -0.0000 0.9935 -0.1134
vn -0.0000 0.9927 -0.1209
vn 0.9812 -0.1438 0.1289
vn 0.9654 -0.2383 0.1057
vn 0.9730 -0.2166 0.0793
vn 0.9516 -0.3044 0.0414
vn 0.3747 -0.8996 0.2244
vn 0.5285 0.3280 0.7831
vn 0.6537 0.7164 0.2439
vn 0.1039 0.9931 -0.0546
vn 0.4253 0.6713 -0.6070
vn 0.0415 0.1983 -0.9793
vn -0.0522 -0.7272 -0.6845
vn 0.5172 -0.8197 -0.2461
vn 0.5172 -0.8197 0.2461
vn 0.5221 -0.8158 0.2486
vn 0.5241 -0.7046 0.4784
vn 0.6912 -0.4926 0.5288
vn 0.6046 -0.3106 0.7335
vn 0.7601 -0.1144 0.6396
vn 0.7803 0.0471 0.6237
vn 0.7322 -0.0111 0.6809
vn 0.4853 0.2298 0.8436
vn 0.6778 0.3320 0.6560
vn 0.5556 0.5146 0.6531
vn 0.4603 0.7774 0.4286
vn -0.4603 0.7774 0.4286
vn -0.5494 0.7844 0.2879
vn -0.8012 0.5531 0.2284
vn -0.8012 0.5531 -0.2284
vn -0.9086 0.2748 -0.3146
vn -0.8614 0.1956 -0.4687
vn -0.9019 0.1072 -0.4185
vn -0.7958 -0.1808 0.5779
vn -0.8788 0.1294 0.4594
vn -0.8746 0.1458 0.4625
vn -0.8109 0.5095 0.2878
vn -0.6912 -0.4926 -0.5288
vn -0.5241 -0.7046 -0.4784
vn 0.5241 -0.7046 -0.4784
vn 0.5221 -0.8158 -0.2486
vn 0.6984 0.7108 0.0833
vn 0.6752 0.7222 0.1503
vn 0.3490 0.9346 -0.0693
vn 0.3372 0.9392 -0.0643
vn -0.9251 0.3045 -0.2269
vn -0.5240 0.1502 0.8384
vn -0.4675 -0.0633 0.8817
vn -0.1953 -0.0014 0.9807
vn -0.4815 0.8653 -0.1392
vn -0.3369 0.9411 0.0292
vn -0.2417 0.8491 0.4698
vn 0.2262 0.3734 -0.8997
vn 0.2541 0.3068 -0.9173
vn 0.9870 0.0769 0.1410
vn 0.6068 -0.5373 0.5857
vn 0.9004 -0.3790 0.2137
vn 0.9874 0.1578 0.0146
vn 0.9333 -0.0675 0.3528
vn 0.9339 -0.0637 0.3517
vn 0.3532 -0.2795 0.8928
vn 0.6877 -0.2202 0.6918
vn 0.6831 -0.4514 0.5741
vn 0.7339 -0.3929 0.5542
vn 0.7773 -0.6232 0.0867
vn 0.6554 -0.7421 -0.1405
vn 0.5258 -0.6009 -0.6020
vn 0.3878 0.4645 0.7962
vn 0.2691 0.3098 0.9119
vn 0.1197 0.0427 0.9919
vn 0.2529 -0.9313 -0.2623
vn 0.4449 -0.8810 0.1612
vn 0.2991 -0.7629 0.5731
vn 0.2236 -0.8516 -0.4741
vn -0.2237 -0.8516 -0.4741
vn -0.4252 -0.8996 -0.0995
vn -0.8778 -0.1935 0.4381
vn 0.9836 0.1802 -0.0000
vn 0.5010 -0.8654 -0.0000
vn 0.1885 -0.9638 0.1885
vn 0.6454 -0.4087 0.6454
vn -0.6454 -0.4087 0.6454
vn -0.6999 -0.1424 -0.6999
vn 0.6046 -0.3106 -0.7335
vn 0.6912 -0.4926 -0.5288
vn 0.8109 0.5095 0.2878
vn 0.8191 0.5137 0.2554
vn -0.8191 0.5137 0.2554
vn -0.6984 0.7108 0.0833
vn -0.5221 -0.8158 -0.2486
vn -0.5172 -0.8197 -0.2461
vn 0.6115 -0.5698 -0.5490
vn 0.6118 -0.7575 -0.2276
vn 0.5846 -0.7623 -0.2776
vn 0.5846 -0.7623 0.2776
vn 0.9431 -0.3098 -0.1209
vn -0.9431 -0.3098 -0.1209
vn -0.9353 -0.1261 -0.3305
vn -0.7711 -0.0044 -0.6367
vn -0.9697 -0.0000 -0.2443
vn -0.8023 -0.0909 -0.5899
vn -0.9715 -0.2243 -0.0763
vn 0.9715 -0.2243 -0.0763
vn 0.7661 -0.5405 0.3478
vn 0.8475 -0.4129 0.3335
vn 0.5068 0.4069 -0.7600
vn 0.3930 0.7257 -0.5647
vn -0.2072 -0.9728 0.1034
vn -0.2073 -0.9728 0.1033
vn -0.5822 -0.7790 -0.2328
vn -0.7942 -0.3206 -0.5162
vn -0.7942 -0.3205 -0.5163
vn -0.9708 -0.2320 -0.0612
vn -0.9670 -0.2535 0.0270
vn -0.5718 -0.8101 0.1296
vn -0.3682 -0.8623 0.3477
vn 0.3680 -0.8623 0.3478
vn 0.4827 -0.2570 -0.8372
vn 0.7598 -0.3526 -0.5462
vn -0.5588 -0.8069 -0.1914
vn -0.8627 -0.1274 -0.4894
vn -0.9092 0.1346 -0.3941
vn 0.9092 0.1346 -0.3941
vn 0.7533 -0.0000 -0.6577
vn 0.7533 -0.0000 0.6577
vn 0.7711 -0.0044 0.6367
vn 0.6642 0.3431 0.6642
vn 0.4429 -0.7795 0.4429
vn 0.6874 -0.2344 0.6874
vn 0.7071 -0.0011 0.7071
vn 0.4919 0.1808 -0.8517
vn 0.2008 -0.9159 -0.3476
vn 0.1885 -0.9638 -0.1885
vn 0.6454 -0.4087 -0.6454
vn 0.6999 -0.1424 -0.6999
vn 0.3310 0.9181 -0.2180
vn 0.7075 0.6958 0.1235
vn 0.6928 0.7171 0.0758
vn 0.8980 0.1662 0.4074
vn 0.7964 -0.0038 0.6048
vn -0.6850 0.3804 -0.6213
vn 0.2702 -0.1772 0.9464
vn 0.5533 -0.8280 0.0913
vn -0.5536 -0.8277 0.0913
vn -0.5349 -0.5153 -0.6696
vn -0.5261 -0.6009 -0.6018
vn -0.6557 -0.7419 -0.1406
vn -0.8060 -0.5094 0.3013
vn 0.8060 -0.5094 0.3013
vn 0.8753 -0.2301 0.4252
vn 0.8753 -0.2301 -0.4252
vn -0.8753 -0.2301 -0.4252
vn -0.8060 -0.5094 -0.3013
vn -0.8746 0.1458 -0.4625
vn -0.8109 0.5095 -0.2878
vn -0.8191 0.5137 -0.2554
vn -0.6984 0.7108 -0.0833
vn -0.6752 0.7222 -0.1503
vn -0.6752 0.7222 0.1503
vn 0.5588 -0.8069 0.1914
vn 0.8627 -0.1274 0.4894
vn 0.9092 0.1346 0.3941
vn -0.9092 0.1346 0.3941
vn -0.7533 -0.0000 0.6577
vn -0.7533 -0.0000 -0.6577
vn 0.1357 0.9779 -0.1591
vn 0.1372 0.9779 -0.1579
vn 0.6199 -0.5008 0.6041
vn 0.6193 -0.5016 0.6040
vn -0.8907 -0.0571 0.4511
vn 0.7563 0.4787 0.4460
vn 0.7558 0.4789 0.4466
vn 0.1356 -0.4211 -0.8968
vn 0.1341 -0.4217 -0.8968
vn -0.4696 -0.8636 0.1834
vn -0.4273 -0.8481 0.3133
vn -0.9620 -0.2442 0.1220
vn -0.4779 0.4351 0.7631
vn -0.2337 0.3554 0.9050
vn 0.5960 0.4518 -0.6639
vn 0.1919 -0.2822 -0.9400
vn 0.0930 -0.5983 -0.7959
vn 0.0679 -0.6207 -0.7811
vn 0.0306 -0.8438 -0.5358
vn -0.6881 -0.2201 0.6915
vn -0.7844 -0.2601 0.5631
vn -0.9812 -0.1438 0.1289
vn -0.7602 -0.3525 -0.5457
vn -0.4830 -0.2569 -0.8371
vn -0.3029 -0.1498 -0.9412
vn -0.2952 -0.1420 -0.9448
vn -0.2127 -0.5214 -0.8264
vn -0.3617 -0.9002 -0.2427
vn -0.3572 -0.9039 -0.2352
vn -0.3058 0.8790 0.3660
vn -0.8724 0.3060 0.3811
vn -0.6838 0.2783 0.6745
vn -0.6842 0.2761 0.6750
vn -0.9559 0.0968 -0.2774
vn 0.6752 0.7222 -0.1503
vn 0.6984 0.7108 -0.0834
vn 0.8191 0.5137 -0.2554
vn 0.8109 0.5095 -0.2878
vn 0.8746 0.1458 -0.4625
vn -0.8788 0.1294 -0.4594
vn -0.7958 -0.1808 -0.5779
vn -0.5952 -0.3500 -0.7233
vn -0.5651 -0.6314 -0.5311
vn -0.6115 -0.5698 -0.5490
vn -0.6642 0.3431 -0.6642
vn -0.4429 -0.7795 -0.4429
vn 0.4429 -0.7795 -0.4429
vn 0.6874 -0.2344 -0.6874
vn -0.7056 -0.7037 0.0829
vn -0.5335 -0.8458 0.0004
vn -0.2292 -0.9578 -0.1736
vn 0.2643 -0.9642 0.0202
vn -0.7725 -0.5728 0.2741
vn -0.6021 -0.5737 0.5553
vn -0.4819 0.8610 -0.1627
vn -0.3503 0.7714 -0.5313
vn 0.7725 -0.5728 0.2741
vn 0.6021 -0.5737 0.5553
vn 0.5034 -0.1181 0.8559
vn 0.6224 -0.7355 -0.2676
vn 0.4988 0.7697 0.3985
vn 0.4557 0.8010 0.3882
vn 0.6873 0.2405 0.6854
vn -0.6537 0.7164 0.2439
vn -0.7729 0.5856 -0.2442
vn -0.3518 0.6318 -0.6907
vn -0.5264 0.3242 0.7860
vn -0.4522 0.3662 0.8133
vn -0.4896 0.3779 0.7858
vn -0.6273 0.7355 0.2560
vn -0.3640 0.9313 0.0134
vn -0.1595 0.9858 0.0533
vn 0.4885 0.3838 0.7836
vn 0.4779 0.4351 0.7631
vn 0.2336 0.3554 0.9051
vn 0.9378 -0.2269 0.2627
vn 0.6055 -0.7408 0.2908
vn 0.9344 0.0719 -0.3490
vn 0.3697 0.8705 0.3249
vn 0.1547 0.7931 0.5892
vn 0.1234 0.7997 0.5875
vn 0.3279 0.2127 0.9205
vn 0.4730 0.0291 0.8806
vn 0.4046 -0.4231 0.8107
vn 0.0170 -0.5907 -0.8067
vn 0.1941 -0.8011 -0.5662
vn 0.2776 -0.7883 -0.5492
vn -0.7189 0.6422 0.2662
vn 0.7433 0.6318 0.2197
vn 0.6527 0.7261 0.2161
vn -0.2555 0.8156 -0.5192
vn 0.2344 0.8201 -0.5220
vn 0.3512 0.8798 -0.3203
vn -0.2993 -0.7629 0.5731
vn -0.4451 -0.8809 0.1612
vn -0.9985 -0.0154 0.0528
vn -0.3881 0.4644 0.7961
vn -0.2693 0.3098 0.9119
vn -0.2704 -0.1771 0.9463
vn -1.0000 -0.0000 -0.0000
vn -0.4918 0.1798 0.8519
vn -0.4919 0.1808 0.8517
vn -0.2008 -0.9159 0.3476
vn 0.4919 0.1808 0.8517
vn 0.4918 0.1798 0.8519
vn 0.5952 -0.3500 0.7233
vn 0.9145 0.0063 -0.4045
vn 0.7322 -0.0111 -0.6809
vn 0.7803 0.0471 -0.6237
vn 0.7601 -0.1144 -0.6396
vn 0.8746 0.1458 0.4625
vn -0.6115 -0.5698 0.5490
vn -0.6118 -0.7575 0.2276
vn -0.5846 -0.7623 0.2776
vn 0.5494 0.7844 0.2879
vn 0.3507 0.9258 0.1413
vn 0.3507 0.9258 -0.1413
vn -0.5494 0.7844 -0.2879
vn -0.3507 0.9258 -0.1413
vn -0.3507 0.9258 0.1413
vn -0.7803 0.0471 -0.6237
vn -0.7601 -0.1144 -0.6396
vn -0.6046 -0.3106 -0.7335
vn -0.7564 -0.1803 -0.6288
vn 0.7564 -0.1803 -0.6288
vn 0.8023 -0.0909 -0.5899
vn -0.5010 -0.8654 -0.0000
vn -0.9836 0.1802 -0.0000
vn -0.2008 -0.9159 -0.3476
vn -0.4919 0.1808 -0.8517
vn -0.4918 0.1798 -0.8519
vn -0.6999 -0.1424 0.6999
vn 0.6999 -0.1424 0.6999
vn -0.3804 0.9210 -0.0845
vn -0.5021 0.5814 -0.6402
vn -0.5153 0.5817 -0.6294
vn -0.0000 -1.0000 -0.0000
vn 0.5341 -0.7575 -0.3755
vn 0.5749 -0.0441 0.8171
vn -0.5742 -0.0461 -0.8174
vn -0.8146 -0.0865 0.5736
vn 0.5746 -0.0546 0.8166
vn 0.8150 -0.0864 -0.5730
vn 0.8148 -0.0860 -0.5733
vn -0.5339 -0.7576 0.3754
vn 0.5340 -0.7576 -0.3752
vn 0.5342 0.7575 -0.3753
vn -0.8151 -0.0857 0.5730
vn -0.5742 -0.0541 -0.8170
vn -0.5740 -0.0539 -0.8171
vn -0.6797 -0.2757 0.6797
vn -0.6799 -0.2758 -0.6794
vn -0.6799 -0.2768 -0.6790
vn 0.6797 -0.2769 -0.6792
vn 0.6797 -0.2757 -0.6797
vn 0.6795 -0.2756 0.6800
vn 0.6795 -0.2758 0.6799
vn -0.0000 -0.0000 -1.0000
vn 1.0000 -0.0005 -0.0003
vn -1.0000 0.0005 0.0001
vn 1.0000 -0.0000 -0.0000
vn -0.0000 -0.0000 1.0000
vn -0.5962 -0.5376 0.5962
vn -0.5729 0.5861 0.5729
vn -0.4589 0.3505 0.8164
vn -0.4602 -0.3435 0.8187
vn 0.4600 -0.3435 0.8188
vn 0.5960 -0.5377 0.5965
vn 0.9623 -0.2720 -0.0000
vn 0.5962 -0.5371 -0.5967
vn 0.4602 -0.3425 -0.8191
vn -0.4604 -0.3425 -0.8190
vn -0.4588 0.3511 -0.8162
vn -0.5729 0.5866 -0.5724
vn 0.4587 0.3505 0.8165
vn 0.5727 0.5861 0.5731
vn 0.9672 0.2539 -0.0000
vn 0.5726 0.5867 -0.5726
vn 0.4586 0.3511 -0.8163
vn -0.9672 0.2539 -0.0000
vn -0.9623 -0.2720 -0.0000
vn -0.5965 -0.5370 -0.5965
vn -1.0000 0.0005 0.0003
vn 1.0000 -0.0005 -0.0001
vn 0.8221 0.3902 -0.4146
vn 0.2975 -0.8813 -0.3671
vn 0.2968 -0.8816 -0.3670
vn 0.8220 0.3902 -0.4147
vn 0.6850 -0.3804 0.6213
vt 0.794922 0.222168
vt 0.794922 0.187988
vt 0.875977 0.187988
vt 0.875977 0.222168
vt 0.475586 0.088867
vt 0.475586 0.016113
vt 0.400879 0.016113
vt 0.400879 0.088867
vt 0.006348 0.984375
vt 0.006348 0.955078
vt 0.088379 0.955078
vt 0.088379 0.984375
vt 0.697266 0.987793
vt 0.703613 0.875488
vt 0.605957 0.940918
vt 0.703613 0.874023
vt 0.783691 0.940918
vt 0.783203 0.940918
vt 0.243164 0.016113
vt 0.379395 0.016602
vt 0.311523 0.071777
vt 0.374512 0.068359
vt 0.475586 0.284668
vt 0.470703 0.213379
vt 0.411133 0.169922
vt 0.411133 0.301758
vt 0.689453 0.057129
vt 0.692383 0.137695
vt 0.738770 0.129395
vt 0.721680 0.020996
vt 0.858398 0.464844
vt 0.794922 0.445801
vt 0.778809 0.531250
vt 0.862793 0.391113
vt 0.542480 0.446777
vt 0.463867 0.382324
vt 0.427246 0.352051
vt 0.740234 0.836426
vt 0.718750 0.829102
vt 0.735840 0.708984
vt 0.701172 0.829102
vt 0.383301 0.738281
vt 0.458008 0.665039
vt 0.396484 0.806641
vt 0.391602 0.678711
vt 0.007324 0.738281
vt 0.080566 0.684570
vt 0.097168 0.780762
vt 0.058594 0.551270
vt 0.883789 0.708008
vt 0.869141 0.756836
vt 0.892090 0.826660
vt 0.919922 0.766113
vt 0.151367 0.418945
vt 0.159180 0.333984
vt 0.206055 0.421875
vt 0.104004 0.518066
vt 0.036621 0.216797
vt 0.041504 0.251953
vt 0.007324 0.227051
vt 0.007324 0.194824
vt 0.883301 0.014648
vt 0.948242 0.014648
vt 0.883301 0.146484
vt 0.137695 0.599609
vt 0.188477 0.608887
vt 0.214844 0.421875
vt 0.031250 0.476074
vt 0.007324 0.602539
vt 0.029785 0.325684
vt 0.042480 0.536621
vt 0.992676 0.757324
vt 0.963867 0.733887
vt 0.966309 0.783203
vt 0.992676 0.592285
vt 0.939453 0.693359
vt 0.911133 0.681641
vt 0.191895 0.862305
vt 0.265137 0.877441
vt 0.220703 0.948242
vt 0.216309 0.767090
vt 0.908203 0.543945
vt 0.937012 0.659668
vt 0.836914 0.659668
vt 0.932617 0.597656
vt 0.492188 0.016602
vt 0.569824 0.172852
vt 0.492188 0.172852
vt 0.533203 0.095703
vt 0.569824 0.016602
vt 0.584473 0.108887
vt 0.584473 0.011719
vt 0.610840 0.108887
vt 0.288574 0.550781
vt 0.303711 0.604492
vt 0.273926 0.604492
vt 0.322266 0.853516
vt 0.288574 0.853516
vt 0.304199 0.802246
vt 0.799316 0.140625
vt 0.798828 0.016602
vt 0.822754 0.140625
vt 0.875977 0.537598
vt 0.513184 0.336914
vt 0.487793 0.222656
vt 0.556152 0.221680
vt 0.686523 0.704102
vt 0.684570 0.521484
vt 0.420898 0.404785
vt 0.422852 0.487305
vt 0.472656 0.519043
vt 0.681641 0.222168
vt 0.642578 0.211426
vt 0.635254 0.345703
vt 0.592773 0.889648
vt 0.518066 0.799316
vt 0.557617 0.984863
vt 0.423828 0.972168
vt 0.425293 0.940918
vt 0.396484 0.940918
vt 0.365234 0.551758
vt 0.344238 0.581055
vt 0.778809 0.130371
vt 0.785645 0.052734
vt 0.353516 0.718262
vt 0.326172 0.693848
vt 0.847168 1.000000
vt 0.852539 0.860352
vt 0.808105 0.956543
vt 0.651855 0.651367
vt 0.698242 0.485352
vt 0.754883 0.385742
vt 0.717285 0.326660
vt 0.800293 0.263672
vt 0.500000 0.888184
vt 0.430664 0.898926
vt 0.140625 0.986816
vt 0.220703 0.987305
vt 0.039062 0.125488
vt 0.064453 0.157227
vt 0.009277 0.142578
vt 0.009277 0.012207
vt 0.136230 0.597168
vt 0.216797 0.632324
vt 0.210938 0.682129
vt 0.183594 0.724121
vt 0.167480 0.776855
vt 0.136230 0.832520
vt 0.889160 0.359375
vt 0.889160 0.310059
vt 0.992676 0.310059
vt 0.864258 0.975586
vt 0.838867 0.764160
vt 0.908203 0.927734
vt 0.140625 0.948242
vt 0.798828 0.883789
vt 0.810547 0.809570
vt 0.114258 0.426270
vt 0.061035 0.487793
vt 0.114258 0.303711
vt 0.992676 0.983398
vt 0.949219 0.930664
vt 0.960449 0.594727
vt 0.992676 0.437500
vt 0.238770 0.546387
vt 0.085938 0.884277
vt 0.007324 0.835938
vt 0.694824 0.315430
vt 0.683594 0.414062
vt 0.611816 0.502930
vt 0.647461 0.663574
vt 0.657715 0.771973
vt 0.667480 0.833496
vt 0.651855 0.809570
vt 0.637695 0.793457
vt 0.630371 0.756836
vt 0.620117 0.738770
vt 0.561523 0.715820
vt 0.600586 0.265137
vt 0.630859 0.137695
vt 0.199707 0.015137
vt 0.253418 0.207520
vt 0.149902 0.078613
vt 0.205078 0.231934
vt 0.267578 0.338379
vt 0.223145 0.349121
vt 0.256836 0.479004
vt 0.836914 0.543457
vt 0.820312 0.691895
vt 0.784180 0.691406
vt 0.812500 0.765137
vt 0.765137 0.752441
vt 0.782227 0.832520
vt 0.841309 0.320801
vt 0.637695 0.357422
vt 0.592285 0.354980
vt 0.625977 0.551758
vt 0.554688 0.698730
vt 0.955078 0.978516
vt 0.927734 0.466797
vt 0.992676 0.355957
vt 0.348145 0.941406
vt 0.377930 0.880859
vt 0.343262 0.867676
vt 0.353027 0.810059
vt 0.381348 0.765137
vt 0.366699 0.743164
vt 0.307129 0.669434
vt 0.303223 0.729004
vt 0.215820 0.231934
vt 0.121094 0.214355
vt 0.104004 0.174805
vt 0.384277 0.986816
vt 0.685547 0.825684
vt 0.308594 0.987305
vt 0.308594 0.945801
vt 0.264648 0.767090
vt 0.232910 0.668945
vt 0.995117 0.277832
vt 0.992188 0.244141
vt 0.883789 0.275391
vt 0.886719 0.241699
vt 0.985840 0.201172
vt 0.893555 0.199219
vt 0.971680 0.157715
vt 0.908691 0.156738
vt 0.594727 0.766602
vt 0.635254 0.877930
vt 0.264160 0.668945
vt 0.248047 0.068359
vt 0.254883 0.121582
vt 0.311035 0.128906
vt 0.270508 0.179199
vt 0.351074 0.177734
vt 0.311523 0.272949
vt 0.409180 0.992188
vt 0.822266 0.016602
vt 0.846191 0.140625
vt 0.845703 0.016602
vt 0.866699 0.140625
vt 0.866211 0.016602
vt 0.610352 0.011719
vt 0.637207 0.108887
vt 0.636719 0.011719
vt 0.663574 0.108887
vt 0.663086 0.011719
vt 0.422852 0.569824
vt 0.424316 0.666992
vt 0.729004 0.231934
vt 0.752441 0.250488
vt 0.367676 0.121582
vt 0.919922 0.494629
vt 0.886230 0.456543
vt 0.344727 0.446777
vt 0.386719 0.433105
vt 0.365723 0.297852
vt 0.321777 0.454102
vt 0.330078 0.364258
vt 0.297363 0.451172
vt 0.297363 0.355469
vt 0.111816 0.020019
vt 0.053223 0.020019
vt 0.083496 0.120117
vt 0.022949 0.062988
vt 0.007324 0.920410
vt 0.061035 0.242676
vt 0.397461 0.015625
vt 0.397461 0.218262
vt 0.300293 0.015625
vt 0.411621 0.572266
vt 0.411621 0.437988
vt 0.342285 0.437988
vt 0.402832 0.613281
vt 0.351074 0.613281
vt 0.351074 0.779785
vt 0.563965 0.483398
vt 0.607422 0.591309
vt 0.563965 0.699219
vt 0.444336 0.483398
vt 0.444336 0.338867
vt 0.563965 0.338867
vt 0.444336 0.699219
vt 0.402832 0.779785
vt 0.475586 0.825195
vt 0.600098 0.983398
vt 0.600098 0.825195
vt 0.059570 0.189941
vt 0.014648 0.529297
vt 0.052246 0.530762
vt 0.059082 0.868652
vt 0.014648 0.893555
vt 0.014648 0.162109
vt 0.560059 0.247070
vt 0.451172 0.247070
vt 0.429688 0.016602
vt 0.581055 0.016602
vt 0.669922 0.953125
vt 0.669922 0.686523
vt 0.989746 0.953125
vt 0.984863 0.363770
vt 0.984863 0.626953
vt 0.669922 0.363770
vt 0.669922 0.032227
vt 0.669922 0.297852
vt 0.984863 0.297852
vt 0.984863 0.032227
vt 0.669922 0.626953
vt 0.989746 0.686523
vt 0.439453 0.813477
vt 0.347656 0.813477
vt 0.439453 0.984863
vt 0.411621 0.419434
vt 0.336426 0.266113
vt 0.411621 0.266113
vt 0.347656 0.984863
vt 0.176270 0.395020
vt 0.321777 0.530762
vt 0.321777 0.218262
vt 0.175781 0.095215
vt 0.176270 0.668457
vt 0.321777 0.840820
vt 0.176270 0.962891
s 1
usemtl Brush.073
f 1/1/1 3/2/1 2/3/1
f 4/4/2 6/1/2 5/3/2
f 7/1/3 9/4/3 8/3/3
f 10/2/4 12/1/4 11/3/4
f 13/5/5 15/6/5 14/7/5
f 16/8/6 18/5/6 17/7/6
f 19/9/7 21/10/7 20/11/7
f 22/12/8 24/9/8 23/11/8
f 25/12/9 27/11/9 26/10/9
f 28/10/10 30/9/10 29/12/10
f 31/13/11 33/14/11 32/15/11
f 34/15/12 36/13/12 35/16/12
f 37/13/13 39/17/13 38/16/13
f 40/13/14 42/18/14 41/14/14
f 43/19/15 45/20/15 44/21/15
f 46/20/16 48/22/16 47/21/16
f 49/23/17 51/24/17 50/25/17
f 52/26/18 54/23/18 53/25/18
f 55/27/19 57/28/19 56/29/19
f 58/29/20 60/30/20 59/27/20
f 61/31/21 63/32/21 62/33/21
f 64/31/22 66/34/22 65/32/22
f 67/35/23 69/23/23 68/36/23
f 70/37/24 72/36/24 71/23/24
f 73/38/25 75/39/25 74/40/25
f 76/39/26 78/41/26 77/40/26
f 79/42/27 81/43/27 80/44/27
f 82/42/28 84/45/28 83/43/28
f 85/46/29 87/47/29 86/48/29
f 88/47/30 90/46/30 89/49/30
f 91/50/31 93/51/31 92/52/31
f 94/52/32 96/53/32 95/50/32
f 97/54/33 99/55/33 98/56/33
f 100/57/34 102/54/34 101/56/34
f 103/58/35 105/59/35 104/60/35
f 106/61/36 108/58/36 107/60/36
f 109/62/37 111/63/37 110/64/37
f 112/63/37 114/62/37 113/64/37
f 115/65/38 117/66/38 116/47/38
f 118/65/39 120/67/39 119/66/39
f 121/68/40 123/69/40 122/70/40
f 124/68/41 126/71/41 125/69/41
f 127/58/42 129/59/42 128/60/42
f 130/61/43 132/58/43 131/60/43
f 133/69/44 135/71/44 134/68/44
f 136/69/45 138/49/45 137/71/45
f 139/72/46 141/73/46 140/74/46
f 142/72/47 144/75/47 143/73/47
f 145/76/48 147/77/48 146/53/48
f 148/53/49 150/77/49 149/50/49
f 151/78/50 153/79/50 152/80/50
f 154/78/51 156/81/51 155/79/51
f 157/74/52 159/53/52 158/76/52
f 160/77/53 162/76/53 161/53/53
f 163/82/54 165/83/54 164/84/54
f 166/83/55 168/82/55 167/85/55
f 169/86/56 171/87/56 170/88/56
f 172/86/57 174/87/57 173/89/57
f 175/87/58 177/86/58 176/90/58
f 178/91/59 180/92/59 179/93/59
f 181/94/60 183/95/60 182/96/60
f 184/97/61 186/98/61 185/99/61
f 187/97/62 189/99/62 188/98/62
f 190/100/63 192/101/63 191/102/63
f 193/103/64 195/82/64 194/84/64
f 196/104/65 198/105/65 197/106/65
f 199/107/66 201/40/66 200/108/66
f 202/109/67 204/110/67 203/111/67
f 205/112/68 207/113/68 206/114/68
f 208/115/69 210/116/69 209/117/69
f 211/118/70 213/119/70 212/120/70
f 214/121/71 216/122/71 215/45/71
f 217/123/72 219/124/72 218/29/72
f 220/125/73 222/126/73 221/122/73
f 223/127/74 225/128/74 224/129/74
f 226/122/75 228/121/75 227/45/75
f 229/130/76 231/131/76 230/107/76
f 232/34/77 234/31/77 233/32/77
f 235/132/78 237/133/78 236/134/78
f 238/135/79 240/136/79 239/116/79
f 241/137/80 243/138/80 242/80/80
f 244/139/81 246/140/81 245/141/81
f 247/141/82 249/142/82 248/139/82
f 250/57/83 252/49/83 251/143/83
f 253/144/84 255/66/84 254/145/84
f 256/66/85 258/146/85 257/147/85
f 259/48/86 261/147/86 260/148/86
f 262/55/87 264/54/87 263/56/87
f 265/145/88 267/146/88 266/66/88
f 268/68/89 270/69/89 269/70/89
f 271/149/90 273/150/90 272/151/90
f 274/127/91 276/152/91 275/128/91
f 277/52/92 279/51/92 278/153/92
f 280/52/93 282/154/93 281/74/93
f 283/155/94 285/78/94 284/80/94
f 286/79/95 288/78/95 287/80/95
f 289/129/96 291/156/96 290/128/96
f 292/156/97 294/157/97 293/128/97
f 295/158/37 297/159/37 296/160/37
f 298/127/98 300/128/98 299/129/98
f 301/128/99 303/156/99 302/129/99
f 304/128/100 306/157/100 305/156/100
f 307/157/101 309/128/101 308/156/101
f 310/157/102 312/153/102 311/128/102
f 313/153/103 315/52/103 314/128/103
f 316/153/104 318/51/104 317/52/104
f 319/51/105 321/50/105 320/52/105
f 322/51/106 324/52/106 323/50/106
f 325/52/107 327/53/107 326/50/107
f 328/52/108 330/74/108 329/53/108
f 331/74/109 333/76/109 332/53/109
f 334/74/110 336/73/110 335/76/110
f 337/73/111 339/74/111 338/76/111
f 340/73/112 342/72/112 341/74/112
f 343/72/113 345/161/113 344/74/113
f 346/72/114 348/74/114 347/161/114
f 349/74/115 351/162/115 350/161/115
f 352/74/116 354/154/116 353/162/116
f 355/154/117 357/74/117 356/162/117
f 358/154/118 360/52/118 359/74/118
f 361/52/119 363/53/119 362/74/119
f 364/52/120 366/50/120 365/53/120
f 367/50/121 369/77/121 368/53/121
f 370/50/122 372/53/122 371/77/122
f 373/53/123 375/76/123 374/77/123
f 376/53/124 378/74/124 377/76/124
f 379/74/125 381/73/125 380/76/125
f 382/74/126 384/72/126 383/73/126
f 385/72/127 387/75/127 386/73/127
f 388/72/128 390/73/128 389/75/128
f 391/73/129 393/163/129 392/75/129
f 394/73/130 396/75/130 395/163/130
f 397/75/131 399/164/131 398/163/131
f 400/148/132 402/48/132 401/147/132
f 403/48/133 405/66/133 404/147/133
f 406/48/134 408/47/134 407/66/134
f 409/47/135 411/143/135 410/66/135
f 412/47/136 414/49/136 413/143/136
f 415/49/137 417/57/137 416/143/137
f 418/49/138 420/65/138 419/57/138
f 421/65/139 423/67/139 422/57/139
f 424/65/140 426/66/140 425/67/140
f 427/66/141 429/165/141 428/67/141
f 430/66/142 432/144/142 431/165/142
f 433/144/143 435/66/143 434/165/143
f 436/144/144 438/145/144 437/66/144
f 439/145/145 441/146/145 440/66/145
f 442/145/146 444/66/146 443/146/146
f 445/66/147 447/147/147 446/146/147
f 448/66/148 450/48/148 449/147/148
f 451/48/149 453/148/149 452/147/149
f 454/48/150 456/166/150 455/148/150
f 457/166/151 459/48/151 458/148/151
f 460/166/152 462/167/152 461/48/152
f 463/167/153 465/46/153 464/48/153
f 466/167/154 468/48/154 467/46/154
f 469/48/155 471/47/155 470/46/155
f 472/48/156 474/66/156 473/47/156
f 475/66/157 477/143/157 476/47/157
f 478/66/158 480/56/158 479/143/158
f 481/56/159 483/57/159 482/143/159
f 484/56/160 486/54/160 485/57/160
f 487/112/161 489/114/161 488/168/161
f 490/114/162 492/169/162 491/168/162
f 493/114/163 495/170/163 494/169/163
f 496/170/164 498/108/164 497/169/164
f 499/170/165 501/171/165 500/108/165
f 502/171/166 504/107/166 503/108/166
f 505/171/167 507/172/167 506/107/167
f 508/172/168 510/173/168 509/107/168
f 511/172/169 513/174/169 512/173/169
f 514/174/170 516/172/170 515/173/170
f 517/174/171 519/175/171 518/172/171
f 520/175/172 522/130/172 521/172/172
f 523/175/173 525/176/173 524/130/173
f 526/176/174 528/177/174 527/130/174
f 529/176/175 531/171/175 530/177/175
f 532/171/176 534/178/176 533/177/176
f 535/171/177 537/170/177 536/178/177
f 538/170/178 540/35/178 539/178/178
f 541/170/179 543/114/179 542/35/179
f 544/114/180 546/179/180 545/35/180
f 547/114/181 549/113/181 548/179/181
f 550/113/182 552/180/182 551/179/182
f 553/113/183 555/28/183 554/180/183
f 556/181/184 558/182/184 557/183/184
f 559/182/185 561/184/185 560/183/185
f 562/182/186 564/185/186 563/184/186
f 565/185/187 567/186/187 566/184/187
f 568/185/188 570/187/188 569/186/188
f 571/187/189 573/67/189 572/186/189
f 574/187/190 576/165/190 575/67/190
f 577/165/191 579/66/191 578/67/191
f 580/165/192 582/144/192 581/66/192
f 583/144/193 585/145/193 584/66/193
f 586/144/194 588/66/194 587/145/194
f 589/66/195 591/146/195 590/145/195
f 592/66/196 594/147/196 593/146/196
f 595/147/197 597/66/197 596/146/197
f 598/147/198 600/48/198 599/66/198
f 601/48/199 603/47/199 602/66/199
f 604/48/200 606/46/200 605/47/200
f 607/46/201 609/49/201 608/47/201
f 610/46/202 612/69/202 611/49/202
f 613/69/203 615/71/203 614/49/203
f 616/69/204 618/68/204 617/71/204
f 619/32/205 621/31/205 620/33/205
f 622/31/206 624/188/206 623/33/206
f 625/31/207 627/33/207 626/188/207
f 628/33/208 630/189/208 629/188/208
f 631/33/209 633/190/209 632/189/209
f 634/190/210 636/191/210 635/189/210
f 637/190/211 639/192/211 638/191/211
f 640/192/212 642/193/212 641/191/212
f 643/192/213 645/38/213 644/193/213
f 646/38/214 648/192/214 647/193/214
f 649/38/215 651/40/215 650/192/215
f 652/40/216 654/190/216 653/192/216
f 655/40/217 657/131/217 656/190/217
f 658/131/218 660/33/218 659/190/218
f 661/131/219 663/169/219 662/33/219
f 664/169/220 666/32/220 665/33/220
f 667/169/221 669/132/221 668/32/221
f 670/132/222 672/34/222 671/32/222
f 673/132/223 675/194/223 674/34/223
f 676/53/224 678/52/224 677/74/224
f 679/52/225 681/154/225 680/74/225
f 682/52/226 684/152/226 683/154/226
f 685/152/227 687/52/227 686/154/227
f 688/152/228 690/128/228 689/52/228
f 691/128/229 693/153/229 692/52/229
f 694/128/230 696/157/230 695/153/230
f 697/157/231 699/128/231 698/153/231
f 700/157/232 702/156/232 701/128/232
f 703/156/233 705/129/233 704/128/233
f 706/156/234 708/128/234 707/129/234
f 709/128/235 711/127/235 710/129/235
f 712/128/236 714/152/236 713/127/236
f 715/152/237 717/128/237 716/127/237
f 718/152/238 720/52/238 719/128/238
f 721/52/239 723/153/239 722/128/239
f 724/52/240 726/51/240 725/153/240
f 727/51/241 729/52/241 728/153/241
f 730/51/242 732/50/242 731/52/242
f 733/30/243 735/29/243 734/27/243
f 736/29/244 738/28/244 737/27/244
f 739/29/245 741/112/245 740/28/245
f 742/112/246 744/113/246 743/28/246
f 745/112/247 747/195/247 746/113/247
f 748/195/248 750/196/248 749/113/248
f 751/195/249 753/197/249 752/196/249
f 754/197/250 756/35/250 755/196/250
f 757/197/251 759/198/251 758/35/251
f 760/198/252 762/43/252 761/35/252
f 763/198/253 765/116/253 764/43/253
f 766/116/254 768/44/254 767/43/254
f 769/116/255 771/136/255 770/44/255
f 772/136/256 774/119/256 773/44/256
f 775/161/257 777/162/257 776/199/257
f 778/162/258 780/161/258 779/199/258
f 781/162/259 783/74/259 782/161/259
f 784/74/260 786/72/260 785/161/260
f 787/74/261 789/73/261 788/72/261
f 790/73/262 792/75/262 791/72/262
f 793/73/263 795/163/263 794/75/263
f 796/163/264 798/164/264 797/75/264
f 799/163/264 801/200/264 800/164/264
f 802/200/265 804/201/265 803/164/265
f 805/200/265 807/149/265 806/201/265
f 808/149/266 810/151/266 809/201/266
f 811/149/266 813/150/266 812/151/266
f 814/202/267 816/203/267 815/204/267
f 817/203/268 819/205/268 818/204/268
f 820/203/269 822/44/269 821/205/269
f 823/44/270 825/206/270 824/205/270
f 826/44/271 828/42/271 827/206/271
f 829/42/272 831/207/272 830/206/272
f 832/42/273 834/45/273 833/207/273
f 835/45/274 837/125/274 836/207/274
f 838/45/275 840/122/275 839/125/275
f 841/122/276 843/126/276 842/125/276
f 844/122/277 846/208/277 845/126/277
f 847/208/278 849/209/278 848/126/278
f 850/115/279 852/178/279 851/116/279
f 853/178/280 855/43/280 854/116/280
f 856/178/281 858/35/281 857/43/281
f 859/35/282 861/111/282 860/43/282
f 862/35/283 864/36/283 863/111/283
f 865/36/284 867/109/284 866/111/284
f 868/36/285 870/37/285 869/109/285
f 871/37/286 873/26/286 872/109/286
f 874/37/287 876/23/287 875/26/287
f 877/23/288 879/25/288 878/26/288
f 880/23/289 882/24/289 881/25/289
f 883/182/290 885/183/290 884/181/290
f 886/183/291 888/182/291 887/181/291
f 889/183/292 891/210/292 890/182/292
f 892/210/293 894/185/293 893/182/293
f 895/210/294 897/186/294 896/185/294
f 898/186/295 900/187/295 899/185/295
f 901/186/296 903/56/296 902/187/296
f 904/56/297 906/165/297 905/187/297
f 907/56/298 909/66/298 908/165/298
f 910/66/299 912/144/299 911/165/299
f 913/66/300 915/48/300 914/147/300
f 916/48/301 918/148/301 917/147/301
f 919/48/302 921/166/302 920/148/302
f 922/166/303 924/48/303 923/148/303
f 925/166/304 927/167/304 926/48/304
f 928/167/305 930/46/305 929/48/305
f 931/167/306 933/48/306 932/46/306
f 934/48/307 936/47/307 935/46/307
f 937/48/308 939/66/308 938/47/308
f 940/66/309 942/65/309 941/47/309
f 943/57/310 945/67/310 944/54/310
f 946/67/311 948/55/311 947/54/311
f 949/67/312 951/186/312 950/55/312
f 952/186/313 954/184/313 953/55/313
f 955/186/314 957/185/314 956/184/314
f 958/185/315 960/182/315 959/184/315
f 961/185/316 963/210/316 962/182/316
f 964/210/317 966/183/317 965/182/317
f 967/210/318 969/211/318 968/183/318
f 970/211/319 972/212/319 971/183/319
f 973/122/320 975/45/320 974/125/320
f 976/45/321 978/207/321 977/125/321
f 979/45/322 981/42/322 980/207/322
f 982/42/323 984/206/323 983/207/323
f 985/42/324 987/44/324 986/206/324
f 988/44/325 990/205/325 989/206/325
f 991/44/326 993/203/326 992/205/326
f 994/203/327 996/204/327 995/205/327
f 997/203/328 999/202/328 998/204/328
f 1000/194/329 1002/132/329 1001/34/329
f 1003/132/330 1005/32/330 1004/34/330
f 1006/132/331 1008/169/331 1007/32/331
f 1009/169/332 1011/33/332 1010/32/332
f 1012/169/333 1014/108/333 1013/33/333
f 1015/108/334 1017/190/334 1016/33/334
f 1018/108/335 1020/40/335 1019/190/335
f 1021/40/336 1023/192/336 1022/190/336
f 1024/40/337 1026/38/337 1025/192/337
f 1027/117/338 1029/116/338 1028/135/338
f 1030/116/339 1032/136/339 1031/135/339
f 1033/116/340 1035/44/340 1034/136/340
f 1036/44/341 1038/119/341 1037/136/341
f 1039/44/342 1041/203/342 1040/119/342
f 1042/203/343 1044/120/343 1043/119/343
f 1045/203/344 1047/202/344 1046/120/344
f 1048/202/345 1050/213/345 1049/120/345
f 1051/38/346 1053/40/346 1052/39/346
f 1054/40/347 1056/41/347 1055/39/347
f 1057/40/348 1059/107/348 1058/41/348
f 1060/107/349 1062/214/349 1061/41/349
f 1063/107/350 1065/173/350 1064/214/350
f 1066/173/351 1068/107/351 1067/214/351
f 1069/173/352 1071/172/352 1070/107/352
f 1072/172/353 1074/130/353 1073/107/353
f 1075/215/354 1077/80/354 1076/216/354
f 1078/80/355 1080/79/355 1079/216/355
f 1081/80/356 1083/78/356 1082/79/356
f 1084/78/357 1086/81/357 1085/79/357
f 1087/78/358 1089/79/358 1088/81/358
f 1090/79/358 1092/217/358 1091/81/358
f 1093/79/51 1095/81/51 1094/217/51
f 1096/81/359 1098/218/359 1097/217/359
f 1099/187/360 1101/186/360 1100/185/360
f 1102/186/361 1104/210/361 1103/185/361
f 1105/186/362 1107/55/362 1106/210/362
f 1108/55/363 1110/211/363 1109/210/363
f 1111/55/364 1113/184/364 1112/211/364
f 1114/184/365 1116/183/365 1115/211/365
f 1117/184/366 1119/182/366 1118/183/366
f 1120/182/367 1122/181/367 1121/183/367
f 1123/143/368 1125/49/368 1124/47/368
f 1126/49/369 1128/46/369 1127/47/369
f 1129/49/370 1131/69/370 1130/46/370
f 1132/69/371 1134/49/371 1133/46/371
f 1135/69/372 1137/71/372 1136/49/372
f 1138/71/373 1140/69/373 1139/49/373
f 1141/71/374 1143/68/374 1142/69/374
f 1144/68/375 1146/70/375 1145/69/375
f 1147/72/376 1149/74/376 1148/161/376
f 1150/74/377 1152/162/377 1151/161/377
f 1153/74/378 1155/154/378 1154/162/378
f 1156/154/379 1158/74/379 1157/162/379
f 1159/154/380 1161/52/380 1160/74/380
f 1162/52/381 1164/53/381 1163/74/381
f 1165/52/382 1167/50/382 1166/53/382
f 1168/50/383 1170/77/383 1169/53/383
f 1171/219/384 1173/220/384 1172/221/384
f 1174/220/385 1176/222/385 1175/221/385
f 1177/220/386 1179/223/386 1178/222/386
f 1180/223/386 1182/224/386 1181/222/386
f 1183/223/387 1185/225/387 1184/224/387
f 1186/225/388 1188/226/388 1187/224/388
f 1189/131/389 1191/130/389 1190/197/389
f 1192/130/390 1194/198/390 1193/197/390
f 1195/130/391 1197/177/391 1196/198/391
f 1198/177/392 1200/227/392 1199/198/392
f 1201/177/393 1203/178/393 1202/227/393
f 1204/178/394 1206/228/394 1205/227/394
f 1207/178/395 1209/115/395 1208/228/395
f 1210/61/396 1212/60/396 1211/58/396
f 1213/60/397 1215/59/397 1214/58/397
f 1216/60/398 1218/70/398 1217/59/398
f 1219/70/399 1221/60/399 1220/59/399
f 1222/70/400 1224/69/400 1223/60/400
f 1225/69/401 1227/70/401 1226/60/401
f 1228/69/402 1230/68/402 1229/70/402
f 1231/150/403 1233/149/403 1232/151/403
f 1234/149/403 1236/201/403 1235/151/403
f 1237/149/404 1239/200/404 1238/201/404
f 1240/200/404 1242/164/404 1241/201/404
f 1243/200/405 1245/163/405 1244/164/405
f 1246/163/405 1248/75/405 1247/164/405
f 1249/163/406 1251/73/406 1250/75/406
f 1252/137/407 1254/80/407 1253/155/407
f 1255/80/408 1257/78/408 1256/155/408
f 1258/80/409 1260/79/409 1259/78/409
f 1261/79/410 1263/81/410 1262/78/410
f 1264/79/410 1266/217/410 1265/81/410
f 1267/217/411 1269/218/411 1268/81/411
f 1270/217/411 1272/229/411 1271/218/411
f 1273/19/412 1275/21/412 1274/230/412
f 1276/21/413 1278/231/413 1277/230/413
f 1279/21/414 1281/232/414 1280/231/414
f 1282/232/415 1284/233/415 1283/231/415
f 1285/232/416 1287/234/416 1286/233/416
f 1288/234/417 1290/233/417 1289/235/417
f 1291/213/418 1293/236/418 1292/120/418
f 1294/236/419 1296/118/419 1295/120/419
f 1297/236/420 1299/120/420 1298/118/420
f 1300/120/421 1302/119/421 1301/118/421
f 1303/120/422 1305/203/422 1304/119/422
f 1306/203/423 1308/44/423 1307/119/423
f 1309/141/424 1311/139/424 1310/140/424
f 1312/139/425 1314/141/425 1313/140/425
f 1315/139/426 1317/142/426 1316/141/426
f 1318/142/427 1320/139/427 1319/141/427
f 1321/142/428 1323/141/428 1322/139/428
f 1324/141/429 1326/140/429 1325/139/429
f 1327/67/430 1329/55/430 1328/186/430
f 1330/55/431 1332/184/431 1331/186/431
f 1333/55/432 1335/211/432 1334/184/432
f 1336/211/433 1338/183/433 1337/184/433
f 1339/211/434 1341/212/434 1340/183/434
f 1342/212/435 1344/211/435 1343/183/435
f 1345/61/436 1347/60/436 1346/58/436
f 1348/60/437 1350/59/437 1349/58/437
f 1351/60/438 1353/70/438 1352/59/438
f 1354/70/439 1356/60/439 1355/59/439
f 1357/70/440 1359/69/440 1358/60/440
f 1360/69/441 1362/70/441 1361/60/441
f 1363/101/63 1365/237/63 1364/102/63
f 1366/237/442 1368/238/442 1367/102/442
f 1369/237/443 1371/239/443 1370/238/443
f 1372/239/444 1374/240/444 1373/238/444
f 1375/239/445 1377/241/445 1376/240/445
f 1378/92/446 1380/242/446 1379/93/446
f 1381/242/447 1383/243/447 1382/93/447
f 1384/242/448 1386/244/448 1385/243/448
f 1387/244/449 1389/245/449 1388/243/449
f 1390/244/450 1392/246/450 1391/245/450
f 1393/23/451 1395/35/451 1394/36/451
f 1396/35/452 1398/111/452 1397/36/452
f 1399/35/453 1401/43/453 1400/111/453
f 1402/43/454 1404/247/454 1403/111/454
f 1405/43/455 1407/248/455 1406/247/455
f 1408/113/456 1410/112/456 1409/28/456
f 1411/112/457 1413/29/457 1412/28/457
f 1414/112/458 1416/249/458 1415/29/458
f 1417/249/459 1419/123/459 1418/29/459
f 1420/249/460 1422/250/460 1421/123/460
f 1423/135/461 1425/116/461 1424/117/461
f 1426/116/462 1428/115/462 1427/117/462
f 1429/116/463 1431/198/463 1430/115/463
f 1432/198/464 1434/228/464 1433/115/464
f 1435/198/465 1437/227/465 1436/228/465
f 1438/188/466 1440/189/466 1439/33/466
f 1441/189/467 1443/190/467 1442/33/467
f 1444/189/468 1446/191/468 1445/190/468
f 1447/191/469 1449/192/469 1448/190/469
f 1450/191/470 1452/193/470 1451/192/470
f 1453/104/471 1455/106/471 1454/35/471
f 1456/106/472 1458/196/472 1457/35/472
f 1459/106/473 1461/180/473 1460/196/473
f 1462/180/474 1464/113/474 1463/196/474
f 1465/180/475 1467/28/475 1466/113/475
f 1468/212/476 1470/211/476 1469/183/476
f 1471/211/477 1473/210/477 1472/183/477
f 1474/211/478 1476/55/478 1475/210/478
f 1477/55/479 1479/186/479 1478/210/479
f 1480/55/480 1482/56/480 1481/186/480
f 1483/55/481 1485/67/481 1484/54/481
f 1486/67/482 1488/57/482 1487/54/482
f 1489/67/483 1491/65/483 1490/57/483
f 1492/65/484 1494/49/484 1493/57/484
f 1495/65/485 1497/47/485 1496/49/485
f 1498/150/486 1500/149/486 1499/151/486
f 1501/149/486 1503/201/486 1502/151/486
f 1504/149/487 1506/200/487 1505/201/487
f 1507/200/487 1509/164/487 1508/201/487
f 1510/200/131 1512/163/131 1511/164/131
f 1513/151/90 1515/201/90 1514/149/90
f 1516/201/488 1518/200/488 1517/149/488
f 1519/201/488 1521/164/488 1520/200/488
f 1522/164/489 1524/163/489 1523/200/489
f 1525/164/489 1527/75/489 1526/163/489
f 1528/131/490 1530/197/490 1529/169/490
f 1531/197/491 1533/168/491 1532/169/491
f 1534/197/492 1536/195/492 1535/168/492
f 1537/195/493 1539/112/493 1538/168/493
f 1540/154/494 1542/52/494 1541/152/494
f 1543/52/495 1545/128/495 1544/152/495
f 1546/52/496 1548/153/496 1547/128/496
f 1549/153/497 1551/157/497 1550/128/497
f 1552/154/498 1554/152/498 1553/52/498
f 1555/152/499 1557/128/499 1556/52/499
f 1558/152/500 1560/127/500 1559/128/500
f 1561/127/501 1563/129/501 1562/128/501
f 1564/22/502 1566/251/502 1565/21/502
f 1567/251/503 1569/232/503 1568/21/503
f 1570/251/504 1572/234/504 1571/232/504
f 1573/85/505 1575/82/505 1574/252/505
f 1576/82/506 1578/253/506 1577/252/506
f 1579/82/507 1581/103/507 1580/253/507
f 1582/36/508 1584/111/508 1583/109/508
f 1585/111/509 1587/110/509 1586/109/509
f 1588/111/510 1590/247/510 1589/110/510
f 1591/254/511 1593/255/511 1592/256/511
f 1594/255/512 1596/26/512 1595/256/512
f 1597/255/513 1599/109/513 1598/26/513
f 1600/110/514 1602/247/514 1601/111/514
f 1603/247/515 1605/43/515 1604/111/515
f 1606/247/516 1608/248/516 1607/43/516
f 1609/116/517 1611/43/517 1610/44/517
f 1612/43/518 1614/42/518 1613/44/518
f 1615/43/519 1617/45/519 1616/42/519
f 1618/180/520 1620/106/520 1619/179/520
f 1621/106/521 1623/35/521 1622/179/521
f 1624/106/522 1626/104/522 1625/35/522
f 1627/176/523 1629/175/523 1628/171/523
f 1630/175/524 1632/172/524 1631/171/524
f 1633/175/525 1635/174/525 1634/172/525
f 1636/250/526 1638/249/526 1637/123/526
f 1639/249/527 1641/29/527 1640/123/527
f 1642/249/528 1644/112/528 1643/29/528
f 1645/254/529 1647/256/529 1646/257/529
f 1648/256/530 1650/254/530 1649/257/530
f 1651/256/531 1653/255/531 1652/254/531
f 1654/132/532 1656/134/532 1655/194/532
f 1657/134/533 1659/132/533 1658/194/533
f 1660/134/534 1662/133/534 1661/132/534
f 1663/214/535 1665/107/535 1664/41/535
f 1666/107/536 1668/40/536 1667/41/536
f 1669/107/537 1671/131/537 1670/40/537
f 1672/203/538 1674/120/538 1673/202/538
f 1675/120/539 1677/213/539 1676/202/539
f 1678/120/540 1680/236/540 1679/213/540
f 1681/258/541 1683/259/541 1682/260/541
f 1684/261/541 1686/262/541 1685/263/541
f 1687/262/541 1689/139/541 1688/263/541
f 1690/262/541 1692/139/541 1691/264/541
f 1693/264/541 1695/139/541 1694/262/541
f 1696/258/541 1698/260/541 1697/259/541
f 1699/259/541 1701/185/541 1700/187/541
f 1702/138/542 1704/80/542 1703/137/542
f 1705/80/543 1707/155/543 1706/137/543
f 1708/80/544 1710/78/544 1709/155/544
f 1711/155/545 1713/80/545 1712/137/545
f 1714/80/546 1716/138/546 1715/137/546
f 1717/80/354 1719/215/354 1718/138/354
f 1720/262/541 1722/263/541 1721/139/541
f 1723/262/541 1725/261/541 1724/263/541
f 1726/259/541 1728/260/541 1727/185/541
f 1729/187/541 1731/185/541 1730/259/541
f 1732/259/541 1734/185/541 1733/260/541
f 1735/57/547 1737/56/547 1736/143/547
f 1738/56/548 1740/66/548 1739/143/548
f 1741/56/549 1743/165/549 1742/66/549
f 1744/165/550 1746/56/550 1745/187/550
f 1747/56/551 1749/186/551 1748/187/551
f 1750/56/552 1752/55/552 1751/186/552
f 1753/65/553 1755/49/553 1754/47/553
f 1756/49/554 1758/46/554 1757/47/554
f 1759/49/555 1761/69/555 1760/46/555
f 1762/48/556 1764/167/556 1763/166/556
f 1765/167/557 1767/265/557 1766/166/557
f 1768/167/558 1770/166/558 1769/265/558
f 1771/48/559 1773/167/559 1772/166/559
f 1774/167/560 1776/265/560 1775/166/560
f 1777/167/561 1779/166/561 1778/265/561
f 1780/165/562 1782/187/562 1781/67/562
f 1783/187/563 1785/186/563 1784/67/563
f 1786/187/564 1788/185/564 1787/186/564
f 1789/161/565 1791/162/565 1790/199/565
f 1792/162/566 1794/161/566 1793/199/566
f 1795/162/567 1797/74/567 1796/161/567
f 1798/79/568 1800/80/568 1799/216/568
f 1801/80/569 1803/215/569 1802/216/569
f 1804/80/569 1806/138/569 1805/215/569
f 1807/78/570 1809/80/570 1808/155/570
f 1810/80/571 1812/137/571 1811/155/571
f 1813/80/572 1815/138/572 1814/137/572
f 1816/81/573 1818/217/573 1817/218/573
f 1819/217/573 1821/229/573 1820/218/573
f 1822/217/359 1824/218/359 1823/229/359
f 1825/229/574 1827/217/574 1826/218/574
f 1828/217/574 1830/81/574 1829/218/574
f 1831/217/357 1833/79/357 1832/81/357
f 1834/160/37 1836/159/37 1835/266/37
f 1837/159/37 1839/160/37 1838/266/37
f 1840/159/37 1842/158/37 1841/160/37
f 1843/77/575 1845/76/575 1844/53/575
f 1846/76/576 1848/74/576 1847/53/576
f 1849/76/577 1851/73/577 1850/74/577
f 2026/258/602 2027/260/602 2028/259/602
f 2029/261/602 2030/263/602 2031/262/602
f 2032/262/602 2033/263/602 2034/139/602
f 2035/262/602 2036/264/602 2037/139/602
f 2038/264/602 2039/262/602 2040/139/602
f 2041/258/602 2042/259/602 2043/260/602
f 2044/259/602 2045/187/602 2046/185/602
f 2047/262/602 2048/139/602 2049/263/602
f 2050/262/602 2051/263/602 2052/261/602
f 2053/259/602 2054/185/602 2055/260/602
f 2056/187/602 2057/259/602 2058/185/602
f 2059/259/602 2060/260/602 2061/185/602
f 2086/13/626 2087/15/626 2088/14/626
f 2089/15/627 2090/16/627 2091/13/627
f 2092/13/628 2093/16/628 2094/17/628
f 2095/13/629 2096/14/629 2097/18/629
f 2098/234/630 2099/235/630 2100/233/630
usemtl Brush.074
f 1852/267/37 1854/268/37 1853/269/37
f 1855/268/37 1857/267/37 1856/269/37
f 1858/270/578 1860/271/578 1859/272/578
f 1861/272/578 1863/271/578 1862/270/578
f 1864/273/579 1866/274/579 1865/275/579
f 1867/276/580 1869/277/580 1868/278/580
f 1870/276/581 1872/277/581 1871/278/581
f 1873/279/582 1875/280/582 1874/281/582
f 1876/282/583 1878/279/583 1877/278/583
f 1879/279/583 1881/276/583 1880/278/583
f 1882/279/584 1884/280/584 1883/276/584
f 1885/280/585 1887/281/585 1886/276/585
f 1888/274/586 1890/273/586 1889/275/586
f 1891/273/587 1893/275/587 1892/283/587
f 1894/284/588 1896/285/588 1895/286/588
f 1897/281/589 1899/276/589 1898/279/589
f 1900/276/590 1902/282/590 1901/279/590
f 1903/276/591 1905/278/591 1904/282/591
f 1906/287/592 1908/288/592 1907/289/592
f 1909/288/593 1911/290/593 1910/289/593
f 1912/288/594 1914/291/594 1913/290/594
f 1915/291/595 1917/288/595 1916/290/595
f 1918/290/596 1920/288/596 1919/289/596
f 1921/288/597 1923/287/597 1922/289/597
f 1924/288/598 1926/292/598 1925/287/598
f 1927/292/592 1929/288/592 1928/287/592
f 1930/293/599 1932/294/599 1931/295/599
f 1933/296/599 1935/293/599 1934/295/599
f 1936/297/541 1938/298/541 1937/299/541
f 1939/300/541 1941/301/541 1940/302/541
f 1942/303/600 1944/304/600 1943/305/600
f 1945/306/601 1947/305/601 1946/303/601
f 1948/302/602 1950/307/602 1949/301/602
f 1951/299/602 1953/308/602 1952/298/602
f 1954/309/599 1956/310/599 1955/311/599
f 1957/312/578 1959/313/578 1958/314/578
f 1960/312/578 1962/314/578 1961/313/578
f 1963/311/603 1965/315/603 1964/310/603
f 1966/316/604 1968/317/604 1967/318/604
f 1969/289/605 1971/316/605 1970/287/605
f 1972/316/606 1974/319/606 1973/287/606
f 1975/316/607 1977/318/607 1976/319/607
f 1978/318/608 1980/316/608 1979/319/608
f 1981/318/609 1983/317/609 1982/316/609
f 1984/317/610 1986/320/610 1985/316/610
f 1987/317/611 1989/321/611 1988/320/611
f 1990/321/612 1992/322/612 1991/320/612
f 1993/321/613 1995/320/613 1994/322/613
f 1996/320/614 1998/290/614 1997/322/614
f 1999/320/615 2001/289/615 2000/290/615
f 2002/319/616 2004/316/616 2003/287/616
f 2005/316/617 2007/289/617 2006/287/617
f 2008/316/618 2010/320/618 2009/289/618
f 2011/320/619 2013/290/619 2012/289/619
f 2014/320/620 2016/322/620 2015/290/620
f 2017/289/621 2019/320/621 2018/316/621
f 2020/320/622 2022/317/622 2021/316/622
f 2023/320/623 2025/321/623 2024/317/623
f 2062/297/602 2063/299/602 2064/298/602
f 2065/300/602 2066/302/602 2067/301/602
f 2068/303/624 2069/305/624 2070/304/624
f 2071/306/625 2072/303/625 2073/305/625
f 2074/302/541 2075/301/541 2076/307/541
f 2077/299/541 2078/298/541 2079/308/541
f 2080/309/603 2081/311/603 2082/310/603
f 2083/311/599 2084/310/599 2085/315/599
f 2101/293/603 2102/295/603 2103/294/603
f 2104/296/603 2105/295/603 2106/293/603
