mtllib phantomgreen.mtl
v 0.002466 -0.194687 -0.021273
v -0.002182 -0.187539 -0.016442
v 0.002182 -0.187539 -0.016442
v 0.002850 -0.204205 -0.021931
v -0.002850 -0.204205 -0.021931
v 0.002972 -0.214000 -0.017874
v 0.001754 -0.220136 -0.011326
v -0.001754 -0.220136 -0.011326
v 0.002981 -0.220416 -0.010960
v 0.002104 -0.220419 -0.010953
v 0.002981 -0.222606 -0.005673
v 0.002104 -0.222606 -0.005673
v 0.002104 -0.223353 0.001424
v 0.002981 -0.223353 0.009864
v 0.001754 -0.223353 0.001882
v -0.002981 -0.223353 0.009864
v -0.001956 -0.222344 -0.011934
v -0.002104 -0.222606 -0.005673
v -0.001930 -0.220141 -0.011394
v -0.002104 -0.224030 -0.006835
v -0.001954 -0.227005 0.000718
v -0.001867 -0.223376 0.001930
v 0.003157 -0.231217 -0.010545
v 0.003157 -0.239348 -0.006420
v -0.003156 -0.239348 -0.006420
v -0.003156 -0.231217 -0.010545
v 0.003128 -0.228529 -0.014323
v -0.003128 -0.228529 -0.014323
v 0.002957 -0.228888 -0.019029
v -0.002757 -0.231078 -0.022570
v 0.002757 -0.231078 -0.022570
v 0.002657 -0.233737 -0.025059
v 0.002585 -0.226813 -0.026418
v 0.002498 -0.232283 -0.028181
v -0.002491 -0.231888 -0.028442
v 0.001754 -0.222330 -0.011983
v 0.002104 -0.222406 -0.011547
v 0.003162 -0.222169 -0.012274
v 0.002104 -0.226878 0.000368
v 0.003157 -0.227431 0.001924
v 0.001754 -0.227025 0.000782
v -0.003156 -0.227431 0.001924
v -0.001754 -0.227025 0.000782
v 0.002973 -0.213935 -0.003379
v -0.002981 -0.214585 0.009864
v 0.002981 -0.214585 0.009864
v -0.002973 -0.213935 -0.003379
v 0.002936 -0.209499 -0.010345
v -0.002936 -0.209499 -0.010345
v 0.002835 -0.203071 -0.013312
v -0.002835 -0.203071 -0.013312
v -0.002622 -0.197044 -0.012906
v -0.005699 -0.260933 -0.003946
v -0.005699 -0.260059 -0.004900
v 0.005699 -0.260295 -0.005105
v 0.005699 -0.260661 0.004585
v 0.000000 -0.256452 0.005354
v 0.002190 -0.255741 0.005450
v 0.003544 -0.253877 0.005702
v 0.005699 -0.245885 0.006740
v 0.003544 -0.251574 0.005994
v 0.002190 -0.249711 0.006245
v 0.000000 -0.248999 0.006324
v 0.005699 -0.219808 0.015387
v -0.005699 -0.219808 0.015387
v 0.005699 -0.234299 0.009655
v -0.005564 -0.209750 0.020078
v 0.005564 -0.209750 0.020078
v -0.004918 -0.196677 0.021238
v 0.004918 -0.196677 0.021238
v -0.004101 -0.185363 0.015330
v 0.004101 -0.185363 0.015330
v 0.003879 -0.179680 0.005468
v 0.003268 -0.179719 -0.005936
v -0.003268 -0.179719 -0.005936
v -0.003879 -0.179680 0.005468
v -0.005699 -0.241463 0.007440
v -0.002190 -0.249711 0.006245
v -0.003544 -0.251574 0.005994
v -0.003544 -0.253877 0.005702
v -0.005699 -0.260509 0.004730
v -0.002190 -0.255741 0.005450
v 0.002190 -0.255741 0.005450
v 0.000000 -0.256452 -0.005384
v 0.000000 -0.256452 0.005354
v 0.002190 -0.255741 -0.005473
v 0.003910 -0.252914 0.005828
v 0.003544 -0.253877 -0.005720
v 0.002829 -0.250096 -0.006224
v 0.002190 -0.249711 0.006245
v 0.000000 -0.248999 0.006324
v 0.000000 -0.248999 -0.006372
v -0.002829 -0.250096 -0.006224
v -0.002190 -0.249711 0.006245
v -0.003910 -0.252914 0.005828
v -0.003544 -0.253877 -0.005720
v -0.002190 -0.255741 -0.005473
v -0.002190 -0.255741 0.005450
v -0.002104 -0.226878 0.000368
v -0.003162 -0.222163 -0.012194
v -0.002104 -0.222406 -0.011547
v 0.002894 -0.222518 -0.020315
v -0.001754 -0.222330 -0.011983
v -0.002894 -0.222518 -0.020315
v -0.002585 -0.226813 -0.026418
v -0.002661 -0.233680 -0.024907
v -0.002957 -0.228888 -0.019029
v -0.001754 -0.223353 0.001882
v -0.002104 -0.223353 0.001424
v -0.002981 -0.222606 -0.005673
v -0.002104 -0.222606 -0.005673
v -0.002104 -0.220419 -0.010953
v -0.002981 -0.220416 -0.010960
v -0.002972 -0.214000 -0.017874
v -0.002466 -0.194687 -0.021273
v 0.001973 -0.226990 0.000674
v 0.001893 -0.223381 0.001921
v 0.002104 -0.222606 -0.005673
v 0.002104 -0.224030 -0.006835
v 0.002003 -0.222379 -0.011817
v 0.001984 -0.220186 -0.011337
v 0.002622 -0.197044 -0.012906
v -0.002438 -0.192321 -0.011249
v 0.002349 -0.190566 -0.011094
v -0.002315 -0.190056 -0.011345
v -0.002185 -0.187008 -0.013930
v 0.002185 -0.187008 -0.013930
v -0.002182 -0.187539 -0.016442
v 0.002182 -0.187539 -0.016442
v 0.003268 -0.179719 -0.005936
v -0.002726 -0.183964 -0.013603
v -0.003268 -0.179719 -0.005936
v 0.002726 -0.183964 -0.013603
v -0.002712 -0.187015 -0.013819
v 0.002712 -0.187015 -0.013819
v 0.002991 -0.189402 -0.011283
v 0.004200 -0.188035 0.002817
v -0.004200 -0.188035 0.002817
v 0.003761 -0.188136 -0.003583
v 0.004376 -0.191683 0.009107
v 0.005564 -0.206423 0.012047
v -0.005564 -0.206423 0.012047
v 0.004918 -0.198235 0.012852
v 0.005699 -0.212355 0.008037
v 0.003726 -0.212998 0.007394
v -0.003726 -0.212998 0.007394
v 0.004603 -0.213530 0.006691
v 0.005699 -0.225825 -0.005245
v 0.004603 -0.225825 -0.005245
v 0.005699 -0.234188 -0.007912
v 0.004603 -0.234188 -0.007912
v 0.004603 -0.239458 -0.007691
v 0.005699 -0.240999 -0.007583
v 0.003726 -0.240331 -0.007662
v 0.002190 -0.249711 -0.006281
v 0.000000 -0.248999 -0.006372
v 0.003544 -0.251574 -0.006031
v 0.003544 -0.253877 -0.005720
v 0.005699 -0.260059 -0.004900
v 0.002190 -0.255741 -0.005473
v 0.000000 -0.256452 -0.005384
v -0.005699 -0.260059 -0.004900
v -0.002991 -0.189402 -0.011283
v 0.003379 -0.189679 -0.008777
v -0.003379 -0.189679 -0.008777
v -0.003761 -0.188136 -0.003583
v -0.004376 -0.191683 0.009107
v -0.004918 -0.198235 0.012852
v -0.005700 -0.212334 0.008027
v -0.004603 -0.213530 0.006691
v -0.005699 -0.225825 -0.005245
v -0.004603 -0.225825 -0.005245
v -0.005699 -0.234188 -0.007912
v -0.004603 -0.234188 -0.007912
v -0.004603 -0.239458 -0.007691
v -0.005699 -0.240736 -0.007582
v -0.003726 -0.240331 -0.007662
v -0.002190 -0.249711 -0.006281
v -0.003544 -0.251574 -0.006031
v -0.003544 -0.253877 -0.005720
v -0.002190 -0.255741 -0.005473
v 0.002981 -0.222606 -0.005673
v 0.003514 -0.221224 -0.008280
v 0.003068 -0.223419 0.009862
v 0.002981 -0.220416 -0.010960
v 0.003127 -0.214474 0.009868
v 0.003096 -0.213844 -0.003332
v 0.003055 -0.209425 -0.010276
v 0.003097 -0.214060 -0.017951
v 0.002957 -0.203047 -0.013219
v 0.002973 -0.204244 -0.022015
v 0.002735 -0.197024 -0.012819
v 0.002575 -0.194675 -0.021345
v 0.002482 -0.190156 -0.011192
v 0.002438 -0.192321 -0.011249
v 0.002258 -0.187483 -0.016460
v 0.002185 -0.187008 -0.013930
v -0.003068 -0.223419 0.009862
v -0.003514 -0.221224 -0.008280
v -0.002981 -0.222606 -0.005673
v -0.002981 -0.220416 -0.010960
v -0.003127 -0.214474 0.009868
v -0.003096 -0.213844 -0.003332
v -0.003055 -0.209425 -0.010276
v -0.003096 -0.214060 -0.017951
v -0.002957 -0.203047 -0.013219
v -0.002973 -0.204244 -0.022015
v -0.002735 -0.197024 -0.012819
v -0.002575 -0.194675 -0.021345
v -0.002482 -0.190156 -0.011192
v -0.002438 -0.192321 -0.011249
v -0.002258 -0.187483 -0.016460
v -0.002185 -0.187008 -0.013930
v 0.003259 -0.222081 -0.012528
v 0.003157 -0.224030 -0.006835
v 0.003232 -0.227379 0.001949
v 0.003234 -0.231252 -0.010609
v 0.003175 -0.239357 -0.006433
v 0.003230 -0.228607 -0.014361
v 0.002973 -0.222456 -0.020326
v 0.003037 -0.228945 -0.019021
v 0.002665 -0.226776 -0.026467
v 0.002836 -0.231151 -0.022586
v 0.002572 -0.231402 -0.028475
v 0.002721 -0.233767 -0.025438
v 0.002512 -0.232562 -0.027951
v 0.002679 -0.233261 -0.024312
v -0.003232 -0.227379 0.001949
v -0.003156 -0.224030 -0.006835
v -0.003259 -0.222081 -0.012528
v -0.003234 -0.231252 -0.010609
v -0.003175 -0.239357 -0.006433
v -0.003230 -0.228607 -0.014361
v -0.002973 -0.222456 -0.020326
v -0.003037 -0.228945 -0.019021
v -0.002665 -0.226776 -0.026467
v -0.002836 -0.231151 -0.022586
v -0.002572 -0.231402 -0.028475
v -0.002721 -0.233767 -0.025438
v -0.002512 -0.232562 -0.027951
v -0.002679 -0.233261 -0.024312
v 0.005846 -0.261063 -0.004138
v 0.005699 -0.260059 -0.004900
v 0.005699 -0.245885 -0.006786
v 0.006580 -0.235896 -0.007362
v 0.005699 -0.241204 -0.007622
v 0.006576 -0.260059 0.004023
v 0.005699 -0.260933 0.003946
v 0.005699 -0.260059 0.004900
v 0.006575 -0.240503 0.006852
v 0.005699 -0.245885 0.006740
v 0.005699 -0.234188 -0.007912
v 0.005699 -0.234299 0.009655
v 0.005699 -0.225825 -0.005245
v 0.006576 -0.226264 -0.004485
v 0.005699 -0.218335 0.001876
v 0.006532 -0.208783 0.012287
v 0.005699 -0.212400 0.008036
v 0.006450 -0.209096 0.019183
v 0.005699 -0.219808 0.015387
v 0.005564 -0.209750 0.020078
v 0.005564 -0.206423 0.012047
v 0.004918 -0.196677 0.021238
v 0.004918 -0.198235 0.012852
v 0.005675 -0.196843 0.020398
v 0.005675 -0.198069 0.013692
v 0.004534 -0.191753 0.008991
v 0.004242 -0.185314 0.015445
v 0.004367 -0.188158 0.002781
v 0.004023 -0.179581 0.005501
v 0.003910 -0.188610 -0.009235
v 0.003761 -0.188136 -0.003583
v 0.003379 -0.189679 -0.008777
v 0.003399 -0.179628 -0.005946
v 0.002991 -0.189402 -0.011283
v 0.002712 -0.187015 -0.013819
v 0.002812 -0.183936 -0.013670
v -0.005699 -0.245885 -0.006786
v -0.005699 -0.260059 -0.004900
v -0.005846 -0.261063 -0.004138
v -0.006580 -0.235896 -0.007362
v -0.005699 -0.241204 -0.007623
v -0.006576 -0.260059 0.004023
v -0.005699 -0.260933 0.003946
v -0.005699 -0.260059 0.004900
v -0.005699 -0.234188 -0.007912
v -0.006575 -0.240503 0.006852
v -0.005699 -0.245885 0.006740
v -0.005699 -0.225825 -0.005245
v -0.005699 -0.234299 0.009655
v -0.006576 -0.226264 -0.004485
v -0.005699 -0.218335 0.001876
v -0.006532 -0.208783 0.012287
v -0.005699 -0.212400 0.008036
v -0.006450 -0.209096 0.019183
v -0.005699 -0.219808 0.015387
v -0.005564 -0.209750 0.020078
v -0.005564 -0.206423 0.012047
v -0.004918 -0.196677 0.021238
v -0.004918 -0.198235 0.012852
v -0.005675 -0.198069 0.013692
v -0.004534 -0.191753 0.008991
v -0.005675 -0.196843 0.020398
v -0.004241 -0.185314 0.015445
v -0.004367 -0.188158 0.002781
v -0.004023 -0.179581 0.005501
v -0.003910 -0.188610 -0.009235
v -0.003761 -0.188136 -0.003583
v -0.003379 -0.189679 -0.008777
v -0.003399 -0.179628 -0.005946
v -0.002991 -0.189402 -0.011283
v -0.002712 -0.187015 -0.013819
v -0.002812 -0.183936 -0.013670
v -0.003726 -0.212998 0.007394
v 0.003546 -0.214445 0.007137
v -0.003515 -0.214370 0.007227
v 0.003555 -0.216884 0.009573
v 0.003726 -0.212998 0.007394
v 0.004603 -0.213595 0.006752
v 0.004603 -0.218335 0.001876
v 0.004603 -0.225825 -0.005245
v 0.003726 -0.226304 -0.004517
v 0.004603 -0.234188 -0.007912
v 0.003726 -0.228515 -0.001328
v -0.003641 -0.217071 0.009247
v 0.003726 -0.234264 -0.007044
v 0.003726 -0.234568 -0.003596
v -0.003726 -0.234568 -0.003596
v 0.003470 -0.239007 -0.006892
v 0.004603 -0.239458 -0.007691
v 0.003726 -0.240331 -0.007662
v 0.003248 -0.238918 -0.003433
v -0.002806 -0.239374 -0.006918
v -0.003726 -0.240331 -0.007662
v -0.004603 -0.213595 0.006752
v -0.004603 -0.218335 0.001876
v -0.004603 -0.225825 -0.005245
v -0.003726 -0.226304 -0.004517
v -0.004603 -0.234188 -0.007912
v -0.003726 -0.228515 -0.001328
v -0.003701 -0.238340 -0.007142
v -0.004603 -0.239458 -0.007691
v -0.003304 -0.238826 -0.003437
v -0.001851 -0.272943 0.002263
v 0.000000 -0.272185 -0.002116
v 0.000000 -0.272185 0.002116
v 0.001851 -0.272943 0.002263
v -0.002015 -0.273070 -0.002287
v 0.002015 -0.273070 -0.002287
v -0.002015 -0.276980 0.002999
v 0.002015 -0.276980 0.002999
v -0.001851 -0.277108 -0.003023
v 0.001851 -0.277108 -0.003023
v 0.000000 -0.277866 0.003171
v 0.000000 -0.277866 -0.003170
v -0.001702 -0.447076 0.000000
v -0.001879 -0.449010 -0.002377
v -0.002252 -0.447537 -0.001487
v -0.002500 -0.444765 -0.000981
v 0.000000 -0.447870 0.000000
v -0.001896 -0.448812 0.002313
v -0.002257 -0.447516 0.001480
v -0.002502 -0.444766 0.000981
v -0.002216 -0.445116 0.000000
v -0.001291 -0.443504 -0.001000
v -0.001291 -0.443504 0.001000
v -0.000585 -0.443555 0.000000
v 0.000000 -0.443158 -0.001000
v 0.000000 -0.443158 0.001000
v 0.001534 -0.444044 0.000000
v 0.001292 -0.443504 -0.001000
v 0.001292 -0.443504 0.001000
v 0.002501 -0.444765 -0.000981
v 0.002502 -0.444766 0.000981
v 0.002168 -0.446349 -0.000004
v 0.002252 -0.447537 -0.001487
v 0.002257 -0.447516 0.001480
v 0.001879 -0.449010 -0.002377
v 0.001896 -0.448812 0.002313
v 0.000000 -0.443158 -0.001000
v 0.000722 -0.442713 -0.001076
v 0.001292 -0.443504 -0.001000
v -0.001281 -0.443503 -0.001053
v 0.002237 -0.444450 -0.001000
v 0.002957 -0.444715 -0.001064
v 0.002622 -0.445811 -0.000942
v 0.000938 -0.442137 0.000000
v 0.003487 -0.444678 0.000000
v 0.002604 -0.449305 -0.002199
v 0.001879 -0.449010 -0.002377
v 0.002957 -0.444714 0.001064
v 0.003326 -0.449331 0.000051
v 0.002583 -0.445741 0.001075
v 0.001889 -0.448867 0.002296
v 0.002237 -0.444450 0.001000
v 0.002613 -0.449115 0.002158
v 0.000721 -0.442713 0.001076
v 0.001292 -0.443504 0.001000
v 0.000000 -0.443158 0.001000
v -0.001281 -0.443503 0.001053
v -0.001790 -0.442640 0.000000
v -0.002956 -0.444714 0.001064
v -0.002237 -0.444450 0.001000
v -0.002583 -0.445741 0.001075
v -0.002957 -0.444715 -0.001064
v -0.002237 -0.444450 -0.001000
v -0.002622 -0.445811 -0.000942
v -0.003487 -0.444678 0.000000
v -0.001889 -0.448867 0.002296
v -0.002612 -0.449115 0.002158
v -0.002604 -0.449305 -0.002199
v -0.001879 -0.449010 -0.002377
v -0.003325 -0.449331 0.000051
v 0.000000 -0.449927 0.011133
v 0.000000 -0.447870 0.000000
v -0.003125 -0.451549 0.011114
v -0.004066 -0.454155 -0.012473
v 0.000000 -0.451611 -0.013880
v 0.000000 -0.447870 0.000000
v 0.004066 -0.454155 -0.012473
v 0.003126 -0.451549 0.011114
v 0.000000 -0.459782 -0.026631
v 0.005339 -0.454148 0.004212
v 0.004097 -0.461874 -0.023812
v 0.005931 -0.462511 -0.015408
v 0.004029 -0.463662 -0.006495
v 0.003796 -0.459247 0.001554
v 0.004095 -0.469991 -0.012879
v 0.000000 -0.466102 -0.004937
v 0.000000 -0.472083 -0.010060
v 0.004097 -0.478116 -0.016738
v 0.000000 -0.479299 -0.013073
v -0.004029 -0.463662 -0.006495
v -0.004095 -0.469991 -0.012879
v 0.000000 -0.461463 0.001844
v -0.003795 -0.459247 0.001554
v 0.003181 -0.457621 0.010541
v -0.003180 -0.457621 0.010541
v 0.002993 -0.456997 0.021262
v 0.000000 -0.459181 0.010384
v 0.002366 -0.458168 0.018719
v 0.002260 -0.454452 0.019753
v 0.000000 -0.459435 0.020666
v 0.000000 -0.453494 0.020019
v -0.002241 -0.458361 0.019969
v 0.000833 -0.461879 0.028858
v 0.001303 -0.458393 0.025747
v 0.000114 -0.462641 0.029114
v -0.000803 -0.462167 0.028636
v -0.000214 -0.461488 0.029241
v -0.000512 -0.458794 0.026949
v -0.002992 -0.456997 0.021262
v -0.002260 -0.454452 0.019753
v -0.005339 -0.454148 0.004212
v -0.005931 -0.462511 -0.015408
v -0.004096 -0.461874 -0.023812
v 0.000000 -0.472341 -0.034621
v -0.004096 -0.473525 -0.030955
v -0.004096 -0.478116 -0.016738
v -0.005905 -0.482012 -0.025841
v 0.004097 -0.473525 -0.030955
v 0.000000 -0.486875 -0.037834
v 0.005905 -0.482012 -0.025841
v 0.004097 -0.486875 -0.033818
v -0.004096 -0.486875 -0.033818
v 0.004097 -0.486875 -0.018241
v 0.005912 -0.503644 -0.021745
v -0.004096 -0.486875 -0.018241
v -0.005911 -0.503644 -0.021745
v -0.004096 -0.500226 -0.030955
v -0.004096 -0.495635 -0.016738
v 0.000000 -0.486875 -0.014225
v 0.004097 -0.495635 -0.016738
v 0.000000 -0.494451 -0.013073
v -0.004095 -0.503760 -0.012879
v 0.004095 -0.503760 -0.012879
v 0.000000 -0.501668 -0.010060
v 0.004097 -0.500226 -0.030955
v 0.005835 -0.514819 -0.009515
v 0.000000 -0.501410 -0.034621
v 0.004097 -0.511877 -0.023812
v -0.004096 -0.511877 -0.023812
v 0.000000 -0.513969 -0.026631
v -0.005835 -0.514819 -0.009515
v -0.004071 -0.519549 -0.012535
v 0.004072 -0.519549 -0.012535
v 0.000000 -0.521989 -0.014092
v -0.004029 -0.510089 -0.006495
v -0.005311 -0.519519 0.004247
v -0.003837 -0.523095 0.000430
v 0.000000 -0.507649 -0.004937
v -0.003795 -0.514504 0.001554
v 0.004029 -0.510089 -0.006495
v 0.000000 -0.512288 0.001844
v 0.005312 -0.519519 0.004247
v 0.003796 -0.514504 0.001554
v 0.003837 -0.523095 0.000430
v 0.000000 -0.525311 0.000140
v 0.003128 -0.522180 0.011151
v 0.003181 -0.516130 0.010541
v 0.002992 -0.516754 0.021263
v 0.000000 -0.523740 0.011308
v -0.003128 -0.522180 0.011151
v 0.002260 -0.519299 0.019753
v -0.002260 -0.519299 0.019753
v 0.000000 -0.520257 0.020019
v -0.002992 -0.516754 0.021263
v -0.003180 -0.516130 0.010541
v 0.000000 -0.514570 0.010384
v -0.002366 -0.515583 0.018719
v 0.002241 -0.515390 0.019969
v 0.000000 -0.514316 0.020666
v -0.000833 -0.511872 0.028858
v 0.000804 -0.511584 0.028636
v 0.000512 -0.514957 0.026949
v 0.000215 -0.512263 0.029241
v -0.000114 -0.511110 0.029114
v -0.001303 -0.515358 0.025747
v -0.002011 -0.287840 0.000008
v -0.001203 -0.285717 0.000000
v -0.002117 -0.286851 0.002029
v -0.000949 -0.288287 0.003626
v 0.000000 -0.289215 0.000000
v -0.001441 -0.285405 0.001783
v 0.000331 -0.285112 0.000001
v 0.000000 -0.284588 0.001769
v 0.001410 -0.288041 0.003155
v 0.002011 -0.287840 0.000008
v 0.002117 -0.286851 0.002029
v 0.001441 -0.285405 0.001783
v 0.001888 -0.283116 0.000000
v -0.001888 -0.283116 0.000000
v 0.000000 -0.282208 0.000000
v 0.010284 -0.306251 0.000000
v 0.000000 -0.284588 -0.001769
v -0.010284 -0.306251 0.000000
v -0.001441 -0.285405 -0.001783
v -0.000819 -0.297150 0.009091
v -0.002117 -0.286851 -0.002029
v -0.001862 -0.306251 0.023119
v 0.001814 -0.297580 0.008671
v 0.001862 -0.306251 0.023119
v 0.000000 -0.306251 0.024042
v 0.000819 -0.315351 0.009091
v -0.001814 -0.314921 0.008671
v -0.001410 -0.324460 0.003155
v 0.000949 -0.324214 0.003626
v -0.002117 -0.325650 0.002029
v 0.002117 -0.325650 0.002029
v 0.000000 -0.323286 0.000000
v -0.002011 -0.324661 0.000008
v 0.002011 -0.324661 0.000008
v -0.000331 -0.327389 0.000001
v 0.001203 -0.326784 0.000000
v -0.001441 -0.327096 0.001783
v 0.001441 -0.327096 0.001783
v 0.000000 -0.327913 0.001769
v 0.001888 -0.329386 0.000000
v -0.001888 -0.329386 0.000000
v 0.000000 -0.330293 0.000000
v 0.000000 -0.327913 -0.001769
v 0.001441 -0.327096 -0.001783
v -0.001441 -0.327096 -0.001783
v 0.002117 -0.325650 -0.002029
v -0.000331 -0.327389 -0.000001
v 0.001203 -0.326784 0.000000
v 0.002011 -0.324661 -0.000008
v 0.001410 -0.324460 -0.003154
v 0.000000 -0.323286 0.000000
v -0.000949 -0.324214 -0.003626
v 0.000819 -0.315351 -0.009091
v -0.002011 -0.324661 -0.000008
v -0.002117 -0.325650 -0.002029
v -0.001814 -0.314921 -0.008670
v -0.001862 -0.306251 -0.023119
v 0.000000 -0.306251 -0.024042
v 0.001862 -0.306251 -0.023119
v -0.001814 -0.297580 -0.008670
v 0.000819 -0.297150 -0.009091
v -0.001410 -0.288041 -0.003154
v 0.002117 -0.286851 -0.002029
v 0.000949 -0.288287 -0.003626
v 0.000000 -0.289215 0.000000
v -0.002011 -0.287840 -0.000008
v 0.002011 -0.287840 -0.000008
v -0.001203 -0.285717 0.000000
v 0.000331 -0.285112 -0.000001
v 0.001441 -0.285405 -0.001783
v 0.001459 -0.272729 0.002269
v 0.000000 -0.270186 0.001707
v 0.000000 -0.272190 0.002148
v -0.001459 -0.272729 0.002269
v 0.002348 -0.274120 0.002543
v 0.002621 -0.271252 0.001936
v 0.004097 -0.273739 0.002516
v 0.002337 -0.275845 0.002880
v 0.001479 -0.277323 0.003070
v 0.000924 -0.278214 0.003748
v 0.000000 -0.277866 0.003171
v 0.003941 -0.276628 0.003188
v -0.002289 -0.277211 0.003479
v -0.001479 -0.277323 0.003070
v -0.000451 -0.283387 0.004857
v 0.000815 -0.282910 0.004634
v -0.002393 -0.275903 0.002806
v -0.002348 -0.274120 0.002543
v -0.003941 -0.276628 0.003188
v -0.004097 -0.273739 0.002516
v -0.002621 -0.271252 0.001936
v 0.002525 -0.271174 -0.001919
v -0.004049 -0.273571 -0.002479
v -0.002525 -0.271174 -0.001919
v 0.000000 -0.270234 -0.001732
v -0.004008 -0.276503 -0.003140
v -0.002348 -0.274120 -0.002542
v -0.002337 -0.275845 -0.002880
v -0.000924 -0.278214 -0.003748
v -0.001479 -0.277323 -0.003070
v 0.000000 -0.277866 -0.003170
v -0.001459 -0.272729 -0.002268
v 0.000000 -0.272190 -0.002147
v 0.001459 -0.272729 -0.002268
v 0.002348 -0.274120 -0.002542
v 0.004049 -0.273571 -0.002479
v 0.002289 -0.277211 -0.003479
v 0.002393 -0.275903 -0.002806
v 0.001479 -0.277323 -0.003070
v 0.004008 -0.276503 -0.003140
v 0.000451 -0.283387 -0.004857
v -0.001237 -0.282277 -0.004400
v 0.001865 -0.281223 -0.003503
v -0.000346 -0.285816 -0.004240
v 0.001081 -0.283449 -0.003603
v 0.000945 -0.285790 -0.003520
v -0.000336 -0.287609 -0.002517
v 0.000685 -0.281782 -0.002094
v 0.001799 -0.280655 0.000000
v 0.001462 -0.281958 0.003860
v 0.001135 -0.281464 0.002226
v -0.000346 -0.285816 0.004240
v -0.001865 -0.281222 0.003503
v 0.000978 -0.286064 0.003302
v -0.001437 -0.280966 0.000000
v -0.000685 -0.281782 0.002095
v -0.001081 -0.283449 0.003603
v -0.000336 -0.287609 0.002517
v -0.000955 -0.286172 0.002680
v 0.000766 -0.287881 0.001184
v -0.000344 -0.288339 0.000000
v -0.000342 -0.284972 0.002532
v -0.000923 -0.286978 -0.000942
v 0.000355 -0.285771 0.001917
v 0.000256 -0.286385 0.000000
v -0.001016 -0.284137 -0.003957
v -0.000342 -0.284972 -0.002532
v 0.000355 -0.285771 -0.001917
v 0.000962 -0.287368 -0.001586
v 0.000404 -0.283508 0.002957
v -0.001135 -0.281464 -0.002226
v -0.000404 -0.283508 -0.002956
v -0.002011 -0.340671 0.000008
v -0.000331 -0.337943 0.000001
v -0.002117 -0.339682 0.002029
v -0.000949 -0.341118 0.003626
v 0.000000 -0.342046 0.000000
v -0.001441 -0.338236 0.001783
v 0.000000 -0.337419 0.001769
v 0.001410 -0.340872 0.003155
v 0.002011 -0.340671 0.000008
v 0.002117 -0.339682 0.002029
v 0.001203 -0.338548 0.000000
v 0.001441 -0.338236 0.001783
v 0.001888 -0.335946 0.000000
v -0.001888 -0.335946 0.000000
v 0.000000 -0.335039 0.000000
v 0.010285 -0.359081 0.000000
v 0.000000 -0.337419 -0.001769
v -0.010284 -0.359081 0.000000
v -0.001441 -0.338236 -0.001783
v -0.001814 -0.350411 0.008671
v -0.002117 -0.339682 -0.002029
v 0.000819 -0.349981 0.009091
v -0.001862 -0.359081 0.023119
v 0.001863 -0.359081 0.023119
v 0.000000 -0.359081 0.024042
v -0.000819 -0.368182 0.009091
v 0.001814 -0.367752 0.008671
v 0.000949 -0.377045 0.003626
v -0.001410 -0.377291 0.003155
v -0.002117 -0.378481 0.002029
v 0.002117 -0.378481 0.002029
v 0.000000 -0.376117 0.000000
v -0.002011 -0.377492 0.000008
v 0.002011 -0.377492 0.000008
v -0.000331 -0.380220 0.000001
v 0.001203 -0.379615 0.000000
v -0.001441 -0.379927 0.001783
v 0.001441 -0.379927 0.001783
v 0.000000 -0.380744 0.001769
v 0.001889 -0.382216 0.000000
v -0.001888 -0.382216 0.000000
v 0.000000 -0.383124 0.000000
v 0.000000 -0.380744 -0.001769
v 0.001441 -0.379927 -0.001783
v -0.001441 -0.379927 -0.001783
v 0.002117 -0.378481 -0.002029
v -0.000331 -0.380220 -0.000001
v 0.001203 -0.379615 0.000000
v 0.002011 -0.377492 -0.000008
v 0.001410 -0.377291 -0.003154
v 0.000000 -0.376117 0.000000
v -0.000949 -0.377045 -0.003626
v 0.000819 -0.368182 -0.009091
v -0.002011 -0.377492 -0.000008
v -0.002117 -0.378481 -0.002029
v -0.001814 -0.367752 -0.008671
v -0.001862 -0.359081 -0.023119
v 0.000000 -0.359081 -0.024042
v 0.001863 -0.359081 -0.023119
v -0.001814 -0.350411 -0.008670
v 0.000819 -0.349981 -0.009091
v -0.001410 -0.340872 -0.003154
v 0.002117 -0.339682 -0.002029
v 0.000949 -0.341118 -0.003626
v 0.000000 -0.342046 0.000000
v -0.002011 -0.340671 -0.000008
v 0.002011 -0.340671 -0.000008
v -0.000331 -0.337943 -0.000001
v 0.001441 -0.338236 -0.001783
v 0.001203 -0.338548 0.000000
v -0.002011 -0.393545 0.000008
v -0.001203 -0.391421 0.000000
v -0.002117 -0.392555 0.002029
v -0.001410 -0.393745 0.003155
v 0.000000 -0.394919 0.000000
v -0.001441 -0.391109 0.001783
v 0.000331 -0.390816 0.000001
v 0.000949 -0.393991 0.003626
v 0.000000 -0.390292 0.001769
v 0.002011 -0.393545 0.000008
v 0.002117 -0.392555 0.002029
v 0.001441 -0.391109 0.001783
v 0.001889 -0.388820 0.000000
v -0.001888 -0.388820 0.000000
v 0.000000 -0.387913 0.000000
v 0.010285 -0.411955 0.000000
v 0.000000 -0.390292 -0.001769
v -0.010284 -0.411955 0.000000
v -0.001441 -0.391109 -0.001783
v -0.000819 -0.402855 0.009091
v -0.002117 -0.392555 -0.002029
v -0.001862 -0.411955 0.023119
v 0.001814 -0.403284 0.008671
v 0.001863 -0.411955 0.023119
v 0.000000 -0.411955 0.024042
v -0.000819 -0.421055 0.009091
v 0.001814 -0.420625 0.008671
v 0.001410 -0.430165 0.003155
v -0.000949 -0.429918 0.003626
v -0.002117 -0.431355 0.002029
v 0.002117 -0.431355 0.002029
v 0.000000 -0.428991 0.000000
v -0.002011 -0.430365 0.000008
v 0.002011 -0.430365 0.000008
v -0.000331 -0.433094 0.000001
v 0.001203 -0.432489 0.000000
v -0.001441 -0.432800 0.001783
v 0.001441 -0.432800 0.001783
v 0.000000 -0.433617 0.001769
v 0.001889 -0.435090 0.000000
v -0.001888 -0.435090 0.000000
v 0.000000 -0.435997 0.000000
v 0.000000 -0.433617 -0.001769
v 0.001441 -0.432800 -0.001783
v -0.001441 -0.432800 -0.001783
v 0.002117 -0.431355 -0.002029
v -0.000331 -0.433094 -0.000001
v 0.001203 -0.432489 0.000000
v 0.002011 -0.430365 -0.000008
v 0.001410 -0.430165 -0.003154
v 0.000000 -0.428991 0.000000
v -0.000949 -0.429918 -0.003626
v 0.000819 -0.421055 -0.009091
v -0.002011 -0.430365 -0.000008
v -0.002117 -0.431355 -0.002029
v -0.001814 -0.420625 -0.008671
v -0.001862 -0.411955 -0.023119
v 0.000000 -0.411955 -0.024042
v 0.001863 -0.411955 -0.023119
v -0.001814 -0.403284 -0.008671
v 0.000819 -0.402855 -0.009091
v -0.001410 -0.393745 -0.003154
v 0.002117 -0.392555 -0.002029
v 0.000949 -0.393991 -0.003626
v 0.000000 -0.394919 0.000000
v -0.002011 -0.393545 -0.000008
v 0.002011 -0.393545 -0.000008
v -0.001203 -0.391421 0.000000
v 0.000331 -0.390816 -0.000001
v 0.001441 -0.391109 -0.001783
v 0.000000 -0.332678 -0.005780
v -0.001604 -0.334445 -0.006597
v 0.000000 -0.335568 -0.005006
v 0.001604 -0.334445 -0.006597
v 0.000000 -0.329787 -0.005006
v 0.001610 -0.327675 -0.004522
v -0.001610 -0.327675 -0.004522
v -0.001621 -0.332678 -0.008155
v 0.000000 -0.327672 -0.002890
v -0.001621 -0.328600 -0.007062
v 0.001621 -0.332678 -0.008155
v 0.001621 -0.328600 -0.007062
v 0.000000 -0.326897 0.000000
v -0.001621 -0.325615 -0.004077
v 0.001621 -0.325615 -0.004077
v -0.001613 -0.326234 0.001727
v 0.001613 -0.326234 0.001727
v 0.000000 -0.328204 -0.007748
v 0.001621 -0.324523 0.000000
v 0.000000 -0.332678 -0.008946
v 0.000000 -0.324930 -0.004473
v -0.001621 -0.324523 0.000000
v 0.000000 -0.323731 0.000000
v 0.000000 -0.324930 0.004473
v -0.001621 -0.325615 0.004078
v 0.001621 -0.325615 0.004078
v 0.000000 -0.328204 0.007748
v -0.001621 -0.328600 0.007063
v 0.000000 -0.327672 0.002890
v 0.001621 -0.328600 0.007063
v -0.001604 -0.330910 0.006597
v 0.001604 -0.330910 0.006597
v 0.000000 -0.329787 0.005006
v -0.001621 -0.332678 0.008155
v 0.000000 -0.332678 0.008947
v 0.001621 -0.332678 0.008155
v 0.001621 -0.336755 0.007063
v 0.000000 -0.332678 0.005780
v 0.001610 -0.337680 0.004522
v 0.000000 -0.335568 0.005006
v -0.001610 -0.337680 0.004522
v 0.000000 -0.337684 0.002890
v -0.001621 -0.336755 0.007063
v 0.000000 -0.337151 0.007748
v -0.001621 -0.339740 0.004078
v 0.001621 -0.339740 0.004078
v 0.000000 -0.340426 0.004473
v -0.001613 -0.339122 -0.001727
v -0.001621 -0.340833 0.000000
v 0.000000 -0.338458 0.000000
v 0.001613 -0.339122 -0.001727
v 0.001621 -0.340833 0.000000
v 0.000000 -0.341624 0.000000
v 0.000000 -0.340426 -0.004473
v 0.001621 -0.339740 -0.004077
v -0.001621 -0.339740 -0.004077
v 0.000000 -0.337151 -0.007748
v 0.001621 -0.336755 -0.007062
v 0.000000 -0.337684 -0.002890
v -0.001621 -0.336755 -0.007062
v 0.000000 -0.263675 -0.009467
v -0.002215 -0.263675 -0.010764
v 0.000000 -0.268409 -0.008199
v 0.002215 -0.263675 -0.010764
v 0.000000 -0.258942 -0.008199
v -0.002215 -0.269057 -0.009322
v 0.002215 -0.258293 -0.009322
v -0.002215 -0.258293 -0.009322
v 0.002215 -0.269057 -0.009322
v -0.002215 -0.263675 -0.013357
v 0.000000 -0.255476 -0.004734
v -0.002215 -0.256997 -0.011567
v 0.002215 -0.263675 -0.013357
v -0.002215 -0.254353 -0.005382
v 0.002215 -0.254353 -0.005382
v 0.002215 -0.256997 -0.011567
v 0.000000 -0.254208 0.000000
v -0.002215 -0.252108 -0.006678
v 0.002215 -0.252108 -0.006678
v -0.002215 -0.252911 0.000000
v 0.002215 -0.252911 0.000000
v 0.000000 -0.256349 -0.012690
v 0.002215 -0.250318 0.000000
v 0.000000 -0.263675 -0.014653
v 0.000000 -0.250985 -0.007327
v -0.002215 -0.250318 0.000000
v 0.000000 -0.249022 0.000000
v 0.000000 -0.250985 0.007327
v -0.002215 -0.252108 0.006679
v 0.002215 -0.252108 0.006679
v 0.000000 -0.256349 0.012690
v -0.002215 -0.254353 0.005382
v -0.002215 -0.256997 0.011568
v 0.002215 -0.254353 0.005382
v 0.000000 -0.255476 0.004734
v 0.002215 -0.256997 0.011568
v -0.002215 -0.258293 0.009322
v 0.002215 -0.258293 0.009322
v 0.000000 -0.258942 0.008199
v -0.002215 -0.263675 0.013357
v 0.000000 -0.263675 0.014654
v 0.002215 -0.263675 0.013357
v 0.002215 -0.263675 0.010764
v 0.002215 -0.270354 0.011568
v 0.000000 -0.263675 0.009468
v 0.002215 -0.269057 0.009322
v 0.000000 -0.268409 0.008199
v -0.002215 -0.263675 0.010764
v -0.002215 -0.269057 0.009322
v 0.000000 -0.271874 0.004734
v -0.002215 -0.270354 0.011568
v -0.002215 -0.272997 0.005382
v 0.002215 -0.272997 0.005382
v 0.000000 -0.271002 0.012690
v -0.002215 -0.275243 0.006679
v 0.002215 -0.275243 0.006679
v 0.000000 -0.276366 0.007327
v -0.002215 -0.274439 0.000000
v -0.002215 -0.277032 0.000000
v 0.000000 -0.273143 0.000000
v 0.002215 -0.274439 0.000000
v 0.002215 -0.277032 0.000000
v 0.000000 -0.278329 0.000000
v 0.000000 -0.276366 -0.007327
v 0.002215 -0.275243 -0.006678
v -0.002215 -0.275243 -0.006678
v 0.000000 -0.271002 -0.012690
v 0.002215 -0.272997 -0.005382
v 0.002215 -0.270354 -0.011567
v -0.002215 -0.272997 -0.005382
v 0.000000 -0.271874 -0.004734
v -0.002215 -0.270354 -0.011567
v 0.000000 -0.385556 -0.005780
v -0.001604 -0.383789 -0.006597
v 0.000000 -0.388446 -0.005006
v 0.001604 -0.387324 -0.006597
v 0.000000 -0.382666 -0.005006
v -0.001609 -0.390559 -0.004522
v 0.001610 -0.380554 -0.004522
v -0.001621 -0.385556 -0.008155
v 0.000000 -0.380550 -0.002890
v -0.001621 -0.381479 -0.007062
v 0.001632 -0.383414 -0.007996
v -0.001613 -0.379113 -0.001727
v 0.000000 -0.379776 0.000000
v -0.001621 -0.378494 -0.004077
v 0.001621 -0.378494 -0.004077
v 0.001613 -0.379113 0.001727
v 0.000000 -0.381083 -0.007748
v 0.001621 -0.377401 0.000000
v 0.000000 -0.385556 -0.008946
v 0.000000 -0.377808 -0.004473
v -0.001621 -0.377401 0.000000
v 0.000000 -0.376610 0.000000
v 0.000000 -0.377808 0.004473
v -0.001621 -0.378494 0.004078
v 0.001621 -0.378494 0.004078
v 0.000000 -0.381083 0.007748
v -0.001610 -0.380554 0.004522
v -0.001621 -0.381479 0.007063
v 0.000000 -0.380550 0.002890
v 0.001621 -0.381479 0.007063
v 0.001604 -0.383789 0.006597
v 0.000000 -0.382666 0.005006
v -0.001632 -0.387699 0.007996
v 0.000000 -0.385556 0.008947
v 0.001621 -0.385556 0.008155
v 0.001621 -0.389634 0.007063
v 0.000000 -0.385556 0.005780
v 0.001610 -0.390559 0.004522
v 0.000000 -0.388446 0.005006
v -0.001604 -0.387324 0.006597
v 0.000000 -0.390562 0.002890
v -0.001613 -0.392000 0.001727
v 0.000000 -0.390030 0.007748
v -0.001621 -0.392619 0.004078
v 0.001621 -0.392619 0.004078
v 0.000000 -0.393304 0.004473
v -0.001621 -0.393711 0.000000
v 0.000000 -0.391337 0.000000
v 0.001613 -0.392000 -0.001726
v 0.001621 -0.393711 0.000000
v 0.000000 -0.394503 0.000000
v 0.000000 -0.393304 -0.004473
v 0.001621 -0.392619 -0.004077
v -0.001621 -0.392619 -0.004077
v 0.000000 -0.390030 -0.007748
v 0.001621 -0.389634 -0.007062
v 0.000000 -0.390562 -0.002890
v -0.001621 -0.389634 -0.007062
v 0.000000 -0.438404 -0.005780
v -0.001604 -0.440171 -0.006597
v 0.000000 -0.441294 -0.005006
v 0.001604 -0.436636 -0.006597
v 0.000000 -0.435513 -0.005006
v -0.001621 -0.435118 -0.005691
v 0.001621 -0.441690 -0.005691
v -0.001632 -0.440546 -0.007996
v 0.000000 -0.433398 -0.002890
v -0.001621 -0.434326 -0.007062
v 0.001621 -0.438404 -0.008155
v -0.001613 -0.431960 -0.001727
v 0.001613 -0.431960 -0.001727
v 0.001621 -0.434326 -0.007062
v 0.000000 -0.432623 0.000000
v -0.001621 -0.431341 -0.004077
v 0.001621 -0.431341 -0.004077
v 0.000000 -0.433930 -0.007748
v 0.001621 -0.430249 0.000000
v 0.000000 -0.438404 -0.008947
v 0.000000 -0.430656 -0.004473
v -0.001621 -0.430249 0.000000
v 0.000000 -0.429457 0.000000
v 0.000000 -0.430656 0.004473
v -0.001621 -0.431341 0.004078
v 0.001621 -0.431341 0.004078
v 0.000000 -0.433930 0.007748
v -0.001609 -0.433401 0.004522
v -0.001621 -0.434326 0.007063
v 0.001610 -0.433401 0.004522
v 0.000000 -0.433398 0.002890
v 0.001621 -0.434326 0.007063
v 0.000000 -0.435513 0.005006
v -0.001632 -0.440546 0.007996
v 0.000000 -0.438404 0.008947
v 0.001621 -0.438404 0.008155
v 0.001621 -0.438404 0.006572
v 0.001621 -0.442481 0.007063
v 0.000000 -0.438404 0.005780
v 0.001610 -0.443406 0.004522
v 0.000000 -0.441294 0.005006
v -0.001621 -0.438404 0.006572
v -0.001609 -0.443406 0.004522
v 0.000000 -0.443410 0.002890
v 0.000000 -0.442877 0.007748
v -0.001621 -0.445466 0.004078
v 0.001621 -0.445466 0.004078
v 0.000000 -0.446152 0.004473
v -0.001613 -0.444847 -0.001727
v -0.001621 -0.446559 0.000000
v 0.000000 -0.444184 0.000000
v 0.001613 -0.444847 -0.001727
v 0.001621 -0.446559 0.000000
v 0.000000 -0.447350 0.000000
v 0.000000 -0.446152 -0.004473
v 0.001621 -0.445466 -0.004077
v -0.001621 -0.445466 -0.004077
v 0.000000 -0.442877 -0.007748
v 0.001621 -0.442481 -0.007062
v 0.000000 -0.443410 -0.002890
vt 0.314453 0.295898
vt 0.314697 0.285645
vt 0.314697 0.285645
vt 0.313965 0.312988
vt 0.313965 0.312988
vt 0.313965 0.329102
vt 0.316406 0.343750
vt 0.316406 0.343750
vt 0.313965 0.344727
vt 0.315186 0.344727
vt 0.313965 0.354004
vt 0.315186 0.354004
vt 0.315186 0.364746
vt 0.313965 0.374512
vt 0.316406 0.365723
vt 0.313965 0.374512
vt 0.386475 0.350875
vt 0.384277 0.360840
vt 0.384033 0.350694
vt 0.386475 0.359863
vt 0.386475 0.373715
vt 0.379909 0.372532
vt 0.335938 0.364258
vt 0.335938 0.378418
vt 0.335938 0.378418
vt 0.335938 0.364258
vt 0.335938 0.357422
vt 0.335938 0.357422
vt 0.335938 0.351074
vt 0.335938 0.344727
vt 0.335938 0.344727
vt 0.336767 0.338624
vt 0.336182 0.324219
vt 0.336783 0.332974
vt 0.336607 0.332266
vt 0.338135 0.300293
vt 0.337646 0.299318
vt 0.335938 0.300888
vt 0.337646 0.279785
vt 0.335938 0.277344
vt 0.338135 0.279297
vt 0.335938 0.277344
vt 0.338135 0.279297
vt 0.364258 0.358398
vt 0.364258 0.378418
vt 0.364258 0.378418
vt 0.364258 0.358398
vt 0.364258 0.345703
vt 0.364258 0.345703
vt 0.364258 0.335449
vt 0.364258 0.335449
vt 0.364258 0.325195
vt 0.034332 0.575439
vt 0.034332 0.573242
vt 0.034332 0.573257
vt 0.034332 0.589490
vt 0.043671 0.596191
vt 0.040253 0.597168
vt 0.038147 0.600098
vt 0.034393 0.612549
vt 0.038116 0.603760
vt 0.040192 0.606689
vt 0.043579 0.607910
vt 0.034393 0.655273
vt 0.034393 0.655273
vt 0.034393 0.631104
vt 0.034393 0.672852
vt 0.034393 0.672852
vt 0.034393 0.692871
vt 0.034393 0.692871
vt 0.034393 0.711914
vt 0.034393 0.711914
vt 0.034393 0.729980
vt 0.034393 0.746338
vt 0.034393 0.746338
vt 0.034393 0.729980
vt 0.034393 0.619474
vt 0.040192 0.606689
vt 0.038116 0.603760
vt 0.038147 0.600098
vt 0.034332 0.589847
vt 0.040253 0.597168
vt 0.204102 0.589355
vt 0.222778 0.585693
vt 0.204102 0.585693
vt 0.222778 0.589355
vt 0.204102 0.594551
vt 0.222778 0.593018
vt 0.222778 0.599252
vt 0.204102 0.600342
vt 0.204102 0.604004
vt 0.222778 0.604004
vt 0.222778 0.599252
vt 0.204102 0.600342
vt 0.204102 0.594551
vt 0.222778 0.593018
vt 0.222778 0.589355
vt 0.204102 0.589355
vt 0.337646 0.279785
vt 0.335938 0.300773
vt 0.337646 0.299318
vt 0.335938 0.312012
vt 0.338135 0.300293
vt 0.335938 0.312012
vt 0.336182 0.324219
vt 0.336703 0.338943
vt 0.335938 0.351074
vt 0.316406 0.365723
vt 0.315186 0.364746
vt 0.313965 0.354004
vt 0.315186 0.354004
vt 0.315186 0.344727
vt 0.313965 0.344727
vt 0.313965 0.329102
vt 0.314453 0.295898
vt 0.386475 0.373632
vt 0.379928 0.372514
vt 0.384277 0.360840
vt 0.386475 0.359863
vt 0.386475 0.351091
vt 0.384033 0.350845
vt 0.364258 0.325195
vt 0.364014 0.319336
vt 0.364014 0.317078
vt 0.364014 0.316406
vt 0.363770 0.310059
vt 0.363770 0.310059
vt 0.363525 0.306641
vt 0.363525 0.306641
vt 0.020844 0.746094
vt 0.020844 0.732178
vt 0.020844 0.746094
vt 0.020844 0.732178
vt 0.020844 0.728027
vt 0.020844 0.728027
vt 0.020844 0.722900
vt 0.020844 0.702148
vt 0.020844 0.702148
vt 0.020844 0.710938
vt 0.020844 0.690430
vt 0.020844 0.667480
vt 0.020844 0.667480
vt 0.020844 0.679443
vt 0.020844 0.656045
vt 0.017883 0.654541
vt 0.017883 0.654541
vt 0.019333 0.653566
vt 0.020844 0.636719
vt 0.019333 0.636719
vt 0.020844 0.627197
vt 0.019333 0.627930
vt 0.019333 0.619873
vt 0.020844 0.617009
vt 0.017853 0.618408
vt 0.015366 0.603271
vt 0.011963 0.604248
vt 0.017471 0.600342
vt 0.017471 0.596680
vt 0.020844 0.586914
vt 0.015381 0.593750
vt 0.011986 0.592529
vt 0.020844 0.586914
vt 0.020844 0.722900
vt 0.020844 0.718994
vt 0.020844 0.718994
vt 0.020844 0.710938
vt 0.020844 0.690430
vt 0.020844 0.679443
vt 0.020844 0.656055
vt 0.019333 0.653566
vt 0.020844 0.636719
vt 0.019333 0.636719
vt 0.020844 0.627197
vt 0.019333 0.627930
vt 0.019333 0.619873
vt 0.020844 0.617421
vt 0.017853 0.618408
vt 0.015366 0.603271
vt 0.017471 0.600342
vt 0.017471 0.596680
vt 0.015381 0.593750
vt 0.312744 0.565430
vt 0.315721 0.569199
vt 0.311283 0.545154
vt 0.316162 0.573730
vt 0.325431 0.541260
vt 0.326657 0.561768
vt 0.333744 0.572506
vt 0.326174 0.584470
vt 0.343262 0.576658
vt 0.340822 0.590567
vt 0.353516 0.575684
vt 0.358397 0.588620
vt 0.362180 0.574491
vt 0.359375 0.573975
vt 0.366702 0.582278
vt 0.366943 0.578613
vt 0.311283 0.545154
vt 0.315721 0.569199
vt 0.312744 0.565430
vt 0.316162 0.573730
vt 0.325431 0.541260
vt 0.326657 0.561768
vt 0.333744 0.572506
vt 0.326174 0.584470
vt 0.343262 0.576658
vt 0.340822 0.590567
vt 0.353516 0.575684
vt 0.358397 0.588620
vt 0.362180 0.574491
vt 0.359375 0.573975
vt 0.366702 0.582278
vt 0.366943 0.578613
vt 0.250004 0.965082
vt 0.259277 0.965973
vt 0.273925 0.966366
vt 0.258301 0.953707
vt 0.269043 0.944184
vt 0.251221 0.954526
vt 0.240109 0.960575
vt 0.245238 0.951570
vt 0.233515 0.950992
vt 0.241565 0.946632
vt 0.232918 0.943418
vt 0.238406 0.941481
vt 0.234131 0.941895
vt 0.239868 0.942688
vt 0.273925 0.966366
vt 0.259277 0.965973
vt 0.250004 0.965082
vt 0.258301 0.953707
vt 0.269043 0.944184
vt 0.251221 0.954526
vt 0.240109 0.960575
vt 0.245238 0.951570
vt 0.233515 0.950992
vt 0.241565 0.946632
vt 0.232918 0.943418
vt 0.238406 0.941481
vt 0.234131 0.941895
vt 0.239868 0.942688
vt 0.375981 0.413124
vt 0.374268 0.414551
vt 0.371582 0.437500
vt 0.371736 0.453276
vt 0.370361 0.444824
vt 0.388672 0.415039
vt 0.388916 0.413086
vt 0.390625 0.414551
vt 0.394416 0.446047
vt 0.394287 0.437500
vt 0.369873 0.456055
vt 0.398926 0.456055
vt 0.373779 0.469727
vt 0.375488 0.468750
vt 0.384521 0.481934
vt 0.399956 0.498295
vt 0.393799 0.492188
vt 0.412010 0.497439
vt 0.407227 0.479980
vt 0.413818 0.496582
vt 0.399658 0.501709
vt 0.415527 0.516846
vt 0.401123 0.514404
vt 0.413818 0.516357
vt 0.403076 0.514648
vt 0.395986 0.524894
vt 0.407243 0.535173
vt 0.385742 0.531493
vt 0.391359 0.545415
vt 0.368123 0.531618
vt 0.376709 0.532227
vt 0.368408 0.530029
vt 0.374021 0.546638
vt 0.364502 0.531006
vt 0.360596 0.535156
vt 0.360824 0.539567
vt 0.371582 0.437500
vt 0.374268 0.414551
vt 0.375981 0.413124
vt 0.371736 0.453276
vt 0.370361 0.444824
vt 0.388672 0.415039
vt 0.388916 0.413086
vt 0.390625 0.414551
vt 0.369873 0.456055
vt 0.394416 0.446047
vt 0.394287 0.437500
vt 0.373779 0.469727
vt 0.398926 0.456055
vt 0.375488 0.468750
vt 0.384521 0.481934
vt 0.399956 0.498296
vt 0.393799 0.492188
vt 0.412010 0.497439
vt 0.407227 0.479980
vt 0.413818 0.496582
vt 0.399658 0.501709
vt 0.415527 0.516846
vt 0.401123 0.514404
vt 0.403076 0.514648
vt 0.395986 0.524894
vt 0.413818 0.516357
vt 0.407243 0.535173
vt 0.385742 0.531493
vt 0.391359 0.545415
vt 0.368123 0.531618
vt 0.376709 0.532227
vt 0.368408 0.530029
vt 0.374021 0.546638
vt 0.364502 0.531006
vt 0.360596 0.535156
vt 0.360824 0.539567
vt 0.329590 0.471191
vt 0.329139 0.468218
vt 0.328961 0.468293
vt 0.326523 0.464342
vt 0.329590 0.471191
vt 0.331299 0.469727
vt 0.336182 0.458008
vt 0.338379 0.440430
vt 0.336182 0.440430
vt 0.335693 0.425781
vt 0.329590 0.440430
vt 0.326716 0.464087
vt 0.333740 0.426758
vt 0.328613 0.429199
vt 0.328613 0.429199
vt 0.329107 0.419490
vt 0.331055 0.417480
vt 0.329346 0.416504
vt 0.326377 0.423639
vt 0.327881 0.418945
vt 0.329346 0.416504
vt 0.331299 0.469727
vt 0.336182 0.458008
vt 0.338379 0.440430
vt 0.336182 0.440430
vt 0.335693 0.425781
vt 0.329590 0.440430
vt 0.330182 0.420117
vt 0.331055 0.417480
vt 0.326495 0.423718
vt 0.848559 0.387049
vt 0.857910 0.364746
vt 0.857910 0.385742
vt 0.848559 0.387049
vt 0.847767 0.363437
vt 0.847767 0.363437
vt 0.829157 0.390614
vt 0.829157 0.390614
vt 0.828309 0.360083
vt 0.828309 0.360083
vt 0.819336 0.391602
vt 0.819336 0.358887
vt 0.633301 0.201172
vt 0.639160 0.195801
vt 0.637207 0.200195
vt 0.636230 0.207414
vt 0.633301 0.197754
vt 0.627930 0.195801
vt 0.629883 0.200195
vt 0.630859 0.207409
vt 0.633301 0.206644
vt 0.636230 0.212402
vt 0.630859 0.212402
vt 0.633301 0.214356
vt 0.636230 0.216309
vt 0.630859 0.216309
vt 0.633301 0.210840
vt 0.636230 0.212402
vt 0.630859 0.212402
vt 0.636230 0.207414
vt 0.630859 0.207409
vt 0.633301 0.203189
vt 0.637207 0.200195
vt 0.629883 0.200195
vt 0.639160 0.195801
vt 0.627930 0.195801
vt 0.743652 0.323242
vt 0.745117 0.321702
vt 0.743652 0.319824
vt 0.743672 0.319824
vt 0.743652 0.315918
vt 0.745117 0.314349
vt 0.743636 0.311451
vt 0.748535 0.321583
vt 0.748535 0.314017
vt 0.742824 0.303131
vt 0.741211 0.303711
vt 0.751465 0.314353
vt 0.748553 0.302100
vt 0.752930 0.311523
vt 0.755406 0.303630
vt 0.752930 0.315918
vt 0.753770 0.303097
vt 0.751465 0.321702
vt 0.752930 0.319824
vt 0.752930 0.323242
vt 0.752910 0.319824
vt 0.748535 0.319824
vt 0.751465 0.314353
vt 0.752930 0.315918
vt 0.752930 0.311523
vt 0.745117 0.314349
vt 0.743652 0.315918
vt 0.743636 0.311451
vt 0.748535 0.314017
vt 0.755406 0.303630
vt 0.753770 0.303097
vt 0.742824 0.303131
vt 0.741211 0.303711
vt 0.748553 0.302100
vt 0.777344 0.300781
vt 0.761230 0.308594
vt 0.777344 0.296387
vt 0.715820 0.289551
vt 0.712402 0.296387
vt 0.736816 0.307617
vt 0.715820 0.289551
vt 0.777344 0.296387
vt 0.679199 0.274902
vt 0.759298 0.287918
vt 0.686523 0.269531
vt 0.709700 0.266079
vt 0.731445 0.265137
vt 0.752441 0.276367
vt 0.714844 0.248535
vt 0.735352 0.258789
vt 0.722168 0.243164
vt 0.704590 0.227539
vt 0.714355 0.224121
vt 0.731445 0.265137
vt 0.714844 0.248535
vt 0.752930 0.270508
vt 0.752441 0.276367
vt 0.775879 0.280762
vt 0.775879 0.280762
vt 0.803214 0.281742
vt 0.775391 0.276367
vt 0.796875 0.279297
vt 0.799805 0.289062
vt 0.801913 0.275301
vt 0.800293 0.291504
vt 0.799891 0.278166
vt 0.823337 0.269904
vt 0.815430 0.278809
vt 0.823759 0.268115
vt 0.822851 0.269140
vt 0.824041 0.270818
vt 0.815707 0.279364
vt 0.803214 0.281742
vt 0.799805 0.289062
vt 0.759298 0.287918
vt 0.709700 0.266079
vt 0.686523 0.269531
vt 0.658203 0.242188
vt 0.667969 0.239258
vt 0.704590 0.227539
vt 0.683164 0.216882
vt 0.667969 0.239258
vt 0.649902 0.204590
vt 0.683164 0.216882
vt 0.660156 0.204590
vt 0.660156 0.204590
vt 0.700684 0.204590
vt 0.694051 0.162025
vt 0.700684 0.204590
vt 0.694051 0.162025
vt 0.667969 0.169922
vt 0.704590 0.181641
vt 0.711426 0.204590
vt 0.704590 0.181641
vt 0.714355 0.185059
vt 0.714844 0.160645
vt 0.714844 0.160645
vt 0.722168 0.166016
vt 0.667969 0.169922
vt 0.723633 0.131836
vt 0.658203 0.166504
vt 0.686523 0.139648
vt 0.686523 0.139648
vt 0.679199 0.134277
vt 0.723633 0.131836
vt 0.715820 0.119629
vt 0.715820 0.119629
vt 0.711426 0.113281
vt 0.731445 0.144043
vt 0.759386 0.121259
vt 0.749512 0.110352
vt 0.735352 0.150391
vt 0.752441 0.132812
vt 0.731445 0.144043
vt 0.752930 0.138672
vt 0.759386 0.121259
vt 0.752441 0.132812
vt 0.749512 0.110352
vt 0.748535 0.104492
vt 0.777344 0.112793
vt 0.775879 0.128418
vt 0.803216 0.127438
vt 0.777832 0.108887
vt 0.777344 0.112793
vt 0.799805 0.120117
vt 0.799805 0.120117
vt 0.800293 0.117676
vt 0.803216 0.127438
vt 0.775879 0.128418
vt 0.775391 0.132324
vt 0.796875 0.129883
vt 0.799891 0.130919
vt 0.801913 0.133879
vt 0.823337 0.139272
vt 0.822851 0.140040
vt 0.815707 0.129816
vt 0.824041 0.138362
vt 0.823759 0.141065
vt 0.815430 0.130371
vt 0.114130 0.724572
vt 0.111328 0.721680
vt 0.117777 0.718182
vt 0.120162 0.722078
vt 0.116821 0.727295
vt 0.114409 0.717795
vt 0.109998 0.720349
vt 0.111302 0.717563
vt 0.119873 0.720817
vt 0.114130 0.724572
vt 0.117777 0.718182
vt 0.114409 0.717795
vt 0.111536 0.713809
vt 0.111536 0.713926
vt 0.107523 0.713840
vt 0.154297 0.713867
vt 0.111302 0.710171
vt 0.154297 0.713867
vt 0.114409 0.709939
vt 0.136830 0.731384
vt 0.117777 0.709552
vt 0.154242 0.756625
vt 0.138062 0.730225
vt 0.154242 0.756625
vt 0.154270 0.760393
vt 0.171764 0.731384
vt 0.170532 0.730225
vt 0.188753 0.720817
vt 0.188437 0.722078
vt 0.190878 0.718182
vt 0.190878 0.718182
vt 0.191772 0.727295
vt 0.194432 0.724572
vt 0.194432 0.724572
vt 0.198596 0.720349
vt 0.197266 0.721680
vt 0.194156 0.717795
vt 0.194156 0.717795
vt 0.197231 0.717563
vt 0.197040 0.713809
vt 0.197040 0.713926
vt 0.201067 0.713840
vt 0.197231 0.710171
vt 0.194156 0.709939
vt 0.194156 0.709939
vt 0.190878 0.709553
vt 0.198596 0.707385
vt 0.197266 0.706055
vt 0.194432 0.703162
vt 0.188753 0.706917
vt 0.191772 0.700439
vt 0.188437 0.705656
vt 0.171764 0.696495
vt 0.194432 0.703162
vt 0.190878 0.709553
vt 0.170532 0.697510
vt 0.154242 0.671153
vt 0.154324 0.667219
vt 0.154351 0.671153
vt 0.138062 0.697510
vt 0.136830 0.696495
vt 0.119873 0.706917
vt 0.117777 0.709553
vt 0.120162 0.705656
vt 0.116821 0.700439
vt 0.114130 0.703162
vt 0.114130 0.703162
vt 0.111328 0.706055
vt 0.109998 0.707385
vt 0.114409 0.709939
vt 0.616695 0.676990
vt 0.593218 0.663375
vt 0.605473 0.675299
vt 0.616696 0.676990
vt 0.627441 0.679653
vt 0.608314 0.665866
vt 0.625238 0.669761
vt 0.639170 0.682603
vt 0.648926 0.685547
vt 0.655573 0.686840
vt 0.654297 0.693115
vt 0.643737 0.674230
vt 0.648278 0.681556
vt 0.648926 0.685547
vt 0.690305 0.687357
vt 0.688825 0.684373
vt 0.639160 0.682617
vt 0.627441 0.679653
vt 0.643737 0.674230
vt 0.625238 0.669761
vt 0.608314 0.665866
vt 0.608270 0.640340
vt 0.625232 0.636429
vt 0.608270 0.640340
vt 0.593513 0.641555
vt 0.643774 0.632239
vt 0.627441 0.626024
vt 0.639170 0.623309
vt 0.656566 0.619424
vt 0.648926 0.619873
vt 0.656250 0.612061
vt 0.616205 0.627949
vt 0.605471 0.628655
vt 0.616205 0.627949
vt 0.627441 0.626024
vt 0.625232 0.636429
vt 0.648278 0.625240
vt 0.639160 0.623291
vt 0.648926 0.619873
vt 0.643774 0.632239
vt 0.690305 0.618942
vt 0.685072 0.624814
vt 0.677773 0.629984
vt 0.709098 0.623659
vt 0.692383 0.627860
vt 0.706553 0.628304
vt 0.721468 0.636197
vt 0.679316 0.638242
vt 0.672202 0.653076
vt 0.683097 0.677540
vt 0.678223 0.668457
vt 0.709098 0.682493
vt 0.677773 0.676169
vt 0.709365 0.674742
vt 0.673163 0.653076
vt 0.679316 0.667911
vt 0.692383 0.678292
vt 0.721468 0.669955
vt 0.710331 0.670526
vt 0.721436 0.660888
vt 0.725886 0.653076
vt 0.702574 0.671261
vt 0.715243 0.646891
vt 0.708062 0.666346
vt 0.713019 0.653076
vt 0.696562 0.627382
vt 0.702574 0.634892
vt 0.708062 0.639878
vt 0.717957 0.642649
vt 0.692383 0.674160
vt 0.678223 0.637695
vt 0.692383 0.631993
vt 0.057429 0.675500
vt 0.053272 0.671277
vt 0.061045 0.669110
vt 0.063424 0.673006
vt 0.060120 0.678223
vt 0.057677 0.668723
vt 0.054600 0.668491
vt 0.063111 0.671745
vt 0.057429 0.675500
vt 0.061045 0.669110
vt 0.054626 0.672607
vt 0.057677 0.668723
vt 0.054825 0.664853
vt 0.054825 0.664737
vt 0.050807 0.664768
vt 0.097534 0.664795
vt 0.054600 0.661099
vt 0.097534 0.664795
vt 0.057677 0.660867
vt 0.081299 0.681152
vt 0.061045 0.660480
vt 0.080103 0.682312
vt 0.097480 0.707675
vt 0.097480 0.707675
vt 0.097561 0.711329
vt 0.115026 0.682312
vt 0.113831 0.681152
vt 0.131674 0.673006
vt 0.131991 0.671745
vt 0.134115 0.669110
vt 0.134115 0.669110
vt 0.135010 0.678223
vt 0.137669 0.675500
vt 0.137669 0.675500
vt 0.141834 0.671277
vt 0.140503 0.672607
vt 0.137393 0.668723
vt 0.137393 0.668723
vt 0.140468 0.668491
vt 0.140278 0.664737
vt 0.140278 0.664853
vt 0.144304 0.664768
vt 0.140468 0.661099
vt 0.137393 0.660867
vt 0.137393 0.660867
vt 0.134115 0.660480
vt 0.141834 0.658313
vt 0.140503 0.656982
vt 0.137669 0.654090
vt 0.131990 0.657845
vt 0.135010 0.651367
vt 0.131674 0.656584
vt 0.115026 0.647423
vt 0.137669 0.654090
vt 0.134115 0.660480
vt 0.113831 0.648438
vt 0.097480 0.622081
vt 0.097561 0.618147
vt 0.097480 0.622081
vt 0.081299 0.648438
vt 0.080103 0.647423
vt 0.063111 0.657845
vt 0.061045 0.660480
vt 0.063424 0.656584
vt 0.060120 0.651367
vt 0.057429 0.654090
vt 0.057429 0.654090
vt 0.053272 0.658313
vt 0.057677 0.660867
vt 0.054626 0.656982
vt 0.114130 0.625451
vt 0.111328 0.622559
vt 0.117777 0.619061
vt 0.119873 0.621696
vt 0.116821 0.628174
vt 0.114409 0.618674
vt 0.109998 0.621228
vt 0.120162 0.622957
vt 0.111302 0.618442
vt 0.114130 0.625451
vt 0.117777 0.619061
vt 0.114409 0.618674
vt 0.111536 0.614805
vt 0.111536 0.614804
vt 0.107523 0.614719
vt 0.154297 0.614746
vt 0.111302 0.611050
vt 0.154297 0.614746
vt 0.114409 0.610818
vt 0.136830 0.632263
vt 0.117777 0.610431
vt 0.154351 0.657626
vt 0.138062 0.631104
vt 0.154242 0.657626
vt 0.154270 0.661280
vt 0.171764 0.632263
vt 0.170532 0.631104
vt 0.188753 0.621696
vt 0.188437 0.622957
vt 0.190878 0.619061
vt 0.190878 0.619061
vt 0.191772 0.628174
vt 0.194432 0.625451
vt 0.194432 0.625451
vt 0.198596 0.621228
vt 0.197266 0.622559
vt 0.194156 0.618674
vt 0.194156 0.618674
vt 0.197231 0.618442
vt 0.197040 0.614688
vt 0.197040 0.614804
vt 0.201067 0.614773
vt 0.197231 0.611050
vt 0.194156 0.610818
vt 0.194156 0.610818
vt 0.190878 0.610431
vt 0.198596 0.608264
vt 0.197266 0.606934
vt 0.194432 0.604041
vt 0.188753 0.607796
vt 0.191772 0.601318
vt 0.188437 0.606535
vt 0.171764 0.597374
vt 0.194432 0.604041
vt 0.190878 0.610431
vt 0.170532 0.598389
vt 0.154243 0.572032
vt 0.154270 0.568098
vt 0.154243 0.572032
vt 0.138062 0.598389
vt 0.136830 0.597374
vt 0.119873 0.607796
vt 0.117777 0.610431
vt 0.120162 0.606535
vt 0.116821 0.601318
vt 0.114130 0.604041
vt 0.114130 0.604041
vt 0.111328 0.606934
vt 0.109998 0.608264
vt 0.114409 0.610818
vt 0.456299 0.034180
vt 0.462891 0.029541
vt 0.466309 0.037109
vt 0.462891 0.029541
vt 0.446289 0.037109
vt 0.437257 0.037108
vt 0.437257 0.037109
vt 0.456299 0.021484
vt 0.438965 0.044434
vt 0.439941 0.025879
vt 0.456299 0.021484
vt 0.439941 0.025879
vt 0.436279 0.054199
vt 0.427979 0.038086
vt 0.427979 0.038086
vt 0.431641 0.060791
vt 0.431641 0.060791
vt 0.436523 0.020508
vt 0.423584 0.054199
vt 0.456299 0.015137
vt 0.422363 0.034668
vt 0.423584 0.054199
vt 0.416992 0.054199
vt 0.422363 0.073730
vt 0.427979 0.070801
vt 0.427979 0.070801
vt 0.436523 0.088379
vt 0.439941 0.082520
vt 0.438965 0.064453
vt 0.439941 0.082520
vt 0.449707 0.078857
vt 0.449707 0.078857
vt 0.446289 0.071777
vt 0.456299 0.086914
vt 0.456299 0.093262
vt 0.456299 0.086914
vt 0.472656 0.082520
vt 0.456299 0.074219
vt 0.475195 0.071289
vt 0.466309 0.071777
vt 0.475195 0.071290
vt 0.473633 0.064453
vt 0.472656 0.082520
vt 0.475830 0.088379
vt 0.484619 0.070801
vt 0.484619 0.070801
vt 0.490234 0.073730
vt 0.480835 0.047607
vt 0.489014 0.054199
vt 0.476318 0.054199
vt 0.480835 0.047607
vt 0.489014 0.054199
vt 0.495361 0.054199
vt 0.490234 0.034668
vt 0.484619 0.038086
vt 0.484619 0.038086
vt 0.475830 0.020508
vt 0.472656 0.025879
vt 0.473633 0.044434
vt 0.472656 0.025879
vt 0.386230 0.879395
vt 0.386230 0.868408
vt 0.405029 0.884460
vt 0.386230 0.868408
vt 0.367188 0.884460
vt 0.410645 0.875000
vt 0.361816 0.875000
vt 0.361816 0.875000
vt 0.410645 0.875000
vt 0.386230 0.856689
vt 0.353271 0.898315
vt 0.355957 0.864746
vt 0.386230 0.856689
vt 0.343750 0.892822
vt 0.343750 0.892822
vt 0.355957 0.864746
vt 0.348389 0.917236
vt 0.333740 0.886902
vt 0.333740 0.886902
vt 0.337402 0.917236
vt 0.337402 0.917236
vt 0.350586 0.855469
vt 0.325684 0.917236
vt 0.386230 0.845947
vt 0.324463 0.881531
vt 0.325684 0.917236
vt 0.314697 0.917236
vt 0.324463 0.952881
vt 0.333740 0.947510
vt 0.333740 0.947510
vt 0.350586 0.979004
vt 0.343750 0.941620
vt 0.355957 0.969696
vt 0.343750 0.941620
vt 0.353271 0.936157
vt 0.355957 0.969696
vt 0.361816 0.959503
vt 0.361816 0.959503
vt 0.367188 0.950012
vt 0.386230 0.977814
vt 0.386230 0.988564
vt 0.386230 0.977814
vt 0.386230 0.966064
vt 0.416504 0.969696
vt 0.386230 0.955078
vt 0.410645 0.959503
vt 0.405029 0.950012
vt 0.386230 0.966064
vt 0.410645 0.959503
vt 0.418945 0.936157
vt 0.416504 0.969696
vt 0.428467 0.941620
vt 0.428467 0.941620
vt 0.421875 0.979004
vt 0.438721 0.947510
vt 0.438721 0.947510
vt 0.447998 0.952881
vt 0.435059 0.917236
vt 0.446777 0.917236
vt 0.424072 0.917236
vt 0.435059 0.917236
vt 0.446777 0.917236
vt 0.457520 0.917236
vt 0.447998 0.881531
vt 0.438721 0.886902
vt 0.438721 0.886902
vt 0.421875 0.855469
vt 0.428467 0.892822
vt 0.416504 0.864746
vt 0.428467 0.892822
vt 0.418945 0.898315
vt 0.416504 0.864746
vt 0.456299 0.034180
vt 0.449707 0.029541
vt 0.466309 0.037109
vt 0.462891 0.029541
vt 0.446289 0.037109
vt 0.475194 0.037108
vt 0.437256 0.037109
vt 0.456299 0.021484
vt 0.438965 0.044434
vt 0.439941 0.025879
vt 0.448120 0.023682
vt 0.431641 0.047607
vt 0.436279 0.054199
vt 0.427979 0.038086
vt 0.427979 0.038086
vt 0.431641 0.060792
vt 0.436523 0.020508
vt 0.423584 0.054199
vt 0.456299 0.015137
vt 0.422363 0.034668
vt 0.423584 0.054199
vt 0.416992 0.054199
vt 0.422363 0.073730
vt 0.427979 0.070801
vt 0.427979 0.070801
vt 0.436523 0.088379
vt 0.437257 0.071290
vt 0.439941 0.082520
vt 0.438965 0.064453
vt 0.439941 0.082520
vt 0.449707 0.078857
vt 0.446289 0.071777
vt 0.464478 0.084717
vt 0.456299 0.093262
vt 0.456299 0.086914
vt 0.472656 0.082520
vt 0.456299 0.074219
vt 0.475194 0.071290
vt 0.466309 0.071777
vt 0.462891 0.078857
vt 0.473633 0.064453
vt 0.480835 0.060791
vt 0.475830 0.088379
vt 0.484619 0.070801
vt 0.484619 0.070801
vt 0.490234 0.073730
vt 0.489014 0.054199
vt 0.476318 0.054199
vt 0.480835 0.047608
vt 0.489014 0.054199
vt 0.495361 0.054199
vt 0.490234 0.034668
vt 0.484619 0.038086
vt 0.484619 0.038086
vt 0.475830 0.020508
vt 0.472656 0.025879
vt 0.473633 0.044434
vt 0.472656 0.025879
vt 0.456299 0.034180
vt 0.462891 0.029541
vt 0.466309 0.037109
vt 0.449707 0.029541
vt 0.446289 0.037109
vt 0.443115 0.031250
vt 0.469482 0.031250
vt 0.464478 0.023682
vt 0.438965 0.044434
vt 0.439941 0.025879
vt 0.456299 0.021484
vt 0.431641 0.047607
vt 0.431641 0.047607
vt 0.439941 0.025879
vt 0.436279 0.054199
vt 0.427979 0.038086
vt 0.427979 0.038086
vt 0.436523 0.020508
vt 0.423584 0.054199
vt 0.456299 0.015137
vt 0.422363 0.034668
vt 0.423584 0.054199
vt 0.416992 0.054199
vt 0.422363 0.073730
vt 0.427979 0.070801
vt 0.427979 0.070801
vt 0.436523 0.088379
vt 0.437256 0.071290
vt 0.439941 0.082520
vt 0.437256 0.071290
vt 0.438965 0.064453
vt 0.439941 0.082520
vt 0.446289 0.071777
vt 0.464478 0.084717
vt 0.456299 0.093262
vt 0.456299 0.086914
vt 0.456299 0.080566
vt 0.472656 0.082520
vt 0.456299 0.074219
vt 0.475195 0.071290
vt 0.466309 0.071777
vt 0.456299 0.080566
vt 0.475195 0.071290
vt 0.473633 0.064453
vt 0.475830 0.088379
vt 0.484619 0.070801
vt 0.484619 0.070801
vt 0.490234 0.073730
vt 0.480835 0.047607
vt 0.489014 0.054199
vt 0.476318 0.054199
vt 0.480835 0.047607
vt 0.489014 0.054199
vt 0.495361 0.054199
vt 0.490234 0.034668
vt 0.484619 0.038086
vt 0.484619 0.038086
vt 0.475830 0.020508
vt 0.472656 0.025879
vt 0.473633 0.044434
vn 0.0788 0.1485 -0.9858
vn -0.2933 0.7674 -0.5701
vn 0.3231 0.7909 -0.5198
vn 0.4505 -0.1479 -0.8804
vn -0.0625 0.0005 -0.9980
vn 0.1110 -0.6947 -0.7106
vn 0.1696 -0.3139 -0.9342
vn -0.1763 -0.4008 -0.8991
vn 0.4992 -0.7222 -0.4787
vn 0.5973 -0.5335 -0.5988
vn 0.4338 -0.8805 -0.1913
vn 0.8963 -0.4298 -0.1092
vn 0.5772 -0.8080 0.1181
vn 0.3217 -0.9466 -0.0197
vn 0.3543 -0.7553 0.5514
vn -0.1318 -0.9851 -0.1107
vn -0.5439 0.8026 -0.2451
vn -0.8951 -0.4321 -0.1098
vn -0.2881 -0.6677 -0.6864
vn -0.6993 0.6744 0.2369
vn -0.4121 0.5912 0.6933
vn -0.4339 -0.7883 0.4363
vn 0.4199 -0.5775 -0.7001
vn 0.5210 -0.3870 -0.7608
vn -0.0000 -0.4524 -0.8918
vn 0.0577 -0.6066 -0.7929
vn 0.4530 -0.8473 -0.2772
vn 0.0864 -0.9332 -0.3488
vn -0.0271 -0.8829 0.4688
vn 0.0457 -0.8688 0.4931
vn 0.5104 -0.6937 0.5082
vn -0.2347 -0.9438 0.2329
vn -0.1732 0.5785 -0.7971
vn -0.1252 -0.7052 -0.6979
vn 0.1166 0.0035 -0.9932
vn 0.3735 0.8601 -0.3474
vn 0.6750 0.7374 0.0256
vn -0.0836 0.9955 -0.0454
vn 0.7388 0.4952 0.4572
vn 0.2053 0.9198 0.3345
vn 0.1878 0.4987 0.8462
vn 0.0095 0.8986 0.4387
vn -0.2429 0.4862 0.8394
vn -0.0863 0.9464 0.3113
vn -0.2850 0.9574 0.0468
vn -0.0000 0.9988 0.0490
vn -0.4344 0.8526 0.2903
vn -0.0946 0.6426 0.7603
vn -0.4373 0.5811 0.6863
vn -0.1448 0.2833 0.9480
vn -0.4479 0.1551 0.8806
vn 0.0443 -0.1896 0.9809
vn -0.1128 -0.8737 -0.4733
vn -0.2668 -0.5252 -0.8081
vn 0.2962 -0.8928 -0.3393
vn 0.1609 -0.5929 0.7890
vn 0.0061 0.3007 0.9537
vn -0.4225 0.6564 0.6249
vn -0.6185 0.1805 0.7648
vn 0.1379 -0.0805 0.9872
vn -0.7942 -0.2381 0.5591
vn -0.5282 -0.6525 0.5434
vn 0.0036 -0.7416 0.6708
vn 0.2521 -0.3812 0.8894
vn -0.0355 -0.4566 0.8890
vn 0.0054 -0.2974 0.9547
vn -0.0007 -0.3190 0.9478
vn 0.3836 -0.2210 0.8967
vn -0.0050 0.0877 0.9961
vn 0.4024 0.2151 0.8898
vn -0.0849 0.5527 0.8290
vn 0.4392 0.6500 0.6202
vn 0.0608 0.9944 0.0867
vn 0.4769 0.8376 -0.2665
vn -0.1136 0.9859 -0.1231
vn -0.4597 0.8663 0.1955
vn -0.2771 -0.2089 0.9378
vn 0.5326 -0.6579 0.5325
vn 0.8210 -0.2331 0.5213
vn 0.6435 0.1862 0.7425
vn -0.3469 -0.5676 0.7466
vn 0.4281 0.6655 0.6114
vn -0.4683 0.6571 0.5907
vn -0.0000 0.6372 -0.7707
vn -0.0000 0.3321 0.9433
vn -0.5791 0.5509 -0.6010
vn -0.7965 0.0143 0.6045
vn -0.7365 0.0116 -0.6764
vn -0.5546 -0.6643 -0.5012
vn -0.5695 -0.6456 0.5088
vn -0.0000 -0.7297 0.6838
vn -0.0000 -0.5452 -0.8383
vn 0.5546 -0.6642 -0.5012
vn 0.5696 -0.6456 0.5088
vn 0.7965 0.0143 0.6045
vn 0.7365 0.0116 -0.6764
vn 0.5791 0.5509 -0.6010
vn 0.4682 0.6571 0.5907
vn -0.7368 0.4968 0.4586
vn -0.3349 0.9259 0.1750
vn -0.6544 0.7554 0.0341
vn -0.0663 0.9669 -0.2466
vn -0.3397 0.9369 -0.0830
vn -0.4498 0.8332 -0.3216
vn -0.4603 0.5203 -0.7193
vn -0.4706 -0.8465 0.2491
vn -0.4629 -0.8545 0.2358
vn -0.3460 -0.8077 0.4774
vn -0.5772 -0.8080 0.1181
vn -0.4338 -0.8805 -0.1913
vn -0.8963 -0.4299 -0.1092
vn -0.5973 -0.5335 -0.5988
vn -0.4992 -0.7222 -0.4787
vn -0.3777 -0.5626 -0.7354
vn -0.4728 0.2826 -0.8346
vn 0.3897 0.5651 0.7272
vn 0.3851 -0.8920 0.2367
vn 0.8951 -0.4325 -0.1080
vn 0.7017 0.6712 0.2392
vn 0.5218 0.8489 -0.0838
vn 0.3510 -0.5308 -0.7714
vn 0.4792 -0.1540 0.8641
vn 0.0190 -0.2312 0.9727
vn 0.4784 0.2407 0.8445
vn 0.0334 0.2768 0.9604
vn 0.0089 0.9415 0.3370
vn 0.7060 0.6777 0.2059
vn -0.2648 0.8523 -0.4511
vn -0.0126 0.6891 -0.7246
vn -0.2405 0.9353 -0.2594
vn 0.4996 0.4015 -0.7676
vn -0.0000 -0.3742 -0.9273
vn 0.6459 -0.2432 -0.7236
vn -0.1029 -0.9624 -0.2515
vn 0.4544 -0.8624 -0.2230
vn -0.0627 -0.9032 -0.4245
vn 0.0031 -0.9817 0.1905
vn 0.0782 -0.8037 -0.5899
vn 0.3937 0.3134 -0.8642
vn -0.0532 0.4876 -0.8714
vn 0.0086 -0.2956 -0.9553
vn 0.1426 0.5461 -0.8255
vn -0.1532 0.5116 -0.8455
vn 0.1775 0.4348 -0.8829
vn -0.2646 0.6062 -0.7500
vn 0.3904 0.4833 -0.7836
vn -0.3866 0.4634 -0.7974
vn 0.3293 0.1049 -0.9384
vn -0.4903 0.1186 -0.8634
vn -0.1798 0.0231 -0.9834
vn 0.0689 -0.2773 -0.9583
vn -0.1525 0.2372 -0.9594
vn -0.3935 -0.7534 -0.5268
vn -0.0014 -0.5328 -0.8463
vn -0.7567 -0.3975 -0.5190
vn -0.6974 0.0441 -0.7153
vn 0.1702 -0.3756 -0.9110
vn -0.5774 0.5594 -0.5947
vn -0.1877 -0.3739 -0.9083
vn -0.3780 -0.7959 -0.4729
vn -0.0670 -0.9915 0.1113
vn -0.4594 -0.8881 0.0114
vn -0.4699 -0.8758 0.1100
vn -0.4412 -0.6261 -0.6430
vn -0.4158 -0.1758 -0.8923
vn -0.3100 0.6316 -0.7106
vn 0.2774 0.6011 -0.7495
vn -0.3899 0.4834 -0.7838
vn 0.3866 0.4635 -0.7973
vn -0.3301 0.1048 -0.9381
vn 0.4903 0.1186 -0.8634
vn 0.1722 0.0194 -0.9849
vn -0.2812 -0.0948 -0.9550
vn 0.1193 0.0946 -0.9883
vn 0.3920 -0.7520 -0.5299
vn 0.7496 -0.3989 -0.5282
vn 0.6944 0.0448 -0.7182
vn 0.5774 0.5594 -0.5947
vn 0.6261 -0.7703 -0.1211
vn 0.8989 -0.3930 -0.1939
vn 0.9967 -0.0189 -0.0789
vn 0.6639 -0.5980 -0.4491
vn 0.9999 0.0117 0.0005
vn 0.9974 0.0563 -0.0446
vn 0.9969 0.0629 -0.0467
vn 0.9982 0.0536 -0.0283
vn 0.9998 -0.0200 0.0038
vn 0.9978 0.0658 0.0084
vn 0.9980 0.0635 -0.0043
vn 1.0000 0.0023 -0.0002
vn 0.9989 -0.0280 -0.0374
vn 0.7609 -0.0529 0.6467
vn 0.9988 0.0397 0.0280
vn 0.8282 0.5461 0.1259
vn -0.9967 -0.0189 -0.0789
vn -0.8610 -0.4363 -0.2615
vn -0.6261 -0.7703 -0.1211
vn -0.6639 -0.5980 -0.4491
vn -0.9999 0.0117 0.0005
vn -0.9997 0.0076 -0.0238
vn -0.9977 0.0335 -0.0587
vn -0.9997 -0.0070 0.0226
vn -0.9976 0.0667 -0.0195
vn -0.9997 -0.0032 0.0249
vn -0.9981 0.0596 -0.0139
vn -1.0000 0.0026 0.0013
vn -0.9991 -0.0416 -0.0083
vn -0.7609 -0.0529 0.6467
vn -0.9973 0.0626 0.0373
vn -0.8282 0.5461 0.1259
vn 0.9998 -0.0046 -0.0214
vn 0.4128 0.8547 0.3149
vn 0.9990 -0.0436 -0.0060
vn 0.9979 0.0030 0.0652
vn 0.9953 0.0046 0.0970
vn 0.9995 0.0306 -0.0061
vn 0.9993 -0.0361 0.0032
vn 0.9973 0.0506 -0.0529
vn 0.9998 -0.0030 0.0219
vn 0.9828 0.0205 -0.1834
vn 0.9988 0.0486 -0.0012
vn 0.9997 0.0076 -0.0236
vn 0.7713 -0.4592 -0.4407
vn 0.6427 -0.6020 0.4740
vn -0.9990 -0.0436 -0.0060
vn -0.4127 0.8547 0.3149
vn -0.9999 -0.0062 -0.0131
vn -0.9980 0.0336 0.0536
vn -0.9953 0.0046 0.0970
vn -0.9990 0.0332 -0.0295
vn -0.9997 -0.0200 0.0126
vn -0.9955 0.0233 -0.0923
vn -0.9996 0.0196 0.0186
vn -0.9877 0.1269 -0.0914
vn -0.9941 -0.1063 -0.0195
vn -0.9986 0.0027 -0.0519
vn -0.7713 -0.4592 -0.4407
vn -0.6427 -0.6019 0.4739
vn 0.9877 -0.0243 -0.1545
vn 0.7392 -0.1668 -0.6525
vn 0.3428 -0.1354 -0.9296
vn 0.8499 0.0222 -0.5265
vn 0.4046 -0.1289 -0.9053
vn 0.9093 -0.3139 0.2730
vn 0.3726 -0.8495 0.3736
vn 0.2674 -0.2890 0.9192
vn 0.9590 -0.0196 0.2829
vn 0.0913 -0.1241 0.9881
vn 0.3604 0.1572 -0.9195
vn 0.0365 -0.3467 0.9373
vn 0.3904 0.4753 -0.7885
vn 0.8961 0.2601 -0.3596
vn 0.4079 0.6381 -0.6530
vn 0.9624 0.1865 -0.1974
vn -0.0328 0.7126 -0.7008
vn 0.9120 -0.0412 0.4081
vn -0.0115 -0.3787 0.9255
vn 0.4557 -0.2228 0.8618
vn 0.2529 0.2096 -0.9445
vn 0.4070 0.2071 0.8896
vn 0.4094 -0.1808 -0.8943
vn 0.9424 0.1619 0.2926
vn 0.9449 -0.0018 -0.3274
vn 0.9698 0.1644 -0.1805
vn 0.9966 -0.0649 -0.0512
vn 0.9955 0.0735 -0.0602
vn 0.9999 -0.0073 -0.0088
vn 0.9599 -0.2136 -0.1817
vn -0.8613 -0.5031 0.0710
vn 0.5718 -0.8199 -0.0296
vn 0.9981 0.0473 -0.0397
vn 0.4369 -0.7734 -0.4593
vn 0.7233 -0.2013 -0.6605
vn 0.9878 0.0357 -0.1516
vn -0.3428 -0.1354 -0.9296
vn -0.7392 -0.1668 -0.6525
vn -0.9957 -0.0714 -0.0589
vn -0.8603 0.0284 -0.5090
vn -0.4046 -0.1289 -0.9053
vn -0.9086 -0.3068 0.2834
vn -0.3726 -0.8495 0.3736
vn -0.2674 -0.2890 0.9192
vn -0.3604 0.1572 -0.9195
vn -0.9654 -0.0364 0.2583
vn -0.0913 -0.1241 0.9881
vn -0.3904 0.4753 -0.7885
vn -0.0365 -0.3467 0.9373
vn -0.8890 0.2592 -0.3775
vn -0.4079 0.6381 -0.6530
vn -0.9762 0.1310 -0.1731
vn 0.0328 0.7126 -0.7008
vn -0.9194 -0.0223 0.3926
vn 0.0115 -0.3787 0.9255
vn -0.4557 -0.2228 0.8618
vn -0.2529 0.2096 -0.9445
vn -0.4070 0.2071 0.8896
vn -0.4094 -0.1808 -0.8943
vn -0.9449 -0.0018 -0.3274
vn -0.9782 0.1993 0.0580
vn -0.9421 0.1631 0.2928
vn -0.9946 -0.0432 -0.0939
vn -0.9958 0.0571 -0.0717
vn -0.9997 0.0095 0.0212
vn -0.9548 -0.2376 -0.1787
vn 0.8613 -0.5030 0.0710
vn -0.5718 -0.8199 -0.0296
vn -0.9971 0.0723 -0.0254
vn -0.4370 -0.7734 -0.4592
vn -0.7233 -0.2013 -0.6605
vn -0.9877 0.0588 -0.1449
vn 0.1386 0.3921 -0.9094
vn -0.5526 0.0155 -0.8333
vn 0.5547 0.0159 -0.8319
vn -0.5154 0.0732 -0.8538
vn -0.0958 0.4827 -0.8705
vn -0.2940 0.6456 -0.7048
vn -0.4059 0.6346 -0.6577
vn -0.3867 0.4603 -0.7992
vn -0.9240 0.1729 -0.3410
vn -0.4841 0.1267 -0.8658
vn -0.7151 0.3529 -0.6034
vn 0.5902 0.0204 -0.8070
vn -0.9499 0.0657 -0.3055
vn -0.6213 0.1548 -0.7681
vn 0.8077 0.0266 -0.5890
vn -0.5887 0.4605 -0.6643
vn -0.2770 0.0217 -0.9606
vn -0.0819 0.2294 -0.9699
vn -0.4766 0.6663 -0.5735
vn 0.3964 0.7133 -0.5780
vn 0.1360 0.1695 -0.9761
vn 0.3053 0.6472 -0.6986
vn 0.3977 0.6371 -0.6603
vn 0.3864 0.4601 -0.7994
vn 0.9231 0.1674 -0.3463
vn 0.6900 0.1205 -0.7137
vn 0.7151 0.4017 -0.5721
vn 0.8054 0.1422 -0.5754
vn 0.1024 -0.0141 -0.9946
vn 0.6820 0.3661 -0.6332
vn 0.7131 -0.4787 0.5122
vn -0.0000 -0.9095 -0.4158
vn -0.0000 -0.7491 0.6625
vn -0.7131 -0.4786 0.5122
vn 0.8113 -0.3512 -0.4674
vn -0.8112 -0.3512 -0.4674
vn 0.7980 0.5120 0.3177
vn -0.7980 0.5120 0.3178
vn 0.7127 0.6285 -0.3115
vn -0.7127 0.6285 -0.3115
vn -0.0000 0.9511 0.3090
vn -0.0000 0.9071 -0.4210
vn 0.8838 0.4679 -0.0015
vn 0.0151 0.7562 -0.6542
vn 0.4394 0.3563 -0.8246
vn 0.6221 -0.1419 -0.7699
vn -0.0000 0.9995 -0.0311
vn 0.0168 0.7846 0.6197
vn 0.4341 0.3681 0.8222
vn 0.6209 -0.1415 0.7710
vn 0.9749 -0.2105 -0.0730
vn 0.3758 -0.4704 -0.7984
vn 0.3756 -0.4700 0.7988
vn 0.2080 -0.9781 -0.0037
vn -0.0533 -0.7378 -0.6729
vn -0.0533 -0.7376 0.6731
vn -0.5955 -0.8033 0.0113
vn -0.3033 -0.5528 -0.7762
vn -0.3031 -0.5524 0.7765
vn -0.5993 -0.1119 -0.7927
vn -0.5991 -0.1125 0.7927
vn -0.9792 0.2029 0.0043
vn -0.4829 0.3873 -0.7853
vn -0.4518 0.4068 0.7939
vn 0.0126 0.7227 -0.6910
vn -0.1636 0.9861 -0.0285
vn 0.0133 0.7490 0.6624
vn 0.0735 -0.8545 -0.5142
vn 0.0497 0.3615 -0.9310
vn -0.4793 -0.6083 -0.6327
vn -0.4300 0.5304 -0.7306
vn -0.5679 -0.3508 -0.7446
vn 0.4522 0.3514 -0.8198
vn -0.9332 0.0882 -0.3483
vn 0.2060 0.9779 0.0355
vn 0.9418 0.3312 -0.0582
vn 0.7222 0.5595 -0.4066
vn 0.0040 0.7661 -0.6427
vn 0.4482 0.3432 0.8254
vn 0.9648 0.2617 -0.0248
vn -0.9720 0.2281 0.0563
vn 0.1232 0.9772 0.1730
vn -0.5545 -0.3244 0.7664
vn 0.6792 0.5679 0.4650
vn -0.0722 0.4064 0.9108
vn -0.4788 -0.6079 0.6335
vn 0.0734 -0.8544 0.5144
vn -0.4008 0.7092 0.5801
vn -0.5274 0.8496 0.0048
vn -0.5760 0.2080 0.7905
vn 0.5557 -0.3492 0.7545
vn 0.9720 0.2281 0.0563
vn -0.4163 0.2288 -0.8799
vn 0.5699 -0.3747 -0.7313
vn 0.9332 0.0882 -0.3483
vn -0.9647 0.2632 0.0002
vn -0.4935 0.8609 0.1237
vn -0.6710 0.5751 0.4680
vn -0.6669 0.5646 -0.4862
vn -0.0040 0.7661 -0.6427
vn -0.9650 0.2623 -0.0080
vn -0.0000 0.9602 0.2793
vn -0.0000 0.9995 -0.0326
vn -0.7700 0.5989 0.2199
vn -0.8181 0.5249 -0.2348
vn -0.0001 0.9327 -0.3606
vn 0.8187 0.5236 -0.2358
vn 0.7699 0.6015 0.2133
vn -0.0000 0.7532 -0.6578
vn 0.9947 0.0462 0.0915
vn 0.8479 0.3509 -0.3973
vn 0.9990 0.0304 -0.0323
vn 0.8031 -0.4737 0.3615
vn 0.7679 -0.5730 0.2864
vn 0.8357 -0.3041 0.4574
vn -0.0000 -0.7902 0.6129
vn -0.0000 -0.5900 0.8074
vn 0.8569 -0.1617 0.4894
vn -0.0000 -0.3251 0.9457
vn -0.8040 -0.4707 0.3635
vn -0.8375 -0.2860 0.4656
vn -0.0000 -0.9360 0.3519
vn -0.7370 -0.6085 0.2941
vn 0.7048 -0.7032 0.0934
vn -0.7062 -0.7022 0.0909
vn 0.9767 0.0154 0.2140
vn 0.0016 -0.9970 0.0779
vn 0.6645 -0.7470 -0.0211
vn 0.6723 0.6400 0.3720
vn 0.0048 -0.9659 -0.2590
vn 0.0010 0.8518 0.5239
vn -0.6788 -0.7324 -0.0540
vn 0.8225 -0.2073 0.5296
vn 0.6184 0.5428 0.5683
vn 0.0847 -0.8261 0.5571
vn -0.8490 -0.4827 0.2150
vn -0.1774 0.2721 0.9458
vn -0.2957 0.6497 0.7004
vn -0.9679 0.0132 0.2508
vn -0.6720 0.6427 0.3680
vn -0.9910 0.0569 0.1208
vn -0.9995 0.0325 0.0009
vn -0.8479 0.3509 -0.3974
vn -0.0000 0.4325 -0.9016
vn -0.8682 0.1780 -0.4633
vn -0.8579 -0.1569 0.4892
vn -0.9999 0.0063 -0.0132
vn 0.8676 0.1763 -0.4650
vn -0.0000 -0.0000 -1.0000
vn 0.9996 -0.0133 -0.0261
vn 0.9165 -0.0051 -0.4000
vn -0.9133 -0.0433 -0.4050
vn 0.9046 0.0489 0.4235
vn 0.9997 -0.0197 -0.0116
vn -0.9102 0.0114 0.4140
vn -0.9997 -0.0212 -0.0110
vn -0.8663 -0.1673 -0.4706
vn -0.8585 0.1323 0.4954
vn -0.0000 -0.0000 1.0000
vn 0.8585 0.1323 0.4954
vn -0.0000 0.3251 0.9457
vn -0.8459 0.3024 0.4393
vn 0.8541 0.2830 0.4364
vn -0.0000 0.5900 0.8074
vn 0.8663 -0.1673 -0.4706
vn 0.9996 -0.0174 0.0244
vn -0.0000 -0.4325 -0.9016
vn 0.8483 -0.3579 -0.3902
vn -0.8363 -0.3570 -0.4162
vn -0.0000 -0.7534 -0.6575
vn -0.9996 -0.0166 0.0224
vn -0.8102 -0.5322 -0.2457
vn 0.8102 -0.5322 -0.2457
vn -0.0000 -0.9401 -0.3408
vn -0.8067 0.4582 0.3732
vn -0.9946 -0.0445 0.0941
vn -0.7659 -0.6423 -0.0295
vn -0.0000 0.7902 0.6129
vn -0.7355 0.6099 0.2950
vn 0.8067 0.4582 0.3732
vn -0.0000 0.9360 0.3519
vn 0.9937 -0.0447 0.1031
vn 0.7337 0.6192 0.2799
vn 0.7658 -0.6413 -0.0490
vn -0.0000 -0.9999 0.0131
vn 0.7332 -0.6490 0.2029
vn 0.7049 0.7035 0.0908
vn 0.9710 -0.0178 0.2384
vn -0.0000 -0.9561 0.2932
vn -0.7332 -0.6490 0.2029
vn 0.6733 -0.6387 0.3725
vn -0.6720 -0.6404 0.3718
vn -0.0010 -0.8520 0.5235
vn -0.9774 -0.0186 0.2105
vn -0.7158 0.6903 0.1057
vn -0.0016 0.9970 0.0779
vn -0.6646 0.7469 -0.0210
vn 0.6832 0.7289 -0.0443
vn 0.0364 0.9627 -0.2680
vn -0.8230 0.2171 0.5250
vn 0.8353 0.5126 0.1988
vn 0.3015 -0.6498 0.6977
vn 0.1919 -0.2646 0.9451
vn -0.1646 0.8215 0.5460
vn -0.6103 -0.5587 0.5616
vn 0.9518 0.2972 0.0759
vn 0.7704 -0.6320 0.0836
vn -0.0295 0.3428 0.9390
vn -0.0690 0.7678 0.6370
vn -0.0004 0.9995 0.0325
vn 0.2186 -0.0277 0.9754
vn -0.3161 -0.9315 0.1801
vn 0.0794 0.0131 0.9968
vn 0.0779 0.8152 0.5739
vn -0.9639 0.2316 0.1312
vn 0.2415 0.3202 0.9161
vn 0.0796 0.0707 0.9943
vn 0.5757 0.8176 0.0033
vn -0.5918 0.8034 0.0666
vn 0.0793 0.9968 -0.0000
vn 1.0000 -0.0048 -0.0053
vn 0.0804 0.0122 -0.9967
vn -1.0000 0.0048 0.0052
vn 0.2264 -0.0611 -0.9721
vn -0.3617 0.6344 0.6832
vn 0.2342 0.3432 -0.9096
vn -0.6284 0.0835 0.7734
vn 0.5386 0.5588 0.6306
vn 0.5803 0.0214 0.8141
vn -0.0416 -0.0696 0.9967
vn 0.3590 -0.6360 0.6831
vn -0.5396 -0.5571 0.6312
vn 0.0543 -0.8377 0.5434
vn 0.0942 -0.8328 0.5456
vn 0.1988 -0.2824 0.9385
vn -0.2587 -0.6194 0.7412
vn 0.0004 -0.9995 0.0325
vn 0.9639 -0.2317 0.1312
vn -0.9518 -0.2973 0.0759
vn 0.3161 0.9315 0.1801
vn -0.7704 0.6321 0.0836
vn 0.2085 0.0698 0.9755
vn 0.0486 -0.0259 0.9985
vn 0.0421 0.0837 0.9956
vn 0.5917 -0.8034 0.0666
vn -0.5846 -0.8097 0.0510
vn -0.0793 -0.9968 -0.0000
vn -0.0334 -0.0290 -0.9990
vn 0.0760 0.1493 -0.9859
vn 0.1381 0.1140 -0.9838
vn -0.2965 -0.5707 -0.7657
vn 0.3161 0.9315 -0.1802
vn -0.7704 0.6320 -0.0837
vn -0.9512 -0.2938 -0.0940
vn -0.0451 -0.8201 -0.5704
vn -0.0004 -0.9995 -0.0325
vn -0.1367 -0.8113 -0.5684
vn 0.3466 -0.6489 -0.6773
vn 0.9654 -0.2352 -0.1123
vn 0.2173 -0.5481 -0.8077
vn -0.5426 -0.5522 -0.6330
vn -0.5820 -0.0482 -0.8117
vn -0.0621 0.0619 -0.9961
vn 0.5912 -0.0311 -0.8060
vn -0.5396 0.5571 -0.6312
vn 0.3935 0.6390 -0.6609
vn -0.0757 0.8510 -0.5197
vn -0.2164 0.5368 -0.8155
vn 0.0020 0.8073 -0.5901
vn 0.0004 0.9995 -0.0325
vn 0.9512 0.2938 -0.0940
vn -0.9654 0.2352 -0.1123
vn 0.7704 -0.6321 -0.0836
vn -0.3161 -0.9314 -0.1801
vn 0.0700 0.1076 -0.9917
vn 0.0724 0.1738 0.9821
vn 0.0642 0.7819 0.6201
vn 0.1114 0.1722 0.9787
vn 0.0455 0.2549 0.9659
vn 0.0139 0.1411 0.9899
vn 0.4963 0.7102 0.4992
vn 0.6730 0.2385 0.7001
vn -0.0816 0.2414 0.9670
vn -0.8478 0.5020 -0.1708
vn -0.0280 0.4539 0.8906
vn 0.1664 0.9860 -0.0077
vn 0.7546 -0.1473 0.6394
vn 0.1152 0.3941 0.9118
vn 0.5432 0.8123 0.2126
vn -0.3630 -0.1840 0.9134
vn 0.5020 -0.1277 0.8554
vn 0.8924 -0.1323 -0.4314
vn 0.0407 0.3078 0.9506
vn -0.8369 -0.0712 0.5427
vn -0.7571 0.3560 0.5477
vn -0.4482 0.7244 0.5238
vn 0.4112 0.6951 -0.5897
vn -0.6593 0.3473 -0.6668
vn -0.4164 0.6750 -0.6091
vn -0.1786 0.7896 -0.5871
vn -0.7253 -0.1629 -0.6688
vn -0.0494 0.2013 -0.9783
vn 0.0638 0.2431 -0.9679
vn -0.0036 0.4378 -0.8990
vn 0.7774 0.6057 0.1696
vn -0.1726 0.9796 -0.1033
vn -0.0000 0.2777 -0.9607
vn 0.1155 0.2342 -0.9653
vn 0.0741 0.1717 -0.9824
vn -0.1000 0.3115 -0.9450
vn 0.6644 0.3634 -0.6531
vn -0.0991 0.3072 -0.9465
vn -0.8961 -0.0129 0.4437
vn -0.4426 0.8739 -0.2008
vn 0.8311 0.0130 -0.5559
vn 0.3267 -0.1717 -0.9294
vn -0.7320 -0.1425 -0.6662
vn 0.8828 -0.4687 -0.0333
vn -0.2841 -0.4397 -0.8520
vn 0.9469 -0.1581 0.2799
vn 0.8941 -0.3414 -0.2898
vn -0.2807 -0.7691 -0.5743
vn 0.3258 -0.6859 0.6507
vn 0.6332 -0.7724 0.0487
vn 0.9035 -0.4277 0.0279
vn 0.2199 -0.8342 -0.5056
vn -0.3485 -0.4572 0.8182
vn -0.8871 -0.4610 0.0217
vn 0.9165 -0.2887 0.2769
vn -0.5454 -0.8375 -0.0350
vn -0.4179 -0.7001 -0.5791
vn -0.9299 -0.2622 -0.2578
vn -0.3379 -0.7564 0.5601
vn -0.9907 -0.0252 -0.1341
vn 0.7488 -0.6467 0.1450
vn -0.4073 -0.9130 0.0244
vn -0.4077 0.3656 -0.8367
vn -0.9705 0.2220 0.0944
vn 0.3616 0.7654 -0.5324
vn 0.1184 0.9830 -0.1400
vn -0.9828 -0.1150 -0.1446
vn -0.2424 0.5134 0.8232
vn 0.5739 0.6037 0.5533
vn 0.9585 -0.2431 -0.1491
vn 0.2446 0.0214 -0.9694
vn 0.0686 -0.8450 0.5303
vn -0.3368 -0.3492 0.8744
vn 0.9654 0.2353 0.1123
vn 0.3161 -0.9315 0.1802
vn -0.0043 0.2685 0.9633
vn -0.0471 0.7675 0.6393
vn 0.2020 0.1680 0.9649
vn 0.0166 0.0130 0.9998
vn 0.0492 0.8121 0.5815
vn -0.9512 0.2938 0.0940
vn 0.1699 0.3667 0.9147
vn -0.7704 -0.6321 0.0836
vn 0.0486 0.0259 0.9985
vn 0.5757 0.8177 0.0033
vn 0.0793 0.9969 -0.0000
vn 1.0000 0.0048 -0.0053
vn 0.0371 -0.0095 -0.9993
vn -1.0000 -0.0048 0.0052
vn -0.0452 -0.0574 -0.9973
vn -0.5426 0.5522 0.6330
vn 0.2555 0.3859 -0.8865
vn 0.3655 0.6305 0.6848
vn -0.6174 0.0935 0.7811
vn 0.5804 0.0044 0.8143
vn -0.0811 -0.0000 0.9967
vn -0.3739 -0.6277 0.6828
vn 0.5408 -0.5550 0.6321
vn 0.0602 -0.8449 0.5316
vn -0.0391 -0.8081 0.5877
vn 0.2593 -0.4194 0.8700
vn -0.2607 -0.6259 0.7350
vn 0.9639 -0.2316 0.1312
vn -0.9518 -0.2972 0.0759
vn -0.7704 0.6320 0.0836
vn 0.2182 -0.1502 0.9643
vn 0.0253 -0.0054 0.9997
vn 0.5757 -0.8177 -0.0000
vn -0.5757 -0.8177 0.0033
vn -0.0466 -0.9969 0.0641
vn -0.7704 0.6321 -0.0837
vn -0.9512 -0.2937 -0.0941
vn -0.0450 -0.8201 -0.5704
vn -0.1367 -0.8114 -0.5683
vn 0.3466 -0.6489 -0.6774
vn -0.2639 -0.3606 -0.8946
vn -0.5408 -0.5550 -0.6321
vn -0.5862 -0.0571 -0.8081
vn 0.5912 -0.0311 -0.8059
vn 0.3931 0.6520 -0.6483
vn 0.0543 0.8377 -0.5434
vn -0.1271 0.7512 -0.6477
vn 0.0209 0.7799 -0.6256
vn 0.9639 0.2317 -0.1312
vn -0.9518 0.2973 -0.0759
vn 0.3161 -0.9315 -0.1802
vn -0.1087 -0.2351 -0.9659
vn -0.7704 -0.6321 -0.0836
vn 0.9512 0.2938 0.0940
vn 0.7704 -0.6321 0.0836
vn -0.1092 0.3161 0.9424
vn 0.0539 0.8400 0.5399
vn 0.0004 0.9995 0.0325
vn 0.0607 -0.2403 0.9688
vn 0.0438 0.7684 0.6384
vn 0.0793 0.0130 0.9968
vn -0.9654 0.2352 0.1123
vn 0.0872 0.2671 0.9597
vn -0.1990 -0.0790 0.9768
vn 0.5903 0.8047 0.0637
vn -0.5917 0.8034 0.0666
vn 0.0466 0.9968 -0.0642
vn 0.9999 -0.0000 -0.0105
vn 0.0884 0.0052 -0.9961
vn -0.9999 -0.0000 0.0105
vn 0.2263 -0.0611 -0.9721
vn -0.3618 0.6324 0.6850
vn 0.3076 0.4565 -0.8349
vn -0.5997 0.0538 0.7984
vn 0.5408 0.5550 0.6321
vn 0.5725 -0.0000 0.8199
vn -0.0379 0.0656 0.9971
vn -0.3929 -0.6521 0.6484
vn 0.5386 -0.5587 0.6307
vn -0.0245 -0.8649 0.5013
vn -0.1064 -0.7768 0.6207
vn 0.2213 -0.4843 0.8465
vn -0.2900 -0.5966 0.7483
vn -0.0004 -0.9995 0.0325
vn 0.9654 -0.2352 0.1123
vn -0.9512 -0.2938 0.0940
vn 0.3162 0.9314 0.1802
vn -0.0812 -0.0513 0.9954
vn -0.1229 0.2305 0.9653
vn 0.0253 -0.0055 0.9997
vn 0.5756 -0.8177 -0.0000
vn -0.0792 -0.9969 -0.0000
vn -0.0110 -0.0263 -0.9996
vn -0.0595 0.2403 -0.9689
vn 0.1381 0.1141 -0.9838
vn 0.3162 0.9314 -0.1801
vn -0.7704 0.6321 -0.0836
vn -0.1377 -0.8089 -0.5716
vn 0.3465 -0.6490 -0.6773
vn -0.5820 -0.0483 -0.8118
vn -0.0906 -0.0060 -0.9959
vn -0.5386 0.5587 -0.6307
vn 0.3934 0.6391 -0.6609
vn -0.0758 0.8510 -0.5196
vn -0.2164 0.5369 -0.8155
vn 0.7704 -0.6320 -0.0836
vn -0.3161 -0.9314 -0.1802
vn 0.0699 0.1076 -0.9917
vn -0.0000 -0.1398 0.9902
vn -0.8394 0.1495 0.5225
vn -0.0000 0.5471 0.8371
vn 0.8428 0.1901 0.5035
vn -0.0000 -0.3078 0.9514
vn 0.9031 -0.3651 0.2263
vn -0.8772 -0.3627 0.3147
vn -0.9394 0.0186 -0.3423
vn 0.0306 -0.8849 0.4648
vn -0.8522 0.2216 -0.4740
vn 0.8616 0.2336 -0.4506
vn 0.8546 0.2919 -0.4295
vn -0.0000 -0.9935 0.1141
vn -0.8526 0.4276 -0.3004
vn 0.8174 0.4487 -0.3613
vn -0.9226 -0.3856 -0.0112
vn 0.9145 -0.4044 -0.0078
vn -0.0000 0.5751 -0.8181
vn 0.7580 0.6449 -0.0978
vn -0.7304 0.6831 0.0002
vn -0.0000 1.0000 -0.0000
vn -0.0000 0.9071 0.4210
vn -0.8520 0.4290 0.3001
vn 0.8520 0.4290 0.3001
vn -0.0000 0.5751 0.8181
vn -0.8529 0.2196 0.4737
vn -0.0000 -0.7444 -0.6677
vn 0.8532 0.2202 0.4728
vn -0.8429 -0.1909 -0.5031
vn 0.8498 -0.2219 -0.4782
vn -0.0644 -0.5703 -0.8189
vn -0.9398 0.0007 0.3417
vn 0.9398 0.0007 0.3417
vn 0.8522 -0.2217 0.4740
vn -0.0000 0.1398 -0.9902
vn 0.8802 0.3737 -0.2926
vn 0.0117 0.3086 -0.9511
vn -0.8802 0.3737 -0.2925
vn 0.0305 0.8849 -0.4648
vn -0.8522 -0.2217 0.4739
vn -0.0000 -0.5751 0.8181
vn -0.8526 -0.4276 0.3003
vn 0.8174 -0.4487 0.3612
vn -0.0000 -0.9071 0.4210
vn -0.9431 0.3275 0.0576
vn -0.7303 -0.6831 -0.0002
vn -0.0000 0.9935 -0.1141
vn 0.9145 0.4044 0.0078
vn 0.7580 -0.6449 0.0978
vn -0.0000 -1.0000 -0.0000
vn -0.0000 -0.9071 -0.4210
vn 0.8482 -0.4289 -0.3109
vn -0.8520 -0.4290 -0.3001
vn -0.0000 -0.5751 -0.8181
vn 0.8529 -0.2196 -0.4737
vn 0.0118 0.7449 0.6670
vn -0.8529 -0.2197 -0.4736
vn -0.7629 -0.0000 0.6465
vn -0.0000 0.4210 0.9071
vn 0.7629 -0.0000 0.6465
vn -0.0000 -0.4210 0.9071
vn -0.8704 0.2832 0.4028
vn 0.8704 -0.2831 0.4028
vn -0.8704 -0.2831 0.4028
vn 0.8704 0.2831 0.4028
vn -0.9475 -0.0000 -0.3197
vn -0.0001 -0.8181 0.5751
vn -0.8704 0.2073 -0.4466
vn 0.9475 -0.0000 -0.3197
vn -0.8704 -0.4466 0.2073
vn 0.8704 -0.4466 0.2073
vn 0.8704 0.2073 -0.4466
vn -0.8704 0.4028 -0.2831
vn 0.8704 0.4028 -0.2831
vn -0.9475 -0.3197 -0.0000
vn 0.9475 -0.3197 -0.0000
vn 0.7629 0.6465 -0.0000
vn -0.7629 0.6465 -0.0000
vn -0.8704 0.4028 0.2832
vn 0.8704 0.4028 0.2831
vn -0.8704 -0.4466 -0.2073
vn -0.8704 0.2073 0.4466
vn 0.8704 -0.4466 -0.2073
vn -0.0000 -0.8181 -0.5751
vn 0.8704 0.2073 0.4466
vn -0.8704 -0.2831 -0.4028
vn 0.8704 -0.2831 -0.4028
vn -0.0000 -0.4210 -0.9071
vn -0.9475 -0.0000 0.3197
vn 0.9475 -0.0000 0.3197
vn 0.7629 -0.0000 -0.6465
vn 0.8704 -0.2073 0.4466
vn 0.8704 0.2831 -0.4028
vn -0.0000 0.4210 -0.9071
vn -0.7629 -0.0000 -0.6465
vn -0.8704 0.2831 -0.4028
vn -0.0000 0.8181 -0.5751
vn -0.8704 -0.2073 0.4466
vn -0.8704 0.4466 -0.2073
vn 0.8704 0.4466 -0.2073
vn -0.8704 -0.4028 0.2831
vn 0.8704 -0.4028 0.2831
vn -0.9475 0.3197 -0.0000
vn -0.7629 -0.6465 -0.0000
vn 0.9475 0.3197 -0.0000
vn 0.7629 -0.6465 -0.0001
vn 0.8704 -0.4028 -0.2832
vn -0.8704 -0.4028 -0.2832
vn 0.8704 0.4466 0.2073
vn 0.8704 -0.2073 -0.4466
vn -0.8704 0.4466 0.2073
vn -0.0000 0.8181 0.5751
vn -0.8704 -0.2073 -0.4466
vn -0.8395 -0.1514 0.5219
vn 0.0522 0.4289 0.9018
vn 0.8414 0.1881 0.5067
vn -0.0270 -0.4326 0.9012
vn -0.9420 0.2586 0.2139
vn 0.9020 -0.3661 0.2290
vn -0.9398 -0.0029 -0.3417
vn 0.0535 -0.8174 0.5736
vn -0.8529 0.2197 -0.4736
vn 0.8766 0.1732 -0.4489
vn -0.8918 -0.3990 0.2133
vn -0.8520 0.4290 -0.3000
vn 0.8173 0.4439 -0.3674
vn 0.9113 -0.4117 -0.0076
vn 0.0443 0.5992 -0.7994
vn 0.7580 0.6448 -0.0979
vn 0.0431 -0.0315 -0.9986
vn -0.7304 0.6831 -0.0003
vn -0.8526 0.4276 0.3004
vn 0.8482 0.4289 0.3109
vn -0.9149 -0.3457 -0.2086
vn -0.8521 0.2150 0.4772
vn -0.0511 -0.8175 -0.5737
vn 0.8529 0.2196 0.4737
vn 0.8437 -0.1959 -0.4997
vn 0.0500 -0.4290 -0.9019
vn -0.8782 -0.1249 0.4616
vn -0.0431 0.0315 0.9986
vn -0.0402 0.4298 -0.9020
vn -0.8333 0.2070 -0.5127
vn 0.0413 0.8183 -0.5733
vn -0.9065 0.3683 -0.2063
vn -0.0418 -0.5993 0.7994
vn -0.8521 -0.4247 0.3060
vn 0.8174 -0.4487 0.3613
vn -0.7304 -0.6831 0.0003
vn 0.9026 0.4305 0.0099
vn 0.7304 -0.6831 -0.0002
vn 0.8520 -0.4290 -0.3001
vn -0.8526 -0.4276 -0.3005
vn 0.8532 -0.2125 -0.4764
vn -0.0414 0.8183 0.5733
vn -0.8522 -0.2217 -0.4739
vn -0.8262 0.1662 0.5383
vn 0.0494 0.4711 0.8807
vn 0.8673 -0.2657 0.4210
vn -0.0495 -0.4711 0.8807
vn -0.8601 -0.2809 0.4257
vn 0.8598 0.2822 0.4255
vn -0.6610 -0.1568 -0.7338
vn -0.0523 -0.7614 0.6462
vn -0.8547 0.2186 -0.4709
vn 0.8722 0.2233 -0.4352
vn -0.8898 -0.4075 0.2052
vn 0.9165 -0.3999 0.0082
vn 0.8532 0.2202 -0.4728
vn -0.0000 -0.9935 -0.1141
vn 0.8560 0.4626 -0.2307
vn 0.7580 0.6449 0.0978
vn -0.0431 0.0315 -0.9986
vn 0.8526 0.4276 0.3005
vn -0.9119 -0.3554 -0.2053
vn -0.8521 0.2149 0.4771
vn 0.8835 -0.3872 -0.2635
vn -0.0000 -0.8827 -0.4699
vn 0.8508 0.2194 0.4775
vn 0.0678 -0.3907 -0.9180
vn -0.8881 -0.1256 0.4421
vn 0.9410 -0.0000 0.3385
vn 0.7362 -0.0319 -0.6760
vn 0.8772 0.3832 -0.2893
vn -0.0000 0.3606 -0.9327
vn -0.7356 -0.0007 -0.6774
vn -0.8806 0.3880 -0.2722
vn 0.0306 0.8849 -0.4648
vn -0.0443 -0.5992 0.7994
vn -0.8530 -0.4227 0.3062
vn -0.9430 0.3278 0.0583
vn -0.7304 -0.6831 -0.0002
vn 0.9110 0.4124 -0.0008
vn -0.8520 -0.4247 -0.3061
vn -0.0448 -0.5992 -0.7993
vn 0.8520 -0.2207 -0.4748
vn 0.0513 0.7614 0.6463
o keychain
usemtl material_0
f 1/1/1 2/2/2 3/3/3
f 4/4/4 5/5/5 1/1/1
f 5/5/5 4/4/4 6/6/6
f 7/7/7 8/8/8 6/6/6
f 6/6/6 9/9/9 7/7/7
f 10/10/10 7/7/7 9/9/9
f 11/11/11 10/10/10 9/9/9
f 12/12/12 10/10/10 11/11/11
f 11/11/11 13/13/13 12/12/12
f 14/14/14 13/13/13 11/11/11
f 15/15/15 13/13/13 14/14/14
f 15/15/15 14/14/14 16/16/16
f 17/17/17 18/18/18 19/19/19
f 17/17/17 20/20/20 18/18/18
f 20/20/20 21/21/21 18/18/18
f 18/18/18 21/21/21 22/22/22
f 23/23/23 24/24/24 25/25/25
f 26/26/26 23/23/23 25/25/25
f 27/27/27 23/23/23 26/26/26
f 28/28/28 27/27/27 26/26/26
f 28/28/28 29/29/29 27/27/27
f 30/30/30 31/31/31 29/29/29
f 32/32/32 31/31/31 30/30/30
f 33/33/33 34/34/34 35/35/35
f 36/36/36 37/37/37 38/38/38
f 39/39/39 38/38/38 37/37/37
f 40/40/40 38/38/38 39/39/39
f 39/39/39 41/41/41 40/40/40
f 40/40/40 41/41/41 42/42/42
f 41/41/41 43/43/43 42/42/42
f 44/44/44 45/45/45 46/46/46
f 44/44/44 47/47/47 45/45/45
f 48/48/48 47/47/47 44/44/44
f 49/49/49 47/47/47 48/48/48
f 50/50/50 49/49/49 48/48/48
f 51/51/51 49/49/49 50/50/50
f 52/52/52 51/51/51 50/50/50
f 53/53/53 54/54/54 55/55/55
f 55/55/55 56/56/56 53/53/53
f 57/57/57 56/56/56 58/58/58
f 56/56/56 59/59/59 58/58/58
f 56/56/56 60/60/60 59/59/59
f 59/59/59 60/60/60 61/61/61
f 61/61/61 60/60/60 62/62/62
f 62/62/62 60/60/60 63/63/63
f 64/64/64 65/65/65 66/66/66
f 64/64/64 67/67/67 65/65/65
f 68/68/68 67/67/67 64/64/64
f 68/68/68 69/69/69 67/67/67
f 70/70/70 69/69/69 68/68/68
f 70/70/70 71/71/71 69/69/69
f 72/72/72 71/71/71 70/70/70
f 72/72/72 73/73/73 71/71/71
f 74/74/74 75/75/75 73/73/73
f 73/73/73 75/75/75 76/76/76
f 71/71/71 73/73/73 76/76/76
f 66/66/66 77/77/77 60/60/60
f 66/66/66 65/65/65 77/77/77
f 63/63/63 60/60/60 77/77/77
f 63/63/63 77/77/77 78/78/78
f 78/78/78 77/77/77 79/79/79
f 79/79/79 77/77/77 80/80/80
f 80/80/80 77/77/77 81/81/81
f 56/56/56 57/57/57 81/81/81
f 82/82/82 80/80/80 81/81/81
f 82/82/82 81/81/81 57/57/57
f 53/53/53 56/56/56 81/81/81
f 83/83/83 84/84/84 85/85/85
f 86/86/86 84/84/84 83/83/83
f 87/87/87 86/86/86 83/83/83
f 88/88/88 86/86/86 87/87/87
f 89/89/89 88/88/88 87/87/87
f 87/87/87 90/90/90 89/89/89
f 90/90/90 91/91/91 89/89/89
f 91/91/91 92/92/92 89/89/89
f 93/93/93 92/92/92 91/91/91
f 93/93/93 91/91/91 94/94/94
f 93/93/93 94/94/94 95/95/95
f 95/95/95 96/96/96 93/93/93
f 95/95/95 97/97/97 96/96/96
f 98/98/98 97/97/97 95/95/95
f 98/98/98 84/84/84 97/97/97
f 85/85/85 84/84/84 98/98/98
f 42/42/42 43/43/43 99/99/99
f 99/99/99 100/100/100 42/42/42
f 101/101/101 100/100/100 99/99/99
f 102/102/102 100/100/100 38/38/38
f 100/100/100 103/103/103 38/38/38
f 38/38/38 103/103/103 36/36/36
f 100/100/100 101/101/101 103/103/103
f 33/33/33 104/104/104 102/102/102
f 102/102/102 104/104/104 100/100/100
f 35/35/35 105/105/105 33/33/33
f 33/33/33 105/105/105 104/104/104
f 32/32/32 35/35/35 34/34/34
f 32/32/32 106/106/106 35/35/35
f 30/30/30 106/106/106 32/32/32
f 107/107/107 30/30/30 29/29/29
f 28/28/28 107/107/107 29/29/29
f 16/16/16 108/108/108 15/15/15
f 16/16/16 109/109/109 108/108/108
f 110/110/110 109/109/109 16/16/16
f 111/111/111 109/109/109 110/110/110
f 110/110/110 112/112/112 111/111/111
f 113/113/113 112/112/112 110/110/110
f 113/113/113 8/8/8 112/112/112
f 114/114/114 6/6/6 8/8/8
f 8/8/8 113/113/113 114/114/114
f 6/6/6 114/114/114 5/5/5
f 115/115/115 1/1/1 5/5/5
f 2/2/2 1/1/1 115/115/115
f 21/21/21 116/116/116 22/22/22
f 22/22/22 116/116/116 117/117/117
f 117/117/117 116/116/116 118/118/118
f 118/118/118 116/116/116 119/119/119
f 118/118/118 119/119/119 120/120/120
f 121/121/121 118/118/118 120/120/120
f 120/120/120 17/17/17 121/121/121
f 17/17/17 19/19/19 121/121/121
f 52/52/52 122/122/122 123/123/123
f 52/52/52 50/50/50 122/122/122
f 123/123/123 122/122/122 124/124/124
f 123/123/123 124/124/124 125/125/125
f 125/125/125 124/124/124 126/126/126
f 126/126/126 124/124/124 127/127/127
f 128/128/128 126/126/126 129/129/3
f 129/129/3 126/126/126 127/127/127
f 130/130/74 131/131/129 132/132/130
f 133/133/131 131/131/129 130/130/74
f 133/133/131 134/134/132 131/131/129
f 135/135/133 134/134/132 133/133/131
f 135/135/133 136/136/134 134/134/132
f 137/137/135 138/138/136 139/139/137
f 137/137/135 140/140/138 138/138/136
f 141/141/139 142/142/140 143/143/141
f 141/141/139 144/144/142 142/142/140
f 145/145/143 146/146/144 144/144/142
f 147/147/145 145/145/143 144/144/142
f 144/144/142 148/148/146 147/147/145
f 148/148/146 149/149/147 147/147/145
f 148/148/146 150/150/148 149/149/147
f 150/150/148 151/151/149 149/149/147
f 151/151/149 150/150/148 152/152/150
f 150/150/148 153/153/151 152/152/150
f 153/153/151 154/154/152 152/152/150
f 155/155/153 156/156/154 153/153/151
f 153/153/151 157/157/155 155/155/153
f 153/153/151 158/158/156 157/157/155
f 159/159/157 158/158/156 153/153/151
f 158/158/156 159/159/157 160/160/158
f 160/160/158 159/159/157 161/161/84
f 159/159/157 162/162/159 161/161/84
f 134/134/132 136/136/134 163/163/160
f 136/136/134 164/164/161 165/165/162
f 136/136/134 165/165/162 163/163/160
f 164/164/161 139/139/137 166/166/163
f 164/164/161 166/166/163 165/165/162
f 139/139/137 138/138/136 166/166/163
f 138/138/136 140/140/138 167/167/164
f 140/140/138 168/168/165 167/167/164
f 140/140/138 143/143/141 168/168/165
f 143/143/141 142/142/140 168/168/165
f 142/142/140 144/144/142 169/169/166
f 144/144/142 146/146/144 169/169/166
f 169/169/166 146/146/144 170/170/167
f 170/170/167 171/171/168 169/169/166
f 170/170/167 172/172/169 171/171/168
f 172/172/169 173/173/170 171/171/168
f 172/172/169 174/174/171 173/173/170
f 175/175/172 173/173/170 174/174/171
f 175/175/172 176/176/173 173/173/170
f 176/176/173 177/177/174 153/153/151
f 153/153/151 177/177/174 154/154/152
f 175/175/172 177/177/174 176/176/173
f 156/156/154 176/176/173 153/153/151
f 176/176/173 156/156/154 178/178/175
f 178/178/175 179/179/176 176/176/173
f 179/179/176 180/180/177 176/176/173
f 176/176/173 180/180/177 162/162/159
f 161/161/84 162/162/159 181/181/178
f 181/181/178 162/162/159 180/180/177
f 182/182/179 183/183/180 184/184/181
f 182/182/179 185/185/182 183/183/180
f 184/184/181 183/183/180 186/186/183
f 186/186/183 183/183/180 187/187/184
f 188/188/185 187/187/184 183/183/180
f 189/189/186 188/188/185 183/183/180
f 189/189/186 183/183/180 185/185/182
f 188/188/185 189/189/186 190/190/187
f 189/189/186 191/191/188 190/190/187
f 190/190/187 191/191/188 192/192/189
f 192/192/189 191/191/188 193/193/190
f 194/194/191 192/192/189 193/193/190
f 195/195/192 192/192/189 194/194/191
f 196/196/193 194/194/191 193/193/190
f 194/194/191 196/196/193 197/197/194
f 198/198/195 199/199/196 200/200/197
f 199/199/196 201/201/198 200/200/197
f 202/202/199 199/199/196 198/198/195
f 203/203/200 199/199/196 202/202/199
f 199/199/196 203/203/200 204/204/201
f 199/199/196 204/204/201 205/205/202
f 201/201/198 199/199/196 205/205/202
f 206/206/203 205/205/202 204/204/201
f 206/206/203 207/207/204 205/205/202
f 208/208/205 207/207/204 206/206/203
f 209/209/206 207/207/204 208/208/205
f 209/209/206 208/208/205 210/210/207
f 210/210/207 208/208/205 211/211/208
f 209/209/206 210/210/207 212/212/209
f 213/213/210 212/212/209 210/210/207
f 214/214/211 215/215/212 216/216/213
f 214/214/211 216/216/213 217/217/214
f 217/217/214 216/216/213 218/218/215
f 217/217/214 219/219/216 214/214/211
f 219/219/216 220/220/217 214/214/211
f 221/221/218 220/220/217 219/219/216
f 221/221/218 222/222/219 220/220/217
f 223/223/220 222/222/219 221/221/218
f 222/222/219 223/223/220 224/224/221
f 223/223/220 225/225/222 224/224/221
f 225/225/222 226/226/223 224/224/221
f 227/227/224 225/225/222 223/223/220
f 228/228/225 229/229/226 230/230/227
f 231/231/228 228/228/225 230/230/227
f 232/232/229 228/228/225 231/231/228
f 230/230/227 233/233/230 231/231/228
f 230/230/227 234/234/231 233/233/230
f 233/233/230 234/234/231 235/235/232
f 234/234/231 236/236/233 235/235/232
f 235/235/232 236/236/233 237/237/234
f 238/238/235 237/237/234 236/236/233
f 238/238/235 239/239/236 237/237/234
f 238/238/235 240/240/237 239/239/236
f 237/237/234 239/239/236 241/241/238
f 242/242/239 243/243/240 244/244/241
f 245/245/242 242/242/239 244/244/241
f 245/245/242 244/244/241 246/246/243
f 247/247/244 248/248/245 242/242/239
f 247/247/244 242/242/239 245/245/242
f 248/248/245 247/247/244 249/249/246
f 250/250/247 247/247/244 245/245/242
f 250/250/247 249/249/246 247/247/244
f 251/251/248 249/249/246 250/250/247
f 246/246/243 252/252/249 245/245/242
f 251/251/248 250/250/247 253/253/250
f 252/252/249 254/254/251 245/245/242
f 255/255/252 250/250/247 245/245/242
f 245/245/242 254/254/251 255/255/252
f 255/255/252 254/254/251 256/256/253
f 257/257/254 250/250/247 255/255/252
f 257/257/254 255/255/252 256/256/253
f 257/257/254 256/256/253 258/258/255
f 259/259/256 250/250/247 257/257/254
f 253/253/250 250/250/247 259/259/256
f 260/260/257 253/253/250 259/259/256
f 260/260/257 259/259/256 261/261/258
f 257/257/254 258/258/255 262/262/259
f 261/261/258 259/259/256 263/263/260
f 262/262/259 264/264/261 257/257/254
f 259/259/256 265/265/262 263/263/260
f 257/257/254 264/264/261 266/266/263
f 266/266/263 259/259/256 257/257/254
f 265/265/262 259/259/256 266/266/263
f 264/264/261 267/267/264 266/266/263
f 263/263/260 265/265/262 268/268/265
f 267/267/264 265/265/262 266/266/263
f 268/268/265 265/265/262 267/267/264
f 269/269/266 268/268/265 267/267/264
f 270/270/267 268/268/265 269/269/266
f 271/271/268 269/269/266 272/272/269
f 271/271/268 270/270/267 269/269/266
f 272/272/269 273/273/270 271/271/268
f 274/274/271 270/270/267 271/271/268
f 275/275/272 271/271/268 273/273/270
f 275/275/272 276/276/273 271/271/268
f 274/274/271 271/271/268 277/277/274
f 276/276/273 277/277/274 271/271/268
f 278/278/275 279/279/276 280/280/277
f 278/278/275 280/280/277 281/281/278
f 282/282/279 278/278/275 281/281/278
f 281/281/278 280/280/277 283/283/280
f 280/280/277 284/284/281 283/283/280
f 285/285/282 283/283/280 284/284/281
f 281/281/278 286/286/283 282/282/279
f 283/283/280 285/285/282 287/287/284
f 281/281/278 283/283/280 287/287/284
f 287/287/284 285/285/282 288/288/285
f 281/281/278 289/289/286 286/286/283
f 290/290/287 287/287/284 288/288/285
f 281/281/278 287/287/284 291/291/288
f 291/291/288 289/289/286 281/281/278
f 292/292/289 289/289/286 291/291/288
f 291/291/288 287/287/284 293/293/290
f 292/292/289 291/291/288 293/293/290
f 294/294/291 292/292/289 293/293/290
f 295/295/292 287/287/284 290/290/287
f 293/293/290 287/287/284 295/295/292
f 295/295/292 290/290/287 296/296/293
f 297/297/294 295/295/292 296/296/293
f 298/298/295 294/294/291 293/293/290
f 299/299/296 295/295/292 297/297/294
f 293/293/290 300/300/297 298/298/295
f 293/293/290 295/295/292 301/301/298
f 301/301/298 300/300/297 293/293/290
f 301/301/298 302/302/299 300/300/297
f 299/299/296 303/303/300 295/295/292
f 301/301/298 295/295/292 303/303/300
f 304/304/301 303/303/300 299/299/296
f 301/301/298 303/303/300 302/302/299
f 302/302/299 303/303/300 304/304/301
f 302/302/299 304/304/301 305/305/302
f 305/305/302 304/304/301 306/306/303
f 305/305/302 306/306/303 307/307/304
f 308/308/305 305/305/302 307/307/304
f 307/307/304 309/309/306 308/308/305
f 307/307/304 306/306/303 310/310/307
f 309/309/306 307/307/304 311/311/308
f 307/307/304 312/312/309 311/311/308
f 313/313/310 307/307/304 310/310/307
f 307/307/304 313/313/310 312/312/309
f 314/314/311 315/315/312 316/316/313
f 316/316/313 315/315/312 317/317/314
f 318/318/315 315/315/312 314/314/311
f 318/318/315 319/319/316 315/315/312
f 320/320/317 315/315/312 319/319/316
f 315/315/312 320/320/317 321/321/318
f 315/315/312 322/322/319 317/317/314
f 322/322/319 315/315/312 321/321/318
f 323/323/320 322/322/319 321/321/318
f 322/322/319 324/324/321 317/317/314
f 325/325/322 317/317/314 324/324/321
f 322/322/319 326/326/323 324/324/321
f 326/326/323 322/322/319 323/323/320
f 324/324/321 326/326/323 327/327/324
f 328/328/325 324/324/321 327/327/324
f 323/323/320 329/329/326 326/326/323
f 329/329/326 327/327/324 326/326/323
f 330/330/327 329/329/326 323/323/320
f 330/330/327 331/331/328 329/329/326
f 327/327/324 332/332/329 328/328/325
f 332/332/329 327/327/324 329/329/326
f 333/333/330 332/332/329 329/329/326
f 333/333/330 329/329/326 334/334/331
f 329/329/326 331/331/328 334/334/331
f 316/316/313 335/335/332 314/314/311
f 335/335/332 316/316/313 336/336/333
f 325/325/322 316/316/313 317/317/314
f 337/337/334 336/336/333 316/316/313
f 325/325/322 338/338/335 316/316/313
f 337/337/334 316/316/313 338/338/335
f 337/337/334 338/338/335 339/339/336
f 325/325/322 340/340/337 338/338/335
f 340/340/337 325/325/322 324/324/321
f 339/339/336 338/338/335 341/341/338
f 340/340/337 341/341/338 338/338/335
f 328/328/325 341/341/338 340/340/337
f 328/328/325 340/340/337 324/324/321
f 339/339/336 341/341/338 342/342/339
f 341/341/338 334/334/331 342/342/339
f 328/328/325 332/332/329 343/343/340
f 333/333/330 343/343/340 332/332/329
f 341/341/338 328/328/325 343/343/340
f 343/343/340 333/333/330 341/341/338
f 341/341/338 333/333/330 334/334/331
f 344/344/341 345/345/342 346/346/343
f 346/346/343 345/345/342 347/347/344
f 348/348/345 345/345/342 344/344/341
f 347/347/344 345/345/342 349/349/346
f 350/350/347 348/348/345 344/344/341
f 347/347/344 349/349/346 351/351/348
f 352/352/349 348/348/345 350/350/347
f 351/351/348 349/349/346 353/353/350
f 351/351/348 353/353/350 354/354/351
f 354/354/351 352/352/349 350/350/347
f 355/355/352 352/352/349 354/354/351
f 354/354/351 353/353/350 355/355/352
f 356/356/353 357/357/354 358/358/355
f 359/359/356 356/356/353 358/358/355
f 356/356/353 360/360/357 357/357/354
f 361/361/358 360/360/357 356/356/353
f 361/361/358 356/356/353 362/362/359
f 363/363/360 362/362/359 356/356/353
f 364/364/361 356/356/353 359/359/356
f 363/363/360 356/356/353 364/364/361
f 359/359/356 365/365/362 364/364/361
f 364/364/361 366/366/363 363/363/360
f 364/364/361 367/367/364 366/366/363
f 364/364/361 365/365/362 367/367/364
f 365/365/362 368/368/365 367/367/364
f 367/367/364 369/369/366 366/366/363
f 369/369/366 367/367/364 370/370/367
f 367/367/364 368/368/365 370/370/367
f 370/370/367 368/368/365 371/371/368
f 372/372/369 369/369/366 370/370/367
f 370/370/367 371/371/368 373/373/370
f 374/374/371 372/372/369 370/370/367
f 374/374/371 370/370/367 375/375/372
f 370/370/367 373/373/370 375/375/372
f 376/376/373 375/375/372 373/373/370
f 375/375/372 377/377/374 374/374/371
f 378/378/375 360/360/376 375/375/372
f 376/376/373 378/378/375 375/375/372
f 375/375/372 360/360/376 379/379/377
f 377/377/374 375/375/372 379/379/377
f 380/380/378 381/381/379 382/382/380
f 383/383/381 381/381/379 380/380/378
f 382/382/380 381/381/379 384/384/382
f 384/384/382 381/381/379 385/385/383
f 385/385/383 386/386/384 384/384/382
f 383/383/381 387/387/385 381/381/379
f 381/381/379 387/387/385 385/385/383
f 385/385/383 387/387/385 388/388/386
f 389/389/387 386/386/384 385/385/383
f 390/390/388 386/386/384 389/389/387
f 388/388/386 389/389/387 385/385/383
f 388/388/386 387/387/385 391/391/389
f 392/392/390 389/389/387 388/388/386
f 393/393/391 394/394/392 391/391/389
f 395/395/393 393/393/391 391/391/389
f 391/391/389 396/396/394 388/388/386
f 396/396/394 392/392/390 388/388/386
f 394/394/392 396/396/394 391/391/389
f 391/391/389 397/397/395 395/395/393
f 387/387/385 397/397/395 391/391/389
f 397/397/395 398/398/396 395/395/393
f 397/397/395 399/399/397 398/398/396
f 400/400/398 399/399/397 397/397/395
f 400/400/398 397/397/395 387/387/385
f 400/400/398 387/387/385 401/401/399
f 401/401/399 387/387/385 383/383/381
f 402/402/400 400/400/398 401/401/399
f 403/403/401 400/400/398 402/402/400
f 402/402/400 404/404/402 403/403/401
f 405/405/403 383/383/381 406/406/404
f 405/405/403 401/401/399 383/383/381
f 406/406/404 407/407/405 405/405/403
f 408/408/406 401/401/399 405/405/403
f 402/402/400 401/401/399 408/408/406
f 402/402/400 409/409/407 404/404/402
f 408/408/406 410/410/408 402/402/400
f 402/402/400 410/410/408 409/409/407
f 405/405/403 411/411/409 408/408/406
f 405/405/403 407/407/405 411/411/409
f 411/411/409 407/407/405 412/412/410
f 408/408/406 411/411/409 413/413/411
f 408/408/406 413/413/411 410/410/408
f 410/410/408 414/414/412 409/409/407
f 394/394/392 415/415/413 414/414/412
f 414/414/412 415/415/413 409/409/407
f 410/410/408 413/413/411 416/416/414
f 410/410/408 416/416/414 414/414/412
f 411/411/409 417/417/415 413/413/411
f 418/418/416 417/417/415 411/411/409
f 418/418/416 411/411/409 412/412/410
f 419/419/357 390/390/388 418/418/416
f 418/418/416 412/412/410 419/419/357
f 390/390/388 389/389/387 418/418/416
f 394/394/392 414/414/412 396/396/394
f 392/392/390 420/420/417 389/389/387
f 389/389/387 420/420/417 418/418/416
f 421/421/418 392/392/390 396/396/394
f 414/414/412 421/421/418 396/396/394
f 418/418/416 422/422/419 417/417/415
f 420/420/417 422/422/419 418/418/416
f 392/392/390 423/423/420 420/420/417
f 392/392/390 421/421/418 423/423/420
f 424/424/421 422/422/419 420/420/417
f 420/420/417 423/423/420 425/425/422
f 425/425/422 424/424/421 420/420/417
f 426/426/423 423/423/420 427/427/424
f 425/425/422 423/423/420 426/426/423
f 426/426/423 428/428/425 425/425/422
f 426/426/423 427/427/424 429/429/426
f 428/428/425 426/426/423 430/430/427
f 426/426/423 429/429/426 430/430/427
f 431/431/428 425/425/422 428/428/425
f 431/431/428 428/428/425 432/432/429
f 428/428/425 430/430/427 432/432/429
f 430/430/427 429/429/426 433/433/430
f 430/430/427 433/433/430 434/434/431
f 432/432/429 430/430/427 434/434/431
f 427/427/424 435/435/432 429/429/426
f 429/429/426 436/436/433 433/433/430
f 429/429/426 435/435/432 436/436/433
f 437/437/434 427/427/424 423/423/420
f 427/427/424 437/437/434 435/435/432
f 435/435/432 438/438/435 436/436/433
f 423/423/420 421/421/418 439/439/436
f 423/423/420 439/439/436 437/437/434
f 435/435/432 440/440/437 438/438/435
f 437/437/434 440/440/437 435/435/432
f 437/437/434 439/439/436 441/441/438
f 437/437/434 441/441/438 440/440/437
f 421/421/418 414/414/412 442/442/439
f 421/421/418 442/442/439 439/439/436
f 441/441/438 443/443/440 440/440/437
f 442/442/439 414/414/412 444/444/441
f 440/440/437 445/445/442 438/438/435
f 440/440/437 443/443/440 445/445/442
f 441/441/438 446/446/443 443/443/440
f 446/446/443 441/441/438 439/439/436
f 442/442/439 444/444/441 447/447/444
f 439/439/436 442/442/439 447/447/444
f 447/447/444 446/446/443 439/439/436
f 446/446/443 448/448/445 443/443/440
f 443/443/440 449/449/446 445/445/442
f 443/443/440 448/448/445 449/449/446
f 450/450/447 448/448/445 446/446/443
f 446/446/443 451/451/448 450/450/447
f 447/447/444 444/444/441 451/451/448
f 447/447/444 451/451/448 446/446/443
f 450/450/447 449/449/446 448/448/445
f 451/451/448 449/449/446 450/450/447
f 452/452/449 449/449/446 451/451/448
f 445/445/442 449/449/446 452/452/449
f 451/451/448 453/453/450 452/452/449
f 444/444/441 414/414/412 453/453/450
f 453/453/450 414/414/412 416/416/414
f 451/451/448 444/444/441 453/453/450
f 452/452/449 453/453/450 416/416/414
f 445/445/442 452/452/449 438/438/435
f 438/438/435 452/452/449 454/454/451
f 454/454/451 416/416/414 413/413/411
f 454/454/451 436/436/433 438/438/435
f 452/452/449 416/416/414 454/454/451
f 417/417/415 454/454/451 413/413/411
f 436/436/433 454/454/451 433/433/430
f 433/433/430 454/454/451 455/455/452
f 455/455/452 454/454/451 417/417/415
f 455/455/452 434/434/431 433/433/430
f 417/417/415 422/422/419 456/456/453
f 417/417/415 456/456/453 455/455/452
f 424/424/421 457/457/454 422/422/419
f 422/422/419 457/457/454 456/456/453
f 455/455/452 456/456/453 458/458/455
f 456/456/453 457/457/454 458/458/455
f 432/432/429 434/434/431 459/459/456
f 434/434/431 455/455/452 459/459/456
f 459/459/456 455/455/452 460/460/457
f 455/455/452 458/458/455 460/460/457
f 461/461/458 424/424/421 425/425/422
f 461/461/458 457/457/454 424/424/421
f 461/461/458 462/462/459 457/457/454
f 457/457/454 462/462/459 458/458/455
f 463/463/460 461/461/458 425/425/422
f 463/463/460 425/425/422 431/431/428
f 461/461/458 463/463/460 464/464/461
f 464/464/461 462/462/459 461/461/458
f 465/465/462 460/460/457 458/458/455
f 458/458/455 462/462/459 465/465/462
f 431/431/428 466/466/463 463/463/460
f 467/467/464 463/463/460 466/466/463
f 467/467/464 464/464/461 463/463/460
f 460/460/457 468/468/465 459/459/456
f 468/468/465 460/460/457 469/469/466
f 460/460/457 465/465/462 469/469/466
f 470/470/467 465/465/462 462/462/459
f 469/469/466 465/465/462 470/470/467
f 468/468/465 469/469/466 471/471/468
f 468/468/465 471/471/468 472/472/469
f 472/472/469 432/432/429 459/459/456
f 431/431/428 432/432/429 472/472/469
f 466/466/463 431/431/428 472/472/469
f 472/472/469 459/459/456 468/468/465
f 472/472/469 473/473/470 466/466/463
f 473/473/470 467/467/464 466/466/463
f 474/474/471 473/473/470 472/472/469
f 472/472/469 471/471/468 474/474/471
f 471/471/468 475/475/472 474/474/471
f 469/469/466 475/475/472 471/471/468
f 473/473/470 476/476/473 467/467/464
f 474/474/471 476/476/473 473/473/470
f 474/474/471 475/475/472 477/477/474
f 477/477/474 476/476/473 474/474/471
f 478/478/475 464/464/461 467/467/464
f 462/462/459 464/464/461 478/478/475
f 467/467/464 476/476/473 479/479/476
f 470/470/467 462/462/459 480/480/477
f 480/480/477 462/462/459 478/478/475
f 481/481/478 478/478/475 467/467/464
f 480/480/477 478/478/475 481/481/478
f 481/481/478 467/467/464 479/479/476
f 469/469/466 470/470/467 482/482/479
f 482/482/479 470/470/467 480/480/477
f 482/482/479 480/480/477 483/483/480
f 483/483/480 480/480/477 481/481/478
f 484/484/481 475/475/472 469/469/466
f 484/484/481 469/469/466 482/482/479
f 484/484/481 482/482/479 485/485/482
f 485/485/482 482/482/479 483/483/480
f 483/483/480 481/481/478 486/486/483
f 486/486/483 481/481/478 479/479/476
f 487/487/484 483/483/480 486/486/483
f 485/485/482 483/483/480 487/487/484
f 475/475/472 488/488/485 477/477/474
f 488/488/485 475/475/472 484/484/481
f 489/489/486 488/488/485 484/484/481
f 489/489/486 484/484/481 485/485/482
f 489/489/486 485/485/482 490/490/487
f 490/490/487 485/485/482 487/487/484
f 477/477/474 488/488/485 491/491/488
f 488/488/485 492/492/489 491/491/488
f 489/489/486 492/492/489 488/488/485
f 477/477/474 493/493/490 476/476/473
f 479/479/476 476/476/473 493/493/490
f 491/491/488 493/493/490 477/477/474
f 491/491/488 492/492/489 494/494/491
f 479/479/476 493/493/490 495/495/492
f 486/486/483 479/479/476 495/495/492
f 493/493/490 496/496/493 495/495/492
f 494/494/491 496/496/493 491/491/488
f 491/491/488 496/496/493 493/493/490
f 487/487/484 486/486/483 497/497/494
f 497/497/494 486/486/483 495/495/492
f 498/498/495 487/487/484 497/497/494
f 490/490/487 487/487/484 498/498/495
f 498/498/495 497/497/494 499/499/496
f 499/499/496 497/497/494 495/495/492
f 494/494/491 500/500/497 496/496/493
f 495/495/492 496/496/493 500/500/497
f 500/500/497 501/501/498 495/495/492
f 495/495/492 501/501/498 499/499/496
f 502/502/499 498/498/495 499/499/496
f 503/503/500 490/490/487 498/498/495
f 503/503/500 498/498/495 502/502/499
f 489/489/486 490/490/487 503/503/500
f 501/501/498 504/504/501 499/499/496
f 504/504/501 502/502/499 499/499/496
f 503/503/500 502/502/499 505/505/502
f 505/505/502 502/502/499 506/506/503
f 506/506/503 502/502/499 504/504/501
f 503/503/500 505/505/502 507/507/504
f 503/503/500 507/507/504 489/489/486
f 489/489/486 507/507/504 508/508/505
f 508/508/505 492/492/489 489/489/486
f 492/492/489 508/508/505 494/494/491
f 509/509/506 500/500/497 494/494/491
f 494/494/491 508/508/505 509/509/506
f 509/509/506 508/508/505 510/510/507
f 508/508/505 507/507/504 510/510/507
f 511/511/508 500/500/497 509/509/506
f 511/511/508 501/501/498 500/500/497
f 512/512/509 511/511/508 509/509/506
f 509/509/506 510/510/507 512/512/509
f 510/510/507 513/513/510 512/512/509
f 513/513/510 510/510/507 507/507/504
f 511/511/508 514/514/511 501/501/498
f 501/501/498 514/514/511 515/515/512
f 506/506/503 504/504/501 515/515/512
f 515/515/512 504/504/501 501/501/498
f 512/512/509 514/514/511 511/511/508
f 514/514/511 516/516/513 515/515/512
f 517/517/514 514/514/511 512/512/509
f 514/514/511 517/517/514 516/516/513
f 513/513/510 517/517/514 512/512/509
f 507/507/504 505/505/502 518/518/515
f 518/518/515 505/505/502 506/506/503
f 518/518/515 513/513/510 507/507/504
f 516/516/513 517/517/514 513/513/510
f 518/518/515 506/506/503 515/515/512
f 513/513/510 518/518/515 515/515/512
f 513/513/510 515/515/512 516/516/513
f 519/519/516 520/520/517 521/521/518
f 519/519/516 521/521/518 522/522/519
f 519/519/516 522/522/519 523/523/520
f 520/520/517 524/524/521 521/521/518
f 520/520/517 525/525/522 524/524/521
f 524/524/521 525/525/522 526/526/523
f 522/522/519 527/527/524 523/523/520
f 523/523/520 527/527/524 528/528/525
f 527/527/524 529/529/526 528/528/525
f 529/529/526 525/525/522 528/528/525
f 526/526/523 525/525/522 530/530/527
f 529/529/526 530/530/527 525/525/522
f 531/531/528 526/526/523 530/530/527
f 529/529/526 531/531/528 530/530/527
f 524/524/521 532/532/529 521/521/518
f 524/524/521 526/526/523 532/532/529
f 532/532/529 526/526/523 533/533/530
f 533/533/530 526/526/523 531/531/528
f 529/529/526 534/534/531 531/531/528
f 531/531/528 535/535/532 533/533/530
f 533/533/530 535/535/532 532/532/529
f 532/532/529 536/536/533 521/521/518
f 532/532/529 535/535/532 537/537/534
f 522/522/519 521/521/518 538/538/535
f 538/538/535 521/521/518 536/536/533
f 539/539/536 536/536/533 532/532/529
f 539/539/536 532/532/529 537/537/534
f 538/538/535 527/527/524 522/522/519
f 538/538/535 536/536/533 540/540/537
f 541/541/538 529/529/526 527/527/524
f 534/534/531 529/529/526 541/541/538
f 541/541/538 527/527/524 538/538/535
f 542/542/539 534/534/531 541/541/538
f 542/542/539 541/541/538 538/538/535
f 543/543/540 538/538/535 540/540/537
f 542/542/539 538/538/535 543/543/540
f 543/543/540 544/544/541 542/542/539
f 540/540/537 544/544/541 543/543/540
f 540/540/537 536/536/533 545/545/542
f 540/540/537 545/545/542 544/544/541
f 544/544/541 534/534/531 542/542/539
f 545/545/542 546/546/543 544/544/541
f 544/544/541 546/546/543 547/547/544
f 536/536/533 548/548/545 545/545/542
f 545/545/542 548/548/545 546/546/543
f 544/544/541 549/549/546 534/534/531
f 547/547/544 549/549/546 544/544/541
f 547/547/544 546/546/543 550/550/547
f 550/550/547 546/546/543 551/551/548
f 552/552/549 547/547/544 550/550/547
f 546/546/543 548/548/545 551/551/548
f 548/548/545 553/553/550 551/551/548
f 552/552/549 549/549/546 547/547/544
f 552/552/549 554/554/551 549/549/546
f 548/548/545 555/555/552 553/553/550
f 554/554/551 553/553/550 556/556/553
f 554/554/551 556/556/553 549/549/546
f 557/557/554 553/553/550 555/555/552
f 556/556/553 553/553/550 557/557/554
f 556/556/553 558/558/555 549/549/546
f 558/558/555 534/534/531 549/549/546
f 556/556/553 557/557/554 558/558/555
f 548/548/545 559/559/556 555/555/552
f 548/548/545 536/536/533 559/559/556
f 559/559/556 557/557/554 555/555/552
f 560/560/557 557/557/554 559/559/556
f 558/558/555 557/557/554 560/560/557
f 559/559/556 561/561/558 560/560/557
f 560/560/557 561/561/558 558/558/555
f 558/558/555 561/561/558 562/562/559
f 563/563/560 561/561/558 559/559/556
f 564/564/561 534/534/531 558/558/555
f 564/564/561 558/558/555 562/562/559
f 561/561/558 565/565/562 562/562/559
f 563/563/560 565/565/562 561/561/558
f 562/562/559 565/565/562 566/566/563
f 564/564/561 562/562/559 566/566/563
f 564/564/561 566/566/563 567/567/564
f 568/568/565 564/564/561 567/567/564
f 569/569/566 568/568/565 567/567/564
f 570/570/567 568/568/565 569/569/566
f 534/534/531 564/564/561 571/571/568
f 571/571/568 564/564/561 568/568/565
f 571/571/568 568/568/565 570/570/567
f 572/572/569 570/570/567 569/569/566
f 565/565/562 563/563/560 573/573/570
f 572/572/569 573/573/570 570/570/567
f 572/572/569 565/565/562 573/573/570
f 563/563/560 559/559/556 573/573/570
f 559/559/556 536/536/533 573/573/570
f 570/570/567 573/573/570 574/574/571
f 574/574/571 573/573/570 536/536/533
f 571/571/568 570/570/567 574/574/571
f 571/571/568 574/574/571 575/575/572
f 574/574/571 536/536/533 575/575/572
f 576/576/573 571/571/568 575/575/572
f 577/577/574 534/534/531 571/571/568
f 577/577/574 571/571/568 576/576/573
f 575/575/572 536/536/533 578/578/575
f 536/536/533 539/539/536 578/578/575
f 575/575/572 578/578/575 579/579/576
f 576/576/573 579/579/576 577/577/574
f 575/575/572 579/579/576 576/576/573
f 578/578/575 580/580/577 579/579/576
f 578/578/575 539/539/536 580/580/577
f 579/579/576 534/534/531 577/577/574
f 531/531/528 534/534/531 581/581/578
f 579/579/576 581/581/578 534/534/531
f 582/582/579 581/581/578 579/579/576
f 579/579/576 580/580/577 582/582/579
f 582/582/579 580/580/577 583/583/580
f 583/583/580 580/580/577 584/584/581
f 585/585/582 582/582/579 583/583/580
f 580/580/577 539/539/536 584/584/581
f 539/539/536 586/586/583 584/584/581
f 539/539/536 537/537/534 586/586/583
f 537/537/534 587/587/584 586/586/583
f 535/535/532 587/587/584 537/537/534
f 588/588/585 587/587/584 535/535/532
f 588/588/585 535/535/532 531/531/528
f 588/588/585 531/531/528 581/581/578
f 587/587/584 588/588/585 581/581/578
f 585/585/582 581/581/578 582/582/579
f 585/585/582 587/587/584 581/581/578
f 589/589/586 590/590/587 591/591/588
f 591/591/588 590/590/587 592/592/589
f 593/593/590 594/594/591 589/589/586
f 594/594/591 590/590/587 589/589/586
f 595/595/592 594/594/591 593/593/590
f 593/593/590 596/596/593 595/595/592
f 596/596/593 597/597/594 598/598/595
f 597/597/594 599/599/596 598/598/595
f 596/596/593 598/598/595 600/600/597
f 596/596/593 600/600/597 595/595/592
f 598/598/595 599/599/596 601/601/598
f 601/601/598 599/599/596 602/602/599
f 603/603/600 598/598/595 601/601/598
f 603/603/600 604/604/601 598/598/595
f 598/598/595 604/604/601 600/600/597
f 601/601/598 602/602/599 605/605/602
f 601/601/598 605/605/602 606/606/603
f 607/607/604 603/603/600 601/601/598
f 608/608/605 607/607/604 601/601/598
f 608/608/605 601/601/598 606/606/603
f 606/606/603 609/609/606 608/608/605
f 592/592/589 590/590/587 609/609/606
f 592/592/589 609/609/606 606/606/603
f 610/610/607 590/590/587 594/594/591
f 608/608/605 609/609/606 611/611/608
f 609/609/606 612/612/609 611/611/608
f 609/609/606 590/590/587 612/612/609
f 610/610/607 613/613/610 590/590/587
f 590/590/587 613/613/610 612/612/609
f 608/608/605 611/611/608 614/614/611
f 607/607/604 608/608/605 614/614/611
f 611/611/608 612/612/609 615/615/612
f 615/615/612 616/616/613 611/611/608
f 616/616/613 614/614/611 611/611/608
f 616/616/613 617/617/614 614/614/611
f 616/616/613 618/618/615 617/617/614
f 618/618/615 619/619/616 617/617/614
f 615/615/612 612/612/609 620/620/617
f 612/612/609 613/613/610 620/620/617
f 620/620/617 613/613/610 621/621/618
f 621/621/618 613/613/610 622/622/619
f 622/622/619 613/613/610 610/610/607
f 622/622/619 610/610/607 623/623/620
f 623/623/620 610/610/607 624/624/621
f 624/624/621 625/625/622 623/623/620
f 625/625/622 626/626/623 623/623/620
f 625/625/622 627/627/624 626/626/623
f 624/624/621 610/610/607 594/594/591
f 624/624/621 594/594/591 595/595/592
f 624/624/621 628/628/625 625/625/622
f 625/625/622 619/619/616 627/627/624
f 628/628/625 624/624/621 595/595/592
f 617/617/614 619/619/616 625/625/622
f 629/629/626 617/617/614 625/625/622
f 628/628/625 629/629/626 625/625/622
f 617/617/614 630/630/627 614/614/611
f 629/629/626 630/630/627 617/617/614
f 629/629/626 628/628/625 631/631/628
f 629/629/626 632/632/629 630/630/627
f 631/631/628 633/633/630 629/629/626
f 634/634/631 632/632/629 629/629/626
f 633/633/630 634/634/631 629/629/626
f 634/634/631 635/635/632 632/632/629
f 636/636/633 633/633/630 631/631/628
f 631/631/628 637/637/634 636/636/633
f 628/628/625 637/637/634 631/631/628
f 628/628/625 600/600/597 637/637/634
f 628/628/625 595/595/592 600/600/597
f 637/637/634 600/600/597 638/638/635
f 638/638/635 600/600/597 604/604/601
f 639/639/636 637/637/634 638/638/635
f 603/603/600 640/640/637 604/604/601
f 603/603/600 607/607/604 641/641/638
f 604/604/601 642/642/639 638/638/635
f 604/604/601 640/640/637 642/642/639
f 643/643/640 607/607/604 614/614/611
f 641/641/638 607/607/604 643/643/640
f 641/641/638 643/643/640 644/644/641
f 644/644/641 645/645/642 641/641/638
f 641/641/638 645/645/642 603/603/600
f 645/645/642 640/640/637 603/603/600
f 640/640/637 646/646/643 642/642/639
f 645/645/642 647/647/644 640/640/637
f 647/647/644 646/646/643 640/640/637
f 642/642/639 646/646/643 648/648/645
f 646/646/643 649/649/646 648/648/645
f 647/647/644 649/649/646 646/646/643
f 650/650/647 647/647/644 645/645/642
f 651/651/648 649/649/646 647/647/644
f 650/650/647 652/652/649 647/647/644
f 653/653/650 651/651/648 647/647/644
f 653/653/650 647/647/644 652/652/649
f 635/635/632 649/649/646 651/651/648
f 654/654/651 651/651/648 655/655/652
f 635/635/632 651/651/648 654/654/651
f 656/656/653 651/651/648 653/653/650
f 651/651/648 656/656/653 655/655/652
f 632/632/629 635/635/632 654/654/651
f 657/657/654 649/649/646 635/635/632
f 657/657/654 635/635/632 634/634/631
f 648/648/645 649/649/646 657/657/654
f 642/642/639 648/648/645 657/657/654
f 656/656/653 657/657/654 634/634/631
f 642/642/639 657/657/654 652/652/649
f 652/652/649 657/657/654 653/653/650
f 653/653/650 657/657/654 656/656/653
f 658/658/655 642/642/639 652/652/649
f 652/652/649 650/650/647 658/658/655
f 638/638/635 642/642/639 658/658/655
f 638/638/635 658/658/655 639/639/636
f 658/658/655 650/650/647 645/645/642
f 644/644/641 658/658/655 645/645/642
f 639/639/636 644/644/641 637/637/634
f 639/639/636 658/658/655 644/644/641
f 637/637/634 644/644/641 643/643/640
f 643/643/640 636/636/633 637/637/634
f 659/659/656 636/636/633 643/643/640
f 659/659/656 660/660/657 636/636/633
f 656/656/653 634/634/631 633/633/630
f 636/636/633 660/660/657 633/633/630
f 660/660/657 655/655/652 633/633/630
f 633/633/630 655/655/652 656/656/653
f 660/660/657 654/654/651 655/655/652
f 654/654/651 660/660/657 659/659/656
f 630/630/627 632/632/629 654/654/651
f 630/630/627 654/654/651 659/659/656
f 659/659/656 643/643/640 630/630/627
f 630/630/627 643/643/640 614/614/611
f 661/661/658 662/662/659 663/663/660
f 661/661/658 663/663/660 664/664/661
f 661/661/658 664/664/661 665/665/520
f 662/662/659 666/666/662 663/663/660
f 666/666/662 662/662/659 667/667/663
f 664/664/661 668/668/664 665/665/520
f 665/665/520 668/668/664 669/669/665
f 668/668/664 670/670/666 669/669/665
f 670/670/666 671/671/667 669/669/665
f 670/670/666 672/672/668 671/671/667
f 672/672/668 662/662/659 671/671/667
f 667/667/663 662/662/659 672/672/668
f 673/673/669 667/667/663 672/672/668
f 670/670/666 673/673/669 672/672/668
f 666/666/662 674/674/529 663/663/660
f 666/666/662 667/667/663 674/674/529
f 674/674/529 667/667/663 675/675/670
f 675/675/670 667/667/663 673/673/669
f 670/670/666 676/676/671 673/673/669
f 673/673/669 677/677/672 675/675/670
f 675/675/670 677/677/672 674/674/529
f 674/674/529 678/678/673 663/663/660
f 674/674/529 677/677/672 679/679/674
f 664/664/661 663/663/660 680/680/675
f 680/680/675 663/663/660 678/678/673
f 681/681/676 678/678/673 674/674/529
f 681/681/676 674/674/529 679/679/674
f 682/682/677 664/664/661 680/680/675
f 682/682/677 668/668/664 664/664/661
f 680/680/675 678/678/673 683/683/678
f 682/682/677 680/680/675 683/683/678
f 682/682/677 670/670/666 668/668/664
f 676/676/671 670/670/666 682/682/677
f 684/684/679 676/676/671 682/682/677
f 684/684/679 682/682/677 685/685/680
f 685/685/680 682/682/677 683/683/678
f 685/685/680 686/686/681 684/684/679
f 683/683/678 686/686/681 685/685/680
f 683/683/678 678/678/673 686/686/681
f 687/687/682 676/676/671 684/684/679
f 686/686/681 687/687/682 684/684/679
f 686/686/681 688/688/683 687/687/682
f 686/686/681 689/689/684 688/688/683
f 678/678/673 690/690/685 686/686/681
f 686/686/681 690/690/685 689/689/684
f 687/687/682 691/691/686 676/676/671
f 688/688/683 691/691/686 687/687/682
f 688/688/683 689/689/684 692/692/547
f 692/692/547 689/689/684 693/693/687
f 694/694/688 688/688/683 692/692/547
f 689/689/684 690/690/685 693/693/687
f 690/690/685 695/695/550 693/693/687
f 694/694/688 691/691/686 688/688/683
f 694/694/688 696/696/689 691/691/686
f 690/690/685 697/697/690 695/695/550
f 696/696/689 695/695/550 698/698/553
f 696/696/689 698/698/553 691/691/686
f 698/698/553 695/695/550 699/699/691
f 699/699/691 695/695/550 697/697/690
f 700/700/692 676/676/671 691/691/686
f 698/698/553 700/700/692 691/691/686
f 698/698/553 699/699/691 700/700/692
f 701/701/693 699/699/691 697/697/690
f 690/690/685 701/701/693 697/697/690
f 690/690/685 678/678/673 701/701/693
f 700/700/692 699/699/691 702/702/694
f 702/702/694 699/699/691 701/701/693
f 701/701/693 703/703/558 702/702/694
f 702/702/694 703/703/558 700/700/692
f 700/700/692 703/703/558 704/704/559
f 705/705/560 703/703/558 701/701/693
f 706/706/561 676/676/671 700/700/692
f 706/706/561 700/700/692 704/704/559
f 703/703/558 707/707/562 704/704/559
f 705/705/560 707/707/562 703/703/558
f 704/704/559 707/707/562 708/708/695
f 706/706/561 704/704/559 708/708/695
f 706/706/561 708/708/695 709/709/696
f 710/710/697 706/706/561 709/709/696
f 711/711/566 710/710/697 709/709/696
f 712/712/698 710/710/697 711/711/566
f 676/676/671 706/706/561 713/713/699
f 713/713/699 706/706/561 710/710/697
f 713/713/699 710/710/697 712/712/698
f 714/714/569 712/712/698 711/711/566
f 707/707/562 705/705/560 715/715/700
f 714/714/569 715/715/700 712/712/698
f 714/714/569 707/707/562 715/715/700
f 705/705/560 701/701/693 715/715/700
f 701/701/693 678/678/673 715/715/700
f 716/716/701 715/715/700 678/678/673
f 713/713/699 712/712/698 716/716/701
f 712/712/698 715/715/700 716/716/701
f 716/716/701 678/678/673 717/717/702
f 713/713/699 716/716/701 717/717/702
f 718/718/573 713/713/699 717/717/702
f 719/719/703 676/676/671 713/713/699
f 719/719/703 713/713/699 718/718/573
f 717/717/702 678/678/673 720/720/575
f 678/678/673 681/681/676 720/720/575
f 717/717/702 720/720/575 721/721/704
f 718/718/573 721/721/704 719/719/703
f 717/717/702 721/721/704 718/718/573
f 720/720/575 722/722/705 721/721/704
f 720/720/575 681/681/676 722/722/705
f 721/721/704 676/676/671 719/719/703
f 721/721/704 723/723/706 676/676/671
f 673/673/669 676/676/671 723/723/706
f 724/724/707 723/723/706 721/721/704
f 721/721/704 722/722/705 724/724/707
f 724/724/707 722/722/705 725/725/580
f 725/725/580 722/722/705 726/726/708
f 727/727/709 724/724/707 725/725/580
f 722/722/705 681/681/676 726/726/708
f 681/681/676 728/728/710 726/726/708
f 681/681/676 679/679/674 728/728/710
f 677/677/672 728/728/710 679/679/674
f 729/729/711 728/728/710 677/677/672
f 730/730/712 728/728/710 729/729/711
f 729/729/711 677/677/672 673/673/669
f 729/729/711 673/673/669 723/723/706
f 727/727/709 723/723/706 724/724/707
f 730/730/712 729/729/711 723/723/706
f 727/727/709 730/730/712 723/723/706
f 731/731/713 732/732/714 733/733/715
f 731/731/713 733/733/715 734/734/716
f 731/731/713 734/734/716 735/735/717
f 732/732/714 736/736/718 733/733/715
f 732/732/714 737/737/522 736/736/718
f 735/735/717 734/734/716 738/738/719
f 736/736/718 737/737/522 739/739/720
f 735/735/717 738/738/719 740/740/721
f 738/738/719 741/741/722 740/740/721
f 741/741/722 737/737/522 740/740/721
f 739/739/720 737/737/522 742/742/723
f 741/741/722 742/742/723 737/737/522
f 743/743/724 739/739/720 742/742/723
f 741/741/722 743/743/724 742/742/723
f 736/736/718 744/744/725 733/733/715
f 736/736/718 739/739/720 744/744/725
f 745/745/726 739/739/720 743/743/724
f 744/744/725 739/739/720 745/745/726
f 741/741/722 746/746/727 743/743/724
f 745/745/726 747/747/728 744/744/725
f 743/743/724 747/747/728 745/745/726
f 744/744/725 748/748/729 733/733/715
f 744/744/725 747/747/728 749/749/730
f 734/734/716 733/733/715 750/750/731
f 750/750/731 733/733/715 748/748/729
f 751/751/732 748/748/729 744/744/725
f 751/751/732 744/744/725 749/749/730
f 738/738/719 734/734/716 750/750/731
f 750/750/731 748/748/729 752/752/733
f 753/753/734 741/741/722 738/738/719
f 746/746/727 741/741/722 753/753/734
f 753/753/734 738/738/719 750/750/731
f 754/754/735 746/746/727 753/753/734
f 754/754/735 753/753/734 750/750/731
f 754/754/735 750/750/731 755/755/736
f 755/755/736 750/750/731 752/752/733
f 755/755/736 756/756/737 754/754/735
f 752/752/733 756/756/737 755/755/736
f 752/752/733 748/748/729 756/756/737
f 757/757/738 746/746/727 754/754/735
f 756/756/737 757/757/738 754/754/735
f 756/756/737 758/758/739 757/757/738
f 759/759/740 758/758/739 756/756/737
f 748/748/729 760/760/741 756/756/737
f 756/756/737 760/760/741 759/759/740
f 758/758/739 761/761/742 757/757/738
f 757/757/738 761/761/742 746/746/727
f 762/762/743 758/758/739 759/759/740
f 762/762/743 759/759/740 763/763/744
f 764/764/745 758/758/739 762/762/743
f 759/759/740 760/760/741 763/763/744
f 760/760/741 765/765/746 763/763/744
f 764/764/745 761/761/742 758/758/739
f 764/764/745 766/766/551 761/761/742
f 760/760/741 767/767/747 765/765/746
f 766/766/551 768/768/748 761/761/742
f 766/766/551 765/765/746 768/768/748
f 768/768/748 765/765/746 769/769/749
f 769/769/749 765/765/746 767/767/747
f 770/770/750 746/746/727 761/761/742
f 768/768/748 770/770/750 761/761/742
f 768/768/748 769/769/749 770/770/750
f 760/760/741 771/771/556 767/767/747
f 760/760/741 748/748/729 771/771/556
f 771/771/556 769/769/749 767/767/747
f 772/772/751 769/769/749 771/771/556
f 770/770/750 769/769/749 772/772/751
f 772/772/751 773/773/752 770/770/750
f 771/771/556 773/773/752 772/772/751
f 770/770/750 773/773/752 774/774/753
f 775/775/754 773/773/752 771/771/556
f 776/776/561 746/746/727 770/770/750
f 776/776/561 770/770/750 774/774/753
f 775/775/754 777/777/755 773/773/752
f 773/773/752 777/777/755 774/774/753
f 774/774/753 777/777/755 778/778/756
f 776/776/561 774/774/753 778/778/756
f 776/776/561 778/778/756 779/779/564
f 780/780/565 776/776/561 779/779/564
f 781/781/566 780/780/565 779/779/564
f 782/782/757 780/780/565 781/781/566
f 746/746/727 776/776/561 783/783/758
f 783/783/758 776/776/561 780/780/565
f 783/783/758 780/780/565 782/782/757
f 784/784/569 782/782/757 781/781/566
f 777/777/755 775/775/754 785/785/570
f 784/784/569 785/785/570 782/782/757
f 784/784/569 777/777/755 785/785/570
f 775/775/754 771/771/556 785/785/570
f 771/771/556 748/748/729 785/785/570
f 782/782/757 785/785/570 786/786/571
f 786/786/571 785/785/570 748/748/729
f 783/783/758 782/782/757 786/786/571
f 783/783/758 786/786/571 787/787/759
f 786/786/571 748/748/729 787/787/759
f 788/788/760 783/783/758 787/787/759
f 789/789/574 746/746/727 783/783/758
f 789/789/574 783/783/758 788/788/760
f 748/748/729 751/751/732 790/790/761
f 787/787/759 748/748/729 790/790/761
f 787/787/759 790/790/761 791/791/762
f 788/788/760 791/791/762 789/789/574
f 787/787/759 791/791/762 788/788/760
f 790/790/761 792/792/763 791/791/762
f 790/790/761 751/751/732 792/792/763
f 791/791/762 746/746/727 789/789/574
f 743/743/724 746/746/727 793/793/764
f 791/791/762 793/793/764 746/746/727
f 794/794/579 793/793/764 791/791/762
f 791/791/762 792/792/763 794/794/579
f 794/794/579 792/792/763 795/795/580
f 795/795/580 792/792/763 796/796/581
f 797/797/582 794/794/579 795/795/580
f 792/792/763 751/751/732 796/796/581
f 751/751/732 798/798/765 796/796/581
f 751/751/732 749/749/730 798/798/765
f 749/749/730 799/799/766 798/798/765
f 747/747/728 799/799/766 749/749/730
f 800/800/767 799/799/766 747/747/728
f 800/800/767 747/747/728 743/743/724
f 800/800/767 743/743/724 793/793/764
f 799/799/766 800/800/767 793/793/764
f 797/797/582 793/793/764 794/794/579
f 797/797/582 799/799/766 793/793/764
f 801/801/768 802/802/769 803/803/770
f 803/803/770 804/804/771 801/801/768
f 801/801/768 804/804/771 805/805/772
f 805/805/772 802/802/769 801/801/768
f 805/805/772 804/804/771 806/806/773
f 807/807/774 802/802/769 805/805/772
f 807/807/774 808/808/775 802/802/769
f 809/809/776 807/807/774 805/805/772
f 805/805/772 806/806/773 809/809/776
f 810/810/777 808/808/775 807/807/774
f 804/804/771 811/811/778 806/806/773
f 806/806/773 811/811/778 812/812/779
f 809/809/776 806/806/773 813/813/780
f 813/813/780 807/807/774 809/809/776
f 814/814/781 810/810/777 807/807/774
f 806/806/773 812/812/779 815/815/782
f 816/816/783 807/807/774 813/813/780
f 816/816/783 814/814/781 807/807/774
f 806/806/773 815/815/782 817/817/784
f 813/813/780 806/806/773 817/817/784
f 814/814/781 818/818/785 810/810/777
f 812/812/779 818/818/785 815/815/782
f 817/817/784 815/815/782 819/819/786
f 810/810/777 820/820/459 808/808/775
f 812/812/779 820/820/459 818/818/785
f 811/811/778 820/820/459 812/812/779
f 818/818/785 820/820/459 810/810/777
f 815/815/782 818/818/785 821/821/352
f 821/821/352 818/818/785 814/814/781
f 815/815/782 821/821/352 819/819/786
f 822/822/787 814/814/781 816/816/783
f 822/822/787 821/821/352 814/814/781
f 823/823/788 821/821/352 822/822/787
f 819/819/786 821/821/352 823/823/788
f 824/824/789 823/823/788 822/822/787
f 819/819/786 823/823/788 824/824/789
f 824/824/789 822/822/787 825/825/790
f 825/825/790 822/822/787 816/816/783
f 826/826/791 819/819/786 824/824/789
f 817/817/784 819/819/786 826/826/791
f 826/826/791 824/824/789 827/827/792
f 827/827/792 824/824/789 825/825/790
f 828/828/793 825/825/790 816/816/783
f 827/827/792 825/825/790 828/828/793
f 829/829/794 813/813/780 817/817/784
f 816/816/783 813/813/780 829/829/794
f 817/817/784 826/826/791 830/830/795
f 830/830/795 826/826/791 827/827/792
f 828/828/793 816/816/783 831/831/796
f 831/831/796 816/816/783 829/829/794
f 832/832/797 817/817/784 830/830/795
f 829/829/794 817/817/784 832/832/797
f 831/831/796 829/829/794 833/833/798
f 833/833/798 829/829/794 832/832/797
f 834/834/799 828/828/793 831/831/796
f 830/830/795 827/827/792 835/835/469
f 835/835/469 828/828/793 834/834/799
f 835/835/469 827/827/792 828/828/793
f 836/836/800 830/830/795 835/835/469
f 832/832/797 830/830/795 836/836/800
f 835/835/469 837/837/801 836/836/800
f 838/838/802 833/833/798 832/832/797
f 836/836/800 837/837/801 839/839/803
f 836/836/800 839/839/803 832/832/797
f 832/832/797 839/839/803 840/840/804
f 832/832/797 840/840/804 838/838/802
f 831/831/796 833/833/798 838/838/802
f 838/838/802 840/840/804 831/831/796
f 831/831/796 841/841/805 834/834/799
f 840/840/804 841/841/805 831/831/796
f 840/840/804 842/842/806 841/841/805
f 839/839/803 842/842/806 840/840/804
f 834/834/799 843/843/807 835/835/469
f 841/841/805 843/843/807 834/834/799
f 835/835/469 844/844/808 837/837/801
f 843/843/807 844/844/808 835/835/469
f 843/843/807 845/845/809 844/844/808
f 841/841/805 845/845/809 843/843/807
f 837/837/801 846/846/810 839/839/803
f 844/844/808 846/846/810 837/837/801
f 845/845/809 847/847/811 844/844/808
f 844/844/808 847/847/811 846/846/810
f 841/841/805 848/848/812 845/845/809
f 848/848/812 849/849/813 845/845/809
f 845/845/809 849/849/813 847/847/811
f 850/850/814 848/848/812 841/841/805
f 839/839/803 850/850/814 842/842/806
f 842/842/806 850/850/814 841/841/805
f 846/846/810 851/851/815 839/839/803
f 839/839/803 851/851/815 850/850/814
f 846/846/810 852/852/816 851/851/815
f 847/847/811 852/852/816 846/846/810
f 849/849/813 853/853/817 847/847/811
f 847/847/811 853/853/817 852/852/816
f 849/849/813 854/854/818 853/853/817
f 853/853/817 854/854/818 852/852/816
f 852/852/816 855/855/819 851/851/815
f 852/852/816 854/854/818 855/855/819
f 848/848/812 856/856/820 849/849/813
f 856/856/820 854/854/818 849/849/813
f 856/856/820 857/857/821 854/854/818
f 854/854/818 857/857/821 855/855/819
f 855/855/819 857/857/821 858/858/822
f 855/855/819 858/858/822 851/851/815
f 857/857/821 820/820/459 858/858/822
f 858/858/822 820/820/459 811/811/778
f 858/858/822 811/811/778 804/804/771
f 851/851/815 858/858/822 804/804/771
f 859/859/823 804/804/771 803/803/770
f 850/850/814 851/851/815 859/859/823
f 851/851/815 804/804/771 859/859/823
f 803/803/770 802/802/769 859/859/823
f 859/859/823 802/802/769 848/848/812
f 859/859/823 848/848/812 850/850/814
f 860/860/824 820/820/459 857/857/821
f 802/802/769 860/860/824 848/848/812
f 860/860/824 857/857/821 856/856/820
f 848/848/812 860/860/824 856/856/820
f 802/802/769 808/808/775 860/860/824
f 808/808/775 820/820/459 860/860/824
f 861/861/469 862/862/825 863/863/826
f 863/863/826 864/864/827 861/861/469
f 861/861/469 864/864/827 865/865/828
f 865/865/828 862/862/825 861/861/469
f 863/863/826 862/862/825 866/866/829
f 865/865/828 864/864/827 867/867/830
f 868/868/831 862/862/825 865/865/828
f 869/869/832 864/864/827 863/863/826
f 862/862/825 870/870/833 866/866/829
f 868/868/831 870/870/833 862/862/825
f 865/865/828 867/867/830 871/871/834
f 871/871/834 868/868/831 865/865/828
f 872/872/835 870/870/833 868/868/831
f 864/864/827 873/873/836 867/867/830
f 869/869/832 873/873/836 864/864/827
f 874/874/837 872/872/835 868/868/831
f 874/874/837 868/868/831 871/871/834
f 871/871/834 867/867/830 875/875/838
f 867/867/830 876/876/839 875/875/838
f 867/867/830 873/873/836 876/876/839
f 871/871/834 875/875/838 877/877/817
f 877/877/817 874/874/837 871/871/834
f 878/878/840 872/872/835 874/874/837
f 875/875/838 876/876/839 879/879/841
f 880/880/842 874/874/837 877/877/817
f 880/880/842 878/878/840 874/874/837
f 877/877/817 875/875/838 881/881/843
f 875/875/838 879/879/841 881/881/843
f 878/878/840 882/882/785 872/872/835
f 876/876/839 882/882/785 879/879/841
f 881/881/843 879/879/841 883/883/844
f 882/882/785 884/884/459 872/872/835
f 872/872/835 884/884/459 870/870/833
f 876/876/839 884/884/459 882/882/785
f 873/873/836 884/884/459 876/876/839
f 885/885/352 882/882/785 878/878/840
f 879/879/841 885/885/352 883/883/844
f 879/879/841 882/882/785 885/885/352
f 886/886/845 878/878/840 880/880/842
f 886/886/845 885/885/352 878/878/840
f 887/887/788 885/885/352 886/886/845
f 883/883/844 885/885/352 887/887/788
f 883/883/844 887/887/788 888/888/789
f 888/888/789 887/887/788 886/886/845
f 888/888/789 886/886/845 889/889/846
f 889/889/846 886/886/845 880/880/842
f 881/881/843 883/883/844 890/890/847
f 890/890/847 883/883/844 888/888/789
f 890/890/847 888/888/789 891/891/792
f 891/891/792 888/888/789 889/889/846
f 892/892/848 880/880/842 877/877/817
f 889/889/846 880/880/842 892/892/848
f 891/891/792 889/889/846 893/893/849
f 893/893/849 889/889/846 892/892/848
f 894/894/850 881/881/843 890/890/847
f 877/877/817 881/881/843 894/894/850
f 895/895/851 877/877/817 894/894/850
f 892/892/848 877/877/817 895/895/851
f 894/894/850 890/890/847 896/896/852
f 896/896/852 890/890/847 891/891/792
f 897/897/853 892/892/848 895/895/851
f 893/893/849 892/892/848 897/897/853
f 898/898/854 894/894/850 896/896/852
f 895/895/851 894/894/850 898/898/854
f 899/899/855 895/895/851 898/898/854
f 897/897/853 895/895/851 899/899/855
f 900/900/856 893/893/849 897/897/853
f 896/896/852 891/891/792 901/901/469
f 901/901/469 893/893/849 900/900/856
f 901/901/469 891/891/792 893/893/849
f 898/898/854 896/896/852 902/902/857
f 902/902/857 896/896/852 901/901/469
f 899/899/855 898/898/854 903/903/858
f 903/903/858 898/898/854 902/902/857
f 901/901/469 904/904/859 902/902/857
f 905/905/459 899/899/855 903/903/858
f 902/902/857 904/904/859 906/906/860
f 902/902/857 906/906/860 903/903/858
f 903/903/858 906/906/860 907/907/861
f 903/903/858 907/907/861 905/905/459
f 908/908/862 899/899/855 905/905/459
f 905/905/459 907/907/861 908/908/862
f 908/908/862 897/897/853 899/899/855
f 900/900/856 897/897/853 908/908/862
f 908/908/862 909/909/863 900/900/856
f 907/907/861 909/909/863 908/908/862
f 907/907/861 910/910/864 909/909/863
f 906/906/860 910/910/864 907/907/861
f 900/900/856 911/911/865 901/901/469
f 909/909/863 911/911/865 900/900/856
f 910/910/864 912/912/866 909/909/863
f 909/909/863 912/912/866 911/911/865
f 904/904/859 913/913/867 906/906/860
f 906/906/860 913/913/867 910/910/864
f 901/901/469 914/914/808 904/904/859
f 911/911/865 914/914/808 901/901/469
f 911/911/865 915/915/868 914/914/808
f 912/912/866 915/915/868 911/911/865
f 914/914/808 916/916/869 904/904/859
f 904/904/859 916/916/869 913/913/867
f 914/914/808 917/917/811 916/916/869
f 915/915/868 917/917/811 914/914/808
f 912/912/866 918/918/870 915/915/868
f 918/918/870 919/919/871 915/915/868
f 915/915/868 919/919/871 917/917/811
f 920/920/788 918/918/870 912/912/866
f 913/913/867 920/920/788 910/910/864
f 910/910/864 920/920/788 912/912/866
f 916/916/869 921/921/872 913/913/867
f 913/913/867 921/921/872 920/920/788
f 916/916/869 922/922/873 921/921/872
f 917/917/811 922/922/873 916/916/869
f 919/919/871 923/923/817 917/917/811
f 917/917/811 923/923/817 922/922/873
f 919/919/871 924/924/818 923/923/817
f 923/923/817 924/924/818 922/922/873
f 922/922/873 924/924/818 925/925/874
f 922/922/873 925/925/874 921/921/872
f 926/926/875 924/924/818 919/919/871
f 918/918/870 926/926/875 919/919/871
f 926/926/875 927/927/821 924/924/818
f 924/924/818 927/927/821 925/925/874
f 921/921/872 928/928/876 920/920/788
f 921/921/872 925/925/874 928/928/876
f 925/925/874 927/927/821 929/929/877
f 925/925/874 929/929/877 928/928/876
f 929/929/877 884/884/459 873/873/836
f 929/929/877 873/873/836 869/869/832
f 927/927/821 884/884/459 929/929/877
f 928/928/876 929/929/877 869/869/832
f 930/930/878 926/926/875 918/918/870
f 920/920/788 930/930/878 918/918/870
f 931/931/879 869/869/832 863/863/826
f 928/928/876 869/869/832 931/931/879
f 920/920/788 928/928/876 931/931/879
f 931/931/879 930/930/878 920/920/788
f 863/863/826 866/866/829 931/931/879
f 931/931/879 866/866/829 930/930/878
f 866/866/829 932/932/880 930/930/878
f 932/932/880 927/927/821 926/926/875
f 930/930/878 932/932/880 926/926/875
f 866/866/829 870/870/833 932/932/880
f 870/870/833 884/884/459 932/932/880
f 932/932/880 884/884/459 927/927/821
f 933/933/469 934/934/881 935/935/882
f 935/935/882 936/936/883 933/933/469
f 937/937/884 934/934/881 933/933/469
f 933/933/469 936/936/883 937/937/884
f 935/935/882 934/934/881 938/938/885
f 937/937/884 936/936/883 939/939/886
f 934/934/881 940/940/887 938/938/885
f 937/937/884 939/939/886 941/941/888
f 941/941/888 934/934/881 937/937/884
f 942/942/889 940/940/887 934/934/881
f 936/936/883 943/943/890 939/939/886
f 944/944/891 942/942/889 934/934/881
f 944/944/891 934/934/881 941/941/888
f 945/945/817 944/944/891 941/941/888
f 941/941/888 939/939/886 945/945/817
f 946/946/892 942/942/889 944/944/891
f 939/939/886 943/943/890 947/947/893
f 945/945/817 939/939/886 948/948/894
f 939/939/886 947/947/893 948/948/894
f 946/946/892 949/949/895 942/942/889
f 943/943/890 949/949/895 947/947/893
f 948/948/894 947/947/893 950/950/896
f 942/942/889 951/951/897 940/940/887
f 943/943/890 951/951/897 949/949/895
f 949/949/895 951/951/897 942/942/889
f 952/952/352 949/949/895 946/946/892
f 947/947/893 952/952/352 950/950/896
f 947/947/893 949/949/895 952/952/352
f 953/953/898 952/952/352 946/946/892
f 953/953/898 946/946/892 944/944/891
f 954/954/788 952/952/352 953/953/898
f 950/950/896 952/952/352 954/954/788
f 955/955/789 954/954/788 953/953/898
f 950/950/896 954/954/788 955/955/789
f 955/955/789 953/953/898 956/956/899
f 956/956/899 953/953/898 944/944/891
f 948/948/894 950/950/896 957/957/900
f 957/957/900 950/950/896 955/955/789
f 958/958/792 955/955/789 956/956/899
f 957/957/900 955/955/789 958/958/792
f 959/959/901 944/944/891 945/945/817
f 956/956/899 944/944/891 959/959/901
f 960/960/902 956/956/899 959/959/901
f 958/958/792 956/956/899 960/960/902
f 961/961/903 945/945/817 948/948/894
f 959/959/901 945/945/817 961/961/903
f 962/962/904 957/957/900 958/958/792
f 948/948/894 957/957/900 962/962/904
f 963/963/905 948/948/894 962/962/904
f 961/961/903 948/948/894 963/963/905
f 964/964/906 961/961/903 963/963/905
f 959/959/901 961/961/903 964/964/906
f 965/965/907 960/960/902 959/959/901
f 962/962/904 958/958/792 966/966/908
f 966/966/908 960/960/902 965/965/907
f 966/966/908 958/958/792 960/960/902
f 967/967/800 962/962/904 966/966/908
f 963/963/905 962/962/904 967/967/800
f 966/966/908 968/968/801 967/967/800
f 969/969/459 964/964/906 963/963/905
f 967/967/800 968/968/801 970/970/803
f 967/967/800 970/970/803 963/963/905
f 963/963/905 970/970/803 971/971/909
f 963/963/905 971/971/909 969/969/459
f 969/969/459 971/971/909 972/972/910
f 972/972/910 959/959/901 964/964/906
f 965/965/907 959/959/901 972/972/910
f 972/972/910 964/964/906 969/969/459
f 971/971/909 973/973/911 972/972/910
f 970/970/803 973/973/911 971/971/909
f 972/972/910 974/974/912 965/965/907
f 973/973/911 974/974/912 972/972/910
f 965/965/907 975/975/913 966/966/908
f 966/966/908 975/975/913 968/968/801
f 965/965/907 976/976/914 975/975/913
f 974/974/912 976/976/914 965/965/907
f 968/968/801 977/977/915 970/970/803
f 975/975/913 977/977/915 968/968/801
f 975/975/913 978/978/811 977/977/915
f 976/976/914 978/978/811 975/975/913
f 974/974/912 979/979/916 976/976/914
f 976/976/914 979/979/916 978/978/811
f 970/970/803 980/980/788 973/973/911
f 973/973/911 980/980/788 974/974/912
f 970/970/803 981/981/917 980/980/788
f 977/977/915 981/981/917 970/970/803
f 978/978/811 982/982/918 977/977/915
f 977/977/915 982/982/918 981/981/917
f 979/979/916 983/983/817 978/978/811
f 978/978/811 983/983/817 982/982/918
f 979/979/916 984/984/818 983/983/817
f 983/983/817 984/984/818 982/982/918
f 982/982/918 984/984/818 985/985/919
f 982/982/918 985/985/919 981/981/917
f 974/974/912 986/986/920 979/979/916
f 986/986/920 984/984/818 979/979/916
f 984/984/818 987/987/821 985/985/919
f 986/986/920 987/987/821 984/984/818
f 985/985/919 987/987/821 988/988/921
f 985/985/919 988/988/921 981/981/917
f 987/987/821 951/951/897 988/988/921
f 988/988/921 951/951/897 943/943/890
f 988/988/921 943/943/890 936/936/883
f 981/981/917 988/988/921 936/936/883
f 938/938/885 986/986/920 974/974/912
f 980/980/788 938/938/885 974/974/912
f 989/989/922 936/936/883 935/935/882
f 980/980/788 981/981/917 989/989/922
f 981/981/917 936/936/883 989/989/922
f 935/935/882 938/938/885 989/989/922
f 989/989/922 938/938/885 980/980/788
f 990/990/923 951/951/897 987/987/821
f 990/990/923 987/987/821 986/986/920
f 938/938/885 990/990/923 986/986/920
f 938/938/885 940/940/887 990/990/923
f 940/940/887 951/951/897 990/990/923
f 991/991/469 992/992/924 993/993/925
f 993/993/925 994/994/926 991/991/469
f 991/991/469 994/994/926 995/995/927
f 995/995/927 992/992/924 991/991/469
f 996/996/928 992/992/924 995/995/927
f 997/997/929 994/994/926 993/993/925
f 996/996/928 998/998/930 992/992/924
f 995/995/927 994/994/926 999/999/931
f 999/999/931 996/996/928 995/995/927
f 1000/1000/932 998/998/930 996/996/928
f 997/997/929 1001/1001/933 994/994/926
f 1002/1002/934 1000/1000/932 996/996/928
f 1002/1002/934 996/996/928 999/999/931
f 999/999/931 994/994/926 1003/1003/935
f 994/994/926 1004/1004/936 1003/1003/935
f 994/994/926 1001/1001/933 1004/1004/936
f 999/999/931 1003/1003/935 1005/1005/937
f 1005/1005/937 1002/1002/934 999/999/931
f 1006/1006/892 1000/1000/932 1002/1002/934
f 1003/1003/935 1004/1004/936 1007/1007/938
f 1006/1006/892 1008/1008/785 1000/1000/932
f 1004/1004/936 1008/1008/785 1007/1007/938
f 1003/1003/935 1007/1007/938 1009/1009/939
f 1000/1000/932 1010/1010/940 998/998/930
f 1004/1004/936 1010/1010/940 1008/1008/785
f 1001/1001/933 1010/1010/940 1004/1004/936
f 1008/1008/785 1010/1010/940 1000/1000/932
f 1007/1007/938 1008/1008/785 1011/1011/352
f 1011/1011/352 1008/1008/785 1006/1006/892
f 1007/1007/938 1011/1011/352 1009/1009/939
f 1012/1012/898 1006/1006/892 1002/1002/934
f 1012/1012/898 1011/1011/352 1006/1006/892
f 1013/1013/788 1011/1011/352 1012/1012/898
f 1009/1009/939 1011/1011/352 1013/1013/788
f 1014/1014/789 1013/1013/788 1012/1012/898
f 1009/1009/939 1013/1013/788 1014/1014/789
f 1014/1014/789 1012/1012/898 1015/1015/899
f 1015/1015/899 1012/1012/898 1002/1002/934
f 1016/1016/941 1009/1009/939 1014/1014/789
f 1003/1003/935 1009/1009/939 1016/1016/941
f 1016/1016/941 1014/1014/789 1017/1017/792
f 1017/1017/792 1014/1014/789 1015/1015/899
f 1018/1018/942 1002/1002/934 1005/1005/937
f 1015/1015/899 1002/1002/934 1018/1018/942
f 1019/1019/943 1015/1015/899 1018/1018/942
f 1017/1017/792 1015/1015/899 1019/1019/943
f 1005/1005/937 1003/1003/935 1020/1020/944
f 1020/1020/944 1003/1003/935 1016/1016/941
f 1021/1021/945 1005/1005/937 1020/1020/944
f 1018/1018/942 1005/1005/937 1021/1021/945
f 1020/1020/944 1016/1016/941 1022/1022/946
f 1022/1022/946 1016/1016/941 1017/1017/792
f 1018/1018/942 1021/1021/945 1023/1023/947
f 1023/1023/947 1021/1021/945 1020/1020/944
f 1024/1024/948 1019/1019/943 1018/1018/942
f 1022/1022/946 1017/1017/792 1025/1025/908
f 1025/1025/908 1019/1019/943 1024/1024/948
f 1025/1025/908 1017/1017/792 1019/1019/943
f 1026/1026/949 1022/1022/946 1025/1025/908
f 1020/1020/944 1022/1022/946 1026/1026/949
f 1027/1027/950 1020/1020/944 1026/1026/949
f 1023/1023/947 1020/1020/944 1027/1027/950
f 1025/1025/908 1028/1028/801 1026/1026/949
f 1029/1029/459 1023/1023/947 1027/1027/950
f 1026/1026/949 1028/1028/801 1030/1030/951
f 1026/1026/949 1030/1030/951 1027/1027/950
f 1027/1027/950 1030/1030/951 1031/1031/952
f 1027/1027/950 1031/1031/952 1029/1029/459
f 1032/1032/953 1023/1023/947 1029/1029/459
f 1029/1029/459 1031/1031/952 1032/1032/953
f 1032/1032/953 1018/1018/942 1023/1023/947
f 1024/1024/948 1018/1018/942 1032/1032/953
f 1032/1032/953 1033/1033/954 1024/1024/948
f 1031/1031/952 1033/1033/954 1032/1032/953
f 1031/1031/952 1034/1034/955 1033/1033/954
f 1030/1030/951 1034/1034/955 1031/1031/952
f 1025/1025/908 1035/1035/956 1028/1028/801
f 1024/1024/948 1035/1035/956 1025/1025/908
f 1024/1024/948 1036/1036/957 1035/1035/956
f 1033/1033/954 1036/1036/957 1024/1024/948
f 1028/1028/801 1037/1037/810 1030/1030/951
f 1035/1035/956 1037/1037/810 1028/1028/801
f 1036/1036/957 1038/1038/811 1035/1035/956
f 1035/1035/956 1038/1038/811 1037/1037/810
f 1033/1033/954 1039/1039/958 1036/1036/957
f 1039/1039/958 1040/1040/959 1036/1036/957
f 1036/1036/957 1040/1040/959 1038/1038/811
f 1041/1041/814 1039/1039/958 1033/1033/954
f 1030/1030/951 1041/1041/814 1034/1034/955
f 1034/1034/955 1041/1041/814 1033/1033/954
f 1037/1037/810 1042/1042/960 1030/1030/951
f 1030/1030/951 1042/1042/960 1041/1041/814
f 1037/1037/810 1043/1043/816 1042/1042/960
f 1038/1038/811 1043/1043/816 1037/1037/810
f 1040/1040/959 1044/1044/817 1038/1038/811
f 1038/1038/811 1044/1044/817 1043/1043/816
f 1044/1044/817 1045/1045/818 1043/1043/816
f 1040/1040/959 1045/1045/818 1044/1044/817
f 1043/1043/816 1045/1045/818 1046/1046/919
f 1043/1043/816 1046/1046/919 1042/1042/960
f 1039/1039/958 1047/1047/961 1040/1040/959
f 1047/1047/961 1045/1045/818 1040/1040/959
f 1045/1045/818 1048/1048/962 1046/1046/919
f 1047/1047/961 1048/1048/962 1045/1045/818
f 1046/1046/919 1048/1048/962 1049/1049/963
f 1046/1046/919 1049/1049/963 1042/1042/960
f 1042/1042/960 1049/1049/963 997/997/929
f 1049/1049/963 1001/1001/933 997/997/929
f 1048/1048/962 1010/1010/940 1049/1049/963
f 1049/1049/963 1010/1010/940 1001/1001/933
f 1050/1050/964 997/997/929 993/993/925
f 1050/1050/964 1039/1039/958 1041/1041/814
f 1041/1041/814 1042/1042/960 1050/1050/964
f 993/993/925 992/992/924 1050/1050/964
f 1050/1050/964 992/992/924 1039/1039/958
f 1042/1042/960 997/997/929 1050/1050/964
f 998/998/930 1010/1010/940 1048/1048/962
f 992/992/924 998/998/930 1039/1039/958
f 998/998/930 1048/1048/962 1047/1047/961
f 1039/1039/958 998/998/930 1047/1047/961
