mtllib phantomgreen.mtl
v -0.022873 0.098233 0.098222
v -0.027574 0.097709 0.098222
v -0.028030 0.089024 0.097367
v -0.027574 0.106395 0.097367
v -0.012979 0.105764 0.097367
v -0.016346 0.111769 0.095545
v -0.019422 0.114116 0.094833
v -0.027574 0.114746 0.094833
v -0.022557 0.122443 0.090719
v -0.027574 0.126032 0.088213
v -0.020042 0.129190 0.085183
v -0.027574 0.136767 0.075468
v -0.013799 0.134726 0.078436
v -0.011960 0.138840 0.070739
v -0.010158 0.135961 0.079285
v -0.027574 0.141374 0.062388
v 0.011960 0.138840 0.070739
v 0.010158 0.135961 0.079285
v 0.027574 0.141374 0.062388
v 0.013799 0.134726 0.078436
v -0.027574 0.142229 0.053702
v 0.027574 0.136767 0.075468
v 0.027574 0.142123 0.048540
v 0.020042 0.129190 0.085183
v 0.027574 0.126032 0.088213
v 0.022557 0.122443 0.090719
v 0.027574 0.114746 0.094833
v 0.019422 0.114116 0.094833
v 0.027574 0.106395 0.097367
v 0.016346 0.111769 0.095545
v 0.012979 0.105764 0.097367
v 0.022873 0.098233 0.098222
v 0.027574 0.097709 0.098222
v 0.028030 0.089024 0.097367
v -0.027574 0.141374 0.045017
v 0.027574 0.138840 0.036665
v -0.027574 0.136766 0.031937
v 0.027574 0.134726 0.028968
v -0.027574 0.129190 0.022222
v 0.027574 0.129190 0.022222
v 0.027574 0.122443 0.016685
v -0.027574 0.122443 0.016685
v 0.027574 0.114746 0.012571
v -0.027574 0.109936 0.010694
v 0.027574 0.106395 0.010038
v -0.027574 0.097709 0.009182
v 0.027574 0.092547 0.009289
v -0.027574 0.089024 0.010038
v 0.027574 0.080672 0.012571
v -0.027574 0.075944 0.014645
v 0.027574 0.072975 0.016685
v -0.027574 0.066229 0.022222
v 0.027574 0.062654 0.025947
v -0.027574 0.060692 0.028968
v -0.027574 0.056578 0.036665
v 0.027574 0.056578 0.036665
v -0.027574 0.054045 0.045017
v 0.027574 0.053142 0.050101
v 0.011006 0.053189 0.053702
v -0.011006 0.053189 0.053702
v 0.018251 0.054045 0.062388
v 0.027574 0.054045 0.062388
v -0.027574 0.053296 0.058865
v 0.021896 0.056578 0.070739
v -0.018251 0.054045 0.062388
v 0.027574 0.056578 0.070739
v 0.028526 0.063831 0.085815
v -0.021896 0.056578 0.070739
v -0.027574 0.056578 0.070739
v -0.028526 0.063831 0.085815
v 0.022873 0.098233 -0.098222
v 0.027574 0.097709 -0.098222
v 0.028030 0.089024 -0.097367
v 0.027574 0.106395 -0.097367
v 0.012979 0.105764 -0.097367
v 0.016346 0.111769 -0.095545
v 0.019422 0.114116 -0.094833
v 0.027578 0.119469 -0.092788
v 0.022557 0.122443 -0.090719
v 0.020042 0.129190 -0.085183
v 0.027574 0.132220 -0.082025
v 0.013799 0.134726 -0.078436
v 0.027574 0.138840 -0.070739
v 0.011960 0.138840 -0.070739
v 0.010158 0.135960 -0.079285
v 0.027574 0.141374 -0.062388
v -0.011960 0.138840 -0.070739
v -0.010158 0.135960 -0.079286
v -0.027574 0.141374 -0.062388
v -0.013799 0.134726 -0.078436
v 0.027574 0.142229 -0.053702
v -0.027574 0.136766 -0.075468
v -0.027574 0.142229 -0.053702
v -0.020042 0.129190 -0.085183
v -0.027574 0.126032 -0.088213
v -0.022557 0.122443 -0.090719
v -0.027574 0.114746 -0.094833
v -0.019422 0.114116 -0.094833
v -0.027574 0.106395 -0.097367
v -0.016346 0.111769 -0.095545
v -0.012979 0.105764 -0.097367
v -0.022873 0.098233 -0.098222
v -0.027574 0.097709 -0.098222
v -0.028030 0.089024 -0.097367
v -0.027574 0.141374 -0.045017
v 0.027574 0.140262 -0.039975
v -0.027574 0.138840 -0.036665
v -0.027574 0.134726 -0.028968
v 0.027574 0.134726 -0.028968
v -0.027574 0.129190 -0.022222
v 0.027574 0.125464 -0.018647
v -0.027574 0.122443 -0.016685
v -0.027574 0.114746 -0.012571
v 0.027574 0.114746 -0.012571
v 0.027574 0.106395 -0.010038
v -0.027574 0.101311 -0.009135
v 0.027574 0.097709 -0.009182
v -0.027574 0.089024 -0.010038
v 0.027574 0.089024 -0.010038
v 0.027574 0.080672 -0.012571
v -0.027574 0.080672 -0.012571
v -0.027574 0.072975 -0.016685
v 0.027574 0.072975 -0.016685
v -0.027574 0.066229 -0.022222
v 0.027574 0.062654 -0.025947
v -0.027574 0.060692 -0.028968
v 0.027574 0.056578 -0.036665
v -0.027574 0.056578 -0.036665
v -0.027574 0.054045 -0.045017
v 0.027574 0.053142 -0.050101
v -0.027574 0.053296 -0.058864
v -0.011006 0.053189 -0.053702
v 0.011006 0.053189 -0.053702
v -0.018251 0.054045 -0.062388
v -0.021896 0.056578 -0.070739
v 0.018251 0.054045 -0.062388
v -0.027574 0.056578 -0.070739
v -0.028526 0.063831 -0.085815
v 0.027574 0.054045 -0.062388
v 0.021896 0.056578 -0.070739
v 0.027574 0.056578 -0.070739
v 0.028526 0.063831 -0.085815
v -0.006180 0.110175 -0.008900
v -0.000000 0.108427 -0.008053
v -0.003082 0.108427 -0.007440
v -0.000000 0.110259 -0.010709
v -0.005694 0.108427 -0.005694
v -0.005898 0.120753 -0.014239
v -0.000000 0.120753 -0.015412
v -0.009585 0.132658 -0.023140
v 0.000000 0.132658 -0.025047
v -0.010898 0.120753 -0.010898
v -0.010663 0.110175 -0.001924
v -0.007440 0.108427 -0.003082
v -0.008053 0.108427 -0.000000
v -0.014239 0.120753 -0.005898
v -0.008901 0.110175 0.006179
v -0.007440 0.108427 0.003082
v -0.005694 0.108427 0.005694
v -0.015412 0.120753 -0.000000
v -0.014239 0.120753 0.005898
v -0.023140 0.132658 -0.009585
v -0.023140 0.132658 0.009585
v -0.017711 0.132658 -0.017711
v -0.025047 0.132658 -0.000000
v -0.034542 0.139608 -0.014308
v -0.014308 0.139608 -0.034543
v 0.000000 0.139608 -0.037389
v -0.026438 0.139608 -0.026438
v -0.019285 0.143262 -0.046559
v 0.000000 0.143262 -0.050395
v -0.046559 0.143262 -0.019285
v -0.011695 0.144967 -0.058793
v 0.000000 0.144994 -0.059950
v -0.035635 0.143262 -0.035635
v -0.022936 0.144987 -0.055373
v -0.000000 0.150196 -0.059968
v -0.033304 0.144967 -0.049842
v -0.011699 0.150196 -0.058815
v 0.000000 0.170945 -0.039862
v -0.015254 0.170945 -0.036828
v -0.022949 0.150196 -0.055403
v -0.033316 0.150196 -0.049861
v -0.028187 0.170945 -0.028187
v -0.042381 0.144987 -0.042381
v -0.042404 0.150196 -0.042404
v -0.049842 0.144967 -0.033304
v -0.049861 0.150196 -0.033316
v -0.036828 0.170945 -0.015254
v -0.055373 0.144987 -0.022936
v -0.055403 0.150196 -0.022949
v -0.058815 0.150196 -0.011699
v -0.039862 0.170945 -0.000000
v -0.058793 0.144967 -0.011695
v -0.059968 0.150196 -0.000000
v -0.058815 0.150196 0.011699
v -0.036828 0.170945 0.015254
v -0.059935 0.144987 -0.000000
v -0.055403 0.150196 0.022949
v -0.058793 0.144967 0.011695
v -0.050395 0.143262 -0.000000
v -0.037389 0.139608 -0.000000
v -0.046559 0.143262 0.019285
v -0.034543 0.139608 0.014308
v -0.055373 0.144987 0.022936
v -0.017711 0.132658 0.017711
v -0.049842 0.144967 0.033303
v -0.026438 0.139608 0.026438
v -0.035635 0.143262 0.035635
v -0.042381 0.144987 0.042381
v -0.019285 0.143262 0.046559
v -0.049861 0.150196 0.033316
v -0.028187 0.170945 0.028187
v -0.042404 0.150196 0.042404
v -0.033316 0.150196 0.049861
v -0.015254 0.170945 0.036827
v -0.033303 0.144967 0.049842
v -0.022949 0.150196 0.055403
v -0.022936 0.144987 0.055373
v -0.011699 0.150196 0.058815
v -0.000000 0.170945 0.039862
v -0.011695 0.144967 0.058793
v -0.000000 0.150196 0.059968
v 0.011699 0.150196 0.058815
v 0.015254 0.170945 0.036827
v 0.000000 0.144987 0.059935
v 0.022949 0.150196 0.055403
v 0.011695 0.144967 0.058793
v -0.000000 0.143262 0.050395
v 0.022936 0.144987 0.055373
v 0.019285 0.143262 0.046559
v -0.000000 0.139608 0.037389
v 0.033303 0.144967 0.049842
v 0.033316 0.150196 0.049861
v 0.028187 0.170945 0.028187
v 0.042404 0.150196 0.042404
v 0.049861 0.150196 0.033316
v 0.036827 0.170945 0.015254
v 0.042381 0.144987 0.042381
v 0.049842 0.144967 0.033304
v 0.055403 0.150196 0.022949
v 0.058815 0.150196 0.011699
v 0.039862 0.170945 -0.000000
v 0.055373 0.144987 0.022936
v 0.059968 0.150196 -0.000000
v 0.058793 0.144967 0.011695
v 0.035635 0.143262 0.035635
v 0.046559 0.143262 0.019285
v 0.026438 0.139608 0.026438
v 0.014308 0.139608 0.034542
v 0.034542 0.139608 0.014308
v 0.059935 0.144987 0.000000
v 0.050395 0.143262 -0.000000
v 0.058793 0.144967 -0.011695
v 0.037388 0.139608 -0.000000
v 0.046559 0.143262 -0.019285
v 0.055373 0.144987 -0.022936
v 0.058815 0.150196 -0.011699
v 0.036827 0.170945 -0.015254
v 0.055403 0.150196 -0.022949
v 0.049861 0.150196 -0.033316
v 0.028187 0.170945 -0.028187
v 0.049842 0.144967 -0.033304
v 0.042404 0.150196 -0.042404
v 0.033316 0.150196 -0.049861
v 0.015254 0.170945 -0.036828
v 0.042381 0.144987 -0.042381
v 0.022949 0.150196 -0.055403
v 0.033303 0.144967 -0.049842
v 0.035635 0.143262 -0.035635
v 0.019285 0.143262 -0.046559
v 0.022936 0.144987 -0.055373
v 0.026438 0.139608 -0.026438
v 0.011695 0.144967 -0.058793
v 0.000000 0.143262 -0.050395
v -0.000000 0.144994 -0.059950
v 0.000000 0.139608 -0.037389
v -0.000000 0.150196 -0.059968
v 0.014308 0.139608 -0.034542
v 0.000000 0.132658 -0.025047
v 0.011699 0.150196 -0.058815
v 0.000000 0.170945 -0.039862
v 0.009585 0.132658 -0.023140
v -0.000000 0.120753 -0.015412
v 0.017711 0.132658 -0.017711
v 0.005898 0.120753 -0.014239
v -0.000000 0.110259 -0.010709
v 0.010898 0.120753 -0.010898
v 0.034542 0.139608 -0.014308
v 0.023140 0.132658 -0.009585
v 0.025047 0.132658 -0.000000
v 0.014239 0.120753 -0.005898
v 0.015412 0.120753 -0.000000
v 0.023140 0.132658 0.009585
v 0.017711 0.132658 0.017711
v 0.014239 0.120753 0.005898
v 0.010898 0.120753 0.010898
v 0.009585 0.132658 0.023140
v -0.000000 0.132658 0.025047
v 0.005898 0.120753 0.014239
v -0.014308 0.139608 0.034542
v -0.000000 0.120753 0.015412
v -0.009585 0.132658 0.023140
v -0.010898 0.120753 0.010898
v -0.005898 0.120753 0.014239
v -0.001924 0.110175 0.010663
v -0.003082 0.108427 0.007440
v -0.000000 0.108427 0.008053
v 0.006179 0.110175 0.008900
v 0.003082 0.108427 0.007440
v 0.005694 0.108427 0.005694
v 0.010663 0.110175 0.001924
v 0.007440 0.108427 0.003082
v 0.008053 0.108427 -0.000000
v 0.009894 0.110259 -0.004098
v 0.007440 0.108427 -0.003082
v 0.005694 0.108427 -0.005694
v 0.006179 0.110175 -0.008900
v 0.003082 0.108427 -0.007440
v -0.000000 0.108427 -0.008053
v 0.011006 0.053189 0.053702
v -0.000000 0.047699 0.066863
v -0.011006 0.053189 0.053702
v -0.009331 0.048091 0.068357
v -0.018251 0.054045 0.062388
v 0.009330 0.048091 0.068357
v 0.018251 0.054045 0.062388
v -0.000000 0.036819 0.079057
v -0.016449 0.050924 0.074159
v -0.021896 0.056578 0.070739
v -0.007638 0.037559 0.079716
v -0.017966 0.053226 0.078441
v -0.028526 0.063831 0.085815
v -0.014291 0.041116 0.085953
v -0.000000 0.024614 0.088740
v -0.006357 0.025137 0.089236
v -0.016062 0.043734 0.089605
v 0.007638 0.037559 0.079716
v -0.012563 0.028785 0.096449
v 0.016449 0.050924 0.074159
v 0.021896 0.056578 0.070739
v 0.017966 0.053226 0.078441
v 0.028526 0.063831 0.085815
v 0.014291 0.041116 0.085953
v 0.006357 0.025137 0.089236
v 0.016062 0.043734 0.089605
v -0.000000 0.003317 0.098696
v 0.012563 0.028785 0.096449
v 0.004865 0.003752 0.099476
v 0.029219 0.065033 0.086803
v 0.014320 0.030770 0.100357
v 0.027574 0.056578 0.070739
v 0.027923 0.051990 0.102664
v 0.026660 0.037723 0.114210
v 0.011513 0.007361 0.110019
v 0.025313 0.021188 0.122564
v 0.009628 -0.022056 0.115577
v 0.023524 0.002807 0.127988
v 0.026648 0.044753 0.118161
v 0.029278 0.072776 0.094787
v 0.019832 -0.031175 0.131172
v 0.028898 0.062912 0.080099
v 0.007574 -0.048757 0.112709
v 0.016604 -0.057899 0.127164
v 0.022551 0.004741 0.135097
v 0.018850 -0.030388 0.136529
v 0.024162 0.021862 0.131222
v 0.022169 0.047190 0.128778
v 0.025701 0.068360 0.113060
v 0.015773 0.007741 0.144892
v 0.012548 0.050138 0.142324
v 0.028907 0.082025 0.095603
v 0.018843 0.072192 0.123192
v 0.028030 0.089024 0.097367
v 0.020306 0.086647 0.110193
v 0.027574 0.097709 0.098222
v 0.028908 0.074698 0.080759
v 0.028912 0.102716 0.096775
v 0.027574 0.106395 0.097367
v 0.028908 0.086804 0.087506
v 0.027574 0.114746 0.094833
v 0.028908 0.100570 0.089106
v 0.028910 0.114233 0.093593
v 0.027574 0.122443 0.090719
v 0.028912 0.125802 0.086735
v 0.027574 0.129190 0.085183
v 0.028908 0.113901 0.085316
v 0.027574 0.134726 0.078436
v 0.028912 0.136304 0.073469
v 0.027574 0.138840 0.070739
v 0.028910 0.122718 0.078711
v 0.027574 0.141374 0.062388
v 0.028908 0.128736 0.070992
v 0.028912 0.140931 0.057195
v 0.027574 0.142229 0.053702
v 0.027574 0.141374 0.045017
v 0.028908 0.132991 0.057803
v 0.028912 0.138978 0.040389
v 0.027574 0.138840 0.036665
v 0.027574 0.134726 0.028968
v 0.028908 0.131874 0.043990
v 0.028912 0.130741 0.025610
v 0.027574 0.129190 0.022222
v 0.027574 0.122443 0.016685
v 0.028910 0.127116 0.034053
v 0.028910 0.121698 0.017801
v 0.027574 0.114746 0.012571
v 0.028908 0.120720 0.026645
v 0.028912 0.109567 0.011992
v 0.027574 0.106395 0.010038
v 0.027574 0.097709 0.009182
v 0.028908 0.108614 0.019899
v 0.028912 0.092703 0.010630
v 0.027574 0.089024 0.010038
v 0.027574 0.080672 0.012571
v 0.028908 0.094848 0.018299
v 0.028912 0.076601 0.015824
v 0.027574 0.072975 0.016685
v 0.027574 0.066229 0.022222
v 0.028908 0.081518 0.022089
v 0.028912 0.063712 0.026785
v 0.027574 0.060692 0.028968
v 0.027574 0.056578 0.036665
v 0.028908 0.070652 0.030691
v 0.028910 0.057818 0.037179
v 0.027574 0.054045 0.045017
v 0.028912 0.054488 0.050209
v 0.027574 0.053189 0.053702
v 0.028908 0.063906 0.042797
v 0.027574 0.054045 0.062388
v 0.028911 0.056277 0.066271
v 0.028908 0.062306 0.056563
v 0.027556 0.063715 0.050150
v 0.027574 0.066274 0.040681
v 0.028908 0.066096 0.069894
v 0.027574 0.064338 0.060340
v 0.027556 0.067471 0.069634
v 0.027556 0.075869 0.079993
v 0.023401 0.069993 0.072898
v 0.027556 0.087593 0.086350
v 0.023962 0.076207 0.080269
v 0.023962 0.088010 0.086476
v 0.027556 0.100856 0.087736
v 0.023071 0.077130 0.079694
v 0.023072 0.088643 0.085593
v 0.023072 0.066157 0.063881
v 0.023962 0.101291 0.087693
v 0.023962 0.065071 0.063846
v 0.023072 0.101537 0.086635
v 0.023072 0.064663 0.051032
v 0.023962 0.063673 0.050584
v 0.023401 0.066350 0.041321
v 0.023072 0.113848 0.082663
v 0.023980 0.110730 0.085138
v 0.027556 0.113641 0.083941
v 0.023962 0.119571 0.079974
v 0.027556 0.124000 0.075542
v 0.023072 0.071716 0.033123
v 0.027574 0.129145 0.066723
v 0.023962 0.071142 0.032200
v 0.027556 0.131703 0.057255
v 0.023962 0.127961 0.069608
v 0.023980 0.131081 0.060340
v 0.027556 0.130475 0.043976
v 0.023962 0.131700 0.050121
v 0.027556 0.124259 0.032177
v 0.023401 0.128638 0.040282
v 0.023962 0.123982 0.031841
v 0.027574 0.116613 0.025411
v 0.027556 0.107826 0.021055
v 0.023401 0.115970 0.025361
v 0.023962 0.107408 0.020929
v 0.023071 0.122964 0.032224
v 0.027574 0.097709 0.019677
v 0.023072 0.106776 0.021812
v 0.023072 0.130642 0.049874
v 0.023980 0.097709 0.019677
v 0.023072 0.093882 0.020770
v 0.023072 0.129600 0.062768
v 0.027556 0.087983 0.020936
v 0.023962 0.087565 0.021064
v 0.027574 0.078806 0.025411
v 0.027556 0.071418 0.031862
v 0.023072 0.123703 0.074282
v 0.023072 0.081570 0.024742
v 0.023980 0.078806 0.025411
v 0.022909 0.097892 0.098051
v 0.011983 0.104760 0.099250
v 0.012979 0.105764 0.097367
v 0.012135 0.094135 0.111489
v 0.015037 0.111097 0.098406
v 0.016346 0.111769 0.095545
v 0.018391 0.113766 0.097355
v 0.019422 0.114116 0.094833
v 0.021281 0.120926 0.093545
v 0.022557 0.122443 0.090719
v 0.019929 0.112558 0.108721
v 0.018410 0.128269 0.088192
v 0.020042 0.129190 0.085183
v 0.013799 0.134726 0.078436
v 0.010158 0.130765 0.094433
v 0.010158 0.135961 0.079285
v 0.015399 0.112285 0.118859
v -0.010158 0.130765 0.094433
v -0.010158 0.135961 0.079285
v 0.010153 0.122777 0.109911
v -0.013799 0.134726 0.078436
v -0.018410 0.128269 0.088192
v -0.020042 0.129190 0.085183
v -0.022557 0.122443 0.090719
v -0.010158 0.122808 0.109855
v 0.009731 0.113984 0.122757
v -0.021282 0.120926 0.093545
v -0.019422 0.114116 0.094833
v -0.015400 0.112285 0.118859
v -0.018391 0.113766 0.097355
v -0.016346 0.111769 0.095545
v -0.019929 0.112558 0.108721
v -0.015037 0.111097 0.098406
v -0.012979 0.105764 0.097367
v -0.011983 0.104760 0.099250
v -0.022909 0.097892 0.098051
v -0.012135 0.094135 0.111489
v -0.020306 0.086647 0.110193
v -0.028030 0.089024 0.097367
v -0.018289 0.106217 0.112089
v -0.015239 0.099514 0.117957
v -0.018419 0.096786 0.127893
v -0.017594 0.095728 0.124391
v -0.009731 0.113984 0.122757
v -0.014855 0.096191 0.134232
v -0.009403 0.104371 0.132946
v 0.009403 0.104371 0.132946
v -0.008990 0.092685 0.141605
v 0.014855 0.096191 0.134232
v 0.018289 0.106217 0.112089
v 0.018419 0.096786 0.127893
v 0.015239 0.099514 0.117957
v 0.017594 0.095728 0.124391
v 0.013985 0.083228 0.131069
v 0.011320 0.077618 0.127133
v 0.016283 0.077224 0.136286
v 0.013480 0.056837 0.142364
v 0.017011 0.082654 0.136977
v 0.013695 0.047351 0.149324
v 0.013240 0.072593 0.146685
v 0.011934 0.043586 0.145806
v 0.007815 0.028110 0.167696
v 0.011645 0.036015 0.155202
v 0.009952 0.034711 0.152767
v 0.010271 0.034479 0.149829
v 0.006839 0.028231 0.157439
v 0.005307 0.024463 0.157378
v 0.004931 0.010199 0.159186
v 0.008853 0.026721 0.161804
v 0.009161 -0.017393 0.152471
v -0.000000 0.022875 0.159364
v 0.005595 0.019986 0.172114
v 0.003365 -0.016578 0.160838
v -0.000000 0.010988 0.161115
v -0.000000 -0.016198 0.162336
v 0.003038 -0.039294 0.158576
v -0.000000 -0.039151 0.159860
v -0.004931 0.010199 0.159186
v -0.003365 -0.016578 0.160838
v -0.005307 0.024463 0.157378
v -0.003038 -0.039294 0.158576
v -0.009161 -0.017393 0.152471
v -0.000000 -0.055088 0.156296
v -0.006355 -0.039687 0.153978
v -0.002313 -0.055083 0.155611
v 0.002313 -0.055083 0.155611
v -0.000710 -0.063691 0.153586
v 0.006354 -0.039687 0.153978
v 0.000465 -0.064416 0.152976
v 0.009685 -0.017616 0.150046
v 0.003736 -0.055211 0.153456
v 0.006123 -0.039882 0.152481
v 0.005217 -0.031532 0.150916
v 0.008782 -0.034880 0.147566
v 0.015384 -0.058746 0.130578
v -0.000000 -0.040091 0.152033
v 0.002133 -0.071238 0.099225
v 0.013769 -0.080136 0.120710
v 0.010493 -0.102342 0.107611
v 0.002698 -0.047701 0.103885
v 0.007042 -0.061905 0.139910
v 0.005608 -0.083403 0.129052
v -0.000000 -0.063753 0.143191
v 0.000524 -0.104733 0.114799
v -0.000000 -0.084518 0.131267
v 0.005143 -0.119514 0.096586
v 0.007810 -0.117853 0.095012
v 0.004997 -0.134742 0.077475
v 0.001589 -0.098610 0.089227
v -0.000000 -0.126564 0.070868
v -0.000000 -0.098200 0.088565
v -0.000000 -0.145107 0.050253
v -0.000000 -0.071921 0.098351
v 0.002311 -0.148684 0.053476
v 0.000000 -0.155171 0.031794
v -0.001589 -0.098610 0.089227
v -0.004985 -0.134542 0.077510
v -0.002133 -0.071238 0.099225
v -0.007810 -0.117853 0.095012
v -0.002311 -0.148684 0.053476
v -0.010493 -0.102342 0.107611
v -0.013769 -0.080136 0.120710
v -0.016604 -0.057899 0.127164
v -0.015384 -0.058746 0.130578
v -0.007042 -0.061905 0.139910
v -0.005143 -0.119514 0.096586
v -0.005608 -0.083403 0.129052
v -0.003946 -0.103348 0.113690
v -0.000000 -0.120425 0.098443
v -0.000357 -0.135890 0.078733
v -0.000000 -0.149389 0.053890
v 0.000000 -0.155717 0.033144
v -0.008782 -0.034880 0.147566
v -0.018850 -0.030388 0.136529
v -0.005218 -0.031532 0.150916
v -0.019832 -0.031175 0.131172
v -0.009685 -0.017616 0.150046
v -0.006123 -0.039882 0.152481
v -0.000000 -0.063535 0.152087
v 0.001419 -0.063093 0.152273
v -0.015773 0.007741 0.144892
v -0.001419 -0.063093 0.152273
v -0.003736 -0.055211 0.153456
v -0.024163 0.021862 0.131222
v -0.022551 0.004741 0.135097
v -0.010272 0.034479 0.149829
v -0.023525 0.002807 0.127988
v -0.007574 -0.048757 0.112709
v -0.009628 -0.022056 0.115577
v -0.002699 -0.047701 0.103885
v -0.000000 -0.047536 0.103299
v -0.003541 -0.023495 0.104918
v 0.003541 -0.023495 0.104918
v -0.000000 -0.023828 0.104196
v -0.004865 0.003752 0.099476
v -0.011513 0.007361 0.110018
v -0.014320 0.030770 0.100357
v -0.025313 0.021188 0.122564
v -0.026660 0.037723 0.114210
v -0.026648 0.044753 0.118161
v -0.027923 0.051991 0.102664
v -0.029219 0.065033 0.086803
v -0.027574 0.056578 0.070739
v -0.029278 0.072776 0.094787
v -0.025701 0.068360 0.113060
v -0.022169 0.047190 0.128777
v -0.012548 0.050138 0.142324
v -0.018843 0.072192 0.123192
v -0.011934 0.043586 0.145806
v -0.009952 0.034711 0.152767
v -0.006839 0.028231 0.157439
v -0.011645 0.036015 0.155202
v -0.008853 0.026721 0.161804
v -0.013480 0.056837 0.142364
v -0.013695 0.047351 0.149324
v -0.007815 0.028110 0.167696
v -0.013240 0.072593 0.146685
v -0.006220 0.034931 0.167992
v -0.017011 0.082654 0.136977
v -0.004162 0.023334 0.177085
v -0.016283 0.077224 0.136286
v -0.013985 0.083228 0.131069
v -0.005596 0.019986 0.172114
v -0.011320 0.077618 0.127133
v -0.028907 0.082025 0.095603
v -0.008496 0.079187 0.148972
v 0.006619 0.041115 0.164860
v 0.008527 0.078332 0.149280
v 0.008945 0.092577 0.141715
v 0.005869 0.031833 0.170160
v 0.004176 0.023417 0.177018
v -0.001101 0.014793 0.187434
v 0.001100 0.014793 0.187434
v -0.001480 0.013419 0.186530
v -0.000000 0.013491 0.187475
v 0.001441 0.013318 0.186492
v 0.020042 0.129190 -0.085183
v 0.022557 0.122443 -0.090719
v 0.018410 0.128269 -0.088192
v 0.013799 0.134726 -0.078436
v 0.021281 0.120926 -0.093545
v 0.019422 0.114116 -0.094833
v 0.010158 0.130765 -0.094433
v 0.010158 0.135960 -0.079285
v 0.018391 0.113766 -0.097355
v 0.016346 0.111769 -0.095545
v 0.019929 0.112558 -0.108721
v 0.015037 0.111097 -0.098406
v 0.012979 0.105764 -0.097367
v 0.011983 0.104760 -0.099250
v 0.022909 0.097892 -0.098051
v 0.012135 0.094135 -0.111489
v 0.018289 0.106217 -0.112089
v 0.028030 0.089024 -0.097367
v 0.020306 0.086647 -0.110193
v 0.015239 0.099514 -0.117957
v 0.017594 0.095728 -0.124391
v 0.018419 0.096786 -0.127893
v 0.015400 0.112285 -0.118859
v 0.010158 0.122808 -0.109856
v 0.009731 0.113984 -0.122757
v 0.014855 0.096191 -0.134233
v 0.009403 0.104371 -0.132946
v -0.009731 0.113984 -0.122757
v -0.009403 0.104371 -0.132946
v -0.010153 0.122777 -0.109911
v -0.010158 0.130765 -0.094433
v -0.010158 0.135960 -0.079286
v -0.013799 0.134726 -0.078436
v -0.018410 0.128269 -0.088192
v -0.020042 0.129190 -0.085183
v -0.022557 0.122443 -0.090719
v -0.021281 0.120926 -0.093545
v -0.019422 0.114116 -0.094833
v -0.015400 0.112285 -0.118859
v -0.018391 0.113766 -0.097355
v -0.016346 0.111769 -0.095545
v -0.019929 0.112558 -0.108721
v -0.015037 0.111097 -0.098406
v -0.012979 0.105764 -0.097367
v -0.011983 0.104760 -0.099250
v -0.022909 0.097892 -0.098051
v -0.012135 0.094135 -0.111489
v -0.020306 0.086647 -0.110193
v -0.028030 0.089024 -0.097367
v -0.018289 0.106217 -0.112089
v -0.015239 0.099514 -0.117957
v -0.018419 0.096786 -0.127893
v -0.017594 0.095728 -0.124391
v -0.014855 0.096191 -0.134233
v -0.008990 0.092685 -0.141605
v 0.008945 0.092577 -0.141715
v -0.008517 0.079216 -0.148940
v 0.008522 0.078608 -0.149175
v -0.013240 0.072593 -0.146685
v -0.017011 0.082654 -0.136977
v -0.013985 0.083228 -0.131069
v -0.016283 0.077224 -0.136286
v -0.011320 0.077618 -0.127133
v -0.013480 0.056837 -0.142364
v -0.013695 0.047351 -0.149324
v -0.012548 0.050138 -0.142324
v -0.006619 0.041114 -0.164860
v -0.018843 0.072192 -0.123192
v -0.011934 0.043586 -0.145806
v -0.025701 0.068360 -0.113060
v -0.010271 0.034479 -0.149829
v -0.022169 0.047190 -0.128778
v -0.009952 0.034711 -0.152767
v -0.011645 0.036015 -0.155202
v -0.006839 0.028231 -0.157439
v -0.005307 0.024463 -0.157378
v -0.007815 0.028110 -0.167696
v -0.008853 0.026721 -0.161804
v -0.005869 0.031833 -0.170160
v 0.000000 0.022875 -0.159364
v -0.004176 0.023417 -0.177018
v -0.005595 0.019986 -0.172114
v -0.001100 0.014793 -0.187434
v -0.001480 0.013419 -0.186530
v 0.000000 0.013491 -0.187475
v 0.001441 0.013318 -0.186492
v 0.005596 0.019986 -0.172114
v 0.001101 0.014793 -0.187434
v 0.007815 0.028110 -0.167696
v 0.008853 0.026721 -0.161804
v 0.004162 0.023334 -0.177085
v 0.006220 0.034931 -0.167992
v 0.013240 0.072593 -0.146685
v 0.013695 0.047351 -0.149324
v 0.017011 0.082654 -0.136977
v 0.016283 0.077224 -0.136286
v 0.013985 0.083228 -0.131069
v 0.011320 0.077618 -0.127133
v 0.013480 0.056837 -0.142364
v 0.018843 0.072192 -0.123192
v 0.012548 0.050138 -0.142324
v 0.011934 0.043586 -0.145806
v 0.011645 0.036015 -0.155202
v 0.006839 0.028231 -0.157439
v 0.009952 0.034711 -0.152767
v 0.010272 0.034479 -0.149829
v 0.005307 0.024463 -0.157378
v 0.025701 0.068360 -0.113060
v 0.000000 0.010988 -0.161115
v 0.022169 0.047190 -0.128778
v 0.026648 0.044753 -0.118161
v 0.028907 0.082025 -0.095603
v 0.029278 0.072776 -0.094787
v 0.027574 0.097709 -0.098222
v 0.027923 0.051990 -0.102664
v 0.026660 0.037723 -0.114210
v 0.028912 0.102716 -0.096775
v 0.027574 0.106395 -0.097367
v 0.029219 0.065033 -0.086803
v 0.027574 0.114746 -0.094833
v 0.028912 0.118818 -0.091580
v 0.027574 0.122443 -0.090719
v 0.027574 0.129190 -0.085183
v 0.028908 0.100570 -0.089106
v 0.028912 0.131706 -0.080619
v 0.027574 0.134726 -0.078436
v 0.028908 0.113901 -0.085316
v 0.027574 0.138840 -0.070739
v 0.028908 0.124766 -0.076713
v 0.028912 0.139419 -0.065560
v 0.027574 0.141374 -0.062388
v 0.027574 0.142229 -0.053702
v 0.028910 0.130384 -0.067237
v 0.028912 0.140782 -0.048696
v 0.027574 0.141374 -0.045017
v 0.028908 0.132991 -0.057803
v 0.027574 0.138840 -0.036665
v 0.028910 0.137600 -0.037179
v 0.027574 0.134726 -0.028968
v 0.028908 0.131874 -0.043990
v 0.028912 0.130741 -0.025610
v 0.027574 0.129190 -0.022222
v 0.027574 0.122443 -0.016685
v 0.028910 0.127116 -0.034053
v 0.028910 0.121698 -0.017801
v 0.027574 0.114746 -0.012571
v 0.028908 0.120720 -0.026645
v 0.028912 0.109567 -0.011992
v 0.027574 0.106395 -0.010038
v 0.027574 0.097709 -0.009182
v 0.028908 0.108614 -0.019899
v 0.028910 0.097709 -0.010524
v 0.027574 0.089024 -0.010038
v 0.028912 0.084396 -0.012434
v 0.027574 0.080672 -0.012571
v 0.028908 0.094848 -0.018299
v 0.027574 0.072975 -0.016685
v 0.028912 0.069617 -0.020670
v 0.027574 0.066229 -0.022222
v 0.028910 0.084175 -0.021027
v 0.027574 0.060692 -0.028968
v 0.028908 0.075661 -0.025855
v 0.028912 0.059114 -0.033935
v 0.027574 0.056578 -0.036665
v 0.027574 0.054045 -0.045017
v 0.028908 0.066683 -0.036412
v 0.028912 0.054488 -0.050210
v 0.027574 0.053189 -0.053702
v 0.027574 0.054045 -0.062388
v 0.028910 0.063022 -0.046802
v 0.028911 0.056276 -0.066271
v 0.027574 0.056578 -0.070739
v 0.028908 0.062306 -0.056563
v 0.027556 0.067663 -0.037411
v 0.027574 0.064338 -0.047064
v 0.027556 0.076184 -0.027153
v 0.028898 0.062912 -0.080100
v 0.028908 0.066096 -0.069894
v 0.027574 0.084688 -0.022267
v 0.027556 0.094562 -0.019668
v 0.023962 0.087565 -0.021064
v 0.023962 0.075847 -0.027430
v 0.023401 0.097147 -0.019992
v 0.027556 0.107826 -0.021055
v 0.023962 0.107408 -0.020929
v 0.027574 0.116613 -0.025411
v 0.023401 0.115970 -0.025361
v 0.027556 0.124259 -0.032177
v 0.023962 0.123982 -0.031841
v 0.023071 0.122964 -0.032224
v 0.027556 0.130475 -0.043976
v 0.023072 0.106776 -0.021812
v 0.023401 0.128638 -0.040282
v 0.023072 0.130641 -0.049874
v 0.023980 0.131081 -0.047064
v 0.023072 0.087530 -0.022150
v 0.027556 0.131703 -0.057255
v 0.023962 0.131745 -0.056821
v 0.023072 0.129600 -0.062768
v 0.023980 0.129145 -0.066723
v 0.027556 0.127756 -0.069994
v 0.023401 0.126051 -0.071963
v 0.023072 0.076231 -0.028447
v 0.023072 0.119188 -0.078958
v 0.023962 0.119571 -0.079974
v 0.027556 0.119234 -0.080252
v 0.023401 0.069368 -0.035442
v 0.023962 0.064936 -0.044004
v 0.023072 0.065819 -0.044636
v 0.023401 0.111129 -0.084631
v 0.027556 0.107436 -0.086468
v 0.023962 0.101291 -0.087693
v 0.023072 0.101537 -0.086635
v 0.027574 0.097709 -0.087728
v 0.023401 0.063999 -0.054265
v 0.028908 0.086804 -0.087506
v 0.027556 0.087593 -0.086350
v 0.023980 0.091071 -0.087074
v 0.023962 0.081803 -0.083954
v 0.027556 0.075869 -0.079993
v 0.023072 0.088643 -0.085593
v 0.028908 0.074698 -0.080759
v 0.023072 0.066157 -0.063881
v 0.023962 0.065071 -0.063846
v 0.023401 0.069993 -0.072898
v 0.023071 0.077130 -0.079694
v 0.023980 0.073650 -0.077762
v 0.027556 0.067471 -0.069634
v 0.028526 0.063831 -0.085815
v 0.027556 0.063675 -0.056850
v 0.017966 0.053225 -0.078441
v 0.021896 0.056578 -0.070739
v 0.016062 0.043734 -0.089605
v 0.016449 0.050924 -0.074159
v 0.018251 0.054045 -0.062388
v 0.014291 0.041116 -0.085953
v 0.009331 0.048091 -0.068357
v 0.011006 0.053189 -0.053702
v 0.007638 0.037559 -0.079716
v 0.000000 0.047699 -0.066863
v -0.011006 0.053189 -0.053702
v 0.000000 0.036819 -0.079057
v -0.009330 0.048091 -0.068357
v -0.018251 0.054045 -0.062388
v 0.000000 0.024614 -0.088740
v -0.016449 0.050924 -0.074159
v -0.021896 0.056578 -0.070739
v -0.007638 0.037559 -0.079716
v -0.017966 0.053225 -0.078441
v -0.028526 0.063831 -0.085815
v -0.014291 0.041116 -0.085953
v -0.006357 0.025137 -0.089236
v 0.006357 0.025137 -0.089236
v 0.000000 0.003317 -0.098696
v 0.012563 0.028785 -0.096449
v 0.004865 0.003752 -0.099476
v 0.014320 0.030770 -0.100357
v 0.011513 0.007361 -0.110018
v 0.025313 0.021188 -0.122564
v 0.023525 0.002807 -0.127988
v 0.009628 -0.022056 -0.115577
v 0.024163 0.021862 -0.131222
v 0.022551 0.004741 -0.135097
v 0.019832 -0.031175 -0.131172
v 0.015773 0.007741 -0.144892
v 0.018850 -0.030388 -0.136529
v 0.004931 0.010199 -0.159186
v 0.003365 -0.016578 -0.160838
v 0.000000 -0.016198 -0.162336
v -0.004931 0.010199 -0.159186
v 0.009161 -0.017393 -0.152471
v -0.003365 -0.016578 -0.160838
v 0.000000 -0.039151 -0.159860
v 0.003038 -0.039294 -0.158576
v -0.003038 -0.039294 -0.158576
v 0.000000 -0.055088 -0.156296
v 0.006355 -0.039687 -0.153978
v -0.009161 -0.017393 -0.152471
v 0.009685 -0.017616 -0.150046
v 0.002313 -0.055083 -0.155611
v -0.000710 -0.063691 -0.153586
v 0.016604 -0.057900 -0.127164
v -0.002313 -0.055083 -0.155611
v -0.006354 -0.039687 -0.153978
v 0.007574 -0.048757 -0.112709
v 0.002133 -0.071238 -0.099225
v 0.013769 -0.080136 -0.120710
v 0.003541 -0.023495 -0.104918
v 0.002699 -0.047701 -0.103885
v 0.000000 -0.023828 -0.104196
v 0.000000 -0.047536 -0.103299
v 0.000000 -0.071921 -0.098351
v -0.003541 -0.023495 -0.104918
v -0.004865 0.003752 -0.099476
v -0.002698 -0.047701 -0.103885
v -0.009628 -0.022056 -0.115577
v -0.012563 0.028785 -0.096449
v -0.011513 0.007361 -0.110019
v -0.016062 0.043734 -0.089605
v -0.014320 0.030770 -0.100357
v -0.029219 0.065033 -0.086803
v -0.027923 0.051991 -0.102664
v -0.027574 0.056578 -0.070739
v -0.026660 0.037723 -0.114210
v -0.025313 0.021188 -0.122564
v -0.023524 0.002807 -0.127988
v -0.007574 -0.048757 -0.112709
v -0.019832 -0.031175 -0.131172
v -0.002133 -0.071238 -0.099225
v 0.000000 -0.098200 -0.088565
v -0.024162 0.021862 -0.131222
v -0.022551 0.004741 -0.135097
v -0.018850 -0.030388 -0.136529
v -0.016604 -0.057899 -0.127164
v -0.013769 -0.080136 -0.120710
v -0.001589 -0.098610 -0.089227
v -0.010493 -0.102342 -0.107611
v -0.015384 -0.058746 -0.130577
v -0.008782 -0.034880 -0.147566
v -0.007810 -0.117853 -0.095012
v -0.007042 -0.061905 -0.139910
v -0.009685 -0.017616 -0.150046
v -0.005608 -0.083404 -0.129052
v -0.015773 0.007741 -0.144892
v -0.026648 0.044753 -0.118161
v -0.029278 0.072776 -0.094787
v -0.028907 0.082025 -0.095603
v -0.027574 0.097709 -0.098222
v -0.028898 0.062912 -0.080100
v -0.028910 0.097709 -0.096880
v -0.027574 0.106395 -0.097367
v -0.028912 0.111023 -0.094971
v -0.027574 0.114746 -0.094833
v -0.028908 0.086804 -0.087506
v -0.027574 0.122443 -0.090719
v -0.028908 0.100570 -0.089106
v -0.028910 0.121698 -0.089603
v -0.027574 0.129190 -0.085183
v -0.028910 0.111244 -0.086378
v -0.028912 0.131706 -0.080619
v -0.027574 0.134726 -0.078436
v -0.028908 0.119757 -0.081550
v -0.027574 0.138840 -0.070739
v -0.028910 0.137600 -0.070226
v -0.027574 0.141374 -0.062388
v -0.028908 0.128736 -0.070993
v -0.028912 0.140931 -0.057195
v -0.027574 0.142229 -0.053702
v -0.027574 0.141374 -0.045017
v -0.028908 0.132991 -0.057803
v -0.028912 0.138978 -0.040389
v -0.027574 0.138840 -0.036665
v -0.027574 0.134726 -0.028968
v -0.028908 0.131874 -0.043990
v -0.028912 0.130741 -0.025610
v -0.027574 0.129190 -0.022222
v -0.027574 0.122443 -0.016685
v -0.028910 0.127116 -0.034053
v -0.028910 0.121698 -0.017801
v -0.027574 0.114746 -0.012571
v -0.028908 0.120720 -0.026645
v -0.028912 0.109567 -0.011992
v -0.027574 0.106395 -0.010038
v -0.027574 0.097709 -0.009182
v -0.028908 0.108615 -0.019899
v -0.028910 0.097709 -0.010524
v -0.027574 0.089024 -0.010038
v -0.028912 0.084396 -0.012434
v -0.027574 0.080672 -0.012571
v -0.028908 0.094848 -0.018299
v -0.027574 0.072975 -0.016685
v -0.028912 0.069617 -0.020670
v -0.027574 0.066229 -0.022222
v -0.028910 0.084175 -0.021027
v -0.027574 0.060692 -0.028968
v -0.028908 0.075661 -0.025855
v -0.028912 0.059114 -0.033935
v -0.027574 0.056578 -0.036665
v -0.027574 0.054045 -0.045017
v -0.028910 0.068302 -0.034053
v -0.028912 0.054488 -0.050210
v -0.027574 0.053189 -0.053702
v -0.028908 0.063906 -0.042797
v -0.027574 0.054045 -0.062388
v -0.028911 0.056276 -0.066271
v -0.028908 0.062306 -0.056563
v -0.027556 0.065062 -0.043586
v -0.028910 0.065034 -0.067237
v -0.028908 0.069862 -0.075750
v -0.027556 0.063675 -0.056850
v -0.027556 0.067471 -0.069634
v -0.028910 0.078060 -0.083109
v -0.027556 0.075869 -0.079993
v -0.027556 0.087593 -0.086350
v -0.023962 0.076207 -0.080270
v -0.027574 0.097709 -0.087728
v -0.023980 0.084688 -0.085138
v -0.023962 0.094591 -0.087738
v -0.027556 0.107436 -0.086468
v -0.023962 0.107853 -0.086341
v -0.027574 0.116613 -0.081993
v -0.027556 0.124000 -0.075542
v -0.023980 0.116613 -0.081993
v -0.023962 0.124277 -0.075205
v -0.027574 0.129145 -0.066723
v -0.027556 0.131703 -0.057255
v -0.023962 0.130483 -0.063401
v -0.027556 0.130475 -0.043976
v -0.023962 0.131700 -0.050121
v -0.027574 0.126000 -0.034799
v -0.023401 0.128638 -0.040282
v -0.027556 0.119549 -0.027411
v -0.023962 0.123982 -0.031841
v -0.027556 0.107826 -0.021055
v -0.023401 0.115970 -0.025361
v -0.023962 0.107408 -0.020929
v -0.023071 0.122964 -0.032224
v -0.027574 0.097709 -0.019677
v -0.023072 0.106776 -0.021812
v -0.023072 0.130641 -0.049874
v -0.023401 0.097147 -0.019992
v -0.023072 0.129600 -0.062768
v -0.027556 0.087983 -0.020936
v -0.023962 0.087565 -0.021064
v -0.023072 0.087530 -0.022150
v -0.027556 0.076184 -0.027153
v -0.023072 0.123703 -0.074282
v -0.023072 0.076231 -0.028447
v -0.023962 0.075847 -0.027430
v -0.027574 0.069418 -0.034799
v -0.023401 0.069368 -0.035442
v -0.023962 0.064936 -0.044004
v -0.023072 0.065819 -0.044636
v -0.023072 0.113848 -0.082663
v -0.023072 0.101537 -0.086635
v -0.023401 0.063999 -0.054265
v -0.023962 0.065071 -0.063846
v -0.023072 0.066157 -0.063881
v -0.023072 0.088643 -0.085593
v -0.023401 0.069993 -0.072899
v -0.023071 0.077130 -0.079694
v -0.002713 -0.190860 0.005590
v 0.003213 -0.190842 0.005399
v 0.000000 -0.190172 0.005616
v 0.004761 -0.190003 0.004877
v 0.004974 -0.190658 0.004956
v -0.004761 -0.190003 0.004877
v -0.004974 -0.190658 0.004956
v 0.006127 -0.188419 0.005522
v 0.005702 -0.188023 0.005484
v 0.005234 -0.181779 0.009277
v 0.004691 -0.189179 -0.000012
v 0.003708 -0.179726 0.011106
v 0.000000 -0.179392 0.012030
v 0.000000 -0.179810 0.011363
v 0.005664 -0.187799 -0.005487
v 0.004049 -0.178483 0.000013
v -0.003708 -0.179726 0.011106
v -0.005702 -0.188023 0.005484
v -0.005234 -0.181779 0.009277
v -0.006127 -0.188419 0.005522
v -0.004701 -0.189166 -0.000023
v -0.004764 -0.190003 -0.004875
v 0.004764 -0.190003 -0.004875
v 0.000000 -0.190173 -0.005617
v 0.005231 -0.181763 -0.009291
v 0.006127 -0.188418 -0.005522
v 0.004973 -0.190655 -0.004958
v 0.003214 -0.190850 -0.005395
v -0.002805 -0.190864 -0.005570
v -0.004973 -0.190655 -0.004958
v -0.006127 -0.188418 -0.005522
v -0.005664 -0.187799 -0.005487
v -0.005231 -0.181763 -0.009291
v -0.004831 -0.180233 0.000013
v -0.003719 -0.179730 -0.011102
v 0.003719 -0.179730 -0.011102
v -0.000000 -0.179810 -0.011363
v 0.000000 -0.179392 -0.012030
v -0.003596 -0.178218 0.000007
v 0.000000 0.170945 -0.039862
v -0.000000 0.194885 -0.024279
v 0.015254 0.170945 -0.036828
v -0.015254 0.170945 -0.036828
v 0.010665 0.194884 -0.022163
v 0.028187 0.170945 -0.028187
v -0.010665 0.194884 -0.022163
v -0.028187 0.170945 -0.028187
v -0.000000 0.223358 -0.008697
v 0.021445 0.194885 -0.013929
v -0.021445 0.194885 -0.013929
v 0.006316 0.223358 -0.006496
v 0.026676 0.194885 -0.004610
v 0.036827 0.170945 -0.015254
v 0.014821 0.223358 0.001257
v 0.029032 0.194885 0.006301
v 0.039862 0.170945 -0.000000
v 0.019500 0.223358 0.009407
v 0.003976 0.250299 0.005909
v 0.028433 0.194885 0.014967
v 0.036827 0.170945 0.015254
v 0.010545 0.250299 0.013944
v 0.021828 0.223358 0.018701
v 0.014443 0.250299 0.023878
v 0.021879 0.223358 0.026981
v 0.016651 0.250299 0.035282
v 0.008567 0.270504 0.023274
v 0.012143 0.270504 0.035350
v 0.003220 0.270504 0.013431
v 0.007701 0.309240 0.033227
v 0.002906 0.309280 0.021560
v -0.000000 0.270504 0.010863
v -0.000000 0.309328 0.019101
v -0.000000 0.250299 0.003590
v -0.006316 0.223358 -0.006496
v -0.003976 0.250299 0.005909
v -0.014822 0.223358 0.001257
v -0.003220 0.270504 0.013431
v -0.010545 0.250299 0.013944
v -0.026676 0.194885 -0.004610
v -0.036828 0.170945 -0.015254
v -0.019500 0.223358 0.009407
v -0.029032 0.194885 0.006301
v -0.039862 0.170945 -0.000000
v -0.014443 0.250299 0.023878
v -0.028433 0.194885 0.014967
v -0.036828 0.170945 0.015254
v -0.021828 0.223358 0.018701
v -0.021879 0.223358 0.026981
v -0.016651 0.250299 0.035282
v -0.008567 0.270504 0.023274
v -0.012143 0.270504 0.035350
v -0.002906 0.309280 0.021560
v -0.007701 0.309240 0.033227
v -0.000000 0.354479 0.023839
v -0.002915 0.354472 0.026106
v 0.002915 0.354472 0.026106
v -0.000000 0.404826 0.026106
v -0.007474 0.354458 0.037336
v 0.007474 0.354458 0.037336
v -0.003111 0.404838 0.028395
v 0.003111 0.404838 0.028395
v -0.000000 0.467294 0.021167
v 0.010885 0.309234 0.051888
v 0.007565 0.404842 0.039274
v 0.013995 0.270242 0.050283
v 0.009666 0.387244 0.054100
v 0.010660 0.309228 0.078442
v 0.017024 0.248599 0.046246
v 0.013308 0.268555 0.065954
v 0.009279 0.391957 0.077330
v 0.010310 0.275701 0.082936
v 0.005476 0.287014 0.098792
v 0.005028 0.370416 0.093882
v 0.010929 0.265599 0.072962
v 0.005024 0.276134 0.095552
v 0.005079 0.266786 0.088957
v 0.014558 0.246260 0.051276
v -0.000000 0.286984 0.103624
v 0.005877 0.260651 0.078740
v 0.016479 0.234809 0.040461
v 0.008477 0.244134 0.054124
v -0.000000 0.264563 0.091259
v -0.000000 0.275299 0.099367
v -0.000000 0.257774 0.079729
v -0.005079 0.266786 0.088957
v -0.005877 0.260651 0.078740
v -0.000000 0.242222 0.055366
v -0.005024 0.276134 0.095552
v 0.009821 0.233746 0.044035
v -0.008477 0.244134 0.054124
v -0.000000 0.232790 0.045827
v -0.009821 0.233746 0.044035
v 0.011164 0.223358 0.036748
v 0.018400 0.223358 0.032448
v 0.020812 0.209122 0.026313
v -0.000000 0.223358 0.039089
v 0.023224 0.194885 0.022942
v 0.012473 0.209122 0.031329
v 0.013782 0.194885 0.029025
v 0.025521 0.182995 0.023613
v 0.028187 0.170945 0.028187
v 0.015254 0.170945 0.036827
v 0.014373 0.182995 0.030822
v -0.000000 0.182995 0.033510
v -0.000000 0.170945 0.039862
v -0.015254 0.170945 0.036827
v -0.000000 0.194885 0.031404
v -0.000000 0.209122 0.033689
v -0.014373 0.182995 0.030822
v -0.013782 0.194885 0.029025
v -0.025521 0.182995 0.023613
v -0.028187 0.170945 0.028187
v -0.023224 0.194885 0.022942
v -0.020812 0.209122 0.026313
v -0.012473 0.209122 0.031329
v -0.011164 0.223358 0.036748
v -0.018400 0.223358 0.032448
v -0.016479 0.234809 0.040461
v -0.017024 0.248599 0.046246
v -0.014558 0.246260 0.051276
v -0.010929 0.265599 0.072962
v -0.013995 0.270242 0.050283
v -0.013308 0.268555 0.065954
v -0.010311 0.275701 0.082936
v -0.010885 0.309234 0.051888
v -0.005477 0.287014 0.098792
v -0.010660 0.309228 0.078442
v -0.000000 0.309176 0.103386
v -0.009666 0.387244 0.054100
v -0.009279 0.391957 0.077330
v -0.005028 0.370415 0.093882
v -0.007565 0.404842 0.039274
v -0.003774 0.467418 0.023817
v -0.007600 0.467434 0.033930
v -0.010052 0.514886 0.042370
v -0.004236 0.527886 0.010475
v -0.000000 0.528011 0.008292
v 0.003774 0.467418 0.023817
v 0.007600 0.467434 0.033930
v 0.004236 0.527886 0.010475
v 0.010052 0.514885 0.042370
v 0.007669 0.527614 0.022404
v -0.000000 0.568558 -0.008191
v 0.005072 0.569122 -0.005303
v 0.008592 0.572226 0.009081
v -0.000000 0.589329 -0.024881
v 0.009878 0.467475 0.066877
v 0.005339 0.589996 -0.022293
v -0.005072 0.569122 -0.005303
v 0.010778 0.596195 0.004289
v -0.007669 0.527614 0.022404
v -0.008592 0.572226 0.009081
v -0.009878 0.467475 0.066877
v -0.005339 0.589996 -0.022293
v -0.011138 0.572667 0.028457
v -0.000000 0.598586 -0.038361
v -0.010778 0.596195 0.004289
v -0.005161 0.600519 -0.037500
v -0.011395 0.571798 0.042834
v -0.012501 0.596907 0.026291
v -0.005374 0.467230 0.078612
v -0.005605 0.527828 0.065510
v -0.013735 0.620823 0.006348
v -0.011917 0.597052 0.040196
v -0.005921 0.572666 0.053551
v -0.000000 0.467087 0.082124
v -0.000000 0.527902 0.068529
v -0.005864 0.596908 0.051808
v -0.000000 0.404791 0.092886
v -0.000000 0.572665 0.056398
v -0.000000 0.354371 0.099608
v 0.005373 0.467230 0.078612
v 0.011395 0.571798 0.042834
v 0.005605 0.527828 0.065510
v 0.011138 0.572667 0.028457
v 0.005921 0.572666 0.053551
v 0.012501 0.596907 0.026291
v 0.011917 0.597052 0.040196
v 0.005864 0.596908 0.051808
v -0.000000 0.596908 0.055011
v -0.000000 0.613402 0.060985
v 0.011823 0.613402 0.045588
v 0.005707 0.613402 0.057801
v -0.005707 0.613402 0.057801
v -0.000000 0.625973 0.071629
v -0.011823 0.613402 0.045588
v -0.005488 0.626150 0.066434
v 0.005488 0.626150 0.066434
v -0.010034 0.626355 0.054800
v 0.010061 0.626331 0.054731
v -0.013559 0.630724 0.037037
v 0.013571 0.630847 0.036845
v -0.016420 0.646197 0.008804
v 0.016402 0.646563 0.008540
v 0.013735 0.620823 0.006348
v 0.005161 0.600519 -0.037500
v 0.018146 0.664467 -0.011652
v 0.018798 0.663372 -0.012071
v -0.018550 0.663048 -0.010765
v 0.018532 0.675817 -0.020629
v -0.018570 0.675674 -0.020713
v -0.005139 0.601834 -0.093644
v -0.018512 0.704079 -0.035343
v -0.000000 0.600143 -0.095628
v 0.005139 0.601834 -0.093644
v -0.000000 0.602679 -0.097662
v -0.005182 0.605001 -0.095321
v 0.005182 0.605001 -0.095321
v -0.000000 0.661448 -0.077619
v 0.005019 0.662019 -0.075730
v 0.018584 0.703957 -0.035601
v 0.005007 0.708575 -0.093922
v 0.018486 0.735004 -0.041630
v -0.000000 0.707745 -0.095701
v 0.005041 0.740092 -0.169742
v -0.005019 0.662019 -0.075730
v -0.005007 0.708575 -0.093922
v -0.018469 0.735242 -0.041568
v -0.005041 0.740092 -0.169742
v -0.000000 0.740208 -0.173835
v -0.000000 0.743890 -0.173839
v -0.018522 0.749386 -0.041597
v 0.018557 0.749369 -0.041740
v 0.018512 0.781204 -0.035156
v -0.018585 0.781352 -0.035404
v -0.005041 0.744132 -0.169478
v -0.005008 0.776084 -0.093639
v -0.000000 0.776913 -0.095262
v 0.005041 0.744132 -0.169478
v -0.005023 0.830451 -0.070048
v 0.005008 0.776084 -0.093639
v -0.000000 0.831177 -0.071688
v 0.005023 0.830451 -0.070048
v 0.018481 0.809447 -0.020263
v 0.005046 0.876123 -0.079549
v -0.018499 0.809294 -0.020468
v 0.018542 0.820956 -0.011353
v -0.018581 0.821001 -0.011531
v -0.005046 0.876123 -0.079549
v -0.000000 0.878258 -0.081567
v -0.000000 0.880973 -0.078794
v -0.005023 0.879068 -0.076676
v 0.005022 0.879068 -0.076676
v -0.000000 0.874918 -0.035907
v -0.005034 0.873351 -0.035252
v 0.005033 0.873351 -0.035252
v -0.000000 0.904482 0.031832
v 0.018596 0.847615 0.022465
v 0.005045 0.903035 0.032388
v 0.018529 0.857476 0.050231
v -0.018664 0.847893 0.022386
v -0.018572 0.857628 0.050279
v -0.005045 0.903035 0.032388
v -0.005051 0.934126 0.055794
v -0.018129 0.853604 0.055720
v -0.018825 0.854901 0.057881
v -0.000000 0.936685 0.055796
v 0.005051 0.934126 0.055794
v -0.005044 0.934172 0.058316
v -0.000000 0.936685 0.058320
v -0.004609 0.911025 0.076659
v -0.004981 0.874547 0.076866
v -0.000000 0.912201 0.077413
v -0.018030 0.853701 0.058120
v -0.000000 0.874149 0.077365
v 0.018030 0.853701 0.058120
v 0.018129 0.853604 0.055720
v 0.004981 0.874547 0.076866
v 0.018825 0.854901 0.057881
v 0.004608 0.911025 0.076659
v 0.005044 0.934172 0.058316
v -0.011282 0.852948 0.055698
v -0.010480 0.853832 0.058247
v -0.011085 0.853672 0.055700
v -0.011199 0.857600 0.050223
v -0.002121 0.846369 0.058041
v -0.000994 0.873760 0.076956
v -0.002121 0.845912 0.054572
v 0.002121 0.846369 0.058041
v -0.011376 0.847055 0.022696
v -0.011158 0.847931 0.022255
v -0.011098 0.820824 -0.011854
v -0.002121 0.847725 0.051996
v 0.002121 0.845912 0.054572
v -0.011319 0.820055 -0.011352
v -0.011098 0.810344 -0.020007
v -0.002121 0.839317 0.026589
v 0.002121 0.847725 0.051996
v 0.002121 0.839317 0.026589
v -0.002121 0.814380 -0.004756
v 0.000938 0.873768 0.076912
v 0.010480 0.853832 0.058247
v 0.011085 0.853672 0.055700
v 0.011282 0.852948 0.055698
v 0.011199 0.857600 0.050223
v 0.011376 0.847055 0.022696
v 0.011158 0.847931 0.022255
v 0.011098 0.820824 -0.011854
v 0.011319 0.820055 -0.011352
v 0.011098 0.810344 -0.020007
v 0.002121 0.814380 -0.004756
v 0.002121 0.807209 -0.005383
v 0.011319 0.809931 -0.019196
v -0.002121 0.807209 -0.005382
v 0.002121 0.805071 -0.011984
v -0.011319 0.809931 -0.019196
v -0.002121 0.805071 -0.011984
v -0.002121 0.777975 -0.026461
v 0.002121 0.777975 -0.026461
v -0.011220 0.781270 -0.035488
v -0.011319 0.748742 -0.041043
v -0.011098 0.748822 -0.041983
v -0.011098 0.736009 -0.041975
v -0.002121 0.748004 -0.032360
v -0.011319 0.736090 -0.041035
v -0.002121 0.742416 -0.029076
v 0.002121 0.748004 -0.032360
v 0.002121 0.742416 -0.029076
v 0.011319 0.748742 -0.041043
v -0.002121 0.736827 -0.032353
v 0.002121 0.736827 -0.032353
v -0.002121 0.707329 -0.026618
v 0.011319 0.736090 -0.041035
v 0.002121 0.707329 -0.026618
v -0.011223 0.703960 -0.035657
v -0.011319 0.675365 -0.019639
v -0.011098 0.675040 -0.020609
v -0.011098 0.663791 -0.011720
v -0.002121 0.679850 -0.012053
v -0.011319 0.664521 -0.011028
v -0.011098 0.646047 0.008672
v -0.002121 0.677946 -0.005866
v 0.002121 0.679850 -0.012053
v 0.002121 0.677947 -0.005867
v 0.011319 0.675365 -0.019639
v -0.002121 0.670682 -0.004772
v 0.002121 0.670682 -0.004772
v -0.002121 0.653337 0.014189
v 0.011319 0.664521 -0.011028
v 0.002121 0.653337 0.014189
v -0.002161 0.639303 0.039692
v -0.011318 0.646850 0.009136
v -0.010305 0.630545 0.036625
v -0.010517 0.631516 0.036968
v -0.007714 0.626071 0.054308
v -0.008005 0.627005 0.054569
v -0.003035 0.626129 0.069119
v -0.002163 0.635497 0.055478
v -0.003478 0.627051 0.069732
v -0.002077 0.634031 0.067090
v 0.002967 0.626121 0.069212
v 0.003392 0.627074 0.069832
v 0.002068 0.633956 0.067184
v 0.002121 0.635546 0.055606
v 0.008005 0.627005 0.054569
v 0.007714 0.626071 0.054308
v 0.002121 0.639327 0.039758
v 0.010517 0.631516 0.036968
v 0.010305 0.630545 0.036625
v 0.011318 0.646850 0.009136
v 0.011098 0.646047 0.008672
v 0.011098 0.663791 -0.011720
v 0.011098 0.675040 -0.020609
v 0.011223 0.703960 -0.035657
v 0.011098 0.736009 -0.041975
v 0.011098 0.748822 -0.041983
v 0.011219 0.781270 -0.035488
v 0.000000 -0.038314 -0.013903
v 0.000000 -0.004365 -0.016567
v 0.006059 -0.038314 -0.012041
v 0.000000 -0.072263 -0.014541
v 0.007234 0.001640 -0.014891
v 0.000000 0.010079 -0.018857
v 0.006875 -0.090545 -0.013617
v 0.000000 -0.090663 -0.015854
v 0.010494 -0.038314 -0.006952
v 0.000000 0.024595 -0.022357
v 0.011658 -0.004365 -0.008283
v 0.006160 0.024595 -0.019362
v 0.000000 0.038433 -0.027262
v 0.004638 0.038433 -0.023610
v 0.012964 0.010079 -0.009428
v 0.010669 0.024595 -0.011179
v 0.008033 0.038433 -0.013631
v 0.013461 -0.004365 0.000000
v 0.014941 0.010651 0.000000
v 0.009276 0.038433 -0.000000
v 0.008033 0.038433 0.013631
v 0.010669 0.024595 0.011179
v 0.004638 0.038433 0.023610
v 0.012964 0.010079 0.009428
v 0.006160 0.024595 0.019362
v -0.000000 0.038433 0.027262
v 0.011658 -0.004365 0.008283
v 0.007234 0.001640 0.014891
v -0.000000 0.024595 0.022357
v -0.006160 0.024595 0.019362
v -0.004638 0.038433 0.023610
v -0.000000 0.001540 0.017229
v -0.010669 0.024595 0.011179
v -0.008033 0.038433 0.013631
v -0.007234 0.001640 0.014891
v -0.012964 0.010079 0.009428
v -0.014941 0.010651 -0.000000
v -0.009276 0.038433 -0.000000
v -0.008033 0.038433 -0.013631
v -0.010669 0.024595 -0.011179
v -0.004638 0.038433 -0.023610
v -0.013461 -0.004365 -0.000000
v -0.006160 0.024595 -0.019362
v 0.000000 0.038433 -0.027262
v 0.000000 0.024595 -0.022357
v -0.012964 0.010079 -0.009428
v -0.007234 0.001640 -0.014891
v 0.000000 0.010079 -0.018857
v -0.011658 -0.004365 -0.008283
v 0.000000 -0.004365 -0.016567
v -0.012117 -0.038314 0.000000
v -0.006059 -0.038314 -0.012041
v 0.000000 -0.038314 -0.013903
v 0.000000 -0.072263 -0.014541
v -0.010494 -0.038314 -0.006952
v -0.006875 -0.090545 -0.013617
v 0.000000 -0.090663 -0.015854
v -0.012094 -0.090357 -0.007853
v 0.000000 -0.115214 -0.016477
v -0.003406 -0.115214 -0.014269
v -0.005900 -0.115214 -0.008238
v -0.013963 -0.090262 0.000000
v -0.006813 -0.115214 0.000000
v -0.005900 -0.115214 0.008238
v -0.012094 -0.090357 0.007853
v -0.003406 -0.115214 0.014269
v -0.006875 -0.090545 0.013618
v 0.000000 -0.115214 0.016477
v -0.010494 -0.038314 0.006952
v 0.000000 -0.076649 0.014901
v -0.011658 -0.004365 0.008283
v -0.006059 -0.038314 0.012041
v -0.000000 -0.038314 0.013903
v 0.006059 -0.038314 0.012041
v 0.006875 -0.090545 0.013618
v 0.010494 -0.038314 0.006952
v 0.012117 -0.038314 0.000000
v 0.012094 -0.090357 0.007853
v 0.003406 -0.115214 0.014269
v 0.005900 -0.115214 0.008238
v 0.013963 -0.090262 0.000000
v 0.006813 -0.115214 0.000000
v 0.005900 -0.115214 -0.008238
v 0.012094 -0.090357 -0.007853
v 0.003406 -0.115214 -0.014269
v 0.000000 -0.115214 -0.016477
v 0.022084 -0.129079 0.008685
v -0.022043 -0.129094 0.008791
v -0.022548 -0.128658 0.009074
v -0.022199 -0.127624 0.010214
v -0.018647 -0.122710 0.015134
v 0.000000 -0.105730 0.017416
v -0.016449 -0.117264 0.019464
v -0.017226 -0.119259 0.018627
v -0.017176 -0.116868 0.021018
v -0.017660 -0.114760 0.023189
v -0.017247 -0.113804 0.022946
v -0.001124 -0.100785 0.037124
v -0.000502 -0.100194 0.036514
v -0.000000 -0.100492 0.037393
v 0.001226 -0.100719 0.037139
v 0.017247 -0.113804 0.022946
v 0.017660 -0.114760 0.023189
v 0.016449 -0.117264 0.019464
v 0.017176 -0.116868 0.021018
v 0.017226 -0.119259 0.018627
v 0.018647 -0.122710 0.015134
v 0.022199 -0.127624 0.010214
v 0.022414 -0.128758 0.009127
v 0.022199 -0.127671 0.010261
v 0.018647 -0.122751 0.015175
v 0.000000 -0.120469 0.032155
v 0.022550 -0.128810 0.009230
v 0.016449 -0.118421 0.020622
v 0.017226 -0.119259 0.018627
v 0.017176 -0.116868 0.021018
v 0.017659 -0.114695 0.023126
v 0.017247 -0.114939 0.024081
v 0.001124 -0.100785 0.037124
v 0.000544 -0.101387 0.037690
v -0.000000 -0.100492 0.037393
v -0.001230 -0.100774 0.037187
v -0.017247 -0.114939 0.024081
v -0.017659 -0.114695 0.023126
v -0.016449 -0.118421 0.020622
v -0.017176 -0.116868 0.021018
v -0.017226 -0.119259 0.018627
v -0.018647 -0.122751 0.015175
v -0.022199 -0.127671 0.010261
v -0.022100 -0.129216 0.008821
v -0.022414 -0.128758 0.009127
v 0.022043 -0.129094 0.008791
v -0.022414 -0.147013 0.009127
v -0.022199 -0.148100 0.010261
v -0.022084 -0.146570 0.008807
v -0.018647 -0.153020 0.015176
v 0.000000 -0.155302 0.032155
v -0.016449 -0.157350 0.020622
v -0.017226 -0.156512 0.018627
v -0.017176 -0.158903 0.021018
v -0.017660 -0.161074 0.023125
v -0.017247 -0.160832 0.024082
v -0.001124 -0.175010 0.037101
v -0.000502 -0.174400 0.037692
v 0.000000 -0.175278 0.037393
v 0.001226 -0.175024 0.037166
v 0.017247 -0.160832 0.024082
v 0.017660 -0.161074 0.023125
v 0.016449 -0.157350 0.020622
v 0.017176 -0.158903 0.021018
v 0.017226 -0.156512 0.018627
v 0.018647 -0.153020 0.015176
v 0.022199 -0.148100 0.010261
v 0.022548 -0.146960 0.009227
v 0.022043 -0.146677 0.008791
v 0.022414 -0.147013 0.009127
v 0.022199 -0.148147 0.010214
v 0.022088 -0.146696 0.008691
v 0.000000 -0.170041 0.017416
v 0.018647 -0.153061 0.015134
v 0.016449 -0.158507 0.019464
v 0.017226 -0.156512 0.018627
v 0.017176 -0.158903 0.021018
v 0.017659 -0.161011 0.023190
v 0.017247 -0.161966 0.022946
v 0.001230 -0.175073 0.037112
v -0.000544 -0.175576 0.036498
v 0.000000 -0.175278 0.037393
v -0.001124 -0.175010 0.037101
v -0.017247 -0.161966 0.022946
v -0.017659 -0.161011 0.023190
v -0.016449 -0.158507 0.019464
v -0.017176 -0.158903 0.021018
v -0.017226 -0.156512 0.018627
v -0.018647 -0.153061 0.015134
v -0.022199 -0.148147 0.010214
v -0.022550 -0.147115 0.009075
v -0.022043 -0.146677 0.008791
v -0.022199 -0.127671 -0.010261
v -0.018647 -0.122751 -0.015175
v 0.000000 -0.120469 -0.032155
v -0.022548 -0.128811 -0.009227
v -0.016449 -0.118421 -0.020622
v -0.017226 -0.119259 -0.018627
v -0.017175 -0.116868 -0.021018
v -0.017660 -0.114697 -0.023125
v -0.017247 -0.114939 -0.024082
v -0.001124 -0.100761 -0.037101
v -0.000502 -0.101371 -0.037692
v 0.000000 -0.100492 -0.037393
v 0.001226 -0.100747 -0.037166
v 0.017247 -0.114939 -0.024082
v 0.017660 -0.114697 -0.023125
v 0.016449 -0.118421 -0.020622
v 0.017176 -0.116868 -0.021018
v 0.017226 -0.119259 -0.018627
v 0.018647 -0.122751 -0.015175
v 0.022199 -0.127671 -0.010261
v 0.021800 -0.128909 -0.009959
v 0.022025 -0.128759 -0.008777
v -0.022043 -0.129094 -0.008791
v 0.022414 -0.128758 -0.009127
v 0.022199 -0.127624 -0.010214
v 0.022100 -0.129064 -0.008670
v 0.018647 -0.122710 -0.015134
v 0.000000 -0.105730 -0.017416
v 0.016449 -0.117264 -0.019464
v 0.017226 -0.119259 -0.018627
v 0.017176 -0.116868 -0.021018
v 0.017659 -0.114759 -0.023190
v 0.017247 -0.113804 -0.022946
v 0.001124 -0.100761 -0.037101
v 0.000544 -0.100195 -0.036498
v 0.000000 -0.100492 -0.037393
v -0.001230 -0.100698 -0.037112
v -0.017247 -0.113804 -0.022946
v -0.017659 -0.114759 -0.023190
v -0.016449 -0.117264 -0.019464
v -0.017175 -0.116868 -0.021018
v -0.017226 -0.119259 -0.018627
v -0.018647 -0.122710 -0.015134
v -0.022199 -0.127624 -0.010214
v -0.022550 -0.128656 -0.009075
v -0.022043 -0.129094 -0.008791
v -0.022025 -0.146662 -0.009126
v -0.022199 -0.148147 -0.010214
v -0.021800 -0.147845 -0.008976
v 0.022043 -0.146677 -0.008791
v 0.000000 -0.170041 -0.017416
v -0.018647 -0.153061 -0.015134
v -0.016449 -0.158507 -0.019464
v -0.017226 -0.156512 -0.018627
v -0.017175 -0.158903 -0.021018
v -0.017660 -0.161010 -0.023189
v -0.017247 -0.161967 -0.022946
v -0.001124 -0.174986 -0.037124
v -0.000502 -0.175577 -0.036514
v 0.000000 -0.175278 -0.037393
v 0.001226 -0.175052 -0.037139
v 0.017247 -0.161967 -0.022946
v 0.017660 -0.161010 -0.023189
v 0.016449 -0.158507 -0.019464
v 0.017176 -0.158903 -0.021018
v 0.017226 -0.156512 -0.018627
v 0.018647 -0.153061 -0.015134
v 0.022199 -0.148147 -0.010214
v 0.022548 -0.147113 -0.009074
v 0.022414 -0.147012 -0.009127
v 0.022199 -0.148099 -0.010261
v 0.022100 -0.146555 -0.008821
v 0.000000 -0.155302 -0.032155
v 0.018647 -0.153020 -0.015175
v 0.016449 -0.157350 -0.020622
v 0.017226 -0.156512 -0.018627
v 0.017176 -0.158903 -0.021018
v 0.017659 -0.161075 -0.023126
v 0.017247 -0.160831 -0.024081
v 0.001230 -0.174997 -0.037187
v -0.000544 -0.174384 -0.037690
v 0.000000 -0.175278 -0.037393
v -0.001124 -0.174986 -0.037124
v -0.017247 -0.160831 -0.024081
v -0.017659 -0.161075 -0.023126
v -0.016449 -0.157350 -0.020622
v -0.017175 -0.158903 -0.021018
v -0.017226 -0.156512 -0.018627
v -0.018647 -0.153020 -0.015175
v -0.022199 -0.148099 -0.010261
v -0.022550 -0.146961 -0.009230
v -0.022043 -0.146677 -0.008791
v -0.003744 -0.179554 0.010991
v 0.000000 -0.179392 0.012030
v 0.000000 -0.170024 0.017273
v 0.003744 -0.179554 0.010991
v -0.003186 -0.168336 0.016645
v -0.005362 -0.181723 0.009056
v 0.003186 -0.168336 0.016645
v 0.005362 -0.181723 0.009056
v -0.023605 -0.146403 0.008515
v 0.023607 -0.146403 0.008513
v -0.010595 -0.191524 0.000863
v -0.035342 -0.138540 0.001468
v -0.006127 -0.188419 0.005522
v -0.005921 -0.198164 0.000941
v -0.004978 -0.190692 0.004986
v 0.000000 -0.190839 0.005766
v -0.006948 -0.197573 -0.000577
v -0.010691 -0.191579 -0.000691
v -0.004155 -0.199230 -0.000524
v 0.000000 -0.199789 0.000935
v 0.000000 -0.200207 -0.000350
v 0.005921 -0.198164 0.000941
v 0.004978 -0.190692 0.004986
v 0.006127 -0.188419 0.005522
v 0.004155 -0.199230 -0.000524
v 0.010596 -0.191524 0.000863
v 0.006948 -0.197573 -0.000577
v 0.010691 -0.191579 -0.000691
v 0.035917 -0.138027 -0.000000
v 0.006127 -0.188418 -0.005522
v 0.005362 -0.181723 -0.009056
v 0.004971 -0.190692 -0.004980
v 0.000000 -0.190839 -0.005766
v -0.004971 -0.190692 -0.004980
v -0.006127 -0.188418 -0.005522
v -0.005362 -0.181723 -0.009056
v -0.035917 -0.138027 -0.000000
v -0.003186 -0.168336 -0.016645
v -0.003744 -0.179556 -0.010990
v -0.035342 -0.138540 -0.001468
v 0.000000 -0.170024 -0.017273
v 0.000000 -0.179392 -0.012030
v 0.003744 -0.179556 -0.010990
v -0.023605 -0.146403 -0.008515
v 0.003186 -0.168336 -0.016645
v 0.023607 -0.146403 -0.008513
v 0.035342 -0.138540 -0.001468
v 0.000000 -0.155162 -0.032142
v 0.003215 -0.154532 -0.030444
v -0.003215 -0.154532 -0.030444
v -0.003254 -0.138491 -0.059700
v 0.003254 -0.138491 -0.059700
v 0.000000 -0.137885 -0.062456
v -0.003213 -0.136951 -0.059407
v 0.003213 -0.136951 -0.059407
v 0.000000 -0.120609 -0.032142
v 0.034983 -0.136483 -0.001402
v 0.003215 -0.121239 -0.030444
v 0.023594 -0.129364 -0.008515
v -0.003215 -0.121239 -0.030444
v -0.023602 -0.129369 -0.008511
v -0.034983 -0.136483 -0.001402
v -0.003272 -0.107479 -0.016620
v 0.003272 -0.107479 -0.016620
v 0.000000 -0.105749 -0.017272
v -0.016248 -0.087161 -0.000747
v -0.008266 -0.078479 -0.000935
v 0.008266 -0.078479 -0.000935
v 0.000000 -0.075982 -0.000935
v 0.016189 -0.087337 -0.000935
v 0.000000 -0.075563 0.000350
v 0.008382 -0.078185 0.000533
v 0.016248 -0.087161 0.000746
v -0.008382 -0.078185 0.000533
v -0.016189 -0.087337 0.000935
v -0.034983 -0.136483 0.001402
v -0.023597 -0.129367 0.008514
v -0.003254 -0.138491 0.059700
v -0.003216 -0.154531 0.030442
v 0.000000 -0.155161 0.032141
v 0.003216 -0.154531 0.030442
v 0.035342 -0.138540 0.001468
v 0.003254 -0.138491 0.059700
v -0.000000 -0.137885 0.062456
v 0.003213 -0.136951 0.059407
v 0.034983 -0.136483 0.001402
v -0.003213 -0.136951 0.059407
v 0.000000 -0.120609 0.032141
v -0.003216 -0.121239 0.030442
v 0.023607 -0.129371 0.008506
v 0.003216 -0.121239 0.030442
v 0.003274 -0.107480 0.016620
v 0.000000 -0.105750 0.017272
v -0.003274 -0.107480 0.016620
v -0.028943 0.110827 0.063109
v -0.022790 0.111064 0.063290
v -0.022790 0.128099 0.053702
v -0.022790 0.107286 0.082808
v -0.027987 0.128050 0.053702
v -0.027985 0.107269 0.082771
v -0.028957 0.127153 0.053702
v -0.028925 0.092284 0.069136
v -0.022790 0.092176 0.069425
v -0.022790 0.072743 0.071688
v -0.027984 0.072767 0.071667
v -0.028954 0.107028 0.081868
v -0.028915 0.081221 0.053700
v -0.022790 0.080906 0.053702
v -0.022790 0.072743 0.035716
v -0.027984 0.072767 0.035737
v -0.028952 0.073592 0.071112
v -0.028943 0.110829 0.044299
v -0.022790 0.111065 0.044116
v -0.022790 0.107286 0.024597
v -0.027985 0.107269 0.024634
v -0.028956 0.107027 0.025537
v -0.029000 0.092300 0.038301
v -0.022790 0.092178 0.037979
v -0.028953 0.073592 0.036293
v 0.022790 0.128099 0.053702
v 0.022790 0.111064 0.063290
v 0.028942 0.110827 0.063109
v 0.022790 0.107286 0.082808
v 0.027987 0.128050 0.053702
v 0.027985 0.107269 0.082771
v 0.028957 0.127153 0.053702
v 0.029000 0.092296 0.069102
v 0.022790 0.092176 0.069425
v 0.022790 0.072743 0.071688
v 0.027984 0.072767 0.071667
v 0.028954 0.107028 0.081868
v 0.028915 0.081221 0.053700
v 0.022790 0.080906 0.053702
v 0.022790 0.072743 0.035716
v 0.027984 0.072767 0.035737
v 0.028925 0.092288 0.038267
v 0.022790 0.092178 0.037979
v 0.022790 0.107286 0.024597
v 0.028952 0.073592 0.071112
v 0.027985 0.107269 0.024634
v 0.028942 0.110829 0.044299
v 0.022790 0.111065 0.044116
v 0.028956 0.107027 0.025537
v 0.028953 0.073592 0.036293
v -0.022790 0.128099 -0.053702
v -0.022790 0.111064 -0.063290
v -0.028942 0.110827 -0.063109
v -0.022790 0.107286 -0.082808
v -0.027987 0.128050 -0.053702
v -0.027985 0.107269 -0.082771
v -0.028957 0.127153 -0.053702
v -0.028925 0.092284 -0.069136
v -0.022790 0.092176 -0.069425
v -0.022790 0.072743 -0.071688
v -0.027984 0.072767 -0.071667
v -0.028954 0.107028 -0.081868
v -0.028915 0.081221 -0.053700
v -0.022790 0.080906 -0.053702
v -0.022790 0.072743 -0.035716
v -0.027984 0.072767 -0.035737
v -0.028925 0.092288 -0.038267
v -0.022790 0.092178 -0.037980
v -0.022790 0.107286 -0.024597
v -0.028952 0.073592 -0.071112
v -0.027985 0.107269 -0.024634
v -0.029014 0.110803 -0.044319
v -0.022790 0.111065 -0.044116
v -0.028956 0.107027 -0.025537
v -0.028953 0.073592 -0.036293
v 0.028943 0.110827 -0.063109
v 0.022790 0.111064 -0.063290
v 0.022790 0.128099 -0.053702
v 0.022790 0.107286 -0.082808
v 0.027987 0.128050 -0.053702
v 0.027985 0.107269 -0.082771
v 0.028957 0.127153 -0.053702
v 0.028925 0.092284 -0.069136
v 0.022790 0.092176 -0.069425
v 0.022790 0.072743 -0.071688
v 0.027984 0.072767 -0.071667
v 0.028954 0.107028 -0.081868
v 0.028993 0.081259 -0.053700
v 0.022790 0.080906 -0.053702
v 0.022790 0.072743 -0.035716
v 0.027984 0.072767 -0.035737
v 0.028952 0.073592 -0.071112
v 0.028943 0.110829 -0.044299
v 0.022790 0.111065 -0.044116
v 0.022790 0.107286 -0.024597
v 0.027985 0.107269 -0.024634
v 0.028956 0.107027 -0.025537
v 0.028925 0.092288 -0.038267
v 0.022790 0.092178 -0.037980
v 0.028953 0.073592 -0.036293
v -0.005694 0.108427 -0.005694
v -0.003082 0.108427 -0.007440
v 0.003082 0.108427 -0.007440
v -0.000000 0.108427 -0.008053
v -0.007440 0.108427 -0.003082
v -0.008053 0.108427 -0.000000
v -0.007440 0.108427 0.003082
v 0.005694 0.108427 -0.005694
v 0.007440 0.108427 -0.003082
v -0.005694 0.108427 0.005694
v 0.008053 0.108427 -0.000000
v -0.003082 0.108427 0.007440
v 0.007440 0.108427 0.003082
v -0.000000 0.108427 0.008053
v 0.005694 0.108427 0.005694
v 0.003082 0.108427 0.007440
v -0.027574 0.097709 0.098222
v -0.028912 0.102716 0.096775
v -0.027574 0.106395 0.097367
v -0.028898 0.062912 0.080100
v -0.027574 0.114746 0.094833
v -0.028910 0.114233 0.093593
v -0.027574 0.122443 0.090719
v -0.028912 0.125802 0.086735
v -0.027574 0.129190 0.085183
v -0.028908 0.100570 0.089106
v -0.027574 0.134726 0.078436
v -0.028908 0.113901 0.085316
v -0.028912 0.136304 0.073469
v -0.027574 0.138840 0.070739
v -0.028908 0.124766 0.076713
v -0.027574 0.141374 0.062388
v -0.028912 0.140931 0.057195
v -0.027574 0.142229 0.053702
v -0.028910 0.130384 0.067237
v -0.027574 0.141374 0.045017
v -0.028908 0.132991 0.057803
v -0.028912 0.138978 0.040389
v -0.027574 0.138840 0.036665
v -0.027574 0.134726 0.028968
v -0.028908 0.131874 0.043990
v -0.028912 0.130742 0.025610
v -0.027574 0.129190 0.022222
v -0.027574 0.122443 0.016685
v -0.028910 0.127116 0.034053
v -0.028910 0.121698 0.017801
v -0.027574 0.114746 0.012571
v -0.028908 0.120720 0.026645
v -0.028912 0.109567 0.011992
v -0.027574 0.106395 0.010038
v -0.027574 0.097709 0.009182
v -0.028908 0.108614 0.019899
v -0.028910 0.097709 0.010524
v -0.027574 0.089024 0.010038
v -0.028912 0.084396 0.012434
v -0.027574 0.080672 0.012571
v -0.028908 0.094848 0.018299
v -0.027574 0.072975 0.016685
v -0.028912 0.069617 0.020670
v -0.027574 0.066229 0.022222
v -0.028908 0.081518 0.022089
v -0.027574 0.060692 0.028968
v -0.028912 0.059114 0.033935
v -0.027574 0.056578 0.036665
v -0.028908 0.070652 0.030691
v -0.027574 0.054045 0.045017
v -0.028912 0.054488 0.050209
v -0.027574 0.053189 0.053702
v -0.028908 0.063906 0.042797
v -0.027574 0.054045 0.062388
v -0.028911 0.056276 0.066271
v -0.028908 0.062306 0.056563
v -0.028908 0.066096 0.069894
v -0.027574 0.064338 0.060340
v -0.028908 0.074698 0.080759
v -0.027556 0.067471 0.069634
v -0.027556 0.075869 0.079993
v -0.028908 0.086804 0.087506
v -0.027556 0.087593 0.086350
v -0.027556 0.100856 0.087736
v -0.023962 0.094591 0.087738
v -0.027574 0.110730 0.085138
v -0.023962 0.107853 0.086341
v -0.027556 0.119234 0.080252
v -0.023962 0.119571 0.079974
v -0.027556 0.127756 0.069994
v -0.023401 0.126051 0.071963
v -0.027556 0.131703 0.057255
v -0.023980 0.129145 0.066723
v -0.023962 0.131745 0.056821
v -0.027556 0.130475 0.043976
v -0.023980 0.131081 0.047064
v -0.027556 0.124259 0.032177
v -0.023401 0.128638 0.040282
v -0.023962 0.123982 0.031841
v -0.027574 0.116613 0.025411
v -0.027556 0.107826 0.021055
v -0.023980 0.116613 0.025411
v -0.023962 0.107408 0.020929
v -0.023071 0.122964 0.032224
v -0.027574 0.097709 0.019677
v -0.023072 0.112823 0.024194
v -0.023072 0.130642 0.049874
v -0.023072 0.100380 0.020656
v -0.023980 0.097709 0.019677
v -0.023072 0.129600 0.062768
v -0.027556 0.087983 0.020936
v -0.023962 0.087565 0.021064
v -0.023072 0.087530 0.022150
v -0.027574 0.078806 0.025411
v -0.027556 0.071418 0.031862
v -0.023072 0.119188 0.078958
v -0.023072 0.076231 0.028447
v -0.023962 0.075847 0.027430
v -0.023401 0.069368 0.035441
v -0.027574 0.066274 0.040681
v -0.023962 0.064936 0.044003
v -0.027556 0.063715 0.050149
v -0.023401 0.063999 0.054265
v -0.023072 0.065819 0.044636
v -0.023072 0.107888 0.085255
v -0.023072 0.095039 0.086749
v -0.023962 0.065071 0.063846
v -0.023072 0.066157 0.063881
v -0.023401 0.069993 0.072898
v -0.023401 0.085329 0.085062
v -0.023962 0.076207 0.080269
v -0.023071 0.077130 0.079694
v 0.001589 -0.098610 -0.089227
v 0.010493 -0.102342 -0.107611
v 0.000000 -0.126564 -0.070868
v 0.015384 -0.058746 -0.130577
v -0.004985 -0.134542 -0.077510
v 0.008782 -0.034880 -0.147566
v 0.005218 -0.031532 -0.150916
v 0.007042 -0.061905 -0.139910
v 0.006123 -0.039882 -0.152481
v 0.000000 -0.040091 -0.152033
v 0.003736 -0.055211 -0.153456
v 0.000465 -0.064416 -0.152976
v 0.001419 -0.063093 -0.152273
v 0.000000 -0.063536 -0.152087
v -0.001419 -0.063093 -0.152273
v -0.003736 -0.055211 -0.153456
v -0.006123 -0.039882 -0.152481
v -0.005217 -0.031532 -0.150916
v 0.000000 -0.063753 -0.143191
v 0.005608 -0.083404 -0.129052
v 0.000000 -0.084518 -0.131267
v -0.000524 -0.104733 -0.114799
v 0.003946 -0.103348 -0.113690
v -0.005143 -0.119514 -0.096586
v 0.000000 -0.120425 -0.098443
v -0.000357 -0.135890 -0.078733
v -0.002311 -0.148684 -0.053476
v 0.000000 -0.145107 -0.050253
v 0.000000 -0.155171 -0.031794
v 0.007810 -0.117853 -0.095012
v 0.004997 -0.134742 -0.077475
v 0.005143 -0.119514 -0.096586
v 0.002311 -0.148684 -0.053476
v 0.000000 -0.155717 -0.033144
v 0.000000 -0.149389 -0.053890
v -0.032293 0.043062 -0.000000
v -0.009999 0.043062 0.037432
v -0.013724 0.057845 0.014785
v -0.005430 0.043062 0.041704
v -0.007784 0.059539 0.016481
v -0.013724 0.028282 0.014787
v -0.000000 0.043329 0.043376
v -0.000000 0.060346 0.017288
v -0.000000 0.094176 0.001114
v 0.007784 0.059539 0.016481
v 0.005430 0.043062 0.041704
v -0.007710 0.092064 0.001114
v 0.007710 0.092064 0.001114
v -0.014520 0.086904 -0.000000
v -0.000000 0.095330 -0.000220
v -0.007876 0.093098 -0.000217
v -0.013724 0.057843 -0.014787
v -0.007784 0.059539 -0.016482
v -0.005430 0.043062 -0.041704
v -0.000000 0.060346 -0.017288
v -0.009999 0.043062 -0.037432
v 0.000000 0.043329 -0.043376
v 0.007784 0.059539 -0.016482
v 0.007876 0.093098 -0.000217
v 0.013724 0.057843 -0.014787
v 0.014520 0.086904 -0.000000
v 0.005430 0.043062 -0.041704
v 0.009999 0.043062 -0.037432
v 0.032293 0.043062 0.000000
v 0.013724 0.057845 0.014785
v 0.009999 0.043062 0.037432
v -0.000000 0.041948 0.042551
v 0.013724 0.028282 0.014787
v 0.007784 0.026585 0.016482
v -0.007784 0.026585 0.016482
v -0.000000 0.025778 0.017288
v 0.000000 -0.008051 0.001114
v 0.007876 -0.006973 0.000216
v 0.014520 -0.000779 0.000000
v -0.007876 -0.006973 0.000216
v 0.000000 -0.009206 -0.000220
v 0.007710 -0.005940 -0.001114
v 0.013724 0.028279 -0.014785
v 0.007784 0.026585 -0.016481
v 0.000000 0.041948 -0.042551
v -0.013724 0.028279 -0.014785
v -0.007784 0.026585 -0.016481
v 0.000000 0.025778 -0.017288
v -0.007710 -0.005940 -0.001114
v -0.014520 -0.000779 -0.000000
v -0.000000 0.701040 0.175676
v -0.000000 0.718900 0.180992
v -0.001709 0.701973 0.173428
v -0.000000 0.682686 0.165910
v 0.001708 0.701973 0.173428
v -0.000000 0.719001 0.180387
v -0.000000 0.703080 0.170938
v -0.000000 0.688402 0.156664
v -0.002906 0.685328 0.161573
v -0.000000 0.678177 0.140307
v -0.000000 0.666460 0.152660
v -0.004328 0.671897 0.146841
v -0.000000 0.672372 0.123011
v 0.002906 0.685328 0.161573
v 0.004327 0.671897 0.146841
v -0.000000 0.653116 0.136503
v 0.005927 0.662081 0.130125
v -0.000000 0.670776 0.105925
v -0.000000 0.643168 0.118053
v 0.007628 0.656056 0.112314
v -0.005927 0.662081 0.130125
v -0.007628 0.656056 0.112314
v -0.000000 0.637002 0.098030
v -0.000453 0.672405 0.090347
v -0.009349 0.653633 0.094284
v 0.000627 0.672216 0.090587
v 0.000494 0.676643 0.076489
v -0.000666 0.676412 0.076699
v -0.000666 0.635116 0.076699
v -0.011025 0.654517 0.076699
v 0.000528 0.682798 0.064639
v 0.000498 0.634987 0.076915
v 0.009349 0.653633 0.094284
v 0.011024 0.654517 0.076699
v 0.000559 0.637003 0.056028
v 0.012609 0.658473 0.060076
v -0.000723 0.637169 0.055839
v 0.000617 0.643053 0.035937
v -0.000779 0.643253 0.035780
v 0.000671 0.652910 0.017407
v -0.012609 0.658473 0.060076
v -0.000697 0.682509 0.064857
v -0.014062 0.665036 0.044803
v 0.000558 0.689879 0.054871
v -0.000725 0.689608 0.054981
v -0.000578 0.698449 0.046869
v 0.014062 0.665036 0.044803
v 0.000678 0.704227 0.041800
v 0.015346 0.674163 0.031345
v -0.000602 0.706267 0.040634
v 0.000718 0.666188 0.001161
v 0.016452 0.685027 0.019686
v -0.000830 0.653134 0.017294
v -0.015346 0.674163 0.031345
v -0.000875 0.666430 0.001090
v 0.000757 0.682388 -0.012189
v -0.016452 0.685027 0.019686
v -0.000912 0.682633 -0.012209
v 0.000615 0.715132 0.035978
v -0.000777 0.714826 0.035971
v -0.017332 0.697764 0.010436
v -0.000623 0.724316 0.032953
v -0.000939 0.701120 -0.022090
v -0.017968 0.711832 0.003772
v 0.000787 0.700880 -0.022120
v 0.000573 0.730083 0.031579
v 0.017332 0.697764 0.010436
v 0.017968 0.711832 0.003772
v -0.000805 0.720951 -0.028251
v 0.000956 0.721179 -0.028176
v 0.018359 0.726717 -0.000332
v -0.000810 0.742041 -0.030369
v 0.000961 0.742039 -0.030230
v 0.018493 0.742039 -0.001741
v 0.000635 0.742046 0.030521
v 0.018352 0.757343 -0.000240
v 0.000955 0.762900 -0.028175
v 0.000761 0.755277 0.031898
v 0.017959 0.772196 0.003895
v -0.000714 0.738335 0.030406
v -0.018359 0.726717 -0.000332
v -0.018493 0.742039 -0.001741
v -0.018352 0.757343 -0.000240
v -0.000632 0.750702 0.031318
v -0.000805 0.763129 -0.028251
v -0.017959 0.772196 0.003895
v -0.000624 0.759650 0.033199
v -0.017324 0.786228 0.010565
v -0.000616 0.768724 0.036219
v -0.000787 0.783200 -0.022119
v -0.000758 0.801689 -0.012190
v 0.000938 0.782959 -0.022090
v 0.017324 0.786228 0.010565
v 0.000911 0.801445 -0.012209
v 0.000774 0.769078 0.036233
v 0.016451 0.799015 0.019722
v 0.000605 0.777742 0.040695
v -0.000692 0.780766 0.042402
v 0.015352 0.809993 0.031293
v -0.016452 0.799015 0.019722
v 0.000718 0.817889 0.001159
v -0.000875 0.817648 0.001090
v -0.015352 0.809993 0.031293
v -0.000671 0.831169 0.017407
v 0.000830 0.830945 0.017293
v -0.014066 0.819074 0.044789
v -0.000617 0.841025 0.035937
v 0.000584 0.785991 0.046899
v -0.000721 0.794569 0.054940
v -0.012612 0.825690 0.060059
v 0.000564 0.794294 0.054815
v 0.014066 0.819074 0.044789
v 0.000779 0.840825 0.035780
v 0.012612 0.825690 0.060059
v 0.000559 0.847076 0.056030
v 0.000535 0.801542 0.064653
v 0.011029 0.829480 0.076699
v -0.000724 0.846909 0.055839
v 0.000498 0.849092 0.076915
v -0.000666 0.848963 0.076699
v -0.011029 0.829480 0.076698
v -0.000694 0.801786 0.064814
v -0.009353 0.830389 0.094272
v -0.000661 0.807537 0.076699
v 0.000500 0.807304 0.076453
v -0.000622 0.811791 0.090573
v 0.009353 0.830389 0.094272
v 0.000462 0.811619 0.090365
v -0.000000 0.847073 0.098045
v 0.007640 0.827865 0.112249
v -0.000000 0.813028 0.105743
v 0.005933 0.821931 0.130080
v -0.007640 0.827865 0.112249
v -0.000000 0.811627 0.122929
v -0.000000 0.840912 0.118048
v -0.000000 0.830973 0.136488
v -0.005934 0.821931 0.130080
v -0.004315 0.812268 0.146928
v -0.000000 0.806119 0.140573
v -0.000000 0.817617 0.152663
v -0.002904 0.798759 0.161586
v -0.000000 0.795737 0.156736
v -0.000000 0.801390 0.165912
v 0.004315 0.812268 0.146928
v 0.002904 0.798759 0.161586
v 0.001711 0.782098 0.173407
v -0.000000 0.781004 0.170936
v 0.000321 0.764426 0.180953
v -0.001711 0.782098 0.173407
v -0.000316 0.764468 0.181062
v -0.000000 0.783037 0.175676
v -0.000000 0.727900 0.147403
v -0.000123 0.681806 0.153279
v 0.000719 0.682091 0.152729
v -0.000154 0.763135 0.181209
v 0.000724 0.763705 0.180808
v -0.032346 0.740620 0.107286
v -0.000120 0.764144 0.181262
v 0.032345 0.740620 0.107286
v -0.000000 0.772963 0.131765
v 0.000719 0.812914 0.107359
v -0.000159 0.813028 0.108066
v -0.000124 0.813451 0.107090
v -0.000000 0.772963 0.082917
v 0.000719 0.763739 0.033884
v -0.000159 0.764414 0.033994
v -0.000121 0.763680 0.033248
v -0.000000 0.727900 0.067280
v 0.000155 0.682406 0.061284
v -0.000720 0.682112 0.061924
v 0.000123 0.681522 0.061798
v -0.000000 0.701015 0.107341
v -0.000160 0.681599 0.152227
vt 0.260010 0.230957
vt 0.252930 0.230957
vt 0.252197 0.215820
vt 0.252930 0.245605
vt 0.273682 0.244141
vt 0.268799 0.255371
vt 0.264404 0.259277
vt 0.252930 0.260254
vt 0.260010 0.275391
vt 0.252930 0.282715
vt 0.263428 0.290039
vt 0.252930 0.311184
vt 0.272217 0.305176
vt 0.274902 0.319824
vt 0.277344 0.305176
vt 0.252930 0.334961
vt 0.274902 0.319824
vt 0.277344 0.305176
vt 0.252930 0.334961
vt 0.272217 0.305176
vt 0.252930 0.349609
vt 0.252930 0.311184
vt 0.252930 0.358538
vt 0.263428 0.290039
vt 0.252930 0.282715
vt 0.260010 0.275391
vt 0.252930 0.260254
vt 0.264404 0.259277
vt 0.252930 0.245605
vt 0.268799 0.255371
vt 0.273682 0.244141
vt 0.260010 0.230957
vt 0.252930 0.230957
vt 0.252197 0.215820
vt 0.252930 0.364746
vt 0.252930 0.379395
vt 0.252930 0.388323
vt 0.252930 0.394531
vt 0.252930 0.409180
vt 0.252930 0.409180
vt 0.252930 0.424316
vt 0.252930 0.424316
vt 0.252930 0.438965
vt 0.252930 0.447605
vt 0.252930 0.453613
vt 0.252930 0.468750
vt 0.252930 0.477390
vt 0.252930 0.483398
vt 0.252930 0.498535
vt 0.252930 0.507176
vt 0.252930 0.513184
vt 0.252930 0.528076
vt 0.252930 0.536860
vt 0.252930 0.542969
vt 0.252930 0.557861
vt 0.252930 0.557861
vt 0.252930 0.572754
vt 0.252930 0.581538
vt 0.276367 0.587646
vt 0.276367 0.587646
vt 0.266113 0.602539
vt 0.252930 0.602539
vt 0.252930 0.596431
vt 0.260986 0.617188
vt 0.266113 0.602539
vt 0.252930 0.617188
vt 0.251221 0.644775
vt 0.260986 0.617188
vt 0.252930 0.617188
vt 0.251221 0.644775
vt 0.260010 0.230957
vt 0.252930 0.230957
vt 0.252197 0.215820
vt 0.252930 0.245605
vt 0.273682 0.244141
vt 0.268799 0.255371
vt 0.264404 0.259277
vt 0.252930 0.269150
vt 0.260010 0.275391
vt 0.263428 0.290039
vt 0.252930 0.297608
vt 0.272217 0.305176
vt 0.252930 0.319824
vt 0.274902 0.319824
vt 0.277344 0.305176
vt 0.252930 0.334961
vt 0.274902 0.319824
vt 0.277344 0.305176
vt 0.252930 0.334961
vt 0.272217 0.305176
vt 0.252930 0.349609
vt 0.252930 0.311184
vt 0.252930 0.349609
vt 0.263428 0.290039
vt 0.252930 0.282715
vt 0.260010 0.275391
vt 0.252930 0.260254
vt 0.264404 0.259277
vt 0.252930 0.245605
vt 0.268799 0.255371
vt 0.273682 0.244141
vt 0.260010 0.230957
vt 0.252930 0.230957
vt 0.252197 0.215820
vt 0.252930 0.364746
vt 0.252930 0.373387
vt 0.252930 0.379395
vt 0.252930 0.394531
vt 0.252930 0.394531
vt 0.252930 0.409180
vt 0.252930 0.418108
vt 0.252930 0.424316
vt 0.252930 0.438965
vt 0.252930 0.438965
vt 0.252930 0.453613
vt 0.252930 0.462542
vt 0.252930 0.468750
vt 0.252930 0.483398
vt 0.252930 0.483398
vt 0.252930 0.498535
vt 0.252930 0.498535
vt 0.252930 0.513184
vt 0.252930 0.513184
vt 0.252930 0.528076
vt 0.252930 0.536860
vt 0.252930 0.542969
vt 0.252930 0.557861
vt 0.252930 0.557861
vt 0.252930 0.572754
vt 0.252930 0.581538
vt 0.252930 0.596431
vt 0.276367 0.587646
vt 0.276367 0.587646
vt 0.266113 0.602539
vt 0.260986 0.617188
vt 0.266113 0.602539
vt 0.252930 0.617188
vt 0.251221 0.644775
vt 0.252930 0.602539
vt 0.260986 0.617188
vt 0.252930 0.617188
vt 0.251221 0.644775
vt 0.047061 0.016113
vt 0.009224 0.008301
vt 0.033691 0.008301
vt 0.009224 0.016113
vt 0.058167 0.008301
vt 0.033691 0.051270
vt 0.009224 0.051270
vt 0.033691 0.087891
vt 0.009224 0.087891
vt 0.058167 0.051270
vt 0.095977 0.016113
vt 0.082642 0.008301
vt 0.107056 0.008301
vt 0.082642 0.051270
vt 0.144872 0.016113
vt 0.131470 0.008301
vt 0.156006 0.008301
vt 0.107056 0.051270
vt 0.131470 0.051270
vt 0.082642 0.087891
vt 0.131470 0.087891
vt 0.058167 0.087891
vt 0.107056 0.087891
vt 0.082642 0.107910
vt 0.033691 0.107910
vt 0.009224 0.107910
vt 0.058167 0.107910
vt 0.033691 0.125000
vt 0.009224 0.125000
vt 0.082642 0.125000
vt 0.021484 0.133714
vt 0.009224 0.133719
vt 0.058167 0.125000
vt 0.033691 0.133692
vt 0.009224 0.140137
vt 0.045959 0.133714
vt 0.021484 0.140137
vt 0.009224 0.199219
vt 0.033691 0.199219
vt 0.033691 0.140137
vt 0.045959 0.140137
vt 0.058167 0.199219
vt 0.058167 0.133692
vt 0.058167 0.140137
vt 0.070435 0.133695
vt 0.070435 0.140137
vt 0.082642 0.199219
vt 0.082642 0.133692
vt 0.082642 0.140137
vt 0.094910 0.140137
vt 0.107056 0.199219
vt 0.094910 0.133695
vt 0.107056 0.140137
vt 0.119385 0.140137
vt 0.131470 0.199219
vt 0.107056 0.133692
vt 0.131470 0.140137
vt 0.119385 0.133695
vt 0.107056 0.125000
vt 0.107056 0.107910
vt 0.131470 0.125000
vt 0.131470 0.107910
vt 0.131470 0.133692
vt 0.156006 0.087891
vt 0.143799 0.133714
vt 0.156006 0.107910
vt 0.156006 0.125000
vt 0.156006 0.133692
vt 0.180420 0.125000
vt 0.143799 0.140137
vt 0.156006 0.199219
vt 0.156006 0.140137
vt 0.168335 0.140137
vt 0.180420 0.199219
vt 0.168335 0.133695
vt 0.180420 0.140137
vt 0.180420 0.133692
vt 0.192749 0.140137
vt 0.204956 0.199219
vt 0.192749 0.133695
vt 0.204956 0.140137
vt 0.217163 0.140137
vt 0.229370 0.199219
vt 0.204956 0.133673
vt 0.229370 0.140137
vt 0.217163 0.133695
vt 0.204956 0.125000
vt 0.229370 0.133692
vt 0.229370 0.125000
vt 0.204956 0.107910
vt 0.241699 0.133714
vt 0.241699 0.140137
vt 0.253906 0.199219
vt 0.253906 0.140137
vt 0.266113 0.140137
vt 0.278320 0.199219
vt 0.253906 0.133692
vt 0.266113 0.133714
vt 0.278320 0.140137
vt 0.290527 0.140137
vt 0.302734 0.199219
vt 0.278320 0.133692
vt 0.302734 0.140137
vt 0.290527 0.133714
vt 0.253906 0.125000
vt 0.278320 0.125000
vt 0.253906 0.107910
vt 0.229370 0.107910
vt 0.278320 0.107910
vt 0.302734 0.133692
vt 0.302734 0.125000
vt 0.314941 0.133714
vt 0.302734 0.107910
vt 0.327148 0.125000
vt 0.327148 0.133692
vt 0.314941 0.140137
vt 0.327148 0.199219
vt 0.327148 0.140137
vt 0.339600 0.140137
vt 0.351807 0.199219
vt 0.339600 0.133714
vt 0.351807 0.140137
vt 0.364014 0.140137
vt 0.376221 0.199219
vt 0.351807 0.133692
vt 0.376221 0.140137
vt 0.364014 0.133714
vt 0.351807 0.125000
vt 0.376221 0.125000
vt 0.376221 0.133692
vt 0.351807 0.107910
vt 0.388428 0.133714
vt 0.400635 0.125000
vt 0.400635 0.133719
vt 0.400635 0.107910
vt 0.400635 0.140137
vt 0.376221 0.107910
vt 0.400635 0.087891
vt 0.388428 0.140137
vt 0.400635 0.199219
vt 0.376221 0.087891
vt 0.400635 0.051270
vt 0.351807 0.087891
vt 0.376221 0.051270
vt 0.400635 0.016602
vt 0.351807 0.051270
vt 0.327148 0.107910
vt 0.327148 0.087891
vt 0.302734 0.087891
vt 0.327148 0.051270
vt 0.302734 0.051270
vt 0.278320 0.087891
vt 0.253906 0.087891
vt 0.278320 0.051270
vt 0.253906 0.051270
vt 0.229370 0.087891
vt 0.204956 0.087891
vt 0.229370 0.051270
vt 0.180420 0.107910
vt 0.204956 0.051270
vt 0.180420 0.087891
vt 0.156006 0.051270
vt 0.180420 0.051270
vt 0.193822 0.016113
vt 0.180420 0.008301
vt 0.204956 0.008301
vt 0.242773 0.016113
vt 0.229370 0.008301
vt 0.253906 0.008301
vt 0.291656 0.016113
vt 0.278320 0.008301
vt 0.302734 0.008301
vt 0.327148 0.016602
vt 0.327148 0.008301
vt 0.351807 0.008301
vt 0.362885 0.016602
vt 0.376221 0.008301
vt 0.400635 0.008301
vt 0.351074 0.624512
vt 0.361572 0.613525
vt 0.351074 0.624512
vt 0.374023 0.619385
vt 0.366699 0.628418
vt 0.374023 0.619385
vt 0.366699 0.628418
vt 0.390625 0.595215
vt 0.388672 0.626709
vt 0.383789 0.633545
vt 0.399170 0.599854
vt 0.397217 0.631348
vt 0.411865 0.652100
vt 0.412109 0.607178
vt 0.410400 0.572510
vt 0.418701 0.575439
vt 0.419434 0.612305
vt 0.399170 0.599854
vt 0.432861 0.582764
vt 0.388672 0.626709
vt 0.383789 0.633545
vt 0.397217 0.631348
vt 0.411865 0.652100
vt 0.412109 0.607178
vt 0.418701 0.575439
vt 0.419434 0.612305
vt 0.430176 0.530029
vt 0.432861 0.582764
vt 0.438965 0.532959
vt 0.413491 0.654334
vt 0.440674 0.586670
vt 0.381836 0.637939
vt 0.445721 0.628501
vt 0.468305 0.600672
vt 0.460012 0.539611
vt 0.484685 0.568427
vt 0.470477 0.481366
vt 0.495910 0.530555
vt 0.475672 0.614077
vt 0.426681 0.666218
vt 0.501118 0.463648
vt 0.399422 0.651845
vt 0.465088 0.428711
vt 0.493976 0.410666
vt 0.509766 0.534912
vt 0.511274 0.465412
vt 0.499783 0.574739
vt 0.497070 0.619141
vt 0.464844 0.662800
vt 0.528809 0.540771
vt 0.517838 0.633958
vt 0.430828 0.687559
vt 0.486084 0.668945
vt 0.435547 0.701660
vt 0.460205 0.697754
vt 0.436523 0.719727
vt 0.401310 0.674328
vt 0.432830 0.729519
vt 0.434814 0.737061
vt 0.414544 0.698278
vt 0.429688 0.753540
vt 0.417712 0.725334
vt 0.427246 0.752441
vt 0.421631 0.768799
vt 0.413098 0.774966
vt 0.410645 0.782227
vt 0.410238 0.751539
vt 0.397217 0.793213
vt 0.386968 0.795696
vt 0.381836 0.801392
vt 0.397705 0.769409
vt 0.365234 0.806396
vt 0.381956 0.780730
vt 0.354810 0.804769
vt 0.347900 0.808105
vt 0.330566 0.806396
vt 0.355965 0.789125
vt 0.321794 0.800953
vt 0.313965 0.801392
vt 0.298828 0.793213
vt 0.328822 0.786922
vt 0.292661 0.784679
vt 0.285400 0.782227
vt 0.274414 0.768799
vt 0.308838 0.778076
vt 0.276611 0.767334
vt 0.266113 0.753540
vt 0.294735 0.765003
vt 0.265675 0.742937
vt 0.261230 0.737061
vt 0.259521 0.719727
vt 0.281357 0.741175
vt 0.263071 0.709790
vt 0.261230 0.702393
vt 0.266113 0.685791
vt 0.278189 0.714119
vt 0.273307 0.678127
vt 0.274414 0.670410
vt 0.285400 0.657227
vt 0.285662 0.687865
vt 0.294986 0.652743
vt 0.298828 0.645996
vt 0.313965 0.637939
vt 0.302646 0.666317
vt 0.315186 0.640381
vt 0.330566 0.632812
vt 0.341091 0.634490
vt 0.347900 0.631104
vt 0.326452 0.653083
vt 0.365234 0.632812
vt 0.372803 0.637940
vt 0.353508 0.649915
vt 0.340906 0.652747
vt 0.322021 0.657227
vt 0.379763 0.657389
vt 0.361084 0.653320
vt 0.379281 0.660206
vt 0.399763 0.676689
vt 0.383343 0.666796
vt 0.412234 0.699807
vt 0.397864 0.679295
vt 0.409674 0.701467
vt 0.414954 0.725915
vt 0.396942 0.680909
vt 0.407922 0.702713
vt 0.367020 0.660363
vt 0.411945 0.726386
vt 0.366994 0.658339
vt 0.409924 0.726927
vt 0.342894 0.657483
vt 0.342109 0.655597
vt 0.323577 0.660937
vt 0.402450 0.749988
vt 0.407715 0.744385
vt 0.407535 0.751049
vt 0.397302 0.760717
vt 0.390938 0.771410
vt 0.309327 0.670829
vt 0.373779 0.782104
vt 0.307469 0.669763
vt 0.354895 0.786584
vt 0.377782 0.776515
vt 0.360596 0.782959
vt 0.328757 0.784177
vt 0.341240 0.783527
vt 0.305489 0.771925
vt 0.323577 0.778461
vt 0.306789 0.769006
vt 0.291748 0.757202
vt 0.283567 0.739646
vt 0.294970 0.754992
vt 0.286371 0.737856
vt 0.307616 0.767120
vt 0.280273 0.719727
vt 0.288023 0.736740
vt 0.340700 0.781579
vt 0.283447 0.719727
vt 0.286120 0.712527
vt 0.364914 0.779626
vt 0.283328 0.700583
vt 0.286627 0.700633
vt 0.291748 0.682129
vt 0.304862 0.667978
vt 0.386718 0.768524
vt 0.293495 0.689321
vt 0.294189 0.683838
vt 0.439103 0.719467
vt 0.441650 0.736816
vt 0.437012 0.737061
vt 0.462891 0.712646
vt 0.440197 0.746446
vt 0.434082 0.747559
vt 0.437046 0.755123
vt 0.432129 0.754639
vt 0.428711 0.772095
vt 0.424316 0.770264
vt 0.457400 0.748857
vt 0.419903 0.785169
vt 0.413818 0.783936
vt 0.398682 0.797119
vt 0.430420 0.791260
vt 0.400391 0.801636
vt 0.476858 0.747805
vt 0.430420 0.791260
vt 0.400391 0.801636
vt 0.461187 0.775525
vt 0.398682 0.797119
vt 0.419903 0.785169
vt 0.413818 0.783936
vt 0.424316 0.770264
vt 0.461182 0.775513
vt 0.486816 0.757935
vt 0.428711 0.772095
vt 0.432129 0.754639
vt 0.476858 0.747805
vt 0.437046 0.755123
vt 0.434082 0.747559
vt 0.457400 0.748857
vt 0.440197 0.746446
vt 0.437012 0.737061
vt 0.441650 0.736816
vt 0.439103 0.719467
vt 0.462891 0.712646
vt 0.460205 0.697754
vt 0.435547 0.701660
vt 0.464111 0.736572
vt 0.475221 0.722704
vt 0.494931 0.717288
vt 0.487803 0.715240
vt 0.486816 0.757935
vt 0.507827 0.716540
vt 0.506836 0.739014
vt 0.506836 0.739014
vt 0.524380 0.715239
vt 0.507827 0.716540
vt 0.464111 0.736572
vt 0.494931 0.717288
vt 0.475221 0.722704
vt 0.487803 0.715239
vt 0.501379 0.690692
vt 0.493896 0.679688
vt 0.511307 0.678749
vt 0.523926 0.638184
vt 0.513165 0.689767
vt 0.536670 0.618828
vt 0.533182 0.669975
vt 0.531058 0.611405
vt 0.578271 0.587604
vt 0.547852 0.596191
vt 0.544434 0.593994
vt 0.539663 0.591630
vt 0.554688 0.580811
vt 0.553711 0.573975
vt 0.556327 0.546959
vt 0.561035 0.577637
vt 0.544922 0.491211
vt 0.563190 0.570156
vt 0.586914 0.566650
vt 0.563477 0.492676
vt 0.565430 0.547363
vt 0.571777 0.493164
vt 0.564941 0.447266
vt 0.569824 0.447754
vt 0.556327 0.546959
vt 0.563477 0.492676
vt 0.553711 0.573975
vt 0.564941 0.447266
vt 0.544922 0.491211
vt 0.564941 0.416016
vt 0.556152 0.446777
vt 0.560059 0.416016
vt 0.560059 0.416016
vt 0.552075 0.399687
vt 0.556152 0.446777
vt 0.547750 0.398387
vt 0.539062 0.490723
vt 0.553711 0.416016
vt 0.552734 0.446289
vt 0.541016 0.462891
vt 0.534180 0.456055
vt 0.500488 0.408691
vt 0.541504 0.445801
vt 0.437715 0.381845
vt 0.481651 0.367900
vt 0.457102 0.326237
vt 0.447754 0.430664
vt 0.519043 0.402832
vt 0.497803 0.359863
vt 0.525391 0.398926
vt 0.469873 0.318530
vt 0.501953 0.357422
vt 0.433307 0.288645
vt 0.429924 0.291021
vt 0.395218 0.257865
vt 0.418457 0.329590
vt 0.375015 0.268171
vt 0.410400 0.329102
vt 0.334953 0.235432
vt 0.429443 0.380859
vt 0.348182 0.230450
vt 0.304717 0.216822
vt 0.418457 0.329590
vt 0.395199 0.257878
vt 0.437715 0.381845
vt 0.429924 0.291021
vt 0.348182 0.230450
vt 0.457102 0.326237
vt 0.481651 0.367900
vt 0.493976 0.410666
vt 0.500488 0.408691
vt 0.519043 0.402832
vt 0.433307 0.288645
vt 0.497803 0.359863
vt 0.467285 0.319824
vt 0.437012 0.286133
vt 0.397564 0.256000
vt 0.349033 0.229580
vt 0.310791 0.218262
vt 0.534180 0.456055
vt 0.511274 0.465412
vt 0.541016 0.462891
vt 0.501118 0.463648
vt 0.539062 0.490723
vt 0.552734 0.446289
vt 0.542959 0.399091
vt 0.546531 0.400009
vt 0.528809 0.540771
vt 0.546531 0.400009
vt 0.553711 0.416016
vt 0.499783 0.574739
vt 0.509766 0.534912
vt 0.539663 0.591630
vt 0.495910 0.530555
vt 0.465088 0.428711
vt 0.470477 0.481366
vt 0.447754 0.430664
vt 0.439453 0.429199
vt 0.449707 0.479004
vt 0.449707 0.479004
vt 0.441162 0.476074
vt 0.438965 0.532959
vt 0.460012 0.539611
vt 0.440674 0.586670
vt 0.484685 0.568427
vt 0.468305 0.600672
vt 0.475672 0.614077
vt 0.445721 0.628501
vt 0.413491 0.654334
vt 0.381836 0.637939
vt 0.426681 0.666218
vt 0.464844 0.662800
vt 0.497070 0.619141
vt 0.517838 0.633958
vt 0.486084 0.668945
vt 0.531058 0.611405
vt 0.544434 0.593994
vt 0.554688 0.580811
vt 0.547852 0.596191
vt 0.561035 0.577637
vt 0.523926 0.638184
vt 0.536670 0.618828
vt 0.578271 0.587604
vt 0.533182 0.669975
vt 0.578999 0.605237
vt 0.513165 0.689767
vt 0.597656 0.586426
vt 0.511307 0.678749
vt 0.501379 0.690692
vt 0.586914 0.566650
vt 0.493896 0.679688
vt 0.430827 0.687559
vt 0.538941 0.688786
vt 0.571261 0.615659
vt 0.539582 0.687195
vt 0.524414 0.715332
vt 0.583466 0.599039
vt 0.597641 0.586392
vt 0.618652 0.571045
vt 0.618652 0.571045
vt 0.613121 0.556821
vt 0.625488 0.557129
vt 0.612753 0.555875
vt 0.413818 0.783936
vt 0.424316 0.770264
vt 0.419903 0.785169
vt 0.398682 0.797119
vt 0.428711 0.772095
vt 0.432129 0.754639
vt 0.430420 0.791260
vt 0.400391 0.801636
vt 0.437046 0.755123
vt 0.434082 0.747559
vt 0.457400 0.748857
vt 0.440197 0.746446
vt 0.437012 0.737061
vt 0.441650 0.736816
vt 0.439103 0.719467
vt 0.462891 0.712646
vt 0.464111 0.736572
vt 0.435547 0.701660
vt 0.460205 0.697754
vt 0.475221 0.722704
vt 0.487803 0.715240
vt 0.494931 0.717288
vt 0.476858 0.747805
vt 0.461182 0.775513
vt 0.486816 0.757935
vt 0.507827 0.716540
vt 0.506836 0.739014
vt 0.486816 0.757935
vt 0.506836 0.739014
vt 0.461187 0.775525
vt 0.430420 0.791260
vt 0.400391 0.801636
vt 0.398682 0.797119
vt 0.419903 0.785169
vt 0.413818 0.783936
vt 0.424316 0.770264
vt 0.428711 0.772095
vt 0.432129 0.754639
vt 0.476858 0.747805
vt 0.437046 0.755123
vt 0.434082 0.747559
vt 0.457400 0.748857
vt 0.440197 0.746446
vt 0.437012 0.737061
vt 0.441650 0.736816
vt 0.439103 0.719467
vt 0.462891 0.712646
vt 0.460205 0.697754
vt 0.435547 0.701660
vt 0.464111 0.736572
vt 0.475221 0.722704
vt 0.494931 0.717288
vt 0.487803 0.715240
vt 0.507827 0.716540
vt 0.524380 0.715239
vt 0.524414 0.715332
vt 0.538910 0.688866
vt 0.539353 0.687762
vt 0.533182 0.669975
vt 0.513165 0.689767
vt 0.501379 0.690692
vt 0.511307 0.678749
vt 0.493896 0.679688
vt 0.523926 0.638184
vt 0.536670 0.618828
vt 0.517838 0.633958
vt 0.571261 0.615659
vt 0.486084 0.668945
vt 0.531058 0.611405
vt 0.464843 0.662800
vt 0.539663 0.591630
vt 0.497070 0.619141
vt 0.544434 0.593994
vt 0.547852 0.596191
vt 0.554688 0.580811
vt 0.553711 0.573975
vt 0.578271 0.587604
vt 0.561035 0.577637
vt 0.583466 0.599039
vt 0.563190 0.570156
vt 0.597641 0.586392
vt 0.586914 0.566650
vt 0.618652 0.571045
vt 0.613121 0.556821
vt 0.625488 0.557129
vt 0.612753 0.555875
vt 0.586914 0.566650
vt 0.618652 0.571045
vt 0.578271 0.587604
vt 0.561035 0.577637
vt 0.597656 0.586426
vt 0.578999 0.605237
vt 0.533182 0.669975
vt 0.536670 0.618828
vt 0.513165 0.689767
vt 0.511307 0.678749
vt 0.501379 0.690692
vt 0.493896 0.679688
vt 0.523926 0.638184
vt 0.486084 0.668945
vt 0.517838 0.633958
vt 0.531058 0.611405
vt 0.547852 0.596191
vt 0.554688 0.580811
vt 0.544434 0.593994
vt 0.539663 0.591630
vt 0.553711 0.573975
vt 0.464844 0.662800
vt 0.565430 0.547363
vt 0.497070 0.619141
vt 0.475672 0.614077
vt 0.430827 0.687559
vt 0.426681 0.666218
vt 0.436523 0.719727
vt 0.445721 0.628501
vt 0.468305 0.600672
vt 0.432830 0.729519
vt 0.434814 0.737061
vt 0.413491 0.654334
vt 0.429688 0.753540
vt 0.422638 0.761226
vt 0.421631 0.768799
vt 0.410645 0.782227
vt 0.417712 0.725334
vt 0.401059 0.786609
vt 0.397217 0.793213
vt 0.410238 0.751539
vt 0.381836 0.801392
vt 0.393299 0.772964
vt 0.371355 0.801830
vt 0.365234 0.806396
vt 0.347900 0.808105
vt 0.374756 0.784546
vt 0.338108 0.804484
vt 0.330566 0.806396
vt 0.355965 0.789125
vt 0.313965 0.801392
vt 0.315186 0.798950
vt 0.298828 0.793213
vt 0.328821 0.786922
vt 0.292661 0.784679
vt 0.285400 0.782227
vt 0.274414 0.768799
vt 0.308838 0.778076
vt 0.276611 0.767334
vt 0.266113 0.753540
vt 0.294735 0.765003
vt 0.265675 0.742937
vt 0.261230 0.737061
vt 0.259521 0.719727
vt 0.281357 0.741175
vt 0.262207 0.719727
vt 0.261230 0.702393
vt 0.266552 0.693377
vt 0.266113 0.685791
vt 0.278189 0.714119
vt 0.274414 0.670410
vt 0.282948 0.664343
vt 0.285400 0.657227
vt 0.282959 0.692871
vt 0.298828 0.645996
vt 0.293156 0.676258
vt 0.309077 0.643685
vt 0.313965 0.637939
vt 0.330566 0.632812
vt 0.313845 0.658529
vt 0.341091 0.634490
vt 0.347900 0.631104
vt 0.365234 0.632812
vt 0.334229 0.650635
vt 0.372803 0.637940
vt 0.381836 0.637939
vt 0.353508 0.649915
vt 0.315804 0.660594
vt 0.334717 0.653320
vt 0.295645 0.677315
vt 0.399422 0.651846
vt 0.379763 0.657389
vt 0.285400 0.693848
vt 0.280846 0.713538
vt 0.286627 0.700633
vt 0.298499 0.678614
vt 0.284339 0.719727
vt 0.283567 0.739646
vt 0.286371 0.737856
vt 0.291748 0.757202
vt 0.294970 0.754992
vt 0.305489 0.771925
vt 0.306789 0.769006
vt 0.307616 0.767120
vt 0.328757 0.784177
vt 0.288023 0.736740
vt 0.323577 0.778461
vt 0.340700 0.781579
vt 0.335449 0.782959
vt 0.288637 0.700607
vt 0.354895 0.786584
vt 0.353806 0.783612
vt 0.364914 0.779626
vt 0.372559 0.779297
vt 0.379997 0.778802
vt 0.383343 0.772591
vt 0.300507 0.679198
vt 0.395538 0.760011
vt 0.397302 0.760717
vt 0.400285 0.762016
vt 0.312569 0.666796
vt 0.329771 0.658067
vt 0.330887 0.659705
vt 0.406823 0.744050
vt 0.412473 0.738870
vt 0.411945 0.726386
vt 0.409925 0.726927
vt 0.415527 0.719727
vt 0.347900 0.655921
vt 0.414544 0.698278
vt 0.412234 0.699807
vt 0.411377 0.707031
vt 0.404876 0.689845
vt 0.399763 0.676689
vt 0.407922 0.702713
vt 0.401310 0.674328
vt 0.367020 0.660363
vt 0.366994 0.658339
vt 0.383343 0.666796
vt 0.396942 0.680909
vt 0.393555 0.674072
vt 0.379281 0.660206
vt 0.411865 0.652100
vt 0.354089 0.652673
vt 0.397217 0.631348
vt 0.383789 0.633545
vt 0.419434 0.612305
vt 0.388672 0.626709
vt 0.366699 0.628418
vt 0.412109 0.607178
vt 0.374023 0.619385
vt 0.351074 0.624512
vt 0.399170 0.599854
vt 0.361572 0.613525
vt 0.351074 0.624512
vt 0.390625 0.595215
vt 0.374023 0.619385
vt 0.366699 0.628418
vt 0.410400 0.572510
vt 0.388672 0.626709
vt 0.383789 0.633545
vt 0.399170 0.599854
vt 0.397217 0.631348
vt 0.411865 0.652100
vt 0.412109 0.607178
vt 0.418701 0.575439
vt 0.418701 0.575439
vt 0.430176 0.530029
vt 0.432861 0.582764
vt 0.438965 0.532959
vt 0.440674 0.586670
vt 0.460012 0.539611
vt 0.484685 0.568427
vt 0.495910 0.530555
vt 0.470477 0.481366
vt 0.499783 0.574739
vt 0.509766 0.534912
vt 0.501118 0.463648
vt 0.528809 0.540771
vt 0.511274 0.465412
vt 0.556327 0.546959
vt 0.563477 0.492676
vt 0.571777 0.493164
vt 0.556327 0.546959
vt 0.544922 0.491211
vt 0.563477 0.492676
vt 0.569824 0.447754
vt 0.564941 0.447266
vt 0.564941 0.447266
vt 0.564941 0.416016
vt 0.556152 0.446777
vt 0.544922 0.491211
vt 0.539062 0.490723
vt 0.560059 0.416016
vt 0.552075 0.399687
vt 0.493976 0.410666
vt 0.560059 0.416016
vt 0.556152 0.446777
vt 0.465088 0.428711
vt 0.437715 0.381845
vt 0.481651 0.367900
vt 0.449707 0.479004
vt 0.447754 0.430664
vt 0.441162 0.476074
vt 0.439453 0.429199
vt 0.429443 0.380859
vt 0.449707 0.479004
vt 0.438965 0.532959
vt 0.447754 0.430664
vt 0.470477 0.481366
vt 0.432861 0.582764
vt 0.460012 0.539611
vt 0.419434 0.612305
vt 0.440674 0.586670
vt 0.413491 0.654334
vt 0.445721 0.628501
vt 0.381836 0.637939
vt 0.468305 0.600672
vt 0.484685 0.568427
vt 0.495910 0.530555
vt 0.465088 0.428711
vt 0.501118 0.463648
vt 0.437715 0.381845
vt 0.410400 0.329102
vt 0.499783 0.574739
vt 0.509766 0.534912
vt 0.511274 0.465412
vt 0.493976 0.410666
vt 0.481651 0.367900
vt 0.418457 0.329590
vt 0.457102 0.326237
vt 0.500488 0.408691
vt 0.534180 0.456055
vt 0.429924 0.291021
vt 0.519043 0.402832
vt 0.539062 0.490723
vt 0.497803 0.359863
vt 0.528809 0.540771
vt 0.475672 0.614077
vt 0.426681 0.666218
vt 0.430827 0.687559
vt 0.436523 0.719727
vt 0.399422 0.651846
vt 0.433838 0.719727
vt 0.434814 0.737061
vt 0.429249 0.745833
vt 0.429688 0.753540
vt 0.414544 0.698278
vt 0.421631 0.768799
vt 0.417712 0.725334
vt 0.419434 0.767334
vt 0.410645 0.782227
vt 0.412842 0.746582
vt 0.401059 0.786609
vt 0.397217 0.793213
vt 0.402889 0.763073
vt 0.381836 0.801392
vt 0.380859 0.798950
vt 0.365234 0.806396
vt 0.381956 0.780730
vt 0.354810 0.804769
vt 0.347900 0.808105
vt 0.330566 0.806396
vt 0.355965 0.789125
vt 0.321794 0.800953
vt 0.313965 0.801392
vt 0.298828 0.793213
vt 0.328821 0.786922
vt 0.292661 0.784679
vt 0.285400 0.782227
vt 0.274414 0.768799
vt 0.308838 0.778076
vt 0.276611 0.767334
vt 0.266113 0.753540
vt 0.294735 0.765003
vt 0.265675 0.742937
vt 0.261230 0.737061
vt 0.259521 0.719727
vt 0.281357 0.741175
vt 0.262207 0.719727
vt 0.261230 0.702393
vt 0.266552 0.693377
vt 0.266113 0.685791
vt 0.278189 0.714119
vt 0.274414 0.670410
vt 0.282948 0.664343
vt 0.285400 0.657227
vt 0.282959 0.692871
vt 0.298828 0.645996
vt 0.293156 0.676258
vt 0.309077 0.643685
vt 0.313965 0.637939
vt 0.330566 0.632812
vt 0.308838 0.661133
vt 0.341091 0.634490
vt 0.347900 0.631104
vt 0.326452 0.653083
vt 0.365234 0.632812
vt 0.372803 0.637940
vt 0.353508 0.649915
vt 0.327981 0.655393
vt 0.374756 0.654785
vt 0.391369 0.664738
vt 0.354089 0.652673
vt 0.379281 0.660206
vt 0.406494 0.680664
vt 0.399763 0.676689
vt 0.412234 0.699807
vt 0.397864 0.679296
vt 0.415527 0.719727
vt 0.407715 0.695068
vt 0.412030 0.713822
vt 0.412473 0.738870
vt 0.409418 0.738707
vt 0.404297 0.757202
vt 0.390938 0.771410
vt 0.401611 0.755493
vt 0.388331 0.769568
vt 0.373779 0.782104
vt 0.354895 0.786584
vt 0.366160 0.781256
vt 0.328757 0.784177
vt 0.341240 0.783527
vt 0.310303 0.775879
vt 0.323577 0.778461
vt 0.296152 0.762642
vt 0.306789 0.769006
vt 0.283567 0.739646
vt 0.294970 0.754992
vt 0.286371 0.737856
vt 0.307616 0.767120
vt 0.280273 0.719727
vt 0.288023 0.736740
vt 0.340700 0.781579
vt 0.284339 0.719727
vt 0.364914 0.779626
vt 0.283328 0.700583
vt 0.286627 0.700633
vt 0.288637 0.700607
vt 0.295645 0.677315
vt 0.386718 0.768524
vt 0.300507 0.679198
vt 0.298499 0.678614
vt 0.310303 0.663574
vt 0.312569 0.666796
vt 0.329771 0.658067
vt 0.330887 0.659705
vt 0.402450 0.749988
vt 0.409925 0.726927
vt 0.347900 0.655921
vt 0.366994 0.658339
vt 0.367020 0.660363
vt 0.407922 0.702713
vt 0.383343 0.666796
vt 0.396942 0.680909
vt 0.481289 0.911478
vt 0.481445 0.913025
vt 0.480944 0.903381
vt 0.483208 0.919496
vt 0.482422 0.919067
vt 0.483208 0.919496
vt 0.482422 0.919067
vt 0.480469 0.925110
vt 0.481122 0.925498
vt 0.470516 0.944333
vt 0.497314 0.922019
vt 0.464590 0.954315
vt 0.461670 0.977585
vt 0.463578 0.977585
vt 0.513424 0.925518
vt 0.497314 0.953662
vt 0.464590 0.954315
vt 0.481122 0.925498
vt 0.470516 0.944333
vt 0.480469 0.925110
vt 0.497314 0.922057
vt 0.511901 0.919530
vt 0.511901 0.919530
vt 0.514375 0.903381
vt 0.524344 0.944332
vt 0.514160 0.925110
vt 0.512695 0.919067
vt 0.513672 0.913025
vt 0.513801 0.911754
vt 0.512695 0.919067
vt 0.514160 0.925110
vt 0.513424 0.925518
vt 0.524344 0.944332
vt 0.497314 0.948792
vt 0.530278 0.954315
vt 0.530278 0.954315
vt 0.531540 0.977585
vt 0.533203 0.977585
vt 0.497314 0.955120
vt 0.783691 0.007324
vt 0.809082 0.037109
vt 0.799805 0.007324
vt 0.799805 0.007324
vt 0.820801 0.037109
vt 0.815430 0.007324
vt 0.820801 0.037109
vt 0.815430 0.007324
vt 0.837402 0.073730
vt 0.836426 0.037109
vt 0.836426 0.037109
vt 0.844238 0.073730
vt 0.848633 0.037109
vt 0.835449 0.007324
vt 0.855957 0.073730
vt 0.862793 0.037109
vt 0.854980 0.007324
vt 0.866699 0.073730
vt 0.861816 0.108398
vt 0.874023 0.037109
vt 0.871582 0.007324
vt 0.872559 0.108398
vt 0.878418 0.073730
vt 0.885254 0.108398
vt 0.889160 0.073730
vt 0.899902 0.108398
vt 0.884766 0.134277
vt 0.899902 0.134277
vt 0.871582 0.134277
vt 0.896973 0.184082
vt 0.881836 0.184082
vt 0.867188 0.134277
vt 0.877441 0.184570
vt 0.856445 0.108398
vt 0.844238 0.073730
vt 0.861816 0.108398
vt 0.855957 0.073730
vt 0.871582 0.134277
vt 0.872559 0.108398
vt 0.848633 0.037109
vt 0.835449 0.007324
vt 0.866699 0.073730
vt 0.862793 0.037109
vt 0.854980 0.007324
vt 0.885254 0.108398
vt 0.874023 0.037109
vt 0.871582 0.007324
vt 0.878418 0.073730
vt 0.889160 0.073730
vt 0.899902 0.108398
vt 0.884766 0.134277
vt 0.899902 0.134277
vt 0.881836 0.184082
vt 0.896973 0.184082
vt 0.883789 0.242188
vt 0.887695 0.242188
vt 0.887695 0.242188
vt 0.887207 0.307129
vt 0.902344 0.242188
vt 0.902344 0.242188
vt 0.891113 0.307129
vt 0.891113 0.307129
vt 0.880371 0.387207
vt 0.921387 0.184082
vt 0.904785 0.307129
vt 0.919434 0.134277
vt 0.923510 0.284441
vt 0.955566 0.184082
vt 0.914062 0.106445
vt 0.939453 0.131836
vt 0.953025 0.290467
vt 0.962092 0.141946
vt 0.981425 0.155562
vt 0.974425 0.262727
vt 0.948242 0.127930
vt 0.978027 0.143066
vt 0.970215 0.129883
vt 0.920410 0.103516
vt 0.990234 0.155762
vt 0.957520 0.121094
vt 0.907227 0.088379
vt 0.928223 0.100586
vt 0.975098 0.126953
vt 0.983887 0.142090
vt 0.963379 0.117676
vt 0.970215 0.129883
vt 0.957520 0.121094
vt 0.937500 0.098145
vt 0.978027 0.143066
vt 0.916504 0.087402
vt 0.928223 0.100586
vt 0.924805 0.085938
vt 0.916504 0.087402
vt 0.905273 0.073730
vt 0.896484 0.073730
vt 0.889160 0.055664
vt 0.913574 0.073730
vt 0.884766 0.037109
vt 0.898438 0.055664
vt 0.896484 0.037109
vt 0.885254 0.021973
vt 0.890137 0.007324
vt 0.904785 0.007324
vt 0.898926 0.021973
vt 0.909180 0.021973
vt 0.921875 0.007324
vt 0.904785 0.007324
vt 0.906250 0.037109
vt 0.908203 0.055664
vt 0.898926 0.021973
vt 0.896484 0.037109
vt 0.885254 0.021973
vt 0.890137 0.007324
vt 0.884766 0.037109
vt 0.889160 0.055664
vt 0.898438 0.055664
vt 0.905273 0.073730
vt 0.896484 0.073730
vt 0.907227 0.088379
vt 0.914062 0.106445
vt 0.920410 0.103516
vt 0.948242 0.127930
vt 0.919434 0.134277
vt 0.939453 0.131836
vt 0.962092 0.141946
vt 0.921387 0.184082
vt 0.981425 0.155562
vt 0.955566 0.184082
vt 0.989746 0.184082
vt 0.923510 0.284441
vt 0.953025 0.290467
vt 0.974425 0.262726
vt 0.904785 0.307129
vt 0.885254 0.387695
vt 0.897949 0.387695
vt 0.907038 0.448187
vt 0.868164 0.465332
vt 0.862793 0.465332
vt 0.885254 0.387695
vt 0.897949 0.387695
vt 0.868164 0.465332
vt 0.907038 0.448187
vt 0.883789 0.464844
vt 0.839844 0.516113
vt 0.847656 0.518066
vt 0.866211 0.521973
vt 0.821777 0.538086
vt 0.940430 0.387695
vt 0.829102 0.541016
vt 0.847656 0.518066
vt 0.860352 0.552734
vt 0.883789 0.464844
vt 0.866211 0.521973
vt 0.940430 0.387695
vt 0.829102 0.541016
vt 0.891113 0.522461
vt 0.803223 0.551758
vt 0.860352 0.552734
vt 0.806641 0.558350
vt 0.909026 0.521226
vt 0.890137 0.553711
vt 0.955566 0.387207
vt 0.938965 0.464844
vt 0.862793 0.584473
vt 0.907944 0.554100
vt 0.923340 0.522461
vt 0.961426 0.387207
vt 0.943848 0.465332
vt 0.923340 0.553711
vt 0.976074 0.307129
vt 0.929199 0.522461
vt 0.984863 0.242188
vt 0.955566 0.387207
vt 0.909026 0.521226
vt 0.938965 0.464844
vt 0.891113 0.522461
vt 0.923340 0.522461
vt 0.890137 0.553711
vt 0.907944 0.554100
vt 0.923340 0.553711
vt 0.930176 0.553711
vt 0.936035 0.574951
vt 0.913086 0.574951
vt 0.929199 0.574951
vt 0.929199 0.574951
vt 0.948051 0.591149
vt 0.913086 0.574951
vt 0.939822 0.591395
vt 0.939822 0.591395
vt 0.924731 0.591930
vt 0.924677 0.591879
vt 0.901730 0.597463
vt 0.901764 0.597569
vt 0.865560 0.617106
vt 0.865647 0.617414
vt 0.862793 0.584473
vt 0.806641 0.558350
vt 0.839844 0.640381
vt 0.839355 0.639160
vt 0.839457 0.639413
vt 0.828187 0.654084
vt 0.828104 0.654042
vt 0.734375 0.560059
vt 0.809228 0.691292
vt 0.730469 0.552002
vt 0.734375 0.560059
vt 0.723145 0.560303
vt 0.731934 0.564209
vt 0.731934 0.564209
vt 0.747559 0.636719
vt 0.757324 0.637451
vt 0.808887 0.691178
vt 0.733887 0.697266
vt 0.800468 0.732265
vt 0.727539 0.694092
vt 0.636719 0.737793
vt 0.757324 0.637451
vt 0.733887 0.697266
vt 0.800636 0.732350
vt 0.636719 0.737793
vt 0.627441 0.734863
vt 0.625977 0.744629
vt 0.800629 0.748856
vt 0.800492 0.748924
vt 0.809338 0.790428
vt 0.809107 0.790573
vt 0.636719 0.742920
vt 0.734375 0.783813
vt 0.726562 0.788330
vt 0.636719 0.742920
vt 0.764648 0.853760
vt 0.734375 0.783813
vt 0.756836 0.857178
vt 0.764648 0.853760
vt 0.829082 0.827806
vt 0.752441 0.912354
vt 0.828931 0.827856
vt 0.839167 0.841339
vt 0.839123 0.841459
vt 0.752441 0.912354
vt 0.743652 0.917114
vt 0.751465 0.923340
vt 0.755859 0.916138
vt 0.755859 0.916138
vt 0.806641 0.914978
vt 0.809082 0.908813
vt 0.809082 0.908813
vt 0.893555 0.952362
vt 0.883189 0.875815
vt 0.895996 0.946930
vt 0.919299 0.888537
vt 0.883075 0.876086
vt 0.919245 0.888678
vt 0.895996 0.946930
vt 0.926270 0.986847
vt 0.926270 0.882690
vt 0.928875 0.885471
vt 0.924805 0.994022
vt 0.926270 0.986847
vt 0.929688 0.986908
vt 0.932129 0.994022
vt 0.953125 0.956238
vt 0.953125 0.910461
vt 0.958984 0.959808
vt 0.929199 0.882813
vt 0.958984 0.906982
vt 0.929199 0.882812
vt 0.926270 0.882690
vt 0.953125 0.910461
vt 0.928875 0.885471
vt 0.953125 0.956238
vt 0.929688 0.986908
vt 0.687500 0.307617
vt 0.690921 0.311056
vt 0.687988 0.310547
vt 0.682132 0.314919
vt 0.690918 0.301270
vt 0.707518 0.327640
vt 0.687500 0.300781
vt 0.690918 0.301269
vt 0.657227 0.302246
vt 0.655762 0.305664
vt 0.622559 0.279785
vt 0.684570 0.302734
vt 0.687500 0.300781
vt 0.625488 0.276855
vt 0.614258 0.269531
vt 0.660645 0.294922
vt 0.684570 0.302734
vt 0.660644 0.294922
vt 0.631348 0.271484
vt 0.707519 0.327637
vt 0.690921 0.311056
vt 0.687988 0.310547
vt 0.687500 0.307617
vt 0.682132 0.314920
vt 0.657227 0.302246
vt 0.655762 0.305664
vt 0.622559 0.279785
vt 0.625488 0.276855
vt 0.614258 0.269531
vt 0.631348 0.271484
vt 0.630371 0.265137
vt 0.617676 0.267090
vt 0.630371 0.265137
vt 0.624512 0.262695
vt 0.617676 0.267090
vt 0.624512 0.262695
vt 0.611328 0.237305
vt 0.611328 0.237305
vt 0.600119 0.241205
vt 0.597656 0.209961
vt 0.593750 0.209961
vt 0.593750 0.197754
vt 0.605469 0.209473
vt 0.597656 0.198242
vt 0.608398 0.204102
vt 0.605469 0.209473
vt 0.608398 0.204102
vt 0.597656 0.209961
vt 0.605469 0.198730
vt 0.605469 0.198730
vt 0.610840 0.171387
vt 0.597656 0.198242
vt 0.610840 0.171387
vt 0.599634 0.167001
vt 0.617676 0.141113
vt 0.615723 0.139648
vt 0.623535 0.129395
vt 0.624512 0.145508
vt 0.625488 0.131348
vt 0.643066 0.112305
vt 0.629883 0.143555
vt 0.624512 0.145508
vt 0.629883 0.143555
vt 0.617676 0.141113
vt 0.631348 0.137207
vt 0.631348 0.137207
vt 0.649414 0.121094
vt 0.625488 0.131348
vt 0.649414 0.121094
vt 0.672834 0.108345
vt 0.645020 0.114746
vt 0.669922 0.098633
vt 0.670410 0.100586
vt 0.686523 0.094238
vt 0.687012 0.096191
vt 0.701377 0.093750
vt 0.687979 0.103950
vt 0.701718 0.096191
vt 0.698899 0.102544
vt 0.701572 0.093750
vt 0.701935 0.096191
vt 0.699051 0.102540
vt 0.687988 0.104004
vt 0.687012 0.096191
vt 0.686523 0.094238
vt 0.672852 0.108398
vt 0.670410 0.100586
vt 0.669922 0.098633
vt 0.645020 0.114746
vt 0.643066 0.112305
vt 0.623535 0.129395
vt 0.615723 0.139648
vt 0.599634 0.167001
vt 0.593750 0.197754
vt 0.593750 0.209961
vt 0.600119 0.241205
vt 0.009201 0.385742
vt 0.009201 0.300781
vt 0.028091 0.385742
vt 0.009201 0.471191
vt 0.028091 0.283000
vt 0.009201 0.257812
vt 0.028091 0.513141
vt 0.009201 0.513428
vt 0.046967 0.385742
vt 0.009201 0.236816
vt 0.046967 0.300781
vt 0.028091 0.236816
vt 0.009201 0.215332
vt 0.028091 0.215332
vt 0.046967 0.257812
vt 0.046967 0.236816
vt 0.046967 0.215332
vt 0.065857 0.300781
vt 0.065857 0.257005
vt 0.065857 0.215332
vt 0.084717 0.215332
vt 0.084717 0.236816
vt 0.103638 0.215332
vt 0.084717 0.257812
vt 0.103638 0.236816
vt 0.122498 0.215332
vt 0.084717 0.300781
vt 0.103638 0.283000
vt 0.122498 0.236816
vt 0.141357 0.236816
vt 0.141357 0.215332
vt 0.122498 0.283342
vt 0.160278 0.236816
vt 0.160278 0.215332
vt 0.141357 0.283000
vt 0.160278 0.257812
vt 0.179199 0.257005
vt 0.179199 0.215332
vt 0.197998 0.215332
vt 0.197998 0.236816
vt 0.216919 0.215332
vt 0.179199 0.300781
vt 0.216919 0.236816
vt 0.235840 0.215332
vt 0.235840 0.236816
vt 0.197998 0.257812
vt 0.216919 0.283000
vt 0.235840 0.257812
vt 0.197998 0.300781
vt 0.235840 0.300781
vt 0.179199 0.385742
vt 0.216919 0.385742
vt 0.235840 0.385742
vt 0.235840 0.471191
vt 0.197998 0.385742
vt 0.216919 0.513141
vt 0.235840 0.513428
vt 0.197998 0.512725
vt 0.235840 0.556152
vt 0.216919 0.556152
vt 0.197998 0.556152
vt 0.179199 0.512513
vt 0.179199 0.556152
vt 0.160278 0.556152
vt 0.160278 0.512725
vt 0.141357 0.556152
vt 0.141357 0.513141
vt 0.122498 0.556152
vt 0.160278 0.385742
vt 0.122498 0.481267
vt 0.160278 0.300781
vt 0.141357 0.385742
vt 0.122498 0.385742
vt 0.103638 0.385742
vt 0.103638 0.513141
vt 0.084717 0.385742
vt 0.065857 0.385742
vt 0.084717 0.512725
vt 0.103638 0.556152
vt 0.084717 0.556152
vt 0.065857 0.512513
vt 0.065857 0.556152
vt 0.046967 0.556152
vt 0.046967 0.512725
vt 0.028091 0.556152
vt 0.009201 0.556152
vt 0.753407 0.428688
vt 0.847168 0.428711
vt 0.848124 0.430191
vt 0.847835 0.433291
vt 0.840480 0.448378
vt 0.800293 0.477051
vt 0.835938 0.462573
vt 0.837891 0.458984
vt 0.837891 0.465332
vt 0.839267 0.472032
vt 0.836659 0.472956
vt 0.803223 0.515625
vt 0.801304 0.513512
vt 0.800293 0.516357
vt 0.797852 0.515593
vt 0.763927 0.472956
vt 0.761719 0.472032
vt 0.765137 0.462573
vt 0.762695 0.465332
vt 0.762695 0.458984
vt 0.760106 0.448378
vt 0.752751 0.433291
vt 0.752441 0.430176
vt 0.733089 0.909633
vt 0.725734 0.924671
vt 0.685547 0.953430
vt 0.733371 0.906692
vt 0.720703 0.938911
vt 0.723145 0.935181
vt 0.723145 0.941803
vt 0.724121 0.948238
vt 0.721913 0.949263
vt 0.687988 0.992088
vt 0.686650 0.989840
vt 0.685547 0.992832
vt 0.682624 0.992048
vt 0.649181 0.949263
vt 0.646573 0.948238
vt 0.649902 0.938911
vt 0.647949 0.941803
vt 0.647949 0.935181
vt 0.645292 0.924671
vt 0.637516 0.909633
vt 0.638669 0.905141
vt 0.637695 0.906677
vt 0.732422 0.905151
vt 0.848145 0.430176
vt 0.847835 0.433291
vt 0.847177 0.428688
vt 0.840480 0.448378
vt 0.800293 0.477051
vt 0.835938 0.462573
vt 0.837891 0.458984
vt 0.837891 0.465332
vt 0.839267 0.472032
vt 0.836659 0.472956
vt 0.803223 0.515625
vt 0.801304 0.513512
vt 0.800293 0.516357
vt 0.797852 0.515593
vt 0.763927 0.472956
vt 0.761719 0.472032
vt 0.765137 0.462573
vt 0.762695 0.465332
vt 0.762695 0.458984
vt 0.760106 0.448378
vt 0.752751 0.433291
vt 0.752465 0.430191
vt 0.753418 0.428711
vt 0.733398 0.906677
vt 0.733089 0.909633
vt 0.732431 0.905133
vt 0.685547 0.953430
vt 0.725734 0.924671
vt 0.720703 0.938911
vt 0.723145 0.935181
vt 0.723145 0.941803
vt 0.724121 0.948238
vt 0.721913 0.949263
vt 0.687988 0.992048
vt 0.684444 0.989840
vt 0.685547 0.992832
vt 0.682617 0.992088
vt 0.649181 0.949263
vt 0.646573 0.948238
vt 0.649902 0.938911
vt 0.647949 0.941803
vt 0.647949 0.935181
vt 0.645292 0.924671
vt 0.637517 0.909633
vt 0.637717 0.906692
vt 0.638672 0.905151
vt 0.847835 0.433291
vt 0.840480 0.448378
vt 0.800293 0.477051
vt 0.848124 0.430191
vt 0.835938 0.462573
vt 0.837891 0.458984
vt 0.837891 0.465332
vt 0.839267 0.472032
vt 0.836659 0.472956
vt 0.803223 0.515625
vt 0.801304 0.513512
vt 0.800293 0.516357
vt 0.797852 0.515593
vt 0.763927 0.472956
vt 0.761719 0.472032
vt 0.765137 0.462573
vt 0.762695 0.465332
vt 0.762695 0.458984
vt 0.760106 0.448378
vt 0.752751 0.433291
vt 0.754824 0.431485
vt 0.753147 0.429118
vt 0.847168 0.428711
vt 0.733398 0.906677
vt 0.733089 0.909633
vt 0.732427 0.905141
vt 0.725734 0.924671
vt 0.685547 0.953430
vt 0.720703 0.938911
vt 0.723145 0.935181
vt 0.723145 0.941803
vt 0.724121 0.948238
vt 0.721913 0.949263
vt 0.687988 0.992088
vt 0.686650 0.989840
vt 0.685547 0.992832
vt 0.682624 0.992048
vt 0.649181 0.949263
vt 0.646573 0.948238
vt 0.649902 0.938911
vt 0.647949 0.941803
vt 0.647949 0.935181
vt 0.645292 0.924671
vt 0.637517 0.909633
vt 0.637717 0.906692
vt 0.638672 0.905151
vt 0.847439 0.429118
vt 0.847835 0.433291
vt 0.846036 0.431485
vt 0.753418 0.428711
vt 0.800293 0.477051
vt 0.840480 0.448378
vt 0.835938 0.462573
vt 0.837891 0.458984
vt 0.837891 0.465332
vt 0.839267 0.472032
vt 0.836659 0.472956
vt 0.803223 0.515625
vt 0.801304 0.513512
vt 0.800293 0.516357
vt 0.797852 0.515593
vt 0.763927 0.472956
vt 0.761719 0.472032
vt 0.765137 0.462573
vt 0.762695 0.465332
vt 0.762695 0.458984
vt 0.760106 0.448378
vt 0.752751 0.433291
vt 0.752465 0.430191
vt 0.733398 0.906677
vt 0.733089 0.909633
vt 0.732427 0.905141
vt 0.685547 0.953430
vt 0.725734 0.924671
vt 0.720703 0.938911
vt 0.723145 0.935181
vt 0.723145 0.941803
vt 0.724121 0.948238
vt 0.721913 0.949263
vt 0.687988 0.992048
vt 0.684444 0.989840
vt 0.685547 0.992832
vt 0.682617 0.992088
vt 0.649181 0.949263
vt 0.646573 0.948238
vt 0.649902 0.938911
vt 0.647949 0.941803
vt 0.647949 0.935181
vt 0.645292 0.924671
vt 0.637516 0.909633
vt 0.637717 0.906692
vt 0.638672 0.905151
vt 0.604492 0.730957
vt 0.608887 0.731445
vt 0.616212 0.755008
vt 0.604492 0.730957
vt 0.614740 0.759263
vt 0.597656 0.725586
vt 0.614740 0.759263
vt 0.597656 0.725586
vt 0.599063 0.815515
vt 0.599060 0.815530
vt 0.580566 0.701022
vt 0.582558 0.834307
vt 0.592285 0.708740
vt 0.581055 0.686077
vt 0.592291 0.701400
vt 0.596191 0.694824
vt 0.577226 0.688055
vt 0.576694 0.700947
vt 0.577373 0.681648
vt 0.581055 0.675781
vt 0.577855 0.674940
vt 0.581055 0.686077
vt 0.592291 0.701400
vt 0.592285 0.708740
vt 0.577373 0.681648
vt 0.580566 0.701022
vt 0.577226 0.688055
vt 0.576694 0.700947
vt 0.577795 0.837037
vt 0.564453 0.708740
vt 0.559082 0.725586
vt 0.564932 0.701390
vt 0.560547 0.694824
vt 0.564932 0.701390
vt 0.564453 0.708740
vt 0.559082 0.725586
vt 0.577795 0.837037
vt 0.542486 0.759263
vt 0.552734 0.730957
vt 0.574669 0.834307
vt 0.541014 0.755008
vt 0.548340 0.731445
vt 0.552734 0.730957
vt 0.558165 0.815515
vt 0.542486 0.759263
vt 0.558168 0.815530
vt 0.574669 0.834307
vt 0.497559 0.792480
vt 0.501953 0.794067
vt 0.501953 0.794067
vt 0.428554 0.834570
vt 0.428554 0.834570
vt 0.422121 0.835995
vt 0.428955 0.838257
vt 0.428955 0.838257
vt 0.497559 0.879456
vt 0.575195 0.839478
vt 0.501953 0.877869
vt 0.558153 0.856371
vt 0.501953 0.877869
vt 0.558176 0.856368
vt 0.575195 0.839478
vt 0.536685 0.912471
vt 0.536685 0.912471
vt 0.535154 0.916864
vt 0.576755 0.970452
vt 0.576172 0.985565
vt 0.576172 0.985565
vt 0.576172 0.991852
vt 0.576172 0.970230
vt 0.579372 0.992567
vt 0.579893 0.986059
vt 0.580472 0.970452
vt 0.579893 0.986059
vt 0.581055 0.970230
vt 0.582031 0.839478
vt 0.599067 0.856376
vt 0.728428 0.834570
vt 0.655271 0.794066
vt 0.659667 0.792480
vt 0.655271 0.794066
vt 0.582558 0.834307
vt 0.728428 0.834570
vt 0.734861 0.835995
vt 0.728027 0.838257
vt 0.582031 0.839478
vt 0.728027 0.838257
vt 0.659667 0.879456
vt 0.655271 0.877870
vt 0.599044 0.856349
vt 0.655271 0.877870
vt 0.620544 0.912474
vt 0.622073 0.916862
vt 0.620544 0.912474
vt 0.704394 0.539050
vt 0.709961 0.545898
vt 0.676269 0.601318
vt 0.776123 0.530396
vt 0.676269 0.591553
vt 0.764635 0.527511
vt 0.676245 0.588910
vt 0.722452 0.483599
vt 0.731934 0.479980
vt 0.737793 0.412354
vt 0.729519 0.423597
vt 0.761739 0.526764
vt 0.676270 0.450422
vt 0.676270 0.440430
vt 0.613037 0.413574
vt 0.620580 0.424821
vt 0.727831 0.426203
vt 0.648145 0.539050
vt 0.643066 0.545166
vt 0.576172 0.529785
vt 0.587904 0.527391
vt 0.590801 0.526643
vt 0.630254 0.483689
vt 0.620605 0.479980
vt 0.622242 0.427649
vt 0.676269 0.601318
vt 0.709961 0.545898
vt 0.704394 0.539050
vt 0.776123 0.530396
vt 0.676269 0.591553
vt 0.764634 0.527511
vt 0.676245 0.588910
vt 0.722285 0.483689
vt 0.731934 0.479980
vt 0.737793 0.412354
vt 0.729519 0.423597
vt 0.761739 0.526764
vt 0.676269 0.450422
vt 0.676270 0.440430
vt 0.613037 0.413574
vt 0.620580 0.424821
vt 0.630087 0.483599
vt 0.620605 0.479980
vt 0.576172 0.529785
vt 0.727831 0.426203
vt 0.587904 0.527391
vt 0.648145 0.539050
vt 0.643066 0.545166
vt 0.590801 0.526643
vt 0.622242 0.427649
vt 0.676269 0.601318
vt 0.709961 0.545898
vt 0.704394 0.539050
vt 0.776123 0.530396
vt 0.676269 0.591553
vt 0.764634 0.527511
vt 0.676245 0.588910
vt 0.722452 0.483599
vt 0.731934 0.479980
vt 0.737793 0.412354
vt 0.729518 0.423597
vt 0.761739 0.526764
vt 0.676270 0.450423
vt 0.676270 0.440430
vt 0.613037 0.413574
vt 0.620580 0.424821
vt 0.630087 0.483599
vt 0.620605 0.479980
vt 0.576172 0.529785
vt 0.727831 0.426203
vt 0.587904 0.527391
vt 0.648192 0.538986
vt 0.643066 0.545166
vt 0.590801 0.526643
vt 0.622242 0.427649
vt 0.704394 0.539050
vt 0.709961 0.545898
vt 0.676269 0.601318
vt 0.776123 0.530396
vt 0.676269 0.591553
vt 0.764635 0.527511
vt 0.676245 0.588910
vt 0.722452 0.483599
vt 0.731934 0.479980
vt 0.737793 0.412354
vt 0.729518 0.423597
vt 0.761739 0.526764
vt 0.676270 0.450609
vt 0.676270 0.440430
vt 0.613037 0.413574
vt 0.620580 0.424821
vt 0.727831 0.426203
vt 0.648145 0.539050
vt 0.643066 0.545166
vt 0.576172 0.529785
vt 0.587904 0.527391
vt 0.590801 0.526643
vt 0.630087 0.483599
vt 0.620605 0.479980
vt 0.622242 0.427649
vt 0.756348 0.177246
vt 0.770508 0.167480
vt 0.804688 0.167480
vt 0.787598 0.164551
vt 0.746582 0.191895
vt 0.743164 0.208496
vt 0.746582 0.225586
vt 0.818848 0.177246
vt 0.828613 0.191895
vt 0.756348 0.239746
vt 0.831543 0.208496
vt 0.770508 0.249512
vt 0.828613 0.225586
vt 0.787598 0.252930
vt 0.818848 0.239746
vt 0.804688 0.249512
vt 0.436523 0.719727
vt 0.432830 0.729519
vt 0.434814 0.737061
vt 0.399422 0.651846
vt 0.429688 0.753540
vt 0.427246 0.752441
vt 0.421631 0.768799
vt 0.413098 0.774966
vt 0.410645 0.782227
vt 0.417712 0.725334
vt 0.397217 0.793213
vt 0.410238 0.751539
vt 0.386968 0.795696
vt 0.381836 0.801392
vt 0.393299 0.772964
vt 0.365234 0.806396
vt 0.354810 0.804769
vt 0.347900 0.808105
vt 0.374756 0.784546
vt 0.330566 0.806396
vt 0.355965 0.789125
vt 0.321794 0.800953
vt 0.313965 0.801392
vt 0.298828 0.793213
vt 0.328822 0.786922
vt 0.292661 0.784679
vt 0.285400 0.782227
vt 0.274414 0.768799
vt 0.308838 0.778076
vt 0.276611 0.767334
vt 0.266113 0.753540
vt 0.294735 0.765003
vt 0.265675 0.742937
vt 0.261230 0.737061
vt 0.259521 0.719727
vt 0.281357 0.741175
vt 0.262207 0.719727
vt 0.261230 0.702393
vt 0.266552 0.693377
vt 0.266113 0.685791
vt 0.278189 0.714119
vt 0.274414 0.670410
vt 0.282948 0.664343
vt 0.285400 0.657227
vt 0.285662 0.687865
vt 0.298828 0.645996
vt 0.309077 0.643685
vt 0.313965 0.637939
vt 0.302646 0.666317
vt 0.330566 0.632812
vt 0.341091 0.634490
vt 0.347900 0.631104
vt 0.326452 0.653083
vt 0.365234 0.632812
vt 0.372803 0.637940
vt 0.353508 0.649915
vt 0.379763 0.657389
vt 0.361084 0.653320
vt 0.401310 0.674328
vt 0.379281 0.660206
vt 0.399763 0.676689
vt 0.414544 0.698278
vt 0.412234 0.699807
vt 0.414954 0.725915
vt 0.412030 0.713822
vt 0.410400 0.745605
vt 0.409418 0.738707
vt 0.400285 0.762016
vt 0.397302 0.760716
vt 0.379997 0.778801
vt 0.383343 0.772591
vt 0.354895 0.786584
vt 0.372559 0.779297
vt 0.353806 0.783612
vt 0.328757 0.784177
vt 0.335449 0.782959
vt 0.305489 0.771925
vt 0.323577 0.778461
vt 0.306789 0.769006
vt 0.291748 0.757202
vt 0.283567 0.739646
vt 0.294189 0.755493
vt 0.286371 0.737856
vt 0.307616 0.767120
vt 0.280273 0.719727
vt 0.292442 0.748058
vt 0.340700 0.781579
vt 0.285901 0.724733
vt 0.283447 0.719727
vt 0.364914 0.779626
vt 0.283328 0.700583
vt 0.286627 0.700633
vt 0.288637 0.700607
vt 0.291748 0.682129
vt 0.304862 0.667978
vt 0.395539 0.760010
vt 0.300507 0.679198
vt 0.298499 0.678614
vt 0.312569 0.666796
vt 0.322021 0.657227
vt 0.329771 0.658067
vt 0.340906 0.652747
vt 0.347900 0.655921
vt 0.330887 0.659705
vt 0.407264 0.738846
vt 0.410144 0.714719
vt 0.366994 0.658339
vt 0.367020 0.660363
vt 0.383343 0.666796
vt 0.406823 0.695403
vt 0.397864 0.679295
vt 0.396942 0.680909
vt 0.418457 0.329590
vt 0.457102 0.326237
vt 0.375015 0.268171
vt 0.500488 0.408691
vt 0.395199 0.257878
vt 0.534180 0.456055
vt 0.541016 0.462891
vt 0.519043 0.402832
vt 0.552734 0.446289
vt 0.541504 0.445801
vt 0.553711 0.416016
vt 0.547750 0.398387
vt 0.546531 0.400009
vt 0.542959 0.399091
vt 0.546531 0.400009
vt 0.553711 0.416016
vt 0.552734 0.446289
vt 0.541016 0.462891
vt 0.525391 0.398926
vt 0.497803 0.359863
vt 0.501953 0.357422
vt 0.469873 0.318530
vt 0.467285 0.319824
vt 0.433307 0.288645
vt 0.437012 0.286133
vt 0.397564 0.256000
vt 0.348182 0.230450
vt 0.334953 0.235432
vt 0.304717 0.216822
vt 0.429924 0.291021
vt 0.395218 0.257865
vt 0.433307 0.288645
vt 0.348182 0.230450
vt 0.310791 0.218262
vt 0.349033 0.229580
vt 0.911621 0.736572
vt 0.969648 0.736388
vt 0.935059 0.758789
vt 0.981607 0.736446
vt 0.939941 0.763794
vt 0.935059 0.713867
vt 0.993936 0.736601
vt 0.945312 0.768799
vt 0.914551 0.832397
vt 0.939941 0.763794
vt 0.981607 0.736265
vt 0.914551 0.817017
vt 0.914551 0.817017
vt 0.912473 0.804527
vt 0.912457 0.834323
vt 0.912404 0.819454
vt 0.890137 0.758789
vt 0.885254 0.763794
vt 0.843697 0.736446
vt 0.880371 0.768799
vt 0.856035 0.736269
vt 0.831327 0.736601
vt 0.885254 0.763794
vt 0.912404 0.819454
vt 0.890137 0.758789
vt 0.912473 0.804527
vt 0.843697 0.736446
vt 0.856035 0.736269
vt 0.913574 0.736084
vt 0.935059 0.758789
vt 0.969648 0.736388
vt 0.992676 0.734619
vt 0.935059 0.713867
vt 0.939941 0.708984
vt 0.939941 0.708984
vt 0.945312 0.703857
vt 0.914551 0.640381
vt 0.912855 0.653218
vt 0.912722 0.668226
vt 0.912855 0.653218
vt 0.912457 0.638342
vt 0.911133 0.655762
vt 0.890137 0.713867
vt 0.885254 0.708984
vt 0.833008 0.734619
vt 0.890137 0.713867
vt 0.885254 0.708984
vt 0.880371 0.703857
vt 0.911133 0.655762
vt 0.912722 0.668226
vt 0.845012 0.132182
vt 0.854753 0.164802
vt 0.840820 0.133789
vt 0.826971 0.097989
vt 0.840820 0.133789
vt 0.854004 0.165053
vt 0.836618 0.135890
vt 0.810383 0.109051
vt 0.819336 0.103027
vt 0.780122 0.089995
vt 0.802199 0.067918
vt 0.791992 0.078125
vt 0.748262 0.079023
vt 0.819336 0.103027
vt 0.791992 0.078125
vt 0.772237 0.043060
vt 0.761230 0.060059
vt 0.716797 0.075936
vt 0.738025 0.024810
vt 0.728027 0.048828
vt 0.761230 0.060059
vt 0.728027 0.048828
vt 0.700887 0.013754
vt 0.687988 0.079306
vt 0.694824 0.044434
vt 0.687988 0.078613
vt 0.662269 0.087064
vt 0.662109 0.086426
vt 0.662109 0.010254
vt 0.662109 0.045898
vt 0.640625 0.098259
vt 0.662109 0.009703
vt 0.694824 0.044434
vt 0.662109 0.045898
vt 0.623535 0.013789
vt 0.631348 0.053223
vt 0.623535 0.014160
vt 0.586313 0.025052
vt 0.586426 0.025391
vt 0.552425 0.043148
vt 0.631348 0.053223
vt 0.640625 0.097656
vt 0.603516 0.065430
vt 0.622346 0.111391
vt 0.622070 0.110840
vt 0.608344 0.126899
vt 0.603516 0.065430
vt 0.598158 0.138167
vt 0.578613 0.082520
vt 0.596067 0.141598
vt 0.522075 0.067974
vt 0.557129 0.102539
vt 0.552734 0.043457
vt 0.578613 0.082520
vt 0.522461 0.068359
vt 0.497456 0.097781
vt 0.557129 0.102539
vt 0.498047 0.098145
vt 0.587392 0.157954
vt 0.586914 0.157715
vt 0.540039 0.125977
vt 0.582012 0.174668
vt 0.479736 0.132324
vt 0.527344 0.151855
vt 0.479172 0.132064
vt 0.579578 0.185430
vt 0.540039 0.125977
vt 0.527344 0.151855
vt 0.467871 0.169434
vt 0.468506 0.169434
vt 0.520020 0.179688
vt 0.464155 0.208008
vt 0.464844 0.208008
vt 0.517090 0.208008
vt 0.577209 0.208008
vt 0.520020 0.236328
vt 0.468506 0.246582
vt 0.579927 0.232268
vt 0.527832 0.263672
vt 0.577255 0.201069
vt 0.520020 0.179688
vt 0.517090 0.208008
vt 0.520020 0.236328
vt 0.578783 0.224609
vt 0.467871 0.246582
vt 0.527832 0.263672
vt 0.582723 0.240980
vt 0.540039 0.289551
vt 0.588232 0.257457
vt 0.479042 0.283952
vt 0.497505 0.317925
vt 0.479736 0.283691
vt 0.540039 0.289551
vt 0.498047 0.317383
vt 0.587402 0.257812
vt 0.557129 0.312988
vt 0.596415 0.273821
vt 0.599281 0.279035
vt 0.578125 0.333496
vt 0.557129 0.312988
vt 0.521980 0.348138
vt 0.522461 0.347656
vt 0.578125 0.333496
vt 0.552218 0.372690
vt 0.552734 0.372070
vt 0.603516 0.350098
vt 0.586087 0.391303
vt 0.608209 0.288763
vt 0.622070 0.304688
vt 0.631348 0.362305
vt 0.622727 0.303768
vt 0.603516 0.350098
vt 0.586426 0.390625
vt 0.631348 0.362305
vt 0.623412 0.402719
vt 0.640551 0.317117
vt 0.662109 0.369629
vt 0.623535 0.401855
vt 0.662109 0.406237
vt 0.662109 0.405273
vt 0.662109 0.369629
vt 0.640137 0.318359
vt 0.694824 0.371094
vt 0.662109 0.329102
vt 0.662261 0.327733
vt 0.687988 0.336914
vt 0.694824 0.371094
vt 0.687671 0.335647
vt 0.700785 0.402363
vt 0.728027 0.366211
vt 0.716557 0.338635
vt 0.760742 0.355469
vt 0.728027 0.366211
vt 0.748153 0.336150
vt 0.738141 0.391204
vt 0.772366 0.372595
vt 0.760742 0.355469
vt 0.791992 0.337402
vt 0.780353 0.326115
vt 0.802344 0.348096
vt 0.819336 0.312500
vt 0.810415 0.306663
vt 0.827124 0.317847
vt 0.791992 0.337402
vt 0.819336 0.312500
vt 0.840820 0.281738
vt 0.836489 0.279990
vt 0.854876 0.249142
vt 0.840820 0.281738
vt 0.855065 0.249216
vt 0.845151 0.283833
vt 0.233929 0.824368
vt 0.246609 0.732594
vt 0.242615 0.737799
vt 0.301710 0.893777
vt 0.296086 0.893586
vt 0.154541 0.849976
vt 0.302073 0.895443
vt 0.154541 0.849976
vt 0.203372 0.912293
vt 0.155744 0.987641
vt 0.157104 0.992126
vt 0.155422 0.993155
vt 0.108115 0.912292
vt 0.015340 0.893629
vt 0.010813 0.896030
vt 0.009133 0.894841
vt 0.077588 0.824365
vt 0.064810 0.734091
vt 0.068986 0.737773
vt 0.065501 0.732226
vt 0.155762 0.771939
vt 0.244555 0.732673
vn -0.2587 0.2789 0.9248
vn -0.4942 -0.0025 0.8693
vn -0.7479 0.1438 0.6480
vn -0.2819 0.1947 0.9395
vn -0.5703 0.0768 0.8178
vn -0.5872 -0.3755 0.7171
vn -0.5489 -0.0217 0.8356
vn -0.3889 0.3597 0.8482
vn -0.3944 0.4916 0.7764
vn -0.4374 0.5783 0.6886
vn -0.1636 0.7569 0.6327
vn -0.4146 0.7774 0.4730
vn -0.2181 0.8659 0.4501
vn -0.0602 0.9347 0.3504
vn -0.1344 0.9262 0.3522
vn -0.3405 0.9170 0.2078
vn 0.0436 0.9360 0.3492
vn 0.1259 0.9351 0.3313
vn 0.0658 0.9968 0.0457
vn 0.2181 0.8659 0.4501
vn 0.0167 0.9994 0.0290
vn 0.4146 0.7774 0.4730
vn 0.3956 0.9124 -0.1050
vn 0.1636 0.7569 0.6327
vn 0.4374 0.5785 0.6885
vn 0.3944 0.4916 0.7764
vn 0.3889 0.3597 0.8482
vn 0.5489 -0.0217 0.8356
vn 0.2819 0.1947 0.9395
vn 0.5872 -0.3755 0.7171
vn 0.5703 0.0768 0.8178
vn 0.2587 0.2789 0.9248
vn 0.4942 -0.0025 0.8693
vn 0.7479 0.1438 0.6480
vn -0.0227 0.9976 -0.0648
vn -0.0150 0.9186 -0.3949
vn -0.3955 0.8028 -0.4461
vn 0.0180 0.7357 -0.6771
vn -0.0491 0.7887 -0.6129
vn 0.3862 0.6486 -0.6558
vn -0.0195 0.5331 -0.8458
vn -0.3890 0.4921 -0.7788
vn -0.0167 0.3600 -0.9328
vn -0.3956 0.2522 -0.8831
vn 0.0214 0.0204 -0.9996
vn 0.0150 0.0403 -0.9991
vn 0.3956 -0.1050 -0.9124
vn -0.0227 -0.0649 -0.9976
vn -0.0150 -0.3949 -0.9186
vn -0.3955 -0.4461 -0.8028
vn 0.0214 -0.6923 -0.7212
vn 0.0150 -0.6780 -0.7349
vn 0.3917 -0.7214 -0.5711
vn -0.0006 -0.8149 -0.5796
vn 0.0220 -0.9124 -0.4087
vn 0.3905 -0.8551 -0.3411
vn -0.0326 -0.9669 -0.2531
vn 0.3975 -0.9145 -0.0751
vn 0.0692 -0.9897 -0.1252
vn -0.0709 -0.9812 -0.1793
vn 0.2862 -0.9581 -0.0142
vn 0.3862 -0.9059 0.1736
vn -0.4024 -0.9092 0.1070
vn 0.3901 -0.8999 0.1947
vn -0.2751 -0.9610 0.0274
vn 0.6017 -0.7477 0.2809
vn 0.7057 -0.7073 0.0413
vn -0.3972 -0.8994 0.1826
vn -0.6043 -0.7492 0.2710
vn -0.7057 -0.7073 0.0413
vn 0.2587 0.2789 -0.9248
vn 0.4942 -0.0025 -0.8693
vn 0.7479 0.1438 -0.6480
vn 0.2942 0.2039 -0.9337
vn 0.5703 0.0768 -0.8178
vn 0.5872 -0.3755 -0.7171
vn 0.5572 -0.0305 -0.8298
vn 0.3958 0.4500 -0.8005
vn 0.4039 0.5444 -0.7352
vn 0.1596 0.7195 -0.6759
vn 0.4398 0.6750 -0.5925
vn 0.2231 0.8711 -0.4375
vn 0.3942 0.8321 -0.3902
vn 0.0631 0.9375 -0.3423
vn 0.1257 0.9351 -0.3313
vn 0.3301 0.9236 -0.1948
vn -0.0437 0.9360 -0.3492
vn -0.1769 0.9262 -0.3329
vn -0.0344 0.9977 -0.0592
vn -0.2181 0.8659 -0.4501
vn -0.0065 0.9947 -0.1030
vn -0.4146 0.7774 -0.4730
vn -0.3862 0.9224 0.0052
vn -0.1636 0.7569 -0.6327
vn -0.4374 0.5784 -0.6885
vn -0.3944 0.4916 -0.7764
vn -0.3889 0.3597 -0.8482
vn -0.5489 -0.0217 -0.8356
vn -0.2819 0.1947 -0.9395
vn -0.5872 -0.3755 -0.7171
vn -0.5703 0.0768 -0.8178
vn -0.2587 0.2789 -0.9248
vn -0.4942 -0.0025 -0.8693
vn -0.7479 0.1438 -0.6480
vn 0.0167 0.9756 0.2189
vn 0.3917 0.8757 0.2824
vn -0.0006 0.9090 0.4169
vn 0.0220 0.8172 0.5760
vn 0.3905 0.7587 0.5215
vn 0.0167 0.6896 0.7240
vn 0.3917 0.5711 0.7214
vn 0.0191 0.5295 0.8481
vn 0.0097 0.2489 0.9685
vn 0.3881 0.3584 0.8491
vn -0.0167 0.2234 0.9746
vn -0.3956 0.0751 0.9154
vn 0.0194 0.1495 0.9886
vn 0.0087 -0.3029 0.9530
vn 0.3863 -0.1851 0.9036
vn -0.0096 -0.2672 0.9636
vn -0.3862 -0.3578 0.8502
vn -0.0000 -0.5827 0.8127
vn 0.3890 -0.5312 0.7526
vn 0.0167 -0.7240 0.6896
vn 0.3956 -0.7194 0.5710
vn -0.0181 -0.9071 0.4205
vn -0.0047 -0.8740 0.4860
vn -0.3862 -0.8542 0.3481
vn -0.0322 -0.9939 0.1059
vn 0.3975 -0.9145 0.0750
vn -0.4024 -0.9092 -0.1070
vn -0.0736 -0.9824 0.1718
vn 0.0665 -0.9889 0.1327
vn -0.2751 -0.9610 -0.0274
vn -0.3972 -0.8994 -0.1826
vn 0.2862 -0.9581 0.0142
vn -0.6043 -0.7492 -0.2710
vn -0.7057 -0.7073 -0.0413
vn 0.3862 -0.9059 -0.1739
vn 0.3901 -0.8999 -0.1947
vn 0.6017 -0.7477 -0.2809
vn 0.7057 -0.7073 -0.0413
vn -0.5399 -0.6078 -0.5823
vn -0.0361 -0.9084 -0.4165
vn -0.0784 -0.9410 -0.3293
vn -0.0491 -0.5692 -0.8207
vn -0.3302 -0.9087 -0.2554
vn -0.3314 -0.4824 -0.8109
vn -0.0000 -0.5601 -0.8284
vn -0.2649 -0.7216 -0.6396
vn -0.0000 -0.8036 -0.5951
vn -0.5909 -0.5615 -0.5793
vn -0.8156 -0.5740 -0.0729
vn -0.2883 -0.9410 -0.1775
vn -0.4141 -0.9087 0.0529
vn -0.8054 -0.4883 -0.3362
vn -0.5887 -0.6139 0.5259
vn -0.3293 -0.9410 0.0784
vn -0.2554 -0.9087 0.3302
vn -0.8274 -0.5615 0.0082
vn -0.8095 -0.4880 0.3264
vn -0.6396 -0.7216 -0.2649
vn -0.6396 -0.7216 0.2649
vn -0.4208 -0.8036 -0.4208
vn -0.5952 -0.8036 -0.0000
vn -0.3878 -0.9076 -0.1606
vn -0.1606 -0.9076 -0.3878
vn -0.0000 -0.9383 -0.3459
vn -0.2446 -0.9383 -0.2446
vn -0.0841 -0.9755 -0.2031
vn -0.0008 -0.9798 -0.2000
vn -0.2032 -0.9755 -0.0842
vn -0.1372 -0.6435 -0.7530
vn -0.0133 -0.6091 -0.7930
vn -0.1413 -0.9798 -0.1413
vn -0.3223 -0.6243 -0.7116
vn -0.0002 0.2465 -0.9691
vn -0.4351 -0.6436 -0.6296
vn -0.1741 0.4511 -0.8754
vn -0.0000 0.6559 -0.7549
vn -0.2724 0.6389 -0.7195
vn -0.3710 0.2455 -0.8956
vn -0.4958 0.4511 -0.7421
vn -0.5670 0.6185 -0.5440
vn -0.5728 -0.6098 -0.5478
vn -0.6855 0.2455 -0.6854
vn -0.6385 -0.6455 -0.4191
vn -0.7421 0.4511 -0.4959
vn -0.7379 0.6145 -0.2793
vn -0.7388 -0.6098 -0.2869
vn -0.8956 0.2455 -0.3710
vn -0.8753 0.4511 -0.1741
vn -0.8123 0.5832 0.0107
vn -0.7552 -0.6416 -0.1343
vn -0.9694 0.2455 -0.0000
vn -0.8753 0.4511 0.1741
vn -0.7486 0.5595 0.3557
vn -0.7699 -0.6379 -0.0182
vn -0.8956 0.2455 0.3710
vn -0.7494 -0.6459 0.1454
vn -0.1999 -0.9798 -0.0000
vn -0.3459 -0.9383 -0.0000
vn -0.2031 -0.9755 0.0841
vn -0.3878 -0.9076 0.1607
vn -0.7263 -0.6090 0.3188
vn -0.4208 -0.8036 0.4208
vn -0.6367 -0.6459 0.4211
vn -0.2446 -0.9383 0.2446
vn -0.1413 -0.9798 0.1413
vn -0.5348 -0.6231 0.5707
vn -0.0842 -0.9755 0.2032
vn -0.7421 0.4511 0.4958
vn -0.5598 0.6115 0.5591
vn -0.6855 0.2455 0.6855
vn -0.4959 0.4511 0.7421
vn -0.3097 0.5809 0.7528
vn -0.4147 -0.6433 0.6436
vn -0.3709 0.2455 0.8956
vn -0.2869 -0.6098 0.7388
vn -0.1741 0.4511 0.8753
vn -0.0000 0.6328 0.7743
vn -0.1489 -0.6462 0.7485
vn -0.0000 0.2455 0.9694
vn 0.1741 0.4511 0.8753
vn 0.3097 0.5809 0.7528
vn -0.0182 -0.6379 0.7699
vn 0.3710 0.2455 0.8956
vn 0.1454 -0.6459 0.7494
vn -0.0009 -0.9798 0.1999
vn 0.3188 -0.6090 0.7263
vn 0.0842 -0.9755 0.2032
vn -0.0000 -0.9383 0.3459
vn 0.4359 -0.6433 0.6294
vn 0.4958 0.4511 0.7421
vn 0.5598 0.6115 0.5591
vn 0.6855 0.2455 0.6854
vn 0.7421 0.4511 0.4959
vn 0.7486 0.5595 0.3557
vn 0.5407 -0.6439 0.5413
vn 0.6562 -0.6329 0.4109
vn 0.8956 0.2455 0.3709
vn 0.8753 0.4511 0.1741
vn 0.8123 0.5832 0.0107
vn 0.7043 -0.6379 0.3114
vn 0.9694 0.2455 -0.0001
vn 0.7485 -0.6462 0.1489
vn 0.1413 -0.9798 0.1413
vn 0.2032 -0.9755 0.0842
vn 0.2446 -0.9383 0.2446
vn 0.1606 -0.9076 0.3878
vn 0.3878 -0.9076 0.1606
vn 0.7930 -0.6090 -0.0166
vn 0.1999 -0.9798 -0.0000
vn 0.7483 -0.6433 -0.1619
vn 0.3459 -0.9383 -0.0000
vn 0.2032 -0.9755 -0.0842
vn 0.7253 -0.6098 -0.3196
vn 0.8753 0.4511 -0.1741
vn 0.7379 0.6145 -0.2793
vn 0.8956 0.2455 -0.3710
vn 0.7421 0.4511 -0.4958
vn 0.5670 0.6185 -0.5440
vn 0.6289 -0.6416 -0.4391
vn 0.6855 0.2455 -0.6855
vn 0.4959 0.4511 -0.7421
vn 0.2724 0.6389 -0.7195
vn 0.5702 -0.6240 -0.5343
vn 0.3710 0.2455 -0.8956
vn 0.4271 -0.6459 -0.6327
vn 0.1420 -0.9798 -0.1407
vn 0.0837 -0.9755 -0.2033
vn 0.2881 -0.6090 -0.7390
vn 0.2446 -0.9383 -0.2446
vn 0.1369 -0.6433 -0.7533
vn 0.0008 -0.9798 -0.2000
vn 0.0133 -0.6091 -0.7930
vn 0.0002 0.2465 -0.9691
vn 0.1606 -0.9076 -0.3878
vn 0.1741 0.4511 -0.8753
vn 0.2649 -0.7216 -0.6396
vn 0.4208 -0.8036 -0.4208
vn 0.3314 -0.4824 -0.8109
vn 0.0491 -0.5692 -0.8207
vn 0.5909 -0.5615 -0.5793
vn 0.3878 -0.9076 -0.1606
vn 0.6396 -0.7216 -0.2649
vn 0.5952 -0.8036 -0.0000
vn 0.8030 -0.4945 -0.3327
vn 0.8274 -0.5615 -0.0081
vn 0.6396 -0.7216 0.2649
vn 0.4208 -0.8036 0.4208
vn 0.8033 -0.4880 0.3415
vn 0.5909 -0.5615 0.5793
vn 0.2649 -0.7216 0.6396
vn -0.0000 -0.8036 0.5952
vn 0.3265 -0.4880 0.8095
vn -0.1606 -0.9076 0.3878
vn 0.0081 -0.5615 0.8274
vn -0.2649 -0.7216 0.6396
vn -0.5793 -0.5615 0.5909
vn -0.3416 -0.4880 0.8033
vn -0.1817 -0.6862 0.7044
vn -0.1774 -0.9410 0.2883
vn 0.0529 -0.9087 0.4141
vn 0.5232 -0.6211 0.5835
vn 0.0784 -0.9410 0.3293
vn 0.3302 -0.9087 0.2554
vn 0.7457 -0.6626 0.0700
vn 0.2883 -0.9410 0.1775
vn 0.3869 -0.9217 -0.0282
vn 0.6580 -0.6994 -0.2791
vn 0.2738 -0.9551 -0.1134
vn 0.2935 -0.9217 -0.2537
vn 0.3640 -0.6208 -0.6944
vn 0.0784 -0.9410 -0.3293
vn 0.0361 -0.9084 -0.4165
vn 0.0734 -0.9829 -0.1691
vn -0.0000 -0.8864 -0.4629
vn -0.0893 -0.9806 -0.1744
vn -0.3273 -0.8349 -0.4425
vn -0.2799 -0.9600 -0.0022
vn 0.3273 -0.8349 -0.4425
vn 0.2799 -0.9600 -0.0022
vn -0.0000 -0.7057 -0.7085
vn -0.7200 -0.6651 -0.1979
vn -0.3901 -0.8999 0.1946
vn -0.4258 -0.6455 -0.6341
vn -0.8262 -0.5478 -0.1316
vn -0.2871 -0.7854 0.5483
vn -0.8399 -0.4435 -0.3128
vn -0.0000 -0.5567 -0.8307
vn -0.4842 -0.4885 -0.7258
vn -0.8557 -0.4250 -0.2953
vn 0.4258 -0.6455 -0.6341
vn -0.8674 -0.3327 -0.3701
vn 0.7200 -0.6651 -0.1979
vn 0.3901 -0.8999 0.1946
vn 0.8262 -0.5477 -0.1316
vn 0.2870 -0.7854 0.5483
vn 0.8399 -0.4435 -0.3128
vn 0.4842 -0.4885 -0.7259
vn 0.8557 -0.4250 -0.2953
vn -0.0000 -0.3199 -0.9474
vn 0.8674 -0.3327 -0.3701
vn 0.6760 -0.2784 -0.6823
vn 0.9701 -0.2212 -0.0998
vn 0.8487 -0.3389 -0.4059
vn 0.6575 -0.6971 0.2860
vn 0.9448 -0.2746 -0.1790
vn 0.9578 -0.1933 -0.2126
vn 0.8344 -0.2457 -0.4934
vn 0.9643 -0.1836 -0.1909
vn 0.8327 -0.1004 -0.5446
vn 0.9629 -0.1508 -0.2236
vn 0.9774 0.0362 0.2084
vn 0.9983 0.0154 0.0566
vn 0.9832 -0.0970 -0.1544
vn 0.9909 -0.1349 0.0008
vn 0.8702 0.0231 -0.4922
vn 0.9924 -0.0809 -0.0931
vn 0.9282 -0.0383 0.3700
vn 0.8944 -0.1333 0.4269
vn 0.9290 0.0435 0.3674
vn 0.8676 0.1483 0.4746
vn 0.9173 0.1867 0.3518
vn 0.8421 -0.0244 0.5387
vn 0.9735 -0.0062 0.2285
vn 0.9949 0.0378 0.0939
vn 0.7695 0.3198 0.5528
vn 0.8008 0.1596 0.5772
vn 0.6992 0.4355 0.5670
vn 0.5709 -0.0273 0.8206
vn 0.9314 0.2446 -0.2695
vn 0.8849 0.0748 0.4597
vn 0.3422 0.2268 0.9119
vn 0.9332 0.1315 -0.3345
vn 0.3804 0.3491 0.8564
vn 0.9331 -0.0059 -0.3596
vn 0.9235 0.1545 0.3512
vn 0.4624 0.4782 0.7467
vn 0.8849 0.3184 0.3400
vn 0.5145 0.6238 0.5883
vn 0.9306 -0.1490 -0.3344
vn 0.4946 0.6860 0.5337
vn 0.8850 0.4237 0.1933
vn 0.4424 0.8318 0.3352
vn 0.9348 -0.2313 -0.2695
vn 0.4435 0.8698 0.2162
vn 0.9473 -0.2686 -0.1748
vn 0.8850 0.4654 0.0165
vn 0.4415 0.8962 -0.0441
vn 0.4958 0.8567 -0.1426
vn 0.9314 -0.3592 -0.0596
vn 0.8850 0.4363 -0.1628
vn 0.4415 0.8111 -0.3837
vn 0.4958 0.7369 -0.4595
vn 0.9353 -0.3478 0.0649
vn 0.8849 0.3412 -0.3170
vn 0.4415 0.6026 -0.6649
vn 0.3894 0.5131 -0.7649
vn 0.9370 -0.3102 0.1609
vn 0.9234 0.2064 -0.3237
vn 0.4624 0.3552 -0.8124
vn 0.9517 -0.2156 0.2185
vn 0.8849 0.1058 -0.4535
vn 0.4415 0.1316 -0.8876
vn 0.4958 0.0273 -0.8680
vn 0.9346 -0.1315 0.3305
vn 0.8850 -0.0746 -0.4596
vn 0.4415 -0.2180 -0.8704
vn 0.4958 -0.3070 -0.8124
vn 0.9455 0.0056 0.3257
vn 0.8850 -0.2448 -0.3961
vn 0.4415 -0.5345 -0.7207
vn 0.4958 -0.5945 -0.6331
vn 0.9474 0.1249 0.2948
vn 0.8850 -0.3773 -0.2729
vn 0.4415 -0.7696 -0.4613
vn 0.3894 -0.8503 -0.3540
vn 0.9313 0.2655 0.2492
vn 0.9235 -0.3576 -0.1391
vn 0.4624 -0.8661 -0.1898
vn 0.8849 -0.4654 -0.0155
vn 0.4415 -0.8962 0.0441
vn 0.9410 0.3194 0.1115
vn 0.4825 -0.8641 0.1432
vn 0.8950 -0.4047 0.1876
vn 0.9424 0.3336 -0.0259
vn 0.2703 0.9561 0.1128
vn 0.3705 0.8423 0.3915
vn 0.9360 0.3239 -0.1377
vn 0.3440 0.9211 -0.1826
vn 0.4189 0.7930 -0.4424
vn 0.3997 0.5877 -0.7035
vn 0.6735 0.5852 -0.4516
vn 0.4009 0.2748 -0.8739
vn 0.3934 0.5609 -0.7284
vn 0.3885 0.2684 -0.8815
vn 0.3879 -0.0857 -0.9177
vn 0.9370 0.1331 -0.3230
vn 0.9283 0.0775 -0.3637
vn 0.9324 0.3404 -0.1216
vn 0.4055 -0.0927 -0.9094
vn 0.3882 0.8819 -0.2675
vn 0.9138 -0.0518 -0.4029
vn 0.9352 0.3537 0.0158
vn 0.4063 0.9105 0.0767
vn 0.7087 0.6619 0.2441
vn 0.8816 -0.2494 -0.4007
vn 0.4307 -0.3038 -0.8498
vn 0.4035 -0.4219 -0.8119
vn 0.4291 -0.5702 -0.7005
vn 0.3785 -0.7109 -0.5928
vn 0.9314 0.2668 0.2475
vn 0.3502 -0.8829 -0.3129
vn 0.4045 0.7125 0.5734
vn 0.4127 -0.9066 -0.0875
vn 0.4513 -0.7961 -0.4032
vn 0.4228 -0.8873 -0.1841
vn 0.4323 -0.8631 0.2610
vn 0.3718 -0.9242 0.0869
vn 0.3552 -0.7362 0.5760
vn 0.6803 -0.6551 0.3288
vn 0.3972 -0.7016 0.5916
vn 0.3581 -0.5008 0.7880
vn 0.3978 -0.2732 0.8759
vn 0.6813 -0.3868 0.6215
vn 0.3834 -0.2691 0.8835
vn 0.9569 -0.1914 0.2184
vn 0.3434 -0.0463 0.9380
vn 0.9227 -0.1160 0.3678
vn 0.9324 -0.3574 0.0534
vn 0.4529 -0.0107 0.8915
vn 0.8841 0.0719 0.4617
vn 0.8970 -0.4222 -0.1308
vn 0.2734 0.2577 0.9267
vn 0.4806 0.2718 0.8337
vn 0.3378 0.5349 0.7744
vn 0.3804 0.7164 0.5849
vn 0.8625 -0.3958 -0.3154
vn 0.8927 0.2274 0.3892
vn 0.4432 0.5270 0.7252
vn 0.5588 0.5145 0.6505
vn 0.9299 0.1035 0.3529
vn 0.5750 0.0674 0.8154
vn 0.9953 0.0387 0.0888
vn 0.7888 -0.6091 -0.0826
vn 0.6052 -0.3873 0.6955
vn 0.8068 -0.5901 -0.0290
vn 0.5630 -0.0397 0.8255
vn 0.9131 0.1855 0.3631
vn 0.3942 0.5041 0.7684
vn 0.9876 0.0996 0.1214
vn 0.5361 0.7206 0.4397
vn 0.1695 0.7510 0.6382
vn 0.2215 0.8718 0.4370
vn 0.2706 0.8883 0.3711
vn 0.1253 0.9351 0.3314
vn 0.6998 0.5422 0.4651
vn -0.2821 0.8774 0.3882
vn -0.2219 0.9151 0.3366
vn 0.3018 0.8143 0.4958
vn -0.2215 0.8718 0.4370
vn -0.5406 0.7190 0.4369
vn -0.1695 0.7510 0.6382
vn -0.3943 0.5041 0.7684
vn -0.3089 0.8123 0.4948
vn 0.2685 0.7408 0.6157
vn -0.9045 0.1876 0.3831
vn -0.5630 -0.0397 0.8255
vn -0.7032 0.5421 0.4600
vn -0.8048 -0.5931 -0.0234
vn -0.6052 -0.3873 0.6955
vn -0.9862 0.0987 0.1333
vn -0.7655 -0.6398 -0.0682
vn -0.5750 0.0674 0.8154
vn -0.9290 0.1158 0.3514
vn -0.6089 0.4712 0.6381
vn -0.9950 0.0320 0.0950
vn -0.6992 0.4355 0.5670
vn -0.8008 0.1596 0.5772
vn -0.7978 -0.5197 -0.3058
vn -0.7141 -0.5576 -0.4232
vn -0.9794 0.0839 0.1838
vn -0.8501 -0.3832 -0.3612
vn -0.2903 0.7315 0.6170
vn -0.7224 0.3744 0.5813
vn -0.3223 0.6199 0.7154
vn 0.3355 0.6310 0.6995
vn -0.3335 0.5006 0.7989
vn 0.7229 0.3758 0.5798
vn 0.7962 -0.5183 -0.3123
vn 0.9796 0.0850 0.1823
vn 0.7745 -0.4873 -0.4034
vn 0.8502 -0.3833 -0.3610
vn 0.7318 -0.3988 -0.5526
vn 0.9865 0.1135 0.1181
vn 0.8843 -0.2521 -0.3929
vn 0.9119 -0.2332 -0.3378
vn 0.9711 0.0384 0.2356
vn 0.9920 -0.1131 0.0558
vn 0.8251 0.1496 0.5447
vn 0.8170 -0.3729 -0.4399
vn 0.9426 0.0248 0.3330
vn 0.9448 -0.3170 -0.0831
vn 0.9254 -0.3717 -0.0744
vn 0.9176 -0.0196 0.3970
vn 0.8329 -0.5532 -0.0179
vn 0.6796 -0.0203 0.7333
vn 0.6271 0.0381 0.7780
vn 0.8553 -0.4961 -0.1493
vn 0.8770 -0.0780 0.4742
vn -0.3120 -0.7609 0.5689
vn 0.7433 -0.6594 -0.1129
vn 0.6232 -0.0383 0.7811
vn -0.0000 0.1048 0.9945
vn 0.0005 -0.0087 1.0000
vn 0.6026 -0.1337 0.7868
vn -0.0000 -0.1439 0.9896
vn -0.6006 0.0635 0.7970
vn -0.6242 -0.0419 0.7801
vn -0.6800 -0.0212 0.7329
vn -0.6025 -0.1337 0.7868
vn -0.8770 -0.0780 0.4742
vn 0.0060 -0.2411 0.9705
vn -0.9440 -0.1423 0.2976
vn -0.5834 -0.2335 0.7779
vn 0.5794 -0.2514 0.7753
vn -0.4277 -0.6188 0.6589
vn 0.9441 -0.1419 0.2975
vn 0.2651 -0.9544 0.1374
vn 0.9390 -0.1601 0.3042
vn 0.9700 -0.2389 -0.0454
vn 0.5993 -0.1473 -0.7868
vn 0.8891 -0.4114 -0.2007
vn 0.6705 -0.2068 0.7125
vn 0.8475 -0.2398 0.4736
vn 0.0009 -0.9150 0.4035
vn 0.6542 0.1670 -0.7376
vn 0.9720 -0.2068 0.1117
vn 0.9513 -0.2702 0.1482
vn 0.6034 0.0845 -0.7930
vn 0.6319 -0.3195 0.7061
vn 0.5683 -0.4639 0.6796
vn -0.0000 -0.4441 0.8960
vn 0.0849 -0.6700 0.7375
vn -0.0053 -0.5877 0.8091
vn 0.5009 -0.6526 0.5685
vn 0.9649 -0.2508 0.0777
vn 0.8804 -0.4388 0.1800
vn 0.7709 0.2900 -0.5672
vn -0.0193 0.6279 -0.7781
vn 0.0001 0.4056 -0.9140
vn 0.0002 0.8014 -0.5982
vn -0.0000 0.2704 -0.9627
vn 0.8853 -0.4365 0.1601
vn 0.0919 -0.2234 -0.9704
vn -0.7750 0.2653 -0.5736
vn -0.9190 -0.3592 0.1626
vn -0.6576 0.1678 -0.7345
vn -0.9585 -0.2655 0.1037
vn -0.8687 -0.4861 0.0952
vn -0.9569 -0.2624 0.1242
vn -0.9726 -0.2032 0.1130
vn -0.9923 -0.0851 -0.0895
vn -0.8475 -0.2393 0.4738
vn -0.6319 -0.3195 0.7061
vn -0.5033 -0.6533 0.5656
vn -0.5670 -0.4652 0.6798
vn -0.4797 -0.5900 0.6495
vn -0.0048 -0.7645 0.6446
vn -0.0487 -0.8388 0.5422
vn -0.0173 -0.9151 0.4029
vn 0.1542 -0.9825 -0.1041
vn -0.6705 -0.2068 0.7125
vn -0.8912 -0.1304 0.4344
vn -0.8891 -0.4114 -0.2007
vn -0.9758 -0.1032 -0.1926
vn -0.9421 -0.1457 0.3022
vn -0.5994 -0.1471 -0.7868
vn -0.0814 -0.4749 -0.8763
vn 0.7525 -0.4951 -0.4343
vn -0.8394 -0.0301 0.5427
vn -0.7943 -0.3564 -0.4920
vn -0.9721 -0.2291 -0.0497
vn -0.9314 0.0438 0.3614
vn -0.9282 -0.0369 0.3703
vn -0.9233 -0.0115 0.3838
vn -0.9644 -0.1574 -0.2126
vn -0.8703 0.0259 -0.4918
vn -0.8314 -0.0969 -0.5472
vn -0.6034 0.0845 -0.7930
vn -0.0000 0.0907 -0.9959
vn -0.4671 -0.0857 -0.8800
vn 0.4672 -0.0850 -0.8801
vn -0.0000 -0.0808 -0.9967
vn -0.6759 -0.2791 -0.6821
vn -0.8361 -0.2164 -0.5042
vn -0.8487 -0.3389 -0.4060
vn -0.9668 -0.1725 -0.1887
vn -0.9578 -0.1933 -0.2126
vn -0.9769 0.0317 0.2112
vn -0.9473 -0.2627 -0.1835
vn -0.9836 -0.1799 -0.0097
vn -0.6575 -0.6971 0.2860
vn -0.9972 0.0159 0.0732
vn -0.9161 0.1630 0.3664
vn -0.8640 0.1533 0.4795
vn -0.9686 0.0007 0.2485
vn -0.7657 0.3157 0.5603
vn -0.8151 -0.3702 -0.4455
vn -0.9240 -0.3767 -0.0654
vn -0.8330 -0.5530 -0.0179
vn -0.9445 -0.3181 -0.0825
vn -0.8553 -0.4961 -0.1492
vn -0.9119 -0.2332 -0.3378
vn -0.9956 -0.0767 0.0539
vn -0.9357 0.0005 0.3529
vn -0.8306 0.1622 0.5327
vn -0.4597 0.3936 0.7961
vn -0.9601 0.0917 0.2642
vn -0.5960 0.4795 0.6441
vn -0.8837 -0.2491 -0.3962
vn -0.7185 -0.4004 -0.5687
vn -0.7553 -0.6532 -0.0537
vn -0.9865 0.1135 0.1181
vn -0.9952 0.0327 0.0923
vn -0.3713 0.3798 0.8473
vn 0.4139 0.3364 0.8459
vn 0.3793 0.3801 0.8436
vn 0.3280 0.4823 0.8123
vn 0.5183 0.4132 0.7488
vn 0.5034 0.5103 0.6973
vn -0.5198 0.3143 0.7944
vn 0.5191 0.2865 0.8053
vn -0.5989 -0.7509 0.2783
vn 0.0057 -0.6272 0.7789
vn 0.5810 -0.7815 0.2274
vn 0.1695 0.7510 -0.6382
vn 0.3942 0.5041 -0.7684
vn 0.5342 0.7215 -0.4405
vn 0.2215 0.8718 -0.4370
vn 0.9133 0.1858 -0.3625
vn 0.5630 -0.0397 -0.8255
vn 0.2814 0.8766 -0.3904
vn 0.1253 0.9351 -0.3314
vn 0.8048 -0.5931 0.0234
vn 0.6052 -0.3873 -0.6955
vn 0.9874 0.0988 -0.1238
vn 0.7729 -0.6319 0.0581
vn 0.5750 0.0674 -0.8154
vn 0.9290 0.1158 -0.3514
vn 0.6089 0.4712 -0.6381
vn 0.9950 0.0320 -0.0950
vn 0.7962 -0.5183 0.3123
vn 0.8008 0.1596 -0.5772
vn 0.6991 0.4355 -0.5671
vn 0.7111 -0.5451 0.4441
vn 0.8512 -0.3840 0.3577
vn 0.9746 0.0800 -0.2090
vn 0.7034 0.5427 -0.4590
vn 0.3104 0.8105 -0.4967
vn 0.2903 0.7315 -0.6170
vn 0.7189 0.3731 -0.5864
vn 0.3213 0.6200 -0.7158
vn -0.2962 0.7477 -0.5943
vn -0.3011 0.6261 -0.7193
vn -0.3310 0.8106 -0.4831
vn -0.2782 0.8836 -0.3767
vn -0.1660 0.9400 -0.2980
vn -0.2215 0.8718 -0.4370
vn -0.5478 0.7191 -0.4277
vn -0.1695 0.7510 -0.6382
vn -0.3942 0.5041 -0.7684
vn -0.9090 0.1833 -0.3744
vn -0.5630 -0.0397 -0.8255
vn -0.7035 0.5428 -0.4588
vn -0.8054 -0.5922 0.0246
vn -0.6052 -0.3873 -0.6955
vn -0.9877 0.1006 -0.1194
vn -0.7644 -0.6407 0.0719
vn -0.5750 0.0674 -0.8154
vn -0.9282 0.1319 -0.3479
vn -0.5325 0.5914 -0.6056
vn -0.9950 0.0320 -0.0950
vn -0.6991 0.4355 -0.5671
vn -0.8008 0.1596 -0.5772
vn -0.7962 -0.5183 0.3123
vn -0.7696 -0.4801 0.4209
vn -0.9798 0.0869 -0.1801
vn -0.8501 -0.3832 0.3612
vn -0.7224 0.3745 -0.5813
vn -0.3164 0.4972 -0.8079
vn 0.3273 0.4830 -0.8121
vn -0.3628 0.3872 -0.8476
vn 0.3795 0.3841 -0.8417
vn -0.8042 0.2042 -0.5583
vn -0.9685 0.0290 -0.2474
vn -0.7298 -0.3869 0.5636
vn -0.8842 -0.2516 0.3936
vn -0.9865 0.1135 -0.1181
vn -0.9071 -0.1974 0.3716
vn -0.9958 -0.0756 -0.0512
vn -0.9708 -0.0040 -0.2398
vn -0.4274 0.3244 -0.8439
vn -0.7706 0.3227 -0.5495
vn -0.8163 -0.3720 0.4418
vn -0.9167 0.1633 -0.3648
vn -0.9402 -0.0226 -0.3399
vn -0.8667 0.1492 -0.4760
vn -0.9234 -0.3688 0.1066
vn -0.9427 -0.3243 0.0782
vn -0.8329 -0.5532 0.0179
vn -0.6796 -0.0203 -0.7333
vn -0.9406 0.0224 -0.3389
vn -0.8553 -0.4961 0.1493
vn -0.5395 0.4602 -0.7051
vn 0.1339 -0.8961 -0.4232
vn -0.5200 0.4994 -0.6929
vn -0.7397 -0.6633 0.1136
vn -0.5104 0.2907 -0.8093
vn -0.6152 -0.7656 -0.1880
vn -0.0138 -0.6239 -0.7814
vn 0.5963 -0.7781 -0.1974
vn 0.7432 -0.6594 0.1129
vn 0.5408 0.2991 -0.7861
vn 0.9489 0.0165 -0.3151
vn 0.8554 -0.4958 0.1498
vn 0.5956 0.4782 -0.6454
vn 0.4602 0.3959 -0.7947
vn 0.8257 0.1912 -0.5307
vn 0.9964 -0.0746 -0.0407
vn 0.9713 0.0399 -0.2345
vn 0.9089 -0.2260 0.3505
vn 0.7302 -0.3870 0.5630
vn 0.9792 0.0916 -0.1809
vn 0.9300 -0.1303 0.3438
vn 0.7707 0.3227 -0.5495
vn 0.9645 0.0246 -0.2628
vn 0.8257 -0.3759 0.4205
vn 0.9600 -0.2672 0.0839
vn 0.8329 -0.5531 0.0179
vn 0.9245 -0.3751 0.0678
vn 0.9419 -0.0294 -0.3346
vn 0.6799 -0.0211 -0.7330
vn 0.9155 0.1909 -0.3542
vn -0.0000 0.1048 -0.9945
vn 0.8633 0.1550 -0.4803
vn 0.9771 0.0329 -0.2102
vn 0.9943 0.0435 -0.0973
vn 0.9983 0.0203 -0.0547
vn 0.5709 -0.0273 -0.8206
vn 0.9515 -0.2539 0.1735
vn 0.9483 -0.2387 0.2091
vn 0.8975 0.0622 -0.4366
vn 0.3422 0.2268 -0.9119
vn 0.9804 -0.1736 0.0937
vn 0.4873 0.3055 -0.8181
vn 0.8974 0.2241 -0.3800
vn 0.4415 0.5345 -0.7207
vn 0.5647 0.5483 -0.6168
vn 0.9422 -0.0134 0.3348
vn 0.8974 0.3525 -0.2654
vn 0.4424 0.7504 -0.4910
vn 0.9506 -0.1309 0.2814
vn 0.4946 0.7769 -0.3896
vn 0.9607 -0.2000 0.1923
vn 0.8975 0.4271 -0.1101
vn 0.3883 0.9087 -0.1531
vn 0.4958 0.8680 -0.0273
vn 0.9544 -0.2775 0.1103
vn 0.8974 0.4371 0.0608
vn 0.4415 0.8704 0.2180
vn 0.9369 -0.3427 0.0689
vn 0.3894 0.8516 0.3510
vn 0.9233 0.3515 0.1550
vn 0.4624 0.7467 0.4782
vn 0.9361 -0.3459 -0.0634
vn 0.8976 0.3287 0.2938
vn 0.4415 0.6026 0.6649
vn 0.3894 0.5131 0.7649
vn 0.9472 -0.2867 -0.1435
vn 0.9233 0.2061 0.3242
vn 0.4624 0.3552 0.8124
vn 0.9478 -0.2232 -0.2275
vn 0.8975 0.1103 0.4270
vn 0.4415 0.1316 0.8876
vn 0.3894 0.0016 0.9211
vn 0.9430 -0.1205 -0.3102
vn 0.9234 -0.0088 0.3838
vn 0.4624 -0.1561 0.8728
vn 0.8975 -0.1463 0.4160
vn 0.4415 -0.3837 0.8111
vn 0.9335 -0.0012 -0.3587
vn 0.4958 -0.4595 0.7369
vn 0.8974 -0.2940 0.3290
vn 0.4415 -0.6649 0.6026
vn 0.9274 0.1291 -0.3512
vn 0.4958 -0.7066 0.5050
vn 0.9427 0.1919 -0.2730
vn 0.8974 -0.3975 0.1915
vn 0.4415 -0.8448 0.3023
vn 0.4958 -0.8460 0.1961
vn 0.9437 0.2742 -0.1852
vn 0.8975 -0.4403 0.0247
vn 0.4415 -0.8962 -0.0441
vn 0.4825 -0.8641 -0.1432
vn 0.9401 0.3295 -0.0874
vn 0.9198 -0.3695 -0.1322
vn 0.6575 -0.6971 -0.2860
vn 0.9312 0.3642 0.0127
vn 0.4186 0.7911 -0.4460
vn 0.4093 0.8989 -0.1566
vn 0.3974 0.5801 -0.7110
vn 0.9940 -0.1083 -0.0182
vn 0.9405 0.3151 0.1271
vn 0.4093 0.3692 -0.8344
vn 0.4186 0.0686 -0.9056
vn 0.3896 0.2835 -0.8763
vn 0.3923 0.5714 -0.7208
vn 0.6881 -0.0081 -0.7255
vn 0.3905 -0.2648 -0.8817
vn 0.3978 -0.2595 -0.8800
vn 0.3676 -0.5034 -0.7820
vn 0.6936 -0.3851 -0.6087
vn 0.3422 -0.7325 -0.5885
vn 0.4009 -0.7026 -0.5880
vn 0.9685 -0.2293 -0.0972
vn 0.4072 -0.8740 -0.2653
vn 0.9291 -0.1015 -0.3556
vn 0.6824 -0.6517 -0.3312
vn 0.8986 -0.4362 -0.0465
vn 0.3787 -0.9100 -0.1687
vn 0.9286 0.1116 -0.3540
vn 0.3896 -0.9162 0.0943
vn 0.4752 -0.8779 0.0589
vn 0.8903 -0.4400 0.1173
vn 0.3984 -0.8569 0.3270
vn 0.3418 -0.8159 0.4663
vn 0.7106 -0.5760 0.4041
vn 0.9343 0.2114 -0.2870
vn 0.9457 -0.2265 0.2332
vn 0.3977 -0.5914 0.7015
vn 0.2754 -0.5973 0.7533
vn 0.7080 0.5837 -0.3976
vn 0.3864 0.8838 -0.2639
vn 0.9375 0.3380 -0.0826
vn 0.6959 -0.3034 0.6509
vn 0.3052 -0.2770 0.9111
vn 0.3985 -0.0842 0.9133
vn 0.9294 -0.0732 0.3618
vn 0.3442 0.0586 0.9371
vn 0.7032 0.7108 -0.0185
vn 0.9331 0.1316 0.3345
vn 0.3919 0.2655 0.8809
vn 0.4419 0.1268 0.8881
vn 0.4431 0.4196 0.7922
vn 0.3984 0.5845 0.7068
vn 0.8817 0.1183 0.4567
vn 0.9413 0.2046 0.2684
vn 0.9408 0.3198 0.1121
vn 0.3475 0.8944 0.2815
vn 0.6674 0.5887 0.4561
vn 0.8490 0.2985 0.4361
vn 0.3804 0.6811 0.6257
vn 0.4212 0.7979 0.4313
vn 0.2871 -0.7854 -0.5483
vn 0.4155 0.9053 0.0888
vn 0.8189 -0.5575 0.1361
vn 0.3901 -0.8999 -0.1946
vn 0.8557 -0.4250 0.2953
vn 0.7200 -0.6651 0.1979
vn 0.2799 -0.9600 0.0022
vn 0.8399 -0.4435 0.3128
vn 0.3273 -0.8349 0.4425
vn 0.0734 -0.9829 0.1691
vn 0.4258 -0.6455 0.6341
vn -0.0000 -0.8864 0.4629
vn -0.0893 -0.9806 0.1744
vn -0.0000 -0.7057 0.7085
vn -0.3273 -0.8349 0.4425
vn -0.2799 -0.9600 0.0022
vn -0.0000 -0.5567 0.8307
vn -0.7200 -0.6651 0.1979
vn -0.3901 -0.8999 -0.1946
vn -0.4258 -0.6455 0.6341
vn -0.8262 -0.5477 0.1316
vn -0.2870 -0.7854 -0.5483
vn -0.8399 -0.4435 0.3128
vn -0.4842 -0.4885 0.7258
vn 0.4842 -0.4885 0.7258
vn -0.0000 -0.3200 0.9474
vn 0.8674 -0.3327 0.3701
vn 0.6760 -0.2788 0.6822
vn 0.8489 -0.3385 0.4060
vn 0.8327 -0.2484 0.4948
vn 0.9580 -0.1847 0.2193
vn 0.9629 -0.1488 0.2249
vn 0.8416 -0.1025 0.5303
vn 0.9281 0.0079 -0.3723
vn 0.9280 -0.0439 -0.3699
vn 0.9763 -0.1202 0.1800
vn 0.8260 -0.0466 -0.5617
vn 0.8892 -0.1461 -0.4336
vn 0.6106 0.0275 -0.7915
vn 0.6276 -0.0410 -0.7775
vn 0.0005 -0.0087 -1.0000
vn -0.6288 0.0497 -0.7760
vn 0.8753 -0.0938 -0.4743
vn -0.6248 -0.0422 -0.7796
vn -0.0000 -0.1439 -0.9896
vn 0.6026 -0.1337 -0.7868
vn -0.6026 -0.1337 -0.7868
vn 0.0060 -0.2411 -0.9705
vn 0.9441 -0.1423 -0.2975
vn -0.8753 -0.0938 -0.4744
vn 0.9391 -0.1600 -0.3042
vn 0.5795 -0.2514 -0.7753
vn -0.3784 -0.6868 -0.6206
vn 0.9874 -0.1018 0.1210
vn -0.5834 -0.2335 -0.7779
vn -0.9441 -0.1419 -0.2976
vn 0.8703 0.0261 0.4918
vn 0.6540 0.1801 0.7348
vn 0.9714 -0.2147 -0.1016
vn 0.4671 -0.0861 0.8800
vn 0.6041 0.0854 0.7923
vn -0.0000 -0.0808 0.9967
vn -0.0000 0.0907 0.9959
vn -0.0000 0.2705 0.9627
vn -0.4671 -0.0857 0.8800
vn -0.6759 -0.2791 0.6821
vn -0.6034 0.0845 0.7930
vn -0.8364 -0.0756 0.5429
vn -0.8674 -0.3327 0.3701
vn -0.8287 -0.2148 0.5168
vn -0.8557 -0.4250 0.2953
vn -0.8487 -0.3389 0.4059
vn -0.9868 -0.1584 0.0335
vn -0.9473 -0.2627 0.1835
vn -0.6575 -0.6971 -0.2860
vn -0.9578 -0.1933 0.2126
vn -0.9668 -0.1725 0.1887
vn -0.9709 -0.1400 0.1943
vn -0.8703 0.0254 0.4918
vn -0.9832 -0.0973 0.1543
vn -0.6576 0.1677 0.7345
vn 0.0001 0.4056 0.9140
vn -0.9368 0.0131 -0.3497
vn -0.9282 -0.0383 -0.3700
vn -0.8902 -0.1313 -0.4362
vn -0.9921 -0.0904 0.0873
vn -0.9717 -0.2090 -0.1102
vn -0.7750 0.2653 0.5736
vn -0.9557 -0.2620 -0.1338
vn -0.8475 -0.2397 -0.4736
vn -0.6705 -0.2068 -0.7125
vn -0.9632 -0.2573 -0.0781
vn -0.6318 -0.3188 -0.7065
vn -0.9390 -0.1601 -0.3043
vn -0.5683 -0.4639 -0.6796
vn -0.8433 -0.0215 -0.5370
vn -0.9771 0.0329 -0.2102
vn -0.9982 0.0240 -0.0550
vn -0.9919 0.0019 -0.1267
vn -0.4910 0.0011 -0.8712
vn -0.9943 -0.1060 -0.0153
vn -0.9251 0.0170 -0.3793
vn -0.3646 0.1683 -0.9158
vn -0.8849 0.1633 -0.4362
vn -0.4329 0.3818 -0.8166
vn -0.9311 0.1119 0.3472
vn -0.3894 0.5104 -0.7667
vn -0.9436 -0.0079 0.3309
vn -0.9235 0.2201 -0.3142
vn -0.5333 0.5707 -0.6245
vn -0.9430 -0.1373 0.3030
vn -0.8849 0.3780 -0.2721
vn -0.4424 0.7504 -0.4910
vn -0.9410 -0.2042 0.2699
vn -0.3890 0.8362 -0.3865
vn -0.9234 0.3578 -0.1393
vn -0.4092 0.8880 -0.2098
vn -0.9427 -0.2877 0.1691
vn -0.8849 0.4655 -0.0153
vn -0.4415 0.8962 0.0441
vn -0.4958 0.8567 0.1426
vn -0.9314 -0.3592 0.0596
vn -0.8850 0.4363 0.1628
vn -0.4414 0.8111 0.3837
vn -0.4958 0.7369 0.4595
vn -0.9353 -0.3477 -0.0649
vn -0.8849 0.3412 0.3170
vn -0.4415 0.6026 0.6649
vn -0.3894 0.5131 0.7649
vn -0.9289 -0.3187 -0.1888
vn -0.9234 0.2064 0.3237
vn -0.4624 0.3552 0.8124
vn -0.9296 -0.2461 -0.2744
vn -0.8849 0.1066 0.4533
vn -0.4415 0.1316 0.8876
vn -0.3894 0.0016 0.9211
vn -0.9363 -0.1351 -0.3242
vn -0.9235 -0.0084 0.3836
vn -0.4624 -0.1561 0.8728
vn -0.8849 -0.1640 0.4359
vn -0.4415 -0.3837 0.8111
vn -0.9410 0.0184 -0.3380
vn -0.4958 -0.4595 0.7369
vn -0.8850 -0.3174 0.3407
vn -0.4415 -0.6649 0.6026
vn -0.9421 0.1439 -0.3027
vn -0.4958 -0.7066 0.5050
vn -0.9353 0.1937 -0.2962
vn -0.8849 -0.4238 0.1932
vn -0.4415 -0.8448 0.3023
vn -0.4958 -0.8460 0.1961
vn -0.9289 0.2964 -0.2221
vn -0.8850 -0.4653 0.0166
vn -0.4415 -0.8962 -0.0441
vn -0.9378 0.3221 -0.1294
vn -0.4825 -0.8641 -0.1432
vn -0.9205 -0.3787 -0.0965
vn -0.9300 0.3672 0.0159
vn -0.3886 0.8834 -0.2619
vn -0.9352 0.3377 0.1069
vn -0.9508 0.2499 0.1830
vn -0.4191 0.9051 0.0717
vn -0.3900 0.8116 0.4351
vn -0.9433 0.1746 0.2824
vn -0.3264 0.6127 0.7197
vn -0.4049 0.2755 0.8719
vn -0.3874 0.5675 0.7265
vn -0.3641 0.0047 0.9314
vn -0.4316 0.3945 0.8112
vn -0.4451 0.0653 0.8931
vn -0.3233 -0.2521 0.9121
vn -0.4659 -0.2706 0.8424
vn -0.3434 -0.4827 0.8056
vn -0.2674 -0.7334 0.6250
vn -0.4434 -0.5266 0.7253
vn -0.4108 -0.7148 0.5660
vn -0.3440 -0.8673 0.3599
vn -0.4324 -0.8981 0.0808
vn -0.3999 -0.8779 0.2633
vn -0.4273 -0.8671 -0.2559
vn -0.3716 -0.9246 -0.0839
vn -0.3977 -0.7775 -0.4872
vn -0.6902 -0.6505 -0.3170
vn -0.4300 -0.5613 -0.7072
vn -0.3896 -0.7105 -0.5860
vn -0.3956 -0.2819 -0.8741
vn -0.6668 -0.3803 -0.6409
vn -0.3819 -0.2700 -0.8839
vn -0.9569 -0.1914 -0.2184
vn -0.3733 -0.0444 -0.9266
vn -0.9365 -0.1013 -0.3358
vn -0.9340 -0.3535 -0.0529
vn -0.6849 0.0126 -0.7285
vn -0.9287 -0.3627 0.0769
vn -0.3378 0.2528 -0.9066
vn -0.3804 0.2815 -0.8809
vn -0.9309 0.1394 -0.3376
vn -0.4006 0.5626 -0.7232
vn -0.9379 -0.2835 0.1999
vn -0.9325 0.2095 -0.2941
vn -0.4091 0.5746 -0.7088
vn -0.4166 0.7526 -0.5100
vn -0.7019 0.6107 -0.3665
vn -0.3848 0.8891 -0.2478
vn -0.9361 0.3432 -0.0768
vn -0.8968 -0.2156 0.3863
vn -0.8410 -0.0417 0.5394
vn -0.7052 0.7089 -0.0116
vn -0.3469 0.9004 0.2626
vn -0.9391 0.3220 0.1201
vn -0.8676 0.1134 0.4842
vn -0.6652 0.5871 0.4612
vn -0.9158 0.2262 0.3318
vn -0.1335 0.0624 0.9891
vn 0.1442 0.0256 0.9892
vn -0.0535 0.5090 0.8591
vn -0.3549 0.5127 0.7818
vn 0.1590 -0.1528 0.9754
vn 0.3691 0.4785 0.7967
vn -0.1730 -0.1469 0.9739
vn 0.0253 -0.3327 0.9427
vn -0.8255 -0.1188 0.5518
vn -0.9640 -0.2658 -0.0018
vn -0.4368 0.8995 0.0088
vn -0.3130 -0.9460 -0.0838
vn -0.0000 -0.7593 0.6507
vn 0.0106 -0.9886 0.1500
vn -0.9055 -0.1196 -0.4072
vn -0.5313 -0.8467 0.0301
vn 0.3403 -0.9365 -0.0851
vn 0.8467 -0.1047 0.5217
vn 0.9281 -0.3476 -0.1331
vn -0.0254 -0.3327 0.9427
vn 0.5844 0.8115 -0.0015
vn 0.3568 0.5035 -0.7869
vn -0.3631 0.4949 -0.7895
vn -0.0667 0.5037 -0.8613
vn -0.8630 -0.4973 0.0889
vn -0.0273 -0.2982 -0.9541
vn 0.1573 -0.1593 -0.9746
vn 0.1450 0.0302 -0.9890
vn -0.1370 0.0621 -0.9886
vn -0.1742 -0.1521 -0.9729
vn 0.0273 -0.2982 -0.9541
vn 0.8509 -0.1714 -0.4965
vn 0.9615 -0.2654 0.0707
vn 0.9150 -0.4034 0.0023
vn 0.3447 -0.9350 0.0831
vn -0.3214 -0.9431 0.0856
vn -0.0803 -0.9638 -0.2542
vn -0.0000 -0.7597 -0.6502
vn 0.4092 -0.9085 -0.0853
vn -0.0000 0.5240 -0.8517
vn 0.3625 0.5147 -0.7770
vn -0.3624 0.5147 -0.7770
vn -0.0000 0.4713 -0.8820
vn 0.6486 0.4843 -0.5871
vn -0.6486 0.4843 -0.5871
vn 0.4731 0.4417 -0.7623
vn 0.8182 0.4405 -0.3694
vn 0.7268 0.4090 -0.5517
vn 0.9328 0.3472 -0.0964
vn 0.8797 0.3491 -0.3228
vn 0.6109 0.3396 -0.7151
vn 0.8973 0.1950 0.3959
vn 0.8220 0.3170 -0.4732
vn 0.9526 0.2743 -0.1319
vn 0.9238 0.2786 -0.2626
vn 0.9525 0.0222 0.3037
vn 0.9743 0.2090 -0.0847
vn 0.9087 0.1887 -0.3724
vn 0.9677 0.1630 -0.1922
vn 0.7312 0.2174 -0.6466
vn 0.9535 0.0690 -0.2934
vn 0.7901 0.1000 -0.6048
vn -0.0000 0.3088 -0.9511
vn -0.0000 0.1752 -0.9845
vn -0.0000 0.4040 -0.9148
vn -0.4731 0.4417 -0.7623
vn -0.6109 0.3396 -0.7151
vn -0.7268 0.4090 -0.5517
vn -0.7312 0.2174 -0.6466
vn -0.8220 0.3169 -0.4732
vn -0.8182 0.4405 -0.3694
vn -0.8797 0.3491 -0.3228
vn -0.9328 0.3472 -0.0964
vn -0.9239 0.2786 -0.2625
vn -0.8973 0.1950 0.3959
vn -0.9526 0.2743 -0.1319
vn -0.9525 0.0222 0.3037
vn -0.9743 0.2090 -0.0846
vn -0.9087 0.1886 -0.3724
vn -0.9677 0.1630 -0.1922
vn -0.7901 0.1000 -0.6048
vn -0.9535 0.0690 -0.2934
vn -0.0000 0.0829 -0.9966
vn -0.7937 0.0413 -0.6069
vn 0.7938 0.0413 -0.6068
vn -0.0000 0.0026 -1.0000
vn -0.9617 0.0210 -0.2732
vn 0.9617 0.0210 -0.2732
vn -0.7866 -0.0184 -0.6172
vn 0.7866 -0.0184 -0.6171
vn -0.0000 -0.1228 -0.9924
vn 0.9935 0.0542 -0.1000
vn 0.9643 -0.0130 -0.2645
vn 0.9929 0.1168 -0.0226
vn 0.9980 0.0064 -0.0621
vn 0.9934 0.0311 0.1102
vn 0.9714 -0.0450 0.2331
vn 0.9849 -0.0298 0.1705
vn 0.9886 0.0161 0.1497
vn 0.9487 -0.1359 0.2855
vn 0.8393 -0.1130 0.5317
vn 0.8134 0.0727 0.5772
vn 0.9007 -0.2737 0.3375
vn 0.7415 -0.2982 0.6010
vn 0.7347 -0.4653 0.4936
vn 0.7657 -0.4168 0.4899
vn -0.0001 -0.1851 0.9827
vn 0.6127 -0.6339 0.4721
vn 0.6572 -0.4061 0.6349
vn 0.4052 -0.6802 0.6108
vn -0.0000 -0.7800 0.6258
vn -0.0000 -0.5134 0.8581
vn -0.0000 -0.8375 0.5464
vn -0.7332 -0.4644 0.4968
vn -0.6127 -0.6339 0.4721
vn -0.0000 -0.7488 0.6628
vn -0.7429 -0.2936 0.6015
vn 0.3191 -0.5981 0.7351
vn -0.4052 -0.6802 0.6108
vn -0.0000 -0.6186 0.7857
vn -0.3191 -0.5981 0.7352
vn 0.3612 -0.4244 0.8303
vn 0.6752 -0.2713 0.6859
vn 0.6585 -0.1323 0.7409
vn -0.0000 -0.4288 0.9034
vn 0.7035 0.0631 0.7079
vn 0.3185 -0.2412 0.9167
vn 0.3886 -0.0054 0.9214
vn 0.6446 0.2841 0.7098
vn 0.5598 0.6115 0.5592
vn 0.3173 0.2765 0.9071
vn -0.0000 0.3694 0.9293
vn -0.0000 0.0585 0.9983
vn -0.0000 -0.2198 0.9755
vn -0.3173 0.2765 0.9071
vn -0.3885 -0.0053 0.9214
vn -0.6446 0.2841 0.7098
vn -0.5598 0.6115 0.5592
vn -0.7035 0.0631 0.7079
vn -0.6585 -0.1323 0.7409
vn -0.3185 -0.2412 0.9167
vn -0.3612 -0.4244 0.8303
vn -0.6752 -0.2713 0.6859
vn -0.6572 -0.4061 0.6349
vn -0.9714 -0.0450 0.2331
vn -0.7657 -0.4168 0.4899
vn -0.9007 -0.2737 0.3375
vn -0.9929 0.1168 -0.0226
vn -0.9849 -0.0297 0.1705
vn -0.9494 -0.1118 0.2934
vn -0.9935 0.0542 -0.1000
vn -0.8499 -0.0903 0.5192
vn -0.9934 0.0312 0.1102
vn -0.0134 0.0620 0.9980
vn -0.9980 0.0063 -0.0622
vn -0.9865 0.0175 0.1631
vn -0.8188 0.0685 0.5700
vn -0.9643 -0.0130 -0.2645
vn -0.7704 -0.1030 -0.6292
vn -0.9674 -0.0366 -0.2508
vn -0.9962 -0.0270 -0.0828
vn -0.7592 -0.2023 -0.6187
vn -0.0000 -0.2707 -0.9627
vn 0.7704 -0.1030 -0.6292
vn 0.9673 -0.0366 -0.2508
vn 0.7592 -0.2023 -0.6187
vn 0.9959 -0.0260 -0.0863
vn 0.9761 -0.0658 -0.2070
vn -0.0000 -0.4615 -0.8871
vn 0.7782 -0.3364 -0.5304
vn 0.9807 -0.1025 -0.1666
vn -0.0000 -0.7034 -0.7108
vn 0.9859 0.0214 0.1658
vn 0.7595 -0.4894 -0.4285
vn -0.7782 -0.3364 -0.5304
vn 0.9850 -0.1205 -0.1239
vn -0.9761 -0.0691 -0.2062
vn -0.9807 -0.1024 -0.1664
vn -0.9850 0.0368 0.1684
vn -0.7595 -0.4894 -0.4285
vn -0.9963 -0.0561 -0.0655
vn -0.0000 -0.9511 -0.3088
vn -0.9850 -0.1205 -0.1239
vn -0.8754 -0.4476 -0.1825
vn -0.9740 0.0230 0.2253
vn -0.9989 -0.0453 -0.0097
vn -0.7771 0.1132 0.6191
vn -0.7352 0.1522 0.6606
vn -0.9924 -0.1083 -0.0581
vn -0.9697 -0.0539 0.2383
vn -0.7006 0.1238 0.7028
vn -0.0000 0.1995 0.9799
vn -0.0000 0.2449 0.9696
vn -0.6782 -0.1137 0.7260
vn -0.0000 0.1601 0.9871
vn -0.0000 0.1320 0.9912
vn -0.0000 0.0987 0.9951
vn 0.7771 0.1132 0.6191
vn 0.9779 0.0281 0.2071
vn 0.7352 0.1522 0.6606
vn 0.9963 -0.0561 -0.0655
vn 0.7001 0.1232 0.7033
vn 0.9989 -0.0452 -0.0096
vn 0.9711 -0.0274 0.2372
vn 0.6781 -0.1129 0.7262
vn -0.0000 -0.1460 0.9893
vn -0.0000 -0.4455 0.8953
vn 0.9430 -0.1154 0.3123
vn 0.6700 -0.3718 0.6426
vn -0.6700 -0.3718 0.6426
vn 0.1362 0.1577 0.9780
vn -0.9428 -0.1165 0.3122
vn -0.6132 0.5535 0.5636
vn 0.6955 0.5376 0.4768
vn -0.6186 0.7117 0.3328
vn 0.7174 0.6399 0.2754
vn -0.7172 0.6139 0.3299
vn 0.7289 0.6148 0.3011
vn -0.7414 0.5044 0.4426
vn 0.7693 0.4665 0.4366
vn 0.9922 -0.1128 -0.0530
vn 0.8747 -0.4490 -0.1824
vn 0.4733 0.6021 0.6430
vn 0.9872 0.0644 0.1456
vn -0.7977 0.4195 0.4332
vn 0.7986 0.3798 0.4670
vn -0.8075 0.3569 0.4696
vn -0.7854 -0.5456 -0.2922
vn -0.8078 0.2065 0.5521
vn -0.0000 -0.9017 -0.4325
vn 0.7854 -0.5456 -0.2925
vn -0.0000 -0.2666 -0.9638
vn -0.7195 0.0560 -0.6922
vn 0.7197 0.0560 -0.6920
vn 0.7595 -0.0923 -0.6440
vn 0.8860 0.1549 0.4370
vn 0.8237 -0.3793 -0.4215
vn 0.6622 0.0234 0.7490
vn -0.0000 -0.7042 -0.7100
vn 0.8258 -0.3432 -0.4475
vn -0.7595 -0.0915 -0.6440
vn -0.8244 -0.3788 -0.4207
vn -0.7630 -0.0234 0.6460
vn -0.8259 -0.3431 -0.4474
vn -0.0000 -0.6128 -0.7903
vn -0.0000 0.4401 -0.8979
vn -0.8044 -0.0164 0.5939
vn 0.8039 -0.0195 0.5944
vn 0.8231 -0.2094 0.5279
vn -0.8870 -0.1479 0.4375
vn -0.7577 0.5047 -0.4137
vn -0.7526 0.3994 -0.5235
vn -0.0000 0.8005 -0.5994
vn 0.7576 0.5048 -0.4138
vn -0.8072 0.0773 -0.5851
vn 0.7525 0.4002 -0.5231
vn -0.0000 0.0986 -0.9951
vn 0.8079 0.0771 -0.5843
vn 0.8008 -0.2994 0.5187
vn 0.7687 0.1670 -0.6174
vn -0.6761 -0.4320 0.5968
vn 0.8201 -0.3717 0.4350
vn -0.7930 -0.3911 0.4671
vn -0.7684 0.1676 -0.6176
vn -0.0000 0.2636 -0.9646
vn -0.0000 0.8934 -0.4493
vn -0.7200 0.6866 -0.1012
vn 0.7202 0.6864 -0.1011
vn -0.0000 0.9991 -0.0414
vn -0.7336 0.6589 -0.1662
vn 0.7346 0.6578 -0.1663
vn -0.0000 0.7827 -0.6225
vn 0.8392 -0.4797 0.2560
vn 0.7870 0.4950 -0.3682
vn 0.9178 -0.3915 0.0659
vn -0.8807 -0.4397 0.1760
vn -0.7764 -0.6204 -0.1111
vn -0.7864 0.4958 -0.3684
vn -0.7472 0.5952 -0.2957
vn -0.6220 -0.7429 -0.2476
vn -0.9273 -0.1247 0.3529
vn -0.0000 0.8855 -0.4647
vn 0.7472 0.5951 -0.2958
vn -0.6661 0.7304 0.1513
vn -0.0000 0.8932 0.4497
vn -0.5729 0.3123 0.7578
vn -0.3965 -0.1971 0.8966
vn -0.0000 0.2130 0.9771
vn -0.4110 -0.8359 0.3638
vn -0.0000 -0.4614 0.8872
vn 0.3002 -0.8131 0.4987
vn 0.6020 -0.7418 -0.2955
vn 0.3965 -0.1971 0.8966
vn 0.9581 -0.1441 0.2475
vn 0.5729 0.3123 0.7578
vn 0.8551 0.4676 0.2239
vn -0.9496 -0.2998 0.0913
vn -0.5509 -0.7074 0.4429
vn -0.9390 0.2657 0.2184
vn -0.6560 -0.7460 -0.1144
vn -0.3034 -0.7863 0.5382
vn -0.0379 -0.6154 0.7873
vn -0.3315 -0.9175 -0.2198
vn 0.3413 -0.7637 0.5479
vn -0.9581 -0.2639 0.1116
vn -0.9628 0.2463 -0.1114
vn -0.9725 0.1690 -0.1601
vn -0.3405 -0.9274 -0.1549
vn 0.3865 -0.8936 -0.2282
vn -0.9446 -0.1829 0.2724
vn -0.9712 0.1315 -0.1989
vn -0.3690 -0.8217 0.4343
vn 0.4106 -0.8981 -0.1574
vn 0.3570 -0.8333 0.4221
vn -0.5288 -0.4243 0.7351
vn 0.0772 -0.6089 0.7895
vn 0.5507 -0.7070 0.4437
vn 0.9390 0.2657 0.2185
vn 0.9386 -0.3240 0.1184
vn 0.6520 -0.7554 -0.0655
vn 0.9581 -0.2639 0.1116
vn 0.9628 0.2463 -0.1114
vn 0.9725 0.1690 -0.1601
vn 0.9446 -0.1829 0.2724
vn 0.9712 0.1314 -0.1989
vn 0.2900 -0.5303 0.7967
vn 0.3512 -0.5848 0.7312
vn 0.9033 -0.2987 0.3079
vn -0.3578 -0.5813 0.7308
vn 0.3632 -0.8134 0.4544
vn -0.9033 -0.2987 0.3079
vn -0.2863 -0.6785 0.6765
vn -0.4344 -0.2572 0.8632
vn 0.5106 -0.2885 0.8100
vn -0.6471 -0.2565 0.7180
vn -0.9406 0.0271 0.3385
vn -0.9733 0.0286 -0.2277
vn -0.9734 -0.0207 -0.2283
vn -0.2611 0.1276 0.9569
vn -0.9002 -0.0316 0.4342
vn -0.3500 -0.0006 0.9367
vn 0.2923 0.0855 0.9525
vn 0.3486 0.0004 0.9373
vn 0.9406 0.0271 0.3385
vn -0.3173 -0.3041 0.8982
vn 0.2922 -0.0865 0.9524
vn -0.4569 0.3059 0.8353
vn 0.9002 -0.0316 0.4342
vn 0.5123 0.2855 0.8100
vn -0.6690 0.1752 0.7223
vn -0.9399 0.2416 0.2412
vn -0.9749 -0.1168 -0.1897
vn -0.9761 -0.1449 -0.1618
vn -0.2770 0.6889 0.6698
vn -0.9390 0.1832 0.2910
vn -0.9745 -0.1838 -0.1286
vn -0.3498 0.6080 0.7127
vn 0.5125 0.7110 0.4815
vn 0.3499 0.6099 0.7110
vn 0.9399 0.2416 0.2412
vn -0.3154 0.3172 0.8944
vn 0.2912 0.5107 0.8089
vn -0.3480 0.7537 0.5574
vn 0.9390 0.1832 0.2910
vn 0.3576 0.7645 0.5364
vn -0.4268 0.8406 0.3335
vn -0.9545 0.2433 0.1724
vn -0.9764 -0.2140 -0.0282
vn -0.9649 0.2091 0.1590
vn -0.9415 -0.3051 0.1431
vn -0.9736 0.0550 0.2217
vn -0.5444 -0.6203 0.5647
vn -0.4488 0.8713 0.1985
vn -0.5243 -0.0732 0.8484
vn -0.4157 0.7519 0.5118
vn 0.4831 -0.6368 0.6009
vn 0.6763 -0.0237 0.7362
vn 0.3874 0.6904 0.6109
vn 0.4356 0.8813 0.1833
vn 0.9733 0.0541 0.2231
vn 0.9413 -0.3053 0.1441
vn 0.3648 0.8702 0.3311
vn 0.9650 0.2087 0.1588
vn 0.9764 -0.2140 -0.0282
vn 0.9545 0.2434 0.1723
vn 0.9745 -0.1838 -0.1286
vn 0.9761 -0.1450 -0.1618
vn 0.9749 -0.1168 -0.1898
vn 0.6514 0.2519 0.7157
vn 0.9734 -0.0207 -0.2283
vn 0.9733 0.0285 -0.2277
vn 0.6471 -0.2565 0.7180
vn -0.0000 -0.0298 -0.9996
vn -0.0101 -0.0898 -0.9959
vn 0.4614 -0.0248 -0.8869
vn -0.0473 0.0285 -0.9985
vn 0.5746 -0.1239 -0.8090
vn -0.0447 -0.2009 -0.9786
vn 0.5647 0.0004 -0.8253
vn 0.0183 0.0558 -0.9983
vn 0.8514 -0.0157 -0.5242
vn 0.0011 -0.2433 -0.9699
vn 0.9071 -0.0751 -0.4142
vn 0.6919 -0.1170 -0.7124
vn -0.0000 -0.2793 -0.9602
vn 0.8379 -0.0346 -0.5447
vn 0.9105 -0.0326 -0.4122
vn 0.9437 0.0983 -0.3158
vn 0.9690 0.1659 -0.1833
vn 0.9966 -0.0825 -0.0000
vn 0.9985 0.0543 0.0100
vn 0.9798 0.1998 -0.0000
vn 0.9690 0.1659 0.1833
vn 0.9420 0.0959 0.3216
vn 0.8379 -0.0346 0.5447
vn 0.9105 -0.0325 0.4122
vn 0.6919 -0.1169 0.7124
vn -0.0000 -0.2792 0.9602
vn 0.9064 -0.0737 0.4160
vn 0.5723 -0.1189 0.8114
vn -0.0000 -0.2417 0.9703
vn -0.6920 -0.1169 0.7124
vn -0.8379 -0.0346 0.5447
vn -0.0122 -0.1571 0.9875
vn -0.9437 0.0983 0.3158
vn -0.9690 0.1659 0.1833
vn -0.5809 -0.1244 0.8044
vn -0.9105 -0.0326 0.4122
vn -0.9987 0.0476 -0.0186
vn -0.9798 0.1998 -0.0000
vn -0.9690 0.1659 -0.1833
vn -0.9437 0.0984 -0.3157
vn -0.8379 -0.0346 -0.5447
vn -0.9966 -0.0825 -0.0000
vn -0.6920 -0.1169 -0.7124
vn -0.0011 -0.2433 -0.9699
vn -0.9105 -0.0326 -0.4122
vn -0.5785 -0.1263 -0.8058
vn 0.0447 -0.2009 -0.9786
vn -0.9064 -0.0737 -0.4160
vn 0.0101 -0.0898 -0.9959
vn -1.0000 -0.0029 -0.0000
vn -0.4614 -0.0244 -0.8869
vn 0.0473 0.0285 -0.9985
vn -0.8514 -0.0091 -0.5244
vn -0.5649 0.0056 -0.8251
vn -0.0183 0.0558 -0.9983
vn -0.9009 -0.0701 -0.4283
vn -0.0042 -0.0160 -0.9999
vn -0.7549 -0.1244 -0.6439
vn -0.9410 -0.2433 -0.2351
vn -0.9920 -0.1217 -0.0336
vn -0.9613 -0.2755 -0.0000
vn -0.9410 -0.2433 0.2351
vn -0.8949 -0.0887 0.4374
vn -0.7549 -0.1244 0.6439
vn -0.5490 -0.0068 0.8358
vn -0.0000 -0.0117 0.9999
vn -0.8514 -0.0115 0.5244
vn -0.0030 0.0428 0.9991
vn -0.9064 -0.0737 0.4160
vn -0.4632 -0.0245 0.8859
vn -0.0000 -0.0285 0.9996
vn 0.4632 -0.0239 0.8859
vn 0.5501 0.0057 0.8351
vn 0.8514 -0.0115 0.5244
vn 1.0000 -0.0030 -0.0000
vn 0.9009 -0.0695 0.4284
vn 0.7549 -0.1244 0.6439
vn 0.9410 -0.2433 0.2351
vn 0.9900 -0.1414 -0.0000
vn 0.9613 -0.2755 -0.0000
vn 0.9410 -0.2433 -0.2351
vn 0.8949 -0.0887 -0.4374
vn 0.7549 -0.1244 -0.6439
vn 0.0042 -0.0160 -0.9999
vn -0.0115 0.6491 -0.7606
vn -0.3282 -0.2762 -0.9033
vn -0.1450 0.5456 -0.8254
vn -0.5072 0.7368 -0.4470
vn -0.5940 0.7406 -0.3141
vn 0.0015 0.7682 -0.6403
vn -0.6729 0.5655 -0.4769
vn -0.9492 0.0189 0.3140
vn -0.9963 -0.0591 -0.0629
vn -0.9881 -0.0013 0.1541
vn -0.8257 0.5476 -0.1354
vn -0.7040 0.5552 0.4428
vn -0.2013 0.9781 0.0533
vn 0.0326 0.7563 0.6534
vn 0.4204 0.8663 -0.2698
vn 0.7968 0.5968 -0.0947
vn 0.9884 -0.0014 0.1521
vn 0.6907 0.5084 -0.5142
vn 0.9963 -0.0591 -0.0629
vn 0.9492 0.0189 0.3140
vn 0.6021 0.7109 -0.3634
vn 0.4566 0.5138 -0.7263
vn 0.8702 0.3247 -0.3705
vn 0.5081 -0.4453 0.7372
vn 0.5940 -0.3141 0.7406
vn -0.0014 -0.6417 0.7670
vn 0.1497 -0.8244 0.5459
vn 0.6729 -0.4769 0.5655
vn 0.9492 0.3140 0.0189
vn 0.9963 -0.0630 -0.0585
vn 0.9879 0.1551 -0.0018
vn 0.7981 -0.0921 0.5954
vn 0.7044 0.4511 0.5481
vn 0.2159 0.0552 0.9749
vn -0.0324 0.6460 0.7626
vn -0.4068 -0.2746 0.8713
vn -0.7737 -0.1034 0.6251
vn -0.9882 0.1531 -0.0018
vn -0.6907 -0.5142 0.5084
vn -0.9963 -0.0630 -0.0585
vn -0.9492 0.3140 0.0189
vn -0.6142 -0.3678 0.6982
vn -0.4676 -0.7167 0.5174
vn -0.2393 -0.7856 0.5706
vn -0.8982 -0.3265 0.2944
vn 0.3083 -0.9108 -0.2748
vn -0.8702 0.3705 0.3247
vn -0.3439 0.4826 0.8055
vn -0.1861 0.6281 0.7555
vn -0.5940 0.3141 0.7406
vn 0.0024 0.6402 0.7682
vn -0.6729 0.4769 0.5655
vn -0.9492 -0.3140 0.0189
vn -0.9963 0.0629 -0.0591
vn -0.9881 -0.1541 -0.0014
vn -0.7979 0.0915 0.5958
vn -0.7041 -0.4428 0.5552
vn -0.2013 -0.0533 0.9781
vn 0.0326 -0.6534 0.7563
vn 0.4790 0.2190 0.8501
vn 0.7968 0.0947 0.5968
vn 0.9884 -0.1520 -0.0014
vn 0.6757 0.5473 0.4939
vn 0.9963 0.0629 -0.0591
vn 0.9492 -0.3140 0.0189
vn 0.6021 0.3634 0.7109
vn 0.5367 0.4895 0.6873
vn 0.1515 0.8093 0.5676
vn 0.3282 0.9033 -0.2762
vn 0.8693 -0.3257 -0.3717
vn 0.3440 -0.8055 -0.4825
vn 0.1845 -0.7545 -0.6298
vn 0.0001 -0.7669 -0.6418
vn 0.5940 -0.7406 -0.3141
vn 0.6907 -0.5084 -0.5142
vn 0.9492 -0.0189 0.3140
vn 0.9963 0.0585 -0.0630
vn 0.9882 0.0018 0.1531
vn 0.7627 -0.6363 -0.1162
vn 0.2643 -0.9375 -0.2263
vn -0.2127 -0.9769 -0.0197
vn 0.0324 -0.7626 0.6460
vn -0.7044 -0.5480 0.4511
vn -0.7791 -0.6193 -0.0970
vn -0.9879 0.0018 0.1551
vn -0.6907 -0.5084 -0.5142
vn -0.9963 0.0585 -0.0630
vn -0.9492 -0.0189 0.3140
vn -0.6142 -0.6982 -0.3678
vn -0.5286 -0.6958 -0.4863
vn -0.1502 -0.5601 -0.8147
vn -0.3314 0.2739 -0.9029
vn -0.5072 -0.4470 -0.7368
vn -0.5940 -0.3141 -0.7406
vn 0.0010 -0.6393 -0.7690
vn -0.1492 -0.8246 -0.5457
vn -0.6729 -0.4769 -0.5655
vn -0.9492 0.3140 -0.0189
vn -0.9963 -0.0628 0.0591
vn -0.9881 0.1541 0.0014
vn -0.8257 -0.1354 -0.5476
vn -0.7040 0.4428 -0.5552
vn -0.2014 0.0533 -0.9781
vn 0.0326 0.6534 -0.7563
vn 0.4204 -0.2699 -0.8663
vn 0.7968 -0.0947 -0.5968
vn 0.9884 0.1521 0.0014
vn 0.6907 -0.5142 -0.5084
vn 0.9963 -0.0629 0.0591
vn 0.9492 0.3140 -0.0189
vn 0.6021 -0.3634 -0.7109
vn 0.7172 -0.5244 -0.4589
vn 0.5367 -0.7944 -0.2845
vn 0.7034 -0.1989 0.6824
vn -0.3122 -0.9036 0.2934
vn 0.8982 0.2943 0.3264
vn 0.3541 0.8079 0.4711
vn 0.2421 0.5721 0.7837
vn 0.5940 0.7406 0.3141
vn -0.0024 0.7670 0.6416
vn 0.6729 0.5655 0.4769
vn 0.9492 0.0189 -0.3140
vn 0.9963 -0.0585 0.0630
vn 0.9879 -0.0018 -0.1551
vn 0.7588 0.6399 0.1214
vn 0.7043 0.5481 -0.4511
vn 0.1214 0.9915 -0.0473
vn -0.0324 0.7626 -0.6460
vn -0.4068 0.8713 0.2746
vn -0.7970 0.5965 0.0952
vn -0.9882 -0.0018 -0.1530
vn -0.6907 0.5084 0.5142
vn -0.9963 -0.0585 0.0630
vn -0.9492 0.0189 -0.3140
vn -0.6021 0.7109 0.3634
vn -0.5286 0.6958 0.4863
vn -0.1506 0.5600 0.8147
vn -0.3082 -0.2748 0.9108
vn -0.7035 0.6823 0.1989
vn -0.6047 -0.7585 0.2429
vn -0.5172 -0.3047 0.7998
vn 0.3122 0.2934 0.9036
vn 0.0033 -0.7690 0.6393
vn -0.5940 -0.7406 0.3141
vn -0.6907 -0.5084 0.5142
vn -0.9492 -0.0189 -0.3140
vn -0.9963 0.0591 0.0628
vn -0.9881 0.0014 -0.1541
vn -0.7979 -0.5958 0.0916
vn -0.7040 -0.5552 -0.4428
vn -0.2013 -0.9781 -0.0533
vn 0.0326 -0.7563 -0.6534
vn 0.4205 -0.8663 0.2699
vn 0.7793 -0.6188 0.0987
vn 0.9884 0.0014 -0.1521
vn 0.6890 -0.5354 0.4885
vn 0.9963 0.0591 0.0629
vn 0.9492 -0.0189 -0.3140
vn 0.6021 -0.7109 0.3634
vn 0.5276 -0.6954 0.4879
vn 0.1542 -0.5666 0.8095
vn 0.8983 0.3264 -0.2942
vn 0.3541 0.4711 -0.8079
vn 0.2421 0.7837 -0.5721
vn -0.0000 0.6416 -0.7670
vn 0.5940 0.3141 -0.7406
vn 0.6907 0.5142 -0.5084
vn 0.9492 -0.3140 -0.0189
vn 0.9963 0.0630 0.0586
vn 0.9882 -0.1531 0.0018
vn 0.7626 0.1162 -0.6363
vn 0.2643 0.2263 -0.9375
vn -0.2127 0.0198 -0.9769
vn 0.0324 -0.6461 -0.7626
vn -0.7043 -0.4511 -0.5481
vn -0.7981 0.0920 -0.5954
vn -0.9879 -0.1551 0.0018
vn -0.6907 0.5142 -0.5084
vn -0.9963 0.0629 0.0586
vn -0.9492 -0.3140 -0.0189
vn -0.6021 0.3634 -0.7109
vn -0.5286 0.4863 -0.6958
vn -0.1506 0.8147 -0.5600
vn -0.3082 0.9108 0.2748
vn -0.0839 -0.6509 0.7545
vn -0.0000 -0.7480 0.6638
vn -0.0018 -0.1757 0.9844
vn 0.0839 -0.6509 0.7545
vn -0.3396 -0.0219 0.9403
vn -0.1611 -0.4968 0.8528
vn 0.3383 -0.0089 0.9410
vn 0.1611 -0.4968 0.8528
vn -0.6059 -0.5260 0.5968
vn 0.6164 -0.5282 0.5840
vn -0.7700 -0.4438 0.4584
vn -0.8711 -0.1548 0.4661
vn -0.0982 -0.3339 0.9375
vn -0.4226 -0.6971 0.5792
vn -0.1222 -0.1442 0.9820
vn -0.0000 -0.2616 0.9652
vn -0.7059 -0.5903 -0.3914
vn -0.8148 -0.4572 -0.3563
vn -0.2208 -0.9009 -0.3737
vn -0.0000 -0.7716 0.6362
vn -0.0000 -0.9538 -0.3006
vn 0.4114 -0.7135 0.5672
vn 0.1222 -0.1442 0.9820
vn 0.0982 -0.3339 0.9375
vn 0.3147 -0.8604 -0.4008
vn 0.7688 -0.4466 0.4577
vn 0.7114 -0.5889 -0.3836
vn 0.7994 -0.4648 -0.3807
vn 0.9998 -0.0149 -0.0104
vn 0.1037 -0.3325 -0.9374
vn 0.1837 -0.4908 -0.8517
vn 0.1412 -0.1686 -0.9755
vn -0.0000 -0.2787 -0.9604
vn -0.1412 -0.1686 -0.9755
vn -0.1037 -0.3325 -0.9374
vn -0.1837 -0.4908 -0.8517
vn -0.9999 -0.0098 -0.0063
vn -0.3400 -0.0215 -0.9402
vn -0.0876 -0.6488 -0.7559
vn -0.8688 -0.2322 -0.4373
vn 0.0149 -0.1641 -0.9863
vn -0.0000 -0.7487 -0.6629
vn 0.0876 -0.6488 -0.7559
vn -0.6078 -0.5358 -0.5861
vn 0.3385 -0.0086 -0.9409
vn 0.6157 -0.5226 -0.5898
vn 0.8796 -0.2386 -0.4114
vn -0.0008 -0.9829 -0.1842
vn 0.3545 -0.9316 -0.0805
vn -0.3542 -0.9317 -0.0805
vn -0.6827 -0.3810 -0.6235
vn 0.6483 -0.4168 -0.6372
vn -0.0032 -0.0864 -0.9963
vn -0.6237 0.5347 -0.5702
vn 0.6239 0.5344 -0.5703
vn -0.0000 0.9818 -0.1899
vn 0.8086 0.3818 -0.4476
vn 0.3730 0.9253 -0.0690
vn 0.5903 0.5146 -0.6219
vn -0.3641 0.9296 -0.0566
vn -0.5962 0.5117 -0.6187
vn -0.8078 0.3785 -0.4518
vn -0.3005 0.0431 -0.9528
vn 0.2739 0.0518 -0.9604
vn 0.0008 0.1677 -0.9858
vn -0.7995 0.4683 -0.3761
vn -0.3990 0.6991 -0.5934
vn 0.4017 0.6989 -0.5918
vn 0.0005 0.7684 -0.6400
vn 0.7432 0.4400 -0.5041
vn -0.0153 0.9450 0.3268
vn 0.5079 0.7331 0.4523
vn 0.7461 0.5235 0.4116
vn -0.5049 0.7347 0.4530
vn -0.7405 0.4398 0.5082
vn -0.8081 0.3791 0.4509
vn -0.5991 0.5232 0.6061
vn -0.6790 -0.4003 0.6155
vn -0.3300 -0.9383 0.1036
vn -0.0000 -0.9829 0.1842
vn 0.3777 -0.9253 0.0332
vn 0.9127 -0.1873 0.3631
vn 0.6483 -0.4168 0.6372
vn 0.0032 -0.0864 0.9963
vn 0.6219 0.5368 0.5702
vn 0.8078 0.3785 0.4518
vn -0.6239 0.5344 0.5703
vn -0.0018 0.9745 0.2245
vn -0.3920 0.9187 0.0478
vn 0.5905 0.5155 0.6210
vn 0.3065 0.9486 0.0788
vn 0.2347 -0.0041 0.9721
vn -0.0166 0.1022 0.9946
vn -0.2657 0.0574 0.9624
vn -0.8745 0.4100 0.2590
vn -0.0484 0.8104 0.5839
vn 0.0927 0.9957 -0.0003
vn 0.0931 0.3204 0.9427
vn -0.2149 0.9762 -0.0286
vn -0.3868 0.2487 0.8880
vn -0.7998 0.5814 -0.1491
vn -0.7926 -0.2636 0.5498
vn -0.0501 -0.2982 0.9532
vn 0.0942 -0.8042 0.5869
vn -0.4099 -0.7196 0.5604
vn -0.7387 0.2482 0.6267
vn -0.7838 -0.6154 -0.0838
vn -0.0513 -0.9987 -0.0001
vn 0.0930 -0.8040 -0.5873
vn -0.3273 -0.8250 -0.4608
vn -0.9110 -0.3331 0.2430
vn -0.7719 0.5390 -0.3370
vn -0.0484 0.8105 -0.5838
vn 0.0921 0.3193 -0.9432
vn -0.2146 0.2635 -0.9405
vn -0.8748 0.0707 -0.4794
vn -0.7764 -0.1695 -0.6070
vn -0.0553 -0.2982 -0.9529
vn -0.7493 -0.5379 -0.3862
vn 0.1432 0.9897 0.0001
vn 0.0484 0.8104 0.5839
vn 0.8039 0.4220 0.4190
vn 0.0298 0.2080 0.9777
vn 0.3744 0.9251 0.0635
vn 0.3613 0.2225 0.9055
vn 0.8753 0.4720 -0.1051
vn 0.7769 -0.2132 0.5924
vn 0.0552 -0.2980 0.9530
vn 0.0290 -0.8706 0.4911
vn 0.3700 -0.7988 0.4744
vn 0.9013 0.1552 0.4045
vn 0.8138 -0.5710 -0.1081
vn 0.0513 -0.9987 -0.0001
vn 0.1397 -0.7999 -0.5836
vn 0.3600 -0.6906 -0.6273
vn 0.8196 -0.0756 -0.5679
vn 0.0501 -0.2986 -0.9530
vn -0.0931 0.3201 -0.9428
vn 0.8305 -0.3298 0.4489
vn 0.3457 0.3925 -0.8523
vn 0.8773 0.3886 -0.2816
vn 0.0484 0.8105 -0.5838
vn 0.8337 0.0612 -0.5488
vn 0.8995 -0.3887 -0.1995
vn 0.0917 0.9958 0.0005
vn -0.0484 0.8104 -0.5839
vn -0.8038 0.4204 -0.4210
vn -0.0286 0.2086 -0.9776
vn -0.3741 0.9253 -0.0630
vn -0.3617 0.2229 -0.9052
vn -0.8784 0.4678 0.0980
vn -0.7993 -0.2663 -0.5387
vn -0.0501 -0.2983 -0.9532
vn -0.0277 -0.8710 -0.4906
vn -0.3708 -0.7986 -0.4740
vn -0.8214 0.3447 -0.4543
vn -0.8167 -0.5682 0.1012
vn -0.0513 -0.9987 0.0001
vn -0.1400 -0.7999 0.5836
vn -0.3600 -0.6906 0.6273
vn -0.8022 -0.0837 0.5912
vn -0.0501 -0.2986 0.9530
vn -0.1415 0.3188 0.9372
vn -0.8353 -0.3237 -0.4443
vn -0.3453 0.3930 0.8522
vn -0.8727 0.4066 0.2702
vn -0.0532 0.8103 0.5836
vn -0.8914 0.0925 0.4437
vn -0.9134 -0.3214 0.2500
vn 0.8693 0.4279 -0.2474
vn 0.0484 0.8107 -0.5834
vn -0.0927 0.9957 0.0003
vn -0.0931 0.3203 -0.9427
vn 0.2149 0.9762 0.0286
vn 0.3868 0.2487 -0.8880
vn 0.7999 0.5813 0.1491
vn 0.7975 -0.2704 -0.5393
vn 0.0501 -0.2982 -0.9532
vn -0.0930 -0.8046 -0.5864
vn 0.4095 -0.7201 -0.5601
vn 0.7387 0.2482 -0.6267
vn 0.8502 -0.5205 0.0794
vn 0.0567 -0.9984 0.0001
vn -0.0929 -0.8048 0.5862
vn 0.3953 -0.6964 0.5990
vn 0.9095 -0.3428 -0.2349
vn 0.7768 0.5355 0.3314
vn 0.0484 0.8105 0.5838
vn -0.0931 0.3199 0.9429
vn 0.2671 0.2073 0.9411
vn 0.8752 0.0700 0.4787
vn 0.7604 -0.1990 0.6182
vn 0.0501 -0.2986 0.9530
vn 0.8487 -0.4901 0.1987
vn -0.2782 -0.9193 -0.2783
vn -0.1134 -0.9551 -0.2738
vn -0.0000 -1.0000 -0.0000
vn -0.0000 -0.9193 -0.3935
vn -0.2738 -0.9551 -0.1134
vn -0.3935 -0.9193 -0.0000
vn -0.2738 -0.9551 0.1134
vn 0.2782 -0.9193 -0.2783
vn -0.2783 -0.9193 0.2782
vn 0.3935 -0.9193 -0.0000
vn -0.1134 -0.9551 0.2738
vn 0.2738 -0.9551 0.1134
vn -0.0000 -0.9193 0.3935
vn 0.2783 -0.9193 0.2782
vn 0.1134 -0.9551 0.2738
vn -0.5709 -0.0273 0.8206
vn -0.8975 0.0614 0.4367
vn -0.3422 0.2268 0.9119
vn -0.9901 -0.1403 0.0047
vn -0.3804 0.3491 0.8564
vn -0.9234 0.1551 0.3512
vn -0.4624 0.4782 0.7467
vn -0.8975 0.2943 0.3284
vn -0.5145 0.6239 0.5883
vn -0.9320 -0.0354 -0.3608
vn -0.4946 0.6860 0.5337
vn -0.9418 -0.1426 -0.3045
vn -0.8974 0.3975 0.1915
vn -0.4424 0.8318 0.3352
vn -0.9544 -0.2126 -0.2095
vn -0.4435 0.8698 0.2162
vn -0.8974 0.4405 0.0247
vn -0.4415 0.8962 -0.0441
vn -0.9432 -0.3107 -0.1174
vn -0.4958 0.8567 -0.1426
vn -0.9443 -0.3233 -0.0622
vn -0.8974 0.4165 -0.1457
vn -0.4415 0.8111 -0.3837
vn -0.4958 0.7369 -0.4595
vn -0.9437 -0.3248 0.0629
vn -0.8975 0.3294 -0.2934
vn -0.4415 0.6026 -0.6649
vn -0.3894 0.5131 -0.7649
vn -0.9472 -0.2867 0.1435
vn -0.9233 0.2061 -0.3242
vn -0.4624 0.3552 -0.8124
vn -0.9427 -0.2220 0.2490
vn -0.8975 0.1103 -0.4270
vn -0.4415 0.1316 -0.8876
vn -0.3894 0.0016 -0.9211
vn -0.9430 -0.1205 0.3102
vn -0.9234 -0.0088 -0.3838
vn -0.4624 -0.1561 -0.8728
vn -0.8975 -0.1462 -0.4160
vn -0.4415 -0.3837 -0.8111
vn -0.9437 0.0087 0.3307
vn -0.4958 -0.4595 -0.7369
vn -0.8974 -0.2939 -0.3290
vn -0.4415 -0.6649 -0.6026
vn -0.9479 0.1236 0.2936
vn -0.4958 -0.7066 -0.5050
vn -0.8974 -0.3975 -0.1915
vn -0.4415 -0.8448 -0.3023
vn -0.9341 0.2563 0.2484
vn -0.4958 -0.8460 -0.1961
vn -0.8974 -0.4405 -0.0249
vn -0.4415 -0.8962 0.0441
vn -0.9462 0.3009 0.1195
vn -0.4825 -0.8641 0.1432
vn -0.9152 -0.3728 0.1527
vn -0.9479 0.3185 -0.0018
vn -0.9343 0.3274 -0.1412
vn -0.3485 0.9202 -0.1783
vn -0.9383 0.2459 -0.2431
vn -0.4177 0.7927 -0.4441
vn -0.4002 0.5873 -0.7035
vn -0.9382 0.1345 -0.3190
vn -0.4188 0.2769 -0.8648
vn -0.4261 -0.0827 -0.9009
vn -0.3469 0.0882 -0.9337
vn -0.3643 -0.3429 -0.8659
vn -0.3888 -0.2566 -0.8849
vn -0.2833 -0.5920 -0.7545
vn -0.3887 -0.5890 -0.7085
vn -0.3530 -0.8094 -0.4692
vn -0.6928 -0.5777 -0.4316
vn -0.3960 -0.9136 -0.0923
vn -0.3901 -0.8630 -0.3209
vn -0.4573 -0.8862 -0.0738
vn -0.4201 -0.8693 0.2606
vn -0.3650 -0.9152 0.1706
vn -0.3465 -0.7388 0.5780
vn -0.6584 -0.6691 0.3448
vn -0.3970 -0.7150 0.5754
vn -0.3378 -0.5108 0.7906
vn -0.3940 -0.2687 0.8790
vn -0.4529 -0.5041 0.7353
vn -0.4772 -0.2539 0.8413
vn -0.9183 -0.3497 0.1855
vn -0.3548 -0.0471 0.9338
vn -0.8672 -0.2394 0.4366
vn -0.8959 -0.4413 0.0509
vn -0.8935 -0.0285 0.4483
vn -0.4432 0.0353 0.8957
vn -0.8889 -0.4435 -0.1147
vn -0.2673 0.2626 0.9271
vn -0.4168 0.2733 0.8669
vn -0.9298 0.1338 0.3430
vn -0.3438 0.5215 0.7809
vn -0.4200 0.7077 0.5681
vn -0.9152 -0.2941 -0.2755
vn -0.9269 0.2724 0.2582
vn -0.3898 0.5839 0.7121
vn -0.7080 0.5984 0.3751
vn -0.3519 0.8388 0.4154
vn -0.3884 0.8838 0.2610
vn -0.3126 0.9443 0.1034
vn -0.7036 0.7103 -0.0197
vn -0.9317 0.3438 0.1174
vn -0.9225 -0.1512 -0.3552
vn -0.9321 -0.0010 -0.3623
vn -0.3882 0.8798 -0.2744
vn -0.9419 0.3165 -0.1127
vn -0.6797 0.5913 -0.4341
vn -0.6811 0.2864 -0.6739
vn -0.3967 0.5707 -0.7189
vn -0.9563 0.1546 -0.2480
vn 0.7750 0.2656 0.5735
vn 0.9569 -0.2624 -0.1242
vn 0.0012 0.6046 0.7965
vn 0.8475 -0.2393 -0.4738
vn -0.8981 -0.3957 -0.1918
vn 0.6705 -0.2068 -0.7125
vn 0.8891 -0.4114 0.2007
vn 0.6319 -0.3195 -0.7061
vn 0.5993 -0.1473 0.7868
vn 0.0043 -0.9150 -0.4035
vn 0.9697 -0.2401 0.0453
vn 0.2912 -0.9458 -0.1437
vn 0.7839 -0.4862 0.3863
vn -0.0613 -0.4878 0.8708
vn -0.7962 -0.3585 0.4874
vn -0.9715 -0.2317 0.0496
vn -0.6002 -0.1438 0.7868
vn -0.8891 -0.4114 0.2007
vn -0.0000 -0.4441 -0.8960
vn 0.5670 -0.4652 -0.6798
vn 0.0013 -0.5879 -0.8089
vn -0.0849 -0.6700 -0.7375
vn 0.4797 -0.5900 -0.6495
vn -0.5025 -0.6529 -0.5667
vn 0.0048 -0.7645 -0.6446
vn -0.0416 -0.8417 -0.5383
vn -0.8813 -0.4700 -0.0489
vn -0.0248 0.8075 0.5894
vn -0.1320 -0.1308 0.9826
vn 0.9651 -0.2500 -0.0777
vn 0.8953 -0.4188 -0.1516
vn 0.5094 -0.6442 -0.5705
vn 0.8715 -0.4725 -0.1312
vn -0.1701 -0.9224 0.3467
vn -0.0031 -0.9124 -0.4092
vn -1.0000 -0.0000 -0.0000
vn -0.7589 0.0060 0.6511
vn -0.5314 0.5311 0.6600
vn -0.4631 0.0198 0.8861
vn -0.2254 0.6351 0.7388
vn -0.5302 -0.5315 0.6606
vn 0.0371 0.1444 0.9888
vn -0.0000 0.6588 0.7523
vn -0.0001 0.5586 0.8294
vn 0.2254 0.6351 0.7388
vn 0.4646 -0.0000 0.8855
vn -0.3095 0.5733 0.7586
vn 0.3094 0.5735 0.7585
vn -0.7593 0.6504 -0.0208
vn 0.0327 0.9748 -0.2205
vn -0.5095 0.8298 -0.2280
vn -0.5303 0.5326 -0.6596
vn -0.2255 0.6384 -0.7359
vn -0.4765 0.0318 -0.8786
vn -0.0000 0.6619 -0.7496
vn -0.7423 -0.0354 -0.6691
vn -0.0475 0.2713 -0.9613
vn 0.2254 0.6377 -0.7365
vn 0.3733 0.9022 -0.2159
vn 0.5303 0.5326 -0.6596
vn 0.7999 0.5996 0.0246
vn 0.4644 0.0226 -0.8853
vn 0.7353 -0.0376 -0.6767
vn 1.0000 -0.0000 -0.0000
vn 0.5314 0.5311 0.6600
vn 0.7081 -0.0000 0.7061
vn -0.0000 -0.7579 0.6523
vn 0.5302 -0.5315 0.6606
vn 0.2281 -0.6377 0.7357
vn -0.2281 -0.6373 0.7361
vn -0.0000 -0.6621 0.7494
vn 0.0001 -0.5436 0.8393
vn 0.4192 -0.8949 0.1532
vn 0.7588 -0.6512 0.0123
vn -0.4066 -0.8864 0.2212
vn -0.0054 -0.9917 -0.1285
vn 0.3002 -0.5678 -0.7665
vn 0.5315 -0.5318 -0.6594
vn 0.2256 -0.6374 -0.7367
vn 0.0255 -0.7555 -0.6547
vn -0.5314 -0.5311 -0.6600
vn -0.2255 -0.6370 -0.7371
vn -0.0000 -0.6652 -0.7467
vn -0.3017 -0.5647 -0.7681
vn -0.8065 -0.5901 0.0370
vn -0.0000 -0.4462 0.8950
vn 0.1287 0.7578 0.6397
vn -0.9910 0.0763 0.1097
vn -0.0000 -0.5712 0.8208
vn 0.9964 0.0626 0.0576
vn 0.2001 0.9147 -0.3512
vn -0.0735 0.5494 -0.8324
vn 0.0234 0.7987 -0.6012
vn -0.9972 0.0363 0.0655
vn 0.0167 0.9191 -0.3936
vn 0.0120 -0.7161 0.6979
vn -0.9965 0.0305 0.0781
vn 0.0172 0.9848 -0.1726
vn 0.9972 0.0367 0.0659
vn 0.9964 0.0309 0.0790
vn 0.0178 -0.8316 0.5551
vn 0.9956 0.0197 0.0913
vn 0.0121 0.9974 0.0705
vn -0.0010 -0.9291 0.3699
vn 0.9949 0.0015 0.1010
vn -0.9956 0.0197 0.0913
vn -0.9950 0.0019 0.0997
vn -0.0022 -0.9795 0.2015
vn -0.4622 0.8635 0.2016
vn -0.9947 -0.0198 0.1012
vn 0.5829 0.7957 0.1646
vn 0.5061 0.7959 0.3322
vn -0.5731 0.7591 0.3087
vn -0.5609 -0.8278 -0.0101
vn -0.9952 -0.0324 0.0921
vn 0.4672 0.7544 0.4611
vn 0.4484 -0.8938 -0.0132
vn 0.9947 -0.0215 0.1005
vn 0.9952 -0.0327 0.0922
vn 0.4319 -0.8841 -0.1783
vn 0.9958 -0.0477 0.0780
vn -0.5506 -0.8165 -0.1738
vn 0.4319 -0.8320 -0.3483
vn -0.5413 -0.7723 -0.3325
vn 0.4313 -0.7478 -0.5047
vn -0.9958 -0.0476 0.0782
vn -0.5662 0.7032 0.4300
vn -0.9962 -0.0594 0.0640
vn 0.4639 0.6617 0.5891
vn -0.5625 0.6200 0.5471
vn -0.5509 0.5621 0.6169
vn 0.9959 -0.0624 0.0648
vn 0.6159 0.4742 0.6291
vn 0.9978 -0.0592 0.0289
vn -0.5029 0.4441 0.7415
vn 0.4262 -0.6443 -0.6350
vn 0.9979 -0.0612 0.0225
vn -0.5347 -0.6959 -0.4794
vn -0.9974 -0.0600 0.0392
vn -0.5279 -0.5938 -0.6072
vn 0.4244 -0.5149 -0.7448
vn -0.9979 -0.0610 0.0222
vn -0.5235 -0.4659 -0.7134
vn 0.4654 0.3462 0.8146
vn -0.5539 0.3280 0.7652
vn -0.9986 -0.0532 0.0036
vn -0.5904 0.2185 0.7769
vn -0.5217 -0.3176 -0.7918
vn -0.9992 -0.0377 -0.0128
vn 0.4434 -0.3282 -0.8341
vn 0.6093 0.1390 0.7806
vn 0.9985 -0.0555 0.0028
vn 0.9993 -0.0356 -0.0147
vn -0.4693 -0.1704 -0.8664
vn 0.5192 -0.1562 -0.8403
vn 0.9996 -0.0201 -0.0186
vn -0.5145 -0.0021 -0.8575
vn 0.6476 -0.0000 -0.7620
vn 0.9997 0.0003 -0.0228
vn 0.6112 -0.0375 0.7906
vn 0.9997 0.0156 -0.0202
vn 0.5192 0.1566 -0.8402
vn 0.6014 -0.1636 0.7820
vn 0.9993 0.0349 -0.0142
vn -0.6411 -0.0170 0.7673
vn -0.9996 -0.0155 -0.0235
vn -0.9997 -0.0009 -0.0241
vn -0.9996 0.0161 -0.0224
vn -0.5235 -0.1107 0.8448
vn -0.4697 0.1729 -0.8657
vn -0.9993 0.0361 -0.0125
vn -0.5207 -0.2548 0.8148
vn -0.9986 0.0531 0.0032
vn -0.4821 -0.3505 0.8029
vn -0.4418 0.3258 -0.8359
vn -0.4685 0.5072 -0.7233
vn 0.5214 0.3171 -0.7922
vn 0.9987 0.0516 0.0012
vn 0.5250 0.4645 -0.7132
vn 0.5500 -0.3204 0.7712
vn 0.9977 0.0630 0.0231
vn 0.5457 -0.3893 0.7421
vn -0.6283 -0.4512 0.6338
vn 0.9973 0.0615 0.0408
vn -0.9978 0.0618 0.0245
vn 0.4550 0.6191 -0.6401
vn -0.5309 0.5933 -0.6051
vn -0.9973 0.0630 0.0367
vn -0.4709 0.7450 -0.4724
vn 0.5367 0.6965 -0.4762
vn -0.9960 0.0626 0.0634
vn -0.4715 0.8228 -0.3172
vn 0.5650 -0.5336 0.6293
vn -0.5557 -0.6220 0.5516
vn -0.9957 0.0479 0.0787
vn 0.5040 -0.6470 0.5721
vn 0.9962 0.0584 0.0640
vn 0.5427 0.7721 -0.3307
vn 0.9957 0.0476 0.0798
vn 0.4732 0.8653 -0.1654
vn 0.5045 -0.7251 0.4687
vn 0.9954 0.0320 0.0899
vn -0.5506 0.8163 -0.1747
vn 0.4474 0.8936 0.0351
vn -0.5610 0.8278 -0.0110
vn -0.9954 0.0317 0.0899
vn -0.5639 -0.7063 0.4280
vn -0.9946 0.0206 0.1017
vn -0.5694 -0.7650 0.3011
vn 0.4869 -0.7993 0.3522
vn -0.5785 -0.7989 0.1648
vn 0.9947 0.0195 0.1012
vn 0.5015 -0.8397 0.2081
vn 0.0138 0.9780 0.2080
vn 0.9951 -0.0023 0.0990
vn 0.0042 -0.9975 0.0705
vn 0.9955 -0.0212 0.0921
vn -0.9950 -0.0020 0.0995
vn -0.0000 -0.9884 -0.1522
vn -0.0127 0.9274 0.3739
vn -0.0174 0.8309 0.5561
vn -0.9956 -0.0211 0.0915
vn -0.9962 -0.0335 0.0804
vn 0.0226 -0.9076 -0.4193
vn -0.0120 0.7162 0.6978
vn -0.9973 -0.0373 0.0639
vn 0.0301 -0.7865 -0.6169
vn -0.0080 0.5684 0.8227
vn 0.9962 -0.0333 0.0800
vn 0.9972 -0.0375 0.0643
vn 0.9968 -0.0599 0.0537
vn 0.0572 -0.6733 -0.7371
vn 0.3895 -0.7990 0.4582
vn -0.9968 -0.0600 0.0527
vn -0.4454 -0.8634 0.2370
vn -0.0195 0.3276 0.9446
vn 0.0518 -0.4268 0.9028
vn -0.2783 -0.5511 0.7867
vn 0.7887 -0.5109 0.3419
vn -0.0804 -0.3788 0.9220
vn 0.8102 0.2574 0.5267
vn -1.0000 0.0042 -0.0001
vn -0.1428 0.6649 0.7332
vn 1.0000 0.0039 -0.0001
vn -0.1217 0.8436 0.5230
vn 0.7350 0.6780 -0.0020
vn -0.1007 0.7464 0.6578
vn -0.1292 0.9284 -0.3484
vn -0.1207 0.8011 -0.5862
vn 0.7537 0.2108 -0.6225
vn -0.1158 0.8621 -0.4933
vn -0.1515 -0.0599 -0.9866
vn -0.1064 -0.3816 -0.9182
vn 0.2817 -0.3036 -0.9102
vn -0.7413 -0.5624 -0.3663
vn 0.2470 -0.9378 -0.2440
vn 0.1196 -0.9921 -0.0383
vn -0.1161 -0.9829 -0.1430
o base
usemtl material_0
f 1/1/1 2/2/2 3/3/3
f 1/1/1 4/4/4 2/2/2
f 5/5/5 4/4/4 1/1/1
f 6/6/6 4/4/4 5/5/5
f 6/6/6 7/7/7 4/4/4
f 4/4/4 7/7/7 8/8/8
f 7/7/7 9/9/9 8/8/8
f 8/8/8 9/9/9 10/10/10
f 9/9/9 11/11/11 10/10/10
f 11/11/11 12/12/12 10/10/10
f 11/11/11 13/13/13 12/12/12
f 13/13/13 14/14/14 12/12/12
f 13/13/13 15/15/15 14/14/14
f 14/14/14 16/16/16 12/12/12
f 17/17/17 14/14/14 15/15/15
f 15/15/15 18/18/18 17/17/17
f 19/19/19 14/14/14 17/17/17
f 16/16/16 14/14/14 19/19/19
f 17/17/17 18/18/18 20/20/20
f 21/21/21 16/16/16 19/19/19
f 22/22/22 19/19/19 17/17/17
f 22/22/22 17/17/17 20/20/20
f 21/21/21 19/19/19 23/23/23
f 22/22/22 20/20/20 24/24/24
f 25/25/25 22/22/22 24/24/24
f 25/25/25 24/24/24 26/26/26
f 25/25/25 26/26/26 27/27/27
f 27/27/27 26/26/26 28/28/28
f 27/27/27 28/28/28 29/29/29
f 29/29/29 28/28/28 30/30/30
f 31/31/31 29/29/29 30/30/30
f 32/32/32 29/29/29 31/31/31
f 33/33/33 29/29/29 32/32/32
f 34/34/34 33/33/33 32/32/32
f 21/21/21 23/23/23 35/35/35
f 35/35/35 23/23/23 36/36/36
f 37/37/37 35/35/35 36/36/36
f 38/38/38 37/37/37 36/36/36
f 39/39/39 37/37/37 38/38/38
f 39/39/39 38/38/38 40/40/40
f 39/39/39 40/40/40 41/41/41
f 42/42/42 39/39/39 41/41/41
f 43/43/43 42/42/42 41/41/41
f 44/44/44 42/42/42 43/43/43
f 45/45/45 44/44/44 43/43/43
f 46/46/46 44/44/44 45/45/45
f 46/46/46 45/45/45 47/47/47
f 46/46/46 47/47/47 48/48/48
f 48/48/48 47/47/47 49/49/49
f 50/50/50 48/48/48 49/49/49
f 51/51/51 50/50/50 49/49/49
f 52/52/52 50/50/50 51/51/51
f 52/52/52 51/51/51 53/53/53
f 52/52/52 53/53/53 54/54/54
f 54/54/54 53/53/53 55/55/55
f 55/55/55 53/53/53 56/56/56
f 55/55/55 56/56/56 57/57/57
f 57/57/57 56/56/56 58/58/58
f 57/57/57 58/58/58 59/59/59
f 57/57/57 59/59/59 60/60/60
f 59/59/59 58/58/58 61/61/61
f 58/58/58 62/62/62 61/61/61
f 60/60/60 63/63/63 57/57/57
f 61/61/61 62/62/62 64/64/64
f 65/65/65 63/63/63 60/60/60
f 62/62/62 66/66/66 64/64/64
f 66/66/66 67/67/67 64/64/64
f 68/68/68 63/63/63 65/65/65
f 68/68/68 69/69/69 63/63/63
f 68/68/68 70/70/70 69/69/69
f 71/71/71 72/72/72 73/73/73
f 71/71/71 74/74/74 72/72/72
f 75/75/75 74/74/74 71/71/71
f 76/76/76 74/74/74 75/75/75
f 76/76/76 77/77/77 74/74/74
f 74/74/74 77/77/77 78/78/78
f 77/77/77 79/79/79 78/78/78
f 79/79/79 80/80/80 78/78/78
f 78/78/78 80/80/80 81/81/81
f 80/80/80 82/82/82 81/81/81
f 82/82/82 83/83/83 81/81/81
f 82/82/82 84/84/84 83/83/83
f 82/82/82 85/85/85 84/84/84
f 84/84/84 86/86/86 83/83/83
f 87/87/87 84/84/84 85/85/85
f 87/87/87 85/85/85 88/88/88
f 86/86/86 84/84/84 89/89/89
f 89/89/89 84/84/84 87/87/87
f 87/87/87 88/88/88 90/90/90
f 91/91/91 86/86/86 89/89/89
f 92/92/92 89/89/89 87/87/87
f 92/92/92 87/87/87 90/90/90
f 91/91/91 89/89/89 93/93/93
f 92/92/92 90/90/90 94/94/94
f 95/95/95 92/92/92 94/94/94
f 95/95/95 94/94/94 96/96/96
f 95/95/95 96/96/96 97/97/97
f 97/97/97 96/96/96 98/98/98
f 97/97/97 98/98/98 99/99/99
f 99/99/99 98/98/98 100/100/100
f 101/101/101 99/99/99 100/100/100
f 102/102/102 99/99/99 101/101/101
f 103/103/103 99/99/99 102/102/102
f 104/104/104 103/103/103 102/102/102
f 91/91/91 93/93/93 105/105/105
f 106/106/106 91/91/91 105/105/105
f 107/107/107 106/106/106 105/105/105
f 108/108/108 106/106/106 107/107/107
f 109/109/109 106/106/106 108/108/108
f 110/110/110 109/109/109 108/108/108
f 111/111/111 109/109/109 110/110/110
f 112/112/112 111/111/111 110/110/110
f 113/113/113 111/111/111 112/112/112
f 114/114/114 111/111/111 113/113/113
f 115/115/115 114/114/114 113/113/113
f 115/115/115 113/113/113 116/116/116
f 115/115/115 116/116/116 117/117/117
f 117/117/117 116/116/116 118/118/118
f 119/119/119 117/117/117 118/118/118
f 120/120/120 119/119/119 118/118/118
f 120/120/120 118/118/118 121/121/121
f 120/120/120 121/121/121 122/122/122
f 123/123/123 120/120/120 122/122/122
f 124/124/124 123/123/123 122/122/122
f 125/125/125 123/123/123 124/124/124
f 126/126/126 125/125/125 124/124/124
f 127/127/127 125/125/125 126/126/126
f 127/127/127 126/126/126 128/128/128
f 127/127/127 128/128/128 129/129/129
f 130/130/130 127/127/127 129/129/129
f 129/129/129 131/131/131 132/132/132
f 129/129/129 132/132/132 133/133/133
f 132/132/132 131/131/131 134/134/134
f 133/133/133 130/130/130 129/129/129
f 134/134/134 131/131/131 135/135/135
f 136/136/136 130/130/130 133/133/133
f 131/131/131 137/137/137 135/135/135
f 137/137/137 138/138/138 135/135/135
f 136/136/136 139/139/139 130/130/130
f 140/140/140 139/139/139 136/136/136
f 140/140/140 141/141/141 139/139/139
f 140/140/140 142/142/142 141/141/141
f 143/143/143 144/144/144 145/145/145
f 146/146/146 144/144/144 143/143/143
f 143/143/143 145/145/145 147/147/147
f 143/143/143 148/148/148 146/146/146
f 146/146/146 148/148/148 149/149/149
f 148/148/148 150/150/150 149/149/149
f 150/150/150 151/151/151 149/149/149
f 152/152/152 150/150/150 148/148/148
f 143/143/143 152/152/152 148/148/148
f 143/143/143 147/147/147 153/153/153
f 153/153/153 147/147/147 154/154/154
f 153/153/153 154/154/154 155/155/155
f 153/153/153 156/156/156 143/143/143
f 143/143/143 156/156/156 152/152/152
f 153/153/153 155/155/155 157/157/157
f 157/157/157 155/155/155 158/158/158
f 157/157/157 158/158/158 159/159/159
f 153/153/153 160/160/160 156/156/156
f 153/153/153 161/161/161 160/160/160
f 157/157/157 161/161/161 153/153/153
f 156/156/156 162/162/162 152/152/152
f 160/160/160 162/162/162 156/156/156
f 161/161/161 163/163/163 160/160/160
f 164/164/164 150/150/150 152/152/152
f 162/162/162 164/164/164 152/152/152
f 163/163/163 165/165/165 160/160/160
f 165/165/165 162/162/162 160/160/160
f 162/162/162 166/166/166 164/164/164
f 165/165/165 166/166/166 162/162/162
f 150/150/150 167/167/167 151/151/151
f 164/164/164 167/167/167 150/150/150
f 167/167/167 168/168/168 151/151/151
f 166/166/166 169/169/169 164/164/164
f 169/169/169 167/167/167 164/164/164
f 169/169/169 170/170/170 167/167/167
f 167/167/167 170/170/170 168/168/168
f 170/170/170 171/171/171 168/168/168
f 166/166/166 172/172/172 169/169/169
f 171/171/171 170/170/170 173/173/173
f 174/174/174 171/171/171 173/173/173
f 172/172/172 175/175/175 169/169/169
f 175/175/175 170/170/170 169/169/169
f 176/176/176 173/173/173 170/170/170
f 177/177/177 174/174/174 173/173/173
f 170/170/170 175/175/175 178/178/178
f 178/178/178 176/176/176 170/170/170
f 179/179/179 177/177/177 173/173/173
f 180/180/180 177/177/177 179/179/179
f 180/180/180 179/179/179 181/181/181
f 181/181/181 179/179/179 182/182/182
f 179/179/179 173/173/173 182/182/182
f 182/182/182 173/173/173 176/176/176
f 178/178/178 182/182/182 176/176/176
f 183/183/183 182/182/182 178/178/178
f 183/183/183 181/181/181 182/182/182
f 181/181/181 183/183/183 184/184/184
f 185/185/185 178/178/178 175/175/175
f 186/186/186 183/183/183 178/178/178
f 186/186/186 184/184/184 183/183/183
f 185/185/185 186/186/186 178/178/178
f 175/175/175 172/172/172 187/187/187
f 185/185/185 175/175/175 187/187/187
f 186/186/186 185/185/185 187/187/187
f 184/184/184 186/186/186 188/188/188
f 188/188/188 186/186/186 187/187/187
f 184/184/184 188/188/188 189/189/189
f 190/190/190 187/187/187 172/172/172
f 189/189/189 188/188/188 191/191/191
f 188/188/188 187/187/187 191/191/191
f 191/191/191 187/187/187 190/190/190
f 192/192/192 189/189/189 191/191/191
f 192/192/192 193/193/193 189/189/189
f 192/192/192 191/191/191 194/194/194
f 194/194/194 191/191/191 190/190/190
f 195/195/195 192/192/192 194/194/194
f 195/195/195 193/193/193 192/192/192
f 193/193/193 195/195/195 196/196/196
f 193/193/193 196/196/196 197/197/197
f 198/198/198 195/195/195 194/194/194
f 197/197/197 196/196/196 199/199/199
f 195/195/195 198/198/198 200/200/200
f 196/196/196 200/200/200 199/199/199
f 196/196/196 195/195/195 200/200/200
f 194/194/194 190/190/190 172/172/172
f 198/198/198 194/194/194 201/201/201
f 201/201/201 194/194/194 172/172/172
f 198/198/198 201/201/201 200/200/200
f 202/202/202 172/172/172 166/166/166
f 202/202/202 166/166/166 165/165/165
f 201/201/201 172/172/172 202/202/202
f 203/203/203 201/201/201 202/202/202
f 201/201/201 203/203/203 200/200/200
f 204/204/204 202/202/202 165/165/165
f 204/204/204 203/203/203 202/202/202
f 163/163/163 204/204/204 165/165/165
f 205/205/205 200/200/200 203/203/203
f 206/206/206 204/204/204 163/163/163
f 199/199/199 200/200/200 205/205/205
f 207/207/207 199/199/199 205/205/205
f 207/207/207 205/205/205 203/203/203
f 208/208/208 204/204/204 206/206/206
f 208/208/208 203/203/203 204/204/204
f 209/209/209 203/203/203 208/208/208
f 203/203/203 209/209/209 207/207/207
f 210/210/210 207/207/207 209/209/209
f 211/211/211 209/209/209 208/208/208
f 212/212/212 199/199/199 207/207/207
f 212/212/212 197/197/197 199/199/199
f 197/197/197 212/212/212 213/213/213
f 214/214/214 213/213/213 212/212/212
f 214/214/214 212/212/212 207/207/207
f 210/210/210 214/214/214 207/207/207
f 213/213/213 214/214/214 215/215/215
f 213/213/213 215/215/215 216/216/216
f 214/214/214 210/210/210 217/217/217
f 215/215/215 214/214/214 217/217/217
f 215/215/215 217/217/217 218/218/218
f 216/216/216 215/215/215 218/218/218
f 209/209/209 211/211/211 217/217/217
f 210/210/210 209/209/209 217/217/217
f 219/219/219 217/217/217 211/211/211
f 218/218/218 217/217/217 219/219/219
f 220/220/220 216/216/216 218/218/218
f 216/216/216 220/220/220 221/221/221
f 220/220/220 218/218/218 222/222/222
f 222/222/222 218/218/218 219/219/219
f 223/223/223 220/220/220 222/222/222
f 223/223/223 221/221/221 220/220/220
f 221/221/221 223/223/223 224/224/224
f 221/221/221 224/224/224 225/225/225
f 226/226/226 223/223/223 222/222/222
f 225/225/225 224/224/224 227/227/227
f 223/223/223 226/226/226 228/228/228
f 224/224/224 228/228/228 227/227/227
f 224/224/224 223/223/223 228/228/228
f 222/222/222 219/219/219 211/211/211
f 211/211/211 229/229/229 222/222/222
f 226/226/226 222/222/222 229/229/229
f 226/226/226 229/229/229 228/228/228
f 230/230/230 228/228/228 231/231/231
f 229/229/229 231/231/231 228/228/228
f 229/229/229 211/211/211 232/232/232
f 232/232/232 231/231/231 229/229/229
f 227/227/227 228/228/228 230/230/230
f 233/233/233 227/227/227 230/230/230
f 233/233/233 230/230/230 231/231/231
f 234/234/234 225/225/225 227/227/227
f 234/234/234 227/227/227 233/233/233
f 225/225/225 234/234/234 235/235/235
f 236/236/236 235/235/235 234/234/234
f 236/236/236 234/234/234 233/233/233
f 235/235/235 236/236/236 237/237/237
f 235/235/235 237/237/237 238/238/238
f 239/239/239 236/236/236 233/233/233
f 236/236/236 239/239/239 240/240/240
f 237/237/237 236/236/236 240/240/240
f 237/237/237 240/240/240 241/241/241
f 238/238/238 237/237/237 241/241/241
f 242/242/242 238/238/238 241/241/241
f 238/238/238 242/242/242 243/243/243
f 241/241/241 240/240/240 244/244/244
f 245/245/245 243/243/243 242/242/242
f 242/242/242 241/241/241 246/246/246
f 246/246/246 241/241/241 244/244/244
f 245/245/245 242/242/242 246/246/246
f 239/239/239 233/233/233 247/247/247
f 231/231/231 247/247/247 233/233/233
f 239/239/239 247/247/247 240/240/240
f 244/244/244 240/240/240 248/248/248
f 247/247/247 248/248/248 240/240/240
f 248/248/248 247/247/247 249/249/249
f 247/247/247 231/231/231 249/249/249
f 250/250/250 231/231/231 232/232/232
f 249/249/249 231/231/231 250/250/250
f 246/246/246 244/244/244 248/248/248
f 251/251/251 248/248/248 249/249/249
f 252/252/252 246/246/246 253/253/253
f 248/248/248 253/253/253 246/246/246
f 252/252/252 245/245/245 246/246/246
f 245/245/245 252/252/252 254/254/254
f 252/252/252 253/253/253 254/254/254
f 253/253/253 248/248/248 255/255/255
f 255/255/255 248/248/248 251/251/251
f 256/256/256 253/253/253 255/255/255
f 253/253/253 256/256/256 254/254/254
f 257/257/257 254/254/254 256/256/256
f 243/243/243 245/245/245 258/258/258
f 258/258/258 245/245/245 254/254/254
f 243/243/243 258/258/258 259/259/259
f 258/258/258 254/254/254 260/260/260
f 259/259/259 258/258/258 260/260/260
f 260/260/260 254/254/254 257/257/257
f 261/261/261 259/259/259 260/260/260
f 259/259/259 261/261/261 262/262/262
f 261/261/261 260/260/260 263/263/263
f 263/263/263 260/260/260 257/257/257
f 264/264/264 262/262/262 261/261/261
f 264/264/264 261/261/261 263/263/263
f 262/262/262 264/264/264 265/265/265
f 262/262/262 265/265/265 266/266/266
f 267/267/267 264/264/264 263/263/263
f 266/266/266 265/265/265 268/268/268
f 264/264/264 267/267/267 269/269/269
f 265/265/265 269/269/269 268/268/268
f 265/265/265 264/264/264 269/269/269
f 263/263/263 257/257/257 256/256/256
f 256/256/256 270/270/270 263/263/263
f 267/267/267 263/263/263 270/270/270
f 267/267/267 270/270/270 269/269/269
f 270/270/270 271/271/271 269/269/269
f 272/272/272 269/269/269 271/271/271
f 271/271/271 270/270/270 273/273/273
f 270/270/270 256/256/256 273/273/273
f 268/268/268 269/269/269 272/272/272
f 274/274/274 268/268/268 272/272/272
f 274/274/274 272/272/272 271/271/271
f 271/271/271 275/275/275 274/274/274
f 276/276/276 274/274/274 275/275/275
f 275/275/275 271/271/271 277/277/168
f 276/276/276 278/278/277 274/274/274
f 279/279/278 271/271/271 273/273/273
f 277/277/168 271/271/271 279/279/278
f 277/277/168 279/279/278 280/280/151
f 278/278/277 281/281/279 274/274/274
f 281/281/279 268/268/268 274/274/274
f 281/281/279 266/266/266 268/268/268
f 266/266/266 281/281/279 282/282/180
f 278/278/277 282/282/180 281/281/279
f 280/280/151 279/279/278 283/283/280
f 280/280/151 283/283/280 284/284/149
f 279/279/278 273/273/273 285/285/281
f 283/283/280 279/279/278 285/285/281
f 284/284/149 283/283/280 286/286/282
f 287/287/283 284/284/149 286/286/282
f 286/286/282 283/283/280 288/288/284
f 283/283/280 285/285/281 288/288/284
f 273/273/273 256/256/256 289/289/285
f 289/289/285 256/256/256 255/255/255
f 273/273/273 289/289/285 285/285/281
f 285/285/281 290/290/286 288/288/284
f 285/285/281 289/289/285 290/290/286
f 289/289/285 255/255/255 291/291/287
f 290/290/286 289/289/285 291/291/287
f 255/255/255 251/251/251 291/291/287
f 288/288/284 290/290/286 292/292/288
f 292/292/288 290/290/286 293/293/289
f 290/290/286 291/291/287 293/293/289
f 291/291/287 294/294/290 293/293/289
f 291/291/287 251/251/251 294/294/290
f 294/294/290 251/251/251 295/295/291
f 251/251/251 249/249/249 295/295/291
f 249/249/249 250/250/250 295/295/291
f 293/293/289 294/294/290 296/296/292
f 296/296/292 294/294/290 297/297/293
f 294/294/290 295/295/291 297/297/293
f 295/295/291 298/298/294 297/297/293
f 295/295/291 250/250/250 298/298/294
f 299/299/295 250/250/250 232/232/232
f 298/298/294 250/250/250 299/299/295
f 297/297/293 298/298/294 300/300/296
f 232/232/232 301/301/297 299/299/295
f 232/232/232 211/211/211 301/301/297
f 301/301/297 211/211/211 208/208/208
f 301/301/297 208/208/208 206/206/206
f 300/300/296 298/298/294 302/302/298
f 302/302/298 298/298/294 299/299/295
f 303/303/299 301/301/297 206/206/206
f 299/299/295 303/303/299 302/302/298
f 299/299/295 301/301/297 303/303/299
f 303/303/299 206/206/206 304/304/300
f 206/206/206 163/163/163 304/304/300
f 304/304/300 163/163/163 161/161/161
f 157/157/157 304/304/300 161/161/161
f 157/157/157 305/305/301 304/304/300
f 302/302/298 303/303/299 305/305/301
f 305/305/301 303/303/299 304/304/300
f 157/157/157 159/159/159 306/306/302
f 306/306/302 305/305/301 157/157/157
f 306/306/302 159/159/159 307/307/303
f 306/306/302 307/307/303 308/308/304
f 306/306/302 302/302/298 305/305/301
f 306/306/302 300/300/296 302/302/298
f 309/309/305 300/300/296 306/306/302
f 306/306/302 308/308/304 309/309/305
f 308/308/304 310/310/306 309/309/305
f 309/309/305 310/310/306 311/311/307
f 309/309/305 297/297/293 300/300/296
f 309/309/305 296/296/292 297/297/293
f 312/312/308 296/296/292 309/309/305
f 309/309/305 311/311/307 312/312/308
f 312/312/308 311/311/307 313/313/309
f 312/312/308 313/313/309 314/314/310
f 312/312/308 293/293/289 296/296/292
f 312/312/308 292/292/288 293/293/289
f 312/312/308 314/314/310 315/315/311
f 315/315/311 292/292/288 312/312/308
f 315/315/311 314/314/310 316/316/312
f 315/315/311 316/316/312 317/317/313
f 318/318/314 315/315/311 317/317/313
f 318/318/314 288/288/284 292/292/288
f 318/318/314 286/286/282 288/288/284
f 315/315/311 318/318/314 292/292/288
f 318/318/314 287/287/283 286/286/282
f 318/318/314 317/317/313 319/319/315
f 287/287/283 318/318/314 320/320/316
f 318/318/314 319/319/315 320/320/316
f 321/321/317 322/322/318 323/323/319
f 323/323/319 322/322/318 324/324/320
f 323/323/319 324/324/320 325/325/321
f 326/326/322 322/322/318 321/321/317
f 327/327/323 326/326/322 321/321/317
f 326/326/322 328/328/324 322/322/318
f 322/322/318 328/328/324 324/324/320
f 325/325/321 324/324/320 329/329/325
f 330/330/326 325/325/321 329/329/325
f 324/324/320 331/331/327 329/329/325
f 324/324/320 328/328/324 331/331/327
f 330/330/326 329/329/325 332/332/328
f 330/330/326 332/332/328 333/333/329
f 332/332/328 329/329/325 334/334/330
f 329/329/325 331/331/327 334/334/330
f 328/328/324 335/335/331 331/331/327
f 331/331/327 335/335/331 336/336/332
f 331/331/327 336/336/332 334/334/330
f 332/332/328 334/334/330 337/337/333
f 338/338/334 328/328/324 326/326/322
f 338/338/334 335/335/331 328/328/324
f 334/334/330 336/336/332 339/339/335
f 337/337/333 334/334/330 339/339/335
f 340/340/336 326/326/322 327/327/323
f 340/340/336 338/338/334 326/326/322
f 340/340/336 327/327/323 341/341/337
f 342/342/338 340/340/336 341/341/337
f 343/343/339 342/342/338 341/341/337
f 344/344/340 340/340/336 342/342/338
f 344/344/340 338/338/334 340/340/336
f 344/344/340 345/345/341 338/338/334
f 345/345/341 335/335/331 338/338/334
f 346/346/342 344/344/340 342/342/338
f 347/347/343 336/336/332 335/335/331
f 335/335/331 345/345/341 347/347/343
f 348/348/344 344/344/340 346/346/342
f 348/348/344 345/345/341 344/344/340
f 347/347/343 345/345/341 349/349/345
f 345/345/341 348/348/344 349/349/345
f 346/346/342 342/342/338 350/350/346
f 350/350/346 342/342/338 343/343/339
f 351/351/347 348/348/344 346/346/342
f 350/350/346 343/343/339 352/352/348
f 351/351/347 346/346/342 353/353/349
f 353/353/349 346/346/342 350/350/346
f 354/354/350 351/351/347 353/353/349
f 349/349/345 348/348/344 355/355/351
f 348/348/344 351/351/347 355/355/351
f 354/354/350 356/356/352 351/351/347
f 351/351/347 356/356/352 355/355/351
f 357/357/353 349/349/345 355/355/351
f 358/358/354 357/357/353 355/355/351
f 358/358/354 355/355/351 356/356/352
f 354/354/350 353/353/349 359/359/355
f 359/359/355 356/356/352 354/354/350
f 359/359/355 353/353/349 360/360/356
f 353/353/349 350/350/346 360/360/356
f 357/357/353 358/358/354 361/361/357
f 362/362/358 360/360/356 350/350/346
f 357/357/353 361/361/357 363/363/359
f 364/364/360 363/363/359 361/361/357
f 358/358/354 365/365/361 361/361/357
f 361/361/357 365/365/361 366/366/362
f 367/367/363 365/365/361 358/358/354
f 356/356/352 367/367/363 358/358/354
f 367/367/363 356/356/352 359/359/355
f 368/368/364 367/367/363 359/359/355
f 368/368/364 359/359/355 369/369/365
f 367/367/363 370/370/366 365/365/361
f 365/365/361 370/370/366 366/366/362
f 359/359/355 360/360/356 369/369/365
f 368/368/364 369/369/365 371/371/367
f 360/360/356 372/372/368 369/369/365
f 371/371/367 369/369/365 373/373/369
f 369/369/365 372/372/368 374/374/370
f 375/375/371 373/373/369 369/369/365
f 369/369/365 374/374/370 375/375/371
f 360/360/356 362/362/358 372/372/368
f 374/374/370 372/372/368 376/376/372
f 377/377/373 372/372/368 362/362/358
f 372/372/368 378/378/374 376/376/372
f 376/376/372 378/378/374 379/379/375
f 380/380/376 372/372/368 377/377/373
f 380/380/376 378/378/374 372/372/368
f 379/379/375 378/378/374 381/381/377
f 382/382/378 378/378/374 380/380/376
f 378/378/374 383/383/379 381/381/377
f 381/381/377 383/383/379 384/384/380
f 382/382/378 383/383/379 378/378/374
f 383/383/379 385/385/381 384/384/380
f 384/384/380 385/385/381 386/386/382
f 387/387/383 385/385/381 383/383/379
f 387/387/383 383/383/379 382/382/378
f 386/386/382 385/385/381 388/388/384
f 385/385/381 389/389/385 388/388/384
f 388/388/384 389/389/385 390/390/386
f 391/391/387 389/389/385 385/385/381
f 391/391/387 385/385/381 387/387/383
f 390/390/386 389/389/385 392/392/388
f 393/393/389 389/389/385 391/391/387
f 389/389/385 394/394/390 392/392/388
f 392/392/388 394/394/390 395/395/391
f 393/393/389 394/394/390 389/389/385
f 395/395/391 394/394/390 396/396/392
f 397/397/393 394/394/390 393/393/389
f 394/394/390 398/398/394 396/396/392
f 396/396/392 398/398/394 399/399/395
f 397/397/393 398/398/394 394/394/390
f 399/399/395 398/398/394 400/400/396
f 401/401/397 398/398/394 397/397/393
f 398/398/394 402/402/398 400/400/396
f 400/400/396 402/402/398 403/403/399
f 401/401/397 402/402/398 398/398/394
f 403/403/399 402/402/398 404/404/400
f 405/405/401 402/402/398 401/401/397
f 402/402/398 406/406/402 404/404/400
f 404/404/400 406/406/402 407/407/403
f 408/408/404 402/402/398 405/405/401
f 402/402/398 408/408/404 406/406/402
f 406/406/402 409/409/405 407/407/403
f 410/410/406 407/407/403 409/409/405
f 408/408/404 409/409/405 406/406/402
f 411/411/407 410/410/406 409/409/405
f 412/412/408 409/409/405 408/408/404
f 413/413/409 411/411/407 409/409/405
f 411/411/407 413/413/409 414/414/410
f 412/412/408 413/413/409 409/409/405
f 414/414/410 413/413/409 415/415/411
f 416/416/412 413/413/409 412/412/408
f 413/413/409 417/417/413 415/415/411
f 415/415/411 417/417/413 418/418/414
f 416/416/412 417/417/413 413/413/409
f 418/418/414 417/417/413 419/419/415
f 420/420/416 417/417/413 416/416/412
f 417/417/413 421/421/417 419/419/415
f 419/419/415 421/421/417 422/422/418
f 420/420/416 421/421/417 417/417/413
f 422/422/418 421/421/417 423/423/419
f 424/424/420 421/421/417 420/420/416
f 421/421/417 425/425/421 423/423/419
f 423/423/419 425/425/421 426/426/422
f 424/424/420 425/425/421 421/421/417
f 425/425/421 427/427/423 426/426/422
f 426/426/422 427/427/423 428/428/424
f 429/429/425 427/427/423 425/425/421
f 429/429/425 425/425/421 424/424/420
f 428/428/424 427/427/423 430/430/426
f 427/427/423 431/431/427 430/430/426
f 430/430/426 431/431/427 352/352/348
f 432/432/428 431/431/427 427/427/423
f 432/432/428 427/427/423 429/429/425
f 429/429/425 433/433/429 432/432/428
f 434/434/430 433/433/429 429/429/425
f 431/431/427 362/362/358 352/352/348
f 362/362/358 350/350/346 352/352/348
f 435/435/431 431/431/427 432/432/428
f 435/435/431 362/362/358 431/431/427
f 432/432/428 436/436/432 435/435/431
f 433/433/429 436/436/432 432/432/428
f 436/436/432 437/437/433 435/435/431
f 377/377/373 362/362/358 435/435/431
f 435/435/431 437/437/433 377/377/373
f 437/437/433 438/438/434 377/377/373
f 377/377/373 438/438/434 380/380/376
f 438/438/434 437/437/433 439/439/435
f 438/438/434 440/440/436 380/380/376
f 441/441/437 438/438/434 439/439/435
f 440/440/436 438/438/434 441/441/437
f 380/380/376 440/440/436 382/382/378
f 442/442/438 440/440/436 441/441/437
f 440/440/436 443/443/439 382/382/378
f 444/444/440 442/442/438 441/441/437
f 444/444/440 441/441/437 439/439/435
f 444/444/440 439/439/435 445/445/441
f 445/445/441 442/442/438 444/444/440
f 443/443/439 440/440/436 442/442/438
f 439/439/435 446/446/442 445/445/441
f 445/445/441 447/447/443 442/442/438
f 447/447/443 443/443/439 442/442/438
f 448/448/444 439/439/435 437/437/433
f 446/446/442 439/439/435 448/448/444
f 437/437/433 436/436/432 448/448/444
f 449/449/445 447/447/443 445/445/441
f 445/445/441 446/446/442 449/449/445
f 446/446/442 450/450/446 449/449/445
f 446/446/442 448/448/444 450/450/446
f 448/448/444 436/436/432 451/451/447
f 450/450/446 448/448/444 451/451/447
f 436/436/432 433/433/429 451/451/447
f 451/451/447 433/433/429 452/452/448
f 433/433/429 434/434/430 452/452/448
f 450/450/446 451/451/447 452/452/448
f 450/450/446 452/452/448 453/453/449
f 449/449/445 450/450/446 453/453/449
f 449/449/445 454/454/450 447/447/443
f 453/453/449 454/454/450 449/449/445
f 382/382/378 443/443/439 387/387/383
f 443/443/439 455/455/451 387/387/383
f 454/454/450 455/455/451 447/447/443
f 455/455/451 443/443/439 447/447/443
f 387/387/383 455/455/451 391/391/387
f 453/453/449 456/456/452 454/454/450
f 456/456/452 455/455/451 454/454/450
f 457/457/453 455/455/451 456/456/452
f 391/391/387 457/457/453 393/393/389
f 455/455/451 457/457/453 391/391/387
f 452/452/448 458/458/454 453/453/449
f 393/393/389 459/459/455 397/397/393
f 457/457/453 459/459/455 393/393/389
f 458/458/454 452/452/448 460/460/456
f 452/452/448 434/434/430 460/460/456
f 459/459/455 461/461/457 397/397/393
f 462/462/458 457/457/453 456/456/452
f 459/459/455 457/457/453 462/462/458
f 461/461/457 459/459/455 462/462/458
f 397/397/393 461/461/457 401/401/397
f 463/463/459 461/461/457 462/462/458
f 461/461/457 464/464/460 401/401/397
f 464/464/460 461/461/457 465/465/461
f 465/465/461 461/461/457 463/463/459
f 401/401/397 464/464/460 405/405/401
f 464/464/460 466/466/462 405/405/401
f 405/405/401 466/466/462 408/408/404
f 466/466/462 464/464/460 467/467/463
f 467/467/463 464/464/460 465/465/461
f 468/468/464 466/466/462 467/467/463
f 408/408/404 469/469/465 412/412/408
f 466/466/462 469/469/465 408/408/404
f 469/469/465 466/466/462 468/468/464
f 469/469/465 470/470/466 412/412/408
f 470/470/466 469/469/465 471/471/467
f 471/471/467 469/469/465 468/468/464
f 416/416/412 412/412/408 470/470/466
f 472/472/468 470/470/466 471/471/467
f 473/473/469 471/471/467 468/468/464
f 474/474/470 416/416/412 470/470/466
f 473/473/469 468/468/464 467/467/463
f 473/473/469 467/467/463 471/471/467
f 471/471/467 467/467/463 475/475/471
f 475/475/471 472/472/468 471/471/467
f 467/467/463 476/476/472 475/475/471
f 476/476/472 467/467/463 465/465/461
f 474/474/470 470/470/466 472/472/468
f 477/477/473 474/474/470 472/472/468
f 475/475/471 477/477/473 472/472/468
f 478/478/474 475/475/471 476/476/472
f 478/478/474 477/477/473 475/475/471
f 479/479/475 478/478/474 476/476/472
f 479/479/475 465/465/461 463/463/459
f 476/476/472 465/465/461 479/479/475
f 474/474/470 480/480/476 416/416/412
f 416/416/412 480/480/476 420/420/416
f 480/480/476 474/474/470 477/477/473
f 478/478/474 481/481/477 477/477/473
f 481/481/477 480/480/476 477/477/473
f 480/480/476 482/482/478 420/420/416
f 482/482/478 480/480/476 481/481/477
f 420/420/416 482/482/478 424/424/420
f 479/479/475 463/463/459 462/462/458
f 482/482/478 483/483/479 424/424/420
f 479/479/475 462/462/458 484/484/480
f 484/484/480 485/485/481 479/479/475
f 485/485/481 481/481/477 478/478/474
f 485/485/481 478/478/474 479/479/475
f 484/484/480 462/462/458 456/456/452
f 484/484/480 456/456/452 453/453/449
f 453/453/449 458/458/454 484/484/480
f 458/458/454 485/485/481 484/484/480
f 485/485/481 486/486/482 481/481/477
f 486/486/482 482/482/478 481/481/477
f 483/483/479 482/482/478 486/486/482
f 458/458/454 460/460/456 485/485/481
f 485/485/481 460/460/456 486/486/482
f 460/460/456 483/483/479 486/486/482
f 434/434/430 483/483/479 460/460/456
f 424/424/420 483/483/479 429/429/425
f 483/483/479 434/434/430 429/429/425
f 375/375/371 374/374/370 487/487/483
f 488/488/484 487/487/483 489/489/485
f 490/490/486 487/487/483 488/488/484
f 375/375/371 487/487/483 490/490/486
f 488/488/484 489/489/485 491/491/487
f 491/491/487 489/489/485 492/492/488
f 491/491/487 490/490/486 488/488/484
f 491/491/487 492/492/488 493/493/489
f 492/492/488 494/494/490 493/493/489
f 493/493/489 494/494/490 495/495/491
f 494/494/490 496/496/492 495/495/491
f 497/497/493 493/493/489 495/495/491
f 495/495/491 496/496/492 498/498/494
f 498/498/494 496/496/492 499/499/495
f 499/499/495 500/500/496 498/498/494
f 497/497/493 495/495/491 498/498/494
f 500/500/496 501/501/497 498/498/494
f 500/500/496 502/502/498 501/501/497
f 498/498/494 503/503/499 497/497/493
f 502/502/498 504/504/500 501/501/497
f 505/505/501 504/504/500 502/502/498
f 501/501/497 506/506/502 498/498/494
f 498/498/494 506/506/502 503/503/499
f 506/506/502 501/501/497 504/504/500
f 504/504/500 505/505/501 507/507/503
f 508/508/504 504/504/500 507/507/503
f 508/508/504 507/507/503 509/509/505
f 509/509/505 510/510/506 508/508/504
f 506/506/502 511/511/507 512/512/508
f 506/506/502 504/504/500 511/511/507
f 508/508/504 511/511/507 504/504/500
f 508/508/504 510/510/506 513/513/509
f 513/513/509 510/510/506 514/514/510
f 515/515/511 511/511/507 508/508/504
f 513/513/509 514/514/510 516/516/512
f 516/516/512 514/514/510 517/517/513
f 513/513/509 516/516/512 518/518/514
f 518/518/514 515/515/511 508/508/504
f 508/508/504 513/513/509 518/518/514
f 516/516/512 517/517/513 519/519/515
f 517/517/513 520/520/516 519/519/515
f 519/519/515 520/520/516 521/521/517
f 520/520/516 522/522/518 521/521/517
f 521/521/517 522/522/518 523/523/519
f 521/521/517 523/523/519 519/519/515
f 523/523/519 522/522/518 524/524/520
f 522/522/518 525/525/521 524/524/520
f 526/526/522 518/518/514 516/516/512
f 519/519/515 526/526/522 516/516/512
f 519/519/515 523/523/519 527/527/523
f 527/527/523 526/526/522 519/519/515
f 526/526/522 528/528/524 518/518/514
f 527/527/523 529/529/525 526/526/522
f 529/529/525 528/528/524 526/526/522
f 528/528/524 515/515/511 518/518/514
f 515/515/511 530/530/526 511/511/507
f 512/512/508 511/511/507 530/530/526
f 528/528/524 531/531/527 515/515/511
f 531/531/527 532/532/528 515/515/511
f 515/515/511 532/532/528 530/530/526
f 533/533/529 530/530/526 532/532/528
f 533/533/529 512/512/508 530/530/526
f 506/506/502 512/512/508 503/503/499
f 534/534/530 533/533/529 532/532/528
f 512/512/508 533/533/529 503/503/499
f 503/503/499 533/533/529 535/535/531
f 493/493/489 497/497/493 536/536/532
f 493/493/489 536/536/532 491/491/487
f 497/497/493 537/537/533 536/536/532
f 503/503/499 535/535/531 537/537/533
f 497/497/493 503/503/499 537/537/533
f 538/538/534 490/490/486 491/491/487
f 491/491/487 536/536/532 538/538/534
f 536/536/532 539/539/535 538/538/534
f 536/536/532 537/537/533 539/539/535
f 538/538/534 539/539/535 540/540/536
f 538/538/534 540/540/536 490/490/486
f 540/540/536 541/541/537 490/490/486
f 490/490/486 541/541/537 375/375/371
f 541/541/537 373/373/369 375/375/371
f 539/539/535 542/542/538 540/540/536
f 541/541/537 371/371/367 373/373/369
f 543/543/539 371/371/367 541/541/537
f 540/540/536 543/543/539 541/541/537
f 542/542/538 543/543/539 540/540/536
f 537/537/533 544/544/540 539/539/535
f 539/539/535 544/544/540 542/542/538
f 544/544/540 545/545/541 542/542/538
f 542/542/538 545/545/541 543/543/539
f 537/537/533 535/535/531 544/544/540
f 535/535/531 546/546/542 544/544/540
f 545/545/541 544/544/540 546/546/542
f 371/371/367 543/543/539 547/547/543
f 545/545/541 547/547/543 543/543/539
f 546/546/542 548/548/544 545/545/541
f 545/545/541 548/548/544 549/549/545
f 549/549/545 547/547/543 545/545/541
f 550/550/546 547/547/543 549/549/545
f 371/371/367 551/551/547 368/368/364
f 551/551/547 367/367/363 368/368/364
f 551/551/547 371/371/367 547/547/543
f 551/551/547 547/547/543 550/550/546
f 550/550/546 549/549/545 552/552/548
f 551/551/547 550/550/546 552/552/548
f 553/553/549 551/551/547 552/552/548
f 551/551/547 553/553/549 554/554/550
f 370/370/366 367/367/363 554/554/550
f 367/367/363 551/551/547 554/554/550
f 552/552/548 549/549/545 555/555/551
f 556/556/552 370/370/366 554/554/550
f 548/548/544 555/555/551 549/549/545
f 553/553/549 552/552/548 557/557/553
f 552/552/548 555/555/551 557/557/553
f 555/555/551 558/558/554 557/557/553
f 548/548/544 558/558/554 555/555/551
f 556/556/552 554/554/550 559/559/555
f 553/553/549 557/557/553 560/560/556
f 554/554/550 553/553/549 560/560/556
f 560/560/556 561/561/557 554/554/550
f 554/554/550 561/561/557 559/559/555
f 562/562/558 556/556/552 559/559/555
f 562/562/558 559/559/555 563/563/559
f 563/563/559 559/559/555 561/561/557
f 564/564/560 561/561/557 560/560/556
f 561/561/557 565/565/561 563/563/559
f 565/565/561 561/561/557 564/564/560
f 560/560/556 557/557/553 566/566/562
f 560/560/556 566/566/562 564/564/560
f 563/563/559 565/565/561 567/567/563
f 565/565/561 568/568/564 567/567/563
f 565/565/561 564/564/560 568/568/564
f 569/569/565 563/563/559 567/567/563
f 562/562/558 563/563/559 569/569/565
f 567/567/563 568/568/564 570/570/566
f 571/571/567 567/567/563 570/570/566
f 569/569/565 567/567/563 571/571/567
f 572/572/568 562/562/558 569/569/565
f 572/572/568 569/569/565 573/573/569
f 573/573/569 569/569/565 571/571/567
f 574/574/570 556/556/552 562/562/558
f 574/574/570 562/562/558 572/572/568
f 575/575/571 572/572/568 573/573/569
f 576/576/572 370/370/366 556/556/552
f 366/366/362 370/370/366 576/576/572
f 556/556/552 574/574/570 576/576/572
f 577/577/573 572/572/568 575/575/571
f 577/577/573 574/574/570 572/572/568
f 574/574/570 577/577/573 578/578/574
f 574/574/570 578/578/574 576/576/572
f 578/578/574 579/579/575 576/576/572
f 364/364/360 361/361/357 366/366/362
f 579/579/575 580/580/576 576/576/572
f 580/580/576 366/366/362 576/576/572
f 581/581/577 366/366/362 580/580/576
f 364/364/360 366/366/362 581/581/577
f 582/582/578 580/580/576 579/579/575
f 578/578/574 582/582/578 579/579/575
f 364/364/360 583/583/579 363/363/359
f 364/364/360 584/584/580 583/583/579
f 581/581/577 584/584/580 364/364/360
f 585/585/581 583/583/579 584/584/580
f 583/583/579 586/586/582 363/363/359
f 357/357/353 363/363/359 586/586/582
f 581/581/577 580/580/576 587/587/583
f 582/582/578 587/587/583 580/580/576
f 587/587/583 584/584/580 581/581/577
f 587/587/583 588/588/584 584/584/580
f 584/584/580 588/588/584 585/585/581
f 589/589/585 588/588/584 587/587/583
f 589/589/585 587/587/583 582/582/578
f 585/585/581 588/588/584 590/590/586
f 591/591/587 590/590/586 588/588/584
f 589/589/585 591/591/587 588/588/584
f 592/592/588 593/593/589 585/585/581
f 590/590/586 592/592/588 585/585/581
f 594/594/590 593/593/589 592/592/588
f 585/585/581 595/595/591 583/583/579
f 593/593/589 595/595/591 585/585/581
f 594/594/590 596/596/592 593/593/589
f 593/593/589 596/596/592 595/595/591
f 597/597/593 583/583/579 595/595/591
f 596/596/592 597/597/593 595/595/591
f 594/594/590 598/598/594 596/596/592
f 583/583/579 599/599/595 586/586/582
f 599/599/595 583/583/579 597/597/593
f 600/600/596 598/598/594 594/594/590
f 600/600/596 601/601/597 598/598/594
f 602/602/598 597/597/593 596/596/592
f 596/596/592 598/598/594 603/603/599
f 597/597/593 604/604/600 599/599/595
f 602/602/598 604/604/600 597/597/593
f 602/602/598 596/596/592 605/605/601
f 605/605/601 596/596/592 603/603/599
f 598/598/594 601/601/597 606/606/602
f 603/603/599 598/598/594 606/606/602
f 604/604/600 602/602/598 607/607/603
f 607/607/603 602/602/598 605/605/601
f 608/608/604 604/604/600 607/607/603
f 604/604/600 608/608/604 609/609/605
f 609/609/605 608/608/604 610/610/606
f 582/582/578 611/611/607 589/589/585
f 610/610/606 608/608/604 611/611/607
f 612/612/608 605/605/601 603/603/599
f 607/607/603 605/605/601 612/612/608
f 608/608/604 613/613/609 611/611/607
f 607/607/603 613/613/609 608/608/604
f 613/613/609 591/591/587 589/589/585
f 611/611/607 613/613/609 589/589/585
f 613/613/609 614/614/610 591/591/587
f 614/614/610 613/613/609 607/607/603
f 607/607/603 612/612/608 614/614/610
f 614/614/610 590/590/586 591/591/587
f 614/614/610 612/612/608 590/590/586
f 615/615/611 592/592/588 590/590/586
f 590/590/586 612/612/608 615/615/611
f 615/615/611 594/594/590 592/592/588
f 616/616/612 612/612/608 603/603/599
f 612/612/608 616/616/612 615/615/611
f 615/615/611 616/616/612 594/594/590
f 617/617/613 600/600/596 594/594/590
f 616/616/612 617/617/613 594/594/590
f 618/618/614 601/601/597 600/600/596
f 618/618/614 600/600/596 617/617/613
f 617/617/613 606/606/602 618/618/614
f 603/603/599 606/606/602 616/616/612
f 616/616/612 606/606/602 617/617/613
f 606/606/602 601/601/597 618/618/614
f 619/619/615 611/611/607 582/582/578
f 611/611/607 619/619/615 610/610/606
f 610/610/606 620/620/616 609/609/605
f 619/619/615 620/620/616 610/610/606
f 621/621/617 619/619/615 582/582/578
f 620/620/616 622/622/618 609/609/605
f 623/623/619 620/620/616 619/619/615
f 623/623/619 619/619/615 621/621/617
f 623/623/619 570/570/566 568/568/564
f 621/621/617 582/582/578 624/624/620
f 623/623/619 624/624/620 570/570/566
f 623/623/619 621/621/617 624/624/620
f 582/582/578 578/578/574 625/625/621
f 625/625/621 624/624/620 582/582/578
f 577/577/573 626/626/622 578/578/574
f 625/625/621 578/578/574 626/626/622
f 577/577/573 575/575/571 626/626/622
f 623/623/619 627/627/623 620/620/616
f 564/564/560 627/627/623 568/568/564
f 568/568/564 627/627/623 623/623/619
f 626/626/622 575/575/571 625/625/621
f 575/575/571 573/573/569 628/628/624
f 625/625/621 575/575/571 628/628/624
f 628/628/624 624/624/620 625/625/621
f 628/628/624 573/573/569 629/629/625
f 573/573/569 571/571/567 629/629/625
f 624/624/620 628/628/624 629/629/625
f 571/571/567 570/570/566 629/629/625
f 624/624/620 629/629/625 570/570/566
f 564/564/560 630/630/626 627/627/623
f 620/620/616 627/627/623 631/631/627
f 631/631/627 627/627/623 630/630/626
f 564/564/560 632/632/628 630/630/626
f 564/564/560 566/566/562 632/632/628
f 620/620/616 631/631/627 622/622/618
f 633/633/629 631/631/627 630/630/626
f 622/622/618 631/631/627 633/633/629
f 622/622/618 634/634/630 609/609/605
f 634/634/630 604/604/600 609/609/605
f 634/634/630 622/622/618 635/635/631
f 622/622/618 633/633/629 635/635/631
f 636/636/632 599/599/595 604/604/600
f 634/634/630 636/636/632 604/604/600
f 636/636/632 634/634/630 635/635/631
f 586/586/582 599/599/595 637/637/633
f 637/637/633 599/599/595 636/636/632
f 637/637/633 636/636/632 638/638/634
f 636/636/632 635/635/631 638/638/634
f 639/639/635 357/357/353 586/586/582
f 357/357/353 639/639/635 349/349/345
f 639/639/635 347/347/343 349/349/345
f 639/639/635 586/586/582 637/637/633
f 640/640/636 639/639/635 637/637/633
f 640/640/636 347/347/343 639/639/635
f 637/637/633 638/638/634 640/640/636
f 638/638/634 347/347/343 640/640/636
f 641/641/637 638/638/634 635/635/631
f 641/641/637 336/336/332 347/347/343
f 641/641/637 339/339/335 336/336/332
f 641/641/637 347/347/343 638/638/634
f 642/642/638 641/641/637 635/635/631
f 642/642/638 339/339/335 641/641/637
f 337/337/333 339/339/335 643/643/639
f 642/642/638 643/643/639 339/339/335
f 642/642/638 635/635/631 633/633/629
f 642/642/638 644/644/640 643/643/639
f 644/644/640 642/642/638 633/633/629
f 633/633/629 630/630/626 644/644/640
f 643/643/639 644/644/640 645/645/641
f 645/645/641 644/644/640 646/646/642
f 646/646/642 644/644/640 630/630/626
f 647/647/643 337/337/333 643/643/639
f 647/647/643 643/643/639 645/645/641
f 648/648/644 332/332/328 337/337/333
f 333/333/329 332/332/328 648/648/644
f 648/648/644 337/337/333 647/647/643
f 649/649/645 333/333/329 648/648/644
f 650/650/646 648/648/644 647/647/643
f 646/646/642 647/647/643 645/645/641
f 650/650/646 647/647/643 646/646/642
f 524/524/520 525/525/521 651/651/647
f 651/651/647 650/650/646 646/646/642
f 652/652/648 630/630/626 632/632/628
f 651/651/647 646/646/642 652/652/648
f 646/646/642 630/630/626 652/652/648
f 652/652/648 632/632/628 653/653/649
f 653/653/649 651/651/647 652/652/648
f 654/654/650 651/651/647 653/653/649
f 651/651/647 654/654/650 524/524/520
f 655/655/651 653/653/649 632/632/628
f 656/656/652 655/655/651 632/632/628
f 557/557/553 657/657/653 566/566/562
f 657/657/653 656/656/652 632/632/628
f 657/657/653 632/632/628 566/566/562
f 657/657/653 658/658/654 656/656/652
f 658/658/654 655/655/651 656/656/652
f 659/659/655 658/658/654 657/657/653
f 557/557/553 659/659/655 657/657/653
f 655/655/651 660/660/656 653/653/649
f 660/660/656 655/655/651 661/661/657
f 661/661/657 655/655/651 658/658/654
f 658/658/654 659/659/655 662/662/658
f 658/658/654 662/662/658 661/661/657
f 661/661/657 662/662/658 663/663/659
f 662/662/658 664/664/660 663/663/659
f 663/663/659 665/665/661 661/661/657
f 662/662/658 666/666/662 664/664/660
f 660/660/656 661/661/657 667/667/663
f 667/667/663 661/661/657 665/665/661
f 668/668/664 660/660/656 667/667/663
f 659/659/655 669/669/665 662/662/658
f 557/557/553 669/669/665 659/659/655
f 654/654/650 653/653/649 670/670/666
f 524/524/520 670/670/666 523/523/519
f 524/524/520 654/654/650 670/670/666
f 670/670/666 653/653/649 660/660/656
f 670/670/666 660/660/656 668/668/664
f 523/523/519 670/670/666 668/668/664
f 523/523/519 668/668/664 527/527/523
f 525/525/521 671/671/667 651/651/647
f 651/651/647 671/671/667 650/650/646
f 668/668/664 529/529/525 527/527/523
f 668/668/664 667/667/663 529/529/525
f 667/667/663 665/665/661 529/529/525
f 529/529/525 665/665/661 528/528/524
f 665/665/661 531/531/527 528/528/524
f 665/665/661 663/663/659 531/531/527
f 531/531/527 534/534/530 532/532/528
f 531/531/527 672/672/668 534/534/530
f 531/531/527 663/663/659 672/672/668
f 663/663/659 664/664/660 672/672/668
f 673/673/669 674/674/670 672/672/668
f 673/673/669 672/672/668 664/664/660
f 675/675/671 533/533/529 534/534/530
f 533/533/529 675/675/671 535/535/531
f 672/672/668 675/675/671 534/534/530
f 674/674/670 675/675/671 672/672/668
f 675/675/671 674/674/670 535/535/531
f 674/674/670 546/546/542 535/535/531
f 546/546/542 673/673/669 548/548/544
f 674/674/670 673/673/669 546/546/542
f 673/673/669 664/664/660 676/676/672
f 673/673/669 676/676/672 548/548/544
f 677/677/673 664/664/660 666/666/662
f 676/676/672 664/664/660 677/677/673
f 676/676/672 677/677/673 548/548/544
f 662/662/658 678/678/674 666/666/662
f 677/677/673 666/666/662 678/678/674
f 677/677/673 679/679/675 548/548/544
f 677/677/673 678/678/674 679/679/675
f 680/680/676 662/662/658 669/669/665
f 680/680/676 678/678/674 662/662/658
f 679/679/675 678/678/674 681/681/677
f 680/680/676 681/681/677 678/678/674
f 679/679/675 681/681/677 682/682/678
f 558/558/554 548/548/544 682/682/678
f 548/548/544 679/679/675 682/682/678
f 682/682/678 681/681/677 680/680/676
f 557/557/553 680/680/676 669/669/665
f 558/558/554 682/682/678 557/557/553
f 682/682/678 680/680/676 557/557/553
f 683/683/679 684/684/680 685/685/681
f 685/685/681 686/686/682 683/683/679
f 685/685/681 684/684/680 687/687/683
f 687/687/683 684/684/680 688/688/684
f 685/685/681 689/689/685 686/686/682
f 689/689/685 690/690/686 686/686/682
f 687/687/683 688/688/684 691/691/687
f 691/691/687 688/688/684 692/692/688
f 687/687/683 691/691/687 693/693/689
f 685/685/681 687/687/683 693/693/689
f 691/691/687 692/692/688 694/694/690
f 692/692/688 695/695/691 694/694/690
f 694/694/690 695/695/691 696/696/692
f 695/695/691 697/697/693 696/696/692
f 696/696/692 697/697/693 698/698/694
f 696/696/692 698/698/694 694/694/690
f 694/694/690 699/699/695 691/691/687
f 697/697/693 700/700/696 701/701/697
f 698/698/694 697/697/693 701/701/697
f 694/694/690 698/698/694 702/702/698
f 702/702/698 699/699/695 694/694/690
f 699/699/695 693/693/689 691/691/687
f 702/702/698 703/703/699 699/699/695
f 703/703/699 704/704/700 699/699/695
f 699/699/695 704/704/700 693/693/689
f 693/693/689 705/705/701 685/685/681
f 704/704/700 705/705/701 693/693/689
f 685/685/681 706/706/702 689/689/685
f 705/705/701 706/706/702 685/685/681
f 705/705/701 707/707/703 706/706/702
f 704/704/700 708/708/704 705/705/701
f 705/705/701 709/709/705 707/707/703
f 708/708/704 709/709/705 705/705/701
f 710/710/706 706/706/702 707/707/703
f 711/711/707 710/710/706 707/707/703
f 711/711/707 707/707/703 709/709/705
f 712/712/708 706/706/702 710/710/706
f 712/712/708 689/689/685 706/706/702
f 689/689/685 713/713/709 690/690/686
f 713/713/709 689/689/685 712/712/708
f 690/690/686 713/713/709 714/714/710
f 715/715/711 714/714/710 713/713/709
f 715/715/711 713/713/709 716/716/712
f 717/717/713 715/715/711 716/716/712
f 716/716/712 718/718/714 717/717/713
f 713/713/709 712/712/708 716/716/712
f 719/719/715 718/718/714 716/716/712
f 720/720/716 718/718/714 719/719/715
f 716/716/712 712/712/708 721/721/717
f 722/722/718 720/720/716 719/719/715
f 723/723/719 720/720/716 722/722/718
f 724/724/720 719/719/715 716/716/712
f 724/724/720 722/722/718 719/719/715
f 716/716/712 721/721/717 724/724/720
f 725/725/721 723/723/719 722/722/718
f 725/725/721 726/726/722 723/723/719
f 727/727/723 726/726/722 725/725/721
f 727/727/723 728/728/724 726/726/722
f 725/725/721 729/729/725 727/727/723
f 729/729/725 728/728/724 727/727/723
f 730/730/726 728/728/724 729/729/725
f 730/730/726 731/731/727 728/728/724
f 722/722/718 724/724/720 732/732/728
f 722/722/718 732/732/728 725/725/721
f 733/733/729 729/729/725 725/725/721
f 725/725/721 732/732/728 733/733/729
f 724/724/720 734/734/730 732/732/728
f 732/732/728 734/734/730 735/735/731
f 732/732/728 735/735/731 733/733/729
f 724/724/720 721/721/717 734/734/730
f 712/712/708 710/710/706 721/721/717
f 721/721/717 736/736/732 734/734/730
f 710/710/706 711/711/707 721/721/717
f 721/721/717 711/711/707 736/736/732
f 737/737/733 711/711/707 709/709/705
f 711/711/707 737/737/733 736/736/732
f 708/708/704 738/738/734 709/709/705
f 737/737/733 709/709/705 738/738/734
f 737/737/733 738/738/734 739/739/735
f 737/737/733 739/739/735 736/736/732
f 739/739/735 738/738/734 740/740/736
f 739/739/735 741/741/737 736/736/732
f 708/708/704 740/740/736 738/738/734
f 736/736/732 741/741/737 742/742/738
f 734/734/730 736/736/732 742/742/738
f 734/734/730 742/742/738 735/735/731
f 733/733/729 743/743/739 729/729/725
f 733/733/729 735/735/731 743/743/739
f 735/735/731 742/742/738 744/744/740
f 735/735/731 744/744/740 743/743/739
f 729/729/725 745/745/741 730/730/726
f 743/743/739 745/745/741 729/729/725
f 744/744/740 746/746/742 743/743/739
f 743/743/739 746/746/742 745/745/741
f 744/744/740 747/747/743 746/746/742
f 742/742/738 747/747/743 744/744/740
f 747/747/743 742/742/738 741/741/737
f 746/746/742 748/748/744 745/745/741
f 739/739/735 749/749/745 741/741/737
f 745/745/741 750/750/746 730/730/726
f 745/745/741 748/748/744 750/750/746
f 747/747/743 751/751/747 746/746/742
f 748/748/744 746/746/742 751/751/747
f 752/752/748 731/731/727 730/730/726
f 730/730/726 750/750/746 752/752/748
f 748/748/744 752/752/748 750/750/746
f 753/753/749 748/748/744 751/751/747
f 748/748/744 753/753/749 754/754/750
f 754/754/750 752/752/748 748/748/744
f 753/753/749 751/751/747 755/755/751
f 756/756/752 751/751/747 747/747/743
f 755/755/751 751/751/747 756/756/752
f 755/755/751 756/756/752 757/757/753
f 753/753/749 755/755/751 757/757/753
f 758/758/754 753/753/749 757/757/753
f 747/747/743 759/759/755 756/756/752
f 741/741/737 759/759/755 747/747/743
f 741/741/737 749/749/745 759/759/755
f 757/757/753 756/756/752 760/760/756
f 759/759/755 760/760/756 756/756/752
f 749/749/745 761/761/757 759/759/755
f 758/758/754 757/757/753 762/762/758
f 757/757/753 760/760/756 762/762/758
f 761/761/757 763/763/759 759/759/755
f 760/760/756 764/764/760 762/762/758
f 759/759/755 764/764/760 760/760/756
f 763/763/759 765/765/761 759/759/755
f 759/759/755 765/765/761 766/766/762
f 764/764/760 759/759/755 766/766/762
f 765/765/761 767/767/763 766/766/762
f 764/764/760 766/766/762 762/762/758
f 762/762/758 766/766/762 768/768/764
f 766/766/762 767/767/763 768/768/764
f 762/762/758 768/768/764 769/769/765
f 768/768/764 767/767/763 770/770/766
f 763/763/759 770/770/766 765/765/761
f 765/765/761 770/770/766 767/767/763
f 768/768/764 771/771/767 769/769/765
f 768/768/764 770/770/766 771/771/767
f 762/762/758 769/769/765 772/772/768
f 772/772/768 769/769/765 771/771/767
f 763/763/759 773/773/769 770/770/766
f 771/771/767 770/770/766 773/773/769
f 771/771/767 773/773/769 774/774/770
f 763/763/759 774/774/770 773/773/769
f 761/761/757 774/774/770 763/763/759
f 749/749/745 774/774/770 761/761/757
f 749/749/745 739/739/735 740/740/736
f 749/749/745 740/740/736 774/774/770
f 771/771/767 774/774/770 775/775/771
f 775/775/771 774/774/770 740/740/736
f 708/708/704 775/775/771 740/740/736
f 776/776/772 771/771/767 775/775/771
f 777/777/773 775/775/771 708/708/704
f 775/775/771 777/777/773 776/776/772
f 777/777/773 708/708/704 704/704/700
f 703/703/699 777/777/773 704/704/700
f 778/778/774 777/777/773 703/703/699
f 779/779/775 778/778/774 703/703/699
f 698/698/694 779/779/775 702/702/698
f 779/779/775 703/703/699 702/702/698
f 778/778/774 776/776/772 777/777/773
f 701/701/697 780/780/776 698/698/694
f 698/698/694 780/780/776 779/779/775
f 781/781/777 776/776/772 778/778/774
f 780/780/776 781/781/777 779/779/775
f 779/779/775 781/781/777 778/778/774
f 701/701/697 782/782/778 780/780/776
f 780/780/776 783/783/779 781/781/777
f 782/782/778 783/783/779 780/780/776
f 784/784/780 781/781/777 783/783/779
f 781/781/777 784/784/780 776/776/772
f 785/785/781 771/771/767 776/776/772
f 785/785/781 772/772/768 771/771/767
f 776/776/772 784/784/780 785/785/781
f 762/762/758 772/772/768 786/786/782
f 772/772/768 785/785/781 786/786/782
f 785/785/781 784/784/780 787/787/783
f 786/786/782 785/785/781 787/787/783
f 787/787/783 784/784/780 788/788/784
f 786/786/782 787/787/783 788/788/784
f 786/786/782 788/788/784 789/789/785
f 762/762/758 786/786/782 789/789/785
f 784/784/780 783/783/779 788/788/784
f 782/782/778 790/790/786 783/783/779
f 758/758/754 762/762/758 791/791/787
f 791/791/787 762/762/758 789/789/785
f 792/792/788 788/788/784 783/783/779
f 783/783/779 790/790/786 792/792/788
f 790/790/786 782/782/778 701/701/697
f 701/701/697 700/700/696 790/790/786
f 790/790/786 793/793/789 792/792/788
f 700/700/696 794/794/790 790/790/786
f 790/790/786 794/794/790 795/795/791
f 790/790/786 795/795/791 793/793/789
f 796/796/792 794/794/790 700/700/696
f 795/795/791 797/797/793 793/793/789
f 793/793/789 797/797/793 798/798/794
f 796/796/792 799/799/795 794/794/790
f 800/800/796 799/799/795 796/796/792
f 795/795/791 801/801/797 797/797/793
f 802/802/798 799/799/795 800/800/796
f 802/802/798 803/803/799 799/799/795
f 804/804/800 803/803/799 802/802/798
f 805/805/801 803/803/799 804/804/800
f 799/799/795 803/803/799 806/806/802
f 805/805/801 807/807/803 803/803/799
f 808/808/804 807/807/803 805/805/801
f 806/806/802 803/803/799 809/809/805
f 803/803/799 807/807/803 809/809/805
f 810/810/806 807/807/803 808/808/804
f 809/809/805 807/807/803 811/811/807
f 810/810/806 812/812/808 807/807/803
f 813/813/809 812/812/808 810/810/806
f 807/807/803 812/812/808 811/811/807
f 814/814/810 812/812/808 813/813/809
f 811/811/807 812/812/808 815/815/811
f 814/814/810 816/816/812 812/812/808
f 817/817/813 816/816/812 814/814/810
f 812/812/808 816/816/812 818/818/814
f 815/815/811 812/812/808 818/818/814
f 819/819/815 816/816/812 817/817/813
f 819/819/815 820/820/816 816/816/812
f 821/821/817 820/820/816 819/819/815
f 818/818/814 816/816/812 822/822/818
f 816/816/812 820/820/816 822/822/818
f 821/821/817 823/823/819 820/820/816
f 824/824/820 823/823/819 821/821/817
f 820/820/816 823/823/819 822/822/818
f 825/825/821 823/823/819 824/824/820
f 822/822/818 823/823/819 826/826/822
f 825/825/821 827/827/823 823/823/819
f 828/828/824 827/827/823 825/825/821
f 827/827/823 829/829/825 823/823/819
f 826/826/822 823/823/819 829/829/825
f 828/828/824 830/830/826 827/827/823
f 830/830/826 828/828/824 831/831/827
f 827/827/823 830/830/826 829/829/825
f 830/830/826 831/831/827 832/832/828
f 829/829/825 830/830/826 833/833/829
f 830/830/826 832/832/828 834/834/830
f 835/835/831 834/834/830 832/832/828
f 830/830/826 834/834/830 833/833/829
f 835/835/831 836/836/832 834/834/830
f 837/837/833 836/836/832 835/835/831
f 836/836/832 838/838/834 834/834/830
f 833/833/829 834/834/830 838/838/834
f 839/839/835 836/836/832 837/837/833
f 839/839/835 840/840/836 836/836/832
f 841/841/837 840/840/836 839/839/835
f 838/838/834 836/836/832 842/842/838
f 836/836/832 840/840/836 842/842/838
f 843/843/839 840/840/836 841/841/837
f 842/842/838 840/840/836 844/844/840
f 843/843/839 845/845/841 840/840/836
f 846/846/842 845/845/841 843/843/839
f 840/840/836 845/845/841 844/844/840
f 847/847/843 845/845/841 846/846/842
f 844/844/840 845/845/841 848/848/844
f 847/847/843 849/849/845 845/845/841
f 850/850/846 849/849/845 847/847/843
f 845/845/841 849/849/845 848/848/844
f 851/851/847 849/849/845 850/850/846
f 848/848/844 849/849/845 852/852/848
f 851/851/847 853/853/849 849/849/845
f 854/854/850 853/853/849 851/851/847
f 849/849/845 853/853/849 855/855/851
f 852/852/848 849/849/845 855/855/851
f 852/852/848 856/856/852 848/848/844
f 855/855/851 857/857/853 852/852/848
f 852/852/848 857/857/853 856/856/852
f 848/848/844 858/858/854 844/844/840
f 848/848/844 856/856/852 858/858/854
f 854/854/850 859/859/855 853/853/849
f 855/855/851 853/853/849 860/860/856
f 853/853/849 859/859/855 860/860/856
f 844/844/840 861/861/857 842/842/838
f 844/844/840 858/858/854 861/861/857
f 842/842/838 862/862/858 838/838/834
f 842/842/838 861/861/857 862/862/858
f 863/863/859 861/861/857 858/858/854
f 863/863/859 858/858/854 864/864/860
f 863/863/859 862/862/858 861/861/857
f 865/865/861 862/862/858 863/863/859
f 866/866/862 833/833/829 838/838/834
f 866/866/862 838/838/834 862/862/858
f 867/867/863 862/862/858 865/865/861
f 867/867/863 866/866/862 862/862/858
f 833/833/829 868/868/864 829/829/825
f 833/833/829 866/866/862 868/868/864
f 869/869/865 868/868/864 866/866/862
f 869/869/865 866/866/862 867/867/863
f 829/829/825 868/868/864 870/870/866
f 871/871/867 870/870/866 868/868/864
f 871/871/867 868/868/864 869/869/865
f 829/829/825 870/870/866 826/826/822
f 871/871/867 869/869/865 872/872/868
f 826/826/822 870/870/866 873/873/869
f 826/826/822 873/873/869 822/822/818
f 869/869/865 867/867/863 874/874/870
f 869/869/865 875/875/871 872/872/868
f 875/875/871 871/871/867 872/872/868
f 874/874/870 875/875/871 869/869/865
f 875/875/871 873/873/869 870/870/866
f 875/875/871 870/870/866 871/871/867
f 874/874/870 876/876/872 875/875/871
f 867/867/863 865/865/861 874/874/870
f 877/877/873 873/873/869 875/875/871
f 877/877/873 875/875/871 876/876/872
f 876/876/872 874/874/870 865/865/861
f 865/865/861 863/863/859 878/878/874
f 822/822/818 879/879/875 818/818/814
f 822/822/818 873/873/869 879/879/875
f 880/880/876 879/879/875 873/873/869
f 880/880/876 877/877/873 876/876/872
f 880/880/876 873/873/869 877/877/873
f 876/876/872 865/865/861 881/881/877
f 881/881/877 865/865/861 878/878/874
f 881/881/877 880/880/876 876/876/872
f 882/882/878 879/879/875 880/880/876
f 882/882/878 880/880/876 881/881/877
f 882/882/878 883/883/879 879/879/875
f 818/818/814 883/883/879 815/815/811
f 818/818/814 879/879/875 883/883/879
f 863/863/859 864/864/860 878/878/874
f 815/815/811 883/883/879 811/811/807
f 884/884/880 882/882/878 881/881/877
f 881/881/877 878/878/874 884/884/880
f 884/884/880 883/883/879 882/882/878
f 878/878/874 864/864/860 885/885/881
f 884/884/880 878/878/874 885/885/881
f 884/884/880 885/885/881 886/886/882
f 887/887/883 884/884/880 886/886/882
f 887/887/883 883/883/879 884/884/880
f 887/887/883 888/888/884 883/883/879
f 811/811/807 883/883/879 888/888/884
f 864/864/860 858/858/854 856/856/852
f 864/864/860 889/889/885 885/885/881
f 864/864/860 856/856/852 889/889/885
f 886/886/882 885/885/881 889/889/885
f 890/890/886 856/856/852 857/857/853
f 889/889/885 856/856/852 890/890/886
f 886/886/882 889/889/885 891/891/887
f 889/889/885 890/890/886 891/891/887
f 886/886/882 891/891/887 892/892/888
f 892/892/888 887/887/883 886/886/882
f 811/811/807 888/888/884 809/809/805
f 892/892/888 888/888/884 887/887/883
f 892/892/888 893/893/889 888/888/884
f 809/809/805 888/888/884 893/893/889
f 809/809/805 893/893/889 806/806/802
f 894/894/890 892/892/888 895/895/891
f 894/894/890 893/893/889 892/892/888
f 892/892/888 891/891/887 895/895/891
f 806/806/802 893/893/889 896/896/892
f 890/890/886 897/897/893 891/891/887
f 894/894/890 896/896/892 893/893/889
f 794/794/790 799/799/795 898/898/894
f 898/898/894 799/799/795 806/806/802
f 806/806/802 896/896/892 899/899/895
f 806/806/802 899/899/895 898/898/894
f 900/900/896 896/896/892 894/894/890
f 900/900/896 899/899/895 896/896/892
f 901/901/897 899/899/895 900/900/896
f 898/898/894 899/899/895 902/902/898
f 901/901/897 902/902/898 899/899/895
f 901/901/897 900/900/896 903/903/899
f 904/904/900 794/794/790 898/898/894
f 898/898/894 902/902/898 904/904/900
f 900/900/896 894/894/890 903/903/899
f 859/859/855 794/794/790 904/904/900
f 794/794/790 859/859/855 795/795/791
f 903/903/899 894/894/890 895/895/891
f 895/895/891 891/891/887 897/897/893
f 895/895/891 897/897/893 905/905/901
f 895/895/891 905/905/901 903/903/899
f 897/897/893 906/906/902 905/905/901
f 903/903/899 905/905/901 907/907/903
f 906/906/902 907/907/903 905/905/901
f 903/903/899 907/907/903 908/908/904
f 908/908/904 901/901/897 903/903/899
f 909/909/905 901/901/897 908/908/904
f 909/909/905 902/902/898 901/901/897
f 907/907/903 909/909/905 908/908/904
f 907/907/903 902/902/898 909/909/905
f 910/910/906 907/907/903 906/906/902
f 907/907/903 910/910/906 902/902/898
f 904/904/900 902/902/898 910/910/906
f 904/904/900 910/910/906 860/860/856
f 860/860/856 859/859/855 904/904/900
f 801/801/797 795/795/791 859/859/855
f 854/854/850 801/801/797 859/859/855
f 854/854/850 911/911/907 801/801/797
f 906/906/902 912/912/908 910/910/906
f 860/860/856 912/912/908 855/855/851
f 897/897/893 912/912/908 906/906/902
f 860/860/856 910/910/906 912/912/908
f 890/890/886 912/912/908 897/897/893
f 855/855/851 912/912/908 857/857/853
f 890/890/886 857/857/853 912/912/908
f 911/911/907 913/913/909 801/801/797
f 914/914/910 913/913/909 911/911/907
f 801/801/797 915/915/911 797/797/793
f 801/801/797 913/913/909 915/915/911
f 914/914/910 916/916/912 913/913/909
f 914/914/910 917/917/913 916/916/912
f 913/913/909 916/916/912 918/918/914
f 913/913/909 918/918/914 915/915/911
f 917/917/913 919/919/915 916/916/912
f 920/920/916 919/919/915 917/917/913
f 916/916/912 921/921/917 918/918/914
f 919/919/915 921/921/917 916/916/912
f 920/920/916 922/922/918 919/919/915
f 923/923/919 922/922/918 920/920/916
f 919/919/915 924/924/920 921/921/917
f 922/922/918 924/924/920 919/919/915
f 925/925/921 924/924/920 922/922/918
f 925/925/921 922/922/918 923/923/919
f 926/926/922 925/925/921 923/923/919
f 924/924/920 927/927/923 921/921/917
f 928/928/924 925/925/921 926/926/922
f 928/928/924 926/926/922 929/929/925
f 928/928/924 930/930/926 925/925/921
f 930/930/926 927/927/923 924/924/920
f 930/930/926 924/924/920 925/925/921
f 931/931/927 928/928/924 929/929/925
f 932/932/928 931/931/927 929/929/925
f 933/933/929 930/930/926 928/928/924
f 933/933/929 928/928/924 931/931/927
f 933/933/929 934/934/930 930/930/926
f 934/934/930 927/927/923 930/930/926
f 921/921/917 935/935/931 918/918/914
f 921/921/917 927/927/923 935/935/931
f 936/936/932 935/935/931 927/927/923
f 927/927/923 934/934/930 936/936/932
f 915/915/911 918/918/914 937/937/933
f 918/918/914 935/935/931 937/937/933
f 938/938/934 937/937/933 935/935/931
f 938/938/934 935/935/931 936/936/932
f 797/797/793 915/915/911 939/939/935
f 915/915/911 937/937/933 939/939/935
f 940/940/936 939/939/935 937/937/933
f 940/940/936 937/937/933 938/938/934
f 797/797/793 939/939/935 798/798/794
f 939/939/935 941/941/937 798/798/794
f 940/940/936 941/941/937 939/939/935
f 798/798/794 941/941/937 793/793/789
f 941/941/937 940/940/936 942/942/938
f 940/940/936 943/943/939 942/942/938
f 793/793/789 941/941/937 944/944/940
f 793/793/789 944/944/940 792/792/788
f 942/942/938 944/944/940 941/941/937
f 792/792/788 944/944/940 788/788/784
f 942/942/938 945/945/941 944/944/940
f 946/946/942 942/942/938 943/943/939
f 946/946/942 945/945/941 942/942/938
f 945/945/941 947/947/943 944/944/940
f 948/948/944 947/947/943 945/945/941
f 948/948/944 945/945/941 946/946/942
f 949/949/945 788/788/784 944/944/940
f 949/949/945 944/944/940 947/947/943
f 949/949/945 789/789/785 788/788/784
f 791/791/787 789/789/785 949/949/945
f 950/950/946 951/951/947 949/949/945
f 949/949/945 951/951/947 791/791/787
f 791/791/787 951/951/947 952/952/948
f 952/952/948 758/758/754 791/791/787
f 949/949/945 947/947/943 953/953/949
f 950/950/946 949/949/945 953/953/949
f 753/753/749 758/758/754 952/952/948
f 952/952/948 951/951/947 954/954/950
f 955/955/951 954/954/950 951/951/947
f 951/951/947 950/950/946 955/955/951
f 955/955/951 950/950/946 956/956/952
f 950/950/946 953/953/949 956/956/952
f 957/957/953 954/954/950 955/955/951
f 957/957/953 955/955/951 958/958/954
f 958/958/954 955/955/951 956/956/952
f 956/956/952 953/953/949 959/959/955
f 960/960/956 952/952/948 954/954/950
f 957/957/953 960/960/956 954/954/950
f 953/953/949 947/947/943 961/961/957
f 961/961/957 959/959/955 953/953/949
f 961/961/957 947/947/943 948/948/944
f 958/958/954 956/956/952 962/962/958
f 962/962/958 956/956/952 959/959/955
f 963/963/959 958/958/954 962/962/958
f 948/948/944 946/946/942 964/964/960
f 965/965/961 958/958/954 963/963/959
f 965/965/961 957/957/953 958/958/954
f 966/966/962 960/960/956 957/957/953
f 966/966/962 957/957/953 965/965/961
f 967/967/963 946/946/942 943/943/939
f 946/946/942 967/967/963 964/964/960
f 940/940/936 938/938/934 943/943/939
f 968/968/964 969/969/965 964/964/960
f 967/967/963 968/968/964 964/964/960
f 938/938/934 936/936/932 970/970/966
f 938/938/934 970/970/966 943/943/939
f 971/971/967 943/943/939 970/970/966
f 971/971/967 967/967/963 943/943/939
f 967/967/963 971/971/967 968/968/964
f 970/970/966 936/936/932 972/972/968
f 973/973/969 970/970/966 972/972/968
f 973/973/969 971/971/967 970/970/966
f 973/973/969 974/974/970 971/971/967
f 971/971/967 974/974/970 968/968/964
f 972/972/968 975/975/971 973/973/969
f 972/972/968 936/936/932 975/975/971
f 975/975/971 936/936/932 976/976/972
f 936/936/932 934/934/930 976/976/972
f 977/977/973 974/974/970 973/973/969
f 975/975/971 977/977/973 973/973/969
f 975/975/971 978/978/974 977/977/973
f 978/978/974 975/975/971 976/976/972
f 979/979/975 934/934/930 933/933/929
f 934/934/930 979/979/975 976/976/972
f 976/976/972 979/979/975 980/980/976
f 978/978/974 976/976/972 980/980/976
f 979/979/975 933/933/929 981/981/977
f 981/981/977 933/933/929 931/931/927
f 982/982/978 979/979/975 981/981/977
f 979/979/975 982/982/978 980/980/976
f 983/983/979 931/931/927 932/932/928
f 981/981/977 931/931/927 983/983/979
f 984/984/980 981/981/977 983/983/979
f 982/982/978 981/981/977 984/984/980
f 983/983/979 932/932/928 985/985/981
f 986/986/982 982/982/978 984/984/980
f 986/986/982 987/987/983 982/982/978
f 982/982/978 987/987/983 980/980/976
f 988/988/984 980/980/976 987/987/983
f 988/988/984 978/978/974 980/980/976
f 978/978/974 989/989/985 977/977/973
f 978/978/974 988/988/984 990/990/986
f 991/991/987 974/974/970 977/977/973
f 991/991/987 977/977/973 989/989/985
f 978/978/974 990/990/986 989/989/985
f 992/992/988 968/968/964 974/974/970
f 974/974/970 991/991/987 992/992/988
f 987/987/983 993/993/989 988/988/984
f 988/988/984 994/994/990 990/990/986
f 993/993/989 994/994/990 988/988/984
f 990/990/986 994/994/990 995/995/991
f 996/996/992 989/989/985 990/990/986
f 996/996/992 991/991/987 989/989/985
f 996/996/992 990/990/986 995/995/991
f 996/996/992 997/997/993 991/991/987
f 992/992/988 991/991/987 998/998/994
f 999/999/995 998/998/994 991/991/987
f 999/999/995 991/991/987 997/997/993
f 1000/1000/996 997/997/993 996/996/992
f 996/996/992 995/995/991 1000/1000/996
f 1000/1000/996 995/995/991 1001/1001/997
f 1002/1002/998 998/998/994 999/999/995
f 1003/1003/999 997/997/993 1000/1000/996
f 1000/1000/996 1001/1001/997 1003/1003/999
f 1001/1001/997 995/995/991 1004/1004/1000
f 960/960/956 966/966/962 1004/1004/1000
f 1003/1003/999 1005/1005/1001 997/997/993
f 960/960/956 1006/1006/1002 952/952/948
f 1004/1004/1000 1006/1006/1002 960/960/956
f 994/994/990 1006/1006/1002 995/995/991
f 995/995/991 1006/1006/1002 1004/1004/1000
f 997/997/993 1005/1005/1001 999/999/995
f 1006/1006/1002 993/993/989 952/952/948
f 993/993/989 753/753/749 952/952/948
f 753/753/749 993/993/989 754/754/750
f 993/993/989 1006/1006/1002 994/994/990
f 754/754/750 993/993/989 1007/1007/1003
f 993/993/989 987/987/983 1007/1007/1003
f 754/754/750 1007/1007/1003 752/752/748
f 1007/1007/1003 987/987/983 986/986/982
f 986/986/982 984/984/980 1007/1007/1003
f 1007/1007/1003 984/984/980 1008/1008/1004
f 1007/1007/1003 1008/1008/1004 752/752/748
f 984/984/980 983/983/979 1008/1008/1004
f 752/752/748 1009/1009/1005 731/731/727
f 1008/1008/1004 1009/1009/1005 752/752/748
f 731/731/727 1009/1009/1005 1010/1010/1006
f 1011/1011/1007 1008/1008/1004 983/983/979
f 1009/1009/1005 1012/1012/1008 1010/1010/1006
f 1010/1010/1006 1012/1012/1008 1013/1013/1009
f 1008/1008/1004 1011/1011/1007 1009/1009/1005
f 1012/1012/1008 1014/1014/1010 1013/1013/1009
f 1013/1013/1009 1014/1014/1010 1015/1015/1011
f 1016/1016/1012 1012/1012/1008 1009/1009/1005
f 1015/1015/1011 1014/1014/1010 1017/1017/1013
f 1018/1018/1014 1012/1012/1008 1016/1016/1012
f 1018/1018/1014 1014/1014/1010 1012/1012/1008
f 1014/1014/1010 1019/1019/1015 1017/1017/1013
f 1017/1017/1013 1019/1019/1015 1020/1020/1016
f 1021/1021/1017 1019/1019/1015 1014/1014/1010
f 1021/1021/1017 1014/1014/1010 1018/1018/1014
f 1019/1019/1015 1022/1022/1018 1020/1020/1016
f 1020/1020/1016 1022/1022/1018 1023/1023/1019
f 1024/1024/1020 1022/1022/1018 1019/1019/1015
f 1024/1024/1020 1019/1019/1015 1021/1021/1017
f 1023/1023/1019 1022/1022/1018 1025/1025/1021
f 1022/1022/1018 1026/1026/1022 1025/1025/1021
f 1025/1025/1021 1026/1026/1022 1027/1027/1023
f 1028/1028/1024 1026/1026/1022 1022/1022/1018
f 1028/1028/1024 1022/1022/1018 1024/1024/1020
f 1026/1026/1022 1029/1029/1025 1027/1027/1023
f 1027/1027/1023 1029/1029/1025 1030/1030/1026
f 1028/1028/1024 1029/1029/1025 1026/1026/1022
f 1030/1030/1026 1029/1029/1025 1031/1031/1027
f 1032/1032/1028 1029/1029/1025 1028/1028/1024
f 1029/1029/1025 1033/1033/1029 1031/1031/1027
f 1031/1031/1027 1033/1033/1029 1034/1034/1030
f 1032/1032/1028 1033/1033/1029 1029/1029/1025
f 1034/1034/1030 1033/1033/1029 1035/1035/1031
f 1036/1036/1032 1033/1033/1029 1032/1032/1028
f 1033/1033/1029 1037/1037/1033 1035/1035/1031
f 1035/1035/1031 1037/1037/1033 1038/1038/1034
f 1036/1036/1032 1037/1037/1033 1033/1033/1029
f 1038/1038/1034 1037/1037/1033 1039/1039/1035
f 1040/1040/1036 1037/1037/1033 1036/1036/1032
f 1037/1037/1033 1041/1041/1037 1039/1039/1035
f 1039/1039/1035 1041/1041/1037 1042/1042/1038
f 1037/1037/1033 1043/1043/1039 1041/1041/1037
f 1043/1043/1039 1037/1037/1033 1040/1040/1036
f 1041/1041/1037 1044/1044/1040 1042/1042/1038
f 1045/1045/1041 1042/1042/1038 1044/1044/1040
f 1043/1043/1039 1044/1044/1040 1041/1041/1037
f 1046/1046/1042 1045/1045/1041 1044/1044/1040
f 1047/1047/1043 1044/1044/1040 1043/1043/1039
f 1048/1048/1044 1046/1046/1042 1044/1044/1040
f 1046/1046/1042 1048/1048/1044 1049/1049/1045
f 1047/1047/1043 1048/1048/1044 1044/1044/1040
f 1048/1048/1044 1050/1050/1046 1049/1049/1045
f 1049/1049/1045 1050/1050/1046 1051/1051/1047
f 1048/1048/1044 1052/1052/1048 1050/1050/1046
f 1052/1052/1048 1048/1048/1044 1047/1047/1043
f 1051/1051/1047 1050/1050/1046 1053/1053/1049
f 1050/1050/1046 1054/1054/1050 1053/1053/1049
f 1053/1053/1049 1054/1054/1050 1055/1055/1051
f 1056/1056/1052 1054/1054/1050 1050/1050/1046
f 1056/1056/1052 1050/1050/1046 1052/1052/1048
f 1055/1055/1051 1054/1054/1050 1057/1057/1053
f 1058/1058/1054 1054/1054/1050 1056/1056/1052
f 1054/1054/1050 1059/1059/1055 1057/1057/1053
f 1057/1057/1053 1059/1059/1055 1060/1060/1056
f 1058/1058/1054 1059/1059/1055 1054/1054/1050
f 1060/1060/1056 1059/1059/1055 1061/1061/1057
f 1062/1062/1058 1059/1059/1055 1058/1058/1054
f 1059/1059/1055 1063/1063/1059 1061/1061/1057
f 1061/1061/1057 1063/1063/1059 1064/1064/1060
f 1065/1065/1061 1059/1059/1055 1062/1062/1058
f 1065/1065/1061 1063/1063/1059 1059/1059/1055
f 1064/1064/1060 1063/1063/1059 1066/1066/1062
f 1066/1066/1062 1067/1067/1063 985/985/981
f 1063/1063/1059 1067/1067/1063 1066/1066/1062
f 1068/1068/1064 1067/1067/1063 1063/1063/1059
f 1068/1068/1064 1063/1063/1059 1065/1065/1061
f 1065/1065/1061 1069/1069/1065 1068/1068/1064
f 1011/1011/1007 983/983/979 985/985/981
f 1067/1067/1063 1011/1011/1007 985/985/981
f 1070/1070/1066 1011/1011/1007 1067/1067/1063
f 1070/1070/1066 1067/1067/1063 1068/1068/1064
f 1071/1071/1067 1011/1011/1007 1070/1070/1066
f 1069/1069/1065 1072/1072/1068 1068/1068/1064
f 1068/1068/1064 1072/1072/1068 1070/1070/1066
f 1072/1072/1068 1073/1073/1069 1070/1070/1066
f 1070/1070/1066 1073/1073/1069 1071/1071/1067
f 1074/1074/1070 1009/1009/1005 1011/1011/1007
f 1074/1074/1070 1011/1011/1007 1071/1071/1067
f 1071/1071/1067 1075/1075/1071 1074/1074/1070
f 1073/1073/1069 1075/1075/1071 1071/1071/1067
f 1016/1016/1012 1009/1009/1005 1074/1074/1070
f 1074/1074/1070 1075/1075/1071 1016/1016/1012
f 1075/1075/1071 1076/1076/1072 1016/1016/1012
f 1016/1016/1012 1076/1076/1072 1018/1018/1014
f 1076/1076/1072 1075/1075/1071 1077/1077/1073
f 1076/1076/1072 1078/1078/1074 1018/1018/1014
f 1079/1079/1075 1076/1076/1072 1077/1077/1073
f 1080/1080/1076 1076/1076/1072 1079/1079/1075
f 1078/1078/1074 1076/1076/1072 1080/1080/1076
f 1018/1018/1014 1081/1081/1077 1021/1021/1017
f 1078/1078/1074 1081/1081/1077 1018/1018/1014
f 1081/1081/1077 1078/1078/1074 1080/1080/1076
f 1021/1021/1017 1081/1081/1077 1024/1024/1020
f 1082/1082/1078 1081/1081/1077 1080/1080/1076
f 1081/1081/1077 1083/1083/1079 1024/1024/1020
f 1083/1083/1079 1081/1081/1077 1082/1082/1078
f 1024/1024/1020 1084/1084/1080 1028/1028/1024
f 1083/1083/1079 1084/1084/1080 1024/1024/1020
f 1085/1085/1081 1083/1083/1079 1082/1082/1078
f 1084/1084/1080 1083/1083/1079 1085/1085/1081
f 1086/1086/1082 1084/1084/1080 1085/1085/1081
f 1028/1028/1024 1087/1087/1083 1032/1032/1028
f 1084/1084/1080 1087/1087/1083 1028/1028/1024
f 1087/1087/1083 1084/1084/1080 1086/1086/1082
f 1087/1087/1083 1088/1088/1084 1032/1032/1028
f 1088/1088/1084 1087/1087/1083 1089/1089/1085
f 1089/1089/1085 1087/1087/1083 1086/1086/1082
f 1032/1032/1028 1088/1088/1084 1036/1036/1032
f 1088/1088/1084 1090/1090/1086 1036/1036/1032
f 1090/1090/1086 1088/1088/1084 1091/1091/1087
f 1091/1091/1087 1088/1088/1084 1089/1089/1085
f 1036/1036/1032 1090/1090/1086 1040/1040/1036
f 1090/1090/1086 1092/1092/1088 1040/1040/1036
f 1040/1040/1036 1092/1092/1088 1043/1043/1039
f 1092/1092/1088 1090/1090/1086 1093/1093/1089
f 1093/1093/1089 1090/1090/1086 1091/1091/1087
f 1092/1092/1088 1094/1094/1090 1043/1043/1039
f 1094/1094/1090 1092/1092/1088 1095/1095/1091
f 1095/1095/1091 1092/1092/1088 1093/1093/1089
f 1043/1043/1039 1094/1094/1090 1047/1047/1043
f 1094/1094/1090 1096/1096/1092 1047/1047/1043
f 1096/1096/1092 1094/1094/1090 1097/1097/1093
f 1097/1097/1093 1094/1094/1090 1095/1095/1091
f 1052/1052/1048 1047/1047/1043 1096/1096/1092
f 1098/1098/1094 1096/1096/1092 1097/1097/1093
f 1099/1099/1095 1097/1097/1093 1095/1095/1091
f 1100/1100/1096 1052/1052/1048 1096/1096/1092
f 1099/1099/1095 1095/1095/1091 1093/1093/1089
f 1099/1099/1095 1093/1093/1089 1097/1097/1093
f 1097/1097/1093 1093/1093/1089 1101/1101/1097
f 1101/1101/1097 1098/1098/1094 1097/1097/1093
f 1093/1093/1089 1102/1102/1098 1101/1101/1097
f 1102/1102/1098 1093/1093/1089 1091/1091/1087
f 1100/1100/1096 1096/1096/1092 1098/1098/1094
f 1103/1103/1099 1100/1100/1096 1098/1098/1094
f 1101/1101/1097 1103/1103/1099 1098/1098/1094
f 1103/1103/1099 1101/1101/1097 1102/1102/1098
f 1104/1104/1100 1103/1103/1099 1102/1102/1098
f 1104/1104/1100 1091/1091/1087 1089/1089/1085
f 1102/1102/1098 1091/1091/1087 1104/1104/1100
f 1100/1100/1096 1105/1105/1101 1052/1052/1048
f 1052/1052/1048 1105/1105/1101 1056/1056/1052
f 1105/1105/1101 1100/1100/1096 1103/1103/1099
f 1106/1106/1102 1105/1105/1101 1103/1103/1099
f 1056/1056/1052 1105/1105/1101 1058/1058/1054
f 1107/1107/1103 1103/1103/1099 1104/1104/1100
f 1107/1107/1103 1106/1106/1102 1103/1103/1099
f 1108/1108/1104 1105/1105/1101 1106/1106/1102
f 1105/1105/1101 1108/1108/1104 1058/1058/1054
f 1058/1058/1054 1108/1108/1104 1062/1062/1058
f 1109/1109/1105 1089/1089/1085 1086/1086/1082
f 1104/1104/1100 1089/1089/1085 1109/1109/1105
f 1109/1109/1105 1107/1107/1103 1104/1104/1100
f 1110/1110/1106 1107/1107/1103 1109/1109/1105
f 1110/1110/1106 1111/1111/1107 1107/1107/1103
f 1111/1111/1107 1108/1108/1104 1106/1106/1102
f 1107/1107/1103 1111/1111/1107 1106/1106/1102
f 1108/1108/1104 1112/1112/1108 1062/1062/1058
f 1062/1062/1058 1112/1112/1108 1065/1065/1061
f 1112/1112/1108 1069/1069/1065 1065/1065/1061
f 1112/1112/1108 1108/1108/1104 1111/1111/1107
f 1113/1113/1109 1112/1112/1108 1111/1111/1107
f 1069/1069/1065 1112/1112/1108 1113/1113/1109
f 1110/1110/1106 1113/1113/1109 1111/1111/1107
f 1114/1114/1110 1069/1069/1065 1113/1113/1109
f 1113/1113/1109 1110/1110/1106 1109/1109/1105
f 1072/1072/1068 1069/1069/1065 1114/1114/1110
f 1115/1115/1111 1114/1114/1110 1113/1113/1109
f 1115/1115/1111 1113/1113/1109 1116/1116/1112
f 1109/1109/1105 1086/1086/1082 1116/1116/1112
f 1116/1116/1112 1086/1086/1082 1085/1085/1081
f 1116/1116/1112 1113/1113/1109 1109/1109/1105
f 1116/1116/1112 1085/1085/1081 1082/1082/1078
f 1117/1117/1113 1115/1115/1111 1116/1116/1112
f 1116/1116/1112 1082/1082/1078 1117/1117/1113
f 1118/1118/1114 1072/1072/1068 1114/1114/1110
f 1115/1115/1111 1118/1118/1114 1114/1114/1110
f 1118/1118/1114 1115/1115/1111 1117/1117/1113
f 1117/1117/1113 1082/1082/1078 1080/1080/1076
f 1073/1073/1069 1072/1072/1068 1119/1119/1115
f 1119/1119/1115 1072/1072/1068 1118/1118/1114
f 1120/1120/1116 1119/1119/1115 1118/1118/1114
f 1120/1120/1116 1118/1118/1114 1117/1117/1113
f 1117/1117/1113 1080/1080/1076 1121/1121/1117
f 1121/1121/1117 1120/1120/1116 1117/1117/1113
f 1121/1121/1117 1080/1080/1076 1079/1079/1075
f 1119/1119/1115 1122/1122/1118 1073/1073/1069
f 1120/1120/1116 1122/1122/1118 1119/1119/1115
f 1075/1075/1071 1073/1073/1069 1122/1122/1118
f 1122/1122/1118 1120/1120/1116 1121/1121/1117
f 1123/1123/1119 1122/1122/1118 1121/1121/1117
f 1123/1123/1119 1079/1079/1075 1077/1077/1073
f 1121/1121/1117 1079/1079/1075 1123/1123/1119
f 1123/1123/1119 1077/1077/1073 1122/1122/1118
f 1077/1077/1073 1075/1075/1071 1122/1122/1118
f 1124/1124/1120 1125/1125/1121 1126/1126/1122
f 1125/1125/1121 1127/1127/1123 1126/1126/1122
f 1125/1125/1121 1128/1128/1124 1127/1127/1123
f 1126/1126/1122 1129/1129/1125 1124/1124/1120
f 1129/1129/1125 1130/1130/1126 1124/1124/1120
f 1128/1128/1124 1131/1131/1127 1127/1127/1123
f 1127/1127/1123 1131/1131/1127 1132/1132/1128
f 1131/1131/1127 1133/1133/1129 1132/1132/1128
f 1134/1134/1130 1127/1127/1123 1132/1132/1128
f 1135/1135/1131 1136/1136/1132 1137/1137/1133
f 1138/1138/1134 1134/1134/1130 1132/1132/1128
f 1133/1133/1129 1138/1138/1134 1132/1132/1128
f 1139/1139/1135 1138/1138/1134 1133/1133/1129
f 1133/1133/1129 1135/1135/1131 1139/1139/1135
f 1137/1137/1133 1136/1136/1132 1140/1140/1136
f 1141/1141/1137 1142/1142/1138 1143/1143/1139
f 1129/1129/1125 1143/1143/1139 1130/1130/1126
f 1141/1141/1137 1143/1143/1139 1129/1129/1125
f 1141/1141/1137 1129/1129/1125 1144/1144/1140
f 1126/1126/1122 1127/1127/1123 1134/1134/1130
f 1134/1134/1130 1129/1129/1125 1126/1126/1122
f 1144/1144/1140 1129/1129/1125 1134/1134/1130
f 1134/1134/1130 1145/1145/1141 1144/1144/1140
f 1146/1146/1142 1147/1147/1143 1134/1134/1130
f 1134/1134/1130 1147/1147/1143 1145/1145/1141
f 1146/1146/1142 1134/1134/1130 1138/1138/1134
f 1138/1138/1134 1139/1139/1135 1148/1148/1144
f 1138/1138/1134 1149/1149/1145 1146/1146/1142
f 1149/1149/1145 1138/1138/1134 1148/1148/1144
f 1149/1149/1145 1150/1150/1146 1146/1146/1142
f 1151/1151/1147 1146/1146/1142 1150/1150/1146
f 1146/1146/1142 1151/1151/1147 1147/1147/1143
f 1151/1151/1147 1152/1152/1148 1147/1147/1143
f 1147/1147/1143 1152/1152/1148 1145/1145/1141
f 1153/1153/1149 1145/1145/1141 1152/1152/1148
f 1145/1145/1141 1153/1153/1149 1154/1154/1150
f 1145/1145/1141 1154/1154/1150 1155/1155/1151
f 1156/1156/1152 1155/1155/1151 1154/1154/1150
f 1155/1155/1151 1144/1144/1140 1145/1145/1141
f 1141/1141/1137 1144/1144/1140 1155/1155/1151
f 1141/1141/1137 1155/1155/1151 1142/1142/1138
f 1142/1142/1138 1155/1155/1151 1157/1157/1153
f 1156/1156/1152 1157/1157/1153 1155/1155/1151
f 1157/1157/1153 1140/1140/1136 1142/1142/1138
f 1158/1158/1154 1157/1157/1153 1156/1156/1152
f 1159/1159/1155 1160/1160/1156 1161/1161/1157
f 1161/1161/1157 1160/1160/1156 1158/1158/1154
f 1158/1158/1154 1162/1162/1158 1157/1157/1153
f 1162/1162/1158 1137/1137/1133 1140/1140/1136
f 1157/1157/1153 1162/1162/1158 1140/1140/1136
f 1160/1160/1156 1162/1162/1158 1158/1158/1154
f 1148/1148/1144 1139/1139/1135 1159/1159/1155
f 1159/1159/1155 1139/1139/1135 1160/1160/1156
f 1139/1139/1135 1162/1162/1158 1160/1160/1156
f 1139/1139/1135 1137/1137/1133 1162/1162/1158
f 1135/1135/1131 1137/1137/1133 1139/1139/1135
f 1163/1163/180 1164/1164/1159 1165/1165/266
f 1166/1166/181 1164/1164/1159 1163/1163/180
f 1165/1165/266 1164/1164/1159 1167/1167/1160
f 1165/1165/266 1167/1167/1160 1168/1168/262
f 1169/1169/1161 1164/1164/1159 1166/1166/181
f 1170/1170/184 1169/1169/1161 1166/1166/181
f 1164/1164/1159 1169/1169/1161 1171/1171/1162
f 1171/1171/1162 1167/1167/1160 1164/1164/1159
f 1168/1168/262 1167/1167/1160 1172/1172/1163
f 1173/1173/1164 1169/1169/1161 1170/1170/184
f 1171/1171/1162 1174/1174/1165 1167/1167/1160
f 1174/1174/1165 1172/1172/1163 1167/1167/1160
f 1168/1168/262 1172/1172/1163 1175/1175/1166
f 1168/1168/262 1175/1175/1166 1176/1176/259
f 1172/1172/1163 1177/1177/1167 1175/1175/1166
f 1174/1174/1165 1177/1177/1167 1172/1172/1163
f 1175/1175/1166 1178/1178/1168 1176/1176/259
f 1176/1176/259 1178/1178/1168 1179/1179/243
f 1180/1180/1169 1178/1178/1168 1175/1175/1166
f 1175/1175/1166 1177/1177/1167 1180/1180/1169
f 1181/1181/1170 1177/1177/1167 1174/1174/1165
f 1178/1178/1168 1182/1182/1171 1179/1179/243
f 1179/1179/243 1182/1182/1171 1183/1183/238
f 1181/1181/1170 1184/1184/1172 1177/1177/1167
f 1180/1180/1169 1177/1177/1167 1184/1184/1172
f 1180/1180/1169 1185/1185/1173 1178/1178/1168
f 1180/1180/1169 1184/1184/1172 1186/1186/1174
f 1186/1186/1174 1185/1185/1173 1180/1180/1169
f 1178/1178/1168 1187/1187/1175 1182/1182/1171
f 1185/1185/1173 1187/1187/1175 1178/1178/1168
f 1188/1188/1176 1187/1187/1175 1185/1185/1173
f 1186/1186/1174 1188/1188/1176 1185/1185/1173
f 1184/1184/1172 1189/1189/1177 1186/1186/1174
f 1186/1186/1174 1189/1189/1177 1190/1190/1178
f 1186/1186/1174 1190/1190/1178 1188/1188/1176
f 1191/1191/1179 1189/1189/1177 1184/1184/1172
f 1191/1191/1179 1184/1184/1172 1181/1181/1170
f 1192/1192/1180 1190/1190/1178 1189/1189/1177
f 1193/1193/1181 1192/1192/1180 1189/1189/1177
f 1193/1193/1181 1189/1189/1177 1191/1191/1179
f 1181/1181/1170 1194/1194/1182 1191/1191/1179
f 1195/1195/1183 1191/1191/1179 1194/1194/1182
f 1195/1195/1183 1193/1193/1181 1191/1191/1179
f 1196/1196/1184 1194/1194/1182 1181/1181/1170
f 1174/1174/1165 1196/1196/1184 1181/1181/1170
f 1171/1171/1162 1196/1196/1184 1174/1174/1165
f 1169/1169/1161 1197/1197/1185 1171/1171/1162
f 1169/1169/1161 1173/1173/1164 1197/1197/1185
f 1197/1197/1185 1196/1196/1184 1171/1171/1162
f 1198/1198/1186 1196/1196/1184 1197/1197/1185
f 1198/1198/1186 1194/1194/1182 1196/1196/1184
f 1197/1197/1185 1199/1199/1187 1198/1198/1186
f 1173/1173/1164 1199/1199/1187 1197/1197/1185
f 1200/1200/1188 1194/1194/1182 1198/1198/1186
f 1194/1194/1182 1200/1200/1188 1195/1195/1183
f 1198/1198/1186 1201/1201/1189 1200/1200/1188
f 1199/1199/1187 1201/1201/1189 1198/1198/1186
f 1202/1202/1190 1173/1173/1164 1170/1170/184
f 1202/1202/1190 1199/1199/1187 1173/1173/1164
f 1203/1203/189 1202/1202/1190 1170/1170/184
f 1201/1201/1189 1199/1199/1187 1204/1204/1191
f 1204/1204/1191 1199/1199/1187 1202/1202/1190
f 1203/1203/189 1205/1205/1192 1202/1202/1190
f 1202/1202/1190 1205/1205/1192 1204/1204/1191
f 1206/1206/193 1205/1205/1192 1203/1203/189
f 1207/1207/1193 1201/1201/1189 1204/1204/1191
f 1206/1206/193 1208/1208/1194 1205/1205/1192
f 1209/1209/197 1208/1208/1194 1206/1206/193
f 1204/1204/1191 1210/1210/1195 1207/1207/1193
f 1205/1205/1192 1210/1210/1195 1204/1204/1191
f 1208/1208/1194 1211/1211/1196 1205/1205/1192
f 1205/1205/1192 1211/1211/1196 1210/1210/1195
f 1210/1210/1195 1212/1212/1197 1207/1207/1193
f 1210/1210/1195 1211/1211/1196 1212/1212/1197
f 1201/1201/1189 1213/1213/1198 1200/1200/1188
f 1207/1207/1193 1213/1213/1198 1201/1201/1189
f 1214/1214/1199 1213/1213/1198 1207/1207/1193
f 1212/1212/1197 1214/1214/1199 1207/1207/1193
f 1200/1200/1188 1215/1215/1200 1195/1195/1183
f 1200/1200/1188 1213/1213/1198 1215/1215/1200
f 1213/1213/1198 1216/1216/1201 1215/1215/1200
f 1213/1213/1198 1214/1214/1199 1216/1216/1201
f 1215/1215/1200 1217/1217/1202 1195/1195/1183
f 1195/1195/1183 1217/1217/1202 1193/1193/1181
f 1218/1218/1203 1217/1217/1202 1215/1215/1200
f 1218/1218/1203 1215/1215/1200 1216/1216/1201
f 1192/1192/1180 1193/1193/1181 1219/1219/1204
f 1193/1193/1181 1217/1217/1202 1219/1219/1204
f 1220/1220/1205 1219/1219/1204 1217/1217/1202
f 1217/1217/1202 1218/1218/1203 1220/1220/1205
f 1221/1221/1206 1218/1218/1203 1216/1216/1201
f 1192/1192/1180 1219/1219/1204 1222/1222/1207
f 1218/1218/1203 1221/1221/1206 1223/1223/1208
f 1218/1218/1203 1223/1223/1208 1220/1220/1205
f 1224/1224/1209 1222/1222/1207 1219/1219/1204
f 1220/1220/1205 1224/1224/1209 1219/1219/1204
f 1220/1220/1205 1225/1225/1210 1224/1224/1209
f 1223/1223/1208 1225/1225/1210 1220/1220/1205
f 1192/1192/1180 1226/1226/1211 1190/1190/1178
f 1226/1226/1211 1192/1192/1180 1222/1222/1207
f 1224/1224/1209 1227/1227/1212 1222/1222/1207
f 1188/1188/1176 1190/1190/1178 1228/1228/1213
f 1226/1226/1211 1228/1228/1213 1190/1190/1178
f 1227/1227/1212 1229/1229/1214 1222/1222/1207
f 1226/1226/1211 1222/1222/1207 1229/1229/1214
f 1230/1230/1215 1226/1226/1211 1229/1229/1214
f 1230/1230/1215 1228/1228/1213 1226/1226/1211
f 1188/1188/1176 1231/1231/1216 1187/1187/1175
f 1188/1188/1176 1228/1228/1213 1231/1231/1216
f 1230/1230/1215 1232/1232/1217 1228/1228/1213
f 1231/1231/1216 1228/1228/1213 1232/1232/1217
f 1230/1230/1215 1229/1229/1214 1233/1233/1218
f 1230/1230/1215 1234/1234/1219 1232/1232/1217
f 1235/1235/1220 1230/1230/1215 1233/1233/1218
f 1234/1234/1219 1230/1230/1215 1235/1235/1220
f 1235/1235/1220 1233/1233/1218 1236/1236/1221
f 1231/1231/1216 1232/1232/1217 1237/1237/1222
f 1234/1234/1219 1237/1237/1222 1232/1232/1217
f 1235/1235/1220 1238/1238/1223 1234/1234/1219
f 1234/1234/1219 1238/1238/1223 1239/1239/1224
f 1239/1239/1224 1237/1237/1222 1234/1234/1219
f 1231/1231/1216 1237/1237/1222 1240/1240/1225
f 1241/1241/1226 1238/1238/1223 1235/1235/1220
f 1239/1239/1224 1242/1242/1227 1237/1237/1222
f 1242/1242/1227 1240/1240/1225 1237/1237/1222
f 1187/1187/1175 1231/1231/1216 1243/1243/1228
f 1243/1243/1228 1231/1231/1216 1240/1240/1225
f 1244/1244/1229 1243/1243/1228 1240/1240/1225
f 1244/1244/1229 1240/1240/1225 1242/1242/1227
f 1245/1245/1230 1242/1242/1227 1239/1239/1224
f 1239/1239/1224 1238/1238/1223 1246/1246/1231
f 1239/1239/1224 1246/1246/1231 1245/1245/1230
f 1246/1246/1231 1238/1238/1223 1241/1241/1226
f 1247/1247/1232 1244/1244/1229 1242/1242/1227
f 1245/1245/1230 1247/1247/1232 1242/1242/1227
f 1245/1245/1230 1246/1246/1231 1248/1248/1233
f 1248/1248/1233 1249/1249/1234 1245/1245/1230
f 1249/1249/1234 1247/1247/1232 1245/1245/1230
f 1250/1250/1235 1244/1244/1229 1247/1247/1232
f 1246/1246/1231 1251/1251/1236 1248/1248/1233
f 1241/1241/1226 1251/1251/1236 1246/1246/1231
f 1252/1252/1237 1243/1243/1228 1244/1244/1229
f 1250/1250/1235 1252/1252/1237 1244/1244/1229
f 1249/1249/1234 1253/1253/1238 1247/1247/1232
f 1247/1247/1232 1253/1253/1238 1250/1250/1235
f 1254/1254/1239 1252/1252/1237 1250/1250/1235
f 1250/1250/1235 1255/1255/1240 1254/1254/1239
f 1253/1253/1238 1255/1255/1240 1250/1250/1235
f 1256/1256/1241 1243/1243/1228 1252/1252/1237
f 1254/1254/1239 1256/1256/1241 1252/1252/1237
f 1187/1187/1175 1243/1243/1228 1257/1257/1242
f 1256/1256/1241 1257/1257/1242 1243/1243/1228
f 1258/1258/1243 1257/1257/1242 1256/1256/1241
f 1258/1258/1243 1182/1182/1171 1187/1187/1175
f 1257/1257/1242 1258/1258/1243 1187/1187/1175
f 1259/1259/1244 1256/1256/1241 1254/1254/1239
f 1258/1258/1243 1260/1260/1245 1182/1182/1171
f 1258/1258/1243 1256/1256/1241 1261/1261/1246
f 1259/1259/1244 1261/1261/1246 1256/1256/1241
f 1258/1258/1243 1261/1261/1246 1262/1262/1247
f 1258/1258/1243 1262/1262/1247 1260/1260/1245
f 1262/1262/1247 1263/1263/1248 1260/1260/1245
f 1183/1183/238 1182/1182/1171 1263/1263/1248
f 1263/1263/1248 1182/1182/1171 1260/1260/1245
f 1183/1183/238 1263/1263/1248 1264/1264/1249
f 1263/1263/1248 1265/1265/225 1264/1264/1249
f 1266/1266/1250 1265/1265/225 1263/1263/1248
f 1266/1266/1250 1263/1263/1248 1262/1262/1247
f 1265/1265/225 1266/1266/1250 1267/1267/1251
f 1265/1265/225 1267/1267/1251 1268/1268/221
f 1268/1268/221 1267/1267/1251 1269/1269/216
f 1266/1266/1250 1270/1270/1252 1267/1267/1251
f 1266/1266/1250 1262/1262/1247 1270/1270/1252
f 1271/1271/1253 1270/1270/1252 1262/1262/1247
f 1259/1259/1244 1271/1271/1253 1261/1261/1246
f 1271/1271/1253 1262/1262/1247 1261/1261/1246
f 1267/1267/1251 1270/1270/1252 1272/1272/1254
f 1267/1267/1251 1272/1272/1254 1269/1269/216
f 1270/1270/1252 1273/1273/1255 1272/1272/1254
f 1273/1273/1255 1270/1270/1252 1271/1271/1253
f 1273/1273/1255 1274/1274/1256 1272/1272/1254
f 1274/1274/1256 1208/1208/1194 1209/1209/197
f 1274/1274/1256 1269/1269/216 1272/1272/1254
f 1275/1275/1257 1274/1274/1256 1209/1209/197
f 1275/1275/1257 1269/1269/216 1274/1274/1256
f 1276/1276/1258 1208/1208/1194 1274/1274/1256
f 1276/1276/1258 1274/1274/1256 1273/1273/1255
f 1276/1276/1258 1273/1273/1255 1277/1277/1259
f 1211/1211/1196 1208/1208/1194 1277/1277/1259
f 1208/1208/1194 1276/1276/1258 1277/1277/1259
f 1273/1273/1255 1278/1278/1260 1277/1277/1259
f 1278/1278/1260 1271/1271/1253 1259/1259/1244
f 1278/1278/1260 1273/1273/1255 1271/1271/1253
f 1279/1279/1261 1278/1278/1260 1259/1259/1244
f 1278/1278/1260 1279/1279/1261 1277/1277/1259
f 1254/1254/1239 1279/1279/1261 1259/1259/1244
f 1255/1255/1240 1279/1279/1261 1254/1254/1239
f 1211/1211/1196 1277/1277/1259 1280/1280/1262
f 1279/1279/1261 1280/1280/1262 1277/1277/1259
f 1281/1281/1263 1280/1280/1262 1279/1279/1261
f 1280/1280/1262 1281/1281/1263 1211/1211/1196
f 1253/1253/1238 1281/1281/1263 1255/1255/1240
f 1255/1255/1240 1281/1281/1263 1279/1279/1261
f 1211/1211/1196 1282/1282/1264 1212/1212/1197
f 1281/1281/1263 1282/1282/1264 1211/1211/1196
f 1283/1283/1265 1281/1281/1263 1253/1253/1238
f 1283/1283/1265 1282/1282/1264 1281/1281/1263
f 1249/1249/1234 1283/1283/1265 1253/1253/1238
f 1283/1283/1265 1284/1284/1266 1282/1282/1264
f 1284/1284/1266 1249/1249/1234 1248/1248/1233
f 1284/1284/1266 1283/1283/1265 1249/1249/1234
f 1285/1285/1267 1214/1214/1199 1212/1212/1197
f 1282/1282/1264 1285/1285/1267 1212/1212/1197
f 1284/1284/1266 1286/1286/1268 1282/1282/1264
f 1286/1286/1268 1285/1285/1267 1282/1282/1264
f 1286/1286/1268 1284/1284/1266 1287/1287/1269
f 1248/1248/1233 1251/1251/1236 1287/1287/1269
f 1287/1287/1269 1284/1284/1266 1248/1248/1233
f 1214/1214/1199 1288/1288/1270 1216/1216/1201
f 1221/1221/1206 1216/1216/1201 1288/1288/1270
f 1214/1214/1199 1285/1285/1267 1288/1288/1270
f 1289/1289/1271 1251/1251/1236 1241/1241/1226
f 1287/1287/1269 1251/1251/1236 1289/1289/1271
f 1285/1285/1267 1286/1286/1268 1290/1290/1272
f 1289/1289/1271 1290/1290/1272 1287/1287/1269
f 1288/1288/1270 1285/1285/1267 1290/1290/1272
f 1286/1286/1268 1287/1287/1269 1290/1290/1272
f 1289/1289/1271 1241/1241/1226 1291/1291/1273
f 1291/1291/1273 1241/1241/1226 1235/1235/1220
f 1291/1291/1273 1235/1235/1220 1236/1236/1221
f 1292/1292/1274 1221/1221/1206 1288/1288/1270
f 1292/1292/1274 1288/1288/1270 1290/1290/1272
f 1293/1293/1275 1292/1292/1274 1290/1290/1272
f 1293/1293/1275 1290/1290/1272 1289/1289/1271
f 1294/1294/1276 1293/1293/1275 1289/1289/1271
f 1294/1294/1276 1289/1289/1271 1291/1291/1273
f 1221/1221/1206 1295/1295/1277 1223/1223/1208
f 1221/1221/1206 1292/1292/1274 1295/1295/1277
f 1296/1296/1278 1225/1225/1210 1223/1223/1208
f 1295/1295/1277 1296/1296/1278 1223/1223/1208
f 1297/1297/1279 1296/1296/1278 1295/1295/1277
f 1297/1297/1279 1295/1295/1277 1292/1292/1274
f 1298/1298/1280 1297/1297/1279 1292/1292/1274
f 1298/1298/1280 1292/1292/1274 1293/1293/1275
f 1299/1299/1281 1296/1296/1278 1297/1297/1279
f 1299/1299/1281 1300/1300/1282 1296/1296/1278
f 1296/1296/1278 1300/1300/1282 1225/1225/1210
f 1224/1224/1209 1225/1225/1210 1301/1301/1283
f 1224/1224/1209 1301/1301/1283 1227/1227/1212
f 1225/1225/1210 1300/1300/1282 1301/1301/1283
f 1227/1227/1212 1301/1301/1283 1302/1302/1284
f 1229/1229/1214 1227/1227/1212 1302/1302/1284
f 1302/1302/1284 1301/1301/1283 1303/1303/1285
f 1301/1301/1283 1300/1300/1282 1303/1303/1285
f 1233/1233/1218 1229/1229/1214 1304/1304/1286
f 1229/1229/1214 1302/1302/1284 1304/1304/1286
f 1304/1304/1286 1302/1302/1284 1305/1305/1287
f 1302/1302/1284 1303/1303/1285 1305/1305/1287
f 1300/1300/1282 1299/1299/1281 1306/1306/1288
f 1306/1306/1288 1303/1303/1285 1300/1300/1282
f 1307/1307/1289 1305/1305/1287 1303/1303/1285
f 1306/1306/1288 1307/1307/1289 1303/1303/1285
f 1308/1308/1290 1304/1304/1286 1305/1305/1287
f 1307/1307/1289 1308/1308/1290 1305/1305/1287
f 1306/1306/1288 1309/1309/1291 1307/1307/1289
f 1233/1233/1218 1304/1304/1286 1310/1310/1292
f 1307/1307/1289 1309/1309/1291 1311/1311/1293
f 1311/1311/1293 1308/1308/1290 1307/1307/1289
f 1299/1299/1281 1312/1312/1294 1306/1306/1288
f 1312/1312/1294 1309/1309/1291 1306/1306/1288
f 1313/1313/1295 1308/1308/1290 1311/1311/1293
f 1314/1314/1296 1299/1299/1281 1297/1297/1279
f 1314/1314/1296 1297/1297/1279 1298/1298/1280
f 1299/1299/1281 1314/1314/1296 1312/1312/1294
f 1314/1314/1296 1315/1315/1297 1312/1312/1294
f 1314/1314/1296 1298/1298/1280 1315/1315/1297
f 1316/1316/1298 1298/1298/1280 1293/1293/1275
f 1316/1316/1298 1293/1293/1275 1294/1294/1276
f 1317/1317/1299 1309/1309/1291 1312/1312/1294
f 1312/1312/1294 1315/1315/1297 1317/1317/1299
f 1298/1298/1280 1318/1318/1300 1315/1315/1297
f 1319/1319/1301 1311/1311/1293 1309/1309/1291
f 1309/1309/1291 1317/1317/1299 1319/1319/1301
f 1317/1317/1299 1315/1315/1297 1320/1320/1302
f 1315/1315/1297 1318/1318/1300 1320/1320/1302
f 1317/1317/1299 1321/1321/1303 1319/1319/1301
f 1321/1321/1303 1317/1317/1299 1320/1320/1302
f 1322/1322/1304 1298/1298/1280 1316/1316/1298
f 1298/1298/1280 1322/1322/1304 1318/1318/1300
f 1320/1320/1302 1318/1318/1300 1323/1323/1305
f 1324/1324/1306 1316/1316/1298 1294/1294/1276
f 1322/1322/1304 1316/1316/1298 1324/1324/1306
f 1318/1318/1300 1322/1322/1304 1323/1323/1305
f 1325/1325/1307 1322/1322/1304 1324/1324/1306
f 1326/1326/1308 1321/1321/1303 1320/1320/1302
f 1320/1320/1302 1323/1323/1305 1326/1326/1308
f 1323/1323/1305 1322/1322/1304 1327/1327/1309
f 1323/1323/1305 1327/1327/1309 1326/1326/1308
f 1325/1325/1307 1328/1328/1310 1322/1322/1304
f 1322/1322/1304 1328/1328/1310 1327/1327/1309
f 1325/1325/1307 1324/1324/1306 1329/1329/1311
f 1330/1330/1312 1325/1325/1307 1329/1329/1311
f 1325/1325/1307 1330/1330/1312 1328/1328/1310
f 1327/1327/1309 1328/1328/1310 1331/1331/1313
f 1324/1324/1306 1294/1294/1276 1332/1332/1314
f 1329/1329/1311 1324/1324/1306 1332/1332/1314
f 1328/1328/1310 1333/1333/1315 1331/1331/1313
f 1328/1328/1310 1330/1330/1312 1333/1333/1315
f 1294/1294/1276 1334/1334/1316 1332/1332/1314
f 1334/1334/1316 1294/1294/1276 1291/1291/1273
f 1291/1291/1273 1236/1236/1221 1334/1334/1316
f 1332/1332/1314 1334/1334/1316 1236/1236/1221
f 1236/1236/1221 1233/1233/1218 1310/1310/1292
f 1236/1236/1221 1310/1310/1292 1335/1335/1317
f 1332/1332/1314 1335/1335/1317 1329/1329/1311
f 1332/1332/1314 1236/1236/1221 1335/1335/1317
f 1335/1335/1317 1310/1310/1292 1336/1336/1318
f 1310/1310/1292 1304/1304/1286 1336/1336/1318
f 1335/1335/1317 1336/1336/1318 1337/1337/1319
f 1329/1329/1311 1337/1337/1319 1330/1330/1312
f 1329/1329/1311 1335/1335/1317 1337/1337/1319
f 1308/1308/1290 1338/1338/1320 1304/1304/1286
f 1313/1313/1295 1338/1338/1320 1308/1308/1290
f 1338/1338/1320 1336/1336/1318 1304/1304/1286
f 1336/1336/1318 1339/1339/1321 1337/1337/1319
f 1333/1333/1315 1330/1330/1312 1339/1339/1321
f 1339/1339/1321 1330/1330/1312 1337/1337/1319
f 1340/1340/1322 1338/1338/1320 1313/1313/1295
f 1340/1340/1322 1336/1336/1318 1338/1338/1320
f 1341/1341/1323 1336/1336/1318 1340/1340/1322
f 1341/1341/1323 1339/1339/1321 1336/1336/1318
f 1342/1342/1324 1333/1333/1315 1339/1339/1321
f 1342/1342/1324 1339/1339/1321 1341/1341/1323
f 1331/1331/1313 1333/1333/1315 1343/1343/1325
f 1343/1343/1325 1333/1333/1315 1342/1342/1324
f 1343/1343/1325 1344/1344/1326 1331/1331/1313
f 1342/1342/1324 1344/1344/1326 1343/1343/1325
f 1342/1342/1324 1341/1341/1323 1345/1345/1327
f 1342/1342/1324 1345/1345/1327 1346/1346/1328
f 1342/1342/1324 1346/1346/1328 1344/1344/1326
f 1344/1344/1326 1347/1347/1329 1331/1331/1313
f 1344/1344/1326 1348/1348/1330 1347/1347/1329
f 1346/1346/1328 1348/1348/1330 1344/1344/1326
f 1349/1349/1331 1327/1327/1309 1331/1331/1313
f 1347/1347/1329 1349/1349/1331 1331/1331/1313
f 1347/1347/1329 1350/1350/1332 1349/1349/1331
f 1347/1347/1329 1348/1348/1330 1350/1350/1332
f 1351/1351/1333 1348/1348/1330 1346/1346/1328
f 1345/1345/1327 1351/1351/1333 1346/1346/1328
f 1349/1349/1331 1350/1350/1332 1352/1352/1334
f 1351/1351/1333 1353/1353/1335 1348/1348/1330
f 1348/1348/1330 1353/1353/1335 1350/1350/1332
f 1350/1350/1332 1353/1353/1335 1352/1352/1334
f 1349/1349/1331 1354/1354/1336 1327/1327/1309
f 1352/1352/1334 1354/1354/1336 1349/1349/1331
f 1354/1354/1336 1352/1352/1334 1355/1355/1337
f 1352/1352/1334 1353/1353/1335 1355/1355/1337
f 1327/1327/1309 1356/1356/1338 1326/1326/1308
f 1354/1354/1336 1356/1356/1338 1327/1327/1309
f 1356/1356/1338 1354/1354/1336 1357/1357/1339
f 1354/1354/1336 1355/1355/1337 1357/1357/1339
f 1353/1353/1335 1351/1351/1333 1345/1345/1327
f 1345/1345/1327 1355/1355/1337 1353/1353/1335
f 1341/1341/1323 1355/1355/1337 1345/1345/1327
f 1341/1341/1323 1357/1357/1339 1355/1355/1337
f 1358/1358/1340 1341/1341/1323 1340/1340/1322
f 1358/1358/1340 1357/1357/1339 1341/1341/1323
f 1358/1358/1340 1340/1340/1322 1313/1313/1295
f 1313/1313/1295 1311/1311/1293 1359/1359/1341
f 1319/1319/1301 1359/1359/1341 1311/1311/1293
f 1313/1313/1295 1359/1359/1341 1358/1358/1340
f 1360/1360/1342 1357/1357/1339 1361/1361/1343
f 1358/1358/1340 1359/1359/1341 1361/1361/1343
f 1358/1358/1340 1361/1361/1343 1357/1357/1339
f 1356/1356/1338 1357/1357/1339 1360/1360/1342
f 1362/1362/1344 1356/1356/1338 1360/1360/1342
f 1362/1362/1344 1360/1360/1342 1363/1363/1345
f 1356/1356/1338 1362/1362/1344 1326/1326/1308
f 1362/1362/1344 1321/1321/1303 1326/1326/1308
f 1364/1364/1346 1362/1362/1344 1363/1363/1345
f 1360/1360/1342 1361/1361/1343 1363/1363/1345
f 1321/1321/1303 1362/1362/1344 1365/1365/1347
f 1321/1321/1303 1365/1365/1347 1319/1319/1301
f 1364/1364/1346 1365/1365/1347 1362/1362/1344
f 1363/1363/1345 1366/1366/1348 1364/1364/1346
f 1319/1319/1301 1365/1365/1347 1367/1367/1349
f 1367/1367/1349 1368/1368/1350 1319/1319/1301
f 1319/1319/1301 1368/1368/1350 1359/1359/1341
f 1368/1368/1350 1361/1361/1343 1359/1359/1341
f 1367/1367/1349 1369/1369/1351 1368/1368/1350
f 1365/1365/1347 1369/1369/1351 1367/1367/1349
f 1370/1370/1352 1365/1365/1347 1364/1364/1346
f 1370/1370/1352 1369/1369/1351 1365/1365/1347
f 1368/1368/1350 1369/1369/1351 1371/1371/1353
f 1361/1361/1343 1368/1368/1350 1363/1363/1345
f 1363/1363/1345 1368/1368/1350 1371/1371/1353
f 1370/1370/1352 1372/1372/787 1369/1369/1351
f 1369/1369/1351 1372/1372/787 1371/1371/1353
f 1371/1371/1353 1372/1372/787 1373/1373/1354
f 1373/1373/1354 1363/1363/1345 1371/1371/1353
f 1363/1363/1345 1374/1374/1355 1366/1366/1348
f 1373/1373/1354 1374/1374/1355 1363/1363/1345
f 1375/1375/1356 1374/1374/1355 1373/1373/1354
f 1375/1375/1356 1376/1376/1357 1374/1374/1355
f 1366/1366/1348 1374/1374/1355 1376/1376/1357
f 1372/1372/787 1377/1377/1358 1373/1373/1354
f 1373/1373/1354 1377/1377/1358 1375/1375/1356
f 1377/1377/1358 1378/1378/1359 1375/1375/1356
f 1378/1378/1359 1376/1376/1357 1375/1375/1356
f 1379/1379/1360 1372/1372/787 1370/1370/1352
f 1379/1379/1360 1377/1377/1358 1372/1372/787
f 1370/1370/1352 1364/1364/1346 1379/1379/1360
f 1364/1364/1346 1366/1366/1348 1379/1379/1360
f 1380/1380/1361 1377/1377/1358 1379/1379/1360
f 1379/1379/1360 1366/1366/1348 1380/1380/1361
f 1366/1366/1348 1381/1381/1362 1380/1380/1361
f 1380/1380/1361 1381/1381/1362 1382/1382/1363
f 1380/1380/1361 1382/1382/1363 1377/1377/1358
f 1377/1377/1358 1382/1382/1363 1383/1383/1364
f 1383/1383/1364 1378/1378/1359 1377/1377/1358
f 1383/1383/1364 1384/1384/1365 1378/1378/1359
f 1382/1382/1363 1384/1384/1365 1383/1383/1364
f 1366/1366/1348 1376/1376/1357 1381/1381/1362
f 1385/1385/1366 1381/1381/1362 1376/1376/1357
f 1385/1385/1366 1376/1376/1357 1386/1386/1367
f 1386/1386/1367 1387/1387/1368 1385/1385/1366
f 1385/1385/1366 1382/1382/1363 1381/1381/1362
f 1387/1387/1368 1388/1388/1369 1385/1385/1366
f 1389/1389/1370 1384/1384/1365 1382/1382/1363
f 1389/1389/1370 1382/1382/1363 1385/1385/1366
f 1385/1385/1366 1388/1388/1369 1390/1390/1371
f 1389/1389/1370 1385/1385/1366 1390/1390/1371
f 1390/1390/1371 1391/1391/1372 1389/1389/1370
f 1389/1389/1370 1391/1391/1372 1384/1384/1365
f 1384/1384/1365 1391/1391/1372 1392/1392/1373
f 1378/1378/1359 1384/1384/1365 1392/1392/1373
f 1390/1390/1371 1388/1388/1369 1393/1393/1374
f 1376/1376/1357 1378/1378/1359 1386/1386/1367
f 1386/1386/1367 1378/1378/1359 1392/1392/1373
f 1394/1394/1375 1386/1386/1367 1392/1392/1373
f 1392/1392/1373 1391/1391/1372 1394/1394/1375
f 1390/1390/1371 1395/1395/1376 1391/1391/1372
f 1391/1391/1372 1395/1395/1376 1394/1394/1375
f 1393/1393/1374 1395/1395/1376 1390/1390/1371
f 1394/1394/1375 1387/1387/1368 1386/1386/1367
f 1394/1394/1375 1395/1395/1376 1396/1396/1377
f 1396/1396/1377 1387/1387/1368 1394/1394/1375
f 1396/1396/1377 1397/1397/1378 1387/1387/1368
f 1398/1398/1379 1397/1397/1378 1396/1396/1377
f 1395/1395/1376 1398/1398/1379 1396/1396/1377
f 1399/1399/1380 1388/1388/1369 1387/1387/1368
f 1397/1397/1378 1399/1399/1380 1387/1387/1368
f 1399/1399/1380 1397/1397/1378 1400/1400/1381
f 1388/1388/1369 1399/1399/1380 1393/1393/1374
f 1401/1401/1382 1399/1399/1380 1400/1400/1381
f 1393/1393/1374 1402/1402/1383 1395/1395/1376
f 1393/1393/1374 1399/1399/1380 1402/1402/1383
f 1401/1401/1382 1402/1402/1383 1399/1399/1380
f 1403/1403/1384 1398/1398/1379 1395/1395/1376
f 1395/1395/1376 1402/1402/1383 1403/1403/1384
f 1403/1403/1384 1404/1404/1385 1398/1398/1379
f 1402/1402/1383 1404/1404/1385 1403/1403/1384
f 1405/1405/1386 1402/1402/1383 1401/1401/1382
f 1405/1405/1386 1404/1404/1385 1402/1402/1383
f 1398/1398/1379 1404/1404/1385 1406/1406/1387
f 1405/1405/1386 1407/1407/1388 1404/1404/1385
f 1404/1404/1385 1407/1407/1388 1406/1406/1387
f 1408/1408/1389 1407/1407/1388 1405/1405/1386
f 1405/1405/1386 1401/1401/1382 1408/1408/1389
f 1397/1397/1378 1398/1398/1379 1400/1400/1381
f 1400/1400/1381 1398/1398/1379 1406/1406/1387
f 1409/1409/1390 1400/1400/1381 1406/1406/1387
f 1406/1406/1387 1407/1407/1388 1409/1409/1390
f 1407/1407/1388 1408/1408/1389 1410/1410/1391
f 1410/1410/1391 1409/1409/1390 1407/1407/1388
f 1409/1409/1390 1411/1411/1392 1400/1400/1381
f 1412/1412/1393 1409/1409/1390 1410/1410/1391
f 1412/1412/1393 1411/1411/1392 1409/1409/1390
f 1412/1412/1393 1413/1413/1394 1411/1411/1392
f 1400/1400/1381 1411/1411/1392 1401/1401/1382
f 1411/1411/1392 1414/1414/1395 1401/1401/1382
f 1401/1401/1382 1414/1414/1395 1408/1408/1389
f 1414/1414/1395 1411/1411/1392 1415/1415/1396
f 1415/1415/1396 1411/1411/1392 1413/1413/1394
f 1410/1410/1391 1408/1408/1389 1416/1416/1397
f 1408/1408/1389 1414/1414/1395 1416/1416/1397
f 1414/1414/1395 1415/1415/1396 1416/1416/1397
f 1416/1416/1397 1415/1415/1396 1417/1417/1398
f 1416/1416/1397 1417/1417/1398 1410/1410/1391
f 1415/1415/1396 1413/1413/1394 1418/1418/1399
f 1417/1417/1398 1415/1415/1396 1419/1419/1400
f 1415/1415/1396 1418/1418/1399 1419/1419/1400
f 1417/1417/1398 1420/1420/1401 1410/1410/1391
f 1410/1410/1391 1421/1421/1402 1412/1412/1393
f 1421/1421/1402 1413/1413/1394 1412/1412/1393
f 1410/1410/1391 1420/1420/1401 1421/1421/1402
f 1417/1417/1398 1419/1419/1400 1422/1422/1403
f 1417/1417/1398 1423/1423/1404 1420/1420/1401
f 1422/1422/1403 1423/1423/1404 1417/1417/1398
f 1420/1420/1401 1423/1423/1404 1421/1421/1402
f 1423/1423/1404 1422/1422/1403 1424/1424/1405
f 1422/1422/1403 1419/1419/1400 1424/1424/1405
f 1424/1424/1405 1419/1419/1400 1425/1425/1406
f 1424/1424/1405 1425/1425/1406 1426/1426/1407
f 1426/1426/1407 1423/1423/1404 1424/1424/1405
f 1427/1427/1408 1419/1419/1400 1418/1418/1399
f 1419/1419/1400 1427/1427/1408 1425/1425/1406
f 1425/1425/1406 1428/1428/1409 1426/1426/1407
f 1425/1425/1406 1427/1427/1408 1428/1428/1409
f 1427/1427/1408 1418/1418/1399 1429/1429/1410
f 1428/1428/1409 1427/1427/1408 1429/1429/1410
f 1418/1418/1399 1413/1413/1394 1430/1430/1411
f 1429/1429/1410 1418/1418/1399 1430/1430/1411
f 1426/1426/1407 1428/1428/1409 1431/1431/1412
f 1428/1428/1409 1429/1429/1410 1431/1431/1412
f 1431/1431/1412 1429/1429/1410 1432/1432/1413
f 1430/1430/1411 1432/1432/1413 1429/1429/1410
f 1432/1432/1413 1413/1413/1394 1421/1421/1402
f 1432/1432/1413 1430/1430/1411 1413/1413/1394
f 1426/1426/1407 1431/1431/1412 1433/1433/1414
f 1431/1431/1412 1432/1432/1413 1433/1433/1414
f 1433/1433/1414 1423/1423/1404 1426/1426/1407
f 1433/1433/1414 1432/1432/1413 1434/1434/1415
f 1434/1434/1415 1432/1432/1413 1421/1421/1402
f 1433/1433/1414 1434/1434/1415 1423/1423/1404
f 1421/1421/1402 1423/1423/1404 1434/1434/1415
f 1435/1435/1416 1436/1436/1417 1437/1437/1418
f 1438/1438/1419 1435/1435/1416 1437/1437/1418
f 1435/1435/1416 1439/1439/1420 1436/1436/1417
f 1439/1439/1420 1440/1440/1421 1436/1436/1417
f 1438/1438/1419 1441/1441/1422 1435/1435/1416
f 1441/1441/1422 1439/1439/1420 1435/1435/1416
f 1439/1439/1420 1441/1441/1422 1442/1442/1423
f 1440/1440/1421 1439/1439/1420 1442/1442/1423
f 1443/1443/1424 1438/1438/1419 1444/1444/1425
f 1445/1445/1426 1443/1443/1424 1444/1444/1425
f 1446/1446/1427 1441/1441/1422 1438/1438/1419
f 1443/1443/1424 1446/1446/1427 1438/1438/1419
f 1441/1441/1422 1446/1446/1427 1447/1447/1428
f 1441/1441/1422 1447/1447/1428 1442/1442/1423
f 1448/1448/1429 1443/1443/1424 1445/1445/1426
f 1449/1449/1430 1448/1448/1429 1445/1445/1426
f 1443/1443/1424 1448/1448/1429 1450/1450/1431
f 1450/1450/1431 1446/1446/1427 1443/1443/1424
f 1447/1447/1428 1446/1446/1427 1451/1451/1432
f 1450/1450/1431 1452/1452/1433 1446/1446/1427
f 1448/1448/1429 1453/1453/1434 1450/1450/1431
f 1450/1450/1431 1453/1453/1434 1452/1452/1433
f 1440/1440/1421 1442/1442/1423 1454/1454/1435
f 1455/1455/1436 1454/1454/1435 1442/1442/1423
f 1456/1456/1437 1455/1455/1436 1457/1457/1438
f 1457/1457/1438 1442/1442/1423 1447/1447/1428
f 1455/1455/1436 1442/1442/1423 1457/1457/1438
f 1456/1456/1437 1457/1457/1438 1458/1458/1439
f 1458/1458/1439 1447/1447/1428 1451/1451/1432
f 1457/1457/1438 1447/1447/1428 1458/1458/1439
f 1458/1458/1439 1451/1451/1432 1459/1459/1440
f 1460/1460/1441 1458/1458/1439 1459/1459/1440
f 1460/1460/1441 1459/1459/1440 1461/1461/1442
f 1459/1459/1440 1451/1451/1432 1452/1452/1433
f 1446/1446/1427 1452/1452/1433 1451/1451/1432
f 1452/1452/1433 1462/1462/1443 1459/1459/1440
f 1461/1461/1442 1459/1459/1440 1462/1462/1443
f 1461/1461/1442 1462/1462/1443 1463/1463/1444
f 1452/1452/1433 1464/1464/1445 1462/1462/1443
f 1452/1452/1433 1453/1453/1434 1464/1464/1445
f 1465/1465/1446 1462/1462/1443 1464/1464/1445
f 1465/1465/1446 1464/1464/1445 1453/1453/1434
f 1462/1462/1443 1465/1465/1446 1466/1466/1447
f 1463/1463/1444 1462/1462/1443 1466/1466/1447
f 1453/1453/1434 1448/1448/1429 1467/1467/1448
f 1465/1465/1446 1453/1453/1434 1467/1467/1448
f 1467/1467/1448 1468/1468/1449 1465/1465/1446
f 1465/1465/1446 1468/1468/1449 1466/1466/1447
f 1469/1469/1450 1448/1448/1429 1449/1449/1430
f 1469/1469/1450 1467/1467/1448 1448/1448/1429
f 1469/1469/1450 1470/1470/1451 1467/1467/1448
f 1470/1470/1451 1468/1468/1449 1467/1467/1448
f 1468/1468/1449 1470/1470/1451 1471/1471/1452
f 1472/1472/1453 1468/1468/1449 1471/1471/1452
f 1472/1472/1453 1466/1466/1447 1468/1468/1449
f 1470/1470/1451 1469/1469/1450 1471/1471/1452
f 1471/1471/1452 1469/1469/1450 1473/1473/1454
f 1469/1469/1450 1449/1449/1430 1473/1473/1454
f 1473/1473/1454 1474/1474/1455 1471/1471/1452
f 1474/1474/1455 1473/1473/1454 1475/1475/1456
f 1476/1476/1457 1474/1474/1455 1475/1475/1456
f 1471/1471/1452 1474/1474/1455 1477/1477/1458
f 1478/1478/1459 1474/1474/1455 1476/1476/1457
f 1478/1478/1459 1479/1479/1460 1474/1474/1455
f 1479/1479/1460 1477/1477/1458 1474/1474/1455
f 1471/1471/1452 1480/1480/1461 1472/1472/1453
f 1477/1477/1458 1480/1480/1461 1471/1471/1452
f 1481/1481/1462 1480/1480/1461 1477/1477/1458
f 1481/1481/1462 1477/1477/1458 1479/1479/1460
f 1482/1482/1463 1480/1480/1461 1481/1481/1462
f 1480/1480/1461 1482/1482/1463 1472/1472/1453
f 1479/1479/1460 1483/1483/1464 1481/1481/1462
f 1478/1478/1459 1483/1483/1464 1479/1479/1460
f 1481/1481/1462 1483/1483/1464 1484/1484/1465
f 1485/1485/1466 1484/1484/1465 1483/1483/1464
f 1483/1483/1464 1478/1478/1459 1485/1485/1466
f 1482/1482/1463 1481/1481/1462 1486/1486/1467
f 1481/1481/1462 1484/1484/1465 1486/1486/1467
f 1487/1487/1468 1486/1486/1467 1484/1484/1465
f 1485/1485/1466 1487/1487/1468 1484/1484/1465
f 1478/1478/1459 1476/1476/1457 1488/1488/1469
f 1478/1478/1459 1488/1488/1469 1485/1485/1466
f 1488/1488/1469 1489/1489/1470 1485/1485/1466
f 1489/1489/1470 1488/1488/1469 1490/1490/1471
f 1489/1489/1470 1490/1490/1471 1491/1491/1472
f 1485/1485/1466 1489/1489/1470 1492/1492/1473
f 1493/1493/1474 1489/1489/1470 1491/1491/1472
f 1494/1494/1475 1493/1493/1474 1491/1491/1472
f 1492/1492/1473 1489/1489/1470 1495/1495/1476
f 1495/1495/1476 1489/1489/1470 1493/1493/1474
f 1496/1496/1477 1492/1492/1473 1495/1495/1476
f 1485/1485/1466 1492/1492/1473 1496/1496/1477
f 1485/1485/1466 1496/1496/1477 1487/1487/1468
f 1497/1497/1478 1496/1496/1477 1495/1495/1476
f 1496/1496/1477 1498/1498/1479 1487/1487/1468
f 1497/1497/1478 1498/1498/1479 1496/1496/1477
f 1495/1495/1476 1499/1499/1480 1497/1497/1478
f 1493/1493/1474 1499/1499/1480 1495/1495/1476
f 1497/1497/1478 1499/1499/1480 1500/1500/1481
f 1499/1499/1480 1501/1501/1482 1500/1500/1481
f 1501/1501/1482 1499/1499/1480 1493/1493/1474
f 1502/1502/1483 1498/1498/1479 1497/1497/1478
f 1497/1497/1478 1500/1500/1481 1502/1502/1483
f 1502/1502/1483 1500/1500/1481 1503/1503/1484
f 1500/1500/1481 1501/1501/1482 1503/1503/1484
f 1501/1501/1482 1504/1504/1485 1503/1503/1484
f 1505/1505/1486 1493/1493/1474 1494/1494/1475
f 1505/1505/1486 1501/1501/1482 1493/1493/1474
f 1494/1494/1475 1506/1506/1487 1505/1505/1486
f 1505/1505/1486 1504/1504/1485 1501/1501/1482
f 1507/1507/1488 1504/1504/1485 1505/1505/1486
f 1506/1506/1487 1507/1507/1488 1505/1505/1486
f 1506/1506/1487 1508/1508/1489 1507/1507/1488
f 1508/1508/1489 1509/1509/1490 1507/1507/1488
f 1510/1510/1491 1509/1509/1490 1508/1508/1489
f 1507/1507/1488 1511/1511/1492 1504/1504/1485
f 1509/1509/1490 1511/1511/1492 1507/1507/1488
f 1512/1512/1493 1509/1509/1490 1510/1510/1491
f 1513/1513/1494 1509/1509/1490 1512/1512/1493
f 1511/1511/1492 1509/1509/1490 1513/1513/1494
f 1514/1514/1495 1512/1512/1493 1510/1510/1491
f 1512/1512/1493 1515/1515/1496 1513/1513/1494
f 1515/1515/1496 1512/1512/1493 1514/1514/1495
f 1513/1513/1494 1515/1515/1496 1516/1516/1497
f 1517/1517/1498 1511/1511/1492 1513/1513/1494
f 1517/1517/1498 1513/1513/1494 1516/1516/1497
f 1515/1515/1496 1518/1518/1499 1516/1516/1497
f 1514/1514/1495 1518/1518/1499 1515/1515/1496
f 1516/1516/1497 1518/1518/1499 1517/1517/1498
f 1519/1519/1500 1518/1518/1499 1514/1514/1495
f 1504/1504/1485 1511/1511/1492 1520/1520/1501
f 1503/1503/1484 1504/1504/1485 1520/1520/1501
f 1520/1520/1501 1511/1511/1492 1517/1517/1498
f 1521/1521/1502 1517/1517/1498 1518/1518/1499
f 1521/1521/1502 1518/1518/1499 1519/1519/1500
f 1520/1520/1501 1517/1517/1498 1521/1521/1502
f 1521/1521/1502 1519/1519/1500 1522/1522/1503
f 1523/1523/1504 1520/1520/1501 1521/1521/1502
f 1523/1523/1504 1521/1521/1502 1522/1522/1503
f 1502/1502/1483 1503/1503/1484 1523/1523/1504
f 1503/1503/1484 1520/1520/1501 1523/1523/1504
f 1524/1524/1505 1502/1502/1483 1523/1523/1504
f 1523/1523/1504 1522/1522/1503 1524/1524/1505
f 1525/1525/1506 1502/1502/1483 1524/1524/1505
f 1525/1525/1506 1498/1498/1479 1502/1502/1483
f 1525/1525/1506 1526/1526/1507 1498/1498/1479
f 1487/1487/1468 1498/1498/1479 1527/1527/1508
f 1487/1487/1468 1527/1527/1508 1486/1486/1467
f 1526/1526/1507 1527/1527/1508 1498/1498/1479
f 1527/1527/1508 1528/1528/1509 1486/1486/1467
f 1528/1528/1509 1482/1482/1463 1486/1486/1467
f 1529/1529/1510 1482/1482/1463 1528/1528/1509
f 1472/1472/1453 1482/1482/1463 1530/1530/1511
f 1530/1530/1511 1463/1463/1444 1466/1466/1447
f 1530/1530/1511 1466/1466/1447 1472/1472/1453
f 1529/1529/1510 1530/1530/1511 1482/1482/1463
f 1531/1531/1512 1532/1532/1513 1533/1533/1514
f 1534/1534/1515 1531/1531/1512 1533/1533/1514
f 1533/1533/1514 1532/1532/1513 1535/1535/1516
f 1532/1532/1513 1536/1536/1517 1535/1535/1516
f 1537/1537/1518 1534/1534/1515 1533/1533/1514
f 1538/1538/1519 1534/1534/1515 1537/1537/1518
f 1537/1537/1518 1533/1533/1514 1539/1539/1520
f 1533/1533/1514 1535/1535/1516 1539/1539/1520
f 1536/1536/1517 1540/1540/1521 1535/1535/1516
f 1539/1539/1520 1535/1535/1516 1541/1541/1522
f 1535/1535/1516 1540/1540/1521 1542/1542/1523
f 1540/1540/1521 1543/1543/1524 1542/1542/1523
f 1542/1542/1523 1543/1543/1524 1544/1544/1525
f 1541/1541/1522 1535/1535/1516 1545/1545/1526
f 1535/1535/1516 1542/1542/1523 1545/1545/1526
f 1542/1542/1523 1544/1544/1525 1546/1546/1527
f 1545/1545/1526 1542/1542/1523 1546/1546/1527
f 1546/1546/1527 1544/1544/1525 1547/1547/1528
f 1541/1541/1522 1545/1545/1526 1548/1548/1529
f 1546/1546/1527 1547/1547/1528 1549/1549/1530
f 1549/1549/1530 1547/1547/1528 1550/1550/1531
f 1549/1549/1530 1550/1550/1531 1551/1551/1532
f 1548/1548/1529 1545/1545/1526 1549/1549/1530
f 1545/1545/1526 1546/1546/1527 1549/1549/1530
f 1552/1552/1533 1549/1549/1530 1551/1551/1532
f 1552/1552/1533 1551/1551/1532 1553/1553/1534
f 1548/1548/1529 1549/1549/1530 1554/1554/1535
f 1554/1554/1535 1549/1549/1530 1552/1552/1533
f 1555/1555/1536 1552/1552/1533 1553/1553/1534
f 1554/1554/1535 1552/1552/1533 1555/1555/1536
f 1555/1555/1536 1553/1553/1534 1556/1556/1537
f 1557/1557/1538 1548/1548/1529 1554/1554/1535
f 1557/1557/1538 1554/1554/1535 1558/1558/1539
f 1558/1558/1539 1554/1554/1535 1555/1555/1536
f 1559/1559/1540 1555/1555/1536 1556/1556/1537
f 1558/1558/1539 1555/1555/1536 1559/1559/1540
f 1559/1559/1540 1556/1556/1537 1560/1560/1541
f 1560/1560/1541 1556/1556/1537 1561/1561/1542
f 1562/1562/1543 1558/1558/1539 1559/1559/1540
f 1560/1560/1541 1561/1561/1542 1563/1563/1544
f 1563/1563/1544 1561/1561/1542 1564/1564/1545
f 1562/1562/1543 1559/1559/1540 1565/1565/1546
f 1565/1565/1546 1559/1559/1540 1560/1560/1541
f 1566/1566/1547 1560/1560/1541 1563/1563/1544
f 1565/1565/1546 1560/1560/1541 1566/1566/1547
f 1563/1563/1544 1564/1564/1545 1567/1567/1548
f 1567/1567/1548 1564/1564/1545 1568/1568/1549
f 1567/1567/1548 1568/1568/1549 1569/1569/1550
f 1566/1566/1547 1563/1563/1544 1567/1567/1548
f 1570/1570/1551 1567/1567/1548 1569/1569/1550
f 1570/1570/1551 1569/1569/1550 1571/1571/1552
f 1572/1572/1553 1566/1566/1547 1567/1567/1548
f 1573/1573/1554 1570/1570/1551 1571/1571/1552
f 1573/1573/1554 1571/1571/1552 1574/1574/1524
f 1575/1575/1555 1573/1573/1554 1574/1574/1524
f 1576/1576/1556 1570/1570/1551 1573/1573/1554
f 1572/1572/1553 1567/1567/1548 1576/1576/1556
f 1576/1576/1556 1567/1567/1548 1570/1570/1551
f 1577/1577/1557 1576/1576/1556 1573/1573/1554
f 1577/1577/1557 1573/1573/1554 1575/1575/1555
f 1578/1578/1558 1577/1577/1557 1575/1575/1555
f 1579/1579/1559 1572/1572/1553 1576/1576/1556
f 1579/1579/1559 1576/1576/1556 1577/1577/1557
f 1580/1580/1560 1577/1577/1557 1578/1578/1558
f 1581/1581/1561 1572/1572/1553 1579/1579/1559
f 1582/1582/1562 1577/1577/1557 1580/1580/1560
f 1583/1583/1512 1582/1582/1562 1580/1580/1560
f 1584/1584/1563 1582/1582/1562 1583/1583/1512
f 1582/1582/1562 1585/1585/1564 1577/1577/1557
f 1585/1585/1564 1581/1581/1561 1579/1579/1559
f 1585/1585/1564 1579/1579/1559 1577/1577/1557
f 1586/1586/1565 1585/1585/1564 1582/1582/1562
f 1586/1586/1565 1582/1582/1562 1584/1584/1563
f 1587/1587/1566 1586/1586/1565 1584/1584/1563
f 1588/1588/1567 1581/1581/1561 1585/1585/1564
f 1588/1588/1567 1585/1585/1564 1586/1586/1565
f 1589/1589/1568 1586/1586/1565 1587/1587/1566
f 1590/1590/1569 1586/1586/1565 1589/1589/1568
f 1590/1590/1569 1588/1588/1567 1586/1586/1565
f 1591/1591/1570 1588/1588/1567 1590/1590/1569
f 1592/1592/1571 1581/1581/1561 1588/1588/1567
f 1591/1591/1570 1592/1592/1571 1588/1588/1567
f 1593/1593/1572 1592/1592/1571 1591/1591/1570
f 1593/1593/1572 1594/1594/1573 1592/1592/1571
f 1594/1594/1573 1595/1595/1574 1592/1592/1571
f 1594/1594/1573 1596/1596/1575 1595/1595/1574
f 1592/1592/1571 1595/1595/1574 1581/1581/1561
f 1596/1596/1575 1597/1597/1576 1595/1595/1574
f 1596/1596/1575 1598/1598/1577 1597/1597/1576
f 1595/1595/1574 1599/1599/1578 1581/1581/1561
f 1595/1595/1574 1597/1597/1576 1599/1599/1578
f 1598/1598/1577 1600/1600/1579 1597/1597/1576
f 1599/1599/1578 1601/1601/1580 1581/1581/1561
f 1581/1581/1561 1601/1601/1580 1572/1572/1553
f 1601/1601/1580 1566/1566/1547 1572/1572/1553
f 1601/1601/1580 1565/1565/1546 1566/1566/1547
f 1599/1599/1578 1565/1565/1546 1601/1601/1580
f 1597/1597/1576 1602/1602/1581 1599/1599/1578
f 1602/1602/1581 1565/1565/1546 1599/1599/1578
f 1602/1602/1581 1562/1562/1543 1565/1565/1546
f 1597/1597/1576 1600/1600/1579 1602/1602/1581
f 1600/1600/1579 1603/1603/1582 1602/1602/1581
f 1603/1603/1582 1562/1562/1543 1602/1602/1581
f 1604/1604/1583 1558/1558/1539 1562/1562/1543
f 1600/1600/1579 1604/1604/1583 1603/1603/1582
f 1603/1603/1582 1604/1604/1583 1562/1562/1543
f 1605/1605/1584 1604/1604/1583 1600/1600/1579
f 1606/1606/1585 1557/1557/1538 1558/1558/1539
f 1605/1605/1584 1606/1606/1585 1604/1604/1583
f 1604/1604/1583 1606/1606/1585 1558/1558/1539
f 1607/1607/1586 1548/1548/1529 1557/1557/1538
f 1607/1607/1586 1541/1541/1522 1548/1548/1529
f 1539/1539/1520 1541/1541/1522 1607/1607/1586
f 1606/1606/1585 1607/1607/1586 1557/1557/1538
f 1608/1608/1587 1606/1606/1585 1605/1605/1584
f 1608/1608/1587 1607/1607/1586 1606/1606/1585
f 1598/1598/1577 1605/1605/1584 1600/1600/1579
f 1609/1609/1588 1605/1605/1584 1598/1598/1577
f 1609/1609/1588 1608/1608/1587 1605/1605/1584
f 1610/1610/1589 1608/1608/1587 1609/1609/1588
f 1611/1611/1590 1607/1607/1586 1608/1608/1587
f 1610/1610/1589 1611/1611/1590 1608/1608/1587
f 1612/1612/1591 1611/1611/1590 1610/1610/1589
f 1612/1612/1591 1613/1613/1592 1611/1611/1590
f 1613/1613/1592 1614/1614/1593 1611/1611/1590
f 1613/1613/1592 1615/1615/1594 1614/1614/1593
f 1611/1611/1590 1614/1614/1593 1607/1607/1586
f 1614/1614/1593 1539/1539/1520 1607/1607/1586
f 1614/1614/1593 1537/1537/1518 1539/1539/1520
f 1615/1615/1594 1537/1537/1518 1614/1614/1593
f 1616/1616/1595 1538/1538/1519 1537/1537/1518
f 1615/1615/1594 1616/1616/1595 1537/1537/1518
f 1617/1617/1596 1618/1618/1597 1619/1619/1598
f 1620/1620/1599 1621/1621/1600 1622/1622/1601
f 1619/1619/1598 1620/1620/1599 1622/1622/1601
f 1623/1623/1602 1621/1621/1600 1624/1624/1603
f 1623/1623/1602 1622/1622/1601 1621/1621/1600
f 1624/1624/1603 1625/1625/1604 1623/1623/1602
f 1623/1623/1602 1625/1625/1604 1626/1626/1605
f 1627/1627/1606 1622/1622/1601 1623/1623/1602
f 1623/1623/1602 1626/1626/1605 1627/1627/1606
f 1628/1628/1607 1627/1627/1606 1626/1626/1605
f 1629/1629/1608 1622/1622/1601 1627/1627/1606
f 1629/1629/1608 1627/1627/1606 1628/1628/1607
f 1630/1630/1609 1629/1629/1608 1628/1628/1607
f 1631/1631/1610 1622/1622/1601 1629/1629/1608
f 1630/1630/1609 1631/1631/1610 1629/1629/1608
f 1632/1632/1611 1622/1622/1601 1631/1631/1610
f 1633/1633/1612 1632/1632/1611 1631/1631/1610
f 1634/1634/1613 1622/1622/1601 1632/1632/1611
f 1632/1632/1611 1633/1633/1612 1634/1634/1613
f 1633/1633/1612 1635/1635/1614 1634/1634/1613
f 1634/1634/1613 1635/1635/1614 1636/1636/1615
f 1637/1637/1616 1622/1622/1601 1634/1634/1613
f 1636/1636/1615 1637/1637/1616 1634/1634/1613
f 1622/1622/1601 1637/1637/1616 1638/1638/1617
f 1622/1622/1601 1638/1638/1617 1617/1617/1596
f 1617/1617/1596 1638/1638/1617 1639/1639/1618
f 1622/1622/1601 1617/1617/1596 1619/1619/1598
f 1640/1640/1619 1641/1641/1620 1642/1642/1621
f 1640/1640/1619 1642/1642/1621 1643/1643/1622
f 1644/1644/1623 1641/1641/1620 1645/1645/1624
f 1641/1641/1620 1644/1644/1623 1642/1642/1621
f 1645/1645/1624 1646/1646/1625 1644/1644/1623
f 1647/1647/1626 1644/1644/1623 1646/1646/1625
f 1648/1648/1627 1642/1642/1621 1644/1644/1623
f 1648/1648/1627 1644/1644/1623 1647/1647/1626
f 1649/1649/1628 1648/1648/1627 1647/1647/1626
f 1650/1650/1629 1642/1642/1621 1648/1648/1627
f 1650/1650/1629 1648/1648/1627 1649/1649/1628
f 1651/1651/1630 1650/1650/1629 1649/1649/1628
f 1642/1642/1621 1650/1650/1629 1652/1652/1631
f 1651/1651/1630 1652/1652/1631 1650/1650/1629
f 1653/1653/1632 1642/1642/1621 1652/1652/1631
f 1654/1654/1633 1653/1653/1632 1652/1652/1631
f 1655/1655/1634 1642/1642/1621 1653/1653/1632
f 1654/1654/1633 1655/1655/1634 1653/1653/1632
f 1656/1656/1635 1655/1655/1634 1654/1654/1633
f 1655/1655/1634 1656/1656/1635 1657/1657/1636
f 1657/1657/1636 1658/1658/1637 1655/1655/1634
f 1642/1642/1621 1655/1655/1634 1658/1658/1637
f 1642/1642/1621 1658/1658/1637 1659/1659/1638
f 1660/1660/1639 1642/1642/1621 1659/1659/1638
f 1660/1660/1639 1659/1659/1638 1661/1661/1640
f 1643/1643/1622 1642/1642/1621 1660/1660/1639
f 1660/1660/1639 1662/1662/1641 1643/1643/1622
f 1663/1663/1642 1664/1664/1643 1665/1665/1644
f 1664/1664/1643 1666/1666/1645 1667/1667/1646
f 1665/1665/1644 1664/1664/1643 1667/1667/1646
f 1668/1668/1647 1666/1666/1645 1669/1669/1648
f 1668/1668/1647 1667/1667/1646 1666/1666/1645
f 1669/1669/1648 1670/1670/1649 1668/1668/1647
f 1668/1668/1647 1670/1670/1649 1671/1671/1650
f 1672/1672/1651 1667/1667/1646 1668/1668/1647
f 1668/1668/1647 1671/1671/1650 1672/1672/1651
f 1673/1673/1652 1672/1672/1651 1671/1671/1650
f 1674/1674/1653 1667/1667/1646 1672/1672/1651
f 1674/1674/1653 1672/1672/1651 1673/1673/1652
f 1675/1675/1654 1674/1674/1653 1673/1673/1652
f 1675/1675/1654 1676/1676/1655 1674/1674/1653
f 1676/1676/1655 1667/1667/1646 1674/1674/1653
f 1677/1677/1656 1667/1667/1646 1676/1676/1655
f 1678/1678/1657 1677/1677/1656 1676/1676/1655
f 1677/1677/1656 1678/1678/1657 1679/1679/1658
f 1679/1679/1658 1667/1667/1646 1677/1677/1656
f 1678/1678/1657 1680/1680/1659 1679/1679/1658
f 1679/1679/1658 1680/1680/1659 1681/1681/1660
f 1682/1682/1661 1667/1667/1646 1679/1679/1658
f 1681/1681/1660 1682/1682/1661 1679/1679/1658
f 1667/1667/1646 1682/1682/1661 1683/1683/1662
f 1667/1667/1646 1683/1683/1662 1684/1684/1663
f 1684/1684/1663 1685/1685/1664 1665/1665/1644
f 1684/1684/1663 1665/1665/1644 1667/1667/1646
f 1686/1686/1665 1687/1687/1666 1688/1688/1667
f 1687/1687/1666 1689/1689/1668 1688/1688/1667
f 1687/1687/1666 1690/1690/1669 1689/1689/1668
f 1690/1690/1669 1691/1691/1670 1689/1689/1668
f 1691/1691/1670 1690/1690/1669 1692/1692/1671
f 1692/1692/1671 1693/1693/1672 1691/1691/1670
f 1694/1694/1673 1691/1691/1670 1693/1693/1672
f 1695/1695/1674 1691/1691/1670 1694/1694/1673
f 1695/1695/1674 1689/1689/1668 1691/1691/1670
f 1696/1696/1675 1695/1695/1674 1694/1694/1673
f 1696/1696/1675 1689/1689/1668 1695/1695/1674
f 1697/1697/1676 1696/1696/1675 1698/1698/1677
f 1696/1696/1675 1697/1697/1676 1689/1689/1668
f 1699/1699/1678 1697/1697/1676 1698/1698/1677
f 1700/1700/1679 1689/1689/1668 1697/1697/1676
f 1699/1699/1678 1700/1700/1679 1697/1697/1676
f 1701/1701/1680 1700/1700/1679 1699/1699/1678
f 1702/1702/1681 1689/1689/1668 1700/1700/1679
f 1701/1701/1680 1702/1702/1681 1700/1700/1679
f 1703/1703/1682 1702/1702/1681 1701/1701/1680
f 1702/1702/1681 1703/1703/1682 1704/1704/1683
f 1704/1704/1683 1705/1705/1684 1702/1702/1681
f 1689/1689/1668 1702/1702/1681 1705/1705/1684
f 1689/1689/1668 1705/1705/1684 1706/1706/1685
f 1707/1707/1686 1689/1689/1668 1706/1706/1685
f 1707/1707/1686 1708/1708/1687 1688/1688/1667
f 1688/1688/1667 1689/1689/1668 1707/1707/1686
f 1709/1709/1688 1710/1710/1689 1711/1711/1690
f 1712/1712/1691 1709/1709/1688 1711/1711/1690
f 1713/1713/1692 1710/1710/1689 1714/1714/1693
f 1713/1713/1692 1711/1711/1690 1710/1710/1689
f 1714/1714/1693 1715/1715/1694 1713/1713/1692
f 1713/1713/1692 1715/1715/1694 1716/1716/1695
f 1717/1717/1696 1711/1711/1690 1713/1713/1692
f 1713/1713/1692 1716/1716/1695 1717/1717/1696
f 1718/1718/1697 1717/1717/1696 1716/1716/1695
f 1719/1719/1698 1711/1711/1690 1717/1717/1696
f 1719/1719/1698 1717/1717/1696 1718/1718/1697
f 1720/1720/1699 1719/1719/1698 1718/1718/1697
f 1721/1721/1700 1711/1711/1690 1719/1719/1698
f 1720/1720/1699 1721/1721/1700 1719/1719/1698
f 1722/1722/1701 1711/1711/1690 1721/1721/1700
f 1723/1723/1702 1722/1722/1701 1721/1721/1700
f 1724/1724/1703 1711/1711/1690 1722/1722/1701
f 1722/1722/1701 1723/1723/1702 1724/1724/1703
f 1723/1723/1702 1725/1725/1704 1724/1724/1703
f 1724/1724/1703 1725/1725/1704 1726/1726/1705
f 1727/1727/1706 1711/1711/1690 1724/1724/1703
f 1726/1726/1705 1727/1727/1706 1724/1724/1703
f 1711/1711/1690 1727/1727/1706 1728/1728/1707
f 1711/1711/1690 1728/1728/1707 1729/1729/1708
f 1729/1729/1708 1728/1728/1707 1730/1730/1709
f 1729/1729/1708 1730/1730/1709 1731/1731/1710
f 1711/1711/1690 1729/1729/1708 1712/1712/1691
f 1731/1731/1710 1712/1712/1691 1729/1729/1708
f 1732/1732/1711 1733/1733/1712 1734/1734/1713
f 1733/1733/1712 1735/1735/1714 1736/1736/1715
f 1733/1733/1712 1736/1736/1715 1734/1734/1713
f 1737/1737/1716 1735/1735/1714 1738/1738/1717
f 1735/1735/1714 1737/1737/1716 1736/1736/1715
f 1738/1738/1717 1739/1739/1718 1737/1737/1716
f 1740/1740/1719 1737/1737/1716 1739/1739/1718
f 1741/1741/1720 1737/1737/1716 1740/1740/1719
f 1741/1741/1720 1736/1736/1715 1737/1737/1716
f 1742/1742/1721 1741/1741/1720 1740/1740/1719
f 1743/1743/1722 1736/1736/1715 1741/1741/1720
f 1743/1743/1722 1741/1741/1720 1742/1742/1721
f 1744/1744/1723 1743/1743/1722 1742/1742/1721
f 1736/1736/1715 1743/1743/1722 1745/1745/1724
f 1744/1744/1723 1745/1745/1724 1743/1743/1722
f 1746/1746/1725 1736/1736/1715 1745/1745/1724
f 1747/1747/1726 1746/1746/1725 1745/1745/1724
f 1748/1748/1727 1736/1736/1715 1746/1746/1725
f 1747/1747/1726 1748/1748/1727 1746/1746/1725
f 1749/1749/1728 1748/1748/1727 1747/1747/1726
f 1748/1748/1727 1749/1749/1728 1750/1750/1729
f 1736/1736/1715 1748/1748/1727 1751/1751/1730
f 1750/1750/1729 1751/1751/1730 1748/1748/1727
f 1736/1736/1715 1751/1751/1730 1752/1752/1731
f 1753/1753/1732 1736/1736/1715 1752/1752/1731
f 1753/1753/1732 1754/1754/1733 1734/1734/1713
f 1734/1734/1713 1736/1736/1715 1753/1753/1732
f 1755/1755/1734 1756/1756/1735 1757/1757/1736
f 1758/1758/1737 1755/1755/1734 1757/1757/1736
f 1757/1757/1736 1756/1756/1735 1759/1759/1738
f 1756/1756/1735 1760/1760/1739 1759/1759/1738
f 1761/1761/1740 1759/1759/1738 1760/1760/1739
f 1761/1761/1740 1760/1760/1739 1762/1762/1741
f 1762/1762/1741 1763/1763/1742 1761/1761/1740
f 1761/1761/1740 1763/1763/1742 1764/1764/1743
f 1765/1765/1744 1759/1759/1738 1761/1761/1740
f 1761/1761/1740 1764/1764/1743 1765/1765/1744
f 1766/1766/1745 1765/1765/1744 1764/1764/1743
f 1767/1767/1746 1759/1759/1738 1765/1765/1744
f 1767/1767/1746 1765/1765/1744 1766/1766/1745
f 1768/1768/1747 1767/1767/1746 1766/1766/1745
f 1769/1769/1748 1759/1759/1738 1767/1767/1746
f 1768/1768/1747 1769/1769/1748 1767/1767/1746
f 1770/1770/1749 1759/1759/1738 1769/1769/1748
f 1771/1771/1750 1770/1770/1749 1769/1769/1748
f 1772/1772/1751 1759/1759/1738 1770/1770/1749
f 1770/1770/1749 1771/1771/1750 1772/1772/1751
f 1771/1771/1750 1773/1773/1752 1772/1772/1751
f 1772/1772/1751 1773/1773/1752 1774/1774/1753
f 1775/1775/1754 1759/1759/1738 1772/1772/1751
f 1774/1774/1753 1775/1775/1754 1772/1772/1751
f 1759/1759/1738 1775/1775/1754 1776/1776/1755
f 1759/1759/1738 1776/1776/1755 1777/1777/1756
f 1777/1777/1756 1757/1757/1736 1759/1759/1738
f 1757/1757/1736 1777/1777/1756 1758/1758/1737
f 1778/1778/1757 1779/1779/1758 1780/1780/1759
f 1779/1779/1758 1781/1781/1760 1780/1780/1759
f 1779/1779/1758 1782/1782/1761 1781/1781/1760
f 1782/1782/1761 1783/1783/1762 1781/1781/1760
f 1783/1783/1762 1782/1782/1761 1784/1784/1763
f 1784/1784/1763 1785/1785/1764 1783/1783/1762
f 1786/1786/1765 1783/1783/1762 1785/1785/1764
f 1787/1787/1766 1783/1783/1762 1786/1786/1765
f 1787/1787/1766 1781/1781/1760 1783/1783/1762
f 1788/1788/1767 1787/1787/1766 1786/1786/1765
f 1788/1788/1767 1781/1781/1760 1787/1787/1766
f 1789/1789/1768 1788/1788/1767 1790/1790/1769
f 1788/1788/1767 1789/1789/1768 1781/1781/1760
f 1791/1791/1770 1789/1789/1768 1790/1790/1769
f 1792/1792/1771 1781/1781/1760 1789/1789/1768
f 1791/1791/1770 1792/1792/1771 1789/1789/1768
f 1793/1793/1772 1792/1792/1771 1791/1791/1770
f 1794/1794/1773 1781/1781/1760 1792/1792/1771
f 1793/1793/1772 1794/1794/1773 1792/1792/1771
f 1795/1795/1774 1794/1794/1773 1793/1793/1772
f 1794/1794/1773 1795/1795/1774 1796/1796/1775
f 1781/1781/1760 1794/1794/1773 1797/1797/1776
f 1796/1796/1775 1797/1797/1776 1794/1794/1773
f 1781/1781/1760 1797/1797/1776 1798/1798/1777
f 1799/1799/1778 1781/1781/1760 1798/1798/1777
f 1799/1799/1778 1800/1800/1779 1780/1780/1759
f 1780/1780/1759 1781/1781/1760 1799/1799/1778
f 1801/1801/1780 1802/1802/1781 1803/1803/1782
f 1803/1803/1782 1802/1802/1781 1804/1804/1783
f 1801/1801/1780 1803/1803/1782 1805/1805/1784
f 1805/1805/1784 1806/1806/1785 1801/1801/1780
f 1807/1807/1786 1803/1803/1782 1804/1804/1783
f 1804/1804/1783 1808/1808/1787 1807/1807/1786
f 1807/1807/1786 1809/1809/1788 1803/1803/1782
f 1803/1803/1782 1809/1809/1788 1805/1805/1784
f 1810/1810/1789 1809/1809/1788 1807/1807/1786
f 1805/1805/1784 1809/1809/1788 1811/1811/1790
f 1805/1805/1784 1811/1811/1790 1806/1806/1785
f 1811/1811/1790 1809/1809/1788 1812/1812/1791
f 1806/1806/1785 1811/1811/1790 1813/1813/1792
f 1813/1813/1792 1811/1811/1790 1814/1814/1793
f 1813/1813/1792 1814/1814/1793 1815/1815/1794
f 1815/1815/1794 1814/1814/1793 1816/1816/1795
f 1817/1817/1796 1811/1811/1790 1818/1818/1797
f 1814/1814/1793 1811/1811/1790 1817/1817/1796
f 1817/1817/1796 1819/1819/1798 1814/1814/1793
f 1816/1816/1795 1814/1814/1793 1820/1820/1799
f 1821/1821/1800 1820/1820/1799 1814/1814/1793
f 1821/1821/1800 1814/1814/1793 1819/1819/1798
f 1820/1820/1799 1822/1822/1801 1816/1816/1795
f 1822/1822/1801 1820/1820/1799 1821/1821/1800
f 1816/1816/1795 1822/1822/1801 1823/1823/1802
f 1823/1823/1802 1822/1822/1801 1824/1824/1803
f 1825/1825/1804 1822/1822/1801 1821/1821/1800
f 1824/1824/1803 1826/1826/1805 1808/1808/1787
f 1822/1822/1801 1826/1826/1805 1824/1824/1803
f 1822/1822/1801 1825/1825/1804 1827/1827/1806
f 1827/1827/1806 1826/1826/1805 1822/1822/1801
f 1808/1808/1787 1826/1826/1805 1807/1807/1786
f 1826/1826/1805 1810/1810/1789 1807/1807/1786
f 1828/1828/1807 1826/1826/1805 1827/1827/1806
f 1828/1828/1807 1829/1829/1808 1826/1826/1805
f 1828/1828/1807 1827/1827/1806 1830/1830/1809
f 1830/1830/1809 1831/1831/1810 1828/1828/1807
f 1827/1827/1806 1832/1832/1811 1830/1830/1809
f 1832/1832/1811 1827/1827/1806 1825/1825/1804
f 1832/1832/1811 1825/1825/1804 1833/1833/1812
f 1833/1833/1812 1825/1825/1804 1821/1821/1800
f 1821/1821/1800 1819/1819/1798 1833/1833/1812
f 1833/1833/1812 1819/1819/1798 1834/1834/1813
f 1819/1819/1798 1817/1817/1796 1834/1834/1813
f 1835/1835/1814 1834/1834/1813 1817/1817/1796
f 1835/1835/1814 1817/1817/1796 1818/1818/1797
f 1818/1818/1797 1836/1836/1815 1835/1835/1814
f 1837/1837/1816 1811/1811/1790 1812/1812/1791
f 1811/1811/1790 1837/1837/1816 1818/1818/1797
f 1836/1836/1815 1818/1818/1797 1838/1838/1817
f 1836/1836/1815 1838/1838/1817 1839/1839/1818
f 1818/1818/1797 1837/1837/1816 1840/1840/1819
f 1841/1841/1820 1839/1839/1818 1838/1838/1817
f 1841/1841/1820 1842/1842/1821 1839/1839/1818
f 1843/1843/1822 1842/1842/1821 1841/1841/1820
f 1840/1840/1819 1844/1844/1823 1818/1818/1797
f 1818/1818/1797 1844/1844/1823 1838/1838/1817
f 1845/1845/1824 1843/1843/1822 1841/1841/1820
f 1843/1843/1822 1845/1845/1824 1831/1831/1810
f 1845/1845/1824 1828/1828/1807 1831/1831/1810
f 1844/1844/1823 1841/1841/1820 1838/1838/1817
f 1845/1845/1824 1841/1841/1820 1844/1844/1823
f 1846/1846/1825 1845/1845/1824 1844/1844/1823
f 1845/1845/1824 1846/1846/1825 1828/1828/1807
f 1847/1847/1826 1829/1829/1808 1828/1828/1807
f 1828/1828/1807 1846/1846/1825 1847/1847/1826
f 1848/1848/1827 1846/1846/1825 1844/1844/1823
f 1846/1846/1825 1848/1848/1827 1849/1849/1828
f 1850/1850/1829 1848/1848/1827 1844/1844/1823
f 1850/1850/1829 1844/1844/1823 1851/1851/1830
f 1851/1851/1830 1848/1848/1827 1850/1850/1829
f 1851/1851/1830 1844/1844/1823 1840/1840/1819
f 1852/1852/1831 1846/1846/1825 1849/1849/1828
f 1847/1847/1826 1846/1846/1825 1852/1852/1831
f 1849/1849/1828 1848/1848/1827 1852/1852/1831
f 1848/1848/1827 1853/1853/1832 1852/1852/1831
f 1851/1851/1830 1853/1853/1832 1848/1848/1827
f 1854/1854/1833 1853/1853/1832 1851/1851/1830
f 1840/1840/1819 1854/1854/1833 1851/1851/1830
f 1852/1852/1831 1855/1855/1834 1847/1847/1826
f 1852/1852/1831 1853/1853/1832 1855/1855/1834
f 1856/1856/1835 1853/1853/1832 1854/1854/1833
f 1855/1855/1834 1853/1853/1832 1856/1856/1835
f 1847/1847/1826 1857/1857/1836 1829/1829/1808
f 1857/1857/1836 1847/1847/1826 1855/1855/1834
f 1858/1858/1837 1855/1855/1834 1856/1856/1835
f 1855/1855/1834 1859/1859/1838 1857/1857/1836
f 1858/1858/1837 1859/1859/1838 1855/1855/1834
f 1856/1856/1835 1854/1854/1833 1860/1860/1839
f 1859/1859/1838 1858/1858/1837 1861/1861/1840
f 1858/1858/1837 1856/1856/1835 1861/1861/1840
f 1861/1861/1840 1856/1856/1835 1860/1860/1839
f 1854/1854/1833 1861/1861/1840 1860/1860/1839
f 1854/1854/1833 1840/1840/1819 1862/1862/1841
f 1862/1862/1841 1861/1861/1840 1854/1854/1833
f 1861/1861/1840 1863/1863/1842 1859/1859/1838
f 1864/1864/1843 1859/1859/1838 1865/1865/1844
f 1865/1865/1844 1859/1859/1838 1863/1863/1842
f 1861/1861/1840 1862/1862/1841 1866/1866/1845
f 1861/1861/1840 1866/1866/1845 1863/1863/1842
f 1863/1863/1842 1866/1866/1845 1867/1867/1846
f 1867/1867/1846 1865/1865/1844 1863/1863/1842
f 1864/1864/1843 1865/1865/1844 1868/1868/1847
f 1865/1865/1844 1869/1869/1848 1868/1868/1847
f 1867/1867/1846 1869/1869/1848 1865/1865/1844
f 1868/1868/1847 1870/1870/1849 1864/1864/1843
f 1864/1864/1843 1870/1870/1849 1859/1859/1838
f 1870/1870/1849 1857/1857/1836 1859/1859/1838
f 1867/1867/1846 1871/1871/1850 1869/1869/1848
f 1869/1869/1848 1871/1871/1850 1868/1868/1847
f 1868/1868/1847 1872/1872/1851 1870/1870/1849
f 1868/1868/1847 1871/1871/1850 1872/1872/1851
f 1857/1857/1836 1870/1870/1849 1829/1829/1808
f 1873/1873/1852 1829/1829/1808 1870/1870/1849
f 1872/1872/1851 1873/1873/1852 1870/1870/1849
f 1874/1874/1853 1871/1871/1850 1867/1867/1846
f 1866/1866/1845 1874/1874/1853 1867/1867/1846
f 1837/1837/1816 1866/1866/1845 1862/1862/1841
f 1874/1874/1853 1866/1866/1845 1875/1875/1854
f 1837/1837/1816 1875/1875/1854 1866/1866/1845
f 1837/1837/1816 1862/1862/1841 1840/1840/1819
f 1875/1875/1854 1837/1837/1816 1876/1876/1855
f 1812/1812/1791 1876/1876/1855 1837/1837/1816
f 1875/1875/1854 1876/1876/1855 1877/1877/1856
f 1812/1812/1791 1809/1809/1788 1878/1878/1857
f 1878/1878/1857 1809/1809/1788 1879/1879/1858
f 1880/1880/1859 1879/1879/1858 1809/1809/1788
f 1880/1880/1859 1878/1878/1857 1879/1879/1858
f 1810/1810/1789 1881/1881/1860 1880/1880/1859
f 1809/1809/1788 1810/1810/1789 1880/1880/1859
f 1882/1882/1861 1810/1810/1789 1826/1826/1805
f 1882/1882/1861 1826/1826/1805 1829/1829/1808
f 1883/1883/1862 1810/1810/1789 1882/1882/1861
f 1881/1881/1860 1883/1883/1862 1880/1880/1859
f 1881/1881/1860 1810/1810/1789 1883/1883/1862
f 1880/1880/1859 1884/1884/1863 1878/1878/1857
f 1883/1883/1862 1884/1884/1863 1880/1880/1859
f 1883/1883/1862 1882/1882/1861 1885/1885/1864
f 1885/1885/1864 1884/1884/1863 1883/1883/1862
f 1886/1886/1865 1885/1885/1864 1882/1882/1861
f 1886/1886/1865 1829/1829/1808 1873/1873/1852
f 1829/1829/1808 1886/1886/1865 1882/1882/1861
f 1887/1887/1866 1812/1812/1791 1878/1878/1857
f 1878/1878/1857 1884/1884/1863 1887/1887/1866
f 1812/1812/1791 1887/1887/1866 1876/1876/1855
f 1887/1887/1866 1877/1877/1856 1876/1876/1855
f 1888/1888/1867 1887/1887/1866 1884/1884/1863
f 1884/1884/1863 1885/1885/1864 1888/1888/1867
f 1889/1889/1868 1877/1877/1856 1887/1887/1866
f 1888/1888/1867 1889/1889/1868 1887/1887/1866
f 1889/1889/1868 1890/1890/1869 1877/1877/1856
f 1888/1888/1867 1890/1890/1869 1889/1889/1868
f 1891/1891/1870 1890/1890/1869 1888/1888/1867
f 1885/1885/1864 1891/1891/1870 1888/1888/1867
f 1886/1886/1865 1890/1890/1869 1885/1885/1864
f 1885/1885/1864 1890/1890/1869 1891/1891/1870
f 1890/1890/1869 1886/1886/1865 1873/1873/1852
f 1892/1892/1871 1890/1890/1869 1873/1873/1852
f 1892/1892/1871 1873/1873/1852 1872/1872/1851
f 1890/1890/1869 1892/1892/1871 1877/1877/1856
f 1872/1872/1851 1871/1871/1850 1893/1893/1872
f 1893/1893/1872 1871/1871/1850 1874/1874/1853
f 1892/1892/1871 1872/1872/1851 1893/1893/1872
f 1892/1892/1871 1893/1893/1872 1877/1877/1856
f 1877/1877/1856 1893/1893/1872 1894/1894/1873
f 1874/1874/1853 1875/1875/1854 1894/1894/1873
f 1893/1893/1872 1874/1874/1853 1894/1894/1873
f 1875/1875/1854 1877/1877/1856 1894/1894/1873
f 1895/1895/1874 1896/1896/1875 1897/1897/1876
f 1895/1895/1874 1898/1898/1877 1896/1896/1875
f 1899/1899/1878 1895/1895/1874 1897/1897/1876
f 1900/1900/1879 1898/1898/1877 1895/1895/1874
f 1901/1901/1880 1895/1895/1874 1899/1899/1878
f 1900/1900/1879 1902/1902/1881 1898/1898/1877
f 1902/1902/1881 1903/1903/1882 1898/1898/1877
f 1902/1902/1881 1904/1904/1883 1903/1903/1882
f 1905/1905/1884 1904/1904/1883 1902/1902/1881
f 1906/1906/1885 1902/1902/1881 1900/1900/1879
f 1905/1905/1884 1907/1907/1886 1904/1904/1883
f 1907/1907/1886 1908/1908/1887 1904/1904/1883
f 1907/1907/1886 1909/1909/1888 1908/1908/1887
f 1906/1906/1885 1900/1900/1879 1895/1895/1874
f 1910/1910/1889 1909/1909/1888 1907/1907/1886
f 1906/1906/1885 1895/1895/1874 1902/1902/1881
f 1911/1911/1890 1905/1905/1884 1902/1902/1881
f 1901/1901/1880 1912/1912/1891 1895/1895/1874
f 1899/1899/1878 1912/1912/1891 1901/1901/1880
f 1899/1899/1878 1897/1897/1876 1912/1912/1891
f 1912/1912/1891 1897/1897/1876 1913/1913/1892
f 1912/1912/1891 1913/1913/1892 1914/1914/1893
f 1915/1915/1894 1912/1912/1891 1914/1914/1893
f 1916/1916/1895 1912/1912/1891 1915/1915/1894
f 1915/1915/1894 1914/1914/1893 1917/1917/1896
f 1917/1917/1896 1914/1914/1893 1918/1918/1897
f 1917/1917/1896 1918/1918/1897 1909/1909/1888
f 1910/1910/1889 1917/1917/1896 1909/1909/1888
f 1916/1916/1895 1915/1915/1894 1917/1917/1896
f 1919/1919/1898 1917/1917/1896 1910/1910/1889
f 1916/1916/1895 1917/1917/1896 1912/1912/1891
f 1912/1912/1891 1917/1917/1896 1895/1895/1874
f 1895/1895/1874 1917/1917/1896 1902/1902/1881
f 1902/1902/1881 1917/1917/1896 1907/1907/1886
f 1919/1919/1898 1907/1907/1886 1917/1917/1896
f 1919/1919/1898 1910/1910/1889 1907/1907/1886
f 1911/1911/1890 1907/1907/1886 1905/1905/1884
f 1911/1911/1890 1902/1902/1881 1907/1907/1886
f 1920/1920/1899 1921/1921/1900 1922/1922/1901
f 1921/1921/1900 1923/1923/1902 1922/1922/1901
f 1920/1920/1899 1922/1922/1901 1924/1924/1903
f 1922/1922/1901 1923/1923/1902 1925/1925/1904
f 1924/1924/1903 1922/1922/1901 1926/1926/1905
f 1923/1923/1902 1927/1927/1906 1925/1925/1904
f 1923/1923/1902 1928/1928/1907 1927/1927/1906
f 1928/1928/1907 1929/1929/1908 1927/1927/1906
f 1927/1927/1906 1929/1929/1908 1930/1930/1909
f 1925/1925/1904 1927/1927/1906 1931/1931/1910
f 1929/1929/1908 1932/1932/1911 1930/1930/1909
f 1929/1929/1908 1933/1933/1912 1932/1932/1911
f 1933/1933/1912 1934/1934/1913 1932/1932/1911
f 1922/1922/1901 1925/1925/1904 1931/1931/1910
f 1932/1932/1911 1934/1934/1913 1935/1935/1914
f 1934/1934/1913 1936/1936/1915 1935/1935/1914
f 1934/1934/1913 1937/1937/1916 1936/1936/1915
f 1937/1937/1916 1938/1938/1917 1936/1936/1915
f 1930/1930/1909 1932/1932/1911 1939/1939/1918
f 1936/1936/1915 1938/1938/1917 1940/1940/1919
f 1927/1927/1906 1930/1930/1909 1939/1939/1918
f 1941/1941/1920 1920/1920/1899 1924/1924/1903
f 1938/1938/1917 1941/1941/1920 1940/1940/1919
f 1942/1942/1921 1920/1920/1899 1941/1941/1920
f 1938/1938/1917 1942/1942/1921 1941/1941/1920
f 1940/1940/1919 1941/1941/1920 1943/1943/1922
f 1926/1926/1905 1941/1941/1920 1924/1924/1903
f 1936/1936/1915 1940/1940/1919 1943/1943/1922
f 1922/1922/1901 1941/1941/1920 1926/1926/1905
f 1941/1941/1920 1936/1936/1915 1943/1943/1922
f 1941/1941/1920 1927/1927/1906 1936/1936/1915
f 1922/1922/1901 1927/1927/1906 1941/1941/1920
f 1935/1935/1914 1936/1936/1915 1944/1944/1923
f 1932/1932/1911 1935/1935/1914 1944/1944/1923
f 1936/1936/1915 1932/1932/1911 1944/1944/1923
f 1936/1936/1915 1927/1927/1906 1932/1932/1911
f 1932/1932/1911 1927/1927/1906 1939/1939/1918
f 1927/1927/1906 1922/1922/1901 1931/1931/1910
f 1945/1945/1924 1946/1946/1925 1947/1947/1926
f 1946/1946/1925 1948/1948/1927 1947/1947/1926
f 1945/1945/1924 1947/1947/1926 1949/1949/1928
f 1947/1947/1926 1948/1948/1927 1950/1950/1929
f 1949/1949/1928 1947/1947/1926 1951/1951/1930
f 1948/1948/1927 1952/1952/1931 1950/1950/1929
f 1948/1948/1927 1953/1953/1932 1952/1952/1931
f 1953/1953/1932 1954/1954/1933 1952/1952/1931
f 1952/1952/1931 1954/1954/1933 1955/1955/1934
f 1950/1950/1929 1952/1952/1931 1956/1956/1935
f 1954/1954/1933 1957/1957/1936 1955/1955/1934
f 1954/1954/1933 1958/1958/1937 1957/1957/1936
f 1958/1958/1937 1959/1959/1938 1957/1957/1936
f 1947/1947/1926 1950/1950/1929 1956/1956/1935
f 1957/1957/1936 1959/1959/1938 1960/1960/1939
f 1959/1959/1938 1961/1961/1940 1960/1960/1939
f 1959/1959/1938 1962/1962/1941 1961/1961/1940
f 1962/1962/1941 1963/1963/1942 1961/1961/1940
f 1955/1955/1934 1957/1957/1936 1964/1964/1943
f 1961/1961/1940 1963/1963/1942 1965/1965/1944
f 1952/1952/1931 1955/1955/1934 1964/1964/1943
f 1966/1966/1945 1945/1945/1924 1949/1949/1928
f 1963/1963/1942 1966/1966/1945 1965/1965/1944
f 1967/1967/1946 1945/1945/1924 1966/1966/1945
f 1963/1963/1942 1967/1967/1946 1966/1966/1945
f 1965/1965/1944 1966/1966/1945 1968/1968/1947
f 1951/1951/1930 1966/1966/1945 1949/1949/1928
f 1961/1961/1940 1965/1965/1944 1968/1968/1947
f 1947/1947/1926 1966/1966/1945 1951/1951/1930
f 1966/1966/1945 1961/1961/1940 1968/1968/1947
f 1960/1960/1939 1961/1961/1940 1969/1969/1948
f 1957/1957/1936 1960/1960/1939 1969/1969/1948
f 1961/1961/1940 1957/1957/1936 1969/1969/1948
f 1961/1961/1940 1966/1966/1945 1957/1957/1936
f 1957/1957/1936 1966/1966/1945 1952/1952/1931
f 1952/1952/1931 1966/1966/1945 1947/1947/1926
f 1957/1957/1936 1952/1952/1931 1964/1964/1943
f 1952/1952/1931 1947/1947/1926 1956/1956/1935
f 1970/1970/1949 1971/1971/1950 1972/1972/1951
f 1970/1970/1949 1973/1973/1952 1971/1971/1950
f 1974/1974/1953 1970/1970/1949 1972/1972/1951
f 1975/1975/1954 1973/1973/1952 1970/1970/1949
f 1976/1976/1955 1970/1970/1949 1974/1974/1953
f 1975/1975/1954 1977/1977/1956 1973/1973/1952
f 1977/1977/1956 1978/1978/1957 1973/1973/1952
f 1977/1977/1956 1979/1979/1958 1978/1978/1957
f 1980/1980/1959 1979/1979/1958 1977/1977/1956
f 1981/1981/1960 1977/1977/1956 1975/1975/1954
f 1980/1980/1959 1982/1982/1961 1979/1979/1958
f 1982/1982/1961 1983/1983/1962 1979/1979/1958
f 1982/1982/1961 1984/1984/1963 1983/1983/1962
f 1981/1981/1960 1975/1975/1954 1970/1970/1949
f 1985/1985/1964 1984/1984/1963 1982/1982/1961
f 1981/1981/1960 1970/1970/1949 1977/1977/1956
f 1986/1986/1965 1980/1980/1959 1977/1977/1956
f 1976/1976/1955 1987/1987/1966 1970/1970/1949
f 1974/1974/1953 1987/1987/1966 1976/1976/1955
f 1974/1974/1953 1972/1972/1951 1987/1987/1966
f 1987/1987/1966 1972/1972/1951 1988/1988/1967
f 1987/1987/1966 1988/1988/1967 1989/1989/1968
f 1990/1990/1969 1987/1987/1966 1989/1989/1968
f 1991/1991/1970 1987/1987/1966 1990/1990/1969
f 1990/1990/1969 1989/1989/1968 1992/1992/1971
f 1992/1992/1971 1989/1989/1968 1993/1993/1972
f 1992/1992/1971 1993/1993/1972 1984/1984/1963
f 1985/1985/1964 1992/1992/1971 1984/1984/1963
f 1991/1991/1970 1990/1990/1969 1992/1992/1971
f 1994/1994/1973 1992/1992/1971 1985/1985/1964
f 1991/1991/1970 1992/1992/1971 1987/1987/1966
f 1992/1992/1971 1982/1982/1961 1987/1987/1966
f 1987/1987/1966 1982/1982/1961 1970/1970/1949
f 1970/1970/1949 1982/1982/1961 1977/1977/1956
f 1994/1994/1973 1982/1982/1961 1992/1992/1971
f 1994/1994/1973 1985/1985/1964 1982/1982/1961
f 1986/1986/1965 1982/1982/1961 1980/1980/1959
f 1986/1986/1965 1977/1977/1956 1982/1982/1961
f 1995/1995/1974 1996/1996/1975 1997/1997/1976
f 1996/1996/1975 1998/1998/1977 1997/1997/1976
f 1999/1999/1978 1995/1995/1974 1997/1997/1976
f 2000/2000/1979 1999/1999/1978 1997/1997/1976
f 2001/2001/1980 2000/2000/1979 1997/1997/1976
f 2002/2002/1981 2003/2003/312 1997/1997/1976
f 2004/2004/1982 2001/2001/1980 1997/1997/1976
f 2003/2003/312 2005/2005/1983 1997/1997/1976
f 2006/2006/1984 2004/2004/1982 1997/1997/1976
f 2005/2005/1983 2007/2007/1985 1997/1997/1976
f 2008/2008/1986 2006/2006/1984 1997/1997/1976
f 2007/2007/1985 2009/2009/1987 1997/1997/1976
f 2009/2009/1987 2010/2010/1988 1997/1997/1976
f 1997/1997/1976 2010/2010/1988 2008/2008/1986
f 2011/2011/1989 671/671/667 525/525/521
f 2011/2011/1989 2012/2012/1990 671/671/667
f 2013/2013/1991 2012/2012/1990 2011/2011/1989
f 671/671/667 2014/2014/1992 650/650/646
f 2015/2015/1993 2012/2012/1990 2013/2013/1991
f 648/648/644 650/650/646 2014/2014/1992
f 2015/2015/1993 2016/2016/1994 2012/2012/1990
f 2017/2017/1995 2016/2016/1994 2015/2015/1993
f 649/649/645 648/648/644 2014/2014/1992
f 2017/2017/1995 2018/2018/1996 2016/2016/1994
f 2019/2019/1997 2018/2018/1996 2017/2017/1995
f 2012/2012/1990 2016/2016/1994 2020/2020/1998
f 2021/2021/1999 2018/2018/1996 2019/2019/1997
f 2020/2020/1998 2016/2016/1994 2022/2022/2000
f 2016/2016/1994 2018/2018/1996 2022/2022/2000
f 2021/2021/1999 2023/2023/2001 2018/2018/1996
f 2024/2024/2002 2023/2023/2001 2021/2021/1999
f 2018/2018/1996 2023/2023/2001 2025/2025/2003
f 2022/2022/2000 2018/2018/1996 2025/2025/2003
f 2026/2026/2004 2023/2023/2001 2024/2024/2002
f 2026/2026/2004 2027/2027/2005 2023/2023/2001
f 2028/2028/2006 2027/2027/2005 2026/2026/2004
f 2025/2025/2003 2023/2023/2001 2029/2029/2007
f 2023/2023/2001 2027/2027/2005 2029/2029/2007
f 2030/2030/2008 2027/2027/2005 2028/2028/2006
f 2029/2029/2007 2027/2027/2005 2031/2031/2009
f 2030/2030/2008 2032/2032/2010 2027/2027/2005
f 2033/2033/2011 2032/2032/2010 2030/2030/2008
f 2027/2027/2005 2032/2032/2010 2031/2031/2009
f 2034/2034/2012 2032/2032/2010 2033/2033/2011
f 2031/2031/2009 2032/2032/2010 2035/2035/2013
f 2034/2034/2012 2036/2036/2014 2032/2032/2010
f 2037/2037/2015 2036/2036/2014 2034/2034/2012
f 2032/2032/2010 2036/2036/2014 2035/2035/2013
f 2038/2038/2016 2036/2036/2014 2037/2037/2015
f 2035/2035/2013 2036/2036/2014 2039/2039/2017
f 2038/2038/2016 2040/2040/2018 2036/2036/2014
f 2041/2041/2019 2040/2040/2018 2038/2038/2016
f 2040/2040/2018 2042/2042/2020 2036/2036/2014
f 2039/2039/2017 2036/2036/2014 2042/2042/2020
f 2041/2041/2019 2043/2043/2021 2040/2040/2018
f 2043/2043/2021 2041/2041/2019 2044/2044/2022
f 2040/2040/2018 2043/2043/2021 2042/2042/2020
f 2043/2043/2021 2044/2044/2022 2045/2045/2023
f 2042/2042/2020 2043/2043/2021 2046/2046/2024
f 2043/2043/2021 2045/2045/2023 2047/2047/2025
f 2048/2048/2026 2047/2047/2025 2045/2045/2023
f 2043/2043/2021 2047/2047/2025 2046/2046/2024
f 2048/2048/2026 2049/2049/2027 2047/2047/2025
f 2050/2050/2028 2049/2049/2027 2048/2048/2026
f 2049/2049/2027 2051/2051/2029 2047/2047/2025
f 2046/2046/2024 2047/2047/2025 2051/2051/2029
f 2052/2052/2030 2049/2049/2027 2050/2050/2028
f 2052/2052/2030 2053/2053/2031 2049/2049/2027
f 2054/2054/2032 2053/2053/2031 2052/2052/2030
f 2049/2049/2027 2053/2053/2031 2055/2055/2033
f 2051/2051/2029 2049/2049/2027 2055/2055/2033
f 2056/2056/2034 2053/2053/2031 2054/2054/2032
f 2056/2056/2034 2057/2057/2035 2053/2053/2031
f 2058/2058/2036 2057/2057/2035 2056/2056/2034
f 2055/2055/2033 2053/2053/2031 2059/2059/2037
f 2053/2053/2031 2057/2057/2035 2059/2059/2037
f 2060/2060/2038 2057/2057/2035 2058/2058/2036
f 2060/2060/2038 2061/2061/2039 2057/2057/2035
f 2062/2062/2040 2061/2061/2039 2060/2060/2038
f 2059/2059/2037 2057/2057/2035 2063/2063/2041
f 2057/2057/2035 2061/2061/2039 2063/2063/2041
f 2064/2064/2042 2061/2061/2039 2062/2062/2040
f 649/649/645 2065/2065/2043 2064/2064/2042
f 2064/2064/2042 2065/2065/2043 2061/2061/2039
f 2061/2061/2039 2065/2065/2043 2066/2066/2044
f 2063/2063/2041 2061/2061/2039 2066/2066/2044
f 649/649/645 2014/2014/1992 2065/2065/2043
f 2066/2066/2044 2065/2065/2043 2067/2067/2045
f 2065/2065/2043 2014/2014/1992 2067/2067/2045
f 2067/2067/2045 2068/2068/2046 2066/2066/2044
f 2067/2067/2045 2014/2014/1992 2069/2069/2047
f 2067/2067/2045 2070/2070/2048 2068/2068/2046
f 2069/2069/2047 2070/2070/2048 2067/2067/2045
f 2014/2014/1992 671/671/667 2069/2069/2047
f 2069/2069/2047 2071/2071/2049 2070/2070/2048
f 2069/2069/2047 671/671/667 2072/2072/2050
f 2072/2072/2050 2071/2071/2049 2069/2069/2047
f 671/671/667 2012/2012/1990 2072/2072/2050
f 2072/2072/2050 2073/2073/2051 2071/2071/2049
f 2072/2072/2050 2012/2012/1990 2020/2020/1998
f 2020/2020/1998 2073/2073/2051 2072/2072/2050
f 2020/2020/1998 2074/2074/2052 2073/2073/2051
f 2022/2022/2000 2074/2074/2052 2020/2020/1998
f 2075/2075/2053 2073/2073/2051 2074/2074/2052
f 2022/2022/2000 2076/2076/2054 2074/2074/2052
f 2075/2075/2053 2074/2074/2052 2077/2077/2055
f 2077/2077/2055 2074/2074/2052 2076/2076/2054
f 2025/2025/2003 2078/2078/2056 2022/2022/2000
f 2022/2022/2000 2078/2078/2056 2076/2076/2054
f 2077/2077/2055 2076/2076/2054 2078/2078/2056
f 2077/2077/2055 2078/2078/2056 2079/2079/2057
f 2029/2029/2007 2080/2080/2058 2025/2025/2003
f 2025/2025/2003 2080/2080/2058 2078/2078/2056
f 2079/2079/2057 2078/2078/2056 2080/2080/2058
f 2031/2031/2009 2080/2080/2058 2029/2029/2007
f 2079/2079/2057 2080/2080/2058 2081/2081/2059
f 2031/2031/2009 2082/2082/2060 2080/2080/2058
f 2083/2083/2061 2080/2080/2058 2082/2082/2060
f 2081/2081/2059 2080/2080/2058 2083/2083/2061
f 2035/2035/2013 2082/2082/2060 2031/2031/2009
f 2083/2083/2061 2082/2082/2060 2084/2084/2062
f 2035/2035/2013 2085/2085/2063 2082/2082/2060
f 2084/2084/2062 2082/2082/2060 2085/2085/2063
f 2039/2039/2017 2085/2085/2063 2035/2035/2013
f 2084/2084/2062 2085/2085/2063 2086/2086/2064
f 2039/2039/2017 2087/2087/2065 2085/2085/2063
f 2042/2042/2020 2087/2087/2065 2039/2039/2017
f 2088/2088/2066 2085/2085/2063 2087/2087/2065
f 2086/2086/2064 2085/2085/2063 2088/2088/2066
f 2088/2088/2066 2087/2087/2065 2089/2089/2067
f 2046/2046/2024 2090/2090/2068 2042/2042/2020
f 2042/2042/2020 2090/2090/2068 2087/2087/2065
f 2089/2089/2067 2087/2087/2065 2090/2090/2068
f 2046/2046/2024 2091/2091/2069 2090/2090/2068
f 2092/2092/2070 2090/2090/2068 2091/2091/2069
f 2089/2089/2067 2090/2090/2068 2092/2092/2070
f 2091/2091/2069 2046/2046/2024 2051/2051/2029
f 2092/2092/2070 2091/2091/2069 2093/2093/2071
f 2089/2089/2067 2092/2092/2070 2094/2094/2072
f 2091/2091/2069 2051/2051/2029 2095/2095/2073
f 2092/2092/2070 2093/2093/2071 2096/2096/2074
f 2094/2094/2072 2092/2092/2070 2096/2096/2074
f 2088/2088/2066 2089/2089/2067 2094/2094/2072
f 2096/2096/2074 2088/2088/2066 2094/2094/2072
f 2096/2096/2074 2097/2097/2075 2088/2088/2066
f 2086/2086/2064 2088/2088/2066 2097/2097/2075
f 2093/2093/2071 2091/2091/2069 2095/2095/2073
f 2098/2098/2076 2097/2097/2075 2096/2096/2074
f 2096/2096/2074 2093/2093/2071 2098/2098/2076
f 2084/2084/2062 2086/2086/2064 2097/2097/2075
f 2093/2093/2071 2095/2095/2073 2099/2099/2077
f 2093/2093/2071 2099/2099/2077 2098/2098/2076
f 2100/2100/2078 2084/2084/2062 2097/2097/2075
f 2097/2097/2075 2098/2098/2076 2100/2100/2078
f 2051/2051/2029 2101/2101/2079 2095/2095/2073
f 2055/2055/2033 2101/2101/2079 2051/2051/2029
f 2099/2099/2077 2095/2095/2073 2101/2101/2079
f 2099/2099/2077 2101/2101/2079 2102/2102/2080
f 2099/2099/2077 2102/2102/2080 2098/2098/2076
f 2100/2100/2078 2098/2098/2076 2103/2103/2081
f 2098/2098/2076 2102/2102/2080 2103/2103/2081
f 2102/2102/2080 2101/2101/2079 2104/2104/2082
f 2059/2059/2037 2104/2104/2082 2055/2055/2033
f 2055/2055/2033 2104/2104/2082 2101/2101/2079
f 2083/2083/2061 2084/2084/2062 2100/2100/2078
f 2059/2059/2037 2105/2105/2083 2104/2104/2082
f 2081/2081/2059 2083/2083/2061 2100/2100/2078
f 2100/2100/2078 2103/2103/2081 2081/2081/2059
f 2079/2079/2057 2081/2081/2059 2106/2106/2084
f 2081/2081/2059 2107/2107/2085 2106/2106/2084
f 2081/2081/2059 2103/2103/2081 2107/2107/2085
f 2103/2103/2081 2108/2108/2086 2107/2107/2085
f 2102/2102/2080 2104/2104/2082 2108/2108/2086
f 2108/2108/2086 2104/2104/2082 2105/2105/2083
f 2102/2102/2080 2108/2108/2086 2103/2103/2081
f 2063/2063/2041 2105/2105/2083 2059/2059/2037
f 2108/2108/2086 2105/2105/2083 2109/2109/2087
f 2108/2108/2086 2109/2109/2087 2107/2107/2085
f 2063/2063/2041 2110/2110/2088 2105/2105/2083
f 2109/2109/2087 2105/2105/2083 2110/2110/2088
f 2106/2106/2084 2107/2107/2085 2109/2109/2087
f 2109/2109/2087 2110/2110/2088 2111/2111/2089
f 2111/2111/2089 2110/2110/2088 2112/2112/2090
f 2066/2066/2044 2112/2112/2090 2063/2063/2041
f 2063/2063/2041 2112/2112/2090 2110/2110/2088
f 2066/2066/2044 2068/2068/2046 2112/2112/2090
f 2111/2111/2089 2112/2112/2090 2113/2113/2091
f 2113/2113/2091 2112/2112/2090 2068/2068/2046
f 2109/2109/2087 2111/2111/2089 2114/2114/2092
f 2106/2106/2084 2109/2109/2087 2114/2114/2092
f 2111/2111/2089 2113/2113/2091 2114/2114/2092
f 2115/2115/2093 2079/2079/2057 2106/2106/2084
f 2077/2077/2055 2079/2079/2057 2115/2115/2093
f 2106/2106/2084 2114/2114/2092 2115/2115/2093
f 2115/2115/2093 2114/2114/2092 2113/2113/2091
f 2115/2115/2093 2113/2113/2091 2116/2116/2094
f 2075/2075/2053 2077/2077/2055 2116/2116/2094
f 2116/2116/2094 2077/2077/2055 2115/2115/2093
f 2113/2113/2091 2068/2068/2046 2117/2117/2095
f 2117/2117/2095 2068/2068/2046 2070/2070/2048
f 2116/2116/2094 2113/2113/2091 2118/2118/2096
f 2113/2113/2091 2117/2117/2095 2118/2118/2096
f 2117/2117/2095 2119/2119/2097 2118/2118/2096
f 2119/2119/2097 2070/2070/2048 2071/2071/2049
f 2070/2070/2048 2119/2119/2097 2117/2117/2095
f 2120/2120/2098 2075/2075/2053 2116/2116/2094
f 2116/2116/2094 2118/2118/2096 2120/2120/2098
f 2120/2120/2098 2118/2118/2096 2119/2119/2097
f 2119/2119/2097 2071/2071/2049 2121/2121/2099
f 2119/2119/2097 2121/2121/2099 2122/2122/2100
f 2121/2121/2099 2071/2071/2049 2073/2073/2051
f 2120/2120/2098 2119/2119/2097 2122/2122/2100
f 2121/2121/2099 2120/2120/2098 2122/2122/2100
f 2120/2120/2098 2073/2073/2051 2075/2075/2053
f 2121/2121/2099 2073/2073/2051 2120/2120/2098
f 2123/2123/2101 968/968/964 992/992/988
f 968/968/964 2123/2123/2101 2124/2124/2102
f 969/969/965 968/968/964 2124/2124/2102
f 2125/2125/2103 992/992/988 998/998/994
f 2123/2123/2101 992/992/988 2125/2125/2103
f 1002/1002/998 2125/2125/2103 998/998/994
f 964/964/960 969/969/965 2126/2126/2104
f 2126/2126/2104 948/948/944 964/964/960
f 2127/2127/2105 2125/2125/2103 1002/1002/998
f 961/961/957 948/948/944 2128/2128/2106
f 2128/2128/2106 948/948/944 2126/2126/2104
f 961/961/957 2128/2128/2106 2129/2129/2107
f 2126/2126/2104 969/969/965 2130/2130/2108
f 2130/2130/2108 2128/2128/2106 2126/2126/2104
f 961/961/957 2131/2131/2109 959/959/955
f 961/961/957 2129/2129/2107 2131/2131/2109
f 2129/2129/2107 2128/2128/2106 2132/2132/2110
f 2129/2129/2107 2132/2132/2110 2131/2131/2109
f 2128/2128/2106 2130/2130/2108 2132/2132/2110
f 2132/2132/2110 1003/1003/999 1001/1001/997
f 2131/2131/2109 2133/2133/2111 959/959/955
f 962/962/958 959/959/955 2133/2133/2111
f 963/963/959 962/962/958 2134/2134/2112
f 2134/2134/2112 962/962/958 2133/2133/2111
f 2131/2131/2109 2135/2135/2113 2133/2133/2111
f 2135/2135/2113 2134/2134/2112 2133/2133/2111
f 2135/2135/2113 2131/2131/2109 2136/2136/2114
f 2136/2136/2114 2131/2131/2109 2132/2132/2110
f 2136/2136/2114 2134/2134/2112 2135/2135/2113
f 2137/2137/2115 2134/2134/2112 2136/2136/2114
f 2137/2137/2115 963/963/959 2134/2134/2112
f 2138/2138/2116 963/963/959 2137/2137/2115
f 2138/2138/2116 965/965/961 963/963/959
f 2138/2138/2116 966/966/962 965/965/961
f 2136/2136/2114 2139/2139/2117 2137/2137/2115
f 966/966/962 2139/2139/2117 1004/1004/1000
f 2132/2132/2110 2139/2139/2117 2136/2136/2114
f 2138/2138/2116 2137/2137/2115 2139/2139/2117
f 966/966/962 2138/2138/2116 2139/2139/2117
f 2140/2140/2118 1001/1001/997 1004/1004/1000
f 2132/2132/2110 1001/1001/997 2140/2140/2118
f 2139/2139/2117 2140/2140/2118 1004/1004/1000
f 2139/2139/2117 2132/2132/2110 2140/2140/2118
f 2132/2132/2110 2130/2130/2108 2141/2141/2119
f 2141/2141/2119 1005/1005/1001 1003/1003/999
f 2141/2141/2119 1003/1003/999 2132/2132/2110
f 2130/2130/2108 2142/2142/2120 2141/2141/2119
f 969/969/965 2142/2142/2120 2130/2130/2108
f 2142/2142/2120 2143/2143/2121 2141/2141/2119
f 2141/2141/2119 2143/2143/2121 1005/1005/1001
f 999/999/995 1005/1005/1001 2144/2144/2122
f 2143/2143/2121 2144/2144/2122 1005/1005/1001
f 2142/2142/2120 2145/2145/2123 2143/2143/2121
f 2144/2144/2122 2146/2146/2124 999/999/995
f 2146/2146/2124 1002/1002/998 999/999/995
f 2145/2145/2123 2144/2144/2122 2143/2143/2121
f 2127/2127/2105 1002/1002/998 2146/2146/2124
f 2147/2147/2125 2146/2146/2124 2144/2144/2122
f 2147/2147/2125 2148/2148/2126 2146/2146/2124
f 2127/2127/2105 2146/2146/2124 2148/2148/2126
f 2148/2148/2126 2149/2149/2127 2127/2127/2105
f 2127/2127/2105 2150/2150/2128 2125/2125/2103
f 2149/2149/2127 2150/2150/2128 2127/2127/2105
f 2149/2149/2127 2151/2151/2129 2150/2150/2128
f 2124/2124/2102 2123/2123/2101 2152/2152/2130
f 2123/2123/2101 2125/2125/2103 2152/2152/2130
f 2152/2152/2130 2125/2125/2103 2153/2153/2131
f 2125/2125/2103 2150/2150/2128 2153/2153/2131
f 2124/2124/2102 2142/2142/2120 969/969/965
f 2145/2145/2123 2142/2142/2120 2124/2124/2102
f 2124/2124/2102 2154/2154/2132 2145/2145/2123
f 2124/2124/2102 2152/2152/2130 2154/2154/2132
f 2154/2154/2132 2152/2152/2130 2153/2153/2131
f 2145/2145/2123 2154/2154/2132 2144/2144/2122
f 2144/2144/2122 2154/2154/2132 2147/2147/2125
f 2153/2153/2131 2150/2150/2128 2155/2155/2133
f 2150/2150/2128 2151/2151/2129 2155/2155/2133
f 2154/2154/2132 2153/2153/2131 2147/2147/2125
f 2155/2155/2133 2151/2151/2129 2156/2156/2134
f 2156/2156/2134 2151/2151/2129 2149/2149/2127
f 2157/2157/2135 2155/2155/2133 2156/2156/2134
f 2153/2153/2131 2155/2155/2133 2157/2157/2135
f 2153/2153/2131 2157/2157/2135 2148/2148/2126
f 2153/2153/2131 2148/2148/2126 2147/2147/2125
f 2156/2156/2134 2149/2149/2127 2157/2157/2135
f 2157/2157/2135 2149/2149/2127 2148/2148/2126
f 2158/2158/2136 2159/2159/2137 2160/2160/2138
f 2159/2159/2137 2161/2161/2139 2160/2160/2138
f 2160/2160/2138 2161/2161/2139 2162/2162/2140
f 2163/2163/2141 2159/2159/2137 2158/2158/2136
f 2161/2161/2139 2159/2159/2137 2163/2163/2141
f 2161/2161/2139 2164/2164/2142 2162/2162/2140
f 2164/2164/2142 2165/2165/2143 2162/2162/2140
f 2165/2165/2143 2166/2166/2144 2162/2162/2140
f 2167/2167/2145 2166/2166/2144 2165/2165/2143
f 2164/2164/2142 2167/2167/2145 2165/2165/2143
f 2168/2168/2146 2167/2167/2145 2164/2164/2142
f 2162/2162/2140 2169/2169/2147 2160/2160/2138
f 2162/2162/2140 2166/2166/2144 2169/2169/2147
f 2170/2170/2148 2166/2166/2144 2167/2167/2145
f 2169/2169/2147 2171/2171/2149 2160/2160/2138
f 2171/2171/2149 2158/2158/2136 2160/2160/2138
f 2170/2170/2148 2172/2172/2150 2166/2166/2144
f 2166/2166/2144 2172/2172/2150 2169/2169/2147
f 2169/2169/2147 2172/2172/2150 2173/2173/2151
f 2169/2169/2147 2173/2173/2151 2171/2171/2149
f 2158/2158/2136 2171/2171/2149 2174/2174/2152
f 2171/2171/2149 2173/2173/2151 2174/2174/2152
f 2173/2173/2151 2172/2172/2150 2175/2175/2153
f 2174/2174/2152 2173/2173/2151 2175/2175/2153
f 2175/2175/2153 2176/2176/2154 2174/2174/2152
f 2172/2172/2150 2177/2177/2155 2175/2175/2153
f 2176/2176/2154 2178/2178/2156 2174/2174/2152
f 2174/2174/2152 2178/2178/2156 2158/2158/2136
f 2175/2175/2153 2179/2179/2157 2176/2176/2154
f 2177/2177/2155 2179/2179/2157 2175/2175/2153
f 2180/2180/2158 2179/2179/2157 2177/2177/2155
f 2172/2172/2150 2180/2180/2158 2177/2177/2155
f 2181/2181/2159 2180/2180/2158 2172/2172/2150
f 2181/2181/2159 2172/2172/2150 2170/2170/2148
f 2180/2180/2158 2181/2181/2159 2182/2182/2160
f 2182/2182/2160 2181/2181/2159 2183/2183/2161
f 2180/2180/2158 2182/2182/2160 2184/2184/2162
f 2184/2184/2162 2179/2179/2157 2180/2180/2158
f 2182/2182/2160 2185/2185/2163 2184/2184/2162
f 2183/2183/2161 2181/2181/2159 2170/2170/2148
f 2182/2182/2160 2183/2183/2161 2186/2186/2164
f 2186/2186/2164 2185/2185/2163 2182/2182/2160
f 2186/2186/2164 2183/2183/2161 2187/2187/2165
f 2167/2167/2145 2187/2187/2165 2170/2170/2148
f 2167/2167/2145 2168/2168/2146 2187/2187/2165
f 2187/2187/2165 2183/2183/2161 2170/2170/2148
f 2187/2187/2165 2188/2188/2166 2186/2186/2164
f 2187/2187/2165 2168/2168/2146 2188/2188/2166
f 2189/2189/2167 2164/2164/2142 2161/2161/2139
f 2168/2168/2146 2164/2164/2142 2189/2189/2167
f 2190/2190/2168 2188/2188/2166 2168/2168/2146
f 2186/2186/2164 2188/2188/2166 2190/2190/2168
f 2191/2191/2169 2190/2190/2168 2168/2168/2146
f 2168/2168/2146 2189/2189/2167 2191/2191/2169
f 2192/2192/2170 2161/2161/2139 2163/2163/2141
f 2192/2192/2170 2189/2189/2167 2161/2161/2139
f 2193/2193/2171 2189/2189/2167 2192/2192/2170
f 2191/2191/2169 2189/2189/2167 2193/2193/2171
f 2194/2194/2172 2191/2191/2169 2193/2193/2171
f 2194/2194/2172 2193/2193/2171 2192/2192/2170
f 2195/2195/2173 2191/2191/2169 2194/2194/2172
f 2191/2191/2169 2195/2195/2173 2190/2190/2168
f 2190/2190/2168 2196/2196/2174 2186/2186/2164
f 2190/2190/2168 2195/2195/2173 2196/2196/2174
f 2163/2163/2141 2197/2197/2175 2192/2192/2170
f 2197/2197/2175 2194/2194/2172 2192/2192/2170
f 2197/2197/2175 2198/2198/2176 2194/2194/2172
f 2194/2194/2172 2198/2198/2176 2195/2195/2173
f 2195/2195/2173 2198/2198/2176 2199/2199/2177
f 2196/2196/2174 2195/2195/2173 2199/2199/2177
f 2200/2200/2178 2196/2196/2174 2199/2199/2177
f 2186/2186/2164 2196/2196/2174 2200/2200/2178
f 2200/2200/2178 2185/2185/2163 2186/2186/2164
f 2200/2200/2178 2184/2184/2162 2185/2185/2163
f 2201/2201/2179 2200/2200/2178 2199/2199/2177
f 2201/2201/2179 2184/2184/2162 2200/2200/2178
f 2184/2184/2162 2201/2201/2179 2202/2202/2180
f 2202/2202/2180 2179/2179/2157 2184/2184/2162
f 2176/2176/2154 2179/2179/2157 2202/2202/2180
f 2158/2158/2136 2178/2178/2156 2203/2203/2181
f 2178/2178/2156 2176/2176/2154 2203/2203/2181
f 2176/2176/2154 2202/2202/2180 2204/2204/2182
f 2203/2203/2181 2176/2176/2154 2204/2204/2182
f 2202/2202/2180 2205/2205/2183 2204/2204/2182
f 2202/2202/2180 2201/2201/2179 2205/2205/2183
f 2205/2205/2183 2198/2198/2176 2204/2204/2182
f 2199/2199/2177 2198/2198/2176 2201/2201/2179
f 2201/2201/2179 2198/2198/2176 2205/2205/2183
f 2204/2204/2182 2198/2198/2176 2206/2206/2184
f 2204/2204/2182 2206/2206/2184 2203/2203/2181
f 2206/2206/2184 2198/2198/2176 2197/2197/2175
f 2206/2206/2184 2197/2197/2175 2207/2207/2185
f 2207/2207/2185 2158/2158/2136 2203/2203/2181
f 2206/2206/2184 2207/2207/2185 2203/2203/2181
f 2207/2207/2185 2197/2197/2175 2163/2163/2141
f 2158/2158/2136 2207/2207/2185 2163/2163/2141
f 2208/2208/2186 2209/2209/2187 2210/2210/2188
f 2210/2210/2188 2211/2211/2189 2208/2208/2186
f 2208/2208/2186 2211/2211/2189 2212/2212/2190
f 2212/2212/2190 2209/2209/2187 2208/2208/2186
f 2212/2212/2190 2213/2213/2191 2209/2209/2187
f 2212/2212/2190 2214/2214/2192 2213/2213/2191
f 2209/2209/2187 2213/2213/2191 2210/2210/2188
f 2213/2213/2191 2214/2214/2192 2210/2210/2188
f 2212/2212/2190 2215/2215/2193 2214/2214/2192
f 2214/2214/2192 2215/2215/2193 2210/2210/2188
f 2216/2216/2194 2211/2211/2189 2210/2210/2188
f 2210/2210/2188 2215/2215/2193 2216/2216/2194
f 2215/2215/2193 2217/2217/2195 2216/2216/2194
f 2216/2216/2194 2218/2218/2196 2211/2211/2189
f 2219/2219/2197 2218/2218/2196 2216/2216/2194
f 2216/2216/2194 2217/2217/2195 2219/2219/2197
f 2217/2217/2195 2220/2220/2198 2219/2219/2197
f 2221/2221/2199 2215/2215/2193 2212/2212/2190
f 2212/2212/2190 2211/2211/2189 2221/2221/2199
f 2221/2221/2199 2217/2217/2195 2215/2215/2193
f 2211/2211/2189 2218/2218/2196 2221/2221/2199
f 2221/2221/2199 2218/2218/2196 2222/2222/2200
f 2222/2222/2200 2217/2217/2195 2221/2221/2199
f 2222/2222/2200 2220/2220/2198 2217/2217/2195
f 2218/2218/2196 2223/2223/2201 2222/2222/2200
f 2222/2222/2200 2223/2223/2201 2224/2224/2202
f 2224/2224/2202 2220/2220/2198 2222/2222/2200
f 2224/2224/2202 2225/2225/2203 2220/2220/2198
f 2223/2223/2201 2226/2226/2204 2224/2224/2202
f 2224/2224/2202 2226/2226/2204 2227/2227/2205
f 2227/2227/2205 2225/2225/2203 2224/2224/2202
f 2219/2219/2197 2223/2223/2201 2218/2218/2196
f 2219/2219/2197 2220/2220/2198 2228/2228/2206
f 2228/2228/2206 2223/2223/2201 2219/2219/2197
f 2228/2228/2206 2226/2226/2204 2223/2223/2201
f 2220/2220/2198 2225/2225/2203 2228/2228/2206
f 2229/2229/2207 2226/2226/2204 2228/2228/2206
f 2228/2228/2206 2225/2225/2203 2229/2229/2207
f 2229/2229/2207 2230/2230/2208 2226/2226/2204
f 2225/2225/2203 2231/2231/2209 2229/2229/2207
f 2232/2232/2210 2230/2230/2208 2229/2229/2207
f 2229/2229/2207 2231/2231/2209 2232/2232/2210
f 2227/2227/2205 2233/2233/2211 2225/2225/2203
f 2231/2231/2209 2225/2225/2203 2233/2233/2211
f 2234/2234/2212 2231/2231/2209 2233/2233/2211
f 2235/2235/2213 2231/2231/2209 2234/2234/2212
f 2231/2231/2209 2235/2235/2213 2232/2232/2210
f 2232/2232/2210 2236/2236/2214 2230/2230/2208
f 2232/2232/2210 2235/2235/2213 2237/2237/2215
f 2237/2237/2215 2236/2236/2214 2232/2232/2210
f 2235/2235/2213 2234/2234/2212 2238/2238/2216
f 2236/2236/2214 2239/2239/2217 2230/2230/2208
f 2226/2226/2204 2230/2230/2208 2227/2227/2205
f 2240/2240/2218 2233/2233/2211 2227/2227/2205
f 2227/2227/2205 2230/2230/2208 2240/2240/2218
f 2240/2240/2218 2234/2234/2212 2233/2233/2211
f 2230/2230/2208 2239/2239/2217 2240/2240/2218
f 2240/2240/2218 2239/2239/2217 2241/2241/2219
f 2241/2241/2219 2234/2234/2212 2240/2240/2218
f 2236/2236/2214 2242/2242/2220 2239/2239/2217
f 2239/2239/2217 2242/2242/2220 2241/2241/2219
f 2241/2241/2219 2238/2238/2216 2234/2234/2212
f 2243/2243/2221 2238/2238/2216 2241/2241/2219
f 2241/2241/2219 2242/2242/2220 2243/2243/2221
f 2244/2244/2222 2245/2245/2223 2242/2242/2220
f 2237/2237/2215 2244/2244/2222 2236/2236/2214
f 2244/2244/2222 2242/2242/2220 2236/2236/2214
f 2242/2242/2220 2245/2245/2223 2243/2243/2221
f 2246/2246/2224 2245/2245/2223 2244/2244/2222
f 2246/2246/2224 2247/2247/2225 2245/2245/2223
f 2248/2248/2226 2246/2246/2224 2244/2244/2222
f 2248/2248/2226 2244/2244/2222 2237/2237/2215
f 2235/2235/2213 2249/2249/2227 2237/2237/2215
f 2249/2249/2227 2235/2235/2213 2238/2238/2216
f 2237/2237/2215 2249/2249/2227 2248/2248/2226
f 2250/2250/2228 2246/2246/2224 2248/2248/2226
f 2249/2249/2227 2238/2238/2216 2251/2251/2229
f 2252/2252/2230 2249/2249/2227 2251/2251/2229
f 2248/2248/2226 2252/2252/2230 2250/2250/2228
f 2249/2249/2227 2252/2252/2230 2248/2248/2226
f 2243/2243/2221 2251/2251/2229 2238/2238/2216
f 2252/2252/2230 2251/2251/2229 2253/2253/2231
f 2252/2252/2230 2253/2253/2231 2250/2250/2228
f 2243/2243/2221 2245/2245/2223 2254/2254/2232
f 2254/2254/2232 2251/2251/2229 2243/2243/2221
f 2254/2254/2232 2255/2255/2233 2251/2251/2229
f 2253/2253/2231 2251/2251/2229 2255/2255/2233
f 2245/2245/2223 2247/2247/2225 2254/2254/2232
f 2256/2256/2234 2255/2255/2233 2254/2254/2232
f 2254/2254/2232 2247/2247/2225 2256/2256/2234
f 2257/2257/2235 2253/2253/2231 2255/2255/2233
f 2247/2247/2225 2258/2258/2236 2256/2256/2234
f 2256/2256/2234 2258/2258/2236 2259/2259/2237
f 2259/2259/2237 2255/2255/2233 2256/2256/2234
f 2260/2260/2238 2247/2247/2225 2246/2246/2224
f 2250/2250/2228 2260/2260/2238 2246/2246/2224
f 2260/2260/2238 2258/2258/2236 2247/2247/2225
f 2250/2250/2228 2253/2253/2231 2261/2261/2239
f 2261/2261/2239 2260/2260/2238 2250/2250/2228
f 2262/2262/2240 2258/2258/2236 2260/2260/2238
f 2261/2261/2239 2262/2262/2240 2260/2260/2238
f 2262/2262/2240 2263/2263/2241 2258/2258/2236
f 2253/2253/2231 2257/2257/2235 2261/2261/2239
f 2261/2261/2239 2257/2257/2235 2264/2264/2242
f 2264/2264/2242 2262/2262/2240 2261/2261/2239
f 2264/2264/2242 2265/2265/2243 2262/2262/2240
f 2265/2265/2243 2263/2263/2241 2262/2262/2240
f 2266/2266/2244 2257/2257/2235 2255/2255/2233
f 2257/2257/2235 2267/2267/2245 2264/2264/2242
f 2267/2267/2245 2257/2257/2235 2266/2266/2244
f 2264/2264/2242 2267/2267/2245 2268/2268/2246
f 2268/2268/2246 2265/2265/2243 2264/2264/2242
f 2259/2259/2237 2266/2266/2244 2255/2255/2233
f 2267/2267/2245 2266/2266/2244 2269/2269/2247
f 2267/2267/2245 2269/2269/2247 2268/2268/2246
f 2268/2268/2246 2270/2270/2248 2265/2265/2243
f 2271/2271/2249 2270/2270/2248 2268/2268/2246
f 2268/2268/2246 2269/2269/2247 2271/2271/2249
f 2265/2265/2243 2272/2272/2250 2263/2263/2241
f 2270/2270/2248 2272/2272/2250 2265/2265/2243
f 2269/2269/2247 2266/2266/2244 2273/2273/2251
f 2258/2258/2236 2263/2263/2241 2259/2259/2237
f 2259/2259/2237 2263/2263/2241 2274/2274/2252
f 2274/2274/2252 2273/2273/2251 2266/2266/2244
f 2274/2274/2252 2266/2266/2244 2259/2259/2237
f 2263/2263/2241 2272/2272/2250 2274/2274/2252
f 2274/2274/2252 2272/2272/2250 2275/2275/2253
f 2275/2275/2253 2273/2273/2251 2274/2274/2252
f 2270/2270/2248 2276/2276/2254 2272/2272/2250
f 2272/2272/2250 2276/2276/2254 2277/2277/2255
f 2272/2272/2250 2277/2277/2255 2275/2275/2253
f 2278/2278/2256 2273/2273/2251 2275/2275/2253
f 2275/2275/2253 2277/2277/2255 2278/2278/2256
f 2271/2271/2249 2276/2276/2254 2270/2270/2248
f 2276/2276/2254 2279/2279/2257 2277/2277/2255
f 2277/2277/2255 2279/2279/2257 2280/2280/2258
f 2277/2277/2255 2280/2280/2258 2278/2278/2256
f 2278/2278/2256 2280/2280/2258 2281/2281/2259
f 2278/2278/2256 2282/2282/2260 2273/2273/2251
f 2281/2281/2259 2282/2282/2260 2278/2278/2256
f 2280/2280/2258 2283/2283/2261 2281/2281/2259
f 2283/2283/2261 2282/2282/2260 2281/2281/2259
f 2279/2279/2257 2284/2284/2262 2280/2280/2258
f 2280/2280/2258 2284/2284/2262 2283/2283/2261
f 2283/2283/2261 2285/2285/2263 2282/2282/2260
f 2284/2284/2262 2286/2286/2264 2283/2283/2261
f 2286/2286/2264 2285/2285/2263 2283/2283/2261
f 2287/2287/2265 2273/2273/2251 2282/2282/2260
f 2287/2287/2265 2269/2269/2247 2273/2273/2251
f 2269/2269/2247 2287/2287/2265 2271/2271/2249
f 2288/2288/2266 2276/2276/2254 2271/2271/2249
f 2271/2271/2249 2287/2287/2265 2288/2288/2266
f 2288/2288/2266 2279/2279/2257 2276/2276/2254
f 2289/2289/2267 2279/2279/2257 2288/2288/2266
f 2288/2288/2266 2287/2287/2265 2289/2289/2267
f 2289/2289/2267 2287/2287/2265 2290/2290/2268
f 2289/2289/2267 2290/2290/2268 2279/2279/2257
f 2287/2287/2265 2291/2291/2269 2290/2290/2268
f 2287/2287/2265 2282/2282/2260 2291/2291/2269
f 2290/2290/2268 2292/2292/2270 2279/2279/2257
f 2291/2291/2269 2282/2282/2260 2285/2285/2263
f 2290/2290/2268 2291/2291/2269 2293/2293/2271
f 2290/2290/2268 2293/2293/2271 2292/2292/2270
f 2291/2291/2269 2294/2294/2272 2293/2293/2271
f 2294/2294/2272 2291/2291/2269 2285/2285/2263
f 2293/2293/2271 2294/2294/2272 2295/2295/2273
f 2294/2294/2272 2296/2296/2274 2295/2295/2273
f 2293/2293/2271 2295/2295/2273 2297/2297/2275
f 2293/2293/2271 2297/2297/2275 2292/2292/2270
f 2279/2279/2257 2292/2292/2270 2284/2284/2262
f 2295/2295/2273 2298/2298/2276 2297/2297/2275
f 2284/2284/2262 2299/2299/2277 2286/2286/2264
f 2292/2292/2270 2299/2299/2277 2284/2284/2262
f 2292/2292/2270 2297/2297/2275 2299/2299/2277
f 2300/2300/2278 2285/2285/2263 2286/2286/2264
f 2299/2299/2277 2300/2300/2278 2286/2286/2264
f 2299/2299/2277 2301/2301/2279 2300/2300/2278
f 2297/2297/2275 2301/2301/2279 2299/2299/2277
f 2302/2302/2280 2294/2294/2272 2285/2285/2263
f 2300/2300/2278 2302/2302/2280 2285/2285/2263
f 2301/2301/2279 2303/2303/2281 2300/2300/2278
f 2303/2303/2281 2302/2302/2280 2300/2300/2278
f 2297/2297/2275 2298/2298/2276 2301/2301/2279
f 2296/2296/2274 2294/2294/2272 2302/2302/2280
f 2303/2303/2281 2304/2304/2282 2302/2302/2280
f 2304/2304/2282 2296/2296/2274 2302/2302/2280
f 2305/2305/2283 2296/2296/2274 2304/2304/2282
f 2306/2306/2284 2304/2304/2282 2303/2303/2281
f 2295/2295/2273 2296/2296/2274 2307/2307/2285
f 2295/2295/2273 2307/2307/2285 2298/2298/2276
f 2296/2296/2274 2305/2305/2283 2307/2307/2285
f 2308/2308/2286 2306/2306/2284 2303/2303/2281
f 2298/2298/2276 2308/2308/2286 2301/2301/2279
f 2301/2301/2279 2308/2308/2286 2303/2303/2281
f 2307/2307/2285 2309/2309/2287 2298/2298/2276
f 2309/2309/2287 2308/2308/2286 2298/2298/2276
f 2307/2307/2285 2305/2305/2283 2310/2310/2288
f 2307/2307/2285 2310/2310/2288 2309/2309/2287
f 2310/2310/2288 2311/2311/2289 2309/2309/2287
f 2309/2309/2287 2311/2311/2289 2308/2308/2286
f 2308/2308/2286 2312/2312/2290 2306/2306/2284
f 2308/2308/2286 2311/2311/2289 2312/2312/2290
f 2310/2310/2288 2305/2305/2283 2313/2313/2291
f 2310/2310/2288 2313/2313/2291 2311/2311/2289
f 2313/2313/2291 2314/2314/2292 2311/2311/2289
f 2305/2305/2283 2304/2304/2282 2315/2315/2293
f 2305/2305/2283 2316/2316/2294 2313/2313/2291
f 2305/2305/2283 2315/2315/2293 2316/2316/2294
f 2313/2313/2291 2316/2316/2294 2317/2317/2295
f 2313/2313/2291 2317/2317/2295 2314/2314/2292
f 2306/2306/2284 2315/2315/2293 2304/2304/2282
f 2316/2316/2294 2315/2315/2293 2318/2318/2296
f 2312/2312/2290 2319/2319/2297 2306/2306/2284
f 2319/2319/2297 2315/2315/2293 2306/2306/2284
f 2319/2319/2297 2318/2318/2296 2315/2315/2293
f 2311/2311/2289 2320/2320/2298 2312/2312/2290
f 2312/2312/2290 2320/2320/2298 2319/2319/2297
f 2320/2320/2298 2321/2321/2299 2319/2319/2297
f 2321/2321/2299 2318/2318/2296 2319/2319/2297
f 2311/2311/2289 2314/2314/2292 2320/2320/2298
f 2314/2314/2292 2322/2322/2300 2320/2320/2298
f 2320/2320/2298 2322/2322/2300 2321/2321/2299
f 2321/2321/2299 2323/2323/2301 2318/2318/2296
f 2324/2324/2302 2323/2323/2301 2321/2321/2299
f 2322/2322/2300 2324/2324/2302 2321/2321/2299
f 2325/2325/2303 2322/2322/2300 2314/2314/2292
f 2317/2317/2295 2325/2325/2303 2314/2314/2292
f 2322/2322/2300 2326/2326/2304 2324/2324/2302
f 2325/2325/2303 2327/2327/2305 2322/2322/2300
f 2327/2327/2305 2326/2326/2304 2322/2322/2300
f 2328/2328/2306 2327/2327/2305 2325/2325/2303
f 2317/2317/2295 2328/2328/2306 2325/2325/2303
f 2316/2316/2294 2329/2329/2307 2317/2317/2295
f 2316/2316/2294 2318/2318/2296 2329/2329/2307
f 2317/2317/2295 2329/2329/2307 2328/2328/2306
f 2328/2328/2306 2330/2330/2308 2327/2327/2305
f 2329/2329/2307 2318/2318/2296 2323/2323/2301
f 2329/2329/2307 2323/2323/2301 2331/2331/2309
f 2328/2328/2306 2331/2331/2309 2330/2330/2308
f 2329/2329/2307 2331/2331/2309 2328/2328/2306
f 2324/2324/2302 2332/2332/2310 2323/2323/2301
f 2331/2331/2309 2323/2323/2301 2332/2332/2310
f 2331/2331/2309 2332/2332/2310 2333/2333/2311
f 2331/2331/2309 2333/2333/2311 2330/2330/2308
f 2326/2326/2304 2334/2334/2312 2324/2324/2302
f 2334/2334/2312 2332/2332/2310 2324/2324/2302
f 2334/2334/2312 2335/2335/2313 2332/2332/2310
f 2333/2333/2311 2332/2332/2310 2335/2335/2313
f 2326/2326/2304 2336/2336/2314 2334/2334/2312
f 2336/2336/2314 2337/2337/2315 2334/2334/2312
f 2337/2337/2315 2335/2335/2313 2334/2334/2312
f 2337/2337/2315 2338/2338/2316 2335/2335/2313
f 2333/2333/2311 2335/2335/2313 2338/2338/2316
f 2339/2339/2317 2338/2338/2316 2337/2337/2315
f 2333/2333/2311 2338/2338/2316 2340/2340/2318
f 2330/2330/2308 2333/2333/2311 2340/2340/2318
f 2339/2339/2317 2341/2341/2319 2338/2338/2316
f 2330/2330/2308 2336/2336/2314 2327/2327/2305
f 2327/2327/2305 2336/2336/2314 2326/2326/2304
f 2330/2330/2308 2340/2340/2318 2336/2336/2314
f 2340/2340/2318 2342/2342/2320 2336/2336/2314
f 2336/2336/2314 2342/2342/2320 2337/2337/2315
f 2342/2342/2320 2339/2339/2317 2337/2337/2315
f 2342/2342/2320 2343/2343/2321 2339/2339/2317
f 2340/2340/2318 2344/2344/2322 2342/2342/2320
f 2340/2340/2318 2338/2338/2316 2344/2344/2322
f 2344/2344/2322 2343/2343/2321 2342/2342/2320
f 2338/2338/2316 2341/2341/2319 2344/2344/2322
f 2344/2344/2322 2341/2341/2319 2345/2345/2323
f 2344/2344/2322 2345/2345/2323 2343/2343/2321
f 2341/2341/2319 2346/2346/2324 2345/2345/2323
f 2345/2345/2323 2347/2347/2325 2343/2343/2321
f 2345/2345/2323 2348/2348/2326 2347/2347/2325
f 2345/2345/2323 2346/2346/2324 2348/2348/2326
f 2346/2346/2324 2349/2349/2327 2348/2348/2326
f 2348/2348/2326 2350/2350/2328 2347/2347/2325
f 2351/2351/2329 2346/2346/2324 2341/2341/2319
f 2351/2351/2329 2341/2341/2319 2339/2339/2317
f 2343/2343/2321 2351/2351/2329 2339/2339/2317
f 2343/2343/2321 2347/2347/2325 2351/2351/2329
f 2347/2347/2325 2352/2352/2330 2351/2351/2329
f 2352/2352/2330 2346/2346/2324 2351/2351/2329
f 2347/2347/2325 2350/2350/2328 2352/2352/2330
f 2352/2352/2330 2349/2349/2327 2346/2346/2324
f 2352/2352/2330 2353/2353/2331 2349/2349/2327
f 2350/2350/2328 2353/2353/2331 2352/2352/2330
f 2349/2349/2327 2353/2353/2331 2354/2354/2332
f 2355/2355/2333 2354/2354/2332 2353/2353/2331
f 2349/2349/2327 2356/2356/2334 2348/2348/2326
f 2348/2348/2326 2356/2356/2334 2350/2350/2328
f 2354/2354/2332 2356/2356/2334 2349/2349/2327
f 2356/2356/2334 2354/2354/2332 2357/2357/2335
f 2357/2357/2335 2354/2354/2332 2355/2355/2333
f 2356/2356/2334 2358/2358/2336 2350/2350/2328
f 2356/2356/2334 2357/2357/2335 2358/2358/2336
f 2350/2350/2328 2358/2358/2336 2353/2353/2331
f 2358/2358/2336 2355/2355/2333 2353/2353/2331
f 2358/2358/2336 2357/2357/2335 2355/2355/2333
f 2359/2359/2337 2360/2360/2338 2361/2361/2339
f 2362/2362/2340 2359/2359/2337 2363/2363/2341
f 2359/2359/2337 2362/2362/2340 2364/2364/2342
f 2359/2359/2337 2364/2364/2342 2360/2360/2338
f 2363/2363/2341 2365/2365/2343 2362/2362/2340
f 2365/2365/2343 2364/2364/2342 2362/2362/2340
f 2366/2366/2344 2363/2363/2341 2359/2359/2337
f 2361/2361/2339 2366/2366/2344 2359/2359/2337
f 2367/2367/2345 2365/2365/2343 2363/2363/2341
f 2363/2363/2341 2366/2366/2344 2367/2367/2345
f 2367/2367/2345 2364/2364/2342 2365/2365/2343
f 2366/2366/2344 2368/2368/2346 2367/2367/2345
f 2369/2369/2347 2367/2367/2345 2368/2368/2346
f 2367/2367/2345 2369/2369/2347 2364/2364/2342
f 2368/2368/2346 2370/2370/2348 2369/2369/2347
f 2370/2370/2348 2364/2364/2342 2369/2369/2347
f 2368/2368/2346 2366/2366/2344 2371/2371/2349
f 2371/2371/2349 2370/2370/2348 2368/2368/2346
f 2371/2371/2349 2364/2364/2342 2370/2370/2348
f 2366/2366/2344 2372/2372/2350 2371/2371/2349
f 2373/2373/2351 2371/2371/2349 2372/2372/2350
f 2371/2371/2349 2373/2373/2351 2364/2364/2342
f 2372/2372/2350 2374/2374/2352 2373/2373/2351
f 2374/2374/2352 2364/2364/2342 2373/2373/2351
f 2375/2375/2353 2374/2374/2352 2372/2372/2350
f 2372/2372/2350 2366/2366/2344 2375/2375/2353
f 2375/2375/2353 2364/2364/2342 2374/2374/2352
f 2366/2366/2344 2376/2376/2354 2375/2375/2353
f 2375/2375/2353 2377/2377/2355 2364/2364/2342
f 2377/2377/2355 2375/2375/2353 2376/2376/2354
f 2376/2376/2354 2378/2378/2356 2377/2377/2355
f 2376/2376/2354 2366/2366/2344 2378/2378/2356
f 2377/2377/2355 2378/2378/2356 2379/2379/2357
f 2379/2379/2357 2364/2364/2342 2377/2377/2355
f 2379/2379/2357 2380/2380/2358 2364/2364/2342
f 2360/2360/2338 2364/2364/2342 2380/2380/2358
f 2378/2378/2356 2366/2366/2344 2379/2379/2357
f 2380/2380/2358 2379/2379/2357 2361/2361/2339
f 2366/2366/2344 2361/2361/2339 2379/2379/2357
f 2361/2361/2339 2360/2360/2338 2380/2380/2358
