mtllib skullnoise.mtl
o mesh_mesh.021
v -5.529950 -5.816831 -14.041599
v -3.909420 -10.873700 -13.098499
v -3.909420 -0.756859 -14.981500
v -3.909420 -0.756859 -14.981500
v -3.909420 -10.873700 -13.098499
v -0.000001 1.336710 -15.372200
v 0.000001 1.336710 15.372200
v 3.909420 -0.756859 14.981500
v 3.909420 -10.873700 13.098501
v 5.529950 -5.816830 14.041599
v 3.909420 -10.873700 13.098501
v 3.909420 -0.756859 14.981500
v -5.529949 -5.816830 14.041599
v -3.909419 -0.299081 12.701800
v -3.909419 -0.756859 14.981500
v -3.909419 -0.756859 14.981500
v -3.909419 -0.299081 12.701800
v 0.000001 1.336710 15.372200
v 1.559500 32.151203 4.657119
v 0.003052 30.945799 1.852469
v -1.550340 32.151203 4.657119
v -1.550340 32.151203 4.657119
v 0.003052 28.482899 1.770069
v 1.559500 32.151203 4.657119
v -2.868740 19.660000 7.556380
v -1.065100 24.478901 5.865659
v 0.000000 23.358900 6.973479
v -2.487260 24.906200 4.177979
v -1.065100 24.478901 5.865659
v -2.868740 19.660000 7.556380
v -4.068120 18.530800 -0.000000
v -2.487260 25.934601 -0.000001
v -2.487260 24.906200 4.177979
v -2.868740 19.660000 7.556380
v -4.068120 18.530800 -0.000000
v -2.487260 24.906200 4.177979
v 0.000000 23.358900 -6.973481
v -1.065100 24.478901 -5.865661
v -2.868740 19.660000 -7.556380
v -2.868740 19.660000 -7.556380
v -1.065100 24.478901 -5.865661
v -2.487260 24.906200 -4.177981
v -1.901301 2.432329 -13.162600
v 1.901299 2.432329 -13.162600
v -1.901301 2.810749 -10.889000
v -1.901301 2.810749 -10.889000
v 1.901299 2.432329 -13.162600
v 1.901300 2.810749 -10.889000
v 3.909419 -0.756859 -14.981500
v 3.909419 -0.299081 -12.701800
v -0.000001 1.336710 -15.372200
v 3.909419 -0.756859 -14.981500
v 5.529949 -5.816831 -14.041599
v 3.909419 -0.299081 -12.701800
v 2.502520 8.703880 -0.000001
v 1.565600 6.549270 -0.000000
v 0.000000 8.703880 3.662219
v 0.000000 6.549270 2.047790
v 0.000000 8.703880 3.662219
v 1.565600 6.549270 -0.000000
v 0.000000 -1.144440 -1.370280
v 0.000000 -8.301030 -1.666309
v 1.370280 -1.144440 0.000000
v 1.666310 -8.301030 0.000001
v 1.370280 -1.144440 0.000000
v 0.000000 -8.301030 -1.666309
v 0.000000 -1.144440 1.370280
v 0.000000 -8.301030 1.666311
v -1.370280 -1.144440 0.000000
v -1.666310 -8.301030 0.000001
v -1.370280 -1.144440 0.000000
v 0.000000 -8.301030 1.666311
v 0.000000 6.549270 -2.047791
v 0.000000 8.703880 -3.662221
v -1.565600 6.549270 -0.000000
v -2.502520 8.703880 -0.000001
v -1.565600 6.549270 -0.000000
v 0.000000 8.703880 -3.662221
v -0.003052 87.496605 -4.434343
v 0.000000 93.911598 -2.542193
v 0.003052 88.692894 -1.382493
v 0.000000 91.662300 -6.619463
v 0.000000 93.911598 -2.542193
v -0.003052 87.496605 -4.434343
v 1.901299 2.432329 -13.162600
v -0.000001 1.791440 -13.092401
v 3.909419 -0.299081 -12.701800
v -1.901301 2.432329 -13.162600
v -0.000001 1.791440 -13.092401
v 1.901299 2.432329 -13.162600
v -3.909420 -9.961241 -8.536030
v 5.529949 -4.904321 -9.479051
v 3.909419 -9.961241 -8.536030
v 3.909419 -9.961241 -8.536030
v 0.000000 -12.057900 -8.145391
v -3.909420 -9.961241 -8.536030
v 0.003052 28.482899 -1.770071
v -1.550340 32.151203 -4.657120
v 1.559500 32.151203 -4.657120
v -1.550340 32.151203 -4.657120
v 0.003052 30.945799 -1.852471
v 1.559500 32.151203 -4.657120
v 0.003052 61.287300 -0.000002
v 0.000000 72.795799 -1.013212
v -1.794490 80.938103 -0.000002
v 0.000000 75.756104 -1.644953
v -1.794490 80.938103 -0.000002
v 0.000000 72.795799 -1.013212
v -4.068120 18.530800 -0.000000
v -2.487260 24.906200 -4.177981
v -2.487260 25.934601 -0.000001
v -2.868740 19.660000 -7.556380
v -2.487260 24.906200 -4.177981
v -4.068120 18.530800 -0.000000
v 0.000000 -19.782101 1.013211
v 0.906400 -19.782101 0.000000
v 0.000000 -21.268301 0.000001
v 0.003052 59.520298 -5.209511
v -1.428270 56.184601 -2.410962
v 0.003052 53.028999 -3.582871
v -1.153600 12.555300 -5.066071
v -0.927763 8.587910 -9.784231
v -1.153600 14.883899 -6.784261
v 1.153600 14.883901 6.784260
v 0.927764 9.500410 11.728299
v -1.153600 14.883901 6.784260
v -0.833155 2.798551 11.078199
v 0.833156 2.798551 11.078199
v -0.927763 8.587912 9.784229
v -1.901300 2.810751 10.889000
v 1.901301 2.432330 13.162600
v -1.901299 2.432330 13.162600
v 2.371290 38.322102 4.275639
v 0.003052 45.521400 1.437419
v 0.003052 36.784000 3.146458
v 0.000000 25.205200 -4.281751
v 1.882990 25.812599 -2.499471
v 0.003052 29.953899 -5.426190
v 0.003052 59.541599 3.756829
v 1.794490 71.806999 5.105748
v 1.434370 56.184601 2.410958
v -2.868740 19.660000 7.556380
v 0.000000 23.358900 6.973479
v 0.000000 19.776001 8.041629
v -2.868740 19.660000 7.556380
v -2.487260 13.586800 5.874810
v -4.068120 18.530800 -0.000000
v -1.065100 24.478901 5.865659
v 0.000000 26.175699 10.748599
v 0.000000 23.358900 6.973479
v 0.003052 79.171097 2.627638
v 1.794490 71.806999 5.105748
v 0.000000 73.241402 5.533007
v 0.000000 71.233299 -3.805662
v 1.794490 71.806999 -5.105752
v 0.000000 56.648499 -1.474042
v 1.153600 12.555300 -5.066071
v 0.927763 8.587910 -9.784231
v -1.153600 12.555300 -5.066071
v 1.797540 80.938103 -0.000003
v 0.003052 82.912704 -2.383502
v 0.003052 82.183304 -4.623553
v 0.000000 -19.284599 -2.826010
v -2.529980 -19.284599 0.000000
v 0.000000 -20.078100 0.000001
v 0.003052 61.287300 -0.000002
v -1.794490 80.938103 -0.000002
v 0.000000 72.795799 1.013208
v -1.788380 71.806999 5.105748
v 0.000000 75.756104 1.644947
v -1.794490 80.938103 -0.000002
v -0.000001 1.840270 -19.504400
v 0.000000 15.997799 -7.730341
v 0.000000 11.621400 -4.327520
v 0.000000 71.028801 -2.029482
v 0.000000 72.795799 -1.013212
v 0.000000 61.287300 -0.000002
v 0.000000 71.028801 2.029478
v 0.000000 61.287300 -0.000002
v 0.000000 72.795799 1.013208
v 0.000001 1.840270 19.504400
v 0.000000 11.621400 4.327519
v 0.000000 15.997801 7.730339
v 2.487260 11.435300 3.057949
v 2.487260 10.962200 -0.000001
v 0.000000 10.666200 3.320409
v 2.487260 24.906200 4.177979
v 1.882990 25.812599 2.499469
v 2.487260 25.934601 -0.000001
v 0.000000 25.205200 4.281749
v 1.065100 24.478901 5.865659
v 0.000000 28.934601 7.788319
v -3.909420 -0.299081 -12.701800
v -0.000001 1.791440 -13.092401
v -1.901301 2.432329 -13.162600
v 1.901300 2.810749 -10.889000
v -3.909420 0.152592 -10.419000
v -1.901301 2.810749 -10.889000
v 0.000000 71.233299 3.805658
v -1.788380 71.806999 5.105748
v 0.000000 56.648499 1.474039
v 0.003052 59.520298 5.209508
v -1.428270 56.184601 2.410958
v 0.003052 59.541599 3.756829
v 2.487260 11.435300 -3.057951
v 0.000000 10.666200 -3.320411
v 2.487260 10.962200 -0.000001
v 0.003052 59.520298 -5.209511
v 1.434370 56.184601 -2.410962
v 0.003052 59.541599 -3.756833
v 0.000000 56.648499 -1.474042
v 0.003052 45.521400 -1.437421
v -1.428270 56.184601 -2.410962
v 0.003052 40.034199 -4.586931
v -2.365180 38.322102 -4.275641
v 0.003051 44.431900 -8.185062
v 2.487260 19.660000 -7.556380
v 4.068120 18.530800 -0.000000
v 2.487260 24.906200 -4.177981
v 0.000000 25.205200 -4.281751
v 0.003052 29.953899 -5.426190
v -1.882990 25.812599 -2.499471
v 0.003052 79.171097 -2.627642
v -1.788380 71.806999 -5.105752
v 0.000000 73.241402 -5.533013
v -1.065100 24.478901 -5.865661
v 0.000000 23.358900 -6.973481
v 0.000000 26.175699 -10.748601
v 2.487260 24.906200 -4.177981
v 2.487260 25.934601 -0.000001
v 1.882990 25.812599 -2.499471
v 0.000000 25.205200 -4.281751
v 0.000000 28.934601 -7.788321
v 1.065100 24.478901 -5.865661
v -2.487260 13.586800 5.874810
v -2.868740 19.660000 7.556380
v 0.000000 15.997801 7.730339
v 0.000000 15.997801 7.730339
v -2.868740 19.660000 7.556380
v 0.000000 19.776001 8.041629
v 0.000000 15.997801 7.730339
v 0.000000 19.776001 8.041629
v 2.487260 19.660000 7.556380
v 2.487260 19.660000 7.556380
v 0.000000 19.776001 8.041629
v 0.000000 23.358900 6.973479
v 2.487260 19.660000 7.556380
v 0.000000 23.358900 6.973479
v 1.065100 24.478901 5.865659
v 1.065100 24.478901 5.865659
v 0.000000 23.358900 6.973479
v 0.000000 26.175699 10.748599
v 1.065100 24.478901 5.865659
v 0.000000 26.175699 10.748599
v 0.000000 28.934601 7.788319
v 0.000000 28.934601 7.788319
v 0.000000 26.175699 10.748599
v -1.065100 24.478901 5.865659
v 0.000000 28.934601 7.788319
v -1.065100 24.478901 5.865659
v 0.000000 25.205200 4.281749
v 0.000000 25.205200 4.281749
v -1.065100 24.478901 5.865659
v -2.487260 24.906200 4.177979
v 0.000000 25.205200 4.281749
v -2.487260 24.906200 4.177979
v -1.882990 25.812599 2.499469
v -1.882990 25.812599 2.499469
v -2.487260 24.906200 4.177979
v -2.487260 25.934601 -0.000001
v -1.178010 -13.531899 0.000000
v 0.000000 -13.531899 1.318400
v 0.000000 -14.468800 1.748710
v 0.000000 -14.468800 1.748710
v 0.000000 -13.531899 1.318400
v 1.178010 -13.531899 0.000000
v 0.000000 -14.468800 1.748710
v 1.178010 -13.531899 0.000000
v 1.562550 -14.468800 0.000000
v 1.562550 -14.468800 0.000000
v 1.178010 -13.531899 0.000000
v 0.000000 -14.468800 -1.748710
v 1.562550 -14.468800 0.000000
v 0.000000 -14.468800 -1.748710
v 0.000000 -18.393499 -2.148499
v 0.000000 -18.393499 -2.148499
v 0.000000 -14.468800 -1.748710
v -1.562550 -14.468800 0.000000
v 0.000000 -18.393499 -2.148499
v -1.562550 -14.468800 0.000000
v -1.922670 -18.393499 0.000000
v -1.922670 -18.393499 0.000000
v -1.562550 -14.468800 0.000000
v 0.000000 -18.393499 2.148500
v -1.922670 -18.393499 0.000000
v 0.000000 -18.393499 2.148500
v 0.000000 -19.284599 2.826010
v 0.000000 -19.284599 2.826010
v 0.000000 -18.393499 2.148500
v 1.922670 -18.393499 0.000000
v 0.000000 -19.284599 2.826010
v 1.922670 -18.393499 0.000000
v 2.529980 -19.284599 0.000000
v 2.529980 -19.284599 0.000000
v 1.922670 -18.393499 0.000000
v 0.000000 -19.284599 -2.826010
v 1.178010 -13.531899 0.000000
v 0.000000 -13.531899 -1.318400
v 0.000000 -14.468800 -1.748710
v 0.000000 -14.468800 -1.748710
v 0.000000 -13.531899 -1.318400
v -1.178010 -13.531899 0.000000
v 0.000000 -14.468800 -1.748710
v -1.178010 -13.531899 0.000000
v -1.562550 -14.468800 0.000000
v -1.562550 -14.468800 0.000000
v -1.178010 -13.531899 0.000000
v 0.000000 -14.468800 1.748710
v -1.562550 -14.468800 0.000000
v 0.000000 -14.468800 1.748710
v 0.000000 -18.393499 2.148500
v 0.000000 -18.393499 2.148500
v 0.000000 -14.468800 1.748710
v 1.562550 -14.468800 0.000000
v 0.000000 -18.393499 2.148500
v 1.562550 -14.468800 0.000000
v 1.922670 -18.393499 0.000000
v 1.922670 -18.393499 0.000000
v 1.562550 -14.468800 0.000000
v 0.000000 -18.393499 -2.148499
v 1.922670 -18.393499 0.000000
v 0.000000 -18.393499 -2.148499
v 0.000000 -19.284599 -2.826010
v 0.000000 -19.284599 -2.826010
v 0.000000 -18.393499 -2.148499
v -1.922670 -18.393499 0.000000
v 0.000000 -19.284599 -2.826010
v -1.922670 -18.393499 0.000000
v -2.529980 -19.284599 0.000000
v -2.529980 -19.284599 0.000000
v -1.922670 -18.393499 0.000000
v 0.000000 -19.284599 2.826010
v -2.487260 10.962200 0.000000
v 0.000000 10.666200 -3.320411
v -2.487260 11.435300 -3.057951
v -2.487260 11.435300 -3.057951
v 0.000000 10.666200 -3.320411
v 0.000000 11.621400 -4.327520
v -2.487260 11.435300 -3.057951
v 0.000000 11.621400 -4.327520
v -2.487260 13.586800 -5.874811
v -2.487260 13.586800 -5.874811
v 0.000000 11.621400 -4.327520
v 0.000000 15.997799 -7.730341
v -2.487260 13.586800 -5.874811
v 0.000000 15.997799 -7.730341
v -2.868740 19.660000 -7.556380
v -2.868740 19.660000 -7.556380
v 0.000000 15.997799 -7.730341
v 0.000000 19.776001 -8.041631
v -2.868740 19.660000 -7.556380
v 0.000000 19.776001 -8.041631
v 0.000000 23.358900 -6.973481
v 0.000000 23.358900 -6.973481
v 0.000000 19.776001 -8.041631
v 2.487260 19.660000 -7.556380
v 0.000000 23.358900 -6.973481
v 2.487260 19.660000 -7.556380
v 1.065100 24.478901 -5.865661
v 1.065100 24.478901 -5.865661
v 2.487260 19.660000 -7.556380
v 2.487260 24.906200 -4.177981
v 1.065100 24.478901 -5.865661
v 2.487260 24.906200 -4.177981
v 0.000000 25.205200 -4.281751
v 0.000000 25.205200 -4.281751
v 2.487260 24.906200 -4.177981
v 1.882990 25.812599 -2.499471
v -1.901300 2.810751 10.889000
v 1.901301 2.810751 10.889000
v 1.901301 2.432330 13.162600
v 1.901301 2.432330 13.162600
v 1.901301 2.810751 10.889000
v 3.909420 0.152594 10.419000
v 1.901301 2.432330 13.162600
v 3.909420 0.152594 10.419000
v 3.909420 -0.299081 12.701800
v 3.909420 -0.299081 12.701800
v 3.909420 0.152594 10.419000
v 5.529950 -4.904320 9.479051
v 3.909420 -0.299081 12.701800
v 5.529950 -4.904320 9.479051
v 5.529950 -5.816830 14.041599
v 5.529950 -5.816830 14.041599
v 5.529950 -4.904320 9.479051
v 3.909420 -9.961239 8.536032
v 5.529950 -5.816830 14.041599
v 3.909420 -9.961239 8.536032
v 3.909420 -10.873700 13.098501
v 3.909420 -10.873700 13.098501
v 3.909420 -9.961239 8.536032
v 0.000000 -12.057899 8.145390
v 3.909420 -10.873700 13.098501
v 0.000000 -12.057899 8.145390
v 0.000001 -12.970400 12.707899
v 0.000001 -12.970400 12.707899
v 0.000000 -12.057899 8.145390
v -3.909419 -10.873700 13.098501
v -1.178010 -13.531899 0.000000
v 0.000000 -13.531899 -1.318400
v 0.000000 -11.645900 -3.195289
v 0.000000 -11.645900 -3.195289
v 0.000000 -13.531899 -1.318400
v 1.178010 -13.531899 0.000000
v 0.000000 -11.645900 -3.195289
v 1.178010 -13.531899 0.000000
v 2.536090 -10.504499 -0.000000
v 2.536090 -10.504499 -0.000000
v 1.178010 -13.531899 0.000000
v 0.000000 -11.645900 3.195290
v 2.536090 -10.504499 -0.000000
v 0.000000 -11.645900 3.195290
v 0.000000 -9.366130 2.987760
v 0.000000 -9.366130 2.987760
v 0.000000 -11.645900 3.195290
v -2.536090 -10.504499 0.000001
v 0.000000 -9.366130 2.987760
v -2.536090 -10.504499 0.000001
v -1.666310 -8.301030 0.000001
v -1.666310 -8.301030 0.000001
v -2.536090 -10.504499 0.000001
v 0.000000 -9.366130 -2.987759
v -1.666310 -8.301030 0.000001
v 0.000000 -9.366130 -2.987759
v 0.000000 -8.301030 -1.666309
v 0.000000 -8.301030 -1.666309
v 0.000000 -9.366130 -2.987759
v 1.666310 -8.301030 0.000001
v -1.666310 -8.301030 0.000001
v 0.000000 -8.301030 1.666311
v 0.000000 -9.366130 2.987760
v 0.000000 -9.366130 2.987760
v 0.000000 -8.301030 1.666311
v 1.666310 -8.301030 0.000001
v 0.000000 -9.366130 2.987760
v 1.666310 -8.301030 0.000001
v 2.536090 -10.504499 -0.000000
v 2.536090 -10.504499 -0.000000
v 1.666310 -8.301030 0.000001
v 0.000000 -9.366130 -2.987759
v 2.536090 -10.504499 -0.000000
v 0.000000 -9.366130 -2.987759
v 0.000000 -11.645900 -3.195289
v 0.000000 -11.645900 -3.195289
v 0.000000 -9.366130 -2.987759
v -2.536090 -10.504499 0.000001
v 0.000000 -11.645900 -3.195289
v -2.536090 -10.504499 0.000001
v -1.178010 -13.531899 0.000000
v -1.178010 -13.531899 0.000000
v -2.536090 -10.504499 0.000001
v 0.000000 -11.645900 3.195290
v -1.178010 -13.531899 0.000000
v 0.000000 -11.645900 3.195290
v 0.000000 -13.531899 1.318400
v 0.000000 -13.531899 1.318400
v 0.000000 -11.645900 3.195290
v 1.178010 -13.531899 0.000000
v 1.901300 2.810749 -10.889000
v 1.901299 2.432329 -13.162600
v 3.909419 0.152592 -10.419000
v 3.909419 0.152592 -10.419000
v 1.901299 2.432329 -13.162600
v 3.909419 -0.299081 -12.701800
v 3.909419 0.152592 -10.419000
v 3.909419 -0.299081 -12.701800
v 5.529949 -4.904321 -9.479051
v 5.529949 -4.904321 -9.479051
v 3.909419 -0.299081 -12.701800
v 5.529949 -5.816831 -14.041599
v 5.529949 -4.904321 -9.479051
v 5.529949 -5.816831 -14.041599
v 3.909419 -9.961241 -8.536030
v 3.909419 -9.961241 -8.536030
v 5.529949 -5.816831 -14.041599
v 3.909419 -10.873700 -13.098499
v 3.909419 -9.961241 -8.536030
v 3.909419 -10.873700 -13.098499
v 0.000000 -12.057900 -8.145391
v 0.000000 -12.057900 -8.145391
v 3.909419 -10.873700 -13.098499
v -0.000001 -12.970400 -12.707899
v 0.000000 -12.057900 -8.145391
v -0.000001 -12.970400 -12.707899
v -3.909420 -10.873700 -13.098499
v 0.003052 53.028999 3.582868
v 0.003052 46.537701 3.418068
v -1.861630 46.037201 2.468948
v -1.861630 46.037201 2.468948
v 0.003052 46.537701 3.418068
v 0.003052 40.034199 4.586929
v -1.861630 46.037201 2.468948
v 0.003052 40.034199 4.586929
v -2.365180 38.322102 4.275639
v -2.365180 38.322102 4.275639
v 0.003052 40.034199 4.586929
v 0.003052 44.431900 8.185059
v -2.365180 38.322102 4.275639
v 0.003052 44.431900 8.185059
v 0.003052 38.270199 5.780209
v 0.003052 38.270199 5.780209
v 0.003052 44.431900 8.185059
v 2.371290 38.322102 4.275639
v 0.003052 38.270199 5.780209
v 2.371290 38.322102 4.275639
v 0.003052 34.604900 9.720149
v 0.003052 34.604900 9.720149
v 2.371290 38.322102 4.275639
v 0.003052 35.709702 5.230869
v 0.003051 33.890800 -9.228801
v 0.003052 29.953899 -5.426190
v 1.559500 32.151203 -4.657120
v 1.559500 32.151203 -4.657120
v 0.003052 29.953899 -5.426190
v 1.882990 25.812599 -2.499471
v 1.559500 32.151203 -4.657120
v 1.882990 25.812599 -2.499471
v 0.003052 28.482899 -1.770071
v 0.003052 28.482899 -1.770071
v 1.882990 25.812599 -2.499471
v 2.487260 25.934601 -0.000001
v 0.003052 28.482899 -1.770071
v 2.487260 25.934601 -0.000001
v 0.003052 31.962002 -0.860623
v 0.003052 31.962002 -0.860623
v 2.487260 25.934601 -0.000001
v 2.102730 33.857201 -0.000002
v 0.003052 31.962002 -0.860623
v 2.102730 33.857201 -0.000002
v 0.003052 34.965099 -1.629692
v 0.003052 34.965099 -1.629692
v 2.102730 33.857201 -0.000002
v 0.003052 42.780800 -0.000001
v 0.003052 59.520298 -5.209511
v 0.003052 53.028999 -3.582871
v 1.434370 56.184601 -2.410962
v 1.434370 56.184601 -2.410962
v 0.003052 53.028999 -3.582871
v 1.867730 46.037201 -2.468951
v 1.434370 56.184601 -2.410962
v 1.867730 46.037201 -2.468951
v 0.003052 45.521400 -1.437421
v 0.003052 45.521400 -1.437421
v 1.867730 46.037201 -2.468951
v 2.371290 38.322102 -4.275641
v 0.003052 45.521400 -1.437421
v 2.371290 38.322102 -4.275641
v 0.003052 36.784000 -3.146461
v 0.003052 36.784000 -3.146461
v 2.371290 38.322102 -4.275641
v 1.379440 32.966103 -3.311261
v 0.003052 36.784000 -3.146461
v 1.379440 32.966103 -3.311261
v 0.003052 30.945799 -1.852471
v 0.003052 30.945799 -1.852471
v 1.379440 32.966103 -3.311261
v 1.559500 32.151203 -4.657120
v 0.003052 59.520298 5.209508
v 0.003052 53.028999 3.582868
v -1.428270 56.184601 2.410958
v -1.428270 56.184601 2.410958
v 0.003052 53.028999 3.582868
v -1.861630 46.037201 2.468948
v -1.428270 56.184601 2.410958
v -1.861630 46.037201 2.468948
v 0.003052 45.521400 1.437419
v 0.003052 45.521400 1.437419
v -1.861630 46.037201 2.468948
v -2.365180 38.322102 4.275639
v 0.003052 45.521400 1.437419
v -2.365180 38.322102 4.275639
v 0.003052 36.784000 3.146458
v 0.003052 36.784000 3.146458
v -2.365180 38.322102 4.275639
v -1.373330 32.966103 3.311259
v 0.003052 36.784000 3.146458
v -1.373330 32.966103 3.311259
v 0.003052 30.945799 1.852469
v 0.003052 30.945799 1.852469
v -1.373330 32.966103 3.311259
v -1.550340 32.151203 4.657119
v 0.003052 53.028999 -3.582871
v 0.003052 46.537701 -3.418072
v 1.867730 46.037201 -2.468951
v 1.867730 46.037201 -2.468951
v 0.003052 46.537701 -3.418072
v 0.003052 40.034199 -4.586931
v 1.867730 46.037201 -2.468951
v 0.003052 40.034199 -4.586931
v 2.371290 38.322102 -4.275641
v 2.371290 38.322102 -4.275641
v 0.003052 40.034199 -4.586931
v 0.003051 44.431900 -8.185062
v 2.371290 38.322102 -4.275641
v 0.003051 44.431900 -8.185062
v 0.003052 38.270199 -5.780211
v 0.003052 38.270199 -5.780211
v 0.003051 44.431900 -8.185062
v -2.365180 38.322102 -4.275641
v 0.003052 38.270199 -5.780211
v -2.365180 38.322102 -4.275641
v 0.003051 34.604900 -9.720151
v 0.003051 34.604900 -9.720151
v -2.365180 38.322102 -4.275641
v 0.003052 35.709702 -5.230872
v -1.901300 2.810751 10.889000
v -1.901299 2.432330 13.162600
v -3.909419 0.152594 10.419000
v -3.909419 0.152594 10.419000
v -1.901299 2.432330 13.162600
v -3.909419 -0.299081 12.701800
v -3.909419 0.152594 10.419000
v -3.909419 -0.299081 12.701800
v -5.529949 -4.904320 9.479051
v -5.529949 -4.904320 9.479051
v -3.909419 -0.299081 12.701800
v -5.529949 -5.816830 14.041599
v -5.529949 -4.904320 9.479051
v -5.529949 -5.816830 14.041599
v -3.909419 -9.961239 8.536032
v -3.909419 -9.961239 8.536032
v -5.529949 -5.816830 14.041599
v -3.909419 -10.873700 13.098501
v -3.909419 -9.961239 8.536032
v -3.909419 -10.873700 13.098501
v 0.000000 -12.057899 8.145390
v 0.003052 44.431900 8.185059
v 0.003052 40.034199 4.586929
v 2.371290 38.322102 4.275639
v 2.371290 38.322102 4.275639
v 0.003052 40.034199 4.586929
v 1.867730 46.037201 2.468948
v 2.371290 38.322102 4.275639
v 1.867730 46.037201 2.468948
v 0.003052 45.521400 1.437419
v 0.003052 45.521400 1.437419
v 1.867730 46.037201 2.468948
v 1.434370 56.184601 2.410958
v 0.003052 45.521400 1.437419
v 1.434370 56.184601 2.410958
v 0.000000 56.648499 1.474039
v 0.000000 56.648499 1.474039
v 1.434370 56.184601 2.410958
v 1.794490 71.806999 5.105748
v 0.000000 56.648499 1.474039
v 1.794490 71.806999 5.105748
v 0.000000 71.233299 3.805658
v 0.003052 53.028999 -3.582871
v -1.428270 56.184601 -2.410962
v -1.861630 46.037201 -2.468951
v -1.861630 46.037201 -2.468951
v -1.428270 56.184601 -2.410962
v 0.003052 45.521400 -1.437421
v -1.861630 46.037201 -2.468951
v 0.003052 45.521400 -1.437421
v -2.365180 38.322102 -4.275641
v -2.365180 38.322102 -4.275641
v 0.003052 45.521400 -1.437421
v 0.003052 36.784000 -3.146461
v -2.365180 38.322102 -4.275641
v 0.003052 36.784000 -3.146461
v -1.373330 32.966103 -3.311261
v -1.373330 32.966103 -3.311261
v 0.003052 36.784000 -3.146461
v 0.003052 30.945799 -1.852471
v -1.373330 32.966103 -3.311261
v 0.003052 30.945799 -1.852471
v -1.550340 32.151203 -4.657120
v 0.000000 -12.057900 -8.145391
v -3.909420 -10.873700 -13.098499
v -3.909420 -9.961241 -8.536030
v -3.909420 -9.961241 -8.536030
v -3.909420 -10.873700 -13.098499
v -5.529950 -5.816831 -14.041599
v -3.909420 -9.961241 -8.536030
v -5.529950 -5.816831 -14.041599
v -5.529950 -4.904321 -9.479051
v -5.529950 -4.904321 -9.479051
v -5.529950 -5.816831 -14.041599
v -3.909420 -0.299081 -12.701800
v -5.529950 -4.904321 -9.479051
v -3.909420 -0.299081 -12.701800
v -3.909420 0.152592 -10.419000
v -3.909420 0.152592 -10.419000
v -3.909420 -0.299081 -12.701800
v -1.901301 2.432329 -13.162600
v -3.909420 0.152592 -10.419000
v -1.901301 2.432329 -13.162600
v -1.901301 2.810749 -10.889000
v 0.003052 38.270199 5.780209
v 0.003052 34.604900 9.720149
v -2.365180 38.322102 4.275639
v -2.365180 38.322102 4.275639
v 0.003052 34.604900 9.720149
v 0.003052 35.709702 5.230869
v -2.365180 38.322102 4.275639
v 0.003052 35.709702 5.230869
v -1.373330 32.966103 3.311259
v -1.373330 32.966103 3.311259
v 0.003052 35.709702 5.230869
v 0.003052 34.028099 4.821918
v -1.373330 32.966103 3.311259
v 0.003052 34.028099 4.821918
v -1.550340 32.151203 4.657119
v -1.550340 32.151203 4.657119
v 0.003052 34.028099 4.821918
v 0.003052 33.890800 9.228799
v -1.550340 32.151203 4.657119
v 0.003052 33.890800 9.228799
v 0.003052 29.953899 5.426188
v 0.003052 29.953899 -5.426190
v -1.550340 32.151203 -4.657120
v -1.882990 25.812599 -2.499471
v -1.882990 25.812599 -2.499471
v -1.550340 32.151203 -4.657120
v 0.003052 28.482899 -1.770071
v -1.882990 25.812599 -2.499471
v 0.003052 28.482899 -1.770071
v -2.487260 25.934601 -0.000001
v -2.487260 25.934601 -0.000001
v 0.003052 28.482899 -1.770071
v 0.003052 31.962002 -0.860623
v -2.487260 25.934601 -0.000001
v 0.003052 31.962002 -0.860623
v -2.093570 33.857201 -0.000001
v -2.093570 33.857201 -0.000001
v 0.003052 31.962002 -0.860623
v 0.003052 34.965099 -1.629692
v -2.093570 33.857201 -0.000001
v 0.003052 34.965099 -1.629692
v 0.003052 42.780800 -0.000001
v 0.000000 23.358900 -6.973481
v 1.065100 24.478901 -5.865661
v 0.000000 26.175699 -10.748601
v 0.000000 26.175699 -10.748601
v 1.065100 24.478901 -5.865661
v 0.000000 28.934601 -7.788321
v 0.000000 26.175699 -10.748601
v 0.000000 28.934601 -7.788321
v -1.065100 24.478901 -5.865661
v -1.065100 24.478901 -5.865661
v 0.000000 28.934601 -7.788321
v 0.000000 25.205200 -4.281751
v -1.065100 24.478901 -5.865661
v 0.000000 25.205200 -4.281751
v -2.487260 24.906200 -4.177981
v -2.487260 24.906200 -4.177981
v 0.000000 25.205200 -4.281751
v -1.882990 25.812599 -2.499471
v -2.487260 24.906200 -4.177981
v -1.882990 25.812599 -2.499471
v -2.487260 25.934601 -0.000001
v -2.487260 10.962200 0.000000
v -4.068120 18.530800 -0.000000
v -2.487260 11.435300 3.057949
v -2.487260 11.435300 3.057949
v -4.068120 18.530800 -0.000000
v -2.487260 13.586800 5.874810
v -2.487260 11.435300 3.057949
v -2.487260 13.586800 5.874810
v 0.000000 11.621400 4.327519
v 0.000000 11.621400 4.327519
v -2.487260 13.586800 5.874810
v 0.000000 15.997801 7.730339
v 0.000000 11.621400 4.327519
v 0.000000 15.997801 7.730339
v 2.487260 13.586800 5.874810
v 2.487260 13.586800 5.874810
v 0.000000 15.997801 7.730339
v 2.487260 19.660000 7.556380
v 0.003052 80.938103 8.334599
v 0.003052 82.912704 2.383497
v 1.797540 80.938103 -0.000003
v 1.797540 80.938103 -0.000003
v 0.003052 82.912704 2.383497
v 0.003052 95.895302 6.070127
v 1.797540 80.938103 -0.000003
v 0.003052 95.895302 6.070127
v 0.003052 84.606499 -0.000002
v 0.003052 84.606499 -0.000002
v 0.003052 95.895302 6.070127
v -1.794490 80.938103 -0.000002
v 0.003052 84.606499 -0.000002
v 0.003052 88.692894 -1.382493
v -1.794490 80.938103 -0.000002
v 0.003052 88.692894 -1.382493
v -1.794490 80.938103 -0.000002
v 0.003052 87.496605 -4.434343
v 0.003051 33.890800 -9.228801
v 1.559500 32.151203 -4.657120
v 0.003052 34.028099 -4.821920
v 0.003052 34.028099 -4.821920
v 1.559500 32.151203 -4.657120
v 1.379440 32.966103 -3.311261
v 0.003052 34.028099 -4.821920
v 1.379440 32.966103 -3.311261
v 0.003052 35.709702 -5.230872
v 0.003052 35.709702 -5.230872
v 1.379440 32.966103 -3.311261
v 2.371290 38.322102 -4.275641
v 0.003052 35.709702 -5.230872
v 2.371290 38.322102 -4.275641
v 0.003051 34.604900 -9.720151
v 0.003051 34.604900 -9.720151
v 2.371290 38.322102 -4.275641
v 0.003052 38.270199 -5.780211
v -2.487260 10.962200 0.000000
v 0.000000 10.666200 3.320409
v 0.000000 8.703880 3.662219
v 0.000000 8.703880 3.662219
v 0.000000 10.666200 3.320409
v 2.487260 10.962200 -0.000001
v 0.000000 8.703880 3.662219
v 2.487260 10.962200 -0.000001
v 2.502520 8.703880 -0.000001
v 2.502520 8.703880 -0.000001
v 2.487260 10.962200 -0.000001
v 0.000000 8.703880 -3.662221
v 2.502520 8.703880 -0.000001
v 0.000000 8.703880 -3.662221
v 1.565600 6.549270 -0.000000
v 1.565600 6.549270 -0.000000
v 0.000000 8.703880 -3.662221
v 0.000000 6.549270 -2.047791
v 2.487260 10.962200 -0.000001
v 0.000000 10.666200 -3.320411
v 0.000000 8.703880 -3.662221
v 0.000000 8.703880 -3.662221
v 0.000000 10.666200 -3.320411
v -2.487260 10.962200 0.000000
v 0.000000 8.703880 -3.662221
v -2.487260 10.962200 0.000000
v -2.502520 8.703880 -0.000001
v -2.502520 8.703880 -0.000001
v -2.487260 10.962200 0.000000
v 0.000000 8.703880 3.662219
v -2.502520 8.703880 -0.000001
v 0.000000 8.703880 3.662219
v -1.565600 6.549270 -0.000000
v -1.565600 6.549270 -0.000000
v 0.000000 8.703880 3.662219
v 0.000000 6.549270 2.047790
v 0.000000 6.549270 2.047790
v 1.565600 6.549270 -0.000000
v 1.370280 -1.144440 0.000000
v 1.370280 -1.144440 0.000000
v 1.565600 6.549270 -0.000000
v 0.000000 6.549270 -2.047791
v 1.370280 -1.144440 0.000000
v 0.000000 6.549270 -2.047791
v 0.000000 -1.144440 -1.370280
v 0.000000 -1.144440 -1.370280
v 0.000000 6.549270 -2.047791
v -1.370280 -1.144440 0.000000
v 0.000000 -1.144440 -1.370280
v -1.370280 -1.144440 0.000000
v 0.000000 -8.301030 -1.666309
v 0.000000 -8.301030 -1.666309
v -1.370280 -1.144440 0.000000
v -1.666310 -8.301030 0.000001
v 0.000000 6.549270 -2.047791
v -1.565600 6.549270 -0.000000
v -1.370280 -1.144440 0.000000
v -1.370280 -1.144440 0.000000
v -1.565600 6.549270 -0.000000
v 0.000000 6.549270 2.047790
v -1.370280 -1.144440 0.000000
v 0.000000 6.549270 2.047790
v 0.000000 -1.144440 1.370280
v 0.000000 -1.144440 1.370280
v 0.000000 6.549270 2.047790
v 1.370280 -1.144440 0.000000
v 0.000000 -1.144440 1.370280
v 1.370280 -1.144440 0.000000
v 0.000000 -8.301030 1.666311
v 0.000000 -8.301030 1.666311
v 1.370280 -1.144440 0.000000
v 1.666310 -8.301030 0.000001
v -1.788380 71.806999 -5.105752
v 0.000000 74.056206 -7.245093
v 0.000000 73.241402 -5.533013
v 0.000000 73.241402 -5.533013
v 0.000000 74.056206 -7.245093
v 1.794490 71.806999 -5.105752
v 0.000000 73.241402 -5.533013
v 1.794490 71.806999 -5.105752
v 0.003052 79.171097 -2.627642
v 0.003052 79.171097 -2.627642
v 1.794490 71.806999 -5.105752
v 1.797540 80.938103 -0.000003
v 0.003052 79.171097 -2.627642
v 1.797540 80.938103 -0.000003
v 0.003052 79.693001 -4.638813
v 0.003052 79.693001 -4.638813
v 1.797540 80.938103 -0.000003
v 0.003052 82.183304 -4.623553
v 1.882990 25.812599 2.499469
v 0.003052 28.482899 1.770069
v 2.487260 25.934601 -0.000001
v 2.487260 25.934601 -0.000001
v 0.003052 28.482899 1.770069
v 0.003052 31.962002 0.860621
v 2.487260 25.934601 -0.000001
v 0.003052 31.962002 0.860621
v 2.102730 33.857201 -0.000002
v 2.102730 33.857201 -0.000002
v 0.003052 31.962002 0.860621
v 0.003052 34.965099 1.629689
v 2.102730 33.857201 -0.000002
v 0.003052 34.965099 1.629689
v 0.003052 42.780800 -0.000001
v 0.003052 40.034199 4.586929
v 0.003052 46.537701 3.418068
v 1.867730 46.037201 2.468948
v 1.867730 46.037201 2.468948
v 0.003052 46.537701 3.418068
v 0.003052 53.028999 3.582868
v 1.867730 46.037201 2.468948
v 0.003052 53.028999 3.582868
v 1.434370 56.184601 2.410958
v 1.434370 56.184601 2.410958
v 0.003052 53.028999 3.582868
v 0.003052 59.520298 5.209508
v 1.434370 56.184601 2.410958
v 0.003052 59.520298 5.209508
v 0.003052 59.541599 3.756829
v 0.003052 42.780800 -0.000001
v 0.003052 34.965099 1.629689
v -2.093570 33.857201 -0.000001
v -2.093570 33.857201 -0.000001
v 0.003052 34.965099 1.629689
v 0.003052 31.962002 0.860621
v -2.093570 33.857201 -0.000001
v 0.003052 31.962002 0.860621
v -2.487260 25.934601 -0.000001
v -2.487260 25.934601 -0.000001
v 0.003052 31.962002 0.860621
v 0.003052 28.482899 1.770069
v -2.487260 25.934601 -0.000001
v 0.003052 28.482899 1.770069
v -1.882990 25.812599 2.499469
v 0.003052 29.953899 -5.426190
v 0.003051 33.890800 -9.228801
v -1.550340 32.151203 -4.657120
v -1.550340 32.151203 -4.657120
v 0.003051 33.890800 -9.228801
v 0.003052 34.028099 -4.821920
v -1.550340 32.151203 -4.657120
v 0.003052 34.028099 -4.821920
v -1.373330 32.966103 -3.311261
v -1.373330 32.966103 -3.311261
v 0.003052 34.028099 -4.821920
v 0.003052 35.709702 -5.230872
v -1.373330 32.966103 -3.311261
v 0.003052 35.709702 -5.230872
v -2.365180 38.322102 -4.275641
v 0.003052 29.953899 5.426188
v 0.003052 33.890800 9.228799
v 1.559500 32.151203 4.657119
v 1.559500 32.151203 4.657119
v 0.003052 33.890800 9.228799
v 0.003052 34.028099 4.821918
v 1.559500 32.151203 4.657119
v 0.003052 34.028099 4.821918
v 1.379440 32.966103 3.311259
v 1.379440 32.966103 3.311259
v 0.003052 34.028099 4.821918
v 0.003052 35.709702 5.230869
v 1.379440 32.966103 3.311259
v 0.003052 35.709702 5.230869
v 2.371290 38.322102 4.275639
v 0.003052 45.521400 -1.437421
v 0.000000 56.648499 -1.474042
v 1.434370 56.184601 -2.410962
v 1.434370 56.184601 -2.410962
v 0.000000 56.648499 -1.474042
v 1.794490 71.806999 -5.105752
v 1.434370 56.184601 -2.410962
v 1.794490 71.806999 -5.105752
v 0.003052 59.541599 -3.756833
v 0.003052 59.541599 -3.756833
v 1.794490 71.806999 -5.105752
v 0.000000 74.056206 -7.245093
v 0.003052 59.541599 -3.756833
v 0.000000 74.056206 -7.245093
v -1.788380 71.806999 -5.105752
v 0.000000 10.666200 -3.320411
v 2.487260 11.435300 -3.057951
v 0.000000 11.621400 -4.327520
v 0.000000 11.621400 -4.327520
v 2.487260 11.435300 -3.057951
v 2.487260 13.586800 -5.874811
v 0.000000 11.621400 -4.327520
v 2.487260 13.586800 -5.874811
v 0.000000 15.997799 -7.730341
v 0.000000 15.997799 -7.730341
v 2.487260 13.586800 -5.874811
v 2.487260 19.660000 -7.556380
v 0.000000 15.997799 -7.730341
v 2.487260 19.660000 -7.556380
v 0.000000 19.776001 -8.041631
v 1.794490 71.806999 -5.105752
v 0.000000 71.233299 -3.805662
v 0.000000 75.756104 -1.644953
v 0.000000 75.756104 -1.644953
v 0.000000 71.233299 -3.805662
v -1.788380 71.806999 -5.105752
v 0.000000 75.756104 -1.644953
v -1.788380 71.806999 -5.105752
v -1.794490 80.938103 -0.000002
v -1.794490 80.938103 -0.000002
v -1.788380 71.806999 -5.105752
v 0.003052 79.171097 -2.627642
v -1.794490 80.938103 -0.000002
v 0.003052 79.171097 -2.627642
v 0.003052 79.693001 -4.638813
v 0.003052 45.521400 1.437419
v 0.000000 56.648499 1.474039
v -1.428270 56.184601 2.410958
v -1.428270 56.184601 2.410958
v 0.000000 56.648499 1.474039
v -1.788380 71.806999 5.105748
v -1.428270 56.184601 2.410958
v -1.788380 71.806999 5.105748
v 0.003052 59.541599 3.756829
v 0.003052 59.541599 3.756829
v -1.788380 71.806999 5.105748
v 0.000000 74.056206 7.245087
v 0.003052 59.541599 3.756829
v 0.000000 74.056206 7.245087
v 1.794490 71.806999 5.105748
v 0.833156 2.490310 12.955099
v 0.927764 9.500410 11.728299
v 0.833156 2.798551 11.078199
v 0.833156 2.798551 11.078199
v 0.927764 9.500410 11.728299
v 0.927763 8.587912 9.784229
v 0.833156 2.798551 11.078199
v 0.927763 8.587912 9.784229
v -0.927763 8.587912 9.784229
v -0.927763 8.587912 9.784229
v 0.927763 8.587912 9.784229
v -1.153600 12.555300 5.066070
v -0.833154 2.490310 12.955099
v -0.833155 2.798551 11.078199
v -0.927762 9.500410 11.728299
v -0.927762 9.500410 11.728299
v -0.833155 2.798551 11.078199
v -0.927763 8.587912 9.784229
v -0.927762 9.500410 11.728299
v -0.927763 8.587912 9.784229
v -1.153600 14.883901 6.784260
v -1.153600 14.883901 6.784260
v -0.927763 8.587912 9.784229
v -1.153600 12.555300 5.066070
v 5.529950 -5.816830 14.041599
v 3.909420 -0.756859 14.981500
v 3.909420 -0.299081 12.701800
v 3.909420 -0.299081 12.701800
v 3.909420 -0.756859 14.981500
v 0.000001 1.336710 15.372200
v 3.909420 -0.299081 12.701800
v 0.000001 1.336710 15.372200
v 0.000001 1.791440 13.092401
v 0.000001 1.791440 13.092401
v 0.000001 1.336710 15.372200
v -3.909419 -0.299081 12.701800
v -3.909419 0.152594 10.419000
v -5.529949 -4.904320 9.479051
v 5.529950 -4.904320 9.479051
v 5.529950 -4.904320 9.479051
v -5.529949 -4.904320 9.479051
v -3.909419 -9.961239 8.536032
v 5.529950 -4.904320 9.479051
v -3.909419 -9.961239 8.536032
v 3.909420 -9.961239 8.536032
v 3.909420 -9.961239 8.536032
v -3.909419 -9.961239 8.536032
v 0.000000 -12.057899 8.145390
v 3.909420 -10.873700 13.098501
v 0.000001 -12.970400 12.707899
v 0.000001 1.336710 15.372200
v 0.000001 1.336710 15.372200
v 0.000001 -12.970400 12.707899
v -3.909419 -10.873700 13.098501
v 0.000001 1.336710 15.372200
v -3.909419 -10.873700 13.098501
v -3.909419 -0.756859 14.981500
v -3.909419 -0.756859 14.981500
v -3.909419 -10.873700 13.098501
v -5.529949 -5.816830 14.041599
v 1.153600 14.883899 -6.784261
v -1.153600 14.883899 -6.784261
v 0.927762 9.500410 -11.728301
v 0.927762 9.500410 -11.728301
v -1.153600 14.883899 -6.784261
v -0.927764 9.500410 -11.728301
v 0.927762 9.500410 -11.728301
v -0.927764 9.500410 -11.728301
v 0.833154 2.490309 -12.955099
v 0.833154 2.490309 -12.955099
v -0.927764 9.500410 -11.728301
v -0.833156 2.490309 -12.955099
v -1.788380 71.806999 5.105748
v 0.000000 71.233299 3.805658
v 0.000000 75.756104 1.644947
v 0.000000 75.756104 1.644947
v 0.000000 71.233299 3.805658
v 1.794490 71.806999 5.105748
v 0.000000 75.756104 1.644947
v 1.794490 71.806999 5.105748
v 1.797540 80.938103 -0.000003
v 1.797540 80.938103 -0.000003
v 1.794490 71.806999 5.105748
v 0.003052 79.171097 2.627638
v -2.487260 10.962200 0.000000
v -2.487260 11.435300 3.057949
v 0.000000 10.666200 3.320409
v 0.000000 10.666200 3.320409
v -2.487260 11.435300 3.057949
v 0.000000 11.621400 4.327519
v 0.000000 10.666200 3.320409
v 0.000000 11.621400 4.327519
v 2.487260 11.435300 3.057949
v 2.487260 11.435300 3.057949
v 0.000000 11.621400 4.327519
v 2.487260 13.586800 5.874810
v 1.797540 80.938103 -0.000003
v 0.003052 79.171097 2.627638
v 0.003052 80.938103 8.334599
v 0.003052 80.938103 8.334599
v 0.003052 79.171097 2.627638
v -1.794490 80.938103 -0.000002
v 0.003052 80.938103 8.334599
v -1.794490 80.938103 -0.000002
v 0.003052 82.912704 2.383497
v 0.003052 82.912704 2.383497
v -1.794490 80.938103 -0.000002
v 0.003052 95.895302 6.070127
v -5.529950 -5.816831 -14.041599
v -3.909420 -0.756859 -14.981500
v -3.909420 -0.299081 -12.701800
v -3.909420 -0.299081 -12.701800
v -3.909420 -0.756859 -14.981500
v -0.000001 1.336710 -15.372200
v -3.909420 -0.299081 -12.701800
v -0.000001 1.336710 -15.372200
v -0.000001 1.791440 -13.092401
v -0.000001 1.791440 -13.092401
v -0.000001 1.336710 -15.372200
v 3.909419 -0.299081 -12.701800
v 1.794490 71.806999 5.105748
v 0.000000 74.056206 7.245087
v 0.000000 73.241402 5.533007
v 0.000000 73.241402 5.533007
v 0.000000 74.056206 7.245087
v -1.788380 71.806999 5.105748
v 0.000000 73.241402 5.533007
v -1.788380 71.806999 5.105748
v 0.003052 79.171097 2.627638
v 0.003052 79.171097 2.627638
v -1.788380 71.806999 5.105748
v -1.794490 80.938103 -0.000002
v -3.909420 -10.873700 -13.098499
v -0.000001 -12.970400 -12.707899
v -0.000001 1.336710 -15.372200
v -0.000001 1.336710 -15.372200
v -0.000001 -12.970400 -12.707899
v 3.909419 -10.873700 -13.098499
v -0.000001 1.336710 -15.372200
v 3.909419 -10.873700 -13.098499
v 3.909419 -0.756859 -14.981500
v 3.909419 -0.756859 -14.981500
v 3.909419 -10.873700 -13.098499
v 5.529949 -5.816831 -14.041599
v -3.909420 -9.961241 -8.536030
v -5.529950 -4.904321 -9.479051
v 5.529949 -4.904321 -9.479051
v 5.529949 -4.904321 -9.479051
v -5.529950 -4.904321 -9.479051
v -3.909420 0.152592 -10.419000
v 5.529949 -4.904321 -9.479051
v -3.909420 0.152592 -10.419000
v 3.909419 0.152592 -10.419000
v 3.909419 0.152592 -10.419000
v -3.909420 0.152592 -10.419000
v 1.901300 2.810749 -10.889000
v 1.153600 12.555300 -5.066071
v 1.153600 14.883899 -6.784261
v 0.927763 8.587910 -9.784231
v 0.927763 8.587910 -9.784231
v 1.153600 14.883899 -6.784261
v 0.927762 9.500410 -11.728301
v 0.927763 8.587910 -9.784231
v 0.927762 9.500410 -11.728301
v 0.833155 2.798550 -11.078199
v 0.833155 2.798550 -11.078199
v 0.927762 9.500410 -11.728301
v 0.833154 2.490309 -12.955099
v 0.003052 59.520298 -5.209511
v 0.003052 59.541599 -3.756833
v -1.428270 56.184601 -2.410962
v -1.428270 56.184601 -2.410962
v 0.003052 59.541599 -3.756833
v -1.788380 71.806999 -5.105752
v -1.428270 56.184601 -2.410962
v -1.788380 71.806999 -5.105752
v 0.000000 56.648499 -1.474042
v 0.000000 56.648499 -1.474042
v -1.788380 71.806999 -5.105752
v 0.000000 71.233299 -3.805662
v 0.906400 -19.782101 0.000000
v 0.000000 -19.782101 -1.013209
v 0.000000 -21.268301 0.000001
v 0.000000 -21.268301 0.000001
v 0.000000 -19.782101 -1.013209
v -0.906400 -19.782101 0.000000
v 0.000000 -21.268301 0.000001
v -0.906400 -19.782101 0.000000
v 0.000000 -19.782101 1.013211
v 0.003052 84.606499 -0.000002
v 0.003052 88.692894 -1.382493
v 1.797540 80.938103 -0.000003
v 1.797540 80.938103 -0.000003
v 0.003052 88.692894 -1.382493
v 0.003052 87.496605 -4.434343
v 1.797540 80.938103 -0.000003
v 0.003052 87.496605 -4.434343
v 0.003052 82.912704 -2.383502
v -1.153600 14.883901 6.784260
v 0.927764 9.500410 11.728299
v -0.927762 9.500410 11.728299
v -0.927762 9.500410 11.728299
v 0.927764 9.500410 11.728299
v 0.833156 2.490310 12.955099
v -0.927762 9.500410 11.728299
v 0.833156 2.490310 12.955099
v -0.833154 2.490310 12.955099
v 0.927764 9.500410 11.728299
v 1.153600 14.883901 6.784260
v 0.927763 8.587912 9.784229
v 0.927763 8.587912 9.784229
v 1.153600 14.883901 6.784260
v 1.153600 12.555300 5.066070
v 0.927763 8.587912 9.784229
v 1.153600 12.555300 5.066070
v -1.153600 12.555300 5.066070
v 5.529950 -4.904320 9.479051
v 3.909420 0.152594 10.419000
v -3.909419 0.152594 10.419000
v -3.909419 0.152594 10.419000
v 3.909420 0.152594 10.419000
v 1.901301 2.810751 10.889000
v -3.909419 0.152594 10.419000
v 1.901301 2.810751 10.889000
v -1.901300 2.810751 10.889000
v -3.909419 -0.299081 12.701800
v -1.901299 2.432330 13.162600
v 0.000001 1.791440 13.092401
v 0.000001 1.791440 13.092401
v -1.901299 2.432330 13.162600
v 1.901301 2.432330 13.162600
v 0.000001 1.791440 13.092401
v 1.901301 2.432330 13.162600
v 3.909420 -0.299081 12.701800
v 2.371290 38.322102 4.275639
v 0.003052 36.784000 3.146458
v 1.379440 32.966103 3.311259
v 1.379440 32.966103 3.311259
v 0.003052 36.784000 3.146458
v 0.003052 30.945799 1.852469
v 1.379440 32.966103 3.311259
v 0.003052 30.945799 1.852469
v 1.559500 32.151203 4.657119
v 0.000000 25.205200 4.281749
v 0.003052 29.953899 5.426188
v 1.882990 25.812599 2.499469
v 1.882990 25.812599 2.499469
v 0.003052 29.953899 5.426188
v 1.559500 32.151203 4.657119
v 1.882990 25.812599 2.499469
v 1.559500 32.151203 4.657119
v 0.003052 28.482899 1.770069
v 1.794490 71.806999 -5.105752
v 0.000000 75.756104 -1.644953
v 1.797540 80.938103 -0.000003
v 1.797540 80.938103 -0.000003
v 0.000000 75.756104 -1.644953
v 0.000000 72.795799 -1.013212
v 1.797540 80.938103 -0.000003
v 0.000000 72.795799 -1.013212
v 0.003052 61.287300 -0.000002
v 2.487260 19.660000 7.556380
v 2.487260 24.906200 4.177979
v 4.068120 18.530800 -0.000000
v 4.068120 18.530800 -0.000000
v 2.487260 24.906200 4.177979
v 2.487260 25.934601 -0.000001
v 4.068120 18.530800 -0.000000
v 2.487260 25.934601 -0.000001
v 2.487260 24.906200 -4.177981
v 2.487260 10.962200 -0.000001
v 2.487260 11.435300 3.057949
v 4.068120 18.530800 -0.000000
v 4.068120 18.530800 -0.000000
v 2.487260 11.435300 3.057949
v 2.487260 13.586800 5.874810
v 4.068120 18.530800 -0.000000
v 2.487260 13.586800 5.874810
v 2.487260 19.660000 7.556380
v -2.529980 -19.284599 0.000000
v 0.000000 -19.284599 2.826010
v 0.000000 -20.078100 0.000001
v 0.000000 -20.078100 0.000001
v 0.000000 -19.284599 2.826010
v 2.529980 -19.284599 0.000000
v 0.000000 -20.078100 0.000001
v 2.529980 -19.284599 0.000000
v 0.000000 -19.284599 -2.826010
v -1.794490 80.938103 -0.000002
v 0.000000 75.756104 1.644947
v 0.000000 72.795799 1.013208
v 0.000000 72.795799 1.013208
v 0.000000 75.756104 1.644947
v 1.797540 80.938103 -0.000003
v 0.000000 72.795799 1.013208
v 1.797540 80.938103 -0.000003
v 0.003052 61.287300 -0.000002
v 2.487260 19.660000 7.556380
v 1.065100 24.478901 5.865659
v 2.487260 24.906200 4.177979
v 2.487260 24.906200 4.177979
v 1.065100 24.478901 5.865659
v 0.000000 25.205200 4.281749
v 2.487260 24.906200 4.177979
v 0.000000 25.205200 4.281749
v 1.882990 25.812599 2.499469
v 0.003052 28.482899 1.770069
v -1.550340 32.151203 4.657119
v -1.882990 25.812599 2.499469
v -1.882990 25.812599 2.499469
v -1.550340 32.151203 4.657119
v 0.003052 29.953899 5.426188
v -1.882990 25.812599 2.499469
v 0.003052 29.953899 5.426188
v 0.000000 25.205200 4.281749
v -1.153600 12.555300 -5.066071
v 0.927763 8.587910 -9.784231
v -0.927763 8.587910 -9.784231
v -0.927763 8.587910 -9.784231
v 0.927763 8.587910 -9.784231
v 0.833155 2.798550 -11.078199
v -0.927763 8.587910 -9.784231
v 0.833155 2.798550 -11.078199
v -0.833156 2.798550 -11.078199
v -1.153600 14.883899 -6.784261
v -0.927763 8.587910 -9.784231
v -0.927764 9.500410 -11.728301
v -0.927764 9.500410 -11.728301
v -0.927763 8.587910 -9.784231
v -0.833156 2.798550 -11.078199
v -0.927764 9.500410 -11.728301
v -0.833156 2.798550 -11.078199
v -0.833156 2.490309 -12.955099
v -2.365180 38.322102 -4.275641
v 0.003052 40.034199 -4.586931
v -1.861630 46.037201 -2.468951
v -1.861630 46.037201 -2.468951
v 0.003052 40.034199 -4.586931
v 0.003052 46.537701 -3.418072
v -1.861630 46.037201 -2.468951
v 0.003052 46.537701 -3.418072
v 0.003052 53.028999 -3.582871
v 2.487260 19.660000 -7.556380
v 2.487260 13.586800 -5.874811
v 4.068120 18.530800 -0.000000
v 4.068120 18.530800 -0.000000
v 2.487260 13.586800 -5.874811
v 2.487260 11.435300 -3.057951
v 4.068120 18.530800 -0.000000
v 2.487260 11.435300 -3.057951
v 2.487260 10.962200 -0.000001
v 0.003052 79.693001 -4.638813
v 0.003052 82.183304 -4.623553
v -1.794490 80.938103 -0.000002
v -1.794490 80.938103 -0.000002
v 0.003052 82.183304 -4.623553
v 0.003052 82.912704 -2.383502
v -1.794490 80.938103 -0.000002
v 0.003052 82.912704 -2.383502
v 0.003052 87.496605 -4.434343
v -2.487260 10.962200 0.000000
v -2.487260 11.435300 -3.057951
v -4.068120 18.530800 -0.000000
v -4.068120 18.530800 -0.000000
v -2.487260 11.435300 -3.057951
v -2.487260 13.586800 -5.874811
v -4.068120 18.530800 -0.000000
v -2.487260 13.586800 -5.874811
v -2.868740 19.660000 -7.556380
v 0.000000 -16.635599 -3.216650
v 0.000000 -14.471901 -1.751760
v 0.000000 -17.746500 -2.084409
v 0.003051 80.959496 -12.729302
v 0.003051 85.161903 -12.875803
v 0.003051 82.403000 -11.481103
v 0.003052 85.787498 -5.429243
v 0.003051 80.959496 -9.912412
v 0.003051 82.403000 -11.481103
v 0.003051 79.631897 -18.424002
v 0.003051 80.959496 -12.729302
v 0.003051 78.341003 -18.335503
v 0.003052 95.953201 -2.130193
v 0.000000 93.911598 -2.542193
v 0.000000 91.662300 -6.619463
v 0.000000 -10.397700 -5.923639
v 0.000000 -12.060900 -6.140319
v 0.000000 -12.985601 -7.373269
v 0.000000 -12.985601 -7.373269
v 0.000000 -13.666201 -4.657119
v 0.000000 -14.597000 -5.798520
v 0.000000 -15.360001 -3.765980
v 0.000000 -16.635599 -3.216650
v 0.000000 -15.567499 -5.703909
v 0.000000 -16.736401 7.519761
v 0.000000 -17.044600 5.356000
v 0.000000 -15.567499 5.703910
v 0.000000 -15.567499 5.703910
v 0.000000 -17.044600 5.356000
v 0.000000 -16.635599 3.216650
v 0.000000 -15.567499 5.703910
v 0.000000 -16.635599 3.216650
v 0.000000 -15.360001 3.765981
v 0.000000 -14.597000 5.798521
v 0.000000 -14.471901 1.751760
v 0.000000 -13.666201 4.657120
v 0.000000 -14.597000 5.798521
v 0.000000 -13.666201 4.657120
v 0.000000 -12.985600 7.373270
v 0.000000 -12.985600 7.373270
v 0.000000 -12.060900 6.140320
v 0.000000 -10.397700 5.923640
v 0.003051 89.614601 -8.825953
v 0.003052 85.787498 -5.429243
v 0.003051 87.588104 -9.323403
v 0.003051 87.588104 -9.323403
v 0.003052 85.787498 -5.429243
v 0.003051 82.403000 -11.481103
v 0.003051 87.588104 -9.323403
v 0.003051 82.403000 -11.481103
v 0.003051 87.286003 -10.385403
v 0.003051 87.286003 -10.385403
v 0.003051 85.161903 -12.875803
v 0.003051 88.378502 -11.145403
v 0.003051 90.194397 -9.543143
v 0.003051 88.592201 -12.826903
v 0.003051 90.392799 -14.023302
v 0.003051 90.194397 -9.543143
v 0.003051 90.392799 -14.023302
v 0.003051 100.000000 -11.670303
v 0.003051 73.537399 -11.145403
v 0.003051 73.323799 -12.826903
v 0.003051 76.754097 -12.875802
v 0.003051 74.629997 -10.385403
v 0.003051 76.754097 -12.875802
v 0.003051 79.512901 -11.481102
v 0.003051 84.533203 -19.504402
v 0.003051 90.054001 -17.215504
v 0.003051 83.574898 -18.335503
v 0.003051 75.273903 -15.485104
v 0.003051 74.041000 -16.110703
v 0.003051 78.341003 -18.335503
v 0.003051 78.341003 -18.335503
v 0.003051 74.041000 -16.110703
v 0.003051 71.861900 -17.215502
v 0.003051 78.341003 -18.335503
v 0.003051 71.861900 -17.215502
v 0.003051 77.382698 -19.504402
v 0.003051 77.382698 -19.504402
v 0.003051 71.861900 -17.215502
v 0.003051 73.278000 -20.548101
v 0.003051 77.382698 -19.504402
v 0.003051 73.278000 -20.548101
v 0.003051 77.782501 -21.643702
v 0.003051 77.782501 -21.643702
v 0.003051 73.278000 -20.548101
v -0.000001 76.610603 -23.340603
v 0.003051 80.959496 -12.729302
v 0.003051 77.935097 -14.978501
v 0.003051 78.341003 -18.335503
v 0.003051 78.341003 -18.335503
v 0.003051 77.935097 -14.978501
v 0.003051 76.744904 -14.847301
v 0.003051 78.341003 -18.335503
v 0.003051 76.744904 -14.847301
v 0.003051 75.273903 -15.485104
v 0.003051 75.273903 -15.485104
v 0.003051 76.744904 -14.847301
v 0.003051 75.569901 -13.892002
v 0.003051 86.642097 -15.485104
v 0.003051 85.171097 -14.847302
v 0.003051 83.574898 -18.335503
v 0.003051 83.574898 -18.335503
v 0.003051 83.980797 -14.978502
v 0.003051 80.959496 -12.729302
v -0.000001 31.321100 -12.619401
v 0.000000 32.209198 -10.217602
v -0.000001 29.224499 -13.388500
v -0.000001 29.224499 -13.388500
v 0.000000 32.209198 -10.217602
v 0.000000 31.345600 -7.937860
v 0.000000 26.175699 10.748599
v 0.000000 28.934601 7.788319
v 0.000001 26.590803 12.994801
v 0.000001 26.590803 12.994801
v 0.000000 28.934601 7.788319
v 0.000000 31.345600 7.937859
v 0.000001 29.224503 13.388498
v 0.000000 32.209198 10.217598
v 0.000001 31.321100 12.619399
v 0.003052 95.953201 -2.130193
v 0.003051 92.465004 -8.542133
v 0.003051 95.455803 -8.667263
v 0.003052 97.906403 -4.144413
v 0.003051 95.455803 -8.667263
v 0.003052 98.004105 -7.126074
v 0.000000 -12.985601 -7.373269
v 0.000000 -10.092501 -9.408859
v 0.000000 -10.690600 -7.434309
v 0.000000 -12.985601 -7.373269
v 0.000000 -10.690600 -7.434309
v 0.000000 -10.397700 -5.923639
v 0.000000 -12.985600 7.373270
v 0.000000 -10.690598 7.434310
v 0.000000 -10.092499 9.408861
v 0.000000 -12.985600 7.373270
v 0.000000 -10.092499 9.408861
v 0.000000 -16.736401 7.519761
v 0.003051 80.959496 -9.912412
v 0.003052 82.183304 -4.623553
v 0.003052 79.693001 -4.638813
v 0.003051 80.959496 -9.912412
v 0.003052 79.693001 -4.638813
v 0.003052 76.128403 -5.429242
v 0.003051 80.959496 -12.729302
v 0.003051 80.959496 -19.400602
v 0.003051 82.283997 -18.424002
v 0.003051 80.959496 -12.729302
v 0.003051 82.283997 -18.424002
v 0.003051 83.574898 -18.335503
v 0.003051 92.465004 -8.542133
v 0.003052 95.953201 -2.130193
v 0.000000 91.662300 -6.619463
v 0.003051 78.493599 -13.675302
v 0.003051 80.959496 -12.729302
v 0.003051 76.754097 -12.875802
v 0.003051 76.754097 -12.875802
v 0.003051 80.959496 -12.729302
v 0.003051 79.512901 -11.481102
v 0.003052 76.128403 -5.429242
v 0.003051 79.512901 -11.481102
v 0.003051 80.959496 -9.912412
v 0.000000 -16.635599 3.216650
v 0.000000 -17.746500 2.084410
v 0.000000 -14.471901 1.751760
v 0.003051 90.054001 -17.215504
v 0.003051 90.041801 -14.401703
v 0.003051 88.094696 -16.037502
v 0.003051 71.861900 -17.215502
v 0.003051 74.041000 -16.110703
v 0.003051 71.874100 -14.401703
v 0.000000 -12.985600 7.373270
v 0.000000 -13.666201 4.657120
v 0.000000 -12.060900 6.140320
v 0.000000 -14.597000 5.798521
v 0.000000 -15.360001 3.765981
v 0.000000 -14.471901 1.751760
v 0.000000 -15.360001 3.765981
v 0.000000 -16.635599 3.216650
v 0.000000 -14.471901 1.751760
v 0.000000 -16.736401 7.519761
v 0.000000 -19.803501 8.795431
v 0.000000 -17.044600 5.356000
v 0.000000 -16.736401 7.519761
v 0.000000 -10.092499 9.408861
v 0.000000 -19.803501 8.795431
v 0.000000 -10.092501 -9.408859
v 0.000000 -16.736401 -7.519760
v 0.000000 -19.803501 -8.795429
v 0.000000 -16.736401 -7.519760
v 0.000000 -17.044600 -5.355999
v 0.000000 -19.803501 -8.795429
v 0.000000 -16.736401 -7.519760
v 0.000000 -15.567499 -5.703909
v 0.000000 -17.044600 -5.355999
v 0.000000 -15.567499 -5.703909
v 0.000000 -16.635599 -3.216650
v 0.000000 -17.044600 -5.355999
v 0.000000 -15.360001 -3.765980
v 0.000000 -14.471901 -1.751760
v 0.000000 -16.635599 -3.216650
v 0.000000 -15.360001 -3.765980
v 0.000000 -14.597000 -5.798520
v 0.000000 -14.471901 -1.751760
v 0.000000 -14.597000 -5.798520
v 0.000000 -13.666201 -4.657119
v 0.000000 -14.471901 -1.751760
v 0.000000 -12.985601 -7.373269
v 0.000000 -12.060900 -6.140319
v 0.000000 -13.666201 -4.657119
v 0.003051 90.194397 -9.543143
v 0.003051 88.378502 -11.145403
v 0.003051 88.592201 -12.826903
v 0.003051 88.378502 -11.145403
v 0.003051 85.161903 -12.875803
v 0.003051 88.592201 -12.826903
v 0.003051 87.286003 -10.385403
v 0.003051 82.403000 -11.481103
v 0.003051 85.161903 -12.875803
v 0.003051 72.301399 -8.825953
v 0.003051 74.327805 -9.323403
v 0.003052 76.128403 -5.429242
v 0.003051 74.327805 -9.323403
v 0.003051 79.512901 -11.481102
v 0.003052 76.128403 -5.429242
v 0.003051 74.327805 -9.323403
v 0.003051 74.629997 -10.385403
v 0.003051 79.512901 -11.481102
v 0.003051 74.629997 -10.385403
v 0.003051 73.537399 -11.145403
v 0.003051 76.754097 -12.875802
v 0.003051 73.537399 -11.145403
v 0.003051 71.721497 -9.543143
v 0.003051 73.323799 -12.826903
v 0.003051 71.721497 -9.543143
v 0.003051 71.523201 -14.023302
v 0.003051 73.323799 -12.826903
v 0.003051 71.721497 -9.543143
v 0.003051 61.918999 -11.670302
v 0.003051 71.523201 -14.023302
v 0.003051 86.642097 -15.485104
v 0.003051 83.574898 -18.335503
v 0.003051 88.094696 -16.037502
v 0.003051 83.574898 -18.335503
v 0.003051 90.054001 -17.215504
v 0.003051 88.094696 -16.037502
v 0.003051 84.533203 -19.504402
v 0.003051 88.638000 -20.548103
v 0.003051 90.054001 -17.215504
v 0.003051 84.533203 -19.504402
v 0.003051 84.133400 -21.643702
v 0.003051 88.638000 -20.548103
v 0.003051 84.133400 -21.643702
v -0.000001 85.305298 -23.340603
v 0.003051 88.638000 -20.548103
v 0.003051 84.133400 -21.643702
v -0.000001 81.563797 -24.481901
v -0.000001 85.305298 -23.340603
v -0.000001 80.352196 -24.481901
v 0.003051 77.782501 -21.643702
v -0.000001 76.610603 -23.340603
v 0.003051 86.346001 -13.892002
v 0.003051 85.171097 -14.847302
v 0.003051 86.642097 -15.485104
v 0.003051 85.171097 -14.847302
v 0.003051 83.980797 -14.978502
v 0.003051 83.574898 -18.335503
v 0.003051 83.980797 -14.978502
v 0.003051 83.422295 -13.675303
v 0.003051 80.959496 -12.729302
v 0.003051 83.422295 -13.675303
v 0.003051 85.161903 -12.875803
v 0.003051 80.959496 -12.729302
v 0.000000 26.175699 -10.748601
v -0.000001 26.590799 -12.994802
v 0.000000 28.934601 -7.788321
v -0.000001 26.590799 -12.994802
v 0.000000 31.345600 -7.937860
v 0.000000 28.934601 -7.788321
v -0.000001 26.590799 -12.994802
v -0.000001 29.224499 -13.388500
v 0.000000 31.345600 -7.937860
v 0.000001 29.224503 13.388498
v 0.000000 31.345600 7.937859
v 0.000000 32.209198 10.217598
v 0.000001 29.224503 13.388498
v 0.000001 26.590803 12.994801
v 0.000000 31.345600 7.937859
v 0.003051 78.493599 -13.675302
v 0.003051 77.935097 -14.978501
v 0.003051 80.959496 -12.729302
v 0.000000 -12.985600 7.373270
v 0.000000 -10.397700 5.923640
v 0.000000 -10.690598 7.434310
v 0.000000 -12.985601 -7.373269
v 0.000000 -16.736401 -7.519760
v 0.000000 -10.092501 -9.408859
v 0.003051 95.455803 -8.667263
v 0.003052 97.906403 -4.144413
v 0.003052 95.953201 -2.130193
v 0.003051 80.959496 -12.729302
v 0.003051 79.631897 -18.424002
v 0.003051 80.959496 -19.400602
v 0.003051 80.959496 -9.912412
v 0.003052 85.787498 -5.429243
v 0.003052 82.183304 -4.623553
v 0.000000 -25.827801 -0.650043
v 0.000000 -25.336500 1.275671
v 0.009156 -27.958000 3.158671
v 0.000000 -25.827801 -0.650043
v 0.009156 -27.958000 3.158671
v 0.009156 -28.562302 1.406901
v 0.009156 -28.562302 1.406901
v 0.009156 -27.958000 3.158671
v 0.000000 -31.357801 3.323471
v 0.000000 -31.043402 1.599171
v 0.000000 -31.357801 3.323471
v 0.000000 -33.545898 0.488298
v 0.000000 -33.545898 0.488298
v 0.000000 -36.912098 -0.042725
v 0.000000 -36.414700 -1.745659
v 0.000000 -42.493999 0.708030
v 0.000000 -42.493999 -0.708028
v 0.000000 -39.240700 -0.421154
v 0.000000 -39.240700 -0.421154
v 0.000000 -42.493999 -0.708028
v 0.000000 -39.491001 -2.084409
v 0.000000 -39.240700 -0.421154
v 0.000000 -39.491001 -2.084409
v 0.000000 -36.912098 -0.042725
v 0.000000 -36.912098 -0.042725
v 0.000000 -39.491001 -2.084409
v 0.000000 -36.414700 -1.745659
v 0.000000 -31.043402 1.599171
v 0.009156 -28.562302 1.406901
v 0.000000 -31.357801 3.323471
v 0.000000 -25.827801 -0.650043
v 0.000000 -21.384300 1.773131
v 0.000000 -25.336500 1.275671
v 0.000000 -36.912098 -0.042725
v 0.000000 -33.545898 0.488298
v 0.000000 -34.479801 1.931821
v 0.000000 -33.545898 0.488298
v 0.000000 -31.357801 3.323471
v 0.000000 -34.479801 1.931821
v 0.000000 -20.368101 0.708030
v 0.000000 -21.384300 1.773131
v 0.000000 -20.368101 -0.708028
v 0.000000 -21.384300 1.773131
v 0.000000 -21.381300 -1.745659
v 0.000000 -20.368101 -0.708028
v 0.000000 -21.384300 1.773131
v 0.000000 -25.827801 -0.650043
v 0.000000 -21.381300 -1.745659
v 0.000000 -57.359497 -5.313268
v 0.000000 -42.493999 -5.313269
v 0.000000 -42.493999 5.313272
v 0.000000 -57.359497 5.313272
v 0.000000 -57.359497 -5.313268
v 0.000000 -42.493999 5.313272
v -0.003052 87.496605 -4.434343
v 0.000000 93.911598 -2.542193
v 0.003052 88.692894 -1.382493
v 0.000000 91.662300 -6.619463
v 0.000000 93.911598 -2.542193
v -0.003052 87.496605 -4.434343
v -0.000001 1.840270 -19.504400
v 0.000000 15.997799 -7.730341
v 0.000000 11.621400 -4.327520
v 0.000000 71.028801 -2.029482
v 0.000000 72.795799 -1.013212
v 0.000000 61.287300 -0.000002
v 0.000000 71.028801 2.029478
v 0.000000 61.287300 -0.000002
v 0.000000 72.795799 1.013208
v 0.000001 1.840270 19.504400
v 0.000000 11.621400 4.327519
v 0.000000 15.997801 7.730339
v 0.000000 -16.635599 -3.216650
v 0.000000 -14.471901 -1.751760
v 0.000000 -17.746500 -2.084409
v 0.003051 80.959496 -12.729302
v 0.003051 85.161903 -12.875803
v 0.003051 82.403000 -11.481103
v 0.003052 85.787498 -5.429243
v 0.003051 80.959496 -9.912412
v 0.003051 82.403000 -11.481103
v 0.003051 79.631897 -18.424002
v 0.003051 80.959496 -12.729302
v 0.003051 78.341003 -18.335503
v 0.003052 95.953201 -2.130193
v 0.000000 93.911598 -2.542193
v 0.000000 91.662300 -6.619463
v 0.000000 -10.397700 -5.923639
v 0.000000 -12.060900 -6.140319
v 0.000000 -12.985601 -7.373269
v 0.000000 -12.985601 -7.373269
v 0.000000 -13.666201 -4.657119
v 0.000000 -14.597000 -5.798520
v 0.000000 -15.360001 -3.765980
v 0.000000 -16.635599 -3.216650
v 0.000000 -15.567499 -5.703909
v 0.000000 -16.736401 7.519761
v 0.000000 -17.044600 5.356000
v 0.000000 -15.567499 5.703910
v 0.000000 -15.567499 5.703910
v 0.000000 -17.044600 5.356000
v 0.000000 -16.635599 3.216650
v 0.000000 -15.567499 5.703910
v 0.000000 -16.635599 3.216650
v 0.000000 -15.360001 3.765981
v 0.000000 -14.597000 5.798521
v 0.000000 -14.471901 1.751760
v 0.000000 -13.666201 4.657120
v 0.000000 -14.597000 5.798521
v 0.000000 -13.666201 4.657120
v 0.000000 -12.985600 7.373270
v 0.000000 -12.985600 7.373270
v 0.000000 -12.060900 6.140320
v 0.000000 -10.397700 5.923640
v 0.003051 89.614601 -8.825953
v 0.003052 85.787498 -5.429243
v 0.003051 87.588104 -9.323403
v 0.003051 87.588104 -9.323403
v 0.003052 85.787498 -5.429243
v 0.003051 82.403000 -11.481103
v 0.003051 87.588104 -9.323403
v 0.003051 82.403000 -11.481103
v 0.003051 87.286003 -10.385403
v 0.003051 87.286003 -10.385403
v 0.003051 85.161903 -12.875803
v 0.003051 88.378502 -11.145403
v 0.003051 90.194397 -9.543143
v 0.003051 88.592201 -12.826903
v 0.003051 90.392799 -14.023302
v 0.003051 90.194397 -9.543143
v 0.003051 90.392799 -14.023302
v 0.003051 100.000000 -11.670303
v 0.003051 73.537399 -11.145403
v 0.003051 73.323799 -12.826903
v 0.003051 76.754097 -12.875802
v 0.003051 74.629997 -10.385403
v 0.003051 76.754097 -12.875802
v 0.003051 79.512901 -11.481102
v 0.003051 84.533203 -19.504402
v 0.003051 90.054001 -17.215504
v 0.003051 83.574898 -18.335503
v 0.003051 75.273903 -15.485104
v 0.003051 74.041000 -16.110703
v 0.003051 78.341003 -18.335503
v 0.003051 78.341003 -18.335503
v 0.003051 74.041000 -16.110703
v 0.003051 71.861900 -17.215502
v 0.003051 78.341003 -18.335503
v 0.003051 71.861900 -17.215502
v 0.003051 77.382698 -19.504402
v 0.003051 77.382698 -19.504402
v 0.003051 71.861900 -17.215502
v 0.003051 73.278000 -20.548101
v 0.003051 77.382698 -19.504402
v 0.003051 73.278000 -20.548101
v 0.003051 77.782501 -21.643702
v 0.003051 77.782501 -21.643702
v 0.003051 73.278000 -20.548101
v -0.000001 76.610603 -23.340603
v 0.003051 80.959496 -12.729302
v 0.003051 77.935097 -14.978501
v 0.003051 78.341003 -18.335503
v 0.003051 78.341003 -18.335503
v 0.003051 77.935097 -14.978501
v 0.003051 76.744904 -14.847301
v 0.003051 78.341003 -18.335503
v 0.003051 76.744904 -14.847301
v 0.003051 75.273903 -15.485104
v 0.003051 75.273903 -15.485104
v 0.003051 76.744904 -14.847301
v 0.003051 75.569901 -13.892002
v 0.003051 86.642097 -15.485104
v 0.003051 85.171097 -14.847302
v 0.003051 83.574898 -18.335503
v 0.003051 83.574898 -18.335503
v 0.003051 83.980797 -14.978502
v 0.003051 80.959496 -12.729302
v -0.000001 31.321100 -12.619401
v 0.000000 32.209198 -10.217602
v -0.000001 29.224499 -13.388500
v -0.000001 29.224499 -13.388500
v 0.000000 32.209198 -10.217602
v 0.000000 31.345600 -7.937860
v 0.000000 26.175699 10.748599
v 0.000000 28.934601 7.788319
v 0.000001 26.590803 12.994801
v 0.000001 26.590803 12.994801
v 0.000000 28.934601 7.788319
v 0.000000 31.345600 7.937859
v 0.000001 29.224503 13.388498
v 0.000000 32.209198 10.217598
v 0.000001 31.321100 12.619399
v 0.003052 95.953201 -2.130193
v 0.003051 92.465004 -8.542133
v 0.003051 95.455803 -8.667263
v 0.003052 97.906403 -4.144413
v 0.003051 95.455803 -8.667263
v 0.003052 98.004105 -7.126074
v 0.000000 -12.985601 -7.373269
v 0.000000 -10.092501 -9.408859
v 0.000000 -10.690600 -7.434309
v 0.000000 -12.985601 -7.373269
v 0.000000 -10.690600 -7.434309
v 0.000000 -10.397700 -5.923639
v 0.000000 -12.985600 7.373270
v 0.000000 -10.690598 7.434310
v 0.000000 -10.092499 9.408861
v 0.000000 -12.985600 7.373270
v 0.000000 -10.092499 9.408861
v 0.000000 -16.736401 7.519761
v 0.003051 80.959496 -9.912412
v 0.003052 82.183304 -4.623553
v 0.003052 79.693001 -4.638813
v 0.003051 80.959496 -9.912412
v 0.003052 79.693001 -4.638813
v 0.003052 76.128403 -5.429242
v 0.003051 80.959496 -12.729302
v 0.003051 80.959496 -19.400602
v 0.003051 82.283997 -18.424002
v 0.003051 80.959496 -12.729302
v 0.003051 82.283997 -18.424002
v 0.003051 83.574898 -18.335503
v 0.003051 92.465004 -8.542133
v 0.003052 95.953201 -2.130193
v 0.000000 91.662300 -6.619463
v 0.003051 78.493599 -13.675302
v 0.003051 80.959496 -12.729302
v 0.003051 76.754097 -12.875802
v 0.003051 76.754097 -12.875802
v 0.003051 80.959496 -12.729302
v 0.003051 79.512901 -11.481102
v 0.003052 76.128403 -5.429242
v 0.003051 79.512901 -11.481102
v 0.003051 80.959496 -9.912412
v 0.000000 -16.635599 3.216650
v 0.000000 -17.746500 2.084410
v 0.000000 -14.471901 1.751760
v 0.003051 90.054001 -17.215504
v 0.003051 90.041801 -14.401703
v 0.003051 88.094696 -16.037502
v 0.003051 71.861900 -17.215502
v 0.003051 74.041000 -16.110703
v 0.003051 71.874100 -14.401703
v 0.000000 -12.985600 7.373270
v 0.000000 -13.666201 4.657120
v 0.000000 -12.060900 6.140320
v 0.000000 -14.597000 5.798521
v 0.000000 -15.360001 3.765981
v 0.000000 -14.471901 1.751760
v 0.000000 -15.360001 3.765981
v 0.000000 -16.635599 3.216650
v 0.000000 -14.471901 1.751760
v 0.000000 -16.736401 7.519761
v 0.000000 -19.803501 8.795431
v 0.000000 -17.044600 5.356000
v 0.000000 -16.736401 7.519761
v 0.000000 -10.092499 9.408861
v 0.000000 -19.803501 8.795431
v 0.000000 -10.092501 -9.408859
v 0.000000 -16.736401 -7.519760
v 0.000000 -19.803501 -8.795429
v 0.000000 -16.736401 -7.519760
v 0.000000 -17.044600 -5.355999
v 0.000000 -19.803501 -8.795429
v 0.000000 -16.736401 -7.519760
v 0.000000 -15.567499 -5.703909
v 0.000000 -17.044600 -5.355999
v 0.000000 -15.567499 -5.703909
v 0.000000 -16.635599 -3.216650
v 0.000000 -17.044600 -5.355999
v 0.000000 -15.360001 -3.765980
v 0.000000 -14.471901 -1.751760
v 0.000000 -16.635599 -3.216650
v 0.000000 -15.360001 -3.765980
v 0.000000 -14.597000 -5.798520
v 0.000000 -14.471901 -1.751760
v 0.000000 -14.597000 -5.798520
v 0.000000 -13.666201 -4.657119
v 0.000000 -14.471901 -1.751760
v 0.000000 -12.985601 -7.373269
v 0.000000 -12.060900 -6.140319
v 0.000000 -13.666201 -4.657119
v 0.003051 90.194397 -9.543143
v 0.003051 88.378502 -11.145403
v 0.003051 88.592201 -12.826903
v 0.003051 88.378502 -11.145403
v 0.003051 85.161903 -12.875803
v 0.003051 88.592201 -12.826903
v 0.003051 87.286003 -10.385403
v 0.003051 82.403000 -11.481103
v 0.003051 85.161903 -12.875803
v 0.003051 72.301399 -8.825953
v 0.003051 74.327805 -9.323403
v 0.003052 76.128403 -5.429242
v 0.003051 74.327805 -9.323403
v 0.003051 79.512901 -11.481102
v 0.003052 76.128403 -5.429242
v 0.003051 74.327805 -9.323403
v 0.003051 74.629997 -10.385403
v 0.003051 79.512901 -11.481102
v 0.003051 74.629997 -10.385403
v 0.003051 73.537399 -11.145403
v 0.003051 76.754097 -12.875802
v 0.003051 73.537399 -11.145403
v 0.003051 71.721497 -9.543143
v 0.003051 73.323799 -12.826903
v 0.003051 71.721497 -9.543143
v 0.003051 71.523201 -14.023302
v 0.003051 73.323799 -12.826903
v 0.003051 71.721497 -9.543143
v 0.003051 61.918999 -11.670302
v 0.003051 71.523201 -14.023302
v 0.003051 86.642097 -15.485104
v 0.003051 83.574898 -18.335503
v 0.003051 88.094696 -16.037502
v 0.003051 83.574898 -18.335503
v 0.003051 90.054001 -17.215504
v 0.003051 88.094696 -16.037502
v 0.003051 84.533203 -19.504402
v 0.003051 88.638000 -20.548103
v 0.003051 90.054001 -17.215504
v 0.003051 84.533203 -19.504402
v 0.003051 84.133400 -21.643702
v 0.003051 88.638000 -20.548103
v 0.003051 84.133400 -21.643702
v -0.000001 85.305298 -23.340603
v 0.003051 88.638000 -20.548103
v 0.003051 84.133400 -21.643702
v -0.000001 81.563797 -24.481901
v -0.000001 85.305298 -23.340603
v -0.000001 80.352196 -24.481901
v 0.003051 77.782501 -21.643702
v -0.000001 76.610603 -23.340603
v 0.003051 86.346001 -13.892002
v 0.003051 85.171097 -14.847302
v 0.003051 86.642097 -15.485104
v 0.003051 85.171097 -14.847302
v 0.003051 83.980797 -14.978502
v 0.003051 83.574898 -18.335503
v 0.003051 83.980797 -14.978502
v 0.003051 83.422295 -13.675303
v 0.003051 80.959496 -12.729302
v 0.003051 83.422295 -13.675303
v 0.003051 85.161903 -12.875803
v 0.003051 80.959496 -12.729302
v 0.000000 26.175699 -10.748601
v -0.000001 26.590799 -12.994802
v 0.000000 28.934601 -7.788321
v -0.000001 26.590799 -12.994802
v 0.000000 31.345600 -7.937860
v 0.000000 28.934601 -7.788321
v -0.000001 26.590799 -12.994802
v -0.000001 29.224499 -13.388500
v 0.000000 31.345600 -7.937860
v 0.000001 29.224503 13.388498
v 0.000000 31.345600 7.937859
v 0.000000 32.209198 10.217598
v 0.000001 29.224503 13.388498
v 0.000001 26.590803 12.994801
v 0.000000 31.345600 7.937859
v 0.003051 78.493599 -13.675302
v 0.003051 77.935097 -14.978501
v 0.003051 80.959496 -12.729302
v 0.000000 -12.985600 7.373270
v 0.000000 -10.397700 5.923640
v 0.000000 -10.690598 7.434310
v 0.000000 -12.985601 -7.373269
v 0.000000 -16.736401 -7.519760
v 0.000000 -10.092501 -9.408859
v 0.003051 95.455803 -8.667263
v 0.003052 97.906403 -4.144413
v 0.003052 95.953201 -2.130193
v 0.003051 80.959496 -12.729302
v 0.003051 79.631897 -18.424002
v 0.003051 80.959496 -19.400602
v 0.003051 80.959496 -9.912412
v 0.003052 85.787498 -5.429243
v 0.003052 82.183304 -4.623553
v 0.000000 -25.827801 -0.650043
v 0.000000 -25.336500 1.275671
v 0.009156 -27.958000 3.158671
v 0.000000 -25.827801 -0.650043
v 0.009156 -27.958000 3.158671
v 0.009156 -28.562302 1.406901
v 0.009156 -28.562302 1.406901
v 0.009156 -27.958000 3.158671
v 0.000000 -31.357801 3.323471
v 0.000000 -31.043402 1.599171
v 0.000000 -31.357801 3.323471
v 0.000000 -33.545898 0.488298
v 0.000000 -33.545898 0.488298
v 0.000000 -36.912098 -0.042725
v 0.000000 -36.414700 -1.745659
v 0.000000 -42.493999 0.708030
v 0.000000 -42.493999 -0.708028
v 0.000000 -39.240700 -0.421154
v 0.000000 -39.240700 -0.421154
v 0.000000 -42.493999 -0.708028
v 0.000000 -39.491001 -2.084409
v 0.000000 -39.240700 -0.421154
v 0.000000 -39.491001 -2.084409
v 0.000000 -36.912098 -0.042725
v 0.000000 -36.912098 -0.042725
v 0.000000 -39.491001 -2.084409
v 0.000000 -36.414700 -1.745659
v 0.000000 -31.043402 1.599171
v 0.009156 -28.562302 1.406901
v 0.000000 -31.357801 3.323471
v 0.000000 -25.827801 -0.650043
v 0.000000 -21.384300 1.773131
v 0.000000 -25.336500 1.275671
v 0.000000 -36.912098 -0.042725
v 0.000000 -33.545898 0.488298
v 0.000000 -34.479801 1.931821
v 0.000000 -33.545898 0.488298
v 0.000000 -31.357801 3.323471
v 0.000000 -34.479801 1.931821
v 0.000000 -20.368101 0.708030
v 0.000000 -21.384300 1.773131
v 0.000000 -20.368101 -0.708028
v 0.000000 -21.384300 1.773131
v 0.000000 -21.381300 -1.745659
v 0.000000 -20.368101 -0.708028
v 0.000000 -21.384300 1.773131
v 0.000000 -25.827801 -0.650043
v 0.000000 -21.381300 -1.745659
v 0.000000 -57.359497 -5.313268
v 0.000000 -42.493999 -5.313269
v 0.000000 -42.493999 5.313272
v 0.000000 -57.359497 5.313272
v 0.000000 -57.359497 -5.313268
v 0.000000 -42.493999 5.313272
vn 0.0011 -0.1830 -0.9831
vn -0.0003 -0.1830 -0.9831
vn 0.0003 -0.1830 0.9831
vn -0.0011 -0.1830 0.9831
vn -0.9538 0.2945 0.0591
vn -0.4784 0.8610 0.1729
vn -0.0000 -0.9187 0.3949
vn -0.0000 0.6185 -0.7858
vn -0.3914 0.4316 0.8127
vn -0.6203 0.4561 0.6382
vn -0.9767 0.2085 0.0513
vn -0.9789 0.1562 0.1320
vn -0.3914 0.4316 -0.8127
vn -0.6203 0.4561 -0.6382
vn -0.0000 0.9864 -0.1642
vn 0.4784 0.8610 -0.1729
vn 0.9538 0.2945 -0.0591
vn 0.7771 -0.3379 0.5310
vn 0.7231 -0.4142 0.5528
vn 0.7068 0.0292 -0.7068
vn -0.7068 0.0292 0.7068
vn -0.7231 -0.4142 -0.5528
vn -0.7771 -0.3379 -0.5310
vn -1.0000 -0.0001 0.0021
vn -1.0000 0.0006 -0.0003
vn 0.0158 -0.1550 -0.9878
vn -0.0000 -0.1089 -0.9941
vn -0.0000 0.1833 0.9831
vn -0.0000 0.1832 0.9831
vn -0.0000 0.6185 0.7858
vn -0.0000 -0.9187 -0.3949
vn -0.6931 -0.0634 -0.7180
vn -0.8319 -0.1158 -0.5427
vn -0.9767 0.2085 -0.0513
vn -0.9789 0.1562 -0.1320
vn 0.6785 -0.4138 0.6070
vn -0.7993 -0.1461 -0.5829
vn -0.9993 -0.0218 -0.0295
vn -0.0000 0.6764 0.7365
vn -0.0000 -0.2181 -0.9759
vn -0.0000 0.9864 0.1642
vn 0.5098 -0.1651 -0.8443
vn 0.7056 -0.1664 -0.6888
vn 0.4471 -0.1620 0.8797
vn -0.1711 0.2815 0.9442
vn -0.9791 -0.1090 0.1717
vn -0.8259 -0.4519 0.3372
vn 0.4921 0.3828 0.7818
vn 0.5537 0.1315 0.8223
vn -0.0000 -0.7654 0.6436
vn 0.8246 0.5379 -0.1752
vn -0.2891 -0.9217 -0.2588
vn -0.6931 -0.0634 0.7180
vn -0.5210 -0.4169 -0.7449
vn -1.0000 -0.0000 -0.0000
vn 0.3063 -0.9408 0.1455
vn 0.6212 0.7610 0.1873
vn 0.8404 0.3713 -0.3949
vn -0.0158 -0.1550 -0.9878
vn -0.0000 0.1741 0.9847
vn -0.5550 0.1313 -0.8214
vn -0.9207 0.3903 0.0057
vn 0.3063 -0.9408 -0.1455
vn 0.9207 0.3903 -0.0057
vn -0.5491 0.0026 0.8358
vn -0.3354 0.5966 0.7291
vn 0.9752 0.1198 -0.1861
vn -0.7056 -0.1656 -0.6890
vn -0.4936 0.3829 -0.7809
vn -0.8259 -0.4519 -0.3372
vn 0.6212 0.7610 -0.1873
vn 0.8404 0.3713 0.3949
vn -0.3955 -0.2681 0.8785
vn -0.1630 -0.0810 0.9833
vn 0.1872 -0.0807 0.9790
vn 0.1964 0.2801 0.9397
vn 0.4162 0.4079 0.8126
vn 0.8259 -0.4519 0.3372
vn 0.9739 0.1660 0.1547
vn -0.9739 0.1660 0.1547
vn -0.8404 0.3713 -0.3949
vn -0.1262 0.9311 0.3421
vn -0.1253 0.8911 0.4361
vn -0.6212 0.7610 0.1873
vn -0.7131 0.2926 0.6371
vn 0.7131 0.2926 0.6371
vn 0.7130 0.2927 0.6371
vn 0.7130 0.2927 -0.6371
vn 0.7440 0.0677 -0.6648
vn -0.7440 0.0677 -0.6648
vn -0.7434 0.0682 -0.6653
vn -0.7434 0.0682 0.6653
vn -0.6646 0.4522 0.5948
vn 0.6646 0.4522 0.5948
vn 0.6643 0.4528 0.5947
vn 0.6643 0.4528 -0.5947
vn 0.7131 0.2926 -0.6371
vn -0.7131 0.2926 -0.6371
vn -0.7130 0.2927 -0.6371
vn -0.7130 0.2927 0.6371
vn -0.7440 0.0677 0.6648
vn 0.7440 0.0677 0.6648
vn 0.7434 0.0682 0.6653
vn 0.7434 0.0682 -0.6653
vn 0.6646 0.4522 -0.5948
vn -0.6646 0.4522 -0.5948
vn -0.6643 0.4528 -0.5947
vn -0.6643 0.4528 0.5947
vn -0.3063 -0.9408 -0.1455
vn -0.2847 -0.6955 -0.6597
vn -0.2429 -0.7709 -0.5888
vn 0.0061 -0.6138 -0.7894
vn -0.3955 -0.2681 -0.8785
vn -0.1630 -0.0810 -0.9833
vn -0.1711 0.2815 -0.9442
vn 0.1964 0.2801 -0.9397
vn 0.4162 0.4079 -0.8126
vn 0.6410 0.4156 -0.6453
vn 0.1262 0.9311 -0.3421
vn 0.1253 0.8911 -0.4361
vn 0.8023 0.5888 0.0980
vn 0.8095 0.5759 0.1140
vn 0.9538 0.2948 0.0583
vn 0.9539 0.2944 0.0589
vn 0.9538 -0.2947 -0.0589
vn 0.4789 -0.8608 -0.1722
vn -0.4789 -0.8608 -0.1722
vn -0.6215 -0.5526 -0.5553
vn 0.6215 -0.5526 -0.5553
vn 0.7900 -0.3544 -0.5004
vn 0.7900 -0.3544 0.5004
vn 0.7718 0.0576 0.6332
vn -0.7718 0.0576 0.6332
vn -0.7800 0.3079 0.5448
vn -0.7800 0.3079 -0.5448
vn -0.5315 0.6595 -0.5315
vn 0.5315 0.6595 -0.5315
vn -0.5315 0.6595 0.5315
vn 0.5315 0.6595 0.5315
vn 0.7800 0.3079 0.5448
vn 0.7800 0.3079 -0.5448
vn 0.7718 0.0576 -0.6332
vn -0.7718 0.0576 -0.6332
vn -0.7900 -0.3544 -0.5004
vn -0.7900 -0.3544 0.5004
vn -0.6215 -0.5526 0.5553
vn 0.6215 -0.5526 0.5553
vn 0.8023 0.5888 -0.0980
vn 0.8095 0.5759 -0.1140
vn 0.9538 0.2948 -0.0583
vn 0.9539 0.2944 -0.0589
vn 0.9538 -0.2947 0.0589
vn 0.4789 -0.8608 0.1722
vn -0.4789 -0.8608 0.1722
vn -0.4487 -0.0227 0.8934
vn -0.4809 0.1551 0.8630
vn -0.2925 0.2361 0.9267
vn -0.3354 0.5966 -0.7291
vn -0.5144 -0.3118 0.7989
vn 0.5144 -0.3118 0.7989
vn 0.3846 0.6758 0.6287
vn 0.6980 -0.6953 -0.1711
vn 0.8006 -0.4163 -0.4310
vn 0.6573 -0.2126 -0.7230
vn 0.6589 0.2723 0.7012
vn 0.7698 0.6008 -0.2154
vn 0.6883 0.1835 -0.7019
vn 0.3655 0.0177 -0.9307
vn 0.5275 -0.2108 -0.8230
vn 0.6553 0.1542 -0.7395
vn 0.7993 -0.1461 -0.5829
vn 0.5929 0.0299 -0.8047
vn 0.4807 0.0155 0.8767
vn 0.5119 -0.1641 0.8433
vn 0.5098 -0.1651 0.8443
vn 0.3769 0.0961 0.9213
vn 0.5828 0.1758 0.7934
vn 0.8737 -0.3554 0.3321
vn -0.7993 -0.1461 0.5829
vn -0.5929 0.0299 0.8047
vn -0.4807 0.0155 -0.8767
vn -0.5119 -0.1641 -0.8433
vn -0.5098 -0.1651 -0.8443
vn -0.3769 0.0961 -0.9213
vn -0.5828 0.1758 -0.7934
vn -0.8738 -0.3565 -0.3308
vn 0.4487 -0.0227 -0.8934
vn 0.4809 0.1551 -0.8630
vn 0.2925 0.2361 -0.9267
vn 0.3354 0.5966 0.7291
vn 0.5144 -0.3118 -0.7989
vn -0.5144 -0.3118 -0.7989
vn -0.3846 0.6758 -0.6287
vn -0.6980 -0.6953 0.1711
vn -0.8023 0.5888 0.0980
vn -0.8095 0.5759 0.1140
vn -0.9538 0.2948 0.0583
vn -0.9539 0.2944 0.0589
vn -0.9538 -0.2947 -0.0589
vn 0.3354 0.5966 -0.7291
vn 0.2925 0.2361 0.9267
vn 0.5119 -0.1641 -0.8433
vn 0.4807 0.0155 -0.8767
vn 0.5475 0.0029 -0.8368
vn 0.5709 0.1268 -0.8112
vn 0.5537 0.1315 -0.8223
vn -0.5929 0.0299 -0.8047
vn -0.4807 0.0155 0.8767
vn -0.5119 -0.1641 0.8433
vn -0.5098 -0.1651 0.8443
vn -0.3769 0.0961 0.9213
vn -0.5828 0.1758 0.7934
vn -0.8738 -0.3565 0.3308
vn -0.9538 -0.2947 0.0589
vn -0.9539 0.2944 -0.0589
vn -0.9538 0.2948 -0.0583
vn -0.8095 0.5759 -0.1140
vn -0.8023 0.5888 -0.0980
vn -0.3846 0.6758 0.6287
vn -0.6980 -0.6953 -0.1711
vn -0.5846 -0.2474 0.7727
vn -0.6624 -0.1770 0.7280
vn -0.7542 0.6010 0.2647
vn -0.7711 0.6364 0.0198
vn -0.8012 -0.4157 0.4304
vn -0.6574 -0.2117 -0.7232
vn -0.6582 0.2733 0.7014
vn -0.7690 0.6019 -0.2153
vn -0.6874 0.1837 -0.7027
vn -0.3656 0.0182 -0.9306
vn -0.5281 -0.2107 -0.8226
vn -0.6558 0.1541 -0.7390
vn 0.8259 -0.4519 -0.3372
vn 0.9739 0.1660 -0.1547
vn -0.9739 0.1660 -0.1547
vn -0.8404 0.3713 0.3949
vn -0.1262 0.9311 -0.3421
vn -0.1253 0.8911 -0.4361
vn -0.6212 0.7610 -0.1873
vn -0.9784 -0.2044 0.0316
vn -0.9785 -0.1640 0.1253
vn -0.2429 -0.7709 0.5888
vn 0.0061 -0.6138 0.7894
vn -0.0061 -0.6138 0.7894
vn 0.4181 -0.2424 0.8754
vn 0.8255 0.5357 0.1777
vn 0.6989 -0.1954 0.6880
vn 0.6956 0.3403 -0.6328
vn -0.6950 0.3405 -0.6333
vn 0.5473 -0.2682 -0.7928
vn -0.9740 0.2110 -0.0827
vn 0.7705 0.6372 -0.0199
vn 0.7538 0.6019 -0.2636
vn 0.6624 -0.1770 -0.7280
vn 0.5846 -0.2474 -0.7727
vn 0.6980 -0.6953 0.1711
vn 0.3846 0.6758 -0.6287
vn -0.7914 0.1049 0.6022
vn 0.7914 0.1049 0.6022
vn 0.8256 0.0056 0.5642
vn 0.8256 0.0056 -0.5642
vn 0.7771 -0.3379 -0.5310
vn 0.7231 -0.4142 -0.5528
vn 0.7914 0.1049 -0.6022
vn -0.7914 0.1049 -0.6022
vn -0.8256 0.0056 -0.5642
vn -0.8256 0.0056 0.5642
vn -0.7771 -0.3379 0.5310
vn -0.7231 -0.4142 0.5528
vn 0.7943 -0.0202 0.6072
vn 0.7943 -0.0202 -0.6072
vn 0.7057 -0.0621 -0.7057
vn -0.7057 -0.0621 -0.7057
vn -0.7068 0.0292 -0.7068
vn -0.7943 -0.0202 -0.6072
vn -0.7943 -0.0202 0.6072
vn -0.7057 -0.0621 0.7057
vn 0.7057 -0.0621 0.7057
vn 0.7068 0.0292 0.7068
vn -0.5279 0.7669 0.3650
vn 0.5266 0.7676 0.3653
vn 0.4921 0.3828 -0.7818
vn 0.6237 0.3813 -0.6824
vn 0.7973 -0.5842 -0.1516
vn 0.9324 0.0022 -0.3613
vn 0.7698 0.6008 0.2154
vn 0.6883 0.1835 0.7019
vn 0.3655 0.0177 0.9307
vn 0.5275 -0.2108 0.8230
vn 0.6553 0.1542 0.7395
vn 0.4809 0.1551 0.8630
vn 0.4487 -0.0227 0.8934
vn 0.5929 0.0299 0.8047
vn 0.7993 -0.1461 0.5829
vn 0.9207 0.3903 0.0057
vn -0.6558 0.1541 0.7390
vn -0.5281 -0.2107 0.8226
vn -0.3656 0.0182 0.9306
vn -0.6874 0.1837 0.7027
vn -0.7690 0.6019 0.2153
vn -0.8012 -0.4157 -0.4304
vn -0.7711 0.6364 -0.0198
vn -0.7542 0.6010 -0.2647
vn -0.6624 -0.1770 -0.7280
vn -0.5846 -0.2474 -0.7727
vn 0.8006 -0.4163 0.4310
vn 0.7705 0.6372 0.0199
vn 0.7538 0.6019 0.2636
vn 0.6624 -0.1770 0.7280
vn 0.5846 -0.2474 0.7727
vn 0.5475 0.0029 0.8368
vn 0.5709 0.1268 0.8112
vn 0.4471 -0.1620 -0.8797
vn 0.6549 -0.1765 -0.7348
vn -0.6559 -0.1765 -0.7339
vn 0.2847 -0.6955 -0.6597
vn 0.2429 -0.7709 -0.5888
vn -0.0061 -0.6138 -0.7894
vn 0.4181 -0.2424 -0.8754
vn 0.1872 -0.0807 -0.9790
vn 0.6206 -0.3380 0.7075
vn -0.6219 -0.3376 0.7066
vn -0.5210 -0.4169 0.7449
vn -0.6232 0.3814 -0.6828
vn -0.7968 -0.5849 -0.1518
vn -0.5491 0.0026 -0.8358
vn -0.5725 0.1265 -0.8101
vn -0.4471 -0.1620 0.8797
vn -0.6559 -0.1765 0.7339
vn 0.6549 -0.1765 0.7348
vn 0.9999 -0.0139 -0.0023
vn 0.9999 -0.0148 0.0069
vn -0.0000 -0.7654 -0.6436
vn -0.9999 -0.0139 -0.0023
vn -0.9999 -0.0148 0.0069
vn -0.9995 -0.0293 0.0138
vn -0.9993 -0.0218 0.0295
vn 0.9538 0.2945 0.0591
vn 0.4784 0.8610 0.1729
vn 0.4778 0.8615 0.1718
vn -0.4778 0.8615 0.1718
vn -0.0000 0.1827 -0.9832
vn -0.0000 0.1833 -0.9831
vn -0.0000 0.1832 -0.9831
vn -0.0000 -0.1831 0.9831
vn -0.0003 -0.1830 0.9831
vn 0.0011 -0.1830 0.9831
vn -0.0000 0.6764 -0.7365
vn -0.0000 0.1724 -0.9850
vn -0.6219 -0.3376 -0.7066
vn 0.6206 -0.3380 -0.7075
vn 0.5200 -0.4170 -0.7455
vn 0.6237 0.3813 0.6824
vn -0.3063 -0.9408 0.1455
vn -0.2847 -0.6955 0.6597
vn 0.2847 -0.6955 0.6597
vn 0.2429 -0.7709 0.5888
vn 0.8085 -0.5622 0.1741
vn -0.8080 -0.5628 0.1743
vn -0.8251 0.5363 0.1779
vn -0.6983 -0.1955 0.6886
vn -0.9538 0.2945 -0.0591
vn -0.4784 0.8610 -0.1729
vn -0.4778 0.8615 -0.1718
vn 0.4778 0.8615 -0.1718
vn 0.5266 0.7676 -0.3653
vn -0.5279 0.7669 -0.3650
vn -0.4936 0.3829 0.7809
vn -0.6232 0.3814 0.6828
vn -0.0000 -0.1831 -0.9831
vn 0.0003 -0.1830 -0.9831
vn -0.0011 -0.1830 -0.9831
vn -0.0000 0.1827 0.9832
vn 0.9993 -0.0218 -0.0295
vn 0.9995 -0.0293 -0.0138
vn 0.9999 -0.0148 -0.0069
vn 0.9999 -0.0139 0.0023
vn -0.9207 0.3903 -0.0057
vn -0.4471 -0.1620 -0.8797
vn -0.5725 0.1265 0.8101
vn -0.5550 0.1313 0.8214
vn 0.6785 -0.4138 -0.6070
vn -0.6785 -0.4138 -0.6070
vn -0.6785 -0.4138 0.6070
vn 0.5480 0.2681 0.7924
vn 0.9741 0.2107 -0.0826
vn 0.6066 -0.3247 -0.7257
vn -0.0000 0.1724 0.9850
vn 0.9995 -0.0293 0.0138
vn 0.9993 -0.0218 0.0295
vn -0.0000 0.1741 -0.9847
vn -0.0158 -0.1550 0.9878
vn -0.0000 -0.1089 0.9941
vn 0.0158 -0.1550 0.9878
vn 0.3769 0.0961 -0.9213
vn 0.5828 0.1758 -0.7934
vn 0.8737 -0.3554 -0.3321
vn 0.7056 -0.1664 0.6888
vn 0.6573 -0.2126 0.7230
vn 0.6589 0.2723 -0.7012
vn 0.5200 -0.4170 0.7455
vn 0.8315 -0.1159 -0.5433
vn 0.6916 -0.0632 -0.7195
vn 0.9752 0.1198 0.1861
vn 0.9767 0.2085 0.0513
vn 0.9767 0.2085 -0.0513
vn 0.9784 -0.2044 0.0316
vn 0.9785 -0.1640 0.1253
vn 0.9753 -0.0589 0.2128
vn -0.2891 -0.9217 0.2588
vn 0.2891 -0.9217 0.2588
vn 0.2891 -0.9217 -0.2588
vn -0.8319 -0.1158 0.5427
vn 0.8315 -0.1159 0.5433
vn 0.6916 -0.0632 0.7195
vn 0.6410 0.4156 0.6453
vn 0.1262 0.9311 0.3421
vn 0.1253 0.8911 0.4361
vn -0.6582 0.2733 -0.7014
vn -0.6574 -0.2117 0.7232
vn -0.7056 -0.1656 0.6890
vn -0.0000 -0.2181 0.9759
vn -0.9995 -0.0293 -0.0138
vn -0.9999 -0.0148 -0.0069
vn -0.9999 -0.0139 0.0023
vn -0.2925 0.2361 -0.9267
vn -0.4809 0.1551 -0.8630
vn -0.4487 -0.0227 -0.8934
vn 0.9753 -0.0589 -0.2128
vn 0.9785 -0.1640 -0.1253
vn 0.9784 -0.2044 -0.0316
vn -0.9322 0.0022 -0.3618
vn -0.8241 0.5386 -0.1754
vn -0.6060 -0.3249 -0.7261
vn -0.9784 -0.2044 -0.0316
vn -0.9785 -0.1640 -0.1253
vn -0.9791 -0.1090 -0.1717
vn -1.0000 0.0017 -0.0009
vn -1.0000 0.0004 0.0015
vn -1.0000 -0.0004 0.0015
vn -1.0000 -0.0005 0.0015
vn -1.0000 0.0005 0.0015
vn -1.0000 -0.0030 0.0008
vn -1.0000 -0.0027 0.0009
vn -1.0000 0.0026 -0.0009
vn -1.0000 0.0037 0.0007
vn 1.0000 0.0001 -0.0021
vn 1.0000 -0.0006 0.0003
vn 1.0000 -0.0000 -0.0000
vn 1.0000 -0.0017 0.0009
vn 1.0000 -0.0004 -0.0015
vn 1.0000 0.0004 -0.0015
vn 1.0000 0.0005 -0.0015
vn 1.0000 -0.0005 -0.0015
vn 1.0000 0.0030 -0.0008
vn 1.0000 0.0027 -0.0009
vn 1.0000 -0.0026 0.0009
vn 1.0000 -0.0037 -0.0007
vt 0.510742 0.146484
vt 0.569824 0.109375
vt 0.452637 0.109375
vt 0.594238 0.020019
vt 0.137695 0.109863
vt 0.084473 0.109863
vt 0.084473 0.073730
vt 0.050781 0.109863
vt 0.628906 0.067871
vt 0.688965 0.067871
vt 0.659180 0.096680
vt 0.659180 0.023438
vt 0.203613 0.718262
vt 0.274902 0.697754
vt 0.298340 0.738770
vt 0.301270 0.836426
vt 0.184082 0.993652
vt 0.321289 0.993652
vt 0.204102 0.717773
vt 0.010254 0.073730
vt 0.010254 0.017578
vt 0.050781 0.073730
vt 0.050781 0.017578
vt 0.405762 0.659668
vt 0.405762 0.803223
vt 0.443359 0.659668
vt 0.443848 0.759277
vt 0.898438 0.832520
vt 0.867676 0.832520
vt 0.898438 0.693848
vt 0.867676 0.693848
vt 0.813477 0.388184
vt 0.829590 0.313477
vt 0.906250 0.338379
vt 0.873047 0.458008
vt 0.954102 0.016602
vt 0.987793 0.108398
vt 0.922363 0.038086
vt 0.890625 0.016602
vt 0.280762 0.236328
vt 0.280762 0.051270
vt 0.339355 0.012695
vt 0.253418 0.143555
vt 0.428711 0.264160
vt 0.715820 0.264160
vt 0.597168 0.293945
vt 0.640625 0.312500
vt 0.793457 0.074219
vt 0.775391 0.146973
vt 0.760742 0.074219
vt 0.443359 0.429199
vt 0.377930 0.384766
vt 0.400879 0.324219
vt 0.937988 0.674316
vt 0.969727 0.674316
vt 0.937988 0.836914
vt 0.991699 0.674316
vt 0.969727 0.836914
vt 0.913086 0.985840
vt 0.913086 0.836914
vt 0.937988 0.985840
vt 0.200684 0.398438
vt 0.176758 0.332031
vt 0.286133 0.298828
vt 0.007324 0.401367
vt 0.076660 0.435059
vt 0.016113 0.349121
vt 0.442383 0.393555
vt 0.576172 0.405273
vt 0.207031 0.662109
vt 0.101074 0.776855
vt 0.302246 0.536133
vt 0.690430 0.187012
vt 0.603516 0.102051
vt 0.582031 0.114746
vt 0.574707 0.340820
vt 0.405273 0.296387
vt 0.913086 0.674316
vt 0.726562 0.399414
vt 0.747070 0.328125
vt 0.826172 0.015625
vt 0.775391 0.107422
vt 0.734863 0.015625
vt 0.597168 0.234375
vt 0.640625 0.215820
vt 0.008789 0.511230
vt 0.062500 0.741699
vt 0.136230 0.667969
vt 0.571289 0.323730
vt 0.571289 0.204590
vt 0.052734 0.878906
vt 0.033691 0.787598
vt 0.043457 0.993652
vt 0.323730 0.864258
vt 0.324707 0.775391
vt 0.368652 0.604492
vt 0.432617 0.098633
vt 0.432617 0.188965
vt 0.400391 0.236328
vt 0.230957 0.415039
vt 0.285645 0.507812
vt 0.690430 0.340820
vt 0.608398 0.421387
vt 0.582031 0.403320
vt 0.161621 0.626465
vt 0.180176 0.549316
vt 0.161621 0.560547
vt 0.180176 0.636230
vt 0.251465 0.540527
vt 0.251465 0.647461
vt 0.269531 0.522461
vt 0.269531 0.663086
vt 0.084473 0.017578
vt 0.137695 0.017578
vt 0.194824 0.017578
vt 0.194824 0.109863
vt 0.237793 0.017578
vt 0.237793 0.109863
vt 0.873535 0.293457
vt 0.909180 0.141602
vt 0.872070 0.204590
vt 0.935547 0.299805
vt 0.956055 0.145020
vt 0.980469 0.295898
vt 0.979004 0.186035
vt 0.292969 0.336914
vt 0.300781 0.386230
vt 0.198730 0.445312
vt 0.145020 0.561035
vt 0.161133 0.429199
vt 0.134277 0.546387
vt 0.108887 0.412598
vt 0.055176 0.328125
vt 0.016113 0.234863
vt 0.106445 0.301270
vt 0.132812 0.234863
vt 0.150391 0.323730
vt 0.264648 0.235352
vt 0.120117 0.373047
vt 0.091309 0.330566
vt 0.136719 0.417480
vt 0.715820 0.020019
vt 0.745117 0.194336
vt 0.935059 0.086426
vt 0.763672 0.264160
vt 0.368652 0.659668
vt 0.374023 0.793945
vt 0.898438 0.981445
vt 0.867676 0.981445
vt 0.610352 0.464844
vt 0.706055 0.399902
vt 0.016113 0.120605
vt 0.016113 0.235352
vt 0.055176 0.142090
vt 0.106445 0.168457
vt 0.150391 0.145996
vt 0.264648 0.234863
vt 0.605469 0.469238
vt 0.582520 0.336426
vt 0.969727 0.985840
vt 0.339355 0.274414
vt 0.427734 0.020019
vt 0.991699 0.836914
vt 0.991699 0.985840
vt 0.574219 0.187012
vt 0.615723 0.051758
vt 0.400391 0.051270
vt 0.857910 0.108398
vt 0.522949 0.729004
vt 0.548828 0.681641
vt 0.477051 0.657715
vt 0.716797 0.636719
vt 0.737793 0.600098
vt 0.778320 0.641113
vt 0.787109 0.423340
vt 0.716797 0.554199
vt 0.697266 0.803711
vt 0.678223 0.800781
vt 0.936035 0.326660
vt 0.380371 0.831543
vt 0.436035 0.903320
vt 0.416992 0.845703
vt 0.474121 0.837891
vt 0.455078 0.784668
vt 0.493652 0.749512
vt 0.495605 0.836426
vt 0.519043 0.920410
vt 0.528809 0.825195
vt 0.843262 0.522461
vt 0.813477 0.537109
vt 0.809082 0.568359
vt 0.825195 0.590332
vt 0.851562 0.543457
vt 0.854492 0.674805
vt 0.828125 0.639648
vt 0.995117 0.605957
vt 0.607910 0.590332
vt 0.655273 0.641113
vt 0.604980 0.639648
vt 0.624023 0.568359
vt 0.695312 0.600098
vt 0.769043 0.835449
vt 0.754883 0.800781
vt 0.849609 0.768066
vt 0.633301 0.717285
vt 0.615234 0.735840
vt 0.583496 0.768066
vt 0.664062 0.834961
vt 0.604004 0.865723
vt 0.669922 0.897949
vt 0.652832 0.947266
vt 0.672363 0.702637
vt 0.654785 0.698730
vt 0.637695 0.670898
vt 0.799805 0.717773
vt 0.778320 0.698730
vt 0.760742 0.702637
vt 0.379883 0.411621
vt 0.338379 0.406250
vt 0.410156 0.479004
vt 0.409180 0.568848
vt 0.295410 0.453125
vt 0.928711 0.518066
vt 0.884766 0.514160
vt 0.964844 0.385742
vt 0.965820 0.472656
vt 0.384766 0.899414
vt 0.368652 0.985352
vt 0.645996 0.422852
vt 0.735840 0.803711
vt 0.716797 0.832031
vt 0.680664 0.664551
vt 0.820801 0.733887
vt 0.849609 0.686035
vt 0.583496 0.685547
vt 0.585449 0.985352
vt 0.589844 0.522461
vt 0.619629 0.537109
vt 0.581543 0.543457
vt 0.578613 0.674805
vt 0.437988 0.605469
vt 0.829102 0.865723
vt 0.763184 0.897949
vt 0.780273 0.947754
vt 0.725586 0.980957
vt 0.707520 0.980957
vt 0.795410 0.670898
vt 0.752441 0.664551
vt 1.656740 0.195312
vt 1.528810 0.093262
vt 1.686040 0.093262
vt 1.492680 0.195312
vt 1.420410 0.093262
vt 1.438960 0.195312
vt 1.402830 0.195312
vt 1.332030 0.195312
vt 1.302250 0.093262
vt 1.178220 0.093262
vt 1.257810 0.093262
vt 1.178220 0.195312
vt 1.242680 0.195312
vt 1.921390 0.036621
vt 1.346680 0.093262
vt 1.982420 0.100586
vt 1.982420 0.185547
vt 1.921390 0.248047
vt 1.015620 0.291992
vt 1.982420 0.983398
vt 1.982420 0.291992
vt 1.015620 0.983398
s 1
usemtl Brush.038
f 1/1/1 3/2/1 2/3/1
f 4/2/2 6/4/2 5/3/2
f 7/4/3 9/3/3 8/2/3
f 10/1/4 12/2/4 11/3/4
f 13/5/5 15/6/5 14/7/5
f 16/6/6 18/8/6 17/7/6
f 19/9/7 21/10/7 20/11/7
f 22/10/8 24/9/8 23/12/8
f 25/13/9 27/14/9 26/15/9
f 28/16/10 30/13/10 29/15/10
f 31/17/11 33/16/11 32/18/11
f 34/19/12 36/16/12 35/17/12
f 37/14/13 39/13/13 38/15/13
f 40/13/14 42/16/14 41/15/14
f 43/20/15 45/21/15 44/22/15
f 46/21/15 48/23/15 47/22/15
f 49/6/16 51/8/16 50/7/16
f 52/6/17 54/7/17 53/5/17
f 55/24/18 57/25/18 56/26/18
f 58/27/19 60/26/19 59/25/19
f 61/28/20 63/29/20 62/30/20
f 64/31/20 66/30/20 65/29/20
f 67/28/21 69/29/21 68/30/21
f 70/31/21 72/30/21 71/29/21
f 73/27/22 75/26/22 74/25/22
f 76/24/23 78/25/23 77/26/23
f 79/32/24 81/33/24 80/34/24
f 82/35/25 84/32/25 83/34/25
f 85/36/26 87/37/26 86/38/26
f 88/39/27 90/36/27 89/38/27
f 91/40/28 93/41/28 92/42/28
f 94/41/29 96/40/29 95/43/29
f 97/12/30 99/9/30 98/10/30
f 100/10/31 102/9/31 101/11/31
f 103/44/32 105/45/32 104/46/32
f 106/47/33 108/46/33 107/45/33
f 109/17/34 111/18/34 110/16/34
f 112/19/35 114/17/35 113/16/35
f 115/48/36 117/49/36 116/50/36
f 118/51/37 120/52/37 119/53/37
f 121/54/38 123/55/38 122/56/38
f 124/55/39 126/57/39 125/58/39
f 127/59/40 129/60/40 128/61/40
f 130/21/41 132/20/41 131/22/41
f 133/62/42 135/63/42 134/64/42
f 136/65/43 138/66/43 137/67/43
f 139/68/44 141/53/44 140/69/44
f 142/13/45 144/70/45 143/14/45
f 145/19/46 147/17/46 146/71/46
f 148/15/47 150/14/47 149/72/47
f 151/73/48 153/74/48 152/75/48
f 154/76/49 156/77/49 155/69/49
f 157/54/50 159/78/50 158/56/50
f 160/45/51 162/79/51 161/80/51
f 163/81/52 165/82/52 164/83/52
f 166/44/53 168/84/53 167/45/53
f 169/75/54 171/45/54 170/85/54
f 172/86/55 174/87/55 173/88/55
f 175/89/55 177/44/55 176/46/55
f 178/90/55 180/84/55 179/44/55
f 181/86/55 183/88/55 182/87/55
f 184/91/56 186/92/56 185/93/56
f 187/16/57 189/18/57 188/94/57
f 190/95/58 192/96/58 191/15/58
f 193/38/59 195/36/59 194/39/59
f 196/97/60 198/98/60 197/99/60
f 199/76/61 201/77/61 200/69/61
f 202/51/62 204/68/62 203/53/62
f 205/91/63 207/93/63 206/92/63
f 208/51/64 210/68/64 209/53/64
f 211/77/65 213/53/65 212/64/65
f 214/100/66 216/101/66 215/62/66
f 217/19/67 219/16/67 218/17/67
f 220/65/68 222/67/68 221/66/68
f 223/102/69 225/103/69 224/104/69
f 226/15/70 228/72/70 227/14/70
f 229/16/71 231/94/71 230/18/71
f 232/95/72 234/15/72 233/96/72
f 235/71/73 237/88/73 236/13/73
f 238/88/74 240/70/74 239/13/74
f 241/88/75 243/13/75 242/70/75
f 244/13/76 246/14/76 245/70/76
f 247/13/77 249/15/77 248/14/77
f 250/15/78 252/72/78 251/14/78
f 253/15/79 255/96/79 254/72/79
f 256/96/80 258/15/80 257/72/80
f 259/96/81 261/95/81 260/15/81
f 262/95/82 264/16/82 263/15/82
f 265/95/83 267/94/83 266/16/83
f 268/94/84 270/18/84 269/16/84
f 271/105/85 273/106/85 272/107/85
f 274/106/86 276/105/86 275/107/86
f 277/106/87 279/108/87 278/105/87
f 280/108/88 282/106/88 281/105/88
f 283/108/89 285/109/89 284/106/89
f 286/109/90 288/108/90 287/106/90
f 289/109/91 291/110/91 290/108/91
f 292/110/92 294/109/92 293/108/92
f 295/110/93 297/111/93 296/109/93
f 298/111/94 300/110/94 299/109/94
f 301/111/95 303/112/95 302/110/95
f 304/112/96 306/111/96 305/110/96
f 307/105/97 309/106/97 308/107/97
f 310/106/98 312/105/98 311/107/98
f 313/106/99 315/108/99 314/105/99
f 316/108/100 318/106/100 317/105/100
f 319/108/101 321/109/101 320/106/101
f 322/109/102 324/108/102 323/106/102
f 325/109/103 327/110/103 326/108/103
f 328/110/104 330/109/104 329/108/104
f 331/110/105 333/111/105 332/109/105
f 334/111/106 336/110/106 335/109/106
f 337/111/107 339/112/107 338/110/107
f 340/112/108 342/111/108 341/110/108
f 343/93/109 345/91/109 344/92/109
f 346/91/110 348/87/110 347/92/110
f 349/91/111 351/71/111 350/87/111
f 352/71/112 354/88/112 353/87/112
f 355/71/113 357/13/113 356/88/113
f 358/13/114 360/70/114 359/88/114
f 361/13/115 363/14/115 362/70/115
f 364/14/116 366/13/116 365/70/116
f 367/14/117 369/15/117 368/13/117
f 370/15/118 372/16/118 371/13/118
f 373/15/119 375/95/119 374/16/119
f 376/95/120 378/94/120 377/16/120
f 379/21/41 381/22/41 380/23/41
f 382/22/121 384/113/121 383/23/121
f 385/22/122 387/7/122 386/113/122
f 388/7/123 390/114/123 389/113/123
f 391/7/124 393/5/124 392/114/124
f 394/5/125 396/115/125 395/114/125
f 397/5/125 399/116/125 398/115/125
f 400/116/126 402/117/126 401/115/126
f 403/116/126 405/118/126 404/117/126
f 406/118/127 408/116/127 407/117/127
f 409/119/128 411/120/128 410/121/128
f 412/120/129 414/119/129 413/121/129
f 415/120/130 417/122/130 416/119/130
f 418/122/131 420/120/131 419/119/131
f 421/122/132 423/123/132 422/120/132
f 424/123/133 426/122/133 425/120/133
f 427/123/134 429/124/134 428/122/134
f 430/124/135 432/123/135 431/122/135
f 433/124/136 435/125/136 434/123/136
f 436/125/137 438/124/137 437/123/137
f 439/124/138 441/123/138 440/125/138
f 442/123/139 444/124/139 443/125/139
f 445/123/140 447/122/140 446/124/140
f 448/122/141 450/123/141 449/124/141
f 451/122/142 453/120/142 452/123/142
f 454/120/143 456/122/143 455/123/143
f 457/120/144 459/119/144 458/122/144
f 460/119/145 462/120/145 461/122/145
f 463/119/146 465/121/146 464/120/146
f 466/121/147 468/119/147 467/120/147
f 469/23/148 471/113/148 470/22/148
f 472/113/149 474/7/149 473/22/149
f 475/113/150 477/114/150 476/7/150
f 478/114/151 480/5/151 479/7/151
f 481/114/152 483/115/152 482/5/152
f 484/115/152 486/116/152 485/5/152
f 487/115/153 489/117/153 488/116/153
f 490/117/153 492/118/153 491/116/153
f 493/117/154 495/116/154 494/118/154
f 496/52/155 498/126/155 497/127/155
f 499/126/156 501/100/156 500/127/156
f 502/126/157 504/62/157 503/100/157
f 505/62/158 507/101/158 506/100/158
f 508/62/159 510/128/159 509/101/159
f 511/128/160 513/62/160 512/101/160
f 514/128/161 516/129/161 515/62/161
f 517/129/162 519/130/162 518/62/162
f 520/131/163 522/132/163 521/66/163
f 523/132/164 525/67/164 524/66/164
f 526/132/165 528/133/165 527/67/165
f 529/133/166 531/134/166 530/67/166
f 532/133/167 534/135/167 533/134/167
f 535/135/168 537/136/168 536/134/168
f 538/135/169 540/137/169 539/136/169
f 541/137/170 543/138/170 542/136/170
f 544/51/171 546/53/171 545/52/171
f 547/53/172 549/126/172 548/52/172
f 550/53/173 552/64/173 551/126/173
f 553/64/174 555/62/174 554/126/174
f 556/64/175 558/63/175 557/62/175
f 559/63/176 561/139/176 560/62/176
f 562/63/177 564/140/177 563/139/177
f 565/140/178 567/132/178 566/139/178
f 568/51/179 570/53/179 569/52/179
f 571/53/180 573/126/180 572/52/180
f 574/53/181 576/64/181 575/126/181
f 577/64/182 579/62/182 578/126/182
f 580/64/183 582/63/183 581/62/183
f 583/63/184 585/139/184 584/62/184
f 586/63/185 588/140/185 587/139/185
f 589/140/186 591/132/186 590/139/186
f 592/52/187 594/126/187 593/127/187
f 595/126/188 597/100/188 596/127/188
f 598/126/189 600/62/189 599/100/189
f 601/62/190 603/101/190 602/100/190
f 604/62/191 606/128/191 605/101/191
f 607/128/192 609/62/192 608/101/192
f 610/128/193 612/129/193 611/62/193
f 613/129/194 615/130/194 614/62/194
f 616/23/195 618/113/195 617/22/195
f 619/113/196 621/7/196 620/22/196
f 622/113/197 624/114/197 623/7/197
f 625/114/198 627/5/198 626/7/198
f 628/114/199 630/115/199 629/5/199
f 631/115/199 633/116/199 632/5/199
f 634/115/127 636/117/127 635/116/127
f 637/101/200 639/62/200 638/100/200
f 640/62/201 642/126/201 641/100/201
f 643/62/202 645/64/202 644/126/202
f 646/64/203 648/53/203 647/126/203
f 649/64/204 651/77/204 650/53/204
f 652/77/205 654/69/205 653/53/205
f 655/77/206 657/76/206 656/69/206
f 658/52/207 660/126/207 659/53/207
f 661/126/208 663/64/208 662/53/208
f 664/126/209 666/62/209 665/64/209
f 667/62/210 669/63/210 668/64/210
f 670/62/211 672/139/211 671/63/211
f 673/139/212 675/140/212 674/63/212
f 676/139/213 678/132/213 677/140/213
f 679/117/154 681/115/154 680/116/154
f 682/115/214 684/5/214 683/116/214
f 685/115/214 687/114/214 686/5/214
f 688/114/215 690/7/215 689/5/215
f 691/114/216 693/113/216 692/7/216
f 694/113/217 696/22/217 695/7/217
f 697/113/218 699/23/218 698/22/218
f 700/128/219 702/62/219 701/129/219
f 703/62/220 705/130/220 704/129/220
f 706/62/221 708/139/221 707/130/221
f 709/139/222 711/141/222 710/130/222
f 712/139/223 714/132/223 713/141/223
f 715/132/224 717/131/224 716/141/224
f 718/132/225 720/66/225 719/131/225
f 721/66/226 723/67/226 722/132/226
f 724/67/227 726/133/227 725/132/227
f 727/67/228 729/134/228 728/133/228
f 730/134/229 732/135/229 731/133/229
f 733/134/230 735/136/230 734/135/230
f 736/136/231 738/137/231 737/135/231
f 739/136/232 741/138/232 740/137/232
f 742/14/233 744/72/233 743/15/233
f 745/72/234 747/96/234 746/15/234
f 748/72/235 750/15/235 749/96/235
f 751/15/236 753/95/236 752/96/236
f 754/15/237 756/16/237 755/95/237
f 757/16/238 759/94/238 758/95/238
f 760/16/239 762/18/239 761/94/239
f 763/93/240 765/91/240 764/17/240
f 766/91/241 768/71/241 767/17/241
f 769/91/242 771/87/242 770/71/242
f 772/87/243 774/88/243 773/71/243
f 775/87/244 777/71/244 776/88/244
f 778/71/245 780/13/245 779/88/245
f 781/142/246 783/45/246 782/143/246
f 784/45/247 786/144/247 785/143/247
f 787/45/248 789/145/248 788/144/248
f 790/145/249 792/45/249 791/144/249
f 793/145/250 795/45/250 794/33/250
f 796/33/251 798/32/251 797/45/251
f 799/131/252 801/141/252 800/132/252
f 802/141/253 804/139/253 803/132/253
f 805/141/254 807/130/254 806/139/254
f 808/130/255 810/62/255 809/139/255
f 811/130/256 813/129/256 812/62/256
f 814/129/257 816/128/257 815/62/257
f 817/146/258 819/25/258 818/147/258
f 820/25/259 822/146/259 821/147/259
f 823/25/260 825/24/260 824/146/260
f 826/24/261 828/25/261 827/146/261
f 829/24/262 831/26/262 830/25/262
f 832/26/263 834/27/263 833/25/263
f 835/146/264 837/25/264 836/147/264
f 838/25/265 840/146/265 839/147/265
f 841/25/266 843/24/266 842/146/266
f 844/24/267 846/25/267 845/146/267
f 847/24/268 849/26/268 848/25/268
f 850/26/269 852/27/269 851/25/269
f 853/148/270 855/29/270 854/149/270
f 856/29/271 858/148/271 857/149/271
f 859/29/272 861/28/272 860/148/272
f 862/28/273 864/29/273 863/148/273
f 865/28/274 867/30/274 866/29/274
f 868/30/274 870/31/274 869/29/274
f 871/148/275 873/29/275 872/149/275
f 874/29/276 876/148/276 875/149/276
f 877/29/277 879/28/277 878/148/277
f 880/28/278 882/29/278 881/148/278
f 883/28/279 885/30/279 884/29/279
f 886/30/279 888/31/279 887/29/279
f 889/104/280 891/103/280 890/150/280
f 892/103/281 894/104/281 893/150/281
f 895/103/282 897/102/282 896/104/282
f 898/102/283 900/45/283 899/104/283
f 901/102/284 903/151/284 902/45/284
f 904/151/285 906/79/285 905/45/285
f 907/152/286 909/153/286 908/154/286
f 910/153/287 912/155/287 911/154/287
f 913/153/288 915/136/288 914/155/288
f 916/136/289 918/156/289 917/155/289
f 919/136/290 921/157/290 920/156/290
f 922/100/291 924/126/291 923/127/291
f 925/126/292 927/52/292 926/127/292
f 928/126/293 930/53/293 929/52/293
f 931/53/294 933/51/294 932/52/294
f 934/53/295 936/68/295 935/51/295
f 937/157/296 939/136/296 938/156/296
f 940/136/297 942/155/297 941/156/297
f 943/136/298 945/153/298 944/155/298
f 946/153/299 948/154/299 947/155/299
f 949/153/300 951/152/300 950/154/300
f 952/66/301 954/132/301 953/131/301
f 955/132/302 957/141/302 956/131/302
f 958/132/303 960/139/303 959/141/303
f 961/139/304 963/130/304 962/141/304
f 964/139/305 966/62/305 965/130/305
f 967/66/306 969/132/306 968/131/306
f 970/132/307 972/141/307 971/131/307
f 973/132/308 975/139/308 974/141/308
f 976/139/309 978/130/309 977/141/309
f 979/139/310 981/62/310 980/130/310
f 982/64/311 984/53/311 983/77/311
f 985/53/312 987/69/312 986/77/312
f 988/53/313 990/68/313 989/69/313
f 991/68/314 993/158/314 992/69/314
f 994/68/315 996/69/315 995/158/315
f 997/92/316 999/87/316 998/91/316
f 1000/87/317 1002/71/317 1001/91/317
f 1003/87/318 1005/88/318 1004/71/318
f 1006/88/319 1008/13/319 1007/71/319
f 1009/88/320 1011/70/320 1010/13/320
f 1012/104/321 1014/47/321 1013/159/321
f 1015/47/322 1017/104/322 1016/159/322
f 1018/47/323 1020/45/323 1019/104/323
f 1021/45/324 1023/102/324 1022/104/324
f 1024/45/325 1026/151/325 1025/102/325
f 1027/64/326 1029/53/326 1028/77/326
f 1030/53/327 1032/69/327 1031/77/327
f 1033/53/328 1035/68/328 1034/69/328
f 1036/68/329 1038/158/329 1037/69/329
f 1039/68/330 1041/69/330 1040/158/330
f 1042/160/331 1044/61/331 1043/58/331
f 1045/61/332 1047/56/332 1046/58/332
f 1048/61/40 1050/60/40 1049/56/40
f 1051/60/333 1053/78/333 1052/56/333
f 1054/160/334 1056/58/334 1055/61/334
f 1057/58/335 1059/56/335 1058/61/335
f 1060/58/336 1062/55/336 1061/56/336
f 1063/55/337 1065/54/337 1064/56/337
f 1066/5/338 1068/7/338 1067/6/338
f 1069/7/339 1071/8/339 1070/6/339
f 1072/7/340 1074/22/340 1073/8/340
f 1075/22/341 1077/7/341 1076/8/341
f 1078/99/342 1080/42/342 1079/161/342
f 1081/42/343 1083/40/343 1082/161/343
f 1084/42/343 1086/41/343 1085/40/343
f 1087/41/344 1089/43/344 1088/40/344
f 1090/3/345 1092/4/345 1091/162/345
f 1093/4/345 1095/3/345 1094/162/345
f 1096/4/346 1098/2/346 1097/3/346
f 1099/2/347 1101/1/347 1100/3/347
f 1102/55/348 1104/58/348 1103/57/348
f 1105/58/348 1107/163/348 1106/57/348
f 1108/58/349 1110/160/349 1109/163/349
f 1111/160/349 1113/164/349 1112/163/349
f 1114/75/350 1116/85/350 1115/165/350
f 1117/85/351 1119/75/351 1118/165/351
f 1120/85/352 1122/45/352 1121/75/352
f 1123/45/353 1125/73/353 1124/75/353
f 1126/93/354 1128/92/354 1127/91/354
f 1129/92/355 1131/87/355 1130/91/355
f 1132/92/356 1134/91/356 1133/87/356
f 1135/91/357 1137/71/357 1136/87/357
f 1138/45/358 1140/142/358 1139/73/358
f 1141/142/359 1143/45/359 1142/73/359
f 1144/142/360 1146/143/360 1145/45/360
f 1147/143/361 1149/144/361 1148/45/361
f 1150/5/362 1152/7/362 1151/6/362
f 1153/7/363 1155/8/363 1154/6/363
f 1156/7/364 1158/22/364 1157/8/364
f 1159/22/365 1161/7/365 1160/8/365
f 1162/75/366 1164/74/366 1163/166/366
f 1165/74/367 1167/75/367 1166/166/367
f 1168/74/368 1170/73/368 1169/75/368
f 1171/73/369 1173/45/369 1172/75/369
f 1174/3/370 1176/4/370 1175/162/370
f 1177/4/370 1179/3/370 1178/162/370
f 1180/4/371 1182/2/371 1181/3/371
f 1183/2/372 1185/1/372 1184/3/372
f 1186/40/28 1188/42/28 1187/161/28
f 1189/42/373 1191/99/373 1190/161/373
f 1192/42/373 1194/167/373 1193/99/373
f 1195/167/60 1197/97/60 1196/99/60
f 1198/54/374 1200/56/374 1199/55/374
f 1201/56/375 1203/58/375 1202/55/375
f 1204/56/376 1206/61/376 1205/58/376
f 1207/61/377 1209/160/377 1208/58/377
f 1210/51/378 1212/53/378 1211/68/378
f 1213/53/379 1215/69/379 1214/68/379
f 1216/53/380 1218/77/380 1217/69/380
f 1219/77/381 1221/76/381 1220/69/381
f 1222/50/382 1224/49/382 1223/48/382
f 1225/49/383 1227/50/383 1226/48/383
f 1228/49/384 1230/48/384 1229/50/384
f 1231/145/385 1233/45/385 1232/33/385
f 1234/45/386 1236/32/386 1235/33/386
f 1237/45/387 1239/80/387 1238/32/387
f 1240/57/39 1242/163/39 1241/58/39
f 1243/163/388 1245/160/388 1244/58/388
f 1246/163/388 1248/164/388 1247/160/388
f 1249/58/389 1251/56/389 1250/55/389
f 1252/56/390 1254/54/390 1253/55/390
f 1255/56/333 1257/78/333 1256/54/333
f 1258/42/342 1260/99/342 1259/167/342
f 1261/99/391 1263/97/391 1262/167/391
f 1264/99/391 1266/98/391 1265/97/391
f 1267/168/392 1269/38/392 1268/39/392
f 1270/38/393 1272/36/393 1271/39/393
f 1273/38/394 1275/37/394 1274/36/394
f 1276/62/395 1278/139/395 1277/63/395
f 1279/139/396 1281/140/396 1280/63/396
f 1282/139/397 1284/132/397 1283/140/397
f 1285/65/398 1287/67/398 1286/66/398
f 1288/67/399 1290/132/399 1289/66/399
f 1291/67/400 1293/133/400 1292/132/400
f 1294/104/401 1296/45/401 1295/47/401
f 1297/45/402 1299/46/402 1298/47/402
f 1300/45/403 1302/44/403 1301/46/403
f 1303/19/404 1305/17/404 1304/16/404
f 1306/17/405 1308/18/405 1307/16/405
f 1309/17/406 1311/16/406 1310/18/406
f 1312/93/407 1314/17/407 1313/91/407
f 1315/17/408 1317/71/408 1316/91/408
f 1318/17/409 1320/19/409 1319/71/409
f 1321/83/410 1323/82/410 1322/81/410
f 1324/82/411 1326/83/411 1325/81/411
f 1327/82/412 1329/81/412 1328/83/412
f 1330/45/413 1332/84/413 1331/85/413
f 1333/84/414 1335/45/414 1334/85/414
f 1336/84/415 1338/44/415 1337/45/415
f 1339/13/416 1341/16/416 1340/15/416
f 1342/16/417 1344/95/417 1343/15/417
f 1345/16/418 1347/94/418 1346/95/418
f 1348/133/419 1350/67/419 1349/132/419
f 1351/67/420 1353/66/420 1352/132/420
f 1354/67/421 1356/65/421 1355/66/421
f 1357/78/50 1359/60/50 1358/56/50
f 1360/60/422 1362/61/422 1361/56/422
f 1363/60/422 1365/59/422 1364/61/422
f 1366/55/423 1368/58/423 1367/56/423
f 1369/58/424 1371/61/424 1370/56/424
f 1372/58/425 1374/160/425 1373/61/425
f 1375/62/426 1377/126/426 1376/100/426
f 1378/126/427 1380/127/427 1379/100/427
f 1381/126/428 1383/52/428 1382/127/428
f 1384/19/429 1386/17/429 1385/71/429
f 1387/17/430 1389/91/430 1388/71/430
f 1390/17/431 1392/93/431 1391/91/431
f 1393/151/432 1395/45/432 1394/79/432
f 1396/45/433 1398/80/433 1397/79/433
f 1399/45/434 1401/32/434 1400/80/434
f 1402/93/435 1404/17/435 1403/91/435
f 1405/17/436 1407/71/436 1406/91/436
f 1408/17/437 1410/19/437 1409/71/437
f 1411/169/55 1413/170/55 1412/171/55
f 1414/172/55 1416/173/55 1415/174/55
f 1417/175/55 1419/173/55 1418/176/55
f 1420/177/55 1422/178/55 1421/172/55
f 1423/179/438 1425/35/438 1424/34/438
f 1426/180/55 1428/181/55 1427/182/55
f 1429/181/55 1431/183/55 1430/184/55
f 1432/185/55 1434/186/55 1433/169/55
f 1435/187/55 1437/186/55 1436/188/55
f 1438/186/55 1440/169/55 1439/188/55
f 1441/186/55 1443/185/55 1442/169/55
f 1444/183/55 1446/184/55 1445/171/55
f 1447/183/55 1449/181/55 1448/184/55
f 1450/181/55 1452/180/55 1451/182/55
f 1453/189/55 1455/190/55 1454/175/55
f 1456/190/55 1458/173/55 1457/175/55
f 1459/190/55 1461/191/55 1460/173/55
f 1462/191/55 1464/192/55 1463/174/55
f 1465/193/55 1467/194/55 1466/195/55
f 1468/193/55 1470/196/55 1469/194/55
f 1471/197/55 1473/198/55 1472/199/55
f 1474/200/55 1476/201/55 1475/198/55
f 1477/202/55 1479/203/55 1478/204/55
f 1480/205/55 1482/178/55 1481/206/55
f 1483/178/55 1485/207/55 1484/206/55
f 1486/178/55 1488/208/55 1487/207/55
f 1489/208/55 1491/209/55 1490/207/55
f 1492/208/55 1494/210/55 1493/209/55
f 1495/210/439 1497/211/439 1496/209/439
f 1498/172/55 1500/178/55 1499/212/55
f 1501/178/55 1503/213/55 1502/212/55
f 1504/178/55 1506/205/55 1505/213/55
f 1507/205/55 1509/214/55 1508/213/55
f 1510/215/55 1512/203/55 1511/216/55
f 1513/203/55 1515/172/55 1514/217/55
f 1516/218/55 1518/219/55 1517/220/55
f 1519/219/55 1521/221/55 1520/220/55
f 1522/72/55 1524/222/55 1523/96/55
f 1525/222/55 1527/221/55 1526/96/55
f 1528/219/55 1530/218/55 1529/220/55
f 1531/179/55 1533/223/55 1532/224/55
f 1534/225/55 1536/226/55 1535/223/55
f 1537/181/55 1539/227/55 1538/228/55
f 1540/181/55 1542/180/55 1541/227/55
f 1543/181/55 1545/228/55 1544/227/55
f 1546/181/55 1548/187/55 1547/228/55
f 1549/176/55 1551/151/55 1550/79/55
f 1552/176/55 1554/229/55 1553/151/55
f 1555/172/55 1557/230/55 1556/231/55
f 1558/172/55 1560/203/55 1559/230/55
f 1561/224/438 1563/35/438 1562/179/438
f 1564/232/55 1566/198/55 1565/172/55
f 1567/198/55 1569/201/55 1568/172/55
f 1570/229/55 1572/176/55 1571/201/55
f 1573/169/55 1575/171/55 1574/170/55
f 1576/204/55 1578/233/55 1577/234/55
f 1579/207/55 1581/235/55 1580/206/55
f 1582/181/55 1584/182/55 1583/184/55
f 1585/183/55 1587/171/55 1586/185/55
f 1588/185/55 1590/171/55 1589/169/55
f 1591/187/55 1593/188/55 1592/236/55
f 1594/187/55 1596/236/55 1595/228/55
f 1597/228/55 1599/236/55 1598/187/55
f 1600/187/55 1602/236/55 1601/188/55
f 1603/187/55 1605/188/55 1604/186/55
f 1606/186/55 1608/188/55 1607/169/55
f 1609/185/55 1611/169/55 1610/171/55
f 1612/185/55 1614/171/55 1613/183/55
f 1615/183/55 1617/171/55 1616/184/55
f 1618/181/55 1620/184/55 1619/182/55
f 1621/193/55 1623/195/55 1622/192/55
f 1624/192/55 1626/195/55 1625/174/55
f 1627/191/55 1629/174/55 1628/173/55
f 1630/237/55 1632/229/55 1631/238/55
f 1633/238/55 1635/229/55 1634/201/55
f 1636/238/55 1638/201/55 1637/200/55
f 1639/200/55 1641/198/55 1640/197/55
f 1642/197/55 1644/199/55 1643/239/55
f 1645/239/55 1647/199/55 1646/240/55
f 1648/239/55 1650/240/55 1649/241/55
f 1651/215/55 1653/233/55 1652/203/55
f 1654/203/55 1656/233/55 1655/204/55
f 1657/202/55 1659/204/55 1658/242/55
f 1660/202/55 1662/242/55 1661/243/55
f 1663/243/440 1665/242/440 1664/244/440
f 1666/243/441 1668/244/441 1667/245/441
f 1669/246/442 1671/211/442 1670/210/442
f 1672/247/55 1674/215/55 1673/216/55
f 1675/216/55 1677/203/55 1676/217/55
f 1678/217/55 1680/172/55 1679/248/55
f 1681/248/55 1683/172/55 1682/174/55
f 1684/72/55 1686/96/55 1685/222/55
f 1687/222/55 1689/96/55 1688/221/55
f 1690/222/55 1692/221/55 1691/219/55
f 1693/219/55 1695/220/55 1694/221/55
f 1696/219/55 1698/221/55 1697/222/55
f 1699/232/55 1701/172/55 1700/212/55
f 1702/181/55 1704/227/55 1703/180/55
f 1705/181/55 1707/228/55 1706/187/55
f 1708/223/55 1710/179/55 1709/225/55
f 1711/172/55 1713/231/55 1712/177/55
f 1714/176/55 1716/79/55 1715/175/55
f 1771/32/447 1772/34/447 1773/33/447
f 1774/35/448 1775/34/448 1776/32/448
f 1777/86/449 1778/88/449 1779/87/449
f 1780/89/449 1781/46/449 1782/44/449
f 1783/90/449 1784/44/449 1785/84/449
f 1786/86/449 1787/87/449 1788/88/449
f 1789/169/449 1790/171/449 1791/170/449
f 1792/172/449 1793/174/449 1794/173/449
f 1795/175/449 1796/176/449 1797/173/449
f 1798/177/449 1799/172/449 1800/178/449
f 1801/179/450 1802/34/450 1803/35/450
f 1804/180/449 1805/182/449 1806/181/449
f 1807/181/449 1808/184/449 1809/183/449
f 1810/185/449 1811/169/449 1812/186/449
f 1813/187/449 1814/188/449 1815/186/449
f 1816/186/449 1817/188/449 1818/169/449
f 1819/186/449 1820/169/449 1821/185/449
f 1822/183/449 1823/171/449 1824/184/449
f 1825/183/449 1826/184/449 1827/181/449
f 1828/181/449 1829/182/449 1830/180/449
f 1831/189/449 1832/175/449 1833/190/449
f 1834/190/449 1835/175/449 1836/173/449
f 1837/190/449 1838/173/449 1839/191/449
f 1840/191/449 1841/174/449 1842/192/449
f 1843/193/449 1844/195/449 1845/194/449
f 1846/193/449 1847/194/449 1848/196/449
f 1849/197/449 1850/199/449 1851/198/449
f 1852/200/449 1853/198/449 1854/201/449
f 1855/202/449 1856/204/449 1857/203/449
f 1858/205/449 1859/206/449 1860/178/449
f 1861/178/449 1862/206/449 1863/207/449
f 1864/178/449 1865/207/449 1866/208/449
f 1867/208/449 1868/207/449 1869/209/449
f 1870/208/449 1871/209/449 1872/210/449
f 1873/210/451 1874/209/451 1875/211/451
f 1876/172/449 1877/212/449 1878/178/449
f 1879/178/449 1880/212/449 1881/213/449
f 1882/178/449 1883/213/449 1884/205/449
f 1885/205/449 1886/213/449 1887/214/449
f 1888/215/449 1889/216/449 1890/203/449
f 1891/203/449 1892/217/449 1893/172/449
f 1894/218/449 1895/220/449 1896/219/449
f 1897/219/449 1898/220/449 1899/221/449
f 1900/72/449 1901/96/449 1902/222/449
f 1903/222/449 1904/96/449 1905/221/449
f 1906/219/449 1907/220/449 1908/218/449
f 1909/179/449 1910/224/449 1911/223/449
f 1912/225/449 1913/223/449 1914/226/449
f 1915/181/449 1916/228/449 1917/227/449
f 1918/181/449 1919/227/449 1920/180/449
f 1921/181/449 1922/227/449 1923/228/449
f 1924/181/449 1925/228/449 1926/187/449
f 1927/176/449 1928/79/449 1929/151/449
f 1930/176/449 1931/151/449 1932/229/449
f 1933/172/449 1934/231/449 1935/230/449
f 1936/172/449 1937/230/449 1938/203/449
f 1939/224/450 1940/179/450 1941/35/450
f 1942/232/449 1943/172/449 1944/198/449
f 1945/198/449 1946/172/449 1947/201/449
f 1948/229/449 1949/201/449 1950/176/449
f 1951/169/449 1952/170/449 1953/171/449
f 1954/204/449 1955/234/449 1956/233/449
f 1957/207/449 1958/206/449 1959/235/449
f 1960/181/449 1961/184/449 1962/182/449
f 1963/183/449 1964/185/449 1965/171/449
f 1966/185/449 1967/169/449 1968/171/449
f 1969/187/449 1970/236/449 1971/188/449
f 1972/187/449 1973/228/449 1974/236/449
f 1975/228/449 1976/187/449 1977/236/449
f 1978/187/449 1979/188/449 1980/236/449
f 1981/187/449 1982/186/449 1983/188/449
f 1984/186/449 1985/169/449 1986/188/449
f 1987/185/449 1988/171/449 1989/169/449
f 1990/185/449 1991/183/449 1992/171/449
f 1993/183/449 1994/184/449 1995/171/449
f 1996/181/449 1997/182/449 1998/184/449
f 1999/193/449 2000/192/449 2001/195/449
f 2002/192/449 2003/174/449 2004/195/449
f 2005/191/449 2006/173/449 2007/174/449
f 2008/237/449 2009/238/449 2010/229/449
f 2011/238/449 2012/201/449 2013/229/449
f 2014/238/449 2015/200/449 2016/201/449
f 2017/200/449 2018/197/449 2019/198/449
f 2020/197/449 2021/239/449 2022/199/449
f 2023/239/449 2024/240/449 2025/199/449
f 2026/239/449 2027/241/449 2028/240/449
f 2029/215/449 2030/203/449 2031/233/449
f 2032/203/449 2033/204/449 2034/233/449
f 2035/202/449 2036/242/449 2037/204/449
f 2038/202/449 2039/243/449 2040/242/449
f 2041/243/452 2042/244/452 2043/242/452
f 2044/243/453 2045/245/453 2046/244/453
f 2047/246/454 2048/210/454 2049/211/454
f 2050/247/449 2051/216/449 2052/215/449
f 2053/216/449 2054/217/449 2055/203/449
f 2056/217/449 2057/248/449 2058/172/449
f 2059/248/449 2060/174/449 2061/172/449
f 2062/72/449 2063/222/449 2064/96/449
f 2065/222/449 2066/221/449 2067/96/449
f 2068/222/449 2069/219/449 2070/221/449
f 2071/219/449 2072/221/449 2073/220/449
f 2074/219/449 2075/222/449 2076/221/449
f 2077/232/449 2078/212/449 2079/172/449
f 2080/181/449 2081/180/449 2082/227/449
f 2083/181/449 2084/187/449 2085/228/449
f 2086/223/449 2087/225/449 2088/179/449
f 2089/172/449 2090/177/449 2091/231/449
f 2092/176/449 2093/175/449 2094/79/449
usemtl Brush.039
f 1717/249/443 1719/250/443 1718/251/443
f 1720/249/444 1722/252/444 1721/250/444
f 1723/252/445 1725/253/445 1724/250/445
f 1726/254/55 1728/255/55 1727/253/55
f 1729/255/55 1731/256/55 1730/257/55
f 1732/258/55 1734/259/55 1733/260/55
f 1735/259/55 1737/261/55 1736/260/55
f 1738/259/55 1740/257/55 1739/261/55
f 1741/257/55 1743/256/55 1742/261/55
f 1744/254/446 1746/253/446 1745/252/446
f 1747/249/55 1749/251/55 1748/262/55
f 1750/257/55 1752/263/55 1751/255/55
f 1753/255/55 1755/263/55 1754/253/55
f 1756/264/55 1758/265/55 1757/262/55
f 1759/262/55 1761/265/55 1760/266/55
f 1762/262/55 1764/266/55 1763/249/55
f 1765/267/55 1767/268/55 1766/269/55
f 1768/270/55 1770/268/55 1769/267/55
f 2095/249/455 2096/251/455 2097/250/455
f 2098/249/456 2099/250/456 2100/252/456
f 2101/252/457 2102/250/457 2103/253/457
f 2104/254/449 2105/253/449 2106/255/449
f 2107/255/449 2108/257/449 2109/256/449
f 2110/258/449 2111/260/449 2112/259/449
f 2113/259/449 2114/260/449 2115/261/449
f 2116/259/449 2117/261/449 2118/257/449
f 2119/257/449 2120/261/449 2121/256/449
f 2122/254/458 2123/252/458 2124/253/458
f 2125/249/449 2126/262/449 2127/251/449
f 2128/257/449 2129/255/449 2130/263/449
f 2131/255/449 2132/253/449 2133/263/449
f 2134/264/449 2135/262/449 2136/265/449
f 2137/262/449 2138/266/449 2139/265/449
f 2140/262/449 2141/249/449 2142/266/449
f 2143/267/449 2144/269/449 2145/268/449
f 2146/270/449 2147/267/449 2148/268/449
