mtllib starcluster.mtl
v -0.000000 0.015581 -0.077024
v -0.000000 0.039706 -0.077259
v -0.016633 0.039706 -0.077259
v -0.016750 0.015667 -0.077305
v -0.000000 -0.002790 -0.089086
v -0.016842 0.002938 -0.086373
v -0.016852 -0.017314 -0.093239
v 0.000001 -0.031932 -0.093496
v -0.016707 -0.091182 -0.093183
v -0.000000 -0.091193 -0.092936
v -0.000001 0.007391 -0.120898
v -0.000000 0.037702 -0.124678
v 0.016633 0.037702 -0.124678
v 0.016832 0.005168 -0.120414
v -0.000002 -0.022431 -0.122389
v 0.016851 -0.023323 -0.122259
v 0.016754 -0.052477 -0.129826
v -0.000000 -0.052414 -0.130106
v 0.016742 -0.087012 -0.144433
v -0.000000 -0.086990 -0.144711
v 0.000000 -0.052414 0.130106
v 0.000000 -0.086990 0.144711
v 0.016742 -0.087012 0.144433
v 0.016754 -0.052477 0.129826
v -0.000002 -0.022431 0.122389
v 0.016851 -0.023323 0.122259
v 0.016832 0.005168 0.120414
v -0.000001 0.007391 0.120898
v 0.016633 0.037702 0.124678
v 0.000000 0.037702 0.124678
v 0.000001 -0.031932 0.093496
v 0.000000 -0.091193 0.092936
v -0.016707 -0.091182 0.093183
v -0.016852 -0.017314 0.093239
v -0.000000 -0.002790 0.089086
v -0.016842 0.002938 0.086373
v -0.016750 0.015667 0.077305
v 0.000000 0.015581 0.077024
v -0.016633 0.039706 0.077259
v 0.000000 0.039706 0.077259
v 0.000000 -0.052414 0.130106
v -0.016742 -0.087012 0.144433
v 0.000000 -0.086990 0.144711
v -0.016754 -0.052477 0.129826
v 0.000002 -0.022431 0.122389
v -0.016851 -0.023323 0.122259
v -0.016832 0.005168 0.120414
v 0.000001 0.007391 0.120898
v -0.016633 0.037702 0.124678
v 0.000000 0.037702 0.124678
v -0.000001 -0.031932 0.093496
v 0.016707 -0.091182 0.093183
v 0.000000 -0.091193 0.092936
v 0.016852 -0.017314 0.093239
v 0.000000 -0.002790 0.089086
v 0.016842 0.002938 0.086373
v 0.016750 0.015667 0.077305
v 0.000000 0.015581 0.077024
v 0.016633 0.039706 0.077259
v 0.000000 0.039706 0.077259
v -0.000000 0.082161 -0.142623
v 0.016941 0.071384 -0.144042
v -0.000000 0.071384 -0.144042
v 0.016941 0.088350 -0.140774
v -0.000000 0.096132 -0.136281
v 0.016941 0.105263 -0.127150
v -0.000000 0.109756 -0.119368
v 0.016941 0.111605 -0.113179
v -0.000000 0.113024 -0.102402
v 0.016941 0.113024 -0.102402
v -0.016941 0.111605 -0.113179
v -0.016941 0.113024 -0.102402
v -0.000000 0.113024 -0.102402
v -0.000000 0.111605 -0.113179
v -0.016941 0.105263 -0.127150
v -0.000000 0.104057 -0.128722
v -0.016941 0.088350 -0.140774
v -0.000000 0.086520 -0.141532
v -0.016941 0.071384 -0.144042
v -0.000000 0.071384 -0.144042
v 0.016941 0.111605 -0.091625
v 0.016941 0.113024 -0.102402
v -0.000000 0.113024 -0.102402
v -0.000000 0.109756 -0.085436
v 0.016941 0.105263 -0.077654
v -0.000000 0.096132 -0.068523
v 0.016941 0.088350 -0.064030
v -0.000000 0.082161 -0.062181
v 0.016941 0.071384 -0.060762
v -0.000000 0.071384 -0.060762
v -0.000000 0.082161 -0.062181
v -0.016941 0.071384 -0.060762
v -0.000000 0.071384 -0.060762
v -0.016941 0.088350 -0.064030
v -0.000000 0.096132 -0.068523
v -0.016941 0.105263 -0.077654
v -0.000000 0.109756 -0.085436
v -0.016941 0.111605 -0.091625
v -0.000000 0.113024 -0.102402
v -0.016941 0.113024 -0.102402
v 0.016941 0.031163 -0.113179
v 0.016941 0.029744 -0.102402
v -0.000000 0.029744 -0.102402
v -0.000000 0.033012 -0.119368
v 0.016941 0.037505 -0.127150
v -0.000000 0.046636 -0.136281
v 0.016941 0.054418 -0.140774
v -0.000000 0.060607 -0.142623
v 0.016941 0.071384 -0.144042
v -0.000000 0.071384 -0.144042
v -0.000000 0.060607 -0.142623
v -0.016941 0.071384 -0.144042
v -0.000000 0.071384 -0.144042
v -0.016941 0.054418 -0.140774
v -0.000000 0.046636 -0.136281
v -0.016941 0.037505 -0.127150
v -0.000000 0.033012 -0.119368
v -0.016941 0.031163 -0.113179
v -0.000000 0.029744 -0.102402
v -0.016941 0.029744 -0.102402
v -0.000000 0.056248 -0.063272
v 0.016941 0.071384 -0.060762
v -0.000000 0.071384 -0.060762
v 0.016941 0.054418 -0.064030
v -0.000000 0.038710 -0.076083
v 0.016941 0.037505 -0.077654
v -0.000000 0.031163 -0.091625
v 0.016941 0.031163 -0.091625
v -0.000000 0.029744 -0.102402
v 0.016941 0.029744 -0.102402
v -0.016941 0.031163 -0.091625
v -0.016941 0.029744 -0.102402
v -0.000000 0.029744 -0.102402
v -0.000000 0.033012 -0.085436
v -0.016941 0.037505 -0.077654
v -0.000000 0.046636 -0.068523
v -0.016941 0.054418 -0.064030
v -0.000000 0.060607 -0.062181
v -0.016941 0.071384 -0.060762
v -0.000000 0.071384 -0.060762
v 0.016941 0.111605 0.113179
v 0.016941 0.113024 0.102402
v -0.000000 0.113024 0.102402
v 0.000000 0.111605 0.113179
v 0.016941 0.105263 0.127150
v 0.000000 0.104057 0.128722
v 0.016941 0.088350 0.140774
v 0.000000 0.086520 0.141532
v 0.016941 0.071384 0.144042
v 0.000000 0.071384 0.144042
v 0.000000 0.082161 0.142623
v -0.016941 0.071384 0.144042
v 0.000000 0.071384 0.144042
v -0.016941 0.088350 0.140774
v 0.000000 0.096132 0.136281
v -0.016941 0.105263 0.127150
v 0.000000 0.109756 0.119368
v -0.016941 0.111605 0.113179
v -0.000000 0.113024 0.102402
v -0.016941 0.113024 0.102402
v -0.000000 0.082161 0.062181
v 0.016941 0.071384 0.060762
v -0.000000 0.071384 0.060762
v 0.016941 0.088350 0.064030
v -0.000000 0.096132 0.068523
v 0.016941 0.105263 0.077654
v -0.000000 0.109756 0.085436
v 0.016941 0.111605 0.091625
v -0.000000 0.113024 0.102402
v 0.016941 0.113024 0.102402
v -0.016941 0.111605 0.091625
v -0.016941 0.113024 0.102402
v -0.000000 0.113024 0.102402
v -0.000000 0.109756 0.085436
v -0.016941 0.105263 0.077654
v -0.000000 0.096132 0.068523
v -0.016941 0.088350 0.064030
v -0.000000 0.082161 0.062181
v -0.016941 0.071384 0.060762
v -0.000000 0.071384 0.060762
v 0.000000 0.060607 0.142623
v 0.016941 0.071384 0.144042
v 0.000000 0.071384 0.144042
v 0.016941 0.054418 0.140774
v 0.000000 0.046636 0.136281
v 0.016941 0.037505 0.127150
v 0.000000 0.033012 0.119368
v 0.016941 0.031163 0.113179
v 0.000000 0.029744 0.102402
v 0.016941 0.029744 0.102402
v -0.016941 0.031163 0.113179
v -0.016941 0.029744 0.102402
v 0.000000 0.029744 0.102402
v 0.000000 0.033012 0.119368
v -0.016941 0.037505 0.127150
v 0.000000 0.046636 0.136281
v -0.016941 0.054418 0.140774
v 0.000000 0.060607 0.142623
v -0.016941 0.071384 0.144042
v 0.000000 0.071384 0.144042
v 0.016941 0.031163 0.091625
v 0.016941 0.029744 0.102402
v 0.000000 0.029744 0.102402
v 0.000000 0.033012 0.085436
v 0.016941 0.037505 0.077654
v 0.000000 0.046636 0.068523
v 0.016941 0.054418 0.064030
v 0.000000 0.060607 0.062181
v 0.016941 0.071384 0.060762
v -0.000000 0.071384 0.060762
v 0.000000 0.056248 0.063272
v -0.016941 0.071384 0.060762
v -0.000000 0.071384 0.060762
v -0.016941 0.054418 0.064030
v 0.000000 0.038710 0.076083
v -0.016941 0.037505 0.077654
v 0.000000 0.031163 0.091625
v -0.016941 0.031163 0.091625
v 0.000000 0.029744 0.102402
v -0.016941 0.029744 0.102402
v -0.000001 -0.136089 0.078736
v -0.016638 -0.120246 0.077140
v 0.000000 -0.120246 0.077140
v -0.017200 -0.131418 0.077992
v -0.017200 -0.147886 0.084696
v 0.000000 -0.154934 0.090715
v -0.017200 -0.162224 0.101843
v 0.000000 -0.165318 0.110581
v -0.017200 -0.165822 0.117223
v 0.000000 -0.164379 0.132977
v -0.017200 -0.163609 0.134864
v 0.000000 -0.155370 0.148363
v -0.017200 -0.155278 0.148283
v 0.000000 -0.144546 0.157246
v -0.017200 -0.144486 0.157141
v 0.000000 -0.132298 0.162140
v -0.017236 -0.128634 0.162605
v 0.000000 -0.110481 0.163319
v -0.016877 -0.108739 0.163916
v 0.000000 -0.085958 0.177312
v -0.017056 -0.083532 0.177792
v 0.000000 -0.080392 0.176716
v -0.017052 -0.078645 0.174408
v 0.000000 -0.078468 0.171458
v -0.017012 -0.084057 0.152037
v -0.000001 -0.084953 0.145081
v -0.017273 -0.084647 0.142459
v -0.017200 -0.080292 0.122829
v -0.000000 -0.080056 0.116875
v -0.017200 -0.081024 0.111665
v 0.000000 -0.084511 0.101017
v -0.016638 -0.084511 0.101017
v -0.000001 -0.093815 0.088095
v -0.017200 -0.090836 0.091768
v -0.017229 -0.106955 0.079956
v 0.000000 -0.109242 0.079329
v 0.000000 -0.120246 0.077140
v -0.016638 -0.120246 0.077140
v 0.017229 -0.106955 0.079956
v 0.016638 -0.120246 0.077140
v 0.000000 -0.120246 0.077140
v 0.000000 -0.109242 0.079329
v 0.000001 -0.093815 0.088095
v 0.017200 -0.090836 0.091768
v 0.016638 -0.084511 0.101017
v 0.000000 -0.084511 0.101017
v 0.017200 -0.081024 0.111665
v 0.000000 -0.080056 0.116875
v 0.017200 -0.080292 0.122829
v 0.000001 -0.084953 0.145081
v 0.017273 -0.084647 0.142459
v 0.017012 -0.084057 0.152037
v 0.000000 -0.078468 0.171458
v 0.017052 -0.078645 0.174408
v 0.000000 -0.080392 0.176716
v 0.017056 -0.083532 0.177792
v 0.000000 -0.085958 0.177312
v 0.016877 -0.108739 0.163916
v -0.000000 -0.110481 0.163319
v 0.017236 -0.128634 0.162605
v -0.000000 -0.132298 0.162140
v 0.017200 -0.144486 0.157141
v 0.000000 -0.144546 0.157246
v 0.017200 -0.158139 0.145267
v -0.000000 -0.159390 0.143668
v 0.017200 -0.166068 0.123863
v -0.000000 -0.166323 0.121841
v 0.017200 -0.162224 0.101843
v 0.000000 -0.163754 0.106211
v -0.000000 -0.154934 0.090715
v 0.017200 -0.147886 0.084696
v 0.000001 -0.136089 0.078736
v 0.017200 -0.131418 0.077992
v 0.016638 -0.120246 0.077140
v 0.000000 -0.120246 0.077140
v 0.000000 -0.099417 0.041913
v -0.012083 -0.098391 0.085546
v 0.000000 -0.098114 0.085545
v -0.012096 -0.099562 0.040829
v -0.000001 -0.095889 0.030828
v -0.012096 -0.095613 0.029886
v -0.000001 -0.082435 0.019802
v -0.012040 -0.082484 0.019818
v -0.012100 -0.099453 -0.041285
v 0.012086 -0.098252 -0.085547
v -0.012083 -0.098391 -0.085546
v -0.012100 -0.088583 -0.023756
v 0.012112 -0.092038 -0.026136
v -0.012098 -0.095877 -0.030417
v -0.017229 -0.106955 -0.079956
v -0.016638 -0.120246 -0.077140
v 0.000000 -0.120246 -0.077140
v 0.000000 -0.109242 -0.079329
v -0.000001 -0.093815 -0.088095
v -0.017200 -0.090836 -0.091768
v -0.016638 -0.084511 -0.101017
v -0.000000 -0.084511 -0.101017
v -0.017200 -0.081024 -0.111665
v -0.000000 -0.080056 -0.116875
v -0.017200 -0.080292 -0.122829
v -0.000001 -0.084953 -0.145081
v -0.017273 -0.084647 -0.142459
v -0.017012 -0.084057 -0.152037
v -0.000000 -0.078468 -0.171458
v -0.017052 -0.078645 -0.174408
v -0.000000 -0.080392 -0.176716
v -0.017056 -0.083532 -0.177792
v -0.000000 -0.085958 -0.177312
v -0.016877 -0.108739 -0.163916
v 0.000000 -0.110481 -0.163319
v -0.017236 -0.128634 -0.162605
v 0.000000 -0.132298 -0.162140
v -0.017200 -0.144486 -0.157141
v -0.000000 -0.144546 -0.157246
v -0.017200 -0.158139 -0.145267
v 0.000000 -0.159390 -0.143668
v -0.017200 -0.166068 -0.123863
v 0.000000 -0.166323 -0.121841
v -0.017200 -0.162224 -0.101843
v 0.000000 -0.163754 -0.106211
v 0.000000 -0.154934 -0.090715
v -0.017200 -0.147886 -0.084696
v -0.000001 -0.136089 -0.078736
v -0.017200 -0.131418 -0.077992
v -0.016638 -0.120246 -0.077140
v 0.000000 -0.120246 -0.077140
v 0.000001 -0.136089 -0.078736
v 0.016638 -0.120246 -0.077140
v 0.000000 -0.120246 -0.077140
v 0.017200 -0.131418 -0.077992
v 0.017200 -0.147886 -0.084696
v -0.000000 -0.154934 -0.090715
v 0.017200 -0.162224 -0.101843
v -0.000000 -0.165318 -0.110581
v 0.017200 -0.165822 -0.117223
v -0.000000 -0.164379 -0.132977
v 0.017200 -0.163609 -0.134864
v 0.000000 -0.155370 -0.148363
v 0.017200 -0.155278 -0.148283
v -0.000000 -0.144546 -0.157246
v 0.017200 -0.144486 -0.157141
v -0.000000 -0.132298 -0.162140
v 0.017236 -0.128634 -0.162605
v -0.000000 -0.110481 -0.163319
v 0.016877 -0.108739 -0.163916
v -0.000000 -0.085958 -0.177312
v 0.017056 -0.083532 -0.177792
v -0.000000 -0.080392 -0.176716
v 0.017052 -0.078645 -0.174408
v -0.000000 -0.078468 -0.171458
v 0.017012 -0.084057 -0.152037
v 0.000001 -0.084953 -0.145081
v 0.017273 -0.084647 -0.142459
v 0.017200 -0.080292 -0.122829
v 0.000000 -0.080056 -0.116875
v 0.017200 -0.081024 -0.111665
v -0.000000 -0.084511 -0.101017
v 0.016638 -0.084511 -0.101017
v 0.000001 -0.093815 -0.088095
v 0.017200 -0.090836 -0.091768
v 0.017229 -0.106955 -0.079956
v 0.000000 -0.109242 -0.079329
v 0.000000 -0.120246 -0.077140
v 0.016638 -0.120246 -0.077140
v -0.000000 -0.086990 -0.144711
v -0.016742 -0.087012 -0.144433
v -0.000000 -0.052414 -0.130106
v -0.016754 -0.052477 -0.129826
v 0.000002 -0.022431 -0.122389
v -0.016851 -0.023323 -0.122259
v -0.016832 0.005168 -0.120414
v 0.000001 0.007391 -0.120898
v -0.016633 0.037702 -0.124678
v -0.000000 0.037702 -0.124678
v -0.000000 -0.091193 -0.092936
v 0.016707 -0.091182 -0.093183
v -0.000001 -0.031932 -0.093496
v 0.016852 -0.017314 -0.093239
v 0.000000 -0.002790 -0.089086
v 0.016842 0.002938 -0.086373
v 0.016750 0.015667 -0.077305
v -0.000000 0.015581 -0.077024
v 0.016633 0.039706 -0.077259
v -0.000000 0.039706 -0.077259
v 0.000000 -0.098114 0.085545
v 0.012083 -0.098391 0.085546
v -0.000000 -0.099417 0.041913
v 0.012096 -0.099562 0.040829
v 0.000001 -0.095889 0.030828
v 0.012096 -0.095613 0.029886
v 0.000001 -0.082435 0.019802
v 0.012040 -0.082484 0.019818
v 0.012097 -0.099035 -0.036512
v -0.012009 -0.082211 -0.020242
v 0.012007 -0.082291 -0.020166
v 0.016707 -0.091182 -0.093183
v 0.016742 -0.087012 -0.144433
v 0.016751 -0.052755 -0.093781
v 0.016754 -0.052477 -0.129826
v 0.016844 -0.028028 -0.123189
v 0.016844 -0.028400 -0.093590
v 0.016844 -0.010706 -0.091643
v 0.016844 -0.010237 -0.120998
v 0.016844 0.003525 -0.120427
v 0.016842 0.002938 -0.086373
v 0.016752 0.016450 -0.121587
v 0.016750 0.015667 -0.077305
v 0.016633 0.039706 -0.077259
v 0.016633 0.037702 -0.124678
v -0.016707 -0.091182 -0.093183
v -0.016751 -0.052755 -0.093781
v -0.016742 -0.087012 -0.144433
v -0.016754 -0.052477 -0.129826
v -0.016844 -0.028028 -0.123189
v -0.016844 -0.028400 -0.093590
v -0.016844 -0.010706 -0.091643
v -0.016844 -0.010237 -0.120998
v -0.016844 0.003525 -0.120427
v -0.016842 0.002938 -0.086373
v -0.016752 0.016450 -0.121587
v -0.016750 0.015667 -0.077305
v -0.016633 0.039706 -0.077259
v -0.016633 0.037702 -0.124678
v 0.016751 -0.052755 0.093781
v 0.016742 -0.087012 0.144433
v 0.016707 -0.091182 0.093183
v 0.016754 -0.052477 0.129826
v 0.016844 -0.028028 0.123189
v 0.016844 -0.028400 0.093590
v 0.016844 -0.010706 0.091643
v 0.016844 -0.010237 0.120998
v 0.016844 0.003525 0.120427
v 0.016842 0.002938 0.086373
v 0.016752 0.016450 0.121587
v 0.016750 0.015667 0.077305
v 0.016633 0.039706 0.077259
v 0.016633 0.037702 0.124678
v -0.016742 -0.087012 0.144433
v -0.016751 -0.052755 0.093781
v -0.016707 -0.091182 0.093183
v -0.016754 -0.052477 0.129826
v -0.016844 -0.028028 0.123189
v -0.016844 -0.028400 0.093590
v -0.016844 -0.010706 0.091643
v -0.016844 -0.010237 0.120998
v -0.016844 0.003525 0.120427
v -0.016842 0.002938 0.086373
v -0.016752 0.016450 0.121587
v -0.016750 0.015667 0.077305
v -0.016633 0.039706 0.077259
v -0.016633 0.037702 0.124678
v 0.017319 0.071382 -0.144298
v 0.016941 0.082161 -0.142623
v 0.023260 0.083276 -0.130373
v 0.016941 0.092204 -0.138463
v 0.022941 0.071384 -0.132318
v 0.020805 0.101275 -0.123326
v 0.016941 0.100828 -0.131846
v 0.020325 0.071384 -0.130622
v 0.016941 0.107445 -0.123222
v 0.020297 0.088165 -0.125637
v 0.020261 0.071384 -0.102402
v 0.022941 0.092537 -0.123556
v 0.016941 0.111605 -0.113179
v 0.017495 0.113398 -0.102415
v 0.022941 0.099022 -0.113850
v 0.022021 0.100705 -0.102383
v 0.020325 0.097455 -0.113201
v -0.023260 0.083276 -0.130373
v -0.016941 0.082161 -0.142623
v -0.017319 0.071382 -0.144298
v -0.016941 0.092204 -0.138463
v -0.022941 0.071384 -0.132318
v -0.020805 0.101275 -0.123326
v -0.016941 0.100828 -0.131846
v -0.020325 0.071384 -0.130622
v -0.016941 0.107445 -0.123222
v -0.020297 0.088165 -0.125637
v -0.020261 0.071384 -0.102402
v -0.016941 0.111605 -0.113179
v -0.022941 0.092537 -0.123556
v -0.017495 0.113398 -0.102415
v -0.022941 0.099022 -0.113850
v -0.022021 0.100705 -0.102383
v -0.020325 0.097455 -0.113201
v -0.020297 0.054602 -0.079167
v -0.020325 0.071384 -0.074182
v -0.023260 0.059492 -0.074431
v -0.022941 0.071384 -0.072487
v -0.022941 0.050230 -0.081249
v -0.017319 0.071386 -0.060506
v -0.016941 0.060607 -0.062181
v -0.016941 0.050564 -0.066341
v -0.020805 0.041493 -0.081478
v -0.016941 0.041940 -0.072958
v -0.016941 0.035323 -0.081582
v -0.016941 0.031163 -0.091625
v -0.017495 0.029370 -0.102389
v -0.022941 0.043746 -0.090954
v -0.022021 0.042063 -0.102421
v -0.020325 0.045313 -0.091603
v 0.023260 0.083276 -0.074431
v 0.016941 0.082161 -0.062181
v 0.017319 0.071382 -0.060506
v 0.016941 0.092204 -0.066341
v 0.022941 0.071384 -0.072487
v 0.020805 0.101275 -0.081478
v 0.016941 0.100828 -0.072958
v 0.020325 0.071384 -0.074182
v 0.016941 0.107445 -0.081582
v 0.020297 0.088165 -0.079167
v 0.020261 0.071384 -0.102402
v 0.022941 0.092537 -0.081249
v 0.016941 0.111605 -0.091625
v 0.017495 0.113398 -0.102389
v 0.022941 0.099022 -0.090954
v 0.022021 0.100705 -0.102421
v 0.020325 0.097455 -0.091603
v -0.017319 0.071382 -0.060506
v -0.016941 0.082161 -0.062181
v -0.023260 0.083276 -0.074431
v -0.016941 0.092204 -0.066341
v -0.022941 0.071384 -0.072487
v -0.020805 0.101275 -0.081478
v -0.016941 0.100828 -0.072958
v -0.020325 0.071384 -0.074182
v -0.016941 0.107445 -0.081582
v -0.020297 0.088165 -0.079167
v -0.020261 0.071384 -0.102402
v -0.016941 0.111605 -0.091625
v -0.022941 0.092537 -0.081249
v -0.017495 0.113398 -0.102389
v -0.022941 0.099022 -0.090954
v -0.022021 0.100705 -0.102421
v -0.020325 0.097455 -0.091603
v -0.020325 0.045313 -0.113201
v -0.022021 0.042063 -0.102383
v -0.020297 0.054602 -0.125637
v -0.022941 0.043746 -0.113850
v -0.017495 0.029370 -0.102415
v -0.020325 0.071384 -0.130622
v -0.022941 0.050230 -0.123556
v -0.023260 0.059492 -0.130373
v -0.022941 0.071384 -0.132318
v -0.020805 0.041493 -0.123326
v -0.016941 0.031163 -0.113179
v -0.016941 0.035323 -0.123222
v -0.016941 0.041940 -0.131846
v -0.016941 0.050564 -0.138463
v -0.016941 0.060607 -0.142623
v -0.017319 0.071386 -0.144298
v 0.023260 0.059492 -0.130373
v 0.016941 0.060607 -0.142623
v 0.017319 0.071386 -0.144298
v 0.016941 0.050564 -0.138463
v 0.022941 0.071384 -0.132318
v 0.020805 0.041493 -0.123326
v 0.016941 0.041940 -0.131846
v 0.020325 0.071384 -0.130622
v 0.016941 0.035323 -0.123222
v 0.020297 0.054602 -0.125637
v 0.020261 0.071384 -0.102402
v 0.022941 0.050230 -0.123556
v 0.016941 0.031163 -0.113179
v 0.017495 0.029370 -0.102415
v 0.022941 0.043746 -0.113850
v 0.022021 0.042063 -0.102383
v 0.020325 0.045313 -0.113201
v 0.017319 0.071386 -0.060506
v 0.016941 0.060607 -0.062181
v 0.023260 0.059492 -0.074431
v 0.016941 0.050564 -0.066341
v 0.022311 0.071392 -0.072829
v 0.020805 0.041493 -0.081478
v 0.016941 0.041940 -0.072958
v 0.016941 0.035323 -0.081582
v 0.020297 0.054602 -0.079167
v 0.020261 0.071384 -0.102402
v 0.022941 0.050230 -0.081249
v 0.016941 0.031163 -0.091625
v 0.017495 0.029370 -0.102389
v 0.022941 0.043746 -0.090954
v 0.022021 0.042063 -0.102421
v 0.020325 0.045313 -0.091603
v 0.023260 0.083276 0.130373
v 0.016941 0.082161 0.142623
v 0.017319 0.071382 0.144298
v 0.016941 0.092204 0.138463
v 0.022941 0.071384 0.132318
v 0.020805 0.101275 0.123326
v 0.016941 0.100828 0.131846
v 0.020325 0.071384 0.130622
v 0.016941 0.107445 0.123222
v 0.020297 0.088165 0.125637
v 0.020261 0.071384 0.102402
v 0.022941 0.092537 0.123556
v 0.016941 0.111605 0.113179
v 0.017495 0.113398 0.102415
v 0.022941 0.099022 0.113850
v 0.022021 0.100705 0.102383
v 0.020325 0.097455 0.113201
v -0.017319 0.071382 0.144298
v -0.016941 0.082161 0.142623
v -0.023260 0.083276 0.130373
v -0.016941 0.092204 0.138463
v -0.022941 0.071384 0.132318
v -0.020805 0.101275 0.123326
v -0.016941 0.100828 0.131846
v -0.020325 0.071384 0.130622
v -0.016941 0.107445 0.123222
v -0.020297 0.088165 0.125637
v -0.020261 0.071384 0.102402
v -0.022941 0.092537 0.123556
v -0.016941 0.111605 0.113179
v -0.017495 0.113398 0.102415
v -0.022941 0.099022 0.113850
v -0.022021 0.100705 0.102383
v -0.020325 0.097455 0.113201
v -0.020325 0.071384 0.074182
v -0.020297 0.054602 0.079167
v -0.023260 0.059492 0.074431
v -0.022941 0.071384 0.072487
v -0.017319 0.071386 0.060506
v -0.016941 0.060607 0.062181
v -0.016941 0.050564 0.066341
v -0.020805 0.041493 0.081478
v -0.016941 0.041940 0.072958
v -0.016941 0.035323 0.081582
v -0.022941 0.050230 0.081249
v -0.016941 0.031163 0.091625
v -0.017495 0.029370 0.102389
v -0.022941 0.043746 0.090954
v -0.022021 0.042063 0.102421
v -0.020325 0.045313 0.091603
v 0.017319 0.071382 0.060506
v 0.016941 0.082161 0.062181
v 0.023260 0.083276 0.074431
v 0.016941 0.092204 0.066341
v 0.022941 0.071384 0.072487
v 0.020805 0.101275 0.081478
v 0.016941 0.100828 0.072958
v 0.020325 0.071384 0.074182
v 0.016941 0.107445 0.081582
v 0.020297 0.088165 0.079167
v 0.020261 0.071384 0.102402
v 0.022941 0.092537 0.081249
v 0.016941 0.111605 0.091625
v 0.017495 0.113398 0.102389
v 0.022941 0.099022 0.090954
v 0.022021 0.100705 0.102421
v 0.020325 0.097455 0.091603
v -0.023260 0.083276 0.074431
v -0.016941 0.082161 0.062181
v -0.017319 0.071382 0.060506
v -0.016941 0.092204 0.066341
v -0.022941 0.071384 0.072487
v -0.020805 0.101275 0.081478
v -0.016941 0.100828 0.072958
v -0.020325 0.071384 0.074182
v -0.016941 0.107445 0.081582
v -0.020297 0.088165 0.079167
v -0.020261 0.071384 0.102402
v -0.016941 0.111605 0.091625
v -0.022941 0.092537 0.081249
v -0.017495 0.113398 0.102389
v -0.022941 0.099022 0.090954
v -0.022021 0.100705 0.102421
v -0.020325 0.097455 0.091603
v -0.022021 0.042063 0.102383
v -0.020325 0.045313 0.113201
v -0.020297 0.054602 0.125637
v -0.022941 0.043746 0.113850
v -0.017495 0.029370 0.102415
v -0.022941 0.050230 0.123556
v -0.020805 0.041493 0.123326
v -0.016941 0.031163 0.113179
v -0.016941 0.035323 0.123222
v -0.020325 0.071384 0.130622
v -0.016941 0.041940 0.131846
v -0.016941 0.050564 0.138463
v -0.023260 0.059492 0.130373
v -0.022941 0.071384 0.132318
v -0.016941 0.060607 0.142623
v -0.017319 0.071386 0.144298
v 0.017319 0.071386 0.144298
v 0.016941 0.060607 0.142623
v 0.023260 0.059492 0.130373
v 0.016941 0.050564 0.138463
v 0.022941 0.071384 0.132318
v 0.020805 0.041493 0.123326
v 0.016941 0.041940 0.131846
v 0.020325 0.071384 0.130622
v 0.016941 0.035323 0.123222
v 0.020297 0.054602 0.125637
v 0.020261 0.071384 0.102402
v 0.022941 0.050230 0.123556
v 0.016941 0.031163 0.113179
v 0.017495 0.029370 0.102415
v 0.022941 0.043746 0.113850
v 0.022021 0.042063 0.102383
v 0.020325 0.045313 0.113201
v 0.023260 0.059492 0.074431
v 0.016941 0.060607 0.062181
v 0.017319 0.071386 0.060506
v 0.016941 0.050564 0.066341
v 0.022941 0.071384 0.072487
v 0.020805 0.041493 0.081478
v 0.016941 0.041940 0.072958
v 0.020325 0.071384 0.074182
v 0.016941 0.035323 0.081582
v 0.020297 0.054602 0.079167
v 0.020261 0.071384 0.102402
v 0.022941 0.050230 0.081249
v 0.016941 0.031163 0.091625
v 0.017495 0.029370 0.102389
v 0.022941 0.043746 0.090954
v 0.022021 0.042063 0.102421
v 0.020325 0.045313 0.091603
v 0.000000 -0.184210 -0.000000
v 0.013584 -0.184957 0.007842
v 0.015641 -0.184983 0.000005
v 0.007842 -0.184957 0.013584
v 0.000005 -0.184983 0.015641
v 0.015641 -0.184983 -0.000005
v 0.013584 -0.184957 -0.007842
v 0.000000 -0.184210 -0.000000
v 0.007842 -0.184957 -0.013584
v 0.000005 -0.184983 -0.015641
v -0.015641 -0.184983 0.000005
v -0.013584 -0.184957 0.007842
v 0.000000 -0.184210 -0.000000
v -0.007842 -0.184957 0.013584
v -0.000005 -0.184983 0.015641
v 0.000000 -0.184210 -0.000000
v -0.013584 -0.184957 -0.007842
v -0.015641 -0.184983 -0.000005
v -0.007842 -0.184957 -0.013584
v -0.000005 -0.184983 -0.015641
v -0.010542 -0.184616 -0.009869
v -0.016547 -0.163235 -0.020588
v 0.010496 -0.184620 -0.009833
v 0.016472 -0.163135 -0.020534
v 0.000000 -0.143467 -0.083494
v 0.016437 -0.143169 -0.083232
v -0.000000 -0.143424 0.083481
v 0.016472 -0.163137 0.020534
v 0.016437 -0.143169 0.083232
v -0.016525 -0.163202 0.020580
v -0.010542 -0.184616 0.009869
v 0.010496 -0.184620 0.009833
v -0.016437 -0.143169 -0.083232
v -0.016437 -0.143169 0.083232
v 0.022836 -0.116632 0.139446
v 0.024353 -0.117881 0.137615
v 0.026155 -0.119832 0.133840
v 0.027379 -0.122715 0.128176
v 0.027782 -0.126081 0.121566
v 0.027379 -0.129449 0.114957
v 0.026155 -0.132337 0.109295
v 0.024353 -0.134243 0.105497
v 0.022797 -0.135097 0.103497
v 0.021857 -0.132296 0.101891
v 0.021824 -0.113819 0.138160
v 0.022836 -0.111125 0.136640
v 0.022797 -0.129349 0.100571
v 0.024353 -0.128233 0.102436
v 0.026155 -0.126282 0.106211
v 0.026155 -0.113778 0.130756
v 0.024353 -0.111871 0.134554
v 0.027379 -0.123399 0.111875
v 0.027379 -0.116665 0.125094
v 0.027782 -0.120033 0.118485
v 0.026155 -0.119832 -0.133840
v 0.024353 -0.117881 -0.137615
v 0.022836 -0.116632 -0.139446
v 0.027379 -0.122715 -0.128176
v 0.027782 -0.126081 -0.121566
v 0.027379 -0.129449 -0.114957
v 0.026155 -0.132337 -0.109295
v 0.024353 -0.134243 -0.105497
v 0.022797 -0.135097 -0.103497
v 0.021857 -0.132296 -0.101891
v 0.021824 -0.113819 -0.138160
v 0.022836 -0.111125 -0.136640
v 0.024353 -0.128233 -0.102436
v 0.022797 -0.129349 -0.100571
v 0.026155 -0.126282 -0.106211
v 0.024353 -0.111871 -0.134554
v 0.026155 -0.113778 -0.130756
v 0.027379 -0.123399 -0.111875
v 0.027379 -0.116665 -0.125094
v 0.027782 -0.120033 -0.118485
v -0.022836 -0.116632 -0.139446
v -0.024353 -0.117881 -0.137615
v -0.026155 -0.119832 -0.133840
v -0.027379 -0.122715 -0.128176
v -0.027782 -0.126081 -0.121566
v -0.027379 -0.129449 -0.114957
v -0.026155 -0.132337 -0.109295
v -0.024353 -0.134243 -0.105497
v -0.022797 -0.135097 -0.103497
v -0.021857 -0.132296 -0.101891
v -0.021824 -0.113819 -0.138160
v -0.022836 -0.111125 -0.136640
v -0.022797 -0.129349 -0.100571
v -0.024353 -0.128233 -0.102436
v -0.026155 -0.126282 -0.106211
v -0.026155 -0.113778 -0.130756
v -0.024353 -0.111871 -0.134554
v -0.027379 -0.123399 -0.111875
v -0.027379 -0.116665 -0.125094
v -0.027782 -0.120033 -0.118485
v -0.026155 -0.119832 0.133840
v -0.024353 -0.117881 0.137615
v -0.022836 -0.116632 0.139446
v -0.027379 -0.122715 0.128176
v -0.027782 -0.126081 0.121566
v -0.027379 -0.129449 0.114957
v -0.026155 -0.132337 0.109295
v -0.024353 -0.134243 0.105497
v -0.022797 -0.135097 0.103497
v -0.021857 -0.132296 0.101891
v -0.021824 -0.113819 0.138160
v -0.022836 -0.111125 0.136640
v -0.024353 -0.128233 0.102436
v -0.022797 -0.129349 0.100571
v -0.026155 -0.126282 0.106211
v -0.024353 -0.111871 0.134554
v -0.026155 -0.113778 0.130756
v -0.027379 -0.123399 0.111875
v -0.027379 -0.116665 0.125094
v -0.027782 -0.120033 0.118485
v -0.000000 0.123548 0.033786
v 0.016893 0.123548 0.029260
v 0.000000 0.125770 0.035968
v 0.017965 0.125891 0.031116
v 0.031144 0.125819 0.017981
v 0.029260 0.123548 0.016893
v 0.015204 0.123522 0.026334
v 0.026334 0.123522 0.015204
v 0.030408 0.123522 -0.000000
v 0.033786 0.123548 -0.000000
v 0.029260 0.123548 -0.016893
v 0.026334 0.123522 -0.015204
v 0.015204 0.123522 -0.026334
v 0.016893 0.123548 -0.029260
v 0.031141 0.125821 -0.017979
v 0.035930 0.125890 -0.000000
v -0.000000 0.123548 -0.033786
v -0.000000 0.125770 -0.035968
v 0.017965 0.125891 -0.031116
v 0.004308 0.133577 -0.032659
v 0.016620 0.133082 -0.028787
v -0.000000 0.135599 -0.040986
v 0.026129 0.133577 -0.020060
v 0.020636 0.140162 -0.046959
v -0.005608 0.140162 -0.050985
v 0.015523 0.147415 -0.057934
v -0.000000 0.153119 -0.065213
v 0.035495 0.135599 -0.020493
v 0.032659 0.133577 -0.004308
v 0.038690 0.142497 -0.038690
v 0.016843 0.153614 -0.062858
v 0.032607 0.153119 -0.056476
v 0.011777 0.187210 -0.043954
v -0.000000 0.187210 -0.045504
v -0.000000 0.193243 -0.044787
v 0.046016 0.153614 -0.046016
v 0.046959 0.140162 -0.020636
v 0.056476 0.153119 -0.032607
v 0.057934 0.147415 -0.015523
v 0.040986 0.135599 -0.000000
v 0.050985 0.140162 0.005608
v 0.062859 0.153614 -0.016843
v 0.065213 0.153119 -0.000000
v 0.057934 0.147415 0.015523
v 0.062859 0.153614 0.016843
v 0.041101 0.137836 0.023730
v 0.043954 0.187210 -0.011777
v 0.056476 0.153119 0.032607
v 0.042411 0.147415 0.042411
v 0.030349 0.140162 0.041351
v 0.046016 0.153614 0.046016
v 0.043954 0.187210 0.011777
v 0.032607 0.153119 0.056476
v 0.045504 0.187210 -0.000000
v 0.044787 0.193243 -0.000000
v 0.039408 0.187210 0.022752
v 0.032176 0.187210 0.032176
v 0.038786 0.193243 0.022393
v 0.042302 0.196037 0.011335
v 0.030967 0.196037 0.030967
v 0.022752 0.187210 0.039408
v 0.035690 0.198803 0.020605
v 0.022393 0.193243 0.038786
v 0.011777 0.187210 0.043954
v 0.016843 0.153614 0.062858
v 0.014161 0.142497 0.052851
v -0.000000 0.153119 0.065213
v -0.000000 0.187210 0.045504
v -0.005608 0.140162 0.050985
v -0.000000 0.193243 0.044787
v -0.001033 0.133279 0.033838
v 0.011335 0.196037 0.042302
v -0.000000 0.198803 0.041211
v 0.020493 0.135599 0.035495
v 0.020512 0.199018 0.035528
v -0.000000 0.200751 0.034680
v 0.017340 0.200751 0.030034
v 0.030034 0.200751 0.017340
v 0.041025 0.199018 -0.000000
v 0.034680 0.200751 -0.000000
v 0.030034 0.200751 -0.017340
v 0.035690 0.198803 -0.020605
v 0.042302 0.196037 -0.011335
v 0.038786 0.193243 -0.022393
v 0.039408 0.187210 -0.022752
v 0.030967 0.196036 -0.030967
v 0.032176 0.187210 -0.032176
v 0.022752 0.187210 -0.039408
v 0.022393 0.193243 -0.038786
v 0.011335 0.196037 -0.042302
v -0.000000 0.198803 -0.041211
v 0.020512 0.199018 -0.035528
v -0.000000 0.200751 -0.034680
v 0.017340 0.200751 -0.030034
v -0.016893 0.123548 0.029260
v -0.017965 0.125891 0.031116
v -0.031144 0.125819 0.017981
v -0.029260 0.123548 0.016893
v -0.015204 0.123522 0.026334
v -0.026334 0.123522 0.015204
v -0.030407 0.123522 0.000000
v -0.033786 0.123548 0.000000
v -0.029260 0.123548 -0.016893
v -0.026334 0.123522 -0.015204
v -0.015204 0.123522 -0.026334
v -0.016893 0.123548 -0.029260
v -0.031141 0.125821 -0.017979
v -0.035930 0.125890 -0.000000
v -0.017965 0.125891 -0.031116
v -0.016024 0.133279 -0.029821
v -0.020060 0.133577 -0.026129
v -0.030437 0.133577 -0.012599
v -0.015523 0.147415 -0.057934
v -0.035495 0.135599 -0.020493
v -0.030349 0.140162 -0.041351
v -0.032607 0.153119 -0.056476
v -0.042411 0.147415 -0.042411
v -0.046958 0.140162 -0.020636
v -0.016843 0.153614 -0.062858
v -0.046016 0.153614 -0.046016
v -0.011777 0.187210 -0.043954
v -0.056476 0.153119 -0.032607
v -0.011335 0.196037 -0.042302
v -0.022752 0.187210 -0.039408
v -0.022393 0.193243 -0.038786
v -0.020512 0.199018 -0.035528
v -0.017340 0.200751 -0.030034
v -0.030034 0.200751 -0.017340
v -0.030967 0.196037 -0.030967
v -0.035690 0.198803 -0.020605
v -0.041024 0.199018 -0.000000
v -0.034680 0.200751 0.000000
v -0.030034 0.200751 0.017340
v -0.042302 0.196037 -0.011335
v -0.038786 0.193243 -0.022393
v -0.032176 0.187210 -0.032176
v -0.039408 0.187210 -0.022752
v -0.043954 0.187210 -0.011777
v -0.062858 0.153614 -0.016843
v -0.057934 0.147415 -0.015523
v -0.044787 0.193243 -0.000000
v -0.050985 0.140162 0.005608
v -0.033240 0.133082 0.000000
v -0.065213 0.153119 -0.000000
v -0.030437 0.133577 0.012599
v -0.020060 0.133577 0.026129
v -0.035495 0.135599 0.020493
v 0.004308 0.133577 0.032659
v -0.023730 0.137836 0.041101
v -0.041351 0.140162 0.030349
v -0.015523 0.147415 0.057934
v -0.016843 0.153614 0.062858
v -0.032607 0.153119 0.056476
v -0.042411 0.147415 0.042411
v -0.046016 0.153614 0.046016
v -0.057934 0.147415 0.015523
v -0.056476 0.153119 0.032607
v -0.062858 0.153614 0.016843
v -0.043954 0.187210 0.011777
v -0.045504 0.187210 -0.000000
v -0.039408 0.187210 0.022752
v -0.042302 0.196037 0.011335
v -0.038786 0.193243 0.022393
v -0.032176 0.187210 0.032176
v -0.035690 0.198803 0.020605
v -0.030967 0.196037 0.030967
v -0.020512 0.199018 0.035528
v -0.017340 0.200751 0.030034
v -0.011335 0.196037 0.042302
v -0.022393 0.193243 0.038786
v -0.022752 0.187210 0.039408
v -0.011777 0.187210 0.043954
v 0.000000 -0.082443 0.015331
v 0.000000 -0.082372 0.023577
v -0.007666 -0.082443 0.013277
v -0.011788 -0.082372 0.020418
v -0.020418 -0.082372 0.011788
v -0.013277 -0.082443 0.007666
v -0.012973 -0.077503 0.022471
v 0.000000 -0.077503 0.025947
v -0.015331 -0.082443 0.000000
v 0.000000 -0.072634 0.023577
v -0.023577 -0.082372 0.000000
v -0.011788 -0.072634 0.020418
v -0.020418 -0.082372 -0.011788
v -0.013277 -0.082443 -0.007666
v -0.007666 -0.082443 -0.013277
v -0.025947 -0.077503 0.000000
v -0.022471 -0.077503 0.012973
v -0.020418 -0.072634 0.011788
v -0.010091 -0.072618 0.017479
v 0.000000 -0.072618 0.020183
v -0.000000 0.059660 0.020183
v -0.023577 -0.072634 0.000000
v -0.017479 -0.072618 0.010091
v -0.020183 -0.072618 0.000000
v -0.010091 0.059660 0.017479
v -0.017479 0.059660 0.010091
v -0.012430 0.066280 0.021530
v -0.000000 0.066281 0.024857
v -0.000000 0.072740 0.026563
v -0.013282 0.072740 0.023005
v -0.023005 0.072740 0.013282
v -0.011945 0.072966 0.020690
v -0.020690 0.072966 0.011945
v -0.021526 0.066281 0.012428
v -0.026563 0.072740 0.000000
v -0.023890 0.072966 0.000000
v -0.020690 0.072966 -0.011945
v -0.024856 0.066281 0.000000
v -0.023005 0.072740 -0.013282
v -0.011945 0.072966 -0.020690
v -0.013282 0.072740 -0.023005
v -0.020183 0.059660 0.000000
v -0.021526 0.066281 -0.012428
v -0.017479 0.059660 -0.010091
v -0.012428 0.066281 -0.021526
v -0.000000 0.072740 -0.026563
v -0.000000 0.066281 -0.024857
v -0.010091 0.059660 -0.017479
v -0.010091 -0.072618 -0.017479
v -0.000000 0.059660 -0.020183
v 0.012428 0.066281 -0.021526
v 0.013282 0.072740 -0.023005
v 0.010091 0.059660 -0.017479
v -0.017479 -0.072618 -0.010091
v -0.020418 -0.072634 -0.011788
v -0.022471 -0.077503 -0.012973
v -0.012973 -0.077503 -0.022471
v -0.011788 -0.072634 -0.020418
v 0.000000 -0.072634 -0.023577
v -0.011788 -0.082372 -0.020418
v 0.000000 -0.082372 -0.023577
v 0.000000 -0.082443 -0.015331
v 0.007666 -0.082443 -0.013277
v 0.000000 -0.077503 -0.025947
v 0.011788 -0.082372 -0.020418
v 0.012973 -0.077503 -0.022471
v 0.020418 -0.082372 -0.011788
v 0.013277 -0.082443 -0.007666
v 0.015331 -0.082443 -0.000000
v 0.011788 -0.072634 -0.020418
v 0.023577 -0.082372 -0.000000
v 0.022471 -0.077503 -0.012973
v 0.020418 -0.082372 0.011788
v 0.013277 -0.082443 0.007666
v 0.025947 -0.077503 -0.000000
v 0.007666 -0.082443 0.013277
v 0.020418 -0.072634 -0.011788
v 0.000000 -0.082443 0.015331
v 0.000000 -0.082372 0.023577
v 0.011788 -0.082372 0.020418
v 0.012973 -0.077503 0.022471
v 0.000000 -0.077503 0.025947
v 0.000000 -0.072634 0.023577
v 0.022471 -0.077503 0.012973
v 0.011788 -0.072634 0.020418
v 0.020418 -0.072634 0.011788
v 0.010091 -0.072618 0.017479
v 0.000000 -0.072618 0.020183
v -0.000000 0.059660 0.020183
v 0.023577 -0.072634 -0.000000
v 0.017479 -0.072618 0.010091
v 0.020183 -0.072618 -0.000000
v 0.017479 0.059660 0.010091
v 0.010091 0.059660 0.017479
v 0.012428 0.066280 0.021526
v -0.000000 0.066281 0.024857
v -0.000000 0.072740 0.026563
v 0.013282 0.072740 0.023005
v 0.023005 0.072740 0.013282
v 0.011945 0.072966 0.020690
v 0.020690 0.072966 0.011945
v 0.021526 0.066281 0.012428
v 0.026563 0.072740 -0.000000
v 0.023890 0.072966 -0.000000
v 0.020690 0.072966 -0.011945
v 0.024857 0.066281 -0.000000
v 0.023005 0.072740 -0.013282
v 0.011945 0.072966 -0.020690
v 0.021526 0.066281 -0.012428
v 0.017479 0.059660 -0.010091
v 0.020183 0.059660 -0.000000
v 0.010091 -0.072618 -0.017479
v 0.017479 -0.072618 -0.010091
v 0.000000 -0.072618 -0.020183
v 0.020060 0.133577 0.026129
v 0.030437 0.133577 0.012599
v -0.017183 -0.079273 0.175411
v -0.017050 -0.078468 0.171458
v -0.017012 -0.084057 0.152037
v -0.017190 -0.081923 0.177484
v -0.016877 -0.099988 0.168665
v -0.017050 -0.085958 0.177312
v -0.019692 -0.092418 0.160858
v -0.023180 -0.117267 0.150604
v -0.016946 -0.111775 0.163131
v -0.023318 -0.095208 0.133433
v -0.017289 -0.084722 0.142241
v -0.023343 -0.104289 0.144580
v -0.023682 -0.126976 0.151112
v -0.017207 -0.123057 0.162883
v -0.017200 -0.134149 0.161422
v -0.017680 -0.144668 0.157410
v -0.023292 -0.138452 0.146691
v -0.017200 -0.155278 0.148283
v -0.023615 -0.148186 0.138679
v -0.017200 -0.161494 0.138981
v -0.017686 -0.165373 0.128624
v -0.023292 -0.152798 0.127995
v -0.017200 -0.165822 0.117223
v -0.023615 -0.154016 0.115447
v -0.017200 -0.163639 0.106250
v -0.017686 -0.159059 0.096184
v -0.023292 -0.149722 0.104631
v -0.017200 -0.151314 0.087804
v -0.023615 -0.141710 0.094897
v -0.017200 -0.142012 0.081589
v -0.021459 -0.125537 0.083326
v -0.017200 -0.131418 0.077992
v -0.016638 -0.120246 0.077140
v -0.023292 -0.131026 0.090285
v -0.017200 -0.109281 0.079443
v -0.023292 -0.119038 0.089499
v -0.017686 -0.099216 0.084024
v -0.023292 -0.107662 0.093360
v -0.017200 -0.090836 0.091768
v -0.023619 -0.097400 0.101907
v -0.016638 -0.084511 0.101017
v -0.017647 -0.080761 0.111418
v -0.023292 -0.093316 0.112057
v -0.017593 -0.080042 0.123006
v -0.017214 -0.082475 0.133801
v -0.023292 -0.092531 0.124045
v -0.020615 -0.096137 0.107950
v -0.020603 -0.095491 0.130518
v -0.020615 -0.110981 0.146946
v -0.020590 -0.133547 0.147584
v -0.020615 -0.149977 0.132102
v -0.020605 -0.150625 0.109533
v -0.020615 -0.135133 0.093106
v -0.020596 -0.112568 0.092463
v 0.017012 -0.084057 0.152037
v 0.017050 -0.078468 0.171458
v 0.017183 -0.079273 0.175411
v 0.017050 -0.085958 0.177312
v 0.016877 -0.099988 0.168665
v 0.017190 -0.081923 0.177484
v 0.019692 -0.092418 0.160858
v 0.023180 -0.117267 0.150604
v 0.016946 -0.111775 0.163131
v 0.023318 -0.095208 0.133433
v 0.017289 -0.084722 0.142241
v 0.023343 -0.104289 0.144580
v 0.023683 -0.126976 0.151112
v 0.017207 -0.123057 0.162883
v 0.017200 -0.134149 0.161422
v 0.017593 -0.080042 0.123006
v 0.017214 -0.082475 0.133801
v 0.017680 -0.144668 0.157410
v 0.023615 -0.148186 0.138679
v 0.017200 -0.155278 0.148283
v 0.017200 -0.161494 0.138981
v 0.017647 -0.080761 0.111418
v 0.023619 -0.097400 0.101907
v 0.016638 -0.084511 0.101017
v 0.017200 -0.090836 0.091768
v 0.023292 -0.092531 0.124045
v 0.023292 -0.093316 0.112057
v 0.017686 -0.099216 0.084024
v 0.021459 -0.125537 0.083326
v 0.017200 -0.109281 0.079443
v 0.016638 -0.120246 0.077140
v 0.023292 -0.107662 0.093360
v 0.017200 -0.131418 0.077992
v 0.017200 -0.142012 0.081589
v 0.023292 -0.119038 0.089499
v 0.023615 -0.141711 0.094897
v 0.017200 -0.151314 0.087804
v 0.023292 -0.131026 0.090285
v 0.017686 -0.159059 0.096184
v 0.023615 -0.154016 0.115447
v 0.017200 -0.163639 0.106250
v 0.017200 -0.165822 0.117223
v 0.023292 -0.149722 0.104631
v 0.017686 -0.165373 0.128624
v 0.023292 -0.152798 0.127995
v 0.020615 -0.149977 0.132102
v 0.023292 -0.138452 0.146691
v 0.020585 -0.137567 0.145146
v 0.020606 -0.122198 0.149511
v 0.020616 -0.101595 0.140272
v 0.020611 -0.150629 0.109530
v 0.020615 -0.135133 0.093106
v 0.020596 -0.112568 0.092463
v 0.020615 -0.096137 0.107950
v 0.020609 -0.094280 0.123816
v -0.017012 -0.084057 -0.152037
v -0.017050 -0.078468 -0.171458
v -0.017183 -0.079273 -0.175411
v -0.017050 -0.085958 -0.177312
v -0.016877 -0.099988 -0.168665
v -0.017190 -0.081923 -0.177484
v -0.019692 -0.092418 -0.160858
v -0.023180 -0.117267 -0.150604
v -0.016946 -0.111775 -0.163131
v -0.023318 -0.095208 -0.133433
v -0.017289 -0.084722 -0.142241
v -0.023343 -0.104289 -0.144580
v -0.023683 -0.126976 -0.151112
v -0.017207 -0.123057 -0.162883
v -0.017200 -0.134149 -0.161422
v -0.017593 -0.080042 -0.123006
v -0.017214 -0.082475 -0.133801
v -0.017680 -0.144668 -0.157410
v -0.023615 -0.148186 -0.138679
v -0.017200 -0.155278 -0.148283
v -0.017200 -0.161494 -0.138981
v -0.017647 -0.080761 -0.111418
v -0.023619 -0.097400 -0.101907
v -0.016638 -0.084511 -0.101017
v -0.017200 -0.090836 -0.091768
v -0.023292 -0.092531 -0.124045
v -0.023292 -0.093316 -0.112057
v -0.017686 -0.099216 -0.084024
v -0.021459 -0.125537 -0.083326
v -0.017200 -0.109281 -0.079443
v -0.016638 -0.120246 -0.077140
v -0.023292 -0.107662 -0.093360
v -0.017200 -0.131418 -0.077992
v -0.017200 -0.142012 -0.081589
v -0.023292 -0.119038 -0.089499
v -0.023615 -0.141711 -0.094897
v -0.017200 -0.151314 -0.087804
v -0.023292 -0.131026 -0.090285
v -0.017686 -0.159059 -0.096184
v -0.023615 -0.154016 -0.115447
v -0.017200 -0.163639 -0.106250
v -0.017200 -0.165822 -0.117223
v -0.023292 -0.149722 -0.104631
v -0.017686 -0.165373 -0.128624
v -0.023292 -0.152798 -0.127995
v -0.020615 -0.149977 -0.132102
v -0.023292 -0.138452 -0.146691
v -0.020585 -0.137567 -0.145146
v -0.020606 -0.122198 -0.149511
v -0.020616 -0.101595 -0.140272
v -0.020611 -0.150629 -0.109530
v -0.020615 -0.135133 -0.093106
v -0.020596 -0.112568 -0.092463
v -0.020615 -0.096137 -0.107950
v -0.020609 -0.094280 -0.123816
v 0.017183 -0.079273 -0.175411
v 0.017050 -0.078468 -0.171458
v 0.017012 -0.084057 -0.152037
v 0.017190 -0.081923 -0.177484
v 0.016877 -0.099988 -0.168665
v 0.017050 -0.085958 -0.177312
v 0.019692 -0.092418 -0.160858
v 0.023180 -0.117267 -0.150604
v 0.016946 -0.111775 -0.163131
v 0.023318 -0.095208 -0.133433
v 0.017289 -0.084722 -0.142241
v 0.023343 -0.104289 -0.144580
v 0.023682 -0.126976 -0.151112
v 0.017207 -0.123057 -0.162883
v 0.017200 -0.134149 -0.161422
v 0.017680 -0.144668 -0.157410
v 0.023292 -0.138452 -0.146691
v 0.017200 -0.155278 -0.148283
v 0.023615 -0.148186 -0.138679
v 0.017200 -0.161494 -0.138981
v 0.017686 -0.165373 -0.128624
v 0.023292 -0.152798 -0.127995
v 0.017200 -0.165822 -0.117223
v 0.023615 -0.154016 -0.115447
v 0.017200 -0.163639 -0.106250
v 0.017686 -0.159059 -0.096184
v 0.023292 -0.149722 -0.104631
v 0.017200 -0.151314 -0.087804
v 0.023615 -0.141710 -0.094897
v 0.017200 -0.142012 -0.081589
v 0.021459 -0.125537 -0.083326
v 0.017200 -0.131418 -0.077992
v 0.016638 -0.120246 -0.077140
v 0.023292 -0.131026 -0.090285
v 0.017200 -0.109281 -0.079443
v 0.023292 -0.119038 -0.089499
v 0.017686 -0.099216 -0.084024
v 0.023292 -0.107662 -0.093360
v 0.017200 -0.090836 -0.091768
v 0.023619 -0.097400 -0.101907
v 0.016638 -0.084511 -0.101017
v 0.017647 -0.080761 -0.111418
v 0.023292 -0.093316 -0.112057
v 0.017593 -0.080042 -0.123006
v 0.017214 -0.082475 -0.133801
v 0.023292 -0.092531 -0.124045
v 0.020615 -0.096137 -0.107950
v 0.020603 -0.095491 -0.130518
v 0.020615 -0.110981 -0.146946
v 0.020590 -0.133547 -0.147584
v 0.020615 -0.149977 -0.132102
v 0.020605 -0.150625 -0.109533
v 0.020615 -0.135133 -0.093106
v 0.020596 -0.112568 -0.092463
v 0.012470 -0.089975 0.013917
v 0.012283 -0.082204 0.009143
v 0.012007 -0.082291 0.020166
v 0.012095 -0.088723 0.023569
v 0.016384 -0.082294 0.007467
v 0.012462 -0.099245 0.023550
v 0.012095 -0.093853 0.027979
v 0.016467 -0.094092 0.015420
v 0.012095 -0.096973 0.032446
v 0.012095 -0.099169 0.039182
v 0.012467 -0.104501 0.037853
v 0.012095 -0.099830 0.047323
v 0.016464 -0.101521 0.025334
v 0.012083 -0.098391 0.085546
v 0.012461 -0.103780 0.082649
v 0.016459 -0.106021 0.039217
v 0.016446 -0.104656 0.082319
v 0.016546 -0.107879 0.020791
v 0.016674 -0.124638 0.078289
v 0.016597 -0.119323 0.029204
v 0.016596 -0.101171 0.008304
v 0.016553 -0.086642 -0.000000
v 0.016439 -0.082248 -0.007517
v 0.016467 -0.094092 -0.015420
v 0.014078 -0.088395 -0.000000
v 0.012470 -0.089975 -0.013917
v 0.012283 -0.082204 -0.009143
v 0.012007 -0.082291 -0.020166
v 0.012095 -0.088723 -0.023569
v 0.012462 -0.099245 -0.023550
v 0.012095 -0.093853 -0.027979
v 0.012095 -0.096973 -0.032446
v 0.012095 -0.099169 -0.039182
v 0.016596 -0.101171 -0.008304
v 0.012467 -0.104501 -0.037853
v 0.012095 -0.099830 -0.047323
v 0.016464 -0.101521 -0.025334
v 0.012083 -0.098391 -0.085546
v 0.012461 -0.103780 -0.082649
v 0.016459 -0.106021 -0.039217
v 0.016446 -0.104656 -0.082319
v 0.016546 -0.107879 -0.020791
v 0.016674 -0.124638 -0.078289
v 0.016597 -0.119323 -0.029204
v 0.014085 -0.108822 -0.020045
v 0.014097 -0.102213 -0.007146
v 0.014097 -0.102213 0.007146
v 0.014090 -0.162040 -0.007392
v 0.014085 -0.108822 0.020045
v 0.014093 -0.120067 0.027882
v 0.016533 -0.128349 0.054040
v 0.014293 -0.128773 0.052667
v 0.014097 -0.139215 0.029654
v 0.016594 -0.140408 0.030929
v 0.014077 -0.153394 0.021956
v 0.016594 -0.149614 0.026254
v 0.016477 -0.163071 0.020540
v 0.016422 -0.143134 0.083223
v 0.016599 -0.157539 0.018615
v 0.016569 -0.162838 0.008304
v 0.012872 -0.180414 -0.000000
v 0.010507 -0.184602 0.009837
v 0.012460 -0.184717 -0.000000
v 0.014137 -0.161869 0.007533
v 0.010764 -0.178492 -0.000000
v 0.010507 -0.184602 -0.009837
v 0.016477 -0.163071 -0.020540
v 0.016569 -0.162838 -0.008304
v 0.014077 -0.153394 -0.021956
v 0.016599 -0.157539 -0.018615
v 0.016594 -0.149614 -0.026254
v 0.016594 -0.140408 -0.030929
v 0.014097 -0.139215 -0.029654
v 0.016537 -0.128349 -0.054062
v 0.016422 -0.143134 -0.083223
v 0.014256 -0.128738 -0.052801
v 0.014093 -0.120067 -0.027882
v -0.012470 -0.089975 -0.013917
v -0.012283 -0.082204 -0.009143
v -0.012007 -0.082291 -0.020166
v -0.012095 -0.088723 -0.023569
v -0.016439 -0.082248 -0.007517
v -0.012462 -0.099245 -0.023550
v -0.012095 -0.093853 -0.027979
v -0.016467 -0.094092 -0.015420
v -0.012095 -0.096973 -0.032446
v -0.012095 -0.099169 -0.039182
v -0.012467 -0.104501 -0.037853
v -0.012095 -0.099830 -0.047323
v -0.016464 -0.101521 -0.025334
v -0.012083 -0.098391 -0.085546
v -0.012461 -0.103780 -0.082649
v -0.016459 -0.106021 -0.039217
v -0.016446 -0.104656 -0.082319
v -0.016546 -0.107879 -0.020791
v -0.016674 -0.124638 -0.078289
v -0.016597 -0.119323 -0.029204
v -0.016596 -0.101171 -0.008304
v -0.016553 -0.086642 0.000000
v -0.016384 -0.082294 0.007467
v -0.016467 -0.094092 0.015420
v -0.016596 -0.101171 0.008304
v -0.012470 -0.089975 0.013917
v -0.012283 -0.082204 0.009143
v -0.012007 -0.082291 0.020166
v -0.012095 -0.088723 0.023569
v -0.012462 -0.099245 0.023550
v -0.012095 -0.093853 0.027979
v -0.012095 -0.096973 0.032446
v -0.012095 -0.099169 0.039182
v -0.012467 -0.104501 0.037853
v -0.012095 -0.099830 0.047323
v -0.016464 -0.101521 0.025334
v -0.012083 -0.098391 0.085546
v -0.012461 -0.103780 0.082649
v -0.016459 -0.106021 0.039217
v -0.016446 -0.104656 0.082319
v -0.016546 -0.107879 0.020791
v -0.016674 -0.124638 0.078289
v -0.016597 -0.119323 0.029204
v -0.014078 -0.088395 0.000000
v -0.014085 -0.108822 0.020045
v -0.014097 -0.102213 0.007146
v -0.014097 -0.102213 -0.007146
v -0.014090 -0.162040 -0.007392
v -0.014085 -0.108822 -0.020045
v -0.014093 -0.120067 -0.027882
v -0.016533 -0.128349 -0.054040
v -0.014293 -0.128773 -0.052667
v -0.016477 -0.163071 -0.020540
v -0.016422 -0.143134 -0.083223
v -0.016594 -0.140408 -0.030929
v -0.014097 -0.139215 -0.029654
v -0.014077 -0.153394 -0.021956
v -0.016594 -0.149614 -0.026254
v -0.016599 -0.157539 -0.018615
v -0.016569 -0.162838 -0.008304
v -0.012872 -0.180414 0.000000
v -0.010507 -0.184602 -0.009837
v -0.012460 -0.184717 0.000000
v -0.010764 -0.178492 0.000000
v -0.010507 -0.184602 0.009837
v -0.016477 -0.163071 0.020540
v -0.016569 -0.162838 0.008304
v -0.014137 -0.161869 0.007533
v -0.014077 -0.153394 0.021956
v -0.016599 -0.157539 0.018615
v -0.016594 -0.149614 0.026254
v -0.016594 -0.140408 0.030929
v -0.014097 -0.139215 0.029654
v -0.016533 -0.128349 0.054040
v -0.016422 -0.143134 0.083223
v -0.014293 -0.128773 0.052667
v -0.014093 -0.120067 0.027882
v 0.022190 -0.110845 0.137052
v 0.020106 -0.110492 0.136188
v 0.021824 -0.113819 0.138160
v 0.020106 -0.117370 0.139692
v 0.022190 -0.116463 0.139914
v 0.023251 -0.106142 0.131068
v 0.020383 -0.103837 0.127688
v 0.023251 -0.124069 0.140200
v 0.020383 -0.128158 0.140078
v 0.023193 -0.103334 0.124536
v 0.027296 -0.115070 0.128149
v 0.023315 -0.103030 0.117747
v 0.020348 -0.103438 0.113397
v 0.027020 -0.115444 0.110769
v 0.027500 -0.124201 0.110298
v 0.023235 -0.105000 0.110985
v 0.023318 -0.109171 0.105418
v 0.020348 -0.112289 0.102337
v 0.023197 -0.114942 0.101506
v 0.023238 -0.121933 0.099826
v 0.022191 -0.129651 0.100135
v 0.020254 -0.125543 0.099543
v 0.021824 -0.132296 0.101891
v 0.020254 -0.138163 0.105971
v 0.022190 -0.135270 0.102998
v 0.023230 -0.140060 0.109059
v 0.020348 -0.143697 0.118337
v 0.027298 -0.131042 0.111907
v 0.023205 -0.142811 0.115726
v 0.023305 -0.143044 0.122670
v 0.020348 -0.139953 0.131999
v 0.027022 -0.130657 0.129280
v 0.027499 -0.121906 0.129767
v 0.023231 -0.140993 0.129308
v 0.023314 -0.136675 0.134887
v 0.023193 -0.131004 0.138632
v 0.021824 -0.113819 -0.138160
v 0.020106 -0.110492 -0.136188
v 0.022190 -0.110845 -0.137052
v 0.020106 -0.117370 -0.139692
v 0.022190 -0.116463 -0.139914
v 0.023251 -0.106142 -0.131068
v 0.020383 -0.103837 -0.127688
v 0.023251 -0.124069 -0.140200
v 0.020383 -0.128158 -0.140078
v 0.023193 -0.103334 -0.124536
v 0.027296 -0.115070 -0.128149
v 0.023315 -0.103030 -0.117747
v 0.020348 -0.103438 -0.113397
v 0.027020 -0.115444 -0.110769
v 0.027500 -0.124201 -0.110298
v 0.023235 -0.105000 -0.110985
v 0.023318 -0.109171 -0.105418
v 0.020348 -0.112289 -0.102337
v 0.023197 -0.114942 -0.101506
v 0.023238 -0.121933 -0.099826
v 0.022191 -0.129651 -0.100135
v 0.020254 -0.125543 -0.099543
v 0.021824 -0.132296 -0.101891
v 0.020254 -0.138163 -0.105971
v 0.022190 -0.135270 -0.102998
v 0.023230 -0.140060 -0.109059
v 0.020348 -0.143697 -0.118337
v 0.027298 -0.131042 -0.111907
v 0.023205 -0.142811 -0.115726
v 0.023305 -0.143044 -0.122670
v 0.020348 -0.139953 -0.131999
v 0.027022 -0.130657 -0.129280
v 0.027499 -0.121906 -0.129767
v 0.023231 -0.140993 -0.129308
v 0.023314 -0.136675 -0.134887
v 0.023193 -0.131004 -0.138632
v -0.022190 -0.110845 -0.137052
v -0.020106 -0.110492 -0.136188
v -0.021824 -0.113819 -0.138160
v -0.020106 -0.117370 -0.139692
v -0.022190 -0.116463 -0.139914
v -0.023251 -0.106142 -0.131068
v -0.020383 -0.103837 -0.127688
v -0.023251 -0.124069 -0.140200
v -0.020383 -0.128158 -0.140078
v -0.023193 -0.103334 -0.124536
v -0.027296 -0.115070 -0.128149
v -0.023315 -0.103030 -0.117747
v -0.020348 -0.103438 -0.113397
v -0.027020 -0.115444 -0.110769
v -0.027500 -0.124201 -0.110298
v -0.023235 -0.105000 -0.110985
v -0.023318 -0.109171 -0.105418
v -0.020348 -0.112289 -0.102337
v -0.023197 -0.114942 -0.101506
v -0.023238 -0.121933 -0.099826
v -0.022191 -0.129651 -0.100135
v -0.020254 -0.125543 -0.099543
v -0.021824 -0.132296 -0.101891
v -0.020254 -0.138163 -0.105971
v -0.022190 -0.135270 -0.102998
v -0.023230 -0.140060 -0.109059
v -0.020348 -0.143697 -0.118337
v -0.027298 -0.131042 -0.111907
v -0.023205 -0.142811 -0.115726
v -0.023305 -0.143044 -0.122670
v -0.020348 -0.139953 -0.131999
v -0.027022 -0.130657 -0.129280
v -0.027499 -0.121906 -0.129767
v -0.023231 -0.140993 -0.129308
v -0.023314 -0.136675 -0.134887
v -0.023193 -0.131004 -0.138632
v -0.021824 -0.113819 0.138160
v -0.020106 -0.110492 0.136188
v -0.022190 -0.110845 0.137052
v -0.020106 -0.117370 0.139692
v -0.022190 -0.116463 0.139914
v -0.023251 -0.106142 0.131068
v -0.020383 -0.103837 0.127688
v -0.023251 -0.124069 0.140200
v -0.020383 -0.128158 0.140078
v -0.023193 -0.103334 0.124536
v -0.027296 -0.115070 0.128149
v -0.023315 -0.103030 0.117747
v -0.020348 -0.103438 0.113397
v -0.027020 -0.115444 0.110769
v -0.027500 -0.124201 0.110298
v -0.023235 -0.105000 0.110985
v -0.023318 -0.109171 0.105418
v -0.020348 -0.112289 0.102337
v -0.023197 -0.114942 0.101506
v -0.023238 -0.121933 0.099826
v -0.022191 -0.129651 0.100135
v -0.020254 -0.125543 0.099543
v -0.021824 -0.132296 0.101891
v -0.020254 -0.138163 0.105971
v -0.022190 -0.135270 0.102998
v -0.023230 -0.140060 0.109059
v -0.020348 -0.143697 0.118337
v -0.027298 -0.131042 0.111907
v -0.023205 -0.142811 0.115726
v -0.023305 -0.143044 0.122670
v -0.020348 -0.139953 0.131999
v -0.027022 -0.130657 0.129280
v -0.027499 -0.121906 0.129767
v -0.023231 -0.140993 0.129308
v -0.023314 -0.136675 0.134887
v -0.023193 -0.131004 0.138632
v -0.019676 0.076685 -0.127673
v -0.022007 0.076792 -0.127546
v -0.019685 0.080157 -0.128676
v -0.019691 0.066370 -0.117839
v -0.022063 0.080413 -0.128086
v -0.022189 0.066608 -0.117108
v -0.019704 0.084830 -0.112171
v -0.025216 0.075864 -0.116191
v -0.022112 0.084335 -0.111557
v -0.026085 0.071384 -0.102402
v -0.022008 0.096970 -0.105027
v -0.025216 0.085883 -0.102402
v -0.019685 0.099083 -0.102626
v -0.022063 0.098601 -0.101752
v -0.019676 0.097072 -0.099651
v -0.022104 0.084345 -0.092985
v -0.019701 0.084827 -0.092869
v -0.025216 0.075864 -0.088613
v -0.022063 0.080413 -0.076718
v -0.019685 0.080157 -0.076128
v -0.022007 0.076795 -0.077257
v -0.019676 0.076668 -0.077141
v -0.019696 0.066368 -0.086964
v -0.022116 0.066680 -0.087256
v -0.019676 0.052260 -0.085072
v -0.025216 0.059654 -0.093880
v -0.022063 0.049747 -0.085878
v -0.019685 0.048843 -0.086303
v -0.022008 0.049141 -0.089486
v -0.019704 0.054764 -0.102402
v -0.022112 0.055525 -0.102196
v -0.025216 0.059654 -0.110924
v -0.022063 0.048982 -0.117873
v -0.019685 0.048843 -0.118502
v -0.022007 0.052227 -0.119565
v -0.019676 0.052239 -0.119730
v 0.019676 0.076685 0.127673
v 0.022007 0.076792 0.127546
v 0.019685 0.080157 0.128676
v 0.019691 0.066370 0.117839
v 0.022063 0.080413 0.128086
v 0.022189 0.066608 0.117108
v 0.019704 0.084830 0.112171
v 0.025216 0.075864 0.116191
v 0.022112 0.084335 0.111557
v 0.026085 0.071384 0.102402
v 0.022008 0.096970 0.105027
v 0.025216 0.085883 0.102402
v 0.019685 0.099083 0.102626
v 0.022063 0.098601 0.101752
v 0.019676 0.097072 0.099651
v 0.022104 0.084345 0.092985
v 0.019701 0.084827 0.092869
v 0.025216 0.075864 0.088613
v 0.022063 0.080413 0.076718
v 0.019685 0.080157 0.076128
v 0.022007 0.076795 0.077257
v 0.019676 0.076668 0.077141
v 0.019696 0.066368 0.086964
v 0.022116 0.066680 0.087256
v 0.019676 0.052260 0.085072
v 0.025216 0.059654 0.093880
v 0.022063 0.049747 0.085878
v 0.019685 0.048843 0.086303
v 0.022008 0.049141 0.089486
v 0.019704 0.054764 0.102402
v 0.022112 0.055525 0.102196
v 0.025216 0.059654 0.110924
v 0.022063 0.048982 0.117873
v 0.019685 0.048843 0.118502
v 0.022007 0.052227 0.119565
v 0.019676 0.052239 0.119730
v 0.019685 0.080157 -0.128676
v 0.022007 0.076792 -0.127546
v 0.019676 0.076685 -0.127673
v 0.019691 0.066370 -0.117839
v 0.022063 0.080413 -0.128086
v 0.022189 0.066608 -0.117108
v 0.019704 0.084830 -0.112171
v 0.025216 0.075864 -0.116191
v 0.022112 0.084335 -0.111557
v 0.026085 0.071384 -0.102402
v 0.022008 0.096970 -0.105027
v 0.025216 0.085883 -0.102402
v 0.019685 0.099083 -0.102626
v 0.022063 0.098601 -0.101752
v 0.019676 0.097072 -0.099651
v 0.022104 0.084345 -0.092985
v 0.019701 0.084827 -0.092869
v 0.025216 0.075864 -0.088613
v 0.022063 0.080413 -0.076718
v 0.019685 0.080157 -0.076128
v 0.022007 0.076795 -0.077257
v 0.019676 0.076668 -0.077141
v 0.019696 0.066368 -0.086964
v 0.022116 0.066680 -0.087256
v 0.019676 0.052260 -0.085072
v 0.025216 0.059654 -0.093880
v 0.022063 0.049747 -0.085878
v 0.019685 0.048843 -0.086303
v 0.022008 0.049141 -0.089486
v 0.019704 0.054764 -0.102402
v 0.022112 0.055525 -0.102196
v 0.025216 0.059654 -0.110924
v 0.022063 0.048982 -0.117873
v 0.019685 0.048843 -0.118502
v 0.022007 0.052227 -0.119565
v 0.019676 0.052239 -0.119730
v -0.019685 0.080157 0.128676
v -0.022007 0.076792 0.127546
v -0.019676 0.076685 0.127673
v -0.019691 0.066370 0.117839
v -0.022063 0.080413 0.128086
v -0.022189 0.066608 0.117108
v -0.019704 0.084830 0.112171
v -0.025216 0.075864 0.116191
v -0.022112 0.084335 0.111557
v -0.026085 0.071384 0.102402
v -0.022008 0.096970 0.105027
v -0.025216 0.085883 0.102402
v -0.019685 0.099083 0.102626
v -0.022063 0.098601 0.101752
v -0.019676 0.097072 0.099651
v -0.022104 0.084345 0.092985
v -0.019701 0.084827 0.092869
v -0.025216 0.075864 0.088613
v -0.022063 0.080413 0.076718
v -0.019685 0.080157 0.076128
v -0.022007 0.076795 0.077257
v -0.019676 0.076668 0.077141
v -0.019696 0.066368 0.086964
v -0.022116 0.066680 0.087256
v -0.019676 0.052260 0.085072
v -0.025216 0.059654 0.093880
v -0.022063 0.049747 0.085878
v -0.019685 0.048843 0.086303
v -0.022008 0.049141 0.089486
v -0.019704 0.054764 0.102402
v -0.022112 0.055525 0.102196
v -0.025216 0.059654 0.110924
v -0.022063 0.048982 0.117873
v -0.019685 0.048843 0.118502
v -0.022007 0.052227 0.119565
v -0.019676 0.052239 0.119730
v -0.011708 0.598852 -0.020279
v -0.000000 0.796493 -0.023053
v -0.000000 0.598852 -0.023417
v -0.011526 0.796493 -0.019964
v -0.020279 0.598852 -0.011708
v -0.019964 0.796493 -0.011526
v -0.023417 0.598852 0.000000
v -0.023053 0.796493 0.000000
v -0.019964 0.796493 0.011526
v -0.020279 0.598852 0.011708
v -0.014355 0.697713 0.018374
v -0.014056 0.796516 0.018424
v -0.014351 0.599068 0.018579
v 0.011708 0.598852 -0.020279
v 0.011526 0.796493 -0.019964
v 0.020279 0.598852 -0.011708
v 0.019964 0.796493 -0.011526
v 0.023417 0.598852 0.000000
v 0.023053 0.796493 0.000000
v 0.019964 0.796493 0.011526
v 0.020279 0.598852 0.011708
v 0.014355 0.697713 0.018374
v 0.014056 0.796516 0.018424
v 0.014351 0.599068 0.018579
v 0.016875 0.101232 0.074549
v -0.000000 0.125458 0.034957
v 0.000007 0.102298 0.075546
v 0.017456 0.125369 0.030973
v 0.017462 0.115090 0.035921
v 0.017392 0.102404 0.037871
v 0.016933 0.097012 0.070623
v 0.017802 0.113134 0.032142
v 0.017780 0.123690 0.026560
v 0.017805 0.097418 0.033307
v 0.017300 0.090695 0.035970
v 0.017802 0.083808 0.027801
v 0.016933 0.091834 0.067071
v 0.016933 0.081968 0.062973
v 0.016933 0.069550 0.061693
v 0.017304 0.080771 0.030758
v 0.016892 0.060527 0.063416
v 0.017521 0.072940 0.022760
v 0.017765 0.072933 0.014451
v 0.013516 0.072727 0.019150
v 0.013157 0.059828 0.063633
v 0.012666 0.056046 0.064787
v 0.012676 0.069419 0.021872
v 0.012673 0.069472 0.020410
v 0.000000 0.055991 0.064766
v -0.000000 0.068691 0.024054
v -0.000007 0.102298 0.075546
v -0.000000 0.125458 0.034957
v -0.016875 0.101232 0.074549
v -0.017456 0.125369 0.030973
v -0.017462 0.115090 0.035921
v -0.017392 0.102404 0.037871
v -0.016933 0.097012 0.070623
v -0.017780 0.123690 0.026560
v -0.017802 0.113134 0.032142
v -0.017805 0.097418 0.033307
v -0.017300 0.090695 0.035970
v -0.017802 0.083808 0.027801
v -0.016933 0.091834 0.067071
v -0.016933 0.081968 0.062973
v -0.016933 0.069550 0.061693
v -0.017304 0.080771 0.030758
v -0.016892 0.060527 0.063416
v -0.017521 0.072940 0.022760
v -0.017765 0.072933 0.014451
v -0.013516 0.072727 0.019150
v -0.013157 0.059828 0.063633
v -0.012666 0.056046 0.064787
v -0.012676 0.069419 0.021872
v -0.012673 0.069472 0.020410
v 0.000000 0.055991 0.064766
v -0.000000 0.068691 0.024054
v -0.000000 0.797908 0.022347
v -0.000000 0.795717 0.023123
v 0.011624 0.796318 0.020231
v 0.010824 0.798007 0.019303
v 0.019424 0.797947 0.010886
v 0.019964 0.796493 0.011526
v -0.006361 0.798618 -0.020372
v 0.023053 0.796493 0.000000
v 0.022201 0.797972 0.000000
v 0.019351 0.797913 -0.011206
v 0.019964 0.796493 -0.011526
v 0.011544 0.796528 -0.020078
v 0.010644 0.798323 -0.018435
v -0.000000 0.796546 -0.023236
v -0.000000 0.200751 -0.034680
v -0.000000 0.242936 -0.028432
v 0.017340 0.200751 -0.030034
v 0.014216 0.242936 -0.024623
v 0.030034 0.200751 -0.017340
v -0.000000 0.289064 -0.024912
v 0.024623 0.242936 -0.014216
v 0.034680 0.200751 -0.000000
v 0.012511 0.292835 -0.021385
v 0.028432 0.242936 -0.000000
v 0.021579 0.291627 -0.012222
v 0.024732 0.291950 0.000000
v 0.024623 0.242936 0.014216
v 0.030034 0.200751 0.017340
v 0.014216 0.242936 0.024623
v 0.017340 0.200751 0.030034
v 0.021557 0.292052 0.012215
v -0.000000 0.242936 0.028432
v -0.000000 0.200751 0.034680
v 0.012517 0.291675 0.021402
v -0.000000 0.290995 0.024874
v -0.000000 0.599513 0.023562
v 0.014176 0.599000 0.018711
v 0.020279 0.598852 0.011708
v 0.023417 0.598852 0.000000
v 0.020279 0.598852 -0.011708
v 0.011708 0.598852 -0.020279
v -0.000000 0.598852 -0.023417
v 0.011554 0.634632 0.058840
v 0.009847 0.649189 0.136221
v 0.010186 0.641681 0.136190
v 0.011751 0.624794 0.047248
v 0.012027 0.639868 0.136237
v 0.013686 0.622884 0.046560
v 0.011990 0.623377 0.136154
v 0.014292 0.599053 0.018577
v 0.012819 0.626276 0.041432
v 0.011834 0.631639 0.043646
v 0.011490 0.635115 0.058976
v 0.013728 0.632437 0.041863
v 0.013839 0.692548 0.033135
v 0.014355 0.697713 0.018374
v 0.011691 0.670199 0.087623
v 0.010918 0.674714 0.096695
v 0.010724 0.667008 0.096627
v 0.012167 0.693951 0.034360
v 0.011508 0.697721 0.047207
v 0.010786 0.663462 0.099139
v 0.010787 0.680712 0.103268
v 0.010786 0.678190 0.099139
v 0.010787 0.660939 0.103268
v 0.010787 0.681092 0.108107
v 0.010787 0.660558 0.108107
v 0.010787 0.679235 0.112591
v 0.010787 0.662415 0.112591
v 0.010787 0.675544 0.115742
v 0.010787 0.666106 0.115742
v 0.010787 0.670825 0.116876
v 0.013104 0.697720 0.030538
v 0.012168 0.701489 0.034360
v 0.013839 0.702892 0.033136
v 0.014071 0.796493 0.018425
v 0.013729 0.762989 0.041869
v 0.010917 0.720727 0.096695
v 0.011692 0.725242 0.087621
v 0.011808 0.763755 0.043772
v 0.011490 0.760325 0.058976
v 0.010724 0.728432 0.096627
v 0.011552 0.760808 0.058840
v 0.010786 0.731978 0.099139
v 0.010787 0.734501 0.103268
v 0.010787 0.714728 0.103268
v 0.010786 0.717250 0.099139
v 0.010787 0.734882 0.108107
v 0.010787 0.714348 0.108107
v 0.010787 0.733025 0.112591
v 0.010787 0.716205 0.112591
v 0.010787 0.729334 0.115742
v 0.010787 0.719896 0.115742
v 0.010787 0.724615 0.116876
v 0.012832 0.769182 0.041419
v 0.013687 0.772556 0.046560
v 0.011751 0.770646 0.047248
v 0.011990 0.772063 0.136153
v 0.010186 0.753759 0.136190
v 0.009847 0.746251 0.136222
v 0.012027 0.755572 0.136236
v -0.011624 0.796318 0.020231
v -0.010824 0.798007 0.019303
v -0.019424 0.797947 0.010886
v -0.019964 0.796493 0.011526
v -0.023053 0.796493 0.000000
v -0.022202 0.797972 0.000000
v -0.019351 0.797913 -0.011206
v -0.019964 0.796493 -0.011526
v -0.011544 0.796528 -0.020078
v -0.017340 0.200751 -0.030034
v -0.014216 0.242936 -0.024623
v -0.030034 0.200751 -0.017340
v -0.024623 0.242936 -0.014216
v -0.034680 0.200751 0.000000
v -0.012511 0.292835 -0.021385
v -0.028432 0.242936 0.000000
v -0.021579 0.291627 -0.012222
v -0.011708 0.598852 -0.020279
v -0.020279 0.598852 -0.011708
v -0.024732 0.291950 0.000000
v -0.023417 0.598852 0.000000
v -0.020279 0.598852 0.011708
v -0.021557 0.292052 0.012215
v -0.024623 0.242936 0.014216
v -0.030034 0.200751 0.017340
v -0.014216 0.242936 0.024623
v -0.017340 0.200751 0.030034
v -0.012517 0.291675 0.021402
v -0.014176 0.599000 0.018711
v -0.010186 0.641681 0.136190
v -0.009847 0.649189 0.136221
v -0.011554 0.634632 0.058840
v -0.011751 0.624794 0.047248
v -0.012027 0.639868 0.136237
v -0.013686 0.622884 0.046560
v -0.011990 0.623377 0.136154
v -0.014292 0.599053 0.018577
v -0.012819 0.626276 0.041432
v -0.011834 0.631639 0.043646
v -0.011490 0.635115 0.058976
v -0.013728 0.632437 0.041863
v -0.013839 0.692548 0.033135
v -0.014355 0.697713 0.018374
v -0.011691 0.670199 0.087623
v -0.010918 0.674714 0.096695
v -0.010724 0.667008 0.096627
v -0.012167 0.693951 0.034360
v -0.011508 0.697721 0.047207
v -0.010786 0.663462 0.099139
v -0.010786 0.678190 0.099139
v -0.010787 0.680712 0.103268
v -0.010787 0.660939 0.103268
v -0.010787 0.681092 0.108107
v -0.010787 0.660558 0.108107
v -0.010787 0.679235 0.112591
v -0.010787 0.662415 0.112591
v -0.010787 0.675544 0.115742
v -0.010787 0.666106 0.115742
v -0.010787 0.670825 0.116876
v -0.013104 0.697720 0.030538
v -0.012168 0.701489 0.034360
v -0.013839 0.702892 0.033136
v -0.014071 0.796493 0.018425
v -0.013730 0.762989 0.041869
v -0.010917 0.720727 0.096695
v -0.011692 0.725242 0.087621
v -0.011808 0.763755 0.043772
v -0.011490 0.760325 0.058976
v -0.010724 0.728432 0.096627
v -0.011552 0.760808 0.058840
v -0.010786 0.731978 0.099139
v -0.010787 0.734501 0.103268
v -0.010786 0.717250 0.099139
v -0.010787 0.714728 0.103268
v -0.010787 0.734882 0.108107
v -0.010787 0.714348 0.108107
v -0.010787 0.733025 0.112591
v -0.010787 0.716205 0.112591
v -0.010787 0.729334 0.115742
v -0.010787 0.719896 0.115742
v -0.010787 0.724615 0.116876
v -0.012832 0.769182 0.041419
v -0.013687 0.772556 0.046560
v -0.011751 0.770645 0.047248
v -0.011990 0.772063 0.136153
v -0.012027 0.755572 0.136236
v -0.010186 0.753759 0.136190
v -0.009848 0.746251 0.136222
v 0.000007 0.102628 -0.074989
v -0.000000 0.125458 -0.034957
v 0.016874 0.101563 -0.073991
v 0.017456 0.125369 -0.030973
v 0.017462 0.115090 -0.035921
v 0.017392 0.102404 -0.037871
v 0.016933 0.097342 -0.070066
v 0.017779 0.123690 -0.026560
v 0.017802 0.113134 -0.032142
v 0.017805 0.097418 -0.033307
v 0.017300 0.090695 -0.035970
v 0.017802 0.083808 -0.027801
v 0.016933 0.092165 -0.066514
v 0.016933 0.082298 -0.062416
v 0.016933 0.069881 -0.061136
v 0.017304 0.080771 -0.030758
v 0.016892 0.060858 -0.062859
v 0.017522 0.072940 -0.022756
v 0.017765 0.072933 -0.014451
v 0.013516 0.072724 -0.019151
v 0.013157 0.060159 -0.063076
v 0.012666 0.056377 -0.064229
v 0.012676 0.069419 -0.021872
v 0.012673 0.069472 -0.020410
v -0.000000 0.056322 -0.064208
v -0.000000 0.068691 -0.024054
v -0.016874 0.101563 -0.073991
v -0.000000 0.125458 -0.034957
v -0.000007 0.102628 -0.074989
v -0.017456 0.125369 -0.030973
v -0.017462 0.115090 -0.035921
v -0.016933 0.097342 -0.070066
v -0.017392 0.102404 -0.037871
v -0.017802 0.113134 -0.032142
v -0.017780 0.123690 -0.026560
v -0.017805 0.097418 -0.033307
v -0.017300 0.090695 -0.035970
v -0.017802 0.083808 -0.027801
v -0.016933 0.092165 -0.066514
v -0.016933 0.082298 -0.062416
v -0.016933 0.069881 -0.061136
v -0.017304 0.080771 -0.030758
v -0.016892 0.060858 -0.062859
v -0.017522 0.072940 -0.022756
v -0.017765 0.072933 -0.014451
v -0.013516 0.072724 -0.019151
v -0.013157 0.060159 -0.063076
v -0.012666 0.056377 -0.064229
v -0.012676 0.069419 -0.021872
v -0.012673 0.069472 -0.020410
v -0.000000 0.056322 -0.064208
v -0.000000 0.068691 -0.024054
v -0.000000 0.697733 0.047758
v 0.011446 0.697822 0.047267
v 0.010959 0.720527 0.096609
v -0.010882 0.717147 0.099072
v 0.010815 0.717227 0.099111
v 0.010881 0.714609 0.103247
v -0.010867 0.716122 0.112650
v 0.010881 0.714232 0.108140
v 0.010821 0.716169 0.112616
v -0.010904 0.719828 0.115876
v 0.010807 0.719884 0.115765
v 0.010815 0.724609 0.116911
v -0.010881 0.724630 0.116996
v 0.010821 0.729354 0.115781
v -0.010867 0.729380 0.115833
v -0.010881 0.733113 0.112673
v 0.010815 0.733056 0.112607
v -0.010881 0.734998 0.108140
v 0.010815 0.734917 0.108107
v 0.010881 0.734620 0.103246
v 0.010890 0.728584 0.096624
v -0.010970 0.728685 0.096603
v 0.010882 0.732081 0.099071
v 0.011591 0.760665 0.058960
v -0.000000 0.760365 0.059608
v 0.009845 0.746337 0.136054
v -0.009854 0.746278 0.136142
v -0.010176 0.753769 0.136255
v 0.010176 0.753772 0.136175
v 0.012015 0.755590 0.136219
v 0.012056 0.771966 0.135934
v -0.012073 0.771996 0.135999
v -0.000000 0.795697 0.023119
v 0.011161 0.796252 0.020318
v 0.014056 0.796516 0.018424
v -0.000000 0.697706 0.047758
v 0.010961 0.674936 0.096616
v 0.011449 0.697621 0.047273
v 0.010881 0.680831 0.103247
v -0.010867 0.681192 0.108123
v 0.010821 0.681135 0.108114
v -0.010881 0.679341 0.112649
v 0.010815 0.679260 0.112616
v -0.010904 0.675613 0.115876
v 0.010807 0.675556 0.115765
v 0.010821 0.670825 0.116919
v -0.010867 0.670825 0.116977
v -0.010904 0.666038 0.115876
v 0.010807 0.666095 0.115765
v 0.010821 0.662380 0.112616
v -0.010867 0.662333 0.112650
v -0.010881 0.660442 0.108140
v 0.010815 0.660523 0.108107
v -0.010881 0.660820 0.103246
v 0.010815 0.660907 0.103252
v -0.010882 0.663358 0.099071
v 0.010815 0.663439 0.099111
v -0.010968 0.666757 0.096593
v 0.010878 0.666871 0.096618
v 0.011645 0.634801 0.059012
v -0.000000 0.635067 0.059589
v 0.009854 0.649162 0.136142
v 0.012015 0.639850 0.136219
v 0.010176 0.641671 0.136255
v 0.012018 0.623436 0.136025
v -0.012028 0.623406 0.136081
v 0.013443 0.607551 0.060099
v -0.000000 0.599510 0.023580
v 0.014635 0.598574 0.018839
v -0.011446 0.697822 0.047267
v -0.010863 0.720631 0.096656
v -0.010815 0.714696 0.103253
v -0.010815 0.714312 0.108107
v -0.010815 0.734533 0.103252
v -0.010815 0.732001 0.099111
v -0.011591 0.760665 0.058961
v -0.012015 0.755590 0.136219
v -0.011161 0.796252 0.020318
v -0.014056 0.796516 0.018424
v -0.011449 0.697621 0.047273
v -0.010862 0.674819 0.096664
v -0.010815 0.678213 0.099111
v 0.010882 0.678292 0.099072
v -0.010815 0.680743 0.103253
v -0.011645 0.634801 0.059012
v -0.009845 0.649103 0.136054
v -0.010176 0.641668 0.136175
v -0.012015 0.639850 0.136219
v -0.013429 0.607437 0.059323
v -0.014635 0.598574 0.018839
v 0.022959 0.123539 0.022959
v 0.026764 0.108072 0.027249
v 0.034119 0.113134 0.014133
v 0.029996 0.123539 0.012425
v 0.032468 0.123693 -0.000000
v 0.036931 0.113134 -0.000000
v 0.025307 0.088554 0.025170
v 0.035323 0.103132 0.014631
v 0.033011 0.088323 0.013442
v 0.038065 0.097131 -0.000000
v 0.022920 0.074810 0.013481
v 0.020157 0.072472 0.011638
v 0.023427 0.072286 -0.000000
v 0.033112 0.083809 -0.000000
v 0.022920 0.074810 -0.013481
v 0.020157 0.072472 -0.011638
v 0.033011 0.088323 -0.013442
v 0.025307 0.088554 -0.025170
v 0.035323 0.103132 -0.014631
v 0.026764 0.108072 -0.027249
v 0.034119 0.113134 -0.014133
v 0.029996 0.123539 -0.012425
v 0.022959 0.123539 -0.022959
v -0.022959 0.123539 0.022959
v -0.026764 0.108072 0.027249
v -0.034119 0.113134 0.014133
v -0.029996 0.123539 0.012425
v -0.032468 0.123693 0.000000
v -0.036931 0.113134 0.000000
v -0.025307 0.088554 0.025170
v -0.035323 0.103132 0.014631
v -0.033011 0.088323 0.013442
v -0.038065 0.097131 0.000000
v -0.022920 0.074810 0.013481
v -0.020157 0.072472 0.011638
v -0.023427 0.072286 0.000000
v -0.033112 0.083809 0.000000
v -0.022920 0.074810 -0.013481
v -0.020157 0.072472 -0.011638
v -0.033011 0.088323 -0.013442
v -0.025307 0.088554 -0.025170
v -0.035323 0.103132 -0.014631
v -0.026764 0.108072 -0.027249
v -0.034119 0.113134 -0.014133
v -0.029996 0.123539 -0.012425
v -0.022959 0.123539 -0.022959
vt 0.991051 0.458008
vt 0.991051 0.506836
vt 0.963989 0.506836
vt 0.963989 0.458008
vt 0.991051 0.419799
vt 0.963989 0.431641
vt 0.963989 0.390634
vt 0.991051 0.361150
vt 0.963989 0.241211
vt 0.991051 0.241211
vt 0.963715 0.711602
vt 0.963715 0.773071
vt 0.990921 0.773071
vt 0.990921 0.707149
vt 0.963715 0.651413
vt 0.990921 0.649715
vt 0.990921 0.590576
vt 0.963715 0.590576
vt 0.990921 0.520508
vt 0.963715 0.520508
vt 0.963379 0.590576
vt 0.963379 0.520508
vt 0.990723 0.520508
vt 0.990723 0.590576
vt 0.963379 0.651413
vt 0.990723 0.649715
vt 0.990723 0.707149
vt 0.963379 0.711602
vt 0.990723 0.773071
vt 0.963379 0.773071
vt 0.990723 0.361150
vt 0.990723 0.241211
vt 0.963867 0.241211
vt 0.963867 0.390634
vt 0.990723 0.419799
vt 0.963867 0.431641
vt 0.963867 0.458008
vt 0.990723 0.458008
vt 0.963867 0.506836
vt 0.990723 0.506836
vt 0.963379 0.590820
vt 0.990723 0.520508
vt 0.963379 0.520508
vt 0.990723 0.590820
vt 0.963379 0.651978
vt 0.990723 0.650268
vt 0.990723 0.707424
vt 0.963379 0.711919
vt 0.990723 0.773438
vt 0.963379 0.773438
vt 0.990723 0.361080
vt 0.963867 0.241211
vt 0.990723 0.241211
vt 0.963867 0.390300
vt 0.990723 0.419588
vt 0.963867 0.431641
vt 0.963867 0.457520
vt 0.990723 0.457520
vt 0.963867 0.506104
vt 0.990723 0.506104
vt 0.968781 0.840454
vt 0.995186 0.878662
vt 0.995186 0.840454
vt 0.952798 0.878662
vt 0.930749 0.840454
vt 0.898837 0.878662
vt 0.876651 0.840454
vt 0.860596 0.878662
vt 0.833252 0.840454
vt 0.833252 0.878662
vt 0.860596 0.878906
vt 0.833252 0.878906
vt 0.833252 0.840820
vt 0.860596 0.840820
vt 0.898837 0.878906
vt 0.903775 0.840820
vt 0.952798 0.878906
vt 0.957724 0.840820
vt 0.995186 0.878906
vt 0.995186 0.840820
vt 0.860352 0.878662
vt 0.833008 0.878662
vt 0.833008 0.840454
vt 0.876515 0.840454
vt 0.898676 0.878662
vt 0.930425 0.840454
vt 0.952587 0.878662
vt 0.968750 0.840454
vt 0.995117 0.878662
vt 0.995117 0.840454
vt 0.968750 0.840820
vt 0.995117 0.878906
vt 0.995117 0.840820
vt 0.952587 0.878906
vt 0.930425 0.840820
vt 0.898676 0.878906
vt 0.876515 0.840820
vt 0.860352 0.878906
vt 0.833008 0.840820
vt 0.833008 0.878906
vt 0.860352 0.878662
vt 0.833008 0.878662
vt 0.833008 0.840454
vt 0.876515 0.840454
vt 0.898676 0.878662
vt 0.930425 0.840454
vt 0.952587 0.878662
vt 0.968750 0.840454
vt 0.995117 0.878662
vt 0.995117 0.840454
vt 0.968750 0.840820
vt 0.995117 0.878906
vt 0.995117 0.840820
vt 0.952587 0.878906
vt 0.930425 0.840820
vt 0.898676 0.878906
vt 0.876515 0.840820
vt 0.860352 0.878906
vt 0.833008 0.840820
vt 0.833008 0.878906
vt 0.957724 0.840454
vt 0.995186 0.878662
vt 0.995186 0.840454
vt 0.952798 0.878662
vt 0.903775 0.840454
vt 0.898837 0.878662
vt 0.860596 0.840454
vt 0.860596 0.878662
vt 0.833252 0.840454
vt 0.833252 0.878662
vt 0.860596 0.878906
vt 0.833252 0.878906
vt 0.833252 0.840820
vt 0.876651 0.840820
vt 0.898837 0.878906
vt 0.930749 0.840820
vt 0.952798 0.878906
vt 0.968781 0.840820
vt 0.995186 0.878906
vt 0.995186 0.840820
vt 0.860352 0.878662
vt 0.833008 0.878662
vt 0.833008 0.840454
vt 0.860352 0.840454
vt 0.898676 0.878662
vt 0.903570 0.840454
vt 0.952587 0.878662
vt 0.957569 0.840454
vt 0.995117 0.878662
vt 0.995117 0.840454
vt 0.968750 0.840820
vt 0.995117 0.878906
vt 0.995117 0.840820
vt 0.952587 0.878906
vt 0.930425 0.840820
vt 0.898676 0.878906
vt 0.876515 0.840820
vt 0.860352 0.878906
vt 0.833008 0.840820
vt 0.833008 0.878906
vt 0.968781 0.840454
vt 0.995186 0.878662
vt 0.995186 0.840454
vt 0.952798 0.878662
vt 0.930749 0.840454
vt 0.898837 0.878662
vt 0.876651 0.840454
vt 0.860596 0.878662
vt 0.833252 0.840454
vt 0.833252 0.878662
vt 0.860596 0.878906
vt 0.833252 0.878906
vt 0.833252 0.840820
vt 0.876651 0.840820
vt 0.898837 0.878906
vt 0.930749 0.840820
vt 0.952798 0.878906
vt 0.968781 0.840820
vt 0.995186 0.878906
vt 0.995186 0.840820
vt 0.968781 0.840454
vt 0.995186 0.878662
vt 0.995186 0.840454
vt 0.952798 0.878662
vt 0.930749 0.840454
vt 0.898837 0.878662
vt 0.876651 0.840454
vt 0.860596 0.878662
vt 0.833252 0.840454
vt 0.833252 0.878662
vt 0.860596 0.878906
vt 0.833252 0.878906
vt 0.833252 0.840820
vt 0.876651 0.840820
vt 0.898837 0.878906
vt 0.930749 0.840820
vt 0.952798 0.878906
vt 0.968781 0.840820
vt 0.995186 0.878906
vt 0.995186 0.840820
vt 0.860352 0.878662
vt 0.833008 0.878662
vt 0.833008 0.840454
vt 0.876515 0.840454
vt 0.898676 0.878662
vt 0.930425 0.840454
vt 0.952587 0.878662
vt 0.968750 0.840454
vt 0.995117 0.878662
vt 0.995117 0.840454
vt 0.957569 0.840820
vt 0.995117 0.878906
vt 0.995117 0.840820
vt 0.952587 0.878906
vt 0.903570 0.840820
vt 0.898676 0.878906
vt 0.860352 0.840820
vt 0.860352 0.878906
vt 0.833008 0.840820
vt 0.833008 0.878906
vt 0.951166 0.963867
vt 0.984863 0.992188
vt 0.984863 0.963867
vt 0.960938 0.993164
vt 0.923653 0.993164
vt 0.904272 0.963867
vt 0.876290 0.993164
vt 0.857109 0.963867
vt 0.843262 0.993164
vt 0.809745 0.963867
vt 0.805489 0.993164
vt 0.771973 0.963867
vt 0.772461 0.993164
vt 0.748047 0.963867
vt 0.748047 0.993164
vt 0.720461 0.963867
vt 0.712343 0.993164
vt 0.674120 0.963867
vt 0.670170 0.992187
vt 0.613281 0.963867
vt 0.608071 0.992188
vt 0.601318 0.963867
vt 0.595736 0.992188
vt 0.589844 0.963867
vt 0.549805 0.992188
vt 0.534854 0.963867
vt 0.529238 0.992188
vt 0.486328 0.992188
vt 0.473792 0.963867
vt 0.462646 0.993164
vt 0.439697 0.963867
vt 0.439697 0.992188
vt 0.407526 0.963867
vt 0.416992 0.993164
vt 0.376471 0.993164
vt 0.371826 0.963867
vt 0.349365 0.963867
vt 0.349365 0.992188
vt 0.376471 0.992580
vt 0.349365 0.991615
vt 0.349365 0.963013
vt 0.371826 0.963013
vt 0.407526 0.963013
vt 0.416992 0.992580
vt 0.439697 0.991615
vt 0.439697 0.963013
vt 0.462646 0.992470
vt 0.473792 0.963013
vt 0.486328 0.991615
vt 0.534854 0.963013
vt 0.529237 0.992138
vt 0.549805 0.991768
vt 0.589844 0.963013
vt 0.595736 0.991886
vt 0.601318 0.963074
vt 0.608071 0.991884
vt 0.613281 0.963013
vt 0.670170 0.992015
vt 0.674120 0.963013
vt 0.712343 0.992577
vt 0.720461 0.963013
vt 0.748047 0.992580
vt 0.748047 0.963013
vt 0.781044 0.992580
vt 0.785060 0.963013
vt 0.829126 0.992580
vt 0.833471 0.963013
vt 0.876290 0.992580
vt 0.866699 0.963013
vt 0.904272 0.963013
vt 0.923653 0.992580
vt 0.951166 0.963013
vt 0.960938 0.992580
vt 0.984863 0.991615
vt 0.984863 0.963013
vt 0.741610 0.851196
vt 0.823730 0.877502
vt 0.823730 0.851196
vt 0.739391 0.877502
vt 0.716221 0.851196
vt 0.714141 0.877502
vt 0.683845 0.851196
vt 0.683854 0.877502
vt 0.401909 0.684729
vt 0.317627 0.684814
vt 0.317627 0.684814
vt 0.444580 0.684813
vt 0.436920 0.684814
vt 0.425527 0.684814
vt 0.376716 0.993164
vt 0.349609 0.992188
vt 0.349609 0.963867
vt 0.372070 0.963867
vt 0.407913 0.963867
vt 0.417480 0.993164
vt 0.439941 0.992188
vt 0.439941 0.963867
vt 0.462891 0.993164
vt 0.474151 0.963867
vt 0.486816 0.992188
vt 0.535165 0.963867
vt 0.529731 0.992188
vt 0.550293 0.992188
vt 0.590088 0.963867
vt 0.596154 0.992188
vt 0.601684 0.963867
vt 0.608414 0.992188
vt 0.613770 0.963867
vt 0.670414 0.992188
vt 0.674364 0.963867
vt 0.712709 0.993164
vt 0.720705 0.963867
vt 0.748291 0.993164
vt 0.748535 0.963867
vt 0.781211 0.993164
vt 0.785415 0.963867
vt 0.829493 0.993164
vt 0.833837 0.963867
vt 0.876437 0.993164
vt 0.866943 0.963867
vt 0.904491 0.963867
vt 0.923985 0.993164
vt 0.951601 0.963867
vt 0.961334 0.993164
vt 0.985214 0.992188
vt 0.985214 0.963867
vt 0.951601 0.963013
vt 0.985214 0.991615
vt 0.985214 0.963013
vt 0.961334 0.992580
vt 0.923985 0.992580
vt 0.904491 0.963013
vt 0.876437 0.992580
vt 0.857403 0.963013
vt 0.843628 0.992580
vt 0.810062 0.963013
vt 0.805783 0.992580
vt 0.772461 0.963013
vt 0.772583 0.992580
vt 0.748535 0.963013
vt 0.748291 0.992580
vt 0.720705 0.963013
vt 0.712709 0.992577
vt 0.674364 0.963013
vt 0.670414 0.992015
vt 0.613770 0.963013
vt 0.608414 0.991884
vt 0.601684 0.963074
vt 0.596154 0.991886
vt 0.590088 0.963013
vt 0.550293 0.991768
vt 0.535165 0.963013
vt 0.529731 0.992138
vt 0.486816 0.991615
vt 0.474151 0.963013
vt 0.462891 0.992470
vt 0.439941 0.963013
vt 0.439941 0.991615
vt 0.407913 0.963013
vt 0.417480 0.992580
vt 0.376716 0.992580
vt 0.372070 0.963013
vt 0.349609 0.963013
vt 0.349609 0.991615
vt 0.963715 0.520508
vt 0.990921 0.520508
vt 0.963715 0.590820
vt 0.990921 0.590820
vt 0.963715 0.651978
vt 0.990921 0.650268
vt 0.990921 0.707424
vt 0.963715 0.711919
vt 0.990921 0.773438
vt 0.963715 0.773438
vt 0.991051 0.241211
vt 0.963989 0.241211
vt 0.991051 0.361080
vt 0.963989 0.390300
vt 0.991051 0.419588
vt 0.963989 0.431641
vt 0.963989 0.457520
vt 0.991051 0.457520
vt 0.963989 0.506104
vt 0.991051 0.506104
vt 0.823242 0.851196
vt 0.823242 0.877502
vt 0.741203 0.851196
vt 0.738953 0.877502
vt 0.715890 0.851196
vt 0.713768 0.877502
vt 0.683601 0.851196
vt 0.683610 0.877502
vt 0.411177 0.684814
vt 0.457520 0.684813
vt 0.457520 0.684814
vt 0.550781 0.388672
vt 0.448730 0.388672
vt 0.549561 0.457031
vt 0.478027 0.457031
vt 0.491211 0.505615
vt 0.549805 0.505615
vt 0.553711 0.541016
vt 0.495605 0.541016
vt 0.496582 0.568359
vt 0.564209 0.568359
vt 0.494141 0.593994
vt 0.582275 0.593994
vt 0.582275 0.639893
vt 0.488281 0.639893
vt 0.550781 0.388672
vt 0.549561 0.457031
vt 0.449219 0.388672
vt 0.478027 0.457031
vt 0.491211 0.505859
vt 0.549805 0.505859
vt 0.553711 0.541016
vt 0.495605 0.541016
vt 0.496582 0.568359
vt 0.564209 0.568359
vt 0.494141 0.594727
vt 0.582275 0.594727
vt 0.582275 0.640625
vt 0.488281 0.640625
vt 0.549316 0.457031
vt 0.448730 0.388672
vt 0.550293 0.388672
vt 0.477539 0.457031
vt 0.490723 0.505615
vt 0.549316 0.505615
vt 0.553223 0.541016
vt 0.495117 0.541016
vt 0.496338 0.568359
vt 0.563965 0.568359
vt 0.493896 0.593994
vt 0.582031 0.593994
vt 0.582031 0.639893
vt 0.487793 0.639893
vt 0.448730 0.388672
vt 0.549316 0.457031
vt 0.550293 0.388672
vt 0.477539 0.457031
vt 0.490723 0.505859
vt 0.549316 0.505859
vt 0.553223 0.541016
vt 0.495117 0.541016
vt 0.496338 0.568359
vt 0.563965 0.568359
vt 0.493896 0.594727
vt 0.582031 0.594727
vt 0.582031 0.640625
vt 0.487793 0.640625
vt 0.175293 0.402344
vt 0.177246 0.428711
vt 0.209244 0.430951
vt 0.187012 0.454590
vt 0.204102 0.402344
vt 0.227370 0.474280
vt 0.203613 0.476562
vt 0.208496 0.402344
vt 0.225098 0.493164
vt 0.222581 0.442561
vt 0.277832 0.402344
vt 0.225586 0.454590
vt 0.250977 0.503174
vt 0.277832 0.504636
vt 0.249512 0.470215
vt 0.277832 0.474531
vt 0.250977 0.466309
vt 0.209244 0.430951
vt 0.177246 0.428711
vt 0.175293 0.402344
vt 0.187012 0.455078
vt 0.204102 0.402344
vt 0.227370 0.474497
vt 0.203613 0.476562
vt 0.208496 0.402344
vt 0.225098 0.493164
vt 0.222581 0.443049
vt 0.277832 0.402344
vt 0.250977 0.503906
vt 0.225586 0.455078
vt 0.277832 0.504880
vt 0.249512 0.470703
vt 0.277832 0.474848
vt 0.250977 0.466797
vt 0.222581 0.443049
vt 0.208496 0.402344
vt 0.209244 0.430951
vt 0.204102 0.402344
vt 0.225586 0.455078
vt 0.175293 0.402344
vt 0.177246 0.428711
vt 0.187012 0.455078
vt 0.227370 0.474497
vt 0.203613 0.476562
vt 0.225098 0.493164
vt 0.250977 0.503906
vt 0.277832 0.504880
vt 0.249512 0.470703
vt 0.277832 0.474848
vt 0.250977 0.466797
vt 0.208762 0.430951
vt 0.177124 0.428711
vt 0.175048 0.402344
vt 0.186523 0.454590
vt 0.203857 0.402344
vt 0.227140 0.474280
vt 0.203369 0.476562
vt 0.208130 0.402344
vt 0.224854 0.493164
vt 0.222311 0.442561
vt 0.277344 0.402344
vt 0.225464 0.454590
vt 0.250732 0.503174
vt 0.277344 0.504636
vt 0.249268 0.470215
vt 0.277344 0.474531
vt 0.250732 0.466309
vt 0.175048 0.402344
vt 0.177124 0.428711
vt 0.208762 0.430951
vt 0.186523 0.455078
vt 0.203857 0.402344
vt 0.227140 0.474497
vt 0.203369 0.476562
vt 0.208130 0.402344
vt 0.224854 0.493164
vt 0.222311 0.443049
vt 0.277344 0.402344
vt 0.250732 0.503906
vt 0.225464 0.455078
vt 0.277344 0.504880
vt 0.249268 0.470703
vt 0.277344 0.474848
vt 0.250732 0.466797
vt 0.250732 0.466797
vt 0.277344 0.474848
vt 0.222311 0.443049
vt 0.249268 0.470703
vt 0.277344 0.504880
vt 0.208130 0.402344
vt 0.225464 0.455078
vt 0.208762 0.430951
vt 0.203857 0.402344
vt 0.227140 0.474497
vt 0.250732 0.503906
vt 0.224854 0.493164
vt 0.203369 0.476562
vt 0.186523 0.455078
vt 0.177124 0.428711
vt 0.175048 0.402344
vt 0.209244 0.430951
vt 0.177246 0.428711
vt 0.175293 0.402344
vt 0.187012 0.455078
vt 0.204102 0.402344
vt 0.227370 0.474497
vt 0.203613 0.476562
vt 0.208496 0.402344
vt 0.225098 0.493164
vt 0.222581 0.443049
vt 0.277832 0.402344
vt 0.225586 0.455078
vt 0.250977 0.503906
vt 0.277832 0.504880
vt 0.249512 0.470703
vt 0.277832 0.474848
vt 0.250977 0.466797
vt 0.175048 0.402344
vt 0.177124 0.428711
vt 0.208762 0.430951
vt 0.186523 0.455078
vt 0.204837 0.402344
vt 0.227140 0.474497
vt 0.203369 0.476562
vt 0.224854 0.493164
vt 0.222311 0.443049
vt 0.277344 0.402344
vt 0.225464 0.455078
vt 0.250732 0.503906
vt 0.277344 0.504880
vt 0.249268 0.470703
vt 0.277344 0.474848
vt 0.250732 0.466797
vt 0.209244 0.430951
vt 0.177246 0.428711
vt 0.175293 0.402344
vt 0.187012 0.454590
vt 0.204102 0.402344
vt 0.227370 0.474280
vt 0.203613 0.476562
vt 0.208496 0.402344
vt 0.225098 0.493164
vt 0.222581 0.442561
vt 0.277832 0.402344
vt 0.225586 0.454590
vt 0.250977 0.503174
vt 0.277832 0.504636
vt 0.249512 0.470215
vt 0.277832 0.474531
vt 0.250977 0.466309
vt 0.175048 0.402344
vt 0.177124 0.428711
vt 0.208762 0.430951
vt 0.186523 0.455078
vt 0.203857 0.402344
vt 0.227140 0.474497
vt 0.203369 0.476562
vt 0.208130 0.402344
vt 0.224854 0.493164
vt 0.222311 0.443049
vt 0.277344 0.402344
vt 0.225464 0.455078
vt 0.250732 0.503906
vt 0.277344 0.504880
vt 0.249268 0.470703
vt 0.277344 0.474848
vt 0.250732 0.466797
vt 0.208130 0.402344
vt 0.222311 0.443049
vt 0.208762 0.430951
vt 0.203857 0.402344
vt 0.175048 0.402344
vt 0.177124 0.428711
vt 0.186523 0.455078
vt 0.227140 0.474497
vt 0.203369 0.476562
vt 0.224854 0.493164
vt 0.225464 0.455078
vt 0.250732 0.503906
vt 0.277344 0.504880
vt 0.249268 0.470703
vt 0.277344 0.474848
vt 0.250732 0.466797
vt 0.175048 0.402344
vt 0.177124 0.428711
vt 0.208762 0.430951
vt 0.186523 0.454590
vt 0.203857 0.402344
vt 0.227140 0.474280
vt 0.203369 0.476562
vt 0.208130 0.402344
vt 0.224854 0.493164
vt 0.222311 0.442561
vt 0.277344 0.402344
vt 0.225464 0.454590
vt 0.250732 0.503174
vt 0.277344 0.504636
vt 0.249268 0.470215
vt 0.277344 0.474531
vt 0.250732 0.466309
vt 0.209244 0.430951
vt 0.177246 0.428711
vt 0.175293 0.402344
vt 0.187012 0.455078
vt 0.204102 0.402344
vt 0.227370 0.474497
vt 0.203613 0.476562
vt 0.208496 0.402344
vt 0.225098 0.493164
vt 0.222581 0.443049
vt 0.277832 0.402344
vt 0.250977 0.503906
vt 0.225586 0.455078
vt 0.277832 0.504880
vt 0.249512 0.470703
vt 0.277832 0.474848
vt 0.250977 0.466797
vt 0.277832 0.474848
vt 0.250977 0.466797
vt 0.222581 0.443049
vt 0.249512 0.470703
vt 0.277832 0.504880
vt 0.225586 0.455078
vt 0.227370 0.474497
vt 0.250977 0.503906
vt 0.225098 0.493164
vt 0.208496 0.402344
vt 0.203613 0.476562
vt 0.187012 0.455078
vt 0.209244 0.430951
vt 0.204102 0.402344
vt 0.177246 0.428711
vt 0.175293 0.402344
vt 0.175293 0.402344
vt 0.177246 0.428711
vt 0.209244 0.430951
vt 0.187012 0.455078
vt 0.204102 0.402344
vt 0.227370 0.474497
vt 0.203613 0.476562
vt 0.208496 0.402344
vt 0.225098 0.493164
vt 0.222581 0.443049
vt 0.277832 0.402344
vt 0.225586 0.455078
vt 0.250977 0.503906
vt 0.277832 0.504880
vt 0.249512 0.470703
vt 0.277832 0.474848
vt 0.250977 0.466797
vt 0.208762 0.430951
vt 0.177124 0.428711
vt 0.175048 0.402344
vt 0.186523 0.455078
vt 0.203857 0.402344
vt 0.227140 0.474497
vt 0.203369 0.476562
vt 0.208130 0.402344
vt 0.224854 0.493164
vt 0.222311 0.443049
vt 0.277344 0.402344
vt 0.225464 0.455078
vt 0.250732 0.503906
vt 0.277344 0.504880
vt 0.249268 0.470703
vt 0.277344 0.474848
vt 0.250732 0.466797
vt 0.205566 0.493652
vt 0.179568 0.508300
vt 0.175544 0.493652
vt 0.190553 0.519285
vt 0.205566 0.523430
vt 0.175790 0.493652
vt 0.179690 0.508300
vt 0.206055 0.493652
vt 0.190919 0.519285
vt 0.206055 0.523430
vt 0.175544 0.494141
vt 0.179568 0.508787
vt 0.205566 0.494141
vt 0.190553 0.519529
vt 0.205566 0.523432
vt 0.206055 0.494141
vt 0.179690 0.508787
vt 0.175790 0.494141
vt 0.190919 0.519529
vt 0.206055 0.523432
vt 0.820801 0.818697
vt 0.865728 0.829304
vt 0.820801 0.818619
vt 0.865729 0.829180
vt 0.987793 0.800781
vt 0.987793 0.829210
vt 0.155273 0.963074
vt 0.280266 0.994122
vt 0.155151 0.994145
vt 0.280265 0.994218
vt 0.326416 0.982770
vt 0.326416 0.982684
vt 0.987793 0.829210
vt 0.155151 0.994145
vt 0.331608 0.420547
vt 0.334229 0.415039
vt 0.341064 0.407227
vt 0.352539 0.398438
vt 0.367188 0.390137
vt 0.382324 0.383301
vt 0.396240 0.379395
vt 0.406494 0.378418
vt 0.412400 0.379464
vt 0.416504 0.386719
vt 0.334961 0.428223
vt 0.338552 0.434925
vt 0.419899 0.393973
vt 0.417236 0.399414
vt 0.410400 0.407227
vt 0.354980 0.435547
vt 0.344727 0.436035
vt 0.398926 0.416016
vt 0.369141 0.431152
vt 0.384277 0.424316
vt 0.341309 0.407227
vt 0.334473 0.415039
vt 0.332073 0.420547
vt 0.353027 0.398438
vt 0.367676 0.390137
vt 0.382812 0.383301
vt 0.396484 0.379395
vt 0.406738 0.378418
vt 0.412644 0.379464
vt 0.416992 0.386719
vt 0.335449 0.428223
vt 0.338819 0.434925
vt 0.417480 0.399414
vt 0.420387 0.393973
vt 0.410645 0.407227
vt 0.345215 0.436035
vt 0.355469 0.435547
vt 0.399414 0.416016
vt 0.369629 0.431152
vt 0.384766 0.424316
vt 0.332073 0.420990
vt 0.334473 0.415039
vt 0.341309 0.407227
vt 0.353027 0.398438
vt 0.367676 0.390625
vt 0.382812 0.383789
vt 0.396484 0.379883
vt 0.406738 0.378906
vt 0.412644 0.379929
vt 0.416992 0.386719
vt 0.335449 0.428711
vt 0.338819 0.435368
vt 0.420387 0.394439
vt 0.417480 0.399414
vt 0.410645 0.407227
vt 0.355469 0.435547
vt 0.345215 0.436523
vt 0.399414 0.416016
vt 0.369629 0.431641
vt 0.384766 0.424805
vt 0.341064 0.407227
vt 0.334229 0.415039
vt 0.331608 0.420990
vt 0.352539 0.398438
vt 0.367188 0.390625
vt 0.382324 0.383789
vt 0.396240 0.379883
vt 0.406494 0.378906
vt 0.412400 0.379929
vt 0.416504 0.386719
vt 0.334961 0.428711
vt 0.338552 0.435368
vt 0.417236 0.399414
vt 0.419899 0.394439
vt 0.410400 0.407227
vt 0.344727 0.436523
vt 0.354980 0.435547
vt 0.398926 0.416016
vt 0.369141 0.431641
vt 0.384277 0.424805
vt 0.096008 0.690674
vt 0.131714 0.690674
vt 0.096008 0.698261
vt 0.131714 0.698521
vt 0.167480 0.698476
vt 0.167480 0.690674
vt 0.131714 0.683838
vt 0.167480 0.683838
vt 0.202515 0.683838
vt 0.202515 0.690674
vt 0.237671 0.690674
vt 0.237671 0.683838
vt 0.273438 0.683838
vt 0.273438 0.690674
vt 0.237671 0.698253
vt 0.202515 0.698521
vt 0.309082 0.690674
vt 0.309082 0.698261
vt 0.273438 0.698522
vt 0.300154 0.717895
vt 0.273751 0.718813
vt 0.318359 0.738037
vt 0.246538 0.717773
vt 0.298124 0.758911
vt 0.321993 0.758911
vt 0.314941 0.775513
vt 0.341156 0.787152
vt 0.240723 0.738037
vt 0.211321 0.717773
vt 0.268557 0.764960
vt 0.318359 0.787598
vt 0.295076 0.787152
vt 0.299561 0.843018
vt 0.317871 0.843018
vt 0.320801 0.853760
vt 0.271973 0.787598
vt 0.236695 0.758911
vt 0.249091 0.787152
vt 0.225098 0.775513
vt 0.202515 0.738037
vt 0.193482 0.758911
vt 0.225830 0.787598
vt 0.202515 0.787152
vt 0.179932 0.775513
vt 0.179199 0.787598
vt 0.161277 0.750673
vt 0.221069 0.843018
vt 0.156055 0.787152
vt 0.134766 0.775513
vt 0.124736 0.758911
vt 0.132935 0.787598
vt 0.183960 0.843018
vt 0.110010 0.787152
vt 0.202515 0.843018
vt 0.202515 0.853760
vt 0.164307 0.843018
vt 0.144775 0.843018
vt 0.162476 0.853760
vt 0.182793 0.858607
vt 0.143717 0.858607
vt 0.125488 0.843018
vt 0.163469 0.865571
vt 0.122864 0.853760
vt 0.105591 0.843018
vt 0.086792 0.787598
vt 0.093214 0.764960
vt 0.063813 0.787152
vt 0.087280 0.843018
vt 0.083001 0.758911
vt 0.084290 0.853760
vt 0.099985 0.728080
vt 0.105491 0.858607
vt 0.089768 0.865571
vt 0.125488 0.738037
vt 0.126039 0.866219
vt 0.095032 0.879639
vt 0.130371 0.879639
vt 0.165039 0.879639
vt 0.202515 0.866219
vt 0.202515 0.879639
vt 0.240112 0.879639
vt 0.241630 0.865571
vt 0.222283 0.858607
vt 0.242554 0.853760
vt 0.240845 0.843018
vt 0.261312 0.858606
vt 0.260254 0.843018
vt 0.279541 0.843018
vt 0.282227 0.853760
vt 0.299562 0.858607
vt 0.315218 0.865571
vt 0.278929 0.866219
vt 0.310059 0.879639
vt 0.274658 0.879639
vt 0.131714 0.690674
vt 0.131714 0.698521
vt 0.167480 0.698476
vt 0.167480 0.690674
vt 0.131714 0.683838
vt 0.167480 0.683838
vt 0.202515 0.683838
vt 0.202515 0.690674
vt 0.237671 0.690674
vt 0.237671 0.683838
vt 0.273438 0.683838
vt 0.273438 0.690674
vt 0.237671 0.698253
vt 0.202515 0.698521
vt 0.273438 0.698522
vt 0.285300 0.728080
vt 0.264387 0.717773
vt 0.228865 0.717773
vt 0.314941 0.775513
vt 0.240723 0.738037
vt 0.280365 0.758911
vt 0.295076 0.787152
vt 0.270264 0.775513
vt 0.236695 0.758911
vt 0.318359 0.787598
vt 0.271973 0.787598
vt 0.299561 0.843018
vt 0.249091 0.787152
vt 0.299562 0.858607
vt 0.279541 0.843018
vt 0.282227 0.853760
vt 0.278929 0.866219
vt 0.274658 0.879639
vt 0.240112 0.879639
vt 0.261312 0.858607
vt 0.241630 0.865571
vt 0.202515 0.866219
vt 0.202515 0.879639
vt 0.165039 0.879639
vt 0.222283 0.858607
vt 0.242554 0.853760
vt 0.260254 0.843018
vt 0.240845 0.843018
vt 0.221069 0.843018
vt 0.225830 0.787598
vt 0.225098 0.775513
vt 0.202515 0.853760
vt 0.193482 0.758911
vt 0.202515 0.718813
vt 0.202515 0.787152
vt 0.176225 0.717773
vt 0.140642 0.717773
vt 0.164307 0.738037
vt 0.104937 0.717773
vt 0.119503 0.750673
vt 0.150167 0.758911
vt 0.090149 0.775513
vt 0.086792 0.787598
vt 0.110010 0.787152
vt 0.134766 0.775513
vt 0.132935 0.787598
vt 0.179932 0.775513
vt 0.156055 0.787152
vt 0.179199 0.787598
vt 0.183960 0.843018
vt 0.202515 0.843018
vt 0.164307 0.843018
vt 0.182793 0.858607
vt 0.162476 0.853760
vt 0.144775 0.843018
vt 0.163469 0.865571
vt 0.143717 0.858607
vt 0.126039 0.866219
vt 0.130371 0.879639
vt 0.105491 0.858607
vt 0.122864 0.853760
vt 0.125488 0.843018
vt 0.105591 0.843018
vt 0.634277 0.009277
vt 0.634277 0.028809
vt 0.613281 0.009277
vt 0.613281 0.028809
vt 0.591797 0.028809
vt 0.591797 0.009277
vt 0.613281 0.038086
vt 0.634277 0.038086
vt 0.570801 0.009277
vt 0.634277 0.046875
vt 0.570801 0.028809
vt 0.613281 0.046875
vt 0.549805 0.028809
vt 0.549805 0.009277
vt 0.528320 0.009277
vt 0.570801 0.038086
vt 0.591797 0.038086
vt 0.591797 0.046875
vt 0.613281 0.055176
vt 0.634277 0.055176
vt 0.634277 0.326172
vt 0.570801 0.046875
vt 0.591797 0.055176
vt 0.570801 0.055176
vt 0.613281 0.326172
vt 0.591797 0.326172
vt 0.613281 0.347656
vt 0.634277 0.347656
vt 0.634277 0.357910
vt 0.613281 0.357910
vt 0.591797 0.357910
vt 0.613281 0.364258
vt 0.591797 0.364258
vt 0.591797 0.347656
vt 0.570801 0.357910
vt 0.570801 0.364258
vt 0.549805 0.364258
vt 0.570801 0.347656
vt 0.549805 0.357910
vt 0.528320 0.364258
vt 0.528320 0.357910
vt 0.570801 0.326172
vt 0.549805 0.347656
vt 0.549805 0.326172
vt 0.528320 0.347656
vt 0.507324 0.357910
vt 0.507324 0.347656
vt 0.528320 0.326172
vt 0.528320 0.055176
vt 0.507324 0.326172
vt 0.486084 0.347656
vt 0.486084 0.357910
vt 0.486084 0.326172
vt 0.549805 0.055176
vt 0.549805 0.046875
vt 0.549805 0.038086
vt 0.528320 0.038086
vt 0.528320 0.046875
vt 0.507324 0.046875
vt 0.528320 0.028809
vt 0.507324 0.028809
vt 0.507324 0.009277
vt 0.486084 0.009277
vt 0.507324 0.038086
vt 0.486084 0.028809
vt 0.486084 0.038086
vt 0.465088 0.028809
vt 0.465088 0.009277
vt 0.443848 0.009277
vt 0.486084 0.046875
vt 0.443848 0.028809
vt 0.465088 0.038086
vt 0.422607 0.028809
vt 0.422607 0.009277
vt 0.443848 0.038086
vt 0.401367 0.009277
vt 0.465088 0.046875
vt 0.380127 0.009277
vt 0.380127 0.028809
vt 0.401367 0.028809
vt 0.401367 0.038086
vt 0.380127 0.038086
vt 0.380127 0.046875
vt 0.422607 0.038086
vt 0.401367 0.046875
vt 0.422607 0.046875
vt 0.401367 0.055176
vt 0.380127 0.055176
vt 0.380127 0.326172
vt 0.443848 0.046875
vt 0.422607 0.055176
vt 0.443848 0.055176
vt 0.422607 0.326172
vt 0.401367 0.326172
vt 0.401367 0.347656
vt 0.380127 0.347656
vt 0.380127 0.357910
vt 0.401367 0.357910
vt 0.422607 0.357910
vt 0.401367 0.364258
vt 0.422607 0.364258
vt 0.422607 0.347656
vt 0.443848 0.357910
vt 0.443848 0.364258
vt 0.465088 0.364258
vt 0.443848 0.347656
vt 0.465088 0.357910
vt 0.486084 0.364258
vt 0.465088 0.347656
vt 0.465088 0.326172
vt 0.443848 0.326172
vt 0.486084 0.055176
vt 0.465088 0.055176
vt 0.507324 0.055176
vt 0.140642 0.717773
vt 0.176225 0.717773
vt 0.271160 0.664031
vt 0.280518 0.664795
vt 0.322266 0.645020
vt 0.265891 0.659275
vt 0.278809 0.614990
vt 0.264404 0.650146
vt 0.299805 0.628662
vt 0.317573 0.573495
vt 0.286621 0.586426
vt 0.355696 0.608443
vt 0.344238 0.639648
vt 0.332850 0.595141
vt 0.311686 0.547376
vt 0.283203 0.561279
vt 0.282471 0.534912
vt 0.288569 0.510252
vt 0.316895 0.521240
vt 0.304199 0.483398
vt 0.330240 0.498477
vt 0.322754 0.465332
vt 0.345461 0.453261
vt 0.352051 0.483398
vt 0.369873 0.447266
vt 0.377661 0.476745
vt 0.395752 0.448242
vt 0.420314 0.456149
vt 0.403564 0.481934
vt 0.441650 0.469238
vt 0.426327 0.495034
vt 0.459229 0.487305
vt 0.458947 0.526086
vt 0.471436 0.510254
vt 0.477783 0.534912
vt 0.441162 0.516846
vt 0.476562 0.560547
vt 0.447266 0.542480
vt 0.468898 0.584866
vt 0.442871 0.568359
vt 0.455811 0.606445
vt 0.429908 0.591482
vt 0.437744 0.625000
vt 0.414549 0.636587
vt 0.407715 0.606201
vt 0.389594 0.642226
vt 0.363770 0.641357
vt 0.382080 0.612549
vt 0.412743 0.594461
vt 0.367748 0.603508
vt 0.329757 0.578224
vt 0.321694 0.533058
vt 0.347168 0.495284
vt 0.391725 0.486718
vt 0.429520 0.511963
vt 0.438072 0.556515
vt 0.322266 0.645020
vt 0.280518 0.664795
vt 0.271160 0.664031
vt 0.264404 0.650146
vt 0.278809 0.614990
vt 0.265891 0.659275
vt 0.299805 0.628662
vt 0.317573 0.573495
vt 0.286621 0.586426
vt 0.355696 0.608443
vt 0.344238 0.639648
vt 0.332850 0.595141
vt 0.311686 0.547376
vt 0.283203 0.561279
vt 0.282471 0.534912
vt 0.389594 0.642226
vt 0.363770 0.641357
vt 0.288569 0.510252
vt 0.330240 0.498477
vt 0.304199 0.483398
vt 0.322754 0.465332
vt 0.414549 0.636587
vt 0.429908 0.591482
vt 0.437744 0.625000
vt 0.455811 0.606445
vt 0.382080 0.612549
vt 0.407715 0.606201
vt 0.468898 0.584866
vt 0.458947 0.526086
vt 0.476562 0.560547
vt 0.477783 0.534912
vt 0.442871 0.568359
vt 0.471436 0.510254
vt 0.459229 0.487305
vt 0.447266 0.542480
vt 0.426327 0.495034
vt 0.441650 0.469238
vt 0.441162 0.516846
vt 0.420314 0.456149
vt 0.377661 0.476745
vt 0.395752 0.448242
vt 0.369873 0.447266
vt 0.403564 0.481934
vt 0.345461 0.453261
vt 0.352051 0.483398
vt 0.347168 0.495284
vt 0.316895 0.521240
vt 0.323309 0.523424
vt 0.321334 0.556517
vt 0.346107 0.594793
vt 0.391715 0.486715
vt 0.429520 0.511963
vt 0.438072 0.556515
vt 0.412743 0.594461
vt 0.381834 0.605663
vt 0.322266 0.645020
vt 0.280518 0.664795
vt 0.271160 0.664031
vt 0.264404 0.650146
vt 0.278809 0.614990
vt 0.265891 0.659275
vt 0.299805 0.628662
vt 0.317573 0.573495
vt 0.286621 0.586426
vt 0.355696 0.608443
vt 0.344238 0.639648
vt 0.332850 0.595141
vt 0.311686 0.547376
vt 0.283203 0.561279
vt 0.282471 0.534912
vt 0.389594 0.642226
vt 0.363770 0.641357
vt 0.288569 0.510252
vt 0.330240 0.498477
vt 0.304199 0.483398
vt 0.322754 0.465332
vt 0.414549 0.636587
vt 0.429908 0.591482
vt 0.437744 0.625000
vt 0.455811 0.606445
vt 0.382080 0.612549
vt 0.407715 0.606201
vt 0.468898 0.584866
vt 0.458947 0.526086
vt 0.476562 0.560547
vt 0.477783 0.534912
vt 0.442871 0.568359
vt 0.471436 0.510254
vt 0.459229 0.487305
vt 0.447266 0.542480
vt 0.426327 0.495034
vt 0.441650 0.469238
vt 0.441162 0.516846
vt 0.420314 0.456149
vt 0.377661 0.476745
vt 0.395752 0.448242
vt 0.369873 0.447266
vt 0.403564 0.481934
vt 0.345461 0.453261
vt 0.352051 0.483398
vt 0.347168 0.495284
vt 0.316895 0.521240
vt 0.323309 0.523424
vt 0.321334 0.556517
vt 0.346107 0.594793
vt 0.391715 0.486715
vt 0.429520 0.511963
vt 0.438072 0.556515
vt 0.412743 0.594461
vt 0.381834 0.605663
vt 0.271160 0.664031
vt 0.280518 0.664795
vt 0.322266 0.645020
vt 0.265891 0.659275
vt 0.278809 0.614990
vt 0.264404 0.650146
vt 0.299805 0.628662
vt 0.317573 0.573495
vt 0.286621 0.586426
vt 0.355696 0.608443
vt 0.344238 0.639648
vt 0.332850 0.595141
vt 0.311686 0.547376
vt 0.283203 0.561279
vt 0.282471 0.534912
vt 0.288569 0.510252
vt 0.316895 0.521240
vt 0.304199 0.483398
vt 0.330240 0.498477
vt 0.322754 0.465332
vt 0.345461 0.453261
vt 0.352051 0.483398
vt 0.369873 0.447266
vt 0.377661 0.476745
vt 0.395752 0.448242
vt 0.420314 0.456149
vt 0.403564 0.481934
vt 0.441650 0.469238
vt 0.426327 0.495034
vt 0.459229 0.487305
vt 0.458947 0.526086
vt 0.471436 0.510254
vt 0.477783 0.534912
vt 0.441162 0.516846
vt 0.476562 0.560547
vt 0.447266 0.542480
vt 0.468898 0.584866
vt 0.442871 0.568359
vt 0.455811 0.606445
vt 0.429908 0.591482
vt 0.437744 0.625000
vt 0.414549 0.636587
vt 0.407715 0.606201
vt 0.389594 0.642226
vt 0.363770 0.641357
vt 0.382080 0.612549
vt 0.412743 0.594461
vt 0.367748 0.603508
vt 0.329757 0.578224
vt 0.321694 0.533058
vt 0.347168 0.495284
vt 0.391725 0.486718
vt 0.429520 0.511963
vt 0.438072 0.556515
vt 0.470947 0.863647
vt 0.479492 0.880066
vt 0.458008 0.876587
vt 0.454102 0.863647
vt 0.489014 0.877563
vt 0.451343 0.846322
vt 0.444580 0.856567
vt 0.471151 0.852588
vt 0.434326 0.851318
vt 0.423828 0.846924
vt 0.426853 0.836362
vt 0.409912 0.845703
vt 0.450195 0.835815
vt 0.344727 0.848389
vt 0.349121 0.837646
vt 0.425210 0.827101
vt 0.349365 0.828735
vt 0.461660 0.821736
vt 0.351563 0.786377
vt 0.444434 0.798901
vt 0.486084 0.837102
vt 0.505133 0.866249
vt 0.521588 0.877563
vt 0.539209 0.852588
vt 0.505378 0.860254
vt 0.540039 0.864624
vt 0.530273 0.880066
vt 0.552734 0.876587
vt 0.559570 0.863647
vt 0.559888 0.846602
vt 0.568359 0.856567
vt 0.577148 0.850586
vt 0.586914 0.846436
vt 0.524414 0.837102
vt 0.583889 0.836176
vt 0.600586 0.845581
vt 0.560059 0.835815
vt 0.665527 0.848389
vt 0.661621 0.837646
vt 0.585435 0.827101
vt 0.661133 0.828735
vt 0.548921 0.821736
vt 0.658691 0.786377
vt 0.565918 0.798901
vt 0.545119 0.817229
vt 0.520020 0.832886
vt 0.490479 0.832886
vt 0.520666 0.706017
vt 0.465486 0.817229
vt 0.448793 0.794135
vt 0.399666 0.777178
vt 0.404908 0.777204
vt 0.445068 0.754150
vt 0.440777 0.749615
vt 0.461967 0.726015
vt 0.449801 0.730713
vt 0.460861 0.701931
vt 0.339600 0.746582
vt 0.465151 0.713686
vt 0.485423 0.702464
vt 0.505060 0.667176
vt 0.483887 0.655273
vt 0.505371 0.655273
vt 0.489746 0.706055
vt 0.505406 0.672204
vt 0.526855 0.655273
vt 0.549881 0.701931
vt 0.524902 0.702464
vt 0.548531 0.726015
vt 0.545410 0.713686
vt 0.560547 0.730713
vt 0.569824 0.749615
vt 0.565430 0.754150
vt 0.610932 0.777188
vt 0.670898 0.746582
vt 0.606074 0.777247
vt 0.561452 0.794135
vt 0.540039 0.864624
vt 0.530273 0.880066
vt 0.552734 0.876587
vt 0.559570 0.863647
vt 0.521588 0.877563
vt 0.559888 0.846602
vt 0.568359 0.856567
vt 0.539209 0.852588
vt 0.577148 0.850586
vt 0.586914 0.846436
vt 0.583889 0.836176
vt 0.600586 0.845581
vt 0.560059 0.835815
vt 0.665527 0.848389
vt 0.661621 0.837646
vt 0.585435 0.827101
vt 0.661133 0.828735
vt 0.548921 0.821736
vt 0.658691 0.786377
vt 0.565918 0.798901
vt 0.524414 0.837102
vt 0.505466 0.866249
vt 0.489014 0.877563
vt 0.471151 0.852588
vt 0.486084 0.837102
vt 0.470947 0.863647
vt 0.479492 0.880066
vt 0.458008 0.876587
vt 0.454102 0.863647
vt 0.451343 0.846322
vt 0.444580 0.856567
vt 0.434326 0.851318
vt 0.423828 0.846924
vt 0.426853 0.836362
vt 0.409912 0.845703
vt 0.450195 0.835815
vt 0.344727 0.848389
vt 0.349121 0.837646
vt 0.425209 0.827101
vt 0.349365 0.828735
vt 0.461660 0.821736
vt 0.351563 0.786377
vt 0.444434 0.798901
vt 0.505261 0.860254
vt 0.465486 0.817229
vt 0.490479 0.832886
vt 0.520020 0.832886
vt 0.520666 0.706017
vt 0.545119 0.817229
vt 0.561452 0.794135
vt 0.610917 0.777178
vt 0.605817 0.777205
vt 0.549881 0.701931
vt 0.670898 0.746582
vt 0.569824 0.749615
vt 0.565430 0.754150
vt 0.548531 0.726015
vt 0.560547 0.730713
vt 0.545410 0.713686
vt 0.524902 0.702464
vt 0.505060 0.667176
vt 0.526855 0.655273
vt 0.505371 0.655273
vt 0.505315 0.672205
vt 0.483887 0.655273
vt 0.460861 0.701931
vt 0.485423 0.702464
vt 0.489746 0.706055
vt 0.461967 0.726015
vt 0.465151 0.713686
vt 0.449801 0.730713
vt 0.440777 0.749615
vt 0.445068 0.754150
vt 0.399666 0.777179
vt 0.339600 0.746582
vt 0.404908 0.777205
vt 0.448793 0.794135
vt 0.021431 0.667187
vt 0.018921 0.671631
vt 0.017654 0.661133
vt 0.009926 0.653809
vt 0.014921 0.654469
vt 0.034750 0.677658
vt 0.040391 0.687442
vt 0.014382 0.637615
vt 0.009694 0.627114
vt 0.049412 0.684974
vt 0.041670 0.657938
vt 0.065985 0.686243
vt 0.077543 0.689829
vt 0.080955 0.655631
vt 0.082330 0.636670
vt 0.082210 0.681633
vt 0.095457 0.671203
vt 0.106265 0.666067
vt 0.104106 0.657141
vt 0.106890 0.640907
vt 0.106331 0.623872
vt 0.112180 0.632385
vt 0.103577 0.617188
vt 0.096425 0.601406
vt 0.099784 0.611133
vt 0.086452 0.600859
vt 0.065744 0.586449
vt 0.079513 0.620380
vt 0.071663 0.593524
vt 0.055222 0.592245
vt 0.029600 0.595783
vt 0.040250 0.622833
vt 0.038847 0.641666
vt 0.039001 0.596679
vt 0.025765 0.607120
vt 0.016939 0.621201
vt 0.018066 0.661133
vt 0.019043 0.671631
vt 0.021626 0.667187
vt 0.010254 0.653809
vt 0.015235 0.654469
vt 0.035152 0.677658
vt 0.040623 0.687442
vt 0.014479 0.637615
vt 0.009955 0.627114
vt 0.049674 0.684974
vt 0.041858 0.657938
vt 0.066322 0.686242
vt 0.077752 0.689829
vt 0.081295 0.655631
vt 0.082472 0.636670
vt 0.082585 0.681633
vt 0.095924 0.671203
vt 0.106503 0.666067
vt 0.104210 0.657141
vt 0.107158 0.640907
vt 0.106792 0.623872
vt 0.112522 0.632385
vt 0.104004 0.617188
vt 0.096669 0.601406
vt 0.099957 0.611133
vt 0.086885 0.600859
vt 0.065830 0.586449
vt 0.079721 0.620380
vt 0.071824 0.593524
vt 0.055339 0.592245
vt 0.029853 0.595783
vt 0.040551 0.622833
vt 0.039181 0.641666
vt 0.039411 0.596679
vt 0.026150 0.607120
vt 0.017246 0.621201
vt 0.021626 0.667877
vt 0.019043 0.671875
vt 0.018066 0.661133
vt 0.010254 0.654297
vt 0.015235 0.655180
vt 0.035152 0.678066
vt 0.040623 0.687579
vt 0.014479 0.637695
vt 0.009955 0.627220
vt 0.049674 0.684974
vt 0.041858 0.658231
vt 0.066322 0.686487
vt 0.077752 0.689931
vt 0.081295 0.656090
vt 0.082472 0.636841
vt 0.082585 0.681912
vt 0.095924 0.671203
vt 0.106503 0.666067
vt 0.104210 0.657227
vt 0.107158 0.641602
vt 0.106792 0.624117
vt 0.112522 0.632991
vt 0.104004 0.617188
vt 0.096669 0.601786
vt 0.099957 0.611419
vt 0.086885 0.601177
vt 0.065830 0.587080
vt 0.079721 0.620478
vt 0.071824 0.593657
vt 0.055339 0.592774
vt 0.029853 0.596087
vt 0.040551 0.623214
vt 0.039181 0.641976
vt 0.039411 0.597377
vt 0.026150 0.607120
vt 0.017246 0.621237
vt 0.017654 0.661133
vt 0.018921 0.671875
vt 0.021430 0.667877
vt 0.009926 0.654297
vt 0.014921 0.655180
vt 0.034750 0.678066
vt 0.040391 0.687579
vt 0.014382 0.637695
vt 0.009694 0.627220
vt 0.049412 0.684974
vt 0.041670 0.658231
vt 0.065985 0.686487
vt 0.077543 0.689931
vt 0.080955 0.656090
vt 0.082330 0.636841
vt 0.082210 0.681912
vt 0.095457 0.671203
vt 0.106265 0.666067
vt 0.104106 0.657227
vt 0.106890 0.641602
vt 0.106331 0.624117
vt 0.112180 0.632991
vt 0.103577 0.617188
vt 0.096425 0.601786
vt 0.099784 0.611419
vt 0.086452 0.601177
vt 0.065744 0.587080
vt 0.079513 0.620478
vt 0.071663 0.593657
vt 0.055222 0.592774
vt 0.029600 0.596087
vt 0.040250 0.623214
vt 0.038847 0.641976
vt 0.039001 0.597377
vt 0.025765 0.607120
vt 0.016939 0.621237
vt 0.128992 0.611929
vt 0.133645 0.613033
vt 0.125871 0.620404
vt 0.154785 0.583008
vt 0.131604 0.618759
vt 0.159180 0.584961
vt 0.171132 0.632731
vt 0.162109 0.608398
vt 0.173776 0.628898
vt 0.196777 0.596680
vt 0.192356 0.661707
vt 0.196777 0.633789
vt 0.196347 0.671588
vt 0.197670 0.665420
vt 0.203078 0.665689
vt 0.219409 0.629002
vt 0.222510 0.632839
vt 0.231445 0.608398
vt 0.261802 0.618759
vt 0.267684 0.620404
vt 0.259914 0.613038
vt 0.264042 0.611887
vt 0.238281 0.583008
vt 0.233894 0.584909
vt 0.242577 0.545149
vt 0.218262 0.567383
vt 0.237751 0.541909
vt 0.240245 0.536133
vt 0.231296 0.542115
vt 0.196910 0.552936
vt 0.196731 0.557596
vt 0.175293 0.567383
vt 0.156804 0.541016
vt 0.153310 0.536133
vt 0.155021 0.546772
vt 0.150976 0.545092
vt 0.128748 0.611685
vt 0.133176 0.612584
vt 0.125382 0.620184
vt 0.154541 0.583008
vt 0.131312 0.618759
vt 0.159058 0.584473
vt 0.170762 0.632236
vt 0.161743 0.607910
vt 0.173289 0.628409
vt 0.196411 0.596680
vt 0.192009 0.661668
vt 0.196411 0.633057
vt 0.195993 0.671368
vt 0.197267 0.665420
vt 0.202884 0.665593
vt 0.219164 0.628517
vt 0.222143 0.632348
vt 0.230957 0.607910
vt 0.261388 0.618759
vt 0.267220 0.620184
vt 0.259426 0.612588
vt 0.263798 0.611643
vt 0.238159 0.583008
vt 0.233772 0.584421
vt 0.242211 0.544759
vt 0.217773 0.567139
vt 0.237433 0.541495
vt 0.239989 0.535865
vt 0.231052 0.541587
vt 0.196544 0.552946
vt 0.196364 0.557350
vt 0.174927 0.567139
vt 0.156682 0.540527
vt 0.152822 0.535865
vt 0.154635 0.546528
vt 0.150512 0.544701
vt 0.125871 0.620184
vt 0.133645 0.612584
vt 0.128992 0.611685
vt 0.154785 0.583008
vt 0.131604 0.618759
vt 0.159180 0.584473
vt 0.171132 0.632236
vt 0.162109 0.607910
vt 0.173776 0.628409
vt 0.196777 0.596680
vt 0.192356 0.661668
vt 0.196777 0.633057
vt 0.196347 0.671368
vt 0.197670 0.665420
vt 0.203078 0.665593
vt 0.219409 0.628517
vt 0.222510 0.632348
vt 0.231445 0.607910
vt 0.261802 0.618759
vt 0.267684 0.620184
vt 0.259914 0.612588
vt 0.264042 0.611643
vt 0.238281 0.583008
vt 0.233894 0.584421
vt 0.242577 0.544759
vt 0.218262 0.567139
vt 0.237751 0.541495
vt 0.240245 0.535865
vt 0.231296 0.541587
vt 0.196910 0.552946
vt 0.196731 0.557350
vt 0.175293 0.567139
vt 0.156804 0.540527
vt 0.153310 0.535865
vt 0.155021 0.546528
vt 0.150976 0.544701
vt 0.125382 0.620404
vt 0.133176 0.613033
vt 0.128748 0.611929
vt 0.154541 0.583008
vt 0.131312 0.618759
vt 0.159058 0.584961
vt 0.170762 0.632731
vt 0.161743 0.608398
vt 0.173289 0.628898
vt 0.196411 0.596680
vt 0.192009 0.661707
vt 0.196411 0.633789
vt 0.195993 0.671588
vt 0.197267 0.665420
vt 0.202884 0.665689
vt 0.219164 0.629002
vt 0.222143 0.632839
vt 0.230957 0.608398
vt 0.261388 0.618759
vt 0.267220 0.620404
vt 0.259426 0.613038
vt 0.263798 0.611887
vt 0.238159 0.583008
vt 0.233772 0.584909
vt 0.242211 0.545149
vt 0.217773 0.567383
vt 0.237433 0.541909
vt 0.239989 0.536133
vt 0.231052 0.542115
vt 0.196544 0.552936
vt 0.196364 0.557596
vt 0.174927 0.567383
vt 0.156682 0.541016
vt 0.152822 0.536133
vt 0.154635 0.546772
vt 0.150512 0.545092
vt 0.740234 0.006836
vt 0.758301 0.374512
vt 0.762695 0.006836
vt 0.736328 0.374512
vt 0.716797 0.006836
vt 0.714355 0.374512
vt 0.692871 0.006836
vt 0.692871 0.374512
vt 0.670410 0.374512
vt 0.667480 0.004395
vt 0.649414 0.189941
vt 0.650391 0.374512
vt 0.646973 0.006348
vt 0.740234 0.006836
vt 0.736328 0.374512
vt 0.716797 0.006836
vt 0.714355 0.374512
vt 0.692871 0.006836
vt 0.692871 0.374512
vt 0.670410 0.374512
vt 0.667480 0.004395
vt 0.649414 0.189941
vt 0.650391 0.374512
vt 0.646973 0.006348
vt 0.034221 0.130866
vt 0.073730 0.202148
vt 0.013458 0.159180
vt 0.103253 0.173340
vt 0.093222 0.151855
vt 0.089835 0.126953
vt 0.041565 0.121094
vt 0.101990 0.148926
vt 0.112488 0.171387
vt 0.101322 0.116854
vt 0.093871 0.103202
vt 0.111816 0.088867
vt 0.047760 0.108887
vt 0.056335 0.089355
vt 0.061005 0.064941
vt 0.104491 0.082580
vt 0.062256 0.050293
vt 0.122244 0.066498
vt 0.138648 0.064476
vt 0.130079 0.059570
vt 0.064575 0.042480
vt 0.062469 0.034668
vt 0.124817 0.053711
vt 0.127563 0.053711
vt 0.070251 0.008789
vt 0.126953 0.026367
vt 0.359863 0.366699
vt 0.299561 0.409668
vt 0.339100 0.338386
vt 0.270122 0.380859
vt 0.280182 0.359092
vt 0.283608 0.334222
vt 0.331787 0.328613
vt 0.260986 0.378906
vt 0.271484 0.356445
vt 0.272030 0.324374
vt 0.279486 0.310722
vt 0.261475 0.296387
vt 0.325684 0.315918
vt 0.317139 0.297363
vt 0.312500 0.271973
vt 0.268861 0.289917
vt 0.311279 0.257812
vt 0.251169 0.274018
vt 0.234765 0.271995
vt 0.243337 0.267090
vt 0.308838 0.250000
vt 0.311035 0.242188
vt 0.248657 0.260742
vt 0.245850 0.261230
vt 0.303223 0.216309
vt 0.246460 0.233887
vt 0.717285 0.833631
vt 0.717285 0.837891
vt 0.694083 0.831675
vt 0.695985 0.828179
vt 0.679607 0.812727
vt 0.676758 0.814331
vt 0.705439 0.752881
vt 0.670410 0.790894
vt 0.673760 0.790894
vt 0.679457 0.768918
vt 0.676758 0.767456
vt 0.693853 0.750252
vt 0.696777 0.754761
vt 0.717285 0.744143
vt 0.986328 0.004395
vt 0.962891 0.091797
vt 0.950684 0.004395
vt 0.936035 0.091797
vt 0.916016 0.004395
vt 0.953271 0.183384
vt 0.906738 0.091797
vt 0.878906 0.004395
vt 0.929215 0.190897
vt 0.878906 0.091797
vt 0.903440 0.188492
vt 0.878906 0.189138
vt 0.851074 0.091797
vt 0.841309 0.004395
vt 0.821289 0.091797
vt 0.806641 0.004395
vt 0.854388 0.189338
vt 0.794434 0.091797
vt 0.770996 0.004395
vt 0.828378 0.188588
vt 0.804261 0.187229
vt 0.802734 0.788074
vt 0.832604 0.786378
vt 0.853516 0.784546
vt 0.878906 0.786987
vt 0.902832 0.786987
vt 0.926270 0.786987
vt 0.948242 0.786987
vt 0.717933 0.445964
vt 0.574231 0.473145
vt 0.574706 0.458984
vt 0.739623 0.427832
vt 0.573712 0.455566
vt 0.741063 0.424412
vt 0.574243 0.425285
vt 0.792975 0.378905
vt 0.750694 0.430436
vt 0.745832 0.440142
vt 0.715332 0.448730
vt 0.749264 0.441595
vt 0.765683 0.553760
vt 0.793457 0.563232
vt 0.664780 0.512061
vt 0.647734 0.520861
vt 0.647768 0.505615
vt 0.763711 0.556199
vt 0.739699 0.563167
vt 0.643555 0.499512
vt 0.635742 0.531738
vt 0.643555 0.527100
vt 0.635742 0.494629
vt 0.626465 0.532471
vt 0.626465 0.494141
vt 0.618164 0.529053
vt 0.618164 0.497559
vt 0.612305 0.521973
vt 0.612305 0.504395
vt 0.609863 0.513184
vt 0.770780 0.563232
vt 0.763710 0.570266
vt 0.765682 0.572706
vt 0.793448 0.747068
vt 0.749246 0.685091
vt 0.647734 0.605604
vt 0.664784 0.614404
vt 0.745697 0.686679
vt 0.715332 0.677734
vt 0.647768 0.620696
vt 0.717556 0.680284
vt 0.643555 0.626953
vt 0.635742 0.631836
vt 0.635742 0.594727
vt 0.643555 0.599365
vt 0.626465 0.632568
vt 0.626465 0.593994
vt 0.618164 0.629150
vt 0.618164 0.597412
vt 0.612305 0.622070
vt 0.612305 0.604492
vt 0.609863 0.613281
vt 0.750722 0.696162
vt 0.742493 0.702297
vt 0.741051 0.698877
vt 0.573755 0.701420
vt 0.574218 0.667480
vt 0.574237 0.653323
vt 0.573712 0.670651
vt 0.694083 0.831675
vt 0.695985 0.828179
vt 0.679607 0.812727
vt 0.676758 0.814331
vt 0.670410 0.790894
vt 0.673760 0.790894
vt 0.679457 0.768918
vt 0.676758 0.767456
vt 0.693853 0.750252
vt 0.950684 0.004395
vt 0.936035 0.091797
vt 0.916016 0.004395
vt 0.906738 0.091797
vt 0.878906 0.004395
vt 0.929215 0.190897
vt 0.878906 0.091797
vt 0.903440 0.188492
vt 0.926270 0.786987
vt 0.902832 0.786987
vt 0.878906 0.189138
vt 0.878906 0.786987
vt 0.853516 0.784546
vt 0.854388 0.189338
vt 0.851074 0.091797
vt 0.841309 0.004395
vt 0.821289 0.091797
vt 0.806641 0.004395
vt 0.828378 0.188588
vt 0.832604 0.786378
vt 0.574706 0.458984
vt 0.574231 0.473145
vt 0.717933 0.445964
vt 0.739623 0.427832
vt 0.573712 0.455566
vt 0.741063 0.424412
vt 0.574243 0.425285
vt 0.792975 0.378905
vt 0.750694 0.430436
vt 0.745832 0.440142
vt 0.715332 0.448730
vt 0.749264 0.441595
vt 0.765683 0.553760
vt 0.793457 0.563232
vt 0.664780 0.512061
vt 0.647734 0.520861
vt 0.647768 0.505615
vt 0.763711 0.556199
vt 0.739699 0.563167
vt 0.643555 0.499512
vt 0.643555 0.527100
vt 0.635742 0.531738
vt 0.635742 0.494629
vt 0.626465 0.532471
vt 0.626465 0.494141
vt 0.618164 0.529053
vt 0.618164 0.497559
vt 0.612305 0.521973
vt 0.612305 0.504395
vt 0.609863 0.513184
vt 0.770780 0.563232
vt 0.763710 0.570266
vt 0.765681 0.572706
vt 0.793448 0.747068
vt 0.749246 0.685091
vt 0.647735 0.605604
vt 0.664784 0.614404
vt 0.745697 0.686679
vt 0.715332 0.677734
vt 0.647768 0.620696
vt 0.717556 0.680284
vt 0.643555 0.626953
vt 0.635742 0.631836
vt 0.643555 0.599365
vt 0.635742 0.594727
vt 0.626465 0.632568
vt 0.626465 0.593994
vt 0.618164 0.629150
vt 0.618164 0.597412
vt 0.612305 0.622070
vt 0.612305 0.604492
vt 0.609863 0.613281
vt 0.750722 0.696162
vt 0.742493 0.702297
vt 0.741051 0.698877
vt 0.573755 0.701420
vt 0.573712 0.670651
vt 0.574218 0.667480
vt 0.574237 0.653323
vt 0.342285 0.159180
vt 0.281982 0.202148
vt 0.321522 0.130866
vt 0.252300 0.173340
vt 0.262359 0.151855
vt 0.265785 0.126953
vt 0.313965 0.121094
vt 0.243164 0.171387
vt 0.253662 0.148926
vt 0.254314 0.116854
vt 0.261820 0.103202
vt 0.243896 0.088867
vt 0.307129 0.108887
vt 0.298584 0.089355
vt 0.294189 0.064941
vt 0.251237 0.082580
vt 0.293457 0.050293
vt 0.233461 0.066500
vt 0.216943 0.064476
vt 0.225510 0.059570
vt 0.291016 0.042480
vt 0.293213 0.034668
vt 0.230957 0.053711
vt 0.228149 0.053711
vt 0.285400 0.008789
vt 0.228760 0.026367
vt 0.051952 0.338386
vt 0.091431 0.409668
vt 0.031189 0.366699
vt 0.121014 0.380859
vt 0.110983 0.359092
vt 0.059479 0.328613
vt 0.107536 0.334222
vt 0.119690 0.356445
vt 0.130249 0.378906
vt 0.119057 0.324374
vt 0.111571 0.310722
vt 0.129517 0.296387
vt 0.066223 0.315918
vt 0.074829 0.296875
vt 0.079285 0.271973
vt 0.122215 0.289917
vt 0.079956 0.257812
vt 0.139952 0.274020
vt 0.156470 0.271995
vt 0.147903 0.267090
vt 0.082336 0.250000
vt 0.080200 0.242188
vt 0.142456 0.260742
vt 0.145264 0.261230
vt 0.088013 0.216309
vt 0.144653 0.233887
vt 0.099294 0.917175
vt 0.099244 0.894037
vt 0.232886 0.893741
vt 0.244385 0.893788
vt 0.244385 0.893928
vt 0.256104 0.893791
vt 0.280273 0.893836
vt 0.268066 0.893791
vt 0.280273 0.893931
vt 0.293457 0.893726
vt 0.293457 0.893927
vt 0.305908 0.893929
vt 0.305908 0.893791
vt 0.319336 0.893931
vt 0.319336 0.893837
vt 0.332520 0.893791
vt 0.332520 0.893929
vt 0.345703 0.893791
vt 0.345703 0.893929
vt 0.358398 0.893790
vt 0.382916 0.893937
vt 0.382914 0.893776
vt 0.370850 0.893788
vt 0.499308 0.893943
vt 0.499437 0.917175
vt 0.694375 0.893934
vt 0.694028 0.893947
vt 0.713867 0.894959
vt 0.713867 0.894958
vt 0.718750 0.893982
vt 0.756687 0.893979
vt 0.756567 0.893977
vt 0.976563 0.917175
vt 0.980957 0.898193
vt 0.984863 0.893982
vt 0.983338 0.948975
vt 0.863288 0.926515
vt 0.983404 0.926806
vt 0.840332 0.926572
vt 0.829590 0.926616
vt 0.829590 0.926706
vt 0.818359 0.926572
vt 0.818359 0.926704
vt 0.806641 0.926509
vt 0.806641 0.926702
vt 0.794922 0.926706
vt 0.794922 0.926616
vt 0.783203 0.926509
vt 0.783203 0.926702
vt 0.770996 0.926706
vt 0.770996 0.926616
vt 0.758789 0.926572
vt 0.758789 0.926704
vt 0.747559 0.926572
vt 0.747559 0.926704
vt 0.736328 0.926569
vt 0.736328 0.926703
vt 0.723396 0.926542
vt 0.723394 0.926714
vt 0.602314 0.926722
vt 0.603109 0.948975
vt 0.434150 0.926801
vt 0.412842 0.926270
vt 0.417480 0.927857
vt 0.378868 0.926266
vt 0.379013 0.926264
vt 0.227173 0.923952
vt 0.158813 0.948975
vt 0.145285 0.926470
vt 0.099244 0.894037
vt 0.232884 0.893937
vt 0.256103 0.893928
vt 0.268066 0.893929
vt 0.358398 0.893929
vt 0.370850 0.893928
vt 0.499308 0.893943
vt 0.718750 0.893982
vt 0.980957 0.898193
vt 0.984863 0.893982
vt 0.983404 0.926806
vt 0.863291 0.926708
vt 0.851074 0.926704
vt 0.851074 0.926569
vt 0.840332 0.926704
vt 0.602314 0.926722
vt 0.433810 0.926833
vt 0.417480 0.927856
vt 0.412842 0.926270
vt 0.227173 0.925609
vt 0.145285 0.926470
vt 0.125610 0.169434
vt 0.123101 0.137928
vt 0.151245 0.146484
vt 0.152344 0.167969
vt 0.177856 0.165527
vt 0.177856 0.145508
vt 0.125302 0.101687
vt 0.151001 0.128906
vt 0.152028 0.102713
vt 0.177856 0.117522
vt 0.146397 0.073960
vt 0.147339 0.062988
vt 0.177856 0.062478
vt 0.177856 0.093262
vt 0.209316 0.073960
vt 0.208374 0.062988
vt 0.203685 0.102713
vt 0.230321 0.101687
vt 0.204590 0.128906
vt 0.232610 0.137928
vt 0.204468 0.146484
vt 0.203247 0.167969
vt 0.229980 0.169434
vt 0.247803 0.376953
vt 0.250251 0.345197
vt 0.222168 0.354004
vt 0.221069 0.375488
vt 0.195557 0.373047
vt 0.195557 0.353027
vt 0.248144 0.309207
vt 0.222412 0.336426
vt 0.221385 0.309993
vt 0.195557 0.325042
vt 0.227016 0.281479
vt 0.226074 0.270508
vt 0.195557 0.269998
vt 0.195557 0.300781
vt 0.164097 0.281479
vt 0.165039 0.270508
vt 0.169728 0.309993
vt 0.143092 0.309207
vt 0.168823 0.336426
vt 0.140803 0.345197
vt 0.168945 0.354004
vt 0.170166 0.375488
vt 0.143433 0.376953
vn -0.0001 -0.1826 0.9832
vn -0.0000 0.0097 1.0000
vn -0.7101 0.0065 0.7041
vn -0.5918 -0.3148 0.7420
vn -0.0096 -0.4121 0.9111
vn -0.7134 -0.3119 0.6275
vn -0.7974 -0.0785 0.5984
vn -0.0042 -0.0365 0.9993
vn -0.4519 0.0065 0.8921
vn -0.0000 0.0094 1.0000
vn 0.0040 -0.0590 -0.9982
vn -0.0000 -0.1238 -0.9923
vn 0.4496 -0.1107 -0.8864
vn 0.7332 -0.0063 -0.6800
vn -0.0057 0.1633 -0.9866
vn 0.7490 0.0996 -0.6551
vn 0.5646 0.2459 -0.7878
vn -0.0000 0.3421 -0.9397
vn 0.7131 0.2726 -0.6459
vn -0.0000 0.3891 -0.9212
vn -0.0000 0.3421 0.9397
vn -0.0000 0.3891 0.9212
vn 0.7131 0.2726 0.6459
vn 0.5646 0.2460 0.7878
vn -0.0057 0.1633 0.9866
vn 0.7490 0.0997 0.6551
vn 0.7332 -0.0062 0.6800
vn 0.0040 -0.0590 0.9982
vn 0.4496 -0.1107 0.8864
vn -0.0000 -0.1238 0.9923
vn -0.0042 -0.0365 -0.9993
vn -0.0000 0.0094 -1.0000
vn -0.4519 0.0065 -0.8921
vn -0.7974 -0.0785 -0.5984
vn -0.0096 -0.4121 -0.9111
vn -0.7134 -0.3119 -0.6275
vn -0.5918 -0.3148 -0.7420
vn -0.0001 -0.1826 -0.9832
vn -0.7101 0.0065 -0.7041
vn -0.0000 0.0097 -1.0000
vn -0.7131 0.2726 0.6459
vn -0.5646 0.2460 0.7878
vn 0.0057 0.1633 0.9866
vn -0.7490 0.0996 0.6551
vn -0.7332 -0.0063 0.6800
vn -0.0040 -0.0590 0.9982
vn -0.4496 -0.1107 0.8864
vn 0.0042 -0.0365 -0.9993
vn 0.4519 0.0065 -0.8921
vn 0.7974 -0.0785 -0.5984
vn 0.0096 -0.4121 -0.9111
vn 0.7134 -0.3119 -0.6275
vn 0.5918 -0.3148 -0.7420
vn 0.0001 -0.1826 -0.9832
vn 0.7101 0.0065 -0.7041
vn -0.0087 0.2160 -0.9764
vn 0.3342 0.0332 -0.9419
vn -0.0000 -0.0000 -1.0000
vn 0.5179 0.3720 -0.7703
vn -0.0129 0.5713 -0.8206
vn 0.4358 0.7310 -0.5251
vn -0.0299 0.8919 -0.4512
vn 0.4839 0.8527 -0.1966
vn -0.0240 0.9990 -0.0365
vn 0.4694 0.8830 -0.0000
vn -0.4753 0.8539 -0.2121
vn -0.4694 0.8830 -0.0000
vn 0.0001 1.0000 -0.0000
vn 0.0064 0.9461 -0.3239
vn -0.4642 0.7200 -0.5159
vn 0.0089 0.7348 -0.6782
vn -0.5023 0.3915 -0.7710
vn 0.0067 0.3350 -0.9422
vn -0.3219 0.0435 -0.9458
vn -0.0000 0.0334 -0.9994
vn 0.4839 0.8527 0.1966
vn -0.0240 0.9990 0.0365
vn -0.0299 0.8919 0.4512
vn 0.4358 0.7311 0.5250
vn -0.0129 0.5713 0.8206
vn 0.5179 0.3721 0.7703
vn -0.0087 0.2160 0.9764
vn 0.3342 0.0332 0.9419
vn -0.0000 -0.0000 1.0000
vn 0.0087 0.2160 0.9764
vn -0.3342 0.0332 0.9419
vn 0.0001 -0.0000 1.0000
vn -0.5179 0.3718 0.7704
vn 0.0129 0.5713 0.8206
vn -0.4358 0.7310 0.5251
vn 0.0299 0.8919 0.4512
vn -0.4839 0.8527 0.1967
vn 0.0240 0.9990 0.0365
vn 0.4839 -0.8527 -0.1966
vn 0.4694 -0.8830 -0.0000
vn -0.0240 -0.9990 -0.0365
vn -0.0299 -0.8919 -0.4512
vn 0.4358 -0.7311 -0.5250
vn -0.0129 -0.5713 -0.8206
vn 0.5179 -0.3720 -0.7703
vn -0.0087 -0.2160 -0.9764
vn 0.3342 -0.0332 -0.9419
vn 0.0087 -0.2160 -0.9764
vn -0.3342 -0.0332 -0.9419
vn -0.5179 -0.3720 -0.7703
vn 0.0129 -0.5713 -0.8206
vn -0.4358 -0.7310 -0.5251
vn 0.0299 -0.8919 -0.4512
vn -0.4839 -0.8527 -0.1966
vn 0.0240 -0.9990 -0.0365
vn -0.4694 -0.8830 -0.0000
vn -0.0067 -0.3350 0.9422
vn 0.3219 -0.0435 0.9458
vn -0.0000 -0.0334 0.9994
vn 0.5023 -0.3913 0.7711
vn -0.0089 -0.7348 0.6782
vn 0.4642 -0.7199 0.5160
vn -0.0064 -0.9461 0.3239
vn 0.4752 -0.8539 0.2120
vn -0.0000 -1.0000 -0.0000
vn -0.4839 -0.8527 0.1966
vn 0.0240 -0.9990 0.0365
vn 0.0299 -0.8919 0.4512
vn -0.4358 -0.7311 0.5250
vn 0.0129 -0.5713 0.8206
vn -0.5179 -0.3721 0.7703
vn 0.0087 -0.2160 0.9764
vn -0.3342 -0.0332 0.9419
vn 0.4753 0.8539 0.2121
vn -0.0001 1.0000 -0.0000
vn -0.0064 0.9461 0.3239
vn 0.4642 0.7200 0.5159
vn -0.0089 0.7348 0.6782
vn 0.5023 0.3915 0.7710
vn -0.0067 0.3350 0.9422
vn 0.3219 0.0435 0.9458
vn -0.0000 0.0334 0.9994
vn -0.5179 0.3720 0.7703
vn -0.0269 0.6262 0.7792
vn -0.4839 0.8527 0.1966
vn -0.0001 -0.0000 -1.0000
vn 0.5179 0.3718 -0.7704
vn 0.4839 0.8527 -0.1967
vn -0.4839 0.8527 -0.1966
vn 0.0240 0.9990 -0.0365
vn 0.0299 0.8919 -0.4512
vn -0.4358 0.7311 -0.5250
vn 0.0129 0.5713 -0.8206
vn -0.5179 0.3721 -0.7703
vn 0.0087 0.2160 -0.9764
vn -0.3342 0.0332 -0.9419
vn -0.0087 -0.2160 0.9764
vn 0.3342 -0.0332 0.9419
vn 0.5179 -0.3720 0.7703
vn -0.0129 -0.5713 0.8206
vn 0.4358 -0.7310 0.5251
vn -0.0299 -0.8919 0.4512
vn 0.4839 -0.8527 0.1966
vn -0.0240 -0.9990 0.0365
vn -0.5179 -0.3720 0.7703
vn 0.5179 -0.3721 -0.7703
vn 0.0067 -0.3350 -0.9422
vn -0.3219 -0.0435 -0.9458
vn -0.0000 -0.0334 -0.9994
vn -0.5023 -0.3913 -0.7711
vn 0.0089 -0.7348 -0.6782
vn -0.4642 -0.7199 -0.5160
vn 0.0064 -0.9461 -0.3239
vn -0.4752 -0.8539 -0.2120
vn 0.0139 -0.2682 -0.9633
vn -0.4483 0.0063 -0.8939
vn -0.0000 0.0779 -0.9970
vn -0.3948 -0.2077 -0.8950
vn -0.5128 -0.5225 -0.6812
vn 0.0236 -0.7064 -0.7074
vn -0.4421 -0.8177 -0.3685
vn 0.0358 -0.9662 -0.2553
vn -0.4980 -0.8672 0.0029
vn 0.0192 -0.9701 0.2419
vn -0.4652 -0.8216 0.3294
vn 0.0065 -0.7883 0.6152
vn -0.4797 -0.6334 0.6072
vn -0.0000 -0.5507 0.8347
vn -0.3947 -0.4272 0.8135
vn 0.0008 -0.2590 0.9659
vn -0.4224 -0.1424 0.8951
vn 0.0047 -0.2202 0.9754
vn -0.5668 -0.2423 0.7874
vn -0.0000 -0.2266 0.9740
vn -0.6602 -0.0107 0.7510
vn 0.0430 0.6782 0.7336
vn -0.5171 0.8051 0.2906
vn -0.0050 0.9997 0.0242
vn -0.5840 0.8038 -0.1133
vn 0.0071 0.9999 -0.0135
vn -0.4614 0.8804 0.1097
vn -0.4820 0.8716 0.0890
vn 0.0398 0.9957 -0.0838
vn -0.3172 0.9270 -0.2001
vn 0.0112 0.9168 -0.3991
vn -0.4556 0.7838 -0.4220
vn -0.0035 0.7036 -0.7106
vn -0.4966 0.6215 -0.6060
vn -0.4443 0.3198 -0.8369
vn 0.0175 0.3775 -0.9258
vn -0.0012 0.1140 -0.9935
vn -0.4660 0.0253 -0.8844
vn 0.4443 0.3198 -0.8369
vn 0.4660 0.0253 -0.8844
vn 0.0012 0.1140 -0.9935
vn -0.0175 0.3775 -0.9258
vn 0.0035 0.7036 -0.7106
vn 0.4966 0.6215 -0.6060
vn 0.4556 0.7838 -0.4220
vn -0.0112 0.9168 -0.3991
vn 0.3172 0.9270 -0.2001
vn -0.0398 0.9957 -0.0838
vn 0.4820 0.8716 0.0890
vn -0.0071 0.9999 -0.0135
vn 0.4614 0.8804 0.1097
vn 0.5840 0.8038 -0.1133
vn 0.0050 0.9997 0.0242
vn 0.5171 0.8051 0.2906
vn 0.0321 0.6471 0.7617
vn 0.6602 -0.0107 0.7510
vn 0.5668 -0.2422 0.7875
vn -0.0047 -0.2202 0.9754
vn 0.4224 -0.1424 0.8952
vn -0.0008 -0.2590 0.9659
vn 0.3967 -0.4382 0.8066
vn -0.0066 -0.5681 0.8229
vn 0.5024 -0.6845 0.5283
vn -0.0100 -0.8697 0.4935
vn 0.4479 -0.8860 0.1200
vn 0.0044 -1.0000 0.0058
vn 0.4722 -0.8154 -0.3349
vn -0.0001 -0.9375 -0.3480
vn -0.0152 -0.6994 -0.7146
vn 0.5128 -0.5225 -0.6812
vn -0.0139 -0.2682 -0.9633
vn 0.3948 -0.2077 -0.8950
vn 0.4483 0.0063 -0.8939
vn -0.0006 0.9943 0.1067
vn -0.6870 0.7263 -0.0211
vn -0.0000 0.9996 -0.0299
vn -0.6633 0.7347 0.1422
vn -0.0120 0.8533 0.5213
vn -0.6062 0.6230 0.4943
vn -0.0024 0.6306 0.7761
vn -0.5889 0.8041 0.0813
vn 0.0356 0.9911 -0.1286
vn -0.0098 0.9405 -0.3397
vn -0.6767 0.7360 0.0173
vn 0.0111 0.5787 -0.8155
vn -0.1747 0.4451 -0.8783
vn 0.1516 0.9304 -0.3338
vn -0.4443 0.3198 0.8369
vn -0.4660 0.0253 0.8844
vn -0.0012 0.1140 0.9935
vn 0.0175 0.3775 0.9258
vn -0.0035 0.7036 0.7106
vn -0.4966 0.6215 0.6060
vn -0.4556 0.7838 0.4220
vn 0.0112 0.9168 0.3991
vn -0.3172 0.9270 0.2001
vn 0.0398 0.9957 0.0838
vn -0.4820 0.8716 -0.0890
vn 0.0071 0.9999 0.0135
vn -0.4614 0.8804 -0.1097
vn -0.5840 0.8038 0.1133
vn -0.0050 0.9997 -0.0242
vn -0.5171 0.8051 -0.2906
vn 0.1146 0.6424 -0.7577
vn -0.6602 -0.0107 -0.7510
vn -0.0000 -0.2266 -0.9740
vn -0.5668 -0.2422 -0.7875
vn 0.0047 -0.2202 -0.9754
vn -0.4224 -0.1424 -0.8952
vn 0.0008 -0.2590 -0.9659
vn -0.3967 -0.4382 -0.8066
vn 0.0066 -0.5681 -0.8229
vn -0.5024 -0.6845 -0.5283
vn 0.0100 -0.8697 -0.4935
vn -0.4479 -0.8860 -0.1200
vn -0.0044 -1.0000 -0.0058
vn -0.4722 -0.8154 0.3349
vn 0.0001 -0.9375 0.3480
vn 0.0152 -0.6994 0.7146
vn -0.5128 -0.5225 0.6812
vn 0.0139 -0.2682 0.9633
vn -0.3948 -0.2077 0.8950
vn -0.4483 0.0063 0.8939
vn -0.0000 0.0779 0.9970
vn -0.0139 -0.2682 0.9633
vn 0.4483 0.0063 0.8939
vn 0.3948 -0.2077 0.8950
vn 0.5128 -0.5225 0.6812
vn -0.0236 -0.7064 0.7074
vn 0.4421 -0.8177 0.3685
vn -0.0358 -0.9662 0.2553
vn 0.4980 -0.8672 -0.0029
vn -0.0192 -0.9701 -0.2419
vn 0.4652 -0.8216 -0.3294
vn -0.0065 -0.7883 -0.6152
vn 0.4797 -0.6334 -0.6072
vn -0.0000 -0.5507 -0.8347
vn 0.3947 -0.4272 -0.8135
vn -0.0008 -0.2590 -0.9659
vn 0.4224 -0.1424 -0.8951
vn -0.0047 -0.2202 -0.9754
vn 0.5668 -0.2423 -0.7874
vn 0.6602 -0.0107 -0.7510
vn -0.0430 0.6782 -0.7336
vn 0.5171 0.8051 -0.2906
vn 0.0050 0.9997 -0.0242
vn 0.5840 0.8038 0.1133
vn -0.0071 0.9999 0.0135
vn 0.4614 0.8804 -0.1097
vn 0.4820 0.8716 -0.0890
vn -0.0398 0.9957 0.0838
vn 0.3172 0.9270 0.2001
vn -0.0112 0.9168 0.3991
vn 0.4556 0.7838 0.4220
vn 0.0035 0.7036 0.7106
vn 0.4966 0.6215 0.6060
vn 0.4443 0.3198 0.8369
vn -0.0175 0.3775 0.9258
vn 0.0012 0.1140 0.9935
vn 0.4660 0.0253 0.8844
vn -0.7131 0.2726 -0.6459
vn -0.5646 0.2460 -0.7878
vn 0.0057 0.1633 -0.9866
vn -0.7490 0.0997 -0.6551
vn -0.7332 -0.0063 -0.6800
vn -0.0040 -0.0590 -0.9982
vn -0.4496 -0.1107 -0.8864
vn 0.4519 0.0065 0.8921
vn 0.0042 -0.0365 0.9993
vn 0.7974 -0.0785 0.5984
vn 0.0096 -0.4121 0.9111
vn 0.7134 -0.3119 0.6275
vn 0.5918 -0.3148 0.7420
vn 0.0001 -0.1826 0.9832
vn 0.7101 0.0065 0.7041
vn 0.6870 0.7263 -0.0210
vn 0.0006 0.9943 0.1067
vn 0.6633 0.7347 0.1422
vn 0.0120 0.8533 0.5213
vn 0.6062 0.6230 0.4942
vn 0.0024 0.6306 0.7761
vn 0.5889 0.8041 0.0813
vn 0.5740 0.7778 -0.2562
vn 0.0044 0.4829 -0.8757
vn 0.6751 0.3905 -0.6259
vn 0.4584 0.0129 0.8886
vn 0.8041 -0.0028 0.5945
vn 0.5666 0.2492 -0.7854
vn 0.8059 0.0987 -0.5838
vn 0.7158 -0.0424 0.6970
vn 0.8072 -0.1147 0.5791
vn 0.7158 0.0572 -0.6960
vn 0.7162 0.0001 -0.6979
vn 0.7185 -0.3010 0.6271
vn 0.8046 -0.0574 -0.5911
vn 0.5823 -0.3240 0.7456
vn 0.7101 0.0064 0.7041
vn 0.4535 -0.1199 -0.8832
vn -0.4584 0.0129 0.8886
vn -0.8041 -0.0028 0.5945
vn -0.5666 0.2492 -0.7854
vn -0.8059 0.0987 -0.5838
vn -0.7158 -0.0424 0.6970
vn -0.8072 -0.1147 0.5791
vn -0.7158 0.0572 -0.6960
vn -0.7162 0.0001 -0.6979
vn -0.7185 -0.3010 0.6271
vn -0.8046 -0.0573 -0.5911
vn -0.5823 -0.3240 0.7456
vn -0.7101 0.0064 0.7041
vn -0.4535 -0.1199 -0.8832
vn 0.8041 -0.0028 -0.5945
vn 0.4584 0.0129 -0.8886
vn 0.5666 0.2492 0.7854
vn 0.8059 0.0987 0.5838
vn 0.7158 -0.0424 -0.6970
vn 0.8072 -0.1147 -0.5791
vn 0.7158 0.0572 0.6960
vn 0.7162 0.0001 0.6979
vn 0.7185 -0.3010 -0.6271
vn 0.8046 -0.0573 0.5911
vn 0.5823 -0.3240 -0.7456
vn 0.7101 0.0064 -0.7041
vn 0.4535 -0.1199 0.8832
vn -0.8041 -0.0028 -0.5945
vn -0.4584 0.0129 -0.8886
vn -0.5666 0.2492 0.7854
vn -0.8059 0.0987 0.5838
vn -0.7158 -0.0424 -0.6970
vn -0.8072 -0.1147 -0.5791
vn -0.7158 0.0572 0.6960
vn -0.7162 0.0001 0.6979
vn -0.7185 -0.3010 -0.6271
vn -0.8046 -0.0574 0.5911
vn -0.5823 -0.3240 -0.7456
vn -0.7101 0.0064 -0.7041
vn -0.4535 -0.1199 0.8832
vn 0.8589 0.0486 -0.5098
vn 0.5408 0.2557 -0.8014
vn 0.9887 -0.0212 0.1482
vn 0.5328 0.4436 -0.7206
vn 0.9998 -0.0133 0.0176
vn 0.8799 0.3953 -0.2638
vn 0.4019 0.6507 -0.6443
vn 0.7847 -0.0004 0.6199
vn 0.4334 0.8019 -0.4113
vn 0.8212 -0.2886 0.4922
vn 0.9993 -0.0140 -0.0354
vn 0.9625 -0.1935 0.1900
vn 0.5460 0.8118 -0.2071
vn 0.9029 0.4295 0.0168
vn 0.9551 -0.2167 0.2020
vn 0.9759 -0.0792 -0.2033
vn 0.8311 -0.5325 0.1604
vn -0.9888 -0.0278 0.1468
vn -0.5408 0.2557 -0.8014
vn -0.8589 0.0486 -0.5098
vn -0.5328 0.4436 -0.7206
vn -0.9998 -0.0133 0.0176
vn -0.8918 0.3669 -0.2647
vn -0.4019 0.6507 -0.6443
vn -0.7847 -0.0004 0.6199
vn -0.4334 0.8019 -0.4113
vn -0.7756 -0.3443 0.5290
vn -0.9993 -0.0140 -0.0354
vn -0.5460 0.8118 -0.2071
vn -0.9613 -0.2009 0.1886
vn -0.9029 0.4295 0.0168
vn -0.9570 -0.1996 0.2105
vn -0.9759 -0.0792 -0.2033
vn -0.8321 -0.5320 0.1567
vn -0.9993 0.0140 0.0354
vn -0.7731 0.4012 -0.4913
vn -0.7847 0.0004 -0.6199
vn -0.9891 0.0407 -0.1414
vn -0.9998 0.0133 -0.0176
vn -0.9613 0.2009 -0.1886
vn -0.8589 -0.0486 0.5098
vn -0.5408 -0.2557 0.8014
vn -0.5328 -0.4436 0.7206
vn -0.8892 -0.3679 0.2719
vn -0.4019 -0.6507 0.6443
vn -0.4334 -0.8019 0.4113
vn -0.5460 -0.8118 0.2071
vn -0.9029 -0.4295 -0.0168
vn -0.9686 0.1352 -0.2086
vn -0.9759 0.0792 0.2033
vn -0.8335 0.5311 -0.1522
vn 0.9888 -0.0278 -0.1468
vn 0.5408 0.2557 0.8014
vn 0.8589 0.0486 0.5098
vn 0.5328 0.4436 0.7206
vn 0.9998 -0.0133 -0.0176
vn 0.8892 0.3679 0.2719
vn 0.4019 0.6507 0.6443
vn 0.7847 -0.0004 -0.6199
vn 0.4334 0.8019 0.4113
vn 0.7698 -0.3925 -0.5033
vn 0.9993 -0.0140 0.0354
vn 0.9558 -0.2528 -0.1502
vn 0.5459 0.8118 0.2071
vn 0.9029 0.4295 -0.0168
vn 0.9570 -0.1996 -0.2105
vn 0.9759 -0.0792 0.2033
vn 0.8321 -0.5320 -0.1567
vn -0.8589 0.0486 0.5098
vn -0.5408 0.2557 0.8014
vn -0.9887 -0.0212 -0.1482
vn -0.5328 0.4436 0.7206
vn -0.9998 -0.0133 -0.0176
vn -0.8799 0.3953 0.2638
vn -0.4019 0.6507 0.6443
vn -0.7847 -0.0004 -0.6199
vn -0.4334 0.8019 0.4113
vn -0.8212 -0.2886 -0.4922
vn -0.9993 -0.0140 0.0354
vn -0.5459 0.8118 0.2071
vn -0.9613 -0.2009 -0.1886
vn -0.9029 0.4295 -0.0168
vn -0.9551 -0.2167 -0.2020
vn -0.9759 -0.0792 0.2033
vn -0.8321 -0.5320 -0.1567
vn -0.8295 0.5329 0.1672
vn -0.9759 0.0792 -0.2033
vn -0.9993 0.0141 -0.0353
vn -0.7770 0.4062 0.4809
vn -0.9555 0.2128 0.2043
vn -0.9029 -0.4295 0.0168
vn -0.7847 0.0004 0.6199
vn -0.9845 0.1066 0.1390
vn -0.9904 0.0584 0.1251
vn -0.9998 0.0133 0.0176
vn -0.8903 -0.3671 -0.2693
vn -0.5460 -0.8118 -0.2071
vn -0.4334 -0.8019 -0.4113
vn -0.4019 -0.6507 -0.6443
vn -0.5328 -0.4436 -0.7206
vn -0.5408 -0.2557 -0.8014
vn -0.8589 -0.0486 -0.5098
vn 0.9895 -0.0088 0.1443
vn 0.5408 -0.2557 -0.8014
vn 0.8589 -0.0486 -0.5098
vn 0.5328 -0.4436 -0.7206
vn 0.9998 0.0133 0.0176
vn 0.8892 -0.3679 -0.2719
vn 0.4019 -0.6507 -0.6443
vn 0.7847 0.0004 0.6199
vn 0.4334 -0.8019 -0.4113
vn 0.7698 0.3925 0.5033
vn 0.9993 0.0141 -0.0353
vn 0.9613 0.2009 0.1886
vn 0.5460 -0.8118 -0.2071
vn 0.9029 -0.4295 0.0168
vn 0.9686 0.1352 0.2086
vn 0.9759 0.0792 -0.2033
vn 0.8335 0.5311 0.1522
vn 0.8718 -0.0170 0.4895
vn 0.5408 -0.2557 0.8014
vn 0.9948 0.0459 -0.0907
vn 0.5328 -0.4436 0.7206
vn 0.9754 -0.2030 0.0860
vn 0.8810 -0.3950 0.2603
vn 0.4019 -0.6507 0.6443
vn 0.4334 -0.8019 0.4113
vn 0.8244 0.2610 -0.5022
vn 0.9997 -0.0228 0.0087
vn 0.9613 0.2009 -0.1886
vn 0.5460 -0.8118 0.2071
vn 0.9029 -0.4295 -0.0168
vn 0.9686 0.1352 -0.2086
vn 0.9759 0.0792 0.2033
vn 0.8317 0.5323 -0.1582
vn 0.9895 0.0088 -0.1443
vn 0.9613 -0.2009 -0.1886
vn 0.5460 0.8118 0.2071
vn 0.9686 -0.1352 -0.2086
vn 0.8335 -0.5311 -0.1522
vn -0.9907 -0.0602 -0.1222
vn -0.9625 -0.1935 -0.1900
vn -0.5460 0.8118 0.2071
vn -0.9686 -0.1352 -0.2086
vn -0.8311 -0.5325 -0.1604
vn -0.7751 0.4042 0.4856
vn -0.9972 0.0512 0.0544
vn -0.8825 -0.3939 -0.2571
vn -0.9625 0.1935 0.1900
vn -0.9551 0.2167 0.2020
vn -0.8311 0.5325 0.1604
vn 0.9907 -0.0602 0.1222
vn 0.8810 0.3950 -0.2603
vn 0.9613 -0.2009 0.1886
vn 0.5459 0.8118 -0.2071
vn 0.9686 -0.1352 0.2086
vn 0.8317 -0.5323 0.1582
vn -0.9895 0.0088 0.1443
vn -0.7698 -0.3925 0.5033
vn -0.5459 0.8118 -0.2071
vn -0.9558 -0.2528 0.1502
vn -0.9686 -0.1352 0.2086
vn -0.8335 -0.5311 0.1522
vn -0.9993 0.0141 0.0353
vn -0.8317 0.5323 -0.1582
vn -0.7751 0.4042 -0.4856
vn -0.9551 0.2172 -0.2017
vn -0.9625 0.1935 -0.1900
vn -0.8831 -0.3933 0.2559
vn -0.9972 0.0512 -0.0544
vn 0.8589 -0.0486 0.5098
vn 0.9887 0.0212 -0.1482
vn 0.9998 0.0133 -0.0176
vn 0.7847 0.0004 -0.6199
vn 0.8212 0.2886 -0.4922
vn 0.9993 0.0141 0.0353
vn 0.9625 0.1935 -0.1900
vn 0.9551 0.2167 -0.2020
vn 0.8311 0.5325 -0.1604
vn 0.9888 0.0278 0.1468
vn 0.9993 0.0140 -0.0354
vn 0.9558 0.2528 0.1502
vn 0.9570 0.1996 0.2105
vn 0.8321 0.5320 0.1567
vn 0.0201 0.9996 0.0201
vn -0.0063 0.9991 0.0420
vn 0.1939 0.9793 0.0580
vn -0.0107 0.9999 0.0016
vn -0.1193 0.9896 0.0800
vn 0.1939 0.9793 -0.0580
vn -0.0068 1.0000 -0.0040
vn 0.0201 0.9996 -0.0201
vn 0.0159 0.9998 0.0097
vn -0.1193 0.9896 -0.0800
vn -0.1939 0.9793 0.0580
vn 0.0068 1.0000 0.0040
vn -0.0201 0.9996 0.0201
vn 0.0107 0.9999 0.0016
vn 0.1193 0.9896 0.0800
vn -0.0201 0.9996 -0.0201
vn 0.0063 0.9991 -0.0420
vn -0.1939 0.9793 -0.0580
vn 0.0107 0.9999 -0.0016
vn 0.1193 0.9896 -0.0800
vn 0.0014 -0.4479 -0.8941
vn 0.0545 -0.7843 -0.6180
vn -0.0146 -0.4446 -0.8956
vn -0.0659 -0.7809 -0.6212
vn 0.0034 -0.9543 -0.2990
vn -0.0507 -0.9535 -0.2971
vn 0.0005 -0.9531 0.3027
vn -0.0182 -0.7834 0.6212
vn -0.0480 -0.9515 0.3037
vn 0.0026 -0.7827 0.6224
vn 0.0014 -0.4470 0.8945
vn -0.0150 -0.4442 0.8958
vn 0.0453 -0.9512 -0.3054
vn 0.0480 -0.9513 0.3045
vn 0.5403 0.5498 -0.6370
vn 0.7788 0.6006 0.1811
vn 0.8902 0.4506 0.0675
vn 0.8742 0.4656 -0.1376
vn 0.7395 0.5991 -0.3071
vn 0.8476 0.4256 -0.3169
vn 0.8326 0.3242 -0.4490
vn 0.5731 0.5258 -0.6286
vn 0.8672 0.0009 -0.4979
vn 1.0000 -0.0008 -0.0016
vn 0.5903 0.3664 0.7193
vn 0.6425 -0.7596 -0.1011
vn 0.8672 -0.4035 -0.2919
vn 0.5728 -0.8178 0.0559
vn 0.8325 -0.5540 -0.0011
vn 0.8902 -0.2103 0.4042
vn 0.7788 -0.2066 0.5923
vn 0.8476 -0.5065 0.1580
vn 0.8742 -0.3851 0.2958
vn 0.7395 -0.6006 0.3041
vn 0.8902 0.4506 -0.0675
vn 0.7788 0.6006 -0.1811
vn 0.4787 0.7054 0.5227
vn 0.8742 0.4656 0.1376
vn 0.7394 0.5991 0.3071
vn 0.8476 0.4256 0.3169
vn 0.8326 0.3242 0.4490
vn 0.5731 0.5258 0.6286
vn 0.8672 0.0009 0.4979
vn 1.0000 -0.0008 0.0016
vn 0.5903 0.3664 -0.7193
vn 0.7553 -0.6239 0.2008
vn 0.5728 -0.8178 -0.0559
vn 0.8672 -0.4035 0.2919
vn 0.8325 -0.5540 0.0011
vn 0.7788 -0.2066 -0.5923
vn 0.8902 -0.2103 -0.4042
vn 0.8476 -0.5065 -0.1580
vn 0.8742 -0.3851 -0.2958
vn 0.7395 -0.6006 -0.3041
vn -0.5403 0.5498 0.6370
vn -0.7788 0.6006 -0.1811
vn -0.8902 0.4506 -0.0675
vn -0.8742 0.4656 0.1376
vn -0.7395 0.5991 0.3071
vn -0.8476 0.4256 0.3169
vn -0.8326 0.3242 0.4490
vn -0.5731 0.5258 0.6286
vn -0.8672 0.0009 0.4979
vn -1.0000 -0.0008 0.0016
vn -0.5903 0.3664 -0.7193
vn -0.4698 -0.7130 -0.5205
vn -0.8672 -0.4035 0.2919
vn -0.5728 -0.8178 -0.0559
vn -0.8325 -0.5540 0.0011
vn -0.8902 -0.2103 -0.4042
vn -0.7788 -0.2066 -0.5923
vn -0.8476 -0.5065 -0.1580
vn -0.8742 -0.3851 -0.2958
vn -0.7395 -0.6006 -0.3041
vn -0.8902 0.4506 0.0675
vn -0.7788 0.6006 0.1811
vn -0.4787 0.7054 -0.5227
vn -0.8742 0.4656 -0.1376
vn -0.7394 0.5991 -0.3071
vn -0.8476 0.4256 -0.3169
vn -0.8326 0.3242 -0.4490
vn -0.5731 0.5258 -0.6286
vn -0.8672 0.0009 -0.4979
vn -1.0000 -0.0008 -0.0016
vn -0.5903 0.3664 0.7193
vn -0.7553 -0.6239 -0.2008
vn -0.5728 -0.8178 0.0559
vn -0.8672 -0.4035 -0.2919
vn -0.8325 -0.5540 -0.0011
vn -0.7788 -0.2066 0.5923
vn -0.8902 -0.2103 0.4042
vn -0.8476 -0.5065 0.1580
vn -0.8742 -0.3851 0.2958
vn -0.7395 -0.6006 0.3041
vn -0.0000 -0.7007 0.7135
vn 0.3104 -0.7861 0.5344
vn 0.0055 -0.3698 0.9291
vn 0.5471 -0.1881 0.8157
vn 0.8315 -0.3173 0.4560
vn 0.2328 -0.9632 0.1345
vn 0.0055 -1.0000 0.0055
vn 0.0065 -1.0000 0.0038
vn 0.0075 -1.0000 -0.0000
vn 0.5258 -0.8506 -0.0016
vn 0.2334 -0.9631 -0.1343
vn 0.0065 -1.0000 -0.0038
vn 0.0055 -1.0000 -0.0055
vn 0.3107 -0.7859 -0.5346
vn 0.7899 -0.2957 -0.5373
vn 0.9932 -0.1103 -0.0381
vn -0.0000 -0.7007 -0.7135
vn -0.0121 -0.3212 -0.9469
vn 0.4457 -0.1520 -0.8822
vn 0.1205 -0.4787 -0.8697
vn 0.4425 -0.4501 -0.7756
vn 0.0055 -0.9427 -0.3336
vn 0.7118 -0.4784 -0.5143
vn 0.1862 -0.8597 -0.4756
vn -0.0895 -0.8390 -0.5367
vn 0.1847 -0.7445 -0.6416
vn 0.0465 -0.0152 -0.9988
vn 0.2766 -0.9437 -0.1817
vn 0.8652 -0.4722 -0.1686
vn 0.4067 -0.8260 -0.3902
vn 0.2474 -0.2935 -0.9234
vn 0.4644 -0.0134 -0.8855
vn 0.2433 0.3414 -0.9079
vn -0.0000 0.3159 -0.9488
vn -0.0000 0.2490 -0.9685
vn 0.6692 -0.3229 -0.6692
vn 0.5058 -0.8427 -0.1844
vn 0.8396 -0.0136 -0.5430
vn 0.6456 -0.7482 -0.1528
vn 0.3278 -0.9447 -0.0037
vn 0.5470 -0.8335 0.0778
vn 0.9234 -0.2935 -0.2474
vn 0.9985 -0.0189 0.0516
vn 0.6494 -0.7427 0.1632
vn 0.9234 -0.2935 0.2474
vn 0.3985 -0.8809 0.2555
vn 0.9079 0.3414 -0.2433
vn 0.8378 -0.0271 0.5453
vn 0.4735 -0.7468 0.4670
vn 0.3035 -0.8304 0.4673
vn 0.6760 -0.2935 0.6760
vn 0.9079 0.3414 0.2433
vn 0.4484 -0.0170 0.8937
vn 0.9488 0.3159 -0.0000
vn 0.9679 0.2512 -0.0000
vn 0.8217 0.3159 0.4744
vn 0.6646 0.3414 0.6647
vn 0.8387 0.2490 0.4843
vn 0.7826 0.5776 0.2321
vn 0.5587 0.5755 0.5972
vn 0.4744 0.3159 0.8217
vn 0.5184 0.8095 0.2758
vn 0.4840 0.2512 0.8382
vn 0.2433 0.3414 0.9079
vn 0.2381 -0.3228 0.9160
vn 0.1457 -0.8279 0.5416
vn 0.0262 -0.0072 0.9996
vn -0.0000 0.3159 0.9488
vn -0.0755 -0.8452 0.5291
vn -0.0000 0.2490 0.9685
vn -0.0262 -0.5259 0.8502
vn 0.1884 0.5770 0.7947
vn -0.0000 0.7884 0.6151
vn 0.1434 -0.9445 0.2956
vn 0.2386 0.8287 0.5062
vn -0.0000 0.7919 0.6106
vn 0.3653 0.5393 0.7588
vn 0.5884 0.7074 0.3917
vn 0.5445 0.8382 -0.0298
vn 0.8867 0.4623 -0.0000
vn 0.5884 0.7074 -0.3917
vn 0.5364 0.7901 -0.2967
vn 0.7839 0.5630 -0.2619
vn 0.8387 0.2490 -0.4843
vn 0.8217 0.3160 -0.4744
vn 0.5754 0.5803 -0.5763
vn 0.6646 0.3414 -0.6646
vn 0.4744 0.3159 -0.8217
vn 0.4840 0.2512 -0.8382
vn 0.2103 0.5804 -0.7867
vn 0.0011 0.7884 -0.6151
vn 0.2412 0.8337 -0.4967
vn -0.0000 0.7919 -0.6106
vn 0.3653 0.5393 -0.7588
vn -0.3104 -0.7861 0.5344
vn -0.4168 -0.1899 0.8889
vn -0.9053 -0.2057 0.3717
vn -0.2326 -0.9632 0.1348
vn -0.0055 -1.0000 0.0055
vn -0.0065 -1.0000 0.0038
vn -0.0075 -1.0000 -0.0000
vn -0.5258 -0.8506 -0.0004
vn -0.2336 -0.9631 -0.1340
vn -0.0065 -1.0000 -0.0038
vn -0.0055 -1.0000 -0.0055
vn -0.3107 -0.7859 -0.5346
vn -0.7796 -0.2958 -0.5521
vn -0.9777 -0.1994 0.0661
vn -0.5484 -0.1703 -0.8187
vn -0.4267 -0.4939 -0.7576
vn -0.6240 -0.4878 -0.6104
vn -0.8006 -0.4788 -0.3604
vn -0.1504 -0.7338 -0.6625
vn -0.2864 -0.9436 -0.1662
vn -0.3311 -0.8490 -0.4119
vn -0.5439 -0.0189 -0.8389
vn -0.4654 -0.7465 -0.4756
vn -0.5090 -0.8396 -0.1899
vn -0.2474 -0.2935 -0.9234
vn -0.6180 -0.2780 -0.7354
vn -0.2433 0.3414 -0.9079
vn -0.9023 -0.1883 -0.3877
vn -0.1903 0.5776 -0.7938
vn -0.4744 0.3159 -0.8217
vn -0.4685 0.2534 -0.8464
vn -0.3104 0.8333 -0.4574
vn -0.3653 0.5393 -0.7588
vn -0.5884 0.7074 -0.3917
vn -0.6568 0.4801 -0.5816
vn -0.5362 0.7899 -0.2976
vn -0.5560 0.8300 0.0450
vn -0.8867 0.4623 -0.0000
vn -0.5884 0.7074 0.3917
vn -0.8585 0.4601 -0.2264
vn -0.8387 0.2490 -0.4843
vn -0.6646 0.3414 -0.6646
vn -0.8217 0.3159 -0.4744
vn -0.9079 0.3414 -0.2433
vn -0.9234 -0.2935 -0.2474
vn -0.6408 -0.7465 -0.1792
vn -0.9672 0.2534 -0.0175
vn -0.5170 -0.8523 0.0791
vn -0.8899 -0.4559 -0.0123
vn -0.9997 -0.0091 -0.0234
vn -0.8162 -0.4786 0.3237
vn -0.5616 -0.4539 0.6918
vn -0.2917 -0.9441 0.1536
vn 0.2875 -0.4886 0.8238
vn -0.2137 -0.8840 0.4157
vn -0.4165 -0.8495 0.3237
vn -0.1928 -0.7464 0.6369
vn -0.4526 -0.1560 0.8780
vn -0.3921 -0.0911 0.9154
vn -0.4808 -0.7427 0.4660
vn -0.6760 -0.2935 0.6760
vn -0.6479 -0.7445 0.1608
vn -0.8389 -0.0189 0.5439
vn -0.9459 -0.2780 0.1675
vn -0.9079 0.3414 0.2433
vn -0.9488 0.3159 -0.0000
vn -0.8217 0.3160 0.4744
vn -0.7870 0.5803 0.2093
vn -0.8388 0.2490 0.4842
vn -0.6646 0.3414 0.6646
vn -0.5333 0.7884 0.3066
vn -0.5923 0.5776 0.5617
vn -0.2412 0.8336 0.4969
vn -0.3653 0.5393 0.7588
vn -0.2595 0.5640 0.7839
vn -0.4839 0.2512 0.8383
vn -0.4744 0.3159 0.8217
vn -0.2433 0.3414 0.9079
vn -0.0001 -1.0000 0.0086
vn -0.0000 -0.8502 0.5265
vn -0.0043 -1.0000 0.0074
vn -0.2632 -0.8502 0.4560
vn -0.4559 -0.8502 0.2632
vn -0.0074 -1.0000 0.0043
vn -0.5000 -0.0000 0.8660
vn -0.0086 -1.0000 -0.0000
vn -0.0000 0.8512 0.5248
vn -0.5265 -0.8502 -0.0000
vn -0.2624 0.8512 0.4545
vn -0.4559 -0.8502 -0.2632
vn -0.0074 -1.0000 -0.0043
vn -0.0043 -1.0000 -0.0074
vn -1.0000 -0.0000 -0.0000
vn -0.8660 -0.0000 0.5000
vn -0.4545 0.8512 0.2624
vn -0.2678 0.8089 0.5234
vn -0.0000 0.7176 0.6965
vn -0.0093 -0.3574 0.9339
vn -0.5248 0.8512 -0.0000
vn -0.6920 0.7202 0.0495
vn -0.6825 0.7309 -0.0000
vn -0.4346 -0.2404 0.8679
vn -0.8052 -0.2833 0.5210
vn -0.4529 -0.4235 0.7845
vn 0.0001 -0.4235 0.9059
vn -0.0000 -0.2553 0.9669
vn -0.4939 0.2488 0.8331
vn -0.7720 0.4475 0.4515
vn -0.0617 0.9962 0.0617
vn -0.0767 0.9964 0.0356
vn -0.7846 -0.4235 0.4528
vn -0.5348 0.8450 -0.0000
vn -0.0843 0.9964 -0.0000
vn -0.0767 0.9964 -0.0356
vn -0.9059 -0.4235 -0.0000
vn -0.7720 0.4474 -0.4515
vn -0.0617 0.9962 -0.0617
vn -0.4940 0.2483 -0.8333
vn -0.9505 -0.2856 -0.1225
vn -0.7845 -0.4235 -0.4529
vn -0.7897 -0.3665 -0.4920
vn -0.4529 -0.4235 -0.7845
vn -0.0000 -0.2555 -0.9668
vn -0.0000 -0.4235 -0.9059
vn -0.4346 -0.2403 -0.8680
vn -0.2732 0.8108 -0.5177
vn 0.0371 -0.2967 -0.9543
vn 0.4529 -0.4235 -0.7845
vn 0.4940 0.2483 -0.8333
vn 0.4346 -0.2403 -0.8680
vn -0.6833 0.5446 -0.4863
vn -0.4545 0.8512 -0.2624
vn -0.8660 -0.0000 -0.5000
vn -0.5000 -0.0000 -0.8660
vn -0.2624 0.8512 -0.4545
vn -0.0000 0.8512 -0.5248
vn -0.2632 -0.8502 -0.4560
vn -0.0000 -0.8502 -0.5265
vn -0.0000 -1.0000 -0.0086
vn 0.0043 -1.0000 -0.0074
vn 0.2632 -0.8502 -0.4560
vn 0.5000 -0.0000 -0.8660
vn 0.4559 -0.8502 -0.2632
vn 0.0074 -1.0000 -0.0043
vn 0.0086 -1.0000 -0.0000
vn 0.2624 0.8512 -0.4545
vn 0.5265 -0.8502 -0.0000
vn 0.8660 -0.0000 -0.5000
vn 0.4559 -0.8502 0.2632
vn 0.0074 -1.0000 0.0043
vn 1.0000 -0.0000 -0.0000
vn 0.0043 -1.0000 0.0074
vn 0.4545 0.8512 -0.2624
vn 0.0001 -1.0000 0.0086
vn 0.2632 -0.8502 0.4560
vn 0.5000 -0.0000 0.8660
vn 0.8660 -0.0000 0.5000
vn 0.2624 0.8512 0.4545
vn 0.4545 0.8512 0.2624
vn 0.2676 0.8088 0.5237
vn 0.0094 -0.3574 0.9339
vn 0.5248 0.8512 -0.0000
vn 0.6833 0.5446 0.4863
vn 0.6792 0.7336 0.0215
vn 0.8478 -0.3239 0.4200
vn 0.5388 -0.2446 0.8062
vn 0.4529 -0.4235 0.7845
vn 0.0001 -0.2554 0.9668
vn 0.4940 0.2483 0.8332
vn 0.7720 0.4474 0.4515
vn 0.0617 0.9962 0.0617
vn 0.0767 0.9964 0.0356
vn 0.7845 -0.4235 0.4529
vn 0.5348 0.8450 -0.0000
vn 0.0843 0.9964 -0.0000
vn 0.0767 0.9964 -0.0356
vn 0.9059 -0.4235 -0.0000
vn 0.7720 0.4474 -0.4515
vn 0.0617 0.9962 -0.0617
vn 0.7845 -0.4235 -0.4529
vn 0.8188 -0.3682 -0.4403
vn 0.9807 -0.1955 -0.0000
vn 0.2843 0.7393 -0.6105
vn 0.6833 0.5446 -0.4863
vn -0.0000 0.7176 -0.6965
vn 0.5611 -0.4589 0.6889
vn 0.8179 -0.4550 0.3520
vn -0.9988 0.0251 0.0411
vn -0.7297 0.6836 0.0122
vn -0.5715 0.8128 -0.1131
vn -0.9987 0.0172 0.0482
vn -0.6462 -0.3435 0.6815
vn -0.7377 -0.1633 0.6550
vn -0.9818 0.1223 0.1454
vn -0.9925 -0.0392 -0.1160
vn -0.5129 -0.2147 0.8311
vn -0.9591 -0.1887 -0.2111
vn -0.5344 0.8361 0.1235
vn -0.9561 -0.1053 -0.2736
vn -0.9948 -0.0191 -0.0998
vn -0.4385 -0.0575 0.8969
vn -0.5393 -0.1747 0.8238
vn -0.9015 -0.2196 0.3731
vn -0.9728 0.1965 -0.1228
vn -0.5515 -0.6070 0.5722
vn -0.9923 0.0724 -0.1000
vn -0.5460 -0.7316 0.4082
vn -0.9056 -0.4157 0.0839
vn -0.9699 0.2430 -0.0184
vn -0.5494 -0.8341 -0.0498
vn -0.9915 0.1181 -0.0550
vn -0.5460 -0.8060 -0.2287
vn -0.9056 -0.3533 -0.2346
vn -0.9747 0.1029 0.1982
vn -0.5494 -0.5546 -0.6250
vn -0.9917 0.1207 0.0444
vn -0.5348 -0.3973 -0.7457
vn -0.8882 0.0027 -0.4595
vn -0.3696 -0.2440 -0.8966
vn -0.4586 0.0528 -0.8871
vn -0.9610 -0.0288 0.2750
vn -0.5687 0.2272 -0.7906
vn -0.9801 0.0388 0.1948
vn -0.9096 0.2225 -0.3509
vn -0.9725 -0.1651 0.1642
vn -0.5457 0.6309 -0.5515
vn -0.9922 -0.0321 0.1204
vn -0.5297 0.7387 -0.4168
vn -0.9093 0.4048 -0.0966
vn -0.9773 -0.2041 -0.0572
vn -0.9117 0.4105 0.0201
vn -0.2355 0.9448 0.2278
vn -0.9961 -0.0706 0.0536
vn -0.8798 -0.4419 0.1753
vn -0.7887 -0.5783 -0.2087
vn -0.7334 -0.2164 -0.6445
vn -0.8158 0.2505 -0.5212
vn -0.7620 0.6205 -0.1852
vn -0.8231 0.5459 0.1562
vn -0.7439 0.2475 0.6207
vn -0.8212 -0.1980 0.5351
vn 0.5715 0.8128 -0.1131
vn 0.7297 0.6836 0.0122
vn 0.9971 0.0689 -0.0333
vn 0.7377 -0.1633 0.6550
vn 0.6462 -0.3435 0.6815
vn 0.9976 0.0432 0.0550
vn 0.9818 0.1218 0.1460
vn 0.9778 -0.1257 -0.1678
vn 0.5129 -0.2147 0.8311
vn 0.9860 -0.0877 -0.1421
vn 0.5344 0.8361 0.1235
vn 0.9249 -0.2067 -0.3191
vn 0.9907 0.0602 -0.1224
vn 0.4385 -0.0575 0.8969
vn 0.5393 -0.1747 0.8238
vn 0.9097 0.4148 0.0182
vn 0.2355 0.9448 0.2278
vn 0.9014 -0.2173 0.3744
vn 0.9890 0.0933 -0.1146
vn 0.5515 -0.6070 0.5722
vn 0.5460 -0.7316 0.4082
vn 0.9036 0.4200 -0.0846
vn 0.9935 -0.0678 0.0912
vn 0.5297 0.7387 -0.4168
vn 0.5457 0.6309 -0.5515
vn 0.9874 -0.1569 0.0217
vn 0.9750 -0.2136 0.0606
vn 0.9045 0.2396 -0.3527
vn 0.8966 0.0018 -0.4429
vn 0.5687 0.2272 -0.7906
vn 0.4586 0.0528 -0.8871
vn 0.9758 -0.1362 0.1711
vn 0.3696 -0.2440 -0.8966
vn 0.5348 -0.3973 -0.7457
vn 0.9802 0.1185 0.1588
vn 0.9929 0.0904 0.0776
vn 0.5494 -0.5546 -0.6250
vn 0.9651 0.0547 0.2562
vn 0.9004 -0.3550 -0.2516
vn 0.9927 0.1200 -0.0094
vn 0.5460 -0.8060 -0.2287
vn 0.5494 -0.8341 -0.0498
vn 0.9698 0.1849 0.1588
vn 0.9057 -0.4141 0.0903
vn 0.9699 0.2430 -0.0184
vn 0.8343 0.5342 -0.1361
vn 0.9601 0.1073 -0.2583
vn 0.8392 0.2572 -0.4791
vn 0.8739 0.0179 -0.4858
vn 0.7648 -0.3987 -0.5060
vn 0.8123 0.5663 0.1396
vn 0.8042 0.3350 0.4909
vn 0.8214 -0.1979 0.5350
vn 0.8102 -0.4848 0.3293
vn 0.8830 -0.4685 -0.0294
vn -0.5715 0.8128 0.1131
vn -0.7297 0.6836 -0.0122
vn -0.9971 0.0689 0.0333
vn -0.7377 -0.1633 -0.6550
vn -0.6462 -0.3435 -0.6815
vn -0.9976 0.0432 -0.0550
vn -0.9818 0.1218 -0.1460
vn -0.9779 -0.1473 0.1483
vn -0.5129 -0.2147 -0.8311
vn -0.9860 -0.0877 0.1421
vn -0.5344 0.8361 -0.1235
vn -0.9415 -0.2451 0.2313
vn -0.9902 0.0707 0.1208
vn -0.4385 -0.0575 -0.8969
vn -0.5393 -0.1747 -0.8238
vn -0.9097 0.4148 -0.0182
vn -0.2355 0.9448 -0.2278
vn -0.9014 -0.2173 -0.3744
vn -0.9897 0.0622 0.1288
vn -0.5515 -0.6070 -0.5722
vn -0.5460 -0.7316 -0.4082
vn -0.9036 0.4200 0.0846
vn -0.9923 -0.0452 -0.1157
vn -0.5297 0.7387 0.4168
vn -0.5457 0.6309 0.5515
vn -0.9832 -0.1781 -0.0407
vn -0.9716 -0.2349 -0.0288
vn -0.9045 0.2396 0.3527
vn -0.8966 0.0018 0.4429
vn -0.5687 0.2272 0.7906
vn -0.4586 0.0528 0.8871
vn -0.9758 -0.1362 -0.1711
vn -0.3696 -0.2440 0.8966
vn -0.5348 -0.3973 0.7457
vn -0.9801 0.0388 -0.1948
vn -0.9917 0.1158 -0.0558
vn -0.5494 -0.5546 0.6250
vn -0.9610 -0.0288 -0.2750
vn -0.9004 -0.3550 0.2516
vn -0.9915 0.1227 0.0433
vn -0.5460 -0.8060 0.2287
vn -0.5494 -0.8341 0.0498
vn -0.9740 0.1920 -0.1203
vn -0.9004 -0.4289 -0.0731
vn -0.9699 0.2430 0.0184
vn -0.8343 0.5342 0.1361
vn -0.9622 0.0797 0.2605
vn -0.8447 0.2361 0.4803
vn -0.8739 0.0179 0.4858
vn -0.7748 -0.3882 0.4989
vn -0.8332 0.5351 -0.1393
vn -0.8631 0.2512 -0.4381
vn -0.8182 -0.1774 -0.5468
vn -0.8722 -0.4250 -0.2421
vn -0.8830 -0.4685 0.0294
vn 0.9988 0.0251 -0.0411
vn 0.7297 0.6836 -0.0122
vn 0.5715 0.8128 0.1131
vn 0.9987 0.0172 -0.0482
vn 0.6462 -0.3435 -0.6815
vn 0.7377 -0.1633 -0.6550
vn 0.9818 0.1223 -0.1454
vn 0.9925 -0.0392 0.1160
vn 0.5129 -0.2147 -0.8311
vn 0.9591 -0.1887 0.2111
vn 0.5344 0.8361 -0.1235
vn 0.9340 -0.2328 0.2710
vn 0.9948 -0.0191 0.0998
vn 0.4385 -0.0575 -0.8969
vn 0.5393 -0.1747 -0.8238
vn 0.9015 -0.2196 -0.3731
vn 0.9728 0.1965 0.1228
vn 0.5515 -0.6070 -0.5722
vn 0.9918 0.0447 0.1196
vn 0.5460 -0.7316 -0.4082
vn 0.9056 -0.4157 -0.0839
vn 0.9699 0.2430 0.0184
vn 0.5494 -0.8341 0.0498
vn 0.9915 0.1181 0.0550
vn 0.5460 -0.8060 0.2287
vn 0.9056 -0.3533 0.2346
vn 0.9747 0.1029 -0.1982
vn 0.5494 -0.5546 0.6250
vn 0.9917 0.1207 -0.0444
vn 0.5348 -0.3973 0.7457
vn 0.8882 0.0027 0.4595
vn 0.3696 -0.2440 0.8966
vn 0.4586 0.0528 0.8871
vn 0.9610 -0.0288 -0.2750
vn 0.5687 0.2272 0.7906
vn 0.9801 0.0388 -0.1948
vn 0.9096 0.2225 0.3509
vn 0.9725 -0.1651 -0.1642
vn 0.5457 0.6309 0.5515
vn 0.9922 -0.0321 -0.1204
vn 0.5297 0.7387 0.4168
vn 0.9093 0.4048 0.0966
vn 0.9773 -0.2041 0.0572
vn 0.9117 0.4105 -0.0201
vn 0.2355 0.9448 -0.2278
vn 0.9961 -0.0706 -0.0536
vn 0.8798 -0.4419 -0.1753
vn 0.8209 -0.5133 0.2502
vn 0.7334 -0.2164 0.6445
vn 0.8158 0.2505 0.5212
vn 0.7620 0.6205 0.1852
vn 0.8231 0.5459 -0.1562
vn 0.7439 0.2475 -0.6207
vn 0.8189 -0.2153 -0.5321
vn 0.7303 0.4077 0.5482
vn 0.8052 0.3244 0.4964
vn 0.6990 0.3484 0.6245
vn 0.8189 0.3286 0.4706
vn 0.8860 0.2561 0.3866
vn 0.8374 0.4533 0.3054
vn 0.6998 0.5100 0.5001
vn 0.8209 0.3145 0.4767
vn 0.5529 0.7282 0.4050
vn 0.6952 0.6981 0.1713
vn 0.7719 0.6210 0.1359
vn 0.6833 0.7296 0.0282
vn 0.8284 0.5241 0.1977
vn 0.6891 0.7242 -0.0262
vn 0.6003 0.7994 -0.0240
vn 0.8189 0.5718 0.0491
vn 0.9157 0.4018 -0.0074
vn 0.8754 -0.3855 -0.2916
vn 1.0000 0.0005 -0.0010
vn 0.8426 -0.4119 -0.3471
vn 0.8166 -0.4373 -0.3766
vn 0.9830 -0.1835 0.0063
vn 0.8856 0.2555 -0.3879
vn 0.8211 0.3133 -0.4772
vn 0.7732 -0.6339 0.0176
vn 0.7283 0.4072 -0.5511
vn 0.7971 0.3302 -0.5056
vn 0.6990 0.3484 -0.6245
vn 0.8189 0.3286 -0.4706
vn 0.8357 0.4778 -0.2707
vn 0.6998 0.5100 -0.5001
vn 0.5529 0.7282 -0.4050
vn 0.6952 0.6981 -0.1713
vn 0.8080 -0.4171 0.4161
vn 0.7665 0.6255 -0.1458
vn 0.6833 0.7296 -0.0282
vn 0.8091 0.5419 -0.2273
vn 0.6891 0.7242 0.0262
vn 0.6003 0.7994 0.0240
vn 0.8262 0.5625 -0.0314
vn 0.9157 0.4018 0.0074
vn 0.8814 -0.3320 0.3360
vn 1.0000 -0.0005 0.0007
vn 0.8202 -0.4282 0.3794
vn 0.7775 -0.5287 0.3407
vn 0.9466 -0.2277 0.2282
vn 0.9463 -0.2323 -0.2248
vn 0.8929 0.2663 0.3632
vn 0.8649 -0.4089 -0.2910
vn 0.9094 -0.3383 -0.2419
vn 0.9871 -0.0504 -0.1519
vn 0.7581 -0.0036 -0.6522
vn 0.9379 0.2645 -0.2245
vn 0.8602 0.4087 -0.3050
vn 0.6891 0.5100 -0.5148
vn 0.9191 0.2127 -0.3316
vn 0.9605 -0.2729 0.0542
vn 0.8392 -0.5186 0.1638
vn 0.9055 0.3602 -0.2244
vn 0.8230 0.3272 -0.4644
vn 0.9973 -0.0550 -0.0488
vn 0.8143 -0.3871 0.4326
vn 0.9973 -0.0731 -0.0000
vn 0.9135 0.3352 -0.2305
vn 0.8651 0.5016 0.0107
vn 0.8143 -0.3871 -0.4326
vn 0.9688 -0.1397 -0.2045
vn 0.8184 0.3318 0.4692
vn 0.8395 0.3973 0.3707
vn 0.9208 0.3468 0.1786
vn 0.9258 0.2190 0.3080
vn 0.8216 0.4355 0.3680
vn 0.9393 0.2576 0.2265
vn 0.9899 0.0097 0.1416
vn 0.8392 -0.5186 -0.1638
vn 0.7434 0.0750 0.6646
vn 0.9189 -0.3053 0.2498
vn -0.7283 0.4071 -0.5512
vn -0.7971 0.3302 -0.5056
vn -0.6990 0.3484 -0.6245
vn -0.8189 0.3286 -0.4706
vn -0.8855 0.2547 -0.3885
vn -0.8374 0.4533 -0.3054
vn -0.6998 0.5100 -0.5001
vn -0.8210 0.3133 -0.4772
vn -0.5529 0.7282 -0.4050
vn -0.6952 0.6981 -0.1713
vn -0.7719 0.6210 -0.1359
vn -0.6833 0.7296 -0.0282
vn -0.8284 0.5241 -0.1977
vn -0.6891 0.7242 0.0262
vn -0.6003 0.7994 0.0240
vn -0.8189 0.5718 -0.0491
vn -0.9157 0.4018 0.0074
vn -0.8717 -0.3870 0.3006
vn -1.0000 0.0005 0.0010
vn -0.8383 -0.4135 0.3554
vn -0.8166 -0.4373 0.3766
vn -0.9846 -0.1725 0.0291
vn -0.8860 0.2561 0.3865
vn -0.8341 0.2948 0.4662
vn -0.8118 -0.4350 -0.3895
vn -0.7303 0.4078 0.5481
vn -0.8052 0.3244 0.4964
vn -0.6990 0.3484 0.6245
vn -0.8189 0.3286 0.4706
vn -0.8374 0.4533 0.3054
vn -0.6998 0.5100 0.5001
vn -0.5529 0.7282 0.4050
vn -0.6952 0.6981 0.1713
vn -0.7665 0.6255 0.1458
vn -0.6833 0.7296 0.0282
vn -0.8284 0.5241 0.1977
vn -0.6891 0.7242 -0.0262
vn -0.6003 0.7994 -0.0240
vn -0.8426 0.5381 0.0221
vn -0.9157 0.4018 -0.0074
vn -0.8916 -0.3200 -0.3203
vn -1.0000 -0.0005 -0.0007
vn -0.8305 -0.4185 -0.3676
vn -0.7893 -0.6139 0.0129
vn -0.7778 -0.5280 -0.3411
vn -0.9464 -0.2312 -0.2257
vn -0.9326 -0.2993 0.2015
vn -0.8938 0.2661 0.3611
vn -0.8639 -0.4129 0.2883
vn -0.9010 -0.3519 0.2536
vn -0.9873 -0.0510 0.1506
vn -0.7491 -0.0086 0.6624
vn -0.9668 -0.2313 0.1088
vn -0.8392 -0.5186 -0.1638
vn -0.8203 0.4320 0.3747
vn -0.9390 0.2593 0.2262
vn -0.7660 0.3534 0.5370
vn -0.9439 0.1749 0.2801
vn -0.9061 0.3575 0.2263
vn -0.8193 0.3335 0.4664
vn -0.9989 -0.0267 0.0379
vn -0.8143 -0.3871 -0.4326
vn -0.9973 -0.0731 -0.0000
vn -0.8650 0.5016 -0.0106
vn -0.8143 -0.3871 0.4326
vn -0.9688 -0.1397 0.2046
vn -0.8199 0.3230 -0.4727
vn -0.9111 0.1128 -0.3964
vn -0.8257 0.4367 -0.3570
vn -0.9174 0.3287 -0.2244
vn -0.9256 0.2191 -0.3087
vn -0.8218 0.4349 -0.3682
vn -0.9301 0.2910 -0.2240
vn -0.9879 0.0053 -0.1548
vn -0.8392 -0.5186 0.1638
vn -0.7643 0.0776 -0.6401
vn -0.9189 -0.3050 -0.2500
vn 0.6930 -0.0699 0.7176
vn -0.1875 0.6266 0.7564
vn 0.3999 0.4161 0.8167
vn -0.1875 0.2435 0.9516
vn 0.7016 0.6199 0.3515
vn 0.5032 0.7232 0.4730
vn 0.1010 0.9478 0.3024
vn 0.5225 -0.0323 0.8520
vn 0.1014 -0.3126 0.9445
vn 0.5126 0.8447 0.1542
vn 0.8955 0.4361 -0.0889
vn 0.5693 0.8192 -0.0700
vn 0.0928 0.9233 -0.3726
vn 0.9665 0.1712 -0.1911
vn 0.8242 -0.5592 0.0889
vn 0.4896 0.7639 -0.4204
vn 0.5412 0.5961 -0.5931
vn 0.0910 0.4700 -0.8780
vn 0.5229 0.2631 -0.8108
vn 0.4613 0.0581 -0.8853
vn 0.5632 -0.7116 -0.4199
vn -0.0529 -0.0762 -0.9957
vn 0.0478 -0.4534 -0.8900
vn -0.0530 -0.7604 -0.6472
vn 0.5549 0.0683 -0.8291
vn 0.5286 -0.7701 -0.3571
vn 0.0905 -0.9865 -0.1364
vn 0.8951 -0.4368 0.0890
vn 0.5655 -0.7912 -0.2327
vn 0.5739 -0.7998 0.1763
vn 0.0931 -0.8440 0.5281
vn 0.9680 -0.1690 0.1856
vn 0.8242 0.5593 -0.0887
vn 0.4919 -0.8123 0.3133
vn 0.5389 -0.5518 0.6365
vn 0.4757 -0.3888 0.7890
vn 0.3999 0.4161 -0.8167
vn -0.1875 0.6266 -0.7564
vn 0.6929 -0.0699 -0.7176
vn -0.1875 0.2435 -0.9516
vn 0.7016 0.6198 -0.3515
vn 0.5241 0.7193 -0.4560
vn 0.1014 0.9478 -0.3024
vn 0.5137 -0.0216 -0.8577
vn 0.1010 -0.3126 -0.9445
vn 0.5323 0.8415 -0.0924
vn 0.8931 0.2555 -0.3702
vn 0.5633 0.8262 -0.0049
vn 0.0933 0.9233 0.3726
vn 0.9681 0.1689 0.1851
vn 0.8242 -0.5592 -0.0889
vn 0.5364 0.7595 0.3680
vn 0.5204 0.5849 0.6222
vn 0.0914 0.4700 0.8779
vn 0.5414 0.2957 0.7871
vn 0.4646 0.0514 0.8840
vn 0.5633 -0.7116 0.4199
vn -0.0528 -0.0762 0.9957
vn 0.0478 -0.4534 0.8900
vn -0.0530 -0.7605 0.6472
vn 0.5549 0.0683 0.8291
vn 0.4336 -0.7701 0.4679
vn 0.0901 -0.9865 0.1365
vn 0.8747 -0.3209 0.3632
vn 0.5655 -0.7974 0.2107
vn 0.5768 -0.8005 -0.1630
vn 0.0927 -0.8441 -0.5281
vn 0.9665 -0.1715 -0.1911
vn 0.8242 0.5592 0.0888
vn 0.4864 -0.8087 -0.3309
vn 0.5002 -0.4942 -0.7111
vn 0.4817 -0.3748 -0.7922
vn -0.6930 -0.0699 -0.7176
vn 0.1875 0.6266 -0.7564
vn -0.3999 0.4161 -0.8167
vn 0.1875 0.2435 -0.9516
vn -0.7016 0.6199 -0.3515
vn -0.5252 0.7188 -0.4555
vn -0.1010 0.9478 -0.3024
vn -0.5225 -0.0323 -0.8520
vn -0.1014 -0.3126 -0.9445
vn -0.5445 0.8322 -0.1053
vn -0.9953 0.0823 0.0519
vn -0.5693 0.8192 0.0700
vn -0.0928 0.9233 0.3726
vn -0.9679 0.1690 0.1862
vn -0.8242 -0.5592 -0.0889
vn -0.4924 0.7668 0.4117
vn -0.5401 0.6358 0.5514
vn -0.0910 0.4700 0.8780
vn -0.5200 0.2649 0.8121
vn -0.4551 0.0819 0.8866
vn -0.5632 -0.7116 0.4199
vn 0.0529 -0.0762 0.9957
vn -0.0477 -0.4534 0.8900
vn 0.0530 -0.7604 0.6472
vn -0.5549 0.0683 0.8291
vn -0.5286 -0.7701 0.3571
vn -0.0905 -0.9865 0.1364
vn -0.8951 -0.4368 -0.0890
vn -0.5662 -0.7912 0.2311
vn -0.5428 -0.8115 -0.2165
vn -0.0931 -0.8440 -0.5281
vn -0.9667 -0.1711 -0.1906
vn -0.8242 0.5593 0.0887
vn -0.4877 -0.7962 -0.3579
vn -0.4998 -0.4942 -0.7114
vn -0.4757 -0.3888 -0.7890
vn -0.3999 0.4161 0.8167
vn 0.1875 0.6266 0.7564
vn -0.6929 -0.0699 0.7176
vn 0.1875 0.2435 0.9516
vn -0.7016 0.6198 0.3515
vn -0.5241 0.7193 0.4560
vn -0.1014 0.9478 0.3024
vn -0.5137 -0.0216 0.8577
vn -0.1010 -0.3126 0.9445
vn -0.5323 0.8415 0.0924
vn -0.8749 0.3201 0.3634
vn -0.5748 0.8180 -0.0207
vn -0.0933 0.9233 -0.3726
vn -0.9681 0.1689 -0.1851
vn -0.8242 -0.5592 0.0889
vn -0.5044 0.7697 -0.3912
vn -0.5291 0.5871 -0.6127
vn -0.0914 0.4700 -0.8779
vn -0.5292 0.3039 -0.7922
vn -0.4734 0.0388 -0.8800
vn -0.5633 -0.7116 -0.4199
vn 0.0528 -0.0762 -0.9957
vn -0.0478 -0.4534 -0.8900
vn 0.0530 -0.7605 -0.6472
vn -0.5549 0.0683 -0.8291
vn -0.4336 -0.7701 -0.4679
vn -0.0901 -0.9865 -0.1365
vn -0.8747 -0.3209 -0.3632
vn -0.5583 -0.8042 -0.2039
vn -0.5774 -0.8018 0.1540
vn -0.0927 -0.8441 0.5281
vn -0.9689 -0.1695 0.1806
vn -0.8242 0.5592 -0.0888
vn -0.5063 -0.8113 0.2924
vn -0.5002 -0.4942 0.7111
vn -0.4752 -0.3928 0.7873
vn -0.0430 -0.5047 -0.8622
vn -0.4873 -0.3897 -0.7814
vn -0.1195 0.4315 -0.8942
vn -0.2221 -0.3014 -0.9273
vn -0.5571 0.6069 -0.5669
vn -0.8245 -0.1774 -0.5374
vn -0.2243 0.7786 -0.5861
vn -0.9831 0.0587 -0.1733
vn -0.8023 0.4988 -0.3278
vn -1.0000 -0.0002 -0.0003
vn -0.3591 0.5989 -0.7158
vn -0.9834 0.1816 0.0025
vn -0.0517 0.9865 -0.1552
vn -0.5015 0.8137 0.2940
vn -0.2474 0.5969 0.7632
vn -0.7113 0.5285 0.4633
vn -0.1436 0.7594 0.6346
vn -0.9834 0.0546 0.1732
vn -0.4997 0.4292 0.7524
vn -0.1259 0.4463 0.8860
vn -0.4892 -0.4237 0.7623
vn -0.0433 -0.5065 0.8611
vn -0.0919 -0.2916 0.9521
vn -0.7400 -0.2940 0.6050
vn -0.2506 -0.0296 0.9676
vn -0.9833 -0.1478 0.1066
vn -0.6228 -0.5828 0.5220
vn -0.0432 -0.8818 0.4696
vn -0.3593 -0.9049 -0.2283
vn -0.2243 -0.9744 -0.0165
vn -0.7911 -0.6046 -0.0930
vn -0.9831 -0.1475 -0.1083
vn -0.5021 -0.7870 -0.3584
vn -0.1269 -0.8811 -0.4556
vn -0.5413 -0.2274 -0.8095
vn -0.0431 -0.0987 -0.9942
vn 0.0430 -0.5047 0.8622
vn 0.4873 -0.3897 0.7814
vn 0.1195 0.4315 0.8942
vn 0.2221 -0.3014 0.9273
vn 0.5571 0.6069 0.5669
vn 0.8245 -0.1774 0.5374
vn 0.2243 0.7786 0.5861
vn 0.9831 0.0587 0.1733
vn 0.7707 0.5394 0.3393
vn 1.0000 -0.0002 0.0003
vn 0.3591 0.5989 0.7158
vn 0.9834 0.1816 -0.0025
vn 0.0517 0.9865 0.1552
vn 0.5015 0.8137 -0.2940
vn 0.2474 0.5969 -0.7632
vn 0.7113 0.5285 -0.4633
vn 0.1436 0.7594 -0.6346
vn 0.9834 0.0546 -0.1732
vn 0.5019 0.4269 -0.7522
vn 0.1259 0.4463 -0.8860
vn 0.4868 -0.4068 -0.7730
vn 0.0433 -0.5065 -0.8611
vn 0.0919 -0.2916 -0.9521
vn 0.7400 -0.2940 -0.6050
vn 0.2506 -0.0296 -0.9676
vn 0.9833 -0.1478 -0.1066
vn 0.6228 -0.5828 -0.5220
vn 0.0432 -0.8818 -0.4696
vn 0.3593 -0.9049 0.2283
vn 0.2243 -0.9744 0.0165
vn 0.7911 -0.6046 0.0930
vn 0.9930 -0.1087 0.0461
vn 0.4521 -0.8434 0.2904
vn 0.1269 -0.8811 0.4556
vn 0.4866 -0.1280 0.8642
vn 0.0431 -0.0987 0.9942
vn 0.1269 0.4450 -0.8865
vn 0.6567 -0.4019 -0.6381
vn 0.0430 -0.5047 -0.8622
vn 0.2221 -0.3014 -0.9273
vn 0.4982 0.6127 -0.6135
vn 0.8245 -0.1749 -0.5382
vn 0.2243 0.7786 -0.5861
vn 0.9831 0.0535 -0.1749
vn 0.7936 0.5128 -0.3274
vn 1.0000 -0.0002 -0.0003
vn 0.3610 0.6451 -0.6734
vn 0.9834 0.1816 0.0005
vn 0.0437 0.9893 -0.1394
vn 0.5520 0.8272 0.1048
vn 0.2474 0.5969 0.7632
vn 0.7126 0.5269 0.4633
vn 0.1436 0.7594 0.6346
vn 0.9834 0.0567 0.1726
vn 0.5324 0.6145 0.5822
vn 0.1185 0.4327 0.8937
vn 0.4867 -0.4030 0.7750
vn 0.0433 -0.5065 0.8611
vn 0.0919 -0.2916 0.9521
vn 0.7458 -0.2907 0.5994
vn 0.2506 -0.0296 0.9676
vn 0.9833 -0.1471 0.1076
vn 0.5816 -0.3873 0.7154
vn 0.0511 -0.8889 0.4553
vn 0.3565 -0.9144 -0.1918
vn 0.2243 -0.9744 -0.0165
vn 0.7949 -0.6000 -0.0899
vn 0.9941 -0.0947 -0.0522
vn 0.4731 -0.8151 -0.3343
vn 0.1195 -0.8747 -0.4698
vn 0.4877 -0.1473 -0.8605
vn 0.0431 -0.0987 -0.9942
vn -0.1269 0.4450 0.8865
vn -0.6567 -0.4019 0.6381
vn -0.0430 -0.5047 0.8622
vn -0.2221 -0.3014 0.9273
vn -0.4982 0.6127 0.6135
vn -0.8245 -0.1749 0.5382
vn -0.2243 0.7786 0.5861
vn -0.9897 0.0059 0.1427
vn -0.8023 0.4988 0.3278
vn -1.0000 -0.0002 0.0003
vn -0.3610 0.6451 0.6734
vn -0.9834 0.1816 -0.0005
vn -0.0437 0.9893 0.1394
vn -0.5520 0.8272 -0.1048
vn -0.2474 0.5969 -0.7632
vn -0.7149 0.5237 -0.4632
vn -0.1436 0.7594 -0.6346
vn -0.9834 0.0567 -0.1726
vn -0.4725 0.4641 -0.7492
vn -0.1185 0.4327 -0.8937
vn -0.5222 -0.3093 -0.7947
vn -0.0433 -0.5065 -0.8611
vn -0.0919 -0.2916 -0.9521
vn -0.7458 -0.2907 -0.5994
vn -0.2506 -0.0296 -0.9676
vn -0.9879 -0.0981 -0.1199
vn -0.5088 -0.5903 -0.6266
vn -0.0511 -0.8889 -0.4553
vn -0.3892 -0.9141 0.1133
vn -0.2243 -0.9744 0.0165
vn -0.7949 -0.6000 0.0899
vn -0.9941 -0.0947 0.0522
vn -0.4731 -0.8151 0.3343
vn -0.1195 -0.8747 0.4698
vn -0.4877 -0.1473 0.8605
vn -0.0431 -0.0987 0.9942
vn -0.5000 0.0018 -0.8660
vn -0.0000 0.1367 -0.9906
vn -0.0000 0.0026 -1.0000
vn -0.5690 0.1497 -0.8086
vn -0.8660 0.0023 -0.5000
vn -0.8830 0.1423 -0.4472
vn -1.0000 0.0022 -0.0000
vn -0.9718 0.2357 -0.0000
vn -0.8786 0.1188 0.4625
vn -0.8675 -0.0180 0.4970
vn -0.9477 0.0012 0.3191
vn -0.8766 0.3529 0.3273
vn -0.9390 -0.2126 0.2703
vn 0.5000 0.0025 -0.8660
vn 0.5690 0.1497 -0.8086
vn 0.8660 0.0023 -0.5000
vn 0.8830 0.1422 -0.4472
vn 1.0000 0.0018 -0.0000
vn 0.9718 0.2357 -0.0000
vn 0.8786 0.1188 0.4625
vn 0.8675 -0.0180 0.4970
vn 0.9477 0.0012 0.3191
vn 0.8766 0.3529 0.3273
vn 0.9390 -0.2126 0.2703
vn 0.6598 0.7045 0.2614
vn 0.0028 0.8724 0.4889
vn 0.0191 0.8339 0.5516
vn 0.9163 0.3769 0.1353
vn 0.9934 -0.0812 0.0805
vn 0.9926 -0.0921 0.0786
vn 0.9999 -0.0030 0.0136
vn 0.8219 0.1767 0.5416
vn 0.8612 0.2389 0.4487
vn 0.8756 -0.1257 0.4664
vn 0.9927 0.0470 0.1113
vn 0.8460 -0.3267 0.4214
vn 0.9999 -0.0072 0.0121
vn 0.9999 -0.0031 0.0126
vn 0.9999 -0.0017 0.0119
vn 0.9955 -0.0608 0.0722
vn 0.7661 -0.6201 -0.1692
vn 0.8940 -0.4407 -0.0814
vn 0.5539 -0.7635 0.3319
vn 0.5554 -0.8316 -0.0076
vn 0.7119 -0.6755 -0.1923
vn 0.8151 -0.5545 -0.1679
vn 0.6904 -0.6937 -0.2055
vn 0.9668 -0.2551 -0.0118
vn -0.0000 -0.9547 -0.2976
vn -0.0000 -0.9546 -0.2978
vn -0.0191 0.8339 0.5516
vn -0.0028 0.8724 0.4889
vn -0.7185 0.6492 0.2495
vn -0.9163 0.3769 0.1353
vn -0.9952 0.0976 -0.0111
vn -0.9945 -0.0970 0.0403
vn -0.9999 -0.0028 0.0136
vn -0.8612 0.2389 0.4487
vn -0.8218 0.1739 0.5426
vn -0.8732 -0.1231 0.4716
vn -0.9961 -0.0878 -0.0096
vn -0.8472 -0.3305 0.4160
vn -0.9999 -0.0072 0.0121
vn -0.9999 -0.0031 0.0126
vn -0.9999 -0.0017 0.0119
vn -0.9973 -0.0626 0.0386
vn -0.7661 -0.6201 -0.1692
vn -0.8941 -0.4420 -0.0726
vn -0.4489 -0.7606 0.4691
vn -0.5744 -0.8106 -0.1142
vn -0.7119 -0.6755 -0.1923
vn -0.8151 -0.5545 -0.1679
vn -0.6904 -0.6937 -0.2055
vn -0.9668 -0.2551 -0.0118
vn -0.0002 0.7491 0.6624
vn -0.0000 0.7867 0.6173
vn 0.6448 0.7172 0.2643
vn 0.2753 0.8713 0.4063
vn 0.4755 0.8418 0.2555
vn 0.8301 0.2599 0.4934
vn -0.1339 0.8660 -0.4817
vn 0.9209 0.3898 -0.0003
vn 0.4771 0.8788 0.0073
vn 0.5529 0.7847 -0.2802
vn 0.8696 0.2399 -0.4315
vn 0.2606 0.7508 -0.6070
vn 0.2443 0.9068 -0.3434
vn -0.0922 0.8464 -0.5245
vn -0.0000 0.8334 -0.5527
vn -0.0000 0.1226 -0.9925
vn 0.3506 0.5830 -0.7330
vn 0.5294 0.1061 -0.8417
vn 0.5426 0.7565 -0.3651
vn -0.0000 0.0459 -0.9989
vn 0.9014 0.1105 -0.4187
vn 0.8608 0.5090 -0.0000
vn 0.5428 0.0929 -0.8347
vn 0.9938 0.1113 -0.0000
vn 0.8900 0.0456 -0.4536
vn 0.9992 0.0390 -0.0037
vn 0.9014 0.1104 0.4186
vn 0.5426 0.7565 0.3651
vn 0.5714 0.1105 0.8132
vn 0.3506 0.5830 0.7330
vn 0.8776 0.0713 0.4740
vn -0.0000 0.1111 0.9938
vn -0.0000 0.8334 0.5527
vn 0.5222 0.0717 0.8498
vn -0.0000 0.0360 0.9994
vn -0.1018 0.0034 0.9948
vn 0.5545 -0.0173 0.8320
vn 0.8691 -0.0138 0.4945
vn 1.0000 0.0035 -0.0000
vn 0.8660 0.0037 -0.5000
vn 0.5000 0.0037 -0.8660
vn -0.0000 0.0038 -1.0000
vn 0.9357 0.2600 0.2384
vn 0.9556 0.2214 0.1944
vn 0.9236 0.3782 -0.0622
vn 0.9287 0.3697 0.0293
vn 0.8483 0.5168 -0.1153
vn 0.9659 0.2578 -0.0243
vn 0.9426 -0.1881 0.2760
vn 0.9389 -0.2810 0.1990
vn 0.9625 0.2101 0.1713
vn 0.9446 -0.1476 0.2932
vn 0.8984 -0.2054 0.3883
vn 0.9457 -0.1804 0.2704
vn 0.9587 0.2456 0.1433
vn 0.9437 0.0009 0.3308
vn 0.9501 -0.0417 0.3090
vn 0.9997 0.0054 0.0254
vn 0.9236 -0.3782 -0.0630
vn 0.9397 0.2477 0.2357
vn 0.9194 0.0001 0.3933
vn 0.9056 -0.3093 -0.2904
vn 0.8311 0.5300 -0.1683
vn 0.8819 0.3534 -0.3119
vn 0.8702 -0.4555 -0.1877
vn 0.8682 0.4822 0.1174
vn 0.8715 -0.4889 0.0383
vn 0.8707 0.3732 0.3204
vn 0.8722 -0.4174 0.2551
vn 0.8717 0.1866 0.4531
vn 0.8724 -0.2560 0.4164
vn 0.8723 -0.0393 0.4875
vn 0.9567 -0.1483 0.2506
vn 0.9423 -0.2249 0.2480
vn 0.9618 -0.2339 0.1423
vn 0.8888 0.4060 0.2126
vn 0.9432 0.1730 0.2836
vn 0.9998 -0.0028 0.0172
vn 0.9977 -0.0215 -0.0646
vn 0.9375 0.1861 0.2941
vn 0.9205 0.2095 0.3297
vn 0.9187 0.3815 -0.1023
vn 0.8985 -0.2661 0.3492
vn 0.9057 0.3091 -0.2902
vn 0.8405 0.5157 -0.1662
vn 0.8619 -0.4702 -0.1899
vn 0.8823 -0.3529 -0.3116
vn 0.8715 0.4766 0.1155
vn 0.8684 -0.4943 0.0400
vn 0.8722 0.3713 0.3184
vn 0.8708 -0.4192 0.2570
vn 0.8724 0.1863 0.4519
vn 0.8718 -0.2562 0.4175
vn 0.8723 -0.0390 0.4874
vn 0.9368 0.0419 0.3474
vn 0.9360 -0.3384 0.0970
vn 0.9437 -0.3123 0.1089
vn 0.9423 0.1892 0.2762
vn 0.9350 -0.3511 -0.0503
vn 0.9557 -0.2213 0.1942
vn 0.9374 -0.3237 -0.1287
vn -0.0053 0.3310 0.9436
vn -0.2592 0.8774 0.4037
vn -0.4899 0.8381 0.2399
vn -0.8301 0.2599 0.4934
vn -0.9209 0.3898 -0.0003
vn -0.5809 0.8080 0.0986
vn -0.5568 0.7637 -0.3268
vn -0.8696 0.2399 -0.4315
vn -0.3351 0.8197 -0.4644
vn -0.3506 0.5830 -0.7330
vn -0.5292 0.1041 -0.8421
vn -0.5426 0.7565 -0.3651
vn -0.9014 0.1106 -0.4187
vn -0.8608 0.5090 -0.0000
vn -0.5152 0.1077 -0.8503
vn -0.9938 0.1113 -0.0000
vn -0.8865 0.0125 -0.4625
vn -0.5000 0.0039 -0.8660
vn -0.8660 0.0038 -0.5000
vn -0.9993 0.0360 -0.0024
vn -1.0000 0.0035 -0.0000
vn -0.8691 -0.0138 0.4945
vn -0.8622 0.0026 0.5065
vn -0.9014 0.1104 0.4186
vn -0.5426 0.7565 0.3651
vn -0.5709 0.1164 0.8127
vn -0.3506 0.5830 0.7330
vn -0.4888 0.0046 0.8724
vn -0.5374 -0.0033 0.8433
vn -0.9283 0.3657 -0.0677
vn -0.9556 0.2214 0.1944
vn -0.9357 0.2600 0.2384
vn -0.9021 0.4170 0.1109
vn -0.8601 0.4850 -0.1580
vn -0.9628 0.2680 -0.0335
vn -0.9426 -0.1881 0.2760
vn -0.9389 -0.2809 0.1991
vn -0.9340 0.0171 0.3568
vn -0.9152 -0.1074 0.3884
vn -0.8984 -0.2054 0.3883
vn -0.9429 -0.1814 0.2793
vn -0.9661 0.2085 0.1519
vn -0.9437 0.0009 0.3308
vn -0.9465 -0.1004 0.3067
vn -0.9998 -0.0018 0.0197
vn -0.9236 -0.3782 -0.0630
vn -0.9389 0.2514 0.2350
vn -0.9194 0.0001 0.3933
vn -0.9056 -0.3093 -0.2904
vn -0.8819 0.3534 -0.3119
vn -0.8311 0.5301 -0.1683
vn -0.8702 -0.4555 -0.1877
vn -0.8682 0.4822 0.1174
vn -0.8715 -0.4890 0.0383
vn -0.8706 0.3733 0.3205
vn -0.8721 -0.4175 0.2551
vn -0.8717 0.1866 0.4531
vn -0.8724 -0.2560 0.4164
vn -0.8722 -0.0393 0.4875
vn -0.9625 0.1633 0.2168
vn -0.9229 -0.2206 0.3157
vn -0.9554 -0.1807 0.2338
vn -0.8888 0.4061 0.2125
vn -0.9426 0.1666 0.2895
vn -0.9997 -0.0002 0.0259
vn -0.9464 0.1006 0.3070
vn -0.9165 0.1171 0.3825
vn -0.9205 0.2095 0.3297
vn -0.9187 0.3815 -0.1023
vn -0.8985 -0.2661 0.3492
vn -0.9057 0.3091 -0.2902
vn -0.8405 0.5157 -0.1662
vn -0.8823 -0.3529 -0.3116
vn -0.8619 -0.4702 -0.1899
vn -0.8715 0.4766 0.1155
vn -0.8683 -0.4944 0.0400
vn -0.8722 0.3714 0.3185
vn -0.8708 -0.4192 0.2570
vn -0.8724 0.1863 0.4520
vn -0.8718 -0.2563 0.4175
vn -0.8723 -0.0390 0.4875
vn -0.9390 0.0750 0.3357
vn -0.9580 -0.2700 0.0963
vn -0.9126 -0.4061 0.0474
vn -0.9423 0.1892 0.2762
vn -0.9373 -0.3237 -0.1287
vn -0.9349 -0.3512 -0.0512
vn -0.9557 -0.2213 0.1942
vn 0.0191 0.8341 -0.5513
vn 0.0027 0.8725 -0.4886
vn 0.7184 0.6493 -0.2495
vn 0.9163 0.3770 -0.1352
vn 0.9904 0.1011 -0.0945
vn 0.9945 -0.0970 -0.0403
vn 0.9999 -0.0030 -0.0138
vn 0.8612 0.2389 -0.4487
vn 0.8218 0.1739 -0.5426
vn 0.8732 -0.1231 -0.4716
vn 0.9959 -0.0902 0.0068
vn 0.8472 -0.3305 -0.4160
vn 0.9999 -0.0074 -0.0124
vn 0.9999 -0.0032 -0.0129
vn 0.9999 -0.0017 -0.0122
vn 0.9960 -0.0648 -0.0621
vn 0.7660 -0.6208 0.1668
vn 0.8892 -0.4568 0.0252
vn 0.4490 -0.7605 -0.4690
vn 0.5752 -0.8102 0.1127
vn 0.7121 -0.6759 0.1897
vn 0.8151 -0.5550 0.1659
vn 0.6910 -0.6937 0.2030
vn 0.9668 -0.2552 0.0118
vn -0.0000 -0.9557 0.2943
vn -0.0000 -0.9557 0.2944
vn -0.6597 0.7046 -0.2614
vn -0.0027 0.8725 -0.4886
vn -0.0191 0.8341 -0.5513
vn -0.9163 0.3770 -0.1352
vn -0.9974 -0.0710 0.0112
vn -0.9999 -0.0032 -0.0139
vn -0.9987 -0.0286 0.0426
vn -0.8219 0.1767 -0.5416
vn -0.8612 0.2389 -0.4487
vn -0.8756 -0.1257 -0.4664
vn -0.9948 0.0657 -0.0784
vn -0.8460 -0.3267 -0.4214
vn -0.9999 -0.0074 -0.0124
vn -0.9999 -0.0032 -0.0129
vn -0.9999 -0.0017 -0.0121
vn -0.9952 -0.0489 -0.0853
vn -0.7660 -0.6208 0.1668
vn -0.8935 -0.4435 0.0708
vn -0.5541 -0.7635 -0.3319
vn -0.5560 -0.8312 0.0062
vn -0.7121 -0.6759 0.1897
vn -0.8151 -0.5550 0.1659
vn -0.6910 -0.6937 0.2030
vn -0.9668 -0.2552 0.0118
vn -0.0033 -0.9058 0.4238
vn -0.0255 -0.8944 0.4465
vn -0.0937 -0.9676 -0.2344
vn 0.0596 -0.7432 -0.6664
vn -0.0278 -0.7714 -0.6358
vn -0.0624 -0.9535 -0.2949
vn 0.0075 -0.8196 0.5728
vn -0.0814 -0.9836 0.1611
vn -0.0315 -0.8131 0.5813
vn 0.0035 -0.4548 0.8906
vn -0.0855 -0.4682 0.8795
vn -0.0048 0.0156 0.9999
vn 0.0825 0.0043 0.9966
vn -0.0316 0.4405 0.8972
vn 0.0027 0.4540 0.8910
vn 0.0036 0.7576 0.6527
vn -0.0650 0.8147 0.5762
vn 0.0327 0.9747 0.2212
vn -0.0523 0.9772 0.2060
vn -0.0005 0.9260 -0.3776
vn -0.0521 0.9945 -0.0911
vn 0.0052 0.9999 0.0095
vn -0.0282 0.6900 -0.7233
vn 0.0513 -0.4251 0.9037
vn 0.0385 -0.4448 0.8948
vn -0.1299 -0.7283 0.6728
vn 0.0457 -0.8012 0.5966
vn 0.0043 0.0003 1.0000
vn 0.3943 -0.1394 0.9083
vn 0.3270 -0.1618 0.9311
vn -0.0118 0.6879 0.7257
vn 0.0403 0.6084 0.7926
vn 0.0002 0.9787 0.2054
vn 0.1924 0.7608 0.6198
vn 0.8755 0.3535 0.3294
vn -0.0033 0.9061 0.4230
vn -0.0912 0.9733 -0.2106
vn -0.0167 0.8889 0.4578
vn -0.0582 0.9670 -0.2480
vn 0.0098 0.9873 0.1588
vn -0.0150 0.9914 0.1299
vn 0.0459 0.7701 0.6363
vn -0.0114 0.8016 0.5978
vn 0.0036 0.4532 0.8914
vn -0.0423 0.3817 0.9233
vn -0.0135 0.0340 0.9993
vn 0.0027 -0.0000 1.0000
vn 0.0031 -0.4540 0.8910
vn -0.0424 -0.5232 0.8512
vn -0.0133 -0.7883 0.6151
vn 0.0027 -0.8103 0.5860
vn 0.0468 -0.9947 0.0917
vn -0.0124 -0.9894 0.1444
vn 0.0470 -0.9281 -0.3695
vn -0.0122 -0.9477 -0.3190
vn 0.0380 -0.6960 -0.7170
vn -0.0471 -0.7082 -0.7045
vn 0.0690 -0.9808 -0.1826
vn -0.0381 -0.9937 -0.1055
vn 0.0235 0.4226 0.9060
vn 0.0040 0.4520 0.8920
vn -0.0652 0.7826 0.6191
vn 0.3313 0.1527 0.9311
vn -0.0034 -0.0007 1.0000
vn 0.0473 -0.5890 0.8068
vn 0.0544 -0.6895 0.7223
vn -0.0113 -0.9784 0.2065
vn -0.0005 -0.8529 0.5221
vn -0.2877 -0.8156 0.5020
vn 0.0305 -0.8908 0.4534
vn 0.0639 -0.9564 -0.2850
vn 0.0005 -0.9476 -0.3195
vn 0.0052 -0.9859 0.1673
vn 0.0579 0.9549 -0.2913
vn 0.0472 0.7136 -0.6989
vn -0.0564 -0.4192 0.9061
vn -0.3295 -0.1518 0.9319
vn -0.1922 0.7611 0.6195
vn -0.8754 0.3539 0.3293
vn 0.0315 0.8906 0.4537
vn 0.0322 0.9674 -0.2511
vn 0.0273 0.7685 -0.6393
vn -0.0504 0.7653 -0.6417
vn 0.0046 0.9681 -0.2505
vn -0.0294 0.4309 0.9019
vn 0.1253 0.7284 0.6736
vn -0.3943 0.1394 0.9084
vn -0.3272 0.1672 0.9300
vn 0.0377 -0.9773 0.2084
vn 0.2875 -0.8151 0.5030
vn 0.6690 0.3713 0.6439
vn 0.7002 0.0930 0.7079
vn 0.8732 0.2888 0.3925
vn 0.8482 0.3942 0.3539
vn 0.9199 0.3921 -0.0000
vn 0.9799 0.1994 -0.0000
vn 0.6866 -0.3581 0.6327
vn 0.9214 -0.0188 0.3882
vn 0.8543 -0.3764 0.3585
vn 0.9836 -0.1801 -0.0073
vn 0.5876 -0.7162 0.3766
vn 0.4777 -0.8210 0.3127
vn 0.7327 -0.6805 -0.0112
vn 0.8308 -0.5566 -0.0000
vn 0.5871 -0.7162 -0.3774
vn 0.4777 -0.8210 -0.3127
vn 0.8568 -0.3792 -0.3494
vn 0.6603 -0.3507 -0.6641
vn 0.9214 -0.0188 -0.3882
vn 0.6990 0.1359 -0.7021
vn 0.8732 0.2887 -0.3926
vn 0.8482 0.3942 -0.3539
vn 0.6690 0.3713 -0.6439
vn -0.6690 0.3713 0.6439
vn -0.7010 0.0925 0.7071
vn -0.8734 0.2784 0.3995
vn -0.8482 0.3942 0.3539
vn -0.9199 0.3921 -0.0000
vn -0.9799 0.1994 -0.0001
vn -0.6882 -0.3550 0.6327
vn -0.9214 -0.0188 0.3882
vn -0.8562 -0.3795 0.3506
vn -0.9835 -0.1807 0.0015
vn -0.5976 -0.6937 0.4021
vn -0.4777 -0.8210 0.3127
vn -0.7400 -0.6725 0.0126
vn -0.8326 -0.5535 0.0191
vn -0.6030 -0.6905 -0.3996
vn -0.4777 -0.8210 -0.3127
vn -0.8589 -0.3772 -0.3465
vn -0.6882 -0.3550 -0.6327
vn -0.9214 -0.0188 -0.3882
vn -0.6918 0.1285 -0.7106
vn -0.8745 0.2953 -0.3848
vn -0.8482 0.3942 -0.3539
vn -0.6690 0.3713 -0.6439
o base
usemtl mat1
f 1/1/1 2/2/2 3/3/3
f 4/4/4 1/1/1 3/3/3
f 1/1/1 4/4/4 5/5/5
f 4/4/4 6/6/6 5/5/5
f 6/6/6 7/7/7 5/5/5
f 5/5/5 7/7/7 8/8/8
f 7/7/7 9/9/9 8/8/8
f 9/9/9 10/10/10 8/8/8
f 11/11/11 12/12/12 13/13/13
f 14/14/14 11/11/11 13/13/13
f 11/11/11 14/14/14 15/15/15
f 14/14/14 16/16/16 15/15/15
f 16/16/16 17/17/17 15/15/15
f 17/17/17 18/18/18 15/15/15
f 17/17/17 19/19/19 18/18/18
f 19/19/19 20/20/20 18/18/18
f 21/21/21 22/22/22 23/23/23
f 21/21/21 23/23/23 24/24/24
f 25/25/25 21/21/21 24/24/24
f 25/25/25 24/24/24 26/26/26
f 25/25/25 26/26/26 27/27/27
f 25/25/25 27/27/27 28/28/28
f 29/29/29 28/28/28 27/27/27
f 29/29/29 30/30/30 28/28/28
f 31/31/31 32/32/32 33/33/33
f 31/31/31 33/33/33 34/34/34
f 31/31/31 34/34/34 35/35/35
f 35/35/35 34/34/34 36/36/36
f 35/35/35 36/36/36 37/37/37
f 35/35/35 37/37/37 38/38/38
f 39/39/39 38/38/38 37/37/37
f 39/39/39 40/40/40 38/38/38
f 41/41/21 42/42/41 43/43/22
f 41/41/21 44/44/42 42/42/41
f 45/45/43 44/44/42 41/41/21
f 45/45/43 46/46/44 44/44/42
f 45/45/43 47/47/45 46/46/44
f 45/45/43 48/48/46 47/47/45
f 49/49/47 47/47/45 48/48/46
f 49/49/47 48/48/46 50/50/30
f 51/51/48 52/52/49 53/53/32
f 51/51/48 54/54/50 52/52/49
f 54/54/50 51/51/48 55/55/51
f 55/55/51 56/56/52 54/54/50
f 55/55/51 57/57/53 56/56/52
f 55/55/51 58/58/54 57/57/53
f 59/59/55 57/57/53 58/58/54
f 59/59/55 58/58/54 60/60/40
f 61/61/56 62/62/57 63/63/58
f 61/61/56 64/64/59 62/62/57
f 65/65/60 64/64/59 61/61/56
f 65/65/60 66/66/61 64/64/59
f 67/67/62 66/66/61 65/65/60
f 67/67/62 68/68/63 66/66/61
f 69/69/64 68/68/63 67/67/62
f 69/69/64 70/70/65 68/68/63
f 71/71/66 72/72/67 73/73/68
f 74/74/69 71/71/66 73/73/68
f 75/75/70 71/71/66 74/74/69
f 76/76/71 75/75/70 74/74/69
f 77/77/72 75/75/70 76/76/71
f 78/78/73 77/77/72 76/76/71
f 79/79/74 77/77/72 78/78/73
f 80/80/75 79/79/74 78/78/73
f 81/81/76 82/82/65 83/83/77
f 84/84/78 81/81/76 83/83/77
f 85/85/79 81/81/76 84/84/78
f 86/86/80 85/85/79 84/84/78
f 87/87/81 85/85/79 86/86/80
f 88/88/82 87/87/81 86/86/80
f 89/89/83 87/87/81 88/88/82
f 90/90/84 89/89/83 88/88/82
f 91/91/85 92/92/86 93/93/87
f 91/91/85 94/94/88 92/92/86
f 95/95/89 94/94/88 91/91/85
f 95/95/89 96/96/90 94/94/88
f 97/97/91 96/96/90 95/95/89
f 97/97/91 98/98/92 96/96/90
f 99/99/93 98/98/92 97/97/91
f 99/99/93 100/100/67 98/98/92
f 101/101/94 102/102/95 103/103/96
f 104/104/97 101/101/94 103/103/96
f 105/105/98 101/101/94 104/104/97
f 106/106/99 105/105/98 104/104/97
f 107/107/100 105/105/98 106/106/99
f 108/108/101 107/107/100 106/106/99
f 109/109/102 107/107/100 108/108/101
f 110/110/58 109/109/102 108/108/101
f 111/111/103 112/112/104 113/113/58
f 111/111/103 114/114/105 112/112/104
f 115/115/106 114/114/105 111/111/103
f 115/115/106 116/116/107 114/114/105
f 117/117/108 116/116/107 115/115/106
f 117/117/108 118/118/109 116/116/107
f 119/119/110 118/118/109 117/117/108
f 119/119/110 120/120/111 118/118/109
f 121/121/112 122/122/113 123/123/114
f 121/121/112 124/124/115 122/122/113
f 125/125/116 124/124/115 121/121/112
f 125/125/116 126/126/117 124/124/115
f 127/127/118 126/126/117 125/125/116
f 127/127/118 128/128/119 126/126/117
f 129/129/120 128/128/119 127/127/118
f 129/129/120 130/130/95 128/128/119
f 131/131/121 132/132/111 133/133/122
f 134/134/123 131/131/121 133/133/122
f 135/135/124 131/131/121 134/134/123
f 136/136/125 135/135/124 134/134/123
f 137/137/126 135/135/124 136/136/125
f 138/138/127 137/137/126 136/136/125
f 139/139/128 137/137/126 138/138/127
f 140/140/84 139/139/128 138/138/127
f 141/141/129 142/142/65 143/143/130
f 144/144/131 141/141/129 143/143/130
f 145/145/132 141/141/129 144/144/131
f 146/146/133 145/145/132 144/144/131
f 147/147/134 145/145/132 146/146/133
f 148/148/135 147/147/134 146/146/133
f 149/149/136 147/147/134 148/148/135
f 150/150/137 149/149/136 148/148/135
f 151/151/85 152/152/86 153/153/84
f 151/151/85 154/154/138 152/152/86
f 155/155/139 154/154/138 151/151/85
f 155/155/139 156/156/90 154/154/138
f 157/157/91 156/156/90 155/155/139
f 157/157/91 158/158/140 156/156/90
f 159/159/93 158/158/140 157/157/91
f 159/159/93 160/160/67 158/158/140
f 161/161/56 162/162/57 163/163/141
f 161/161/56 164/164/142 162/162/57
f 165/165/60 164/164/142 161/161/56
f 165/165/60 166/166/61 164/164/142
f 167/167/62 166/166/61 165/165/60
f 167/167/62 168/168/143 166/166/61
f 169/169/64 168/168/143 167/167/62
f 169/169/64 170/170/65 168/168/143
f 171/171/144 172/172/67 173/173/145
f 174/174/146 171/171/144 173/173/145
f 175/175/147 171/171/144 174/174/146
f 176/176/148 175/175/147 174/174/146
f 177/177/149 175/175/147 176/176/148
f 178/178/150 177/177/149 176/176/148
f 179/179/151 177/177/149 178/178/150
f 180/180/58 179/179/151 178/178/150
f 181/181/152 182/182/153 183/183/84
f 181/181/152 184/184/154 182/182/153
f 185/185/155 184/184/154 181/181/152
f 185/185/155 186/186/156 184/184/154
f 187/187/157 186/186/156 185/185/155
f 187/187/157 188/188/158 186/186/156
f 189/189/159 188/188/158 187/187/157
f 189/189/159 190/190/95 188/188/158
f 191/191/121 192/192/111 193/193/122
f 194/194/123 191/191/121 193/193/122
f 195/195/124 191/191/121 194/194/123
f 196/196/125 195/195/124 194/194/123
f 197/197/160 195/195/124 196/196/125
f 198/198/127 197/197/160 196/196/125
f 199/199/128 197/197/160 198/198/127
f 200/200/84 199/199/128 198/198/127
f 201/201/94 202/202/95 203/203/96
f 204/204/97 201/201/94 203/203/96
f 205/205/98 201/201/94 204/204/97
f 206/206/99 205/205/98 204/204/97
f 207/207/161 205/205/98 206/206/99
f 208/208/101 207/207/161 206/206/99
f 209/209/102 207/207/161 208/208/101
f 210/210/58 209/209/102 208/208/101
f 211/211/162 212/212/163 213/213/164
f 211/211/162 214/214/165 212/212/163
f 215/215/166 214/214/165 211/211/162
f 215/215/166 216/216/167 214/214/165
f 217/217/168 216/216/167 215/215/166
f 217/217/168 218/218/169 216/216/167
f 219/219/120 218/218/169 217/217/168
f 219/219/120 220/220/111 218/218/169
f 221/221/170 222/222/171 223/223/172
f 221/221/170 224/224/173 222/222/171
f 221/221/170 225/225/174 224/224/173
f 226/226/175 225/225/174 221/221/170
f 226/226/175 227/227/176 225/225/174
f 228/228/177 227/227/176 226/226/175
f 228/228/177 229/229/178 227/227/176
f 230/230/179 229/229/178 228/228/177
f 230/230/179 231/231/180 229/229/178
f 232/232/181 231/231/180 230/230/179
f 232/232/181 233/233/182 231/231/180
f 234/234/183 233/233/182 232/232/181
f 234/234/183 235/235/184 233/233/182
f 236/236/185 235/235/184 234/234/183
f 236/236/185 237/237/186 235/235/184
f 238/238/187 237/237/186 236/236/185
f 238/238/187 239/239/188 237/237/186
f 240/240/189 239/239/188 238/238/187
f 240/240/189 241/241/190 239/239/188
f 241/241/190 240/240/189 242/242/191
f 243/243/192 241/241/190 242/242/191
f 244/244/193 243/243/192 242/242/191
f 244/244/193 245/245/194 243/243/192
f 244/244/193 246/246/195 245/245/194
f 246/246/195 247/247/196 245/245/194
f 246/246/195 248/248/197 247/247/196
f 246/246/195 249/249/198 248/248/197
f 249/249/198 250/250/199 248/248/197
f 251/251/200 250/250/199 249/249/198
f 251/251/200 252/252/201 250/250/199
f 253/253/202 252/252/201 251/251/200
f 253/253/202 254/254/203 252/252/201
f 253/253/202 255/255/204 254/254/203
f 256/256/205 255/255/204 253/253/202
f 257/257/206 255/255/204 256/256/205
f 257/257/206 258/258/207 255/255/204
f 259/259/208 260/260/209 261/261/210
f 262/262/211 259/259/208 261/261/210
f 263/263/212 259/259/208 262/262/211
f 264/264/213 259/259/208 263/263/212
f 265/265/214 264/264/213 263/263/212
f 266/266/215 265/265/214 263/263/212
f 267/267/216 265/265/214 266/266/215
f 268/268/217 267/267/216 266/266/215
f 269/269/218 267/267/216 268/268/217
f 269/269/218 268/268/217 270/270/219
f 271/271/220 269/269/218 270/270/219
f 272/272/221 271/271/220 270/270/219
f 272/272/221 270/270/219 273/273/222
f 274/274/223 272/272/221 273/273/222
f 273/273/222 275/275/224 274/274/223
f 275/275/224 276/276/225 274/274/223
f 275/275/224 277/277/189 276/276/225
f 278/278/226 276/276/225 277/277/189
f 279/279/227 278/278/226 277/277/189
f 280/280/228 278/278/226 279/279/227
f 281/281/229 280/280/228 279/279/227
f 282/282/230 280/280/228 281/281/229
f 283/283/231 282/282/230 281/281/229
f 284/284/232 282/282/230 283/283/231
f 285/285/233 284/284/232 283/283/231
f 286/286/234 284/284/232 285/285/233
f 287/287/235 286/286/234 285/285/233
f 288/288/236 286/286/234 287/287/235
f 289/289/237 288/288/236 287/287/235
f 290/290/238 288/288/236 289/289/237
f 291/291/239 288/288/236 290/290/238
f 292/292/240 291/291/239 290/290/238
f 293/293/241 291/291/239 292/292/240
f 294/294/242 293/293/241 292/292/240
f 295/295/172 294/294/242 292/292/240
f 296/296/243 297/297/244 298/298/245
f 296/296/243 299/299/246 297/297/244
f 300/300/247 299/299/246 296/296/243
f 300/300/247 301/301/248 299/299/246
f 302/302/249 301/301/248 300/300/247
f 302/302/249 303/303/250 301/301/248
f 304/304/251 305/305/252 306/306/253
f 307/307/254 308/308/255 309/309/256
f 310/310/257 311/311/258 312/312/259
f 313/313/260 310/310/257 312/312/259
f 314/314/261 310/310/257 313/313/260
f 315/315/262 310/310/257 314/314/261
f 316/316/263 315/315/262 314/314/261
f 317/317/264 316/316/263 314/314/261
f 318/318/265 316/316/263 317/317/264
f 319/319/266 318/318/265 317/317/264
f 320/320/267 318/318/265 319/319/266
f 320/320/267 319/319/266 321/321/268
f 322/322/269 320/320/267 321/321/268
f 323/323/270 322/322/269 321/321/268
f 323/323/270 321/321/268 324/324/271
f 325/325/272 323/323/270 324/324/271
f 326/326/273 325/325/272 324/324/271
f 326/326/273 327/327/274 325/325/272
f 326/326/273 328/328/275 327/327/274
f 329/329/276 327/327/274 328/328/275
f 330/330/277 329/329/276 328/328/275
f 331/331/278 329/329/276 330/330/277
f 332/332/279 331/331/278 330/330/277
f 333/333/280 331/331/278 332/332/279
f 334/334/281 333/333/280 332/332/279
f 335/335/282 333/333/280 334/334/281
f 336/336/283 335/335/282 334/334/281
f 337/337/284 335/335/282 336/336/283
f 338/338/285 337/337/284 336/336/283
f 339/339/286 337/337/284 338/338/285
f 340/340/287 339/339/286 338/338/285
f 341/341/288 339/339/286 340/340/287
f 342/342/289 339/339/286 341/341/288
f 343/343/290 342/342/289 341/341/288
f 344/344/291 342/342/289 343/343/290
f 345/345/292 344/344/291 343/343/290
f 346/346/293 345/345/292 343/343/290
f 347/347/294 348/348/295 349/349/293
f 347/347/294 350/350/296 348/348/295
f 347/347/294 351/351/297 350/350/296
f 352/352/298 351/351/297 347/347/294
f 352/352/298 353/353/299 351/351/297
f 354/354/300 353/353/299 352/352/298
f 354/354/300 355/355/301 353/353/299
f 356/356/302 355/355/301 354/354/300
f 356/356/302 357/357/303 355/355/301
f 358/358/304 357/357/303 356/356/302
f 358/358/304 359/359/305 357/357/303
f 360/360/306 359/359/305 358/358/304
f 360/360/306 361/361/307 359/359/305
f 362/362/308 361/361/307 360/360/306
f 362/362/308 363/363/309 361/361/307
f 364/364/310 363/363/309 362/362/308
f 364/364/310 365/365/311 363/363/309
f 366/366/275 365/365/311 364/364/310
f 366/366/275 367/367/312 365/365/311
f 367/367/312 366/366/275 368/368/313
f 369/369/314 367/367/312 368/368/313
f 369/369/314 368/368/313 370/370/315
f 370/370/315 371/371/316 369/369/314
f 370/370/315 372/372/317 371/371/316
f 372/372/317 373/373/318 371/371/316
f 372/372/317 374/374/319 373/373/318
f 372/372/317 375/375/320 374/374/319
f 375/375/320 376/376/321 374/374/319
f 377/377/322 376/376/321 375/375/320
f 377/377/322 378/378/323 376/376/321
f 379/379/324 378/378/323 377/377/322
f 379/379/324 380/380/325 378/378/323
f 379/379/324 381/381/326 380/380/325
f 382/382/327 381/381/326 379/379/324
f 383/383/328 381/381/326 382/382/327
f 383/383/328 384/384/329 381/381/326
f 385/385/20 386/386/330 387/387/18
f 386/386/330 388/388/331 387/387/18
f 387/387/18 388/388/331 389/389/332
f 388/388/331 390/390/333 389/389/332
f 390/390/333 391/391/334 389/389/332
f 391/391/334 392/392/335 389/389/332
f 392/392/335 391/391/334 393/393/336
f 394/394/12 392/392/335 393/393/336
f 395/395/10 396/396/337 397/397/338
f 396/396/337 398/398/339 397/397/338
f 399/399/340 397/397/338 398/398/339
f 398/398/339 400/400/341 399/399/340
f 400/400/341 401/401/342 399/399/340
f 401/401/342 402/402/343 399/399/340
f 402/402/343 401/401/342 403/403/344
f 404/404/2 402/402/343 403/403/344
f 405/405/245 406/406/345 407/407/346
f 406/406/345 408/408/347 407/407/346
f 407/407/346 408/408/347 409/409/348
f 408/408/347 410/410/349 409/409/348
f 409/409/348 410/410/349 411/411/350
f 410/410/349 412/412/351 411/411/350
f 413/413/352 305/305/252 304/304/251
f 413/413/352 304/304/251 309/309/256
f 413/413/352 309/309/256 308/308/255
f 307/307/254 414/414/353 415/415/354
f 308/308/255 307/307/254 415/415/354
f 416/416/355 417/417/19 418/418/356
f 419/419/357 418/418/356 417/417/19
f 419/419/357 420/420/358 418/418/356
f 420/420/358 421/421/359 418/418/356
f 420/420/358 422/422/360 421/421/359
f 422/422/360 420/420/358 423/423/361
f 422/422/360 423/423/361 424/424/362
f 422/422/360 424/424/362 425/425/363
f 424/424/362 426/426/364 425/425/363
f 426/426/364 427/427/365 425/425/363
f 427/427/365 426/426/364 428/428/366
f 426/426/364 429/429/367 428/428/366
f 430/430/368 431/431/369 432/432/330
f 433/433/370 432/432/330 431/431/369
f 434/434/371 433/433/370 431/431/369
f 435/435/372 434/434/371 431/431/369
f 434/434/371 435/435/372 436/436/373
f 434/434/371 436/436/373 437/437/374
f 437/437/374 436/436/373 438/438/375
f 438/438/375 436/436/373 439/439/376
f 438/438/375 439/439/376 440/440/377
f 439/439/376 441/441/378 440/440/377
f 441/441/378 442/442/379 440/440/377
f 442/442/379 443/443/380 440/440/377
f 444/444/381 445/445/23 446/446/382
f 445/445/23 444/444/381 447/447/383
f 444/444/381 448/448/384 447/447/383
f 444/444/381 449/449/385 448/448/384
f 449/449/385 450/450/386 448/448/384
f 451/451/387 448/448/384 450/450/386
f 452/452/388 451/451/387 450/450/386
f 453/453/389 452/452/388 450/450/386
f 453/453/389 454/454/390 452/452/388
f 453/453/389 455/455/391 454/454/390
f 456/456/392 454/454/390 455/455/391
f 456/456/392 457/457/393 454/454/390
f 458/458/41 459/459/394 460/460/395
f 459/459/394 458/458/41 461/461/396
f 459/459/394 461/461/396 462/462/397
f 459/459/394 462/462/397 463/463/398
f 464/464/399 463/463/398 462/462/397
f 465/465/400 464/464/399 462/462/397
f 466/466/401 464/464/399 465/465/400
f 467/467/402 464/464/399 466/466/401
f 468/468/403 467/467/402 466/466/401
f 468/468/403 469/469/404 467/467/402
f 468/468/403 470/470/405 469/469/404
f 468/468/403 471/471/406 470/470/405
f 472/472/407 473/473/408 474/474/409
f 475/475/410 474/474/409 473/473/408
f 474/474/409 476/476/411 472/472/407
f 475/475/410 477/477/412 474/474/409
f 478/478/413 477/477/412 475/475/410
f 474/474/409 479/479/414 476/476/411
f 480/480/415 477/477/412 478/478/413
f 479/479/414 474/474/409 481/481/416
f 479/479/414 481/481/416 482/482/417
f 483/483/418 481/481/416 474/474/409
f 477/477/412 483/483/418 474/474/409
f 484/484/419 477/477/412 480/480/415
f 484/484/419 485/485/420 477/477/412
f 477/477/412 486/486/421 483/483/418
f 485/485/420 486/486/421 477/477/412
f 486/486/421 481/481/416 483/483/418
f 485/485/420 487/487/422 486/486/421
f 481/481/416 486/486/421 488/488/423
f 487/487/422 488/488/423 486/486/421
f 481/481/416 488/488/423 482/482/417
f 488/488/423 487/487/422 482/482/417
f 489/489/424 490/490/425 491/491/426
f 490/490/425 489/489/424 492/492/427
f 491/491/426 493/493/428 489/489/424
f 489/489/424 494/494/429 492/492/427
f 492/492/427 494/494/429 495/495/430
f 493/493/428 496/496/431 489/489/424
f 495/495/430 494/494/429 497/497/432
f 498/498/433 489/489/424 496/496/431
f 499/499/434 498/498/433 496/496/431
f 497/497/432 494/494/429 500/500/435
f 489/489/424 498/498/433 501/501/436
f 489/489/424 501/501/436 494/494/429
f 494/494/429 502/502/437 500/500/435
f 494/494/429 503/503/438 502/502/437
f 501/501/436 498/498/433 503/503/438
f 501/501/436 503/503/438 494/494/429
f 503/503/438 504/504/439 502/502/437
f 505/505/440 503/503/438 498/498/433
f 503/503/438 505/505/440 504/504/439
f 499/499/434 505/505/440 498/498/433
f 499/499/434 504/504/439 505/505/440
f 499/499/441 506/506/442 507/507/443
f 506/506/442 508/508/444 507/507/443
f 509/509/445 507/507/443 508/508/444
f 508/508/444 506/506/442 510/510/446
f 511/511/447 509/509/445 508/508/444
f 508/508/444 512/512/448 511/511/447
f 512/512/448 508/508/444 513/513/449
f 508/508/444 514/514/450 513/513/449
f 508/508/444 510/510/446 514/514/450
f 513/513/449 514/514/450 515/515/451
f 515/515/451 514/514/450 516/516/452
f 516/516/452 514/514/450 517/517/453
f 514/514/450 518/518/454 517/517/453
f 510/510/446 519/519/455 514/514/450
f 514/514/450 519/519/455 518/518/454
f 510/510/446 506/506/442 519/519/455
f 519/519/455 520/520/456 518/518/454
f 519/519/455 521/521/457 520/520/456
f 499/499/441 521/521/457 506/506/442
f 521/521/457 519/519/455 506/506/442
f 499/499/441 520/520/456 521/521/457
f 522/522/458 523/523/459 524/524/460
f 523/523/459 522/522/458 525/525/461
f 524/524/460 526/526/462 522/522/458
f 522/522/458 527/527/463 525/525/461
f 525/525/461 527/527/463 528/528/464
f 526/526/462 529/529/465 522/522/458
f 528/528/464 527/527/463 530/530/466
f 531/531/467 522/522/458 529/529/465
f 532/532/468 531/531/467 529/529/465
f 522/522/458 533/533/469 527/527/463
f 522/522/458 531/531/467 533/533/469
f 530/530/466 527/527/463 534/534/470
f 527/527/463 535/535/471 534/534/470
f 527/527/463 536/536/472 535/535/471
f 533/533/469 531/531/467 536/536/472
f 533/533/469 536/536/472 527/527/463
f 536/536/472 537/537/473 535/535/471
f 538/538/474 536/536/472 531/531/467
f 536/536/472 538/538/474 537/537/473
f 532/532/468 538/538/474 531/531/467
f 532/532/468 537/537/473 538/538/474
f 539/539/475 540/540/476 541/541/477
f 542/542/478 541/541/477 540/540/476
f 541/541/477 543/543/479 539/539/475
f 542/542/478 544/544/480 541/541/477
f 545/545/481 544/544/480 542/542/478
f 541/541/477 546/546/482 543/543/479
f 547/547/483 544/544/480 545/545/481
f 546/546/482 541/541/477 548/548/484
f 546/546/482 548/548/484 549/549/485
f 550/550/486 544/544/480 547/547/483
f 544/544/480 551/551/487 541/541/477
f 551/551/487 548/548/484 541/541/477
f 550/550/486 552/552/488 544/544/480
f 544/544/480 553/553/489 551/551/487
f 552/552/488 553/553/489 544/544/480
f 553/553/489 548/548/484 551/551/487
f 552/552/488 554/554/490 553/553/489
f 554/554/490 555/555/491 553/553/489
f 548/548/484 555/555/491 549/549/485
f 548/548/484 553/553/489 555/555/491
f 555/555/491 554/554/490 549/549/485
f 556/556/492 557/557/493 549/549/494
f 558/558/495 556/556/492 549/549/494
f 558/558/495 559/559/496 556/556/492
f 557/557/493 556/556/492 559/559/496
f 560/560/497 557/557/493 559/559/496
f 561/561/498 558/558/495 549/549/494
f 559/559/496 558/558/495 562/562/499
f 562/562/499 558/558/495 563/563/500
f 561/561/498 563/563/500 558/558/495
f 563/563/500 561/561/498 564/564/501
f 560/560/497 559/559/496 565/565/502
f 565/565/502 559/559/496 562/562/499
f 566/566/503 560/560/497 565/565/502
f 566/566/503 565/565/502 567/567/504
f 565/565/502 562/562/499 563/563/500
f 567/567/504 565/565/502 568/568/505
f 568/568/505 565/565/502 569/569/506
f 569/569/506 565/565/502 563/563/500
f 569/569/506 563/563/500 570/570/507
f 563/563/500 564/564/501 571/571/508
f 571/571/508 570/570/507 563/563/500
f 572/572/509 573/573/510 574/574/511
f 573/573/510 572/572/509 575/575/512
f 574/574/511 576/576/513 572/572/509
f 572/572/509 577/577/514 575/575/512
f 575/575/512 577/577/514 578/578/515
f 576/576/513 579/579/516 572/572/509
f 578/578/515 577/577/514 580/580/517
f 581/581/518 572/572/509 579/579/516
f 582/582/519 581/581/518 579/579/516
f 572/572/509 581/581/518 583/583/520
f 572/572/509 583/583/520 577/577/514
f 580/580/517 577/577/514 584/584/521
f 577/577/514 585/585/522 584/584/521
f 583/583/520 586/586/523 577/577/514
f 577/577/514 586/586/523 585/585/522
f 583/583/520 581/581/518 586/586/523
f 586/586/523 587/587/524 585/585/522
f 586/586/523 588/588/525 587/587/524
f 582/582/519 588/588/525 581/581/518
f 588/588/525 586/586/523 581/581/518
f 582/582/519 587/587/524 588/588/525
f 589/589/526 590/590/527 591/591/528
f 592/592/529 591/591/528 590/590/527
f 591/591/528 593/593/530 589/589/526
f 592/592/529 594/594/531 591/591/528
f 595/595/532 594/594/531 592/592/529
f 596/596/533 594/594/531 595/595/532
f 593/593/530 591/591/528 597/597/534
f 593/593/530 597/597/534 598/598/535
f 594/594/531 599/599/536 591/591/528
f 599/599/536 597/597/534 591/591/528
f 600/600/537 594/594/531 596/596/533
f 600/600/537 601/601/538 594/594/531
f 601/601/538 602/602/539 594/594/531
f 602/602/539 597/597/534 599/599/536
f 594/594/531 602/602/539 599/599/536
f 601/601/538 603/603/540 602/602/539
f 597/597/534 604/604/541 598/598/535
f 597/597/534 602/602/539 604/604/541
f 603/603/540 604/604/541 602/602/539
f 604/604/541 603/603/540 598/598/535
f 605/605/542 606/606/459 607/607/460
f 606/606/459 605/605/542 608/608/461
f 607/607/460 609/609/462 605/605/542
f 605/605/542 610/610/463 608/608/461
f 608/608/461 610/610/463 611/611/464
f 609/609/462 612/612/465 605/605/542
f 611/611/464 610/610/463 613/613/466
f 614/614/467 605/605/542 612/612/465
f 615/615/468 614/614/467 612/612/465
f 605/605/542 614/614/467 616/616/543
f 605/605/542 616/616/543 610/610/463
f 613/613/466 610/610/463 617/617/544
f 610/610/463 618/618/471 617/617/544
f 616/616/543 619/619/545 610/610/463
f 610/610/463 619/619/545 618/618/471
f 616/616/543 614/614/467 619/619/545
f 619/619/545 620/620/473 618/618/471
f 619/619/545 621/621/546 620/620/473
f 615/615/468 621/621/546 614/614/467
f 621/621/546 619/619/545 614/614/467
f 615/615/468 620/620/473 621/621/546
f 622/622/475 623/623/476 624/624/547
f 625/625/478 624/624/547 623/623/476
f 624/624/547 626/626/479 622/622/475
f 625/625/478 627/627/480 624/624/547
f 628/628/481 627/627/480 625/625/478
f 624/624/547 629/629/482 626/626/479
f 630/630/483 627/627/480 628/628/481
f 629/629/482 624/624/547 631/631/484
f 629/629/482 631/631/484 632/632/485
f 633/633/548 631/631/484 624/624/547
f 627/627/480 633/633/548 624/624/547
f 634/634/549 627/627/480 630/630/483
f 634/634/549 635/635/488 627/627/480
f 635/635/488 636/636/550 627/627/480
f 636/636/550 631/631/484 633/633/548
f 627/627/480 636/636/550 633/633/548
f 635/635/488 637/637/490 636/636/550
f 631/631/484 636/636/550 638/638/551
f 637/637/490 638/638/551 636/636/550
f 631/631/484 638/638/551 632/632/485
f 638/638/551 637/637/490 632/632/485
f 639/639/498 640/640/552 632/632/494
f 639/639/498 641/641/553 640/640/552
f 641/641/553 639/639/498 642/642/501
f 641/641/553 642/642/501 643/643/508
f 643/643/508 644/644/507 641/641/553
f 645/645/506 641/641/553 644/644/507
f 645/645/506 646/646/554 641/641/553
f 647/647/505 646/646/554 645/645/506
f 648/648/504 646/646/554 647/647/505
f 649/649/555 640/640/552 641/641/553
f 646/646/554 649/649/555 641/641/553
f 650/650/503 646/646/554 648/648/504
f 650/650/503 651/651/497 646/646/554
f 646/646/554 652/652/556 649/649/555
f 651/651/497 652/652/556 646/646/554
f 652/652/556 640/640/552 649/649/555
f 651/651/497 653/653/493 652/652/556
f 640/640/552 652/652/556 654/654/557
f 653/653/493 654/654/557 652/652/556
f 640/640/552 654/654/557 632/632/494
f 654/654/557 653/653/493 632/632/494
f 655/655/407 656/656/408 657/657/558
f 658/658/410 657/657/558 656/656/408
f 657/657/558 659/659/411 655/655/407
f 658/658/410 660/660/559 657/657/558
f 661/661/413 660/660/559 658/658/410
f 657/657/558 662/662/414 659/659/411
f 663/663/415 660/660/559 661/661/413
f 662/662/414 657/657/558 664/664/416
f 662/662/414 664/664/416 665/665/417
f 660/660/559 666/666/560 657/657/558
f 666/666/560 664/664/416 657/657/558
f 667/667/561 660/660/559 663/663/415
f 667/667/561 668/668/420 660/660/559
f 668/668/420 669/669/562 660/660/559
f 669/669/562 664/664/416 666/666/560
f 660/660/559 669/669/562 666/666/560
f 668/668/420 670/670/422 669/669/562
f 664/664/416 671/671/563 665/665/417
f 664/664/416 669/669/562 671/671/563
f 670/670/422 671/671/563 669/669/562
f 671/671/563 670/670/422 665/665/417
f 672/672/564 673/673/425 674/674/426
f 673/673/425 672/672/564 675/675/427
f 674/674/426 676/676/428 672/672/564
f 672/672/564 677/677/429 675/675/427
f 675/675/427 677/677/429 678/678/430
f 676/676/428 679/679/431 672/672/564
f 678/678/430 677/677/429 680/680/432
f 681/681/565 672/672/564 679/679/431
f 682/682/434 681/681/565 679/679/431
f 680/680/432 677/677/429 683/683/566
f 672/672/564 684/684/567 677/677/429
f 672/672/564 681/681/565 684/684/567
f 677/677/429 685/685/437 683/683/566
f 684/684/567 686/686/568 677/677/429
f 677/677/429 686/686/568 685/685/437
f 684/684/567 681/681/565 686/686/568
f 686/686/568 687/687/439 685/685/437
f 686/686/568 688/688/569 687/687/439
f 682/682/434 688/688/569 681/681/565
f 688/688/569 686/686/568 681/681/565
f 682/682/434 687/687/439 688/688/569
f 682/682/570 689/689/456 690/690/571
f 682/682/570 690/690/571 691/691/572
f 690/690/571 692/692/573 691/691/572
f 692/692/573 690/690/571 689/689/456
f 692/692/573 689/689/456 693/693/454
f 694/694/574 691/691/572 692/692/573
f 694/694/574 692/692/573 695/695/575
f 695/695/575 692/692/573 693/693/454
f 695/695/575 693/693/454 696/696/453
f 697/697/452 695/695/575 696/696/453
f 682/682/570 691/691/572 698/698/443
f 699/699/451 695/695/575 697/697/452
f 700/700/449 695/695/575 699/699/451
f 701/701/576 691/691/572 694/694/574
f 691/691/572 701/701/576 698/698/443
f 701/701/576 694/694/574 695/695/575
f 702/702/445 698/698/443 701/701/576
f 701/701/576 695/695/575 700/700/449
f 703/703/448 701/701/576 700/700/449
f 704/704/447 702/702/445 701/701/576
f 701/701/576 703/703/448 704/704/447
f 705/705/577 706/706/527 707/707/578
f 708/708/529 707/707/578 706/706/527
f 707/707/578 709/709/579 705/705/577
f 708/708/529 710/710/531 707/707/578
f 711/711/532 710/710/531 708/708/529
f 707/707/578 712/712/580 709/709/579
f 713/713/533 710/710/531 711/711/532
f 712/712/580 707/707/578 714/714/581
f 712/712/580 714/714/581 715/715/582
f 716/716/583 714/714/581 707/707/578
f 710/710/531 716/716/583 707/707/578
f 717/717/537 710/710/531 713/713/533
f 717/717/537 718/718/538 710/710/531
f 710/710/531 719/719/584 716/716/583
f 718/718/538 719/719/584 710/710/531
f 719/719/584 714/714/581 716/716/583
f 718/718/538 720/720/540 719/719/584
f 714/714/581 719/719/584 721/721/585
f 720/720/540 721/721/585 719/719/584
f 714/714/581 721/721/585 715/715/582
f 721/721/585 720/720/540 715/715/582
f 722/722/586 723/723/510 724/724/511
f 723/723/510 722/722/586 725/725/512
f 724/724/511 726/726/513 722/722/586
f 722/722/586 727/727/514 725/725/512
f 725/725/512 727/727/514 728/728/515
f 726/726/513 729/729/516 722/722/586
f 728/728/515 727/727/514 730/730/517
f 731/731/518 722/722/586 729/729/516
f 732/732/587 731/731/518 729/729/516
f 722/722/586 733/733/588 727/727/514
f 722/722/586 731/731/518 733/733/588
f 730/730/517 727/727/514 734/734/521
f 727/727/514 735/735/522 734/734/521
f 727/727/514 736/736/589 735/735/522
f 733/733/588 731/731/518 736/736/589
f 733/733/588 736/736/589 727/727/514
f 736/736/589 737/737/524 735/735/522
f 738/738/590 736/736/589 731/731/518
f 736/736/589 738/738/590 737/737/524
f 732/732/587 738/738/590 731/731/518
f 732/732/587 737/737/524 738/738/590
f 739/739/591 740/740/592 741/741/593
f 739/739/591 742/742/594 740/740/592
f 739/739/591 743/743/595 742/742/594
f 744/744/596 745/745/597 746/746/598
f 745/745/597 747/747/599 746/746/598
f 747/747/599 748/748/600 746/746/598
f 749/749/601 750/750/602 751/751/603
f 750/750/602 752/752/604 751/751/603
f 752/752/604 753/753/605 751/751/603
f 754/754/606 755/755/607 756/756/608
f 754/754/606 757/757/609 755/755/607
f 754/754/606 758/758/610 757/757/609
f 759/759/611 760/760/612 761/761/613
f 760/760/612 762/762/614 761/761/613
f 760/760/612 763/763/615 764/764/616
f 762/762/614 760/760/612 764/764/616
f 765/765/617 766/766/618 767/767/619
f 765/765/617 768/768/620 766/766/618
f 769/769/621 770/770/622 768/768/620
f 770/770/622 766/766/618 768/768/620
f 771/771/623 763/763/615 760/760/612
f 772/772/624 768/768/620 765/765/617
f 773/773/625 774/774/626 775/775/627
f 775/775/627 776/776/628 773/773/625
f 776/776/628 777/777/629 773/773/625
f 777/777/629 778/778/630 773/773/625
f 779/779/631 773/773/625 778/778/630
f 773/773/625 779/779/631 780/780/632
f 780/780/632 781/781/633 773/773/625
f 782/782/634 773/773/625 781/781/633
f 783/783/635 773/773/625 782/782/634
f 784/784/636 783/783/635 782/782/634
f 784/784/636 785/785/637 786/786/638
f 784/784/636 782/782/634 785/785/637
f 784/784/636 786/786/638 787/787/639
f 784/784/636 788/788/640 789/789/641
f 787/787/639 790/790/642 784/784/636
f 788/788/640 784/784/636 791/791/643
f 792/792/644 791/791/643 784/784/636
f 790/790/642 792/792/644 784/784/636
f 793/793/645 794/794/646 795/795/647
f 795/795/647 796/796/648 793/793/645
f 795/795/647 797/797/649 796/796/648
f 795/795/647 798/798/650 797/797/649
f 798/798/650 795/795/647 799/799/651
f 800/800/652 799/799/651 795/795/647
f 795/795/647 801/801/653 800/800/652
f 801/801/653 795/795/647 802/802/654
f 802/802/654 795/795/647 803/803/655
f 802/802/654 803/803/655 804/804/656
f 805/805/657 806/806/658 804/804/656
f 806/806/658 802/802/654 804/804/656
f 807/807/659 805/805/657 804/804/656
f 808/808/660 809/809/661 804/804/656
f 804/804/656 810/810/662 807/807/659
f 811/811/663 804/804/656 809/809/661
f 804/804/656 811/811/663 812/812/664
f 804/804/656 812/812/664 810/810/662
f 813/813/665 814/814/666 815/815/667
f 815/815/667 816/816/668 813/813/665
f 816/816/668 817/817/669 813/813/665
f 817/817/669 818/818/670 813/813/665
f 819/819/671 813/813/665 818/818/670
f 813/813/665 819/819/671 820/820/672
f 820/820/672 821/821/673 813/813/665
f 822/822/674 813/813/665 821/821/673
f 823/823/675 813/813/665 822/822/674
f 824/824/676 823/823/675 822/822/674
f 824/824/676 822/822/674 825/825/677
f 824/824/676 825/825/677 826/826/678
f 824/824/676 826/826/678 827/827/679
f 824/824/676 828/828/680 829/829/681
f 827/827/679 830/830/682 824/824/676
f 828/828/680 824/824/676 831/831/683
f 832/832/684 831/831/683 824/824/676
f 830/830/682 832/832/684 824/824/676
f 833/833/685 834/834/686 835/835/687
f 835/835/687 836/836/688 833/833/685
f 835/835/687 837/837/689 836/836/688
f 835/835/687 838/838/690 837/837/689
f 838/838/690 835/835/687 839/839/691
f 840/840/692 839/839/691 835/835/687
f 835/835/687 841/841/693 840/840/692
f 841/841/693 835/835/687 842/842/694
f 842/842/694 835/835/687 843/843/695
f 842/842/694 843/843/695 844/844/696
f 845/845/697 846/846/698 844/844/696
f 846/846/698 842/842/694 844/844/696
f 847/847/699 845/845/697 844/844/696
f 848/848/700 849/849/701 844/844/696
f 844/844/696 850/850/702 847/847/699
f 851/851/703 844/844/696 849/849/701
f 844/844/696 852/852/704 850/850/702
f 844/844/696 851/851/703 852/852/704
f 853/853/705 854/854/706 855/855/707
f 854/854/706 856/856/708 855/855/707
f 856/856/708 854/854/706 857/857/709
f 858/858/710 857/857/709 854/854/706
f 854/854/706 859/859/711 858/858/710
f 860/860/712 858/858/710 859/859/711
f 860/860/712 861/861/713 858/858/710
f 858/858/710 862/862/714 857/857/709
f 861/861/713 862/862/714 858/858/710
f 862/862/714 861/861/713 863/863/715
f 864/864/716 863/863/715 861/861/713
f 864/864/716 865/865/717 863/863/715
f 865/865/717 866/866/718 863/863/715
f 863/863/715 866/866/718 867/867/719
f 863/863/715 867/867/719 862/862/714
f 868/868/720 862/862/714 867/867/719
f 868/868/720 857/857/709 862/862/714
f 866/866/718 869/869/721 870/870/722
f 871/871/723 866/866/718 870/870/722
f 866/866/718 871/871/723 867/867/719
f 871/871/723 870/870/722 872/872/724
f 873/873/725 871/871/723 872/872/724
f 873/873/725 872/872/724 874/874/726
f 871/871/723 873/873/725 875/875/727
f 867/867/719 871/871/723 875/875/727
f 876/876/728 873/873/725 874/874/726
f 877/877/729 876/876/728 874/874/726
f 876/876/728 877/877/729 878/878/730
f 878/878/730 877/877/729 879/879/731
f 875/875/727 873/873/725 880/880/732
f 881/881/733 875/875/727 880/880/732
f 881/881/733 867/867/719 875/875/727
f 873/873/725 876/876/728 882/882/734
f 882/882/734 880/880/732 873/873/725
f 878/878/730 879/879/731 883/883/735
f 878/878/730 883/883/735 884/884/736
f 876/876/728 878/878/730 884/884/736
f 882/882/734 876/876/728 884/884/736
f 879/879/731 885/885/737 883/883/735
f 886/886/738 885/885/737 879/879/731
f 886/886/738 887/887/739 885/885/737
f 885/885/737 884/884/736 883/883/735
f 882/882/734 884/884/736 888/888/740
f 889/889/741 880/880/732 882/882/734
f 889/889/741 882/882/734 890/890/742
f 882/882/734 888/888/740 890/890/742
f 891/891/743 889/889/741 890/890/742
f 892/892/744 881/881/733 880/880/732
f 892/892/744 880/880/732 889/889/741
f 893/893/745 892/892/744 889/889/741
f 889/889/741 891/891/743 893/893/745
f 891/891/743 890/890/742 894/894/746
f 891/891/743 894/894/746 895/895/747
f 893/893/745 891/891/743 895/895/747
f 896/896/748 893/893/745 895/895/747
f 896/896/748 895/895/747 897/897/749
f 893/893/745 896/896/748 898/898/750
f 894/894/746 890/890/742 899/899/751
f 895/895/747 894/894/746 899/899/751
f 896/896/748 897/897/749 900/900/752
f 898/898/750 896/896/748 900/900/752
f 893/893/745 898/898/750 892/892/744
f 901/901/753 898/898/750 900/900/752
f 902/902/754 898/898/750 901/901/753
f 901/901/753 900/900/752 903/903/755
f 897/897/749 895/895/747 904/904/756
f 900/900/752 897/897/749 904/904/756
f 901/901/753 903/903/755 905/905/757
f 902/902/754 901/901/753 905/905/757
f 904/904/756 895/895/747 906/906/758
f 906/906/758 895/895/747 899/899/751
f 907/907/759 906/906/758 899/899/751
f 904/904/756 906/906/758 907/907/759
f 908/908/760 900/900/752 904/904/756
f 900/900/752 908/908/760 909/909/761
f 903/903/755 900/900/752 909/909/761
f 908/908/760 904/904/756 910/910/762
f 908/908/760 910/910/762 909/909/761
f 910/910/762 904/904/756 911/911/763
f 911/911/763 904/904/756 907/907/759
f 905/905/757 903/903/755 909/909/761
f 909/909/761 910/910/762 912/912/764
f 913/913/765 905/905/757 909/909/761
f 910/910/762 911/911/763 914/914/766
f 910/910/762 914/914/766 912/912/764
f 915/915/767 909/909/761 912/912/764
f 913/913/765 909/909/761 915/915/767
f 916/916/768 905/905/757 913/913/765
f 916/916/768 913/913/765 915/915/767
f 917/917/769 905/905/757 916/916/768
f 918/918/770 902/902/754 905/905/757
f 918/918/770 905/905/757 917/917/769
f 919/919/771 917/917/769 916/916/768
f 918/918/770 917/917/769 919/919/771
f 920/920/772 919/919/771 916/916/768
f 921/921/773 918/918/770 919/919/771
f 920/920/772 916/916/768 922/922/774
f 921/921/773 923/923/775 918/918/770
f 924/924/776 916/916/768 915/915/767
f 922/922/774 916/916/768 924/924/776
f 922/922/774 924/924/776 925/925/777
f 926/926/778 902/902/754 918/918/770
f 918/918/770 923/923/775 926/926/778
f 926/926/778 898/898/750 902/902/754
f 915/915/767 912/912/764 927/927/779
f 924/924/776 915/915/767 927/927/779
f 925/925/777 924/924/776 927/927/779
f 925/925/777 927/927/779 928/928/780
f 927/927/779 929/929/781 928/928/780
f 929/929/781 927/927/779 930/930/782
f 914/914/766 930/930/782 927/927/779
f 914/914/766 927/927/779 912/912/764
f 914/914/766 931/931/783 930/930/782
f 931/931/783 932/932/784 930/930/782
f 914/914/766 911/911/763 931/931/783
f 932/932/784 931/931/783 933/933/785
f 911/911/763 907/907/759 931/931/783
f 934/934/786 933/933/785 931/931/783
f 907/907/759 935/935/787 931/931/783
f 935/935/787 907/907/759 899/899/751
f 934/934/786 931/931/783 935/935/787
f 936/936/788 934/934/786 935/935/787
f 936/936/788 935/935/787 899/899/751
f 890/890/742 937/937/789 899/899/751
f 937/937/789 936/936/788 899/899/751
f 936/936/788 938/938/790 934/934/786
f 937/937/789 890/890/742 939/939/791
f 937/937/789 939/939/791 936/936/788
f 936/936/788 939/939/791 938/938/790
f 890/890/742 888/888/740 939/939/791
f 888/888/740 884/884/736 939/939/791
f 940/940/792 884/884/736 885/885/737
f 939/939/791 884/884/736 940/940/792
f 939/939/791 940/940/792 941/941/793
f 941/941/793 940/940/792 885/885/737
f 938/938/790 939/939/791 941/941/793
f 887/887/739 942/942/794 885/885/737
f 942/942/794 941/941/793 885/885/737
f 942/942/794 887/887/739 943/943/795
f 944/944/796 941/941/793 942/942/794
f 938/938/790 941/941/793 944/944/796
f 943/943/795 944/944/796 942/942/794
f 934/934/786 938/938/790 944/944/796
f 934/934/786 944/944/796 933/933/785
f 944/944/796 943/943/795 945/945/797
f 944/944/796 946/946/798 933/933/785
f 946/946/798 944/944/796 945/945/797
f 855/855/707 947/947/799 853/853/705
f 855/855/707 948/948/800 947/947/799
f 949/949/801 947/947/799 948/948/800
f 947/947/799 949/949/801 950/950/802
f 950/950/802 951/951/803 947/947/799
f 951/951/803 950/950/802 952/952/804
f 950/950/802 953/953/805 952/952/804
f 949/949/801 954/954/806 950/950/802
f 950/950/802 954/954/806 953/953/805
f 955/955/807 953/953/805 954/954/806
f 953/953/805 955/955/807 956/956/808
f 955/955/807 957/957/809 956/956/808
f 955/955/807 958/958/810 957/957/809
f 870/870/722 869/869/721 958/958/810
f 959/959/811 958/958/810 955/955/807
f 954/954/806 959/959/811 955/955/807
f 959/959/811 954/954/806 960/960/812
f 954/954/806 949/949/801 960/960/812
f 959/959/811 961/961/813 958/958/810
f 870/870/722 958/958/810 961/961/813
f 872/872/724 870/870/722 962/962/814
f 874/874/726 872/872/724 962/962/814
f 962/962/814 870/870/722 961/961/813
f 963/963/815 962/962/814 961/961/813
f 959/959/811 963/963/815 961/961/813
f 874/874/726 962/962/814 877/877/729
f 964/964/816 963/963/815 959/959/811
f 879/879/731 877/877/729 965/965/817
f 966/966/818 962/962/814 963/963/815
f 964/964/816 966/966/818 963/963/815
f 877/877/729 962/962/814 967/967/819
f 967/967/819 965/965/817 877/877/729
f 962/962/814 966/966/818 967/967/819
f 968/968/820 965/965/817 967/967/819
f 968/968/820 967/967/819 969/969/821
f 967/967/819 966/966/818 970/970/822
f 970/970/822 969/969/821 967/967/819
f 968/968/820 971/971/823 965/965/817
f 971/971/823 879/879/731 965/965/817
f 972/972/824 968/968/820 969/969/821
f 971/971/823 973/973/825 879/879/731
f 879/879/731 973/973/825 886/886/738
f 973/973/825 887/887/739 886/886/738
f 971/971/823 968/968/820 973/973/825
f 974/974/826 969/969/821 970/970/822
f 974/974/826 972/972/824 969/969/821
f 973/973/825 975/975/827 887/887/739
f 943/943/795 887/887/739 975/975/827
f 973/973/825 968/968/820 976/976/828
f 973/973/825 977/977/829 975/975/827
f 973/973/825 976/976/828 977/977/829
f 975/975/827 977/977/829 978/978/830
f 945/945/797 943/943/795 978/978/830
f 975/975/827 978/978/830 943/943/795
f 945/945/797 978/978/830 979/979/831
f 980/980/832 979/979/831 978/978/830
f 978/978/830 981/981/833 982/982/834
f 980/980/832 978/978/830 982/982/834
f 978/978/830 977/977/829 981/981/833
f 983/983/835 980/980/832 982/982/834
f 980/980/832 983/983/835 984/984/836
f 985/985/837 984/984/836 983/983/835
f 986/986/838 983/983/835 982/982/834
f 982/982/834 981/981/833 987/987/839
f 986/986/838 982/982/834 987/987/839
f 977/977/829 988/988/840 981/981/833
f 981/981/833 988/988/840 987/987/839
f 977/977/829 976/976/828 988/988/840
f 976/976/828 968/968/820 988/988/840
f 988/988/840 968/968/820 972/972/824
f 987/987/839 988/988/840 989/989/841
f 988/988/840 974/974/826 989/989/841
f 988/988/840 972/972/824 974/974/826
f 990/990/842 987/987/839 989/989/841
f 990/990/842 989/989/841 974/974/826
f 990/990/842 986/986/838 987/987/839
f 990/990/842 974/974/826 991/991/843
f 974/974/826 970/970/822 992/992/844
f 991/991/843 974/974/826 992/992/844
f 990/990/842 993/993/845 986/986/838
f 983/983/835 986/986/838 993/993/845
f 994/994/846 992/992/844 970/970/822
f 970/970/822 966/966/818 995/995/847
f 970/970/822 995/995/847 994/994/846
f 995/995/847 966/966/818 964/964/816
f 996/996/848 991/991/843 992/992/844
f 996/996/848 992/992/844 994/994/846
f 990/990/842 991/991/843 996/996/848
f 964/964/816 959/959/811 960/960/812
f 995/995/847 964/964/816 960/960/812
f 997/997/849 995/995/847 960/960/812
f 949/949/801 997/997/849 960/960/812
f 998/998/850 949/949/801 948/948/800
f 997/997/849 949/949/801 998/998/850
f 999/999/851 997/997/849 998/998/850
f 999/999/851 995/995/847 997/997/849
f 995/995/847 999/999/851 994/994/846
f 855/855/707 923/923/775 948/948/800
f 923/923/775 998/998/850 948/948/800
f 1000/1000/852 923/923/775 855/855/707
f 923/923/775 1001/1001/853 998/998/850
f 1001/1001/853 999/999/851 998/998/850
f 1001/1001/853 923/923/775 921/921/773
f 1002/1002/854 999/999/851 1001/1001/853
f 919/919/771 1003/1003/855 921/921/773
f 1003/1003/855 1001/1001/853 921/921/773
f 919/919/771 1004/1004/856 1003/1003/855
f 1004/1004/856 1005/1005/857 1003/1003/855
f 1005/1005/857 1001/1001/853 1003/1003/855
f 1001/1001/853 1006/1006/858 1002/1002/854
f 1005/1005/857 1006/1006/858 1001/1001/853
f 994/994/846 999/999/851 1002/1002/854
f 1005/1005/857 1007/1007/859 1006/1006/858
f 1002/1002/854 1008/1008/860 994/994/846
f 996/996/848 994/994/846 1008/1008/860
f 1009/1009/861 1008/1008/860 1002/1002/854
f 1007/1007/859 1009/1009/861 1006/1006/858
f 1009/1009/861 1002/1002/854 1006/1006/858
f 1010/1010/862 996/996/848 1008/1008/860
f 1009/1009/861 1010/1010/862 1008/1008/860
f 1011/1011/863 1010/1010/862 1009/1009/861
f 1011/1011/863 996/996/848 1010/1010/862
f 1012/1012/864 996/996/848 1011/1011/863
f 990/990/842 996/996/848 1012/1012/864
f 990/990/842 1012/1012/864 993/993/845
f 993/993/845 1012/1012/864 1011/1011/863
f 1011/1011/863 1009/1009/861 1013/1013/865
f 983/983/835 993/993/845 1014/1014/866
f 993/993/845 1011/1011/863 1014/1014/866
f 1015/1015/867 1011/1011/863 1013/1013/865
f 1014/1014/866 1011/1011/863 1015/1015/867
f 1016/1016/868 1015/1015/867 1013/1013/865
f 1016/1016/868 1009/1009/861 1007/1007/859
f 1016/1016/868 1013/1013/865 1009/1009/861
f 1017/1017/869 1014/1014/866 1015/1015/867
f 985/985/837 983/983/835 1017/1017/869
f 983/983/835 1014/1014/866 1017/1017/869
f 1018/1018/870 1015/1015/867 1016/1016/868
f 1018/1018/870 1017/1017/869 1015/1015/867
f 1018/1018/870 1019/1019/871 1017/1017/869
f 928/928/780 1019/1019/871 925/925/777
f 1019/1019/871 985/985/837 1017/1017/869
f 928/928/780 1020/1020/872 1019/1019/871
f 985/985/837 1019/1019/871 1020/1020/872
f 1019/1019/871 1021/1021/873 925/925/777
f 1019/1019/871 1018/1018/870 1022/1022/874
f 1018/1018/870 1016/1016/868 1022/1022/874
f 1019/1019/871 1022/1022/874 1021/1021/873
f 925/925/777 1021/1021/873 922/922/774
f 1022/1022/874 1016/1016/868 1023/1023/875
f 1021/1021/873 1024/1024/876 922/922/774
f 1022/1022/874 1024/1024/876 1021/1021/873
f 1022/1022/874 1023/1023/875 1024/1024/876
f 922/922/774 1024/1024/876 920/920/772
f 1024/1024/876 919/919/771 920/920/772
f 1024/1024/876 1004/1004/856 919/919/771
f 1016/1016/868 1005/1005/857 1023/1023/875
f 1023/1023/875 1005/1005/857 1024/1024/876
f 1024/1024/876 1005/1005/857 1004/1004/856
f 1016/1016/868 1007/1007/859 1005/1005/857
f 1025/1025/877 1026/1026/878 1027/1027/879
f 1028/1028/880 1027/1027/879 1026/1026/878
f 1028/1028/880 1029/1029/881 1027/1027/879
f 1030/1030/882 1027/1027/879 1029/1029/881
f 1028/1028/880 1031/1031/883 1029/1029/881
f 1028/1028/880 1026/1026/878 1031/1031/883
f 1026/1026/878 1032/1032/84 1031/1031/883
f 1030/1030/882 1029/1029/881 1033/1033/884
f 1032/1032/84 1034/1034/885 1031/1031/883
f 1035/1035/886 1033/1033/884 1029/1029/881
f 1036/1036/887 1031/1031/883 1034/1034/885
f 1033/1033/884 1035/1035/886 1037/1037/888
f 1038/1038/889 1033/1033/884 1037/1037/888
f 1038/1038/889 1037/1037/888 1039/1039/890
f 1035/1035/886 1040/1040/891 1037/1037/888
f 1035/1035/886 1029/1029/881 1040/1040/891
f 1029/1029/881 1041/1041/892 1040/1040/891
f 1041/1041/892 1029/1029/881 1031/1031/883
f 1041/1041/892 1031/1031/883 1042/1042/893
f 1041/1041/892 1042/1042/893 1040/1040/891
f 1036/1036/887 1042/1042/893 1031/1031/883
f 1036/1036/887 1043/1043/894 1042/1042/893
f 1036/1036/887 1034/1034/885 1043/1043/894
f 1034/1034/885 1044/1044/895 1043/1043/894
f 1044/1044/895 1045/1045/896 1043/1043/894
f 1046/1046/897 1040/1040/891 1042/1042/893
f 1047/1047/898 1042/1042/893 1043/1043/894
f 1046/1046/897 1042/1042/893 1048/1048/899
f 1042/1042/893 1047/1047/898 1048/1048/899
f 1043/1043/894 1045/1045/896 1049/1049/900
f 1047/1047/898 1050/1050/901 1048/1048/899
f 1050/1050/901 1047/1047/898 1043/1043/894
f 1043/1043/894 1049/1049/900 1050/1050/901
f 1049/1049/900 1051/1051/902 1050/1050/901
f 1049/1049/900 1045/1045/896 1051/1051/902
f 1045/1045/896 1052/1052/903 1051/1051/902
f 1052/1052/903 1053/1053/904 1051/1051/902
f 1053/1053/904 1054/1054/905 1051/1051/902
f 1051/1051/902 1054/1054/905 1055/1055/906
f 1054/1054/905 1056/1056/907 1055/1055/906
f 1057/1057/908 1055/1055/906 1056/1056/907
f 1058/1058/909 1051/1051/902 1055/1055/906
f 1051/1051/902 1058/1058/909 1050/1050/901
f 1055/1055/906 1057/1057/908 1059/1059/910
f 1060/1060/911 1059/1059/910 1057/1057/908
f 1060/1060/911 1061/1061/912 1059/1059/910
f 1059/1059/910 1062/1062/913 1055/1055/906
f 1050/1050/901 1058/1058/909 1062/1062/913
f 1058/1058/909 1055/1055/906 1062/1062/913
f 1062/1062/913 1059/1059/910 1063/1063/914
f 1063/1063/914 1059/1059/910 1061/1061/912
f 1061/1061/912 1064/1064/915 1063/1063/914
f 1065/1065/916 1063/1063/914 1064/1064/915
f 1066/1066/917 1050/1050/901 1062/1062/913
f 1067/1067/918 1062/1062/913 1063/1063/914
f 1048/1048/899 1050/1050/901 1066/1066/917
f 1066/1066/917 1062/1062/913 1068/1068/919
f 1067/1067/918 1068/1068/919 1062/1062/913
f 1048/1048/899 1066/1066/917 1068/1068/919
f 1067/1067/918 1063/1063/914 1069/1069/920
f 1065/1065/916 1069/1069/920 1063/1063/914
f 1068/1068/919 1067/1067/918 1069/1069/920
f 1069/1069/920 1065/1065/916 1070/1070/921
f 1071/1071/922 1069/1069/920 1070/1070/921
f 1072/1072/923 1073/1073/924 1068/1068/919
f 1072/1072/923 1068/1068/919 1069/1069/920
f 1071/1071/922 1074/1074/925 1069/1069/920
f 1072/1072/923 1069/1069/920 1074/1074/925
f 1074/1074/925 1071/1071/922 1075/1075/926
f 1071/1071/922 1070/1070/921 1075/1075/926
f 1076/1076/927 1075/1075/926 1070/1070/921
f 1073/1073/924 1072/1072/923 1074/1074/925
f 1077/1077/928 1074/1074/925 1075/1075/926
f 1078/1078/929 1048/1048/899 1068/1068/919
f 1078/1078/929 1068/1068/919 1073/1073/924
f 1078/1078/929 1079/1079/930 1048/1048/899
f 1079/1079/930 1078/1078/929 1073/1073/924
f 1046/1046/897 1048/1048/899 1079/1079/930
f 1040/1040/891 1046/1046/897 1079/1079/930
f 1080/1080/931 1037/1037/888 1040/1040/891
f 1080/1080/931 1040/1040/891 1079/1079/930
f 1080/1080/931 1081/1081/932 1037/1037/888
f 1080/1080/931 1079/1079/930 1081/1081/932
f 1082/1082/933 1079/1079/930 1073/1073/924
f 1082/1082/933 1081/1081/932 1079/1079/930
f 1081/1081/932 1082/1082/933 1083/1083/934
f 1082/1082/933 1073/1073/924 1083/1083/934
f 1084/1084/935 1039/1039/890 1037/1037/888
f 1084/1084/935 1037/1037/888 1081/1081/932
f 1039/1039/890 1084/1084/935 1085/1085/936
f 1084/1084/935 1081/1081/932 1085/1085/936
f 1086/1086/937 1039/1039/890 1085/1085/936
f 1086/1086/937 1085/1085/936 1087/1087/938
f 1088/1088/58 1081/1081/932 1083/1083/934
f 1088/1088/58 1085/1085/936 1081/1081/932
f 1089/1089/939 1087/1087/938 1085/1085/936
f 1085/1085/936 1088/1088/58 1090/1090/940
f 1089/1089/939 1085/1085/936 1090/1090/940
f 1088/1088/58 1083/1083/934 1090/1090/940
f 1089/1089/939 1090/1090/940 1091/1091/941
f 1089/1089/939 1091/1091/941 1087/1087/938
f 1092/1092/942 1087/1087/938 1091/1091/941
f 1092/1092/942 1091/1091/941 1093/1093/943
f 1094/1094/944 1090/1090/940 1083/1083/934
f 1095/1095/945 1093/1093/943 1091/1091/941
f 1096/1096/946 1091/1091/941 1090/1090/940
f 1093/1093/943 1095/1095/945 1097/1097/947
f 1098/1098/948 1093/1093/943 1097/1097/947
f 1095/1095/945 1091/1091/941 1099/1099/949
f 1091/1091/941 1096/1096/946 1099/1099/949
f 1095/1095/945 1099/1099/949 1097/1097/947
f 1098/1098/948 1097/1097/947 1100/1100/950
f 1094/1094/944 1101/1101/951 1090/1090/940
f 1096/1096/946 1101/1101/951 1099/1099/949
f 1096/1096/946 1090/1090/940 1101/1101/951
f 1102/1102/952 1100/1100/950 1103/1103/878
f 1100/1100/950 1104/1104/953 1103/1103/878
f 1104/1104/953 1100/1100/950 1097/1097/947
f 1104/1104/953 1097/1097/947 1105/1105/954
f 1104/1104/953 1105/1105/954 1103/1103/878
f 1106/1106/84 1103/1103/878 1105/1105/954
f 1106/1106/84 1105/1105/954 1107/1107/885
f 1108/1108/955 1097/1097/947 1099/1099/949
f 1108/1108/955 1105/1105/954 1097/1097/947
f 1105/1105/954 1109/1109/956 1107/1107/885
f 1109/1109/956 1105/1105/954 1110/1110/957
f 1108/1108/955 1099/1099/949 1110/1110/957
f 1108/1108/955 1110/1110/957 1105/1105/954
f 1109/1109/956 1110/1110/957 1111/1111/958
f 1109/1109/956 1111/1111/958 1107/1107/885
f 1112/1112/895 1107/1107/885 1111/1111/958
f 1112/1112/895 1111/1111/958 1113/1113/959
f 1114/1114/960 1099/1099/949 1101/1101/951
f 1099/1099/949 1114/1114/960 1110/1110/957
f 1110/1110/957 1115/1115/961 1111/1111/958
f 1114/1114/960 1116/1116/962 1110/1110/957
f 1115/1115/961 1110/1110/957 1116/1116/962
f 1114/1114/960 1101/1101/951 1116/1116/962
f 1115/1115/961 1117/1117/963 1111/1111/958
f 1115/1115/961 1116/1116/962 1117/1117/963
f 1111/1111/958 1118/1118/964 1113/1113/959
f 1118/1118/964 1111/1111/958 1117/1117/963
f 1118/1118/964 1117/1117/963 1119/1119/965
f 1118/1118/964 1119/1119/965 1113/1113/959
f 1120/1120/903 1113/1113/959 1119/1119/965
f 1120/1120/903 1119/1119/965 1121/1121/966
f 1119/1119/965 1122/1122/967 1121/1121/966
f 1122/1122/967 1119/1119/965 1123/1123/968
f 1122/1122/967 1123/1123/968 1124/1124/969
f 1123/1123/968 1125/1125/970 1124/1124/969
f 1126/1126/971 1123/1123/968 1119/1119/965
f 1117/1117/963 1126/1126/971 1119/1119/965
f 1123/1123/968 1127/1127/972 1125/1125/970
f 1127/1127/972 1128/1128/973 1125/1125/970
f 1128/1128/973 1127/1127/972 1129/1129/974
f 1130/1130/975 1127/1127/972 1123/1123/968
f 1126/1126/971 1117/1117/963 1130/1130/975
f 1126/1126/971 1130/1130/975 1123/1123/968
f 1131/1131/976 1129/1129/974 1127/1127/972
f 1127/1127/972 1130/1130/975 1131/1131/976
f 1075/1075/926 1076/1076/927 1131/1131/976
f 1129/1129/974 1131/1131/976 1132/1132/977
f 1076/1076/927 1132/1132/977 1131/1131/976
f 1133/1133/978 1131/1131/976 1130/1130/975
f 1133/1133/978 1075/1075/926 1131/1131/976
f 1133/1133/978 1134/1134/979 1075/1075/926
f 1134/1134/979 1133/1133/978 1130/1130/975
f 1077/1077/928 1075/1075/926 1134/1134/979
f 1135/1135/980 1134/1134/979 1130/1130/975
f 1135/1135/980 1130/1130/975 1117/1117/963
f 1136/1136/981 1077/1077/928 1134/1134/979
f 1136/1136/981 1074/1074/925 1077/1077/928
f 1116/1116/962 1135/1135/980 1117/1117/963
f 1116/1116/962 1134/1134/979 1135/1135/980
f 1137/1137/982 1134/1134/979 1116/1116/962
f 1134/1134/979 1137/1137/982 1136/1136/981
f 1101/1101/951 1137/1137/982 1116/1116/962
f 1137/1137/982 1101/1101/951 1136/1136/981
f 1094/1094/944 1136/1136/981 1101/1101/951
f 1094/1094/944 1083/1083/934 1136/1136/981
f 1083/1083/934 1138/1138/983 1136/1136/981
f 1138/1138/983 1073/1073/924 1074/1074/925
f 1138/1138/983 1083/1083/934 1073/1073/924
f 1138/1138/983 1074/1074/925 1136/1136/981
f 1000/1000/852 926/926/778 923/923/775
f 855/855/707 856/856/708 1000/1000/852
f 856/856/708 1139/1139/984 1000/1000/852
f 1139/1139/984 926/926/778 1000/1000/852
f 926/926/778 1139/1139/984 898/898/750
f 856/856/708 857/857/709 1139/1139/984
f 1139/1139/984 857/857/709 1140/1140/985
f 1139/1139/984 1140/1140/985 898/898/750
f 1140/1140/985 892/892/744 898/898/750
f 857/857/709 868/868/720 1140/1140/985
f 868/868/720 867/867/719 881/881/733
f 881/881/733 892/892/744 1140/1140/985
f 868/868/720 881/881/733 1140/1140/985
f 1141/1141/986 1142/1142/987 1143/1143/988
f 1144/1144/989 1145/1145/990 1146/1146/991
f 1147/1147/992 1145/1145/990 1144/1144/989
f 1147/1147/992 1141/1141/986 1143/1143/988
f 1147/1147/992 1144/1144/989 1141/1141/986
f 1145/1145/990 1147/1147/992 1148/1148/993
f 1149/1149/994 1145/1145/990 1148/1148/993
f 1150/1150/995 1147/1147/992 1143/1143/988
f 1143/1143/988 1151/1151/996 1150/1150/995
f 1150/1150/995 1152/1152/997 1147/1147/992
f 1147/1147/992 1152/1152/997 1148/1148/993
f 1153/1153/998 1149/1149/994 1148/1148/993
f 1149/1149/994 1153/1153/998 1154/1154/999
f 1154/1154/999 1153/1153/998 1155/1155/1000
f 1155/1155/1000 1153/1153/998 1156/1156/1001
f 1153/1153/998 1157/1157/1002 1156/1156/1001
f 1158/1158/1003 1156/1156/1001 1159/1159/1004
f 1158/1158/1003 1159/1159/1004 1160/1160/1005
f 1156/1156/1001 1157/1157/1002 1159/1159/1004
f 1161/1161/1006 1160/1160/1005 1159/1159/1004
f 1159/1159/1004 1162/1162/1007 1161/1161/1006
f 1163/1163/1008 1161/1161/1006 1164/1164/1009
f 1163/1163/1008 1164/1164/1009 1165/1165/1010
f 1161/1161/1006 1162/1162/1007 1164/1164/1009
f 1165/1165/1010 1164/1164/1009 1166/1166/1011
f 1164/1164/1009 1167/1167/1012 1166/1166/1011
f 1168/1168/1013 1166/1166/1011 1169/1169/1014
f 1168/1168/1013 1169/1169/1014 1170/1170/1015
f 1166/1166/1011 1167/1167/1012 1169/1169/1014
f 1170/1170/1015 1169/1169/1014 1171/1171/1016
f 1170/1170/1015 1171/1171/1016 1172/1172/1017
f 1173/1173/1018 1172/1172/1017 1171/1171/1016
f 1169/1169/1014 1174/1174/1019 1171/1171/1016
f 1173/1173/1018 1171/1171/1016 1175/1175/1020
f 1171/1171/1016 1174/1174/1019 1176/1176/1021
f 1175/1175/1020 1171/1171/1016 1177/1177/1022
f 1171/1171/1016 1178/1178/1023 1177/1177/1022
f 1171/1171/1016 1176/1176/1021 1178/1178/1023
f 1179/1179/1024 1177/1177/1022 1180/1180/1025
f 1179/1179/1024 1180/1180/1025 1181/1181/1026
f 1177/1177/1022 1178/1178/1023 1180/1180/1025
f 1181/1181/1026 1180/1180/1025 1182/1182/1027
f 1180/1180/1025 1183/1183/1028 1182/1182/1027
f 1151/1151/996 1184/1184/1029 1150/1150/995
f 1184/1184/1029 1151/1151/996 1185/1185/1030
f 1182/1182/1027 1186/1186/1031 1184/1184/1029
f 1150/1150/995 1184/1184/1029 1186/1186/1031
f 1182/1182/1027 1183/1183/1028 1186/1186/1031
f 1187/1187/1032 1186/1186/1031 1183/1183/1028
f 1187/1187/1032 1188/1188/1033 1186/1186/1031
f 1188/1188/1033 1150/1150/995 1186/1186/1031
f 1188/1188/1033 1152/1152/997 1150/1150/995
f 1188/1188/1033 1189/1189/1034 1152/1152/997
f 1189/1189/1034 1148/1148/993 1152/1152/997
f 1189/1189/1034 1153/1153/998 1148/1148/993
f 1190/1190/1035 1157/1157/1002 1153/1153/998
f 1189/1189/1034 1190/1190/1035 1153/1153/998
f 1190/1190/1035 1189/1189/1034 1188/1188/1033
f 1190/1190/1035 1159/1159/1004 1157/1157/1002
f 1190/1190/1035 1191/1191/1036 1159/1159/1004
f 1191/1191/1036 1162/1162/1007 1159/1159/1004
f 1192/1192/1037 1191/1191/1036 1190/1190/1035
f 1191/1191/1036 1164/1164/1009 1162/1162/1007
f 1192/1192/1037 1167/1167/1012 1164/1164/1009
f 1191/1191/1036 1192/1192/1037 1164/1164/1009
f 1192/1192/1037 1169/1169/1014 1167/1167/1012
f 1192/1192/1037 1193/1193/1038 1169/1169/1014
f 1193/1193/1038 1174/1174/1019 1169/1169/1014
f 1194/1194/1039 1192/1192/1037 1190/1190/1035
f 1193/1193/1038 1192/1192/1037 1194/1194/1039
f 1193/1193/1038 1176/1176/1021 1174/1174/1019
f 1194/1194/1039 1178/1178/1023 1176/1176/1021
f 1193/1193/1038 1194/1194/1039 1176/1176/1021
f 1194/1194/1039 1180/1180/1025 1178/1178/1023
f 1194/1194/1039 1187/1187/1032 1180/1180/1025
f 1187/1187/1032 1183/1183/1028 1180/1180/1025
f 1188/1188/1033 1187/1187/1032 1194/1194/1039
f 1188/1188/1033 1194/1194/1039 1190/1190/1035
f 1195/1195/1040 1196/1196/1041 1197/1197/1042
f 1198/1198/1043 1199/1199/1044 1200/1200/1045
f 1201/1201/1046 1197/1197/1042 1200/1200/1045
f 1200/1200/1045 1199/1199/1044 1201/1201/1046
f 1201/1201/1046 1195/1195/1040 1197/1197/1042
f 1202/1202/1047 1201/1201/1046 1199/1199/1044
f 1202/1202/1047 1199/1199/1044 1203/1203/1048
f 1195/1195/1040 1201/1201/1046 1204/1204/1049
f 1204/1204/1049 1205/1205/1050 1195/1195/1040
f 1202/1202/1047 1206/1206/1051 1201/1201/1046
f 1201/1201/1046 1206/1206/1051 1204/1204/1049
f 1202/1202/1047 1203/1203/1048 1207/1207/1052
f 1208/1208/1053 1207/1207/1052 1203/1203/1048
f 1209/1209/1054 1207/1207/1052 1208/1208/1053
f 1204/1204/1049 1210/1210/1055 1205/1205/1050
f 1211/1211/1056 1205/1205/1050 1210/1210/1055
f 1212/1212/1057 1207/1207/1052 1209/1209/1054
f 1213/1213/1058 1212/1212/1057 1214/1214/1059
f 1215/1215/1060 1213/1213/1058 1214/1214/1059
f 1216/1216/1061 1217/1217/1062 1218/1218/1063
f 1218/1218/1063 1217/1217/1062 1219/1219/1064
f 1220/1220/1065 1210/1210/1055 1204/1204/1049
f 1210/1210/1055 1220/1220/1065 1216/1216/1061
f 1216/1216/1061 1221/1221/1066 1217/1217/1062
f 1220/1220/1065 1221/1221/1066 1216/1216/1061
f 1217/1217/1062 1222/1222/1067 1219/1219/1064
f 1222/1222/1067 1223/1223/1068 1224/1224/1069
f 1224/1224/1069 1223/1223/1068 1225/1225/1070
f 1222/1222/1067 1226/1226/1071 1223/1223/1068
f 1217/1217/1062 1226/1226/1071 1222/1222/1067
f 1223/1223/1068 1227/1227/1072 1225/1225/1070
f 1227/1227/1072 1223/1223/1068 1228/1228/1073
f 1226/1226/1071 1229/1229/1074 1223/1223/1068
f 1223/1223/1068 1230/1230/1075 1228/1228/1073
f 1228/1228/1073 1230/1230/1075 1231/1231/1076
f 1223/1223/1068 1232/1232/1077 1230/1230/1075
f 1229/1229/1074 1232/1232/1077 1223/1223/1068
f 1230/1230/1075 1233/1233/1078 1231/1231/1076
f 1233/1233/1078 1234/1234/1079 1235/1235/1080
f 1235/1235/1080 1234/1234/1079 1236/1236/1081
f 1230/1230/1075 1237/1237/1082 1233/1233/1078
f 1233/1233/1078 1237/1237/1082 1234/1234/1079
f 1213/1213/1058 1215/1215/1060 1238/1238/1083
f 1234/1234/1079 1238/1238/1083 1236/1236/1081
f 1234/1234/1079 1239/1239/1084 1238/1238/1083
f 1238/1238/1083 1239/1239/1084 1213/1213/1058
f 1239/1239/1084 1234/1234/1079 1240/1240/1085
f 1213/1213/1058 1241/1241/1086 1212/1212/1057
f 1212/1212/1057 1241/1241/1086 1207/1207/1052
f 1213/1213/1058 1239/1239/1084 1240/1240/1085
f 1213/1213/1058 1240/1240/1085 1242/1242/1087
f 1241/1241/1086 1213/1213/1058 1242/1242/1087
f 1207/1207/1052 1241/1241/1086 1243/1243/1088
f 1241/1241/1086 1242/1242/1087 1243/1243/1088
f 1202/1202/1047 1207/1207/1052 1243/1243/1088
f 1202/1202/1047 1243/1243/1088 1244/1244/1089
f 1234/1234/1079 1245/1245/1090 1240/1240/1085
f 1234/1234/1079 1237/1237/1082 1245/1245/1090
f 1242/1242/1087 1240/1240/1085 1245/1245/1090
f 1237/1237/1082 1230/1230/1075 1245/1245/1090
f 1230/1230/1075 1232/1232/1077 1246/1246/1091
f 1230/1230/1075 1246/1246/1091 1245/1245/1090
f 1247/1247/1092 1245/1245/1090 1246/1246/1091
f 1242/1242/1087 1245/1245/1090 1247/1247/1092
f 1232/1232/1077 1229/1229/1074 1246/1246/1091
f 1229/1229/1074 1247/1247/1092 1246/1246/1091
f 1229/1229/1074 1226/1226/1071 1247/1247/1092
f 1226/1226/1071 1217/1217/1062 1247/1247/1092
f 1217/1217/1062 1221/1221/1066 1248/1248/1093
f 1217/1217/1062 1248/1248/1093 1247/1247/1092
f 1221/1221/1066 1220/1220/1065 1248/1248/1093
f 1247/1247/1092 1248/1248/1093 1249/1249/1094
f 1242/1242/1087 1247/1247/1092 1249/1249/1094
f 1220/1220/1065 1249/1249/1094 1248/1248/1093
f 1243/1243/1088 1249/1249/1094 1244/1244/1089
f 1242/1242/1087 1249/1249/1094 1243/1243/1088
f 1204/1204/1049 1244/1244/1089 1249/1249/1094
f 1220/1220/1065 1204/1204/1049 1249/1249/1094
f 1204/1204/1049 1206/1206/1051 1244/1244/1089
f 1206/1206/1051 1202/1202/1047 1244/1244/1089
f 1250/1250/1095 1251/1251/1096 1252/1252/1097
f 1253/1253/1098 1254/1254/1099 1255/1255/1100
f 1252/1252/1097 1255/1255/1100 1256/1256/1101
f 1255/1255/1100 1254/1254/1099 1256/1256/1101
f 1250/1250/1095 1252/1252/1097 1256/1256/1101
f 1257/1257/1102 1256/1256/1101 1254/1254/1099
f 1257/1257/1102 1254/1254/1099 1258/1258/1103
f 1250/1250/1095 1256/1256/1101 1259/1259/1104
f 1259/1259/1104 1260/1260/1105 1250/1250/1095
f 1256/1256/1101 1261/1261/1106 1259/1259/1104
f 1257/1257/1102 1261/1261/1106 1256/1256/1101
f 1257/1257/1102 1258/1258/1103 1262/1262/1107
f 1263/1263/1108 1262/1262/1107 1258/1258/1103
f 1264/1264/1109 1262/1262/1107 1263/1263/1108
f 1259/1259/1104 1265/1265/1110 1260/1260/1105
f 1266/1266/1111 1260/1260/1105 1265/1265/1110
f 1267/1267/1112 1262/1262/1107 1264/1264/1109
f 1268/1268/1113 1267/1267/1112 1269/1269/1114
f 1270/1270/1115 1268/1268/1113 1269/1269/1114
f 1271/1271/1116 1272/1272/1117 1273/1273/1118
f 1273/1273/1118 1272/1272/1117 1274/1274/1119
f 1265/1265/1110 1275/1275/1120 1271/1271/1116
f 1275/1275/1120 1265/1265/1110 1259/1259/1104
f 1275/1275/1120 1276/1276/1121 1271/1271/1116
f 1271/1271/1116 1276/1276/1121 1272/1272/1117
f 1272/1272/1117 1277/1277/1122 1274/1274/1119
f 1277/1277/1122 1278/1278/1123 1279/1279/1124
f 1279/1279/1124 1278/1278/1123 1280/1280/1125
f 1277/1277/1122 1281/1281/1126 1278/1278/1123
f 1272/1272/1117 1281/1281/1126 1277/1277/1122
f 1278/1278/1123 1282/1282/1127 1280/1280/1125
f 1282/1282/1127 1278/1278/1123 1283/1283/1128
f 1281/1281/1126 1284/1284/1129 1278/1278/1123
f 1278/1278/1123 1285/1285/1130 1283/1283/1128
f 1283/1283/1128 1285/1285/1130 1286/1286/1131
f 1284/1284/1129 1287/1287/1132 1278/1278/1123
f 1278/1278/1123 1287/1287/1132 1285/1285/1130
f 1285/1285/1130 1288/1288/1133 1286/1286/1131
f 1288/1288/1133 1289/1289/1134 1290/1290/1135
f 1290/1290/1135 1289/1289/1134 1291/1291/1136
f 1288/1288/1133 1292/1292/1137 1289/1289/1134
f 1285/1285/1130 1292/1292/1137 1288/1288/1133
f 1289/1289/1134 1293/1293/1138 1291/1291/1136
f 1268/1268/1113 1270/1270/1115 1293/1293/1138
f 1289/1289/1134 1294/1294/1139 1293/1293/1138
f 1293/1293/1138 1294/1294/1139 1268/1268/1113
f 1294/1294/1139 1289/1289/1134 1295/1295/1140
f 1267/1267/1112 1296/1296/1141 1262/1262/1107
f 1268/1268/1113 1296/1296/1141 1267/1267/1112
f 1268/1268/1113 1294/1294/1139 1295/1295/1140
f 1296/1296/1141 1268/1268/1113 1297/1297/1142
f 1268/1268/1113 1295/1295/1140 1297/1297/1142
f 1262/1262/1107 1296/1296/1141 1298/1298/1143
f 1296/1296/1141 1297/1297/1142 1298/1298/1143
f 1257/1257/1102 1262/1262/1107 1298/1298/1143
f 1257/1257/1102 1298/1298/1143 1299/1299/1144
f 1289/1289/1134 1300/1300/1145 1295/1295/1140
f 1289/1289/1134 1292/1292/1137 1300/1300/1145
f 1297/1297/1142 1295/1295/1140 1300/1300/1145
f 1292/1292/1137 1285/1285/1130 1300/1300/1145
f 1285/1285/1130 1301/1301/1146 1300/1300/1145
f 1285/1285/1130 1287/1287/1132 1301/1301/1146
f 1297/1297/1142 1300/1300/1145 1302/1302/1147
f 1302/1302/1147 1300/1300/1145 1301/1301/1146
f 1287/1287/1132 1284/1284/1129 1301/1301/1146
f 1284/1284/1129 1281/1281/1126 1302/1302/1147
f 1284/1284/1129 1302/1302/1147 1301/1301/1146
f 1281/1281/1126 1272/1272/1117 1302/1302/1147
f 1272/1272/1117 1303/1303/1148 1302/1302/1147
f 1272/1272/1117 1276/1276/1121 1303/1303/1148
f 1276/1276/1121 1275/1275/1120 1303/1303/1148
f 1302/1302/1147 1303/1303/1148 1304/1304/1149
f 1297/1297/1142 1302/1302/1147 1304/1304/1149
f 1275/1275/1120 1304/1304/1149 1303/1303/1148
f 1298/1298/1143 1304/1304/1149 1299/1299/1144
f 1297/1297/1142 1304/1304/1149 1298/1298/1143
f 1259/1259/1104 1299/1299/1144 1304/1304/1149
f 1275/1275/1120 1259/1259/1104 1304/1304/1149
f 1259/1259/1104 1261/1261/1106 1299/1299/1144
f 1261/1261/1106 1257/1257/1102 1299/1299/1144
f 1305/1305/1150 1306/1306/1151 1307/1307/1152
f 1308/1308/1153 1309/1309/1154 1310/1310/1155
f 1311/1311/1156 1309/1309/1154 1308/1308/1153
f 1305/1305/1150 1307/1307/1152 1311/1311/1156
f 1308/1308/1153 1305/1305/1150 1311/1311/1156
f 1309/1309/1154 1311/1311/1156 1312/1312/1157
f 1313/1313/1158 1309/1309/1154 1312/1312/1157
f 1314/1314/1159 1311/1311/1156 1307/1307/1152
f 1307/1307/1152 1315/1315/1160 1314/1314/1159
f 1314/1314/1159 1316/1316/1161 1311/1311/1156
f 1311/1311/1156 1316/1316/1161 1312/1312/1157
f 1317/1317/1162 1313/1313/1158 1312/1312/1157
f 1313/1313/1158 1317/1317/1162 1318/1318/1163
f 1318/1318/1163 1317/1317/1162 1319/1319/1164
f 1319/1319/1164 1317/1317/1162 1320/1320/1165
f 1317/1317/1162 1321/1321/1166 1320/1320/1165
f 1322/1322/1167 1320/1320/1165 1323/1323/1168
f 1322/1322/1167 1323/1323/1168 1324/1324/1169
f 1320/1320/1165 1321/1321/1166 1323/1323/1168
f 1325/1325/1170 1324/1324/1169 1323/1323/1168
f 1323/1323/1168 1326/1326/1171 1325/1325/1170
f 1327/1327/1172 1325/1325/1170 1328/1328/1173
f 1327/1327/1172 1328/1328/1173 1329/1329/1174
f 1325/1325/1170 1326/1326/1171 1328/1328/1173
f 1329/1329/1174 1328/1328/1173 1330/1330/1175
f 1328/1328/1173 1331/1331/1176 1330/1330/1175
f 1332/1332/1177 1330/1330/1175 1333/1333/1178
f 1332/1332/1177 1333/1333/1178 1334/1334/1179
f 1330/1330/1175 1331/1331/1176 1333/1333/1178
f 1334/1334/1179 1333/1333/1178 1335/1335/1180
f 1334/1334/1179 1335/1335/1180 1336/1336/1181
f 1337/1337/1182 1336/1336/1181 1335/1335/1180
f 1333/1333/1178 1338/1338/1183 1335/1335/1180
f 1337/1337/1182 1335/1335/1180 1339/1339/1184
f 1335/1335/1180 1338/1338/1183 1340/1340/1185
f 1339/1339/1184 1335/1335/1180 1341/1341/1186
f 1335/1335/1180 1342/1342/1187 1341/1341/1186
f 1335/1335/1180 1340/1340/1185 1342/1342/1187
f 1343/1343/1188 1341/1341/1186 1344/1344/1189
f 1343/1343/1188 1344/1344/1189 1345/1345/1190
f 1341/1341/1186 1342/1342/1187 1344/1344/1189
f 1345/1345/1190 1344/1344/1189 1346/1346/1191
f 1344/1344/1189 1347/1347/1192 1346/1346/1191
f 1315/1315/1160 1348/1348/1193 1314/1314/1159
f 1348/1348/1193 1315/1315/1160 1349/1349/1194
f 1346/1346/1191 1350/1350/1195 1348/1348/1193
f 1314/1314/1159 1348/1348/1193 1350/1350/1195
f 1346/1346/1191 1347/1347/1192 1350/1350/1195
f 1351/1351/1196 1350/1350/1195 1347/1347/1192
f 1352/1352/1197 1314/1314/1159 1350/1350/1195
f 1351/1351/1196 1352/1352/1197 1350/1350/1195
f 1352/1352/1197 1316/1316/1161 1314/1314/1159
f 1352/1352/1197 1353/1353/1198 1316/1316/1161
f 1353/1353/1198 1312/1312/1157 1316/1316/1161
f 1353/1353/1198 1317/1317/1162 1312/1312/1157
f 1354/1354/1199 1321/1321/1166 1317/1317/1162
f 1353/1353/1198 1354/1354/1199 1317/1317/1162
f 1354/1354/1199 1353/1353/1198 1352/1352/1197
f 1354/1354/1199 1323/1323/1168 1321/1321/1166
f 1354/1354/1199 1355/1355/1200 1323/1323/1168
f 1355/1355/1200 1326/1326/1171 1323/1323/1168
f 1356/1356/1201 1355/1355/1200 1354/1354/1199
f 1355/1355/1200 1328/1328/1173 1326/1326/1171
f 1356/1356/1201 1331/1331/1176 1328/1328/1173
f 1355/1355/1200 1356/1356/1201 1328/1328/1173
f 1356/1356/1201 1333/1333/1178 1331/1331/1176
f 1356/1356/1201 1357/1357/1202 1333/1333/1178
f 1357/1357/1202 1338/1338/1183 1333/1333/1178
f 1358/1358/1203 1356/1356/1201 1354/1354/1199
f 1357/1357/1202 1356/1356/1201 1358/1358/1203
f 1357/1357/1202 1340/1340/1185 1338/1338/1183
f 1358/1358/1203 1342/1342/1187 1340/1340/1185
f 1357/1357/1202 1358/1358/1203 1340/1340/1185
f 1358/1358/1203 1344/1344/1189 1342/1342/1187
f 1358/1358/1203 1351/1351/1196 1344/1344/1189
f 1351/1351/1196 1347/1347/1192 1344/1344/1189
f 1352/1352/1197 1351/1351/1196 1358/1358/1203
f 1352/1352/1197 1358/1358/1203 1354/1354/1199
f 1359/1359/1204 1360/1360/1205 1361/1361/1206
f 1362/1362/1207 1359/1359/1204 1361/1361/1206
f 1360/1360/1205 1359/1359/1204 1363/1363/1208
f 1359/1359/1204 1362/1362/1207 1364/1364/1209
f 1362/1362/1207 1365/1365/1210 1364/1364/1209
f 1366/1366/1211 1363/1363/1208 1359/1359/1204
f 1365/1365/1210 1367/1367/1212 1364/1364/1209
f 1367/1367/1212 1368/1368/1213 1364/1364/1209
f 1364/1364/1209 1366/1366/1211 1359/1359/1204
f 1369/1369/1214 1364/1364/1209 1368/1368/1213
f 1368/1368/1213 1370/1370/1215 1369/1369/1214
f 1364/1364/1209 1369/1369/1214 1371/1371/1216
f 1371/1371/1216 1366/1366/1211 1364/1364/1209
f 1370/1370/1215 1372/1372/1217 1369/1369/1214
f 1373/1373/1218 1369/1369/1214 1372/1372/1217
f 1374/1374/1219 1371/1371/1216 1369/1369/1214
f 1369/1369/1214 1373/1373/1218 1374/1374/1219
f 1375/1375/1220 1374/1374/1219 1373/1373/1218
f 1374/1374/1219 1376/1376/1221 1371/1371/1216
f 1375/1375/1220 1377/1377/1222 1374/1374/1219
f 1374/1374/1219 1377/1377/1222 1378/1378/1223
f 1376/1376/1221 1374/1374/1219 1378/1378/1223
f 1376/1376/1221 1366/1366/1211 1371/1371/1216
f 1366/1366/1211 1376/1376/1221 1379/1379/1224
f 1380/1380/1225 1363/1363/1208 1366/1366/1211
f 1380/1380/1225 1366/1366/1211 1379/1379/1224
f 1381/1381/1226 1363/1363/1208 1380/1380/1225
f 1382/1382/1227 1381/1381/1226 1380/1380/1225
f 1383/1383/1228 1380/1380/1225 1379/1379/1224
f 1382/1382/1227 1384/1384/1229 1381/1381/1226
f 1385/1385/1230 1381/1381/1226 1384/1384/1229
f 1386/1386/1231 1385/1385/1230 1384/1384/1229
f 1387/1387/1232 1386/1386/1231 1384/1384/1229
f 1384/1384/1229 1388/1388/1233 1387/1387/1232
f 1388/1388/1233 1389/1389/1234 1387/1387/1232
f 1388/1388/1233 1384/1384/1229 1382/1382/1227
f 1388/1388/1233 1390/1390/1235 1389/1389/1234
f 1390/1390/1235 1388/1388/1233 1391/1391/1236
f 1380/1380/1225 1392/1392/1237 1382/1382/1227
f 1393/1393/1238 1391/1391/1236 1388/1388/1233
f 1391/1391/1236 1393/1393/1238 1394/1394/1239
f 1388/1388/1233 1395/1395/1240 1393/1393/1238
f 1395/1395/1240 1388/1388/1233 1382/1382/1227
f 1394/1394/1239 1393/1393/1238 1396/1396/1241
f 1397/1397/1242 1396/1396/1241 1393/1393/1238
f 1398/1398/1243 1393/1393/1238 1395/1395/1240
f 1393/1393/1238 1398/1398/1243 1397/1397/1242
f 1399/1399/1244 1397/1397/1242 1398/1398/1243
f 1398/1398/1243 1395/1395/1240 1400/1400/1245
f 1399/1399/1244 1398/1398/1243 1401/1401/1246
f 1398/1398/1243 1402/1402/1247 1401/1401/1246
f 1400/1400/1245 1402/1402/1247 1398/1398/1243
f 1395/1395/1240 1382/1382/1227 1400/1400/1245
f 1400/1400/1245 1382/1382/1227 1392/1392/1237
f 1380/1380/1225 1383/1383/1228 1392/1392/1237
f 1403/1403/1248 1400/1400/1245 1392/1392/1237
f 1383/1383/1228 1404/1404/1249 1392/1392/1237
f 1404/1404/1249 1403/1403/1248 1392/1392/1237
f 1405/1405/1250 1383/1383/1228 1379/1379/1224
f 1403/1403/1248 1404/1404/1249 1406/1406/1251
f 1406/1406/1251 1383/1383/1228 1405/1405/1250
f 1404/1404/1249 1383/1383/1228 1406/1406/1251
f 1405/1405/1250 1379/1379/1224 1407/1407/1252
f 1406/1406/1251 1405/1405/1250 1407/1407/1252
f 1379/1379/1224 1376/1376/1221 1407/1407/1252
f 1376/1376/1221 1378/1378/1223 1407/1407/1252
f 1406/1406/1251 1407/1407/1252 1408/1408/1253
f 1378/1378/1223 1408/1408/1253 1407/1407/1252
f 1378/1378/1223 1409/1409/1254 1408/1408/1253
f 1409/1409/1254 1378/1378/1223 1377/1377/1222
f 1409/1409/1254 1410/1410/1255 1408/1408/1253
f 1410/1410/1255 1411/1411/1256 1408/1408/1253
f 1408/1408/1253 1411/1411/1256 1406/1406/1251
f 1412/1412/1257 1411/1411/1256 1410/1410/1255
f 1410/1410/1255 1409/1409/1254 1412/1412/1257
f 1413/1413/1258 1411/1411/1256 1412/1412/1257
f 1406/1406/1251 1411/1411/1256 1413/1413/1258
f 1414/1414/1259 1413/1413/1258 1412/1412/1257
f 1409/1409/1254 1377/1377/1222 1415/1415/1260
f 1409/1409/1254 1415/1415/1260 1412/1412/1257
f 1415/1415/1260 1377/1377/1222 1416/1416/1261
f 1415/1415/1260 1414/1414/1259 1412/1412/1257
f 1414/1414/1259 1415/1415/1260 1417/1417/1262
f 1414/1414/1259 1417/1417/1262 1413/1413/1258
f 1415/1415/1260 1418/1418/1263 1417/1417/1262
f 1413/1413/1258 1417/1417/1262 1418/1418/1263
f 1418/1418/1263 1415/1415/1260 1419/1419/1264
f 1420/1420/1265 1419/1419/1264 1415/1415/1260
f 1420/1420/1265 1421/1421/1266 1419/1419/1264
f 1406/1406/1251 1413/1413/1258 1422/1422/1267
f 1422/1422/1267 1413/1413/1258 1418/1418/1263
f 1422/1422/1267 1418/1418/1263 1423/1423/1268
f 1418/1418/1263 1419/1419/1264 1423/1423/1268
f 1424/1424/1269 1419/1419/1264 1421/1421/1266
f 1424/1424/1269 1425/1425/1270 1419/1419/1264
f 1426/1426/1271 1419/1419/1264 1425/1425/1270
f 1419/1419/1264 1426/1426/1271 1423/1423/1268
f 1406/1406/1251 1422/1422/1267 1423/1423/1268
f 1426/1426/1271 1406/1406/1251 1423/1423/1268
f 1427/1427/1272 1406/1406/1251 1426/1426/1271
f 1428/1428/1273 1427/1427/1272 1426/1426/1271
f 1428/1428/1273 1426/1426/1271 1425/1425/1270
f 1428/1428/1273 1429/1429/1274 1427/1427/1272
f 1429/1429/1274 1428/1428/1273 1425/1425/1270
f 1430/1430/1275 1429/1429/1274 1425/1425/1270
f 1429/1429/1274 1430/1430/1275 1427/1427/1272
f 1430/1430/1275 1431/1431/1276 1427/1427/1272
f 1427/1427/1272 1431/1431/1276 1406/1406/1251
f 1401/1401/1246 1432/1432/1277 1425/1425/1270
f 1433/1433/1278 1401/1401/1246 1425/1425/1270
f 1432/1432/1277 1430/1430/1275 1425/1425/1270
f 1434/1434/1279 1431/1431/1276 1430/1430/1275
f 1430/1430/1275 1432/1432/1277 1434/1434/1279
f 1432/1432/1277 1401/1401/1246 1402/1402/1247
f 1402/1402/1247 1400/1400/1245 1403/1403/1248
f 1435/1435/1280 1403/1403/1248 1406/1406/1251
f 1435/1435/1280 1402/1402/1247 1403/1403/1248
f 1402/1402/1247 1435/1435/1280 1432/1432/1277
f 1434/1434/1279 1432/1432/1277 1435/1435/1280
f 1406/1406/1251 1431/1431/1276 1435/1435/1280
f 1435/1435/1280 1431/1431/1276 1434/1434/1279
f 1436/1436/1281 1437/1437/1282 1438/1438/1283
f 1436/1436/1281 1438/1438/1283 1439/1439/1284
f 1436/1436/1281 1440/1440/1285 1437/1437/1282
f 1439/1439/1284 1441/1441/1286 1436/1436/1281
f 1439/1439/1284 1442/1442/1287 1441/1441/1286
f 1440/1440/1285 1436/1436/1281 1443/1443/1288
f 1442/1442/1287 1444/1444/1289 1441/1441/1286
f 1445/1445/1290 1441/1441/1286 1444/1444/1289
f 1443/1443/1288 1436/1436/1281 1441/1441/1286
f 1441/1441/1286 1445/1445/1290 1446/1446/1291
f 1447/1447/1292 1446/1446/1291 1445/1445/1290
f 1446/1446/1291 1448/1448/1293 1441/1441/1286
f 1443/1443/1288 1441/1441/1286 1448/1448/1293
f 1449/1449/1294 1446/1446/1291 1447/1447/1292
f 1446/1446/1291 1449/1449/1294 1450/1450/1295
f 1448/1448/1293 1446/1446/1291 1451/1451/1296
f 1450/1450/1295 1451/1451/1296 1446/1446/1291
f 1451/1451/1296 1450/1450/1295 1452/1452/1297
f 1453/1453/1298 1448/1448/1293 1451/1451/1296
f 1454/1454/1299 1451/1451/1296 1452/1452/1297
f 1454/1454/1299 1455/1455/1300 1451/1451/1296
f 1451/1451/1296 1455/1455/1300 1453/1453/1298
f 1453/1453/1298 1443/1443/1288 1448/1448/1293
f 1456/1456/1301 1443/1443/1288 1453/1453/1298
f 1443/1443/1288 1456/1456/1301 1457/1457/1302
f 1457/1457/1302 1440/1440/1285 1443/1443/1288
f 1457/1457/1302 1458/1458/1303 1440/1440/1285
f 1459/1459/1304 1458/1458/1303 1457/1457/1302
f 1460/1460/1305 1459/1459/1304 1457/1457/1302
f 1461/1461/1306 1458/1458/1303 1459/1459/1304
f 1458/1458/1303 1461/1461/1306 1462/1462/1307
f 1463/1463/1308 1462/1462/1307 1461/1461/1306
f 1463/1463/1308 1461/1461/1306 1464/1464/1309
f 1461/1461/1306 1459/1459/1304 1465/1465/1310
f 1465/1465/1310 1464/1464/1309 1461/1461/1306
f 1465/1465/1310 1466/1466/1311 1464/1464/1309
f 1465/1465/1310 1467/1467/1312 1466/1466/1311
f 1465/1465/1310 1468/1468/1313 1467/1467/1312
f 1468/1468/1313 1465/1465/1310 1469/1469/1314
f 1469/1469/1314 1470/1470/1315 1468/1468/1313
f 1465/1465/1310 1459/1459/1304 1471/1471/1316
f 1471/1471/1316 1469/1469/1314 1465/1465/1310
f 1469/1469/1314 1472/1472/1317 1470/1470/1315
f 1472/1472/1317 1469/1469/1314 1473/1473/1318
f 1469/1469/1314 1471/1471/1316 1474/1474/1319
f 1474/1474/1319 1473/1473/1318 1469/1469/1314
f 1473/1473/1318 1474/1474/1319 1475/1475/1320
f 1471/1471/1316 1476/1476/1321 1474/1474/1319
f 1474/1474/1319 1477/1477/1322 1475/1475/1320
f 1478/1478/1323 1477/1477/1322 1474/1474/1319
f 1478/1478/1323 1474/1474/1319 1476/1476/1321
f 1471/1471/1316 1459/1459/1304 1476/1476/1321
f 1460/1460/1305 1476/1476/1321 1459/1459/1304
f 1460/1460/1305 1457/1457/1302 1479/1479/1324
f 1480/1480/1325 1476/1476/1321 1460/1460/1305
f 1480/1480/1325 1460/1460/1305 1481/1481/1326
f 1460/1460/1305 1479/1479/1324 1481/1481/1326
f 1456/1456/1301 1479/1479/1324 1457/1457/1302
f 1456/1456/1301 1482/1482/1327 1479/1479/1324
f 1481/1481/1326 1479/1479/1324 1483/1483/1328
f 1483/1483/1328 1479/1479/1324 1482/1482/1327
f 1480/1480/1325 1481/1481/1326 1483/1483/1328
f 1456/1456/1301 1453/1453/1298 1484/1484/1329
f 1483/1483/1328 1482/1482/1327 1484/1484/1329
f 1456/1456/1301 1484/1484/1329 1482/1482/1327
f 1484/1484/1329 1453/1453/1298 1455/1455/1300
f 1484/1484/1329 1455/1455/1300 1485/1485/1330
f 1483/1483/1328 1484/1484/1329 1485/1485/1330
f 1486/1486/1331 1485/1485/1330 1455/1455/1300
f 1455/1455/1300 1454/1454/1299 1486/1486/1331
f 1485/1485/1330 1486/1486/1331 1487/1487/1332
f 1488/1488/1333 1486/1486/1331 1454/1454/1299
f 1488/1488/1333 1454/1454/1299 1489/1489/1334
f 1488/1488/1333 1490/1490/1335 1486/1486/1331
f 1487/1487/1332 1486/1486/1331 1490/1490/1335
f 1490/1490/1335 1491/1491/1336 1487/1487/1332
f 1487/1487/1332 1491/1491/1336 1485/1485/1330
f 1485/1485/1330 1491/1491/1336 1483/1483/1328
f 1492/1492/1337 1491/1491/1336 1490/1490/1335
f 1483/1483/1328 1491/1491/1336 1492/1492/1337
f 1492/1492/1337 1490/1490/1335 1493/1493/1338
f 1488/1488/1333 1493/1493/1338 1490/1490/1335
f 1488/1488/1333 1494/1494/1339 1493/1493/1338
f 1492/1492/1337 1493/1493/1338 1494/1494/1339
f 1488/1488/1333 1495/1495/1340 1494/1494/1339
f 1495/1495/1340 1492/1492/1337 1494/1494/1339
f 1495/1495/1340 1483/1483/1328 1492/1492/1337
f 1488/1488/1333 1496/1496/1341 1495/1495/1340
f 1496/1496/1341 1488/1488/1333 1497/1497/1342
f 1498/1498/1343 1496/1496/1341 1497/1497/1342
f 1499/1499/1344 1483/1483/1328 1495/1495/1340
f 1499/1499/1344 1495/1495/1340 1496/1496/1341
f 1496/1496/1341 1498/1498/1343 1500/1500/1345
f 1501/1501/1346 1496/1496/1341 1500/1500/1345
f 1496/1496/1341 1501/1501/1346 1502/1502/1347
f 1499/1499/1344 1496/1496/1341 1502/1502/1347
f 1499/1499/1344 1503/1503/1348 1483/1483/1328
f 1499/1499/1344 1502/1502/1347 1503/1503/1348
f 1503/1503/1348 1504/1504/1349 1483/1483/1328
f 1502/1502/1347 1504/1504/1349 1503/1503/1348
f 1502/1502/1347 1505/1505/1350 1504/1504/1349
f 1505/1505/1350 1502/1502/1347 1501/1501/1346
f 1504/1504/1349 1505/1505/1350 1506/1506/1351
f 1505/1505/1350 1501/1501/1346 1506/1506/1351
f 1507/1507/1352 1506/1506/1351 1501/1501/1346
f 1507/1507/1352 1504/1504/1349 1506/1506/1351
f 1504/1504/1349 1508/1508/1353 1483/1483/1328
f 1507/1507/1352 1508/1508/1353 1504/1504/1349
f 1501/1501/1346 1477/1477/1322 1509/1509/1354
f 1510/1510/1355 1477/1477/1322 1501/1501/1346
f 1507/1507/1352 1501/1501/1346 1509/1509/1354
f 1507/1507/1352 1509/1509/1354 1511/1511/1356
f 1511/1511/1356 1508/1508/1353 1507/1507/1352
f 1477/1477/1322 1478/1478/1323 1509/1509/1354
f 1480/1480/1325 1478/1478/1323 1476/1476/1321
f 1512/1512/1357 1480/1480/1325 1483/1483/1328
f 1480/1480/1325 1512/1512/1357 1478/1478/1323
f 1512/1512/1357 1509/1509/1354 1478/1478/1323
f 1512/1512/1357 1511/1511/1356 1509/1509/1354
f 1483/1483/1328 1508/1508/1353 1512/1512/1357
f 1512/1512/1357 1508/1508/1353 1511/1511/1356
f 1513/1513/1358 1514/1514/1359 1515/1515/1360
f 1515/1515/1360 1514/1514/1359 1516/1516/1361
f 1517/1517/1362 1515/1515/1360 1516/1516/1361
f 1513/1513/1358 1518/1518/1363 1514/1514/1359
f 1518/1518/1363 1519/1519/1364 1514/1514/1359
f 1517/1517/1362 1516/1516/1361 1520/1520/1365
f 1516/1516/1361 1521/1521/1366 1520/1520/1365
f 1518/1518/1363 1522/1522/1367 1519/1519/1364
f 1518/1518/1363 1513/1513/1358 1523/1523/1368
f 1522/1522/1367 1524/1524/1369 1519/1519/1364
f 1524/1524/1369 1525/1525/1370 1519/1519/1364
f 1518/1518/1363 1523/1523/1368 1522/1522/1367
f 1524/1524/1369 1522/1522/1367 1523/1523/1368
f 1524/1524/1369 1523/1523/1368 1526/1526/1371
f 1523/1523/1368 1527/1527/1372 1526/1526/1371
f 1524/1524/1369 1526/1526/1371 1528/1528/1373
f 1524/1524/1369 1528/1528/1373 1525/1525/1370
f 1528/1528/1373 1529/1529/1374 1525/1525/1370
f 1529/1529/1374 1530/1530/1375 1525/1525/1370
f 1529/1529/1374 1528/1528/1373 1526/1526/1371
f 1526/1526/1371 1531/1531/1376 1529/1529/1374
f 1529/1529/1374 1531/1531/1376 1530/1530/1375
f 1532/1532/1377 1531/1531/1376 1526/1526/1371
f 1532/1532/1377 1526/1526/1371 1527/1527/1372
f 1533/1533/1378 1532/1532/1377 1527/1527/1372
f 1531/1531/1376 1532/1532/1377 1530/1530/1375
f 1532/1532/1377 1534/1534/1379 1530/1530/1375
f 1533/1533/1378 1534/1534/1379 1532/1532/1377
f 1533/1533/1378 1535/1535/1380 1534/1534/1379
f 1534/1534/1379 1535/1535/1380 1536/1536/1381
f 1535/1535/1380 1537/1537/1382 1536/1536/1381
f 1536/1536/1381 1537/1537/1382 1538/1538/1383
f 1539/1539/1384 1536/1536/1381 1538/1538/1383
f 1538/1538/1383 1537/1537/1382 1540/1540/1385
f 1541/1541/1386 1539/1539/1384 1538/1538/1383
f 1538/1538/1383 1540/1540/1385 1541/1541/1386
f 1542/1542/1387 1539/1539/1384 1541/1541/1386
f 1543/1543/1388 1539/1539/1384 1542/1542/1387
f 1542/1542/1387 1541/1541/1386 1540/1540/1385
f 1542/1542/1387 1540/1540/1385 1544/1544/1389
f 1540/1540/1385 1545/1545/1390 1544/1544/1389
f 1542/1542/1387 1544/1544/1389 1546/1546/1391
f 1546/1546/1391 1543/1543/1388 1542/1542/1387
f 1547/1547/1392 1543/1543/1388 1546/1546/1391
f 1521/1521/1366 1543/1543/1388 1547/1547/1392
f 1547/1547/1392 1546/1546/1391 1544/1544/1389
f 1544/1544/1389 1548/1548/1393 1547/1547/1392
f 1520/1520/1365 1521/1521/1366 1548/1548/1393
f 1548/1548/1393 1521/1521/1366 1547/1547/1392
f 1520/1520/1365 1548/1548/1393 1544/1544/1389
f 1520/1520/1365 1544/1544/1389 1545/1545/1390
f 1517/1517/1362 1520/1520/1365 1545/1545/1390
f 1549/1549/1394 1550/1550/1395 1551/1551/1396
f 1552/1552/1397 1550/1550/1395 1549/1549/1394
f 1552/1552/1397 1549/1549/1394 1553/1553/1398
f 1550/1550/1395 1554/1554/1399 1551/1551/1396
f 1550/1550/1395 1555/1555/1400 1554/1554/1399
f 1556/1556/1401 1552/1552/1397 1553/1553/1398
f 1556/1556/1401 1557/1557/1402 1552/1552/1397
f 1555/1555/1400 1558/1558/1403 1554/1554/1399
f 1559/1559/1404 1551/1551/1396 1554/1554/1399
f 1555/1555/1400 1560/1560/1405 1558/1558/1403
f 1555/1555/1400 1561/1561/1406 1560/1560/1405
f 1558/1558/1403 1559/1559/1404 1554/1554/1399
f 1559/1559/1404 1558/1558/1403 1560/1560/1405
f 1562/1562/1407 1559/1559/1404 1560/1560/1405
f 1562/1562/1407 1563/1563/1408 1559/1559/1404
f 1564/1564/1409 1562/1562/1407 1560/1560/1405
f 1561/1561/1406 1564/1564/1409 1560/1560/1405
f 1562/1562/1407 1564/1564/1409 1565/1565/1410
f 1561/1561/1406 1565/1565/1410 1564/1564/1409
f 1561/1561/1406 1566/1566/1411 1565/1565/1410
f 1565/1565/1410 1567/1567/1412 1562/1562/1407
f 1566/1566/1411 1567/1567/1412 1565/1565/1410
f 1563/1563/1408 1562/1562/1407 1568/1568/1413
f 1562/1562/1407 1567/1567/1412 1568/1568/1413
f 1563/1563/1408 1568/1568/1413 1569/1569/1414
f 1566/1566/1411 1568/1568/1413 1567/1567/1412
f 1566/1566/1411 1570/1570/1415 1568/1568/1413
f 1568/1568/1413 1570/1570/1415 1569/1569/1414
f 1570/1570/1415 1571/1571/1416 1569/1569/1414
f 1572/1572/1417 1571/1571/1416 1570/1570/1415
f 1572/1572/1417 1573/1573/1418 1571/1571/1416
f 1574/1574/1419 1573/1573/1418 1572/1572/1417
f 1574/1574/1419 1572/1572/1417 1575/1575/1420
f 1576/1576/1421 1573/1573/1418 1574/1574/1419
f 1574/1574/1419 1575/1575/1420 1577/1577/1422
f 1577/1577/1422 1576/1576/1421 1574/1574/1419
f 1577/1577/1422 1575/1575/1420 1578/1578/1423
f 1578/1578/1423 1575/1575/1420 1579/1579/1424
f 1576/1576/1421 1577/1577/1422 1578/1578/1423
f 1580/1580/1425 1576/1576/1421 1578/1578/1423
f 1580/1580/1425 1581/1581/1426 1576/1576/1421
f 1582/1582/1427 1580/1580/1425 1578/1578/1423
f 1578/1578/1423 1579/1579/1424 1582/1582/1427
f 1580/1580/1425 1582/1582/1427 1583/1583/1428
f 1582/1582/1427 1579/1579/1424 1583/1583/1428
f 1583/1583/1428 1579/1579/1424 1557/1557/1402
f 1583/1583/1428 1584/1584/1429 1580/1580/1425
f 1584/1584/1429 1557/1557/1402 1556/1556/1401
f 1583/1583/1428 1557/1557/1402 1584/1584/1429
f 1580/1580/1425 1584/1584/1429 1556/1556/1401
f 1581/1581/1426 1580/1580/1425 1556/1556/1401
f 1581/1581/1426 1556/1556/1401 1553/1553/1398
f 1585/1585/1430 1586/1586/1431 1587/1587/1432
f 1587/1587/1432 1586/1586/1431 1588/1588/1433
f 1589/1589/1434 1587/1587/1432 1588/1588/1433
f 1585/1585/1430 1590/1590/1435 1586/1586/1431
f 1590/1590/1435 1591/1591/1436 1586/1586/1431
f 1589/1589/1434 1588/1588/1433 1592/1592/1437
f 1588/1588/1433 1593/1593/1438 1592/1592/1437
f 1590/1590/1435 1594/1594/1439 1591/1591/1436
f 1590/1590/1435 1585/1585/1430 1595/1595/1440
f 1594/1594/1439 1596/1596/1441 1591/1591/1436
f 1596/1596/1441 1597/1597/1442 1591/1591/1436
f 1590/1590/1435 1595/1595/1440 1594/1594/1439
f 1596/1596/1441 1594/1594/1439 1595/1595/1440
f 1596/1596/1441 1595/1595/1440 1598/1598/1443
f 1595/1595/1440 1599/1599/1444 1598/1598/1443
f 1596/1596/1441 1598/1598/1443 1600/1600/1445
f 1596/1596/1441 1600/1600/1445 1597/1597/1442
f 1600/1600/1445 1601/1601/1446 1597/1597/1442
f 1601/1601/1446 1602/1602/1447 1597/1597/1442
f 1601/1601/1446 1600/1600/1445 1598/1598/1443
f 1598/1598/1443 1603/1603/1448 1601/1601/1446
f 1601/1601/1446 1603/1603/1448 1602/1602/1447
f 1604/1604/1449 1598/1598/1443 1599/1599/1444
f 1604/1604/1449 1603/1603/1448 1598/1598/1443
f 1605/1605/1450 1604/1604/1449 1599/1599/1444
f 1603/1603/1448 1604/1604/1449 1602/1602/1447
f 1604/1604/1449 1606/1606/1451 1602/1602/1447
f 1605/1605/1450 1606/1606/1451 1604/1604/1449
f 1605/1605/1450 1607/1607/1452 1606/1606/1451
f 1606/1606/1451 1607/1607/1452 1608/1608/1453
f 1607/1607/1452 1609/1609/1454 1608/1608/1453
f 1608/1608/1453 1609/1609/1454 1610/1610/1455
f 1611/1611/1456 1608/1608/1453 1610/1610/1455
f 1610/1610/1455 1609/1609/1454 1612/1612/1457
f 1613/1613/1458 1611/1611/1456 1610/1610/1455
f 1610/1610/1455 1612/1612/1457 1613/1613/1458
f 1614/1614/1459 1611/1611/1456 1613/1613/1458
f 1615/1615/1460 1611/1611/1456 1614/1614/1459
f 1614/1614/1459 1613/1613/1458 1612/1612/1457
f 1614/1614/1459 1612/1612/1457 1616/1616/1461
f 1612/1612/1457 1617/1617/1462 1616/1616/1461
f 1614/1614/1459 1616/1616/1461 1618/1618/1463
f 1618/1618/1463 1615/1615/1460 1614/1614/1459
f 1619/1619/1464 1615/1615/1460 1618/1618/1463
f 1593/1593/1438 1615/1615/1460 1619/1619/1464
f 1619/1619/1464 1618/1618/1463 1616/1616/1461
f 1616/1616/1461 1620/1620/1465 1619/1619/1464
f 1592/1592/1437 1593/1593/1438 1620/1620/1465
f 1620/1620/1465 1593/1593/1438 1619/1619/1464
f 1592/1592/1437 1620/1620/1465 1616/1616/1461
f 1592/1592/1437 1616/1616/1461 1617/1617/1462
f 1589/1589/1434 1592/1592/1437 1617/1617/1462
f 1621/1621/1466 1622/1622/1467 1623/1623/1468
f 1624/1624/1469 1622/1622/1467 1621/1621/1466
f 1624/1624/1469 1621/1621/1466 1625/1625/1470
f 1622/1622/1467 1626/1626/1471 1623/1623/1468
f 1622/1622/1467 1627/1627/1472 1626/1626/1471
f 1628/1628/1473 1624/1624/1469 1625/1625/1470
f 1628/1628/1473 1629/1629/1474 1624/1624/1469
f 1627/1627/1472 1630/1630/1475 1626/1626/1471
f 1631/1631/1476 1623/1623/1468 1626/1626/1471
f 1627/1627/1472 1632/1632/1477 1630/1630/1475
f 1627/1627/1472 1633/1633/1478 1632/1632/1477
f 1630/1630/1475 1631/1631/1476 1626/1626/1471
f 1631/1631/1476 1630/1630/1475 1632/1632/1477
f 1634/1634/1479 1631/1631/1476 1632/1632/1477
f 1634/1634/1479 1635/1635/1480 1631/1631/1476
f 1636/1636/1481 1634/1634/1479 1632/1632/1477
f 1633/1633/1478 1636/1636/1481 1632/1632/1477
f 1634/1634/1479 1636/1636/1481 1637/1637/1482
f 1633/1633/1478 1637/1637/1482 1636/1636/1481
f 1633/1633/1478 1638/1638/1483 1637/1637/1482
f 1637/1637/1482 1639/1639/1484 1634/1634/1479
f 1638/1638/1483 1639/1639/1484 1637/1637/1482
f 1634/1634/1479 1639/1639/1484 1640/1640/1485
f 1635/1635/1480 1634/1634/1479 1640/1640/1485
f 1635/1635/1480 1640/1640/1485 1641/1641/1486
f 1638/1638/1483 1640/1640/1485 1639/1639/1484
f 1638/1638/1483 1642/1642/1487 1640/1640/1485
f 1640/1640/1485 1642/1642/1487 1641/1641/1486
f 1642/1642/1487 1643/1643/1488 1641/1641/1486
f 1644/1644/1489 1643/1643/1488 1642/1642/1487
f 1644/1644/1489 1645/1645/1490 1643/1643/1488
f 1646/1646/1491 1645/1645/1490 1644/1644/1489
f 1646/1646/1491 1644/1644/1489 1647/1647/1492
f 1648/1648/1493 1645/1645/1490 1646/1646/1491
f 1646/1646/1491 1647/1647/1492 1649/1649/1494
f 1649/1649/1494 1648/1648/1493 1646/1646/1491
f 1649/1649/1494 1647/1647/1492 1650/1650/1495
f 1650/1650/1495 1647/1647/1492 1651/1651/1496
f 1648/1648/1493 1649/1649/1494 1650/1650/1495
f 1652/1652/1497 1648/1648/1493 1650/1650/1495
f 1652/1652/1497 1653/1653/1498 1648/1648/1493
f 1654/1654/1499 1652/1652/1497 1650/1650/1495
f 1650/1650/1495 1651/1651/1496 1654/1654/1499
f 1652/1652/1497 1654/1654/1499 1655/1655/1500
f 1654/1654/1499 1651/1651/1496 1655/1655/1500
f 1655/1655/1500 1651/1651/1496 1629/1629/1474
f 1655/1655/1500 1656/1656/1501 1652/1652/1497
f 1655/1655/1500 1629/1629/1474 1656/1656/1501
f 1656/1656/1501 1629/1629/1474 1628/1628/1473
f 1652/1652/1497 1656/1656/1501 1628/1628/1473
f 1653/1653/1498 1652/1652/1497 1628/1628/1473
f 1653/1653/1498 1628/1628/1473 1625/1625/1470
f 1657/1657/1502 1658/1658/1503 1659/1659/1504
f 1657/1657/1502 1660/1660/1505 1658/1658/1503
f 1661/1661/1506 1659/1659/1504 1658/1658/1503
f 1660/1660/1505 1662/1662/1507 1658/1658/1503
f 1659/1659/1504 1661/1661/1506 1663/1663/1508
f 1664/1664/1509 1661/1661/1506 1658/1658/1503
f 1662/1662/1507 1664/1664/1509 1658/1658/1503
f 1661/1661/1506 1664/1664/1509 1665/1665/1510
f 1661/1661/1506 1665/1665/1510 1663/1663/1508
f 1665/1665/1510 1664/1664/1509 1666/1666/1511
f 1662/1662/1507 1666/1666/1511 1664/1664/1509
f 1663/1663/1508 1665/1665/1510 1667/1667/1512
f 1665/1665/1510 1666/1666/1511 1668/1668/1513
f 1665/1665/1510 1668/1668/1513 1667/1667/1512
f 1669/1669/1514 1663/1663/1508 1667/1667/1512
f 1668/1668/1513 1670/1670/1515 1667/1667/1512
f 1670/1670/1515 1669/1669/1514 1667/1667/1512
f 1671/1671/1516 1669/1669/1514 1670/1670/1515
f 1670/1670/1515 1668/1668/1513 1672/1672/1517
f 1670/1670/1515 1672/1672/1517 1671/1671/1516
f 1671/1671/1516 1672/1672/1517 1673/1673/1518
f 1672/1672/1517 1668/1668/1513 1666/1666/1511
f 1672/1672/1517 1666/1666/1511 1674/1674/1519
f 1673/1673/1518 1672/1672/1517 1675/1675/1520
f 1672/1672/1517 1674/1674/1519 1675/1675/1520
f 1676/1676/1521 1673/1673/1518 1675/1675/1520
f 1675/1675/1520 1677/1677/1522 1676/1676/1521
f 1677/1677/1522 1675/1675/1520 1674/1674/1519
f 1678/1678/1523 1676/1676/1521 1677/1677/1522
f 1678/1678/1523 1677/1677/1522 1679/1679/1524
f 1677/1677/1522 1674/1674/1519 1680/1680/1525
f 1677/1677/1522 1680/1680/1525 1679/1679/1524
f 1680/1680/1525 1674/1674/1519 1666/1666/1511
f 1681/1681/1526 1679/1679/1524 1680/1680/1525
f 1680/1680/1525 1666/1666/1511 1682/1682/1527
f 1681/1681/1526 1680/1680/1525 1683/1683/1528
f 1680/1680/1525 1682/1682/1527 1683/1683/1528
f 1681/1681/1526 1683/1683/1528 1684/1684/1529
f 1683/1683/1528 1685/1685/1530 1684/1684/1529
f 1685/1685/1530 1683/1683/1528 1682/1682/1527
f 1684/1684/1529 1685/1685/1530 1686/1686/1531
f 1685/1685/1530 1682/1682/1527 1687/1687/1532
f 1685/1685/1530 1687/1687/1532 1686/1686/1531
f 1687/1687/1532 1682/1682/1527 1666/1666/1511
f 1687/1687/1532 1666/1666/1511 1688/1688/1533
f 1662/1662/1507 1688/1688/1533 1666/1666/1511
f 1687/1687/1532 1688/1688/1533 1689/1689/1534
f 1686/1686/1531 1687/1687/1532 1689/1689/1534
f 1690/1690/1535 1686/1686/1531 1689/1689/1534
f 1691/1691/1536 1662/1662/1507 1660/1660/1505
f 1691/1691/1536 1688/1688/1533 1662/1662/1507
f 1692/1692/1537 1691/1691/1536 1660/1660/1505
f 1691/1691/1536 1689/1689/1534 1688/1688/1533
f 1689/1689/1534 1691/1691/1536 1690/1690/1535
f 1692/1692/1537 1690/1690/1535 1691/1691/1536
f 1693/1693/1538 1694/1694/1539 1695/1695/1540
f 1693/1693/1538 1696/1696/1541 1694/1694/1539
f 1697/1697/1542 1695/1695/1540 1694/1694/1539
f 1696/1696/1541 1698/1698/1543 1694/1694/1539
f 1695/1695/1540 1697/1697/1542 1699/1699/1544
f 1700/1700/1545 1697/1697/1542 1694/1694/1539
f 1698/1698/1543 1700/1700/1545 1694/1694/1539
f 1697/1697/1542 1700/1700/1545 1701/1701/1546
f 1697/1697/1542 1701/1701/1546 1699/1699/1544
f 1698/1698/1543 1702/1702/1547 1700/1700/1545
f 1701/1701/1546 1700/1700/1545 1702/1702/1547
f 1699/1699/1544 1701/1701/1546 1703/1703/1548
f 1701/1701/1546 1702/1702/1547 1704/1704/1549
f 1701/1701/1546 1704/1704/1549 1703/1703/1548
f 1705/1705/1550 1699/1699/1544 1703/1703/1548
f 1704/1704/1549 1706/1706/1551 1703/1703/1548
f 1706/1706/1551 1705/1705/1550 1703/1703/1548
f 1707/1707/1552 1705/1705/1550 1706/1706/1551
f 1706/1706/1551 1704/1704/1549 1708/1708/1553
f 1706/1706/1551 1708/1708/1553 1707/1707/1552
f 1707/1707/1552 1708/1708/1553 1709/1709/1554
f 1708/1708/1553 1704/1704/1549 1702/1702/1547
f 1708/1708/1553 1702/1702/1547 1710/1710/1555
f 1708/1708/1553 1710/1710/1555 1711/1711/1556
f 1709/1709/1554 1708/1708/1553 1711/1711/1556
f 1712/1712/1557 1709/1709/1554 1711/1711/1556
f 1713/1713/1558 1711/1711/1556 1710/1710/1555
f 1711/1711/1556 1713/1713/1558 1712/1712/1557
f 1714/1714/1559 1712/1712/1557 1713/1713/1558
f 1714/1714/1559 1713/1713/1558 1715/1715/1560
f 1713/1713/1558 1710/1710/1555 1716/1716/1561
f 1713/1713/1558 1716/1716/1561 1715/1715/1560
f 1716/1716/1561 1710/1710/1555 1702/1702/1547
f 1717/1717/1562 1715/1715/1560 1716/1716/1561
f 1716/1716/1561 1702/1702/1547 1718/1718/1563
f 1717/1717/1562 1716/1716/1561 1719/1719/1564
f 1716/1716/1561 1718/1718/1563 1719/1719/1564
f 1717/1717/1562 1719/1719/1564 1720/1720/1565
f 1719/1719/1564 1721/1721/1566 1720/1720/1565
f 1721/1721/1566 1719/1719/1564 1718/1718/1563
f 1720/1720/1565 1721/1721/1566 1722/1722/1567
f 1721/1721/1566 1718/1718/1563 1723/1723/1568
f 1721/1721/1566 1723/1723/1568 1722/1722/1567
f 1723/1723/1568 1718/1718/1563 1702/1702/1547
f 1698/1698/1543 1724/1724/1569 1702/1702/1547
f 1723/1723/1568 1702/1702/1547 1724/1724/1569
f 1722/1722/1567 1723/1723/1568 1725/1725/1570
f 1723/1723/1568 1724/1724/1569 1725/1725/1570
f 1726/1726/1571 1722/1722/1567 1725/1725/1570
f 1727/1727/1572 1724/1724/1569 1698/1698/1543
f 1727/1727/1572 1698/1698/1543 1696/1696/1541
f 1728/1728/1573 1727/1727/1572 1696/1696/1541
f 1725/1725/1570 1727/1727/1572 1726/1726/1571
f 1727/1727/1572 1725/1725/1570 1724/1724/1569
f 1728/1728/1573 1726/1726/1571 1727/1727/1572
f 1729/1729/1574 1730/1730/1575 1731/1731/1576
f 1730/1730/1575 1732/1732/1577 1731/1731/1576
f 1730/1730/1575 1729/1729/1574 1733/1733/1578
f 1730/1730/1575 1734/1734/1579 1732/1732/1577
f 1735/1735/1580 1733/1733/1578 1729/1729/1574
f 1730/1730/1575 1733/1733/1578 1736/1736/1581
f 1730/1730/1575 1736/1736/1581 1734/1734/1579
f 1737/1737/1582 1736/1736/1581 1733/1733/1578
f 1735/1735/1580 1737/1737/1582 1733/1733/1578
f 1736/1736/1581 1738/1738/1583 1734/1734/1579
f 1738/1738/1583 1736/1736/1581 1737/1737/1582
f 1739/1739/1584 1737/1737/1582 1735/1735/1580
f 1740/1740/1585 1738/1738/1583 1737/1737/1582
f 1739/1739/1584 1740/1740/1585 1737/1737/1582
f 1739/1739/1584 1735/1735/1580 1741/1741/1586
f 1739/1739/1584 1742/1742/1587 1740/1740/1585
f 1739/1739/1584 1741/1741/1586 1742/1742/1587
f 1742/1742/1587 1741/1741/1586 1743/1743/1588
f 1744/1744/1589 1740/1740/1585 1742/1742/1587
f 1743/1743/1588 1744/1744/1589 1742/1742/1587
f 1745/1745/1590 1744/1744/1589 1743/1743/1588
f 1738/1738/1583 1740/1740/1585 1744/1744/1589
f 1746/1746/1591 1738/1738/1583 1744/1744/1589
f 1747/1747/1592 1746/1746/1591 1744/1744/1589
f 1747/1747/1592 1744/1744/1589 1745/1745/1590
f 1747/1747/1592 1745/1745/1590 1748/1748/1593
f 1746/1746/1591 1747/1747/1592 1749/1749/1594
f 1748/1748/1593 1749/1749/1594 1747/1747/1592
f 1749/1749/1594 1748/1748/1593 1750/1750/1595
f 1751/1751/1596 1749/1749/1594 1750/1750/1595
f 1751/1751/1596 1752/1752/1597 1749/1749/1594
f 1738/1738/1583 1746/1746/1591 1752/1752/1597
f 1752/1752/1597 1746/1746/1591 1749/1749/1594
f 1752/1752/1597 1751/1751/1596 1753/1753/1598
f 1754/1754/1599 1738/1738/1583 1752/1752/1597
f 1755/1755/1600 1754/1754/1599 1752/1752/1597
f 1755/1755/1600 1752/1752/1597 1753/1753/1598
f 1756/1756/1601 1755/1755/1600 1753/1753/1598
f 1754/1754/1599 1755/1755/1600 1757/1757/1602
f 1756/1756/1601 1757/1757/1602 1755/1755/1600
f 1758/1758/1603 1757/1757/1602 1756/1756/1601
f 1758/1758/1603 1759/1759/1604 1757/1757/1602
f 1738/1738/1583 1754/1754/1599 1759/1759/1604
f 1759/1759/1604 1754/1754/1599 1757/1757/1602
f 1738/1738/1583 1760/1760/1605 1734/1734/1579
f 1760/1760/1605 1738/1738/1583 1759/1759/1604
f 1761/1761/1606 1760/1760/1605 1759/1759/1604
f 1761/1761/1606 1759/1759/1604 1758/1758/1603
f 1761/1761/1606 1758/1758/1603 1762/1762/1607
f 1732/1732/1577 1734/1734/1579 1763/1763/1608
f 1734/1734/1579 1760/1760/1605 1763/1763/1608
f 1732/1732/1577 1763/1763/1608 1764/1764/1609
f 1760/1760/1605 1761/1761/1606 1763/1763/1608
f 1762/1762/1607 1763/1763/1608 1761/1761/1606
f 1763/1763/1608 1762/1762/1607 1764/1764/1609
f 1765/1765/1610 1766/1766/1611 1767/1767/1612
f 1766/1766/1611 1768/1768/1613 1767/1767/1612
f 1766/1766/1611 1765/1765/1610 1769/1769/1614
f 1766/1766/1611 1770/1770/1615 1768/1768/1613
f 1771/1771/1616 1769/1769/1614 1765/1765/1610
f 1766/1766/1611 1772/1772/1617 1770/1770/1615
f 1766/1766/1611 1769/1769/1614 1772/1772/1617
f 1771/1771/1616 1773/1773/1618 1769/1769/1614
f 1773/1773/1618 1772/1772/1617 1769/1769/1614
f 1774/1774/1619 1772/1772/1617 1773/1773/1618
f 1772/1772/1617 1774/1774/1619 1770/1770/1615
f 1775/1775/1620 1773/1773/1618 1771/1771/1616
f 1776/1776/1621 1774/1774/1619 1773/1773/1618
f 1775/1775/1620 1776/1776/1621 1773/1773/1618
f 1775/1775/1620 1771/1771/1616 1777/1777/1622
f 1775/1775/1620 1778/1778/1623 1776/1776/1621
f 1775/1775/1620 1777/1777/1622 1778/1778/1623
f 1778/1778/1623 1777/1777/1622 1779/1779/1624
f 1779/1779/1624 1780/1780/1625 1778/1778/1623
f 1780/1780/1625 1776/1776/1621 1778/1778/1623
f 1781/1781/1626 1780/1780/1625 1779/1779/1624
f 1774/1774/1619 1776/1776/1621 1780/1780/1625
f 1782/1782/1627 1774/1774/1619 1780/1780/1625
f 1783/1783/1628 1782/1782/1627 1780/1780/1625
f 1783/1783/1628 1780/1780/1625 1781/1781/1626
f 1783/1783/1628 1781/1781/1626 1784/1784/1629
f 1782/1782/1627 1783/1783/1628 1785/1785/1630
f 1784/1784/1629 1785/1785/1630 1783/1783/1628
f 1785/1785/1630 1784/1784/1629 1786/1786/1631
f 1787/1787/1632 1785/1785/1630 1786/1786/1631
f 1787/1787/1632 1788/1788/1633 1785/1785/1630
f 1774/1774/1619 1782/1782/1627 1788/1788/1633
f 1788/1788/1633 1782/1782/1627 1785/1785/1630
f 1788/1788/1633 1787/1787/1632 1789/1789/1634
f 1790/1790/1635 1774/1774/1619 1788/1788/1633
f 1791/1791/1636 1790/1790/1635 1788/1788/1633
f 1791/1791/1636 1788/1788/1633 1789/1789/1634
f 1792/1792/1637 1791/1791/1636 1789/1789/1634
f 1790/1790/1635 1791/1791/1636 1793/1793/1638
f 1792/1792/1637 1793/1793/1638 1791/1791/1636
f 1794/1794/1639 1793/1793/1638 1792/1792/1637
f 1794/1794/1639 1795/1795/1640 1793/1793/1638
f 1774/1774/1619 1790/1790/1635 1795/1795/1640
f 1795/1795/1640 1790/1790/1635 1793/1793/1638
f 1774/1774/1619 1796/1796/1641 1770/1770/1615
f 1796/1796/1641 1774/1774/1619 1795/1795/1640
f 1797/1797/1642 1796/1796/1641 1795/1795/1640
f 1797/1797/1642 1795/1795/1640 1794/1794/1639
f 1797/1797/1642 1794/1794/1639 1798/1798/1643
f 1768/1768/1613 1770/1770/1615 1799/1799/1644
f 1770/1770/1615 1796/1796/1641 1799/1799/1644
f 1768/1768/1613 1799/1799/1644 1800/1800/1645
f 1796/1796/1641 1797/1797/1642 1799/1799/1644
f 1798/1798/1643 1799/1799/1644 1797/1797/1642
f 1799/1799/1644 1798/1798/1643 1800/1800/1645
f 1801/1801/1646 1802/1802/1647 1803/1803/1648
f 1804/1804/1649 1802/1802/1647 1801/1801/1646
f 1805/1805/1650 1804/1804/1649 1801/1801/1646
f 1806/1806/1651 1804/1804/1649 1805/1805/1650
f 1807/1807/1652 1806/1806/1651 1805/1805/1650
f 1808/1808/1653 1806/1806/1651 1807/1807/1652
f 1808/1808/1653 1807/1807/1652 1809/1809/1654
f 1809/1809/1654 1807/1807/1652 1810/1810/1655
f 1810/1810/1655 1811/1811/1656 1809/1809/1654
f 1809/1809/1654 1811/1811/1656 1812/1812/1657
f 1811/1811/1656 1810/1810/1655 1813/1813/1658
f 1803/1803/1648 1802/1802/1647 1814/1814/1659
f 1814/1814/1659 1802/1802/1647 1815/1815/1660
f 1814/1814/1659 1815/1815/1660 1816/1816/1661
f 1816/1816/1661 1815/1815/1660 1817/1817/1662
f 1816/1816/1661 1817/1817/1662 1818/1818/1663
f 1818/1818/1663 1817/1817/1662 1819/1819/1664
f 1820/1820/1665 1818/1818/1663 1819/1819/1664
f 1821/1821/1666 1818/1818/1663 1820/1820/1665
f 1820/1820/1665 1822/1822/1667 1821/1821/1666
f 1823/1823/1668 1822/1822/1667 1820/1820/1665
f 1824/1824/1669 1821/1821/1666 1822/1822/1667
f 1825/1825/1670 1826/1826/1671 1827/1827/1672
f 1828/1828/1673 1826/1826/1671 1825/1825/1670
f 1825/1825/1670 1829/1829/1674 1828/1828/1673
f 1830/1830/1675 1829/1829/1674 1825/1825/1670
f 1831/1831/1676 1830/1830/1675 1825/1825/1670
f 1832/1832/1677 1833/1833/1678 1828/1828/1673
f 1829/1829/1674 1832/1832/1677 1828/1828/1673
f 1832/1832/1677 1829/1829/1674 1834/1834/1679
f 1829/1829/1674 1830/1830/1675 1834/1834/1679
f 1830/1830/1675 1835/1835/1680 1834/1834/1679
f 1834/1834/1679 1835/1835/1680 1836/1836/1681
f 1830/1830/1675 1831/1831/1676 1835/1835/1680
f 1837/1837/1682 1835/1835/1680 1831/1831/1676
f 1837/1837/1682 1838/1838/1683 1835/1835/1680
f 1835/1835/1680 1838/1838/1683 1839/1839/1684
f 1840/1840/1685 1835/1835/1680 1839/1839/1684
f 1840/1840/1685 1839/1839/1684 1841/1841/1686
f 1835/1835/1680 1840/1840/1685 1836/1836/1681
f 1842/1842/1687 1840/1840/1685 1841/1841/1686
f 1840/1840/1685 1842/1842/1687 1836/1836/1681
f 1843/1843/1688 1836/1836/1681 1842/1842/1687
f 1842/1842/1687 1841/1841/1686 1844/1844/1689
f 1842/1842/1687 1844/1844/1689 1843/1843/1688
f 1845/1845/1690 1844/1844/1689 1841/1841/1686
f 1844/1844/1689 1845/1845/1690 1846/1846/1691
f 1847/1847/1692 1844/1844/1689 1846/1846/1691
f 1848/1848/1693 1844/1844/1689 1847/1847/1692
f 1846/1846/1691 1849/1849/1694 1847/1847/1692
f 1850/1850/1695 1847/1847/1692 1849/1849/1694
f 1851/1851/1696 1852/1852/1697 1853/1853/1698
f 1853/1853/1698 1852/1852/1697 1854/1854/1699
f 1854/1854/1699 1855/1855/1700 1853/1853/1698
f 1853/1853/1698 1855/1855/1700 1856/1856/1701
f 1857/1857/1702 1853/1853/1698 1856/1856/1701
f 1854/1854/1699 1858/1858/1703 1859/1859/1704
f 1854/1854/1699 1859/1859/1704 1855/1855/1700
f 1860/1860/1705 1855/1855/1700 1859/1859/1704
f 1860/1860/1705 1856/1856/1701 1855/1855/1700
f 1860/1860/1705 1861/1861/1706 1856/1856/1701
f 1862/1862/1707 1861/1861/1706 1860/1860/1705
f 1861/1861/1706 1857/1857/1702 1856/1856/1701
f 1857/1857/1702 1861/1861/1706 1863/1863/1708
f 1861/1861/1706 1864/1864/1709 1863/1863/1708
f 1865/1865/1710 1864/1864/1709 1861/1861/1706
f 1865/1865/1710 1861/1861/1706 1866/1866/1711
f 1867/1867/1712 1865/1865/1710 1866/1866/1711
f 1862/1862/1707 1866/1866/1711 1861/1861/1706
f 1867/1867/1712 1866/1866/1711 1868/1868/1713
f 1862/1862/1707 1868/1868/1713 1866/1866/1711
f 1868/1868/1713 1862/1862/1707 1869/1869/1714
f 1870/1870/1715 1867/1867/1712 1868/1868/1713
f 1869/1869/1714 1870/1870/1715 1868/1868/1713
f 1867/1867/1712 1870/1870/1715 1871/1871/1716
f 1872/1872/1717 1871/1871/1716 1870/1870/1715
f 1872/1872/1717 1870/1870/1715 1873/1873/1718
f 1873/1873/1718 1870/1870/1715 1874/1874/1719
f 1873/1873/1718 1875/1875/1694 1872/1872/1717
f 1875/1875/1694 1873/1873/1718 1876/1876/1695
f 1877/1877/1720 1878/1878/1721 1879/1879/1722
f 1880/1880/1723 1877/1877/1720 1879/1879/1722
f 1881/1881/1724 1880/1880/1723 1879/1879/1722
f 1881/1881/1724 1879/1879/1722 1882/1882/1725
f 1880/1880/1723 1883/1883/1726 1877/1877/1720
f 1882/1882/1725 1884/1884/1727 1881/1881/1724
f 1881/1881/1724 1883/1883/1726 1880/1880/1723
f 1885/1885/1728 1881/1881/1724 1884/1884/1727
f 1885/1885/1728 1883/1883/1726 1881/1881/1724
f 1886/1886/1729 1883/1883/1726 1885/1885/1728
f 1886/1886/1729 1885/1885/1728 1884/1884/1727
f 1887/1887/1730 1886/1886/1729 1884/1884/1727
f 1886/1886/1729 1887/1887/1730 1888/1888/1731
f 1889/1889/1732 1883/1883/1726 1886/1886/1729
f 1883/1883/1726 1889/1889/1732 1890/1890/1733
f 1888/1888/1731 1889/1889/1732 1886/1886/1729
f 1889/1889/1732 1888/1888/1731 1890/1890/1733
f 1891/1891/1734 1892/1892/1735 1893/1893/1736
f 1894/1894/1737 1893/1893/1736 1892/1892/1735
f 1893/1893/1736 1894/1894/1737 1895/1895/1738
f 1892/1892/1735 1896/1896/1739 1894/1894/1737
f 1897/1897/1740 1895/1895/1738 1894/1894/1737
f 1895/1895/1738 1897/1897/1740 1898/1898/1741
f 1899/1899/1742 1894/1894/1737 1896/1896/1739
f 1900/1900/1743 1898/1898/1741 1897/1897/1740
f 1899/1899/1742 1901/1901/1744 1894/1894/1737
f 1897/1897/1740 1894/1894/1737 1901/1901/1744
f 1900/1900/1743 1897/1897/1740 1902/1902/1745
f 1901/1901/1744 1902/1902/1745 1897/1897/1740
f 1900/1900/1743 1902/1902/1745 1903/1903/1746
f 1898/1898/1741 1900/1900/1743 1903/1903/1746
f 1904/1904/1747 1898/1898/1741 1903/1903/1746
f 1904/1904/1747 1903/1903/1746 1905/1905/1748
f 1906/1906/1749 1904/1904/1747 1905/1905/1748
f 1902/1902/1745 1907/1907/1750 1903/1903/1746
f 1903/1903/1746 1907/1907/1750 1905/1905/1748
f 1906/1906/1749 1905/1905/1748 1908/1908/1751
f 1909/1909/1752 1906/1906/1749 1908/1908/1751
f 1907/1907/1750 1910/1910/1753 1905/1905/1748
f 1905/1905/1748 1910/1910/1753 1908/1908/1751
f 1910/1910/1753 1911/1911/1754 1908/1908/1751
f 1910/1910/1753 1912/1912/1755 1911/1911/1754
f 1910/1910/1753 1907/1907/1750 1913/1913/1756
f 1913/1913/1756 1912/1912/1755 1910/1910/1753
f 1913/1913/1756 1907/1907/1750 1914/1914/1757
f 1902/1902/1745 1914/1914/1757 1907/1907/1750
f 1915/1915/1758 1914/1914/1757 1902/1902/1745
f 1902/1902/1745 1916/1916/1759 1915/1915/1758
f 1901/1901/1744 1916/1916/1759 1902/1902/1745
f 1901/1901/1744 1917/1917/1760 1916/1916/1759
f 1899/1899/1742 1917/1917/1760 1901/1901/1744
f 1899/1899/1742 1918/1918/1761 1917/1917/1760
f 1896/1896/1739 1918/1918/1761 1899/1899/1742
f 1919/1919/1762 1920/1920/1763 1921/1921/1764
f 1922/1922/1765 1919/1919/1762 1921/1921/1764
f 1922/1922/1765 1921/1921/1764 1923/1923/1766
f 1924/1924/1767 1922/1922/1765 1923/1923/1766
f 1924/1924/1767 1923/1923/1766 1925/1925/1768
f 1926/1926/1769 1924/1924/1767 1925/1925/1768
f 1924/1924/1767 1927/1927/1770 1922/1922/1765
f 1927/1927/1770 1924/1924/1767 1926/1926/1769
f 1922/1922/1765 1927/1927/1770 1919/1919/1762
f 1919/1919/1762 1927/1927/1770 1928/1928/1771
f 1929/1929/1772 1919/1919/1762 1928/1928/1771
f 1927/1927/1770 1926/1926/1769 1930/1930/1773
f 1930/1930/1773 1928/1928/1771 1927/1927/1770
f 1930/1930/1773 1926/1926/1769 1931/1931/1774
f 1931/1931/1774 1926/1926/1769 1932/1932/1775
f 1933/1933/1776 1930/1930/1773 1931/1931/1774
f 1928/1928/1771 1930/1930/1773 1933/1933/1776
f 1934/1934/1777 1928/1928/1771 1933/1933/1776
f 1928/1928/1771 1934/1934/1777 1929/1929/1772
f 1935/1935/1778 1929/1929/1772 1934/1934/1777
f 1936/1936/1779 1934/1934/1777 1933/1933/1776
f 1936/1936/1779 1933/1933/1776 1931/1931/1774
f 1936/1936/1779 1937/1937/1780 1934/1934/1777
f 1934/1934/1777 1938/1938/1781 1935/1935/1778
f 1939/1939/1782 1934/1934/1777 1940/1940/1783
f 1941/1941/1784 1938/1938/1781 1934/1934/1777
f 1942/1942/1785 1934/1934/1777 1939/1939/1782
f 1941/1941/1784 1934/1934/1777 1943/1943/1786
f 1944/1944/1787 1934/1934/1777 1942/1942/1785
f 1943/1943/1786 1934/1934/1777 1945/1945/1788
f 1946/1946/1789 1934/1934/1777 1944/1944/1787
f 1945/1945/1788 1934/1934/1777 1947/1947/1790
f 1948/1948/1791 1947/1947/1790 1934/1934/1777
f 1946/1946/1789 1948/1948/1791 1934/1934/1777
f 1936/1936/1779 1949/1949/1792 1937/1937/1780
f 1931/1931/1774 1949/1949/1792 1936/1936/1779
f 1949/1949/1792 1931/1931/1774 1932/1932/1775
f 1937/1937/1780 1949/1949/1792 1950/1950/1793
f 1949/1949/1792 1932/1932/1775 1951/1951/1794
f 1951/1951/1794 1950/1950/1793 1949/1949/1792
f 1932/1932/1775 1952/1952/1795 1951/1951/1794
f 1951/1951/1794 1952/1952/1795 1953/1953/1796
f 1950/1950/1793 1954/1954/1797 1937/1937/1780
f 1954/1954/1797 1950/1950/1793 1955/1955/1798
f 1950/1950/1793 1951/1951/1794 1955/1955/1798
f 1955/1955/1798 1951/1951/1794 1953/1953/1796
f 1953/1953/1796 1956/1956/1799 1955/1955/1798
f 1956/1956/1799 1954/1954/1797 1955/1955/1798
f 1956/1956/1799 1957/1957/1800 1954/1954/1797
f 1958/1958/1801 1954/1954/1797 1957/1957/1800
f 1956/1956/1799 1959/1959/1802 1957/1957/1800
f 1960/1960/1803 1954/1954/1797 1958/1958/1801
f 1961/1961/1804 1954/1954/1797 1960/1960/1803
f 1962/1962/1805 1963/1963/1806 1954/1954/1797
f 1964/1964/1807 1954/1954/1797 1961/1961/1804
f 1965/1965/1808 1962/1962/1805 1954/1954/1797
f 1966/1966/1809 1954/1954/1797 1964/1964/1807
f 1967/1967/1810 1965/1965/1808 1954/1954/1797
f 1968/1968/1811 1954/1954/1797 1966/1966/1809
f 1969/1969/1812 1967/1967/1810 1954/1954/1797
f 1970/1970/1813 1969/1969/1812 1954/1954/1797
f 1970/1970/1813 1954/1954/1797 1968/1968/1811
f 1953/1953/1796 1971/1971/1814 1956/1956/1799
f 1971/1971/1814 1953/1953/1796 1952/1952/1795
f 1956/1956/1799 1971/1971/1814 1959/1959/1802
f 1972/1972/1815 1971/1971/1814 1952/1952/1795
f 1959/1959/1802 1971/1971/1814 1973/1973/1816
f 1972/1972/1815 1973/1973/1816 1971/1971/1814
f 1972/1972/1815 1952/1952/1795 1974/1974/1817
f 1959/1959/1802 1973/1973/1816 1975/1975/1818
f 1976/1976/1819 1959/1959/1802 1975/1975/1818
f 1977/1977/1820 1972/1972/1815 1974/1974/1817
f 1977/1977/1820 1975/1975/1818 1973/1973/1816
f 1972/1972/1815 1977/1977/1820 1973/1973/1816
f 1978/1978/1821 1878/1878/1721 1877/1877/1720
f 1978/1978/1821 1877/1877/1720 1979/1979/1822
f 1877/1877/1720 1883/1883/1726 1979/1979/1822
f 1978/1978/1821 1979/1979/1822 1980/1980/1823
f 1981/1981/1824 1978/1978/1821 1980/1980/1823
f 1980/1980/1823 1982/1982/1825 1981/1981/1824
f 1979/1979/1822 1883/1883/1726 1980/1980/1823
f 1982/1982/1825 1980/1980/1823 1983/1983/1826
f 1980/1980/1823 1883/1883/1726 1983/1983/1826
f 1983/1983/1826 1883/1883/1726 1984/1984/1827
f 1982/1982/1825 1983/1983/1826 1984/1984/1827
f 1982/1982/1825 1984/1984/1827 1985/1985/1828
f 1986/1986/1829 1985/1985/1828 1984/1984/1827
f 1984/1984/1827 1883/1883/1726 1986/1986/1829
f 1890/1890/1733 1986/1986/1829 1883/1883/1726
f 1987/1987/1830 1892/1892/1735 1891/1891/1734
f 1988/1988/1831 1896/1896/1739 1892/1892/1735
f 1892/1892/1735 1987/1987/1830 1988/1988/1831
f 1989/1989/1832 1988/1988/1831 1987/1987/1830
f 1988/1988/1831 1989/1989/1832 1990/1990/1833
f 1991/1991/1834 1990/1990/1833 1989/1989/1832
f 1896/1896/1739 1988/1988/1831 1992/1992/1835
f 1990/1990/1833 1991/1991/1834 1993/1993/1836
f 1994/1994/1837 1988/1988/1831 1990/1990/1833
f 1988/1988/1831 1994/1994/1837 1992/1992/1835
f 1992/1992/1835 1918/1918/1761 1896/1896/1739
f 1995/1995/1838 1918/1918/1761 1992/1992/1835
f 1994/1994/1837 1995/1995/1838 1992/1992/1835
f 1996/1996/1839 1995/1995/1838 1994/1994/1837
f 1997/1997/1840 1996/1996/1839 1994/1994/1837
f 1998/1998/1841 1996/1996/1839 1997/1997/1840
f 1997/1997/1840 1999/1999/1842 1998/1998/1841
f 1990/1990/1833 1997/1997/1840 1994/1994/1837
f 1997/1997/1840 1990/1990/1833 1993/1993/1836
f 2000/2000/1843 1999/1999/1842 1997/1997/1840
f 2001/2001/1844 1993/1993/1836 1991/1991/1834
f 2001/2001/1844 1997/1997/1840 1993/1993/1836
f 2001/2001/1844 1991/1991/1834 2002/2002/1845
f 2001/2001/1844 2000/2000/1843 1997/1997/1840
f 2003/2003/1846 2000/2000/1843 2001/2001/1844
f 2003/2003/1846 2001/2001/1844 2002/2002/1845
f 1908/1908/1751 2004/2004/1847 1909/1909/1752
f 1908/1908/1751 2003/2003/1846 2004/2004/1847
f 2003/2003/1846 2002/2002/1845 2004/2004/1847
f 2003/2003/1846 2005/2005/1848 2000/2000/1843
f 1908/1908/1751 2005/2005/1848 2003/2003/1846
f 1908/1908/1751 1911/1911/1754 2005/2005/1848
f 1911/1911/1754 1912/1912/1755 2005/2005/1848
f 2005/2005/1848 1912/1912/1755 2006/2006/1849
f 1999/1999/1842 2000/2000/1843 2006/2006/1849
f 2006/2006/1849 2000/2000/1843 2005/2005/1848
f 2007/2007/1850 2008/2008/1851 2009/2009/1852
f 2007/2007/1850 2009/2009/1852 2010/2010/1853
f 2011/2011/1854 2007/2007/1850 2010/2010/1853
f 2011/2011/1854 2010/2010/1853 2012/2012/1855
f 2013/2013/1856 2011/2011/1854 2012/2012/1855
f 2013/2013/1856 2012/2012/1855 2014/2014/1857
f 2010/2010/1853 2015/2015/1858 2012/2012/1855
f 2014/2014/1857 2012/2012/1855 2015/2015/1858
f 2009/2009/1852 2015/2015/1858 2010/2010/1853
f 2016/2016/1859 2015/2015/1858 2009/2009/1852
f 2016/2016/1859 2009/2009/1852 2017/2017/1860
f 2018/2018/1861 2014/2014/1857 2015/2015/1858
f 2015/2015/1858 2016/2016/1859 2018/2018/1861
f 2019/2019/1862 2014/2014/1857 2018/2018/1861
f 2020/2020/1863 2014/2014/1857 2019/2019/1862
f 2019/2019/1862 2018/2018/1861 2021/2021/1864
f 2021/2021/1864 2018/2018/1861 2016/2016/1859
f 2017/2017/1860 2022/2022/1865 2016/2016/1859
f 2021/2021/1864 2016/2016/1859 2022/2022/1865
f 2022/2022/1865 2017/2017/1860 2023/2023/1866
f 2021/2021/1864 2022/2022/1865 2024/2024/1867
f 2019/2019/1862 2021/2021/1864 2024/2024/1867
f 2022/2022/1865 2025/2025/1868 2024/2024/1867
f 2023/2023/1866 2026/2026/1869 2022/2022/1865
f 2027/2027/1870 2022/2022/1865 2028/2028/1871
f 2022/2022/1865 2026/2026/1869 2029/2029/1872
f 2028/2028/1871 2022/2022/1865 2030/2030/1873
f 2031/2031/1874 2022/2022/1865 2029/2029/1872
f 2030/2030/1873 2022/2022/1865 2032/2032/1875
f 2033/2033/1876 2022/2022/1865 2031/2031/1874
f 2032/2032/1875 2022/2022/1865 2034/2034/1877
f 2035/2035/1878 2022/2022/1865 2033/2033/1876
f 2022/2022/1865 2035/2035/1878 2036/2036/1879
f 2022/2022/1865 2036/2036/1879 2034/2034/1877
f 2025/2025/1868 2037/2037/1880 2024/2024/1867
f 2024/2024/1867 2037/2037/1880 2019/2019/1862
f 2020/2020/1863 2019/2019/1862 2037/2037/1880
f 2038/2038/1881 2037/2037/1880 2025/2025/1868
f 2039/2039/1882 2020/2020/1863 2037/2037/1880
f 2037/2037/1880 2038/2038/1881 2039/2039/1882
f 2039/2039/1882 2040/2040/1883 2020/2020/1863
f 2041/2041/1884 2040/2040/1883 2039/2039/1882
f 2025/2025/1868 2042/2042/1885 2038/2038/1881
f 2043/2043/1886 2038/2038/1881 2042/2042/1885
f 2043/2043/1886 2039/2039/1882 2038/2038/1881
f 2041/2041/1884 2039/2039/1882 2043/2043/1886
f 2043/2043/1886 2044/2044/1887 2041/2041/1884
f 2043/2043/1886 2042/2042/1885 2044/2044/1887
f 2042/2042/1885 2045/2045/1888 2044/2044/1887
f 2045/2045/1888 2042/2042/1885 2046/2046/1889
f 2045/2045/1888 2047/2047/1890 2044/2044/1887
f 2046/2046/1889 2042/2042/1885 2048/2048/1891
f 2048/2048/1891 2042/2042/1885 2049/2049/1892
f 2042/2042/1885 2050/2050/1893 2051/2051/1894
f 2049/2049/1892 2042/2042/1885 2052/2052/1895
f 2042/2042/1885 2051/2051/1894 2053/2053/1896
f 2052/2052/1895 2042/2042/1885 2054/2054/1897
f 2042/2042/1885 2053/2053/1896 2055/2055/1898
f 2054/2054/1897 2042/2042/1885 2056/2056/1899
f 2042/2042/1885 2055/2055/1898 2057/2057/1900
f 2042/2042/1885 2057/2057/1900 2058/2058/1901
f 2056/2056/1899 2042/2042/1885 2058/2058/1901
f 2044/2044/1887 2059/2059/1902 2041/2041/1884
f 2040/2040/1883 2041/2041/1884 2059/2059/1902
f 2047/2047/1890 2059/2059/1902 2044/2044/1887
f 2040/2040/1883 2059/2059/1902 2060/2060/1903
f 2059/2059/1902 2061/2061/1904 2060/2060/1903
f 2061/2061/1904 2059/2059/1902 2047/2047/1890
f 2062/2062/1905 2040/2040/1883 2060/2060/1903
f 2061/2061/1904 2063/2063/1906 2060/2060/1903
f 2062/2062/1905 2060/2060/1903 2063/2063/1906
f 2064/2064/1907 2061/2061/1904 2047/2047/1890
f 2061/2061/1904 2064/2064/1907 2063/2063/1906
f 2064/2064/1907 2047/2047/1890 2065/2065/1908
f 2066/2066/1909 2067/2067/1910 2068/2068/1911
f 2068/2068/1911 2067/2067/1910 2069/2069/1912
f 2069/2069/1912 2070/2070/1913 2068/2068/1911
f 2068/2068/1911 2070/2070/1913 2071/2071/1914
f 2072/2072/1915 2068/2068/1911 2071/2071/1914
f 2069/2069/1912 2073/2073/1916 2074/2074/1917
f 2069/2069/1912 2074/2074/1917 2070/2070/1913
f 2075/2075/1918 2070/2070/1913 2074/2074/1917
f 2075/2075/1918 2071/2071/1914 2070/2070/1913
f 2075/2075/1918 2076/2076/1919 2071/2071/1914
f 2077/2077/1920 2076/2076/1919 2075/2075/1918
f 2076/2076/1919 2072/2072/1915 2071/2071/1914
f 2072/2072/1915 2076/2076/1919 2078/2078/1921
f 2076/2076/1919 2079/2079/1922 2078/2078/1921
f 2080/2080/1923 2079/2079/1922 2076/2076/1919
f 2080/2080/1923 2076/2076/1919 2081/2081/1924
f 2082/2082/1925 2080/2080/1923 2081/2081/1924
f 2077/2077/1920 2081/2081/1924 2076/2076/1919
f 2082/2082/1925 2081/2081/1924 2083/2083/1926
f 2077/2077/1920 2083/2083/1926 2081/2081/1924
f 2083/2083/1926 2077/2077/1920 2084/2084/1927
f 2085/2085/1928 2082/2082/1925 2083/2083/1926
f 2084/2084/1927 2085/2085/1928 2083/2083/1926
f 2082/2082/1925 2085/2085/1928 2086/2086/1929
f 2087/2087/1930 2086/2086/1929 2085/2085/1928
f 2087/2087/1930 2085/2085/1928 2088/2088/1931
f 2088/2088/1931 2085/2085/1928 2089/2089/1932
f 2088/2088/1931 2090/2090/1933 2087/2087/1930
f 2090/2090/1933 2088/2088/1931 2091/2091/1934
f 2092/2092/1935 2093/2093/1936 2094/2094/1937
f 2095/2095/1938 2093/2093/1936 2092/2092/1935
f 2092/2092/1935 2096/2096/1939 2095/2095/1938
f 2097/2097/1940 2098/2098/1941 2092/2092/1935
f 2098/2098/1941 2096/2096/1939 2092/2092/1935
f 2099/2099/1942 2100/2100/1943 2095/2095/1938
f 2096/2096/1939 2099/2099/1942 2095/2095/1938
f 2099/2099/1942 2096/2096/1939 2101/2101/1944
f 2096/2096/1939 2098/2098/1941 2101/2101/1944
f 2098/2098/1941 2102/2102/1945 2101/2101/1944
f 2101/2101/1944 2102/2102/1945 2103/2103/1946
f 2098/2098/1941 2097/2097/1940 2102/2102/1945
f 2104/2104/1947 2102/2102/1945 2097/2097/1940
f 2104/2104/1947 2105/2105/1948 2102/2102/1945
f 2102/2102/1945 2105/2105/1948 2106/2106/1949
f 2107/2107/1950 2102/2102/1945 2106/2106/1949
f 2107/2107/1950 2106/2106/1949 2108/2108/1951
f 2102/2102/1945 2107/2107/1950 2103/2103/1946
f 2109/2109/1952 2107/2107/1950 2108/2108/1951
f 2107/2107/1950 2109/2109/1952 2103/2103/1946
f 2110/2110/1953 2103/2103/1946 2109/2109/1952
f 2109/2109/1952 2108/2108/1951 2111/2111/1954
f 2109/2109/1952 2111/2111/1954 2110/2110/1953
f 2112/2112/1955 2111/2111/1954 2108/2108/1951
f 2111/2111/1954 2112/2112/1955 2113/2113/1956
f 2114/2114/1957 2111/2111/1954 2113/2113/1956
f 2115/2115/1958 2111/2111/1954 2114/2114/1957
f 2113/2113/1956 2116/2116/1933 2114/2114/1957
f 2117/2117/1934 2114/2114/1957 2116/2116/1933
f 2118/2118/1959 2119/2119/1960 2120/2120/1961
f 2121/2121/1962 2120/2120/1961 2122/2122/1963
f 2121/2121/1962 2122/2122/1963 2123/2123/1964
f 2124/2124/1965 2125/2125/1966 2126/2126/1967
f 2124/2124/1965 2126/2126/1967 2127/2127/1968
f 2128/2128/1969 2127/2127/1968 2126/2126/1967
f 2127/2127/1968 2128/2128/1969 2129/2129/1970
f 2130/2130/1971 2127/2127/1968 2129/2129/1970
f 2130/2130/1971 2129/2129/1970 2131/2131/1972
f 2132/2132/1973 2130/2130/1971 2131/2131/1972
f 2133/2133/1974 2132/2132/1973 2131/2131/1972
f 2134/2134/1975 2133/2133/1974 2131/2131/1972
f 2135/2135/1976 2133/2133/1974 2134/2134/1975
f 2136/2136/1977 2135/2135/1976 2134/2134/1975
f 2137/2137/1978 2135/2135/1976 2136/2136/1977
f 2138/2138/1979 2139/2139/1980 2140/2140/1981
f 2138/2138/1979 2141/2141/1982 2139/2139/1980
f 2142/2142/1983 2139/2139/1980 2141/2141/1982
f 2142/2142/1983 2141/2141/1982 2143/2143/1984
f 2144/2144/1985 2142/2142/1983 2143/2143/1984
f 2144/2144/1985 2143/2143/1984 2145/2145/1986
f 2143/2143/1984 2146/2146/1987 2145/2145/1986
f 2146/2146/1987 2147/2147/1988 2145/2145/1986
f 2147/2147/1988 2148/2148/1989 2145/2145/1986
f 2145/2145/1986 2148/2148/1989 2149/2149/1990
f 2150/2150/1991 2149/2149/1990 2148/2148/1989
f 2148/2148/1989 2151/2151/1992 2150/2150/1991
f 2151/2151/1992 2148/2148/1989 2152/2152/1993
f 2153/2153/1994 2154/2154/1995 2155/2155/1996
f 2156/2156/1997 2157/2157/1998 2158/2158/1999
f 2157/2157/1998 2159/2159/2000 2158/2158/1999
f 2159/2159/2000 2160/2160/2001 2158/2158/1999
f 2159/2159/2000 2161/2161/2002 2160/2160/2001
f 2161/2161/2002 2162/2162/2003 2160/2160/2001
f 2162/2162/2003 2161/2161/2002 2163/2163/2004
f 2164/2164/2005 2163/2163/2004 2161/2161/2002
f 2164/2164/2005 2165/2165/2006 2163/2163/2004
f 2165/2165/2006 2166/2166/2007 2163/2163/2004
f 2166/2166/2007 2165/2165/2006 2167/2167/2008
f 2168/2168/2009 2167/2167/2008 2165/2165/2006
f 2168/2168/2009 2169/2169/2010 2167/2167/2008
f 2169/2169/2010 2170/2170/2011 2167/2167/2008
f 2169/2169/2010 2171/2171/2012 2170/2170/2011
f 2171/2171/2012 2172/2172/2013 2170/2170/2011
f 2171/2171/2012 2173/2173/2014 2172/2172/2013
f 2173/2173/2014 2174/2174/2015 2172/2172/2013
f 2173/2173/2014 2175/2175/2016 2174/2174/2015
f 2175/2175/2016 2176/2176/2017 2174/2174/2015
f 2176/2176/2017 2175/2175/2016 2177/2177/2018
f 2178/2178/2019 2177/2177/2018 2175/2175/2016
f 2177/2177/2018 2178/2178/2019 2179/2179/2020
f 2180/2180/2021 2181/2181/2022 2182/2182/2023
f 2183/2183/2024 2182/2182/2023 2181/2181/2022
f 2182/2182/2023 2183/2183/2024 2184/2184/2025
f 2185/2185/2026 2186/2186/2027 2184/2184/2025
f 2120/2120/1961 2187/2187/2028 2118/2118/1959
f 2187/2187/2028 2120/2120/1961 2188/2188/2029
f 2121/2121/1962 2188/2188/2029 2120/2120/1961
f 2189/2189/2030 2121/2121/1962 2123/2123/1964
f 2190/2190/2031 2189/2189/2030 2123/2123/1964
f 2190/2190/2031 2123/2123/1964 2125/2125/1966
f 2124/2124/1965 2190/2190/2031 2125/2125/1966
f 2135/2135/1976 2137/2137/1978 2191/2191/2032
f 2191/2191/2032 2137/2137/1978 2140/2140/1981
f 2191/2191/2032 2140/2140/1981 2192/2192/2033
f 2139/2139/1980 2192/2192/2033 2140/2140/1981
f 2193/2193/2034 2139/2139/1980 2142/2142/1983
f 2144/2144/1985 2193/2193/2034 2142/2142/1983
f 2145/2145/1986 2149/2149/1990 2194/2194/2035
f 2150/2150/1991 2195/2195/2036 2149/2149/1990
f 2196/2196/2037 2149/2149/1990 2195/2195/2036
f 2197/2197/2038 2154/2154/1995 2153/2153/1994
f 2154/2154/1995 2197/2197/2038 2198/2198/2039
f 2154/2154/1995 2199/2199/2040 2200/2200/2041
f 2199/2199/2040 2154/2154/1995 2198/2198/2039
f 2201/2201/2042 2200/2200/2041 2199/2199/2040
f 2201/2201/2042 2156/2156/1997 2200/2200/2041
f 2157/2157/1998 2156/2156/1997 2201/2201/2042
f 2175/2175/2016 2202/2202/2043 2178/2178/2019
f 2203/2203/2044 2178/2178/2019 2202/2202/2043
f 2203/2203/2044 2179/2179/2020 2178/2178/2019
f 2203/2203/2044 2181/2181/2022 2179/2179/2020
f 2203/2203/2044 2204/2204/2045 2181/2181/2022
f 2205/2205/2046 2181/2181/2022 2204/2204/2045
f 2183/2183/2024 2181/2181/2022 2205/2205/2046
f 2183/2183/2024 2206/2206/2047 2184/2184/2025
f 2206/2206/2047 2185/2185/2026 2184/2184/2025
f 2206/2206/2047 2207/2207/2048 2185/2185/2026
f 1833/1833/1678 1832/1832/1677 2208/2208/2049
f 2209/2209/2050 2208/2208/2049 1832/1832/1677
f 2208/2208/2049 2209/2209/2050 2210/2210/2051
f 2211/2211/2052 2208/2208/2049 2210/2210/2051
f 1834/1834/1679 2209/2209/2050 1832/1832/1677
f 2211/2211/2052 2210/2210/2051 2212/2212/2053
f 2213/2213/2054 2212/2212/2053 2210/2210/2051
f 1834/1834/1679 1836/1836/1681 2214/2214/2055
f 2214/2214/2055 2209/2209/2050 1834/1834/1679
f 2209/2209/2050 2215/2215/2056 2210/2210/2051
f 2209/2209/2050 2214/2214/2055 2215/2215/2056
f 2210/2210/2051 2215/2215/2056 2213/2213/2054
f 2214/2214/2055 2216/2216/2057 2215/2215/2056
f 2215/2215/2056 2216/2216/2057 2217/2217/2058
f 2215/2215/2056 2217/2217/2058 2213/2213/2054
f 2214/2214/2055 1836/1836/1681 2218/2218/2059
f 1843/1843/1688 2218/2218/2059 1836/1836/1681
f 2219/2219/2060 2218/2218/2059 1843/1843/1688
f 2214/2214/2055 2218/2218/2059 2216/2216/2057
f 2218/2218/2059 2219/2219/2060 2220/2220/2061
f 2216/2216/2057 2221/2221/2062 2217/2217/2058
f 2216/2216/2057 2218/2218/2059 2221/2221/2062
f 2218/2218/2059 2220/2220/2061 2221/2221/2062
f 2221/2221/2062 2220/2220/2061 2222/2222/2063
f 2220/2220/2061 2223/2223/2064 2222/2222/2063
f 2221/2221/2062 2222/2222/2063 2224/2224/2065
f 2217/2217/2058 2221/2221/2062 2224/2224/2065
f 2084/2084/1927 2222/2222/2063 2223/2223/2064
f 2077/2077/1920 2222/2222/2063 2084/2084/1927
f 2222/2222/2063 2077/2077/1920 2225/2225/2066
f 2224/2224/2065 2222/2222/2063 2225/2225/2066
f 2225/2225/2066 2077/2077/1920 2075/2075/1918
f 2217/2217/2058 2224/2224/2065 2226/2226/2067
f 2226/2226/2067 2224/2224/2065 2225/2225/2066
f 2213/2213/2054 2217/2217/2058 2226/2226/2067
f 2226/2226/2067 2225/2225/2066 2227/2227/2068
f 2074/2074/1917 2227/2227/2068 2075/2075/1918
f 2075/2075/1918 2227/2227/2068 2225/2225/2066
f 2213/2213/2054 2226/2226/2067 2228/2228/2069
f 2228/2228/2069 2226/2226/2067 2227/2227/2068
f 2228/2228/2069 2212/2212/2053 2213/2213/2054
f 2212/2212/2053 2228/2228/2069 2229/2229/2070
f 2230/2230/2071 2074/2074/1917 2073/2073/1916
f 2228/2228/2069 2230/2230/2071 2229/2229/2070
f 2228/2228/2069 2227/2227/2068 2230/2230/2071
f 2074/2074/1917 2230/2230/2071 2227/2227/2068
f 2231/2231/2072 1859/1859/1704 1858/1858/1703
f 1859/1859/1704 2231/2231/2072 2232/2232/2073
f 2233/2233/2074 2232/2232/2073 2231/2231/2072
f 2233/2233/2074 2231/2231/2072 2234/2234/2075
f 1859/1859/1704 2232/2232/2073 1860/1860/1705
f 2235/2235/2076 2233/2233/2074 2234/2234/2075
f 2233/2233/2074 2235/2235/2076 2236/2236/2077
f 2237/2237/2078 1862/1862/1707 1860/1860/1705
f 1860/1860/1705 2232/2232/2073 2237/2237/2078
f 2238/2238/2079 2237/2237/2078 2232/2232/2073
f 2236/2236/2077 2238/2238/2079 2233/2233/2074
f 2233/2233/2074 2238/2238/2079 2232/2232/2073
f 2238/2238/2079 2239/2239/2080 2237/2237/2078
f 2240/2240/2081 2239/2239/2080 2238/2238/2079
f 2236/2236/2077 2240/2240/2081 2238/2238/2079
f 1862/1862/1707 2241/2241/2082 1869/1869/1714
f 2241/2241/2082 1862/1862/1707 2237/2237/2078
f 1869/1869/1714 2241/2241/2082 2242/2242/2083
f 2239/2239/2080 2241/2241/2082 2237/2237/2078
f 2243/2243/2084 2242/2242/2083 2241/2241/2082
f 2240/2240/2081 2244/2244/2085 2239/2239/2080
f 2244/2244/2085 2241/2241/2082 2239/2239/2080
f 2244/2244/2085 2243/2243/2084 2241/2241/2082
f 2245/2245/2086 2243/2243/2084 2244/2244/2085
f 2245/2245/2086 2246/2246/2087 2243/2243/2084
f 2247/2247/2088 2245/2245/2086 2244/2244/2085
f 2247/2247/2088 2244/2244/2085 2240/2240/2081
f 2246/2246/2087 2245/2245/2086 2110/2110/1953
f 2110/2110/1953 2245/2245/2086 2103/2103/1946
f 2248/2248/2089 2103/2103/1946 2245/2245/2086
f 2248/2248/2089 2245/2245/2086 2247/2247/2088
f 2101/2101/1944 2103/2103/1946 2248/2248/2089
f 2248/2248/2089 2247/2247/2088 2249/2249/2090
f 2249/2249/2090 2240/2240/2081 2236/2236/2077
f 2249/2249/2090 2247/2247/2088 2240/2240/2081
f 2248/2248/2089 2250/2250/2091 2101/2101/1944
f 2250/2250/2091 2248/2248/2089 2249/2249/2090
f 2101/2101/1944 2250/2250/2091 2099/2099/1942
f 2250/2250/2091 2249/2249/2090 2251/2251/2092
f 2236/2236/2077 2235/2235/2076 2251/2251/2092
f 2251/2251/2092 2249/2249/2090 2236/2236/2077
f 2252/2252/2093 2251/2251/2092 2235/2235/2076
f 2252/2252/2093 2253/2253/2094 2251/2251/2092
f 2100/2100/1943 2099/2099/1942 2253/2253/2094
f 2253/2253/2094 2250/2250/2091 2251/2251/2092
f 2250/2250/2091 2253/2253/2094 2099/2099/1942
