mtllib sweetdreams.mtl
o mesh_mesh.026
v 0.000000 -35.917198 -2.539139
v 0.000000 -41.093201 -0.213629
v 0.000000 -33.930500 0.408949
v 0.000000 -33.930500 0.408949
v 0.000000 -41.093201 -0.213629
v 0.000000 -38.651699 3.848381
v 0.000000 -27.185900 -0.149540
v 0.000000 -34.348602 0.473039
v 0.000000 -31.907099 -3.588979
v 0.000000 -27.185900 -0.149540
v 0.000000 -34.348602 0.473039
v 0.000000 -29.175699 2.798551
v 0.000000 -51.008598 0.000002
v 0.000000 -46.437000 -4.513689
v 0.000000 -40.482800 0.000001
v 0.000000 -39.881599 -3.430279
v 0.000000 -46.437000 -4.513689
v 0.000000 -40.482800 0.000001
v 0.000000 -20.682400 0.500505
v 0.000000 -27.845100 -0.119021
v 0.000000 -25.403601 3.942991
v 0.000000 -22.672199 -2.447579
v 0.000000 -27.845100 -0.119021
v 0.000000 -20.682400 0.500505
v 0.000000 -51.008598 0.000002
v 0.000000 -46.437000 4.513691
v 0.000000 -40.482800 0.000001
v 0.000000 -40.482800 0.000001
v 0.000000 -46.437000 4.513691
v 0.000000 -39.881599 3.430282
v 0.000000 -7.306130 9.350871
v 0.000000 -11.075199 7.989750
v 0.000000 -10.446500 6.125061
v 0.000000 3.118990 3.732410
v -2.215640 3.927730 -0.000000
v 0.000000 3.927730 3.311260
v -2.215640 3.927730 -0.000000
v 0.000000 3.118990 3.732410
v -2.472000 3.118990 -0.000000
v 0.000000 -10.446500 6.125061
v -1.025420 -13.180900 5.972470
v -0.585955 -11.548201 3.500471
v -0.585955 -11.548201 3.500471
v -1.025420 -13.180900 5.972470
v 0.000000 -15.024300 4.348891
v -0.585955 -11.548201 -3.500470
v -1.025420 -13.180900 -5.972469
v 0.000000 -10.446500 -6.125060
v 0.000000 -15.024300 -4.348890
v -1.025420 -13.180900 -5.972469
v -0.585955 -11.548201 -3.500470
v 7.580801 78.426498 7.580797
v 9.152500 78.426498 3.790397
v 6.057920 70.604599 6.057917
v 6.057920 70.604599 6.057917
v 9.152500 78.426498 3.790397
v 8.569600 70.604599 -0.000002
v -1.910460 64.448997 -0.000002
v -6.134220 66.988098 -0.000002
v -4.336680 66.988098 4.336678
v -4.336680 66.988098 4.336678
v 0.000000 64.448997 1.910458
v -1.910460 64.448997 -0.000002
v -3.683580 21.955000 -5.502491
v -3.744620 14.853400 -0.000000
v -2.649010 14.853400 -3.955200
v -2.649010 14.853400 -3.955200
v 0.000000 21.955000 -7.782220
v -3.683580 21.955000 -5.502491
v 0.000000 3.118990 -3.732410
v 2.215640 3.927730 -0.000000
v 0.000000 3.927730 -3.311260
v 2.215640 3.927730 -0.000000
v 0.000000 3.118990 -3.732410
v 2.472000 3.118990 -0.000000
v 4.599140 50.938396 -0.000002
v 2.929780 52.205002 3.128148
v 6.848350 52.195801 -0.000002
v 6.848350 52.195801 -0.000002
v 2.929780 52.205002 3.128148
v 6.674400 53.450100 -0.000002
v 0.000000 -10.446500 -6.125060
v 0.000000 -11.075201 -7.989749
v 1.025420 -13.180900 -5.972469
v 0.000000 -14.120902 -8.825951
v 1.025420 -13.180900 -5.972469
v 0.000000 -11.075201 -7.989749
v 0.585955 -11.548201 -3.500470
v 1.025420 -13.180900 -5.972469
v 0.000000 -15.024300 -4.348890
v 0.000000 -10.446500 -6.125060
v 1.025420 -13.180900 -5.972469
v 0.585955 -11.548201 -3.500470
v 0.000000 -14.120900 8.825951
v -1.025420 -13.180900 5.972470
v 0.000000 -11.075199 7.989750
v 0.000000 -10.446500 6.125061
v 0.000000 -11.075199 7.989750
v -1.025420 -13.180900 5.972470
v 0.585955 -11.548201 3.500471
v 1.025420 -13.180900 5.972470
v 0.000000 -10.446500 6.125061
v 0.000000 -15.024300 4.348891
v 1.025420 -13.180900 5.972470
v 0.585955 -11.548201 3.500471
v 2.649010 14.853400 3.955200
v 0.000000 21.955000 7.782219
v 3.683580 21.955000 5.502490
v 3.683580 21.955000 5.502490
v 3.744620 14.853400 -0.000001
v 2.649010 14.853400 3.955200
v 0.000000 5.685600 5.328530
v 1.660210 7.443460 5.505539
v 0.000000 3.927730 3.311260
v 0.000000 3.927730 3.311260
v 1.660210 7.443460 5.505539
v 2.215640 3.927730 -0.000000
v 0.881985 84.755997 9.158597
v 1.312300 84.377602 7.785268
v 0.268563 86.407104 9.298987
v 2.166810 87.023506 5.868707
v 0.268563 86.407104 9.298987
v 1.312300 84.377602 7.785268
v 1.312300 84.377602 -7.785272
v 0.268563 86.407104 -9.298993
v 2.166810 87.023506 -5.868713
v 0.268563 86.407104 -9.298993
v 1.312300 84.377602 -7.785272
v 0.881985 84.755997 -9.158603
v -4.065070 88.213799 -1.382493
v 0.000000 88.714302 3.622547
v -5.533010 84.862801 5.533008
v -5.533010 84.862801 5.533008
v 0.000000 88.714302 3.622547
v 0.000000 87.145599 6.692708
v 0.000000 1.019319 -10.400700
v -0.000001 1.495410 -15.994801
v -0.000001 4.153570 -11.609200
v -2.008120 22.776001 1.715139
v -3.625600 22.309000 1.461839
v -2.716150 24.478901 0.897243
v -1.467940 22.901100 -2.197331
v -1.574760 22.620300 -3.985721
v -0.695822 24.716900 -2.911471
v -3.625600 22.309000 -1.461841
v -4.266490 24.344601 -0.000001
v -4.815820 22.070999 -0.000001
v 0.000000 22.534899 5.078279
v 0.000000 24.594900 4.293949
v 1.574760 22.620300 3.985719
v 3.625600 22.309000 1.461839
v 4.266490 24.344601 -0.000001
v 4.815820 22.070999 -0.000001
v 0.000000 25.263199 -3.592031
v 0.000000 24.594900 -4.293951
v 0.695822 24.716900 -2.911471
v 2.008120 22.776001 -1.715141
v 3.625600 22.309000 -1.461841
v 2.716150 24.478901 -0.897245
v 0.000000 7.119969 -8.529922
v -1.660210 7.443460 -5.505539
v -0.000001 4.153570 -11.609200
v -2.929780 52.205002 -3.128151
v 0.000000 51.780804 -6.836151
v 0.000000 53.450100 -6.674401
v -1.910460 64.448997 -0.000002
v 0.000000 64.448997 -1.910462
v -4.336680 66.988098 -4.336682
v -3.683580 21.955000 5.502490
v 0.000000 23.523701 -0.000001
v 0.000000 21.955000 7.782219
v -6.848350 52.195801 -0.000001
v -2.929780 52.205002 -3.128151
v -6.674400 53.450100 -0.000001
v -1.290929 -1.638840 15.265401
v 0.000001 -0.872829 11.774000
v 0.000001 1.495410 15.994801
v 0.000000 16.232800 -0.000000
v -4.901269 13.715001 7.321389
v -6.930750 13.715000 -0.000000
v -0.646992 -9.216589 9.710991
v 0.000000 -11.075199 7.989750
v 0.000000 -7.306130 9.350871
v 4.599140 50.938396 -0.000002
v 0.000000 48.750298 -2.835171
v 2.835170 48.750298 -0.000002
v -0.585955 -11.548201 -3.500470
v -2.267530 -16.766899 0.000000
v 0.000000 -15.024300 -4.348890
v 0.000000 2.978611 8.935821
v -1.660210 7.443460 5.505539
v 0.000000 5.917540 9.799490
v -0.000001 -8.172860 -16.895000
v -0.000001 -10.959200 -14.529902
v 0.766014 -8.023320 -14.084299
v 0.000000 8.600121 9.283729
v 1.660210 7.443460 5.505539
v 0.000000 7.119969 8.529920
v 0.000000 -19.452499 -0.943022
v 2.267530 -16.766899 0.000000
v 0.000000 -17.392500 -3.350929
v -0.000001 -6.219671 -11.896100
v -0.000001 -2.969451 -12.247100
v 0.766014 -8.023320 -14.084299
v 1.290931 -1.638840 15.265401
v 0.000001 -3.903320 18.607100
v 0.000001 -0.311289 18.283600
v 0.000000 -10.446500 -6.125060
v 0.585955 -11.548201 -3.500470
v 1.315350 -9.418010 -2.038639
v 0.000000 13.714999 -10.351900
v 0.000000 10.272499 -8.658101
v 4.901269 13.714999 -7.321390
v 3.683580 21.955000 -5.502491
v 0.000000 23.523701 -0.000001
v 0.000000 21.955000 -7.782220
v 0.000000 5.685599 -5.328530
v 1.660210 7.443460 -5.505539
v 0.000000 1.019319 -10.400700
v -0.000001 -0.311289 -18.283600
v 1.290929 -1.638840 -15.265401
v -0.000001 1.495410 -15.994801
v 0.000000 16.232800 -0.000000
v 4.901269 13.714999 -7.321390
v 6.930750 13.715000 -0.000001
v 0.000000 -16.150400 6.009090
v 1.025420 -13.180900 5.972470
v 0.000000 -15.024300 4.348891
v 0.000001 -8.172860 16.895000
v 0.000001 -10.959200 14.529901
v -0.766014 -8.023320 14.084301
v 0.000000 -17.392500 3.350930
v 2.267530 -16.766899 0.000000
v 0.000000 -19.452499 0.943022
v 0.000000 48.750298 2.835168
v 3.729360 20.996700 -0.000001
v 0.000000 20.996700 3.729359
v 0.000000 -16.150400 -6.009089
v -1.025420 -13.180900 -5.972469
v 0.000000 -15.024300 -4.348890
v -2.215640 3.927730 -0.000000
v -1.660210 7.443460 5.505539
v 0.000000 3.927730 3.311260
v 7.718131 80.874001 5.749687
v 9.152500 78.426498 3.790397
v 7.580801 78.426498 7.580797
v -5.533010 84.862801 -5.533012
v -7.824950 84.862801 -0.000002
v -6.692710 78.429504 -6.692712
v -5.533010 84.862801 -5.533012
v 0.000000 87.145599 -6.692713
v -4.065070 88.213799 -1.382493
v 0.000000 83.315498 8.960227
v 4.733420 87.145599 4.733418
v 6.335640 83.315498 6.335637
v -6.692709 78.429504 6.692708
v 0.000000 83.315498 8.960227
v 0.000000 78.429504 9.466839
v 9.152500 78.426498 -3.790403
v 7.718130 80.874001 -5.749693
v 7.580800 78.426498 -7.580804
v 5.893120 87.890297 -0.000003
v 4.696800 87.932999 1.223787
v 6.497390 91.915604 -0.000003
v -0.766014 -8.023320 14.084301
v 0.000001 -6.219670 11.896100
v 0.000001 -2.969449 12.247100
v 0.000001 -2.969449 12.247100
v 0.000001 -6.219670 11.896100
v 0.766016 -8.023320 14.084301
v 0.000001 -2.969449 12.247100
v 0.766016 -8.023320 14.084301
v 1.290931 -1.638840 15.265401
v 1.290931 -1.638840 15.265401
v 0.766016 -8.023320 14.084301
v 0.000001 -5.056920 17.041500
v 1.290931 -1.638840 15.265401
v 0.000001 -5.056920 17.041500
v 0.000001 -3.903320 18.607100
v 0.000001 -3.903320 18.607100
v 0.000001 -5.056920 17.041500
v -1.290929 -1.638840 15.265401
v 0.000001 -3.903320 18.607100
v -1.290929 -1.638840 15.265401
v 0.000001 -0.311289 18.283600
v 0.000001 -0.311289 18.283600
v -1.290929 -1.638840 15.265401
v 0.000001 1.495410 15.994801
v 0.000001 -0.311289 18.283600
v 0.000001 1.495410 15.994801
v 1.290931 -1.638840 15.265401
v 1.290931 -1.638840 15.265401
v 0.000001 1.495410 15.994801
v 0.000001 -0.872829 11.774000
v 1.290931 -1.638840 15.265401
v 0.000001 -0.872829 11.774000
v 0.000001 -2.969449 12.247100
v 0.000001 -2.969449 12.247100
v 0.000001 -0.872829 11.774000
v -1.290929 -1.638840 15.265401
v 0.000001 -2.969449 12.247100
v -1.290929 -1.638840 15.265401
v -0.766014 -8.023320 14.084301
v -0.766014 -8.023320 14.084301
v -1.290929 -1.638840 15.265401
v 0.000001 -5.056920 17.041500
v -0.766014 -8.023320 14.084301
v 0.000001 -5.056920 17.041500
v 0.000001 -8.172860 16.895000
v 0.000001 -8.172860 16.895000
v 0.000001 -5.056920 17.041500
v 0.766016 -8.023320 14.084301
v 0.000001 -8.172860 16.895000
v 0.766016 -8.023320 14.084301
v 0.000001 -10.959200 14.529901
v 0.000001 -10.959200 14.529901
v 0.766016 -8.023320 14.084301
v 0.000000 -11.246099 10.727300
v 0.000001 -10.959200 14.529901
v 0.000000 -11.246099 10.727300
v -0.766014 -8.023320 14.084301
v -0.766014 -8.023320 14.084301
v 0.000000 -11.246099 10.727300
v -0.646992 -9.216589 9.710991
v -0.766014 -8.023320 14.084301
v -0.646992 -9.216589 9.710991
v 0.000001 -6.219670 11.896100
v 0.000001 -6.219670 11.896100
v -0.646992 -9.216589 9.710991
v 0.000000 -7.306130 9.350871
v 0.000001 -6.219670 11.896100
v 0.000000 -7.306130 9.350871
v 0.646992 -9.216589 9.710991
v 0.646992 -9.216589 9.710991
v 0.000000 -7.306130 9.350871
v 0.000000 -11.075199 7.989750
v 0.646992 -9.216589 9.710991
v 0.000000 -11.075199 7.989750
v 0.000000 -14.120900 8.825951
v -0.000001 -5.056921 -17.041500
v 1.290929 -1.638840 -15.265401
v -0.000001 -3.903320 -18.607100
v -0.000001 -3.903320 -18.607100
v 1.290929 -1.638840 -15.265401
v -0.000001 -0.311289 -18.283600
v -0.000001 -3.903320 -18.607100
v -0.000001 -0.311289 -18.283600
v -1.290931 -1.638840 -15.265401
v -1.290931 -1.638840 -15.265401
v -0.000001 -0.311289 -18.283600
v -0.000001 1.495410 -15.994801
v -1.290931 -1.638840 -15.265401
v -0.000001 1.495410 -15.994801
v -0.000001 -2.969451 -12.247100
v -0.000001 -2.969451 -12.247100
v -0.000001 1.495410 -15.994801
v 1.290929 -1.638840 -15.265401
v -0.000001 -2.969451 -12.247100
v 1.290929 -1.638840 -15.265401
v 0.766014 -8.023320 -14.084299
v 0.766014 -8.023320 -14.084299
v 1.290929 -1.638840 -15.265401
v -0.000001 -5.056921 -17.041500
v 0.766014 -8.023320 -14.084299
v -0.000001 -5.056921 -17.041500
v -0.000001 -8.172860 -16.895000
v -0.000001 -8.172860 -16.895000
v -0.000001 -5.056921 -17.041500
v -0.766016 -8.023320 -14.084299
v -0.000001 -8.172860 -16.895000
v -0.766016 -8.023320 -14.084299
v -0.000001 -10.959200 -14.529902
v -0.000001 -10.959200 -14.529902
v -0.766016 -8.023320 -14.084299
v 0.000000 -11.246101 -10.727300
v -0.000001 -10.959200 -14.529902
v 0.000000 -11.246101 -10.727300
v 0.766014 -8.023320 -14.084299
v 0.766014 -8.023320 -14.084299
v 0.000000 -11.246101 -10.727300
v 0.646992 -9.216591 -9.710989
v 0.766014 -8.023320 -14.084299
v 0.646992 -9.216591 -9.710989
v -0.000001 -6.219671 -11.896100
v -0.000001 -6.219671 -11.896100
v 0.646992 -9.216591 -9.710989
v 0.000000 -7.306130 -9.350869
v -0.000001 -6.219671 -11.896100
v 0.000000 -7.306130 -9.350869
v -0.646992 -9.216591 -9.710989
v -0.646992 -9.216591 -9.710989
v 0.000000 -7.306130 -9.350869
v 0.000000 -11.075201 -7.989749
v -0.646992 -9.216591 -9.710989
v 0.000000 -11.075201 -7.989749
v 0.000000 -14.120902 -8.825951
v 0.000000 13.714999 -10.351900
v -4.901270 13.714999 -7.321390
v 0.000000 10.272499 -8.658101
v 0.000000 10.272499 -8.658101
v -4.901270 13.714999 -7.321390
v -1.660210 7.443460 -5.505539
v 0.000000 10.272499 -8.658101
v -1.660210 7.443460 -5.505539
v 0.000000 8.600120 -9.283731
v 0.000000 8.600120 -9.283731
v -1.660210 7.443460 -5.505539
v 0.000000 7.119969 -8.529922
v 0.000000 8.600120 -9.283731
v 0.000000 7.119969 -8.529922
v 1.660210 7.443460 -5.505539
v 1.660210 7.443460 -5.505539
v 0.000000 7.119969 -8.529922
v -0.000001 4.153570 -11.609200
v 1.660210 7.443460 -5.505539
v -0.000001 4.153570 -11.609200
v 0.000000 1.019319 -10.400700
v 0.000000 1.019319 -10.400700
v -0.000001 4.153570 -11.609200
v -1.660210 7.443460 -5.505539
v 0.000000 1.019319 -10.400700
v -1.660210 7.443460 -5.505539
v 0.000000 5.685599 -5.328530
v 0.000000 5.685599 -5.328530
v -1.660210 7.443460 -5.505539
v 0.000000 3.927730 -3.311260
v 0.000000 5.685599 -5.328530
v 0.000000 3.927730 -3.311260
v 1.660210 7.443460 -5.505539
v 1.660210 7.443460 -5.505539
v 0.000000 3.927730 -3.311260
v 2.215640 3.927730 -0.000000
v 1.660210 7.443460 -5.505539
v 2.215640 3.927730 -0.000000
v 4.919580 7.443460 -0.000001
v 4.919580 7.443460 -0.000001
v 2.215640 3.927730 -0.000000
v 1.660210 7.443460 5.505539
v 4.919580 7.443460 -0.000001
v 1.660210 7.443460 5.505539
v 4.901270 13.715001 7.321389
v 4.901270 13.715001 7.321389
v 1.660210 7.443460 5.505539
v 0.000000 10.272501 8.658099
v 4.901270 13.715001 7.321389
v 0.000000 10.272501 8.658099
v 0.000000 13.715001 10.351900
v 0.000000 13.715001 10.351900
v 0.000000 10.272501 8.658099
v -4.901269 13.715001 7.321389
v 7.580800 78.426498 -7.580804
v 7.718130 80.874001 -5.749693
v 0.000000 78.429504 -9.466843
v 0.000000 78.429504 -9.466843
v 7.718130 80.874001 -5.749693
v 6.335639 83.315498 -6.335643
v 0.000000 78.429504 -9.466843
v 6.335639 83.315498 -6.335643
v 0.000000 83.315498 -8.960233
v 0.000000 83.315498 -8.960233
v 6.335639 83.315498 -6.335643
v 4.733420 87.145599 -4.733424
v 0.000000 83.315498 -8.960233
v 4.733420 87.145599 -4.733424
v 0.000000 87.145599 -6.692713
v 0.000000 87.145599 -6.692713
v 4.733420 87.145599 -4.733424
v 0.000000 88.714302 -3.622553
v 0.000000 87.145599 -6.692713
v 0.000000 88.714302 -3.622553
v -4.065070 88.213799 -1.382493
v -4.065070 88.213799 -1.382493
v 0.000000 88.714302 -3.622553
v 0.000000 89.434502 -0.000003
v -4.065070 88.213799 -1.382493
v 0.000000 89.434502 -0.000003
v 0.000000 88.714302 3.622547
v 0.000000 88.714302 3.622547
v 0.000000 89.434502 -0.000003
v 5.893120 87.890297 -0.000003
v 0.000000 88.714302 3.622547
v 5.893120 87.890297 -0.000003
v 4.733420 87.145599 4.733418
v 4.733420 87.145599 4.733418
v 5.893120 87.890297 -0.000003
v 8.960230 84.084602 -0.000003
v 4.733420 87.145599 4.733418
v 8.960230 84.084602 -0.000003
v 6.335640 83.315498 6.335637
v 6.335640 83.315498 6.335637
v 8.960230 84.084602 -0.000003
v 7.254251 82.479301 4.608297
v 6.335640 83.315498 6.335637
v 7.254251 82.479301 4.608297
v 7.718131 80.874001 5.749687
v 7.718131 80.874001 5.749687
v 7.254251 82.479301 4.608297
v 10.181000 81.847603 3.707997
v 7.718131 80.874001 5.749687
v 10.181000 81.847603 3.707997
v 9.152500 78.426498 3.790397
v 9.152500 78.426498 3.790397
v 10.181000 81.847603 3.707997
v 10.721200 78.426498 -0.000003
v 0.000000 -19.452499 0.943022
v -2.267530 -16.766899 0.000000
v 0.000000 -17.392500 3.350930
v 0.000000 -17.392500 3.350930
v -2.267530 -16.766899 0.000000
v 0.000000 -15.024300 4.348891
v 0.000000 -17.392500 3.350930
v 0.000000 -15.024300 4.348891
v 2.267530 -16.766899 0.000000
v 2.267530 -16.766899 0.000000
v 0.000000 -15.024300 4.348891
v 0.585955 -11.548201 3.500471
v 2.267530 -16.766899 0.000000
v 0.585955 -11.548201 3.500471
v 2.313300 -10.443399 -0.000000
v 2.313300 -10.443399 -0.000000
v 0.585955 -11.548201 3.500471
v 1.315350 -9.418010 2.038641
v 2.313300 -10.443399 -0.000000
v 1.315350 -9.418010 2.038641
v 3.350930 -9.018220 -0.000000
v 3.350930 -9.018220 -0.000000
v 1.315350 -9.418010 2.038641
v 0.979644 -5.417040 0.000000
v 3.350930 -9.018220 -0.000000
v 0.979644 -5.417040 0.000000
v 1.315350 -9.418010 -2.038639
v 1.315350 -9.418010 -2.038639
v 0.979644 -5.417040 0.000000
v 0.000000 -5.417040 -2.014220
v 1.315350 -9.418010 -2.038639
v 0.000000 -5.417040 -2.014220
v 0.000000 -10.446500 -6.125060
v 0.000000 -10.446500 -6.125060
v 0.000000 -5.417040 -2.014220
v -1.315350 -9.418010 -2.038639
v 0.000000 -10.446500 -6.125060
v -1.315350 -9.418010 -2.038639
v -0.585955 -11.548201 -3.500470
v -0.585955 -11.548201 -3.500470
v -1.315350 -9.418010 -2.038639
v -2.313300 -10.443399 0.000001
v -0.585955 -11.548201 -3.500470
v -2.313300 -10.443399 0.000001
v -2.267530 -16.766899 0.000000
v -2.267530 -16.766899 0.000000
v -2.313300 -10.443399 0.000001
v -0.585955 -11.548201 3.500471
v -2.267530 -16.766899 0.000000
v -0.585955 -11.548201 3.500471
v 0.000000 -15.024300 4.348891
v 7.580801 78.426498 7.580797
v 6.057920 70.604599 6.057917
v 0.000000 78.426498 10.721198
v 0.000000 78.426498 10.721198
v 6.057920 70.604599 6.057917
v 0.000000 70.604599 8.569597
v 0.000000 78.426498 10.721198
v 0.000000 70.604599 8.569597
v -7.580800 78.426498 7.580798
v -7.580800 78.426498 7.580798
v 0.000000 70.604599 8.569597
v -6.057920 70.604599 6.057918
v -7.580800 78.426498 7.580798
v -6.057920 70.604599 6.057918
v -10.721200 78.426498 -0.000002
v -10.721200 78.426498 -0.000002
v -6.057920 70.604599 6.057918
v -8.569600 70.604599 -0.000002
v -10.721200 78.426498 -0.000002
v -8.569600 70.604599 -0.000002
v -6.057920 70.604599 -6.057922
v -6.057920 70.604599 -6.057922
v -8.569600 70.604599 -0.000002
v -4.336680 66.988098 -4.336682
v -6.057920 70.604599 -6.057922
v -4.336680 66.988098 -4.336682
v 0.000000 66.988098 -6.134222
v 0.000000 66.988098 -6.134222
v -4.336680 66.988098 -4.336682
v 0.000000 64.448997 -1.910462
v 0.000000 66.988098 -6.134222
v 0.000000 64.448997 -1.910462
v 4.336680 66.988098 -4.336682
v 4.336680 66.988098 -4.336682
v 0.000000 64.448997 -1.910462
v 1.910460 64.448997 -0.000002
v 4.336680 66.988098 -4.336682
v 1.910460 64.448997 -0.000002
v 6.134220 66.988098 -0.000002
v 6.134220 66.988098 -0.000002
v 1.910460 64.448997 -0.000002
v 4.336680 66.988098 4.336678
v 6.134220 66.988098 -0.000002
v 4.336680 66.988098 4.336678
v 6.057920 70.604599 6.057917
v 6.057920 70.604599 6.057917
v 4.336680 66.988098 4.336678
v 0.000000 70.604599 8.569597
v 0.000000 -10.446500 6.125061
v -0.585955 -11.548201 3.500471
v -1.315350 -9.418010 2.038641
v -1.315350 -9.418010 2.038641
v -0.585955 -11.548201 3.500471
v -2.313300 -10.443399 0.000001
v -1.315350 -9.418010 2.038641
v -2.313300 -10.443399 0.000001
v -3.350930 -9.018220 0.000001
v -3.350930 -9.018220 0.000001
v -2.313300 -10.443399 0.000001
v -1.315350 -9.418010 -2.038639
v -3.350930 -9.018220 0.000001
v -1.315350 -9.418010 -2.038639
v -0.979644 -5.417040 0.000000
v -0.979644 -5.417040 0.000000
v -1.315350 -9.418010 -2.038639
v 0.000000 -5.417040 -2.014220
v -0.979644 -5.417040 0.000000
v 0.000000 -5.417040 -2.014220
v 0.000000 -1.205480 -1.763970
v 0.000000 -1.205480 -1.763970
v 0.000000 -5.417040 -2.014220
v 0.979644 -5.417040 0.000000
v 0.000000 -1.205480 -1.763970
v 0.979644 -5.417040 0.000000
v 1.168860 -1.205480 0.000000
v 1.168860 -1.205480 0.000000
v 0.979644 -5.417040 0.000000
v 0.000000 -1.205480 1.763970
v 1.168860 -1.205480 0.000000
v 0.000000 -1.205480 1.763970
v 0.000000 3.118990 3.732410
v 0.000000 3.118990 3.732410
v 0.000000 -1.205480 1.763970
v -1.168860 -1.205480 0.000000
v 0.000000 3.118990 3.732410
v -1.168860 -1.205480 0.000000
v -2.472000 3.118990 -0.000000
v -2.472000 3.118990 -0.000000
v -1.168860 -1.205480 0.000000
v 0.000000 3.118990 -3.732410
v -2.472000 3.118990 -0.000000
v 0.000000 3.118990 -3.732410
v -2.215640 3.927730 -0.000000
v -2.215640 3.927730 -0.000000
v 0.000000 3.118990 -3.732410
v 0.000000 3.927730 -3.311260
v -6.848350 52.195801 -0.000001
v -4.599140 50.938396 -0.000002
v -2.929780 52.205002 -3.128151
v -2.929780 52.205002 -3.128151
v -4.599140 50.938396 -0.000002
v 0.000000 50.938396 -4.599141
v -2.929780 52.205002 -3.128151
v 0.000000 50.938396 -4.599141
v 0.000000 51.780804 -6.836151
v 0.000000 51.780804 -6.836151
v 0.000000 50.938396 -4.599141
v 2.929780 52.205002 -3.128152
v 0.000000 51.780804 -6.836151
v 2.929780 52.205002 -3.128152
v 0.000000 53.450100 -6.674401
v 0.000000 53.450100 -6.674401
v 2.929780 52.205002 -3.128152
v 0.000000 55.964798 -8.163701
v 0.000000 53.450100 -6.674401
v 0.000000 55.964798 -8.163701
v -2.929780 52.205002 -3.128151
v -2.929780 52.205002 -3.128151
v 0.000000 55.964798 -8.163701
v -8.163700 55.964798 -0.000001
v -2.929780 52.205002 -3.128151
v -8.163700 55.964798 -0.000001
v -6.674400 53.450100 -0.000001
v -6.674400 53.450100 -0.000001
v -8.163700 55.964798 -0.000001
v -2.929780 52.205002 3.128149
v -6.674400 53.450100 -0.000001
v -2.929780 52.205002 3.128149
v -6.848350 52.195801 -0.000001
v -6.848350 52.195801 -0.000001
v -2.929780 52.205002 3.128149
v -4.599140 50.938396 -0.000002
v -1.751760 62.657600 -0.000002
v 0.000000 62.657600 1.751758
v -7.531970 58.271999 -0.000001
v -7.531970 58.271999 -0.000001
v 0.000000 62.657600 1.751758
v 0.000000 58.271999 7.531968
v -7.531970 58.271999 -0.000001
v 0.000000 58.271999 7.531968
v -8.163700 55.964798 -0.000001
v -8.163700 55.964798 -0.000001
v 0.000000 58.271999 7.531968
v 0.000000 55.964798 8.163699
v -8.163700 55.964798 -0.000001
v 0.000000 55.964798 8.163699
v -2.929780 52.205002 3.128149
v -2.929780 52.205002 3.128149
v 0.000000 55.964798 8.163699
v 0.000000 53.450100 6.674398
v -2.929780 52.205002 3.128149
v 0.000000 53.450100 6.674398
v 0.000000 51.780804 6.836148
v 0.000000 51.780804 6.836148
v 0.000000 53.450100 6.674398
v 2.929780 52.205002 3.128148
v 0.000000 51.780804 6.836148
v 2.929780 52.205002 3.128148
v 0.000000 50.938396 4.599138
v 0.000000 50.938396 4.599138
v 2.929780 52.205002 3.128148
v 4.599140 50.938396 -0.000002
v 0.000000 50.938396 4.599138
v 4.599140 50.938396 -0.000002
v 0.000000 48.750298 2.835168
v 0.000000 48.750298 2.835168
v 4.599140 50.938396 -0.000002
v 2.835170 48.750298 -0.000002
v 0.000000 3.927730 3.311260
v 2.215640 3.927730 -0.000000
v 0.000000 3.118990 3.732410
v 0.000000 3.118990 3.732410
v 2.215640 3.927730 -0.000000
v 2.472000 3.118990 -0.000000
v 0.000000 3.118990 3.732410
v 2.472000 3.118990 -0.000000
v 1.168860 -1.205480 0.000000
v 1.168860 -1.205480 0.000000
v 2.472000 3.118990 -0.000000
v 0.000000 3.118990 -3.732410
v 1.168860 -1.205480 0.000000
v 0.000000 3.118990 -3.732410
v 0.000000 -1.205480 -1.763970
v 0.000000 -1.205480 -1.763970
v 0.000000 3.118990 -3.732410
v -1.168860 -1.205480 0.000000
v 0.000000 -1.205480 -1.763970
v -1.168860 -1.205480 0.000000
v -0.979644 -5.417040 0.000000
v -0.979644 -5.417040 0.000000
v -1.168860 -1.205480 0.000000
v 0.000000 -1.205480 1.763970
v -0.979644 -5.417040 0.000000
v 0.000000 -1.205480 1.763970
v 0.000000 -5.417040 2.014220
v 0.000000 -5.417040 2.014220
v 0.000000 -1.205480 1.763970
v 0.979644 -5.417040 0.000000
v 0.000000 -5.417040 2.014220
v 0.979644 -5.417040 0.000000
v 1.315350 -9.418010 2.038641
v 0.000000 3.927730 3.311260
v -1.660210 7.443460 5.505539
v 0.000000 5.685600 5.328530
v 0.000000 5.685600 5.328530
v -1.660210 7.443460 5.505539
v 0.000000 2.978611 8.935821
v 0.000000 5.685600 5.328530
v 0.000000 2.978611 8.935821
v 1.660210 7.443460 5.505539
v 1.660210 7.443460 5.505539
v 0.000000 2.978611 8.935821
v 0.000000 5.917540 9.799490
v 1.660210 7.443460 5.505539
v 0.000000 5.917540 9.799490
v 0.000000 7.119969 8.529920
v 0.000000 7.119969 8.529920
v 0.000000 5.917540 9.799490
v -1.660210 7.443460 5.505539
v 0.000000 7.119969 8.529920
v -1.660210 7.443460 5.505539
v 0.000000 8.600121 9.283729
v 0.000000 8.600121 9.283729
v -1.660210 7.443460 5.505539
v 0.000000 10.272501 8.658099
v 0.000000 8.600121 9.283729
v 0.000000 10.272501 8.658099
v 1.660210 7.443460 5.505539
v 0.000000 89.434502 -0.000003
v 0.000000 88.714302 -3.622553
v 5.893120 87.890297 -0.000003
v 5.893120 87.890297 -0.000003
v 0.000000 88.714302 -3.622553
v 4.733420 87.145599 -4.733424
v 5.893120 87.890297 -0.000003
v 4.733420 87.145599 -4.733424
v 8.960230 84.084602 -0.000003
v 8.960230 84.084602 -0.000003
v 4.733420 87.145599 -4.733424
v 6.335639 83.315498 -6.335643
v 8.960230 84.084602 -0.000003
v 6.335639 83.315498 -6.335643
v 7.254251 82.479301 -4.608302
v 7.254251 82.479301 -4.608302
v 6.335639 83.315498 -6.335643
v 7.718130 80.874001 -5.749693
v 7.254251 82.479301 -4.608302
v 7.718130 80.874001 -5.749693
v 10.181000 81.847603 -3.708003
v 10.181000 81.847603 -3.708003
v 7.718130 80.874001 -5.749693
v 9.152500 78.426498 -3.790403
v 10.181000 81.847603 -3.708003
v 9.152500 78.426498 -3.790403
v 10.721200 78.426498 -0.000003
v 0.000000 48.750298 2.835168
v -2.835170 48.750298 -0.000002
v -4.599140 50.938396 -0.000002
v -4.599140 50.938396 -0.000002
v -2.835170 48.750298 -0.000002
v 0.000000 48.750298 -2.835171
v -4.599140 50.938396 -0.000002
v 0.000000 48.750298 -2.835171
v 0.000000 50.938396 -4.599141
v 0.000000 50.938396 -4.599141
v 0.000000 48.750298 -2.835171
v 4.599140 50.938396 -0.000002
v 0.000000 50.938396 -4.599141
v 4.599140 50.938396 -0.000002
v 2.929780 52.205002 -3.128152
v 2.929780 52.205002 -3.128152
v 4.599140 50.938396 -0.000002
v 6.848350 52.195801 -0.000002
v 2.929780 52.205002 -3.128152
v 6.848350 52.195801 -0.000002
v 6.674400 53.450100 -0.000002
v -1.910460 64.448997 -0.000002
v -4.336680 66.988098 -4.336682
v -6.134220 66.988098 -0.000002
v -6.134220 66.988098 -0.000002
v -4.336680 66.988098 -4.336682
v -8.569600 70.604599 -0.000002
v -6.134220 66.988098 -0.000002
v -8.569600 70.604599 -0.000002
v -4.336680 66.988098 4.336678
v -4.336680 66.988098 4.336678
v -8.569600 70.604599 -0.000002
v -6.057920 70.604599 6.057918
v -4.336680 66.988098 4.336678
v -6.057920 70.604599 6.057918
v 0.000000 66.988098 6.134218
v 0.000000 66.988098 6.134218
v -6.057920 70.604599 6.057918
v 0.000000 70.604599 8.569597
v 0.000000 66.988098 6.134218
v 0.000000 70.604599 8.569597
v 4.336680 66.988098 4.336678
v -0.000001 -2.969451 -12.247100
v -0.000001 -6.219671 -11.896100
v -0.766016 -8.023320 -14.084299
v -0.766016 -8.023320 -14.084299
v -0.000001 -6.219671 -11.896100
v -0.646992 -9.216591 -9.710989
v -0.766016 -8.023320 -14.084299
v -0.646992 -9.216591 -9.710989
v 0.000000 -11.246101 -10.727300
v 0.000000 -11.246101 -10.727300
v -0.646992 -9.216591 -9.710989
v 0.000000 -14.120902 -8.825951
v 0.000000 -11.246101 -10.727300
v 0.000000 -14.120902 -8.825951
v 0.646992 -9.216591 -9.710989
v 0.646992 -9.216591 -9.710989
v 0.000000 -14.120902 -8.825951
v 0.000000 -11.075201 -7.989749
v 0.646992 -9.216591 -9.710989
v 0.000000 -11.075201 -7.989749
v 0.000000 -7.306130 -9.350869
v 3.350930 -9.018220 -0.000000
v 1.315350 -9.418010 -2.038639
v 2.313300 -10.443399 -0.000000
v 2.313300 -10.443399 -0.000000
v 1.315350 -9.418010 -2.038639
v 0.585955 -11.548201 -3.500470
v 2.313300 -10.443399 -0.000000
v 0.585955 -11.548201 -3.500470
v 2.267530 -16.766899 0.000000
v 2.267530 -16.766899 0.000000
v 0.585955 -11.548201 -3.500470
v 0.000000 -15.024300 -4.348890
v 2.267530 -16.766899 0.000000
v 0.000000 -15.024300 -4.348890
v 0.000000 -17.392500 -3.350929
v 0.000000 -17.392500 -3.350929
v 0.000000 -15.024300 -4.348890
v -2.267530 -16.766899 0.000000
v 0.000000 -17.392500 -3.350929
v -2.267530 -16.766899 0.000000
v 0.000000 -19.452499 -0.943022
v 0.000000 88.714302 3.622547
v 4.733420 87.145599 4.733418
v 0.000000 87.145599 6.692708
v 0.000000 87.145599 6.692708
v 4.733420 87.145599 4.733418
v 0.000000 83.315498 8.960227
v 0.000000 87.145599 6.692708
v 0.000000 83.315498 8.960227
v -5.533010 84.862801 5.533008
v -5.533010 84.862801 5.533008
v 0.000000 83.315498 8.960227
v -6.692709 78.429504 6.692708
v -5.533010 84.862801 5.533008
v -6.692709 78.429504 6.692708
v -7.824950 84.862801 -0.000002
v -7.824950 84.862801 -0.000002
v -6.692709 78.429504 6.692708
v -9.466841 78.429504 -0.000002
v -7.824950 84.862801 -0.000002
v -9.466841 78.429504 -0.000002
v -6.692710 78.429504 -6.692712
v -6.057920 70.604599 -6.057922
v 0.000000 66.988098 -6.134222
v 0.000000 70.604599 -8.569603
v 0.000000 70.604599 -8.569603
v 0.000000 66.988098 -6.134222
v 4.336680 66.988098 -4.336682
v 0.000000 70.604599 -8.569603
v 4.336680 66.988098 -4.336682
v 6.057920 70.604599 -6.057923
v 6.057920 70.604599 -6.057923
v 4.336680 66.988098 -4.336682
v 6.134220 66.988098 -0.000002
v 6.057920 70.604599 -6.057923
v 6.134220 66.988098 -0.000002
v 8.569600 70.604599 -0.000002
v 8.569600 70.604599 -0.000002
v 6.134220 66.988098 -0.000002
v 6.057920 70.604599 6.057917
v -1.751760 62.657600 -0.000002
v -7.531970 58.271999 -0.000001
v 0.000000 62.657600 -1.751762
v 0.000000 62.657600 -1.751762
v -7.531970 58.271999 -0.000001
v 0.000000 58.271999 -7.531972
v 0.000000 62.657600 -1.751762
v 0.000000 58.271999 -7.531972
v 7.531970 58.271999 -0.000002
v 7.531970 58.271999 -0.000002
v 0.000000 58.271999 -7.531972
v 8.163700 55.964798 -0.000002
v 7.531970 58.271999 -0.000002
v 8.163700 55.964798 -0.000002
v 0.000000 58.271999 7.531968
v 0.000000 58.271999 7.531968
v 8.163700 55.964798 -0.000002
v 0.000000 55.964798 8.163699
v -2.649010 14.853400 -3.955200
v 0.000000 14.853400 -5.594040
v 0.000000 21.955000 -7.782220
v 0.000000 21.955000 -7.782220
v 0.000000 14.853400 -5.594040
v 2.649010 14.853400 -3.955200
v 0.000000 21.955000 -7.782220
v 2.649010 14.853400 -3.955200
v 3.683580 21.955000 -5.502491
v 3.683580 21.955000 -5.502491
v 2.649010 14.853400 -3.955200
v 3.744620 14.853400 -0.000001
v 3.683580 21.955000 -5.502491
v 3.744620 14.853400 -0.000001
v 5.209510 21.955000 -0.000001
v 5.209510 21.955000 -0.000001
v 3.744620 14.853400 -0.000001
v 3.683580 21.955000 5.502490
v -3.683580 21.955000 -5.502491
v -5.209510 21.955000 -0.000001
v -3.744620 14.853400 -0.000000
v -3.744620 14.853400 -0.000000
v -5.209510 21.955000 -0.000001
v -3.683580 21.955000 5.502490
v -3.744620 14.853400 -0.000000
v -3.683580 21.955000 5.502490
v -2.649010 14.853400 3.955200
v -2.649010 14.853400 3.955200
v -3.683580 21.955000 5.502490
v 0.000000 21.955000 7.782219
v -2.649010 14.853400 3.955200
v 0.000000 21.955000 7.782219
v 0.000000 14.853400 5.594039
v 0.000000 14.853400 5.594039
v 0.000000 21.955000 7.782219
v 2.649010 14.853400 3.955200
v 0.000000 1.019319 -10.400700
v 0.000000 -4.263441 -10.385400
v -0.000001 -2.969451 -12.247100
v 0.000000 1.019319 -10.400700
v 0.000000 -10.446500 -6.125060
v 0.000000 -4.263441 -10.385400
v 0.000000 -11.075201 -7.989749
v 0.000000 -7.306130 -9.350869
v 0.000000 -10.446500 -6.125060
v 0.000000 -10.446500 -6.125060
v 0.000000 -7.306130 -9.350869
v 0.000000 -4.263441 -10.385400
v 0.000000 1.019319 -10.400700
v -0.000001 -2.969451 -12.247100
v -0.000001 1.495410 -15.994801
v -3.350930 -9.018220 0.000001
v -0.979644 -5.417040 0.000000
v -1.315350 -9.418010 2.038641
v -1.315350 -9.418010 2.038641
v -0.979644 -5.417040 0.000000
v 0.000000 -5.417040 2.014220
v -1.315350 -9.418010 2.038641
v 0.000000 -5.417040 2.014220
v 0.000000 -10.446500 6.125061
v 0.000000 -10.446500 6.125061
v 0.000000 -5.417040 2.014220
v 1.315350 -9.418010 2.038641
v 0.000000 -10.446500 6.125061
v 1.315350 -9.418010 2.038641
v 0.585955 -11.548201 3.500471
v 0.000000 -15.024300 4.348891
v -1.025420 -13.180900 5.972470
v 0.000000 -16.150400 6.009090
v 0.000000 -16.150400 6.009090
v -1.025420 -13.180900 5.972470
v 0.000000 -14.120900 8.825951
v 0.000000 -16.150400 6.009090
v 0.000000 -14.120900 8.825951
v 1.025420 -13.180900 5.972470
v 1.025420 -13.180900 5.972470
v 0.000000 -14.120900 8.825951
v 0.000000 -11.075199 7.989750
v 1.025420 -13.180900 5.972470
v 0.000000 -11.075199 7.989750
v 0.000000 -10.446500 6.125061
v 0.000000 3.927730 -3.311260
v -1.660210 7.443460 -5.505539
v -2.215640 3.927730 -0.000000
v -2.215640 3.927730 -0.000000
v -1.660210 7.443460 -5.505539
v -4.919580 7.443460 0.000000
v -2.215640 3.927730 -0.000000
v -4.919580 7.443460 0.000000
v -1.660210 7.443460 5.505539
v -1.660210 7.443460 5.505539
v -4.919580 7.443460 0.000000
v -4.901269 13.715001 7.321389
v -1.660210 7.443460 5.505539
v -4.901269 13.715001 7.321389
v 0.000000 10.272501 8.658099
v -10.721200 78.426498 -0.000002
v -6.057920 70.604599 -6.057922
v -7.580801 78.426498 -7.580803
v -7.580801 78.426498 -7.580803
v -6.057920 70.604599 -6.057922
v 0.000000 70.604599 -8.569603
v -7.580801 78.426498 -7.580803
v 0.000000 70.604599 -8.569603
v 0.000000 78.426498 -10.721202
v 0.000000 78.426498 -10.721202
v 0.000000 70.604599 -8.569603
v 6.057920 70.604599 -6.057923
v 0.000000 78.426498 -10.721202
v 6.057920 70.604599 -6.057923
v 7.580800 78.426498 -7.580804
v 0.000000 78.426498 10.721198
v -7.580800 78.426498 7.580798
v 7.580801 78.426498 7.580797
v 7.580801 78.426498 7.580797
v -7.580800 78.426498 7.580798
v -10.721200 78.426498 -0.000002
v 7.580801 78.426498 7.580797
v -10.721200 78.426498 -0.000002
v 7.580800 78.426498 -7.580804
v 7.580800 78.426498 -7.580804
v -10.721200 78.426498 -0.000002
v -7.580801 78.426498 -7.580803
v 7.580800 78.426498 -7.580804
v -7.580801 78.426498 -7.580803
v 0.000000 78.426498 -10.721202
v -7.531970 58.271999 -0.000001
v -8.163700 55.964798 -0.000001
v 0.000000 58.271999 -7.531972
v 0.000000 58.271999 -7.531972
v -8.163700 55.964798 -0.000001
v 0.000000 55.964798 -8.163701
v 0.000000 58.271999 -7.531972
v 0.000000 55.964798 -8.163701
v 8.163700 55.964798 -0.000002
v 8.163700 55.964798 -0.000002
v 0.000000 55.964798 -8.163701
v 2.929780 52.205002 -3.128152
v 8.163700 55.964798 -0.000002
v 2.929780 52.205002 -3.128152
v 6.674400 53.450100 -0.000002
v 0.000000 -15.024300 -4.348890
v 1.025420 -13.180900 -5.972469
v 0.000000 -16.150400 -6.009089
v 0.000000 -16.150400 -6.009089
v 1.025420 -13.180900 -5.972469
v 0.000000 -14.120902 -8.825951
v 0.000000 -16.150400 -6.009089
v 0.000000 -14.120902 -8.825951
v -1.025420 -13.180900 -5.972469
v -1.025420 -13.180900 -5.972469
v 0.000000 -14.120902 -8.825951
v 0.000000 -11.075201 -7.989749
v -1.025420 -13.180900 -5.972469
v 0.000000 -11.075201 -7.989749
v 0.000000 -10.446500 -6.125060
v 0.000000 -11.075199 7.989750
v -0.646992 -9.216589 9.710991
v 0.000000 -14.120900 8.825951
v 0.000000 -14.120900 8.825951
v -0.646992 -9.216589 9.710991
v 0.000000 -11.246099 10.727300
v 0.000000 -14.120900 8.825951
v 0.000000 -11.246099 10.727300
v 0.646992 -9.216589 9.710991
v 0.646992 -9.216589 9.710991
v 0.000000 -11.246099 10.727300
v 0.766016 -8.023320 14.084301
v 0.646992 -9.216589 9.710991
v 0.766016 -8.023320 14.084301
v 0.000001 -6.219670 11.896100
v 4.901270 13.715001 7.321389
v 6.930750 13.715000 -0.000001
v 4.919580 7.443460 -0.000001
v 4.919580 7.443460 -0.000001
v 6.930750 13.715000 -0.000001
v 4.901269 13.714999 -7.321390
v 4.919580 7.443460 -0.000001
v 4.901269 13.714999 -7.321390
v 1.660210 7.443460 -5.505539
v 1.660210 7.443460 -5.505539
v 4.901269 13.714999 -7.321390
v 0.000000 10.272499 -8.658101
v 1.660210 7.443460 -5.505539
v 0.000000 10.272499 -8.658101
v 0.000000 8.600120 -9.283731
v 0.000000 -10.446500 6.125061
v 0.000001 -0.872829 11.774000
v 0.000000 -7.306130 9.350871
v 0.000000 5.917540 9.799490
v 0.000001 1.495410 15.994801
v 0.000000 2.978611 8.935821
v 0.000000 2.978611 8.935821
v 0.000001 1.495410 15.994801
v 0.000001 -0.872829 11.774000
v 0.000000 2.978611 8.935821
v 0.000001 -0.872829 11.774000
v 0.000000 -0.195317 10.202300
v 0.000000 -0.195317 10.202300
v 0.000001 -0.872829 11.774000
v 0.000000 -10.446500 6.125061
v -0.695822 24.716900 2.911469
v 0.000000 25.263199 3.592029
v 0.000000 24.594900 4.293949
v 0.000000 24.594900 4.293949
v 0.000000 25.263199 3.592029
v 0.695822 24.716900 2.911469
v 0.000000 24.594900 4.293949
v 0.695822 24.716900 2.911469
v 1.574760 22.620300 3.985719
v 1.574760 22.620300 3.985719
v 0.695822 24.716900 2.911469
v 1.467940 22.901100 2.197329
v -1.470990 14.343699 -6.851410
v 0.000000 14.270498 -8.062990
v 0.000000 16.913401 -7.373271
v 0.000000 16.913401 -7.373271
v 0.000000 14.270498 -8.062990
v 1.470990 14.343699 -6.851410
v 0.000000 16.913401 -7.373271
v 1.470990 14.343699 -6.851410
v 0.997955 16.782101 -5.569631
v 0.997955 16.782101 -5.569631
v 1.470990 14.343699 -6.851410
v 1.516770 14.853400 -4.657120
v -1.516770 14.853400 -4.657120
v -1.470990 14.343699 -6.851410
v -0.997955 16.782101 -5.569631
v -0.997955 16.782101 -5.569631
v -1.470990 14.343699 -6.851410
v 0.000000 16.913401 -7.373271
v -0.997955 16.782101 -5.569631
v 0.000000 16.913401 -7.373271
v 0.000000 17.572599 -6.433300
v 0.000000 17.572599 -6.433300
v 0.000000 16.913401 -7.373271
v 0.997955 16.782101 -5.569631
v 1.470990 14.343700 6.851409
v 0.000000 14.270500 8.062990
v 0.000000 16.913401 7.373270
v 0.000000 16.913401 7.373270
v 0.000000 14.270500 8.062990
v -1.470990 14.343700 6.851409
v 0.000000 16.913401 7.373270
v -1.470990 14.343700 6.851409
v -0.997955 16.782101 5.569630
v -0.997955 16.782101 5.569630
v -1.470990 14.343700 6.851409
v -1.516770 14.853400 4.657119
v 1.516770 14.853400 4.657119
v 1.470990 14.343700 6.851409
v 0.997955 16.782101 5.569630
v 0.997955 16.782101 5.569630
v 1.470990 14.343700 6.851409
v 0.000000 16.913401 7.373270
v 0.997955 16.782101 5.569630
v 0.000000 16.913401 7.373270
v 0.000000 17.572599 6.433300
v 0.000000 17.572599 6.433300
v 0.000000 16.913401 7.373270
v -0.997955 16.782101 5.569630
v 3.201390 14.853400 -1.959291
v 4.751730 14.349800 -1.556441
v 3.833120 16.650900 -1.022370
v 3.833120 16.650900 -1.022370
v 4.751730 14.349800 -1.556441
v 5.215610 16.736401 -0.000000
v 3.833120 16.650900 -1.022370
v 5.215610 16.736401 -0.000000
v 4.293950 17.465700 -0.000000
v 4.293950 17.465700 -0.000000
v 5.215610 16.736401 -0.000000
v 3.833120 16.650900 1.022370
v 4.751730 14.349800 -1.556441
v 5.954160 14.069000 -0.000001
v 5.215610 16.736401 -0.000000
v 5.215610 16.736401 -0.000000
v 5.954160 14.069000 -0.000001
v 4.751730 14.349800 1.556439
v 5.215610 16.736401 -0.000000
v 4.751730 14.349800 1.556439
v 3.833120 16.650900 1.022370
v 3.833120 16.650900 1.022370
v 4.751730 14.349800 1.556439
v 3.201390 14.853400 1.959290
v -4.751730 14.349800 1.556440
v -5.954160 14.069000 -0.000000
v -5.215610 16.736401 -0.000000
v -5.215610 16.736401 -0.000000
v -5.954160 14.069000 -0.000000
v -4.751730 14.349800 -1.556440
v -5.215610 16.736401 -0.000000
v -4.751730 14.349800 -1.556440
v -3.833120 16.650900 -1.022370
v -3.833120 16.650900 -1.022370
v -4.751730 14.349800 -1.556440
v -3.201390 14.853400 -1.959290
v -3.201390 14.853400 1.959290
v -4.751730 14.349800 1.556440
v -3.833120 16.650900 1.022370
v -3.833120 16.650900 1.022370
v -4.751730 14.349800 1.556440
v -5.215610 16.736401 -0.000000
v -3.833120 16.650900 1.022370
v -5.215610 16.736401 -0.000000
v -4.293950 17.465700 -0.000000
v -4.293950 17.465700 -0.000000
v -5.215610 16.736401 -0.000000
v -3.833120 16.650900 -1.022370
v -1.751760 62.657600 -0.000002
v 0.000000 62.657600 -1.751762
v 0.000000 64.448997 -1.910462
v 0.000000 64.448997 -1.910462
v 0.000000 62.657600 -1.751762
v 1.751760 62.657600 -0.000002
v 0.000000 64.448997 -1.910462
v 1.751760 62.657600 -0.000002
v 1.910460 64.448997 -0.000002
v 1.910460 64.448997 -0.000002
v 1.751760 62.657600 -0.000002
v 0.000000 64.448997 1.910458
v -3.729360 20.996700 -0.000001
v 0.000000 20.996700 -3.729361
v 0.000000 48.750298 -2.835171
v 0.000000 48.750298 -2.835171
v 0.000000 20.996700 -3.729361
v 3.729360 20.996700 -0.000001
v 0.000000 48.750298 -2.835171
v 3.729360 20.996700 -0.000001
v 2.835170 48.750298 -0.000002
v 2.835170 48.750298 -0.000002
v 3.729360 20.996700 -0.000001
v 0.000000 48.750298 2.835168
v 1.751760 62.657600 -0.000002
v 0.000000 62.657600 1.751758
v 0.000000 64.448997 1.910458
v 0.000000 64.448997 1.910458
v 0.000000 62.657600 1.751758
v -1.751760 62.657600 -0.000002
v 0.000000 64.448997 1.910458
v -1.751760 62.657600 -0.000002
v -1.910460 64.448997 -0.000002
v -1.910460 64.448997 -0.000002
v -1.751760 62.657600 -0.000002
v 0.000000 64.448997 -1.910462
v 7.580800 78.426498 -7.580804
v 6.057920 70.604599 -6.057923
v 9.152500 78.426498 -3.790403
v 9.152500 78.426498 -3.790403
v 6.057920 70.604599 -6.057923
v 8.569600 70.604599 -0.000002
v 9.152500 78.426498 -3.790403
v 8.569600 70.604599 -0.000002
v 10.721200 78.426498 -0.000003
v 10.721200 78.426498 -0.000003
v 8.569600 70.604599 -0.000002
v 9.152500 78.426498 3.790397
v -1.467940 22.901100 2.197329
v -0.695822 24.716900 2.911469
v -1.574760 22.620300 3.985719
v -1.574760 22.620300 3.985719
v -0.695822 24.716900 2.911469
v 0.000000 24.594900 4.293949
v -1.574760 22.620300 3.985719
v 0.000000 24.594900 4.293949
v 0.000000 22.534899 5.078279
v -3.595080 25.147301 -0.000001
v -2.716150 24.478901 0.897243
v -4.266490 24.344601 -0.000001
v -4.266490 24.344601 -0.000001
v -2.716150 24.478901 0.897243
v -3.625600 22.309000 1.461839
v -4.266490 24.344601 -0.000001
v -3.625600 22.309000 1.461839
v -4.815820 22.070999 -0.000001
v 0.000000 25.263199 -3.592031
v -0.695822 24.716900 -2.911471
v 0.000000 24.594900 -4.293951
v 0.000000 24.594900 -4.293951
v -0.695822 24.716900 -2.911471
v -1.574760 22.620300 -3.985721
v 0.000000 24.594900 -4.293951
v -1.574760 22.620300 -3.985721
v 0.000000 22.534899 -5.078281
v -3.595080 25.147301 -0.000001
v -4.266490 24.344601 -0.000001
v -2.716150 24.478901 -0.897245
v -2.716150 24.478901 -0.897245
v -4.266490 24.344601 -0.000001
v -3.625600 22.309000 -1.461841
v -2.716150 24.478901 -0.897245
v -3.625600 22.309000 -1.461841
v -2.008120 22.776001 -1.715141
v 3.595080 25.147301 -0.000001
v 4.266490 24.344601 -0.000001
v 2.716150 24.478901 0.897243
v 2.716150 24.478901 0.897243
v 4.266490 24.344601 -0.000001
v 3.625600 22.309000 1.461839
v 2.716150 24.478901 0.897243
v 3.625600 22.309000 1.461839
v 2.008120 22.776001 1.715139
v 1.467940 22.901100 -2.197331
v 0.695822 24.716900 -2.911471
v 1.574760 22.620300 -3.985721
v 1.574760 22.620300 -3.985721
v 0.695822 24.716900 -2.911471
v 0.000000 24.594900 -4.293951
v 1.574760 22.620300 -3.985721
v 0.000000 24.594900 -4.293951
v 0.000000 22.534899 -5.078281
v 3.595080 25.147301 -0.000001
v 2.716150 24.478901 -0.897245
v 4.266490 24.344601 -0.000001
v 4.266490 24.344601 -0.000001
v 2.716150 24.478901 -0.897245
v 3.625600 22.309000 -1.461841
v 4.266490 24.344601 -0.000001
v 3.625600 22.309000 -1.461841
v 4.815820 22.070999 -0.000001
v -3.683580 21.955000 5.502490
v -5.209510 21.955000 -0.000001
v 0.000000 23.523701 -0.000001
v 0.000000 23.523701 -0.000001
v -5.209510 21.955000 -0.000001
v -3.683580 21.955000 -5.502491
v 0.000000 23.523701 -0.000001
v -3.683580 21.955000 -5.502491
v 0.000000 21.955000 -7.782220
v -6.930750 13.715000 -0.000000
v -4.901270 13.714999 -7.321390
v 0.000000 16.232800 -0.000000
v 0.000000 16.232800 -0.000000
v -4.901270 13.714999 -7.321390
v 0.000000 13.714999 -10.351900
v 0.000000 16.232800 -0.000000
v 0.000000 13.714999 -10.351900
v 4.901269 13.714999 -7.321390
v -0.000001 -2.969451 -12.247100
v -0.766016 -8.023320 -14.084299
v -1.290931 -1.638840 -15.265401
v -1.290931 -1.638840 -15.265401
v -0.766016 -8.023320 -14.084299
v -0.000001 -5.056921 -17.041500
v -1.290931 -1.638840 -15.265401
v -0.000001 -5.056921 -17.041500
v -0.000001 -3.903320 -18.607100
v 0.000000 48.750298 -2.835171
v -2.835170 48.750298 -0.000002
v -3.729360 20.996700 -0.000001
v -3.729360 20.996700 -0.000001
v -2.835170 48.750298 -0.000002
v 0.000000 48.750298 2.835168
v -3.729360 20.996700 -0.000001
v 0.000000 48.750298 2.835168
v 0.000000 20.996700 3.729359
v -4.336680 66.988098 4.336678
v 0.000000 66.988098 6.134218
v 0.000000 64.448997 1.910458
v 0.000000 64.448997 1.910458
v 0.000000 66.988098 6.134218
v 4.336680 66.988098 4.336678
v 0.000000 64.448997 1.910458
v 4.336680 66.988098 4.336678
v 1.910460 64.448997 -0.000002
v 3.683580 21.955000 -5.502491
v 5.209510 21.955000 -0.000001
v 0.000000 23.523701 -0.000001
v 0.000000 23.523701 -0.000001
v 5.209510 21.955000 -0.000001
v 3.683580 21.955000 5.502490
v 0.000000 23.523701 -0.000001
v 3.683580 21.955000 5.502490
v 0.000000 21.955000 7.782219
v 0.000000 53.450100 6.674398
v 0.000000 55.964798 8.163699
v 2.929780 52.205002 3.128148
v 2.929780 52.205002 3.128148
v 0.000000 55.964798 8.163699
v 8.163700 55.964798 -0.000002
v 2.929780 52.205002 3.128148
v 8.163700 55.964798 -0.000002
v 6.674400 53.450100 -0.000002
v 0.000000 48.750298 2.835168
v -4.599140 50.938396 -0.000002
v 0.000000 50.938396 4.599138
v 0.000000 50.938396 4.599138
v -4.599140 50.938396 -0.000002
v -2.929780 52.205002 3.128149
v 0.000000 50.938396 4.599138
v -2.929780 52.205002 3.128149
v 0.000000 51.780804 6.836148
v 6.930750 13.715000 -0.000001
v 4.901270 13.715001 7.321389
v 0.000000 16.232800 -0.000000
v 0.000000 16.232800 -0.000000
v 4.901270 13.715001 7.321389
v 0.000000 13.715001 10.351900
v 0.000000 16.232800 -0.000000
v 0.000000 13.715001 10.351900
v -4.901269 13.715001 7.321389
v 0.000000 58.271999 7.531968
v 0.000000 62.657600 1.751758
v 7.531970 58.271999 -0.000002
v 7.531970 58.271999 -0.000002
v 0.000000 62.657600 1.751758
v 1.751760 62.657600 -0.000002
v 7.531970 58.271999 -0.000002
v 1.751760 62.657600 -0.000002
v 0.000000 62.657600 -1.751762
v -1.660210 7.443460 -5.505539
v -4.901270 13.714999 -7.321390
v -4.919580 7.443460 0.000000
v -4.919580 7.443460 0.000000
v -4.901270 13.714999 -7.321390
v -6.930750 13.715000 -0.000000
v -4.919580 7.443460 0.000000
v -6.930750 13.715000 -0.000000
v -4.901269 13.715001 7.321389
v 1.312300 84.377602 7.785268
v 0.881985 84.755997 9.158597
v 2.691730 85.494598 6.555377
v 2.691730 85.494598 6.555377
v 0.881985 84.755997 9.158597
v 0.268563 86.407104 9.298987
v 2.691730 85.494598 6.555377
v 0.268563 86.407104 9.298987
v 2.166810 87.023506 5.868707
v 2.166810 87.023506 -5.868713
v 0.268563 86.407104 -9.298993
v 2.691730 85.494598 -6.555383
v 2.691730 85.494598 -6.555383
v 0.268563 86.407104 -9.298993
v 0.881985 84.755997 -9.158603
v 2.691730 85.494598 -6.555383
v 0.881985 84.755997 -9.158603
v 1.312300 84.377602 -7.785272
v 0.000000 83.315498 8.960227
v 6.335640 83.315498 6.335637
v 0.000000 78.429504 9.466839
v 0.000000 78.429504 9.466839
v 6.335640 83.315498 6.335637
v 7.718131 80.874001 5.749687
v 0.000000 78.429504 9.466839
v 7.718131 80.874001 5.749687
v 7.580801 78.426498 7.580797
v 0.000000 87.145599 -6.692713
v -5.533010 84.862801 -5.533012
v 0.000000 83.315498 -8.960233
v 0.000000 83.315498 -8.960233
v -5.533010 84.862801 -5.533012
v -6.692710 78.429504 -6.692712
v 0.000000 83.315498 -8.960233
v -6.692710 78.429504 -6.692712
v 0.000000 78.429504 -9.466843
v 10.181000 81.847603 -3.708003
v 10.721200 78.426498 -0.000003
v 10.629601 83.477303 -0.000003
v 10.629601 83.477303 -0.000003
v 10.721200 78.426498 -0.000003
v 10.181000 81.847603 3.707997
v 10.629601 83.477303 -0.000003
v 10.181000 81.847603 3.707997
v 7.254251 82.479301 4.608297
v 4.696800 87.932999 1.223787
v 3.787350 88.442596 -0.000003
v 6.497390 91.915604 -0.000003
v 6.497390 91.915604 -0.000003
v 3.787350 88.442596 -0.000003
v 4.696800 87.932999 -1.223793
v 6.497390 91.915604 -0.000003
v 4.696800 87.932999 -1.223793
v 5.893120 87.890297 -0.000003
v 7.254251 82.479301 4.608297
v 8.960230 84.084602 -0.000003
v 10.629601 83.477303 -0.000003
v 10.629601 83.477303 -0.000003
v 8.960230 84.084602 -0.000003
v 7.254251 82.479301 -4.608302
v 10.629601 83.477303 -0.000003
v 7.254251 82.479301 -4.608302
v 10.181000 81.847603 -3.708003
v -0.000001 1.495410 -15.994801
v -0.000001 8.697781 -16.678400
v -0.000001 4.153570 -11.609200
v -0.000001 4.153570 -11.609200
v -0.000001 8.697781 -16.678400
v -0.000001 16.614298 -16.208403
v 0.000001 14.825900 14.230800
v 0.000001 13.037499 18.854300
v 0.000000 5.917540 9.799490
v 0.000001 1.495410 15.994801
v 0.000000 5.917540 9.799490
v 0.000001 13.037499 18.854300
v 0.000000 67.384895 -6.399732
v 0.000000 64.561897 -10.239002
v 0.000000 75.679802 -9.967342
v 0.000000 67.384895 6.399728
v 0.000000 75.679802 9.967337
v 0.000000 64.561897 10.238998
v 0.000001 72.090797 16.479998
v 0.000000 64.561897 10.238998
v 0.000000 75.679802 9.967337
v -0.000001 72.090797 -16.480001
v 0.000000 75.679802 -9.967342
v 0.000000 64.561897 -10.239002
v -5.533010 84.862801 -5.533012
v -4.065070 88.213799 -1.382493
v -7.824950 84.862801 -0.000002
v -4.065070 88.213799 -1.382493
v -5.533010 84.862801 5.533008
v -7.824950 84.862801 -0.000002
v 0.000000 -21.744400 0.000001
v 0.000000 -19.452499 -0.943022
v -2.267530 -16.766899 0.000000
v -2.352980 84.404999 -6.472982
v -2.685630 88.097801 -7.391582
v -2.050840 84.923897 -5.645922
v 0.000000 -17.392500 -3.350929
v 0.000000 -18.341599 -5.322430
v 0.000000 -16.150400 -6.009089
v 0.000000 -17.392500 -3.350929
v 0.000000 -19.122900 -3.836179
v 0.000000 -18.341599 -5.322430
v 0.000000 -17.392500 3.350930
v 0.000000 -15.024300 4.348891
v 0.000000 -16.150400 6.009090
v 0.000000 -17.392500 3.350930
v 0.000000 -16.150400 6.009090
v 0.000000 -18.341599 5.322431
v 0.000000 -17.392500 3.350930
v 0.000000 -18.341599 5.322431
v 0.000000 -19.122900 3.836180
v 0.000000 -17.392500 -3.350929
v 0.000000 -16.150400 -6.009089
v 0.000000 -15.024300 -4.348890
v -2.267530 -16.766899 0.000000
v 0.000000 -19.452499 0.943022
v 0.000000 -21.744400 0.000001
v 0.000000 -21.744400 0.000001
v 0.000000 -19.452499 0.943022
v 2.267530 -16.766899 0.000000
v 0.000000 -21.744400 0.000001
v 2.267530 -16.766899 0.000000
v 0.000000 -19.452499 -0.943022
v -3.210551 85.891304 -8.829013
v -2.352980 84.404999 -6.472982
v -2.652060 83.694000 -7.300032
v -2.728350 82.583099 -7.504502
v -2.743610 81.560699 -7.547233
v -4.000980 81.719398 -11.001902
v -3.210551 85.891304 -8.829013
v -3.991820 86.046898 -10.977503
v -4.348891 88.528099 -11.963303
v -3.253270 88.265594 -8.951084
v -4.348891 88.528099 -11.963303
v -4.058960 91.402901 -11.041603
v -3.271581 92.526001 -8.993803
v -4.058960 91.402901 -11.041603
v -4.528951 94.814903 -12.457704
v -3.271581 92.526001 -8.993803
v -4.528951 94.814903 -12.457704
v -3.628650 96.777199 -9.982604
v -3.628650 96.777199 -9.982604
v -4.528951 94.814903 -12.457704
v -5.313271 96.475098 -14.606204
v -7.760861 84.585098 -21.335503
v -8.926661 83.495598 -24.539902
v -8.893090 87.350098 -24.442303
v -7.742551 86.593201 -21.286703
v -8.114871 90.182198 -22.302904
v -7.132181 87.801804 -19.611202
v -7.132181 87.801804 -19.611202
v -7.083351 91.491402 -19.473904
v -6.112861 89.782402 -16.803503
v -5.273601 90.319504 -14.502403
v -5.041660 93.023506 -13.864604
v -4.058960 91.402901 -11.041603
v -4.910430 85.815002 -13.498303
v -3.579820 84.102898 -9.842222
v -4.315320 83.108002 -11.868603
v -5.661180 83.617699 -15.445402
v -4.315320 83.108002 -11.868603
v -5.612350 81.154800 -15.430202
v -5.661180 83.617699 -15.445402
v -5.612350 81.154800 -15.430202
v -6.894131 83.339897 -18.948902
v -6.894131 83.339897 -18.948902
v -5.612350 81.154800 -15.430202
v -7.065031 80.092796 -19.422003
v -6.677451 98.104797 -18.359903
v -5.313271 96.475098 -14.606204
v -5.911440 95.489403 -16.251104
v -7.168800 94.766098 -19.708904
v -5.990781 93.347000 -16.470804
v -7.083351 91.491402 -19.473904
v -5.612350 81.154800 -15.430202
v -4.315320 83.108002 -11.868603
v -5.279701 79.244400 -14.517702
v -5.279701 79.244400 -14.517702
v -4.315320 83.108002 -11.868603
v -4.000980 81.719398 -11.001902
v -4.010130 79.137497 -11.032402
v -4.000980 81.719398 -11.001902
v -2.743610 81.560699 -7.547233
v -5.883971 87.365303 -16.174803
v -7.132181 87.801804 -19.611202
v -6.112861 89.782402 -16.803503
v -2.685630 88.097801 -7.391582
v -2.536090 92.562599 -6.982633
v -1.910460 89.333801 -5.261393
v -2.685630 88.097801 -7.391582
v -1.910460 89.333801 -5.261393
v -2.050840 84.923897 -5.645922
v -1.705980 93.981705 4.184087
v -2.401810 95.773201 2.972497
v -2.166810 97.140404 5.020287
v -7.937859 92.901405 10.486197
v -6.601150 90.383598 8.819847
v -8.749660 91.112999 8.984647
v -11.496301 89.556595 3.012177
v -13.705900 91.924797 3.640858
v -12.140300 90.539299 4.959257
v -7.937860 96.163795 -1.825013
v -5.795470 95.199402 -1.049843
v -6.601151 93.151596 -1.623583
v -6.601151 93.151596 -1.623583
v -8.749660 93.865799 -1.403853
v -7.937860 96.163795 -1.825013
v -12.408800 90.536201 3.271578
v -8.886990 89.587097 -0.506610
v -2.404860 83.086601 1.297038
v -1.895200 95.284897 4.528948
v -2.706990 90.630798 6.823937
v -2.404860 83.086601 1.297038
v -2.706990 90.630798 6.823937
v -7.153540 91.424301 9.509567
v -2.404860 83.086601 1.297038
v -2.404860 83.086601 1.297038
v -7.153540 91.424301 9.509567
v -8.886990 87.838402 6.085387
v -2.404860 83.086601 1.297038
v -8.886990 87.838402 6.085387
v -12.408800 90.536201 3.271578
v -8.886990 89.587097 -0.506610
v -7.153540 94.396797 -1.705982
v -2.404860 83.086601 1.297038
v -2.404860 83.086601 1.297038
v -7.153540 94.396797 -1.705982
v -2.706990 92.376503 0.231938
v -2.404860 83.086601 1.297038
v -2.706990 92.376503 0.231938
v -1.895200 95.284897 4.528948
v -1.705980 93.981705 4.184087
v -2.166810 97.140404 5.020287
v -2.401810 94.940002 6.125057
v -11.496301 89.556595 3.012177
v -12.140300 91.375504 1.806698
v -13.705900 91.924797 3.640858
v -7.937859 92.901405 10.486197
v -6.601150 90.383598 8.819847
v -5.795469 92.446701 9.338657
v -12.408800 90.536201 3.271578
v -8.886990 87.838402 6.085387
v -7.150490 84.878098 1.773128
v -7.150490 84.878098 1.773128
v -8.886990 89.587097 -0.506610
v -12.408800 90.536201 3.271578
v -8.886990 89.587097 -0.506610
v -7.150490 84.878098 1.773128
v -3.964350 87.218895 -1.245163
v -8.886990 87.838402 6.085387
v -3.964350 85.415199 5.554368
v -7.150490 84.878098 1.773128
v -2.706990 90.630798 6.823937
v -1.895200 95.284897 4.528948
v -0.778222 87.756004 2.536087
v -0.778222 87.756004 2.536087
v -1.895200 95.284897 4.528948
v -2.706990 92.376503 0.231938
v -0.778222 87.756004 2.536087
v -2.706990 92.376503 0.231938
v -3.964350 87.218895 -1.245163
v -3.964350 87.218895 -1.245163
v -2.706990 92.376503 0.231938
v -7.153540 94.396797 -1.705982
v -3.964350 87.218895 -1.245163
v -7.153540 94.396797 -1.705982
v -8.886990 89.587097 -0.506610
v -8.886990 87.838402 6.085387
v -7.153540 91.424301 9.509567
v -3.964350 85.415199 5.554368
v -3.964350 85.415199 5.554368
v -7.153540 91.424301 9.509567
v -2.706990 90.630798 6.823937
v -3.964350 85.415199 5.554368
v -2.706990 90.630798 6.823937
v -0.778222 87.756004 2.536087
v -3.579820 84.102898 -9.842222
v -2.652060 83.694000 -7.300032
v -2.728350 82.583099 -7.504502
v -4.910430 85.815002 -13.498303
v -5.661180 83.617699 -15.445402
v -5.883971 87.365303 -16.174803
v -4.058960 91.402901 -11.041603
v -4.348891 88.528099 -11.963303
v -5.273601 90.319504 -14.502403
v -8.926661 83.495598 -24.539902
v -7.760861 84.585098 -21.335503
v -8.243051 81.188400 -22.660002
v -7.760861 84.585098 -21.335503
v -7.065031 80.092796 -19.422003
v -8.243051 81.188400 -22.660002
v -7.760861 84.585098 -21.335503
v -6.894131 83.339897 -18.948902
v -7.065031 80.092796 -19.422003
v -5.661180 83.617699 -15.445402
v -4.910430 85.815002 -13.498303
v -4.315320 83.108002 -11.868603
v -4.910430 85.815002 -13.498303
v -3.991820 86.046898 -10.977503
v -3.579820 84.102898 -9.842222
v -3.991820 86.046898 -10.977503
v -2.652060 83.694000 -7.300032
v -3.579820 84.102898 -9.842222
v -3.991820 86.046898 -10.977503
v -3.210551 85.891304 -8.829013
v -2.652060 83.694000 -7.300032
v -4.513690 99.310303 -12.408803
v -5.313271 96.475098 -14.606204
v -5.529950 100.000000 -15.201303
v -5.313271 96.475098 -14.606204
v -6.677451 98.104797 -18.359903
v -5.529950 100.000000 -15.201303
v -5.911440 95.489403 -16.251104
v -7.168800 94.766098 -19.708904
v -6.677451 98.104797 -18.359903
v -5.911440 95.489403 -16.251104
v -5.990781 93.347000 -16.470804
v -7.168800 94.766098 -19.708904
v -5.990781 93.347000 -16.470804
v -6.112861 89.782402 -16.803503
v -7.083351 91.491402 -19.473904
v -5.883971 87.365303 -16.174803
v -6.592001 85.500702 -18.121902
v -7.132181 87.801804 -19.611202
v -5.883971 87.365303 -16.174803
v -5.661180 83.617699 -15.445402
v -6.592001 85.500702 -18.121902
v -4.513690 99.310303 -12.408803
v -3.628650 96.777199 -9.982604
v -5.313271 96.475098 -14.606204
v -3.271581 92.526001 -8.993803
v -3.253270 88.265594 -8.951084
v -4.058960 91.402901 -11.041603
v -3.253270 88.265594 -8.951084
v -3.210551 85.891304 -8.829013
v -4.348891 88.528099 -11.963303
v -8.893090 87.350098 -24.442303
v -7.742551 86.593201 -21.286703
v -7.760861 84.585098 -21.335503
v -8.893090 87.350098 -24.442303
v -8.114871 90.182198 -22.302904
v -7.742551 86.593201 -21.286703
v -8.114871 90.182198 -22.302904
v -7.083351 91.491402 -19.473904
v -7.132181 87.801804 -19.611202
v -3.271581 92.526001 -8.993803
v -2.536090 92.562599 -6.982633
v -3.253270 88.265594 -8.951084
v -2.536090 92.562599 -6.982633
v -2.685630 88.097801 -7.391582
v -3.253270 88.265594 -8.951084
v -4.010130 79.137497 -11.032402
v -5.279701 79.244400 -14.517702
v -4.000980 81.719398 -11.001902
v -5.273601 90.319504 -14.502403
v -5.990781 93.347000 -16.470804
v -5.041660 93.023506 -13.864604
v -5.273601 90.319504 -14.502403
v -6.112861 89.782402 -16.803503
v -5.990781 93.347000 -16.470804
v 0.000000 -35.917198 -2.539139
v 0.000000 -41.093201 -0.213629
v 0.000000 -33.930500 0.408949
v 0.000000 -33.930500 0.408949
v 0.000000 -41.093201 -0.213629
v 0.000000 -38.651699 3.848381
v 0.000000 -27.185900 -0.149540
v 0.000000 -34.348602 0.473039
v 0.000000 -31.907099 -3.588979
v 0.000000 -27.185900 -0.149540
v 0.000000 -34.348602 0.473039
v 0.000000 -29.175699 2.798551
v 0.000000 -51.008598 0.000002
v 0.000000 -46.437000 -4.513689
v 0.000000 -40.482800 0.000001
v 0.000000 -39.881599 -3.430279
v 0.000000 -46.437000 -4.513689
v 0.000000 -40.482800 0.000001
v 0.000000 -20.682400 0.500505
v 0.000000 -27.845100 -0.119021
v 0.000000 -25.403601 3.942991
v 0.000000 -22.672199 -2.447579
v 0.000000 -27.845100 -0.119021
v 0.000000 -20.682400 0.500505
v 0.000000 -51.008598 0.000002
v 0.000000 -46.437000 4.513691
v 0.000000 -40.482800 0.000001
v 0.000000 -40.482800 0.000001
v 0.000000 -46.437000 4.513691
v 0.000000 -39.881599 3.430282
v 0.000000 -7.306130 9.350871
v 0.000000 -11.075199 7.989750
v 0.000000 -10.446500 6.125061
v 0.000000 1.019319 -10.400700
v -0.000001 1.495410 -15.994801
v -0.000001 4.153570 -11.609200
v 0.000000 1.019319 -10.400700
v 0.000000 -4.263441 -10.385400
v -0.000001 -2.969451 -12.247100
v 0.000000 1.019319 -10.400700
v 0.000000 -10.446500 -6.125060
v 0.000000 -4.263441 -10.385400
v 0.000000 -11.075201 -7.989749
v 0.000000 -7.306130 -9.350869
v 0.000000 -10.446500 -6.125060
v 0.000000 -10.446500 -6.125060
v 0.000000 -7.306130 -9.350869
v 0.000000 -4.263441 -10.385400
v 0.000000 1.019319 -10.400700
v -0.000001 -2.969451 -12.247100
v -0.000001 1.495410 -15.994801
v 0.000000 -10.446500 6.125061
v 0.000001 -0.872829 11.774000
v 0.000000 -7.306130 9.350871
v 0.000000 5.917540 9.799490
v 0.000001 1.495410 15.994801
v 0.000000 2.978611 8.935821
v 0.000000 2.978611 8.935821
v 0.000001 1.495410 15.994801
v 0.000001 -0.872829 11.774000
v 0.000000 2.978611 8.935821
v 0.000001 -0.872829 11.774000
v 0.000000 -0.195317 10.202300
v 0.000000 -0.195317 10.202300
v 0.000001 -0.872829 11.774000
v 0.000000 -10.446500 6.125061
v -0.000001 1.495410 -15.994801
v -0.000001 8.697781 -16.678400
v -0.000001 4.153570 -11.609200
v -0.000001 4.153570 -11.609200
v -0.000001 8.697781 -16.678400
v -0.000001 16.614298 -16.208403
v 0.000001 14.825900 14.230800
v 0.000001 13.037499 18.854300
v 0.000000 5.917540 9.799490
v 0.000001 1.495410 15.994801
v 0.000000 5.917540 9.799490
v 0.000001 13.037499 18.854300
v 0.000000 67.384895 -6.399732
v 0.000000 64.561897 -10.239002
v 0.000000 75.679802 -9.967342
v 0.000000 67.384895 6.399728
v 0.000000 75.679802 9.967337
v 0.000000 64.561897 10.238998
v 0.000001 72.090797 16.479998
v 0.000000 64.561897 10.238998
v 0.000000 75.679802 9.967337
v -0.000001 72.090797 -16.480001
v 0.000000 75.679802 -9.967342
v 0.000000 64.561897 -10.239002
v -2.352980 84.404999 -6.472982
v -2.685630 88.097801 -7.391582
v -2.050840 84.923897 -5.645922
v -3.210551 85.891304 -8.829013
v -2.352980 84.404999 -6.472982
v -2.652060 83.694000 -7.300032
v -2.728350 82.583099 -7.504502
v -2.743610 81.560699 -7.547233
v -4.000980 81.719398 -11.001902
v -3.210551 85.891304 -8.829013
v -3.991820 86.046898 -10.977503
v -4.348891 88.528099 -11.963303
v -3.253270 88.265594 -8.951084
v -4.348891 88.528099 -11.963303
v -4.058960 91.402901 -11.041603
v -3.271581 92.526001 -8.993803
v -4.058960 91.402901 -11.041603
v -4.528951 94.814903 -12.457704
v -3.271581 92.526001 -8.993803
v -4.528951 94.814903 -12.457704
v -3.628650 96.777199 -9.982604
v -3.628650 96.777199 -9.982604
v -4.528951 94.814903 -12.457704
v -5.313271 96.475098 -14.606204
v -7.760861 84.585098 -21.335503
v -8.926661 83.495598 -24.539902
v -8.893090 87.350098 -24.442303
v -7.742551 86.593201 -21.286703
v -8.114871 90.182198 -22.302904
v -7.132181 87.801804 -19.611202
v -7.132181 87.801804 -19.611202
v -7.083351 91.491402 -19.473904
v -6.112861 89.782402 -16.803503
v -5.273601 90.319504 -14.502403
v -5.041660 93.023506 -13.864604
v -4.058960 91.402901 -11.041603
v -4.910430 85.815002 -13.498303
v -3.579820 84.102898 -9.842222
v -4.315320 83.108002 -11.868603
v -5.661180 83.617699 -15.445402
v -4.315320 83.108002 -11.868603
v -5.612350 81.154800 -15.430202
v -5.661180 83.617699 -15.445402
v -5.612350 81.154800 -15.430202
v -6.894131 83.339897 -18.948902
v -6.894131 83.339897 -18.948902
v -5.612350 81.154800 -15.430202
v -7.065031 80.092796 -19.422003
v -6.677451 98.104797 -18.359903
v -5.313271 96.475098 -14.606204
v -5.911440 95.489403 -16.251104
v -7.168800 94.766098 -19.708904
v -5.990781 93.347000 -16.470804
v -7.083351 91.491402 -19.473904
v -5.612350 81.154800 -15.430202
v -4.315320 83.108002 -11.868603
v -5.279701 79.244400 -14.517702
v -5.279701 79.244400 -14.517702
v -4.315320 83.108002 -11.868603
v -4.000980 81.719398 -11.001902
v -4.010130 79.137497 -11.032402
v -4.000980 81.719398 -11.001902
v -2.743610 81.560699 -7.547233
v -5.883971 87.365303 -16.174803
v -7.132181 87.801804 -19.611202
v -6.112861 89.782402 -16.803503
v -2.685630 88.097801 -7.391582
v -2.536090 92.562599 -6.982633
v -1.910460 89.333801 -5.261393
v -2.685630 88.097801 -7.391582
v -1.910460 89.333801 -5.261393
v -2.050840 84.923897 -5.645922
v -1.705980 93.981705 4.184087
v -2.401810 95.773201 2.972497
v -2.166810 97.140404 5.020287
v -7.937859 92.901405 10.486197
v -6.601150 90.383598 8.819847
v -8.749660 91.112999 8.984647
v -11.496301 89.556595 3.012177
v -13.705900 91.924797 3.640858
v -12.140300 90.539299 4.959257
v -7.937860 96.163795 -1.825013
v -5.795470 95.199402 -1.049843
v -6.601151 93.151596 -1.623583
v -6.601151 93.151596 -1.623583
v -8.749660 93.865799 -1.403853
v -7.937860 96.163795 -1.825013
v -1.705980 93.981705 4.184087
v -2.166810 97.140404 5.020287
v -2.401810 94.940002 6.125057
v -11.496301 89.556595 3.012177
v -12.140300 91.375504 1.806698
v -13.705900 91.924797 3.640858
v -7.937859 92.901405 10.486197
v -6.601150 90.383598 8.819847
v -5.795469 92.446701 9.338657
v -3.579820 84.102898 -9.842222
v -2.652060 83.694000 -7.300032
v -2.728350 82.583099 -7.504502
v -4.910430 85.815002 -13.498303
v -5.661180 83.617699 -15.445402
v -5.883971 87.365303 -16.174803
v -4.058960 91.402901 -11.041603
v -4.348891 88.528099 -11.963303
v -5.273601 90.319504 -14.502403
v -8.926661 83.495598 -24.539902
v -7.760861 84.585098 -21.335503
v -8.243051 81.188400 -22.660002
v -7.760861 84.585098 -21.335503
v -7.065031 80.092796 -19.422003
v -8.243051 81.188400 -22.660002
v -7.760861 84.585098 -21.335503
v -6.894131 83.339897 -18.948902
v -7.065031 80.092796 -19.422003
v -5.661180 83.617699 -15.445402
v -4.910430 85.815002 -13.498303
v -4.315320 83.108002 -11.868603
v -4.910430 85.815002 -13.498303
v -3.991820 86.046898 -10.977503
v -3.579820 84.102898 -9.842222
v -3.991820 86.046898 -10.977503
v -2.652060 83.694000 -7.300032
v -3.579820 84.102898 -9.842222
v -3.991820 86.046898 -10.977503
v -3.210551 85.891304 -8.829013
v -2.652060 83.694000 -7.300032
v -4.513690 99.310303 -12.408803
v -5.313271 96.475098 -14.606204
v -5.529950 100.000000 -15.201303
v -5.313271 96.475098 -14.606204
v -6.677451 98.104797 -18.359903
v -5.529950 100.000000 -15.201303
v -5.911440 95.489403 -16.251104
v -7.168800 94.766098 -19.708904
v -6.677451 98.104797 -18.359903
v -5.911440 95.489403 -16.251104
v -5.990781 93.347000 -16.470804
v -7.168800 94.766098 -19.708904
v -5.990781 93.347000 -16.470804
v -6.112861 89.782402 -16.803503
v -7.083351 91.491402 -19.473904
v -5.883971 87.365303 -16.174803
v -6.592001 85.500702 -18.121902
v -7.132181 87.801804 -19.611202
v -5.883971 87.365303 -16.174803
v -5.661180 83.617699 -15.445402
v -6.592001 85.500702 -18.121902
v -4.513690 99.310303 -12.408803
v -3.628650 96.777199 -9.982604
v -5.313271 96.475098 -14.606204
v -3.271581 92.526001 -8.993803
v -3.253270 88.265594 -8.951084
v -4.058960 91.402901 -11.041603
v -3.253270 88.265594 -8.951084
v -3.210551 85.891304 -8.829013
v -4.348891 88.528099 -11.963303
v -8.893090 87.350098 -24.442303
v -7.742551 86.593201 -21.286703
v -7.760861 84.585098 -21.335503
v -8.893090 87.350098 -24.442303
v -8.114871 90.182198 -22.302904
v -7.742551 86.593201 -21.286703
v -8.114871 90.182198 -22.302904
v -7.083351 91.491402 -19.473904
v -7.132181 87.801804 -19.611202
v -3.271581 92.526001 -8.993803
v -2.536090 92.562599 -6.982633
v -3.253270 88.265594 -8.951084
v -2.536090 92.562599 -6.982633
v -2.685630 88.097801 -7.391582
v -3.253270 88.265594 -8.951084
v -4.010130 79.137497 -11.032402
v -5.279701 79.244400 -14.517702
v -4.000980 81.719398 -11.001902
v -5.273601 90.319504 -14.502403
v -5.990781 93.347000 -16.470804
v -5.041660 93.023506 -13.864604
v -5.273601 90.319504 -14.502403
v -6.112861 89.782402 -16.803503
v -5.990781 93.347000 -16.470804
vn 1.0000 -0.0000 -0.0000
vn -1.0000 -0.0000 -0.0000
vn -0.7983 0.2782 0.5342
vn -0.8061 0.2555 0.5339
vn -0.9356 0.3473 0.0631
vn -0.9195 -0.2324 -0.3169
vn -0.9356 0.3473 -0.0631
vn -0.9195 -0.2324 0.3169
vn 0.8952 -0.2466 0.3712
vn -0.5039 -0.8382 0.2088
vn -0.3316 -0.8832 0.3316
vn -0.9453 -0.1948 -0.2618
vn -0.5091 -0.2534 -0.8226
vn 0.7983 0.2782 -0.5342
vn 0.8061 0.2555 -0.5339
vn 0.4159 -0.7439 0.5231
vn 0.6217 0.0862 0.7785
vn 0.9321 0.3431 -0.1157
vn 0.9253 0.1004 -0.3656
vn 0.9195 -0.2324 0.3169
vn 0.9356 0.3473 -0.0631
vn -0.9253 0.1004 0.3656
vn -0.9321 0.3431 0.1157
vn 0.9356 0.3473 0.0631
vn 0.9195 -0.2324 -0.3169
vn 0.5091 -0.2534 0.8226
vn 0.9453 -0.1948 0.2618
vn 0.5887 -0.6094 0.5311
vn 0.6682 -0.5946 0.4471
vn -0.9240 -0.3263 -0.1996
vn -0.8664 -0.0776 -0.4934
vn -0.8664 -0.0776 0.4934
vn -0.9240 -0.3263 0.1996
vn -0.4726 0.8283 0.3010
vn -0.4200 0.8082 0.4129
vn -0.2400 0.3374 0.9103
vn -0.9211 0.3893 -0.0061
vn -0.7764 0.1876 -0.6016
vn 0.5325 0.3012 0.7910
vn 0.7764 0.1876 0.6016
vn 0.7792 0.4540 -0.4322
vn 0.2400 0.3374 -0.9103
vn -0.7470 0.4788 -0.4613
vn -0.7798 0.0604 -0.6231
vn -0.3316 -0.8832 -0.3316
vn -0.1214 0.9730 0.1961
vn -0.6217 0.0862 -0.7785
vn -0.8787 0.4163 -0.2336
vn -0.3399 0.9357 0.0942
vn -0.8365 0.1861 -0.5154
vn 0.6143 -0.4952 -0.6143
vn -0.8807 -0.0331 -0.4725
vn -0.9394 -0.0966 0.3289
vn 0.9462 -0.2094 -0.2467
vn 0.8635 -0.2289 0.4495
vn 0.7603 -0.4936 -0.4223
vn 0.9515 0.0330 0.3059
vn 0.9242 0.0342 0.3803
vn 0.9523 -0.1399 -0.2713
vn 0.4851 -0.3860 -0.7846
vn 0.1214 0.9730 -0.1961
vn 0.6483 -0.5604 0.5155
vn 0.9142 0.3181 -0.2511
vn 0.3399 0.9357 -0.0942
vn 0.9217 -0.3210 -0.2177
vn -0.9462 -0.2094 0.2467
vn 0.7603 -0.4936 0.4223
vn 0.7069 0.0228 0.7069
vn -0.9217 -0.3210 0.2177
vn -0.6682 -0.5946 0.4471
vn 0.8993 0.2285 0.3729
vn -0.8993 0.2293 -0.3725
vn -0.4188 0.7732 -0.4762
vn 0.3358 0.4796 0.8107
vn -0.3812 0.0953 0.9196
vn 0.8993 0.2285 -0.3729
vn 0.7092 -0.1065 0.6970
vn -0.9515 0.0330 -0.3059
vn 0.9515 0.0330 -0.3059
vn 0.9199 -0.0031 -0.3921
vn 0.9124 -0.1458 0.3826
vn 0.9470 -0.2586 0.1906
vn -0.9470 -0.2586 0.1906
vn -0.9242 0.0342 0.3803
vn -0.9142 0.3181 0.2511
vn 0.9142 0.3181 0.2511
vn 0.8787 0.4163 -0.2336
vn 0.9289 -0.0815 -0.3613
vn -0.9289 -0.0815 -0.3613
vn -0.9199 -0.0031 -0.3921
vn -0.9124 -0.1458 0.3826
vn -0.9649 -0.0123 0.2623
vn 0.9649 -0.0123 0.2623
vn 0.9462 -0.2094 0.2467
vn 0.9681 -0.2497 0.0188
vn -0.9681 -0.2497 0.0188
vn -0.9586 -0.2803 0.0504
vn -0.9543 0.2808 -0.1026
vn -0.9465 0.2967 -0.1266
vn 0.9465 0.2967 -0.1266
vn 0.8365 0.1861 -0.5154
vn 0.9577 -0.0762 -0.2777
vn 0.9470 -0.2586 -0.1906
vn 0.9242 0.0342 -0.3803
vn -0.9242 0.0342 -0.3803
vn -0.9142 0.3181 -0.2511
vn -0.7483 0.4265 0.5081
vn 0.7483 0.4265 0.5081
vn 0.9199 -0.0031 0.3921
vn 0.9124 -0.1458 -0.3826
vn 0.9649 -0.0123 -0.2623
vn -0.9649 -0.0123 -0.2623
vn -0.9462 -0.2094 -0.2467
vn -0.9681 -0.2497 -0.0188
vn 0.9681 -0.2497 -0.0188
vn 0.9586 -0.2803 -0.0504
vn 0.9543 0.2808 0.1026
vn 0.9465 0.2967 0.1266
vn -0.9465 0.2967 0.1266
vn -0.8365 0.1861 0.5154
vn -0.9577 -0.0762 0.2777
vn -0.4851 -0.3860 -0.7846
vn -0.5265 -0.4760 -0.7044
vn -0.9217 0.1359 -0.3634
vn -0.8635 -0.2289 -0.4495
vn 0.8635 -0.2289 -0.4495
vn 0.7470 0.4788 -0.4613
vn 0.9721 -0.0844 -0.2189
vn -0.9721 -0.0844 -0.2189
vn -0.6483 -0.5604 0.5155
vn -0.5887 -0.6094 -0.5311
vn 0.5887 -0.6094 -0.5311
vn 0.6682 -0.5946 -0.4471
vn 0.7176 -0.5519 -0.4248
vn 0.7176 -0.5519 0.4248
vn 0.7404 -0.5096 0.4383
vn 0.5265 -0.4760 0.7044
vn 0.4851 -0.3860 0.7846
vn -0.4851 -0.3860 0.7846
vn 0.1969 0.5802 -0.7903
vn 0.4273 0.0251 -0.9038
vn 0.3810 0.0954 -0.9197
vn 0.3358 0.4796 -0.8107
vn 0.3355 0.4799 -0.8106
vn 0.1851 0.8751 -0.4471
vn -0.3390 0.8378 -0.4281
vn -0.2225 0.9562 -0.1901
vn -0.3394 0.9226 0.1834
vn 0.2489 0.9499 0.1889
vn 0.2622 0.9414 0.2123
vn 0.7479 0.6028 0.2781
vn 0.7836 0.4884 0.3839
vn 0.9019 0.1751 0.3949
vn 0.8667 0.4301 0.2527
vn 0.3504 0.6079 0.7125
vn 0.6694 -0.1839 0.7198
vn 0.8924 -0.2594 0.3693
vn -0.7603 -0.4936 0.4223
vn -0.8266 -0.2185 0.5186
vn 0.8266 -0.2185 0.5186
vn 0.8807 -0.0331 0.4725
vn 0.8976 -0.0065 0.4409
vn 0.8973 -0.0043 0.4414
vn 0.6648 -0.4841 0.5689
vn 0.6080 0.4004 0.6856
vn 0.6080 0.4004 -0.6856
vn 0.8618 0.2859 -0.4191
vn 0.8860 0.2935 -0.3590
vn -0.8860 0.2935 -0.3590
vn -0.9523 -0.1399 -0.2713
vn -0.8973 -0.0043 -0.4414
vn -0.8976 -0.0065 -0.4409
vn -0.8976 -0.0065 0.4409
vn -0.8807 -0.0331 0.4725
vn 0.3709 -0.2465 0.8953
vn 0.3712 -0.2463 0.8953
vn -0.3709 -0.2463 0.8954
vn -0.3712 -0.2466 0.8952
vn -0.8954 -0.2465 0.3709
vn -0.8953 -0.2463 0.3712
vn -0.8953 -0.2463 -0.3712
vn -0.7844 -0.5281 -0.3252
vn -0.3252 -0.5281 -0.7845
vn -0.2088 -0.8382 -0.5039
vn 0.2088 -0.8382 -0.5039
vn 0.3316 -0.8832 -0.3316
vn 0.5039 -0.8382 -0.2088
vn 0.5039 -0.8382 0.2088
vn 0.7845 -0.5281 0.3252
vn 0.3252 -0.5281 0.7844
vn -0.9523 -0.1399 0.2713
vn -0.8973 -0.0043 0.4414
vn -0.6648 -0.4841 0.5689
vn -0.6648 -0.4841 -0.5689
vn -0.6080 0.4004 -0.6856
vn -0.8618 0.2859 -0.4191
vn -0.8990 0.0260 -0.4372
vn 0.8990 0.0260 -0.4372
vn 0.8330 -0.0374 -0.5520
vn 0.8330 -0.0374 0.5520
vn 0.8084 -0.2438 0.5357
vn -0.8084 -0.2438 0.5357
vn -0.8086 -0.2437 0.5355
vn -0.8086 -0.2437 -0.5355
vn -0.8061 0.2555 -0.5339
vn -0.7983 0.2782 -0.5342
vn -0.4159 -0.7439 -0.5231
vn -0.5483 -0.6315 -0.5483
vn -0.5027 -0.8090 -0.3047
vn 0.5027 -0.8090 -0.3047
vn 0.7798 0.0604 -0.6231
vn 0.6363 -0.3931 -0.6637
vn -0.6363 -0.3931 -0.6637
vn -0.6574 -0.3682 -0.6574
vn -0.6630 -0.3927 -0.6374
vn -0.6630 -0.3927 0.6374
vn -0.6217 0.0862 0.7785
vn -0.4159 -0.7439 0.5231
vn -0.5173 0.6818 0.5173
vn -0.6942 0.1901 0.6942
vn -0.6574 -0.3682 0.6574
vn -0.6363 -0.3931 0.6637
vn -0.7798 0.0604 0.6231
vn 0.7798 0.0604 0.6231
vn 0.5027 -0.8090 0.3047
vn 0.5483 -0.6315 0.5483
vn 0.6143 -0.4952 0.6143
vn 0.7983 0.2782 0.5342
vn 0.8061 0.2555 0.5339
vn 0.8086 -0.2437 0.5355
vn 0.8086 -0.2437 -0.5355
vn 0.8084 -0.2438 -0.5357
vn -0.8084 -0.2438 -0.5357
vn -0.8330 -0.0374 -0.5520
vn -0.8330 -0.0374 0.5520
vn -0.8990 0.0260 0.4372
vn 0.8990 0.0260 0.4372
vn 0.8618 0.2859 0.4191
vn -0.5887 -0.6094 0.5311
vn -0.6734 -0.5913 -0.4437
vn 0.6734 -0.5913 -0.4437
vn 0.9394 -0.0966 0.3289
vn 0.7433 0.4857 0.4600
vn -0.7433 0.4857 0.4600
vn -0.8635 -0.2289 0.4495
vn -0.9217 0.1359 0.3634
vn 0.9217 0.1359 0.3634
vn 0.2489 0.9499 -0.1889
vn 0.2622 0.9414 -0.2123
vn 0.7479 0.6028 -0.2781
vn 0.7836 0.4884 -0.3839
vn 0.9019 0.1751 -0.3949
vn 0.8667 0.4301 -0.2527
vn 0.3504 0.6079 -0.7125
vn 0.6694 -0.1839 -0.7198
vn 0.8924 -0.2594 -0.3693
vn -0.6143 -0.4952 0.6143
vn -0.6143 -0.4952 -0.6143
vn 0.5483 -0.6315 -0.5483
vn 0.4159 -0.7439 -0.5231
vn 0.6217 0.0862 -0.7785
vn -0.5039 -0.8382 -0.2088
vn -0.7844 -0.5282 -0.3251
vn -0.7844 -0.5282 0.3251
vn -0.7844 -0.5281 0.3252
vn -0.3252 -0.5281 0.7845
vn -0.3252 -0.5282 0.7844
vn 0.3251 -0.5282 0.7844
vn -0.9515 0.0330 0.3059
vn -0.9543 0.2808 0.1026
vn -0.9586 -0.2803 -0.0504
vn -0.9499 -0.1723 -0.2606
vn 0.9499 -0.1723 -0.2606
vn 0.9577 -0.0762 0.2777
vn 0.8365 0.1861 0.5154
vn 0.6648 -0.4841 -0.5689
vn 0.8973 -0.0043 -0.4414
vn 0.8976 -0.0065 -0.4409
vn 0.8807 -0.0331 -0.4725
vn 0.8266 -0.2185 -0.5186
vn -0.8266 -0.2185 -0.5186
vn -0.7603 -0.4936 -0.4223
vn 0.1851 0.8751 0.4471
vn 0.3355 0.4799 0.8106
vn -0.3638 0.4745 0.8015
vn -0.4627 0.2374 0.8541
vn -0.8993 0.2293 0.3725
vn -0.8991 0.2295 0.3727
vn -0.8991 0.2295 -0.3727
vn -0.3252 -0.5282 -0.7844
vn 0.3251 -0.5282 -0.7844
vn 0.3252 -0.5281 -0.7844
vn 0.7845 -0.5281 -0.3252
vn 0.7844 -0.5282 -0.3252
vn 0.7844 -0.5282 0.3252
vn -0.5173 0.6818 -0.5173
vn 0.5173 0.6818 -0.5173
vn 0.6942 0.1901 -0.6942
vn 0.6942 0.1901 0.6942
vn -0.5089 -0.2535 -0.8226
vn 0.5089 -0.2535 -0.8226
vn 0.5091 -0.2534 -0.8226
vn 0.9453 -0.1948 -0.2618
vn 0.9451 -0.1950 -0.2621
vn 0.9451 -0.1950 0.2621
vn -0.9451 -0.1950 -0.2621
vn -0.9451 -0.1950 0.2621
vn -0.9453 -0.1948 0.2618
vn -0.5091 -0.2534 0.8226
vn -0.5089 -0.2535 0.8226
vn 0.5089 -0.2535 0.8226
vn -0.6080 0.4004 0.6856
vn -0.8618 0.2859 0.4191
vn -0.8860 0.2935 0.3590
vn 0.8860 0.2935 0.3590
vn 0.9523 -0.1399 0.2713
vn -0.9217 -0.3210 -0.2177
vn -0.9214 -0.3154 0.2272
vn 0.9214 -0.3154 0.2272
vn 0.9253 0.1004 0.3656
vn 0.9321 0.3431 0.1157
vn -0.6682 -0.5946 -0.4471
vn -0.7176 -0.5519 -0.4248
vn -0.7176 -0.5519 0.4248
vn -0.7404 -0.5096 0.4383
vn -0.5265 -0.4760 0.7044
vn -0.8953 -0.2465 -0.3709
vn -0.3712 -0.2466 -0.8952
vn -0.3709 -0.2463 -0.8954
vn 0.3712 -0.2463 -0.8953
vn 0.3709 -0.2465 -0.8953
vn -0.0000 1.0000 -0.0000
vn -0.6942 0.1901 -0.6942
vn 0.6574 -0.3682 -0.6574
vn 0.6630 -0.3927 -0.6374
vn 0.9217 -0.3210 0.2177
vn 0.9214 -0.3154 -0.2272
vn -0.9214 -0.3154 -0.2272
vn -0.9253 0.1004 -0.3656
vn -0.9321 0.3431 -0.1157
vn -0.9577 -0.0762 -0.2777
vn -0.9499 -0.1723 0.2606
vn 0.9499 -0.1723 0.2606
vn 0.9586 -0.2803 0.0504
vn 0.9543 0.2808 -0.1026
vn 0.9207 -0.2953 0.2552
vn 0.9207 -0.2953 -0.2552
vn 0.7404 -0.5096 -0.4383
vn 0.5265 -0.4760 -0.7044
vn 0.9217 0.1359 -0.3634
vn -0.7792 0.4540 0.4322
vn 0.7792 0.4540 0.4322
vn 0.7406 0.5252 0.4191
vn 0.9211 0.3893 0.0061
vn -0.6172 0.1987 -0.7613
vn 0.6172 0.1987 -0.7613
vn 0.8199 0.3829 -0.4258
vn 0.9712 0.2267 -0.0729
vn -0.9712 0.2267 -0.0729
vn -0.8199 0.3829 -0.4258
vn -0.7533 0.5384 -0.3776
vn 0.7533 0.5384 -0.3776
vn 0.6172 0.1987 0.7613
vn -0.6172 0.1987 0.7613
vn -0.8199 0.3829 0.4258
vn -0.9712 0.2267 0.0729
vn 0.9712 0.2267 0.0729
vn 0.8199 0.3829 0.4258
vn 0.7533 0.5384 0.3776
vn -0.7533 0.5384 0.3776
vn 0.3382 0.3388 -0.8780
vn 0.5326 0.3873 -0.7526
vn 0.4602 0.5815 -0.6709
vn 0.4602 0.5815 0.6709
vn 0.7909 0.2190 -0.5715
vn 0.7909 0.2190 0.5715
vn 0.5326 0.3873 0.7526
vn 0.3382 0.3388 0.8780
vn -0.7909 0.2190 0.5715
vn -0.7909 0.2190 -0.5715
vn -0.5326 0.3873 -0.7526
vn -0.3382 0.3388 -0.8780
vn -0.3382 0.3388 0.8780
vn -0.5326 0.3873 0.7526
vn -0.4602 0.5815 0.6709
vn -0.4602 0.5815 -0.6709
vn -0.7057 -0.0625 -0.7057
vn 0.7057 -0.0625 -0.7057
vn 0.7057 -0.0625 0.7057
vn -0.7069 0.0228 -0.7069
vn 0.7069 0.0228 -0.7069
vn -0.7057 -0.0625 0.7057
vn 0.8952 -0.2466 -0.3712
vn 0.8955 -0.2463 -0.3706
vn 0.8955 -0.2463 0.3706
vn -0.9211 0.3893 0.0061
vn -0.7406 0.5252 0.4191
vn -0.5325 0.3012 0.7910
vn -0.4840 0.4049 0.7758
vn -0.4841 0.4047 0.7758
vn -0.7764 0.1876 0.6016
vn -0.7792 0.4540 -0.4322
vn -0.7406 0.5252 -0.4191
vn -0.5325 0.3012 -0.7910
vn -0.4840 0.4049 -0.7758
vn -0.4841 0.4047 -0.7758
vn -0.2400 0.3374 -0.9103
vn 0.4840 0.4049 0.7758
vn 0.4841 0.4047 0.7758
vn 0.2400 0.3374 0.9103
vn 0.9211 0.3893 -0.0061
vn 0.7406 0.5252 -0.4191
vn 0.5325 0.3012 -0.7910
vn 0.4840 0.4049 -0.7758
vn 0.4841 0.4047 -0.7758
vn 0.7764 0.1876 -0.6016
vn -0.2874 0.9545 0.0797
vn -0.2874 0.9545 -0.0797
vn -0.1214 0.9730 -0.1961
vn -0.3399 0.9357 -0.0942
vn -0.1446 0.9615 -0.2338
vn 0.1446 0.9615 -0.2338
vn -0.9199 -0.0031 0.3921
vn -0.9124 -0.1458 -0.3826
vn -0.9470 -0.2586 -0.1906
vn -0.7069 0.0228 0.7069
vn -0.2088 -0.8382 0.5039
vn 0.2088 -0.8382 0.5039
vn 0.3316 -0.8832 0.3316
vn 0.2874 0.9545 -0.0797
vn 0.2874 0.9545 0.0797
vn 0.1214 0.9730 0.1961
vn 0.6363 -0.3931 0.6637
vn 0.6574 -0.3682 0.6574
vn 0.6630 -0.3927 0.6374
vn -0.5483 -0.6315 0.5483
vn -0.5027 -0.8090 0.3047
vn 0.3399 0.9357 0.0942
vn 0.1446 0.9615 0.2338
vn -0.1446 0.9615 0.2338
vn 0.5173 0.6818 0.5173
vn -0.7404 -0.5096 -0.4383
vn -0.9207 -0.2953 -0.2552
vn -0.9207 -0.2953 0.2552
vn 0.7630 -0.5210 0.3826
vn 0.7660 0.2337 0.5988
vn 0.7328 0.4718 0.4903
vn 0.7328 0.4718 -0.4903
vn 0.7660 0.2337 -0.5988
vn 0.7630 -0.5210 -0.3826
vn 0.3810 0.0954 0.9197
vn 0.4273 0.0251 0.9038
vn 0.1969 0.5802 0.7903
vn -0.3638 0.4745 -0.8015
vn -0.4627 0.2374 -0.8541
vn -0.3812 0.0953 -0.9196
vn 0.9916 0.0180 -0.1279
vn 0.9916 0.0180 0.1279
vn 0.3119 0.8553 0.4137
vn -0.6031 0.4706 0.6441
vn -0.6031 0.4706 -0.6441
vn 0.7092 -0.1065 -0.6970
vn 0.3113 0.8557 0.4133
vn 0.3113 0.8557 -0.4133
vn 0.3119 0.8554 -0.4137
vn -0.6940 0.6601 -0.2875
vn -0.5931 0.7668 0.2457
vn -0.6411 -0.2920 -0.7098
vn -0.9394 0.0006 0.3428
vn -0.6411 -0.2920 0.7098
vn 0.6411 -0.2920 0.7098
vn 0.6411 -0.2920 -0.7098
vn -0.9400 -0.0015 0.3412
vn -0.9397 -0.0003 0.3420
vn -0.9398 0.0005 0.3418
vn -0.9401 -0.0144 0.3407
vn -0.9363 0.0167 0.3509
vn -0.9399 0.0005 0.3415
vn -0.9396 -0.0008 0.3424
vn -0.9397 -0.0005 0.3420
vn -0.9395 -0.0005 0.3426
vn -0.9399 -0.0003 0.3414
vn -0.9439 0.0030 0.3303
vn -0.9398 -0.0010 0.3416
vn -0.9366 -0.0164 0.3501
vn -0.9427 -0.0166 0.3331
vn -0.9397 -0.0004 0.3421
vn -0.9398 0.0002 0.3416
vn -0.9397 -0.0000 0.3419
vn -0.9396 -0.0001 0.3422
vn -0.9399 0.0004 0.3415
vn -0.9397 -0.0007 0.3420
vn -0.9399 -0.0002 0.3414
vn -0.9397 0.0002 0.3419
vn -0.9397 0.0001 0.3419
vn -0.9482 -0.2030 0.2444
vn -0.1424 -0.5977 0.7889
vn -0.7109 -0.6938 0.1151
vn -0.3807 -0.1075 0.9184
vn 0.1433 0.1292 0.9812
vn 0.5993 0.7036 0.3819
vn -0.9813 0.0865 -0.1717
vn -0.3617 0.5415 -0.7589
vn -0.0205 0.6956 -0.7181
vn 0.5993 0.8003 0.0172
vn -0.0200 0.2487 0.9684
vn -0.3613 0.0946 0.9276
vn -0.9813 -0.0099 0.1921
vn -0.9483 -0.0556 -0.3125
vn -0.7110 -0.5457 -0.4435
vn -0.3792 0.3622 -0.8515
vn -0.6911 -0.6949 0.1987
vn -0.6909 -0.5052 -0.5171
vn -0.3628 -0.5110 -0.7793
vn -0.3629 -0.8300 0.4236
vn 0.9195 0.0327 0.3917
vn 0.9195 0.2222 -0.3241
vn 0.7649 -0.0020 -0.6442
vn 0.4493 0.1430 -0.8819
vn -0.2213 -0.1601 -0.9620
vn -0.2213 -0.6154 0.7565
vn 0.4497 -0.3121 0.8368
vn 0.7648 -0.3204 0.5589
vn -0.9393 0.0014 0.3430
vn -0.9374 0.0120 0.3479
vn -0.9423 -0.0122 0.3345
vn -0.9398 0.0001 0.3419
vn -0.9400 -0.0002 0.3412
vn -0.9356 0.0068 0.3530
vn -0.9396 0.0008 0.3423
vn -0.9393 0.0012 0.3430
vn -0.9398 -0.0011 0.3417
vn -0.9397 -0.0000 0.3420
vn -0.9399 -0.0001 0.3415
vn -0.9398 0.0002 0.3417
vn -0.9398 -0.0002 0.3418
vn -0.9398 0.0003 0.3417
vn -0.9399 0.0003 0.3414
vn -0.9425 0.0090 0.3341
vn -0.9396 -0.0004 0.3424
vn -0.9333 -0.0004 0.3591
vn -0.9397 0.0007 0.3419
vn -0.9395 0.0002 0.3426
vn -0.9395 -0.0005 0.3424
vn -0.9394 -0.0003 0.3427
vn -0.9392 -0.0006 0.3435
vn -0.9397 0.0001 0.3420
vn -0.9396 -0.0007 0.3422
vn 0.9394 -0.0006 -0.3428
vn 0.9400 0.0015 -0.3412
vn 0.9397 0.0003 -0.3420
vn 0.9398 -0.0005 -0.3418
vn 0.9401 0.0144 -0.3407
vn 0.9363 -0.0167 -0.3509
vn 0.9399 -0.0005 -0.3415
vn 0.9396 0.0008 -0.3424
vn 0.9397 0.0005 -0.3420
vn 0.9395 0.0005 -0.3426
vn 0.9399 0.0003 -0.3414
vn 0.9439 -0.0030 -0.3303
vn 0.9398 0.0010 -0.3416
vn 0.9366 0.0164 -0.3501
vn 0.9427 0.0166 -0.3331
vn 0.9397 0.0004 -0.3421
vn 0.9398 -0.0002 -0.3416
vn 0.9397 -0.0000 -0.3419
vn 0.9396 0.0001 -0.3422
vn 0.9399 -0.0004 -0.3415
vn 0.9397 0.0007 -0.3420
vn 0.9399 0.0002 -0.3414
vn 0.9397 -0.0002 -0.3419
vn 0.9397 -0.0001 -0.3419
vn 0.9482 0.2030 -0.2444
vn 0.1424 0.5977 -0.7889
vn 0.7109 0.6938 -0.1151
vn 0.3807 0.1075 -0.9184
vn -0.1433 -0.1292 -0.9812
vn 0.9483 0.0556 0.3125
vn 0.7110 0.5457 0.4435
vn 0.3792 -0.3622 0.8515
vn 0.9393 -0.0014 -0.3430
vn 0.9374 -0.0120 -0.3479
vn 0.9423 0.0122 -0.3345
vn 0.9398 -0.0001 -0.3419
vn 0.9400 0.0002 -0.3412
vn 0.9356 -0.0068 -0.3530
vn 0.9396 -0.0008 -0.3423
vn 0.9393 -0.0012 -0.3430
vn 0.9398 0.0011 -0.3417
vn 0.9397 -0.0000 -0.3420
vn 0.9399 0.0001 -0.3415
vn 0.9398 -0.0002 -0.3417
vn 0.9398 0.0002 -0.3418
vn 0.9398 -0.0003 -0.3417
vn 0.9399 -0.0003 -0.3414
vn 0.9425 -0.0090 -0.3341
vn 0.9396 0.0004 -0.3424
vn 0.9333 0.0004 -0.3591
vn 0.9397 -0.0007 -0.3419
vn 0.9395 -0.0002 -0.3426
vn 0.9395 0.0005 -0.3424
vn 0.9394 0.0003 -0.3427
vn 0.9392 0.0006 -0.3435
vn 0.9397 -0.0001 -0.3420
vn 0.9396 0.0007 -0.3422
vt 0.756836 0.406250
vt 0.928711 0.661621
vt 0.309082 0.607422
vt 0.520020 0.959473
vt 0.046875 0.046875
vt 0.911133 0.046875
vt 0.422363 0.417480
vt 0.960449 0.328613
vt 0.692383 0.776855
vt 0.727539 0.816895
vt 0.727539 0.776855
vt 0.936035 0.960938
vt 0.942383 0.986328
vt 0.995117 0.986328
vt 0.995117 0.960938
vt 0.753418 0.324707
vt 0.775391 0.237305
vt 0.796387 0.316406
vt 0.827637 0.266602
vt 0.341309 0.388672
vt 0.259766 0.514648
vt 0.294922 0.322754
vt 0.188477 0.431152
vt 0.187988 0.927734
vt 0.242188 0.844238
vt 0.188477 0.790527
vt 0.212891 0.982910
vt 0.817383 0.422852
vt 0.828125 0.630371
vt 0.887207 0.630371
vt 0.755371 0.422852
vt 0.947754 0.227539
vt 0.927246 0.265137
vt 0.927246 0.146484
vt 0.910645 0.262207
vt 0.768066 0.389648
vt 0.814941 0.404297
vt 0.810059 0.716309
vt 0.843262 0.658691
vt 0.807129 0.773926
vt 0.897461 0.658691
vt 0.564941 0.054199
vt 0.587891 0.096191
vt 0.576172 0.015625
vt 0.641113 0.015625
vt 0.530273 0.056152
vt 0.535645 0.223633
vt 0.467773 0.114258
vt 0.464844 0.201660
vt 0.609375 0.890137
vt 0.574219 0.890137
vt 0.584473 0.989746
vt 0.470215 0.689453
vt 0.429199 0.602539
vt 0.500977 0.608887
vt 0.515625 0.500000
vt 0.445801 0.500000
vt 0.417969 0.439453
vt 0.403809 0.548340
vt 0.348633 0.439453
vt 0.318848 0.460938
vt 0.331543 0.541992
vt 0.757812 0.763184
vt 0.707520 0.666016
vt 0.910645 0.037109
vt 0.927246 0.034180
vt 0.699707 0.482422
vt 0.686035 0.540039
vt 0.742676 0.540039
vt 0.045410 0.908203
vt 0.007812 0.930176
vt 0.034180 0.823730
vt 0.418457 0.983398
vt 0.418457 0.875977
vt 0.361328 0.907227
vt 0.129883 0.766602
vt 0.106934 0.761719
vt 0.149902 0.722656
vt 0.981934 0.197754
vt 0.981934 0.102051
vt 0.939453 0.508301
vt 0.926270 0.400879
vt 0.993652 0.347168
vt 0.727539 0.563477
vt 0.124023 0.937500
vt 0.119629 0.872559
vt 0.154297 0.876953
vt 0.745605 0.811523
vt 0.979004 0.264160
vt 0.941895 0.327637
vt 0.096191 0.823242
vt 0.059082 0.833496
vt 0.032715 0.984375
vt 0.074707 0.985840
vt 0.898926 0.542480
vt 0.961914 0.574219
vt 0.728027 0.979004
vt 0.777832 0.979004
vt 0.755859 0.838379
vt 0.843750 0.317871
vt 0.177734 0.685547
vt 0.177734 0.019043
vt 0.134766 0.019043
vt 0.346680 0.301270
vt 0.557129 0.391602
vt 0.591309 0.132324
vt 0.463379 0.316406
vt 0.380859 0.267090
vt 0.405762 0.163086
vt 0.456055 0.437500
vt 0.189941 0.510254
vt 0.214844 0.639648
vt 0.214844 0.490723
vt 0.087402 0.947754
vt 0.154785 0.787109
vt 0.186523 0.736816
vt 0.897461 0.773926
vt 0.469727 0.023438
vt 0.384766 0.047363
vt 0.327148 0.122070
vt 0.356934 0.250000
vt 0.313965 0.258301
vt 0.252441 0.263184
vt 0.995117 0.542480
vt 0.995117 0.572754
vt 0.995117 0.697754
vt 0.962402 0.697754
vt 0.364258 0.639648
vt 0.424805 0.833984
vt 0.282715 0.765625
vt 0.327637 0.902344
vt 0.275391 0.514160
vt 0.211426 0.682129
vt 0.273926 0.940430
vt 0.966309 0.827637
vt 0.995117 0.827637
vt 0.947754 0.072266
vt 0.878906 0.011719
vt 0.878906 0.287109
vt 0.784668 0.179688
vt 0.853027 0.276855
vt 0.784668 0.120605
vt 0.853027 0.022949
vt 0.633301 0.282227
vt 0.783691 0.630371
vt 0.899414 0.422852
vt 0.642090 0.948730
vt 0.661621 0.923340
vt 0.727539 0.890137
vt 0.727539 0.923340
vt 0.695312 0.923340
vt 0.759766 0.046387
vt 0.765625 0.017578
vt 0.765625 0.075684
vt 0.780273 0.087891
vt 0.794922 0.017578
vt 0.794922 0.075684
vt 0.800781 0.046387
vt 0.897461 0.979004
vt 0.616699 0.776855
vt 0.554199 0.868164
vt 0.587891 0.863770
vt 0.576660 0.707031
vt 0.615723 0.816895
vt 0.373047 0.629395
vt 0.416504 0.521484
vt 0.913574 0.850586
vt 0.949219 0.777344
vt 0.913574 0.777344
vt 0.913574 0.704102
vt 0.949219 0.704102
vt 0.048828 0.019043
vt 0.093262 0.685547
vt 0.093262 0.019043
vt 0.134766 0.685547
vt 0.949219 0.850586
vt 0.252930 0.263184
vt 0.742676 0.458496
vt 0.337891 0.983398
vt 0.048828 0.685547
vt 0.009277 0.685547
vt 0.009277 0.019043
vt 0.881348 0.386230
vt 0.919434 0.359863
vt 0.856445 0.363281
vt 0.854004 0.310547
vt 0.930664 0.310547
vt 0.301758 0.128906
vt 0.240234 0.510254
vt 0.510742 0.950195
vt 0.434570 0.890137
vt 0.446289 0.843750
vt 0.446289 0.734863
vt 0.190430 0.218750
vt 0.204590 0.019043
vt 0.239746 0.256836
vt 0.285156 0.058105
vt 0.993652 0.193359
vt 0.678223 0.470703
vt 0.689941 0.476074
vt 0.701660 0.389160
vt 0.060059 0.798340
vt 0.021484 0.711426
vt 0.066895 0.713379
vt 0.089844 0.761230
vt 0.009766 0.786621
vt 0.674316 0.403809
vt 0.664551 0.469238
vt 0.665039 0.302734
vt 0.652344 0.363770
vt 0.689453 0.359375
vt 0.697754 0.267090
vt 0.725586 0.282227
vt 0.714355 0.181641
vt 0.753418 0.189453
vt 0.709473 0.115234
vt 0.690430 0.021484
vt 0.734863 0.041992
vt 0.686523 0.104492
vt 0.666016 0.138672
vt 0.649414 0.048340
vt 0.632324 0.196777
vt 0.623047 0.107910
vt 0.657715 0.227051
vt 0.686523 0.189453
vt 0.744141 0.316406
vt 0.731445 0.403809
vt 0.604980 0.654297
vt 0.604492 0.729004
vt 0.586426 0.686523
vt 0.707031 0.622559
vt 0.682129 0.622559
vt 0.686035 0.572754
vt 0.498535 0.648926
vt 0.521484 0.589844
vt 0.523926 0.639160
vt 0.604980 0.685059
vt 0.605469 0.368164
vt 0.565918 0.594238
vt 0.643555 0.596680
vt 0.694824 0.593262
vt 0.512207 0.614258
vt 0.623535 0.687012
vt 0.605469 0.507812
vt 0.566406 0.473145
vt 0.645508 0.474609
vt 0.753906 0.102539
s 1
usemtl Brush.046
f 1/1/1 3/2/1 2/3/1
f 4/2/1 6/4/1 5/3/1
f 7/2/2 9/4/2 8/3/2
f 10/2/1 12/1/1 11/3/1
f 13/5/2 15/6/2 14/7/2
f 16/8/1 18/6/1 17/7/1
f 19/2/1 21/4/1 20/3/1
f 22/1/1 24/2/1 23/3/1
f 25/5/1 27/6/1 26/7/1
f 28/6/1 30/8/1 29/7/1
f 1834/1/2 1835/3/2 1836/2/2
f 1837/2/2 1838/3/2 1839/4/2
f 1840/2/1 1841/3/1 1842/4/1
f 1843/2/2 1844/3/2 1845/1/2
f 1846/5/1 1847/7/1 1848/6/1
f 1849/8/2 1850/7/2 1851/6/2
f 1852/2/2 1853/3/2 1854/4/2
f 1855/1/2 1856/3/2 1857/2/2
f 1858/5/2 1859/7/2 1860/6/2
f 1861/6/2 1862/7/2 1863/8/2
usemtl Brush.047
f 31/9/2 33/10/2 32/11/2
f 34/12/3 36/13/3 35/14/3
f 37/14/4 39/15/4 38/12/4
f 40/16/5 42/17/5 41/18/5
f 43/17/6 45/19/6 44/18/6
f 46/17/7 48/16/7 47/18/7
f 49/19/8 51/17/8 50/18/8
f 52/20/9 54/21/9 53/22/9
f 55/21/9 57/23/9 56/22/9
f 58/24/10 60/25/10 59/26/10
f 61/25/11 63/24/11 62/27/11
f 64/28/12 66/29/12 65/30/12
f 67/29/13 69/28/13 68/31/13
f 70/12/14 72/13/14 71/14/14
f 73/14/15 75/15/15 74/12/15
f 76/32/16 78/33/16 77/34/16
f 79/33/17 81/35/17 80/34/17
f 82/16/18 84/18/18 83/36/18
f 85/37/19 87/36/19 86/18/19
f 88/17/20 90/19/20 89/18/20
f 91/16/21 93/17/21 92/18/21
f 94/37/22 96/36/22 95/18/22
f 97/16/23 99/18/23 98/36/23
f 100/17/24 102/16/24 101/18/24
f 103/19/25 105/17/25 104/18/25
f 106/29/26 108/28/26 107/31/26
f 109/28/27 111/29/27 110/30/27
f 112/38/28 114/39/28 113/40/28
f 115/39/29 117/41/29 116/40/29
f 118/42/30 120/43/30 119/44/30
f 121/45/31 123/44/31 122/43/31
f 124/44/32 126/45/32 125/43/32
f 127/43/33 129/42/33 128/44/33
f 130/46/34 132/47/34 131/48/34
f 133/47/35 135/49/35 134/48/35
f 136/50/2 138/51/2 137/52/2
f 139/53/36 141/54/36 140/55/36
f 142/53/37 144/54/37 143/55/37
f 145/55/38 147/56/38 146/57/38
f 148/58/39 150/59/39 149/60/39
f 151/55/40 153/56/40 152/57/40
f 154/61/41 156/62/41 155/60/41
f 157/53/42 159/54/42 158/55/42
f 160/63/43 162/64/43 161/40/43
f 163/34/44 165/65/44 164/66/44
f 166/24/45 168/25/45 167/27/45
f 169/67/46 171/68/46 170/69/46
f 172/33/47 174/35/47 173/34/47
f 175/70/48 177/71/48 176/72/48
f 178/73/49 180/74/49 179/75/49
f 181/76/50 183/77/50 182/78/50
f 184/32/51 186/79/51 185/80/51
f 187/81/52 189/82/52 188/83/52
f 190/84/53 192/64/53 191/40/53
f 193/85/54 195/86/54 194/87/54
f 196/88/55 198/63/55 197/40/55
f 199/89/56 201/90/56 200/83/56
f 202/91/57 204/86/57 203/92/57
f 205/70/58 207/93/58 206/94/58
f 208/95/59 210/96/59 209/81/59
f 211/97/60 213/98/60 212/99/60
f 214/67/61 216/68/61 215/69/61
f 217/38/62 219/84/62 218/40/62
f 220/93/63 222/71/63 221/70/63
f 223/73/64 225/74/64 224/75/64
f 226/100/65 228/19/65 227/18/65
f 229/85/66 231/86/66 230/87/66
f 232/90/67 234/89/67 233/83/67
f 235/101/68 237/102/68 236/103/68
f 238/100/69 240/19/69 239/18/69
f 241/41/70 243/39/70 242/40/70
f 244/104/71 246/20/71 245/22/71
f 247/47/72 249/105/72 248/106/72
f 250/47/73 252/46/73 251/49/73
f 253/107/74 255/108/74 254/109/74
f 256/105/75 258/110/75 257/107/75
f 259/22/76 261/20/76 260/104/76
f 262/111/77 264/112/77 263/113/77
f 265/86/78 267/92/78 266/91/78
f 268/92/79 270/86/79 269/91/79
f 271/92/80 273/70/80 272/86/80
f 274/70/81 276/114/81 275/86/81
f 277/70/82 279/94/82 278/114/82
f 280/94/83 282/70/83 281/114/83
f 283/94/84 285/93/84 284/70/84
f 286/93/85 288/71/85 287/70/85
f 289/93/86 291/70/86 290/71/86
f 292/70/87 294/72/87 293/71/87
f 295/70/88 297/92/88 296/72/88
f 298/92/89 300/70/89 299/72/89
f 301/92/90 303/86/90 302/70/90
f 304/86/91 306/114/91 305/70/91
f 307/86/92 309/85/92 308/114/92
f 310/85/93 312/86/93 311/114/93
f 313/85/94 315/87/94 314/86/94
f 316/87/95 318/115/95 317/86/95
f 319/87/96 321/86/96 320/115/96
f 322/86/97 324/76/97 323/115/97
f 325/86/98 327/91/98 326/76/98
f 328/91/99 330/77/99 329/76/99
f 331/91/100 333/76/100 332/77/100
f 334/76/101 336/78/101 335/77/101
f 337/76/102 339/116/102 338/78/102
f 340/114/103 342/94/103 341/70/103
f 343/94/104 345/93/104 344/70/104
f 346/94/105 348/70/105 347/93/105
f 349/70/106 351/71/106 350/93/106
f 352/70/107 354/92/107 353/71/107
f 355/92/108 357/70/108 356/71/108
f 358/92/109 360/86/109 359/70/109
f 361/86/110 363/114/110 362/70/110
f 364/86/111 366/85/111 365/114/111
f 367/85/112 369/86/112 368/114/112
f 370/85/113 372/87/113 371/86/113
f 373/87/114 375/115/114 374/86/114
f 376/87/115 378/86/115 377/115/115
f 379/86/116 381/76/116 380/115/116
f 382/86/117 384/91/117 383/76/117
f 385/91/118 387/77/118 386/76/118
f 388/91/119 390/76/119 389/77/119
f 391/76/120 393/78/120 392/77/120
f 394/76/121 396/116/121 395/78/121
f 397/97/122 399/99/122 398/98/122
f 400/99/123 402/40/123 401/98/123
f 403/99/124 405/88/124 404/40/124
f 406/88/125 408/63/125 407/40/125
f 409/88/126 411/40/126 410/63/126
f 412/40/127 414/64/127 413/63/127
f 415/40/128 417/84/128 416/64/128
f 418/84/129 420/40/129 419/64/129
f 421/84/130 423/38/130 422/40/130
f 424/38/131 426/39/131 425/40/131
f 427/38/132 429/40/132 428/39/132
f 430/40/133 432/41/133 431/39/133
f 433/40/134 435/117/134 434/41/134
f 436/117/135 438/40/135 437/41/135
f 439/117/136 441/98/136 440/40/136
f 442/98/137 444/99/137 443/40/137
f 445/98/138 447/97/138 446/99/138
f 448/97/139 450/98/139 449/99/139
f 451/20/140 453/110/140 452/104/140
f 454/110/141 456/108/141 455/104/141
f 457/110/142 459/107/142 458/108/142
f 460/107/143 462/109/143 461/108/143
f 463/107/144 465/49/144 464/109/144
f 466/49/145 468/48/145 467/109/145
f 469/49/146 471/46/146 470/48/146
f 472/46/147 474/118/147 473/48/147
f 475/46/148 477/48/148 476/118/148
f 478/48/149 480/119/149 479/118/149
f 481/48/150 483/109/150 482/119/150
f 484/109/151 486/120/151 485/119/151
f 487/109/152 489/108/152 488/120/152
f 490/108/153 492/121/153 491/120/153
f 493/108/154 495/104/154 494/121/154
f 496/104/155 498/122/155 497/121/155
f 499/104/156 501/22/156 500/122/156
f 502/22/157 504/123/157 503/122/157
f 505/89/158 507/90/158 506/83/158
f 508/90/159 510/82/159 509/83/159
f 511/90/160 513/83/160 512/82/160
f 514/83/161 516/81/161 515/82/161
f 517/83/162 519/124/162 518/81/162
f 520/124/163 522/96/163 521/81/163
f 523/124/164 525/125/164 524/96/164
f 526/125/165 528/126/165 527/96/165
f 529/125/166 531/96/166 530/126/166
f 532/96/167 534/127/167 533/126/167
f 535/96/168 537/95/168 536/127/168
f 538/95/169 540/96/169 539/127/169
f 541/95/170 543/81/170 542/96/170
f 544/81/171 546/124/171 545/96/171
f 547/81/172 549/83/172 548/124/172
f 550/83/173 552/81/173 551/124/173
f 553/83/174 555/82/174 554/81/174
f 556/128/175 558/129/175 557/130/175
f 559/129/176 561/131/176 560/130/176
f 562/129/177 564/128/177 563/131/177
f 565/128/178 567/130/178 566/131/178
f 568/128/179 570/132/179 569/130/179
f 571/132/180 573/133/180 572/130/180
f 574/132/181 576/130/181 575/133/181
f 577/130/182 579/25/182 578/133/182
f 580/130/183 582/134/183 581/25/183
f 583/134/184 585/27/184 584/25/184
f 586/134/185 588/25/185 587/27/185
f 589/25/186 591/24/186 590/27/186
f 592/25/187 594/26/187 593/24/187
f 595/26/188 597/25/188 596/24/188
f 598/26/189 600/130/189 599/25/189
f 601/130/190 603/131/190 602/25/190
f 604/95/191 606/96/191 605/81/191
f 607/96/192 609/124/192 608/81/192
f 610/96/193 612/125/193 611/124/193
f 613/125/194 615/96/194 614/124/194
f 616/125/195 618/126/195 617/96/195
f 619/126/196 621/127/196 620/96/196
f 622/126/197 624/135/197 623/127/197
f 625/135/198 627/126/198 626/127/198
f 628/135/199 630/136/199 629/126/199
f 631/136/200 633/135/200 632/126/200
f 634/136/201 636/12/201 635/135/201
f 637/12/202 639/136/202 638/135/202
f 640/12/203 642/15/203 641/136/203
f 643/15/204 645/12/204 644/136/204
f 646/15/205 648/14/205 647/12/205
f 649/14/206 651/13/206 650/12/206
f 652/33/207 654/34/207 653/32/207
f 655/34/208 657/137/208 656/32/208
f 658/34/209 660/66/209 659/137/209
f 661/66/210 663/34/210 662/137/210
f 664/66/211 666/65/211 665/34/211
f 667/65/212 669/138/212 668/34/212
f 670/65/213 672/34/213 671/138/213
f 673/34/214 675/139/214 674/138/214
f 676/34/215 678/35/215 677/139/215
f 679/35/216 681/34/216 680/139/216
f 682/35/217 684/33/217 683/34/217
f 685/33/218 687/32/218 686/34/218
f 688/140/219 690/141/219 689/142/219
f 691/141/219 693/143/219 692/142/219
f 694/141/220 696/139/220 695/143/220
f 697/139/220 699/138/220 698/143/220
f 700/139/221 702/34/221 701/138/221
f 703/34/222 705/65/222 704/138/222
f 706/34/223 708/66/223 707/65/223
f 709/66/224 711/34/224 710/65/224
f 712/66/225 714/137/225 713/34/225
f 715/137/226 717/32/226 716/34/226
f 718/137/227 720/80/227 719/32/227
f 721/80/227 723/79/227 722/32/227
f 724/13/228 726/12/228 725/14/228
f 727/12/229 729/15/229 728/14/229
f 730/12/230 732/136/230 731/15/230
f 733/136/231 735/12/231 734/15/231
f 736/136/232 738/135/232 737/12/232
f 739/135/233 741/136/233 740/12/233
f 742/135/234 744/126/234 743/136/234
f 745/126/235 747/135/235 746/136/235
f 748/126/236 750/127/236 749/135/236
f 751/127/237 753/126/237 752/135/237
f 754/127/238 756/96/238 755/126/238
f 757/39/239 759/38/239 758/40/239
f 760/38/240 762/84/240 761/40/240
f 763/38/241 765/40/241 764/84/241
f 766/40/242 768/64/242 767/84/242
f 769/40/243 771/63/243 770/64/243
f 772/63/244 774/40/244 773/64/244
f 775/63/245 777/88/245 776/40/245
f 778/88/246 780/99/246 779/40/246
f 781/88/247 783/40/247 782/99/247
f 784/118/248 786/119/248 785/48/248
f 787/119/249 789/109/249 788/48/249
f 790/119/250 792/120/250 791/109/250
f 793/120/251 795/108/251 794/109/251
f 796/120/252 798/121/252 797/108/252
f 799/121/253 801/104/253 800/108/253
f 802/121/254 804/122/254 803/104/254
f 805/122/255 807/22/255 806/104/255
f 808/122/256 810/123/256 809/22/256
f 811/80/257 813/32/257 812/79/257
f 814/32/258 816/80/258 815/79/258
f 817/32/258 819/137/258 818/80/258
f 820/137/51 822/32/51 821/80/51
f 823/137/259 825/34/259 824/32/259
f 826/34/260 828/33/260 827/32/260
f 829/34/261 831/35/261 830/33/261
f 832/24/262 834/26/262 833/25/262
f 835/26/263 837/133/263 836/25/263
f 838/26/264 840/25/264 839/133/264
f 841/25/265 843/130/265 842/133/265
f 844/25/266 846/134/266 845/130/266
f 847/134/267 849/131/267 848/130/267
f 850/134/268 852/25/268 851/131/268
f 853/92/269 855/86/269 854/91/269
f 856/86/270 858/76/270 857/91/270
f 859/86/271 861/115/271 860/76/271
f 862/115/272 864/116/272 863/76/272
f 865/115/273 867/76/273 866/116/273
f 868/76/274 870/78/274 869/116/274
f 871/76/275 873/77/275 872/78/275
f 874/125/276 876/124/276 875/96/276
f 877/124/277 879/81/277 878/96/277
f 880/124/278 882/83/278 881/81/278
f 883/83/279 885/82/279 884/81/279
f 886/83/280 888/90/280 887/82/280
f 889/90/281 891/83/281 890/82/281
f 892/90/282 894/89/282 893/83/282
f 895/48/283 897/49/283 896/109/283
f 898/49/284 900/107/284 899/109/284
f 901/49/285 903/47/285 902/107/285
f 904/47/286 906/105/286 905/107/286
f 907/47/287 909/106/287 908/105/287
f 910/106/288 912/144/288 911/105/288
f 913/106/289 915/105/289 914/144/289
f 916/130/290 918/131/290 917/134/290
f 919/131/291 921/25/291 920/134/291
f 922/131/292 924/130/292 923/25/292
f 925/130/293 927/26/293 926/25/293
f 928/130/294 930/133/294 929/26/294
f 931/133/295 933/130/295 932/26/295
f 934/140/296 936/142/296 935/141/296
f 937/142/296 939/143/296 938/141/296
f 940/142/297 942/141/297 941/143/297
f 943/141/298 945/139/298 944/143/298
f 946/141/299 948/143/299 947/139/299
f 949/143/299 951/138/299 950/139/299
f 952/29/300 954/31/300 953/145/300
f 955/31/301 957/29/301 956/145/301
f 958/31/302 960/28/302 959/29/302
f 961/28/303 963/30/303 962/29/303
f 964/28/304 966/146/304 965/30/304
f 967/146/305 969/28/305 968/30/305
f 970/28/306 972/30/306 971/146/306
f 973/30/307 975/28/307 974/146/307
f 976/30/308 978/29/308 977/28/308
f 979/29/309 981/31/309 980/28/309
f 982/29/310 984/145/310 983/31/310
f 985/145/311 987/29/311 986/31/311
f 988/50/2 990/147/2 989/148/2
f 991/50/2 993/148/2 992/149/2
f 994/150/2 996/149/2 995/151/2
f 997/149/2 999/148/2 998/151/2
f 1000/50/2 1002/52/2 1001/147/2
f 1003/125/312 1005/96/312 1004/126/312
f 1006/96/313 1008/127/313 1007/126/313
f 1009/96/314 1011/95/314 1010/127/314
f 1012/95/315 1014/96/315 1013/127/315
f 1015/95/316 1017/81/316 1016/96/316
f 1018/19/317 1020/100/317 1019/18/317
f 1021/100/318 1023/37/318 1022/18/318
f 1024/100/319 1026/18/319 1025/37/319
f 1027/18/320 1029/36/320 1028/37/320
f 1030/18/321 1032/16/321 1031/36/321
f 1033/39/322 1035/41/322 1034/40/322
f 1036/41/323 1038/117/323 1037/40/323
f 1039/41/324 1041/40/324 1040/117/324
f 1042/40/325 1044/98/325 1043/117/325
f 1045/40/326 1047/99/326 1046/98/326
f 1048/132/327 1050/128/327 1049/130/327
f 1051/128/328 1053/131/328 1052/130/328
f 1054/128/329 1056/129/329 1055/131/329
f 1057/129/330 1059/130/330 1058/131/330
f 1060/129/331 1062/128/331 1061/130/331
f 1063/152/332 1065/153/332 1064/154/332
f 1066/153/332 1068/155/332 1067/154/332
f 1069/153/332 1071/156/332 1070/155/332
f 1072/156/332 1074/157/332 1073/155/332
f 1075/156/332 1077/158/332 1076/157/332
f 1078/141/333 1080/143/333 1079/139/333
f 1081/143/333 1083/138/333 1082/139/333
f 1084/143/298 1086/139/298 1085/138/298
f 1087/139/334 1089/34/334 1088/138/334
f 1090/139/335 1092/35/335 1091/34/335
f 1093/19/336 1095/100/336 1094/18/336
f 1096/100/337 1098/37/337 1097/18/337
f 1099/100/338 1101/18/338 1100/37/338
f 1102/18/339 1104/36/339 1103/37/339
f 1105/18/340 1107/16/340 1106/36/340
f 1108/78/341 1110/116/341 1109/76/341
f 1111/116/342 1113/115/342 1112/76/342
f 1114/116/343 1116/76/343 1115/115/343
f 1117/76/344 1119/86/344 1118/115/344
f 1120/76/345 1122/91/345 1121/86/345
f 1123/98/346 1125/117/346 1124/159/346
f 1126/117/347 1128/98/347 1127/159/347
f 1129/117/348 1131/40/348 1130/98/348
f 1132/40/349 1134/99/349 1133/98/349
f 1135/40/350 1137/88/350 1136/99/350
f 1138/10/2 1140/9/2 1139/160/2
f 1141/161/2 1143/162/2 1142/163/2
f 1144/162/2 1146/160/2 1145/163/2
f 1147/162/2 1149/164/2 1148/160/2
f 1150/164/2 1152/10/2 1151/160/2
f 1153/62/351 1155/60/351 1154/61/351
f 1156/60/352 1158/62/352 1157/61/352
f 1159/60/353 1161/59/353 1160/62/353
f 1162/59/354 1164/165/354 1163/62/354
f 1165/59/355 1167/60/355 1166/58/355
f 1168/60/356 1170/59/356 1169/58/356
f 1171/60/357 1173/62/357 1172/59/357
f 1174/62/358 1176/165/358 1175/59/358
f 1177/165/359 1179/62/359 1178/59/359
f 1180/62/360 1182/60/360 1181/59/360
f 1183/62/361 1185/61/361 1184/60/361
f 1186/61/362 1188/62/362 1187/60/362
f 1189/59/363 1191/60/363 1190/58/363
f 1192/60/364 1194/59/364 1193/58/364
f 1195/60/365 1197/62/365 1196/59/365
f 1198/62/366 1200/165/366 1199/59/366
f 1201/165/367 1203/62/367 1202/59/367
f 1204/62/368 1206/60/368 1205/59/368
f 1207/62/369 1209/61/369 1208/60/369
f 1210/61/370 1212/62/370 1211/60/370
f 1213/53/371 1215/54/371 1214/55/371
f 1216/54/372 1218/57/372 1217/55/372
f 1219/54/373 1221/166/373 1220/57/373
f 1222/166/374 1224/54/374 1223/57/374
f 1225/55/375 1227/57/375 1226/56/375
f 1228/57/376 1230/55/376 1229/56/376
f 1231/57/377 1233/54/377 1232/55/377
f 1234/54/378 1236/53/378 1235/55/378
f 1237/55/379 1239/57/379 1238/56/379
f 1240/57/380 1242/55/380 1241/56/380
f 1243/57/381 1245/54/381 1244/55/381
f 1246/54/382 1248/53/382 1247/55/382
f 1249/53/383 1251/54/383 1250/55/383
f 1252/54/384 1254/57/384 1253/55/384
f 1255/54/385 1257/166/385 1256/57/385
f 1258/166/386 1260/54/386 1259/57/386
f 1261/167/387 1263/168/387 1262/169/387
f 1264/168/388 1266/170/388 1265/169/388
f 1267/168/388 1269/171/388 1268/170/388
f 1270/171/389 1272/168/389 1271/170/389
f 1273/172/390 1275/173/390 1274/174/390
f 1276/173/391 1278/103/391 1277/174/391
f 1279/173/391 1281/175/391 1280/103/391
f 1282/175/68 1284/101/68 1283/103/68
f 1285/170/389 1287/168/389 1286/169/389
f 1288/168/392 1290/167/392 1289/169/392
f 1291/168/392 1293/176/392 1292/167/392
f 1294/176/387 1296/168/387 1295/167/387
f 1297/20/393 1299/22/393 1298/21/393
f 1300/22/393 1302/23/393 1301/21/393
f 1303/22/394 1305/177/394 1304/23/394
f 1306/177/395 1308/22/395 1307/23/395
f 1309/165/396 1311/59/396 1310/62/396
f 1312/59/397 1314/60/397 1313/62/397
f 1315/59/398 1317/58/398 1316/60/398
f 1318/166/399 1320/57/399 1319/54/399
f 1321/57/400 1323/55/400 1322/54/400
f 1324/57/401 1326/56/401 1325/55/401
f 1327/61/402 1329/60/402 1328/62/402
f 1330/60/403 1332/59/403 1331/62/403
f 1333/60/404 1335/58/404 1334/59/404
f 1336/166/405 1338/54/405 1337/57/405
f 1339/54/406 1341/55/406 1340/57/406
f 1342/54/407 1344/53/407 1343/55/407
f 1345/166/408 1347/54/408 1346/57/408
f 1348/54/409 1350/55/409 1349/57/409
f 1351/54/410 1353/53/410 1352/55/410
f 1354/165/411 1356/59/411 1355/62/411
f 1357/59/412 1359/60/412 1358/62/412
f 1360/59/413 1362/58/413 1361/60/413
f 1363/166/414 1365/57/414 1364/54/414
f 1366/57/415 1368/55/415 1367/54/415
f 1369/57/416 1371/56/416 1370/55/416
f 1372/67/417 1374/69/417 1373/178/417
f 1375/69/418 1377/67/418 1376/178/418
f 1378/69/419 1380/68/419 1379/67/419
f 1381/74/420 1383/73/420 1382/75/420
f 1384/73/421 1386/179/421 1385/75/421
f 1387/73/422 1389/75/422 1388/179/422
f 1390/92/423 1392/70/423 1391/86/423
f 1393/70/424 1395/114/424 1394/86/424
f 1396/70/425 1398/94/425 1397/114/425
f 1399/173/390 1401/172/390 1400/180/390
f 1402/172/426 1404/181/426 1403/180/426
f 1405/172/426 1407/182/426 1406/181/426
f 1408/25/427 1410/27/427 1409/134/427
f 1411/27/428 1413/25/428 1412/134/428
f 1414/27/429 1416/24/429 1415/25/429
f 1417/67/430 1419/69/430 1418/178/430
f 1420/69/431 1422/67/431 1421/178/431
f 1423/69/432 1425/68/432 1424/67/432
f 1426/65/433 1428/34/433 1427/138/433
f 1429/34/434 1431/139/434 1430/138/434
f 1432/34/435 1434/35/435 1433/139/435
f 1435/80/257 1437/137/257 1436/32/257
f 1438/137/436 1440/34/436 1439/32/436
f 1441/137/437 1443/66/437 1442/34/437
f 1444/74/438 1446/73/438 1445/75/438
f 1447/73/439 1449/179/439 1448/75/439
f 1450/73/440 1452/75/440 1451/179/440
f 1453/143/441 1455/141/441 1454/142/441
f 1456/141/441 1458/140/441 1457/142/441
f 1459/141/297 1461/142/297 1460/140/297
f 1462/40/442 1464/117/442 1463/98/442
f 1465/117/443 1467/159/443 1466/98/443
f 1468/117/444 1470/98/444 1469/159/444
f 1471/183/445 1473/184/445 1472/185/445
f 1474/184/446 1476/186/446 1475/185/446
f 1477/184/447 1479/187/447 1478/186/447
f 1480/187/448 1482/184/448 1481/186/448
f 1483/184/449 1485/185/449 1484/186/449
f 1486/184/450 1488/183/450 1487/185/450
f 1489/107/451 1491/110/451 1490/108/451
f 1492/110/452 1494/104/452 1493/108/452
f 1495/110/453 1497/20/453 1496/104/453
f 1498/49/454 1500/107/454 1499/47/454
f 1501/107/455 1503/105/455 1502/47/455
f 1504/107/456 1506/110/456 1505/105/456
f 1507/122/457 1509/188/457 1508/123/457
f 1510/188/458 1512/122/458 1511/123/458
f 1513/188/459 1515/121/459 1514/122/459
f 1516/113/460 1518/112/460 1517/189/460
f 1519/112/461 1521/113/461 1520/189/461
f 1522/112/462 1524/111/462 1523/113/462
f 1525/121/463 1527/188/463 1526/120/463
f 1528/188/464 1530/121/464 1529/120/464
f 1531/188/465 1533/122/465 1532/121/465
f 1534/52/2 1536/51/2 1535/190/2
f 1537/51/2 1539/191/2 1538/190/2
f 1540/192/2 1542/161/2 1541/193/2
f 1543/163/2 1545/193/2 1544/161/2
f 1546/194/2 1548/195/2 1547/196/2
f 1549/194/2 1551/196/2 1550/195/2
f 1552/197/2 1554/195/2 1553/196/2
f 1555/197/2 1557/196/2 1556/195/2
f 1558/47/466 1560/106/466 1559/46/466
f 1561/46/467 1563/106/467 1562/47/467
f 1564/198/468 1566/83/468 1565/89/468
f 1567/199/469 1569/200/469 1568/201/469
f 1570/202/2 1572/203/2 1571/204/2
f 1573/202/2 1575/204/2 1574/205/2
f 1576/202/2 1578/203/2 1577/206/2
f 1579/202/2 1581/204/2 1580/203/2
f 1582/202/2 1584/205/2 1583/204/2
f 1585/202/2 1587/206/2 1586/203/2
f 1588/83/470 1590/198/470 1589/89/470
f 1591/198/471 1593/83/471 1592/89/471
f 1594/198/472 1596/89/472 1595/83/472
f 1597/207/473 1599/208/473 1598/199/473
f 1600/199/474 1602/201/474 1601/200/474
f 1603/207/475 1605/209/475 1604/210/475
f 1606/211/476 1608/212/476 1607/209/476
f 1609/213/477 1611/214/477 1610/212/477
f 1612/213/478 1614/215/478 1613/214/478
f 1615/215/479 1617/216/479 1616/214/479
f 1618/216/480 1620/217/480 1619/218/480
f 1621/219/481 1623/220/481 1622/221/481
f 1624/220/482 1626/222/482 1625/223/482
f 1627/224/483 1629/212/483 1628/225/483
f 1630/209/484 1632/211/484 1631/207/484
f 1633/212/485 1635/213/485 1634/211/485
f 1636/212/486 1638/214/486 1637/213/486
f 1639/214/487 1641/215/487 1640/213/487
f 1642/217/488 1644/219/488 1643/216/488
f 1645/221/489 1647/223/489 1646/220/489
f 1648/213/490 1650/226/490 1649/211/490
f 1651/226/491 1653/201/491 1652/211/491
f 1654/227/492 1656/200/492 1655/201/492
f 1657/224/493 1659/222/493 1658/220/493
f 1660/201/494 1662/227/494 1661/226/494
f 1663/201/495 1665/200/495 1664/227/495
f 1666/228/496 1668/229/496 1667/230/496
f 1669/231/497 1671/232/497 1670/233/497
f 1672/228/498 1674/230/498 1673/229/498
f 1675/234/499 1677/235/499 1676/236/499
f 1678/235/500 1680/234/500 1679/236/500
f 1681/237/501 1683/238/501 1682/239/501
f 1684/237/502 1686/238/502 1685/240/502
f 1687/240/503 1689/238/503 1688/241/503
f 1690/238/504 1692/240/504 1691/241/504
f 1693/238/505 1695/237/505 1694/240/505
f 1696/239/506 1698/238/506 1697/242/506
f 1699/238/507 1701/239/507 1700/242/507
f 1702/238/508 1704/237/508 1703/239/508
f 1705/228/509 1707/243/509 1706/229/509
f 1708/228/510 1710/229/510 1709/243/510
f 1711/231/511 1713/232/511 1712/233/511
f 1714/237/512 1716/244/512 1715/240/512
f 1717/244/513 1719/237/513 1718/239/513
f 1720/239/514 1722/245/514 1721/244/514
f 1723/240/515 1725/244/515 1724/246/515
f 1726/240/516 1728/244/516 1727/237/516
f 1729/244/517 1731/239/517 1730/237/517
f 1732/244/518 1734/245/518 1733/239/518
f 1735/245/519 1737/242/519 1736/239/519
f 1738/245/520 1740/239/520 1739/242/520
f 1741/240/521 1743/246/521 1742/241/521
f 1744/246/522 1746/240/522 1745/241/522
f 1747/246/523 1749/244/523 1748/240/523
f 1750/207/524 1752/199/524 1751/208/524
f 1753/209/525 1755/224/525 1754/212/525
f 1756/212/526 1758/224/526 1757/209/526
f 1759/218/527 1761/247/527 1760/216/527
f 1762/216/495 1764/247/495 1763/215/495
f 1765/216/528 1767/215/528 1766/214/528
f 1768/212/529 1770/211/529 1769/209/529
f 1771/209/530 1773/207/530 1772/210/530
f 1774/210/531 1776/207/531 1775/208/531
f 1777/210/532 1779/208/532 1778/207/532
f 1780/247/533 1782/218/533 1781/216/533
f 1783/216/534 1785/218/534 1784/217/534
f 1786/219/535 1788/217/535 1787/221/535
f 1789/219/536 1791/221/536 1790/220/536
f 1792/220/537 1794/223/537 1793/222/537
f 1795/224/538 1797/220/538 1796/225/538
f 1798/224/539 1800/225/539 1799/212/539
f 1801/247/540 1803/216/540 1802/215/540
f 1804/213/541 1806/212/541 1805/211/541
f 1807/211/542 1809/209/542 1808/207/542
f 1810/217/543 1812/216/543 1811/219/543
f 1813/217/544 1815/219/544 1814/221/544
f 1816/221/545 1818/220/545 1817/223/545
f 1819/213/546 1821/211/546 1820/226/546
f 1822/226/547 1824/211/547 1823/201/547
f 1825/227/548 1827/201/548 1826/226/548
f 1828/224/490 1830/225/490 1829/220/490
f 1831/224/543 1833/220/543 1832/222/543
f 1864/9/1 1865/11/1 1866/10/1
f 1867/50/1 1868/52/1 1869/51/1
f 1870/50/1 1871/148/1 1872/147/1
f 1873/50/1 1874/149/1 1875/148/1
f 1876/150/1 1877/151/1 1878/149/1
f 1879/149/1 1880/151/1 1881/148/1
f 1882/50/1 1883/147/1 1884/52/1
f 1885/10/1 1886/160/1 1887/9/1
f 1888/161/1 1889/163/1 1890/162/1
f 1891/162/1 1892/163/1 1893/160/1
f 1894/162/1 1895/160/1 1896/164/1
f 1897/164/1 1898/160/1 1899/10/1
f 1900/52/1 1901/190/1 1902/51/1
f 1903/51/1 1904/190/1 1905/191/1
f 1906/192/1 1907/193/1 1908/161/1
f 1909/163/1 1910/161/1 1911/193/1
f 1912/194/1 1913/196/1 1914/195/1
f 1915/194/1 1916/195/1 1917/196/1
f 1918/197/1 1919/196/1 1920/195/1
f 1921/197/1 1922/195/1 1923/196/1
f 1924/199/549 1925/201/549 1926/200/549
f 1927/207/550 1928/199/550 1929/208/550
f 1930/199/551 1931/200/551 1932/201/551
f 1933/207/552 1934/210/552 1935/209/552
f 1936/211/553 1937/209/553 1938/212/553
f 1939/213/554 1940/212/554 1941/214/554
f 1942/213/555 1943/214/555 1944/215/555
f 1945/215/556 1946/214/556 1947/216/556
f 1948/216/557 1949/218/557 1950/217/557
f 1951/219/558 1952/221/558 1953/220/558
f 1954/220/559 1955/223/559 1956/222/559
f 1957/224/560 1958/225/560 1959/212/560
f 1960/209/561 1961/207/561 1962/211/561
f 1963/212/562 1964/211/562 1965/213/562
f 1966/212/563 1967/213/563 1968/214/563
f 1969/214/564 1970/213/564 1971/215/564
f 1972/217/565 1973/216/565 1974/219/565
f 1975/221/566 1976/220/566 1977/223/566
f 1978/213/567 1979/211/567 1980/226/567
f 1981/226/568 1982/211/568 1983/201/568
f 1984/227/569 1985/201/569 1986/200/569
f 1987/224/570 1988/220/570 1989/222/570
f 1990/201/571 1991/226/571 1992/227/571
f 1993/201/572 1994/227/572 1995/200/572
f 1996/228/573 1997/230/573 1998/229/573
f 1999/231/574 2000/233/574 2001/232/574
f 2002/228/575 2003/229/575 2004/230/575
f 2005/234/576 2006/236/576 2007/235/576
f 2008/235/577 2009/236/577 2010/234/577
f 2011/228/578 2012/229/578 2013/243/578
f 2014/228/579 2015/243/579 2016/229/579
f 2017/231/580 2018/233/580 2019/232/580
f 2020/207/581 2021/208/581 2022/199/581
f 2023/209/582 2024/212/582 2025/224/582
f 2026/212/583 2027/209/583 2028/224/583
f 2029/218/584 2030/216/584 2031/247/584
f 2032/216/572 2033/215/572 2034/247/572
f 2035/216/585 2036/214/585 2037/215/585
f 2038/212/586 2039/209/586 2040/211/586
f 2041/209/587 2042/210/587 2043/207/587
f 2044/210/588 2045/208/588 2046/207/588
f 2047/210/589 2048/207/589 2049/208/589
f 2050/247/590 2051/216/590 2052/218/590
f 2053/216/591 2054/217/591 2055/218/591
f 2056/219/592 2057/221/592 2058/217/592
f 2059/219/593 2060/220/593 2061/221/593
f 2062/220/594 2063/222/594 2064/223/594
f 2065/224/595 2066/225/595 2067/220/595
f 2068/224/596 2069/212/596 2070/225/596
f 2071/247/597 2072/215/597 2073/216/597
f 2074/213/598 2075/211/598 2076/212/598
f 2077/211/599 2078/207/599 2079/209/599
f 2080/217/600 2081/219/600 2082/216/600
f 2083/217/601 2084/221/601 2085/219/601
f 2086/221/602 2087/223/602 2088/220/602
f 2089/213/603 2090/226/603 2091/211/603
f 2092/226/604 2093/201/604 2094/211/604
f 2095/227/605 2096/226/605 2097/201/605
f 2098/224/567 2099/220/567 2100/225/567
f 2101/224/600 2102/222/600 2103/220/600
