mtllib ultimaweaponkh3.mtl
v -0.466284 80.011032 -6.819931
v -0.466265 78.255692 -5.761910
v -0.712487 78.255692 -5.761910
v -0.712508 80.011032 -6.819932
v -0.466265 79.957611 -6.022885
v -0.709090 79.957001 -6.020471
v -0.466265 79.440994 -5.994707
v -0.466265 79.281311 -5.572023
v -0.712487 79.281311 -5.572023
v -0.709029 79.440994 -5.994707
v -0.220030 78.255692 -5.761910
v -0.220018 80.011032 -6.819932
v -0.223440 79.957001 -6.020471
v -0.220030 79.281311 -5.572023
v -0.223495 79.440994 -5.994707
v -1.176805 30.846340 -5.118318
v -1.176805 32.055386 -3.094254
v -1.499075 32.055386 -3.094254
v -1.499075 30.846340 -5.118318
v -1.499075 34.190800 -1.686921
v -1.176805 33.579517 -1.374482
v -1.176805 34.190800 -1.686922
v -1.499075 33.579517 -1.374482
v -1.176805 32.517235 -1.926005
v -1.499075 32.517235 -1.926005
v -1.176805 33.633816 -0.803942
v -1.499075 33.633816 -0.803942
v -1.176805 32.411282 -1.238642
v -1.499075 32.411282 -1.238640
v -1.176805 32.764458 -0.450751
v -1.499075 32.764458 -0.450751
v -1.176805 31.881485 -0.858278
v -1.499075 31.881485 -0.858277
v -1.176805 32.655792 0.038283
v -1.499075 32.655792 0.038283
v -1.499075 31.012093 0.527320
v -1.176805 27.942017 1.070693
v -1.176805 31.012093 0.527320
v -1.499075 27.942017 1.070693
v -1.176805 33.565964 3.352863
v -1.499075 33.565964 3.352865
v -1.176805 25.641392 1.762947
v -1.176784 36.804432 5.683923
v -1.499056 36.804432 5.683923
v -1.499075 25.641392 1.762948
v -1.176805 37.358685 4.526546
v -1.176805 35.054741 3.548470
v -1.499075 35.054741 3.548471
v -1.499075 37.358685 4.526546
v -1.176805 38.054184 2.809494
v -1.499075 38.054184 2.809494
v -1.176805 35.698666 2.673642
v -1.499075 35.698666 2.673642
v -1.499075 37.192940 2.048759
v -1.499075 38.988773 1.944438
v -1.176805 38.988773 1.944438
v -1.176805 41.562183 1.075039
v -1.499075 41.562183 1.075039
v -1.176805 40.317303 0.581661
v -1.176805 37.192940 2.048759
v -1.499075 40.317303 0.581661
v -1.176805 46.576996 4.716722
v -1.499075 46.576996 4.716722
v -1.176800 46.226490 5.917577
v -1.499075 46.226490 5.917577
v -1.176800 46.900257 6.004514
v -1.499075 46.900257 6.004514
v -1.176805 46.930187 4.675968
v -1.499075 47.015556 4.623540
v -1.176800 47.639278 5.830643
v -1.498325 47.709328 5.764941
v -0.712484 47.589844 4.461361
v -0.712484 49.946339 4.894190
v -0.712484 42.305866 5.142298
v -0.712484 40.011932 4.358401
v -1.499075 39.042027 4.665518
v -1.499075 40.846020 5.491434
v -1.176805 39.010532 4.743896
v -1.176805 38.445423 4.852564
v -1.499075 38.445423 4.852564
v -1.176800 39.532150 5.939306
v -1.176800 40.814503 5.569817
v -1.499075 39.532150 5.939306
v -1.176800 38.314995 6.069725
v -1.499075 38.314995 6.069725
v -1.176800 37.467335 5.939306
v -1.499075 37.467323 5.939306
v -1.176805 33.036152 0.391481
v -1.499075 33.036152 0.391481
v -1.176805 34.476089 0.635997
v -1.499075 34.476089 0.635997
v -1.176805 34.856434 -1.686922
v -1.499075 34.856434 -1.686921
v -1.176805 52.689930 4.675968
v -1.499075 52.689930 4.675968
v -1.176800 52.746990 6.113186
v -1.499075 52.746990 6.113186
v -1.176805 53.260456 4.771063
v -1.499075 53.260456 4.771063
v -1.176800 53.434338 6.091450
v -1.499075 53.434338 6.091450
v -1.176805 53.722321 4.608053
v -1.499026 53.742512 4.582054
v -1.176800 54.042934 5.917577
v -1.499102 54.062641 5.892206
v -0.712484 57.695553 4.195147
v -0.712484 56.276867 3.233307
v 0.780789 -22.919388 -0.759537
v 0.780789 -22.500885 -1.025189
v -0.132220 -19.865547 -1.025189
v -0.419896 -19.865547 -0.759537
v -0.664408 -19.865547 -1.025189
v 0.780789 -23.291401 -1.025189
v 0.780789 -18.778069 -1.025189
v 0.780789 -18.421989 -0.759537
v 0.780789 -18.031975 -1.025189
v 1.693786 -19.865547 -1.025189
v 1.981455 -19.865547 -0.759537
v 2.225980 -19.865547 -1.025191
v 0.780789 -22.919388 -1.290840
v -0.419896 -19.865547 -1.290840
v 0.780789 -18.421989 -1.290840
v 1.981455 -19.865547 -1.290840
v -1.180001 23.471317 0.809313
v -1.499078 23.471317 0.809313
v -1.499078 21.306053 2.453322
v -1.180001 21.306053 2.453322
v -1.353959 95.205780 6.755704
v -1.207311 95.595535 6.755704
v -1.207311 96.342606 4.914072
v -1.353959 96.342606 4.343931
v -1.207311 97.288925 6.755704
v -1.353959 97.782455 6.755704
v -1.207311 96.342606 8.649811
v -1.353959 96.342606 9.126348
v -1.977933 96.342606 6.755704
v -0.466259 94.639328 7.672569
v -0.466259 96.342606 13.750488
v -0.466259 97.994171 7.672569
v -0.466259 99.998352 8.021114
v -0.466259 92.831192 7.955759
v -0.466249 95.600052 4.211020
v -0.466259 97.122787 4.219690
v -1.353968 88.021133 -11.038918
v -0.466265 86.636108 -11.539064
v -0.466265 85.699417 -10.689459
v -1.353968 87.300888 -13.325300
v -0.466265 85.181946 -16.267887
v -1.353968 89.123901 -11.842233
v -0.466265 89.163223 -13.368979
v -0.466265 90.199570 -14.293013
v -0.466265 89.841461 -12.127487
v -1.353968 89.946106 -9.490916
v -0.466265 90.404892 -10.558750
v -0.466265 87.394852 -10.412609
v -0.466265 88.640274 -9.447733
v -0.466265 89.299881 -4.152221
v -1.353968 89.765930 -4.465298
v -1.353968 87.055984 -5.858593
v -0.466265 87.014145 -4.902683
v -0.466265 88.996552 -5.490872
v -0.466265 87.962799 -6.487625
v -0.466265 89.780777 -5.490872
v -0.466265 92.056152 -5.066091
v -0.466265 93.188995 -2.408351
v -1.353968 93.864304 -3.170817
v -0.466265 94.496048 -3.889713
v -0.466265 94.735641 -2.756908
v -0.466265 94.343491 -2.255860
v -1.353968 95.197235 -1.878711
v -0.466265 94.931732 -1.711239
v -0.466265 95.505447 -2.135554
v -0.466265 99.426163 -2.273195
v -1.353959 99.187973 -1.025187
v -0.466265 106.977310 -1.025189
v -0.466265 99.044998 -1.660498
v -0.466265 97.754395 -1.639509
v -1.353959 96.342606 -1.025187
v -1.353955 93.026718 -10.983480
v -0.466265 93.755280 -10.959576
v -0.466265 93.665161 -11.825707
v -1.353955 92.972458 -12.015888
v -0.466265 93.951401 -12.593435
v -1.353968 93.188965 -12.963775
v -0.466265 94.735641 -12.898416
v -1.353968 93.794495 -13.591070
v -0.466265 95.541687 -12.854843
v -1.353968 95.541687 -13.856938
v -1.353968 96.414383 -17.330576
v -0.466265 98.244370 -16.785948
v -0.466265 98.704895 -17.011372
v -0.466265 94.086472 -17.094152
v -0.466265 94.649811 -16.807741
v -0.466265 96.404343 -23.529331
v -1.353968 96.521988 -13.072694
v -1.353968 97.349747 -13.813375
v -0.466265 98.216888 -15.930858
v -0.466265 94.565735 -16.004929
v -0.466265 94.086472 -15.699940
v -0.466265 95.933823 -12.332011
v -0.466265 95.781326 -11.787396
v -0.466265 96.521988 -12.027027
v -0.466265 96.305435 -11.383325
v -0.466265 95.868454 -10.872435
v -0.466265 95.410965 -11.504194
v -0.466265 95.280273 -10.981362
v -0.466265 94.888153 -11.569551
v -0.466265 97.698303 -10.828863
v -0.466265 98.286575 -11.286346
v -0.466265 97.676605 -11.373487
v -0.466265 96.979477 -10.981362
v -0.466265 97.153717 -11.787396
v -0.466265 96.719467 -11.448676
v -0.466265 96.979477 -12.288441
v -0.466265 97.480576 -12.854843
v -0.466265 98.330048 -13.072694
v -1.353968 99.022781 -13.699994
v -0.466265 99.027313 -12.571641
v -1.353968 99.680771 -12.920197
v -0.466265 99.136215 -11.896319
v -1.353968 99.963913 -11.765611
v -0.466265 98.918350 -10.719942
v -1.353968 99.702591 -10.284252
v -0.466265 104.525787 -20.915194
v -0.466265 99.750488 -17.115934
v -1.353968 100.621933 -15.678148
v -0.466265 101.911545 -14.641194
v -0.466265 101.144745 -14.571482
v -0.466265 99.471725 -15.861127
v -0.466265 98.913956 -15.617149
v -1.353968 99.706848 -14.414639
v -0.466265 100.691589 -14.013800
v -0.466265 100.831024 -12.515008
v -0.466265 100.517319 -13.212115
v -0.466265 104.302933 -7.595945
v -1.353968 104.858978 -7.896522
v -1.353968 103.846008 -8.924885
v -0.466265 103.326004 -8.497667
v -0.466265 105.219711 -6.528904
v -1.353968 105.577850 -6.816407
v -0.466265 106.003326 -7.002240
v -0.466265 105.309830 -8.167037
v -0.466265 104.042084 -9.338799
v -1.353968 100.840179 -6.673547
v -0.466265 101.392517 -6.735165
v -1.353968 103.001099 -9.691935
v -1.353968 102.027954 -5.882662
v -0.466265 102.137939 -6.182107
v -1.353968 102.751221 -5.065475
v -0.466265 102.763107 -5.556911
v -1.353968 103.047607 -4.306518
v -0.466265 103.136414 -4.821258
v -0.466265 102.422379 -5.046689
v -0.466265 102.685471 -4.379789
v -0.466265 101.702774 -5.801646
v -0.466265 100.992386 -6.283035
v -0.466265 99.220490 -7.027052
v -0.466265 100.188095 -6.558953
v -1.353968 99.376724 -7.412505
v -0.466265 100.695267 -7.071807
v -0.466265 99.529510 -7.735136
v -1.353968 89.073776 -8.927511
v -0.466265 89.552979 -8.404678
v -0.466265 91.121582 -6.836179
v -1.353968 92.014694 -6.683687
v -1.353968 88.071732 -8.077908
v -0.466265 88.599716 -7.594008
v -1.353968 87.309219 -6.749042
v -0.466265 87.507538 -8.510988
v -0.466265 86.832214 -7.138550
v -0.466265 86.173645 -7.804869
v -1.353968 84.967285 -8.033083
v -0.466265 92.101822 -7.467933
v -0.466265 90.947235 -9.450342
v -1.353968 93.648560 -7.616516
v -0.466265 93.212921 -8.012556
v -1.353968 90.860123 -10.234591
v -1.353968 92.204742 -10.798414
v -0.466265 91.189148 -11.125151
v -0.466265 91.700470 -10.013923
v -0.466265 85.764633 -4.979151
v -0.466265 85.660065 -5.641406
v -1.353968 86.469376 -4.853142
v -1.353968 86.150009 -4.195635
v -0.466265 86.469543 -3.900588
v -0.466265 85.555466 -4.212330
v -1.353968 85.950455 -3.662063
v -1.353968 89.340698 -2.777058
v -0.466265 88.891388 -3.239984
v -0.466265 86.404175 -3.203476
v -0.466265 88.735062 -2.680644
v -1.353968 85.827927 -3.253599
v -1.353968 85.623672 -2.395824
v -0.466265 86.229874 -2.244950
v -0.466265 85.293106 -3.399539
v -0.466265 85.053467 -2.637075
v -0.466265 85.019974 -1.643691
v -1.353959 85.628632 -1.025187
v -0.466265 86.229874 -1.308208
v -1.353968 96.342606 -2.006065
v -0.466265 91.927078 -9.175756
v -0.466265 92.571899 -8.970980
v -0.466265 90.361343 -12.475798
v -0.466265 91.711945 -12.149032
v -0.466265 91.951569 -12.432227
v -0.466265 92.191162 -13.107561
v -0.466265 92.212952 -13.935380
v -1.353968 93.053772 -14.527814
v -0.466265 93.454666 -15.787086
v -0.466265 93.193298 -16.266340
v -1.353968 92.182373 -15.660615
v -0.466265 91.820862 -14.414639
v -0.466265 88.378815 -20.601496
v -0.466265 91.014816 -14.436430
v -0.466265 93.236938 -17.050592
v -0.466265 84.719040 -9.099175
v -0.466265 80.059433 -10.032003
v -1.353968 82.810242 -8.359921
v -0.466265 82.998108 -6.376086
v -1.353968 84.190323 -6.718120
v -0.466265 83.842789 -5.826914
v -0.466265 85.440079 -8.823692
v -0.466265 82.174484 -5.188285
v -1.353959 92.788712 -1.026045
v -0.466265 92.709702 -2.473705
v -0.466265 89.678909 -1.726699
v -1.353959 89.172394 -1.026045
v -0.466265 93.886078 -1.689456
v -0.466265 88.735062 -1.656762
v -0.466265 85.249908 -10.277216
v -0.466265 110.377472 -5.317781
v -1.353968 108.841003 -6.795070
v -0.466265 109.005371 -5.833989
v -0.466265 109.874893 -6.567539
v -0.466265 112.969421 -9.837669
v -1.353968 110.055176 -8.272648
v -0.466265 108.475571 -8.999133
v -1.353968 108.087662 -8.035712
v -0.466265 107.850708 -10.493412
v -0.466265 107.402481 -8.578020
v -1.353968 106.142899 -6.012213
v -0.466265 106.981369 -5.480793
v -1.806631 108.511917 -7.381513
v -1.353968 106.504288 -5.349298
v -0.466265 105.972839 -5.255295
v -0.466265 106.354813 -4.561407
v -1.353968 106.830353 -4.588577
v -0.466265 106.395584 -3.447494
v -0.466265 106.925354 -3.515416
v -0.466265 107.441544 -3.719181
v -0.466265 107.292130 -4.629330
v -0.466265 101.384979 -3.395402
v -0.466265 103.432144 -4.163792
v -1.353968 103.109451 -4.044930
v -0.466265 102.803986 -3.917576
v -0.466265 102.805573 -3.508348
v -0.466265 103.185883 -3.494764
v -0.466265 103.483063 -3.501558
v -0.466265 103.508606 -3.832674
v -0.466265 99.722397 -4.926455
v -0.466265 102.037918 -9.709139
v -1.353968 102.233994 -10.123049
v -0.466265 102.560791 -10.711236
v -1.353968 103.927689 -11.851300
v -0.466265 102.843948 -12.388655
v -0.466265 105.479858 -10.340895
v -1.353968 104.892136 -11.131331
v -0.466265 107.473099 -10.696624
v -0.466265 106.307617 -11.255848
v -0.466265 107.799194 -15.953768
v -1.353968 105.843033 -13.399912
v -0.466265 103.693527 -13.325400
v -0.466265 102.669662 -14.022509
v -0.466265 101.586853 -11.119328
v -1.353968 101.362640 -10.602309
v -0.466265 100.926666 -10.113407
v -0.466265 78.037048 -1.025189
v -1.353968 100.910431 -11.146495
v -0.466265 102.434357 -12.654427
v -0.466265 101.388672 -12.061884
v -0.466265 100.951172 -9.278594
v -0.466265 100.004639 -8.826841
v -0.466265 89.987549 -2.942110
v -0.466265 91.356827 -2.420472
v -0.466265 89.922256 -2.463943
v -0.466265 90.074432 -3.355074
v -0.466265 90.251053 -3.678380
v -0.466265 91.894775 -3.148592
v -0.466265 90.590637 -4.357595
v -0.466265 91.324158 -5.294913
v -0.466265 92.125671 -5.974129
v -0.466265 93.049423 -5.390005
v -0.466265 92.655457 -6.503916
v -0.466265 93.633499 -7.020121
v -0.466265 97.220490 -1.895442
v -1.353968 98.723282 -2.931243
v -0.466265 98.205368 -2.175615
v -0.466265 99.266739 -2.353909
v -0.466265 101.061493 -4.887384
v -0.466265 98.281815 -3.746303
v -0.466265 97.746887 -2.481264
v -1.353968 97.458176 -1.734125
v -1.806631 84.573410 -7.359301
v -1.806631 88.572968 -11.469239
v -1.353968 94.154327 -7.616516
v -0.466265 96.342606 -3.713792
v -1.353968 98.649933 -7.690938
v -0.466265 93.188995 0.357976
v -0.466259 92.056152 3.015712
v -1.353959 93.864304 1.120444
v -0.466259 94.496048 1.839337
v -0.466265 94.735641 0.706534
v -0.466265 94.343491 0.205484
v -1.353974 95.351334 -0.149179
v -0.466265 94.931732 -0.339139
v -0.466297 95.592468 0.108921
v -0.466265 99.426163 0.222818
v -0.466265 99.044998 -0.389871
v -0.466265 97.754395 -0.410866
v -1.353942 86.103149 2.214490
v -1.353953 85.899353 1.616781
v -0.466259 85.555466 2.161955
v -0.466259 86.469543 1.850212
v -0.466265 88.891388 1.189610
v -1.353959 89.340698 0.726686
v -0.466259 89.295441 1.915638
v -1.353953 89.702911 1.752625
v -0.466265 88.735062 0.630269
v -0.466265 86.404175 1.153103
v -1.353953 85.790710 1.209252
v -0.466265 86.229874 0.194573
v -1.353959 85.623672 0.345449
v -0.466259 85.293106 1.349164
v -0.466265 85.152313 0.584372
v -0.466265 85.019974 -0.406684
v -0.466265 86.229874 -0.742167
v -1.353959 96.342606 -0.044314
v -0.466265 89.678909 -0.323677
v -0.466265 92.709702 0.423328
v -0.466265 93.886078 -0.360923
v -0.466265 88.735062 -0.393616
v -0.466265 89.987549 0.891737
v -0.466265 91.356827 0.370098
v -0.466265 89.922256 0.413566
v -0.466259 90.074432 1.304694
v -0.466265 97.220490 -0.154934
v -0.466265 98.205368 0.125242
v -1.353959 98.723282 0.880871
v -0.466265 99.266739 0.303530
v -0.466259 101.061493 2.837008
v -0.466259 98.281815 1.695926
v -0.466265 97.746887 0.430891
v -1.353959 97.458176 -0.316249
v -1.353953 90.056183 2.418249
v -0.466259 89.757324 2.880123
v -0.466259 90.395813 2.105814
v -0.466259 88.792877 9.848874
v -0.466259 89.580719 11.601240
v -1.353953 89.553589 10.269988
v -1.353953 90.776108 8.110080
v -0.466259 90.069748 8.327433
v -0.466259 93.465805 3.613676
v -1.353953 92.311111 5.121527
v -0.466259 92.311111 4.360815
v -0.466284 91.784943 3.819157
v -1.353953 91.401031 4.252134
v -0.466259 91.088593 4.768337
v -0.466259 91.604767 5.298130
v -0.466259 90.287109 7.267856
v -1.353953 89.838821 7.553125
v -0.466259 89.064575 7.634639
v -0.466259 89.852386 7.064089
v -1.353953 90.667526 3.341989
v -0.466259 90.490921 3.926117
v -0.466265 90.983475 2.922596
v -0.466259 89.037354 6.194695
v -1.353953 88.711365 6.615808
v -0.466259 87.801147 6.439215
v -1.353953 87.814819 5.610559
v -0.466259 88.018509 4.958517
v -1.353953 86.972580 4.387983
v -0.466259 86.741577 5.040037
v -0.466259 87.420868 4.089123
v -0.466259 86.972580 3.083881
v -1.353974 86.497101 3.314821
v -0.466259 86.008057 3.437080
v -0.712487 75.224991 -6.577444
v -0.712487 75.899170 -6.339016
v -0.712487 78.880798 -7.733678
v -0.712487 78.086517 -7.851881
v 0.274793 96.342606 4.914072
v 0.274793 95.595535 6.755704
v 0.421448 95.205780 6.755704
v 0.421448 96.342606 4.343931
v 0.421448 97.782455 6.755704
v 0.274793 97.288925 6.755704
v 0.421448 96.342606 9.126348
v 0.274793 96.342606 8.649811
v 1.045416 96.342606 6.755704
v 0.421447 88.021133 -11.038918
v 0.421446 87.300888 -13.325300
v 0.421447 89.123901 -11.842233
v 0.421447 89.946106 -9.490916
v 0.421448 87.055984 -5.858593
v 0.421448 89.765930 -4.465298
v 0.421448 93.864304 -3.170817
v 0.421448 95.197235 -1.878711
v 0.421448 99.187973 -1.025189
v 0.421448 96.342606 -1.025189
v 0.421441 93.026718 -10.983480
v 0.421441 92.972458 -12.015888
v 0.421447 93.188965 -12.963775
v 0.421446 93.794495 -13.591070
v 0.421446 95.541687 -13.856938
v 0.421442 96.414383 -17.330576
v 0.421447 96.521988 -13.072694
v 0.421446 97.349747 -13.813375
v 0.421446 99.022781 -13.699994
v 0.421447 99.680771 -12.920197
v 0.421447 99.963913 -11.765611
v 0.421447 99.702591 -10.284252
v 0.421442 100.621933 -15.678148
v 0.421446 99.706848 -14.414639
v 0.421447 103.846008 -8.924885
v 0.421448 104.858978 -7.896522
v 0.421448 105.577850 -6.816407
v 0.421448 100.840179 -6.673547
v 0.421447 103.001099 -9.691935
v 0.421448 102.027954 -5.882662
v 0.421448 102.751221 -5.065475
v 0.421448 103.047607 -4.306518
v 0.421448 99.376724 -7.412505
v 0.421447 89.073776 -8.927511
v 0.421448 92.014694 -6.683687
v 0.421448 88.071732 -8.077908
v 0.421448 87.309219 -6.749042
v 0.421448 84.967285 -8.033083
v 0.421448 93.648560 -7.616516
v 0.421447 90.860123 -10.234591
v 0.421447 92.204742 -10.798414
v 0.421448 86.469376 -4.853142
v 0.421448 86.150009 -4.195635
v 0.421448 85.950455 -3.662064
v 0.421448 89.340698 -2.777059
v 0.421448 85.827927 -3.253599
v 0.421448 85.623672 -2.395824
v 0.421448 85.628632 -1.025189
v 0.421448 96.342606 -2.006065
v 0.421446 93.053772 -14.527814
v 0.421446 92.182373 -15.660615
v 0.421448 82.810242 -8.359921
v 0.421448 84.190323 -6.718120
v 0.421448 92.788712 -1.026045
v 0.421448 89.172394 -1.026045
v 0.421448 108.841003 -6.795070
v 0.421448 110.055176 -8.272648
v 0.421448 108.087662 -8.035712
v 0.421448 106.142899 -6.012213
v 0.874109 108.511917 -7.381513
v 0.421448 106.504288 -5.349298
v 0.421448 106.830353 -4.588577
v 0.421448 103.109451 -4.044930
v 0.421447 102.233994 -10.123049
v 0.421447 103.927689 -11.851300
v 0.421447 104.892136 -11.131331
v 0.421446 105.843033 -13.399912
v 0.421447 101.362640 -10.602309
v 0.421447 100.910431 -11.146495
v 0.421448 98.723282 -2.931243
v 0.421448 97.458176 -1.734126
v 0.874109 84.573410 -7.359301
v 0.874104 88.572968 -11.469239
v 0.421448 94.154327 -7.616516
v 0.421448 98.649933 -7.690938
v 0.421448 93.864304 1.120444
v 0.421456 95.351334 -0.149179
v 0.421442 85.899353 1.616781
v 0.421421 86.103149 2.214490
v 0.421448 89.340698 0.726686
v 0.421442 89.702911 1.752625
v 0.421442 85.790710 1.209252
v 0.421448 85.623672 0.345449
v 0.421448 96.342606 -0.044314
v 0.421448 98.723282 0.880871
v 0.421448 97.458176 -0.316249
v 0.421442 90.056183 2.418249
v 0.421442 89.553589 10.269988
v 0.421442 90.776108 8.110080
v 0.421442 92.311111 5.121527
v 0.421442 91.401031 4.252134
v 0.421442 89.838821 7.553125
v 0.421442 90.667526 3.341989
v 0.421442 88.711365 6.615808
v 0.421442 87.814819 5.610559
v 0.421442 86.972580 4.387983
v 0.421456 86.497101 3.314821
v -0.220030 78.880798 -7.733678
v -0.220030 75.899170 -6.339016
v -0.220030 75.224991 -6.577444
v -0.220030 78.086517 -7.851881
v -0.466265 78.086517 -7.851881
v -0.466265 75.224991 -6.577444
v -0.466265 80.383804 -5.240569
v -0.466265 79.411316 -4.554128
v -0.712487 79.411316 -4.554128
v -0.712487 80.383804 -5.240569
v -0.712487 85.555466 -4.212330
v -0.712484 85.293106 -3.399539
v -0.466265 75.899170 -6.339016
v -0.466265 78.880798 -7.733678
v -0.466265 62.659668 -1.264943
v -0.466265 61.442341 -2.086451
v -0.712484 61.442341 -2.086451
v -0.712484 62.659637 -1.264945
v -0.466265 59.907772 -1.431611
v -0.466265 61.038719 -0.856534
v -0.712484 61.038719 -0.856534
v -0.712484 59.907772 -1.431611
v -0.466265 74.551712 -6.817906
v -0.712487 74.551712 -6.817906
v -0.466265 71.724472 -5.988924
v -0.466265 72.776550 -5.791671
v -0.712487 72.776550 -5.791671
v -0.712487 71.724472 -5.988924
v -0.466284 63.369011 -0.768997
v -0.466265 73.561829 -5.487784
v -0.712487 73.561829 -5.487784
v -0.712508 63.369011 -0.768997
v -0.466265 65.004135 0.385213
v -0.466284 75.557678 -5.151141
v -0.712508 75.557678 -5.151146
v -0.712484 65.004135 0.385210
v -0.466265 74.790787 -5.313682
v -0.466265 64.207634 -0.182872
v -0.712484 64.207634 -0.182872
v -0.712487 74.790787 -5.313683
v -0.712484 61.606201 -0.356379
v -0.466265 61.606201 -0.356379
v -0.466265 62.577698 0.321716
v -0.712484 62.577698 0.321723
v -0.712484 63.265400 0.966149
v -0.466265 65.804642 1.081567
v -0.712484 65.804642 1.081565
v -0.466265 63.265400 0.966149
v -0.466259 64.350883 1.639059
v -0.712484 64.350883 1.639059
v -0.712484 65.285248 2.168444
v -0.712525 66.550125 1.754854
v -0.466259 67.271408 2.211731
v -0.466297 66.550125 1.754853
v -0.712484 67.271408 2.211731
v -0.466259 65.285248 2.168444
v -0.466259 66.295197 2.841733
v -0.712484 66.295197 2.841733
v -0.466265 76.474121 -5.025131
v -0.712487 76.474121 -5.025131
v -0.466265 77.171402 -4.904901
v -0.712487 77.171402 -4.904901
v -0.466265 76.836929 -6.146646
v -0.712487 76.836929 -6.146650
v -0.712487 77.582382 -5.906187
v -0.466265 77.582382 -5.906187
v -0.466265 79.807312 -5.600202
v -0.712487 79.807312 -5.600202
v -0.466265 77.508057 -4.832761
v -0.712487 77.508057 -4.832761
v -0.466265 78.373703 -4.688487
v -0.712487 78.373703 -4.688488
v -0.466265 80.719574 -5.687144
v -0.712487 80.719574 -5.687144
v -0.466265 80.839752 -6.588871
v -0.712487 80.839752 -6.588868
v -0.466265 80.674423 -7.144931
v -0.712487 80.674423 -7.144934
v -0.466265 80.313766 -7.881335
v -0.712487 80.313766 -7.881339
v -0.466265 79.554153 -7.012300
v -0.712487 79.554153 -7.012300
v -0.712487 79.409897 -7.541312
v -0.466265 79.409897 -7.541312
v -0.466265 79.457169 -8.452431
v -0.712487 79.457169 -8.452431
v -0.466265 78.720749 -8.602718
v -0.712487 78.720749 -8.602718
v -0.466265 77.488388 -8.542599
v -0.712487 77.488388 -8.542599
v -0.466265 77.341064 -7.875926
v -0.712487 77.341064 -7.875926
v -0.466265 76.240936 -8.272083
v -0.712487 76.240936 -8.272083
v -0.466259 34.260342 8.307006
v -0.466259 42.305866 5.142298
v -0.712484 34.260342 8.307006
v -0.466259 27.984344 8.475316
v -0.712484 27.984344 8.475316
v -0.466259 40.011932 4.358401
v -0.466259 49.946339 4.894190
v -0.466259 47.589844 4.461361
v -0.466259 57.695553 4.195147
v -0.466259 56.276867 3.233307
v -0.466259 50.553875 7.826086
v -0.712484 50.553875 7.826086
v -0.466259 46.514149 7.898230
v -0.712484 46.514149 7.898230
v -0.466259 42.979435 8.042496
v -0.712484 42.979435 8.042496
v -0.466259 38.651134 7.874175
v -0.712484 38.651134 7.874175
v -0.466259 52.718632 10.647279
v -0.466259 55.267521 8.964056
v -0.712484 55.267521 8.964056
v -0.712484 52.718632 10.647279
v -0.466259 52.574337 10.166360
v -0.712484 52.574337 10.166360
v -0.466259 55.219406 8.362906
v -0.712484 55.219406 8.362906
v -0.466259 52.910984 9.036197
v -0.712484 52.910984 9.036197
v -0.466259 53.536205 7.833900
v -0.712484 53.536205 7.833900
v -0.466259 55.676296 8.050319
v -0.712484 55.676296 8.050319
v -0.466259 54.113258 7.088476
v -0.712484 54.113258 7.088476
v -0.466259 60.437366 9.661396
v -0.466259 60.220989 8.891927
v -0.712484 60.220989 8.891927
v -0.712484 60.437366 9.661396
v -0.466259 58.826336 11.056074
v -0.712484 58.826336 11.056074
v -0.466259 58.633907 9.805664
v -0.712484 58.633907 9.805664
v -0.466259 58.754169 8.411006
v -0.712484 58.754169 8.411006
v -0.466259 60.533550 7.689620
v -0.712484 60.533550 7.689620
v -0.466259 59.114880 7.425123
v -0.712484 59.114880 7.425123
v -0.466259 59.716000 6.751832
v -0.712484 59.716000 6.751832
v -0.466282 61.400379 6.921854
v -0.712508 61.400379 6.921846
v -0.220030 79.411316 -4.554128
v -0.220030 80.383804 -5.240569
v -0.220030 85.555466 -4.212330
v -0.220030 85.293106 -3.399539
v -0.220030 61.442341 -2.086451
v -0.220030 62.659637 -1.264945
v -0.220030 61.038719 -0.856534
v -0.220030 59.907772 -1.431611
v -0.220030 74.551712 -6.817906
v -0.220030 72.776550 -5.791671
v -0.220030 71.724472 -5.988924
v -0.220030 73.561829 -5.487784
v -0.220016 63.369011 -0.768997
v -0.220018 75.557678 -5.151146
v -0.220030 65.004135 0.385210
v -0.220030 64.207634 -0.182872
v -0.220030 74.790787 -5.313683
v -0.220030 61.606201 -0.356379
v -0.220030 62.577698 0.321723
v -0.220030 63.265400 0.966149
v -0.220030 65.804642 1.081565
v -0.220030 64.350883 1.639059
v -0.219997 66.550125 1.754854
v -0.220030 65.285248 2.168444
v -0.220030 67.271408 2.211731
v -0.220030 66.295197 2.841733
v -0.220030 76.474121 -5.025131
v -0.220030 77.171402 -4.904901
v -0.220030 76.836929 -6.146650
v -0.220030 77.582382 -5.906187
v -0.220030 79.807312 -5.600202
v -0.220030 77.508057 -4.832761
v -0.220030 78.373703 -4.688488
v -0.220030 80.719574 -5.687144
v -0.220030 80.839752 -6.588868
v -0.220030 80.674423 -7.144934
v -0.220030 80.313766 -7.881339
v -0.220030 79.554153 -7.012300
v -0.220030 79.409897 -7.541312
v -0.220030 79.457169 -8.452431
v -0.220030 78.720749 -8.602718
v -0.220030 77.488388 -8.542599
v -0.220030 77.341064 -7.875926
v -0.220030 76.240936 -8.272083
v -0.220030 42.305866 5.142298
v -0.220030 34.260342 8.307006
v -0.220030 27.984344 8.475316
v -0.220030 40.011932 4.358401
v -0.220030 49.946339 4.894190
v -0.220030 47.589844 4.461361
v -0.220030 57.695553 4.195147
v -0.220030 56.276867 3.233307
v -0.220030 50.553875 7.826086
v -0.220030 46.514149 7.898230
v -0.220030 42.979435 8.042496
v -0.220030 38.651134 7.874175
v -0.220030 55.267521 8.964056
v -0.220030 52.718632 10.647279
v -0.220030 52.574337 10.166360
v -0.220030 55.219406 8.362906
v -0.220030 52.910984 9.036197
v -0.220030 53.536205 7.833900
v -0.220030 55.676296 8.050319
v -0.220030 54.113258 7.088476
v -0.220030 60.220989 8.891927
v -0.220030 60.437366 9.661396
v -0.220030 58.826336 11.056074
v -0.220030 58.633907 9.805664
v -0.220030 58.754169 8.411006
v -0.220030 60.533550 7.689620
v -0.220030 59.114880 7.425123
v -0.220030 59.716000 6.751832
v -0.220016 61.400379 6.921846
v -1.806631 104.413940 -11.525812
v 0.874104 104.413940 -11.525812
v 1.870109 15.718172 -2.692544
v 1.870109 17.568842 -3.556201
v 2.063077 18.033884 -3.539591
v -0.308540 21.727055 -3.187900
v -1.261271 21.804140 -3.572808
v -1.261271 15.692667 -1.025187
v -0.308540 16.553143 -1.023041
v -0.308540 22.448669 -3.187900
v -1.261271 22.543980 -3.569133
v -0.308540 22.789051 -2.929206
v -1.261271 23.129450 -3.106209
v -0.308540 22.938831 -2.534357
v -1.261271 23.347301 -2.547975
v -0.308540 20.188494 -1.948893
v -1.260929 20.855669 -1.036657
v -0.308540 21.100752 -1.390660
v -0.308540 20.379107 -1.050274
v -1.261271 21.778730 -0.698752
v -0.308540 21.876816 -1.281735
v -1.261271 22.870739 -1.025187
v -0.308540 22.489496 -1.390660
v -1.261271 23.347301 -1.690199
v -0.308540 22.938831 -1.853586
v -0.308540 23.998951 -0.531301
v -0.383809 23.517277 -1.020810
v -1.261271 23.347301 -0.360178
v -0.308540 24.181648 -0.132695
v -1.261271 23.347301 0.497600
v -0.308540 24.248100 0.814012
v -0.308537 24.067493 1.517808
v -1.261271 23.129450 1.055831
v -1.261271 22.543980 1.518755
v -0.308537 23.384438 2.275588
v -0.308537 22.504133 2.508109
v -0.308537 21.230833 2.481761
v -1.261271 21.804140 1.522428
v -0.308540 16.351059 0.346861
v -0.308540 13.030315 -1.025189
v -0.308540 -14.279865 0.184222
v -0.308540 -12.621170 -1.025189
v -0.218512 -12.987911 -1.025189
v -0.218512 -14.279865 -0.098750
v -0.308540 -16.491932 -1.025189
v -0.218512 -16.026878 -1.025189
v -0.123946 -18.133072 -0.134384
v -0.308540 -17.204681 -1.025189
v 0.780789 -17.615650 -1.030986
v 0.780789 -18.214733 -0.542848
v 0.234100 -20.397179 -1.025189
v 0.780789 -19.619892 -1.025189
v 0.780789 -20.986763 -1.025189
v 0.780789 -18.057674 0.743660
v 0.780789 -17.553623 0.302714
v 0.780789 -17.081200 0.271209
v 0.780789 -16.545799 0.428694
v 0.780789 -16.293770 0.901146
v 0.780789 -16.293770 1.373595
v -0.308537 -14.341259 1.500680
v 0.780789 -18.057674 5.058681
v -0.308537 -14.009052 2.152756
v 0.780789 -14.750473 3.546853
v 0.780789 -14.026081 3.546853
v -0.308537 -13.393856 2.706408
v 0.780789 -13.238617 3.798817
v -0.308537 -12.791031 2.940170
v -0.308537 -11.413086 2.915563
v -0.308537 -4.152905 10.170373
v 0.780789 -4.714222 10.310217
v 0.780789 -1.238544 12.964315
v 0.780789 -3.671955 10.050139
v -0.308537 -5.097263 9.164293
v 0.780789 -6.539337 8.911550
v -0.308537 -5.707623 8.560185
v 0.780789 -5.205898 8.348176
v 0.780789 -10.953362 1.673612
v 0.780789 -11.819061 1.845176
v 0.780789 -12.704903 1.931298
v 0.780789 -13.197098 1.709836
v 0.780789 -13.369286 1.193097
v 0.780789 -13.320133 0.614843
v -0.720586 -14.316624 -1.025189
v 0.780789 -14.467087 12.271376
v 0.780789 -12.655716 0.356474
v 0.780789 -11.843727 0.405688
v -0.308540 -12.298965 -1.025189
v 0.780789 12.034943 13.216871
v -0.308537 11.712345 9.474230
v 0.780789 11.483761 14.614552
v 0.780789 10.579782 10.367294
v 0.780789 13.235710 9.653836
v 0.780789 15.814491 12.626333
v 0.780789 14.298775 12.350721
v 0.780789 15.401098 17.547630
v 0.780789 18.484203 9.509545
v -0.308537 16.244011 6.564621
v 0.780789 18.547230 11.178873
v 0.780789 15.763319 8.035711
v 0.780789 17.917294 5.981946
v 0.780789 21.476400 7.430777
v 0.780789 19.649578 7.808737
v 0.780789 23.303209 11.745779
v -0.308537 15.515663 7.312662
v 0.780789 14.621572 8.941232
v -0.308537 14.610172 8.001641
v -0.308537 13.133806 8.808752
v -0.308537 10.470257 9.642180
v 0.780789 10.243462 9.024506
v 0.780789 12.402924 8.272321
v 0.780789 14.588001 7.032143
v -0.308537 17.208614 5.403189
v 0.780789 18.862188 4.438608
v -0.308537 17.976336 4.143332
v 0.780789 9.773506 8.994955
v -0.308537 9.804785 9.713850
v 0.780789 10.837065 5.834058
v 0.295021 9.991371 5.631262
v 0.780789 9.441296 6.285128
v 0.295021 11.500654 5.113934
v 0.295021 10.601294 5.444029
v 0.780789 12.639166 4.965191
v 0.295021 12.276775 4.637402
v 0.294990 9.272095 5.808073
v 0.780789 9.139322 5.253986
v 0.780789 8.292107 1.871336
v 0.780775 10.207228 4.936937
v 0.780775 11.078594 4.705484
v 0.780789 11.800217 4.188099
v 0.295021 12.848595 4.242553
v 0.780789 9.546862 1.850663
v 0.780789 12.821386 3.480091
v 0.295021 13.338772 3.657086
v 0.780789 13.780914 3.902182
v 0.780789 16.418743 5.181726
v 0.780789 17.343954 4.000610
v 0.780789 9.832432 10.446152
v 0.295012 7.485744 5.764501
v 0.295012 6.287571 5.437730
v 0.780789 6.135471 5.945086
v 0.780789 7.167648 6.241236
v 0.780789 8.213291 6.328379
v 0.295032 8.357128 5.808073
v 0.780789 7.790777 5.263447
v 0.780789 6.462214 4.986554
v 0.295012 14.116514 2.764929
v 0.780789 13.544687 2.519849
v 0.780789 14.725815 3.114771
v -0.308540 7.478664 -0.273458
v -0.923675 8.295542 -1.025189
v -0.308540 7.533102 -1.025189
v -0.308540 9.657101 -1.025189
v 0.780789 7.589766 0.428770
v 0.037406 6.767601 0.472588
v 0.780789 6.767601 1.638375
v -0.652362 6.767601 -1.025189
v 0.780789 8.177912 0.210925
v 0.780789 8.962189 0.102003
v 0.780789 9.528591 0.189142
v -0.308537 18.465710 1.921041
v -0.308558 14.345167 1.905010
v 0.780789 17.568842 1.505826
v 0.780789 10.554667 1.447536
v -0.308537 22.446430 3.540497
v -0.308537 23.862406 3.780130
v 0.780789 23.412964 5.910792
v -0.308537 24.441914 3.553576
v -0.168127 24.755604 4.499027
v 0.006831 25.387375 5.348627
v 0.209972 26.219559 6.028311
v 0.780789 29.135014 7.761891
v 0.415866 27.334927 6.725424
v 0.780789 27.135044 7.114906
v -0.308537 22.736679 3.155849
v -0.308537 23.998951 3.122633
v -0.308537 24.713121 2.557930
v -0.308537 25.144943 1.893583
v 0.780789 26.555698 4.555187
v 0.780767 9.961996 0.309991
v -0.308540 24.746353 -0.149302
v -0.501520 24.596840 -0.581130
v -0.308540 24.976372 -0.620100
v -0.308540 24.029652 -1.015052
v -0.308540 25.458036 -0.088621
v -0.501520 25.111734 -0.066257
v -0.308537 25.838871 2.083799
v -0.308537 25.866163 1.268228
v -0.501520 25.543558 1.382572
v -0.501520 25.477116 1.993237
v -0.308540 25.194782 0.780791
v -0.308537 17.568842 1.505826
v -0.308540 15.718172 0.642167
v 0.780789 15.718172 0.642167
v -0.308518 12.031122 -1.025189
v 0.780767 10.211151 0.642167
v -0.501520 18.033884 1.489215
v -0.501511 12.575781 -1.025189
v -0.501520 20.359135 2.435919
v -0.501518 22.686855 3.344778
v -0.501518 23.965721 3.421595
v -0.501518 24.613447 3.155849
v -0.501520 25.104092 2.712047
v -0.308537 25.208908 3.050444
v -0.308540 25.768627 0.602984
v 0.780789 118.901520 -1.045974
v -0.308540 114.375473 -1.025189
v 0.780789 112.376663 0.835970
v 0.780789 111.261154 0.780206
v -0.308540 108.779266 -1.025189
v 0.780789 110.895233 1.465117
v 0.780789 108.477112 2.380079
v 0.780789 108.128510 1.900815
v 0.780789 107.278931 1.029422
v 0.780789 105.928314 0.659080
v 0.158311 24.976372 -0.620100
v 0.469546 25.458036 -0.088621
v 0.780789 25.782253 0.589370
v 0.780789 25.866163 1.268228
v 0.780767 107.353439 3.551330
v 0.131219 105.750122 2.819354
v 0.780789 99.842865 6.405075
v -0.096845 104.495316 2.505654
v -0.324555 102.857162 2.261665
v 0.780789 99.855972 5.422147
v -0.308537 101.776550 2.331382
v 0.780789 99.577194 4.027924
v 0.780789 105.060898 1.804952
v 0.780789 104.047302 1.764929
v 0.780789 98.629074 3.581776
v 0.780789 25.838871 2.083799
v 0.780789 106.770355 2.810592
v 0.780789 105.964371 2.113484
v 0.780789 100.904755 1.764929
v -0.308537 25.584476 2.474144
v -0.501520 25.267986 2.483067
v 0.780789 27.775627 3.509521
v 0.780789 26.695103 3.614085
v -0.501511 25.434040 0.551059
v 0.209035 5.179285 -1.025189
v 0.082862 5.179285 -0.397340
v 0.780789 5.179285 0.344972
v 0.780789 4.251699 0.691895
v -0.037766 4.244934 -0.099507
v -0.308540 4.244934 -1.025189
v -0.037199 -11.094696 -0.149855
v 0.780789 -9.936680 0.691895
v -0.308517 1.747364 6.809950
v -0.308523 0.045055 7.417611
v 0.780767 -1.210285 9.334778
v 0.780767 2.324436 5.150784
v 0.780789 2.617741 4.545778
v -1.154500 2.617741 4.545778
v -1.154500 2.473473 5.050752
v -1.154500 2.199001 5.755874
v 0.780759 -2.063736 10.282814
v -0.729100 -0.436096 7.407254
v -1.154500 0.526054 7.092285
v -1.154500 1.126942 6.830151
v -1.154500 1.703995 6.349229
v -0.308518 20.923695 -0.340904
v -0.308518 21.533659 0.029434
v -0.308518 22.840742 0.094787
v -0.308518 22.949644 0.421562
v -0.308518 22.710001 0.857257
v -0.308518 21.991116 1.140457
v -0.308518 21.076160 0.944394
v 0.780747 2.089161 8.930748
v -1.100771 0.564289 7.710798
v 0.780718 -1.251518 10.222812
v -0.602456 2.357830 7.955473
v -1.154500 2.930035 7.165496
v -1.154500 2.530888 6.364662
v -1.154500 1.986229 7.127136
v -1.154500 3.859722 6.495375
v -1.154500 3.620033 6.146819
v -1.154500 3.315079 5.318999
v -1.154500 4.556837 6.146819
v -1.154500 4.927168 5.101154
v 0.780759 -2.167542 10.463299
v 0.780759 -1.355316 10.403299
v -1.282943 0.559189 7.758592
v -0.909311 -0.443905 7.464289
v 0.780789 2.149998 9.137628
v 0.780789 2.814110 9.654158
v 0.780789 2.734047 9.774849
v -0.843443 2.536572 8.076091
v -0.043468 3.282688 8.958410
v -1.308612 3.185467 7.248193
v -0.466550 3.800488 8.203321
v -0.632501 4.051056 7.737892
v -1.338691 0.525101 7.106280
v -1.339259 1.986835 7.131177
v -1.339109 1.128078 6.838318
v -1.339178 2.530888 6.364662
v -1.339178 1.703995 6.349229
v -1.339178 2.199001 5.755874
v -1.339178 3.620033 6.146819
v -1.339178 3.315079 5.318999
v -1.339178 2.473473 5.050752
v -1.339178 2.617741 4.545778
v -1.339178 4.927168 5.101154
v -1.339178 7.774605 2.530618
v -1.339178 6.657454 4.930529
v -1.339871 6.174313 5.842088
v -1.302356 4.120670 6.584896
v -0.626951 4.554323 7.257871
v -1.329288 4.785011 6.221747
v -0.755509 4.982815 6.861899
v -0.863540 5.381184 6.608111
v -1.208433 5.941746 6.398078
v -0.477567 1.796253 7.734824
v 0.780789 3.771111 8.163193
v 0.115494 3.282688 8.958410
v 0.413511 4.017551 7.698466
v -0.310630 3.800488 8.203321
v 0.413511 4.540373 7.240980
v -0.479436 4.051056 7.737892
v -0.479436 4.554323 7.257871
v -0.340607 4.969225 6.877894
v -0.613967 4.982815 6.861899
v -0.340607 5.383173 6.616477
v -0.742226 5.381184 6.608111
v -1.154500 6.152502 5.772133
v -1.069283 5.941746 6.398078
v 0.780789 5.949572 6.398636
v -1.154500 7.774605 2.530618
v 0.780789 7.774605 2.530618
v -1.154500 6.657454 4.930529
v 0.754582 -2.614136 10.222342
v -0.971160 -0.805809 7.070340
v -0.790955 -0.797955 7.013311
v 0.754582 -2.510311 10.041848
v -0.042945 3.702873 9.244201
v 0.782571 3.156631 10.056932
v 0.782571 3.236629 9.936251
v 0.116636 3.704071 9.242401
v -0.466550 4.236040 8.466347
v -0.310630 4.233782 8.470030
v -0.632501 4.460087 8.049868
v -0.479436 4.460169 8.049815
v -1.393056 0.323139 6.642370
v -1.212080 0.324516 6.628581
v -1.358331 0.856819 6.402913
v -1.173723 0.855568 6.394749
v -1.344033 1.342598 5.989297
v -1.159352 1.342598 5.989297
v -1.339178 1.755642 5.494178
v -1.154500 1.755642 5.494178
v -1.339178 1.991398 4.888462
v -1.154500 1.991398 4.888462
v -1.339178 2.198387 4.164152
v -1.154500 2.198387 4.164152
v -1.339178 8.770031 1.596106
v -1.154500 8.770031 1.596106
v -1.304296 7.109684 5.163031
v -1.119632 7.109684 5.163031
v -1.281679 6.647453 6.031116
v -1.096391 6.625776 5.960829
v -0.761477 4.902142 7.628292
v -0.613967 4.902142 7.628304
v -0.883761 5.294344 7.265870
v -0.742226 5.294188 7.265953
v -0.948695 5.609354 7.065223
v -0.827386 5.609320 7.065237
v -1.179811 6.369173 6.780510
v -1.040660 6.369173 6.780510
v 0.413511 4.816776 8.032488
v -0.343442 5.187185 7.553240
v 0.413511 5.274260 8.773176
v -0.394157 5.579491 8.402730
v -0.144152 5.601002 9.121732
v -0.394188 5.924271 8.839350
v -0.185512 5.971357 9.339582
v -0.389163 6.469225 9.218024
v -0.323060 6.260029 9.739234
v -0.288746 5.932764 10.593318
v 0.413511 5.404934 10.494169
v -0.077037 5.493429 11.520559
v 0.780789 4.925695 11.430922
v 0.780789 5.121494 12.159969
v 0.087143 8.759802 11.779463
v 0.780789 8.302328 12.476583
v 0.780789 8.759802 13.631163
v 0.087143 8.389448 11.038779
v 0.780789 7.910179 11.648760
v 0.087143 7.931957 10.581305
v 0.780789 7.343786 10.886284
v 0.087149 6.650761 9.985852
v 0.780789 6.446520 10.516854
v -0.313078 6.841373 9.577382
v -0.279321 7.535769 9.876933
v -0.507586 8.202934 10.026699
v -0.507586 8.761148 10.135615
v 0.780789 9.134678 15.287254
v 0.016872 9.162075 13.473419
v -0.354766 9.142014 12.449564
v -0.816485 9.156664 10.656913
v -0.769114 9.168941 9.949287
v -0.616079 8.760683 9.840299
v -0.616079 7.698458 9.551002
v -0.523925 6.957182 9.303224
v -0.616079 8.234549 9.722178
v 0.103992 9.827257 14.676830
v 0.780789 9.801163 16.194769
v -0.470411 9.827257 13.042990
v -0.707353 9.827257 10.653976
v -0.587896 9.791811 9.044801
v 0.780789 9.064825 7.008605
v 0.040369 9.500460 7.990451
v 0.780789 4.163195 8.489971
v 0.413511 4.649292 8.460929
v 0.780789 4.620729 9.143513
v 0.780789 4.903961 9.905979
v 0.413511 5.259275 9.637290
v 0.780789 4.991060 10.755580
v -0.484284 7.137114 8.858383
v 0.780789 5.408222 13.444281
v -0.369342 5.923681 11.989550
v -0.833812 6.432888 10.748323
v -0.594662 7.131550 8.798407
v -0.391579 6.251619 8.256742
v -0.393999 5.682770 7.299262
v -0.394157 5.440155 6.593789
v 0.724805 6.035889 6.364231
v 0.750546 6.337725 7.138661
v 0.747695 6.978476 7.778951
v 0.747014 7.764664 8.055138
v -0.691390 9.161238 9.005989
v -0.614865 8.805222 9.070850
v -0.615911 8.403286 9.069808
v 0.780789 8.701368 7.197855
v 0.780789 8.770681 7.254375
v 0.780789 8.557911 8.028746
v 0.780789 8.492212 7.955345
v -0.010365 8.645319 8.548435
v -0.042973 8.875095 7.935183
v -0.049781 9.490059 7.929737
v -0.694123 9.792040 9.011113
v -0.816556 9.816465 10.659646
v -0.566731 9.781771 13.070349
v 0.017723 9.770576 14.710625
v -0.616065 7.925665 9.047649
v 0.780789 5.228813 13.287500
v -0.439792 5.839302 11.994593
v -0.907997 6.355705 10.728395
v -0.844366 6.840141 9.356228
v 0.780789 9.273567 6.603909
v -0.022631 9.839396 7.822025
v 0.067434 9.849882 7.883105
v -0.691339 10.157385 8.963838
v -0.585128 10.157154 8.997543
v -0.873215 10.180128 10.661777
v -0.763864 10.190882 10.656061
v -0.696704 10.124567 13.106100
v -0.600254 10.170120 13.078634
v -0.146514 10.090502 14.778063
v -0.060288 10.147148 14.744431
v 0.780789 10.176497 16.194769
v -0.661858 6.036257 12.214409
v -1.171579 6.582502 10.854982
v -0.591400 6.120657 12.209383
v -1.097395 6.659702 10.874935
v -1.071581 7.124813 9.426704
v -0.998399 7.194078 9.470872
v -0.768411 7.446688 8.863717
v -0.613910 7.452322 8.923709
v 0.836762 6.035889 6.364231
v -0.308540 24.181648 -1.917683
v -0.308540 23.998951 -1.519072
v -0.308540 24.248100 -2.864386
v -0.308540 24.067493 -3.568185
v -0.308540 23.384438 -4.325960
v -0.308540 22.504133 -4.558484
v -0.308540 21.230833 -4.532139
v -0.308540 16.351059 -2.397237
v -0.308540 -14.279865 -2.234599
v -0.218512 -14.279865 -1.951626
v 0.780789 -17.615650 -1.019388
v -0.123946 -18.133072 -1.915992
v 0.780789 -18.214733 -1.507526
v 0.780789 -18.057674 -2.794036
v 0.780789 -17.553623 -2.353084
v 0.780789 -17.081200 -2.321588
v 0.780789 -16.545799 -2.479073
v 0.780789 -16.293770 -2.951520
v -0.308540 -14.341259 -3.551053
v 0.780789 -16.293770 -3.423968
v 0.780789 -18.057674 -7.109056
v -0.308540 -14.009052 -4.203131
v 0.780789 -14.750473 -5.597224
v -0.308540 -13.393856 -4.756783
v 0.780789 -14.026081 -5.597224
v -0.308540 -12.791031 -4.990547
v 0.780789 -13.238617 -5.849195
v -0.308540 -11.413086 -4.965938
v 0.780785 -4.714222 -12.360580
v -0.308542 -4.152905 -12.220753
v 0.780785 -1.238544 -15.014677
v 0.780785 -3.671955 -12.100524
v -0.308542 -5.097263 -11.214676
v 0.780785 -6.539337 -10.961938
v -0.308542 -5.707623 -10.610556
v 0.780789 -5.205898 -10.398546
v 0.780789 -10.953362 -3.723986
v 0.780789 -11.819061 -3.895552
v 0.780789 -12.704903 -3.981672
v 0.780789 -13.197098 -3.760212
v 0.780789 -13.369286 -3.243474
v 0.780789 -13.320133 -2.665217
v 0.780785 -14.467087 -14.321747
v 0.780789 -12.655716 -2.406848
v 0.780789 -11.843727 -2.456064
v -0.308542 11.712345 -11.524600
v 0.780785 12.034943 -15.267255
v 0.780785 11.483761 -16.664915
v 0.780785 10.579782 -12.417667
v 0.780785 13.235710 -11.704211
v 0.780785 15.814491 -14.676703
v 0.780785 14.298775 -14.401103
v 0.780785 15.401098 -19.598024
v -0.308542 16.244011 -8.614992
v 0.780785 18.484203 -11.559929
v 0.780785 18.547230 -13.229237
v 0.780789 15.763319 -10.086082
v 0.780789 17.917294 -8.032322
v 0.780789 21.476400 -9.481152
v 0.780789 19.649578 -9.859115
v 0.780785 23.303209 -13.796175
v -0.308542 15.515663 -9.363032
v 0.780785 14.621572 -10.991607
v -0.308542 14.610172 -10.052017
v -0.308542 13.133806 -10.859113
v -0.308542 10.470257 -11.692567
v 0.780785 10.243462 -11.074898
v 0.780789 12.402924 -10.322695
v 0.780789 14.588001 -9.082522
v -0.308542 17.208614 -7.453562
v -0.308540 17.976336 -6.193703
v 0.780789 18.862188 -6.488986
v -0.308542 9.804785 -11.764230
v 0.780785 9.773506 -11.045326
v 0.295019 9.991371 -7.681641
v 0.780789 10.837065 -7.884441
v 0.780789 9.441296 -8.335499
v 0.295019 10.601294 -7.494411
v 0.295019 11.500654 -7.164319
v 0.780789 12.639166 -7.015566
v 0.295019 12.276775 -6.687777
v 0.294989 9.272095 -7.858446
v 0.780789 9.139322 -7.304369
v 0.780789 8.292107 -3.921711
v 0.780775 10.207228 -6.987317
v 0.780775 11.078594 -6.755857
v 0.780789 11.800217 -6.238468
v 0.295019 12.848595 -6.292931
v 0.780789 9.546862 -3.901040
v 0.780789 12.821386 -5.530468
v 0.295019 13.338772 -5.707467
v 0.780789 13.780914 -5.952559
v 0.780789 16.418743 -7.232104
v 0.780789 17.343954 -6.050985
v 0.780785 9.832432 -12.496534
v 0.780789 6.135471 -7.995462
v 0.295012 6.287571 -7.488107
v 0.295012 7.485744 -7.814877
v 0.780789 7.167648 -8.291613
v 0.295032 8.357128 -7.858446
v 0.780789 8.213291 -8.378751
v 0.780789 7.790777 -7.313830
v 0.780789 6.462214 -7.036936
v 0.780789 13.544687 -4.570225
v 0.295011 14.116514 -4.815302
v 0.780789 14.725815 -5.165143
v -0.308540 7.478664 -1.776914
v 0.037406 6.767601 -2.522967
v 0.780789 7.589766 -2.479148
v 0.780789 6.767601 -3.688749
v 0.780789 8.177912 -2.261302
v 0.780789 8.962189 -2.152377
v 0.780789 9.528591 -2.239516
v -0.308540 18.465710 -3.971420
v 0.780789 17.568842 -3.556201
v -0.308558 14.345167 -3.955392
v 0.780789 10.554667 -3.497913
v -0.308540 22.446430 -5.590875
v -0.308540 23.862406 -5.830506
v 0.780789 23.412964 -7.961172
v -0.308540 24.441914 -5.603948
v -0.168127 24.755604 -6.549406
v 0.006831 25.387375 -7.399007
v 0.209970 26.219559 -8.078691
v 0.415861 27.334927 -8.775803
v 0.780789 29.135014 -9.812273
v 0.780789 27.135044 -9.165277
v -0.308540 22.736679 -5.206227
v -0.308540 23.998951 -5.173009
v -0.308540 24.713121 -4.608310
v -0.308540 25.144943 -3.943958
v 0.780789 26.555698 -6.605561
v 0.780767 9.961996 -2.360368
v -0.383809 23.517277 -1.029565
v -0.501520 24.596840 -1.469246
v -0.308540 24.746353 -1.901073
v -0.308540 24.976372 -1.430274
v -0.308540 24.029652 -1.035324
v -0.308540 25.458036 -1.961754
v -0.501520 25.111734 -1.984120
v -0.501520 25.543558 -3.432950
v -0.308540 25.866163 -3.318610
v -0.308540 25.838871 -4.134173
v -0.501520 25.477116 -4.043612
v -0.308540 25.194782 -2.831167
v 0.780767 10.211151 -2.692544
v -0.308540 15.718172 -2.692544
v 0.780789 15.718172 -2.692544
v -0.501520 18.033884 -3.539591
v -0.501520 20.359135 -4.486294
v -0.308540 17.568842 -3.556201
v -0.501520 22.686855 -5.395152
v -0.501520 23.965721 -5.471968
v -0.501520 24.613447 -5.206227
v -0.501520 25.104092 -4.762425
v -0.308540 25.208908 -5.100818
v -0.308540 25.768627 -2.653361
v 0.780789 118.901520 -1.004401
v 0.780789 112.376663 -2.886348
v 0.780789 111.261154 -2.830580
v 0.780789 110.895233 -3.515492
v 0.780789 108.477112 -4.430451
v 0.780789 108.128510 -3.951188
v 0.780789 107.278931 -3.079798
v 0.780789 105.928314 -2.709457
v 0.158311 24.976372 -1.430274
v 0.469545 25.458036 -1.961754
v 0.780789 25.782253 -2.639746
v 0.780789 25.866163 -3.318610
v 0.131219 105.750122 -4.869732
v 0.780767 107.353439 -5.601702
v 0.780789 99.842865 -8.455452
v -0.096849 104.495316 -4.556033
v 0.780789 99.855972 -7.472525
v -0.324557 102.857162 -4.312042
v 0.780789 99.577194 -6.078300
v -0.308540 101.776550 -4.381754
v 0.780789 105.060898 -3.855331
v 0.780789 104.047302 -3.815302
v 0.780789 98.629074 -5.632148
v 0.780789 25.838871 -4.134173
v 0.780789 105.964371 -4.163857
v 0.780789 106.770355 -4.860969
v 0.780789 100.904755 -3.815302
v -0.308540 25.584476 -4.524521
v -0.501520 25.267986 -4.533438
v 0.780789 27.775627 -5.559896
v 0.780789 26.695103 -5.664463
v -0.501511 25.434040 -2.601431
v 0.082862 5.179285 -1.653034
v 0.780789 5.179285 -2.395348
v 0.780789 4.251699 -2.742270
v -0.037766 4.244934 -1.950871
v -0.037199 -11.094696 -1.900518
v 0.780789 -9.936680 -2.742270
v -0.308525 0.045055 -9.467983
v -0.308518 1.747364 -8.860331
v 0.780765 -1.210285 -11.385153
v 0.780767 2.324436 -7.201157
v 0.780789 2.617741 -6.596159
v -1.154502 2.617741 -6.596159
v -1.154502 2.473473 -7.101127
v -1.154502 2.199001 -7.806258
v -0.729104 -0.436096 -9.457632
v 0.780754 -2.063736 -12.333187
v -1.154502 0.526054 -9.142656
v -1.154502 1.126942 -8.880527
v -1.154502 1.703995 -8.399606
v -1.100775 0.564289 -9.761169
v 0.780745 2.089161 -10.981115
v 0.780716 -1.251518 -12.273182
v -1.154502 2.530888 -8.415039
v -1.154502 2.930035 -9.215872
v -0.602459 2.357830 -10.005850
v -1.154502 1.986229 -9.177509
v -1.154502 3.620033 -8.197196
v -1.154502 3.859722 -8.545750
v -1.154502 3.315079 -7.369375
v -1.154502 4.556837 -8.197196
v -1.154502 4.927168 -7.151526
v 0.780754 -2.167542 -12.513675
v 0.780754 -1.355316 -12.453668
v -1.282945 0.559189 -9.808960
v -0.909315 -0.443905 -9.514671
v 0.780785 2.814110 -11.704531
v 0.780785 2.149998 -11.188010
v 0.780785 2.734047 -11.825232
v -0.843443 2.536572 -10.126472
v -0.043472 3.282688 -11.008790
v -1.308618 3.185467 -9.298564
v -0.466550 3.800488 -10.253699
v -0.632501 4.051056 -9.788271
v -1.338694 0.525101 -9.156663
v -1.339262 1.986835 -9.181545
v -1.339118 1.128078 -8.888702
v -1.339183 2.530888 -8.415039
v -1.339183 1.703995 -8.399606
v -1.339178 2.199001 -7.806258
v -1.339183 3.620033 -8.197196
v -1.339178 3.315079 -7.369375
v -1.339178 2.473473 -7.101127
v -1.339178 2.617741 -6.596159
v -1.339178 4.927168 -7.151526
v -1.339178 7.774605 -4.580997
v -1.339178 6.657454 -6.980896
v -1.339871 6.174313 -7.892463
v -1.302356 4.120670 -8.635273
v -0.626954 4.554323 -9.308238
v -1.329293 4.785011 -8.272123
v -0.755512 4.982815 -8.912275
v -0.863542 5.381184 -8.658487
v -1.208433 5.941746 -8.448446
v -0.477571 1.796253 -9.785194
v 0.115487 3.282688 -11.008790
v 0.780789 3.771111 -10.213576
v -0.310636 3.800488 -10.253699
v 0.413510 4.017551 -9.748835
v -0.479442 4.051056 -9.788271
v 0.413510 4.540373 -9.291361
v -0.479442 4.554323 -9.308238
v -0.613969 4.982815 -8.912275
v -0.340612 4.969225 -8.928278
v -0.742229 5.381184 -8.658487
v -0.340612 5.383173 -8.666862
v -1.069289 5.941746 -8.448446
v -1.154502 6.152502 -7.822503
v 0.780789 5.949572 -8.449015
v 0.780789 7.774605 -4.580997
v -1.154502 7.774605 -4.580997
v -1.154502 6.657454 -6.980896
v 0.754580 -2.614136 -12.272713
v -0.971165 -0.805809 -9.120727
v -0.790958 -0.797955 -9.063692
v 0.754580 -2.510311 -12.092226
v -0.042945 3.702873 -11.294586
v 0.782570 3.156631 -12.107317
v 0.782570 3.236629 -11.986625
v 0.116635 3.704071 -11.292782
v -0.466550 4.236040 -10.516714
v -0.310636 4.233782 -10.520405
v -0.632501 4.460087 -10.100245
v -0.479442 4.460169 -10.100193
v -1.393056 0.323139 -8.692745
v -1.212080 0.324516 -8.678961
v -1.358334 0.856819 -8.453283
v -1.173726 0.855568 -8.445127
v -1.344035 1.342598 -8.039674
v -1.159352 1.342598 -8.039674
v -1.339178 1.755642 -7.544551
v -1.154502 1.755642 -7.544551
v -1.339178 1.991398 -6.938836
v -1.154502 1.991398 -6.938836
v -1.339178 2.198387 -6.214531
v -1.154502 2.198387 -6.214531
v -1.339178 8.770031 -3.646481
v -1.154502 8.770031 -3.646481
v -1.304296 7.109684 -7.213405
v -1.119632 7.109684 -7.213402
v -1.281686 6.647453 -8.081491
v -1.096391 6.625776 -8.011208
v -0.761478 4.902142 -9.678667
v -0.613969 4.902142 -9.678684
v -0.883763 5.294344 -9.316242
v -0.742229 5.294188 -9.316339
v -0.948701 5.609354 -9.115601
v -0.827386 5.609320 -9.115612
v -1.179816 6.369173 -8.830889
v -1.040664 6.369173 -8.830889
v -0.343444 5.187185 -9.603609
v 0.413510 4.816776 -10.082869
v -0.394159 5.579491 -10.453112
v 0.413510 5.274260 -10.823547
v -0.394188 5.924271 -10.889722
v -0.144152 5.601002 -11.172102
v -0.185513 5.971357 -11.389949
v -0.389165 6.469225 -11.268390
v -0.323060 6.260029 -11.789608
v -0.288746 5.932764 -12.643694
v 0.413510 5.404934 -12.544538
v -0.077037 5.493429 -13.570944
v 0.780785 4.925695 -13.481280
v 0.780785 5.121494 -14.210339
v 0.780785 8.302328 -14.526951
v 0.087141 8.759802 -13.829844
v 0.780785 8.759802 -15.681547
v 0.780785 7.910179 -13.699135
v 0.087142 8.389448 -13.089159
v 0.780785 7.343786 -12.936663
v 0.087142 7.931957 -12.631679
v 0.780785 6.446520 -12.567231
v 0.087147 6.650761 -12.036225
v -0.313084 6.841373 -11.627762
v -0.279323 7.535769 -11.927299
v -0.507586 8.202934 -12.077075
v -0.507586 8.761148 -12.185999
v 0.016866 9.162075 -15.523790
v 0.780785 9.134678 -17.337627
v -0.354766 9.142014 -14.499949
v -0.816489 9.156664 -12.707288
v -0.769124 9.168941 -11.999660
v -0.616079 8.760683 -11.890681
v -0.616081 7.698458 -11.601379
v -0.523927 6.957182 -11.353607
v -0.616085 8.234549 -11.772546
v 0.780785 9.801163 -18.245144
v 0.103991 9.827257 -16.727211
v -0.470413 9.827257 -15.093355
v -0.707356 9.827257 -12.704356
v -0.587898 9.791811 -11.095182
v 0.780789 9.064825 -9.058988
v 0.040365 9.500460 -10.040827
v 0.780785 4.163195 -10.540346
v 0.413510 4.649292 -10.511303
v 0.780785 4.620729 -11.193892
v 0.413510 5.259275 -11.687676
v 0.780785 4.903961 -11.956347
v 0.780785 4.991060 -12.805958
v -0.484288 7.137114 -10.908758
v 0.780785 5.408222 -15.494649
v -0.369348 5.923681 -14.039932
v -0.833814 6.432888 -12.798692
v -0.594665 7.131550 -10.848782
v -0.391579 6.251619 -10.307107
v -0.393999 5.682770 -9.349632
v -0.394159 5.440155 -8.644165
v 0.724805 6.035889 -8.414609
v 0.750544 6.337725 -9.189034
v 0.747694 6.978476 -9.829330
v 0.747007 7.764664 -10.105519
v -0.614871 8.805222 -11.121237
v -0.691395 9.161238 -11.056364
v -0.615912 8.403286 -11.120179
v 0.780789 8.557911 -10.079124
v 0.780789 8.770681 -9.304744
v 0.780789 8.701368 -9.248233
v 0.780789 8.492212 -10.005720
v -0.010369 8.645319 -10.598816
v -0.042976 8.875095 -9.985561
v -0.049783 9.490059 -9.980106
v -0.694123 9.792040 -11.061482
v -0.816556 9.816465 -12.710025
v -0.566736 9.781771 -15.120726
v 0.017719 9.770576 -16.760983
v -0.616065 7.925665 -11.098021
v -0.439797 5.839302 -14.044982
v 0.780785 5.228813 -15.337868
v -0.907999 6.355705 -12.778760
v -0.844366 6.840141 -11.406591
v 0.780789 9.273567 -8.654291
v -0.022631 9.839396 -9.872404
v 0.067431 9.849882 -9.933478
v -0.691341 10.157385 -11.014215
v -0.585130 10.157154 -11.047917
v -0.873217 10.180128 -12.712152
v -0.763864 10.190882 -12.706450
v -0.696708 10.124567 -15.156476
v -0.600257 10.170120 -15.129000
v -0.146516 10.090502 -16.828445
v -0.060293 10.147148 -16.794790
v 0.780785 10.176497 -18.245144
v -0.661861 6.036257 -14.264776
v -1.171583 6.582502 -12.905367
v -0.591403 6.120657 -14.259740
v -1.097395 6.659702 -12.925314
v -1.071581 7.124813 -11.477081
v -0.998401 7.194078 -11.521248
v -0.768414 7.446688 -10.914097
v -0.613912 7.452322 -10.974075
v 0.836758 6.035889 -8.414609
v 2.822842 15.692667 -1.025191
v 2.822838 21.804140 -3.572809
v 1.870109 21.727055 -3.187901
v 1.870109 16.553143 -1.023041
v 1.870109 22.448669 -3.187901
v 2.822838 22.543980 -3.569134
v 2.822838 23.129450 -3.106209
v 1.870109 22.789051 -2.929206
v 2.822838 23.347301 -2.547975
v 1.870109 22.938831 -2.534357
v 2.822496 20.855669 -1.036658
v 1.870109 20.188494 -1.948893
v 1.870109 21.100752 -1.390660
v 1.870109 20.379107 -1.050274
v 1.870109 21.876816 -1.281735
v 2.822842 21.778730 -0.698753
v 1.870109 22.489496 -1.390660
v 2.822842 22.870739 -1.025191
v 2.822838 23.347301 -1.690199
v 1.870109 22.938831 -1.853587
v 1.945381 23.517277 -1.020810
v 1.870109 23.998951 -0.531301
v 2.822842 23.347301 -0.360178
v 1.870109 24.181648 -0.132695
v 1.870109 24.248100 0.814012
v 2.822842 23.347301 0.497600
v 1.870109 24.067493 1.517808
v 2.822842 23.129450 1.055831
v 1.870109 23.384438 2.275588
v 2.822842 22.543980 1.518755
v 1.870109 22.504133 2.508109
v 1.870109 21.230833 2.481761
v 2.822842 21.804140 1.522428
v 1.870109 16.351059 0.346861
v 1.870109 13.030315 -1.025189
v 1.780078 -12.987911 -1.025189
v 1.870109 -12.621170 -1.025189
v 1.870109 -14.279865 0.184222
v 1.780078 -14.279865 -0.098750
v 1.870109 -16.491932 -1.025189
v 1.780078 -16.026878 -1.025189
v 1.870109 -17.204681 -1.025189
v 1.685514 -18.133072 -0.134384
v 1.327471 -20.397179 -1.025189
v 1.870109 -14.341259 1.500680
v 1.870109 -14.009052 2.152756
v 1.870109 -13.393856 2.706408
v 1.870109 -12.791031 2.940170
v 1.870109 -11.413086 2.915563
v 1.870109 -4.152905 10.170373
v 1.870109 -5.097263 9.164293
v 1.870109 -5.707623 8.560185
v 2.282155 -14.316624 -1.025191
v 1.870109 -12.298965 -1.025189
v 1.870109 11.712345 9.474230
v 1.870109 16.244011 6.564621
v 1.870109 15.515663 7.312662
v 1.870109 14.610172 8.001641
v 1.870109 13.133806 8.808752
v 1.870109 10.470257 9.642180
v 1.870109 17.208614 5.403189
v 1.870109 17.976336 4.143332
v 1.870109 9.804785 9.713850
v 1.266548 9.991371 5.631262
v 1.266548 10.601294 5.444029
v 1.266548 11.500654 5.113934
v 1.266548 12.276775 4.637402
v 1.266576 9.272095 5.808073
v 1.266548 12.848595 4.242553
v 1.266548 13.338772 3.657086
v 1.266560 6.287571 5.437730
v 1.266560 7.485744 5.764501
v 1.266538 8.357128 5.808073
v 1.266560 14.116514 2.764929
v 2.485242 8.295542 -1.025191
v 1.870109 7.478664 -0.273458
v 1.870109 7.533102 -1.025189
v 1.870109 9.657101 -1.025189
v 1.524160 6.767601 0.472588
v 2.213931 6.767601 -1.025189
v 1.870109 18.465710 1.921041
v 1.870129 14.345167 1.905010
v 1.870109 22.446430 3.540497
v 1.870109 23.862406 3.780130
v 1.870109 24.441914 3.553576
v 1.729696 24.755604 4.499027
v 1.554725 25.387375 5.348627
v 1.351593 26.219559 6.028311
v 1.145701 27.334927 6.725424
v 1.870109 22.736679 3.155849
v 1.870109 23.998951 3.122633
v 1.870109 24.713121 2.557930
v 1.870109 25.144943 1.893583
v 2.063077 24.596840 -0.581130
v 1.870109 24.746353 -0.149302
v 1.870109 24.976372 -0.620100
v 1.870109 24.029652 -1.015052
v 1.870109 25.458036 -0.088621
v 2.063077 25.111734 -0.066257
v 2.063077 25.543558 1.382572
v 1.870109 25.866163 1.268228
v 1.870109 25.838871 2.083799
v 2.063077 25.477116 1.993237
v 1.870109 25.194782 0.780791
v 1.870109 15.718172 0.642167
v 1.870109 17.568842 1.505826
v 1.870090 12.031122 -1.025189
v 2.063077 18.033884 1.489215
v 2.063075 12.575781 -1.025189
v 2.063077 20.359135 2.435919
v 2.063077 22.686855 3.344778
v 2.063077 23.965721 3.421595
v 2.063077 24.613447 3.155849
v 2.063077 25.104092 2.712047
v 1.870109 25.208908 3.050444
v 1.870109 25.768627 0.602984
v 1.870109 114.375473 -1.025189
v 1.870109 108.779266 -1.025189
v 1.403251 24.976372 -0.620100
v 1.092024 25.458036 -0.088621
v 1.430355 105.750122 2.819354
v 1.658413 104.495316 2.505654
v 1.886115 102.857162 2.261665
v 1.870109 101.776550 2.331382
v 1.870109 25.584476 2.474144
v 2.063077 25.267986 2.483067
v 2.063075 25.434040 0.551059
v 1.352530 5.179285 -1.025189
v 1.478708 5.179285 -0.397340
v 1.599333 4.244934 -0.099507
v 1.870109 4.244934 -1.025189
v 1.598762 -11.094696 -0.149855
v 1.870091 0.045055 7.417611
v 1.870090 1.747364 6.809950
v 2.716078 2.617741 4.545778
v 2.716078 2.473473 5.050752
v 2.716078 2.199001 5.755874
v 2.290669 -0.436096 7.407254
v 2.716078 0.526054 7.092285
v 2.716078 1.126942 6.830151
v 2.716078 1.703995 6.349229
v 1.870090 20.923695 -0.340904
v 1.870090 21.533659 0.029434
v 1.870090 22.840742 0.094787
v 1.870090 22.949644 0.421562
v 1.870090 22.710001 0.857257
v 1.870090 21.991116 1.140457
v 1.870090 21.076160 0.944394
v 2.662337 0.564289 7.710798
v 0.780850 -1.251518 10.222812
v 2.716078 2.530888 6.364662
v 2.716078 2.930035 7.165496
v 2.164034 2.357830 7.955473
v 2.716078 1.986229 7.127136
v 2.716078 3.620033 6.146819
v 2.716078 3.859722 6.495375
v 2.716078 3.315079 5.318999
v 2.716078 4.556837 6.146819
v 2.716078 4.927168 5.101154
v 2.844517 0.559189 7.758592
v 2.470875 -0.443905 7.464289
v 2.405015 2.536572 8.076091
v 1.605045 3.282688 8.958410
v 2.870172 3.185467 7.248193
v 2.028120 3.800488 8.203321
v 2.194060 4.051056 7.737892
v 2.900256 0.525101 7.106280
v 2.900829 1.986835 7.131177
v 2.900680 1.128078 6.838318
v 2.900752 2.530888 6.364662
v 2.900752 1.703995 6.349229
v 2.900752 2.199001 5.755874
v 2.900752 3.620033 6.146819
v 2.900752 3.315079 5.318999
v 2.900752 2.473473 5.050752
v 2.900752 2.617741 4.545778
v 2.900752 4.927168 5.101154
v 2.900752 7.774605 2.530618
v 2.900752 6.657454 4.930529
v 2.901427 6.174313 5.842088
v 2.863918 4.120670 6.584896
v 2.188519 4.554323 7.257871
v 2.890864 4.785011 6.221747
v 2.317080 4.982815 6.861899
v 2.425103 5.381184 6.608111
v 2.769999 5.941746 6.398078
v 2.039135 1.796253 7.734824
v 1.446080 3.282688 8.958410
v 1.872202 3.800488 8.203321
v 1.148052 4.017551 7.698466
v 2.041006 4.051056 7.737892
v 1.148052 4.540373 7.240980
v 2.041006 4.554323 7.257871
v 2.175536 4.982815 6.861899
v 1.902176 4.969225 6.877894
v 2.303788 5.381184 6.608111
v 1.902176 5.383173 6.616477
v 2.630851 5.941746 6.398078
v 2.716078 6.152502 5.772133
v 2.716078 7.774605 2.530618
v 2.716078 6.657454 4.930529
v 0.806985 -2.614136 10.222342
v 2.532722 -0.805809 7.070340
v 2.352526 -0.797955 7.013311
v 0.806985 -2.510311 10.041848
v 1.604507 3.702873 9.244201
v 0.778996 3.156631 10.056932
v 0.778996 3.236629 9.936251
v 1.444932 3.704071 9.242401
v 2.028120 4.236040 8.466347
v 1.872202 4.233782 8.470030
v 2.194060 4.460087 8.049868
v 2.041006 4.460169 8.049815
v 2.954619 0.323139 6.642370
v 2.773654 0.324516 6.628581
v 2.919896 0.856819 6.402913
v 2.735289 0.855568 6.394749
v 2.905602 1.342598 5.989297
v 2.720929 1.342598 5.989297
v 2.900752 1.755642 5.494178
v 2.716078 1.755642 5.494178
v 2.900752 1.991398 4.888462
v 2.716078 1.991398 4.888462
v 2.900752 2.198387 4.164152
v 2.716078 2.198387 4.164152
v 2.900752 8.770031 1.596106
v 2.716078 8.770031 1.596106
v 2.865869 7.109684 5.163031
v 2.681199 7.109684 5.163031
v 2.843253 6.647453 6.031116
v 2.657958 6.625776 5.960829
v 2.323053 4.902142 7.628292
v 2.175536 4.902142 7.628304
v 2.445334 5.294344 7.265870
v 2.303788 5.294188 7.265953
v 2.510271 5.609354 7.065223
v 2.388949 5.609320 7.065237
v 2.741372 6.369173 6.780510
v 2.602230 6.369173 6.780510
v 1.905003 5.187185 7.553240
v 1.148052 4.816776 8.032488
v 1.955733 5.579491 8.402730
v 1.148052 5.274260 8.773176
v 1.955751 5.924271 8.839350
v 1.705720 5.601002 9.121732
v 1.747082 5.971357 9.339582
v 1.950730 6.469225 9.218024
v 1.884630 6.260029 9.739234
v 1.850308 5.932764 10.593318
v 1.148052 5.404934 10.494169
v 1.638609 5.493429 11.520559
v 1.474423 8.759802 11.779463
v 1.474423 8.389448 11.038779
v 1.474423 7.931957 10.581305
v 1.474414 6.650761 9.985852
v 1.874646 6.841373 9.577382
v 1.840895 7.535769 9.876933
v 2.069151 8.202934 10.026699
v 2.069151 8.761148 10.135615
v 1.544699 9.162075 13.473419
v 1.916336 9.142014 12.449564
v 2.378058 9.156664 10.656913
v 2.330688 9.168941 9.949287
v 2.177645 8.760683 9.840299
v 2.177645 7.698458 9.551002
v 2.085492 6.957182 9.303224
v 2.177647 8.234549 9.722178
v 1.457584 9.827257 14.676830
v 2.031991 9.827257 13.042990
v 2.268915 9.827257 10.653976
v 2.149472 9.791811 9.044801
v 1.521207 9.500460 7.990451
v 1.148052 4.649292 8.460929
v 1.148052 5.259275 9.637290
v 2.045852 7.137114 8.858383
v 1.930916 5.923681 11.989550
v 2.395385 6.432888 10.748323
v 2.156230 7.131550 8.798407
v 1.953142 6.251619 8.256742
v 1.955564 5.682770 7.299262
v 1.955733 5.440155 6.593789
v 0.811019 6.337725 7.138661
v 0.813874 6.978476 7.778951
v 0.814562 7.764664 8.055138
v 2.176436 8.805222 9.070850
v 2.252959 9.161238 9.005989
v 2.177485 8.403286 9.069808
v 1.571934 8.645319 8.548435
v 1.604539 8.875095 7.935183
v 1.611348 9.490059 7.929737
v 2.255686 9.792040 9.011113
v 2.378120 9.816465 10.659646
v 2.128296 9.781771 13.070349
v 1.543844 9.770576 14.710625
v 2.177638 7.925665 9.047649
v 2.001368 5.839302 11.994593
v 2.469563 6.355705 10.728395
v 2.405937 6.840141 9.356228
v 1.584197 9.839396 7.822025
v 1.494136 9.849882 7.883105
v 2.252916 10.157385 8.963838
v 2.146694 10.157154 8.997543
v 2.434784 10.180128 10.661777
v 2.325425 10.190882 10.656061
v 2.258272 10.124567 13.106100
v 2.161819 10.170120 13.078634
v 1.708083 10.090502 14.778063
v 1.621854 10.147148 14.744431
v 2.223434 6.036257 12.214409
v 2.733151 6.582502 10.854982
v 2.152970 6.120657 12.209383
v 2.658959 6.659702 10.874935
v 2.633152 7.124813 9.426704
v 2.559960 7.194078 9.470872
v 2.329980 7.446688 8.863717
v 2.175481 7.452322 8.923709
v 1.870109 24.181648 -1.917683
v 1.870109 23.998951 -1.519072
v 1.870109 24.248100 -2.864386
v 1.870109 24.067493 -3.568185
v 1.870109 23.384438 -4.325960
v 1.870109 22.504133 -4.558484
v 1.870109 21.230833 -4.532139
v 1.870109 16.351059 -2.397237
v 1.870109 -14.279865 -2.234599
v 1.780078 -14.279865 -1.951626
v 1.685512 -18.133072 -1.915992
v 1.870109 -14.341259 -3.551054
v 1.870109 -14.009052 -4.203131
v 1.870109 -13.393856 -4.756783
v 1.870109 -12.791031 -4.990547
v 1.870109 -11.413086 -4.965938
v 1.870109 -4.152905 -12.220753
v 1.870109 -5.097263 -11.214676
v 1.870109 -5.707623 -10.610556
v 1.870109 11.712345 -11.524600
v 1.870109 16.244011 -8.614992
v 1.870109 15.515663 -9.363032
v 1.870109 14.610172 -10.052017
v 1.870109 13.133806 -10.859113
v 1.870109 10.470257 -11.692567
v 1.870109 17.208614 -7.453562
v 1.870109 17.976336 -6.193703
v 1.870109 9.804785 -11.764230
v 1.266546 9.991371 -7.681641
v 1.266546 11.500654 -7.164319
v 1.266546 10.601294 -7.494411
v 1.266546 12.276775 -6.687777
v 1.266576 9.272095 -7.858446
v 1.266546 12.848595 -6.292931
v 1.266546 13.338772 -5.707467
v 1.266560 7.485744 -7.814877
v 1.266560 6.287571 -7.488107
v 1.266538 8.357128 -7.858446
v 1.266560 14.116514 -4.815302
v 1.870109 7.478664 -1.776915
v 1.524160 6.767601 -2.522967
v 1.870109 18.465710 -3.971420
v 1.870129 14.345167 -3.955392
v 1.870109 22.446430 -5.590875
v 1.870109 23.862406 -5.830506
v 1.870109 24.441914 -5.603948
v 1.729694 24.755604 -6.549406
v 1.554725 25.387375 -7.399007
v 1.351591 26.219559 -8.078691
v 1.145701 27.334927 -8.775803
v 1.870109 22.736679 -5.206227
v 1.870109 23.998951 -5.173009
v 1.870109 24.713121 -4.608310
v 1.870109 25.144943 -3.943958
v 1.870109 24.746353 -1.901073
v 2.063077 24.596840 -1.469246
v 1.945381 23.517277 -1.029565
v 1.870109 24.976372 -1.430274
v 1.870109 24.029652 -1.035324
v 1.870109 25.458036 -1.961754
v 2.063077 25.111734 -1.984120
v 1.870109 25.838871 -4.134174
v 1.870109 25.866163 -3.318610
v 2.063077 25.543558 -3.432951
v 2.063077 25.477116 -4.043612
v 1.870109 25.194782 -2.831167
v 2.063077 20.359135 -4.486294
v 2.063077 22.686855 -5.395152
v 2.063077 23.965721 -5.471968
v 2.063077 24.613447 -5.206227
v 2.063077 25.104092 -4.762425
v 1.870109 25.208908 -5.100818
v 1.870109 25.768627 -2.653361
v 1.403251 24.976372 -1.430274
v 1.092024 25.458036 -1.961754
v 1.430350 105.750122 -4.869732
v 1.658413 104.495316 -4.556033
v 1.886113 102.857162 -4.312042
v 1.870109 101.776550 -4.381754
v 1.870109 25.584476 -4.524521
v 2.063077 25.267986 -4.533438
v 2.063073 25.434040 -2.601432
v 1.478708 5.179285 -1.653034
v 1.599333 4.244934 -1.950872
v 1.598762 -11.094696 -1.900518
v 1.870090 1.747364 -8.860331
v 1.870090 0.045055 -9.467983
v 2.716078 2.617741 -6.596159
v 2.716078 2.473473 -7.101127
v 2.716078 2.199001 -7.806258
v 2.290669 -0.436096 -9.457632
v 2.716078 0.526054 -9.142656
v 2.716078 1.126942 -8.880527
v 2.716078 1.703995 -8.399606
v 2.662337 0.564289 -9.761169
v 0.780848 -1.251518 -12.273182
v 2.164023 2.357830 -10.005850
v 2.716078 2.930035 -9.215872
v 2.716078 2.530888 -8.415039
v 2.716078 1.986229 -9.177509
v 2.716078 3.859722 -8.545750
v 2.716078 3.620033 -8.197196
v 2.716078 3.315079 -7.369375
v 2.716078 4.556837 -8.197196
v 2.716078 4.927168 -7.151526
v 2.844515 0.559189 -9.808960
v 2.470875 -0.443905 -9.514671
v 2.405013 2.536572 -10.126472
v 1.605045 3.282688 -11.008790
v 2.870172 3.185467 -9.298564
v 2.028114 3.800488 -10.253699
v 2.194060 4.051056 -9.788271
v 2.900252 0.525101 -9.156663
v 2.900826 1.986835 -9.181545
v 2.900677 1.128078 -8.888702
v 2.900748 2.530888 -8.415039
v 2.900748 1.703995 -8.399606
v 2.900750 2.199001 -7.806258
v 2.900748 3.620033 -8.197196
v 2.900750 3.315079 -7.369375
v 2.900750 2.473473 -7.101127
v 2.900750 2.617741 -6.596159
v 2.900750 4.927168 -7.151526
v 2.900750 7.774605 -4.580998
v 2.900750 6.657454 -6.980896
v 2.901423 6.174313 -7.892463
v 2.863918 4.120670 -8.635273
v 2.188516 4.554323 -9.308238
v 2.890861 4.785011 -8.272123
v 2.317075 4.982815 -8.912275
v 2.425103 5.381184 -8.658487
v 2.769997 5.941746 -8.448446
v 2.039135 1.796253 -9.785194
v 1.446076 3.282688 -11.008790
v 1.148052 4.017551 -9.748835
v 1.872202 3.800488 -10.253699
v 1.148052 4.540373 -9.291361
v 2.041004 4.051056 -9.788271
v 2.041004 4.554323 -9.308238
v 1.902174 4.969225 -8.928278
v 2.175532 4.982815 -8.912275
v 1.902174 5.383173 -8.666862
v 2.303784 5.381184 -8.658487
v 2.716078 6.152502 -7.822503
v 2.630847 5.941746 -8.448446
v 2.716078 7.774605 -4.580998
v 2.716078 6.657454 -6.980896
v 0.806979 -2.614136 -12.272713
v 2.532722 -0.805809 -9.120727
v 2.352516 -0.797955 -9.063692
v 0.806979 -2.510311 -12.092226
v 1.604507 3.702873 -11.294586
v 0.778996 3.156631 -12.107317
v 0.778996 3.236629 -11.986625
v 1.444928 3.704071 -11.292782
v 2.028114 4.236040 -10.516714
v 1.872202 4.233782 -10.520405
v 2.194060 4.460087 -10.100245
v 2.041004 4.460169 -10.100193
v 2.954619 0.323139 -8.692745
v 2.773650 0.324516 -8.678961
v 2.919894 0.856819 -8.453283
v 2.735287 0.855568 -8.445127
v 2.905599 1.342598 -8.039674
v 2.720923 1.342598 -8.039674
v 2.900750 1.755642 -7.544551
v 2.716078 1.755642 -7.544551
v 2.900750 1.991398 -6.938836
v 2.716078 1.991398 -6.938836
v 2.900750 2.198387 -6.214531
v 2.716078 2.198387 -6.214531
v 2.900750 8.770031 -3.646481
v 2.716078 8.770031 -3.646481
v 2.865869 7.109684 -7.213405
v 2.681199 7.109684 -7.213402
v 2.843249 6.647453 -8.081491
v 2.657958 6.625776 -8.011208
v 2.323050 4.902142 -9.678667
v 2.175532 4.902142 -9.678684
v 2.445324 5.294344 -9.316242
v 2.303784 5.294188 -9.316339
v 2.510266 5.609354 -9.115601
v 2.388947 5.609320 -9.115612
v 2.741368 6.369173 -8.830889
v 2.602228 6.369173 -8.830889
v 1.148052 4.816776 -10.082869
v 1.905003 5.187185 -9.603609
v 1.148052 5.274260 -10.823547
v 1.955730 5.579491 -10.453112
v 1.705718 5.601002 -11.172102
v 1.955743 5.924271 -10.889722
v 1.747077 5.971357 -11.389949
v 1.950726 6.469225 -11.268390
v 1.884630 6.260029 -11.789608
v 1.850308 5.932764 -12.643694
v 1.148052 5.404934 -12.544538
v 1.638607 5.493429 -13.570944
v 1.474422 8.759802 -13.829844
v 1.474422 8.389448 -13.089159
v 1.474422 7.931957 -12.631679
v 1.474414 6.650761 -12.036225
v 1.874646 6.841373 -11.627762
v 1.840895 7.535769 -11.927299
v 2.069151 8.202934 -12.077075
v 2.069151 8.761148 -12.185999
v 1.544697 9.162075 -15.523790
v 1.916331 9.142014 -14.499949
v 2.378058 9.156664 -12.707288
v 2.330687 9.168941 -11.999660
v 2.177645 8.760683 -11.890681
v 2.177645 7.698458 -11.601379
v 2.085488 6.957182 -11.353607
v 2.177645 8.234549 -11.772546
v 1.457582 9.827257 -16.727211
v 2.031987 9.827257 -15.093355
v 2.268915 9.827257 -12.704356
v 2.149472 9.791811 -11.095182
v 1.521203 9.500460 -10.040827
v 1.148052 4.649292 -10.511303
v 1.148052 5.259275 -11.687676
v 2.045852 7.137114 -10.908758
v 1.930913 5.923681 -14.039932
v 2.395383 6.432888 -12.798692
v 2.156230 7.131550 -10.848782
v 1.953142 6.251619 -10.307107
v 1.955564 5.682770 -9.349632
v 1.955730 5.440155 -8.644165
v 0.811019 6.337725 -9.189034
v 0.813873 6.978476 -9.829330
v 0.814562 7.764664 -10.105519
v 2.252957 9.161238 -11.056364
v 2.176435 8.805222 -11.121237
v 2.177483 8.403286 -11.120179
v 1.571928 8.645319 -10.598816
v 1.604539 8.875095 -9.985561
v 1.611342 9.490059 -9.980106
v 2.255684 9.792040 -11.061482
v 2.378119 9.816465 -12.710025
v 2.128292 9.781771 -15.120726
v 1.543842 9.770576 -16.760983
v 2.177636 7.925665 -11.098021
v 2.001364 5.839302 -14.044982
v 2.469555 6.355705 -12.778760
v 2.405935 6.840141 -11.406591
v 1.584197 9.839396 -9.872404
v 1.494133 9.849882 -9.933478
v 2.252913 10.157385 -11.014215
v 2.146694 10.157154 -11.047917
v 2.434780 10.180128 -12.712152
v 2.325425 10.190882 -12.706450
v 2.258272 10.124567 -15.156476
v 2.161813 10.170120 -15.129000
v 1.708072 10.090502 -16.828445
v 1.621848 10.147148 -16.794790
v 2.223429 6.036257 -14.264776
v 2.733148 6.582502 -12.905367
v 2.152966 6.120657 -14.259740
v 2.658957 6.659702 -12.925314
v 2.633146 7.124813 -11.477081
v 2.559960 7.194078 -11.521248
v 2.329980 7.446688 -10.914097
v 2.175477 7.452322 -10.974075
v 2.035975 99.426163 0.222818
v 2.628398 99.187973 -1.025191
v 2.035975 106.977310 -1.025189
v 2.035975 99.044998 -0.389871
v 2.035975 97.754395 -0.410866
v 2.628398 96.342606 -1.025191
v 2.628398 89.340698 0.726686
v 2.628398 89.702911 1.752625
v 2.035975 89.295441 1.915638
v 2.035975 88.891388 1.189610
v 2.035975 95.647415 0.061188
v 2.628398 95.351334 -0.149179
v 2.628398 92.788712 -1.025191
v 2.035975 92.709702 0.423328
v 2.035975 89.678909 -0.323677
v 2.628398 89.172394 -1.025191
v 2.035975 93.886078 -0.360923
v 2.035975 94.931732 -0.339139
v 2.035975 88.735062 0.630269
v 2.035975 88.735062 -0.393616
v 2.035975 89.922256 0.413566
v 2.035975 89.987549 0.891737
v 2.035975 90.074432 1.304694
v 2.628398 98.723282 0.880871
v 2.035975 98.205368 0.125242
v 2.035975 99.266739 0.303530
v 2.035975 101.061493 2.837008
v 2.035975 98.281815 1.695926
v 2.035975 97.746887 0.430891
v 2.035975 97.146622 -0.146350
v 2.035975 97.458176 -0.316249
v 2.628398 90.056183 2.418249
v 2.035975 89.757324 2.880123
v 2.035975 90.395813 2.105814
v 2.035975 91.604767 5.298130
v 2.035975 90.906769 4.523260
v 2.628398 91.270325 4.143209
v 2.035975 92.311111 5.121527
v 2.628398 90.361832 3.012902
v 2.035975 89.980453 3.298820
v 2.035975 90.715790 2.726978
v 2.035975 91.353668 3.234879
v 2.628398 91.076843 3.864442
v 2.035975 91.724060 3.670573
v 2.035975 84.842667 -1.025189
v 2.035975 92.510895 4.348577
v 2.628398 90.903259 3.657668
v 2.035975 90.502808 3.972689
v 2.035975 90.701096 4.228421
v 2.035975 99.426163 -2.273196
v 2.035975 99.044998 -1.660498
v 2.035975 97.754395 -1.639509
v 2.035975 89.263596 -4.007362
v 2.628398 89.702911 -3.802999
v 2.628398 89.340698 -2.777059
v 2.035975 88.991241 -3.244895
v 2.628398 95.351334 -1.901197
v 2.035975 95.619888 -2.135432
v 2.035975 89.678909 -1.726699
v 2.035975 92.709702 -2.473706
v 2.035975 93.886078 -1.689456
v 2.035975 94.931732 -1.711239
v 2.035975 88.827805 -2.659431
v 2.035975 88.735062 -1.656762
v 2.035995 89.794601 -2.550506
v 2.036015 89.876266 -2.958970
v 2.035975 90.094162 -3.544436
v 2.035975 98.205368 -2.175616
v 2.628398 98.723282 -2.931244
v 2.035975 99.266739 -2.353909
v 2.035975 101.061493 -4.887384
v 2.035975 98.217117 -3.786791
v 2.035975 97.746887 -2.481264
v 2.035975 97.168671 -1.962315
v 2.035975 97.454605 -1.771699
v 2.628398 90.056183 -4.468630
v 2.035975 89.644852 -4.810677
v 2.035975 90.395813 -4.156191
v 2.628398 91.270325 -6.193590
v 2.035975 90.906769 -6.573639
v 2.035975 91.604767 -7.348503
v 2.035975 92.311111 -7.171909
v 2.035975 89.980453 -5.349199
v 2.628398 90.361832 -5.063273
v 2.035975 90.788605 -4.783445
v 2.035975 91.673492 -5.831838
v 2.628419 91.033585 -5.981608
v 2.035975 92.408707 -6.526228
v 2.035975 91.264999 -5.355297
v 2.628398 90.829346 -5.722916
v 2.035975 90.502808 -6.023063
v 2.035975 90.701096 -6.278799
v 2.035975 93.188995 -2.408352
v 2.035975 92.056152 -5.066091
v 2.628398 93.864304 -3.170817
v 2.035975 94.496048 -3.889714
v 2.035975 94.735641 -2.756908
v 2.035975 94.343491 -2.255860
v 2.035975 96.372177 -0.784575
v 2.035975 96.389221 -1.320685
v 2.226323 40.509708 4.120649
v 2.035975 40.509708 4.120649
v 2.035975 39.505882 3.841808
v 2.226323 39.505882 3.841808
v 2.226323 40.635498 2.852001
v 2.226323 41.959728 3.841808
v 2.035975 41.959728 3.841808
v 2.035975 40.635498 2.852001
v 2.035975 43.560787 2.352317
v 2.226323 43.560787 2.352317
v 2.226323 48.871078 1.540083
v 2.035975 48.871078 1.540083
v 2.226323 45.278847 1.632824
v 2.226323 47.688911 0.982490
v 2.035975 47.688911 0.982490
v 2.035975 45.278847 1.632824
v 2.035975 36.103985 -1.010107
v 2.226323 36.103985 -1.010107
v 2.226319 36.063000 -2.117641
v 2.035975 36.063000 -2.117641
v 2.035975 33.650196 -0.508182
v 2.226323 33.650196 -0.508182
v 2.226319 32.367455 -1.344719
v 2.035975 32.367455 -1.344719
v 2.226319 22.851002 -5.504740
v 2.035975 22.851002 -5.504740
v 2.035975 28.798229 -3.408173
v 2.226319 28.798229 -3.408173
v 2.226319 17.644735 -13.188425
v 2.035974 17.644735 -13.188425
v 2.035974 26.781893 -12.189037
v 2.226319 26.781893 -12.189037
v 2.035975 65.298248 7.631279
v 2.226325 65.298248 7.631279
v 2.226325 63.047394 8.224665
v 2.035975 63.047394 8.224665
v 2.226325 65.166595 9.172735
v 2.035975 65.166595 9.172735
v 2.035975 66.246292 7.687050
v 2.226325 66.246292 7.687050
v 2.226325 67.285843 9.507347
v 2.035975 67.285843 9.507347
v 2.226325 67.696320 7.408203
v 2.226325 70.297394 8.670807
v 2.035975 70.297394 8.670807
v 2.035975 67.696320 7.408203
v 2.035975 70.205917 6.850512
v 2.226325 70.205917 6.850512
v 2.226323 79.945419 4.878521
v 2.035975 79.945419 4.878521
v 2.035975 78.961624 4.173598
v 2.226323 78.961624 4.173598
v 2.035975 78.198288 3.582624
v 2.226323 78.198288 3.582624
v 2.226323 80.893570 3.149683
v 2.226323 82.150909 4.469833
v 2.035975 82.150909 4.469833
v 2.035975 83.436218 5.624434
v 2.226319 83.438980 5.625386
v 2.226336 81.828064 6.563954
v 2.035975 81.826660 6.563815
v 2.226319 83.272644 7.260357
v 2.035975 83.269684 7.260929
v 2.035975 75.636337 11.973417
v 2.226325 75.636337 11.973417
v 2.035975 76.417007 9.631107
v 2.226325 76.417007 9.631107
v 2.226329 82.572601 12.489281
v 2.035975 82.572601 12.489281
v 2.035975 82.468018 10.781358
v 2.226325 82.468018 10.781358
v 2.035975 84.803345 8.620302
v 2.226333 84.803604 8.618751
v 2.226336 85.640228 7.956691
v 2.226323 90.701096 4.228421
v 2.226323 90.906769 4.523260
v 2.035975 85.639908 7.958055
v 2.226323 90.502808 3.972689
v 2.183169 84.287033 6.584279
v 1.992805 84.284454 6.584436
v 2.035975 80.893570 3.149683
v 2.226323 88.735062 0.630269
v 2.226323 88.891388 1.189610
v 2.226323 79.745026 1.404140
v 2.035975 79.745026 1.404140
v 2.035975 77.678955 3.504370
v 2.226323 77.678955 3.504370
v 2.226323 79.317169 1.152308
v 2.035975 79.317169 1.152308
v 2.226323 78.568695 1.186295
v 2.035975 78.568695 1.186295
v 2.035975 77.065491 3.582624
v 2.226323 77.065491 3.582624
v 2.226323 76.054718 1.452064
v 2.035975 76.054718 1.452064
v 2.035975 73.462326 4.876638
v 2.226323 73.462326 4.876638
v 2.226323 74.660507 1.452064
v 2.226323 73.719406 1.486922
v 2.035975 73.719406 1.486922
v 2.035975 74.660507 1.452064
v 2.035995 72.460190 4.876638
v 2.226341 72.460190 4.876638
v 2.035975 71.000626 4.397377
v 2.226323 71.000626 4.397377
v 2.226323 72.011444 1.521777
v 2.226323 71.105164 1.452064
v 2.035975 71.105164 1.452064
v 2.035975 72.011444 1.521777
v 2.226323 68.769882 1.242936
v 2.226323 67.863663 1.347507
v 2.035975 67.863663 1.347507
v 2.035975 68.769882 1.242936
v 2.226319 52.771343 -1.398030
v 2.035975 52.771343 -1.398030
v 2.035975 53.640026 -1.637949
v 2.226319 53.640026 -1.637951
v 2.226323 54.756931 -0.994877
v 2.035975 54.756931 -0.994876
v 2.035975 53.964008 -0.696402
v 2.226323 53.964008 -0.696402
v 2.226323 52.036160 0.125503
v 2.035975 52.036160 0.125503
v 2.035975 51.376324 0.472266
v 2.226323 51.376324 0.472266
v 2.035975 49.990482 -0.243280
v 2.226323 49.990482 -0.243280
v 2.035975 50.744701 -0.563815
v 2.226323 50.744701 -0.563815
v 2.226319 32.204876 -10.482504
v 2.035975 32.204876 -10.482504
v 2.035975 39.231754 -9.367125
v 2.226319 39.231754 -9.367125
v 2.035975 61.364326 3.671151
v 2.226323 61.364326 3.671151
v 2.226323 62.483978 4.331968
v 2.035975 62.483978 4.331963
v 2.035975 61.676239 5.255212
v 2.226323 61.676239 5.255212
v 2.226323 60.666409 4.717862
v 2.035975 60.666409 4.717862
v 2.035975 65.691299 1.041663
v 2.226323 65.691299 1.041663
v 2.226341 64.769257 0.488689
v 2.035995 64.769257 0.488689
v 2.035974 43.046383 -13.270957
v 2.226319 43.046383 -13.270957
v 2.035974 48.311001 -13.181723
v 2.226319 48.311001 -13.181723
v 2.035995 65.431503 -0.347847
v 2.226341 65.431503 -0.347845
v 2.226323 66.509811 0.341528
v 2.035975 66.509811 0.341528
v 2.226319 65.493439 -6.739010
v 2.035975 65.493439 -6.739010
v 2.035975 65.423752 -8.830345
v 2.226319 65.423752 -8.830345
v 2.035975 70.362778 -2.388061
v 2.226319 70.362778 -2.388059
v 2.226341 69.474808 -3.206010
v 2.035995 69.474808 -3.206010
v 2.226319 59.672543 -8.272660
v 2.035975 59.672543 -8.272659
v 2.035975 59.811947 -10.747408
v 2.226319 59.811947 -10.747408
v 2.035975 68.939377 -2.718029
v 2.226319 68.939377 -2.718029
v 2.226319 69.793640 -1.966559
v 2.035975 69.793640 -1.966559
v 2.035975 68.705505 -1.102452
v 2.226323 68.705505 -1.102452
v 2.226341 67.627487 -1.951206
v 2.035995 67.627487 -1.951206
v 2.226341 67.104599 -1.532937
v 2.035995 67.104599 -1.532937
v 2.035975 68.126892 -0.850707
v 2.226323 68.126892 -0.850706
v 2.226319 51.028324 -11.793075
v 2.035974 51.028324 -11.793075
v 2.035974 54.200199 -11.618800
v 2.226319 54.200199 -11.618800
v 2.035989 67.055649 -0.001519
v 2.226337 67.055649 -0.001518
v 2.226341 65.954391 -0.800969
v 2.035995 65.954391 -0.800969
v 2.226323 62.762531 2.272684
v 2.035975 62.762531 2.272681
v 2.035975 63.838127 2.934193
v 2.226323 63.838127 2.934194
v 2.226319 41.373322 -8.709053
v 2.035975 41.373322 -8.709051
v 2.035975 46.448273 -7.760979
v 2.226319 46.448273 -7.760979
v 2.035980 68.922089 7.129759
v 2.226330 68.922089 7.129759
v 2.035995 63.096207 3.799981
v 2.226341 63.096207 3.799981
v 2.226323 61.896530 3.111567
v 2.035975 61.896530 3.111567
v 2.226325 61.343224 5.597498
v 2.035975 61.343224 5.597498
v 2.035975 60.332706 5.077874
v 2.226323 60.332706 5.077874
v 2.226298 89.758652 2.883214
v 2.226298 89.296814 1.918727
v 1.443544 99.187973 -1.025189
v 1.443544 96.342606 -1.025189
v 1.443544 89.702911 1.752625
v 1.443544 89.340698 0.726686
v 1.443544 95.351334 -0.149179
v 1.443544 92.788712 -1.025189
v 1.443544 89.172394 -1.025189
v 1.443544 98.723282 0.880871
v 1.443544 90.056183 2.418249
v 1.443544 91.270325 4.143209
v 1.443544 90.361832 3.012902
v 1.443544 91.076843 3.864442
v 1.443544 90.903259 3.657668
v 1.443544 89.340698 -2.777059
v 1.443544 89.702911 -3.802999
v 1.443544 95.351334 -1.901197
v 1.443544 98.723282 -2.931244
v 1.443544 90.056183 -4.468630
v 1.443544 91.270325 -6.193590
v 1.443544 90.361832 -5.063273
v 1.443528 91.033585 -5.981608
v 1.443544 90.829346 -5.722916
v 1.443544 93.864304 -3.170817
v 1.845628 40.509708 4.120649
v 1.845628 39.505882 3.841808
v 1.845628 40.635498 2.852001
v 1.845628 41.959728 3.841808
v 1.845628 43.560787 2.352317
v 1.845628 48.871078 1.540083
v 1.845628 45.278847 1.632824
v 1.845628 47.688911 0.982490
v 1.845628 36.103985 -1.010107
v 1.845628 36.063000 -2.117641
v 1.845628 33.650196 -0.508182
v 1.845628 32.367455 -1.344719
v 1.845628 22.851002 -5.504740
v 1.845628 28.798229 -3.408173
v 1.845624 17.644735 -13.188425
v 1.845624 26.781893 -12.189037
v 1.845628 65.298248 7.631279
v 1.845628 63.047394 8.224665
v 1.845628 65.166595 9.172735
v 1.845628 66.246292 7.687050
v 1.845628 67.285843 9.507347
v 1.845628 67.696320 7.408203
v 1.845628 70.297394 8.670807
v 1.845628 70.205917 6.850512
v 1.845628 79.945419 4.878521
v 1.845628 78.961624 4.173598
v 1.845628 78.198288 3.582624
v 1.845628 80.893570 3.149683
v 1.845628 82.150909 4.469833
v 1.845640 83.438980 5.625386
v 1.845618 81.828064 6.563954
v 1.845630 83.272644 7.260357
v 1.845628 75.636337 11.973417
v 1.845628 76.417007 9.631107
v 1.845628 82.572601 12.489281
v 1.845628 82.468018 10.781358
v 1.845620 84.803604 8.618751
v 1.845620 85.640228 7.956691
v 1.845628 90.701096 4.228421
v 1.845628 90.906769 4.523260
v 1.845628 90.502808 3.972689
v 2.079149 84.284454 6.584436
v 1.888787 84.287033 6.584279
v 1.845628 88.735062 0.630269
v 1.845628 88.891388 1.189610
v 1.845628 79.745026 1.404140
v 1.845628 77.678955 3.504370
v 1.845628 79.317169 1.152308
v 1.845628 78.568695 1.186295
v 1.845628 77.065491 3.582624
v 1.845628 76.054718 1.452064
v 1.845628 73.462326 4.876638
v 1.845628 74.660507 1.452064
v 1.845628 73.719406 1.486922
v 1.845609 72.460190 4.876638
v 1.845628 71.000626 4.397377
v 1.845628 72.011444 1.521777
v 1.845628 71.105164 1.452064
v 1.845628 68.769882 1.242936
v 1.845628 67.863663 1.347507
v 1.845628 52.771343 -1.398030
v 1.845628 53.640026 -1.637949
v 1.845628 54.756931 -0.994876
v 1.845628 53.964008 -0.696402
v 1.845628 52.036160 0.125503
v 1.845628 51.376324 0.472266
v 1.845628 49.990482 -0.243280
v 1.845628 50.744701 -0.563815
v 1.845624 32.204876 -10.482504
v 1.845624 39.231754 -9.367125
v 1.845628 61.364326 3.671151
v 1.845628 62.483978 4.331968
v 1.845628 61.676239 5.255212
v 1.845628 60.666409 4.717862
v 1.845628 65.691299 1.041663
v 1.845609 64.769257 0.488689
v 1.845624 43.046383 -13.270957
v 1.845624 48.311001 -13.181723
v 1.845609 65.431503 -0.347845
v 1.845628 66.509811 0.341528
v 1.845628 65.493439 -6.739010
v 1.845624 65.423752 -8.830345
v 1.845628 70.362778 -2.388059
v 1.845609 69.474808 -3.206010
v 1.845624 59.672543 -8.272660
v 1.845624 59.811947 -10.747408
v 1.845628 68.939377 -2.718029
v 1.845628 69.793640 -1.966559
v 1.845628 68.705505 -1.102452
v 1.845609 67.627487 -1.951206
v 1.845609 67.104599 -1.532937
v 1.845628 68.126892 -0.850706
v 1.845624 51.028324 -11.793075
v 1.845624 54.200199 -11.618800
v 1.845613 67.055649 -0.001518
v 1.845609 65.954391 -0.800968
v 1.845628 62.762531 2.272684
v 1.845628 63.838127 2.934194
v 1.845624 41.373322 -8.709053
v 1.845628 46.448273 -7.760979
v 1.845633 68.922089 7.129759
v 1.845609 63.096207 3.799981
v 1.845628 61.896530 3.111567
v 1.845628 61.343224 5.597498
v 1.845628 60.332706 5.077874
v 1.845649 89.758652 2.883214
v 1.845649 89.296814 1.918727
v 2.224385 26.781893 -12.189037
v 2.224387 47.688911 0.982490
v 2.224387 48.871078 1.540083
v 2.224387 65.298248 7.631279
v 2.224387 61.343224 5.597498
v 2.224387 60.332706 5.077874
v 2.224387 51.376324 0.472266
v 2.224387 49.990482 -0.243280
vt 0.36435 0.21296
vt 0.37249 0.22232
vt 0.37048 0.21325
vt 0.37050 0.21325
vt 0.37069 0.21600
vt 0.37395 0.21685
vt 0.37744 0.47488
vt 0.39301 0.46844
vt 0.40383 0.45706
vt 0.40623 0.46032
vt 0.40199 0.46597
vt 0.41062 0.46003
vt 0.40728 0.46654
vt 0.41334 0.46466
vt 0.41021 0.46936
vt 0.41710 0.46524
vt 0.42086 0.47399
vt 0.42504 0.49035
vt 0.44260 0.46039
vt 0.43037 0.50260
vt 0.46053 0.44314
vt 0.45163 0.44018
vt 0.44410 0.45246
vt 0.43842 0.43648
vt 0.43737 0.44903
vt 0.43257 0.44107
vt 0.43176 0.43150
vt 0.42508 0.41779
vt 0.42128 0.42442
vt 0.45309 0.39108
vt 0.46233 0.39294
vt 0.46299 0.38935
vt 0.45278 0.38919
vt 0.45237 0.38874
vt 0.46166 0.38542
vt 0.46115 0.38504
vt 0.45120 0.38577
vt 0.45445 0.37313
vt 0.45639 0.41380
vt 0.45030 0.42609
vt 0.45270 0.43122
vt 0.45905 0.42161
vt 0.45330 0.43138
vt 0.45413 0.43439
vt 0.46249 0.42860
vt 0.45965 0.42177
vt 0.46350 0.43509
vt 0.46249 0.43960
vt 0.41982 0.46321
vt 0.42170 0.45554
vt 0.40383 0.45351
vt 0.45278 0.35851
vt 0.46383 0.35821
vt 0.45351 0.35547
vt 0.46366 0.35454
vt 0.45225 0.35301
vt 0.45205 0.35290
vt 0.46233 0.35130
vt 0.46213 0.35120
vt 0.44907 0.33182
vt 0.44167 0.33938
vt 0.04828 0.62453
vt 0.04576 0.62231
vt 0.04576 0.60833
vt 0.04828 0.60833
vt 0.04576 0.62651
vt 0.04576 0.60256
vt 0.04828 0.60067
vt 0.04576 0.59860
vt 0.04325 0.62453
vt 0.04325 0.60833
vt 0.04325 0.60067
vt 0.42023 0.52537
vt 0.46877 0.13202
vt 0.46877 0.12994
vt 0.45461 0.12596
vt 0.45022 0.12596
vt 0.46877 0.12092
vt 0.46877 0.11829
vt 0.48334 0.12596
vt 0.48701 0.12596
vt 0.21507 0.15214
vt 0.19335 0.15214
vt 0.19335 0.15919
vt 0.17224 0.15214
vt 0.19335 0.14320
vt 0.47583 0.13504
vt 0.52258 0.12596
vt 0.47583 0.11716
vt 0.47851 0.10649
vt 0.47800 0.14467
vt 0.44920 0.12992
vt 0.44927 0.12181
vt 0.33189 0.17029
vt 0.32805 0.17767
vt 0.33458 0.18266
vt 0.31431 0.17413
vt 0.29167 0.18542
vt 0.32571 0.16442
vt 0.31397 0.16421
vt 0.30686 0.15869
vt 0.32352 0.16060
vt 0.34380 0.16004
vt 0.33559 0.15759
vt 0.33671 0.17363
vt 0.34413 0.16699
vt 0.38487 0.16348
vt 0.38246 0.16100
vt 0.37174 0.17543
vt 0.37909 0.17566
vt 0.37457 0.16510
vt 0.36690 0.17060
vt 0.37457 0.16092
vt 0.37784 0.14880
vt 0.39828 0.14276
vt 0.39242 0.13916
vt 0.38689 0.13580
vt 0.39560 0.13452
vt 0.39945 0.13661
vt 0.40236 0.13206
vt 0.40364 0.13348
vt 0.40038 0.13042
vt 0.39932 0.10954
vt 0.40892 0.11080
vt 0.40892 0.06931
vt 0.40403 0.11157
vt 0.40420 0.11844
vt 0.40892 0.12596
vt 0.24243 0.34591
vt 0.24270 0.33903
vt 0.23277 0.33988
vt 0.23059 0.34642
vt 0.22397 0.33718
vt 0.21972 0.34438
vt 0.22047 0.32977
vt 0.21253 0.33866
vt 0.22097 0.32216
vt 0.20948 0.32216
vt 0.28350 0.12558
vt 0.28769 0.11583
vt 0.28595 0.11338
vt 0.28532 0.13798
vt 0.28752 0.13498
vt 0.23581 0.12563
vt 0.31022 0.13023
vt 0.31625 0.12501
vt 0.31055 0.12060
vt 0.29426 0.11598
vt 0.29369 0.13543
vt 0.29604 0.13798
vt 0.31226 0.13954
vt 0.22697 0.31845
vt 0.21847 0.31290
vt 0.23321 0.31989
vt 0.23046 0.31290
vt 0.23785 0.31494
vt 0.24370 0.31907
vt 0.23646 0.32339
vt 0.24245 0.32463
vt 0.23571 0.32833
vt 0.24420 0.30179
vt 0.23896 0.29623
vt 0.23796 0.30199
vt 0.24245 0.30858
vt 0.23321 0.30693
vt 0.23710 0.31103
vt 0.22747 0.30858
vt 0.22097 0.30385
vt 0.20998 0.30508
vt 0.21847 0.29582
vt 0.21128 0.28928
vt 0.22422 0.28924
vt 0.22022 0.28307
vt 0.23196 0.28821
vt 0.23346 0.28039
vt 0.24545 0.29027
vt 0.25045 0.28286
vt 0.25592 0.08237
vt 0.28515 0.10781
vt 0.29621 0.10317
vt 0.30418 0.09630
vt 0.30472 0.10038
vt 0.29480 0.10929
vt 0.29668 0.11226
vt 0.30593 0.10804
vt 0.30901 0.10279
vt 0.32630 0.10667
vt 0.32054 0.10205
vt 0.31518 0.10372
vt 0.31742 0.10818
vt 0.35838 0.08356
vt 0.35607 0.08059
vt 0.34816 0.08599
vt 0.35144 0.08876
vt 0.36659 0.07867
vt 0.36437 0.07676
vt 0.36294 0.07450
vt 0.35398 0.07819
vt 0.34497 0.08495
vt 0.36547 0.10200
vt 0.36500 0.09906
vt 0.34225 0.09049
vt 0.37156 0.09568
vt 0.36925 0.09509
vt 0.37784 0.09182
vt 0.37406 0.09176
vt 0.38368 0.09024
vt 0.37972 0.08977
vt 0.37799 0.09357
vt 0.38312 0.09217
vt 0.37218 0.09741
vt 0.36848 0.10119
vt 0.36275 0.11063
vt 0.36635 0.10548
vt 0.35979 0.10980
vt 0.36241 0.10278
vt 0.35731 0.10898
vt 0.34813 0.16469
vt 0.35216 0.16213
vt 0.36422 0.15378
vt 0.36539 0.14902
vt 0.35467 0.17002
vt 0.35839 0.16721
vt 0.36489 0.17409
vt 0.35134 0.17303
vt 0.36190 0.17663
vt 0.35677 0.18013
vt 0.35502 0.18656
vt 0.35936 0.14855
vt 0.34411 0.15470
vt 0.35822 0.14031
vt 0.35517 0.14264
vt 0.33808 0.15517
vt 0.33374 0.14801
vt 0.33123 0.15342
vt 0.33978 0.15069
vt 0.37851 0.18231
vt 0.37341 0.18287
vt 0.37948 0.17856
vt 0.38453 0.18026
vt 0.38680 0.17856
vt 0.38440 0.18343
vt 0.38864 0.18132
vt 0.39545 0.16326
vt 0.39188 0.16566
vt 0.39217 0.17891
vt 0.39619 0.16649
vt 0.39178 0.18198
vt 0.39838 0.18306
vt 0.39954 0.17984
vt 0.39066 0.18483
vt 0.39652 0.18610
vt 0.40416 0.18628
vt 0.40892 0.18304
vt 0.40674 0.17984
vt 0.40138 0.12596
vt 0.33232 0.14363
vt 0.34623 0.14948
vt 0.34780 0.14605
vt 0.32084 0.15783
vt 0.32335 0.15063
vt 0.32438 0.14392
vt 0.32118 0.14935
vt 0.31709 0.14276
vt 0.31598 0.14808
vt 0.30961 0.14796
vt 0.30506 0.14348
vt 0.29537 0.14135
vt 0.29168 0.14274
vt 0.29634 0.14813
vt 0.30593 0.15005
vt 0.25834 0.16839
vt 0.30576 0.15434
vt 0.28565 0.14251
vt 0.31142 0.11168
vt 0.34681 0.18788
vt 0.33964 0.21271
vt 0.35250 0.19805
vt 0.36776 0.19705
vt 0.36513 0.19070
vt 0.37199 0.19255
vt 0.34893 0.18404
vt 0.37690 0.20144
vt 0.40891 0.14489
vt 0.39778 0.14532
vt 0.40352 0.16146
vt 0.40891 0.16416
vt 0.40381 0.13905
vt 0.40406 0.16649
vt 0.33775 0.18506
vt 0.37590 0.05120
vt 0.36454 0.05938
vt 0.37193 0.05850
vt 0.36629 0.05387
vt 0.34113 0.03739
vt 0.35317 0.05291
vt 0.34758 0.06133
vt 0.35499 0.06339
vt 0.33609 0.06466
vt 0.35082 0.06704
vt 0.37056 0.07375
vt 0.37465 0.06929
vt 0.29046 0.19655
vt 0.28373 0.19966
vt 0.29943 0.22203
vt 0.27623 0.20367
vt 0.27351 0.18508
vt 0.37566 0.07183
vt 0.37638 0.07466
vt 0.38172 0.07262
vt 0.38151 0.07009
vt 0.39029 0.07241
vt 0.38977 0.06959
vt 0.38820 0.06684
vt 0.38120 0.06763
vt 0.39069 0.09910
vt 0.38478 0.08819
vt 0.38569 0.08991
vt 0.38667 0.09154
vt 0.38982 0.09153
vt 0.38992 0.08951
vt 0.38987 0.08792
vt 0.38733 0.08779
vt 0.37891 0.10796
vt 0.34212 0.09562
vt 0.33894 0.09458
vt 0.33441 0.09284
vt 0.32564 0.08556
vt 0.32151 0.09133
vt 0.33726 0.07729
vt 0.33118 0.08042
vt 0.33453 0.06667
vt 0.33022 0.07288
vt 0.29409 0.06493
vt 0.31373 0.07535
vt 0.31431 0.08680
vt 0.30894 0.09226
vt 0.33128 0.09802
vt 0.33525 0.09922
vt 0.33901 0.10154
vt 0.40892 0.22348
vt 0.33107 0.10163
vt 0.31947 0.09351
vt 0.32402 0.09908
vt 0.34543 0.10141
vt 0.33770 0.10806
vt 0.34891 0.10645
vt 0.39418 0.15982
vt 0.39819 0.15252
vt 0.39785 0.16016
vt 0.39100 0.15935
vt 0.38851 0.15841
vt 0.39259 0.14966
vt 0.38329 0.15660
vt 0.37608 0.15270
vt 0.37085 0.14843
vt 0.37535 0.14351
vt 0.36678 0.14560
vt 0.36281 0.14039
vt 0.40223 0.12129
vt 0.39426 0.11328
vt 0.40007 0.11604
vt 0.39870 0.11039
vt 0.37921 0.10082
vt 0.38799 0.11563
vt 0.39772 0.11848
vt 0.40347 0.12002
vt 0.28399 0.42575
vt 0.29134 0.42937
vt 0.30119 0.40230
vt 0.27626 0.42203
vt 0.27251 0.44240
vt 0.24179 0.39319
vt 0.25954 0.37501
vt 0.23686 0.38798
vt 0.23258 0.38277
vt 0.21558 0.39999
vt 0.28104 0.33526
vt 0.34537 0.31459
vt 0.32579 0.31459
vt 0.35822 0.13762
vt 0.28018 0.29280
vt 0.35765 0.11367
vt 0.41956 0.14276
vt 0.44000 0.14880
vt 0.42543 0.13916
vt 0.43096 0.13580
vt 0.42224 0.13452
vt 0.41839 0.13661
vt 0.41566 0.13124
vt 0.41420 0.13348
vt 0.41764 0.12996
vt 0.41852 0.10954
vt 0.41381 0.11157
vt 0.41365 0.11844
vt 0.43384 0.18051
vt 0.42924 0.18160
vt 0.43344 0.18343
vt 0.43104 0.17856
vt 0.42596 0.16566
vt 0.42240 0.16326
vt 0.43154 0.16350
vt 0.43029 0.16133
vt 0.42166 0.16649
vt 0.42568 0.17891
vt 0.42611 0.18217
vt 0.41830 0.17984
vt 0.41946 0.18306
vt 0.42719 0.18483
vt 0.42130 0.18558
vt 0.41368 0.18628
vt 0.41110 0.17984
vt 0.41647 0.12596
vt 0.41432 0.16146
vt 0.42006 0.14532
vt 0.41403 0.13905
vt 0.41378 0.16649
vt 0.42367 0.15982
vt 0.41965 0.15252
vt 0.41999 0.16016
vt 0.42684 0.15935
vt 0.41562 0.12129
vt 0.41777 0.11604
vt 0.42358 0.11328
vt 0.41914 0.11039
vt 0.43863 0.10082
vt 0.42985 0.11563
vt 0.42012 0.11848
vt 0.41437 0.12002
vt 0.43541 0.15945
vt 0.43896 0.16104
vt 0.43301 0.15764
vt 0.49257 0.16618
vt 0.50605 0.16198
vt 0.49581 0.16213
vt 0.47919 0.15562
vt 0.48086 0.15938
vt 0.44460 0.14129
vt 0.45620 0.14744
vt 0.45035 0.14744
vt 0.44618 0.15024
vt 0.44952 0.15229
vt 0.45349 0.15395
vt 0.45756 0.15120
vt 0.47271 0.15822
vt 0.47491 0.16061
vt 0.47553 0.16473
vt 0.47115 0.16054
vt 0.44251 0.15620
vt 0.44701 0.15714
vt 0.43929 0.15451
vt 0.46446 0.16488
vt 0.46770 0.16662
vt 0.46634 0.17146
vt 0.45996 0.17139
vt 0.45495 0.17031
vt 0.45056 0.17588
vt 0.45558 0.17711
vt 0.44826 0.17349
vt 0.44053 0.17588
vt 0.44231 0.17841
vt 0.44325 0.18102
vt 0.36621 0.23846
vt 0.36805 0.23487
vt 0.35732 0.21899
vt 0.35641 0.22322
vt 0.37650 0.21098
vt 0.38178 0.21616
vt 0.40708 0.30540
vt 0.40026 0.31188
vt 0.40579 0.32006
vt 0.41022 0.31403
vt 0.36436 0.24205
vt 0.37074 0.25711
vt 0.37226 0.25150
vt 0.41089 0.30162
vt 0.37459 0.24732
vt 0.41977 0.29291
vt 0.37718 0.23669
vt 0.37593 0.24077
vt 0.41540 0.29715
vt 0.41407 0.31101
vt 0.41928 0.30584
vt 0.42424 0.30217
vt 0.42513 0.28865
vt 0.42941 0.29639
vt 0.43349 0.29141
vt 0.43031 0.28467
vt 0.43382 0.28083
vt 0.43867 0.28603
vt 0.37815 0.23181
vt 0.37908 0.22809
vt 0.36953 0.22987
vt 0.37138 0.22590
vt 0.37373 0.21405
vt 0.37963 0.22630
vt 0.38074 0.22169
vt 0.37306 0.20919
vt 0.36612 0.20855
vt 0.36185 0.20943
vt 0.35618 0.21135
vt 0.36287 0.21540
vt 0.35880 0.21617
vt 0.35179 0.21592
vt 0.35063 0.21984
vt 0.35110 0.22640
vt 0.35622 0.22719
vt 0.35318 0.23305
vt 0.48071 0.45669
vt 0.45636 0.41383
vt 0.48200 0.49012
vt 0.45033 0.42605
vt 0.45112 0.38568
vt 0.44908 0.33184
vt 0.44168 0.33940
vt 0.47701 0.36989
vt 0.47756 0.39141
vt 0.47867 0.41024
vt 0.47738 0.43330
vt 0.49871 0.35836
vt 0.48576 0.34478
vt 0.49501 0.35913
vt 0.48114 0.34504
vt 0.48632 0.35733
vt 0.47707 0.35400
vt 0.47873 0.34260
vt 0.47133 0.35093
vt 0.49112 0.31724
vt 0.48521 0.31839
vt 0.50185 0.32582
vt 0.49223 0.32685
vt 0.48151 0.32620
vt 0.47596 0.31673
vt 0.47392 0.32428
vt 0.46874 0.32108
vt 0.47005 0.31211
vt 0.25816 0.25097
vt 0.23470 0.23674
vt 0.23018 0.24187
vt 0.21012 0.22305
vt 0.23951 0.23239
vt 0.00000 0.00000
vt 0.47304 0.76650
vt 0.46907 0.76613
vt 0.49534 0.79574
vt 0.49536 0.79157
vt 0.47304 0.76300
vt 0.46911 0.76254
vt 0.47571 0.76135
vt 0.47388 0.75971
vt 0.47978 0.76063
vt 0.47964 0.75865
vt 0.48581 0.77395
vt 0.49522 0.77072
vt 0.49157 0.76953
vt 0.49508 0.77303
vt 0.49871 0.76625
vt 0.49270 0.76577
vt 0.49534 0.76096
vt 0.49157 0.76281
vt 0.48848 0.75865
vt 0.48680 0.76063
vt 0.50587 0.65726
vt 0.50110 0.65508
vt 0.49408 0.65508
vt 0.49001 0.65581
vt 0.50700 0.66023
vt 0.48734 0.65746
vt 0.50587 0.66399
vt 0.48734 0.66095
vt 0.50011 0.66841
vt 0.50966 0.68602
vt 0.50938 0.66748
vt 0.50043 0.75549
vt 0.49530 0.75783
vt 0.50220 0.75865
vt 0.50454 0.75461
vt 0.51104 0.75865
vt 0.51431 0.75429
vt 0.52157 0.75516
vt 0.51680 0.75971
vt 0.52158 0.76254
vt 0.52938 0.75847
vt 0.53178 0.76273
vt 0.53151 0.76890
vt 0.52161 0.76613
vt 0.50949 0.79255
vt 0.49534 0.80863
vt 0.83682 0.57583
vt 0.82435 0.56779
vt 0.82435 0.56957
vt 0.83390 0.57583
vt 0.82435 0.58654
vt 0.82435 0.58429
vt 0.91861 0.87524
vt 0.90942 0.87074
vt 0.90948 0.87273
vt 0.91440 0.87563
vt 0.90942 0.88621
vt 0.90942 0.88244
vt 0.83354 0.59449
vt 0.82435 0.60546
vt 0.82435 0.60832
vt 0.84259 0.59413
vt 0.83805 0.59169
vt 0.82435 0.59000
vt 0.83772 0.58940
vt 0.83934 0.58680
vt 0.84422 0.58558
vt 0.84909 0.58558
vt 0.85040 0.57612
vt 0.88709 0.59413
vt 0.85712 0.57451
vt 0.87150 0.57811
vt 0.87150 0.57460
vt 0.86283 0.57153
vt 0.87410 0.57078
vt 0.86524 0.56861
vt 0.86499 0.56194
vt 0.93981 0.52676
vt 0.94125 0.52948
vt 0.96862 0.51264
vt 0.93857 0.52443
vt 0.92943 0.53134
vt 0.92682 0.53832
vt 0.92320 0.53430
vt 0.92101 0.53186
vt 0.85218 0.55971
vt 0.85395 0.56390
vt 0.85484 0.56820
vt 0.85256 0.57058
vt 0.84723 0.57141
vt 0.84126 0.57118
vt 0.90587 0.80412
vt 0.90587 0.82267
vt 0.92641 0.82216
vt 0.61224 0.89460
vt 0.60042 0.89646
vt 0.63246 0.94185
vt 0.90587 0.84655
vt 0.83860 0.56796
vt 0.83911 0.56402
vt 0.82435 0.56623
vt 0.97122 0.44833
vt 0.93263 0.44990
vt 0.98564 0.45101
vt 0.94184 0.45539
vt 0.93448 0.44252
vt 0.96513 0.43002
vt 0.96229 0.43737
vt 0.99361 0.43402
vt 0.93299 0.41709
vt 0.90262 0.42794
vt 0.95021 0.41678
vt 0.91779 0.43027
vt 0.89661 0.41984
vt 0.91155 0.40259
vt 0.91545 0.41144
vt 0.95605 0.39374
vt 0.91034 0.43147
vt 0.92713 0.43580
vt 0.91744 0.43586
vt 0.92576 0.44301
vt 0.93436 0.45592
vt 0.92799 0.45701
vt 0.92023 0.44655
vt 0.90744 0.43597
vt 0.89064 0.42327
vt 0.88070 0.41526
vt 0.87765 0.41955
vt 0.92768 0.45929
vt 0.93510 0.45914
vt 0.89509 0.45414
vt 0.89300 0.45824
vt 0.89974 0.46090
vt 0.88766 0.45092
vt 0.89107 0.45528
vt 0.88613 0.44541
vt 0.88275 0.44716
vt 0.89482 0.46172
vt 0.88911 0.46236
vt 0.85422 0.46647
vt 0.88584 0.45719
vt 0.88345 0.45297
vt 0.87811 0.44947
vt 0.87867 0.44439
vt 0.85401 0.46039
vt 0.87081 0.44452
vt 0.87264 0.44202
vt 0.87516 0.43988
vt 0.88836 0.42710
vt 0.87618 0.42261
vt 0.94265 0.45901
vt 0.89437 0.47038
vt 0.89100 0.47618
vt 0.89623 0.47692
vt 0.89929 0.47192
vt 0.90019 0.46685
vt 0.89482 0.46615
vt 0.88920 0.46890
vt 0.88635 0.47533
vt 0.86344 0.43825
vt 0.86091 0.44102
vt 0.86704 0.43530
vt 0.25721 0.49898
vt 0.24946 0.49502
vt 0.24946 0.49871
vt 0.24946 0.48842
vt 0.83935 0.46987
vt 0.83980 0.47385
vt 0.85182 0.47385
vt 0.83210 0.47041
vt 0.82435 0.47015
vt 0.82435 0.47385
vt 0.83710 0.46702
vt 0.83598 0.46322
vt 0.82435 0.45986
vt 0.83687 0.46048
vt 0.85473 0.41718
vt 0.65592 0.73611
vt 0.65180 0.72049
vt 0.65120 0.75447
vt 0.85457 0.43714
vt 0.66226 0.73999
vt 0.67753 0.72158
vt 0.65608 0.71615
vt 0.66839 0.73427
vt 0.67278 0.69686
vt 0.68204 0.71423
vt 0.67525 0.69000
vt 0.69723 0.69218
vt 0.67292 0.68719
vt 0.68267 0.68567
vt 0.69143 0.68261
vt 0.69844 0.67858
vt 0.71632 0.66446
vt 0.70563 0.67318
vt 0.70964 0.67414
vt 0.66214 0.69658
vt 0.66186 0.70275
vt 0.66882 0.69545
vt 0.66847 0.68934
vt 0.65974 0.69232
vt 0.66265 0.68588
vt 0.65192 0.68901
vt 0.65580 0.68379
vt 0.68325 0.67695
vt 0.83812 0.45838
vt 0.96147 0.57673
vt 0.63473 0.68572
vt 0.63028 0.68644
vt 0.62565 0.69167
vt 0.63079 0.68934
vt 0.62988 0.68460
vt 0.62559 0.68919
vt 0.63536 0.68227
vt 0.63559 0.68395
vt 0.65776 0.68042
vt 0.64935 0.68029
vt 0.65053 0.68186
vt 0.65683 0.68218
vt 0.64432 0.68355
vt 0.64466 0.68813
vt 0.63490 0.68845
vt 0.85045 0.42152
vt 0.84155 0.43049
vt 0.82435 0.44835
vt 0.84155 0.45717
vt 0.65163 0.71824
vt 0.64289 0.72946
vt 0.62570 0.74732
vt 0.62570 0.74468
vt 0.63985 0.72639
vt 0.62570 0.74248
vt 0.66139 0.70697
vt 0.67076 0.69570
vt 0.67156 0.68950
vt 0.66882 0.68636
vt 0.66424 0.68398
vt 0.66773 0.68348
vt 0.64249 0.68076
vt 0.62591 0.22955
vt 0.62570 0.25148
vt 0.64489 0.26116
vt 0.64432 0.26657
vt 0.62570 0.27859
vt 0.65138 0.26834
vt 0.66081 0.28006
vt 0.65587 0.28174
vt 0.64689 0.28586
vt 0.64307 0.29240
vt 0.64235 0.68070
vt 0.67289 0.28550
vt 0.66534 0.29327
vt 0.70232 0.32189
vt 0.66211 0.29935
vt 0.65959 0.30728
vt 0.69219 0.32182
vt 0.66031 0.31252
vt 0.67781 0.32317
vt 0.65488 0.29661
vt 0.65447 0.30152
vt 0.67321 0.32777
vt 0.66525 0.28832
vt 0.65807 0.29223
vt 0.65447 0.31674
vt 0.66178 0.68166
vt 0.66188 0.68319
vt 0.67246 0.67104
vt 0.67354 0.67628
vt 0.64195 0.68239
vt 0.82435 0.48155
vt 0.83083 0.48155
vt 0.83848 0.48155
vt 0.84206 0.48604
vt 0.83390 0.48608
vt 0.82435 0.48608
vt 0.83338 0.56039
vt 0.84206 0.55478
vt 0.84610 0.64269
vt 0.82167 0.64283
vt 0.82012 0.96069
vt 0.84610 0.93669
vt 0.79309 0.64283
vt 0.79309 0.98564
vt 0.90515 0.49818
vt 0.91142 0.50642
vt 0.93119 0.51251
vt 0.60956 0.88955
vt 0.60218 0.87763
vt 0.58241 0.87155
vt 0.88804 0.49538
vt 0.88180 0.49396
vt 0.88701 0.49466
vt 0.89428 0.49599
vt 0.94097 0.51664
vt 0.91131 0.50876
vt 0.90806 0.50409
vt 0.90536 0.50118
vt 0.90040 0.49839
vt 0.50240 0.77039
vt 0.50622 0.76744
vt 0.50689 0.76110
vt 0.51026 0.76058
vt 0.51475 0.76174
vt 0.51767 0.76522
vt 0.51565 0.76965
vt 0.52905 0.65619
vt 0.52119 0.65556
vt 0.52052 0.66189
vt 0.53197 0.65967
vt 0.52995 0.66410
vt 0.51670 0.66484
vt 0.59801 0.86164
vt 0.58543 0.86903
vt 0.61134 0.87783
vt 0.58795 0.86034
vt 0.57981 0.85757
vt 0.57155 0.85950
vt 0.57941 0.86214
vt 0.57290 0.85306
vt 0.56930 0.85423
vt 0.56077 0.85570
vt 0.56930 0.84969
vt 0.55852 0.84789
vt 0.94283 0.51714
vt 0.94035 0.51271
vt 0.94221 0.51321
vt 0.91444 0.50391
vt 0.91493 0.50393
vt 0.91190 0.50879
vt 0.92916 0.49623
vt 0.92702 0.49652
vt 0.93448 0.49301
vt 0.93573 0.49340
vt 0.91821 0.49435
vt 0.91696 0.49522
vt 0.92731 0.49074
vt 0.90967 0.49121
vt 0.90882 0.49245
vt 0.91952 0.48823
vt 0.91472 0.48702
vt 0.90821 0.50410
vt 0.90842 0.49702
vt 0.90846 0.49702
vt 0.90544 0.50118
vt 0.90056 0.49438
vt 0.89831 0.48910
vt 0.88978 0.49058
vt 0.88753 0.48277
vt 0.86102 0.46898
vt 0.88577 0.47439
vt 0.89517 0.47673
vt 0.90283 0.48668
vt 0.90191 0.48794
vt 0.90977 0.48458
vt 0.89909 0.48346
vt 0.89831 0.48457
vt 0.90569 0.48250
vt 0.90307 0.48057
vt 0.90090 0.47786
vt 0.58568 0.86306
vt 0.91911 0.48837
vt 0.91431 0.48718
vt 0.90960 0.48464
vt 0.90585 0.48257
vt 0.90316 0.48056
vt 0.89445 0.47683
vt 0.90091 0.47782
vt 0.94034 0.51931
vt 0.90784 0.51055
vt 0.90725 0.51051
vt 0.93848 0.51880
vt 0.93026 0.48870
vt 0.93864 0.49135
vt 0.93739 0.49096
vt 0.93024 0.48870
vt 0.92223 0.48612
vt 0.92227 0.48613
vt 0.91794 0.48503
vt 0.90342 0.50508
vt 0.90328 0.50507
vt 0.90095 0.50249
vt 0.90087 0.50250
vt 0.89669 0.50014
vt 0.89158 0.49814
vt 0.88534 0.49699
vt 0.87787 0.49599
vt 0.85138 0.46415
vt 0.88817 0.47220
vt 0.89712 0.47444
vt 0.89639 0.47454
vt 0.91359 0.48289
vt 0.90985 0.48099
vt 0.90778 0.47947
vt 0.90485 0.47578
vt 0.91776 0.48331
vt 0.91282 0.48151
vt 0.92540 0.48109
vt 0.92158 0.47961
vt 0.92899 0.47951
vt 0.92608 0.47794
vt 0.93124 0.47771
vt 0.92998 0.47530
vt 0.93536 0.47631
vt 0.94417 0.47790
vt 0.94315 0.48046
vt 0.95373 0.48003
vt 0.95281 0.48278
vt 0.96032 0.48183
vt 0.62739 0.82932
vt 0.63458 0.83154
vt 0.64649 0.82932
vt 0.61975 0.83112
vt 0.62604 0.83344
vt 0.61503 0.83333
vt 0.61818 0.83618
vt 0.60889 0.83954
vt 0.61437 0.84053
vt 0.60468 0.83862
vt 0.60777 0.83525
vt 0.60931 0.83202
vt 0.61044 0.82932
vt 0.99257 0.46239
vt 0.97387 0.46225
vt 0.97550 0.46420
vt 0.96331 0.46235
vt 0.95640 0.46420
vt 0.94482 0.46228
vt 0.93945 0.46420
vt 0.93753 0.46222
vt 0.93640 0.46420
vt 0.93369 0.47350
vt 0.93678 0.47013
vt 0.93342 0.46934
vt 0.93086 0.47294
vt 0.93832 0.46690
vt 0.93518 0.46675
vt 0.98628 0.45903
vt 0.99662 0.45949
vt 0.96943 0.45903
vt 0.94479 0.45903
vt 0.92820 0.45920
vt 0.90720 0.46272
vt 0.91733 0.46061
vt 0.92248 0.48647
vt 0.59317 0.84924
vt 0.58530 0.85230
vt 0.59347 0.85159
vt 0.60021 0.84938
vt 0.60807 0.84801
vt 0.60530 0.84628
vt 0.61683 0.84758
vt 0.61414 0.84558
vt 0.62380 0.84790
vt 0.59998 0.84463
vt 0.60223 0.84283
vt 0.59639 0.84621
vt 0.58875 0.84843
vt 0.58059 0.84977
vt 0.92628 0.47206
vt 0.97357 0.48044
vt 0.94338 0.47541
vt 0.95857 0.47794
vt 0.94577 0.47548
vt 0.93790 0.47442
vt 0.92566 0.47209
vt 0.92007 0.47635
vt 0.91020 0.47911
vt 0.90292 0.48029
vt 0.90056 0.47740
vt 0.90854 0.47594
vt 0.91514 0.47283
vt 0.91799 0.46902
vt 0.92780 0.46226
vt 0.92847 0.46398
vt 0.92846 0.46593
vt 0.90915 0.46449
vt 0.90973 0.46415
vt 0.91772 0.46518
vt 0.91696 0.46550
vt 0.92308 0.46476
vt 0.91676 0.46364
vt 0.91670 0.46066
vt 0.90653 0.46283
vt 0.92785 0.45920
vt 0.94485 0.45908
vt 0.96971 0.45925
vt 0.97387 0.46253
vt 0.98663 0.45931
vt 0.92823 0.46824
vt 0.97195 0.48131
vt 0.95862 0.47835
vt 0.94556 0.47585
vt 0.93141 0.47350
vt 0.90236 0.46181
vt 0.91559 0.45897
vt 0.91622 0.45892
vt 0.90303 0.46171
vt 0.92736 0.45743
vt 0.92771 0.45743
vt 0.94487 0.45732
vt 0.94482 0.45727
vt 0.97008 0.45759
vt 0.96980 0.45737
vt 0.98732 0.45776
vt 0.98698 0.45748
vt 0.99662 0.45767
vt 0.96089 0.47740
vt 0.94687 0.47475
vt 0.96083 0.47699
vt 0.94707 0.47438
vt 0.93214 0.47212
vt 0.93259 0.47179
vt 0.92633 0.47056
vt 0.92695 0.47054
vt 0.24946 0.49872
vt 0.49553 0.75764
vt 0.31789 0.58298
vt 0.30436 0.58412
vt 0.30436 0.54667
vt 0.31125 0.58481
vt 0.31102 0.59102
vt 0.30436 0.59780
vt 0.32335 0.63147
vt 0.33446 0.62973
vt 0.33623 0.63168
vt 0.32836 0.63363
vt 0.31613 0.60115
vt 0.31386 0.60257
vt 0.30436 0.61489
vt 0.32006 0.61527
vt 0.31196 0.62984
vt 0.30436 0.63228
vt 0.31156 0.60961
vt 0.31180 0.60459
vt 0.32230 0.63438
vt 0.31121 0.63438
vt 0.31995 0.62867
vt 0.32513 0.62836
vt 0.32961 0.62794
vt 0.32502 0.58636
vt 0.31683 0.58885
vt 0.31876 0.58375
vt 0.34621 0.57512
vt 0.33385 0.58848
vt 0.32014 0.59105
vt 0.31389 0.59394
vt 0.31205 0.59244
vt 0.34167 0.62803
vt 0.34668 0.62946
vt 0.33829 0.62639
vt 0.37287 0.62058
vt 0.36448 0.62394
vt 0.36036 0.62219
vt 0.37096 0.61719
vt 0.34812 0.62656
vt 0.35121 0.62839
vt 0.34502 0.62486
vt 0.35052 0.62179
vt 0.35734 0.62312
vt 0.35524 0.62001
vt 0.30436 0.65309
vt 0.36259 0.61623
vt 0.35510 0.62396
vt 0.35851 0.62588
vt 0.36128 0.62493
vt 0.29084 0.58298
vt 0.29748 0.58481
vt 0.29771 0.59102
vt 0.27205 0.63184
vt 0.27427 0.62973
vt 0.28538 0.63147
vt 0.28031 0.63315
vt 0.29487 0.60257
vt 0.29234 0.60128
vt 0.29676 0.62984
vt 0.28867 0.61527
vt 0.29717 0.60961
vt 0.29693 0.60459
vt 0.28666 0.63393
vt 0.29752 0.63438
vt 0.28784 0.62929
vt 0.28341 0.62889
vt 0.27707 0.62785
vt 0.29190 0.58885
vt 0.28371 0.58636
vt 0.28997 0.58375
vt 0.26252 0.57512
vt 0.27444 0.58879
vt 0.28859 0.59105
vt 0.29421 0.59383
vt 0.29628 0.59246
vt 0.26706 0.62803
vt 0.26335 0.63001
vt 0.27044 0.62639
vt 0.24837 0.62219
vt 0.24425 0.62394
vt 0.23585 0.62058
vt 0.23777 0.61719
vt 0.25752 0.62839
vt 0.26061 0.62656
vt 0.26364 0.62451
vt 0.25229 0.62025
vt 0.25066 0.62333
vt 0.24476 0.61672
vt 0.25745 0.62222
vt 0.25347 0.62431
vt 0.25021 0.62588
vt 0.24744 0.62493
vt 0.28938 0.61297
vt 0.26058 0.61841
vt 0.28112 0.60972
vt 0.27333 0.60668
vt 0.28560 0.60553
vt 0.29103 0.60741
vt 0.30697 0.59766
vt 0.30116 0.59758
vt 0.36012 0.86624
vt 0.35710 0.87106
vt 0.34637 0.86563
vt 0.35710 0.85927
vt 0.34096 0.85157
vt 0.33216 0.82604
vt 0.33316 0.84331
vt 0.32612 0.83172
vt 0.30453 0.88742
vt 0.29253 0.88762
vt 0.30997 0.89922
vt 0.30090 0.90538
vt 0.25583 0.95114
vt 0.27855 0.92254
vt 0.17258 0.97617
vt 0.18341 0.93224
vt 0.39815 0.74706
vt 0.40458 0.75788
vt 0.41485 0.74769
vt 0.39876 0.74250
vt 0.41848 0.73750
vt 0.39574 0.73553
vt 0.40942 0.72302
vt 0.38969 0.72346
vt 0.36833 0.67664
vt 0.36069 0.68137
vt 0.35429 0.68504
vt 0.34960 0.67208
vt 0.36390 0.66603
vt 0.37641 0.65985
vt 0.37642 0.65984
vt 0.38659 0.66759
vt 0.39413 0.66064
vt 0.39414 0.66066
vt 0.44520 0.69736
vt 0.41982 0.69360
vt 0.45079 0.66401
vt 0.43228 0.66451
vt 0.40887 0.65328
vt 0.40885 0.65328
vt 0.40168 0.64926
vt 0.40169 0.64926
vt 0.38681 0.65576
vt 0.38681 0.65578
vt 0.33068 0.67760
vt 0.35344 0.68753
vt 0.32796 0.67966
vt 0.32832 0.68326
vt 0.35429 0.69048
vt 0.33120 0.69534
vt 0.36831 0.70781
vt 0.33120 0.70205
vt 0.33158 0.70657
vt 0.36831 0.71263
vt 0.36312 0.71964
vt 0.33196 0.71478
vt 0.33120 0.71914
vt 0.32894 0.73037
vt 0.33007 0.73472
vt 0.30032 0.80729
vt 0.29773 0.80311
vt 0.30469 0.79774
vt 0.30793 0.80155
vt 0.31683 0.81082
vt 0.32059 0.81399
vt 0.31284 0.82065
vt 0.30936 0.81703
vt 0.20190 0.90616
vt 0.21398 0.87238
vt 0.35525 0.76597
vt 0.36241 0.76059
vt 0.37241 0.76447
vt 0.36659 0.76933
vt 0.32676 0.74517
vt 0.32077 0.74960
vt 0.17169 0.85404
vt 0.17265 0.82873
vt 0.31170 0.74642
vt 0.31917 0.74123
vt 0.24246 0.74612
vt 0.21980 0.74646
vt 0.28960 0.72271
vt 0.28074 0.72698
vt 0.22584 0.77411
vt 0.19903 0.77344
vt 0.28602 0.72955
vt 0.29416 0.72545
vt 0.30353 0.73068
vt 0.29433 0.73586
vt 0.29886 0.73837
vt 0.30625 0.73346
vt 0.18770 0.81567
vt 0.18959 0.80042
vt 0.31546 0.73861
vt 0.30679 0.74390
vt 0.34010 0.75925
vt 0.34726 0.75408
vt 0.22111 0.86208
vt 0.23138 0.83769
vt 0.39332 0.72936
vt 0.35664 0.75765
vt 0.34918 0.76341
vt 0.37612 0.76607
vt 0.37049 0.77093
vt 0.34671 0.62946
vt 0.33626 0.63168
o base
usemtl mat1
f 1/1 2/2 3/2 4/1
f 2/2 1/1 4/1 3/2
f 5/3 6/4 7/5
f 5/3 7/5 6/4
f 8/6 7/5 9/6
f 8/6 9/6 7/5
f 7/5 10/5 9/6
f 7/5 6/4 10/5
f 10/5 6/4 4/1
f 3/2 9/6 10/5
f 10/5 4/1 3/2
f 11/2 2/2 1/1 12/1
f 12/1 1/1 2/2 11/2
f 13/4 5/3 7/5
f 7/5 5/3 13/4
f 7/5 8/6 14/6
f 14/6 8/6 7/5
f 15/5 7/5 14/6
f 13/4 7/5 15/5
f 13/4 15/5 12/1
f 14/6 11/2 15/5
f 12/1 15/5 11/2
f 16/7 17/8 18/8 19/7
f 20/9 19/7 18/8
f 21/10 22/9 20/9 23/10
f 17/8 24/11 25/11 18/8
f 18/8 25/11 23/10 20/9
f 26/12 21/10 23/10 27/12
f 24/11 28/13 29/13 25/11
f 29/13 27/12 23/10 25/11
f 30/14 26/12 27/12 31/14
f 28/13 32/15 33/15 29/13
f 33/15 31/14 27/12 29/13
f 34/16 30/14 31/14 35/16
f 32/15 34/16 35/16 33/15
f 35/16 31/14 33/15
f 30/14 32/15 33/15 31/14
f 35/16 31/14 33/15 36/17
f 37/18 38/17 36/17 39/18
f 40/19 37/18 39/18 41/19
f 42/20 43/21 44/21 45/20
f 44/21 41/19 39/18 45/20
f 46/22 47/23 48/23 49/22
f 44/21 49/22 48/23 41/19
f 47/23 50/24 51/24 48/23
f 52/25 40/19 41/19 53/25
f 41/19 48/23 51/24 53/25
f 51/24 54/26 53/25
f 51/24 55/27 54/26
f 56/27 57/28 58/28 55/27
f 59/29 60/26 54/26 61/29
f 54/26 55/27 58/28 61/29
f 62/30 56/27 55/27 63/30
f 50/24 64/31 65/31 51/24
f 51/24 65/31 63/30 55/27
f 64/31 66/32 67/32 65/31
f 63/30 65/31 67/32
f 68/33 62/30 63/30 69/34
f 66/32 70/35 71/36 67/32
f 71/36 69/34 63/30 67/32
f 72/37 69/34 71/36
f 73/38 72/37 71/36
f 74/39 75/40 76/41 77/42
f 78/43 79/44 80/44 76/41
f 81/45 82/46 77/42 83/45
f 77/42 76/41 80/44 83/45
f 84/47 81/45 83/45 85/47
f 85/47 83/45 80/44
f 79/44 46/22 49/22 80/44
f 86/48 84/47 85/47 87/48
f 85/47 80/44 49/22 87/48
f 43/21 86/48 87/48 44/21
f 87/48 49/22 44/21
f 88/49 34/16 35/16 89/49
f 38/17 52/25 53/25 36/17
f 53/25 89/49 35/16 36/17
f 90/50 88/49 89/49 91/50
f 60/26 90/50 91/50 54/26
f 53/25 54/26 91/50 89/49
f 22/9 92/51 93/51 20/9
f 20/9 93/51 19/7
f 92/51 59/29 61/29 93/51
f 19/7 93/51 61/29
f 94/52 16/7 19/7 95/52
f 61/29 58/28 95/52 19/7
f 57/28 96/53 97/53 58/28
f 58/28 97/53 95/52
f 98/54 94/52 95/52 99/54
f 96/53 100/55 101/55 97/53
f 97/53 101/55 99/54 95/52
f 102/56 98/54 99/54 103/57
f 100/55 104/58 105/59 101/55
f 101/55 105/59 103/57 99/54
f 105/59 106/60 107/61 103/57
f 107/61 102/56 103/57
f 105/59 104/58 106/60
f 72/37 68/33 69/34
f 71/36 70/35 73/38
f 77/42 82/46 74/39
f 75/40 78/43 76/41
f 102/56 107/61 106/60 104/58
f 102/56 104/58 100/55 98/54
f 94/52 98/54 100/55 96/53
f 96/53 57/28 94/52
f 72/37 73/38 70/35
f 72/37 70/35 66/32 68/33
f 68/33 66/32 64/31 62/30
f 50/24 56/27 62/30 64/31
f 75/40 74/39 82/46 78/43
f 78/43 82/46 81/45 79/44
f 79/44 81/45 84/47
f 84/47 86/48 46/22 79/44
f 46/22 86/48 43/21
f 47/23 46/22 43/21
f 47/23 43/21 42/20 40/19
f 52/25 50/24 47/23 40/19
f 42/20 37/18 40/19
f 24/11 21/10 26/12 28/13
f 26/12 30/14 32/15 28/13
f 32/15 30/14 34/16
f 32/15 34/16 38/17
f 38/17 34/16 88/49 52/25
f 88/49 90/50 60/26 52/25
f 60/26 56/27 50/24 52/25
f 59/29 57/28 56/27 60/26
f 24/11 17/8 22/9 21/10
f 16/7 92/51 22/9 17/8
f 94/52 59/29 92/51 16/7
f 94/52 57/28 59/29
f 108/62 109/63 110/64 111/65
f 111/65 112/64 113/66 108/62
f 110/64 114/67 115/68 111/65
f 115/68 116/69 112/64 111/65
f 117/64 109/63 108/62 118/65
f 113/66 119/64 118/65 108/62
f 115/68 114/67 117/64 118/65
f 119/64 116/69 115/68 118/65
f 110/64 109/63 120/70 121/71
f 113/66 112/64 121/71 120/70
f 122/72 114/67 110/64 121/71
f 112/64 116/69 122/72 121/71
f 120/70 109/63 117/64 123/71
f 123/71 119/64 113/66 120/70
f 117/64 114/67 122/72 123/71
f 122/72 116/69 119/64 123/71
f 124/73 125/73 33/15 32/15
f 39/18 36/17 33/15 125/73
f 39/18 125/73 126/73 45/20
f 42/20 45/20 126/73 127/73
f 127/73 124/73 37/18 42/20
f 32/15 38/17 37/18 124/73
f 125/73 124/73 127/73 126/73
f 128/74 129/75 130/76 131/77
f 132/78 133/79 131/77 130/76
f 134/80 135/81 133/79 132/78
f 134/82 136/83 129/84
f 129/84 136/83 130/85
f 136/83 132/86 130/85
f 136/83 134/82 132/86
f 134/80 129/75 128/74 135/81
f 128/74 137/87 138/88 135/81
f 138/88 139/89 133/79 135/81
f 140/90 133/79 139/89
f 137/87 128/74 141/91
f 131/77 142/92 141/91 128/74
f 133/79 140/90 143/93 131/77
f 144/94 145/95 146/96
f 144/94 147/97 148/98 145/95
f 147/97 149/99 150/100 148/98
f 149/99 151/101 150/100
f 149/99 152/102 151/101
f 152/102 153/103 154/104
f 144/94 146/96 155/105
f 144/94 155/105 156/106 153/103
f 157/107 158/108 159/109 160/110
f 161/111 162/112 159/109
f 158/108 161/111 159/109
f 158/108 163/113 161/111
f 164/114 165/115 166/116
f 166/116 167/117 164/114
f 166/116 168/118 167/117
f 166/116 165/115 169/119
f 170/120 166/116 169/119 171/121
f 170/120 172/122 168/118 166/116
f 173/123 174/124 175/125
f 176/126 174/124 173/123
f 176/126 177/127 178/128 174/124
f 179/129 180/130 181/131 182/132
f 182/132 181/131 183/133 184/134
f 184/134 183/133 185/135 186/136
f 185/135 187/137 188/138 186/136
f 189/139 190/140 191/141
f 189/139 192/142 193/143
f 189/139 194/144 192/142
f 189/139 191/141 194/144
f 188/145 195/146 189/139
f 195/146 196/147 189/139
f 197/148 190/140 189/139
f 196/147 197/148 189/139
f 189/139 193/143 198/149
f 189/139 198/149 188/145
f 198/149 199/150 186/151 188/145
f 187/137 200/152 195/153 188/138
f 201/154 202/155 195/153 200/152
f 203/156 202/155 201/154
f 204/157 203/156 201/154 205/158
f 206/159 205/158 207/160
f 204/157 205/158 206/159
f 208/161 209/162 210/163
f 211/164 208/161 210/163
f 211/164 210/163 212/165 213/166
f 213/166 212/165 214/167 202/155
f 202/155 214/167 195/153
f 195/153 214/167 215/168 196/169
f 215/168 216/170 217/171 196/169
f 218/172 219/173 217/171 216/170
f 220/174 221/175 219/173 218/172
f 222/176 223/177 221/175 220/174
f 224/178 225/179 226/180
f 226/180 227/181 224/178
f 226/180 228/182 227/181
f 225/179 229/183 226/180
f 230/184 231/185 226/180 229/183
f 231/185 232/186 228/182 226/180
f 221/187 233/188 234/189 219/190
f 235/191 236/192 237/193 238/194
f 239/195 240/196 236/192 235/191
f 240/196 241/197 242/198 236/192
f 236/192 242/198 243/199 237/193
f 244/200 245/201 238/194 246/202
f 247/203 248/204 245/201 244/200
f 249/205 250/206 248/204 247/203
f 251/207 252/208 250/206 249/205
f 251/207 249/205 253/209 254/210
f 249/205 247/203 255/211 253/209
f 255/211 247/203 244/200 256/212
f 257/213 258/214 244/200 259/215
f 244/200 260/216 261/217 259/215
f 153/103 152/102 149/99
f 262/218 153/103 156/106
f 262/218 263/219 153/103
f 264/220 265/221 153/103 263/219
f 263/219 262/218 266/222 267/223
f 267/223 266/222 268/224 162/112
f 266/222 269/225 270/226 268/224
f 266/222 262/218 156/106 269/225
f 159/109 162/112 268/224
f 268/224 270/226 159/109
f 159/109 270/226 271/227 272/228
f 265/221 273/229 274/230 153/103
f 275/231 276/232 273/229 265/221
f 153/103 274/230 277/233
f 277/233 154/104 153/103
f 277/233 278/234 279/235 154/104
f 274/230 280/236 278/234 277/233
f 281/237 159/109 282/238
f 281/237 283/239 159/109
f 283/239 160/110 159/109
f 284/240 285/241 160/110 283/239
f 284/240 283/239 281/237 286/242
f 287/243 284/240 286/242
f 285/241 284/240 287/243
f 288/244 289/245 285/241 287/243
f 288/244 158/108 157/107 289/245
f 287/243 290/246 291/247 288/244
f 292/248 290/246 287/243
f 293/249 294/250 290/246 292/248
f 293/249 292/248 295/251 296/252
f 295/251 292/248 287/243
f 297/253 298/254 293/249 296/252
f 298/254 299/255 294/250 293/249
f 178/128 300/256 172/122
f 172/122 170/120 178/128
f 179/257 278/234 280/236 301/258
f 301/258 302/259 179/257
f 276/232 179/257 302/259
f 303/260 279/235 278/234
f 278/234 304/261 303/260
f 278/234 179/257 304/261
f 179/257 182/262 304/261
f 182/262 305/263 304/261
f 182/262 184/264 306/265 305/263
f 306/265 184/264 307/266
f 307/266 184/264 186/151
f 186/151 308/267 307/266
f 308/267 186/151 199/150 309/268
f 308/267 309/268 310/269 311/270
f 312/271 307/266 308/267 311/270
f 312/271 311/270 313/272 314/273
f 311/270 310/269 315/274 313/272
f 196/147 230/184 197/148
f 196/147 217/275 231/185 230/184
f 232/186 231/185 217/275
f 217/275 219/190 234/189 232/186
f 316/276 317/277 318/278 272/228
f 319/279 320/280 318/278 317/277
f 282/238 159/109 320/280 321/281
f 272/228 271/227 322/282
f 323/283 321/281 320/280
f 323/283 320/280 319/279
f 324/284 325/285 326/286 327/287
f 324/284 328/288 325/285
f 178/128 171/121 328/288 324/284
f 170/120 171/121 178/128
f 327/287 288/244 291/247 329/289
f 158/108 265/221 264/220 163/113
f 330/290 316/276 272/228
f 272/228 322/282 330/290
f 331/291 332/292 333/293
f 331/291 334/294 332/292
f 332/292 334/294 335/295 336/296
f 336/296 335/295 337/297 338/298
f 338/298 337/297 339/299
f 340/300 338/298 339/299
f 338/298 340/300 241/197 341/301
f 341/301 342/302 333/293 332/292
f 332/303 343/304 341/305
f 341/305 343/304 338/306
f 343/304 336/307 338/306
f 343/304 332/303 336/307
f 344/308 342/302 341/301
f 240/196 239/195 341/301
f 341/301 241/197 240/196
f 345/309 344/308 341/301
f 346/310 347/311 344/308 345/309
f 348/312 349/313 347/311 346/310
f 349/313 350/314 351/315 347/311
f 347/311 351/315 342/302 344/308
f 341/301 239/195 252/208 251/207
f 251/207 254/210 352/316
f 251/207 353/317 345/309 341/301
f 354/318 353/317 251/207
f 251/207 355/319 354/318
f 352/316 355/319 251/207
f 354/318 355/319 356/320 357/321
f 357/321 358/322 359/323 354/318
f 359/323 353/317 354/318
f 244/200 360/324 256/212
f 244/200 258/214 360/324
f 246/202 361/325 260/216 244/200
f 246/202 362/326 361/325
f 246/202 363/327 362/326
f 246/202 364/328 365/329 363/327
f 237/193 243/199 246/202
f 243/199 366/330 367/331 246/202
f 237/193 246/202 238/194
f 368/332 367/331 366/330
f 367/331 368/332 369/333
f 369/333 370/334 371/335 367/331
f 371/335 370/334 372/336 364/328
f 364/328 372/336 373/337
f 365/329 364/328 373/337
f 362/326 363/327 374/338 375/339
f 375/339 376/340 361/325 362/326
f 297/253 377/341 298/254
f 378/342 374/338 379/343
f 379/343 380/344 378/342
f 378/342 380/344 221/187
f 221/187 380/344 233/188
f 376/340 375/339 378/342
f 381/345 376/340 223/346
f 223/346 382/347 381/345
f 261/217 382/347 223/346
f 383/348 288/244 384/349
f 288/244 385/350 384/349
f 288/244 326/286 385/350
f 327/287 326/286 288/244
f 288/244 383/348 386/351
f 386/351 387/352 158/108 288/244
f 387/352 388/353 158/108
f 388/353 389/354 158/108
f 158/108 389/354 390/355 265/221
f 390/355 391/356 265/221
f 391/356 392/357 265/221
f 392/357 393/358 265/221
f 265/221 393/358 394/359 275/231
f 329/289 299/255 298/254 327/287
f 395/360 300/256 178/128
f 396/361 397/362 398/363
f 398/363 399/364 396/361
f 399/364 400/365 396/361
f 396/361 400/365 401/366
f 396/361 401/366 395/360 402/367
f 402/367 177/127 397/362 396/361
f 177/127 402/367 178/128
f 402/367 395/360 178/128
f 403/368 320/369 159/370
f 403/368 159/370 272/371
f 403/368 272/371 318/372
f 320/369 403/368 318/372
f 144/373 153/374 404/375
f 153/374 149/376 404/375
f 404/375 149/376 147/377
f 144/373 404/375 147/377
f 300/256 395/360 257/213
f 221/187 376/340 378/342
f 223/346 376/340 221/187
f 375/339 374/338 378/342
f 405/378 300/379 406/380 180/130
f 180/130 179/129 405/378
f 275/231 405/381 179/257 276/232
f 405/381 275/231 394/359
f 172/122 300/256 405/381 394/359
f 407/382 223/177 222/176
f 222/176 406/380 300/379 407/382
f 261/217 223/346 407/383 259/215
f 259/215 407/383 257/213
f 300/256 257/213 407/383
f 408/384 409/385 410/386
f 411/387 410/386 409/385
f 412/388 410/386 411/387
f 408/384 410/386 413/389
f 413/389 410/386 414/390 415/391
f 412/388 416/392 414/390 410/386
f 174/124 417/393 175/125
f 174/124 418/394 417/393
f 178/128 419/395 418/394 174/124
f 420/396 421/397 422/398
f 420/396 423/399 421/397
f 423/399 424/400 425/401 421/397
f 426/402 427/403 425/401 424/400
f 428/404 429/405 421/397 425/401
f 429/405 430/406 421/397
f 429/405 431/407 432/408 430/406
f 433/409 430/406 432/408 434/410
f 430/406 433/409 421/397
f 432/408 298/254 435/411 434/410
f 431/407 436/412 298/254 432/408
f 437/413 178/128 416/392
f 414/390 416/392 178/128
f 422/398 421/397 433/409
f 438/414 439/415 324/284 327/287
f 440/416 324/284 439/415
f 440/416 415/391 178/128 324/284
f 415/391 414/390 178/128
f 428/404 425/401 327/287 441/417
f 425/401 442/418 443/419
f 444/420 425/401 443/419
f 438/414 425/401 444/420
f 438/414 327/287 425/401
f 442/418 425/401 445/421
f 298/254 436/412 441/417 327/287
f 437/413 446/422 178/128
f 447/423 448/424 449/425
f 450/426 449/425 448/424
f 451/427 450/426 448/424
f 451/427 448/424 452/428
f 446/422 452/428 448/424 453/429
f 447/423 419/395 453/429 448/424
f 453/429 419/395 178/128
f 446/422 453/429 178/128
f 435/411 298/254 377/341
f 445/421 425/401 427/403
f 454/430 427/403 426/402 455/431
f 454/430 456/432 445/421 427/403
f 457/433 458/434 459/435
f 457/433 459/435 460/436 461/437
f 460/436 459/435 458/434
f 462/438 463/439 460/436 458/434
f 463/439 462/438 464/440
f 464/440 465/441 466/442 463/439
f 466/442 467/443 468/444 463/439
f 463/439 468/444 469/445 460/436
f 470/446 461/437 460/436
f 460/436 469/445 470/446
f 471/447 461/437 470/446
f 470/446 469/445 472/448
f 467/443 466/442 473/449 474/450
f 455/431 474/450 473/449 454/430
f 473/449 475/451 456/432 454/430
f 466/442 465/441 475/451 473/449
f 476/452 477/453 470/446 472/448
f 477/453 478/454 471/447 470/446
f 477/453 479/455 478/454
f 477/453 476/452 480/456 479/455
f 478/454 479/455 481/457 482/458
f 479/455 480/456 483/459 481/457
f 481/457 483/459 484/460 485/461
f 485/461 484/460 423/399 420/396
f 420/396 422/398 486/462 485/461
f 486/462 482/458 481/457 485/461
f 131/77 143/93 446/422 437/413
f 437/413 416/392 142/92 131/77
f 487/463 488/464 489/465 490/466
f 491/76 492/75 493/74 494/77
f 494/77 495/79 496/78 491/76
f 495/79 497/81 498/80 496/78
f 499/83 498/82 492/84
f 499/83 492/84 491/85
f 496/86 499/83 491/85
f 498/82 499/83 496/86
f 493/74 492/75 498/80 497/81
f 138/88 137/87 493/74 497/81
f 495/79 139/89 138/88 497/81
f 495/79 140/90 139/89
f 493/74 137/87 141/91
f 141/91 142/92 494/77 493/74
f 143/93 140/90 495/79 494/77
f 145/95 500/94 146/96
f 148/98 501/97 500/94 145/95
f 150/100 502/99 501/97 148/98
f 151/101 502/99 150/100
f 152/102 502/99 151/101
f 503/103 152/102 154/104
f 146/96 500/94 155/105
f 156/106 155/105 500/94 503/103
f 504/109 505/108 157/107 160/110
f 162/112 161/111 504/109
f 161/111 505/108 504/109
f 163/113 505/108 161/111
f 165/115 164/114 506/116
f 167/117 506/116 164/114
f 168/118 506/116 167/117
f 165/115 506/116 169/119
f 169/119 506/116 507/120 171/121
f 168/118 172/122 507/120 506/116
f 508/124 173/123 175/125
f 508/124 176/126 173/123
f 509/128 177/127 176/126 508/124
f 181/131 180/130 510/129 511/132
f 183/133 181/131 511/132 512/134
f 185/135 183/133 512/134 513/136
f 514/138 187/137 185/135 513/136
f 190/140 515/139 191/141
f 192/142 515/139 193/143
f 194/144 515/139 192/142
f 191/141 515/139 194/144
f 516/146 514/145 515/139
f 517/147 516/146 515/139
f 190/140 197/148 515/139
f 197/148 517/147 515/139
f 193/143 515/139 198/149
f 198/149 515/139 514/145
f 513/151 199/150 198/149 514/145
f 516/153 200/152 187/137 514/138
f 516/153 202/155 201/154 200/152
f 202/155 203/156 201/154
f 201/154 203/156 204/157 205/158
f 205/158 206/159 207/160
f 205/158 204/157 206/159
f 209/162 208/161 210/163
f 208/161 211/164 210/163
f 212/165 210/163 211/164 213/166
f 214/167 212/165 213/166 202/155
f 214/167 202/155 516/153
f 215/168 214/167 516/153 517/169
f 518/171 216/170 215/168 517/169
f 518/171 519/173 218/172 216/170
f 519/173 520/175 220/174 218/172
f 520/175 521/177 222/176 220/174
f 225/179 224/178 522/180
f 227/181 522/180 224/178
f 228/182 522/180 227/181
f 229/183 225/179 522/180
f 522/180 523/185 230/184 229/183
f 228/182 232/186 523/185 522/180
f 234/189 233/188 520/187 519/190
f 524/193 525/192 235/191 238/194
f 525/192 526/196 239/195 235/191
f 242/198 241/197 526/196 525/192
f 243/199 242/198 525/192 524/193
f 238/194 245/201 527/200 528/202
f 245/201 248/204 529/203 527/200
f 248/204 250/206 530/205 529/203
f 250/206 252/208 531/207 530/205
f 253/209 530/205 531/207 254/210
f 255/211 529/203 530/205 253/209
f 527/200 529/203 255/211 256/212
f 527/200 258/214 257/213 532/215
f 261/217 260/216 527/200 532/215
f 152/102 503/103 502/99
f 503/103 533/218 156/106
f 263/219 533/218 503/103
f 503/103 534/221 264/220 263/219
f 535/222 533/218 263/219 267/223
f 536/224 535/222 267/223 162/112
f 270/226 269/225 535/222 536/224
f 156/106 533/218 535/222 269/225
f 162/112 504/109 536/224
f 270/226 536/224 504/109
f 271/227 270/226 504/109 537/228
f 274/230 273/229 534/221 503/103
f 273/229 276/232 538/231 534/221
f 274/230 503/103 539/233
f 154/104 539/233 503/103
f 279/235 540/234 539/233 154/104
f 540/234 280/236 274/230 539/233
f 504/109 281/237 282/238
f 541/239 281/237 504/109
f 160/110 541/239 504/109
f 160/110 285/241 542/240 541/239
f 281/237 541/239 542/240 286/242
f 542/240 543/243 286/242
f 542/240 285/241 543/243
f 285/241 289/245 544/244 543/243
f 157/107 505/108 544/244 289/245
f 291/247 290/246 543/243 544/244
f 290/246 545/248 543/243
f 290/246 294/250 546/249 545/248
f 295/251 545/248 546/249 296/252
f 545/248 295/251 543/243
f 546/249 547/254 297/253 296/252
f 294/250 299/255 547/254 546/249
f 548/256 509/128 172/122
f 507/120 172/122 509/128
f 280/236 540/234 510/257 301/258
f 302/259 301/258 510/257
f 510/257 276/232 302/259
f 279/235 303/260 540/234
f 304/261 540/234 303/260
f 510/257 540/234 304/261
f 511/262 510/257 304/261
f 305/263 511/262 304/261
f 306/265 512/264 511/262 305/263
f 512/264 306/265 307/266
f 512/264 307/266 513/151
f 549/267 513/151 307/266
f 199/150 513/151 549/267 309/268
f 310/269 309/268 549/267 550/270
f 549/267 307/266 312/271 550/270
f 313/272 550/270 312/271 314/273
f 315/274 310/269 550/270 313/272
f 230/184 517/147 197/148
f 523/185 518/275 517/147 230/184
f 523/185 232/186 518/275
f 234/189 519/190 518/275 232/186
f 551/278 317/277 316/276 537/228
f 551/278 552/280 319/279 317/277
f 552/280 504/109 282/238 321/281
f 271/227 537/228 322/282
f 321/281 323/283 552/280
f 552/280 323/283 319/279
f 286/242 543/243 295/251
f 326/286 325/285 553/284 554/287
f 328/288 553/284 325/285
f 328/288 171/121 509/128 553/284
f 171/121 507/120 509/128
f 291/247 544/244 554/287 329/289
f 264/220 534/221 505/108 163/113
f 316/276 330/290 537/228
f 322/282 537/228 330/290
f 555/292 331/291 333/293
f 334/294 331/291 555/292
f 335/295 334/294 555/292 556/296
f 337/297 335/295 556/296 557/298
f 337/297 557/298 339/299
f 557/298 340/300 339/299
f 241/197 340/300 557/298 558/301
f 333/293 342/302 558/301 555/292
f 559/304 555/303 558/305
f 559/304 558/305 557/306
f 556/307 559/304 557/306
f 555/303 559/304 556/307
f 342/302 560/308 558/301
f 239/195 526/196 558/301
f 241/197 558/301 526/196
f 560/308 345/309 558/301
f 560/308 561/311 346/310 345/309
f 561/311 349/313 348/312 346/310
f 351/315 350/314 349/313 561/311
f 342/302 351/315 561/311 560/308
f 252/208 239/195 558/301 531/207
f 254/210 531/207 352/316
f 345/309 353/317 531/207 558/301
f 353/317 562/318 531/207
f 355/319 531/207 562/318
f 355/319 352/316 531/207
f 356/320 355/319 562/318 357/321
f 359/323 358/322 357/321 562/318
f 353/317 359/323 562/318
f 360/324 527/200 256/212
f 258/214 527/200 360/324
f 260/216 361/325 528/202 527/200
f 563/326 528/202 361/325
f 363/327 528/202 563/326
f 365/329 564/328 528/202 363/327
f 243/199 524/193 528/202
f 565/331 366/330 243/199 528/202
f 528/202 524/193 238/194
f 565/331 368/332 366/330
f 368/332 565/331 369/333
f 566/335 370/334 369/333 565/331
f 372/336 370/334 566/335 564/328
f 372/336 564/328 373/337
f 564/328 365/329 373/337
f 374/338 363/327 563/326 567/339
f 361/325 376/340 567/339 563/326
f 377/341 297/253 547/254
f 374/338 568/342 379/343
f 380/344 379/343 568/342
f 380/344 568/342 520/187
f 380/344 520/187 233/188
f 567/339 376/340 568/342
f 376/340 381/345 521/346
f 382/347 521/346 381/345
f 382/347 261/217 521/346
f 544/244 383/348 384/349
f 385/350 544/244 384/349
f 326/286 544/244 385/350
f 326/286 554/287 544/244
f 383/348 544/244 386/351
f 505/108 387/352 386/351 544/244
f 388/353 387/352 505/108
f 389/354 388/353 505/108
f 390/355 389/354 505/108 534/221
f 391/356 390/355 534/221
f 392/357 391/356 534/221
f 393/358 392/357 534/221
f 394/359 393/358 534/221 538/231
f 547/254 299/255 329/289 554/287
f 548/256 395/360 509/128
f 397/362 569/361 398/363
f 399/364 398/363 569/361
f 400/365 399/364 569/361
f 400/365 569/361 401/366
f 395/360 401/366 569/361 570/367
f 397/362 177/127 570/367 569/361
f 570/367 177/127 509/128
f 395/360 570/367 509/128
f 552/369 571/368 504/370
f 504/370 571/368 537/371
f 537/371 571/368 551/372
f 571/368 552/369 551/372
f 503/374 500/373 572/375
f 502/376 503/374 572/375
f 502/376 572/375 501/377
f 572/375 500/373 501/377
f 395/360 548/256 257/213
f 376/340 520/187 568/342
f 376/340 521/346 520/187
f 374/338 567/339 568/342
f 406/380 548/379 573/378 180/130
f 510/129 180/130 573/378
f 510/257 573/381 538/231 276/232
f 538/231 573/381 394/359
f 573/381 548/256 172/122 394/359
f 521/177 574/382 222/176
f 548/379 406/380 222/176 574/382
f 574/383 521/346 261/217 532/215
f 574/383 532/215 257/213
f 257/213 548/256 574/383
f 409/385 408/384 575/386
f 575/386 411/387 409/385
f 575/386 412/388 411/387
f 575/386 408/384 413/389
f 576/390 575/386 413/389 415/391
f 576/390 416/392 412/388 575/386
f 417/393 508/124 175/125
f 418/394 508/124 417/393
f 418/394 419/395 509/128 508/124
f 577/397 578/396 422/398
f 423/399 578/396 577/397
f 579/401 424/400 423/399 577/397
f 579/401 580/403 426/402 424/400
f 577/397 429/405 428/404 579/401
f 581/406 429/405 577/397
f 582/408 431/407 429/405 581/406
f 582/408 581/406 433/409 434/410
f 433/409 581/406 577/397
f 435/411 547/254 582/408 434/410
f 547/254 436/412 431/407 582/408
f 509/128 583/413 416/392
f 416/392 576/390 509/128
f 577/397 422/398 433/409
f 553/284 439/415 438/414 554/287
f 553/284 440/416 439/415
f 509/128 415/391 440/416 553/284
f 576/390 415/391 509/128
f 554/287 579/401 428/404 441/417
f 442/418 579/401 443/419
f 579/401 444/420 443/419
f 579/401 438/414 444/420
f 554/287 438/414 579/401
f 579/401 442/418 445/421
f 441/417 436/412 547/254 554/287
f 446/422 583/413 509/128
f 584/424 447/423 449/425
f 449/425 450/426 584/424
f 450/426 451/427 584/424
f 584/424 451/427 452/428
f 584/424 452/428 446/422 585/429
f 585/429 419/395 447/423 584/424
f 419/395 585/429 509/128
f 585/429 446/422 509/128
f 547/254 435/411 377/341
f 579/401 445/421 580/403
f 426/402 580/403 586/430 455/431
f 445/421 456/432 586/430 580/403
f 458/434 457/433 587/435
f 588/436 587/435 457/433 461/437
f 587/435 588/436 458/434
f 588/436 589/439 462/438 458/434
f 462/438 589/439 464/440
f 590/442 465/441 464/440 589/439
f 468/444 467/443 590/442 589/439
f 469/445 468/444 589/439 588/436
f 461/437 591/446 588/436
f 469/445 588/436 591/446
f 461/437 471/447 591/446
f 469/445 591/446 472/448
f 592/449 590/442 467/443 474/450
f 592/449 474/450 455/431 586/430
f 456/432 475/451 592/449 586/430
f 475/451 465/441 590/442 592/449
f 591/446 593/453 476/452 472/448
f 471/447 478/454 593/453 591/446
f 594/455 593/453 478/454
f 480/456 476/452 593/453 594/455
f 595/457 594/455 478/454 482/458
f 483/459 480/456 594/455 595/457
f 484/460 483/459 595/457 596/461
f 423/399 484/460 596/461 578/396
f 486/462 422/398 578/396 596/461
f 595/457 482/458 486/462 596/461
f 446/422 143/93 494/77 583/413
f 142/92 416/392 583/413 494/77
f 597/465 598/464 599/463 600/466
f 601/466 602/463 487/463 490/466
f 602/463 601/466 490/466 487/463
f 603/467 604/468 605/468 606/467
f 286/242 603/467 606/467 607/242
f 295/251 286/242 607/242 608/251
f 604/468 295/251 608/251 605/468
f 608/251 607/242 606/467 605/468
f 609/464 610/465 489/465 488/464
f 610/465 609/464 488/464 489/465
f 611/469 612/470 613/470 614/469
f 615/471 616/472 617/472 618/471
f 618/471 617/472 614/469 613/470
f 602/463 619/473 620/473 487/463
f 621/474 622/475 623/475 624/474
f 623/475 487/463 620/473 624/474
f 625/476 626/477 627/477 628/476
f 622/475 611/469 614/469 623/475
f 614/469 628/476 627/477 623/475
f 629/478 630/479 631/479 632/478
f 633/480 634/481 635/481 636/480
f 635/481 632/478 631/479 636/480
f 628/476 614/469 617/472 637/482
f 634/481 625/476 628/476 635/481
f 638/482 639/483 640/483 637/482
f 637/482 640/483 635/481 628/476
f 641/484 632/478 635/481 640/483
f 642/485 629/478 632/478 643/485
f 644/484 645/486 646/486 641/484
f 646/486 643/485 632/478 641/484
f 647/487 648/488 643/485 646/486
f 649/489 650/488 648/488 651/489
f 652/487 653/490 654/490 647/487
f 654/490 651/489 648/488 647/487
f 655/491 642/485 643/485 656/491
f 650/488 657/492 658/492 648/488
f 658/492 656/491 643/485 648/488
f 609/464 602/463 487/463 488/464
f 488/464 487/463 623/475 627/477
f 659/493 609/464 488/464 660/493
f 626/477 633/480 636/480 627/477
f 627/477 636/480 660/493 488/464
f 631/479 661/494 660/493 636/480
f 2/2 662/494 661/494 3/2
f 630/479 655/491 656/491 631/479
f 656/491 3/2 661/494 631/479
f 8/6 2/2 3/2 9/6
f 656/491 658/492 9/6 3/2
f 663/495 8/6 9/6 664/495
f 657/492 665/496 666/496 658/492
f 666/496 664/495 9/6 658/492
f 603/467 663/495 664/495 606/467
f 667/497 603/467 606/467 668/497
f 665/496 667/497 668/497 666/496
f 668/497 606/467 664/495 666/496
f 604/468 603/467 606/467 605/468
f 667/497 604/468 605/468 668/497
f 603/467 667/497 668/497 606/467
f 668/497 605/468 606/467
f 603/467 669/498 670/498 606/467
f 663/495 603/467 606/467 664/495
f 606/467 670/498 664/495
f 669/498 671/499 672/499 670/498
f 5/3 663/495 664/495 6/4
f 664/495 670/498 672/499 6/4
f 671/499 673/500 674/500 672/499
f 1/1 5/3 6/4 4/1
f 6/4 672/499 674/500 4/1
f 673/500 675/501 676/501 674/500
f 677/502 1/1 4/1 678/502
f 4/1 674/500 676/501 678/502
f 678/502 676/501 679/503
f 662/494 677/502 678/502 661/494
f 680/503 659/493 660/493 679/503
f 660/493 661/494 678/502 679/503
f 675/501 681/504 682/504 676/501
f 679/503 676/501 682/504
f 610/465 680/503 679/503 489/465
f 682/504 489/465 679/503
f 681/504 683/505 684/505 682/504
f 682/504 684/505 489/465
f 601/466 610/465 489/465 490/466
f 489/465 684/505 490/466
f 683/505 685/506 686/506 684/505
f 490/466 684/505 686/506
f 687/507 601/466 490/466 688/507
f 688/507 490/466 686/506
f 685/506 689/508 690/508 686/506
f 688/507 686/506 690/508
f 619/473 687/507 688/507 620/473
f 620/473 688/507 690/508
f 620/473 690/508 624/474
f 612/470 621/474 624/474 613/470
f 624/474 690/508 613/470
f 612/470 615/471 618/471 613/470
f 689/508 612/470 613/470 690/508
f 615/471 689/508 690/508 618/471
f 690/508 613/470 618/471
f 691/509 692/510 74/510 693/509
f 694/511 691/509 693/509 695/511
f 696/512 694/511 695/511 75/512
f 695/511 693/509 74/510 75/512
f 692/510 615/471 618/471 74/510
f 75/512 74/510 618/471
f 618/471 613/470 75/512
f 689/508 696/512 75/512 690/508
f 75/512 613/470 690/508
f 697/38 638/482 637/482 73/38
f 616/472 698/513 72/513 617/472
f 72/513 73/38 637/482 617/472
f 699/514 644/484 641/484 106/514
f 639/483 700/515 107/515 640/483
f 107/515 106/514 641/484 640/483
f 701/516 699/514 106/514 702/516
f 703/517 701/516 702/516 704/517
f 700/515 703/517 704/517 107/515
f 704/517 702/516 106/514 107/515
f 705/518 697/38 73/38 706/518
f 707/519 705/518 706/518 708/519
f 698/513 707/519 708/519 72/513
f 708/519 706/518 73/38 72/513
f 709/520 710/521 711/521 712/520
f 713/522 709/520 712/520 714/522
f 714/522 712/520 711/521
f 710/521 715/523 716/523 711/521
f 717/524 713/522 714/522 718/524
f 714/522 711/521 716/523 718/524
f 719/525 717/524 718/524 720/525
f 718/524 716/523 720/525
f 715/523 721/526 722/526 716/523
f 723/527 719/525 720/525 724/527
f 720/525 716/523 722/526 724/527
f 645/486 723/527 724/527 646/486
f 721/526 652/487 647/487 722/526
f 722/526 647/487 646/486 724/527
f 725/528 726/529 727/529 728/528
f 729/530 725/528 728/528 730/530
f 731/531 729/530 730/530 732/531
f 730/530 728/528 727/529 732/531
f 733/532 731/531 732/531 734/532
f 732/531 727/529 734/532
f 726/529 735/533 736/533 727/529
f 737/534 733/532 734/532 738/534
f 734/532 727/529 736/533 738/534
f 739/535 737/534 738/534 740/535
f 738/534 736/533 740/535
f 735/533 741/536 742/536 736/533
f 740/535 736/533 742/536
f 653/490 739/535 740/535 654/490
f 742/536 654/490 740/535
f 742/536 651/489 654/490
f 667/497 649/489 651/489 668/497
f 604/468 667/497 668/497 605/468
f 741/536 604/468 605/468 742/536
f 605/468 668/497 651/489 742/536
f 741/536 742/536 604/468
f 741/536 604/468 742/536
f 669/498 603/467 670/498
f 669/498 670/498 603/467
f 599/463 602/463 601/466 600/466
f 600/466 601/466 602/463 599/463
f 743/468 604/468 603/467 744/467
f 744/467 603/467 286/242 745/242
f 745/242 286/242 295/251 746/251
f 746/251 295/251 604/468 743/468
f 744/467 745/242 746/251 743/468
f 597/465 610/465 609/464 598/464
f 598/464 609/464 610/465 597/465
f 747/470 612/470 611/469 748/469
f 749/472 616/472 615/471 750/471
f 748/469 749/472 750/471 747/470
f 751/473 619/473 602/463 599/463
f 752/475 622/475 621/474 753/474
f 751/473 599/463 752/475 753/474
f 754/477 626/477 625/476 755/476
f 748/469 611/469 622/475 752/475
f 754/477 755/476 748/469 752/475
f 756/479 630/479 629/478 757/478
f 758/481 634/481 633/480 759/480
f 756/479 757/478 758/481 759/480
f 749/472 748/469 755/476 760/482
f 755/476 625/476 634/481 758/481
f 761/483 639/483 638/482 760/482
f 758/481 761/483 760/482 755/476
f 758/481 757/478 762/484 761/483
f 757/478 629/478 642/485 763/485
f 764/486 645/486 644/484 762/484
f 757/478 763/485 764/486 762/484
f 763/485 765/488 766/487 764/486
f 765/488 650/488 649/489 767/489
f 768/490 653/490 652/487 766/487
f 765/488 767/489 768/490 766/487
f 763/485 642/485 655/491 769/491
f 770/492 657/492 650/488 765/488
f 763/485 769/491 770/492 765/488
f 599/463 602/463 609/464 598/464
f 752/475 599/463 598/464 754/477
f 598/464 609/464 659/493 771/493
f 759/480 633/480 626/477 754/477
f 771/493 759/480 754/477 598/464
f 771/493 772/494 756/479 759/480
f 772/494 662/494 2/2 11/2
f 769/491 655/491 630/479 756/479
f 772/494 11/2 769/491 756/479
f 11/2 2/2 8/6 14/6
f 14/6 770/492 769/491 11/2
f 14/6 8/6 663/495 773/495
f 774/496 665/496 657/492 770/492
f 14/6 773/495 774/496 770/492
f 773/495 663/495 603/467 744/467
f 744/467 603/467 667/497 775/497
f 775/497 667/497 665/496 774/496
f 773/495 744/467 775/497 774/496
f 744/467 603/467 604/468 743/468
f 743/468 604/468 667/497 775/497
f 775/497 667/497 603/467 744/467
f 743/468 775/497 744/467
f 776/498 669/498 603/467 744/467
f 744/467 603/467 663/495 773/495
f 776/498 744/467 773/495
f 777/499 671/499 669/498 776/498
f 773/495 663/495 5/3 13/4
f 777/499 776/498 773/495 13/4
f 778/500 673/500 671/499 777/499
f 13/4 5/3 1/1 12/1
f 778/500 777/499 13/4 12/1
f 779/501 675/501 673/500 778/500
f 12/1 1/1 677/502 780/502
f 779/501 778/500 12/1 780/502
f 779/501 780/502 781/503
f 780/502 677/502 662/494 772/494
f 771/493 659/493 680/503 781/503
f 780/502 772/494 771/493 781/503
f 782/504 681/504 675/501 779/501
f 779/501 781/503 782/504
f 781/503 680/503 610/465 597/465
f 597/465 782/504 781/503
f 783/505 683/505 681/504 782/504
f 783/505 782/504 597/465
f 597/465 610/465 601/466 600/466
f 783/505 597/465 600/466
f 784/506 685/506 683/505 783/505
f 783/505 600/466 784/506
f 600/466 601/466 687/507 785/507
f 600/466 785/507 784/506
f 786/508 689/508 685/506 784/506
f 784/506 785/507 786/508
f 785/507 687/507 619/473 751/473
f 785/507 751/473 786/508
f 786/508 751/473 753/474
f 753/474 621/474 612/470 747/470
f 786/508 753/474 747/470
f 750/471 615/471 612/470 747/470
f 747/470 612/470 689/508 786/508
f 786/508 689/508 615/471 750/471
f 747/470 786/508 750/471
f 787/510 692/510 691/509 788/509
f 788/509 691/509 694/511 789/511
f 789/511 694/511 696/512 790/512
f 787/510 788/509 789/511 790/512
f 750/471 615/471 692/510 787/510
f 787/510 790/512 750/471
f 747/470 750/471 790/512
f 790/512 696/512 689/508 786/508
f 747/470 790/512 786/508
f 760/482 638/482 697/38 791/38
f 792/513 698/513 616/472 749/472
f 760/482 791/38 792/513 749/472
f 762/484 644/484 699/514 793/514
f 794/515 700/515 639/483 761/483
f 762/484 793/514 794/515 761/483
f 793/514 699/514 701/516 795/516
f 795/516 701/516 703/517 796/517
f 796/517 703/517 700/515 794/515
f 793/514 795/516 796/517 794/515
f 791/38 697/38 705/518 797/518
f 797/518 705/518 707/519 798/519
f 798/519 707/519 698/513 792/513
f 791/38 797/518 798/519 792/513
f 799/521 710/521 709/520 800/520
f 800/520 709/520 713/522 801/522
f 800/520 801/522 799/521
f 802/523 715/523 710/521 799/521
f 801/522 713/522 717/524 803/524
f 802/523 799/521 801/522 803/524
f 803/524 717/524 719/525 804/525
f 802/523 803/524 804/525
f 805/526 721/526 715/523 802/523
f 804/525 719/525 723/527 806/527
f 805/526 802/523 804/525 806/527
f 806/527 723/527 645/486 764/486
f 766/487 652/487 721/526 805/526
f 764/486 766/487 805/526 806/527
f 807/529 726/529 725/528 808/528
f 808/528 725/528 729/530 809/530
f 809/530 729/530 731/531 810/531
f 807/529 808/528 809/530 810/531
f 810/531 731/531 733/532 811/532
f 807/529 810/531 811/532
f 812/533 735/533 726/529 807/529
f 811/532 733/532 737/534 813/534
f 812/533 807/529 811/532 813/534
f 813/534 737/534 739/535 814/535
f 812/533 813/534 814/535
f 815/536 741/536 735/533 812/533
f 812/533 814/535 815/536
f 814/535 739/535 653/490 768/490
f 768/490 815/536 814/535
f 767/489 815/536 768/490
f 767/489 649/489 667/497 775/497
f 775/497 667/497 604/468 743/468
f 743/468 604/468 741/536 815/536
f 767/489 775/497 743/468 815/536
f 287/243 608/251 295/251
f 287/243 607/242 608/251
f 286/242 607/242 287/243
f 246/537 816/538 364/539
f 816/538 371/540 364/539
f 816/538 367/541 371/540
f 246/537 367/541 816/538
f 564/539 817/538 528/537
f 564/539 566/540 817/538
f 566/540 565/541 817/538
f 817/538 565/541 528/537
f 818/542 819/542 820/542
f 821/543 822/544 823/545 824/546
f 822/544 821/543 825/547 826/548
f 827/549 828/550 826/548 825/547
f 829/551 830/552 828/550 827/549
f 831/553 832/554 833/555
f 831/553 834/556 832/554
f 832/554 835/557 836/558 833/555
f 837/559 838/560 836/558 835/557
f 838/560 837/559 839/561 840/562
f 839/561 830/552 829/551 840/562
f 838/563 840/564 829/565
f 829/565 827/566 836/567 838/563
f 836/567 827/566 825/568 833/569
f 833/569 825/568 821/570 831/571
f 831/571 821/570 824/572
f 824/572 834/573 831/571
f 841/574 842/575 837/559 843/576
f 843/576 844/577 841/574
f 845/578 846/579 844/577 843/576
f 847/580 846/579 845/578 848/581
f 849/582 850/583 847/580 848/581
f 851/584 850/583 849/582
f 852/585 851/584 849/582 853/586
f 852/585 853/586 854/587
f 853/586 823/545 855/588 854/587
f 856/589 857/590 858/591 859/592
f 860/593 856/589 859/592 861/594
f 862/595 863/596 864/597 865/598
f 866/599 862/595 865/598 867/600
f 862/601 866/602 868/603 869/604
f 869/604 870/605 863/606 862/601
f 870/605 871/607 860/593 863/606
f 871/607 872/608 860/593
f 856/589 860/593 872/608
f 873/609 856/589 872/608
f 874/610 875/611 856/589 873/609
f 875/611 874/610 876/612
f 877/613 875/611 876/612 878/614
f 879/615 880/616 877/613 878/614
f 881/617 882/618 880/616 879/615
f 883/619 882/618 881/617
f 884/620 885/621 886/622
f 887/623 884/620 886/622
f 887/623 888/624 884/620
f 885/621 884/620 888/624
f 889/625 888/624 890/626
f 890/626 888/624 891/627
f 881/617 889/625 890/626 883/619
f 891/627 892/628 883/619 890/626
f 893/629 883/619 892/628
f 882/618 883/619 893/629
f 894/630 882/618 893/629
f 880/616 882/618 894/630
f 895/631 877/613 894/630
f 894/630 877/613 880/616
f 895/631 896/632 875/611 877/613
f 896/632 897/633 856/589 875/611
f 858/634 898/635 859/636
f 885/637 888/638 899/639
f 898/635 861/640 859/636
f 897/633 900/641 857/590 856/589
f 901/642 902/643 857/590 900/641
f 903/644 904/645 905/646
f 904/645 906/647 905/646
f 907/648 904/645 908/649
f 909/650 908/649 904/645
f 910/651 904/645 903/644
f 909/650 904/645 910/651
f 911/652 912/653 913/654
f 914/655 913/654 912/653
f 915/656 912/653 916/657
f 917/658 916/657 912/653
f 911/652 918/659 912/653
f 917/658 912/653 918/659
f 914/655 912/653 919/660
f 920/661 914/655 919/660 921/662
f 920/661 921/662 922/663
f 920/661 922/663 907/648
f 907/648 922/663 904/645
f 923/664 906/647 904/645
f 923/664 904/645 924/665
f 925/666 904/645 922/663
f 922/663 921/662 925/666
f 926/667 925/666 921/662
f 915/656 927/668 912/653
f 915/656 928/669 929/670 927/668
f 924/665 930/671 931/672 923/664
f 919/660 926/667 921/662
f 925/666 932/673 933/674 904/645
f 934/675 924/665 904/645 933/674
f 935/676 936/677 932/673
f 935/676 932/673 937/678
f 938/679 935/676 937/678
f 936/677 933/674 932/673
f 939/680 934/675 933/674
f 933/674 940/681 939/680
f 933/674 941/682 940/681
f 942/683 941/682 933/674
f 936/677 942/683 933/674
f 936/677 935/676 943/684 942/683
f 935/676 938/679 944/685 943/684
f 938/679 945/686 944/685
f 945/686 946/687 944/685
f 947/688 946/687 945/686
f 948/689 947/688 945/686
f 949/690 948/689 945/686
f 937/678 945/686 938/679
f 937/678 926/667 912/653 945/686
f 919/660 912/653 926/667
f 950/691 912/653 927/668
f 945/686 912/653 950/691 949/690
f 927/668 929/670 951/692 950/691
f 952/693 906/647 923/664 931/672
f 953/694 954/695 955/696 956/697
f 957/698 958/699 953/694 956/697
f 934/675 939/680 958/699 957/698
f 939/680 940/681 959/700 958/699
f 958/699 959/700 953/694
f 954/695 953/694 959/700 960/701
f 961/702 962/703 947/688 948/689
f 949/690 963/704 961/702 948/689
f 964/705 965/706 966/707
f 967/708 965/706 964/705
f 968/709 969/710 970/711
f 964/712 966/713 971/714 969/710
f 968/709 964/712 969/710
f 968/709 972/715 964/712
f 973/716 967/717 964/712 972/715
f 974/718 967/717 973/716
f 951/692 929/670 975/719
f 976/720 977/721 978/722
f 976/723 962/703 961/702
f 963/704 976/723 961/702
f 978/722 962/724 976/720
f 951/725 975/726 976/720 963/727
f 928/669 975/719 929/670
f 979/728 975/726 928/729
f 979/728 928/729 980/730
f 980/730 928/729 981/731
f 980/730 981/731 982/732
f 983/733 982/732 981/731
f 983/733 981/731 984/734
f 985/735 984/734 981/731
f 986/736 987/737 988/738
f 987/737 985/735 988/738
f 981/731 988/738 985/735
f 851/739 852/740 989/741
f 990/742 850/743 851/739 989/741
f 990/742 991/744 847/745 850/743
f 992/746 847/745 991/744
f 993/747 987/737 986/736
f 985/735 987/737 993/747
f 985/735 993/747 984/734
f 993/747 983/733 984/734
f 993/747 982/732 983/733
f 994/748 967/717 974/718
f 888/624 889/625 899/749
f 995/750 996/751 842/752 841/753
f 842/752 996/751 997/754 998/755
f 999/756 997/754 996/751 1000/757
f 995/750 1000/757 996/751
f 1001/758 1002/759 1003/760 1004/761
f 992/746 1005/762 846/763 847/745
f 1005/762 995/750 844/764 846/763
f 995/750 841/753 844/764
f 977/765 1006/765 1007/766 1008/766
f 1009/767 967/717 994/748
f 1009/767 994/748 1010/768
f 1008/766 1007/766 1009/767 1010/768
f 1006/721 1011/769 1007/770
f 1009/771 1007/770 1011/769 1012/772
f 854/773 855/774 1012/772 1011/769
f 1013/775 852/740 854/773 1011/769
f 1013/775 1011/769 1006/721 975/726
f 1013/775 975/726 979/728 1014/776
f 989/741 852/740 1013/775 1014/776
f 1015/777 990/742 989/741 1014/776
f 980/730 1015/777 1014/776 979/728
f 1016/778 990/742 1015/777
f 1017/779 991/744 990/742 1016/778
f 980/730 982/732 1016/778 1015/777
f 1017/779 1016/778 982/732 1018/780
f 1002/759 1019/781 1003/760
f 1020/782 1021/783 1022/784
f 1023/785 1022/784 1021/783
f 1024/786 1023/785 1021/783
f 1025/787 1023/785 1024/786
f 1025/787 1024/786 1026/788
f 1026/788 1024/786 1027/789
f 1024/786 1028/790 1027/789
f 1028/790 1024/786 1029/791
f 1030/754 998/755 997/754
f 997/754 999/756 1031/756 1030/754
f 1019/781 1032/792 1031/756 999/756
f 1032/792 1029/791 1024/786 1031/756
f 1031/756 1024/786 1030/754
f 1030/754 1024/786 998/755
f 982/732 993/747 1018/780
f 1032/792 1019/781 1002/759 1033/759
f 1034/793 1035/794 1036/795
f 1037/796 1036/795 1035/794
f 1037/796 1038/797 1039/798 1036/795
f 1038/797 1040/799 1041/800 1039/798
f 1038/797 1037/796 1042/801 1043/802
f 1041/800 1040/799 1044/803
f 1002/759 1001/758 1045/758 1033/759
f 1034/793 1046/804 1047/805 1035/794
f 1037/796 1035/794 1042/801
f 1047/805 1042/801 1035/794
f 1040/799 1038/797 1048/806
f 1043/802 1048/806 1038/797
f 1017/779 1018/780 1049/807 1050/808
f 1004/761 1050/808 1001/758
f 1049/807 1001/758 1050/808
f 1004/761 992/746 1050/808
f 991/744 1017/779 1050/808 992/746
f 1049/807 1045/758 1001/758
f 1049/807 1040/799 1048/806 1045/758
f 1044/803 1040/799 1051/809
f 1049/807 1051/809 1040/799
f 1017/779 1018/780 993/747 1049/807
f 1049/807 993/747 1052/810
f 1051/809 1049/807 1052/810
f 1005/762 992/746 1003/760
f 1004/761 1003/760 992/746
f 1000/757 995/750 1005/762 1053/811
f 1003/760 1053/811 1005/762
f 999/756 1000/757 1053/811 1003/760 1019/781
f 969/710 971/714 1054/812 1055/813
f 970/711 969/710 1055/813 1056/814
f 1057/815 1056/814 1055/813 1058/816
f 1055/813 1054/812 1059/817 1058/816
f 902/643 901/642 1060/818
f 1061/819 1060/818 901/642
f 1057/820 1058/821 1060/822 1061/823
f 1060/822 1058/821 1059/824 902/825
f 1062/826 1063/827 1064/828
f 888/638 887/829 1064/830 1063/831
f 891/627 888/624 1063/827 1065/832
f 1062/826 1065/832 1063/827
f 1066/833 1065/832 1067/833
f 1068/834 1067/833 1065/832
f 1068/834 1065/832 1069/835
f 1070/836 1071/837 1063/827 1064/828
f 1063/827 1071/837 1072/838
f 1073/839 1063/827 1072/838
f 1074/840 1062/826 1063/827 1073/839
f 1062/826 1074/840 1069/835
f 1069/835 1065/832 1062/826
f 1075/841 832/554 834/556
f 1076/842 835/557 832/554 1075/841
f 1077/843 837/559 835/557 1076/842
f 1077/843 843/576 837/559
f 1077/843 1078/844 845/578 843/576
f 1079/845 848/581 845/578 1078/844
f 849/582 848/581 1079/845
f 849/582 1079/845 1080/846 853/586
f 853/586 1080/846 1081/847
f 824/546 823/545 853/586 1081/847
f 1079/845 1078/844 1077/843
f 1079/848 1077/849 1076/850 1080/851
f 1080/851 1076/850 1081/852
f 1081/852 1076/850 1075/853
f 1075/853 824/572 1081/852
f 1075/853 834/573 824/572
f 1082/854 1083/855 1084/856
f 1085/857 1086/858 1087/859 1088/860
f 1089/861 1090/862 1087/859 1086/858
f 1091/863 1090/862 1089/861 1092/864
f 1093/865 1091/863 1092/864
f 1094/866 1070/836 1084/867 1095/868
f 1095/868 1084/867 1083/869 1096/870
f 1095/868 1096/870 1097/871 1094/866
f 1098/872 1082/873 1099/874 1100/875
f 1101/876 1085/877 1082/873 1098/872
f 1100/875 1102/878 1101/876 1098/872
f 1103/879 1086/880 1085/877 1101/876
f 1102/878 1104/881 1103/879 1101/876
f 1104/881 1105/882 1103/879
f 1106/883 1097/871 1096/870
f 1096/870 1083/869 1088/884 1107/885
f 1096/870 1107/885 1108/886 1106/883
f 1107/885 1088/884 1087/887 1109/887
f 1107/885 1109/887 1110/840 1108/886
f 1109/887 1111/835 1110/840
f 1109/887 1087/887 1090/888 1112/888
f 1112/888 1111/835 1109/887
f 1112/888 1090/888 1091/889 1113/889
f 1112/888 1113/889 1114/834 1111/835
f 1113/889 1115/833 1114/834
f 1113/889 1091/889 1093/890 1116/890
f 1113/889 1116/890 1117/891 1115/833
f 1118/892 1117/891 1116/890
f 1118/892 1116/890 1119/893
f 1120/894 1089/895 1086/880 1103/879
f 1121/896 1120/894 1103/879 1105/882
f 1122/897 1092/898 1089/895 1120/894
f 1123/899 1122/897 1120/894 1121/896
f 1124/900 1122/897 1123/899
f 1125/901 1119/893 1122/897 1124/900
f 1116/890 1093/890 1092/898 1122/897
f 1119/893 1116/890 1122/897
f 1088/860 1083/855 1126/902
f 1082/854 1126/902 1083/855
f 1088/860 1126/902 1085/857
f 1082/854 1085/857 1126/902
f 1127/903 1128/878 1099/874
f 1127/903 1129/904 1130/881 1128/878
f 1129/904 1131/905 1132/882 1130/881
f 1132/882 1131/905 1133/896
f 1131/905 1134/906 1135/899 1133/896
f 1134/906 1136/907 1137/900 1135/899
f 1138/908 1139/901 955/696 954/695
f 1140/909 955/696 1139/901 1136/907
f 1139/901 1137/900 1136/907
f 1067/833 1141/891 1142/891 1066/833
f 954/695 1143/892 1138/908
f 1142/891 1141/891 1143/892 954/695
f 960/701 1142/891 954/695
f 1144/910 1094/866 1097/871 1145/911
f 1146/912 1071/837 1070/836 1147/913
f 1147/913 1070/836 1094/866 1144/910
f 1145/911 1146/912 1147/913 1144/910
f 1148/914 1102/878 1100/875 1149/915
f 1149/915 1100/875 1099/874 1150/916
f 1150/916 1099/874 1128/878 1151/917
f 1149/915 1150/916 1151/917 1148/914
f 1152/918 1104/881 1102/878 1148/914
f 1151/917 1128/878 1130/881 1153/919
f 1148/914 1151/917 1153/919 1152/918
f 1154/920 1105/882 1104/881 1152/918
f 1153/919 1130/881 1132/882 1155/920
f 1152/918 1153/919 1155/920 1154/920
f 1145/911 1097/871 1106/883 1156/921
f 1157/922 1072/838 1071/837 1146/912
f 1156/921 1157/922 1146/912 1145/911
f 1156/921 1106/883 1108/886 1158/923
f 1159/924 1073/839 1072/838 1157/922
f 1158/923 1159/924 1157/922 1156/921
f 1158/923 1108/886 1110/840 1160/925
f 1161/925 1074/840 1073/839 1159/924
f 1160/925 1161/925 1159/924 1158/923
f 1160/925 1110/840 1111/835 1162/926
f 1163/926 1069/835 1074/840 1161/925
f 1162/926 1163/926 1161/925 1160/925
f 1162/926 1111/835 1114/834 1164/927
f 1165/927 1068/834 1069/835 1163/926
f 1164/927 1165/927 1163/926 1162/926
f 1164/927 1114/834 1115/833 1166/928
f 1167/928 1067/833 1068/834 1165/927
f 1166/928 1167/928 1165/927 1164/927
f 1166/928 1115/833 1117/891 1168/929
f 1169/929 1141/891 1067/833 1167/928
f 1168/929 1169/929 1167/928 1166/928
f 1168/929 1117/891 1118/892 1170/930
f 1171/930 1143/892 1141/891 1169/929
f 1170/930 1171/930 1169/929 1168/929
f 1170/930 1118/892 1119/893 1172/931
f 1173/932 1138/908 1143/892 1171/930
f 1172/931 1173/932 1171/930 1170/930
f 1174/933 1121/896 1105/882 1154/920
f 1155/920 1132/882 1133/896 1175/933
f 1154/920 1155/920 1175/933 1174/933
f 1176/934 1123/899 1121/896 1174/933
f 1175/933 1133/896 1135/899 1177/934
f 1174/933 1175/933 1177/934 1176/934
f 1178/935 1124/900 1123/899 1176/934
f 1177/934 1135/899 1137/900 1179/935
f 1176/934 1177/934 1179/935 1178/935
f 1180/936 1125/901 1124/900 1178/935
f 1179/935 1137/900 1139/901 1181/936
f 1178/935 1179/935 1181/936 1180/936
f 1172/931 1119/893 1125/901 1180/936
f 1181/936 1139/901 1138/908 1173/932
f 1180/936 1181/936 1173/932 1172/931
f 1084/867 1070/836 1094/866 1095/868
f 1099/874 1082/873 1098/872 1100/875
f 1094/866 1070/836 1147/913 1144/910
f 1099/874 1100/875 1149/915 1150/916
f 1131/905 1182/937 1183/938 1134/906
f 1184/939 1185/940 1183/938 1182/937
f 1184/939 1186/941 1187/942 1185/940
f 1186/941 1188/943 1187/942
f 1188/943 1189/944 1187/942
f 1190/945 1189/944 1188/943
f 1191/946 1190/945 1188/943 1192/947
f 1193/948 1191/946 1192/947 1194/949
f 1193/948 1194/949 1195/950
f 1196/951 1197/952 1198/953
f 1196/951 1199/954 1200/955 1197/952
f 1199/954 1201/956 1202/957 1200/955
f 1201/956 1203/958 1204/959 1202/957
f 1205/960 1203/958 1206/961
f 1201/956 1206/961 1203/958
f 1199/954 1207/962 1206/961 1201/956
f 1208/963 1207/962 1199/954 1196/951
f 1209/964 1210/965 1198/966
f 1210/965 1211/967 1196/968 1198/966
f 1211/967 1212/969 1208/970 1196/968
f 1208/970 1212/969 1213/971 1214/972
f 1205/973 1206/974 1215/975 1216/976
f 1206/974 1207/977 1217/978 1215/975
f 1207/977 1208/970 1214/972 1217/978
f 1218/979 1219/980 952/693
f 931/672 1220/981 1218/979 952/693
f 1221/982 1220/981 931/672
f 931/672 1222/983 1221/982
f 930/671 1223/984 1224/985
f 930/671 1224/985 1222/983
f 931/672 930/671 1222/983
f 1127/903 1225/986 1129/904
f 1226/987 1129/988 1225/989
f 1226/987 1225/989 1227/990
f 1228/991 1229/992 1226/987 1227/990
f 1230/993 1192/994 1229/992 1228/991
f 1230/993 1194/995 1192/994
f 1186/996 1229/992 1192/994 1188/997
f 1229/992 1186/996 1184/998
f 1226/987 1229/992 1184/998 1182/999
f 1129/988 1226/987 1182/999 1131/1000
f 1231/1001 1189/944 1205/973
f 1232/1002 1204/1003 1233/1004
f 1204/1003 1234/1005 1233/1004
f 1203/1006 1234/1005 1204/1003
f 1203/1006 1205/973 1189/944 1190/945
f 1203/1006 1205/973 1216/976 1234/1005
f 1187/942 1189/944 1235/1007 1236/1008
f 1187/942 1236/1008 1185/940
f 1236/1008 1237/1009 1183/938 1185/940
f 1237/1009 1238/1010 1134/906 1183/938
f 1239/1011 1140/909 1136/907 1238/1010
f 1240/1012 1239/1011 1238/1010 1237/1009
f 1241/1013 1240/1012 1237/1009 1236/1008
f 1235/1007 1242/1014 1241/1013 1236/1008
f 1243/1015 1244/1016 1214/972 1213/971
f 1244/1016 1245/1017 1217/978 1214/972
f 1246/1018 1247/1019 1248/1020 1249/1021
f 1246/1018 1249/1021 1250/1022 1251/1023
f 1243/1015 1251/1023 1250/1022 1244/1016
f 1251/1023 1252/1024 1223/1025 1246/1018
f 1253/1026 1252/1024 1251/1023 1243/1015
f 1254/1027 1253/1026 1243/1015 1213/971
f 1254/1027 1213/971 1212/969
f 1255/1028 1254/1027 1212/969 1211/967
f 1255/1028 1211/967 1210/1029
f 1256/1030 1255/1028 1210/1029
f 1256/1030 1210/1029 1209/964
f 1219/980 1256/1030 1209/964
f 1249/1021 1242/1014 1245/1017
f 1244/1016 1250/1022 1245/1017
f 1245/1017 1250/1022 1249/1021
f 1217/978 1245/1017 1257/1031 1215/975
f 1257/1031 1245/1017 1242/1014 1235/1007
f 1216/976 1215/975 1257/1031 1235/1007
f 1195/950 1258/1032 1259/1033 1193/948
f 1193/948 1259/1033 1260/1034 1191/946
f 1260/1034 1261/1035 1190/945 1191/946
f 1189/944 1190/945 1261/1035
f 1235/1007 1189/944 1261/1035
f 1262/1036 1223/1025 1252/1024 1263/1037
f 1264/1038 1224/985 1223/984 1262/1039
f 1263/1037 1252/1024 1253/1026 1265/1040
f 1266/1041 1222/983 1224/985 1264/1038
f 1265/1040 1266/1041 1264/1038 1263/1037
f 1265/1040 1253/1026 1254/1027 1267/1042
f 1268/1043 1221/982 1222/983 1266/1041
f 1267/1042 1268/1043 1266/1041 1265/1040
f 1267/1042 1254/1027 1255/1028 1269/1044
f 1270/1045 1220/981 1221/982 1268/1043
f 1269/1044 1270/1045 1268/1043 1267/1042
f 1269/1044 1255/1028 1256/1030 1271/1046
f 1272/1047 1218/979 1220/981 1270/1045
f 1271/1046 1272/1047 1270/1045 1269/1044
f 1271/1046 1256/1030 1219/980 1273/1048
f 1273/1048 1219/980 1218/979 1272/1047
f 1274/1049 1259/1033 1258/1032 1232/1002
f 1275/1050 1260/1034 1259/1033 1274/1049
f 1276/1051 1233/1004 1234/1005 1277/1052
f 1274/1049 1276/1051 1277/1052 1275/1050
f 1278/1053 1261/1035 1260/1034 1275/1050
f 1277/1052 1234/1005 1216/976 1279/1054
f 1275/1050 1277/1052 1279/1054 1278/1053
f 1280/1055 1235/1007 1261/1035 1278/1053
f 1279/1054 1216/976 1231/1001 1281/1056
f 1281/1056 1231/1001 1235/1007 1280/1055
f 1278/1053 1279/1054 1281/1056 1280/1055
f 1272/1047 1271/1046 1273/1048
f 1233/1004 1276/1051 1232/1002
f 1276/1051 1274/1049 1232/1002
f 1248/1020 1242/1014 1249/1021
f 1140/909 1239/1011 1240/1012
f 1235/1007 1231/1001 1216/976
f 1232/1002 1258/1032 1195/950
f 1248/1020 1247/1019 1246/1018 1249/1021
f 1242/1014 1248/1020 1249/1021
f 1282/1011 1140/909 1240/1012
f 1258/1032 1232/1002 1195/950
f 1189/944 1231/1001 1235/1007
f 1238/1010 1136/907 1134/906
f 1235/1007 1231/1001 1189/944
f 1263/1037 1264/1038 1262/1036
f 976/720 975/726 977/721
f 975/719 1006/765 977/765
f 1283/577 839/576 1284/574
f 1283/577 1285/579 830/578 839/576
f 830/578 1285/579 1286/580 828/581
f 1286/580 1287/583 826/582 828/581
f 1287/583 1288/584 826/582
f 826/582 1288/584 1289/585 822/586
f 822/586 1289/585 1290/587
f 855/588 823/545 822/586 1290/587
f 858/591 857/590 1291/589 1292/592
f 1292/592 1291/589 860/593 861/594
f 1293/597 863/596 1294/595 1295/598
f 1295/598 1294/595 866/599 867/600
f 868/603 866/602 1294/601 1296/604
f 863/606 1297/605 1296/604 1294/601
f 860/593 1298/607 1297/605 863/606
f 1299/608 1298/607 860/593
f 860/593 1291/589 1299/608
f 1291/589 1300/609 1299/608
f 1291/589 1301/611 1302/610 1300/609
f 1302/610 1301/611 1303/612
f 1303/612 1301/611 1304/613 1305/614
f 1304/613 1306/616 1307/615 1305/614
f 1306/616 1308/618 1309/617 1307/615
f 1308/618 1310/619 1309/617
f 1311/621 1312/620 1313/622
f 1312/620 1314/623 1313/622
f 1315/624 1314/623 1312/620
f 1312/620 1311/621 1315/624
f 1315/624 1316/625 1317/626
f 1315/624 1317/626 1318/627
f 1317/626 1316/625 1309/617 1310/619
f 1310/619 1319/628 1318/627 1317/626
f 1310/619 1320/629 1319/628
f 1310/619 1308/618 1320/629
f 1308/618 1321/630 1320/629
f 1308/618 1306/616 1321/630
f 1304/613 1322/631 1321/630
f 1304/613 1321/630 1306/616
f 1301/611 1323/632 1322/631 1304/613
f 1291/589 1324/633 1323/632 1301/611
f 898/635 858/634 1292/636
f 1315/638 1311/637 1325/639
f 861/640 898/635 1292/636
f 857/590 1326/641 1324/633 1291/589
f 857/590 902/643 1327/642 1326/641
f 1328/645 1329/644 1330/646
f 1331/647 1328/645 1330/646
f 1328/645 1332/648 1333/649
f 1333/649 1334/650 1328/645
f 1328/645 1335/651 1329/644
f 1328/645 1334/650 1335/651
f 1336/653 1337/652 1338/654
f 1338/654 1339/655 1336/653
f 1336/653 1340/656 1341/657
f 1341/657 1342/658 1336/653
f 1343/659 1337/652 1336/653
f 1336/653 1342/658 1343/659
f 1336/653 1339/655 1344/660
f 1344/660 1339/655 1345/661 1346/662
f 1346/662 1345/661 1347/663
f 1347/663 1345/661 1332/648
f 1347/663 1332/648 1328/645
f 1331/647 1348/664 1328/645
f 1328/645 1348/664 1349/665
f 1328/645 1350/666 1347/663
f 1346/662 1347/663 1350/666
f 1350/666 1351/667 1346/662
f 1352/668 1340/656 1336/653
f 1353/670 1354/669 1340/656 1352/668
f 1355/672 1356/671 1349/665 1348/664
f 1351/667 1344/660 1346/662
f 1357/674 1358/673 1350/666 1328/645
f 1328/645 1349/665 1359/675 1357/674
f 1360/677 1361/676 1358/673
f 1358/673 1361/676 1362/678
f 1361/676 1363/679 1362/678
f 1357/674 1360/677 1358/673
f 1359/675 1364/680 1357/674
f 1365/681 1357/674 1364/680
f 1366/682 1357/674 1365/681
f 1366/682 1367/683 1357/674
f 1367/683 1360/677 1357/674
f 1368/684 1361/676 1360/677 1367/683
f 1369/685 1363/679 1361/676 1368/684
f 1370/686 1363/679 1369/685
f 1371/687 1370/686 1369/685
f 1371/687 1372/688 1370/686
f 1372/688 1373/689 1370/686
f 1373/689 1374/690 1370/686
f 1370/686 1362/678 1363/679
f 1336/653 1351/667 1362/678 1370/686
f 1336/653 1344/660 1351/667
f 1336/653 1375/691 1352/668
f 1375/691 1336/653 1370/686 1374/690
f 1376/692 1353/670 1352/668 1375/691
f 1348/664 1331/647 1377/693 1355/672
f 1378/696 1379/695 1380/694 1381/697
f 1380/694 1382/699 1383/698 1381/697
f 1382/699 1364/680 1359/675 1383/698
f 1384/700 1365/681 1364/680 1382/699
f 1384/700 1382/699 1380/694
f 1384/700 1380/694 1379/695 1385/701
f 1372/688 1386/703 1387/702 1373/689
f 1387/702 1388/704 1374/690 1373/689
f 965/706 1389/705 966/707
f 965/706 967/708 1389/705
f 1390/710 1391/709 1392/711
f 971/714 966/713 1389/712 1390/710
f 1389/712 1391/709 1390/710
f 1393/715 1391/709 1389/712
f 1389/712 967/717 1394/716 1393/715
f 967/717 1395/718 1394/716
f 1353/670 1376/692 1396/719
f 1397/721 1398/720 1399/722
f 1386/703 1398/723 1387/702
f 1398/723 1388/704 1387/702
f 1386/724 1399/722 1398/720
f 1398/720 1396/726 1376/725 1388/727
f 1396/719 1354/669 1353/670
f 1396/726 1400/728 1354/729
f 1354/729 1400/728 1401/730
f 1354/729 1401/730 1402/731
f 1402/731 1401/730 1403/732
f 1403/732 1404/733 1402/731
f 1402/731 1404/733 1405/734
f 1405/734 1406/735 1402/731
f 1407/737 1408/736 1409/738
f 1406/735 1407/737 1409/738
f 1409/738 1402/731 1406/735
f 1289/740 1288/739 1410/741
f 1288/739 1287/743 1411/742 1410/741
f 1286/745 1412/744 1411/742 1287/743
f 1286/745 1413/746 1412/744
f 1407/737 1414/747 1408/736
f 1407/737 1406/735 1414/747
f 1414/747 1406/735 1405/734
f 1404/733 1414/747 1405/734
f 1403/732 1414/747 1404/733
f 967/717 1415/748 1395/718
f 1316/625 1315/624 1325/749
f 1416/752 1417/751 1418/750 1284/753
f 1419/754 1417/751 1416/752 1420/755
f 1417/751 1419/754 1421/756 1422/757
f 1422/757 1418/750 1417/751
f 1423/760 1424/759 1425/758 1426/761
f 1285/763 1427/762 1413/746 1286/745
f 1283/764 1418/750 1427/762 1285/763
f 1284/753 1418/750 1283/764
f 967/717 1009/767 1415/748
f 1415/748 1009/767 1428/768
f 1009/767 1429/766 1430/766 1428/768
f 1431/769 1429/770 1009/771 1012/772
f 1012/772 855/774 1290/773 1431/769
f 1290/773 1289/740 1432/775 1431/769
f 1433/721 1431/769 1432/775 1396/726
f 1400/728 1396/726 1432/775 1434/776
f 1432/775 1289/740 1410/741 1434/776
f 1410/741 1411/742 1435/777 1434/776
f 1434/776 1435/777 1401/730 1400/728
f 1411/742 1436/778 1435/777
f 1411/742 1412/744 1437/779 1436/778
f 1436/778 1403/732 1401/730 1435/777
f 1403/732 1436/778 1437/779 1438/780
f 1439/781 1424/759 1423/760
f 1021/783 1440/782 1441/784
f 1441/784 1442/785 1021/783
f 1442/785 1024/786 1021/783
f 1442/785 1443/787 1024/786
f 1024/786 1443/787 1444/788
f 1024/786 1444/788 1445/789
f 1446/790 1024/786 1445/789
f 1024/786 1446/790 1447/791
f 1420/755 1448/754 1419/754
f 1449/756 1421/756 1419/754 1448/754
f 1449/756 1450/792 1439/781 1421/756
f 1024/786 1447/791 1450/792 1449/756
f 1024/786 1449/756 1448/754
f 1024/786 1448/754 1420/755
f 1414/747 1403/732 1438/780
f 1424/759 1439/781 1450/792 1451/759
f 1452/794 1453/793 1454/795
f 1454/795 1455/796 1452/794
f 1456/798 1457/797 1455/796 1454/795
f 1458/800 1459/799 1457/797 1456/798
f 1460/801 1455/796 1457/797 1461/802
f 1459/799 1458/800 1462/803
f 1463/758 1425/758 1424/759 1451/759
f 1464/805 1465/804 1453/793 1452/794
f 1452/794 1455/796 1460/801
f 1460/801 1464/805 1452/794
f 1457/797 1459/799 1466/806
f 1466/806 1461/802 1457/797
f 1467/807 1438/780 1437/779 1468/808
f 1468/808 1426/761 1425/758
f 1425/758 1467/807 1468/808
f 1413/746 1426/761 1468/808
f 1468/808 1437/779 1412/744 1413/746
f 1463/758 1467/807 1425/758
f 1466/806 1459/799 1467/807 1463/758
f 1459/799 1462/803 1469/809
f 1469/809 1467/807 1459/799
f 1414/747 1438/780 1437/779 1467/807
f 1414/747 1467/807 1470/810
f 1467/807 1469/809 1470/810
f 1413/746 1427/762 1423/760
f 1423/760 1426/761 1413/746
f 1427/762 1418/750 1422/757 1471/811
f 1471/811 1423/760 1427/762
f 1423/760 1471/811 1422/757 1421/756 1439/781
f 1054/812 971/714 1390/710 1472/813
f 1472/813 1390/710 1392/711 1473/814
f 1472/813 1473/814 1474/815 1475/816
f 1059/817 1054/812 1472/813 1475/816
f 1327/642 902/643 1476/818
f 1476/818 1477/819 1327/642
f 1476/822 1475/821 1474/820 1477/823
f 1059/824 1475/821 1476/822 902/825
f 1478/827 1479/826 1480/828
f 1480/830 1314/829 1315/638 1478/831
f 1478/827 1315/624 1318/627 1481/832
f 1481/832 1479/826 1478/827
f 1481/832 1482/833 1483/833
f 1483/833 1484/834 1481/832
f 1481/832 1484/834 1485/835
f 1478/827 1486/837 1487/836 1480/828
f 1486/837 1478/827 1488/838
f 1478/827 1489/839 1488/838
f 1478/827 1479/826 1490/840 1489/839
f 1490/840 1479/826 1485/835
f 1481/832 1485/835 1479/826
f 1491/855 1492/854 1493/856
f 1494/859 1495/858 1496/857 1497/860
f 1494/859 1498/862 1499/861 1495/858
f 1499/861 1498/862 1500/863 1501/864
f 1500/863 1502/865 1501/864
f 1493/867 1487/836 1503/866 1504/868
f 1491/869 1493/867 1504/868 1505/870
f 1506/871 1505/870 1504/868 1503/866
f 1507/874 1492/873 1508/872 1509/875
f 1492/873 1496/877 1510/876 1508/872
f 1510/876 1511/878 1509/875 1508/872
f 1496/877 1495/880 1512/879 1510/876
f 1512/879 1513/881 1511/878 1510/876
f 1514/882 1513/881 1512/879
f 1506/871 1515/883 1505/870
f 1497/884 1491/869 1505/870 1516/885
f 1517/886 1516/885 1505/870 1515/883
f 1494/887 1497/884 1516/885 1518/887
f 1519/840 1518/887 1516/885 1517/886
f 1520/835 1518/887 1519/840
f 1498/888 1494/887 1518/887 1521/888
f 1520/835 1521/888 1518/887
f 1500/889 1498/888 1521/888 1522/889
f 1523/834 1522/889 1521/888 1520/835
f 1524/833 1522/889 1523/834
f 1502/890 1500/889 1522/889 1525/890
f 1526/891 1525/890 1522/889 1524/833
f 1526/891 1527/892 1525/890
f 1525/890 1527/892 1528/893
f 1495/880 1499/895 1529/894 1512/879
f 1512/879 1529/894 1530/896 1514/882
f 1499/895 1501/898 1531/897 1529/894
f 1529/894 1531/897 1532/899 1530/896
f 1531/897 1533/900 1532/899
f 1531/897 1528/893 1534/901 1533/900
f 1501/898 1502/890 1525/890 1531/897
f 1525/890 1528/893 1531/897
f 1491/855 1497/860 1535/902
f 1535/902 1492/854 1491/855
f 1535/902 1497/860 1496/857
f 1496/857 1492/854 1535/902
f 1536/878 1537/903 1507/874
f 1538/881 1539/904 1537/903 1536/878
f 1540/882 1541/905 1539/904 1538/881
f 1541/905 1540/882 1542/896
f 1543/899 1544/906 1541/905 1542/896
f 1545/900 1546/907 1544/906 1543/899
f 1378/696 1547/901 1548/908 1379/695
f 1547/901 1378/696 1549/909 1546/907
f 1545/900 1547/901 1546/907
f 1550/891 1551/891 1483/833 1482/833
f 1552/892 1379/695 1548/908
f 1552/892 1551/891 1550/891 1379/695
f 1550/891 1385/701 1379/695
f 1506/871 1503/866 1553/910 1554/911
f 1487/836 1486/837 1555/912 1556/913
f 1503/866 1487/836 1556/913 1553/910
f 1556/913 1555/912 1554/911 1553/910
f 1509/875 1511/878 1557/914 1558/915
f 1507/874 1509/875 1558/915 1559/916
f 1536/878 1507/874 1559/916 1560/917
f 1560/917 1559/916 1558/915 1557/914
f 1511/878 1513/881 1561/918 1557/914
f 1538/881 1536/878 1560/917 1562/919
f 1562/919 1560/917 1557/914 1561/918
f 1513/881 1514/882 1563/920 1561/918
f 1540/882 1538/881 1562/919 1564/920
f 1564/920 1562/919 1561/918 1563/920
f 1515/883 1506/871 1554/911 1565/921
f 1486/837 1488/838 1566/922 1555/912
f 1555/912 1566/922 1565/921 1554/911
f 1517/886 1515/883 1565/921 1567/923
f 1488/838 1489/839 1568/924 1566/922
f 1566/922 1568/924 1567/923 1565/921
f 1519/840 1517/886 1567/923 1569/925
f 1489/839 1490/840 1570/925 1568/924
f 1568/924 1570/925 1569/925 1567/923
f 1520/835 1519/840 1569/925 1571/926
f 1490/840 1485/835 1572/926 1570/925
f 1570/925 1572/926 1571/926 1569/925
f 1523/834 1520/835 1571/926 1573/927
f 1485/835 1484/834 1574/927 1572/926
f 1572/926 1574/927 1573/927 1571/926
f 1524/833 1523/834 1573/927 1575/928
f 1484/834 1483/833 1576/928 1574/927
f 1574/927 1576/928 1575/928 1573/927
f 1526/891 1524/833 1575/928 1577/929
f 1483/833 1551/891 1578/929 1576/928
f 1576/928 1578/929 1577/929 1575/928
f 1527/892 1526/891 1577/929 1579/930
f 1551/891 1552/892 1580/930 1578/929
f 1578/929 1580/930 1579/930 1577/929
f 1528/893 1527/892 1579/930 1581/931
f 1552/892 1548/908 1582/932 1580/930
f 1580/930 1582/932 1581/931 1579/930
f 1514/882 1530/896 1583/933 1563/920
f 1542/896 1540/882 1564/920 1584/933
f 1584/933 1564/920 1563/920 1583/933
f 1530/896 1532/899 1585/934 1583/933
f 1543/899 1542/896 1584/933 1586/934
f 1586/934 1584/933 1583/933 1585/934
f 1532/899 1533/900 1587/935 1585/934
f 1545/900 1543/899 1586/934 1588/935
f 1588/935 1586/934 1585/934 1587/935
f 1533/900 1534/901 1589/936 1587/935
f 1547/901 1545/900 1588/935 1590/936
f 1590/936 1588/935 1587/935 1589/936
f 1534/901 1528/893 1581/931 1589/936
f 1548/908 1547/901 1590/936 1582/932
f 1582/932 1590/936 1589/936 1581/931
f 1503/866 1487/836 1493/867 1504/868
f 1508/872 1492/873 1507/874 1509/875
f 1556/913 1487/836 1503/866 1553/910
f 1558/915 1509/875 1507/874 1559/916
f 1591/938 1592/937 1541/905 1544/906
f 1591/938 1593/940 1594/939 1592/937
f 1595/942 1596/941 1594/939 1593/940
f 1597/943 1596/941 1595/942
f 1598/944 1597/943 1595/942
f 1598/944 1599/945 1597/943
f 1597/943 1599/945 1600/946 1601/947
f 1601/947 1600/946 1602/948 1603/949
f 1603/949 1602/948 1604/950
f 1605/952 1606/951 1607/953
f 1608/955 1609/954 1606/951 1605/952
f 1610/957 1611/956 1609/954 1608/955
f 1612/959 1613/958 1611/956 1610/957
f 1613/958 1614/960 1615/961
f 1615/961 1611/956 1613/958
f 1615/961 1616/962 1609/954 1611/956
f 1609/954 1616/962 1617/963 1606/951
f 1618/965 1619/964 1607/966
f 1606/968 1620/967 1618/965 1607/966
f 1617/970 1621/969 1620/967 1606/968
f 1622/971 1621/969 1617/970 1623/972
f 1624/975 1615/974 1614/973 1625/976
f 1626/978 1616/977 1615/974 1624/975
f 1623/972 1617/970 1616/977 1626/978
f 1627/980 1628/979 1377/693
f 1628/979 1629/981 1355/672 1377/693
f 1629/981 1630/982 1355/672
f 1631/983 1355/672 1630/982
f 1632/984 1356/671 1633/985
f 1633/985 1356/671 1631/983
f 1356/671 1355/672 1631/983
f 1634/986 1537/903 1539/904
f 1539/988 1635/987 1634/989
f 1634/989 1635/987 1636/990
f 1635/987 1637/992 1638/991 1636/990
f 1637/992 1601/994 1639/993 1638/991
f 1603/995 1639/993 1601/994
f 1601/994 1637/992 1596/996 1597/997
f 1596/996 1637/992 1594/998
f 1594/998 1637/992 1635/987 1592/999
f 1592/999 1635/987 1539/988 1541/1000
f 1598/944 1640/1001 1614/973
f 1612/1003 1641/1002 1642/1004
f 1643/1005 1612/1003 1642/1004
f 1643/1005 1613/1006 1612/1003
f 1598/944 1614/973 1613/1006 1599/945
f 1625/976 1614/973 1613/1006 1643/1005
f 1644/1007 1598/944 1595/942 1645/1008
f 1645/1008 1595/942 1593/940
f 1591/938 1646/1009 1645/1008 1593/940
f 1544/906 1647/1010 1646/1009 1591/938
f 1546/907 1549/909 1648/1011 1647/1010
f 1647/1010 1648/1011 1649/1012 1646/1009
f 1646/1009 1649/1012 1650/1013 1645/1008
f 1650/1013 1651/1014 1644/1007 1645/1008
f 1623/972 1652/1016 1653/1015 1622/971
f 1626/978 1654/1017 1652/1016 1623/972
f 1655/1020 1656/1019 1657/1018 1658/1021
f 1659/1022 1658/1021 1657/1018 1660/1023
f 1659/1022 1660/1023 1653/1015 1652/1016
f 1632/1025 1661/1024 1660/1023 1657/1018
f 1660/1023 1661/1024 1662/1026 1653/1015
f 1653/1015 1662/1026 1663/1027 1622/971
f 1622/971 1663/1027 1621/969
f 1621/969 1663/1027 1664/1028 1620/967
f 1620/967 1664/1028 1618/1029
f 1664/1028 1665/1030 1618/1029
f 1618/1029 1665/1030 1619/964
f 1665/1030 1627/980 1619/964
f 1651/1014 1658/1021 1654/1017
f 1659/1022 1652/1016 1654/1017
f 1659/1022 1654/1017 1658/1021
f 1666/1031 1654/1017 1626/978 1624/975
f 1651/1014 1654/1017 1666/1031 1644/1007
f 1666/1031 1624/975 1625/976 1644/1007
f 1667/1033 1668/1032 1604/950 1602/948
f 1669/1034 1667/1033 1602/948 1600/946
f 1599/945 1670/1035 1669/1034 1600/946
f 1599/945 1598/944 1670/1035
f 1598/944 1644/1007 1670/1035
f 1661/1024 1632/1025 1671/1036 1672/1037
f 1632/984 1633/985 1673/1038 1671/1039
f 1662/1026 1661/1024 1672/1037 1674/1040
f 1633/985 1631/983 1675/1041 1673/1038
f 1673/1038 1675/1041 1674/1040 1672/1037
f 1663/1027 1662/1026 1674/1040 1676/1042
f 1631/983 1630/982 1677/1043 1675/1041
f 1675/1041 1677/1043 1676/1042 1674/1040
f 1664/1028 1663/1027 1676/1042 1678/1044
f 1630/982 1629/981 1679/1045 1677/1043
f 1677/1043 1679/1045 1678/1044 1676/1042
f 1665/1030 1664/1028 1678/1044 1680/1046
f 1629/981 1628/979 1681/1047 1679/1045
f 1679/1045 1681/1047 1680/1046 1678/1044
f 1627/980 1665/1030 1680/1046 1682/1048
f 1628/979 1627/980 1682/1048 1681/1047
f 1668/1032 1667/1033 1683/1049 1641/1002
f 1667/1033 1669/1034 1684/1050 1683/1049
f 1643/1005 1642/1004 1685/1051 1686/1052
f 1686/1052 1685/1051 1683/1049 1684/1050
f 1669/1034 1670/1035 1687/1053 1684/1050
f 1625/976 1643/1005 1686/1052 1688/1054
f 1688/1054 1686/1052 1684/1050 1687/1053
f 1670/1035 1644/1007 1689/1055 1687/1053
f 1640/1001 1625/976 1688/1054 1690/1056
f 1644/1007 1640/1001 1690/1056 1689/1055
f 1690/1056 1688/1054 1687/1053 1689/1055
f 1680/1046 1681/1047 1682/1048
f 1685/1051 1642/1004 1641/1002
f 1683/1049 1685/1051 1641/1002
f 1651/1014 1655/1020 1658/1021
f 1648/1011 1549/909 1649/1012
f 1640/1001 1644/1007 1625/976
f 1668/1032 1641/1002 1604/950
f 1657/1018 1656/1019 1655/1020 1658/1021
f 1655/1020 1651/1014 1658/1021
f 1549/909 1691/1011 1649/1012
f 1641/1002 1668/1032 1604/950
f 1640/1001 1598/944 1644/1007
f 1546/907 1647/1010 1544/906
f 1640/1001 1644/1007 1598/944
f 1673/1038 1672/1037 1671/1036
f 1396/726 1398/720 1397/721
f 1433/765 1396/719 1397/765
f 1692/545 1693/544 1694/543 1695/546
f 1696/547 1694/543 1693/544 1697/548
f 1697/548 1698/550 1699/549 1696/547
f 1698/550 1700/552 1701/551 1699/549
f 1702/554 1703/553 1704/555
f 1705/556 1703/553 1702/554
f 1706/558 1707/557 1702/554 1704/555
f 1706/558 1708/560 1709/559 1707/557
f 1710/561 1709/559 1708/560 1711/562
f 1701/551 1700/552 1710/561 1711/562
f 1711/564 1708/563 1701/565
f 1706/567 1699/566 1701/565 1708/563
f 1696/568 1699/566 1706/567 1704/569
f 1694/570 1696/568 1704/569 1703/571
f 1694/570 1703/571 1695/572
f 1705/573 1695/572 1703/571
f 1709/559 1712/575 1713/574 1714/576
f 1715/577 1714/576 1713/574
f 1715/577 1716/579 1717/578 1714/576
f 1717/578 1716/579 1718/580 1719/581
f 1718/580 1720/583 1721/582 1719/581
f 1720/583 1722/584 1721/582
f 1721/582 1722/584 1723/585 1724/586
f 1724/586 1723/585 1725/587
f 1726/588 1692/545 1724/586 1725/587
f 1727/591 1728/590 1729/589 1730/592
f 1730/592 1729/589 1731/593 1732/594
f 864/597 1733/596 1734/595 865/598
f 865/598 1734/595 1735/599 867/600
f 868/603 1735/602 1734/601 869/604
f 1733/606 870/605 869/604 1734/601
f 1731/593 871/607 870/605 1733/606
f 872/608 871/607 1731/593
f 1731/593 1729/589 872/608
f 1729/589 873/609 872/608
f 1729/589 1736/611 874/610 873/609
f 874/610 1736/611 876/612
f 876/612 1736/611 1737/613 878/614
f 1737/613 1738/616 879/615 878/614
f 1738/616 1739/618 881/617 879/615
f 1739/618 1740/619 881/617
f 885/621 1741/620 886/622
f 1741/620 887/623 886/622
f 1742/624 887/623 1741/620
f 1741/620 885/621 1742/624
f 1742/624 889/625 1743/626
f 1742/624 1743/626 891/627
f 1743/626 889/625 881/617 1740/619
f 1740/619 892/628 891/627 1743/626
f 1740/619 893/629 892/628
f 1740/619 1739/618 893/629
f 1739/618 894/630 893/629
f 1739/618 1738/616 894/630
f 1737/613 895/631 894/630
f 1737/613 894/630 1738/616
f 1736/611 896/632 895/631 1737/613
f 1729/589 897/633 896/632 1736/611
f 1744/635 1727/634 1730/636
f 1742/638 885/637 899/639
f 1732/640 1744/635 1730/636
f 1728/590 900/641 897/633 1729/589
f 1728/590 1745/643 901/642 900/641
f 1746/645 903/644 905/646
f 906/647 1746/645 905/646
f 1746/645 907/648 908/649
f 908/649 909/650 1746/645
f 1746/645 910/651 903/644
f 1746/645 909/650 910/651
f 1747/653 911/652 913/654
f 913/654 914/655 1747/653
f 1747/653 915/656 916/657
f 916/657 917/658 1747/653
f 918/659 911/652 1747/653
f 1747/653 917/658 918/659
f 1747/653 914/655 1748/660
f 1748/660 914/655 920/661 1749/662
f 1749/662 920/661 1750/663
f 1750/663 920/661 907/648
f 1750/663 907/648 1746/645
f 906/647 1751/664 1746/645
f 1746/645 1751/664 924/665
f 1746/645 925/666 1750/663
f 1749/662 1750/663 925/666
f 925/666 926/667 1749/662
f 1752/668 915/656 1747/653
f 1753/670 928/669 915/656 1752/668
f 1754/672 930/671 924/665 1751/664
f 926/667 1748/660 1749/662
f 1755/674 932/673 925/666 1746/645
f 1746/645 924/665 934/675 1755/674
f 1756/677 1757/676 932/673
f 932/673 1757/676 937/678
f 1757/676 1758/679 937/678
f 1755/674 1756/677 932/673
f 934/675 1759/680 1755/674
f 940/681 1755/674 1759/680
f 941/682 1755/674 940/681
f 941/682 942/683 1755/674
f 942/683 1756/677 1755/674
f 943/684 1757/676 1756/677 942/683
f 944/685 1758/679 1757/676 943/684
f 1760/686 1758/679 944/685
f 946/687 1760/686 944/685
f 946/687 947/688 1760/686
f 947/688 1761/689 1760/686
f 1761/689 949/690 1760/686
f 1760/686 937/678 1758/679
f 1747/653 926/667 937/678 1760/686
f 1747/653 1748/660 926/667
f 1747/653 950/691 1752/668
f 950/691 1747/653 1760/686 949/690
f 951/692 1753/670 1752/668 950/691
f 1751/664 906/647 952/693 1754/672
f 955/696 1762/695 1763/694 956/697
f 1763/694 1764/699 957/698 956/697
f 1764/699 1759/680 934/675 957/698
f 959/700 940/681 1759/680 1764/699
f 959/700 1764/699 1763/694
f 959/700 1763/694 1762/695 960/701
f 947/688 962/703 1765/702 1761/689
f 1765/702 963/704 949/690 1761/689
f 1766/706 1767/705 1768/1057
f 1766/706 1769/708 1767/705
f 1770/710 968/709 970/711
f 1771/714 1768/713 1767/712 1770/710
f 1767/712 968/709 1770/710
f 972/715 968/709 1767/712
f 1767/712 1769/717 973/716 972/715
f 1769/717 974/718 973/716
f 1753/670 951/692 1772/719
f 977/721 1773/720 978/722
f 962/703 1773/723 1765/702
f 1773/723 963/704 1765/702
f 962/724 978/722 1773/720
f 1773/720 1772/726 951/725 963/727
f 1772/719 928/669 1753/670
f 1772/726 1774/728 928/729
f 928/729 1774/728 1775/730
f 928/729 1775/730 981/731
f 981/731 1775/730 1776/732
f 1776/732 1777/733 981/731
f 981/731 1777/733 1778/734
f 1778/734 1779/735 981/731
f 1780/737 986/736 988/738
f 1779/735 1780/737 988/738
f 988/738 981/731 1779/735
f 1723/740 1722/739 1781/741
f 1722/739 1720/743 1782/742 1781/741
f 1718/745 1783/744 1782/742 1720/743
f 1718/745 1784/746 1783/744
f 1780/737 993/747 986/736
f 1780/737 1779/735 993/747
f 993/747 1779/735 1778/734
f 1777/733 993/747 1778/734
f 1776/732 993/747 1777/733
f 1769/717 994/748 974/718
f 889/625 1742/624 899/749
f 1712/752 1785/751 1786/750 1713/753
f 1787/754 1785/751 1712/752 1788/755
f 1785/751 1787/754 1789/756 1790/757
f 1790/757 1786/750 1785/751
f 1791/760 1792/759 1793/758 1794/761
f 1716/763 1795/762 1784/746 1718/745
f 1715/764 1786/750 1795/762 1716/763
f 1713/753 1786/750 1715/764
f 1796/766 1797/765 977/765 1008/766
f 1769/717 1798/767 994/748
f 994/748 1798/767 1010/768
f 1798/767 1796/766 1008/766 1010/768
f 1799/769 1797/721 1796/770
f 1799/769 1796/770 1798/771 1800/772
f 1800/772 1726/774 1725/773 1799/769
f 1725/773 1723/740 1801/775 1799/769
f 1797/721 1799/769 1801/775 1772/726
f 1774/728 1772/726 1801/775 1802/776
f 1801/775 1723/740 1781/741 1802/776
f 1781/741 1782/742 1803/777 1802/776
f 1802/776 1803/777 1775/730 1774/728
f 1782/742 1804/778 1803/777
f 1782/742 1783/744 1805/779 1804/778
f 1804/778 1776/732 1775/730 1803/777
f 1776/732 1804/778 1805/779 1806/780
f 1807/781 1792/759 1791/760
f 1808/783 1020/782 1022/784
f 1022/784 1023/785 1808/783
f 1023/785 1809/786 1808/783
f 1023/785 1025/787 1809/786
f 1809/786 1025/787 1026/788
f 1809/786 1026/788 1027/789
f 1028/790 1809/786 1027/789
f 1809/786 1028/790 1029/791
f 1788/755 1810/754 1787/754
f 1811/756 1789/756 1787/754 1810/754
f 1811/756 1032/792 1807/781 1789/756
f 1809/786 1029/791 1032/792 1811/756
f 1809/786 1811/756 1810/754
f 1809/786 1810/754 1788/755
f 993/747 1776/732 1806/780
f 1792/759 1807/781 1032/792 1033/759
f 1812/794 1034/793 1036/795
f 1036/795 1813/796 1812/794
f 1039/798 1814/797 1813/796 1036/795
f 1041/800 1815/799 1814/797 1039/798
f 1042/801 1813/796 1814/797 1043/802
f 1815/799 1041/800 1044/803
f 1045/758 1793/758 1792/759 1033/759
f 1047/805 1046/804 1034/793 1812/794
f 1812/794 1813/796 1042/801
f 1042/801 1047/805 1812/794
f 1814/797 1815/799 1048/806
f 1048/806 1043/802 1814/797
f 1816/807 1806/780 1805/779 1817/808
f 1817/808 1794/761 1793/758
f 1793/758 1816/807 1817/808
f 1784/746 1794/761 1817/808
f 1817/808 1805/779 1783/744 1784/746
f 1045/758 1816/807 1793/758
f 1048/806 1815/799 1816/807 1045/758
f 1815/799 1044/803 1051/809
f 1051/809 1816/807 1815/799
f 993/747 1806/780 1805/779 1816/807
f 993/747 1816/807 1052/810
f 1816/807 1051/809 1052/810
f 1784/746 1795/762 1791/760
f 1791/760 1794/761 1784/746
f 1795/762 1786/750 1790/757 1818/811
f 1818/811 1791/760 1795/762
f 1791/760 1818/811 1790/757 1789/756 1807/781
f 1819/812 1771/714 1770/710 1820/813
f 1820/813 1056/814 1057/815 1821/816
f 1822/817 1819/812 1820/813 1821/816
f 901/642 1745/643 1823/818
f 1823/818 1061/819 901/642
f 1823/822 1821/821 1057/820 1061/823
f 1822/824 1821/821 1823/822 1745/825
f 1824/827 1825/826 1064/828
f 1064/830 887/829 1742/638 1824/831
f 1824/827 1742/624 891/627 1065/832
f 1065/832 1825/826 1824/827
f 1065/832 1066/833 1826/833
f 1826/833 1827/834 1065/832
f 1065/832 1827/834 1828/835
f 1824/827 1829/837 1070/836 1064/828
f 1829/837 1824/827 1830/838
f 1824/827 1831/839 1830/838
f 1824/827 1825/826 1832/840 1831/839
f 1832/840 1825/826 1828/835
f 1065/832 1828/835 1825/826
f 1702/554 1833/841 1705/556
f 1702/554 1707/557 1834/842 1833/841
f 1707/557 1709/559 1835/843 1834/842
f 1714/576 1835/843 1709/559
f 1717/578 1836/844 1835/843 1714/576
f 1717/578 1719/581 1837/845 1836/844
f 1719/581 1721/582 1837/845
f 1838/846 1837/845 1721/582 1724/586
f 1838/846 1724/586 1839/847
f 1724/586 1692/545 1695/546 1839/847
f 1836/844 1837/845 1835/843
f 1834/850 1835/849 1837/848 1838/851
f 1834/850 1838/851 1839/852
f 1834/850 1839/852 1833/853
f 1695/572 1833/853 1839/852
f 1705/573 1833/853 1695/572
f 1840/855 1082/854 1841/856
f 1842/859 1843/858 1844/857 1845/860
f 1842/859 1846/862 1847/861 1843/858
f 1847/861 1846/862 1848/863 1849/864
f 1848/863 1850/865 1849/864
f 1841/867 1070/836 1094/866 1095/868
f 1840/869 1841/867 1095/868 1851/870
f 1852/871 1851/870 1095/868 1094/866
f 1099/874 1082/873 1098/872 1100/875
f 1082/873 1844/877 1853/876 1098/872
f 1853/876 1854/878 1100/875 1098/872
f 1844/877 1843/880 1855/879 1853/876
f 1855/879 1856/881 1854/878 1853/876
f 1857/882 1856/881 1855/879
f 1852/871 1858/883 1851/870
f 1845/884 1840/869 1851/870 1859/885
f 1860/886 1859/885 1851/870 1858/883
f 1842/887 1845/884 1859/885 1861/887
f 1862/840 1861/887 1859/885 1860/886
f 1863/835 1861/887 1862/840
f 1846/888 1842/887 1861/887 1864/888
f 1863/835 1864/888 1861/887
f 1848/889 1846/888 1864/888 1865/889
f 1866/834 1865/889 1864/888 1863/835
f 1867/833 1865/889 1866/834
f 1850/890 1848/889 1865/889 1868/890
f 1869/891 1868/890 1865/889 1867/833
f 1869/891 1870/892 1868/890
f 1868/890 1870/892 1871/893
f 1843/880 1847/895 1872/894 1855/879
f 1855/879 1872/894 1873/896 1857/882
f 1847/895 1849/898 1874/897 1872/894
f 1872/894 1874/897 1875/899 1873/896
f 1874/897 1876/900 1875/899
f 1874/897 1871/893 1877/901 1876/900
f 1849/898 1850/890 1868/890 1874/897
f 1868/890 1871/893 1874/897
f 1840/855 1845/860 1878/902
f 1878/902 1082/854 1840/855
f 1878/902 1845/860 1844/857
f 1844/857 1082/854 1878/902
f 1879/878 1127/903 1099/874
f 1880/881 1881/904 1127/903 1879/878
f 1882/882 1883/905 1881/904 1880/881
f 1883/905 1882/882 1884/896
f 1885/899 1886/906 1883/905 1884/896
f 1887/900 1888/907 1886/906 1885/899
f 955/696 1889/901 1890/908 1762/695
f 1889/901 955/696 1140/909 1888/907
f 1887/900 1889/901 1888/907
f 1142/891 1891/891 1826/833 1066/833
f 1892/892 1762/695 1890/908
f 1892/892 1891/891 1142/891 1762/695
f 1142/891 960/701 1762/695
f 1852/871 1094/866 1893/910 1894/911
f 1070/836 1829/837 1895/912 1896/913
f 1094/866 1070/836 1896/913 1893/910
f 1896/913 1895/912 1894/911 1893/910
f 1100/875 1854/878 1897/914 1898/915
f 1099/874 1100/875 1898/915 1899/916
f 1879/878 1099/874 1899/916 1900/917
f 1900/917 1899/916 1898/915 1897/914
f 1854/878 1856/881 1901/918 1897/914
f 1880/881 1879/878 1900/917 1902/919
f 1902/919 1900/917 1897/914 1901/918
f 1856/881 1857/882 1903/920 1901/918
f 1882/882 1880/881 1902/919 1904/920
f 1904/920 1902/919 1901/918 1903/920
f 1858/883 1852/871 1894/911 1905/921
f 1829/837 1830/838 1906/922 1895/912
f 1895/912 1906/922 1905/921 1894/911
f 1860/886 1858/883 1905/921 1907/923
f 1830/838 1831/839 1908/924 1906/922
f 1906/922 1908/924 1907/923 1905/921
f 1862/840 1860/886 1907/923 1909/925
f 1831/839 1832/840 1910/925 1908/924
f 1908/924 1910/925 1909/925 1907/923
f 1863/835 1862/840 1909/925 1911/926
f 1832/840 1828/835 1912/926 1910/925
f 1910/925 1912/926 1911/926 1909/925
f 1866/834 1863/835 1911/926 1913/927
f 1828/835 1827/834 1914/927 1912/926
f 1912/926 1914/927 1913/927 1911/926
f 1867/833 1866/834 1913/927 1915/928
f 1827/834 1826/833 1916/928 1914/927
f 1914/927 1916/928 1915/928 1913/927
f 1869/891 1867/833 1915/928 1917/929
f 1826/833 1891/891 1918/929 1916/928
f 1916/928 1918/929 1917/929 1915/928
f 1870/892 1869/891 1917/929 1919/930
f 1891/891 1892/892 1920/930 1918/929
f 1918/929 1920/930 1919/930 1917/929
f 1871/893 1870/892 1919/930 1921/931
f 1892/892 1890/908 1922/932 1920/930
f 1920/930 1922/932 1921/931 1919/930
f 1857/882 1873/896 1923/933 1903/920
f 1884/896 1882/882 1904/920 1924/933
f 1924/933 1904/920 1903/920 1923/933
f 1873/896 1875/899 1925/934 1923/933
f 1885/899 1884/896 1924/933 1926/934
f 1926/934 1924/933 1923/933 1925/934
f 1875/899 1876/900 1927/935 1925/934
f 1887/900 1885/899 1926/934 1928/935
f 1928/935 1926/934 1925/934 1927/935
f 1876/900 1877/901 1929/936 1927/935
f 1889/901 1887/900 1928/935 1930/936
f 1930/936 1928/935 1927/935 1929/936
f 1877/901 1871/893 1921/931 1929/936
f 1890/908 1889/901 1930/936 1922/932
f 1922/932 1930/936 1929/936 1921/931
f 1094/866 1070/836 1841/867 1095/868
f 1098/872 1082/873 1099/874 1100/875
f 1896/913 1070/836 1094/866 1893/910
f 1898/915 1100/875 1099/874 1899/916
f 1931/938 1932/937 1883/905 1886/906
f 1931/938 1933/940 1934/939 1932/937
f 1935/942 1936/941 1934/939 1933/940
f 1937/943 1936/941 1935/942
f 1938/944 1937/943 1935/942
f 1938/944 1939/945 1937/943
f 1937/943 1939/945 1940/946 1941/947
f 1941/947 1940/946 1942/948 1194/949
f 1194/949 1942/948 1195/950
f 1197/952 1943/951 1198/953
f 1200/955 1944/954 1943/951 1197/952
f 1202/957 1945/956 1944/954 1200/955
f 1204/959 1946/958 1945/956 1202/957
f 1946/958 1947/960 1948/961
f 1948/961 1945/956 1946/958
f 1948/961 1949/962 1944/954 1945/956
f 1944/954 1949/962 1950/963 1943/951
f 1951/965 1209/964 1198/966
f 1943/968 1952/967 1951/965 1198/966
f 1950/970 1953/969 1952/967 1943/968
f 1954/971 1953/969 1950/970 1955/972
f 1956/975 1948/974 1947/973 1957/976
f 1958/978 1949/977 1948/974 1956/975
f 1955/972 1950/970 1949/977 1958/978
f 1219/980 1959/979 952/693
f 1959/979 1960/981 1754/672 952/693
f 1960/981 1961/982 1754/672
f 1962/983 1754/672 1961/982
f 1223/984 930/671 1963/985
f 1963/985 930/671 1962/983
f 930/671 1754/672 1962/983
f 1225/986 1127/903 1881/904
f 1881/988 1964/987 1225/989
f 1225/989 1964/987 1227/990
f 1964/987 1965/992 1228/991 1227/990
f 1965/992 1941/994 1230/993 1228/991
f 1194/995 1230/993 1941/994
f 1941/994 1965/992 1936/996 1937/997
f 1936/996 1965/992 1934/998
f 1934/998 1965/992 1964/987 1932/999
f 1932/999 1964/987 1881/988 1883/1000
f 1938/944 1966/1001 1947/973
f 1204/1003 1232/1002 1967/1004
f 1968/1005 1204/1003 1967/1004
f 1968/1005 1946/1006 1204/1003
f 1938/944 1947/973 1946/1006 1939/945
f 1957/976 1947/973 1946/1006 1968/1005
f 1969/1007 1938/944 1935/942 1970/1008
f 1970/1008 1935/942 1933/940
f 1931/938 1971/1009 1970/1008 1933/940
f 1886/906 1972/1010 1971/1009 1931/938
f 1888/907 1140/909 1282/1011 1972/1010
f 1972/1010 1282/1011 1973/1012 1971/1009
f 1971/1009 1973/1012 1974/1013 1970/1008
f 1974/1013 1975/1014 1969/1007 1970/1008
f 1955/972 1976/1016 1977/1015 1954/971
f 1958/978 1978/1017 1976/1016 1955/972
f 1248/1020 1247/1019 1246/1018 1249/1021
f 1979/1022 1249/1021 1246/1018 1980/1023
f 1979/1022 1980/1023 1977/1015 1976/1016
f 1223/1025 1981/1024 1980/1023 1246/1018
f 1980/1023 1981/1024 1982/1026 1977/1015
f 1977/1015 1982/1026 1983/1027 1954/971
f 1954/971 1983/1027 1953/969
f 1953/969 1983/1027 1984/1028 1952/967
f 1952/967 1984/1028 1951/1029
f 1984/1028 1985/1030 1951/1029
f 1951/1029 1985/1030 1209/964
f 1985/1030 1219/980 1209/964
f 1975/1014 1249/1021 1978/1017
f 1979/1022 1976/1016 1978/1017
f 1979/1022 1978/1017 1249/1021
f 1986/1031 1978/1017 1958/978 1956/975
f 1975/1014 1978/1017 1986/1031 1969/1007
f 1986/1031 1956/975 1957/976 1969/1007
f 1987/1033 1258/1032 1195/950 1942/948
f 1988/1034 1987/1033 1942/948 1940/946
f 1939/945 1989/1035 1988/1034 1940/946
f 1939/945 1938/944 1989/1035
f 1938/944 1969/1007 1989/1035
f 1981/1024 1223/1025 1262/1036 1990/1037
f 1223/984 1963/985 1991/1038 1262/1039
f 1982/1026 1981/1024 1990/1037 1992/1040
f 1963/985 1962/983 1993/1041 1991/1038
f 1991/1038 1993/1041 1992/1040 1990/1037
f 1983/1027 1982/1026 1992/1040 1994/1042
f 1962/983 1961/982 1995/1043 1993/1041
f 1993/1041 1995/1043 1994/1042 1992/1040
f 1984/1028 1983/1027 1994/1042 1996/1044
f 1961/982 1960/981 1997/1045 1995/1043
f 1995/1043 1997/1045 1996/1044 1994/1042
f 1985/1030 1984/1028 1996/1044 1998/1046
f 1960/981 1959/979 1999/1047 1997/1045
f 1997/1045 1999/1047 1998/1046 1996/1044
f 1219/980 1985/1030 1998/1046 1273/1048
f 1959/979 1219/980 1273/1048 1999/1047
f 1258/1032 1987/1033 2000/1049 1232/1002
f 1987/1033 1988/1034 2001/1050 2000/1049
f 1968/1005 1967/1004 2002/1051 2003/1052
f 2003/1052 2002/1051 2000/1049 2001/1050
f 1988/1034 1989/1035 2004/1053 2001/1050
f 1957/976 1968/1005 2003/1052 2005/1054
f 2005/1054 2003/1052 2001/1050 2004/1053
f 1989/1035 1969/1007 2006/1055 2004/1053
f 1966/1001 1957/976 2005/1054 2007/1056
f 1969/1007 1966/1001 2007/1056 2006/1055
f 2007/1056 2005/1054 2004/1053 2006/1055
f 1998/1046 1999/1047 1273/1048
f 2002/1051 1967/1004 1232/1002
f 2000/1049 2002/1051 1232/1002
f 1975/1014 1248/1020 1249/1021
f 1282/1011 1140/909 1973/1012
f 1966/1001 1969/1007 1957/976
f 1246/1018 1247/1019 1248/1020 1249/1021
f 1248/1020 1975/1014 1249/1021
f 1140/909 1239/1011 1973/1012
f 1966/1001 1938/944 1969/1007
f 1888/907 1972/1010 1886/906
f 1966/1001 1969/1007 1938/944
f 1991/1038 1990/1037 1262/1036
f 1772/726 1773/720 977/721
f 1797/765 1772/719 977/765
f 1710/576 2008/577 2009/574
f 1700/578 2010/579 2008/577 1710/576
f 2011/580 2010/579 1700/578 1698/581
f 1697/582 2012/583 2011/580 1698/581
f 2013/584 2012/583 1697/582
f 2014/585 2013/584 1697/582 1693/586
f 2014/585 1693/586 2015/587
f 1693/586 1692/545 1726/588 2015/587
f 2016/589 1728/590 1727/591 2017/592
f 1731/593 2016/589 2017/592 1732/594
f 2018/595 1733/596 1293/597 1295/598
f 1735/599 2018/595 1295/598 867/600
f 2018/601 1735/602 868/603 1296/604
f 1296/604 1297/605 1733/606 2018/601
f 1297/605 1298/607 1731/593 1733/606
f 1298/607 1299/608 1731/593
f 2016/589 1731/593 1299/608
f 1300/609 2016/589 1299/608
f 1302/610 2019/611 2016/589 1300/609
f 2019/611 1302/610 1303/612
f 2020/613 2019/611 1303/612 1305/614
f 1307/615 2021/616 2020/613 1305/614
f 1309/617 2022/618 2021/616 1307/615
f 2023/619 2022/618 1309/617
f 2024/620 1311/621 1313/622
f 1314/623 2024/620 1313/622
f 1314/623 2025/624 2024/620
f 1311/621 2024/620 2025/624
f 1316/625 2025/624 2026/626
f 2026/626 2025/624 1318/627
f 1309/617 1316/625 2026/626 2023/619
f 1318/627 1319/628 2023/619 2026/626
f 1320/629 2023/619 1319/628
f 2022/618 2023/619 1320/629
f 1321/630 2022/618 1320/629
f 2021/616 2022/618 1321/630
f 1322/631 2020/613 1321/630
f 1321/630 2020/613 2021/616
f 1322/631 1323/632 2019/611 2020/613
f 1323/632 1324/633 2016/589 2019/611
f 1727/634 1744/635 2017/636
f 1311/637 2025/638 1325/639
f 1744/635 1732/640 2017/636
f 1324/633 1326/641 1728/590 2016/589
f 1327/642 1745/643 1728/590 1326/641
f 1329/644 2027/645 1330/646
f 2027/645 1331/647 1330/646
f 1332/648 2027/645 1333/649
f 1334/650 1333/649 2027/645
f 1335/651 2027/645 1329/644
f 1334/650 2027/645 1335/651
f 1337/652 2028/653 1338/654
f 1339/655 1338/654 2028/653
f 1340/656 2028/653 1341/657
f 1342/658 1341/657 2028/653
f 1337/652 1343/659 2028/653
f 1342/658 2028/653 1343/659
f 1339/655 2028/653 2029/660
f 1345/661 1339/655 2029/660 2030/662
f 1345/661 2030/662 2031/663
f 1345/661 2031/663 1332/648
f 1332/648 2031/663 2027/645
f 2032/664 1331/647 2027/645
f 2032/664 2027/645 1349/665
f 1350/666 2027/645 2031/663
f 2031/663 2030/662 1350/666
f 1351/667 1350/666 2030/662
f 1340/656 2033/668 2028/653
f 1340/656 1354/669 2034/670 2033/668
f 1349/665 1356/671 2035/672 2032/664
f 2029/660 1351/667 2030/662
f 1350/666 1358/673 2036/674 2027/645
f 1359/675 1349/665 2027/645 2036/674
f 2037/676 2038/677 1358/673
f 2037/676 1358/673 1362/678
f 2039/679 2037/676 1362/678
f 2038/677 2036/674 1358/673
f 2040/680 1359/675 2036/674
f 2036/674 1365/681 2040/680
f 2036/674 1366/682 1365/681
f 1367/683 1366/682 2036/674
f 2038/677 1367/683 2036/674
f 2038/677 2037/676 1368/684 1367/683
f 2037/676 2039/679 1369/685 1368/684
f 2039/679 2041/686 1369/685
f 2041/686 1371/687 1369/685
f 1372/688 1371/687 2041/686
f 2042/689 1372/688 2041/686
f 1374/690 2042/689 2041/686
f 1362/678 2041/686 2039/679
f 1362/678 1351/667 2028/653 2041/686
f 2029/660 2028/653 1351/667
f 1375/691 2028/653 2033/668
f 2041/686 2028/653 1375/691 1374/690
f 2033/668 2034/670 1376/692 1375/691
f 1377/693 1331/647 2032/664 2035/672
f 2043/694 2044/695 1378/696 1381/697
f 1383/698 2045/699 2043/694 1381/697
f 1359/675 2040/680 2045/699 1383/698
f 2040/680 1365/681 1384/700 2045/699
f 2045/699 1384/700 2043/694
f 2044/695 2043/694 1384/700 1385/701
f 2046/702 1386/703 1372/688 2042/689
f 1374/690 1388/704 2046/702 2042/689
f 2047/705 1766/706 1768/1057
f 1769/708 1766/706 2047/705
f 1391/709 2048/710 1392/711
f 2047/712 1768/713 1771/714 2048/710
f 1391/709 2047/712 2048/710
f 1391/709 1393/715 2047/712
f 1394/716 1769/717 2047/712 1393/715
f 1395/718 1769/717 1394/716
f 1376/692 2034/670 2049/719
f 2050/720 1397/721 1399/722
f 2050/723 1386/703 2046/702
f 1388/704 2050/723 2046/702
f 1399/722 1386/724 2050/720
f 1376/725 2049/726 2050/720 1388/727
f 1354/669 2049/719 2034/670
f 2051/728 2049/726 1354/729
f 2051/728 1354/729 2052/730
f 2052/730 1354/729 1402/731
f 2052/730 1402/731 2053/732
f 2054/733 2053/732 1402/731
f 2054/733 1402/731 2055/734
f 2056/735 2055/734 1402/731
f 1408/736 2057/737 1409/738
f 2057/737 2056/735 1409/738
f 1402/731 1409/738 2056/735
f 2013/739 2014/740 2058/741
f 2059/742 2012/743 2013/739 2058/741
f 2059/742 2060/744 2011/745 2012/743
f 2061/746 2011/745 2060/744
f 1414/747 2057/737 1408/736
f 2056/735 2057/737 1414/747
f 2056/735 1414/747 2055/734
f 1414/747 2054/733 2055/734
f 1414/747 2053/732 2054/733
f 1415/748 1769/717 1395/718
f 2025/624 1316/625 1325/749
f 2062/750 2063/751 2064/752 2009/753
f 2064/752 2063/751 2065/754 2066/755
f 2067/756 2065/754 2063/751 2068/757
f 2062/750 2068/757 2063/751
f 2069/758 2070/759 2071/760 2072/761
f 2061/746 2073/762 2010/763 2011/745
f 2073/762 2062/750 2008/764 2010/763
f 2062/750 2009/753 2008/764
f 1798/767 1769/717 1415/748
f 1798/767 1415/748 1428/768
f 1430/766 818/766 1798/767 1428/768
f 1798/771 818/770 820/769 1800/772
f 2015/773 1726/774 1800/772 820/769
f 2074/775 2014/740 2015/773 820/769
f 2074/775 820/769 819/721 2049/726
f 2074/775 2049/726 2051/728 2075/776
f 2058/741 2014/740 2074/775 2075/776
f 2076/777 2059/742 2058/741 2075/776
f 2052/730 2076/777 2075/776 2051/728
f 2077/778 2059/742 2076/777
f 2078/779 2060/744 2059/742 2077/778
f 2052/730 2053/732 2077/778 2076/777
f 2078/779 2077/778 2053/732 2079/780
f 2070/759 2080/781 2071/760
f 1440/782 1808/783 1441/784
f 1442/785 1441/784 1808/783
f 1809/786 1442/785 1808/783
f 1443/787 1442/785 1809/786
f 1443/787 1809/786 1444/788
f 1444/788 1809/786 1445/789
f 1809/786 1446/790 1445/789
f 1446/790 1809/786 1447/791
f 2081/754 2066/755 2065/754
f 2065/754 2067/756 2082/756 2081/754
f 2080/781 1450/792 2082/756 2067/756
f 1450/792 1447/791 1809/786 2082/756
f 2082/756 1809/786 2081/754
f 2081/754 1809/786 2066/755
f 2053/732 1414/747 2079/780
f 1450/792 2080/781 2070/759 1451/759
f 1453/793 2083/794 1454/795
f 2084/796 1454/795 2083/794
f 2084/796 2085/797 1456/798 1454/795
f 2085/797 2086/799 1458/800 1456/798
f 2085/797 2084/796 1460/801 1461/802
f 1458/800 2086/799 1462/803
f 2070/759 2069/758 1463/758 1451/759
f 1453/793 1465/804 1464/805 2083/794
f 2084/796 2083/794 1460/801
f 1464/805 1460/801 2083/794
f 2086/799 2085/797 1466/806
f 1461/802 1466/806 2085/797
f 2078/779 2079/780 2087/807 2088/808
f 2072/761 2088/808 2069/758
f 2087/807 2069/758 2088/808
f 2072/761 2061/746 2088/808
f 2060/744 2078/779 2088/808 2061/746
f 2087/807 1463/758 2069/758
f 2087/807 2086/799 1466/806 1463/758
f 1462/803 2086/799 1469/809
f 2087/807 1469/809 2086/799
f 2078/779 2079/780 1414/747 2087/807
f 2087/807 1414/747 1470/810
f 1469/809 2087/807 1470/810
f 2073/762 2061/746 2071/760
f 2072/761 2071/760 2061/746
f 2068/757 2062/750 2073/762 2089/811
f 2071/760 2089/811 2073/762
f 2067/756 2068/757 2089/811 2071/760 2080/781
f 2048/710 1771/714 1819/812 2090/813
f 1474/815 1473/814 2090/813 2091/816
f 2090/813 1819/812 1822/817 2091/816
f 1745/643 1327/642 2092/818
f 1477/819 2092/818 1327/642
f 1474/820 2091/821 2092/822 1477/823
f 2092/822 2091/821 1822/824 1745/825
f 2093/826 2094/827 1480/828
f 2025/638 1314/829 1480/830 2094/831
f 1318/627 2025/624 2094/827 1481/832
f 2093/826 1481/832 2094/827
f 1482/833 1481/832 2095/833
f 2096/834 2095/833 1481/832
f 2096/834 1481/832 2097/835
f 1487/836 2098/837 2094/827 1480/828
f 2094/827 2098/837 2099/838
f 2100/839 2094/827 2099/838
f 2101/840 2093/826 2094/827 2100/839
f 2093/826 2101/840 2097/835
f 2097/835 1481/832 2093/826
f 1492/854 2102/855 2103/856
f 2104/857 2105/858 2106/859 2107/860
f 2108/861 2109/862 2106/859 2105/858
f 2110/863 2109/862 2108/861 2111/864
f 2112/865 2110/863 2111/864
f 1503/866 1487/836 2103/867 1504/868
f 1504/868 2103/867 2102/869 2113/870
f 1504/868 2113/870 2114/871 1503/866
f 1508/872 1492/873 1507/874 1509/875
f 2115/876 2104/877 1492/873 1508/872
f 1509/875 2116/878 2115/876 1508/872
f 2117/879 2105/880 2104/877 2115/876
f 2116/878 2118/881 2117/879 2115/876
f 2118/881 2119/882 2117/879
f 2120/883 2114/871 2113/870
f 2113/870 2102/869 2107/884 2121/885
f 2113/870 2121/885 2122/886 2120/883
f 2121/885 2107/884 2106/887 2123/887
f 2121/885 2123/887 2124/840 2122/886
f 2123/887 2125/835 2124/840
f 2123/887 2106/887 2109/888 2126/888
f 2126/888 2125/835 2123/887
f 2126/888 2109/888 2110/889 2127/889
f 2126/888 2127/889 2128/834 2125/835
f 2127/889 2129/833 2128/834
f 2127/889 2110/889 2112/890 2130/890
f 2127/889 2130/890 2131/891 2129/833
f 2132/892 2131/891 2130/890
f 2132/892 2130/890 2133/893
f 2134/894 2108/895 2105/880 2117/879
f 2135/896 2134/894 2117/879 2119/882
f 2136/897 2111/898 2108/895 2134/894
f 2137/899 2136/897 2134/894 2135/896
f 2138/900 2136/897 2137/899
f 2139/901 2133/893 2136/897 2138/900
f 2130/890 2112/890 2111/898 2136/897
f 2133/893 2130/890 2136/897
f 2107/860 2102/855 2140/902
f 1492/854 2140/902 2102/855
f 2107/860 2140/902 2104/857
f 1492/854 2104/857 2140/902
f 1537/903 2141/878 1507/874
f 1537/903 2142/904 2143/881 2141/878
f 2142/904 2144/905 2145/882 2143/881
f 2145/882 2144/905 2146/896
f 2144/905 2147/906 2148/899 2146/896
f 2147/906 2149/907 2150/900 2148/899
f 2151/908 2152/901 1378/696 2044/695
f 1549/909 1378/696 2152/901 2149/907
f 2152/901 2150/900 2149/907
f 2095/833 2153/891 1550/891 1482/833
f 2044/695 2154/892 2151/908
f 1550/891 2153/891 2154/892 2044/695
f 1385/701 1550/891 2044/695
f 2155/910 1503/866 2114/871 2156/911
f 2157/912 2098/837 1487/836 2158/913
f 2158/913 1487/836 1503/866 2155/910
f 2156/911 2157/912 2158/913 2155/910
f 2159/914 2116/878 1509/875 2160/915
f 2160/915 1509/875 1507/874 2161/916
f 2161/916 1507/874 2141/878 2162/917
f 2160/915 2161/916 2162/917 2159/914
f 2163/918 2118/881 2116/878 2159/914
f 2162/917 2141/878 2143/881 2164/919
f 2159/914 2162/917 2164/919 2163/918
f 2165/920 2119/882 2118/881 2163/918
f 2164/919 2143/881 2145/882 2166/920
f 2163/918 2164/919 2166/920 2165/920
f 2156/911 2114/871 2120/883 2167/921
f 2168/922 2099/838 2098/837 2157/912
f 2167/921 2168/922 2157/912 2156/911
f 2167/921 2120/883 2122/886 2169/923
f 2170/924 2100/839 2099/838 2168/922
f 2169/923 2170/924 2168/922 2167/921
f 2169/923 2122/886 2124/840 2171/925
f 2172/925 2101/840 2100/839 2170/924
f 2171/925 2172/925 2170/924 2169/923
f 2171/925 2124/840 2125/835 2173/926
f 2174/926 2097/835 2101/840 2172/925
f 2173/926 2174/926 2172/925 2171/925
f 2173/926 2125/835 2128/834 2175/927
f 2176/927 2096/834 2097/835 2174/926
f 2175/927 2176/927 2174/926 2173/926
f 2175/927 2128/834 2129/833 2177/928
f 2178/928 2095/833 2096/834 2176/927
f 2177/928 2178/928 2176/927 2175/927
f 2177/928 2129/833 2131/891 2179/929
f 2180/929 2153/891 2095/833 2178/928
f 2179/929 2180/929 2178/928 2177/928
f 2179/929 2131/891 2132/892 2181/930
f 2182/930 2154/892 2153/891 2180/929
f 2181/930 2182/930 2180/929 2179/929
f 2181/930 2132/892 2133/893 2183/931
f 2184/932 2151/908 2154/892 2182/930
f 2183/931 2184/932 2182/930 2181/930
f 2185/933 2135/896 2119/882 2165/920
f 2166/920 2145/882 2146/896 2186/933
f 2165/920 2166/920 2186/933 2185/933
f 2187/934 2137/899 2135/896 2185/933
f 2186/933 2146/896 2148/899 2188/934
f 2185/933 2186/933 2188/934 2187/934
f 2189/935 2138/900 2137/899 2187/934
f 2188/934 2148/899 2150/900 2190/935
f 2187/934 2188/934 2190/935 2189/935
f 2191/936 2139/901 2138/900 2189/935
f 2190/935 2150/900 2152/901 2192/936
f 2189/935 2190/935 2192/936 2191/936
f 2183/931 2133/893 2139/901 2191/936
f 2192/936 2152/901 2151/908 2184/932
f 2191/936 2192/936 2184/932 2183/931
f 2103/867 1487/836 1503/866 1504/868
f 1507/874 1492/873 1508/872 1509/875
f 1503/866 1487/836 2158/913 2155/910
f 1507/874 1509/875 2160/915 2161/916
f 2144/905 2193/937 2194/938 2147/906
f 2195/939 2196/940 2194/938 2193/937
f 2195/939 2197/941 2198/942 2196/940
f 2197/941 2199/943 2198/942
f 2199/943 2200/944 2198/942
f 2201/945 2200/944 2199/943
f 2202/946 2201/945 2199/943 2203/947
f 2204/948 2202/946 2203/947 1603/949
f 2204/948 1603/949 1604/950
f 2205/951 1605/952 1607/953
f 2205/951 2206/954 1608/955 1605/952
f 2206/954 2207/956 1610/957 1608/955
f 2207/956 2208/958 1612/959 1610/957
f 2209/960 2208/958 2210/961
f 2207/956 2210/961 2208/958
f 2206/954 2211/962 2210/961 2207/956
f 2212/963 2211/962 2206/954 2205/951
f 1619/964 2213/965 1607/966
f 2213/965 2214/967 2205/968 1607/966
f 2214/967 2215/969 2212/970 2205/968
f 2212/970 2215/969 2216/971 2217/972
f 2209/973 2210/974 2218/975 2219/976
f 2210/974 2211/977 2220/978 2218/975
f 2211/977 2212/970 2217/972 2220/978
f 2221/979 1627/980 1377/693
f 2035/672 2222/981 2221/979 1377/693
f 2223/982 2222/981 2035/672
f 2035/672 2224/983 2223/982
f 1356/671 1632/984 2225/985
f 1356/671 2225/985 2224/983
f 2035/672 1356/671 2224/983
f 1537/903 1634/986 2142/904
f 2226/987 2142/988 1634/989
f 2226/987 1634/989 1636/990
f 1638/991 2227/992 2226/987 1636/990
f 1639/993 2203/994 2227/992 1638/991
f 1639/993 1603/995 2203/994
f 2197/996 2227/992 2203/994 2199/997
f 2227/992 2197/996 2195/998
f 2226/987 2227/992 2195/998 2193/999
f 2142/988 2226/987 2193/999 2144/1000
f 2228/1001 2200/944 2209/973
f 1641/1002 1612/1003 2229/1004
f 1612/1003 2230/1005 2229/1004
f 2208/1006 2230/1005 1612/1003
f 2208/1006 2209/973 2200/944 2201/945
f 2208/1006 2209/973 2219/976 2230/1005
f 2198/942 2200/944 2231/1007 2232/1008
f 2198/942 2232/1008 2196/940
f 2232/1008 2233/1009 2194/938 2196/940
f 2233/1009 2234/1010 2147/906 2194/938
f 1691/1011 1549/909 2149/907 2234/1010
f 2235/1012 1691/1011 2234/1010 2233/1009
f 2236/1013 2235/1012 2233/1009 2232/1008
f 2231/1007 2237/1014 2236/1013 2232/1008
f 2238/1015 2239/1016 2217/972 2216/971
f 2239/1016 2240/1017 2220/978 2217/972
f 1657/1018 1656/1019 1655/1020 1658/1021
f 1657/1018 1658/1021 2241/1022 2242/1023
f 2238/1015 2242/1023 2241/1022 2239/1016
f 2242/1023 2243/1024 1632/1025 1657/1018
f 2244/1026 2243/1024 2242/1023 2238/1015
f 2245/1027 2244/1026 2238/1015 2216/971
f 2245/1027 2216/971 2215/969
f 2246/1028 2245/1027 2215/969 2214/967
f 2246/1028 2214/967 2213/1029
f 2247/1030 2246/1028 2213/1029
f 2247/1030 2213/1029 1619/964
f 1627/980 2247/1030 1619/964
f 1658/1021 2237/1014 2240/1017
f 2239/1016 2241/1022 2240/1017
f 2240/1017 2241/1022 1658/1021
f 2220/978 2240/1017 2248/1031 2218/975
f 2248/1031 2240/1017 2237/1014 2231/1007
f 2219/976 2218/975 2248/1031 2231/1007
f 1604/950 1668/1032 2249/1033 2204/948
f 2204/948 2249/1033 2250/1034 2202/946
f 2250/1034 2251/1035 2201/945 2202/946
f 2200/944 2201/945 2251/1035
f 2231/1007 2200/944 2251/1035
f 1671/1036 1632/1025 2243/1024 2252/1037
f 2253/1038 2225/985 1632/984 1671/1039
f 2252/1037 2243/1024 2244/1026 2254/1040
f 2255/1041 2224/983 2225/985 2253/1038
f 2254/1040 2255/1041 2253/1038 2252/1037
f 2254/1040 2244/1026 2245/1027 2256/1042
f 2257/1043 2223/982 2224/983 2255/1041
f 2256/1042 2257/1043 2255/1041 2254/1040
f 2256/1042 2245/1027 2246/1028 2258/1044
f 2259/1045 2222/981 2223/982 2257/1043
f 2258/1044 2259/1045 2257/1043 2256/1042
f 2258/1044 2246/1028 2247/1030 2260/1046
f 2261/1047 2221/979 2222/981 2259/1045
f 2260/1046 2261/1047 2259/1045 2258/1044
f 2260/1046 2247/1030 1627/980 1682/1048
f 1682/1048 1627/980 2221/979 2261/1047
f 2262/1049 2249/1033 1668/1032 1641/1002
f 2263/1050 2250/1034 2249/1033 2262/1049
f 2264/1051 2229/1004 2230/1005 2265/1052
f 2262/1049 2264/1051 2265/1052 2263/1050
f 2266/1053 2251/1035 2250/1034 2263/1050
f 2265/1052 2230/1005 2219/976 2267/1054
f 2263/1050 2265/1052 2267/1054 2266/1053
f 2268/1055 2231/1007 2251/1035 2266/1053
f 2267/1054 2219/976 2228/1001 2269/1056
f 2269/1056 2228/1001 2231/1007 2268/1055
f 2266/1053 2267/1054 2269/1056 2268/1055
f 2261/1047 2260/1046 1682/1048
f 2229/1004 2264/1051 1641/1002
f 2264/1051 2262/1049 1641/1002
f 1655/1020 2237/1014 1658/1021
f 1549/909 1691/1011 2235/1012
f 2231/1007 2228/1001 2219/976
f 1655/1020 1656/1019 1657/1018 1658/1021
f 2237/1014 1655/1020 1658/1021
f 1648/1011 1549/909 2235/1012
f 2200/944 2228/1001 2231/1007
f 2234/1010 2149/907 2147/906
f 2231/1007 2228/1001 2200/944
f 2252/1037 2253/1038 1671/1036
f 2050/720 2049/726 1397/721
f 2049/719 819/765 1397/765
f 1710/576 2009/574 1712/1058 1709/559
f 837/559 1416/1058 1284/574 839/576
f 2048/710 2090/813 1473/814
f 1473/814 1392/711 2048/710
f 1770/710 970/711 1056/814
f 1056/814 1820/813 1770/710
f 819/765 818/766 1430/766 1397/765
f 819/721 820/769 818/770
f 1429/766 1433/765 1397/765 1430/766
f 1429/770 1431/769 1433/721
f 2270/1059 2271/1060 2272/1061
f 2273/1062 2271/1060 2270/1059
f 2273/1062 2274/1063 2275/1064 2271/1060
f 2276/1065 2277/1066 2278/1067 2279/1068
f 2280/1069 2281/1070 2275/1064
f 2282/1071 2283/1072 2284/1073 2285/1074
f 2282/1071 2286/1075 2283/1072
f 2275/1064 2287/1076 2286/1075 2282/1071
f 2281/1070 2287/1076 2275/1064
f 2285/1074 2276/1065 2288/1077 2289/1078
f 2276/1065 2284/1073 2290/1079
f 2285/1074 2284/1073 2276/1065
f 2276/1065 2291/1080 2292/1081
f 2293/1082 2294/1083 2295/1084
f 2295/1084 2296/1085 2293/1082
f 2296/1085 2297/1086 2293/1082
f 2293/1082 2297/1086 2298/1087
f 2293/1082 2298/1087 2299/1088 2300/1089
f 2300/1089 2274/1063 2294/1083 2293/1082
f 2274/1063 2300/1089 2275/1064
f 2300/1089 2299/1088 2275/1064
f 2276/1065 2292/1081 2277/1066
f 2278/1067 2277/1066 2301/1090 2302/1091
f 2292/1081 2303/1092 2301/1090 2277/1066
f 2304/1093 2305/1094 2306/1095 2307/1096
f 2308/1097 2309/1098 2302/1091 2301/1090
f 2303/1092 2310/1099 2308/1097 2301/1090
f 2311/1100 2287/1076 2281/1070 2312/1101
f 2312/1101 2281/1070 2280/1069 2313/1102
f 2289/1078 2314/1103 2285/1074
f 2279/1068 2288/1077 2276/1065
f 2291/1080 2276/1065 2290/1079
f 2313/1102 2306/1095 2312/1101
f 2315/1104 2307/1096 2306/1095 2313/1102
f 2308/1097 2310/1099 2311/1100 2316/1105
f 2312/1101 2316/1105 2311/1100
f 2309/1098 2308/1097 2316/1105 2317/1106
f 2305/1094 2318/1107 2306/1095
f 2306/1095 2318/1107 2317/1106 2312/1101
f 2316/1105 2312/1101 2317/1106
f 2271/1060 2319/1108 2272/1061
f 2271/1060 2320/1109 2319/1108
f 2275/1064 2321/1110 2320/1109 2271/1060
f 2322/1111 2323/1112 2324/1113 2325/1114
f 2326/1115 2327/1116 2275/1064
f 2328/1117 2329/1118 2282/1071 2285/1074
f 2330/1119 2282/1071 2329/1118
f 2330/1119 2331/1120 2275/1064 2282/1071
f 2331/1120 2326/1115 2275/1064
f 2332/1121 2324/1113 2285/1074 2333/1122
f 2328/1117 2324/1113 2334/1123
f 2328/1117 2285/1074 2324/1113
f 2335/1124 2324/1113 2336/1125
f 2337/1126 2338/1127 2339/1128
f 2340/1129 2339/1128 2338/1127
f 2341/1130 2340/1129 2338/1127
f 2341/1130 2338/1127 2342/1131
f 2343/1132 2342/1131 2338/1127 2344/1133
f 2337/1126 2321/1110 2344/1133 2338/1127
f 2344/1133 2321/1110 2275/1064
f 2343/1132 2344/1133 2275/1064
f 2336/1125 2324/1113 2323/1112
f 2345/1134 2323/1112 2322/1111 2346/1135
f 2345/1134 2347/1136 2336/1125 2323/1112
f 2348/1137 2349/1138 2350/1139 2351/1140
f 2346/1135 2352/1141 2353/1142 2345/1134
f 2353/1142 2354/1143 2347/1136 2345/1134
f 2314/1103 2333/1122 2285/1074
f 2332/1121 2325/1114 2324/1113
f 2324/1113 2335/1124 2334/1123
f 2348/1137 2355/1144 2356/1145
f 2348/1137 2351/1140 2357/1146 2355/1144
f 2358/1147 2354/1143 2353/1142 2359/1148
f 2359/1148 2356/1145 2358/1147
f 2359/1148 2353/1142 2352/1141 2360/1149
f 2361/1150 2349/1138 2348/1137
f 2360/1149 2361/1150 2348/1137 2356/1145
f 2356/1145 2359/1148 2360/1149
f 2362/1151 2363/1152 2364/1153
f 2365/1154 2364/1153 2363/1152
f 2366/1155 2364/1153 2365/1154
f 2362/1151 2364/1153 2367/1156
f 2367/1156 2364/1153 2326/1115 2331/1120
f 2366/1155 2327/1116 2326/1115 2364/1153
f 2368/1157 2275/1064 2299/1088
f 2275/1064 2368/1157 2280/1069
f 2369/1158 2275/1064 2327/1116
f 2369/1158 2343/1132 2275/1064
f 2355/1144 2358/1147 2356/1145
f 2370/1159 2371/1159 2372/1160 2373/1160
f 2373/1160 2374/1161 2370/1159
f 2375/1162 2376/1162 2371/1159 2370/1159
f 2375/1162 2370/1159 2374/1161
f 2374/1161 2377/1161 2378/1163 2379/1163
f 2379/1163 2375/1162 2374/1161
f 2380/1164 2381/1164 2376/1162 2375/1162
f 2382/1165 2380/1164 2375/1162 2379/1163
f 2383/1166 2384/1166 2381/1164 2380/1164
f 2382/1165 2385/1165 2384/1166 2383/1166
f 2380/1164 2382/1165 2383/1166
f 2379/1163 2378/1163 2386/1167 2387/1167
f 2388/1168 2389/1168 2385/1165 2382/1165
f 2379/1163 2387/1167 2388/1168 2382/1165
f 2387/1167 2386/1167 2390/1169 2391/1169
f 2392/1170 2393/1170 2389/1168 2388/1168
f 2387/1167 2391/1169 2392/1170 2388/1168
f 2391/1169 2390/1169 2377/1161 2374/1161
f 2374/1161 2373/1160 2391/1169
f 2394/1171 2395/1171 2396/1172 2397/1172
f 2397/1172 2396/1172 2393/1170 2392/1170
f 2397/1172 2392/1170 2394/1171
f 2373/1160 2372/1160 2395/1171 2394/1171
f 2391/1169 2373/1160 2394/1171 2392/1170
f 2398/1173 2399/1173 2400/1174 2401/1174
f 2401/1174 2400/1174 2384/1166 2383/1166
f 2383/1166 2384/1166 2399/1173 2398/1173
f 2401/1174 2383/1166 2398/1173
f 2380/1164 2381/1164 2402/1175 2403/1175
f 2404/1176 2405/1176 2381/1164 2380/1164
f 2403/1175 2404/1176 2380/1164
f 2406/1177 2407/1177 2405/1176 2404/1176
f 2403/1175 2406/1177 2404/1176
f 2403/1175 2402/1175 2408/1178 2409/1178
f 2410/1179 2411/1179 2407/1177 2406/1177
f 2403/1175 2409/1178 2410/1179 2406/1177
f 2409/1178 2412/1180 2410/1179
f 2413/1181 2414/1181 2411/1179 2410/1179
f 2413/1181 2410/1179 2412/1180
f 2412/1180 2415/1180 2416/1182 2417/1182
f 2413/1181 2412/1180 2417/1182
f 2418/1183 2419/1183 2414/1181 2413/1181
f 2417/1182 2416/1182 2420/1184 2421/1184
f 2418/1183 2413/1181 2417/1182 2421/1184
f 2421/1184 2420/1184 2422/1185 2423/1185
f 2423/1185 2424/1186 2421/1184
f 2421/1184 2424/1186 2425/1187 2418/1183
f 2425/1187 2426/1187 2427/1188 2428/1189
f 2429/1190 2430/1190 2419/1183 2418/1183
f 2428/1189 2429/1190 2418/1183 2425/1187
f 2431/1191 2432/1192 2433/1193 2434/1193
f 2434/1193 2433/1193 2435/1194 2436/1194
f 2436/1194 2435/1194 2430/1190 2429/1190
f 2431/1191 2434/1193 2436/1194 2429/1190
f 2437/1195 2438/1195 2439/1196 2440/1196
f 2440/1196 2439/1196 2441/1197 2442/1198
f 2437/1195 2440/1196 2442/1198
f 2443/1199 2437/1195 2442/1198
f 2444/1107 2318/1107 2305/1094 2445/1094
f 2445/1094 2305/1094 2438/1195 2437/1195
f 2445/1094 2437/1195 2444/1107
f 2443/1199 2446/1200 2317/1106 2447/1106
f 2447/1106 2317/1106 2318/1107 2444/1107
f 2443/1199 2447/1106 2444/1107 2437/1195
f 2448/1201 2449/1202 2446/1200 2443/1199
f 2442/1198 2441/1197 2432/1192 2431/1191
f 2448/1201 2443/1199 2442/1198 2431/1191
f 2428/1189 2448/1201 2431/1191 2429/1190
f 2424/1186 2450/1186 2288/1077 2451/1077
f 2451/1077 2288/1077 2279/1068 2452/1068
f 2452/1068 2279/1068 2426/1187 2425/1187
f 2424/1186 2451/1077 2452/1068 2425/1187
f 2453/1203 2454/1203 2450/1186 2424/1186
f 2424/1186 2423/1185 2453/1203
f 2423/1185 2422/1185 2455/1204 2456/1204
f 2457/1205 2458/1205 2454/1203 2453/1203
f 2456/1204 2457/1205 2453/1203 2423/1185
f 2459/1206 2460/1206 2458/1205 2457/1205
f 2456/1204 2455/1204 2461/1207 2462/1207
f 2457/1205 2456/1204 2462/1207 2459/1206
f 2463/1208 2464/1208 2460/1206 2459/1206
f 2463/1208 2459/1206 2462/1207
f 2462/1207 2461/1207 2465/1209 2466/1209
f 2467/1210 2463/1208 2462/1207 2466/1209
f 2468/1211 2469/1211 2470/1210 2467/1210
f 2466/1209 2465/1209 2471/1212 2472/1212
f 2468/1211 2467/1210 2466/1209 2472/1212
f 2472/1212 2471/1212 2473/1213 2474/1213
f 2475/1214 2468/1211 2472/1212 2474/1213
f 2476/1215 2477/1215 2478/1214 2475/1214
f 2475/1214 2474/1213 2476/1215
f 2479/1216 2476/1215 2474/1213
f 2480/1217 2481/1217 2482/1216 2479/1216
f 2479/1216 2474/1213 2480/1217
f 2483/1218 2484/1218 2485/1219 2486/1219
f 2487/1220 2488/1220 2489/1221 2490/1221
f 2486/1219 2487/1220 2490/1221 2483/1218
f 2491/1222 2492/1222 2493/1223 2494/1223
f 2494/1223 2493/1223 2495/1224 2496/1224
f 2496/1224 2495/1224 2497/1225 2498/1225
f 2494/1223 2496/1224 2498/1225 2491/1222
f 2499/1226 2500/1226 2501/1227 2502/1227
f 2502/1227 2501/1227 2484/1218 2483/1218
f 2490/1221 2489/1221 2503/1228 2504/1228
f 2505/1229 2506/1229 2415/1180 2412/1180
f 2409/1178 2408/1178 2507/1230 2508/1230
f 2509/1231 2510/1231 2492/1222 2491/1222
f 2498/1225 2497/1225 2500/1226 2499/1226
f 2474/1213 2473/1213 2511/1232 2512/1232
f 2513/1233 2514/1233 2515/1234 2516/1234
f 2516/1234 2515/1234 2517/1235 2518/1235
f 2518/1235 2517/1235 2519/1236 2520/1236
f 2521/1237 2522/1237 2481/1217 2480/1217
f 2523/1238 2524/1238 2525/1239 2526/1239
f 2526/1239 2525/1239 2464/1208 2463/1208
f 2467/1210 2470/1210 2527/1240 2528/1240
f 2529/1241 2530/1241 2524/1238 2523/1238
f 2531/1242 2532/1242 2533/1243 2534/1243
f 2534/1243 2533/1243 2535/1244 2536/1244
f 2537/1245 2538/1245 2469/1211 2468/1211
f 2475/1214 2478/1214 2539/1246 2540/1246
f 2541/1247 2542/1247 2532/1242 2531/1242
f 2536/1244 2535/1244 2530/1241 2529/1241
f 2528/1240 2527/1240 2538/1245 2537/1245
f 2536/1244 2529/1241 2528/1240 2537/1245
f 2543/1248 2544/1248 2542/1247 2541/1247
f 2540/1246 2539/1246 2545/1249 2546/1249
f 2543/1248 2541/1247 2540/1246 2546/1249
f 2547/1250 2548/1250 2549/1251 2550/1251
f 2550/1251 2549/1251 2544/1248 2543/1248
f 2546/1249 2545/1249 2477/1215 2476/1215
f 2479/1216 2482/1216 2551/1252 2552/1252
f 2553/1253 2554/1253 2548/1250 2547/1250
f 2520/1236 2519/1236 2554/1253 2553/1253
f 2552/1252 2551/1252 2522/1237 2521/1237
f 2520/1236 2553/1253 2552/1252 2521/1237
f 2555/1254 2556/1254 2514/1233 2513/1233
f 2512/1232 2511/1232 2557/1255 2558/1255
f 2555/1254 2513/1233 2512/1232 2558/1255
f 2559/1256 2560/1256 2561/1257 2562/1257
f 2562/1257 2561/1257 2556/1254 2555/1254
f 2558/1255 2557/1255 2416/1182 2417/1182
f 2417/1182 2416/1182 2563/1258 2564/1258
f 2564/1258 2563/1258 2565/1259 2566/1259
f 2567/1260 2568/1260 2488/1220 2487/1220
f 2486/1219 2485/1219 2560/1256 2559/1256
f 2504/1228 2503/1228 2568/1260 2567/1260
f 2566/1259 2565/1259 2506/1229 2505/1229
f 2504/1228 2567/1260 2566/1259 2505/1229
f 2569/1261 2570/1261 2571/1262 2572/1262
f 2572/1262 2571/1262 2510/1231 2509/1231
f 2508/1230 2507/1230 2570/1261 2569/1261
f 2572/1262 2509/1231 2508/1230 2569/1261
f 2431/1191 2432/1192 2430/1190 2429/1190
f 2429/1190 2430/1190 2427/1188 2428/1189
f 2428/1189 2427/1188 2449/1202 2448/1201
f 2448/1201 2449/1202 2432/1192 2431/1191
f 2573/1263 2302/1091 2449/1202 2448/1201
f 2428/1189 2427/1188 2278/1067 2574/1264
f 2574/1264 2278/1067 2302/1091 2573/1263
f 2448/1201 2428/1189 2574/1264 2573/1263
f 2575/1060 2270/1059 2272/1061
f 2575/1060 2273/1062 2270/1059
f 2576/1064 2274/1063 2273/1062 2575/1060
f 2278/1067 2577/1066 2578/1065 2279/1068
f 2579/1070 2280/1069 2576/1064
f 2284/1073 2283/1072 2580/1071 2581/1074
f 2286/1075 2580/1071 2283/1072
f 2286/1075 2287/1076 2576/1064 2580/1071
f 2287/1076 2579/1070 2576/1064
f 2288/1077 2578/1065 2581/1074 2289/1078
f 2284/1073 2578/1065 2290/1079
f 2284/1073 2581/1074 2578/1065
f 2291/1080 2578/1065 2292/1081
f 2294/1083 2582/1082 2295/1084
f 2296/1085 2295/1084 2582/1082
f 2297/1086 2296/1085 2582/1082
f 2297/1086 2582/1082 2298/1087
f 2299/1088 2298/1087 2582/1082 2300/1089
f 2294/1083 2274/1063 2300/1089 2582/1082
f 2300/1089 2274/1063 2576/1064
f 2299/1088 2300/1089 2576/1064
f 2292/1081 2578/1065 2577/1066
f 2583/1090 2577/1066 2278/1067 2302/1091
f 2583/1090 2303/1092 2292/1081 2577/1066
f 2584/1095 2305/1094 2304/1093 2307/1096
f 2302/1091 2309/1098 2585/1097 2583/1090
f 2585/1097 2310/1099 2303/1092 2583/1090
f 2579/1070 2287/1076 2311/1100 2586/1101
f 2280/1069 2579/1070 2586/1101 2313/1102
f 2314/1103 2289/1078 2581/1074
f 2288/1077 2279/1068 2578/1065
f 2578/1065 2291/1080 2290/1079
f 2584/1095 2313/1102 2586/1101
f 2584/1095 2307/1096 2315/1104 2313/1102
f 2311/1100 2310/1099 2585/1097 2587/1105
f 2587/1105 2586/1101 2311/1100
f 2587/1105 2585/1097 2309/1098 2317/1106
f 2318/1107 2305/1094 2584/1095
f 2317/1106 2318/1107 2584/1095 2586/1101
f 2586/1101 2587/1105 2317/1106
f 2384/1166 2381/1164 2402/1175 2570/1261 2571/1262 2493/1223 2495/1224 2400/1174
f 2319/1108 2575/1060 2272/1061
f 2320/1109 2575/1060 2319/1108
f 2320/1109 2321/1110 2576/1064 2575/1060
f 2588/1113 2589/1112 2322/1111 2325/1114
f 2327/1116 2590/1115 2576/1064
f 2580/1071 2329/1118 2328/1117 2581/1074
f 2580/1071 2330/1119 2329/1118
f 2576/1064 2331/1120 2330/1119 2580/1071
f 2590/1115 2331/1120 2576/1064
f 2581/1074 2588/1113 2332/1121 2333/1122
f 2588/1113 2328/1117 2334/1123
f 2581/1074 2328/1117 2588/1113
f 2588/1113 2335/1124 2336/1125
f 2591/1127 2337/1126 2339/1128
f 2339/1128 2340/1129 2591/1127
f 2340/1129 2341/1130 2591/1127
f 2591/1127 2341/1130 2342/1131
f 2591/1127 2342/1131 2343/1132 2344/1133
f 2344/1133 2321/1110 2337/1126 2591/1127
f 2321/1110 2344/1133 2576/1064
f 2344/1133 2343/1132 2576/1064
f 2588/1113 2336/1125 2589/1112
f 2322/1111 2589/1112 2592/1134 2346/1135
f 2336/1125 2347/1136 2592/1134 2589/1112
f 2350/1139 2349/1138 2593/1137 2351/1140
f 2594/1142 2352/1141 2346/1135 2592/1134
f 2347/1136 2354/1143 2594/1142 2592/1134
f 2333/1122 2314/1103 2581/1074
f 2325/1114 2332/1121 2588/1113
f 2335/1124 2588/1113 2334/1123
f 2355/1144 2593/1137 2595/1145
f 2357/1146 2351/1140 2593/1137 2355/1144
f 2594/1142 2354/1143 2358/1147 2596/1148
f 2595/1145 2596/1148 2358/1147
f 2352/1141 2594/1142 2596/1148 2360/1149
f 2349/1138 2361/1150 2593/1137
f 2593/1137 2361/1150 2360/1149 2595/1145
f 2596/1148 2595/1145 2360/1149
f 2363/1152 2362/1151 2597/1153
f 2597/1153 2365/1154 2363/1152
f 2597/1153 2366/1155 2365/1154
f 2597/1153 2362/1151 2367/1156
f 2590/1115 2597/1153 2367/1156 2331/1120
f 2590/1115 2327/1116 2366/1155 2597/1153
f 2576/1064 2368/1157 2299/1088
f 2368/1157 2576/1064 2280/1069
f 2576/1064 2369/1158 2327/1116
f 2343/1132 2369/1158 2576/1064
f 2358/1147 2355/1144 2595/1145
f 2372/1160 2371/1159 2598/1159 2599/1160
f 2600/1161 2599/1160 2598/1159
f 2371/1159 2376/1162 2601/1162 2598/1159
f 2598/1159 2601/1162 2600/1161
f 2378/1163 2377/1161 2600/1161 2602/1163
f 2601/1162 2602/1163 2600/1161
f 2376/1162 2381/1164 2603/1164 2601/1162
f 2601/1162 2603/1164 2604/1165 2602/1163
f 2381/1164 2384/1166 2605/1166 2603/1164
f 2384/1166 2385/1165 2604/1165 2605/1166
f 2604/1165 2603/1164 2605/1166
f 2386/1167 2378/1163 2602/1163 2606/1167
f 2385/1165 2389/1168 2607/1168 2604/1165
f 2607/1168 2606/1167 2602/1163 2604/1165
f 2390/1169 2386/1167 2606/1167 2608/1169
f 2389/1168 2393/1170 2609/1170 2607/1168
f 2609/1170 2608/1169 2606/1167 2607/1168
f 2377/1161 2390/1169 2608/1169 2600/1161
f 2599/1160 2600/1161 2608/1169
f 2396/1172 2395/1171 2610/1171 2611/1172
f 2393/1170 2396/1172 2611/1172 2609/1170
f 2609/1170 2611/1172 2610/1171
f 2395/1171 2372/1160 2599/1160 2610/1171
f 2610/1171 2599/1160 2608/1169 2609/1170
f 2400/1174 2399/1173 2612/1173 2613/1174
f 2384/1166 2400/1174 2613/1174 2605/1166
f 2399/1173 2384/1166 2605/1166 2612/1173
f 2605/1166 2613/1174 2612/1173
f 2402/1175 2381/1164 2603/1164 2614/1175
f 2381/1164 2405/1176 2615/1176 2603/1164
f 2615/1176 2614/1175 2603/1164
f 2405/1176 2407/1177 2616/1177 2615/1176
f 2616/1177 2614/1175 2615/1176
f 2408/1178 2402/1175 2614/1175 2617/1178
f 2407/1177 2411/1179 2618/1179 2616/1177
f 2618/1179 2617/1178 2614/1175 2616/1177
f 2619/1180 2617/1178 2618/1179
f 2411/1179 2414/1181 2620/1181 2618/1179
f 2618/1179 2620/1181 2619/1180
f 2416/1182 2415/1180 2619/1180 2621/1182
f 2619/1180 2620/1181 2621/1182
f 2414/1181 2419/1183 2622/1183 2620/1181
f 2420/1184 2416/1182 2621/1182 2623/1184
f 2621/1182 2620/1181 2622/1183 2623/1184
f 2422/1185 2420/1184 2623/1184 2624/1185
f 2625/1186 2624/1185 2623/1184
f 2626/1187 2625/1186 2623/1184 2622/1183
f 2427/1188 2426/1187 2626/1187 2627/1189
f 2419/1183 2430/1190 2628/1190 2622/1183
f 2622/1183 2628/1190 2627/1189 2626/1187
f 2433/1193 2432/1192 2629/1191 2630/1193
f 2435/1194 2433/1193 2630/1193 2631/1194
f 2430/1190 2435/1194 2631/1194 2628/1190
f 2631/1194 2630/1193 2629/1191 2628/1190
f 2439/1196 2438/1195 2632/1195 2633/1196
f 2441/1197 2439/1196 2633/1196 2634/1198
f 2633/1196 2632/1195 2634/1198
f 2632/1195 2635/1199 2634/1198
f 2305/1094 2318/1107 2636/1107 2637/1094
f 2438/1195 2305/1094 2637/1094 2632/1195
f 2632/1195 2637/1094 2636/1107
f 2317/1106 2446/1200 2635/1199 2638/1106
f 2318/1107 2317/1106 2638/1106 2636/1107
f 2636/1107 2638/1106 2635/1199 2632/1195
f 2446/1200 2639/1202 2640/1201 2635/1199
f 2432/1192 2441/1197 2634/1198 2629/1191
f 2634/1198 2635/1199 2640/1201 2629/1191
f 2629/1191 2640/1201 2627/1189 2628/1190
f 2288/1077 2450/1186 2625/1186 2641/1077
f 2279/1068 2288/1077 2641/1077 2642/1068
f 2426/1187 2279/1068 2642/1068 2626/1187
f 2642/1068 2641/1077 2625/1186 2626/1187
f 2450/1186 2454/1203 2643/1203 2625/1186
f 2624/1185 2625/1186 2643/1203
f 2455/1204 2422/1185 2624/1185 2644/1204
f 2454/1203 2458/1205 2645/1205 2643/1203
f 2643/1203 2645/1205 2644/1204 2624/1185
f 2458/1205 2460/1206 2646/1206 2645/1205
f 2461/1207 2455/1204 2644/1204 2647/1207
f 2647/1207 2644/1204 2645/1205 2646/1206
f 2460/1206 2464/1208 2648/1208 2646/1206
f 2646/1206 2648/1208 2647/1207
f 2465/1209 2461/1207 2647/1207 2649/1209
f 2647/1207 2648/1208 2650/1210 2649/1209
f 2470/1210 2469/1211 2651/1211 2650/1210
f 2471/1212 2465/1209 2649/1209 2652/1212
f 2649/1209 2650/1210 2651/1211 2652/1212
f 2473/1213 2471/1212 2652/1212 2653/1213
f 2652/1212 2651/1211 2654/1214 2653/1213
f 2478/1214 2477/1215 2655/1215 2654/1214
f 2653/1213 2654/1214 2655/1215
f 2655/1215 2656/1216 2653/1213
f 2482/1216 2481/1217 2657/1217 2656/1216
f 2653/1213 2656/1216 2657/1217
f 2485/1219 2484/1218 2658/1218 2659/1219
f 2489/1221 2488/1220 2660/1220 2661/1221
f 2661/1221 2660/1220 2659/1219 2658/1218
f 2493/1223 2492/1222 2662/1222 2663/1223
f 2495/1224 2493/1223 2663/1223 2664/1224
f 2497/1225 2495/1224 2664/1224 2665/1225
f 2665/1225 2664/1224 2663/1223 2662/1222
f 2501/1227 2500/1226 2666/1226 2667/1227
f 2484/1218 2501/1227 2667/1227 2658/1218
f 2503/1228 2489/1221 2661/1221 2668/1228
f 2415/1180 2506/1229 2669/1229 2619/1180
f 2507/1230 2408/1178 2617/1178 2670/1230
f 2492/1222 2510/1231 2671/1231 2662/1222
f 2500/1226 2497/1225 2665/1225 2666/1226
f 2511/1232 2473/1213 2653/1213 2672/1232
f 2515/1234 2514/1233 2673/1233 2674/1234
f 2517/1235 2515/1234 2674/1234 2675/1235
f 2519/1236 2517/1235 2675/1235 2676/1236
f 2481/1217 2522/1237 2677/1237 2657/1217
f 2525/1239 2524/1238 2678/1238 2679/1239
f 2464/1208 2525/1239 2679/1239 2648/1208
f 2527/1240 2470/1210 2650/1210 2680/1240
f 2524/1238 2530/1241 2681/1241 2678/1238
f 2533/1243 2532/1242 2682/1242 2683/1243
f 2535/1244 2533/1243 2683/1243 2684/1244
f 2469/1211 2538/1245 2685/1245 2651/1211
f 2539/1246 2478/1214 2654/1214 2686/1246
f 2532/1242 2542/1247 2687/1247 2682/1242
f 2530/1241 2535/1244 2684/1244 2681/1241
f 2538/1245 2527/1240 2680/1240 2685/1245
f 2680/1240 2681/1241 2684/1244 2685/1245
f 2542/1247 2544/1248 2688/1248 2687/1247
f 2545/1249 2539/1246 2686/1246 2689/1249
f 2686/1246 2687/1247 2688/1248 2689/1249
f 2549/1251 2548/1250 2690/1250 2691/1251
f 2544/1248 2549/1251 2691/1251 2688/1248
f 2477/1215 2545/1249 2689/1249 2655/1215
f 2551/1252 2482/1216 2656/1216 2692/1252
f 2548/1250 2554/1253 2693/1253 2690/1250
f 2554/1253 2519/1236 2676/1236 2693/1253
f 2522/1237 2551/1252 2692/1252 2677/1237
f 2692/1252 2693/1253 2676/1236 2677/1237
f 2514/1233 2556/1254 2694/1254 2673/1233
f 2557/1255 2511/1232 2672/1232 2695/1255
f 2672/1232 2673/1233 2694/1254 2695/1255
f 2561/1257 2560/1256 2696/1256 2697/1257
f 2556/1254 2561/1257 2697/1257 2694/1254
f 2416/1182 2557/1255 2695/1255 2621/1182
f 2563/1258 2416/1182 2621/1182 2698/1258
f 2565/1259 2563/1258 2698/1258 2699/1259
f 2488/1220 2568/1260 2700/1260 2660/1220
f 2560/1256 2485/1219 2659/1219 2696/1256
f 2568/1260 2503/1228 2668/1228 2700/1260
f 2506/1229 2565/1259 2699/1259 2669/1229
f 2699/1259 2700/1260 2668/1228 2669/1229
f 2571/1262 2570/1261 2701/1261 2702/1262
f 2510/1231 2571/1262 2702/1262 2671/1231
f 2570/1261 2507/1230 2670/1230 2701/1261
f 2670/1230 2671/1231 2702/1262 2701/1261
f 2430/1190 2432/1192 2629/1191 2628/1190
f 2427/1188 2430/1190 2628/1190 2627/1189
f 2639/1202 2427/1188 2627/1189 2640/1201
f 2432/1192 2639/1202 2640/1201 2629/1191
f 2639/1202 2302/1091 2703/1263 2640/1201
f 2278/1067 2427/1188 2627/1189 2704/1264
f 2302/1091 2278/1067 2704/1264 2703/1263
f 2704/1264 2627/1189 2640/1201 2703/1263
f 2679/1239 2678/1238 2681/1241
f 2680/1240 2650/1210 2648/1208
f 2648/1208 2679/1239 2681/1241 2680/1240
f 2686/1246 2654/1214 2651/1211 2685/1245
f 2687/1247 2686/1246 2685/1245 2684/1244
f 2684/1244 2683/1243 2682/1242 2687/1247
f 2688/1248 2691/1251 2690/1250 2693/1253
f 2692/1252 2656/1216 2655/1215 2689/1249
f 2689/1249 2688/1248 2693/1253 2692/1252
f 2676/1236 2675/1235 2674/1234 2673/1233
f 2672/1232 2653/1213 2657/1217 2677/1237
f 2677/1237 2676/1236 2673/1233 2672/1232
f 2699/1259 2698/1258 2621/1182 2695/1255
f 2700/1260 2699/1259 2695/1255 2694/1254
f 2670/1230 2617/1178 2619/1180 2669/1229
f 2671/1231 2670/1230 2669/1229 2668/1228
f 2662/1222 2671/1231 2668/1228 2661/1221
f 2658/1218 2667/1227 2666/1226 2665/1225
f 2665/1225 2662/1222 2661/1221 2658/1218
f 2697/1257 2696/1256 2659/1219
f 2660/1220 2700/1260 2694/1254
f 2694/1254 2697/1257 2659/1219 2660/1220
f 2498/1225 2499/1226 2502/1227 2483/1218
f 2491/1222 2498/1225 2483/1218 2490/1221
f 2486/1219 2559/1256 2562/1257
f 2562/1257 2555/1254 2487/1220 2486/1219
f 2567/1260 2487/1220 2555/1254
f 2566/1259 2567/1260 2555/1254 2558/1255
f 2558/1255 2417/1182 2564/1258 2566/1259
f 2505/1229 2412/1180 2409/1178 2508/1230
f 2504/1228 2505/1229 2508/1230 2509/1231
f 2509/1231 2491/1222 2490/1221 2504/1228
f 2513/1233 2516/1234 2518/1235 2520/1236
f 2512/1232 2513/1233 2520/1236 2521/1237
f 2521/1237 2480/1217 2474/1213 2512/1232
f 2546/1249 2476/1215 2479/1216 2552/1252
f 2543/1248 2546/1249 2552/1252 2553/1253
f 2553/1253 2547/1250 2550/1251 2543/1248
f 2541/1247 2531/1242 2534/1243 2536/1244
f 2540/1246 2541/1247 2536/1244 2537/1245
f 2537/1245 2468/1211 2475/1214 2540/1246
f 2463/1208 2467/1210 2528/1240
f 2529/1241 2523/1238 2526/1239
f 2526/1239 2463/1208 2528/1240 2529/1241
f 2384/1166 2400/1174 2705/1174 2706/1166
f 2381/1164 2384/1166 2706/1166 2707/1164
f 2402/1175 2381/1164 2707/1164 2708/1175
f 2570/1261 2402/1175 2708/1175 2709/1261
f 2571/1262 2570/1261 2709/1261 2710/1262
f 2493/1223 2571/1262 2710/1262 2711/1223
f 2495/1224 2493/1223 2711/1223 2712/1224
f 2400/1174 2495/1224 2712/1224 2705/1174
f 2712/1224 2711/1223 2710/1262 2709/1261 2708/1175 2707/1164 2706/1166 2705/1174
