mtllib ultimaweaponbbs.mtl
v -0.000003 -17.586580 1.886600
v -0.000003 -14.077682 1.886600
v -0.000003 -17.586580 -1.883900
v -0.000003 -14.077682 1.886600
v -0.000003 -14.077682 -1.883900
v -0.000003 -17.586580 -1.883900
v -0.000003 -14.077682 1.886600
v -0.000003 -17.586580 1.886600
v -0.000003 -17.586580 -1.883900
v -0.000003 -14.077682 -1.883900
v -0.000003 -14.077682 1.886600
v -0.000003 -17.586580 -1.883900
v 1.283001 27.239799 -1.669300
v 1.283002 35.368999 0.000000
v 1.283001 26.688000 -0.965700
v 1.283001 26.688000 -0.965700
v 1.283002 35.368999 0.000000
v 1.283001 26.688000 0.965700
v -1.282999 23.111401 2.324600
v -1.282999 19.017500 1.872800
v -1.282999 20.545401 5.649400
v -1.282999 24.104700 5.846000
v -1.282999 23.111401 2.324600
v -1.282999 20.545401 5.649400
v 1.283001 24.104700 -5.846000
v 1.283001 23.111401 -2.324600
v 1.283001 20.545401 -5.649400
v 1.283001 23.111401 -2.324600
v 1.283001 19.017500 -1.872800
v 1.283001 20.545401 -5.649400
v 1.283001 19.017500 1.872800
v 1.283001 18.393301 0.000000
v 1.283001 23.111401 2.324600
v 1.283001 18.393301 0.000000
v 1.283001 25.767099 0.976100
v 1.283001 23.111401 2.324600
v -1.282998 35.368999 0.000000
v -1.282999 27.239799 -1.669300
v -1.282999 26.688000 -0.965700
v -1.282998 35.368999 0.000000
v -1.282999 26.688000 -0.965700
v -1.282999 26.688000 0.965700
v -1.282999 24.104700 -5.846000
v 1.283001 24.104700 -5.846000
v -1.282999 20.545401 -5.649400
v 1.283001 24.104700 -5.846000
v 1.283001 20.545401 -5.649400
v -1.282999 20.545401 -5.649400
v -1.282999 20.545401 -5.649400
v 1.283001 20.545401 -5.649400
v -1.282999 20.217800 -8.515500
v 1.283001 20.545401 -5.649400
v 1.283001 20.217800 -8.515500
v -1.282999 20.217800 -8.515500
v 1.283001 24.104700 5.846000
v -1.282999 24.104700 5.846000
v -1.282999 20.545401 5.649400
v 1.283001 20.545401 5.649400
v 1.283001 24.104700 5.846000
v -1.282999 20.545401 5.649400
v 1.283001 20.217800 8.515500
v 1.283001 20.545401 5.649400
v -1.282999 20.217800 8.515500
v 1.283001 20.545401 5.649400
v -1.282999 20.545401 5.649400
v -1.282999 20.217800 8.515500
v -1.282999 18.393301 0.000000
v -1.282999 19.017500 1.872800
v -1.282999 23.111401 2.324600
v -1.282999 25.767099 0.976100
v -1.282999 18.393301 0.000000
v -1.282999 23.111401 2.324600
v -0.596698 42.815300 0.000000
v 0.000005 105.862198 0.000000
v 0.000004 100.564598 -2.321100
v -0.596698 42.815300 0.000000
v 0.000004 100.564598 -2.321100
v 0.000002 37.517700 -2.700500
v -0.596698 42.815300 0.000000
v 0.596702 42.815300 0.000000
v 0.000002 37.517700 2.700500
v 0.596702 42.815300 0.000000
v -0.596698 42.815300 0.000000
v 0.000002 37.517700 -2.700500
v 0.000005 105.862198 0.000000
v 0.596702 42.815300 0.000000
v 0.000004 100.564598 -2.321100
v 0.596702 42.815300 0.000000
v 0.000002 37.517700 -2.700500
v 0.000004 100.564598 -2.321100
v -1.282996 93.025200 -15.372001
v 1.283004 93.025200 -15.372001
v -1.282996 89.251999 -14.064800
v 1.283004 89.251999 -14.064800
v -1.282996 89.251999 -14.064800
v 1.283004 93.025200 -15.372001
v -0.000001 -13.878600 -2.379800
v -0.000001 -13.188800 -1.003600
v -0.000000 -8.946600 -1.407200
v -0.000001 -13.188800 -1.003600
v -0.000001 -13.878600 -2.379800
v -0.000000 -8.946600 -1.407200
v -1.282998 41.380501 1.979700
v -1.282998 45.039902 0.000000
v -1.282998 42.815300 0.000000
v -1.282998 45.039902 0.000000
v -1.282998 41.380501 -1.979700
v -1.282998 42.815300 0.000000
v -0.000000 -8.946600 -1.407200
v -0.000001 -13.188800 -1.003600
v -1.314100 -8.946600 0.000000
v -0.000001 -13.188800 -1.003600
v -0.000001 -15.523701 0.000000
v -1.314100 -8.946600 0.000000
v -0.000001 -13.878600 2.379800
v -0.000001 -13.188800 1.003600
v -0.000000 -8.946600 1.407200
v -0.000001 -13.188800 1.003600
v -0.000001 -13.878600 2.379800
v -0.000000 -8.946600 1.407200
v 1.283002 45.039902 0.000000
v 1.283002 41.380501 1.979700
v 1.283002 42.815300 0.000000
v 1.283002 41.380501 -1.979700
v 1.283002 45.039902 0.000000
v 1.283002 42.815300 0.000000
v 1.283002 35.368999 0.000000
v 1.283001 27.239799 1.669300
v 1.283001 26.688000 0.965700
v 1.283001 23.111401 2.324600
v 1.283001 24.104700 5.846000
v 1.283001 20.545401 5.649400
v 1.283001 20.545401 5.649400
v 1.283001 20.217800 8.515500
v 1.283001 16.586000 6.946200
v -1.282999 27.239799 1.669300
v -1.282998 35.368999 0.000000
v -1.282999 26.688000 0.965700
v -1.282999 23.111401 -2.324600
v -1.282999 24.104700 -5.846000
v -1.282999 20.545401 -5.649400
v -1.282999 20.545401 -5.649400
v -1.282999 20.217800 -8.515500
v -1.282999 16.586000 -6.946200
v 1.283002 35.368999 0.000000
v 1.283001 27.239799 -1.669300
v -1.282999 27.239799 -1.669300
v -1.282999 27.239799 -1.669300
v 1.283001 27.239799 -1.669300
v -1.282999 26.688000 -0.965700
v 1.283001 20.217800 8.515500
v -1.282999 20.217800 8.515500
v -1.282999 16.586000 6.946200
v -1.282999 20.217800 -8.515500
v 1.283001 20.217800 -8.515500
v -1.282999 16.586000 -6.946200
v -1.282999 15.203001 5.349300
v -1.282999 16.586000 6.946200
v -1.282999 17.434500 3.459300
v -1.282999 15.496100 3.038500
v -1.282999 15.203001 5.349300
v -1.282999 17.434500 3.459300
v -1.282999 15.496100 -3.038500
v -1.282999 17.434500 -3.459300
v -1.282999 15.203001 -5.349300
v 1.283001 15.203001 -5.349300
v 1.283001 16.586000 -6.946200
v 1.283001 17.434500 -3.459300
v 1.283001 15.496100 3.038500
v 1.283001 17.434500 3.459300
v 1.283001 15.203001 5.349300
v 1.283001 15.496100 -3.038500
v 1.283001 15.203001 -5.349300
v 1.283001 17.434500 -3.459300
v 0.596702 42.815300 0.000000
v 0.000005 105.862198 0.000000
v 0.000004 100.564598 2.321100
v 1.283004 87.910400 -2.679800
v 1.783103 61.798401 -1.134700
v 1.783103 74.821594 3.721400
v -1.282996 86.310104 -5.887400
v 0.000004 86.513603 -5.049300
v -1.282996 87.910400 -2.679800
v 1.283004 94.929001 -15.372001
v 1.283004 93.025200 -15.372001
v -1.282996 93.025200 -15.372001
v 1.283005 101.647606 -5.887400
v 0.000004 101.440598 -4.987200
v 1.283004 100.047302 -2.324600
v 1.283004 86.310104 -5.887400
v 1.283004 87.910400 -2.679800
v 0.000004 86.513603 -5.049300
v -1.282998 37.517700 2.700500
v -1.282998 43.849998 3.931800
v -1.282998 41.380501 1.979700
v -1.282998 42.815300 0.000000
v -1.282998 37.517700 2.700500
v -1.282998 41.380501 1.979700
v -1.282999 25.767099 -0.976100
v -1.282999 26.688000 -0.965700
v -1.282999 27.239799 -1.669300
v -1.282999 26.688000 0.965700
v -1.282999 25.767099 0.976100
v -1.282999 27.239799 1.669300
v 1.283001 26.688000 0.965700
v 1.283001 25.767099 0.976100
v 1.283001 27.239799 1.669300
v -0.000000 -8.946600 1.407200
v -0.000001 -13.188800 1.003600
v 1.314100 -8.946600 0.000000
v 1.283001 19.017500 -1.872800
v 0.000001 17.624199 -1.907300
v 1.283001 17.434500 -3.459300
v 1.283001 18.393301 0.000000
v 0.000001 17.624199 -1.907300
v 1.283001 19.017500 -1.872800
v 1.283001 25.767099 0.976100
v 1.283001 26.688000 0.965700
v 1.283001 27.239799 1.669300
v 0.000001 17.624199 1.907300
v 0.000001 15.575500 1.483100
v 0.000001 15.434100 0.000000
v -1.282999 18.393301 0.000000
v 0.000001 17.624199 1.907300
v -1.282999 19.017500 1.872800
v -1.282999 19.017500 1.872800
v 0.000001 17.624199 1.907300
v -1.282999 17.434500 3.459300
v 1.283001 25.767099 -0.976100
v 1.283001 26.688000 -0.965700
v 1.283001 27.239799 -1.669300
v 1.283001 30.026600 2.890200
v 1.283002 37.517700 2.700500
v 1.283001 28.853899 4.359500
v 1.283002 37.517700 2.700500
v 1.283002 42.815300 0.000000
v 1.283002 41.380501 1.979700
v 0.000001 32.840900 5.276900
v 0.000001 28.633202 7.367000
v 1.283001 28.853899 4.359500
v -1.282999 30.026600 -2.890200
v -1.282998 37.517700 -2.700500
v -1.282999 28.853899 -4.359500
v -1.282998 37.517700 -2.700500
v -1.282998 42.815300 0.000000
v -1.282998 41.380501 -1.979700
v 0.000001 32.840900 -5.276900
v 0.000001 28.633202 -7.367000
v -1.282999 28.853899 -4.359500
v 1.283002 37.517700 -2.700500
v 1.283002 42.815300 0.000000
v -1.282998 37.517700 -2.700500
v 1.283002 37.517700 -2.700500
v 1.283002 43.849998 -3.931800
v 1.283002 41.380501 -1.979700
v 1.283002 42.815300 0.000000
v 1.283002 37.517700 -2.700500
v 1.283002 41.380501 -1.979700
v -1.282996 93.025200 -15.372001
v -1.282996 94.929001 -15.372001
v 1.283004 94.929001 -15.372001
v 1.283004 98.705605 -14.064800
v 1.283004 94.929001 -15.372001
v -1.282996 94.929001 -15.372001
v -1.282996 94.929001 -15.372001
v -1.282996 98.705605 -14.064800
v 1.283004 98.705605 -14.064800
v 1.283004 100.702599 -11.533299
v 1.283004 98.705605 -14.064800
v -1.282996 98.705605 -14.064800
v -1.282996 98.705605 -14.064800
v -1.282996 100.702599 -11.533299
v 1.283004 100.702599 -11.533299
v 1.283005 101.544098 -9.477700
v 1.283004 100.702599 -11.533299
v -1.282996 100.702599 -11.533299
v -1.282996 100.702599 -11.533299
v -1.282996 101.544098 -9.477700
v 1.283005 101.544098 -9.477700
v 1.283005 101.647606 -5.887400
v 1.283005 101.544098 -9.477700
v -1.282996 101.544098 -9.477700
v -1.282996 101.544098 -9.477700
v -1.282996 101.647606 -5.887400
v 1.283005 101.647606 -5.887400
v 0.000004 101.440598 -4.987200
v 1.283005 101.647606 -5.887400
v -1.282996 101.647606 -5.887400
v -1.282996 101.647606 -5.887400
v -1.282996 100.047302 -2.324600
v 0.000004 101.440598 -4.987200
v -1.282999 27.239799 1.669300
v -1.282999 26.688000 0.965700
v 1.283001 27.239799 1.669300
v 1.283001 26.688000 0.965700
v 1.283001 27.239799 1.669300
v -1.282999 26.688000 0.965700
v -1.282999 26.688000 0.965700
v -1.282999 25.767099 0.976100
v 1.283001 26.688000 0.965700
v 1.283001 25.767099 0.976100
v 1.283001 26.688000 0.965700
v -1.282999 25.767099 0.976100
v -1.282999 25.767099 0.976100
v -1.282999 23.111401 2.324600
v 1.283001 25.767099 0.976100
v 1.283001 23.111401 2.324600
v 1.283001 25.767099 0.976100
v -1.282999 23.111401 2.324600
v -1.282999 23.111401 2.324600
v -1.282999 24.104700 5.846000
v 1.283001 23.111401 2.324600
v 1.283001 24.104700 5.846000
v 1.283001 23.111401 2.324600
v -1.282999 24.104700 5.846000
v 1.289900 4.973400 0.000000
v -0.000000 -6.849600 -1.186400
v 0.000000 4.973400 -1.186400
v -1.289900 4.973400 0.000000
v 0.000000 4.973400 -1.186400
v -0.000000 -6.849600 -1.186400
v -0.000000 -6.849600 -1.186400
v -1.289900 -6.849600 0.000000
v -1.289900 4.973400 0.000000
v -0.000000 -6.849600 1.186400
v -1.289900 4.973400 0.000000
v -1.289900 -6.849600 0.000000
v -1.289900 -6.849600 0.000000
v -0.000000 -8.011900 1.907300
v -0.000000 -6.849600 1.186400
v 1.289900 -6.849600 0.000000
v -0.000000 -6.849600 1.186400
v -0.000000 -8.011900 1.907300
v -0.000000 -8.011900 1.907300
v 1.900400 -8.011900 0.000000
v 1.289900 -6.849600 0.000000
v -0.000000 -8.011900 -1.907300
v 1.289900 -6.849600 0.000000
v 1.900400 -8.011900 0.000000
v 0.000001 28.633202 7.367000
v -1.282999 28.853899 4.359500
v 1.283001 28.853899 4.359500
v 1.283001 30.026600 2.890200
v 1.283001 28.853899 4.359500
v -1.282999 28.853899 4.359500
v -1.282999 28.853899 4.359500
v -1.282999 30.026600 2.890200
v 1.283001 30.026600 2.890200
v 1.283002 37.517700 2.700500
v 1.283001 30.026600 2.890200
v -1.282999 30.026600 2.890200
v -1.282999 30.026600 2.890200
v -1.282998 37.517700 2.700500
v 1.283002 37.517700 2.700500
v 1.283002 42.815300 0.000000
v 1.283002 37.517700 2.700500
v -1.282998 37.517700 2.700500
v -1.282998 37.517700 2.700500
v -1.282998 42.815300 0.000000
v 1.283002 42.815300 0.000000
v -1.282998 37.517700 -2.700500
v 1.283002 42.815300 0.000000
v -1.282998 42.815300 0.000000
v -1.289900 4.973400 0.000000
v -0.000000 -6.849600 1.186400
v 0.000000 4.973400 1.186400
v 1.289900 4.973400 0.000000
v 0.000000 4.973400 1.186400
v -0.000000 -6.849600 1.186400
v -0.000000 -6.849600 1.186400
v 1.289900 -6.849600 0.000000
v 1.289900 4.973400 0.000000
v -0.000000 -6.849600 -1.186400
v 1.289900 4.973400 0.000000
v 1.289900 -6.849600 0.000000
v 1.289900 -6.849600 0.000000
v -0.000000 -8.011900 -1.907300
v -0.000000 -6.849600 -1.186400
v -1.289900 -6.849600 0.000000
v -0.000000 -6.849600 -1.186400
v -0.000000 -8.011900 -1.907300
v -0.000000 -8.011900 -1.907300
v -1.900400 -8.011900 0.000000
v -1.289900 -6.849600 0.000000
v -0.000000 -8.011900 1.907300
v -1.289900 -6.849600 0.000000
v -1.900400 -8.011900 0.000000
v 1.283001 27.239799 -1.669300
v 1.283001 26.688000 -0.965700
v -1.282999 26.688000 -0.965700
v -1.282999 25.767099 -0.976100
v -1.282999 26.688000 -0.965700
v 1.283001 26.688000 -0.965700
v 1.283001 26.688000 -0.965700
v 1.283001 25.767099 -0.976100
v -1.282999 25.767099 -0.976100
v -1.282999 23.111401 -2.324600
v -1.282999 25.767099 -0.976100
v 1.283001 25.767099 -0.976100
v 1.283001 25.767099 -0.976100
v 1.283001 23.111401 -2.324600
v -1.282999 23.111401 -2.324600
v -1.282999 24.104700 -5.846000
v -1.282999 23.111401 -2.324600
v 1.283001 23.111401 -2.324600
v 1.283001 23.111401 -2.324600
v 1.283001 24.104700 -5.846000
v -1.282999 24.104700 -5.846000
v 0.000000 6.032200 -1.996900
v 1.283000 8.312000 0.000000
v 1.900400 6.032200 0.000000
v 0.000000 6.032200 1.996900
v 1.900400 6.032200 0.000000
v 1.283000 8.312000 0.000000
v 1.283000 8.312000 0.000000
v 0.000000 8.312000 1.341600
v 0.000000 6.032200 1.996900
v -1.283000 8.312000 0.000000
v 0.000000 6.032200 1.996900
v 0.000000 8.312000 1.341600
v 0.000000 8.312000 1.341600
v 0.000000 10.719300 1.765900
v -1.283000 8.312000 0.000000
v -1.282999 15.496100 3.038500
v -1.283000 8.312000 0.000000
v 0.000000 10.719300 1.765900
v 0.000000 10.719300 1.765900
v 0.000001 15.275399 4.776800
v -1.282999 15.496100 3.038500
v 0.000000 6.032200 1.996900
v -1.283000 8.312000 0.000000
v -1.900400 6.032200 0.000000
v 0.000000 6.032200 -1.996900
v -1.900400 6.032200 0.000000
v -1.283000 8.312000 0.000000
v -1.283000 8.312000 0.000000
v 0.000000 8.312000 -1.341600
v 0.000000 6.032200 -1.996900
v 1.283000 8.312000 0.000000
v 0.000000 6.032200 -1.996900
v 0.000000 8.312000 -1.341600
v 0.000000 8.312000 -1.341600
v 0.000000 10.719300 -1.765900
v 1.283000 8.312000 0.000000
v 1.283001 15.496100 -3.038500
v 1.283000 8.312000 0.000000
v 0.000000 10.719300 -1.765900
v 0.000000 10.719300 -1.765900
v 0.000001 15.275399 -4.776800
v 1.283001 15.496100 -3.038500
v 0.000004 86.513603 -5.049300
v -1.282996 86.310104 -5.887400
v 1.283004 86.310104 -5.887400
v 1.283004 86.413506 -9.477700
v 1.283004 86.310104 -5.887400
v -1.282996 86.310104 -5.887400
v -1.282996 86.310104 -5.887400
v -1.282996 86.413506 -9.477700
v 1.283004 86.413506 -9.477700
v 1.283004 87.255104 -11.533299
v 1.283004 86.413506 -9.477700
v -1.282996 86.413506 -9.477700
v -1.282996 86.413506 -9.477700
v -1.282996 87.255104 -11.533299
v 1.283004 87.255104 -11.533299
v 1.283004 89.251999 -14.064800
v 1.283004 87.255104 -11.533299
v -1.282996 87.255104 -11.533299
v -1.282996 87.255104 -11.533299
v -1.282996 89.251999 -14.064800
v 1.283004 89.251999 -14.064800
v -1.282999 19.017500 -1.872800
v -1.282999 17.434500 -3.459300
v 0.000001 17.624199 -1.907300
v 0.000001 15.575500 -1.483100
v 0.000001 17.624199 -1.907300
v -1.282999 17.434500 -3.459300
v -1.282999 17.434500 -3.459300
v -1.282999 15.496100 -3.038500
v 0.000001 15.575500 -1.483100
v 0.000001 12.199000 0.000000
v 0.000001 15.575500 -1.483100
v -1.282999 15.496100 -3.038500
v -1.282999 15.496100 -3.038500
v -1.283000 8.312000 0.000000
v 0.000001 12.199000 0.000000
v -1.282999 15.496100 3.038500
v 0.000001 12.199000 0.000000
v -1.283000 8.312000 0.000000
v 0.000001 28.633202 7.367000
v 0.000001 32.840900 5.276900
v -1.282999 28.853899 4.359500
v 0.000002 45.477901 5.225200
v -1.282999 28.853899 4.359500
v 0.000001 32.840900 5.276900
v 0.000001 32.840900 5.276900
v 1.283001 28.853899 4.359500
v 0.000002 45.477901 5.225200
v 1.283002 43.849998 3.931800
v 0.000002 45.477901 5.225200
v 1.283001 28.853899 4.359500
v 1.283001 28.853899 4.359500
v 1.283002 37.517700 2.700500
v 1.283002 43.849998 3.931800
v 1.283002 41.380501 1.979700
v 1.283002 43.849998 3.931800
v 1.283002 37.517700 2.700500
v 1.283001 19.017500 1.872800
v 1.283001 17.434500 3.459300
v 0.000001 17.624199 1.907300
v 0.000001 15.575500 1.483100
v 0.000001 17.624199 1.907300
v 1.283001 17.434500 3.459300
v 1.283001 17.434500 3.459300
v 1.283001 15.496100 3.038500
v 0.000001 15.575500 1.483100
v 0.000001 12.199000 0.000000
v 0.000001 15.575500 1.483100
v 1.283001 15.496100 3.038500
v 1.283001 15.496100 3.038500
v 1.283000 8.312000 0.000000
v 0.000001 12.199000 0.000000
v 1.283001 15.496100 -3.038500
v 0.000001 12.199000 0.000000
v 1.283000 8.312000 0.000000
v 0.000001 28.633202 -7.367000
v 0.000001 32.840900 -5.276900
v 1.283001 28.853899 -4.359500
v 0.000002 45.477901 -5.225200
v 1.283001 28.853899 -4.359500
v 0.000001 32.840900 -5.276900
v 0.000001 32.840900 -5.276900
v -1.282999 28.853899 -4.359500
v 0.000002 45.477901 -5.225200
v -1.282998 43.849998 -3.931800
v 0.000002 45.477901 -5.225200
v -1.282999 28.853899 -4.359500
v -1.282999 28.853899 -4.359500
v -1.282998 37.517700 -2.700500
v -1.282998 43.849998 -3.931800
v -1.282998 41.380501 -1.979700
v -1.282998 43.849998 -3.931800
v -1.282998 37.517700 -2.700500
v 1.283001 20.217800 8.515500
v -1.282999 16.586000 6.946200
v 1.283001 16.586000 6.946200
v 1.283001 15.203001 5.349300
v 1.283001 16.586000 6.946200
v -1.282999 16.586000 6.946200
v -1.282999 16.586000 6.946200
v -1.282999 15.203001 5.349300
v 1.283001 15.203001 5.349300
v 1.283001 15.496100 3.038500
v 1.283001 15.203001 5.349300
v -1.282999 15.203001 5.349300
v -1.282999 15.203001 5.349300
v -1.282999 15.496100 3.038500
v 1.283001 15.496100 3.038500
v -1.282999 15.496100 -3.038500
v -1.282999 15.203001 -5.349300
v 1.283001 15.496100 -3.038500
v 1.283001 15.203001 -5.349300
v 1.283001 15.496100 -3.038500
v -1.282999 15.203001 -5.349300
v -1.282999 15.203001 -5.349300
v -1.282999 16.586000 -6.946200
v 1.283001 15.203001 -5.349300
v 1.283001 16.586000 -6.946200
v 1.283001 15.203001 -5.349300
v -1.282999 16.586000 -6.946200
v -1.282999 16.586000 -6.946200
v 1.283001 20.217800 -8.515500
v 1.283001 16.586000 -6.946200
v -1.282999 19.017500 -1.872800
v -1.282999 18.393301 0.000000
v -1.282999 23.111401 -2.324600
v -1.282999 25.767099 -0.976100
v -1.282999 23.111401 -2.324600
v -1.282999 18.393301 0.000000
v -1.282999 18.393301 0.000000
v -1.282999 25.767099 0.976100
v -1.282999 25.767099 -0.976100
v -1.282999 26.688000 -0.965700
v -1.282999 25.767099 -0.976100
v -1.282999 25.767099 0.976100
v -1.282999 25.767099 0.976100
v -1.282999 26.688000 0.965700
v -1.282999 26.688000 -0.965700
v 1.283001 26.688000 0.965700
v 1.283001 25.767099 0.976100
v 1.283001 26.688000 -0.965700
v 1.283001 25.767099 -0.976100
v 1.283001 26.688000 -0.965700
v 1.283001 25.767099 0.976100
v 1.283001 25.767099 0.976100
v 1.283001 18.393301 0.000000
v 1.283001 25.767099 -0.976100
v 1.283001 23.111401 -2.324600
v 1.283001 25.767099 -0.976100
v 1.283001 18.393301 0.000000
v 1.283001 18.393301 0.000000
v 1.283001 19.017500 -1.872800
v 1.283001 23.111401 -2.324600
v -0.000000 -8.946600 -1.407200
v 1.314100 -8.946600 0.000000
v -0.000001 -13.188800 -1.003600
v -0.000001 -15.523701 0.000000
v -0.000001 -13.188800 -1.003600
v 1.314100 -8.946600 0.000000
v 1.314100 -8.946600 0.000000
v -0.000001 -13.188800 1.003600
v -0.000001 -15.523701 0.000000
v -1.314100 -8.946600 0.000000
v -0.000001 -15.523701 0.000000
v -0.000001 -13.188800 1.003600
v -0.000001 -13.188800 1.003600
v -0.000000 -8.946600 1.407200
v -1.314100 -8.946600 0.000000
v -1.282998 37.517700 -2.700500
v -1.282999 30.026600 -2.890200
v 1.283002 37.517700 -2.700500
v 1.283001 30.026600 -2.890200
v 1.283002 37.517700 -2.700500
v -1.282999 30.026600 -2.890200
v -1.282999 30.026600 -2.890200
v -1.282999 28.853899 -4.359500
v 1.283001 30.026600 -2.890200
v 1.283001 28.853899 -4.359500
v 1.283001 30.026600 -2.890200
v -1.282999 28.853899 -4.359500
v -1.282999 28.853899 -4.359500
v 0.000001 28.633202 -7.367000
v 1.283001 28.853899 -4.359500
v -1.282999 23.111401 -2.324600
v -1.282999 20.545401 -5.649400
v -1.282999 19.017500 -1.872800
v -1.282999 17.434500 -3.459300
v -1.282999 19.017500 -1.872800
v -1.282999 20.545401 -5.649400
v -1.282999 20.545401 -5.649400
v -1.282999 16.586000 -6.946200
v -1.282999 17.434500 -3.459300
v -1.282999 15.203001 -5.349300
v -1.282999 17.434500 -3.459300
v -1.282999 16.586000 -6.946200
v 1.283001 23.111401 2.324600
v 1.283001 20.545401 5.649400
v 1.283001 19.017500 1.872800
v 1.283001 17.434500 3.459300
v 1.283001 19.017500 1.872800
v 1.283001 20.545401 5.649400
v 1.283001 20.545401 5.649400
v 1.283001 16.586000 6.946200
v 1.283001 17.434500 3.459300
v 1.283001 15.203001 5.349300
v 1.283001 17.434500 3.459300
v 1.283001 16.586000 6.946200
v 0.000000 6.032200 -1.996900
v -1.289900 4.973400 0.000000
v -1.900400 6.032200 0.000000
v 0.000000 6.032200 1.996900
v -1.900400 6.032200 0.000000
v -1.289900 4.973400 0.000000
v -1.289900 4.973400 0.000000
v 0.000000 4.973400 1.186400
v 0.000000 6.032200 1.996900
v 1.289900 4.973400 0.000000
v 0.000000 6.032200 1.996900
v 0.000000 4.973400 1.186400
v -1.314100 -8.946600 0.000000
v -0.000000 -8.011900 -1.907300
v -0.000000 -8.946600 -1.407200
v 1.314100 -8.946600 0.000000
v -0.000000 -8.946600 -1.407200
v -0.000000 -8.011900 -1.907300
v -0.000000 -8.011900 -1.907300
v 1.900400 -8.011900 0.000000
v 1.314100 -8.946600 0.000000
v -0.000000 -8.011900 1.907300
v 1.314100 -8.946600 0.000000
v 1.900400 -8.011900 0.000000
v -1.289900 4.973400 0.000000
v 0.000000 6.032200 -1.996900
v 0.000000 4.973400 -1.186400
v 1.289900 4.973400 0.000000
v 0.000000 4.973400 -1.186400
v 0.000000 6.032200 -1.996900
v 0.000000 6.032200 -1.996900
v 1.900400 6.032200 0.000000
v 1.289900 4.973400 0.000000
v 0.000000 6.032200 1.996900
v 1.289900 4.973400 0.000000
v 1.900400 6.032200 0.000000
v 1.314100 -8.946600 0.000000
v -0.000000 -8.011900 1.907300
v -0.000000 -8.946600 1.407200
v -1.314100 -8.946600 0.000000
v -0.000000 -8.946600 1.407200
v -0.000000 -8.011900 1.907300
v -0.000000 -8.011900 1.907300
v -1.900400 -8.011900 0.000000
v -1.314100 -8.946600 0.000000
v -0.000000 -8.011900 -1.907300
v -1.314100 -8.946600 0.000000
v -1.900400 -8.011900 0.000000
v 1.283001 20.217800 -8.515500
v 1.283001 20.545401 -5.649400
v 1.283001 16.586000 -6.946200
v 1.283001 17.434500 -3.459300
v 1.283001 16.586000 -6.946200
v 1.283001 20.545401 -5.649400
v 1.283001 20.545401 -5.649400
v 1.283001 19.017500 -1.872800
v 1.283001 17.434500 -3.459300
v -1.282999 20.217800 8.515500
v -1.282999 20.545401 5.649400
v -1.282999 16.586000 6.946200
v -1.282999 17.434500 3.459300
v -1.282999 16.586000 6.946200
v -1.282999 20.545401 5.649400
v -1.282999 20.545401 5.649400
v -1.282999 19.017500 1.872800
v -1.282999 17.434500 3.459300
v 1.283001 27.239799 1.669300
v 1.283002 35.368999 0.000000
v -1.282999 27.239799 1.669300
v -1.282998 35.368999 0.000000
v -1.282999 27.239799 1.669300
v 1.283002 35.368999 0.000000
v 1.283002 35.368999 0.000000
v -1.282999 27.239799 -1.669300
v -1.282998 35.368999 0.000000
v 0.596702 42.815300 0.000000
v 0.000004 100.564598 2.321100
v 0.000002 37.517700 2.700500
v -0.596698 42.815300 0.000000
v 0.000002 37.517700 2.700500
v 0.000004 100.564598 2.321100
v 0.000004 100.564598 2.321100
v 0.000005 105.862198 0.000000
v -0.596698 42.815300 0.000000
v -1.282999 30.026600 2.890200
v -1.282999 28.853899 4.359500
v -1.282998 37.517700 2.700500
v -1.282998 43.849998 3.931800
v -1.282998 37.517700 2.700500
v -1.282999 28.853899 4.359500
v -1.282999 28.853899 4.359500
v 0.000002 45.477901 5.225200
v -1.282998 43.849998 3.931800
v -1.282999 19.017500 -1.872800
v 0.000001 17.624199 -1.907300
v -1.282999 18.393301 0.000000
v 0.000001 17.275801 0.000000
v -1.282999 18.393301 0.000000
v 0.000001 17.624199 -1.907300
v 0.000001 17.624199 -1.907300
v 1.283001 18.393301 0.000000
v 0.000001 17.275801 0.000000
v 0.000001 15.275399 4.776800
v 0.000000 10.719300 1.765900
v 1.283001 15.496100 3.038500
v 1.283000 8.312000 0.000000
v 1.283001 15.496100 3.038500
v 0.000000 10.719300 1.765900
v 0.000000 10.719300 1.765900
v 0.000000 8.312000 1.341600
v 1.283000 8.312000 0.000000
v 0.000001 17.624199 -1.907300
v 0.000001 15.575500 -1.483100
v 1.283001 17.434500 -3.459300
v 1.283001 15.496100 -3.038500
v 1.283001 17.434500 -3.459300
v 0.000001 15.575500 -1.483100
v 0.000001 15.575500 -1.483100
v 0.000001 12.199000 0.000000
v 1.283001 15.496100 -3.038500
v 0.000001 15.275399 -4.776800
v 0.000000 10.719300 -1.765900
v -1.282999 15.496100 -3.038500
v -1.283000 8.312000 0.000000
v -1.282999 15.496100 -3.038500
v 0.000000 10.719300 -1.765900
v 0.000000 10.719300 -1.765900
v 0.000000 8.312000 -1.341600
v -1.283000 8.312000 0.000000
v 1.283001 19.017500 1.872800
v 0.000001 17.624199 1.907300
v 1.283001 18.393301 0.000000
v 0.000001 17.275801 0.000000
v 1.283001 18.393301 0.000000
v 0.000001 17.624199 1.907300
v 0.000001 17.624199 1.907300
v -1.282999 18.393301 0.000000
v 0.000001 17.275801 0.000000
v 0.000001 17.624199 1.907300
v 0.000001 15.575500 1.483100
v -1.282999 17.434500 3.459300
v -1.282999 15.496100 3.038500
v -1.282999 17.434500 3.459300
v 0.000001 15.575500 1.483100
v 0.000001 15.575500 1.483100
v 0.000001 12.199000 0.000000
v -1.282999 15.496100 3.038500
v 0.000001 17.624199 1.907300
v 0.000001 15.434100 0.000000
v 0.000001 17.275801 0.000000
v 0.000001 17.624199 -1.907300
v 0.000001 17.275801 0.000000
v 0.000001 15.434100 0.000000
v 0.000001 15.434100 0.000000
v 0.000001 15.575500 -1.483100
v 0.000001 17.624199 -1.907300
v 1.283001 30.026600 -2.890200
v 1.283001 28.853899 -4.359500
v 1.283002 37.517700 -2.700500
v 1.283002 43.849998 -3.931800
v 1.283002 37.517700 -2.700500
v 1.283001 28.853899 -4.359500
v 1.283001 28.853899 -4.359500
v 0.000002 45.477901 -5.225200
v 1.283002 43.849998 -3.931800
v 0.000004 102.271797 4.983700
v 0.000002 45.477901 5.225200
v 1.283002 43.849998 3.931800
v 0.000002 45.477901 -5.225200
v 0.000004 102.271797 -4.983700
v 1.283002 43.849998 -3.931800
v -0.000000 -7.649800 -14.754600
v 0.000001 17.831100 -16.389400
v -0.000000 -8.011900 -1.907300
v 0.000001 14.154500 -4.024900
v -0.000000 -8.011900 -1.907300
v 0.000001 17.831100 -16.389400
v -0.000000 -8.011900 1.907300
v 0.000001 14.154500 4.024900
v 0.000001 17.831100 16.389400
v 0.000001 17.831100 16.389400
v -0.000000 -7.649800 14.754600
v -0.000000 -8.011900 1.907300
v 1.283001 26.688000 -0.965700
v 1.283001 25.767099 -0.976100
v 1.283001 27.239799 -1.669300
v 0.000001 17.831100 -16.389400
v 0.000001 25.101501 -8.908601
v 0.000001 14.154500 -4.024900
v 0.000001 25.101501 8.908601
v 0.000001 17.831100 16.389400
v 0.000001 14.154500 4.024900
v 0.000001 15.575500 1.483100
v 0.000001 17.624199 1.907300
v 0.000001 15.434100 0.000000
v -0.000000 -7.649800 -14.754600
v -0.000000 -8.011900 -1.907300
v -0.000001 -16.837799 -5.590800
v -0.000001 -13.878600 -2.379800
v -0.000001 -16.837799 -5.590800
v -0.000000 -8.011900 -1.907300
v -0.000000 -8.011900 -1.907300
v -0.000000 -8.946600 -1.407200
v -0.000001 -13.878600 -2.379800
v 0.000001 15.575500 -1.483100
v 0.000001 15.434100 0.000000
v 0.000001 17.624199 -1.907300
v 0.000001 17.275801 0.000000
v 0.000001 17.624199 -1.907300
v 0.000001 15.434100 0.000000
v 0.000001 15.434100 0.000000
v 0.000001 17.624199 1.907300
v 0.000001 17.275801 0.000000
v -0.000000 -8.946600 1.407200
v -0.000000 -8.011900 1.907300
v -0.000001 -13.878600 2.379800
v -0.000001 -16.837799 5.590800
v -0.000001 -13.878600 2.379800
v -0.000000 -8.011900 1.907300
v -0.000000 -8.011900 1.907300
v -0.000000 -7.649800 14.754600
v -0.000001 -16.837799 5.590800
v -1.282996 100.702599 -11.533299
v -1.783095 103.896294 -9.877800
v -1.282996 101.544098 -9.477700
v -1.282996 100.702599 -11.533299
v -1.783095 102.682304 -12.999100
v -1.783095 103.896294 -9.877800
v 1.783102 37.152100 6.635800
v 1.783103 74.821594 3.721400
v 1.783103 61.798401 -1.134700
v 1.783103 74.821594 3.721400
v 1.783102 37.152100 6.635800
v 1.783103 68.065102 7.991200
v 1.783104 103.896294 -9.877800
v 1.283004 100.702599 -11.533299
v 1.283005 101.544098 -9.477700
v 1.783104 102.682304 -12.999100
v 1.283004 100.702599 -11.533299
v 1.783104 103.896294 -9.877800
v 1.783104 85.185699 -13.102600
v 1.783104 83.961304 -9.964000
v 1.283004 87.255104 -11.533299
v 1.283004 86.413506 -9.477700
v 1.283004 87.255104 -11.533299
v 1.783104 83.961304 -9.964000
v 1.783104 92.173302 -17.806900
v 1.283004 93.025200 -15.372001
v 1.783104 95.784302 -17.806900
v 1.283004 93.025200 -15.372001
v 1.283004 94.929001 -15.372001
v 1.783104 95.784302 -17.806900
v -1.282999 30.026600 -2.890200
v -1.282998 37.517700 -2.700500
v -1.282998 35.368999 0.000000
v -1.282999 27.239799 -1.669300
v -1.282999 30.026600 -2.890200
v -1.282998 35.368999 0.000000
v -1.282999 27.239799 1.669300
v -1.282998 35.368999 0.000000
v -1.282999 30.026600 2.890200
v -1.282998 37.517700 2.700500
v -1.282999 30.026600 2.890200
v -1.282998 35.368999 0.000000
v 1.283001 30.026600 -2.890200
v 1.283001 27.239799 -1.669300
v 1.283002 35.368999 0.000000
v 1.283002 37.517700 -2.700500
v 1.283001 30.026600 -2.890200
v 1.283002 35.368999 0.000000
v 1.283001 30.026600 2.890200
v 1.283002 37.517700 2.700500
v 1.283002 35.368999 0.000000
v 1.283002 35.368999 0.000000
v 1.283001 27.239799 1.669300
v 1.283001 30.026600 2.890200
v -1.783097 61.798401 -1.134700
v -1.282996 87.910400 -2.679800
v -1.783097 74.821594 3.721400
v -1.282996 101.544098 -9.477700
v -1.783095 103.896294 -9.877800
v -1.282996 101.647606 -5.887400
v -1.282996 99.109100 -13.554400
v -1.783095 102.682304 -12.999100
v -1.282996 100.702599 -11.533299
v -1.282996 87.255104 -11.533299
v -1.282996 86.413506 -9.477700
v -1.783096 83.961304 -9.964000
v 1.783103 74.821594 3.721400
v 1.783104 89.738297 10.208900
v 1.283004 87.910400 -2.679800
v 1.283004 87.910400 -2.679800
v 1.783104 84.354500 -6.684100
v 1.783103 61.798401 -1.134700
v 1.283004 100.047302 -2.324600
v 1.283004 87.910400 -2.679800
v 1.783104 89.738297 10.208900
v 1.783102 47.192001 -9.674300
v 1.783103 61.798401 -1.134700
v 1.783104 84.354500 -6.684100
v 1.783104 89.738297 10.208900
v 1.783104 103.634201 6.763400
v 1.283004 100.047302 -2.324600
v 1.783101 31.406200 11.526400
v 1.783103 68.065102 7.991200
v 1.783102 37.152100 6.635800
v 1.783104 102.682304 -12.999100
v 1.283004 99.109100 -13.554400
v 1.283004 100.702599 -11.533299
v -1.282999 29.285101 -3.821400
v -1.282999 30.026600 -2.890200
v -1.282999 27.239799 -1.669300
v -1.282999 25.767099 0.976100
v -1.282999 26.688000 0.965700
v -1.282999 27.239799 1.669300
v 1.283001 27.239799 1.669300
v 1.283001 25.767099 0.976100
v 1.283001 23.111401 2.324600
v -1.282998 37.517700 2.700500
v -1.282998 36.389900 0.000000
v -1.282998 40.311398 1.279600
v -1.282999 26.688000 -0.965700
v -1.282999 25.767099 -0.976100
v -1.282999 27.239799 -1.669300
v -1.282999 25.767099 0.976100
v -1.282999 27.239799 1.669300
v -1.282999 23.111401 2.324600
v 1.283001 23.111401 -2.324600
v 1.283001 25.767099 -0.976100
v 1.283001 27.239799 -1.669300
v 1.283002 36.389900 0.000000
v 1.283002 37.517700 2.700500
v 1.283002 40.311398 1.279600
v 1.283005 101.544098 -9.477700
v 1.283005 101.647606 -5.887400
v 1.783104 103.896294 -9.877800
v 1.783104 103.634201 6.763400
v 1.783104 103.896294 -9.877800
v 1.283005 101.647606 -5.887400
v 1.283005 101.647606 -5.887400
v 1.283004 100.047302 -2.324600
v 1.783104 103.634201 6.763400
v -1.282999 29.285101 -3.821400
v -1.282999 27.239799 -1.669300
v -1.282999 23.821899 -4.849200
v -1.282999 23.111401 -2.324600
v -1.282999 23.821899 -4.849200
v -1.282999 27.239799 -1.669300
v -1.282999 27.239799 -1.669300
v -1.282999 25.767099 -0.976100
v -1.282999 23.111401 -2.324600
v -1.282999 23.111401 2.324600
v -1.282999 27.239799 1.669300
v -1.282999 23.821899 4.849200
v -1.282999 29.285101 3.821400
v -1.282999 23.821899 4.849200
v -1.282999 27.239799 1.669300
v -1.282999 27.239799 1.669300
v -1.282999 30.026600 2.890200
v -1.282999 29.285101 3.821400
v -1.282998 40.311398 -1.279600
v -1.282998 36.389900 0.000000
v -1.282998 37.517700 -2.700500
v -1.282998 35.368999 0.000000
v -1.282998 37.517700 -2.700500
v -1.282998 36.389900 0.000000
v -1.282998 36.389900 0.000000
v -1.282998 37.517700 2.700500
v -1.282998 35.368999 0.000000
v 1.283001 23.111401 -2.324600
v 1.283001 27.239799 -1.669300
v 1.283001 23.821899 -4.849200
v 1.283001 29.285101 -3.821400
v 1.283001 23.821899 -4.849200
v 1.283001 27.239799 -1.669300
v 1.283001 27.239799 -1.669300
v 1.283001 30.026600 -2.890200
v 1.283001 29.285101 -3.821400
v 1.283002 37.517700 2.700500
v 1.283002 36.389900 0.000000
v 1.283002 35.368999 0.000000
v 1.283002 37.517700 -2.700500
v 1.283002 35.368999 0.000000
v 1.283002 36.389900 0.000000
v 1.283002 36.389900 0.000000
v 1.283002 40.311398 -1.279600
v 1.283002 37.517700 -2.700500
v 1.283001 30.026600 2.890200
v 1.283001 27.239799 1.669300
v 1.283001 29.285101 3.821400
v 1.283001 23.821899 4.849200
v 1.283001 29.285101 3.821400
v 1.283001 27.239799 1.669300
v 1.283001 27.239799 1.669300
v 1.283001 23.111401 2.324600
v 1.283001 23.821899 4.849200
v 0.000004 102.271797 4.983700
v -1.282996 100.564598 2.321100
v -1.282998 43.849998 3.931800
v 0.000002 45.477901 5.225200
v 0.000004 102.271797 4.983700
v -1.282998 43.849998 3.931800
v -1.282998 43.849998 3.931800
v -1.282996 100.564598 2.321100
v -1.282998 41.380501 1.979700
v -1.282996 100.564598 2.321100
v -1.282998 45.039902 0.000000
v -1.282998 41.380501 1.979700
v 1.283004 100.564598 2.321100
v 1.283002 43.849998 3.931800
v 1.283002 41.380501 1.979700
v 1.283002 45.039902 0.000000
v 1.283004 100.564598 2.321100
v 1.283002 41.380501 1.979700
v 1.283005 105.862198 0.000000
v 1.283004 100.564598 2.321100
v 1.283002 45.039902 0.000000
v 1.283004 100.564598 -2.321100
v 1.283005 105.862198 0.000000
v 1.283002 45.039902 0.000000
v -1.282996 100.564598 -2.321100
v 0.000004 102.271797 -4.983700
v -1.282998 43.849998 -3.931800
v 0.000004 102.271797 -4.983700
v 0.000002 45.477901 -5.225200
v -1.282998 43.849998 -3.931800
v -1.282996 100.564598 -2.321100
v -1.282998 43.849998 -3.931800
v -1.282998 41.380501 -1.979700
v -1.282998 45.039902 0.000000
v -1.282996 100.564598 -2.321100
v -1.282998 41.380501 -1.979700
v 1.283002 43.849998 -3.931800
v 1.283004 100.564598 -2.321100
v 1.283002 41.380501 -1.979700
v 1.283004 100.564598 -2.321100
v 1.283002 45.039902 0.000000
v 1.283002 41.380501 -1.979700
v -1.282996 100.564598 2.321100
v 0.000004 102.271797 4.983700
v -1.282995 105.862198 0.000000
v -1.282996 100.564598 2.321100
v -1.282995 105.862198 0.000000
v -1.282998 45.039902 0.000000
v 1.283004 100.564598 2.321100
v 0.000004 102.271797 4.983700
v 1.283002 43.849998 3.931800
v 0.000004 102.271797 4.983700
v 1.283004 100.564598 2.321100
v 1.283005 105.862198 0.000000
v 0.000004 102.271797 -4.983700
v -1.282996 100.564598 -2.321100
v -1.282995 105.862198 0.000000
v -1.282995 105.862198 0.000000
v -1.282996 100.564598 -2.321100
v -1.282998 45.039902 0.000000
v -1.282995 105.862198 0.000000
v 0.000005 113.011894 0.000000
v 0.000004 102.271797 -4.983700
v 0.000004 102.271797 -4.983700
v 1.283004 100.564598 -2.321100
v 1.283002 43.849998 -3.931800
v 1.283004 100.564598 -2.321100
v 0.000004 102.271797 -4.983700
v 1.283005 105.862198 0.000000
v 0.000004 102.271797 -4.983700
v 0.000005 113.011894 0.000000
v 1.283005 105.862198 0.000000
v 0.000004 102.271797 4.983700
v 1.283005 105.862198 0.000000
v 0.000005 113.011894 0.000000
v 0.000005 113.011894 0.000000
v -1.282995 105.862198 0.000000
v 0.000004 102.271797 4.983700
v -1.783097 74.821594 3.721400
v -1.783098 37.152100 6.635800
v -1.783097 61.798401 -1.134700
v -1.783098 37.152100 6.635800
v -1.783097 74.821594 3.721400
v -1.783097 68.065102 7.991200
v -1.282996 100.047302 -2.324600
v -1.282996 101.647606 -5.887400
v -1.783095 103.634201 6.763400
v -1.783095 103.896294 -9.877800
v -1.783095 103.634201 6.763400
v -1.282996 101.647606 -5.887400
v -1.282996 93.025200 -15.372001
v -1.783096 92.173302 -17.806900
v -1.783096 95.784302 -17.806900
v -1.282996 94.929001 -15.372001
v -1.282996 93.025200 -15.372001
v -1.783096 95.784302 -17.806900
v -1.282998 37.517700 -2.700500
v -1.282999 30.026600 -2.890200
v -1.282998 35.368999 0.000000
v -1.282999 30.026600 -2.890200
v -1.282999 27.239799 -1.669300
v -1.282998 35.368999 0.000000
v -1.282998 35.368999 0.000000
v -1.282999 27.239799 1.669300
v -1.282999 30.026600 2.890200
v -1.282999 30.026600 2.890200
v -1.282998 37.517700 2.700500
v -1.282998 35.368999 0.000000
v 1.283002 37.517700 2.700500
v 1.283001 30.026600 2.890200
v 1.283002 35.368999 0.000000
v 1.283001 27.239799 1.669300
v 1.283002 35.368999 0.000000
v 1.283001 30.026600 2.890200
v 1.283001 30.026600 -2.890200
v 1.283002 37.517700 -2.700500
v 1.283002 35.368999 0.000000
v 1.283001 27.239799 -1.669300
v 1.283001 30.026600 -2.890200
v 1.283002 35.368999 0.000000
v -1.783096 89.738297 10.208900
v -1.783097 74.821594 3.721400
v -1.282996 87.910400 -2.679800
v -1.783096 84.354500 -6.684100
v -1.282996 87.910400 -2.679800
v -1.783097 61.798401 -1.134700
v -1.282996 87.910400 -2.679800
v -1.282996 100.047302 -2.324600
v -1.783096 89.738297 10.208900
v -1.783097 61.798401 -1.134700
v -1.783098 47.192001 -9.674300
v -1.783096 84.354500 -6.684100
v -1.783095 103.634201 6.763400
v -1.783096 89.738297 10.208900
v -1.282996 100.047302 -2.324600
v -1.783097 68.065102 7.991200
v -1.783099 31.406200 11.526400
v -1.783098 37.152100 6.635800
v -1.783096 83.961304 -9.964000
v -1.783096 85.185699 -13.102600
v -1.282996 87.255104 -11.533299
v -1.282999 27.239799 1.669300
v -1.282999 25.767099 0.976100
v -1.282999 23.111401 2.324600
v -1.282998 36.389900 0.000000
v -1.282998 37.517700 2.700500
v -1.282998 40.311398 1.279600
v -1.282999 30.026600 -2.890200
v -1.282999 29.285101 -3.821400
v -1.282999 27.239799 -1.669300
v 1.283002 37.517700 2.700500
v 1.283002 36.389900 0.000000
v 1.283002 40.311398 1.279600
v 1.283001 25.767099 -0.976100
v 1.283001 23.111401 -2.324600
v 1.283001 27.239799 -1.669300
v 1.283001 25.767099 0.976100
v 1.283001 27.239799 1.669300
v 1.283001 23.111401 2.324600
v 1.283001 30.026600 -2.890200
v 1.283001 27.239799 -1.669300
v 1.283001 29.285101 -3.821400
v 1.283001 23.821899 -4.849200
v 1.283001 29.285101 -3.821400
v 1.283001 27.239799 -1.669300
v 1.283001 27.239799 -1.669300
v 1.283001 23.111401 -2.324600
v 1.283001 23.821899 -4.849200
v 1.283002 40.311398 -1.279600
v 1.283002 36.389900 0.000000
v 1.283002 37.517700 -2.700500
v 1.283002 35.368999 0.000000
v 1.283002 37.517700 -2.700500
v 1.283002 36.389900 0.000000
v 1.283002 36.389900 0.000000
v 1.283002 37.517700 2.700500
v 1.283002 35.368999 0.000000
v -1.282999 25.767099 -0.976100
v -1.282999 27.239799 -1.669300
v -1.282999 23.111401 -2.324600
v -1.282999 23.821899 -4.849200
v -1.282999 23.111401 -2.324600
v -1.282999 27.239799 -1.669300
v -1.282999 27.239799 -1.669300
v -1.282999 29.285101 -3.821400
v -1.282999 23.821899 -4.849200
v -1.282998 37.517700 2.700500
v -1.282998 36.389900 0.000000
v -1.282998 35.368999 0.000000
v -1.282998 37.517700 -2.700500
v -1.282998 35.368999 0.000000
v -1.282998 36.389900 0.000000
v -1.282998 36.389900 0.000000
v -1.282998 40.311398 -1.279600
v -1.282998 37.517700 -2.700500
v -1.282999 30.026600 2.890200
v -1.282999 27.239799 1.669300
v -1.282999 29.285101 3.821400
v -1.282999 23.821899 4.849200
v -1.282999 29.285101 3.821400
v -1.282999 27.239799 1.669300
v -1.282999 27.239799 1.669300
v -1.282999 23.111401 2.324600
v -1.282999 23.821899 4.849200
v 1.283001 23.111401 2.324600
v 1.283001 27.239799 1.669300
v 1.283001 23.821899 4.849200
v 1.283001 29.285101 3.821400
v 1.283001 23.821899 4.849200
v 1.283001 27.239799 1.669300
v 1.283001 27.239799 1.669300
v 1.283001 30.026600 2.890200
v 1.283001 29.285101 3.821400
v -1.282996 87.910400 -2.679800
v -1.783097 61.798401 -1.134700
v -1.783097 74.821594 3.721400
v -1.282996 87.910400 -2.679800
v -1.783096 84.354500 -6.684100
v -1.783097 61.798401 -1.134700
v -1.783095 102.682304 -12.999100
v -1.282996 100.702599 -11.533299
v -1.783095 103.896294 -9.877800
v -1.783095 103.896294 -9.877800
v -1.282996 100.702599 -11.533299
v -1.282996 101.544098 -9.477700
v -1.783096 85.185699 -13.102600
v -1.783096 83.961304 -9.964000
v -1.282996 87.255104 -11.533299
v -1.282996 86.413506 -9.477700
v -1.282996 87.255104 -11.533299
v -1.783096 83.961304 -9.964000
v -1.783098 37.152100 6.635800
v -1.783097 74.821594 3.721400
v -1.783097 61.798401 -1.134700
v -1.783097 74.821594 3.721400
v -1.783098 37.152100 6.635800
v -1.783097 68.065102 7.991200
v -1.783096 92.173302 -17.806900
v -1.282996 93.025200 -15.372001
v -1.783096 95.784302 -17.806900
v -1.282996 93.025200 -15.372001
v -1.282996 94.929001 -15.372001
v -1.783096 95.784302 -17.806900
v 1.783103 61.798401 -1.134700
v 1.283004 87.910400 -2.679800
v 1.783103 74.821594 3.721400
v 1.783104 84.354500 -6.684100
v 1.283004 87.910400 -2.679800
v 1.783103 61.798401 -1.134700
v 1.283004 100.702599 -11.533299
v 1.783104 102.682304 -12.999100
v 1.783104 103.896294 -9.877800
v 1.283004 100.702599 -11.533299
v 1.783104 103.896294 -9.877800
v 1.283005 101.544098 -9.477700
v 1.783104 83.961304 -9.964000
v 1.783104 85.185699 -13.102600
v 1.283004 87.255104 -11.533299
v 1.283004 87.255104 -11.533299
v 1.283004 86.413506 -9.477700
v 1.783104 83.961304 -9.964000
v 1.783103 74.821594 3.721400
v 1.783102 37.152100 6.635800
v 1.783103 61.798401 -1.134700
v 1.783102 37.152100 6.635800
v 1.783103 74.821594 3.721400
v 1.783103 68.065102 7.991200
v 1.283004 93.025200 -15.372001
v 1.783104 92.173302 -17.806900
v 1.783104 95.784302 -17.806900
v 1.283004 94.929001 -15.372001
v 1.283004 93.025200 -15.372001
v 1.783104 95.784302 -17.806900
v 0.000001 17.831100 -16.389400
v -0.000000 -7.649800 -14.754600
v -0.000000 -8.011900 -1.907300
v -0.000000 -8.011900 -1.907300
v 0.000001 14.154500 -4.024900
v 0.000001 17.831100 -16.389400
v -0.000001 -16.837799 5.590800
v -0.000000 -8.011900 1.907300
v -0.000001 -13.878600 2.379800
v -0.000000 -8.011900 1.907300
v -0.000000 -8.946600 1.407200
v -0.000001 -13.878600 2.379800
v -1.783095 102.682304 -12.999100
v -1.282996 99.109100 -13.554400
v -1.282996 100.702599 -11.533299
v -1.282996 100.047302 -2.324600
v -1.282996 87.910400 -2.679800
v -1.783096 89.738297 10.208900
v -1.783097 74.821594 3.721400
v -1.783096 89.738297 10.208900
v -1.282996 87.910400 -2.679800
v -1.783096 89.738297 10.208900
v -1.783095 103.634201 6.763400
v -1.282996 100.047302 -2.324600
v -1.783098 47.192001 -9.674300
v -1.783097 61.798401 -1.134700
v -1.783096 84.354500 -6.684100
v -1.783099 31.406200 11.526400
v -1.783097 68.065102 7.991200
v -1.783098 37.152100 6.635800
v 1.283004 99.109100 -13.554400
v 1.783104 102.682304 -12.999100
v 1.283004 100.702599 -11.533299
v 1.283004 87.910400 -2.679800
v 1.283004 100.047302 -2.324600
v 1.783104 89.738297 10.208900
v 1.783104 89.738297 10.208900
v 1.783103 74.821594 3.721400
v 1.283004 87.910400 -2.679800
v 1.783104 103.634201 6.763400
v 1.783104 89.738297 10.208900
v 1.283004 100.047302 -2.324600
v 1.783103 61.798401 -1.134700
v 1.783102 47.192001 -9.674300
v 1.783104 84.354500 -6.684100
v 1.783103 68.065102 7.991200
v 1.783101 31.406200 11.526400
v 1.783102 37.152100 6.635800
v 1.283004 87.910400 -2.679800
v 1.283005 101.647606 -5.887400
v 1.283004 100.047302 -2.324600
v 0.000001 25.101501 -8.908601
v 0.000001 17.831100 -16.389400
v 0.000001 14.154500 -4.024900
v 0.000001 17.831100 16.389400
v 0.000001 25.101501 8.908601
v 0.000001 14.154500 4.024900
v -1.282996 93.025200 -15.372001
v -1.282996 89.251999 -14.064800
v -1.282996 94.929001 -15.372001
v -1.282996 98.705605 -14.064800
v -1.282996 94.929001 -15.372001
v -1.282996 89.251999 -14.064800
v -1.282996 89.251999 -14.064800
v -1.282996 87.255104 -11.533299
v -1.282996 98.705605 -14.064800
v -1.282996 100.702599 -11.533299
v -1.282996 98.705605 -14.064800
v -1.282996 87.255104 -11.533299
v -1.282996 87.255104 -11.533299
v -1.282996 86.413506 -9.477700
v -1.282996 100.702599 -11.533299
v -1.282996 101.544098 -9.477700
v -1.282996 100.702599 -11.533299
v -1.282996 86.413506 -9.477700
v -1.282996 86.413506 -9.477700
v -1.282996 86.310104 -5.887400
v -1.282996 101.544098 -9.477700
v -1.282996 101.647606 -5.887400
v -1.282996 101.544098 -9.477700
v -1.282996 86.310104 -5.887400
v -1.282996 86.310104 -5.887400
v -1.282996 87.910400 -2.679800
v -1.282996 101.647606 -5.887400
v -1.282996 100.047302 -2.324600
v -1.282996 101.647606 -5.887400
v -1.282996 87.910400 -2.679800
v 1.283004 87.910400 -2.679800
v 1.283004 86.310104 -5.887400
v 1.283005 101.647606 -5.887400
v 1.283005 101.544098 -9.477700
v 1.283005 101.647606 -5.887400
v 1.283004 86.310104 -5.887400
v 1.283004 86.310104 -5.887400
v 1.283004 86.413506 -9.477700
v 1.283005 101.544098 -9.477700
v 1.283004 100.702599 -11.533299
v 1.283005 101.544098 -9.477700
v 1.283004 86.413506 -9.477700
v 1.283004 86.413506 -9.477700
v 1.283004 87.255104 -11.533299
v 1.283004 100.702599 -11.533299
v 1.283004 98.705605 -14.064800
v 1.283004 100.702599 -11.533299
v 1.283004 87.255104 -11.533299
v 1.283004 87.255104 -11.533299
v 1.283004 89.251999 -14.064800
v 1.283004 98.705605 -14.064800
v 1.283004 94.929001 -15.372001
v 1.283004 98.705605 -14.064800
v 1.283004 89.251999 -14.064800
v 1.283004 89.251999 -14.064800
v 1.283004 93.025200 -15.372001
v 1.283004 94.929001 -15.372001
v -1.282996 101.544098 -9.477700
v -1.282996 101.647606 -5.887400
v -1.783095 103.896294 -9.877800
v -1.783095 103.634201 6.763400
v -1.783095 103.896294 -9.877800
v -1.282996 101.647606 -5.887400
v -1.282996 101.647606 -5.887400
v -1.282996 100.047302 -2.324600
v -1.783095 103.634201 6.763400
v 1.283004 100.047302 -2.324600
v 1.283005 101.647606 -5.887400
v 1.783104 103.634201 6.763400
v 1.783104 103.896294 -9.877800
v 1.783104 103.634201 6.763400
v 1.283005 101.647606 -5.887400
v 1.283005 101.647606 -5.887400
v 1.283005 101.544098 -9.477700
v 1.783104 103.896294 -9.877800
v -0.000000 -8.946600 -1.407200
v -0.000000 -8.011900 -1.907300
v -0.000001 -13.878600 -2.379800
v -0.000001 -16.837799 -5.590800
v -0.000001 -13.878600 -2.379800
v -0.000000 -8.011900 -1.907300
v -0.000000 -8.011900 -1.907300
v -0.000000 -7.649800 -14.754600
v -0.000001 -16.837799 -5.590800
v 0.000001 14.154500 4.024900
v -0.000000 -8.011900 1.907300
v 0.000001 17.831100 16.389400
v -0.000000 -7.649800 14.754600
v 0.000001 17.831100 16.389400
v -0.000000 -8.011900 1.907300
v -0.000000 -8.011900 1.907300
v -0.000001 -16.837799 5.590800
v -0.000000 -7.649800 14.754600
vt 0.714074 0.466597
vt 0.714074 0.986282
vt 0.997539 0.466597
vt 0.714074 0.986282
vt 0.997539 0.986282
vt 0.997539 0.466597
vt 0.714074 0.986282
vt 0.714074 0.466597
vt 0.997539 0.466597
vt 0.997539 0.986282
vt 0.714074 0.986282
vt 0.997539 0.466597
vt 0.007874 0.011873
vt 0.165354 0.011873
vt 0.007874 0.043369
vt 0.007874 0.043369
vt 0.165354 0.011873
vt 0.007874 0.114235
vt 0.409449 0.815023
vt 0.401575 0.641794
vt 0.480315 0.704786
vt 0.488189 0.854393
vt 0.409449 0.815023
vt 0.480315 0.704786
vt 0.488189 0.854393
vt 0.409449 0.815023
vt 0.480315 0.704786
vt 0.409449 0.815023
vt 0.401575 0.641794
vt 0.480315 0.704786
vt 0.401575 0.641794
vt 0.362205 0.610299
vt 0.409449 0.815023
vt 0.362205 0.610299
vt 0.377953 0.933133
vt 0.409449 0.815023
vt 0.165354 0.011873
vt 0.007874 0.011873
vt 0.007874 0.043369
vt 0.165354 0.011873
vt 0.007874 0.043369
vt 0.007874 0.114235
vt 1.000000 0.563054
vt 0.960630 0.563054
vt 1.000000 0.500062
vt 0.960630 0.563054
vt 0.960630 0.500062
vt 1.000000 0.500062
vt 1.000000 0.602425
vt 0.960630 0.602425
vt 1.000000 0.570928
vt 0.960630 0.602425
vt 0.960630 0.570928
vt 1.000000 0.570928
vt 0.960630 0.563054
vt 1.000000 0.563054
vt 1.000000 0.500062
vt 0.960630 0.500062
vt 0.960630 0.563054
vt 1.000000 0.500062
vt 0.960630 0.570928
vt 0.960630 0.602425
vt 1.000000 0.570928
vt 0.960630 0.602425
vt 1.000000 0.602425
vt 1.000000 0.570928
vt 0.362205 0.610299
vt 0.401575 0.641794
vt 0.409449 0.815023
vt 0.377953 0.933133
vt 0.362205 0.610299
vt 0.409449 0.815023
vt 0.299213 0.098487
vt 0.401575 0.098487
vt 0.393701 -0.003875
vt 0.299213 0.098487
vt 0.393701 -0.003875
vt 0.299213 -0.003875
vt 0.527559 0.027621
vt 0.527559 0.035495
vt 0.511811 0.035495
vt 0.527559 0.035495
vt 0.527559 0.027621
vt 0.511811 0.035495
vt 0.401575 0.098487
vt 0.299213 0.098487
vt 0.393701 -0.003875
vt 0.299213 0.098487
vt 0.299213 -0.003875
vt 0.393701 -0.003875
vt 1.007874 0.752030
vt 0.952756 0.752030
vt 1.007874 0.791402
vt 0.952756 0.791402
vt 1.007874 0.791402
vt 0.952756 0.752030
vt 0.370079 0.389826
vt 0.354331 0.421322
vt 0.385827 0.547306
vt 0.354331 0.421322
vt 0.370079 0.389826
vt 0.385827 0.547306
vt 0.417323 0.555180
vt 0.417323 0.452818
vt 0.393701 0.452818
vt 0.417323 0.452818
vt 0.417323 0.555180
vt 0.393701 0.452818
vt 0.385827 0.547306
vt 0.354331 0.421322
vt 0.346457 0.563054
vt 0.354331 0.421322
vt 0.330709 0.350456
vt 0.346457 0.563054
vt 0.370079 0.389826
vt 0.354331 0.421322
vt 0.385827 0.547306
vt 0.354331 0.421322
vt 0.370079 0.389826
vt 0.385827 0.547306
vt 0.417323 0.452818
vt 0.417323 0.555180
vt 0.393701 0.452818
vt 0.417323 0.555180
vt 0.417323 0.452818
vt 0.393701 0.452818
vt 0.165354 0.011873
vt 0.007874 0.011873
vt 0.007874 0.043369
vt 0.409449 0.815023
vt 0.488189 0.854393
vt 0.480315 0.704786
vt 0.480315 0.704786
vt 0.543307 0.696912
vt 0.511811 0.539432
vt 0.007874 0.011873
vt 0.165354 0.011873
vt 0.007874 0.043369
vt 0.409449 0.815023
vt 0.488189 0.854393
vt 0.480315 0.704786
vt 0.480315 0.704786
vt 0.543307 0.696912
vt 0.511811 0.539432
vt 0.960630 0.728408
vt 0.960630 0.696912
vt 1.000000 0.696912
vt 1.000000 0.673290
vt 0.960630 0.673290
vt 1.000000 0.665416
vt 0.960630 0.563054
vt 1.000000 0.563054
vt 1.000000 0.500062
vt 1.000000 0.563054
vt 0.960630 0.563054
vt 1.000000 0.500062
vt 0.480315 0.484315
vt 0.511811 0.539432
vt 0.440945 0.570928
vt 0.425197 0.492188
vt 0.480315 0.484315
vt 0.440945 0.570928
vt 0.425197 0.492188
vt 0.440945 0.570928
vt 0.480315 0.484315
vt 0.480315 0.484315
vt 0.511811 0.539432
vt 0.440945 0.570928
vt 0.425197 0.492188
vt 0.440945 0.570928
vt 0.480315 0.484315
vt 0.425197 0.492188
vt 0.480315 0.484315
vt 0.440945 0.570928
vt 0.299213 0.098487
vt 0.401575 0.098487
vt 0.393701 -0.003875
vt 0.850394 0.389826
vt 0.464567 0.358330
vt 0.661417 0.507936
vt 1.007874 0.893763
vt 0.984252 0.933133
vt 1.007874 0.964629
vt 0.952756 0.767779
vt 0.952756 0.752030
vt 1.007874 0.752030
vt 1.007874 0.893763
vt 0.976378 0.925259
vt 1.007874 0.964629
vt 1.007874 0.893763
vt 1.007874 0.964629
vt 0.976378 0.925259
vt 0.897638 0.476440
vt 0.921260 0.712660
vt 0.889764 0.618172
vt 0.393701 0.452818
vt 0.393701 0.602425
vt 0.417323 0.555180
vt 0.377953 0.933133
vt 0.377953 0.980377
vt 0.393701 0.980377
vt 0.377953 0.980377
vt 0.377953 0.933133
vt 0.393701 0.980377
vt 0.519685 0.027621
vt 0.519685 0.051243
vt 0.527559 0.051243
vt 0.385827 0.547306
vt 0.354331 0.421322
vt 0.346457 0.563054
vt 0.401575 0.933133
vt 0.433071 0.925259
vt 0.425197 0.996125
vt 0.401575 0.870142
vt 0.433071 0.925259
vt 0.401575 0.933133
vt 0.377953 0.933133
vt 0.377953 0.980377
vt 0.393701 0.980377
vt 0.433071 0.925259
vt 0.464567 0.909511
vt 0.464567 0.862267
vt 0.401575 0.870142
vt 0.433071 0.925259
vt 0.401575 0.933133
vt 0.401575 0.933133
vt 0.433071 0.925259
vt 0.425197 0.996125
vt 0.519685 0.051243
vt 0.519685 0.027621
vt 0.527559 0.051243
vt 0.897638 0.216597
vt 0.897638 0.476440
vt 0.921260 0.161479
vt 0.393701 0.602425
vt 0.393701 0.452818
vt 0.417323 0.555180
vt 0.944882 0.311086
vt 0.968504 0.169353
vt 0.921260 0.161479
vt 0.897638 0.216597
vt 0.897638 0.476440
vt 0.921260 0.161479
vt 0.393701 0.602425
vt 0.393701 0.452818
vt 0.417323 0.555180
vt 0.944882 0.311086
vt 0.968504 0.169353
vt 0.921260 0.161479
vt 0.842520 0.263842
vt 0.842520 0.232345
vt 0.889764 0.263842
vt 0.897638 0.476440
vt 0.921260 0.712660
vt 0.889764 0.618172
vt 0.393701 0.452818
vt 0.393701 0.602425
vt 0.417323 0.555180
vt 1.007874 0.752030
vt 1.007874 0.767779
vt 0.952756 0.767779
vt 0.952756 0.807149
vt 0.952756 0.767779
vt 1.007874 0.767779
vt 1.007874 0.767779
vt 1.007874 0.807149
vt 0.952756 0.807149
vt 0.952756 0.846519
vt 0.952756 0.807149
vt 1.007874 0.807149
vt 1.007874 0.807149
vt 1.007874 0.846519
vt 0.952756 0.846519
vt 0.952756 0.870142
vt 0.952756 0.846519
vt 1.007874 0.846519
vt 1.007874 0.846519
vt 1.007874 0.870142
vt 0.952756 0.870142
vt 0.952756 0.893763
vt 0.952756 0.870142
vt 1.007874 0.870142
vt 1.007874 0.870142
vt 1.007874 0.893763
vt 0.952756 0.893763
vt 0.984252 0.933133
vt 0.952756 0.893763
vt 1.007874 0.893763
vt 1.007874 0.893763
vt 1.007874 0.964629
vt 0.984252 0.933133
vt 1.000000 0.673290
vt 1.000000 0.665416
vt 0.960630 0.673290
vt 0.960630 0.665416
vt 0.960630 0.673290
vt 1.000000 0.665416
vt 1.000000 0.665416
vt 1.000000 0.665416
vt 0.960630 0.665416
vt 0.960630 0.665416
vt 0.960630 0.665416
vt 1.000000 0.665416
vt 1.000000 0.665416
vt 1.000000 0.649668
vt 0.960630 0.665416
vt 0.960630 0.649668
vt 0.960630 0.665416
vt 1.000000 0.649668
vt 1.000000 0.649668
vt 1.000000 0.626046
vt 0.960630 0.649668
vt 0.960630 0.626046
vt 0.960630 0.649668
vt 1.000000 0.626046
vt 0.551181 0.885889
vt 0.598425 0.988251
vt 0.551181 0.988251
vt 0.551181 0.885889
vt 0.551181 0.988251
vt 0.598425 0.988251
vt 0.598425 0.988251
vt 0.598425 0.885889
vt 0.551181 0.885889
vt 0.598425 0.988251
vt 0.551181 0.885889
vt 0.598425 0.885889
vt 0.598425 0.885889
vt 0.622047 0.988251
vt 0.598425 0.988251
vt 0.598425 0.885889
vt 0.598425 0.988251
vt 0.622047 0.988251
vt 0.622047 0.988251
vt 0.622047 0.885889
vt 0.598425 0.885889
vt 0.622047 0.988251
vt 0.598425 0.885889
vt 0.622047 0.885889
vt 0.866142 0.421322
vt 0.889764 0.334708
vt 0.842520 0.334708
vt 0.842520 0.287464
vt 0.842520 0.334708
vt 0.889764 0.334708
vt 0.889764 0.334708
vt 0.889764 0.287464
vt 0.842520 0.287464
vt 0.842520 0.263842
vt 0.842520 0.287464
vt 0.889764 0.287464
vt 0.889764 0.287464
vt 0.889764 0.263842
vt 0.842520 0.263842
vt 0.842520 0.232345
vt 0.842520 0.263842
vt 0.889764 0.263842
vt 0.889764 0.263842
vt 0.889764 0.232345
vt 0.842520 0.232345
vt 0.889764 0.263842
vt 0.842520 0.232345
vt 0.889764 0.232345
vt 0.551181 0.885889
vt 0.598425 0.988251
vt 0.551181 0.988251
vt 0.551181 0.885889
vt 0.551181 0.988251
vt 0.598425 0.988251
vt 0.598425 0.988251
vt 0.598425 0.885889
vt 0.551181 0.885889
vt 0.598425 0.988251
vt 0.551181 0.885889
vt 0.598425 0.885889
vt 0.598425 0.885889
vt 0.622047 0.988251
vt 0.598425 0.988251
vt 0.598425 0.885889
vt 0.598425 0.988251
vt 0.622047 0.988251
vt 0.622047 0.988251
vt 0.622047 0.885889
vt 0.598425 0.885889
vt 0.622047 0.988251
vt 0.598425 0.885889
vt 0.622047 0.885889
vt 0.960630 0.673290
vt 0.960630 0.665416
vt 1.000000 0.665416
vt 1.000000 0.665416
vt 1.000000 0.665416
vt 0.960630 0.665416
vt 0.960630 0.665416
vt 0.960630 0.665416
vt 1.000000 0.665416
vt 1.000000 0.649668
vt 1.000000 0.665416
vt 0.960630 0.665416
vt 0.960630 0.665416
vt 0.960630 0.649668
vt 1.000000 0.649668
vt 1.000000 0.626046
vt 1.000000 0.649668
vt 0.960630 0.649668
vt 0.960630 0.649668
vt 0.960630 0.626046
vt 1.000000 0.626046
vt 0.968504 0.248093
vt 1.000000 0.295338
vt 1.000000 0.248093
vt 0.968504 0.248093
vt 1.000000 0.248093
vt 1.000000 0.295338
vt 1.000000 0.295338
vt 0.968504 0.295338
vt 0.968504 0.248093
vt 1.000000 0.295338
vt 0.968504 0.248093
vt 0.968504 0.295338
vt 0.968504 0.295338
vt 0.968504 0.326834
vt 1.000000 0.295338
vt 1.000000 0.421322
vt 1.000000 0.295338
vt 0.968504 0.326834
vt 0.968504 0.326834
vt 0.968504 0.421322
vt 1.000000 0.421322
vt 0.968504 0.248093
vt 1.000000 0.295338
vt 1.000000 0.248093
vt 0.968504 0.248093
vt 1.000000 0.248093
vt 1.000000 0.295338
vt 1.000000 0.295338
vt 0.968504 0.295338
vt 0.968504 0.248093
vt 1.000000 0.295338
vt 0.968504 0.248093
vt 0.968504 0.295338
vt 0.968504 0.295338
vt 0.968504 0.326834
vt 1.000000 0.295338
vt 1.000000 0.421322
vt 1.000000 0.295338
vt 0.968504 0.326834
vt 0.968504 0.326834
vt 0.968504 0.421322
vt 1.000000 0.421322
vt 0.984252 0.933133
vt 1.007874 0.893763
vt 0.952756 0.893763
vt 0.952756 0.862267
vt 0.952756 0.893763
vt 1.007874 0.893763
vt 1.007874 0.893763
vt 1.007874 0.862267
vt 0.952756 0.862267
vt 0.952756 0.838645
vt 0.952756 0.862267
vt 1.007874 0.862267
vt 1.007874 0.862267
vt 1.007874 0.838645
vt 0.952756 0.838645
vt 0.952756 0.791402
vt 0.952756 0.838645
vt 1.007874 0.838645
vt 1.007874 0.838645
vt 1.007874 0.791402
vt 0.952756 0.791402
vt 0.401575 0.933133
vt 0.425197 0.996125
vt 0.433071 0.925259
vt 0.456693 0.941007
vt 0.433071 0.925259
vt 0.425197 0.996125
vt 0.425197 0.996125
vt 0.448819 0.996125
vt 0.456693 0.941007
vt 0.503937 0.941007
vt 0.456693 0.941007
vt 0.448819 0.996125
vt 0.448819 0.996125
vt 0.543307 0.996125
vt 0.503937 0.941007
vt 0.448819 0.996125
vt 0.503937 0.941007
vt 0.543307 0.996125
vt 0.968504 0.169353
vt 0.944882 0.311086
vt 0.921260 0.161479
vt 0.944882 0.767779
vt 0.921260 0.161479
vt 0.944882 0.311086
vt 0.944882 0.311086
vt 0.921260 0.161479
vt 0.944882 0.767779
vt 0.921260 0.712660
vt 0.944882 0.767779
vt 0.921260 0.161479
vt 0.921260 0.161479
vt 0.897638 0.476440
vt 0.921260 0.712660
vt 0.889764 0.618172
vt 0.921260 0.712660
vt 0.897638 0.476440
vt 0.401575 0.933133
vt 0.425197 0.996125
vt 0.433071 0.925259
vt 0.456693 0.941007
vt 0.433071 0.925259
vt 0.425197 0.996125
vt 0.425197 0.996125
vt 0.448819 0.996125
vt 0.456693 0.941007
vt 0.503937 0.941007
vt 0.456693 0.941007
vt 0.448819 0.996125
vt 0.448819 0.996125
vt 0.543307 0.996125
vt 0.503937 0.941007
vt 0.448819 0.996125
vt 0.503937 0.941007
vt 0.543307 0.996125
vt 0.968504 0.169353
vt 0.944882 0.311086
vt 0.921260 0.161479
vt 0.944882 0.767779
vt 0.921260 0.161479
vt 0.944882 0.311086
vt 0.944882 0.311086
vt 0.921260 0.161479
vt 0.944882 0.767779
vt 0.921260 0.712660
vt 0.944882 0.767779
vt 0.921260 0.161479
vt 0.921260 0.161479
vt 0.897638 0.476440
vt 0.921260 0.712660
vt 0.889764 0.618172
vt 0.921260 0.712660
vt 0.897638 0.476440
vt 0.960630 0.563054
vt 1.000000 0.500062
vt 0.960630 0.500062
vt 0.960630 0.468566
vt 0.960630 0.500062
vt 1.000000 0.500062
vt 1.000000 0.500062
vt 1.000000 0.468566
vt 0.960630 0.468566
vt 0.960630 0.437070
vt 0.960630 0.468566
vt 1.000000 0.468566
vt 1.000000 0.468566
vt 1.000000 0.437070
vt 0.960630 0.437070
vt 1.000000 0.437070
vt 1.000000 0.468566
vt 0.960630 0.437070
vt 0.960630 0.468566
vt 0.960630 0.437070
vt 1.000000 0.468566
vt 1.000000 0.468566
vt 1.000000 0.500062
vt 0.960630 0.468566
vt 0.960630 0.500062
vt 0.960630 0.468566
vt 1.000000 0.500062
vt 1.000000 0.500062
vt 0.960630 0.563054
vt 0.960630 0.500062
vt 0.401575 0.641794
vt 0.362205 0.610299
vt 0.409449 0.815023
vt 0.377953 0.933133
vt 0.409449 0.815023
vt 0.362205 0.610299
vt 0.362205 0.610299
vt 0.346457 0.933133
vt 0.377953 0.933133
vt 0.377953 0.980377
vt 0.377953 0.933133
vt 0.346457 0.933133
vt 0.346457 0.933133
vt 0.346457 0.980377
vt 0.377953 0.980377
vt 0.346457 0.980377
vt 0.346457 0.933133
vt 0.377953 0.980377
vt 0.377953 0.933133
vt 0.377953 0.980377
vt 0.346457 0.933133
vt 0.346457 0.933133
vt 0.362205 0.610299
vt 0.377953 0.933133
vt 0.409449 0.815023
vt 0.377953 0.933133
vt 0.362205 0.610299
vt 0.362205 0.610299
vt 0.401575 0.641794
vt 0.409449 0.815023
vt 0.385827 0.547306
vt 0.346457 0.563054
vt 0.354331 0.421322
vt 0.330709 0.350456
vt 0.354331 0.421322
vt 0.346457 0.563054
vt 0.346457 0.563054
vt 0.354331 0.421322
vt 0.330709 0.350456
vt 0.346457 0.563054
vt 0.330709 0.350456
vt 0.354331 0.421322
vt 0.354331 0.421322
vt 0.385827 0.547306
vt 0.346457 0.563054
vt 0.889764 0.263842
vt 0.889764 0.287464
vt 0.842520 0.263842
vt 0.842520 0.287464
vt 0.842520 0.263842
vt 0.889764 0.287464
vt 0.889764 0.287464
vt 0.889764 0.334708
vt 0.842520 0.287464
vt 0.842520 0.334708
vt 0.842520 0.287464
vt 0.889764 0.334708
vt 0.889764 0.334708
vt 0.866142 0.421322
vt 0.842520 0.334708
vt 0.409449 0.815023
vt 0.480315 0.704786
vt 0.401575 0.641794
vt 0.440945 0.570928
vt 0.401575 0.641794
vt 0.480315 0.704786
vt 0.480315 0.704786
vt 0.511811 0.539432
vt 0.440945 0.570928
vt 0.480315 0.484315
vt 0.440945 0.570928
vt 0.511811 0.539432
vt 0.409449 0.815023
vt 0.480315 0.704786
vt 0.401575 0.641794
vt 0.440945 0.570928
vt 0.401575 0.641794
vt 0.480315 0.704786
vt 0.480315 0.704786
vt 0.511811 0.539432
vt 0.440945 0.570928
vt 0.480315 0.484315
vt 0.440945 0.570928
vt 0.511811 0.539432
vt 0.007874 0.799275
vt 0.039370 0.736282
vt 0.039370 0.799275
vt 0.007874 0.799275
vt 0.039370 0.799275
vt 0.039370 0.736282
vt 0.039370 0.736282
vt 0.007874 0.736282
vt 0.007874 0.799275
vt 0.039370 0.736282
vt 0.007874 0.799275
vt 0.007874 0.736282
vt 0.039370 0.736282
vt 0.007874 0.799275
vt 0.007874 0.736282
vt 0.039370 0.736282
vt 0.007874 0.736282
vt 0.007874 0.799275
vt 0.007874 0.799275
vt 0.039370 0.799275
vt 0.039370 0.736282
vt 0.007874 0.799275
vt 0.039370 0.736282
vt 0.039370 0.799275
vt 0.039370 0.736282
vt 0.007874 0.799275
vt 0.007874 0.736282
vt 0.039370 0.736282
vt 0.007874 0.736282
vt 0.007874 0.799275
vt 0.007874 0.799275
vt 0.039370 0.799275
vt 0.039370 0.736282
vt 0.007874 0.799275
vt 0.039370 0.736282
vt 0.039370 0.799275
vt 0.039370 0.736282
vt 0.007874 0.799275
vt 0.007874 0.736282
vt 0.039370 0.736282
vt 0.007874 0.736282
vt 0.007874 0.799275
vt 0.007874 0.799275
vt 0.039370 0.799275
vt 0.039370 0.736282
vt 0.007874 0.799275
vt 0.039370 0.736282
vt 0.039370 0.799275
vt 0.543307 0.696912
vt 0.480315 0.704786
vt 0.511811 0.539432
vt 0.440945 0.570928
vt 0.511811 0.539432
vt 0.480315 0.704786
vt 0.480315 0.704786
vt 0.401575 0.641794
vt 0.440945 0.570928
vt 0.543307 0.696912
vt 0.480315 0.704786
vt 0.511811 0.539432
vt 0.440945 0.570928
vt 0.511811 0.539432
vt 0.480315 0.704786
vt 0.480315 0.704786
vt 0.401575 0.641794
vt 0.440945 0.570928
vt 0.960630 0.696912
vt 0.960630 0.728408
vt 1.000000 0.696912
vt 1.000000 0.728408
vt 1.000000 0.696912
vt 0.960630 0.728408
vt 0.960630 0.728408
vt 1.000000 0.696912
vt 1.000000 0.728408
vt 0.299213 0.098487
vt 0.393701 -0.003875
vt 0.299213 -0.003875
vt 0.299213 0.098487
vt 0.299213 -0.003875
vt 0.393701 -0.003875
vt 0.393701 -0.003875
vt 0.401575 0.098487
vt 0.299213 0.098487
vt 0.897638 0.216597
vt 0.921260 0.161479
vt 0.897638 0.476440
vt 0.921260 0.712660
vt 0.897638 0.476440
vt 0.921260 0.161479
vt 0.921260 0.161479
vt 0.944882 0.767779
vt 0.921260 0.712660
vt 0.401575 0.933133
vt 0.433071 0.925259
vt 0.401575 0.870142
vt 0.433071 0.862267
vt 0.401575 0.870142
vt 0.433071 0.925259
vt 0.433071 0.925259
vt 0.401575 0.870142
vt 0.433071 0.862267
vt 0.968504 0.421322
vt 0.968504 0.326834
vt 1.000000 0.421322
vt 1.000000 0.295338
vt 1.000000 0.421322
vt 0.968504 0.326834
vt 0.968504 0.326834
vt 0.968504 0.295338
vt 1.000000 0.295338
vt 0.433071 0.925259
vt 0.456693 0.941007
vt 0.425197 0.996125
vt 0.448819 0.996125
vt 0.425197 0.996125
vt 0.456693 0.941007
vt 0.456693 0.941007
vt 0.503937 0.941007
vt 0.448819 0.996125
vt 0.968504 0.421322
vt 0.968504 0.326834
vt 1.000000 0.421322
vt 1.000000 0.295338
vt 1.000000 0.421322
vt 0.968504 0.326834
vt 0.968504 0.326834
vt 0.968504 0.295338
vt 1.000000 0.295338
vt 0.401575 0.933133
vt 0.433071 0.925259
vt 0.401575 0.870142
vt 0.433071 0.862267
vt 0.401575 0.870142
vt 0.433071 0.925259
vt 0.433071 0.925259
vt 0.401575 0.870142
vt 0.433071 0.862267
vt 0.433071 0.925259
vt 0.456693 0.941007
vt 0.425197 0.996125
vt 0.448819 0.996125
vt 0.425197 0.996125
vt 0.456693 0.941007
vt 0.456693 0.941007
vt 0.503937 0.941007
vt 0.448819 0.996125
vt 0.433071 0.925259
vt 0.464567 0.862267
vt 0.433071 0.862267
vt 0.433071 0.925259
vt 0.433071 0.862267
vt 0.464567 0.862267
vt 0.464567 0.862267
vt 0.464567 0.909511
vt 0.433071 0.925259
vt 0.897638 0.216597
vt 0.921260 0.161479
vt 0.897638 0.476440
vt 0.921260 0.712660
vt 0.897638 0.476440
vt 0.921260 0.161479
vt 0.921260 0.161479
vt 0.944882 0.767779
vt 0.921260 0.712660
vt 0.677165 0.893763
vt 0.629921 0.893763
vt 0.629921 0.925259
vt 0.629921 0.893763
vt 0.677165 0.893763
vt 0.629921 0.925259
vt 0.590551 0.783527
vt 0.850394 0.988251
vt 0.629921 0.523685
vt 0.850394 0.712660
vt 0.629921 0.523685
vt 0.850394 0.988251
vt 0.629921 0.523685
vt 0.850394 0.712660
vt 0.850394 0.988251
vt 0.850394 0.988251
vt 0.590551 0.783527
vt 0.629921 0.523685
vt 0.377953 0.980377
vt 0.377953 0.933133
vt 0.393701 0.980377
vt 0.850394 0.988251
vt 0.944882 0.885889
vt 0.850394 0.712660
vt 0.944882 0.885889
vt 0.850394 0.988251
vt 0.850394 0.712660
vt 0.464567 0.909511
vt 0.433071 0.925259
vt 0.464567 0.862267
vt 0.590551 0.783527
vt 0.629921 0.523685
vt 0.527559 0.539432
vt 0.574803 0.492188
vt 0.527559 0.539432
vt 0.629921 0.523685
vt 0.629921 0.523685
vt 0.622047 0.507936
vt 0.574803 0.492188
vt 0.464567 0.909511
vt 0.464567 0.862267
vt 0.433071 0.925259
vt 0.433071 0.862267
vt 0.433071 0.925259
vt 0.464567 0.862267
vt 0.464567 0.862267
vt 0.433071 0.925259
vt 0.433071 0.862267
vt 0.622047 0.507936
vt 0.629921 0.523685
vt 0.574803 0.492188
vt 0.527559 0.539432
vt 0.574803 0.492188
vt 0.629921 0.523685
vt 0.629921 0.523685
vt 0.590551 0.783527
vt 0.527559 0.539432
vt 0.551181 0.712660
vt 0.503937 0.885889
vt 0.503937 0.736282
vt 0.551181 0.712660
vt 0.590551 0.838645
vt 0.503937 0.885889
vt 0.480315 0.106361
vt 1.007874 0.090613
vt 0.811024 0.232345
vt 1.007874 0.090613
vt 0.480315 0.106361
vt 0.913386 0.011873
vt 0.503937 0.885889
vt 0.551181 0.712660
vt 0.503937 0.736282
vt 0.590551 0.838645
vt 0.551181 0.712660
vt 0.503937 0.885889
vt 0.590551 0.838645
vt 0.503937 0.885889
vt 0.551181 0.712660
vt 0.503937 0.736282
vt 0.551181 0.712660
vt 0.503937 0.885889
vt 0.503937 0.885889
vt 0.503937 0.736282
vt 0.590551 0.838645
vt 0.503937 0.736282
vt 0.551181 0.712660
vt 0.590551 0.838645
vt 0.448819 0.374078
vt 0.322835 0.169353
vt 0.322835 0.303212
vt 0.472441 0.460692
vt 0.448819 0.374078
vt 0.322835 0.303212
vt 0.472441 0.460692
vt 0.322835 0.303212
vt 0.448819 0.374078
vt 0.322835 0.169353
vt 0.448819 0.374078
vt 0.322835 0.303212
vt 0.448819 0.374078
vt 0.472441 0.460692
vt 0.322835 0.303212
vt 0.322835 0.169353
vt 0.448819 0.374078
vt 0.322835 0.303212
vt 0.448819 0.374078
vt 0.322835 0.169353
vt 0.322835 0.303212
vt 0.322835 0.303212
vt 0.472441 0.460692
vt 0.448819 0.374078
vt 0.464567 0.358330
vt 0.850394 0.389826
vt 0.661417 0.507936
vt 0.047244 0.712660
vt 0.000000 0.712660
vt 0.055118 0.570928
vt 0.535433 0.051243
vt 0.511811 0.035495
vt 0.527559 0.027621
vt 0.551181 0.712660
vt 0.503937 0.736282
vt 0.503937 0.885889
vt 0.661417 0.507936
vt 0.881890 0.712660
vt 0.850394 0.389826
vt 0.850394 0.389826
vt 0.803150 0.263842
vt 0.464567 0.358330
vt 0.094488 0.437070
vt 0.330709 0.476440
vt 0.275591 0.011873
vt 0.299213 0.114235
vt 0.464567 0.358330
vt 0.803150 0.263842
vt 0.275591 0.011873
vt 0.031496 0.114235
vt 0.094488 0.437070
vt 0.401575 0.011873
vt 0.913386 0.011873
vt 0.480315 0.106361
vt 0.511811 0.035495
vt 0.535433 0.051243
vt 0.527559 0.027621
vt 0.102362 0.996125
vt 0.110236 0.972503
vt 0.070866 0.917385
vt 0.519685 0.051243
vt 0.519685 0.027621
vt 0.527559 0.051243
vt 0.070866 0.917385
vt 0.055118 0.885889
vt 0.007874 0.909511
vt 0.944882 0.901637
vt 0.984252 0.996125
vt 0.881890 0.996125
vt 0.519685 0.027621
vt 0.519685 0.051243
vt 0.527559 0.051243
vt 0.055118 0.885889
vt 0.070866 0.917385
vt 0.007874 0.909511
vt 0.007874 0.909511
vt 0.055118 0.885889
vt 0.070866 0.917385
vt 0.984252 0.996125
vt 0.944882 0.901637
vt 0.881890 0.996125
vt 0.047244 0.712660
vt 0.055118 0.570928
vt 0.000000 0.712660
vt 0.031496 0.114235
vt 0.000000 0.712660
vt 0.055118 0.570928
vt 0.055118 0.570928
vt 0.094488 0.437070
vt 0.031496 0.114235
vt 0.102362 0.996125
vt 0.070866 0.917385
vt 0.007874 0.996125
vt 0.007874 0.909511
vt 0.007874 0.996125
vt 0.070866 0.917385
vt 0.070866 0.917385
vt 0.055118 0.885889
vt 0.007874 0.909511
vt 0.007874 0.909511
vt 0.070866 0.917385
vt 0.007874 0.996125
vt 0.102362 0.996125
vt 0.007874 0.996125
vt 0.070866 0.917385
vt 0.070866 0.917385
vt 0.110236 0.972503
vt 0.102362 0.996125
vt 0.881890 0.996125
vt 0.984252 0.996125
vt 0.944882 0.901637
vt 1.007874 0.980377
vt 0.944882 0.901637
vt 0.984252 0.996125
vt 0.984252 0.996125
vt 0.944882 0.901637
vt 1.007874 0.980377
vt 0.007874 0.909511
vt 0.070866 0.917385
vt 0.007874 0.996125
vt 0.102362 0.996125
vt 0.007874 0.996125
vt 0.070866 0.917385
vt 0.070866 0.917385
vt 0.110236 0.972503
vt 0.102362 0.996125
vt 0.944882 0.901637
vt 0.984252 0.996125
vt 1.007874 0.980377
vt 0.944882 0.901637
vt 1.007874 0.980377
vt 0.984252 0.996125
vt 0.984252 0.996125
vt 0.881890 0.996125
vt 0.944882 0.901637
vt 0.110236 0.972503
vt 0.070866 0.917385
vt 0.102362 0.996125
vt 0.007874 0.996125
vt 0.102362 0.996125
vt 0.070866 0.917385
vt 0.070866 0.917385
vt 0.007874 0.909511
vt 0.007874 0.996125
vt 0.677165 0.893763
vt 0.669291 0.948881
vt 0.629921 0.925259
vt 0.629921 0.893763
vt 0.677165 0.893763
vt 0.629921 0.925259
vt 0.629921 0.925259
vt 0.669291 0.948881
vt 0.629921 0.956755
vt 0.669291 0.948881
vt 0.629921 0.996125
vt 0.629921 0.956755
vt 0.669291 0.948881
vt 0.629921 0.925259
vt 0.629921 0.956755
vt 0.629921 0.996125
vt 0.669291 0.948881
vt 0.629921 0.956755
vt 0.724409 0.996125
vt 0.669291 0.948881
vt 0.629921 0.996125
vt 0.669291 0.948881
vt 0.724409 0.996125
vt 0.629921 0.996125
vt 0.669291 0.948881
vt 0.677165 0.893763
vt 0.629921 0.925259
vt 0.677165 0.893763
vt 0.629921 0.893763
vt 0.629921 0.925259
vt 0.669291 0.948881
vt 0.629921 0.925259
vt 0.629921 0.956755
vt 0.629921 0.996125
vt 0.669291 0.948881
vt 0.629921 0.956755
vt 0.629921 0.925259
vt 0.669291 0.948881
vt 0.629921 0.956755
vt 0.669291 0.948881
vt 0.629921 0.996125
vt 0.629921 0.956755
vt 0.669291 0.948881
vt 0.677165 0.893763
vt 0.724409 0.996125
vt 0.669291 0.948881
vt 0.724409 0.996125
vt 0.629921 0.996125
vt 0.669291 0.948881
vt 0.677165 0.893763
vt 0.629921 0.925259
vt 0.677165 0.893763
vt 0.669291 0.948881
vt 0.724409 0.996125
vt 0.677165 0.893763
vt 0.669291 0.948881
vt 0.724409 0.996125
vt 0.724409 0.996125
vt 0.669291 0.948881
vt 0.629921 0.996125
vt 0.724409 0.996125
vt 0.834646 0.996125
vt 0.677165 0.893763
vt 0.677165 0.893763
vt 0.669291 0.948881
vt 0.629921 0.925259
vt 0.669291 0.948881
vt 0.677165 0.893763
vt 0.724409 0.996125
vt 0.677165 0.893763
vt 0.834646 0.996125
vt 0.724409 0.996125
vt 0.677165 0.893763
vt 0.724409 0.996125
vt 0.834646 0.996125
vt 0.834646 0.996125
vt 0.724409 0.996125
vt 0.677165 0.893763
vt 1.007874 0.090613
vt 0.480315 0.106361
vt 0.811024 0.232345
vt 0.480315 0.106361
vt 1.007874 0.090613
vt 0.913386 0.011873
vt 0.094488 0.437070
vt 0.055118 0.570928
vt 0.031496 0.114235
vt 0.000000 0.712660
vt 0.031496 0.114235
vt 0.055118 0.570928
vt 0.503937 0.736282
vt 0.503937 0.885889
vt 0.590551 0.838645
vt 0.551181 0.712660
vt 0.503937 0.736282
vt 0.590551 0.838645
vt 0.322835 0.169353
vt 0.448819 0.374078
vt 0.322835 0.303212
vt 0.448819 0.374078
vt 0.472441 0.460692
vt 0.322835 0.303212
vt 0.322835 0.303212
vt 0.472441 0.460692
vt 0.448819 0.374078
vt 0.448819 0.374078
vt 0.322835 0.169353
vt 0.322835 0.303212
vt 0.322835 0.169353
vt 0.448819 0.374078
vt 0.322835 0.303212
vt 0.472441 0.460692
vt 0.322835 0.303212
vt 0.448819 0.374078
vt 0.448819 0.374078
vt 0.322835 0.169353
vt 0.322835 0.303212
vt 0.472441 0.460692
vt 0.448819 0.374078
vt 0.322835 0.303212
vt 0.881890 0.712660
vt 0.661417 0.507936
vt 0.850394 0.389826
vt 0.803150 0.263842
vt 0.850394 0.389826
vt 0.464567 0.358330
vt 0.330709 0.476440
vt 0.094488 0.437070
vt 0.275591 0.011873
vt 0.464567 0.358330
vt 0.299213 0.114235
vt 0.803150 0.263842
vt 0.031496 0.114235
vt 0.275591 0.011873
vt 0.094488 0.437070
vt 0.913386 0.011873
vt 0.401575 0.011873
vt 0.480315 0.106361
vt 0.503937 0.885889
vt 0.590551 0.838645
vt 0.551181 0.712660
vt 0.070866 0.917385
vt 0.055118 0.885889
vt 0.007874 0.909511
vt 0.984252 0.996125
vt 0.944882 0.901637
vt 0.881890 0.996125
vt 0.110236 0.972503
vt 0.102362 0.996125
vt 0.070866 0.917385
vt 0.944882 0.901637
vt 0.984252 0.996125
vt 0.881890 0.996125
vt 0.055118 0.885889
vt 0.007874 0.909511
vt 0.070866 0.917385
vt 0.055118 0.885889
vt 0.070866 0.917385
vt 0.007874 0.909511
vt 0.110236 0.972503
vt 0.070866 0.917385
vt 0.102362 0.996125
vt 0.007874 0.996125
vt 0.102362 0.996125
vt 0.070866 0.917385
vt 0.070866 0.917385
vt 0.007874 0.909511
vt 0.007874 0.996125
vt 0.881890 0.996125
vt 0.984252 0.996125
vt 0.944882 0.901637
vt 1.007874 0.980377
vt 0.944882 0.901637
vt 0.984252 0.996125
vt 0.984252 0.996125
vt 0.944882 0.901637
vt 1.007874 0.980377
vt 0.055118 0.885889
vt 0.070866 0.917385
vt 0.007874 0.909511
vt 0.007874 0.996125
vt 0.007874 0.909511
vt 0.070866 0.917385
vt 0.070866 0.917385
vt 0.102362 0.996125
vt 0.007874 0.996125
vt 0.944882 0.901637
vt 0.984252 0.996125
vt 1.007874 0.980377
vt 0.944882 0.901637
vt 1.007874 0.980377
vt 0.984252 0.996125
vt 0.984252 0.996125
vt 0.881890 0.996125
vt 0.944882 0.901637
vt 0.110236 0.972503
vt 0.070866 0.917385
vt 0.102362 0.996125
vt 0.007874 0.996125
vt 0.102362 0.996125
vt 0.070866 0.917385
vt 0.070866 0.917385
vt 0.007874 0.909511
vt 0.007874 0.996125
vt 0.007874 0.909511
vt 0.070866 0.917385
vt 0.007874 0.996125
vt 0.102362 0.996125
vt 0.007874 0.996125
vt 0.070866 0.917385
vt 0.070866 0.917385
vt 0.110236 0.972503
vt 0.102362 0.996125
vt 0.850394 0.389826
vt 0.464567 0.358330
vt 0.661417 0.507936
vt 0.850394 0.389826
vt 0.803150 0.263842
vt 0.464567 0.358330
vt 0.590551 0.838645
vt 0.551181 0.712660
vt 0.503937 0.885889
vt 0.503937 0.885889
vt 0.551181 0.712660
vt 0.503937 0.736282
vt 0.590551 0.838645
vt 0.503937 0.885889
vt 0.551181 0.712660
vt 0.503937 0.736282
vt 0.551181 0.712660
vt 0.503937 0.885889
vt 0.480315 0.106361
vt 1.007874 0.090613
vt 0.811024 0.232345
vt 1.007874 0.090613
vt 0.480315 0.106361
vt 0.913386 0.011873
vt 0.503937 0.885889
vt 0.503937 0.736282
vt 0.590551 0.838645
vt 0.503937 0.736282
vt 0.551181 0.712660
vt 0.590551 0.838645
vt 0.464567 0.358330
vt 0.850394 0.389826
vt 0.661417 0.507936
vt 0.803150 0.263842
vt 0.850394 0.389826
vt 0.464567 0.358330
vt 0.551181 0.712660
vt 0.590551 0.838645
vt 0.503937 0.885889
vt 0.551181 0.712660
vt 0.503937 0.885889
vt 0.503937 0.736282
vt 0.503937 0.885889
vt 0.590551 0.838645
vt 0.551181 0.712660
vt 0.551181 0.712660
vt 0.503937 0.736282
vt 0.503937 0.885889
vt 1.007874 0.090613
vt 0.480315 0.106361
vt 0.811024 0.232345
vt 0.480315 0.106361
vt 1.007874 0.090613
vt 0.913386 0.011873
vt 0.503937 0.736282
vt 0.503937 0.885889
vt 0.590551 0.838645
vt 0.551181 0.712660
vt 0.503937 0.736282
vt 0.590551 0.838645
vt 0.850394 0.988251
vt 0.590551 0.783527
vt 0.629921 0.523685
vt 0.629921 0.523685
vt 0.850394 0.712660
vt 0.850394 0.988251
vt 0.527559 0.539432
vt 0.629921 0.523685
vt 0.574803 0.492188
vt 0.629921 0.523685
vt 0.622047 0.507936
vt 0.574803 0.492188
vt 0.511811 0.035495
vt 0.535433 0.051243
vt 0.527559 0.027621
vt 0.094488 0.437070
vt 0.330709 0.476440
vt 0.275591 0.011873
vt 0.661417 0.507936
vt 0.881890 0.712660
vt 0.850394 0.389826
vt 0.275591 0.011873
vt 0.031496 0.114235
vt 0.094488 0.437070
vt 0.299213 0.114235
vt 0.464567 0.358330
vt 0.803150 0.263842
vt 0.401575 0.011873
vt 0.913386 0.011873
vt 0.480315 0.106361
vt 0.535433 0.051243
vt 0.511811 0.035495
vt 0.527559 0.027621
vt 0.330709 0.476440
vt 0.094488 0.437070
vt 0.275591 0.011873
vt 0.881890 0.712660
vt 0.661417 0.507936
vt 0.850394 0.389826
vt 0.031496 0.114235
vt 0.275591 0.011873
vt 0.094488 0.437070
vt 0.464567 0.358330
vt 0.299213 0.114235
vt 0.803150 0.263842
vt 0.913386 0.011873
vt 0.401575 0.011873
vt 0.480315 0.106361
vt 0.330709 0.476440
vt 0.055118 0.570928
vt 0.094488 0.437070
vt 0.944882 0.885889
vt 0.850394 0.988251
vt 0.850394 0.712660
vt 0.850394 0.988251
vt 0.944882 0.885889
vt 0.850394 0.712660
vt 0.204724 0.972503
vt 0.283465 0.933133
vt 0.165354 0.964629
vt 0.094488 0.901637
vt 0.165354 0.964629
vt 0.283465 0.933133
vt 0.283465 0.933133
vt 0.322835 0.846519
vt 0.094488 0.901637
vt 0.062992 0.791402
vt 0.094488 0.901637
vt 0.322835 0.846519
vt 0.322835 0.846519
vt 0.346457 0.767779
vt 0.062992 0.791402
vt 0.047244 0.712660
vt 0.062992 0.791402
vt 0.346457 0.767779
vt 0.346457 0.767779
vt 0.354331 0.626046
vt 0.047244 0.712660
vt 0.055118 0.570928
vt 0.047244 0.712660
vt 0.354331 0.626046
vt 0.354331 0.626046
vt 0.330709 0.476440
vt 0.055118 0.570928
vt 0.094488 0.437070
vt 0.055118 0.570928
vt 0.330709 0.476440
vt 0.330709 0.476440
vt 0.354331 0.626046
vt 0.055118 0.570928
vt 0.047244 0.712660
vt 0.055118 0.570928
vt 0.354331 0.626046
vt 0.354331 0.626046
vt 0.346457 0.767779
vt 0.047244 0.712660
vt 0.062992 0.791402
vt 0.047244 0.712660
vt 0.346457 0.767779
vt 0.346457 0.767779
vt 0.322835 0.846519
vt 0.062992 0.791402
vt 0.094488 0.901637
vt 0.062992 0.791402
vt 0.322835 0.846519
vt 0.322835 0.846519
vt 0.283465 0.933133
vt 0.094488 0.901637
vt 0.165354 0.964629
vt 0.094488 0.901637
vt 0.283465 0.933133
vt 0.283465 0.933133
vt 0.204724 0.972503
vt 0.165354 0.964629
vt 0.047244 0.712660
vt 0.055118 0.570928
vt 0.000000 0.712660
vt 0.031496 0.114235
vt 0.000000 0.712660
vt 0.055118 0.570928
vt 0.055118 0.570928
vt 0.094488 0.437070
vt 0.031496 0.114235
vt 0.094488 0.437070
vt 0.055118 0.570928
vt 0.031496 0.114235
vt 0.000000 0.712660
vt 0.031496 0.114235
vt 0.055118 0.570928
vt 0.055118 0.570928
vt 0.047244 0.712660
vt 0.000000 0.712660
vt 0.622047 0.507936
vt 0.629921 0.523685
vt 0.574803 0.492188
vt 0.527559 0.539432
vt 0.574803 0.492188
vt 0.629921 0.523685
vt 0.629921 0.523685
vt 0.590551 0.783527
vt 0.527559 0.539432
vt 0.850394 0.712660
vt 0.629921 0.523685
vt 0.850394 0.988251
vt 0.590551 0.783527
vt 0.850394 0.988251
vt 0.629921 0.523685
vt 0.629921 0.523685
vt 0.527559 0.539432
vt 0.590551 0.783527
vn -1.0000 0.0000 0.0000
vn 1.0000 -0.0000 0.0000
vn 0.0000 -0.0552 -0.9985
vn 0.0000 0.9935 -0.1136
vn 0.0000 -0.0552 0.9985
vn 0.0000 0.9935 0.1136
vn -0.9997 0.0095 -0.0216
vn -0.9759 0.0013 -0.2182
vn 0.0000 -0.4542 -0.8909
vn 0.0000 -0.4542 0.8909
vn 0.9997 0.0095 -0.0216
vn 0.9759 0.0013 -0.2182
vn 0.0000 -0.3274 -0.9449
vn -0.7293 -0.0648 -0.6811
vn -0.8923 -0.1783 -0.4148
vn 0.0000 0.2011 -0.9796
vn 0.0000 -0.7869 -0.6171
vn 0.0000 -0.3967 0.9180
vn 0.0000 -0.3967 -0.9180
vn 0.9997 0.0095 0.0216
vn -0.9989 -0.0165 0.0443
vn -0.1480 -0.8850 0.4415
vn 0.0000 0.0000 -1.0000
vn 0.1389 0.9034 0.4058
vn 0.1480 -0.8850 0.4415
vn 0.7293 -0.0648 0.6811
vn 0.5999 -0.5664 0.5651
vn 0.7204 -0.6580 -0.2193
vn -0.7204 -0.6580 0.2193
vn -0.5999 -0.5664 -0.5651
vn 0.8964 0.1971 0.3969
vn -0.8964 0.1971 -0.3969
vn 0.0000 0.3271 -0.9450
vn 0.0000 0.7851 -0.6193
vn 0.0000 0.9255 -0.3789
vn 0.0000 0.9255 -0.3788
vn 0.0000 0.9996 -0.0288
vn 0.0000 0.9746 0.2241
vn -0.1389 0.9034 0.4058
vn 0.0000 -0.7869 0.6171
vn 0.0000 0.0113 0.9999
vn 0.0000 0.4528 0.8916
vn 0.0000 0.9624 -0.2715
vn 0.6770 -0.0000 -0.7360
vn -0.6770 0.0000 -0.7360
vn -0.6770 0.0000 0.7360
vn -0.6158 0.4153 0.6696
vn 0.6158 0.4153 0.6696
vn 0.6639 0.3487 0.6615
vn 0.6639 0.3487 -0.6615
vn 0.0000 -0.9973 -0.0732
vn 0.0000 -0.7816 -0.6238
vn 0.0000 -0.0253 -0.9997
vn 0.6770 -0.0000 0.7360
vn 0.6158 0.4153 -0.6696
vn -0.6158 0.4153 -0.6696
vn -0.6639 0.3487 -0.6615
vn -0.6639 0.3487 0.6615
vn 0.0000 0.0113 -0.9999
vn 0.0000 0.4528 -0.8916
vn 0.0000 0.9624 0.2715
vn 0.7108 0.1925 -0.6765
vn 0.7108 0.1925 0.6765
vn 0.7089 0.1949 0.6779
vn -0.7089 0.1949 0.6779
vn -0.7174 -0.1209 0.6861
vn -0.4729 -0.3432 0.8115
vn -0.7747 -0.3486 0.5275
vn -0.7108 0.1925 0.6765
vn -0.7108 0.1925 -0.6765
vn -0.7089 0.1949 -0.6779
vn 0.7089 0.1949 -0.6779
vn 0.7174 -0.1209 -0.6861
vn 0.4729 -0.3432 -0.8115
vn 0.7747 -0.3486 -0.5275
vn 0.0000 -0.9718 0.2359
vn 0.0000 -0.9996 -0.0288
vn 0.0000 -0.9254 -0.3789
vn 0.0000 -0.7851 -0.6193
vn -0.5999 -0.5664 0.5651
vn -0.7720 0.1289 0.6224
vn -0.7677 0.1360 0.6263
vn -0.7503 0.2659 0.6053
vn -0.7629 0.2518 0.5954
vn -0.7629 0.2518 -0.5954
vn -0.8964 0.1971 0.3969
vn -0.5884 0.0033 0.8085
vn 0.5884 0.0033 0.8085
vn 0.7221 0.0197 0.6915
vn 0.5999 -0.5664 -0.5651
vn 0.7720 0.1289 -0.6224
vn 0.7677 0.1360 -0.6263
vn 0.7503 0.2659 -0.6053
vn 0.7629 0.2518 -0.5954
vn 0.7629 0.2518 0.5954
vn 0.8964 0.1971 -0.3969
vn 0.5884 0.0033 -0.8085
vn -0.5884 0.0033 -0.8085
vn -0.7221 0.0197 -0.6915
vn 0.0000 -0.7559 0.6547
vn 0.0000 -0.9921 -0.1258
vn 0.0000 -0.9921 0.1258
vn 0.0000 -0.7559 -0.6547
vn 0.7293 -0.0648 -0.6811
vn 0.8923 -0.1783 -0.4148
vn 0.8923 -0.1783 0.4148
vn -0.8923 -0.1783 0.4148
vn -0.7293 -0.0648 0.6811
vn 0.0000 -0.0253 0.9997
vn 0.0000 -0.7816 0.6238
vn 0.0000 -0.9973 0.0732
vn -0.6684 -0.3854 -0.6361
vn -0.6684 -0.3854 0.6361
vn -0.5898 -0.4909 0.6412
vn 0.5898 -0.4909 0.6412
vn -0.6865 -0.3430 -0.6411
vn 0.6865 -0.3430 -0.6411
vn 0.6474 -0.4061 -0.6450
vn 0.6474 -0.4061 0.6450
vn -0.5898 -0.4909 -0.6412
vn 0.5898 -0.4909 -0.6412
vn 0.6684 -0.3854 -0.6361
vn 0.6684 -0.3854 0.6361
vn 0.6865 -0.3430 0.6411
vn -0.6865 -0.3430 0.6411
vn -0.6474 -0.4061 0.6450
vn -0.6474 -0.4061 -0.6450
vn 0.0000 0.2011 0.9796
vn 0.9759 0.0013 0.2182
vn -0.9759 0.0013 0.2182
vn -0.9997 0.0095 0.0216
vn -0.7221 0.0197 0.6915
vn -0.7204 -0.6580 -0.2193
vn -0.6507 -0.7470 -0.1365
vn 0.6507 -0.7470 -0.1365
vn 0.7747 -0.3486 0.5275
vn 0.4729 -0.3432 0.8115
vn 0.7174 -0.1209 0.6861
vn 0.7720 0.1289 0.6224
vn 0.7677 0.1360 0.6263
vn 0.7503 0.2659 0.6053
vn -0.7747 -0.3486 -0.5275
vn -0.4729 -0.3432 -0.8115
vn -0.7174 -0.1209 -0.6861
vn 0.7204 -0.6580 0.2193
vn 0.6507 -0.7470 0.1365
vn -0.6507 -0.7470 0.1365
vn -0.7720 0.1289 -0.6224
vn -0.7677 0.1360 -0.6263
vn -0.7503 0.2659 -0.6053
vn 0.7221 0.0197 -0.6915
vn 0.7118 0.0030 0.7023
vn 0.7118 0.0030 -0.7023
vn 0.9777 0.1943 -0.0796
vn 0.9786 0.1919 -0.0746
vn -0.9777 0.1943 -0.0796
vn -0.9786 0.1919 -0.0746
vn -0.9805 -0.1829 -0.0713
vn -0.9799 -0.1848 -0.0757
vn -0.9796 0.0000 -0.2012
vn 0.9989 -0.0165 0.0443
vn 0.9783 0.2070 -0.0060
vn 0.9800 0.1563 -0.1232
vn 0.9799 -0.1848 -0.0757
vn -0.9990 -0.0180 0.0413
vn -0.9945 -0.0251 -0.1019
vn -0.9992 -0.0011 0.0389
vn -0.9987 0.0124 0.0501
vn -0.9800 0.1563 -0.1232
vn -0.9783 0.2070 -0.0060
vn -0.9748 0.2230 0.0035
vn -0.9975 0.0650 0.0292
vn -0.9038 0.0121 0.4277
vn -0.7118 0.0030 0.7023
vn -0.9038 0.0121 -0.4277
vn -0.7118 0.0030 -0.7023
vn -0.9250 0.1525 0.3480
vn 0.9038 0.0121 0.4277
vn 0.9250 0.1525 0.3480
vn -0.9250 0.1525 -0.3480
vn -0.9199 0.1651 -0.3557
vn 0.9038 0.0121 -0.4277
vn 0.9250 0.1525 -0.3480
vn 0.9199 0.1651 -0.3557
vn 0.9199 0.1651 0.3557
vn -0.9199 0.1651 0.3557
vn 0.9975 0.0650 0.0292
vn 0.9748 0.2230 0.0035
vn 0.9796 0.0000 -0.2012
vn 0.9990 -0.0180 0.0413
vn 0.9945 -0.0251 -0.1019
vn 0.9992 -0.0011 0.0389
vn 0.9987 0.0124 0.0501
vn 0.9805 -0.1829 -0.0713
vn -0.9989 0.0165 -0.0443
vn -0.9945 0.0251 0.1019
vn -0.9786 -0.1919 0.0746
vn -0.9777 -0.1943 0.0796
vn -0.9805 0.1829 0.0713
vn -0.9799 0.1848 0.0757
vn -0.9796 0.0000 0.2012
vn 0.9989 0.0165 -0.0443
vn 0.9945 0.0251 0.1019
vn 0.9786 -0.1919 0.0746
vn 0.9777 -0.1943 0.0796
vn 0.9805 0.1829 0.0713
vn 0.9799 0.1848 0.0757
vn 0.9796 0.0000 0.2012
vn -0.9800 -0.1563 0.1232
vn -0.9992 0.0011 -0.0389
vn -0.9990 0.0180 -0.0413
vn -0.9987 -0.0124 -0.0501
vn 0.9800 -0.1563 0.1232
vn 0.9992 0.0011 -0.0389
vn 0.9990 0.0180 -0.0413
vn 0.9987 -0.0124 -0.0501
vn -0.9783 -0.2070 0.0060
vn -0.9748 -0.2230 -0.0035
vn -0.9975 -0.0650 -0.0292
vn 0.9975 -0.0650 -0.0292
vn 0.9748 -0.2230 -0.0035
vn 0.9783 -0.2070 0.0060
o base
usemtl Brush.054
f 1/1/1 2/2/1 3/3/1
f 4/4/1 5/5/1 6/6/1
f 7/7/2 8/8/2 9/9/2
f 10/10/2 11/11/2 12/12/2
usemtl Brush.055
f 13/13/2 14/14/2 15/15/2
f 16/16/2 17/17/2 18/18/2
f 19/19/1 20/20/1 21/21/1
f 22/22/1 23/23/1 24/24/1
f 25/25/2 26/26/2 27/27/2
f 28/28/2 29/29/2 30/30/2
f 31/31/2 32/32/2 33/33/2
f 34/34/2 35/35/2 36/36/2
f 37/37/1 38/38/1 39/39/1
f 40/40/1 41/41/1 42/42/1
f 43/43/3 44/44/3 45/45/3
f 46/46/3 47/47/3 48/48/3
f 49/49/4 50/50/4 51/51/4
f 52/52/4 53/53/4 54/54/4
f 55/55/5 56/56/5 57/57/5
f 58/58/5 59/59/5 60/60/5
f 61/61/6 62/62/6 63/63/6
f 64/64/6 65/65/6 66/66/6
f 67/67/1 68/68/1 69/69/1
f 70/70/1 71/71/1 72/72/1
f 73/73/7 74/74/7 75/75/7
f 76/76/8 77/77/8 78/78/8
f 79/79/9 80/80/9 81/81/9
f 82/82/10 83/83/10 84/84/10
f 85/85/11 86/86/11 87/87/11
f 88/88/12 89/89/12 90/90/12
f 91/91/13 92/92/13 93/93/13
f 94/94/13 95/95/13 96/96/13
f 97/97/1 98/98/1 99/99/1
f 100/100/2 101/101/2 102/102/2
f 103/103/1 104/104/1 105/105/1
f 106/106/1 107/107/1 108/108/1
f 109/109/14 110/110/14 111/111/14
f 112/112/15 113/113/15 114/114/15
f 115/115/2 116/116/2 117/117/2
f 118/118/1 119/119/1 120/120/1
f 121/121/2 122/122/2 123/123/2
f 124/124/2 125/125/2 126/126/2
f 127/127/2 128/128/2 129/129/2
f 130/130/2 131/131/2 132/132/2
f 133/133/2 134/134/2 135/135/2
f 136/136/1 137/137/1 138/138/1
f 139/139/1 140/140/1 141/141/1
f 142/142/1 143/143/1 144/144/1
f 145/145/16 146/146/16 147/147/16
f 148/148/17 149/149/17 150/150/17
f 151/151/18 152/152/18 153/153/18
f 154/154/19 155/155/19 156/156/19
f 157/157/1 158/158/1 159/159/1
f 160/160/1 161/161/1 162/162/1
f 163/163/1 164/164/1 165/165/1
f 166/166/2 167/167/2 168/168/2
f 169/169/2 170/170/2 171/171/2
f 172/172/2 173/173/2 174/174/2
f 175/175/20 176/176/20 177/177/20
f 178/178/21 179/179/21 180/180/21
f 181/181/22 182/182/22 183/183/22
f 184/184/23 185/185/23 186/186/23
f 187/187/24 188/188/24 189/189/24
f 190/190/25 191/191/25 192/192/25
f 193/193/1 194/194/1 195/195/1
f 196/196/1 197/197/1 198/198/1
f 199/199/1 200/200/1 201/201/1
f 202/202/1 203/203/1 204/204/1
f 205/205/1 206/206/1 207/207/1
f 208/208/26 209/209/26 210/210/26
f 211/211/27 212/212/27 213/213/27
f 214/214/28 215/215/28 216/216/28
f 217/217/2 218/218/2 219/219/2
f 220/220/2 221/221/2 222/222/2
f 223/223/29 224/224/29 225/225/29
f 226/226/30 227/227/30 228/228/30
f 229/229/1 230/230/1 231/231/1
f 232/232/2 233/233/2 234/234/2
f 235/235/2 236/236/2 237/237/2
f 238/238/31 239/239/31 240/240/31
f 241/241/1 242/242/1 243/243/1
f 244/244/1 245/245/1 246/246/1
f 247/247/32 248/248/32 249/249/32
f 250/250/10 251/251/10 252/252/10
f 253/253/2 254/254/2 255/255/2
f 256/256/2 257/257/2 258/258/2
f 259/259/23 260/260/23 261/261/23
f 262/262/33 263/263/33 264/264/33
f 265/265/33 266/266/33 267/267/33
f 268/268/34 269/269/34 270/270/34
f 271/271/34 272/272/34 273/273/34
f 274/274/35 275/275/35 276/276/35
f 277/277/36 278/278/36 279/279/36
f 280/280/37 281/281/37 282/282/37
f 283/283/37 284/284/37 285/285/37
f 286/286/38 287/287/38 288/288/38
f 289/289/39 290/290/39 291/291/39
f 292/292/40 293/293/40 294/294/40
f 295/295/40 296/296/40 297/297/40
f 298/298/41 299/299/41 300/300/41
f 301/301/41 302/302/41 303/303/41
f 304/304/42 305/305/42 306/306/42
f 307/307/42 308/308/42 309/309/42
f 310/310/43 311/311/43 312/312/43
f 313/313/43 314/314/43 315/315/43
f 316/316/44 317/317/44 318/318/44
f 319/319/45 320/320/45 321/321/45
f 322/322/45 323/323/45 324/324/45
f 325/325/46 326/326/46 327/327/46
f 328/328/47 329/329/47 330/330/47
f 331/331/48 332/332/48 333/333/48
f 334/334/49 335/335/49 336/336/49
f 337/337/50 338/338/50 339/339/50
f 340/340/51 341/341/51 342/342/51
f 343/343/52 344/344/52 345/345/52
f 346/346/52 347/347/52 348/348/52
f 349/349/53 350/350/53 351/351/53
f 352/352/53 353/353/53 354/354/53
f 355/355/9 356/356/9 357/357/9
f 358/358/9 359/359/9 360/360/9
f 361/361/10 362/362/10 363/363/10
f 364/364/46 365/365/46 366/366/46
f 367/367/54 368/368/54 369/369/54
f 370/370/54 371/371/54 372/372/54
f 373/373/44 374/374/44 375/375/44
f 376/376/55 377/377/55 378/378/55
f 379/379/56 380/380/56 381/381/56
f 382/382/57 383/383/57 384/384/57
f 385/385/58 386/386/58 387/387/58
f 388/388/17 389/389/17 390/390/17
f 391/391/59 392/392/59 393/393/59
f 394/394/59 395/395/59 396/396/59
f 397/397/60 398/398/60 399/399/60
f 400/400/60 401/401/60 402/402/60
f 403/403/61 404/404/61 405/405/61
f 406/406/61 407/407/61 408/408/61
f 409/409/62 410/410/62 411/411/62
f 412/412/63 413/413/63 414/414/63
f 415/415/64 416/416/64 417/417/64
f 418/418/65 419/419/65 420/420/65
f 421/421/66 422/422/66 423/423/66
f 424/424/67 425/425/67 426/426/67
f 427/427/68 428/428/68 429/429/68
f 430/430/69 431/431/69 432/432/69
f 433/433/70 434/434/70 435/435/70
f 436/436/71 437/437/71 438/438/71
f 439/439/72 440/440/72 441/441/72
f 442/442/73 443/443/73 444/444/73
f 445/445/74 446/446/74 447/447/74
f 448/448/75 449/449/75 450/450/75
f 451/451/76 452/452/76 453/453/76
f 454/454/77 455/455/77 456/456/77
f 457/457/77 458/458/77 459/459/77
f 460/460/78 461/461/78 462/462/78
f 463/463/78 464/464/78 465/465/78
f 466/466/79 467/467/79 468/468/79
f 469/469/79 470/470/79 471/471/79
f 472/472/80 473/473/80 474/474/80
f 475/475/81 476/476/81 477/477/81
f 478/478/82 479/479/82 480/480/82
f 481/481/83 482/482/83 483/483/83
f 484/484/84 485/485/84 486/486/84
f 487/487/85 488/488/85 489/489/85
f 490/490/86 491/491/86 492/492/86
f 493/493/87 494/494/87 495/495/87
f 496/496/88 497/497/88 498/498/88
f 499/499/89 500/500/89 501/501/89
f 502/502/2 503/503/2 504/504/2
f 505/505/2 506/506/2 507/507/2
f 508/508/90 509/509/90 510/510/90
f 511/511/91 512/512/91 513/513/91
f 514/514/92 515/515/92 516/516/92
f 517/517/93 518/518/93 519/519/93
f 520/520/94 521/521/94 522/522/94
f 523/523/95 524/524/95 525/525/95
f 526/526/96 527/527/96 528/528/96
f 529/529/97 530/530/97 531/531/97
f 532/532/98 533/533/98 534/534/98
f 535/535/99 536/536/99 537/537/99
f 538/538/1 539/539/1 540/540/1
f 541/541/1 542/542/1 543/543/1
f 544/544/18 545/545/18 546/546/18
f 547/547/100 548/548/100 549/549/100
f 550/550/100 551/551/100 552/552/100
f 553/553/101 554/554/101 555/555/101
f 556/556/101 557/557/101 558/558/101
f 559/559/102 560/560/102 561/561/102
f 562/562/102 563/563/102 564/564/102
f 565/565/103 566/566/103 567/567/103
f 568/568/103 569/569/103 570/570/103
f 571/571/19 572/572/19 573/573/19
f 574/574/1 575/575/1 576/576/1
f 577/577/1 578/578/1 579/579/1
f 580/580/1 581/581/1 582/582/1
f 583/583/1 584/584/1 585/585/1
f 586/586/1 587/587/1 588/588/1
f 589/589/2 590/590/2 591/591/2
f 592/592/2 593/593/2 594/594/2
f 595/595/2 596/596/2 597/597/2
f 598/598/2 599/599/2 600/600/2
f 601/601/2 602/602/2 603/603/2
f 604/604/104 605/605/104 606/606/104
f 607/607/105 608/608/105 609/609/105
f 610/610/106 611/611/106 612/612/106
f 613/613/107 614/614/107 615/615/107
f 616/616/108 617/617/108 618/618/108
f 619/619/109 620/620/109 621/621/109
f 622/622/109 623/623/109 624/624/109
f 625/625/110 626/626/110 627/627/110
f 628/628/110 629/629/110 630/630/110
f 631/631/111 632/632/111 633/633/111
f 634/634/1 635/635/1 636/636/1
f 637/637/1 638/638/1 639/639/1
f 640/640/1 641/641/1 642/642/1
f 643/643/1 644/644/1 645/645/1
f 646/646/2 647/647/2 648/648/2
f 649/649/2 650/650/2 651/651/2
f 652/652/2 653/653/2 654/654/2
f 655/655/2 656/656/2 657/657/2
f 658/658/112 659/659/112 660/660/112
f 661/661/113 662/662/113 663/663/113
f 664/664/114 665/665/114 666/666/114
f 667/667/115 668/668/115 669/669/115
f 670/670/116 671/671/116 672/672/116
f 673/673/117 674/674/117 675/675/117
f 676/676/118 677/677/118 678/678/118
f 679/679/119 680/680/119 681/681/119
f 682/682/120 683/683/120 684/684/120
f 685/685/121 686/686/121 687/687/121
f 688/688/122 689/689/122 690/690/122
f 691/691/123 692/692/123 693/693/123
f 694/694/124 695/695/124 696/696/124
f 697/697/125 698/698/125 699/699/125
f 700/700/126 701/701/126 702/702/126
f 703/703/127 704/704/127 705/705/127
f 706/706/2 707/707/2 708/708/2
f 709/709/2 710/710/2 711/711/2
f 712/712/2 713/713/2 714/714/2
f 715/715/1 716/716/1 717/717/1
f 718/718/1 719/719/1 720/720/1
f 721/721/1 722/722/1 723/723/1
f 724/724/128 725/725/128 726/726/128
f 727/727/128 728/728/128 729/729/128
f 730/730/16 731/731/16 732/732/16
f 733/733/129 734/734/129 735/735/129
f 736/736/130 737/737/130 738/738/130
f 739/739/131 740/740/131 741/741/131
f 742/742/1 743/743/1 744/744/1
f 745/745/1 746/746/1 747/747/1
f 748/748/132 749/749/132 750/750/132
f 751/751/133 752/752/133 753/753/133
f 754/754/134 755/755/134 756/756/134
f 757/757/135 758/758/135 759/759/135
f 760/760/136 761/761/136 762/762/136
f 763/763/137 764/764/137 765/765/137
f 766/766/138 767/767/138 768/768/138
f 769/769/139 770/770/139 771/771/139
f 772/772/140 773/773/140 774/774/140
f 775/775/141 776/776/141 777/777/141
f 778/778/142 779/779/142 780/780/142
f 781/781/143 782/782/143 783/783/143
f 784/784/144 785/785/144 786/786/144
f 787/787/145 788/788/145 789/789/145
f 790/790/146 791/791/146 792/792/146
f 793/793/147 794/794/147 795/795/147
f 796/796/148 797/797/148 798/798/148
f 799/799/149 800/800/149 801/801/149
f 802/802/150 803/803/150 804/804/150
f 805/805/2 806/806/2 807/807/2
f 808/808/2 809/809/2 810/810/2
f 811/811/2 812/812/2 813/813/2
f 814/814/2 815/815/2 816/816/2
f 817/817/2 818/818/2 819/819/2
f 820/820/151 821/821/151 822/822/151
f 823/823/152 824/824/152 825/825/152
f 826/826/153 827/827/153 828/828/153
f 829/829/2 830/830/2 831/831/2
f 832/832/2 833/833/2 834/834/2
f 835/835/2 836/836/2 837/837/2
f 838/838/2 839/839/2 840/840/2
f 841/841/2 842/842/2 843/843/2
f 844/844/2 845/845/2 846/846/2
f 847/847/2 848/848/2 849/849/2
f 850/850/1 851/851/1 852/852/1
f 853/853/2 854/854/2 855/855/2
f 856/856/2 857/857/2 858/858/2
f 859/859/2 860/860/2 861/861/2
f 862/862/1 863/863/1 864/864/1
f 865/865/1 866/866/1 867/867/1
f 868/868/1 869/869/1 870/870/1
f 871/871/2 872/872/2 873/873/2
f 874/874/2 875/875/2 876/876/2
f 877/877/2 878/878/2 879/879/2
f 880/880/154 881/881/154 882/882/154
f 883/883/155 884/884/155 885/885/155
f 886/886/1 887/887/1 888/888/1
f 889/889/1 890/890/1 891/891/1
f 892/892/156 893/893/156 894/894/156
f 895/895/157 896/896/157 897/897/157
f 898/898/158 899/899/158 900/900/158
f 901/901/159 902/902/159 903/903/159
f 904/904/160 905/905/160 906/906/160
f 907/907/160 908/908/160 909/909/160
f 910/910/2 911/911/2 912/912/2
f 913/913/2 914/914/2 915/915/2
f 916/916/2 917/917/2 918/918/2
f 919/919/2 920/920/2 921/921/2
f 922/922/1 923/923/1 924/924/1
f 925/925/1 926/926/1 927/927/1
f 928/928/1 929/929/1 930/930/1
f 931/931/1 932/932/1 933/933/1
f 934/934/161 935/935/161 936/936/161
f 937/937/162 938/938/162 939/939/162
f 940/940/163 941/941/163 942/942/163
f 943/943/164 944/944/164 945/945/164
f 946/946/165 947/947/165 948/948/165
f 949/949/166 950/950/166 951/951/166
f 952/952/167 953/953/167 954/954/167
f 955/955/1 956/956/1 957/957/1
f 958/958/168 959/959/168 960/960/168
f 961/961/1 962/962/1 963/963/1
f 964/964/169 965/965/169 966/966/169
f 967/967/2 968/968/2 969/969/2
f 970/970/2 971/971/2 972/972/2
f 973/973/1 974/974/1 975/975/1
f 976/976/2 977/977/2 978/978/2
f 979/979/2 980/980/2 981/981/2
f 982/982/2 983/983/2 984/984/2
f 985/985/1 986/986/1 987/987/1
f 988/988/1 989/989/1 990/990/1
f 991/991/170 992/992/170 993/993/170
f 994/994/171 995/995/171 996/996/171
f 997/997/172 998/998/172 999/999/172
f 1000/1000/2 1001/1001/2 1002/1002/2
f 1003/1003/2 1004/1004/2 1005/1005/2
f 1006/1006/2 1007/1007/2 1008/1008/2
f 1009/1009/2 1010/1010/2 1011/1011/2
f 1012/1012/2 1013/1013/2 1014/1014/2
f 1015/1015/2 1016/1016/2 1017/1017/2
f 1018/1018/2 1019/1019/2 1020/1020/2
f 1021/1021/2 1022/1022/2 1023/1023/2
f 1024/1024/2 1025/1025/2 1026/1026/2
f 1027/1027/1 1028/1028/1 1029/1029/1
f 1030/1030/1 1031/1031/1 1032/1032/1
f 1033/1033/1 1034/1034/1 1035/1035/1
f 1036/1036/1 1037/1037/1 1038/1038/1
f 1039/1039/1 1040/1040/1 1041/1041/1
f 1042/1042/1 1043/1043/1 1044/1044/1
f 1045/1045/1 1046/1046/1 1047/1047/1
f 1048/1048/1 1049/1049/1 1050/1050/1
f 1051/1051/1 1052/1052/1 1053/1053/1
f 1054/1054/173 1055/1055/173 1056/1056/173
f 1057/1057/174 1058/1058/174 1059/1059/174
f 1060/1060/1 1061/1061/1 1062/1062/1
f 1063/1063/1 1064/1064/1 1065/1065/1
f 1066/1066/2 1067/1067/2 1068/1068/2
f 1069/1069/2 1070/1070/2 1071/1071/2
f 1072/1072/2 1073/1073/2 1074/1074/2
f 1075/1075/2 1076/1076/2 1077/1077/2
f 1078/1078/175 1079/1079/175 1080/1080/175
f 1081/1081/176 1082/1082/176 1083/1083/176
f 1084/1084/1 1085/1085/1 1086/1086/1
f 1087/1087/1 1088/1088/1 1089/1089/1
f 1090/1090/2 1091/1091/2 1092/1092/2
f 1093/1093/2 1094/1094/2 1095/1095/2
f 1096/1096/177 1097/1097/177 1098/1098/177
f 1099/1099/1 1100/1100/1 1101/1101/1
f 1102/1102/178 1103/1103/178 1104/1104/178
f 1105/1105/179 1106/1106/179 1107/1107/179
f 1108/1108/180 1109/1109/180 1110/1110/180
f 1111/1111/1 1112/1112/1 1113/1113/1
f 1114/1114/181 1115/1115/181 1116/1116/181
f 1117/1117/182 1118/1118/182 1119/1119/182
f 1120/1120/183 1121/1121/183 1122/1122/183
f 1123/1123/184 1124/1124/184 1125/1125/184
f 1126/1126/185 1127/1127/185 1128/1128/185
f 1129/1129/186 1130/1130/186 1131/1131/186
f 1132/1132/2 1133/1133/2 1134/1134/2
f 1135/1135/2 1136/1136/2 1137/1137/2
f 1138/1138/187 1139/1139/187 1140/1140/187
f 1141/1141/188 1142/1142/188 1143/1143/188
f 1144/1144/189 1145/1145/189 1146/1146/189
f 1147/1147/189 1148/1148/189 1149/1149/189
f 1150/1150/1 1151/1151/1 1152/1152/1
f 1153/1153/1 1154/1154/1 1155/1155/1
f 1156/1156/1 1157/1157/1 1158/1158/1
f 1159/1159/1 1160/1160/1 1161/1161/1
f 1162/1162/2 1163/1163/2 1164/1164/2
f 1165/1165/2 1166/1166/2 1167/1167/2
f 1168/1168/2 1169/1169/2 1170/1170/2
f 1171/1171/2 1172/1172/2 1173/1173/2
f 1174/1174/190 1175/1175/190 1176/1176/190
f 1177/1177/191 1178/1178/191 1179/1179/191
f 1180/1180/192 1181/1181/192 1182/1182/192
f 1183/1183/2 1184/1184/2 1185/1185/2
f 1186/1186/193 1187/1187/193 1188/1188/193
f 1189/1189/2 1190/1190/2 1191/1191/2
f 1192/1192/194 1193/1193/194 1194/1194/194
f 1195/1195/1 1196/1196/1 1197/1197/1
f 1198/1198/1 1199/1199/1 1200/1200/1
f 1201/1201/1 1202/1202/1 1203/1203/1
f 1204/1204/2 1205/1205/2 1206/1206/2
f 1207/1207/2 1208/1208/2 1209/1209/2
f 1210/1210/2 1211/1211/2 1212/1212/2
f 1213/1213/2 1214/1214/2 1215/1215/2
f 1216/1216/2 1217/1217/2 1218/1218/2
f 1219/1219/2 1220/1220/2 1221/1221/2
f 1222/1222/2 1223/1223/2 1224/1224/2
f 1225/1225/2 1226/1226/2 1227/1227/2
f 1228/1228/2 1229/1229/2 1230/1230/2
f 1231/1231/1 1232/1232/1 1233/1233/1
f 1234/1234/1 1235/1235/1 1236/1236/1
f 1237/1237/1 1238/1238/1 1239/1239/1
f 1240/1240/1 1241/1241/1 1242/1242/1
f 1243/1243/1 1244/1244/1 1245/1245/1
f 1246/1246/1 1247/1247/1 1248/1248/1
f 1249/1249/1 1250/1250/1 1251/1251/1
f 1252/1252/1 1253/1253/1 1254/1254/1
f 1255/1255/1 1256/1256/1 1257/1257/1
f 1258/1258/2 1259/1259/2 1260/1260/2
f 1261/1261/2 1262/1262/2 1263/1263/2
f 1264/1264/2 1265/1265/2 1266/1266/2
f 1267/1267/195 1268/1268/195 1269/1269/195
f 1270/1270/196 1271/1271/196 1272/1272/196
f 1273/1273/197 1274/1274/197 1275/1275/197
f 1276/1276/198 1277/1277/198 1278/1278/198
f 1279/1279/199 1280/1280/199 1281/1281/199
f 1282/1282/200 1283/1283/200 1284/1284/200
f 1285/1285/1 1286/1286/1 1287/1287/1
f 1288/1288/1 1289/1289/1 1290/1290/1
f 1291/1291/201 1292/1292/201 1293/1293/201
f 1294/1294/201 1295/1295/201 1296/1296/201
f 1297/1297/202 1298/1298/202 1299/1299/202
f 1300/1300/203 1301/1301/203 1302/1302/203
f 1303/1303/204 1304/1304/204 1305/1305/204
f 1306/1306/205 1307/1307/205 1308/1308/205
f 1309/1309/206 1310/1310/206 1311/1311/206
f 1312/1312/207 1313/1313/207 1314/1314/207
f 1315/1315/2 1316/1316/2 1317/1317/2
f 1318/1318/2 1319/1319/2 1320/1320/2
f 1321/1321/208 1322/1322/208 1323/1323/208
f 1324/1324/208 1325/1325/208 1326/1326/208
f 1327/1327/1 1328/1328/1 1329/1329/1
f 1330/1330/1 1331/1331/1 1332/1332/1
f 1333/1333/1 1334/1334/1 1335/1335/1
f 1336/1336/1 1337/1337/1 1338/1338/1
f 1339/1339/209 1340/1340/209 1341/1341/209
f 1342/1342/210 1343/1343/210 1344/1344/210
f 1345/1345/211 1346/1346/211 1347/1347/211
f 1348/1348/212 1349/1349/212 1350/1350/212
f 1351/1351/1 1352/1352/1 1353/1353/1
f 1354/1354/1 1355/1355/1 1356/1356/1
f 1357/1357/213 1358/1358/213 1359/1359/213
f 1360/1360/214 1361/1361/214 1362/1362/214
f 1363/1363/215 1364/1364/215 1365/1365/215
f 1366/1366/216 1367/1367/216 1368/1368/216
f 1369/1369/2 1370/1370/2 1371/1371/2
f 1372/1372/2 1373/1373/2 1374/1374/2
f 1375/1375/2 1376/1376/2 1377/1377/2
f 1378/1378/1 1379/1379/1 1380/1380/1
f 1381/1381/1 1382/1382/1 1383/1383/1
f 1384/1384/1 1385/1385/1 1386/1386/1
f 1387/1387/1 1388/1388/1 1389/1389/1
f 1390/1390/1 1391/1391/1 1392/1392/1
f 1393/1393/1 1394/1394/1 1395/1395/1
f 1396/1396/1 1397/1397/1 1398/1398/1
f 1399/1399/1 1400/1400/1 1401/1401/1
f 1402/1402/1 1403/1403/1 1404/1404/1
f 1405/1405/1 1406/1406/1 1407/1407/1
f 1408/1408/1 1409/1409/1 1410/1410/1
f 1411/1411/1 1412/1412/1 1413/1413/1
f 1414/1414/2 1415/1415/2 1416/1416/2
f 1417/1417/2 1418/1418/2 1419/1419/2
f 1420/1420/2 1421/1421/2 1422/1422/2
f 1423/1423/2 1424/1424/2 1425/1425/2
f 1426/1426/2 1427/1427/2 1428/1428/2
f 1429/1429/2 1430/1430/2 1431/1431/2
f 1432/1432/2 1433/1433/2 1434/1434/2
f 1435/1435/2 1436/1436/2 1437/1437/2
f 1438/1438/2 1439/1439/2 1440/1440/2
f 1441/1441/217 1442/1442/217 1443/1443/217
f 1444/1444/218 1445/1445/218 1446/1446/218
f 1447/1447/219 1448/1448/219 1449/1449/219
f 1450/1450/220 1451/1451/220 1452/1452/220
f 1453/1453/221 1454/1454/221 1455/1455/221
f 1456/1456/222 1457/1457/222 1458/1458/222
f 1459/1459/1 1460/1460/1 1461/1461/1
f 1462/1462/1 1463/1463/1 1464/1464/1
f 1465/1465/1 1466/1466/1 1467/1467/1
f 1468/1468/1 1469/1469/1 1470/1470/1
f 1471/1471/1 1472/1472/1 1473/1473/1
f 1474/1474/1 1475/1475/1 1476/1476/1
