mtllib unbound.mtl
o mesh_mesh.034
v 0.000000 -53.672897 5.349892
v 0.000000 -61.430698 0.000002
v 0.000000 -52.345299 0.000002
v 0.000000 -61.430698 0.000002
v 0.000000 -53.672897 5.349892
v 0.000000 -61.430698 2.978611
v 0.000000 -41.740200 0.000001
v 0.000000 -31.134998 0.000001
v 0.000000 -37.144100 3.976561
v 0.000000 -26.538900 -3.976559
v 0.000000 -20.529800 0.000001
v 0.000000 -31.134998 0.000001
v 0.000000 -47.749298 3.976562
v 0.000000 -41.740200 0.000001
v 0.000000 -52.345299 0.000002
v 0.000000 -52.345299 0.000002
v 0.000000 -41.740200 0.000001
v 0.000000 -47.749298 -3.976558
v 0.000000 -53.672897 -5.349889
v 0.000000 -61.430698 0.000002
v 0.000000 -52.345299 0.000002
v 0.000000 -31.134998 0.000001
v 0.000000 -20.529800 0.000001
v 0.000000 -26.538900 3.976561
v 0.000000 -41.740200 0.000001
v 0.000000 -31.134998 0.000001
v 0.000000 -37.144100 -3.976559
v 0.000000 -61.430698 0.000002
v 0.000000 -53.672897 -5.349889
v 0.000000 -61.430698 -2.978608
v 2.783290 49.717701 -2.948092
v 2.737510 46.964897 -0.030521
v 2.856530 54.194801 -3.161722
v 1.495410 4.861600 -0.000000
v 0.000000 4.861600 1.730400
v 0.000000 6.561480 2.337719
v 2.298040 9.030430 -0.000001
v 1.495410 4.861600 -0.000000
v 0.000000 6.561480 2.337719
v 0.000000 92.294106 5.710007
v 0.000000 99.694801 10.345798
v 3.445540 88.628799 3.415017
v -3.445540 88.628799 3.415017
v 0.000000 99.694801 10.345798
v 0.000000 92.294106 5.710007
v 0.000000 98.400803 -6.952124
v 3.445540 96.087494 -6.140323
v 0.000000 96.087494 -6.140323
v 0.000000 96.087494 -6.140323
v -3.445540 96.087494 -6.140323
v 0.000000 98.400803 -6.952124
v -2.752770 47.865200 -2.905362
v 0.000000 46.964897 -3.759881
v 2.752770 47.865200 -2.905362
v 2.737510 46.964897 -2.935882
v 2.752770 47.865200 -2.905362
v 0.000000 46.964897 -3.759881
v 0.000000 92.294106 5.710007
v 3.445540 91.500595 5.212557
v 0.000000 88.906502 9.277627
v 0.000000 88.906502 9.277627
v -3.445540 91.500595 5.212557
v 0.000000 92.294106 5.710007
v 2.298040 10.785200 5.099639
v 2.359080 7.596059 8.603168
v 2.298040 13.391501 9.323400
v 2.359080 7.596059 8.603168
v 2.356030 9.903260 11.569599
v 2.298040 13.391501 9.323400
v 2.359080 3.762930 8.777120
v 2.359080 3.762930 10.464800
v 0.000000 3.762930 8.850370
v 0.000000 3.762930 8.850370
v 2.359080 1.528981 7.293920
v 2.359080 3.762930 8.777120
v 2.359080 -8.099610 2.175971
v 0.000000 -8.099610 2.175971
v 2.359080 -6.482130 0.000000
v 2.359080 -8.099610 2.175971
v 2.359080 -9.509570 2.175971
v 0.000000 -8.099610 2.175971
v 2.356030 -14.743499 8.096560
v 2.356030 -9.897149 8.096560
v 2.356030 -14.755700 3.805660
v 2.356030 -14.743499 8.096560
v 2.356030 -14.755700 3.805660
v 2.356030 -16.266399 5.792410
v -2.356030 -14.743501 -8.096560
v -2.356030 -9.897151 -8.096559
v -2.356030 -14.755700 -3.805660
v -2.356030 -14.743501 -8.096560
v -2.356030 -14.755700 -3.805660
v -2.356030 -16.266399 -5.792408
v 2.356029 9.903260 -15.759801
v 2.356029 5.969419 -15.723101
v 2.356030 9.903260 -11.569601
v 2.356029 7.971439 -17.154499
v 2.356029 5.969419 -15.723101
v 2.356029 9.903260 -15.759801
v -2.359080 -8.099610 -2.175969
v -2.359080 -9.509570 -2.175970
v 0.000000 -8.099610 -2.175969
v 0.000000 -8.099610 -2.175969
v -2.359080 -6.482130 0.000000
v -2.359080 -8.099610 -2.175969
v 2.359079 -0.790430 -10.464800
v 0.000000 -0.790430 -8.777120
v 2.359079 -0.790430 -8.777120
v 2.359079 -0.790430 -8.777120
v 0.000000 -0.790430 -8.777120
v 2.359080 1.528979 -7.293920
v 2.356030 -14.755700 -3.805660
v 2.356030 -9.897151 -8.096559
v 2.356030 -14.743501 -8.096560
v 2.356030 -16.266399 -5.792408
v 2.356030 -14.755700 -3.805660
v 2.356030 -14.743501 -8.096560
v -2.389600 27.225599 -0.000001
v -2.298040 25.598898 7.013149
v -2.298039 21.958099 9.427169
v -2.298040 25.598898 7.013149
v 0.000000 22.342600 10.107698
v -2.298039 21.958099 9.427169
v -2.356029 9.903260 15.759799
v -2.356029 5.969420 15.723101
v -2.356030 9.903260 11.569599
v -2.356029 7.971440 17.154499
v -2.356029 5.969420 15.723101
v -2.356029 9.903260 15.759799
v -2.359079 -0.790428 10.464800
v 0.000000 -0.790428 8.777120
v -2.359079 -0.790428 8.777120
v -2.359079 -0.790428 8.777120
v 0.000000 -0.790428 8.777120
v -2.359080 1.528981 7.293920
v -2.356030 -14.755700 3.805660
v -2.356030 -9.897149 8.096560
v -2.356030 -14.743499 8.096560
v -2.356030 -16.266399 5.792410
v -2.356030 -14.755700 3.805660
v -2.356030 -14.743499 8.096560
v -2.298040 10.773000 -5.127111
v -2.359080 7.596059 -8.603170
v -2.298040 13.391500 -9.323400
v -2.359080 7.596059 -8.603170
v -2.356030 9.903260 -11.569601
v -2.298040 13.391500 -9.323400
v -2.359080 3.762929 -8.777120
v -2.359080 3.762929 -10.464800
v 0.000000 3.762929 -8.850370
v -2.359080 1.528979 -7.293920
v -2.359080 3.762929 -8.777120
v 0.000000 3.762929 -8.850370
v 2.822960 52.082901 -4.550311
v 2.856530 54.194801 -3.161722
v 2.783290 49.717701 -2.948092
v -2.783290 49.717701 -2.948092
v -2.856530 54.194801 -3.161721
v -2.822960 52.082901 -4.550311
v 0.000000 4.861600 -1.730400
v 0.000000 6.561480 -2.337720
v -1.495410 4.861600 -0.000000
v 2.359080 -8.099610 2.175971
v 2.359080 -6.482130 0.000000
v 2.359080 -9.509570 2.175971
v 2.298039 17.581699 -10.330500
v 2.389600 27.225599 -0.000001
v 2.298039 22.046600 -10.046700
v 2.359080 3.762930 8.777120
v 2.359080 1.528981 7.293920
v 2.359080 3.762930 10.464800
v 3.445540 73.534302 -5.554373
v 3.445540 76.131500 -5.688653
v 3.445539 77.797798 -10.992802
v 3.445540 91.500595 5.212557
v 0.000000 92.294106 5.710007
v 3.445540 88.628799 3.415017
v 2.359080 -14.139199 3.122040
v -2.359080 -14.139199 3.122040
v 0.906400 -17.893000 0.000000
v -2.359080 7.596059 -8.603170
v 0.000000 3.762929 -8.850370
v -2.359080 3.762929 -10.464800
v 2.298040 21.958099 9.427169
v 2.389600 27.225599 -0.000001
v 2.298040 17.581699 10.330500
v -2.356030 9.903260 -11.569601
v -0.000001 9.906310 -12.595000
v -2.298040 13.391500 -9.323400
v -2.356030 -9.897149 8.096560
v 0.000000 -10.959199 8.096560
v -2.356030 -14.743499 8.096560
v 4.571670 88.976700 0.057982
v 4.571670 74.785599 0.057982
v 4.571670 86.898399 5.075227
v 3.326520 69.774506 -5.536062
v 3.274640 68.172195 -5.017242
v 3.445540 73.748001 0.057982
v -2.359079 1.528980 16.525801
v -2.359079 4.632711 14.294900
v 2.359081 4.632711 14.294900
v 2.356029 7.971439 -17.154499
v -2.356031 5.969419 -15.723101
v 2.356029 5.969419 -15.723101
v -2.356030 -9.897151 -8.096559
v -2.356030 -14.743501 -8.096560
v 0.000000 -10.959201 -8.096560
v 2.356030 -7.275610 -10.727299
v 0.000000 -10.959201 -8.096560
v 2.356030 -9.897151 -8.096559
v 2.359080 1.528979 -7.293920
v 2.359079 -0.790430 -10.464800
v 2.359079 -0.790430 -8.777120
v 0.000001 9.906310 12.594998
v -2.356029 9.903260 15.759799
v -2.356030 9.903260 11.569599
v 0.000001 1.528980 20.841099
v -2.356029 5.969420 15.723101
v 2.356031 5.969420 15.723101
v -2.356029 -2.078310 15.067000
v -0.958280 1.535080 18.814699
v -2.356029 -3.079320 15.765900
v -3.445540 77.797798 -10.992802
v -3.445540 76.131500 -5.688653
v -3.445540 73.534302 -5.554373
v -3.445540 88.628799 3.415017
v 0.000000 92.294106 5.710007
v -3.445540 91.500595 5.212557
v 0.000000 72.295303 -6.411941
v -3.445540 77.797798 -10.992802
v -3.445540 73.534302 -5.554373
v -2.359080 -13.550200 2.529980
v -2.359080 -14.139199 3.122040
v 2.359080 -14.139199 3.122040
v -2.356030 -7.275609 10.727301
v -2.356029 -7.275609 15.750602
v 0.000001 -7.275609 11.960201
v 0.000001 -7.275609 11.960201
v -2.356030 -9.897149 8.096560
v -2.356030 -7.275609 10.727301
v 2.356030 -14.755700 3.805660
v -2.356030 -14.755700 3.805660
v 2.356030 -16.266399 5.792410
v 0.000000 -19.480000 0.000000
v -2.356030 -14.755700 3.805660
v 2.356030 -14.755700 3.805660
v -2.902310 56.468399 3.823968
v 0.000000 28.559198 4.596088
v -2.407910 28.223499 3.823969
v 2.356031 -3.079320 15.765900
v 2.356031 -5.084380 17.172800
v -2.356029 -3.079320 15.765900
v 2.356031 -3.079320 15.765900
v -2.356029 -3.079320 15.765900
v 0.000001 1.528980 20.841099
v -2.887050 56.019802 -3.375351
v -2.902310 56.468399 3.823968
v -2.856530 54.194801 -3.161721
v -2.356029 5.969420 15.723101
v 2.356031 7.971440 17.154499
v 2.356031 5.969420 15.723101
v -2.298039 13.391501 9.323400
v 0.000001 9.906310 12.594998
v -2.356030 9.903260 11.569599
v -4.571670 86.898399 5.075227
v -4.571670 74.785599 0.057983
v -4.571670 88.976700 0.057982
v -3.445540 73.748001 0.057983
v -3.274640 68.172195 -5.017242
v -3.326520 69.774506 -5.536062
v -2.359080 1.528981 7.293920
v -2.359079 -0.790428 10.464800
v -2.359079 -0.790428 8.777120
v -2.359080 -8.099610 -2.175969
v -2.359080 -6.482130 0.000000
v -2.359080 -9.509570 -2.175970
v -2.356030 9.903260 -11.569601
v -2.356031 9.903260 -15.759801
v -0.000001 9.906310 -12.595000
v -2.359080 3.762929 -8.777120
v -2.359080 1.528979 -7.293920
v -2.359080 3.762929 -10.464800
v -0.000001 -7.275610 -11.960199
v -2.356031 -7.275610 -15.750600
v -2.356030 -7.275610 -10.727299
v 2.356030 -16.266399 -5.792408
v -2.356030 -14.755700 -3.805660
v 2.356030 -14.755700 -3.805660
v 2.356030 -14.755700 -3.805660
v -2.356030 -14.755700 -3.805660
v 0.000000 -19.480000 0.000000
v -2.356031 -3.079320 -15.765900
v 2.356029 -5.084381 -17.172800
v 2.356029 -3.079320 -15.765900
v 2.356031 -3.079320 15.765900
v 0.958282 1.535080 18.814699
v 2.356031 -2.078310 15.067000
v -2.359081 -1.666310 -14.304000
v 2.359079 -1.666310 -14.304000
v -2.359081 1.528980 -16.525801
v 2.356029 5.969419 -15.723101
v -2.356031 5.969419 -15.723101
v -0.000001 1.528979 -20.841099
v -2.356031 -3.079320 -15.765900
v -0.958282 1.535080 -18.814699
v -2.356031 -2.078310 -15.067000
v -0.000001 1.528979 -20.841099
v -2.356031 -3.079320 -15.765900
v 2.356029 -3.079320 -15.765900
v 2.356029 -2.078310 -15.067000
v 0.958280 1.535080 -18.814699
v 2.356029 -3.079320 -15.765900
v 3.445540 73.534302 -5.554373
v 0.000000 72.295303 -6.411941
v 3.326520 69.774506 -5.536062
v -3.326520 69.774506 -5.536062
v 0.000000 72.295303 -6.411941
v -3.445540 73.534302 -5.554373
v 3.445539 84.789597 -13.037502
v 3.445539 77.797798 -10.992802
v 3.445540 81.881203 -8.072151
v 3.445540 81.881203 -8.072151
v 3.445539 77.797798 -10.992802
v 3.445540 76.131500 -5.688653
v 3.445540 81.881203 -8.072151
v 3.445540 76.131500 -5.688653
v 4.571670 76.863899 -4.956213
v 4.571670 76.863899 -4.956213
v 3.445540 76.131500 -5.688653
v 4.571670 74.785599 0.057982
v 4.571670 76.863899 -4.956213
v 4.571670 74.785599 0.057982
v 4.571670 86.898399 -4.956213
v 4.571670 86.898399 -4.956213
v 4.571670 74.785599 0.057982
v 4.571670 88.976700 0.057982
v 4.571670 86.898399 -4.956213
v 4.571670 88.976700 0.057982
v 3.695790 90.014305 0.057982
v 3.695790 90.014305 0.057982
v 4.571670 88.976700 0.057982
v 4.571670 86.898399 5.075227
v 3.695790 90.014305 0.057982
v 4.571670 86.898399 5.075227
v 3.445540 88.628799 3.415017
v 3.445540 88.628799 3.415017
v 4.571670 86.898399 5.075227
v 3.622550 87.630898 5.807666
v 3.445540 88.628799 3.415017
v 3.622550 87.630898 5.807666
v 3.445540 91.500595 5.212557
v 3.445540 91.500595 5.212557
v 3.622550 87.630898 5.807666
v 3.445540 88.390800 8.499397
v 3.445540 91.500595 5.212557
v 3.445540 88.390800 8.499397
v 0.000000 88.906502 9.277627
v 0.000000 88.906502 9.277627
v 3.445540 88.390800 8.499397
v 0.000001 84.109001 11.731297
v 0.000000 88.906502 9.277627
v 0.000001 84.109001 11.731297
v -3.445539 88.390800 8.499397
v -3.445539 88.390800 8.499397
v 0.000001 84.109001 11.731297
v -3.445539 83.657303 10.953097
v -3.445539 88.390800 8.499397
v -3.445539 83.657303 10.953097
v -3.622550 87.630898 5.807666
v -3.622550 87.630898 5.807666
v -3.445539 83.657303 10.953097
v -3.445539 81.881203 8.191168
v -3.622550 87.630898 5.807666
v -3.445539 81.881203 8.191168
v -4.571670 86.898399 5.075227
v -4.571670 86.898399 5.075227
v -3.445539 81.881203 8.191168
v -4.571670 81.881203 7.150488
v -4.571670 86.898399 5.075227
v -4.571670 81.881203 7.150488
v -4.571670 76.863899 5.075227
v -4.571670 76.863899 5.075227
v -4.571670 81.881203 7.150488
v -3.445539 81.881203 8.191168
v -4.571670 76.863899 5.075227
v -3.445539 81.881203 8.191168
v -3.445540 76.131500 5.807667
v -3.445540 76.131500 5.807667
v -3.445539 81.881203 8.191168
v -3.445539 79.207703 10.580798
v -3.445540 76.131500 5.807667
v -3.445539 79.207703 10.580798
v -2.902310 56.468399 3.823968
v -2.902310 56.468399 3.823968
v -3.445539 79.207703 10.580798
v 0.000000 56.196804 4.596088
v -2.902310 56.468399 3.823968
v 0.000000 56.196804 4.596088
v 0.000000 28.559198 4.596088
v 0.000000 28.559198 4.596088
v 0.000000 56.196804 4.596088
v 2.902310 56.468399 3.823968
v 0.000000 28.559198 4.596088
v 2.902310 56.468399 3.823968
v 2.407910 28.223499 3.823969
v 2.407910 28.223499 3.823969
v 2.902310 56.468399 3.823968
v 2.389600 27.225599 -0.000001
v 2.407910 28.223499 3.823969
v 2.389600 27.225599 -0.000001
v 2.298040 25.598898 7.013149
v 2.298040 25.598898 7.013149
v 2.389600 27.225599 -0.000001
v 2.298040 21.958099 9.427169
v 2.298040 25.598898 7.013149
v 2.298040 21.958099 9.427169
v 0.000000 22.342600 10.107698
v 0.000000 22.342600 10.107698
v 2.298040 21.958099 9.427169
v 0.000000 17.581699 11.133200
v 0.000000 22.342600 10.107698
v 0.000000 17.581699 11.133200
v -2.298039 21.958099 9.427169
v -2.298039 21.958099 9.427169
v 0.000000 17.581699 11.133200
v -2.298039 17.581699 10.330500
v -2.298039 21.958099 9.427169
v -2.298039 17.581699 10.330500
v -2.389600 27.225599 -0.000001
v -2.389600 27.225599 -0.000001
v -2.298039 17.581699 10.330500
v -2.298039 13.391501 9.323400
v -2.389600 27.225599 -0.000001
v -2.298039 13.391501 9.323400
v -2.298040 10.785200 5.099639
v 2.325510 -6.482130 0.000000
v 0.000000 -7.895140 1.898251
v 0.000000 -6.482130 2.615440
v 0.000000 -6.482130 2.615440
v 0.000000 -7.895140 1.898251
v -2.325510 -6.482130 0.000000
v 0.000000 -6.482130 2.615440
v -2.325510 -6.482130 0.000000
v -1.275670 -5.169840 0.000000
v -1.275670 -5.169840 0.000000
v -2.325510 -6.482130 0.000000
v 0.000000 -6.482130 -2.615439
v -1.275670 -5.169840 0.000000
v 0.000000 -6.482130 -2.615439
v 0.000000 -5.169840 -1.477100
v 0.000000 -5.169840 -1.477100
v 0.000000 -6.482130 -2.615439
v 1.275670 -5.169840 0.000000
v 0.000000 -5.169840 -1.477100
v 1.275670 -5.169840 0.000000
v 1.275670 1.364180 -0.000000
v 1.275670 1.364180 -0.000000
v 1.275670 -5.169840 0.000000
v 0.000000 -5.169840 1.477100
v 1.275670 1.364180 -0.000000
v 0.000000 -5.169840 1.477100
v 0.000000 1.364180 1.477100
v 0.000000 1.364180 1.477100
v 0.000000 -5.169840 1.477100
v -1.275670 1.364180 -0.000000
v 0.000000 1.364180 1.477100
v -1.275670 1.364180 -0.000000
v -2.307200 3.891110 -0.000000
v -2.307200 3.891110 -0.000000
v -1.275670 1.364180 -0.000000
v 0.000000 1.364180 -1.477100
v -2.307200 3.891110 -0.000000
v 0.000000 1.364180 -1.477100
v 0.000000 3.891110 -2.600180
v 0.000000 3.891110 -2.600180
v 0.000000 1.364180 -1.477100
v 2.307200 3.891110 -0.000000
v 0.000000 3.891110 -2.600180
v 2.307200 3.891110 -0.000000
v 1.495410 4.861600 -0.000000
v 1.495410 4.861600 -0.000000
v 2.307200 3.891110 -0.000000
v 0.000000 3.891110 2.600180
v 1.495410 4.861600 -0.000000
v 0.000000 3.891110 2.600180
v 0.000000 4.861600 1.730400
v 0.000000 4.861600 1.730400
v 0.000000 3.891110 2.600180
v -1.495410 4.861600 -0.000000
v 0.000000 4.861600 1.730400
v -1.495410 4.861600 -0.000000
v 0.000000 6.561480 2.337719
v 0.000000 6.561480 2.337719
v -1.495410 4.861600 -0.000000
v -2.298040 9.030430 -0.000001
v 0.000000 6.561480 2.337719
v -2.298040 9.030430 -0.000001
v -2.298040 10.785200 5.099639
v -2.325510 -6.482130 0.000000
v 0.000000 -7.895140 -1.898249
v 0.000000 -6.482130 -2.615439
v 0.000000 -6.482130 -2.615439
v 0.000000 -7.895140 -1.898249
v 2.325510 -6.482130 0.000000
v 0.000000 -6.482130 -2.615439
v 2.325510 -6.482130 0.000000
v 1.275670 -5.169840 0.000000
v 1.275670 -5.169840 0.000000
v 2.325510 -6.482130 0.000000
v 0.000000 -6.482130 2.615440
v 1.275670 -5.169840 0.000000
v 0.000000 -6.482130 2.615440
v 0.000000 -5.169840 1.477100
v 0.000000 -5.169840 1.477100
v 0.000000 -6.482130 2.615440
v -1.275670 -5.169840 0.000000
v 0.000000 -5.169840 1.477100
v -1.275670 -5.169840 0.000000
v -1.275670 1.364180 -0.000000
v -1.275670 1.364180 -0.000000
v -1.275670 -5.169840 0.000000
v 0.000000 -5.169840 -1.477100
v -1.275670 1.364180 -0.000000
v 0.000000 -5.169840 -1.477100
v 0.000000 1.364180 -1.477100
v 0.000000 1.364180 -1.477100
v 0.000000 -5.169840 -1.477100
v 1.275670 1.364180 -0.000000
v 0.000000 1.364180 -1.477100
v 1.275670 1.364180 -0.000000
v 2.307200 3.891110 -0.000000
v 2.307200 3.891110 -0.000000
v 1.275670 1.364180 -0.000000
v 0.000000 1.364180 1.477100
v 2.307200 3.891110 -0.000000
v 0.000000 1.364180 1.477100
v 0.000000 3.891110 2.600180
v 0.000000 3.891110 2.600180
v 0.000000 1.364180 1.477100
v -2.307200 3.891110 -0.000000
v 0.000000 3.891110 2.600180
v -2.307200 3.891110 -0.000000
v -1.495410 4.861600 -0.000000
v -1.495410 4.861600 -0.000000
v -2.307200 3.891110 -0.000000
v 0.000000 3.891110 -2.600180
v -1.495410 4.861600 -0.000000
v 0.000000 3.891110 -2.600180
v 0.000000 4.861600 -1.730400
v 0.000000 4.861600 -1.730400
v 0.000000 3.891110 -2.600180
v 1.495410 4.861600 -0.000000
v 0.000000 4.861600 -1.730400
v 1.495410 4.861600 -0.000000
v 0.000000 6.561480 -2.337720
v 0.000000 6.561480 -2.337720
v 1.495410 4.861600 -0.000000
v 2.298040 9.030430 -0.000001
v 0.000000 6.561480 -2.337720
v 2.298040 9.030430 -0.000001
v 2.298040 10.773000 -5.127111
v 0.000000 72.295303 -6.411941
v -3.326520 69.774506 -5.536062
v 3.326520 69.774506 -5.536062
v 3.326520 69.774506 -5.536062
v -3.326520 69.774506 -5.536062
v -3.274640 68.172195 -5.017242
v 3.326520 69.774506 -5.536062
v -3.274640 68.172195 -5.017242
v 3.274640 68.172195 -5.017242
v 3.274640 68.172195 -5.017242
v -3.274640 68.172195 -5.017242
v -3.100680 62.730801 -4.193242
v 3.274640 68.172195 -5.017242
v -3.100680 62.730801 -4.193242
v 3.100680 62.730801 -4.193242
v 3.100680 62.730801 -4.193242
v -3.100680 62.730801 -4.193242
v -3.061010 61.482601 -4.043702
v 3.100680 62.730801 -4.193242
v -3.061010 61.482601 -4.043702
v 3.061010 61.482601 -4.043702
v 3.061010 61.482601 -4.043702
v -3.061010 61.482601 -4.043702
v -2.887050 56.019802 -3.375351
v 3.061010 61.482601 -4.043702
v -2.887050 56.019802 -3.375351
v 2.887050 56.019802 -3.375352
v 2.887050 56.019802 -3.375352
v -2.887050 56.019802 -3.375351
v -2.856530 54.194801 -3.161721
v 2.887050 56.019802 -3.375352
v -2.856530 54.194801 -3.161721
v 2.856530 54.194801 -3.161722
v 2.856530 54.194801 -3.161722
v -2.856530 54.194801 -3.161721
v -2.783290 49.717701 -2.948092
v 2.856530 54.194801 -3.161722
v -2.783290 49.717701 -2.948092
v 2.783290 49.717701 -2.948092
v 2.783290 49.717701 -2.948092
v -2.783290 49.717701 -2.948092
v -2.752770 47.865200 -2.905362
v 2.783290 49.717701 -2.948092
v -2.752770 47.865200 -2.905362
v 2.752770 47.865200 -2.905362
v 3.186130 65.346199 -10.968402
v 3.100680 62.730801 -9.295941
v 3.274640 68.172195 -9.393601
v 3.274640 68.172195 -9.393601
v 3.100680 62.730801 -9.295941
v 3.100680 62.730801 -4.193242
v 3.274640 68.172195 -9.393601
v 3.100680 62.730801 -4.193242
v 3.274640 68.172195 -5.017242
v 3.274640 68.172195 -5.017242
v 3.100680 62.730801 -4.193242
v 2.902310 56.468399 3.823968
v 3.274640 68.172195 -5.017242
v 2.902310 56.468399 3.823968
v 3.445540 73.748001 0.057982
v 3.445540 73.748001 0.057982
v 2.902310 56.468399 3.823968
v 3.445540 76.131500 5.807667
v 3.445540 73.748001 0.057982
v 3.445540 76.131500 5.807667
v 4.571670 74.785599 0.057982
v 4.571670 74.785599 0.057982
v 3.445540 76.131500 5.807667
v 4.571670 76.863899 5.075227
v 4.571670 74.785599 0.057982
v 4.571670 76.863899 5.075227
v 4.571670 86.898399 5.075227
v 4.571670 86.898399 5.075227
v 4.571670 76.863899 5.075227
v 4.571671 81.881203 7.150488
v 4.571670 86.898399 5.075227
v 4.571671 81.881203 7.150488
v 3.445540 81.881203 8.191168
v 3.445540 81.881203 8.191168
v 4.571671 81.881203 7.150488
v 4.571670 76.863899 5.075227
v 3.445540 81.881203 8.191168
v 4.571670 76.863899 5.075227
v 3.445540 76.131500 5.807667
v 2.783290 49.717701 -2.948092
v 2.752770 47.865200 -2.905362
v 2.737510 46.964897 -0.030521
v 2.737510 46.964897 -0.030521
v 2.752770 47.865200 -2.905362
v 2.737510 46.964897 -2.935882
v 2.737510 46.964897 -0.030521
v 2.737510 46.964897 -2.935882
v 2.655110 42.005699 -2.954191
v 2.655110 42.005699 -2.954191
v 2.737510 46.964897 -2.935882
v 0.000000 42.436001 -3.769041
v 2.655110 42.005699 -2.954191
v 0.000000 42.436001 -3.769041
v 0.000000 22.357901 -10.779101
v 0.000000 22.357901 -10.779101
v 0.000000 42.436001 -3.769041
v -2.655110 42.005699 -2.954191
v 0.000000 22.357901 -10.779101
v -2.655110 42.005699 -2.954191
v -2.298040 22.046600 -10.046700
v -2.298040 22.046600 -10.046700
v -2.655110 42.005699 -2.954191
v -2.389600 27.225599 -0.000001
v -2.298040 22.046600 -10.046700
v -2.389600 27.225599 -0.000001
v -2.298040 17.581699 -10.330500
v -2.298040 17.581699 -10.330500
v -2.389600 27.225599 -0.000001
v -2.298040 13.391500 -9.323400
v -2.298040 17.581699 -10.330500
v -2.298040 13.391500 -9.323400
v 0.000000 17.581699 -11.301000
v 0.000000 17.581699 -11.301000
v -2.298040 13.391500 -9.323400
v 0.000000 13.208399 -10.245100
v 0.000000 17.581699 -11.301000
v 0.000000 13.208399 -10.245100
v 2.298039 13.391500 -9.323400
v 0.000000 88.906502 9.277627
v -3.445539 88.390800 8.499397
v -3.445540 91.500595 5.212557
v -3.445540 91.500595 5.212557
v -3.445539 88.390800 8.499397
v -3.622550 87.630898 5.807666
v -3.445540 91.500595 5.212557
v -3.622550 87.630898 5.807666
v -3.445540 88.628799 3.415017
v -3.445540 88.628799 3.415017
v -3.622550 87.630898 5.807666
v -4.571670 86.898399 5.075227
v -3.445540 88.628799 3.415017
v -4.571670 86.898399 5.075227
v -3.695790 90.014305 0.057982
v -3.695790 90.014305 0.057982
v -4.571670 86.898399 5.075227
v -4.571670 88.976700 0.057982
v -3.695790 90.014305 0.057982
v -4.571670 88.976700 0.057982
v -4.571670 86.898399 -4.956213
v -4.571670 86.898399 -4.956213
v -4.571670 88.976700 0.057982
v -4.571670 74.785599 0.057983
v -4.571670 86.898399 -4.956213
v -4.571670 74.785599 0.057983
v -4.571670 76.863899 -4.956213
v -4.571670 76.863899 -4.956213
v -4.571670 74.785599 0.057983
v -3.445540 76.131500 -5.688653
v -4.571670 76.863899 -4.956213
v -3.445540 76.131500 -5.688653
v -3.445540 81.881203 -8.072151
v -3.445540 81.881203 -8.072151
v -3.445540 76.131500 -5.688653
v -3.445540 77.797798 -10.992802
v -3.445540 81.881203 -8.072151
v -3.445540 77.797798 -10.992802
v -3.445540 84.789597 -13.037502
v 3.445540 73.534302 -5.554373
v 3.445539 77.797798 -10.992802
v 0.000000 72.295303 -6.411941
v 0.000000 72.295303 -6.411941
v 3.445539 77.797798 -10.992802
v -0.000001 76.332901 -12.222703
v 0.000000 72.295303 -6.411941
v -0.000001 76.332901 -12.222703
v -3.445540 77.797798 -10.992802
v -3.445540 77.797798 -10.992802
v -0.000001 76.332901 -12.222703
v -0.000001 82.409103 -15.631602
v -3.445540 77.797798 -10.992802
v -0.000001 82.409103 -15.631602
v -3.445540 84.789597 -13.037502
v -3.445540 84.789597 -13.037502
v -0.000001 82.409103 -15.631602
v -0.000001 89.724396 -15.372203
v -3.445540 84.789597 -13.037502
v -0.000001 89.724396 -15.372203
v -3.445540 91.869904 -10.324403
v -3.445540 91.869904 -10.324403
v -0.000001 89.724396 -15.372203
v -0.000001 94.830200 -11.941904
v -3.445540 91.869904 -10.324403
v -0.000001 94.830200 -11.941904
v -3.445540 96.087494 -6.140323
v -3.445540 96.087494 -6.140323
v -0.000001 94.830200 -11.941904
v 0.000000 98.400803 -6.952124
v 2.356031 7.971440 17.154499
v 2.356031 9.903260 15.759799
v 2.356031 5.969420 15.723101
v 2.356031 5.969420 15.723101
v 2.356031 9.903260 15.759799
v 2.356030 9.903260 11.569599
v 2.356031 5.969420 15.723101
v 2.356030 9.903260 11.569599
v 2.359081 5.041660 15.045600
v 2.359081 5.041660 15.045600
v 2.356030 9.903260 11.569599
v 2.359080 7.596059 8.603168
v 2.359081 5.041660 15.045600
v 2.359080 7.596059 8.603168
v 2.359081 4.632711 14.294900
v 2.359081 4.632711 14.294900
v 2.359080 7.596059 8.603168
v 2.359080 3.762930 10.464800
v 2.359081 4.632711 14.294900
v 2.359080 3.762930 10.464800
v 2.359081 1.528980 16.525801
v 2.359081 1.528980 16.525801
v 2.359080 3.762930 10.464800
v 2.359080 1.528981 7.293920
v 2.359081 1.528980 16.525801
v 2.359080 1.528981 7.293920
v 2.359080 -0.790428 10.464800
v 2.359080 -0.790428 10.464800
v 2.359080 1.528981 7.293920
v 2.359080 -0.790428 8.777120
v 2.359080 -8.099610 -2.175969
v 2.359080 -9.509570 -2.175970
v 2.359080 -6.482130 0.000000
v 2.359080 -6.482130 0.000000
v 2.359080 -9.509570 -2.175970
v 2.359080 -15.585799 0.000000
v 2.359080 -6.482130 0.000000
v 2.359080 -15.585799 0.000000
v 2.359080 -9.509570 2.175971
v 2.359080 -9.509570 2.175971
v 2.359080 -15.585799 0.000000
v 2.359080 -13.550200 2.529980
v 2.359080 -9.509570 2.175971
v 2.359080 -13.550200 2.529980
v 2.356030 -9.897149 8.096560
v 2.356030 -9.897149 8.096560
v 2.359080 -13.550200 2.529980
v 2.359080 -14.139199 3.122040
v 2.356030 -9.897149 8.096560
v 2.359080 -14.139199 3.122040
v 2.356030 -14.755700 3.805660
v 2.356030 -14.755700 3.805660
v 2.359080 -14.139199 3.122040
v 0.906400 -17.893000 0.000000
v 2.356030 -14.755700 3.805660
v 0.906400 -17.893000 0.000000
v 0.000000 -19.480000 0.000000
v 0.000000 -19.480000 0.000000
v 0.906400 -17.893000 0.000000
v 2.356030 -14.755700 -3.805660
v 2.359079 3.762929 -8.777120
v 2.359079 3.762929 -10.464800
v 2.359080 1.528979 -7.293920
v 2.359080 1.528979 -7.293920
v 2.359079 3.762929 -10.464800
v 2.359079 1.528980 -16.525801
v 2.359080 1.528979 -7.293920
v 2.359079 1.528980 -16.525801
v 2.359079 -0.790430 -10.464800
v 2.359079 -0.790430 -10.464800
v 2.359079 1.528980 -16.525801
v 2.359079 -1.666310 -14.304000
v 2.359079 -0.790430 -10.464800
v 2.359079 -1.666310 -14.304000
v 2.359079 -5.056921 -8.822900
v 2.359079 -5.056921 -8.822900
v 2.359079 -1.666310 -14.304000
v 2.356029 -2.078310 -15.067000
v 2.359079 -5.056921 -8.822900
v 2.356029 -2.078310 -15.067000
v 2.356030 -7.275610 -10.727299
v 2.356030 -7.275610 -10.727299
v 2.356029 -2.078310 -15.067000
v 2.356029 -3.079320 -15.765900
v 2.356030 -7.275610 -10.727299
v 2.356029 -3.079320 -15.765900
v 2.356029 -7.275610 -15.750600
v 2.356029 -7.275610 -15.750600
v 2.356029 -3.079320 -15.765900
v 2.356029 -5.084381 -17.172800
v -2.359080 -0.790430 -8.777120
v -2.359080 -0.790430 -10.464800
v -2.359080 1.528979 -7.293920
v -2.359080 1.528979 -7.293920
v -2.359080 -0.790430 -10.464800
v -2.359081 1.528980 -16.525801
v -2.359080 1.528979 -7.293920
v -2.359081 1.528980 -16.525801
v -2.359080 3.762929 -10.464800
v -2.359080 3.762929 -10.464800
v -2.359081 1.528980 -16.525801
v -2.359081 4.632709 -14.294900
v -2.359080 3.762929 -10.464800
v -2.359081 4.632709 -14.294900
v -2.359080 7.596059 -8.603170
v -2.359080 7.596059 -8.603170
v -2.359081 4.632709 -14.294900
v -2.359081 5.041659 -15.045600
v -2.359080 7.596059 -8.603170
v -2.359081 5.041659 -15.045600
v -2.356030 9.903260 -11.569601
v -2.356030 9.903260 -11.569601
v -2.359081 5.041659 -15.045600
v -2.356031 5.969419 -15.723101
v -2.356030 9.903260 -11.569601
v -2.356031 5.969419 -15.723101
v -2.356031 9.903260 -15.759801
v -2.356031 9.903260 -15.759801
v -2.356031 5.969419 -15.723101
v -2.356031 7.971439 -17.154499
v -2.359080 -8.099610 2.175971
v -2.359080 -9.509570 2.175971
v -2.359080 -6.482130 0.000000
v -2.359080 -6.482130 0.000000
v -2.359080 -9.509570 2.175971
v -2.359080 -15.585799 0.000000
v -2.359080 -6.482130 0.000000
v -2.359080 -15.585799 0.000000
v -2.359080 -9.509570 -2.175970
v -2.359080 -9.509570 -2.175970
v -2.359080 -15.585799 0.000000
v -2.359080 -13.550200 -2.529979
v -2.359080 -9.509570 -2.175970
v -2.359080 -13.550200 -2.529979
v -2.356030 -9.897151 -8.096559
v -2.356030 -9.897151 -8.096559
v -2.359080 -13.550200 -2.529979
v -2.359080 -14.139199 -3.122040
v -2.356030 -9.897151 -8.096559
v -2.359080 -14.139199 -3.122040
v -2.356030 -14.755700 -3.805660
v -2.356030 -14.755700 -3.805660
v -2.359080 -14.139199 -3.122040
v -0.906400 -17.893000 0.000000
v -2.356030 -14.755700 -3.805660
v -0.906400 -17.893000 0.000000
v 0.000000 -19.480000 0.000000
v 0.000000 -19.480000 0.000000
v -0.906400 -17.893000 0.000000
v -2.356030 -14.755700 3.805660
v -2.359079 3.762930 8.777120
v -2.359079 3.762930 10.464800
v -2.359080 1.528981 7.293920
v -2.359080 1.528981 7.293920
v -2.359079 3.762930 10.464800
v -2.359079 1.528980 16.525801
v -2.359080 1.528981 7.293920
v -2.359079 1.528980 16.525801
v -2.359079 -0.790428 10.464800
v -2.359079 -0.790428 10.464800
v -2.359079 1.528980 16.525801
v -2.359079 -1.666310 14.304000
v -2.359079 -0.790428 10.464800
v -2.359079 -1.666310 14.304000
v -2.359079 -5.056921 8.822900
v -2.359079 -5.056921 8.822900
v -2.359079 -1.666310 14.304000
v -2.356029 -2.078310 15.067000
v -2.359079 -5.056921 8.822900
v -2.356029 -2.078310 15.067000
v -2.356030 -7.275609 10.727301
v -2.356030 -7.275609 10.727301
v -2.356029 -2.078310 15.067000
v -2.356029 -3.079320 15.765900
v -2.356030 -7.275609 10.727301
v -2.356029 -3.079320 15.765900
v -2.356029 -7.275609 15.750602
v -2.356029 -7.275609 15.750602
v -2.356029 -3.079320 15.765900
v -2.356029 -5.084380 17.172800
v 2.887050 56.019802 -3.375352
v 2.856530 54.194801 -3.161722
v 2.902310 56.468399 3.823968
v 2.902310 56.468399 3.823968
v 2.856530 54.194801 -3.161722
v 2.737510 46.964897 -0.030521
v 2.902310 56.468399 3.823968
v 2.737510 46.964897 -0.030521
v 2.389600 27.225599 -0.000001
v 2.389600 27.225599 -0.000001
v 2.737510 46.964897 -0.030521
v 2.655110 42.005699 -2.954191
v 2.389600 27.225599 -0.000001
v 2.655110 42.005699 -2.954191
v 2.298039 22.046600 -10.046700
v 2.298039 22.046600 -10.046700
v 2.655110 42.005699 -2.954191
v 0.000000 22.357901 -10.779101
v 2.298039 22.046600 -10.046700
v 0.000000 22.357901 -10.779101
v 0.000000 17.581699 -11.301000
v 0.000000 17.581699 -11.301000
v 0.000000 22.357901 -10.779101
v -2.298040 22.046600 -10.046700
v 0.000000 17.581699 -11.301000
v -2.298040 22.046600 -10.046700
v -2.298040 17.581699 -10.330500
v 2.298040 25.598898 7.013149
v 0.000000 22.342600 10.107698
v 0.000000 26.133001 7.654039
v 0.000000 26.133001 7.654039
v 0.000000 22.342600 10.107698
v -2.298040 25.598898 7.013149
v 0.000000 26.133001 7.654039
v -2.298040 25.598898 7.013149
v -2.407910 28.223499 3.823969
v -2.407910 28.223499 3.823969
v -2.298040 25.598898 7.013149
v -2.389600 27.225599 -0.000001
v -2.407910 28.223499 3.823969
v -2.389600 27.225599 -0.000001
v -2.902310 56.468399 3.823968
v -2.902310 56.468399 3.823968
v -2.389600 27.225599 -0.000001
v -2.737510 46.964897 -0.030520
v -2.902310 56.468399 3.823968
v -2.737510 46.964897 -0.030520
v -2.856530 54.194801 -3.161721
v -2.856530 54.194801 -3.161721
v -2.737510 46.964897 -0.030520
v -2.783290 49.717701 -2.948092
v -4.571670 86.898399 5.075227
v -4.571670 76.863899 5.075227
v -4.571670 74.785599 0.057983
v -4.571670 74.785599 0.057983
v -4.571670 76.863899 5.075227
v -3.445540 76.131500 5.807667
v -4.571670 74.785599 0.057983
v -3.445540 76.131500 5.807667
v -3.445540 73.748001 0.057983
v -3.445540 73.748001 0.057983
v -3.445540 76.131500 5.807667
v -2.902310 56.468399 3.823968
v -3.445540 73.748001 0.057983
v -2.902310 56.468399 3.823968
v -3.274640 68.172195 -5.017242
v -3.274640 68.172195 -5.017242
v -2.902310 56.468399 3.823968
v -3.100680 62.730801 -4.193242
v -3.274640 68.172195 -5.017242
v -3.100680 62.730801 -4.193242
v -3.274641 68.172195 -9.393601
v -3.274641 68.172195 -9.393601
v -3.100680 62.730801 -4.193242
v -3.100681 62.730801 -9.295941
v -0.000001 76.332901 -12.222703
v 3.445539 77.797798 -10.992802
v -0.000001 82.409103 -15.631602
v -0.000001 82.409103 -15.631602
v 3.445539 77.797798 -10.992802
v 3.445539 84.789597 -13.037502
v -0.000001 82.409103 -15.631602
v 3.445539 84.789597 -13.037502
v -0.000001 89.724396 -15.372203
v -0.000001 89.724396 -15.372203
v 3.445539 84.789597 -13.037502
v 3.445539 91.869904 -10.324403
v -0.000001 89.724396 -15.372203
v 3.445539 91.869904 -10.324403
v -0.000001 94.830200 -11.941904
v -0.000001 94.830200 -11.941904
v 3.445539 91.869904 -10.324403
v 3.445540 96.087494 -6.140323
v -0.000001 94.830200 -11.941904
v 3.445540 96.087494 -6.140323
v 0.000000 98.400803 -6.952124
v 2.563550 98.638901 -1.165813
v 3.445540 96.087494 -6.140323
v 3.695790 90.014305 0.057982
v 3.695790 90.014305 0.057982
v 3.445540 96.087494 -6.140323
v 3.622550 87.630898 -5.688653
v 3.695790 90.014305 0.057982
v 3.622550 87.630898 -5.688653
v 4.571670 86.898399 -4.956213
v 4.571670 86.898399 -4.956213
v 3.622550 87.630898 -5.688653
v 3.445540 81.881203 -8.072151
v 4.571670 86.898399 -4.956213
v 3.445540 81.881203 -8.072151
v 4.571670 81.881203 -7.034522
v 4.571670 81.881203 -7.034522
v 3.445540 81.881203 -8.072151
v 4.571670 76.863899 -4.956213
v 4.571670 81.881203 -7.034522
v 4.571670 76.863899 -4.956213
v 4.571670 86.898399 -4.956213
v 2.298040 10.773000 -5.127111
v 2.298039 13.391500 -9.323400
v 2.359079 7.596059 -8.603170
v 2.359079 7.596059 -8.603170
v 2.298039 13.391500 -9.323400
v 2.356030 9.903260 -11.569601
v 2.359079 7.596059 -8.603170
v 2.356030 9.903260 -11.569601
v 2.359079 5.041659 -15.045600
v 2.359079 5.041659 -15.045600
v 2.356030 9.903260 -11.569601
v 2.356029 5.969419 -15.723101
v 2.359079 5.041659 -15.045600
v 2.356029 5.969419 -15.723101
v 0.958280 1.535080 -18.814699
v 0.958280 1.535080 -18.814699
v 2.356029 5.969419 -15.723101
v -0.000001 1.528979 -20.841099
v 0.958280 1.535080 -18.814699
v -0.000001 1.528979 -20.841099
v 2.356029 -3.079320 -15.765900
v -4.571670 86.898399 -4.956213
v -4.571670 76.863899 -4.956213
v -4.571671 81.881203 -7.034522
v -4.571671 81.881203 -7.034522
v -4.571670 76.863899 -4.956213
v -3.445540 81.881203 -8.072151
v -4.571671 81.881203 -7.034522
v -3.445540 81.881203 -8.072151
v -4.571670 86.898399 -4.956213
v -4.571670 86.898399 -4.956213
v -3.445540 81.881203 -8.072151
v -3.622550 87.630898 -5.688653
v -4.571670 86.898399 -4.956213
v -3.622550 87.630898 -5.688653
v -3.695790 90.014305 0.057982
v -3.695790 90.014305 0.057982
v -3.622550 87.630898 -5.688653
v -3.445540 96.087494 -6.140323
v -3.695790 90.014305 0.057982
v -3.445540 96.087494 -6.140323
v -2.563550 98.638901 -1.165813
v -2.298040 10.785200 5.099639
v -2.298039 13.391501 9.323400
v -2.359079 7.596059 8.603168
v -2.359079 7.596059 8.603168
v -2.298039 13.391501 9.323400
v -2.356030 9.903260 11.569599
v -2.359079 7.596059 8.603168
v -2.356030 9.903260 11.569599
v -2.359079 5.041660 15.045600
v -2.359079 5.041660 15.045600
v -2.356030 9.903260 11.569599
v -2.356029 5.969420 15.723101
v -2.359079 5.041660 15.045600
v -2.356029 5.969420 15.723101
v -0.958280 1.535080 18.814699
v -0.958280 1.535080 18.814699
v -2.356029 5.969420 15.723101
v 0.000001 1.528980 20.841099
v -0.958280 1.535080 18.814699
v 0.000001 1.528980 20.841099
v -2.356029 -3.079320 15.765900
v 2.359081 1.528980 16.525801
v 2.359080 -0.790428 10.464800
v 2.359081 -1.666310 14.304000
v 2.359081 -1.666310 14.304000
v 2.359080 -0.790428 10.464800
v 2.359080 -5.056921 8.822900
v 2.359081 -1.666310 14.304000
v 2.359080 -5.056921 8.822900
v 2.356031 -2.078310 15.067000
v 2.356031 -2.078310 15.067000
v 2.359080 -5.056921 8.822900
v 2.356030 -7.275609 10.727301
v 2.356031 -2.078310 15.067000
v 2.356030 -7.275609 10.727301
v 2.356031 -3.079320 15.765900
v 2.356031 -3.079320 15.765900
v 2.356030 -7.275609 10.727301
v 2.356031 -7.275609 15.750602
v 2.356031 -3.079320 15.765900
v 2.356031 -7.275609 15.750602
v 2.356031 -5.084380 17.172800
v -2.359081 1.528980 -16.525801
v -2.359080 -0.790430 -10.464800
v -2.359081 -1.666310 -14.304000
v -2.359081 -1.666310 -14.304000
v -2.359080 -0.790430 -10.464800
v -2.359080 -5.056921 -8.822900
v -2.359081 -1.666310 -14.304000
v -2.359080 -5.056921 -8.822900
v -2.356031 -2.078310 -15.067000
v -2.356031 -2.078310 -15.067000
v -2.359080 -5.056921 -8.822900
v -2.356030 -7.275610 -10.727299
v -2.356031 -2.078310 -15.067000
v -2.356030 -7.275610 -10.727299
v -2.356031 -3.079320 -15.765900
v -2.356031 -3.079320 -15.765900
v -2.356030 -7.275610 -10.727299
v -2.356031 -7.275610 -15.750600
v -2.356031 -3.079320 -15.765900
v -2.356031 -7.275610 -15.750600
v -2.356031 -5.084381 -17.172800
v 3.411969 72.432602 -14.719103
v 3.326519 69.774506 -13.162602
v 3.445539 73.534302 -13.934803
v 3.445539 73.534302 -13.934803
v 3.326519 69.774506 -13.162602
v 3.326520 69.774506 -5.536062
v 3.445539 73.534302 -13.934803
v 3.326520 69.774506 -5.536062
v 3.445540 73.534302 -5.554373
v 3.445540 73.534302 -5.554373
v 3.326520 69.774506 -5.536062
v 3.445540 73.748001 0.057982
v 3.445540 73.534302 -5.554373
v 3.445540 73.748001 0.057982
v 3.445540 76.131500 -5.688653
v 3.445540 76.131500 -5.688653
v 3.445540 73.748001 0.057982
v 4.571670 74.785599 0.057982
v 3.445540 76.131500 5.807667
v 2.902310 56.468399 3.823968
v 3.445540 79.207703 10.580798
v 3.445540 79.207703 10.580798
v 2.902310 56.468399 3.823968
v 0.000000 56.196804 4.596088
v 3.445540 79.207703 10.580798
v 0.000000 56.196804 4.596088
v 0.000000 79.183296 11.423098
v 0.000000 79.183296 11.423098
v 0.000000 56.196804 4.596088
v -3.445539 79.207703 10.580798
v 0.000000 79.183296 11.423098
v -3.445539 79.207703 10.580798
v -3.445539 83.657303 10.953097
v -3.445539 83.657303 10.953097
v -3.445539 79.207703 10.580798
v -3.445539 81.881203 8.191168
v 2.359080 -0.790428 10.464800
v 2.359080 -0.790428 8.777120
v 0.000000 -0.790428 8.777120
v 0.000000 -0.790428 8.777120
v 2.359080 -0.790428 8.777120
v 2.359080 1.528981 7.293920
v 0.000000 -0.790428 8.777120
v 2.359080 1.528981 7.293920
v -2.359080 1.528981 7.293920
v -2.359080 1.528981 7.293920
v 2.359080 1.528981 7.293920
v 0.000000 3.762930 8.850370
v -2.359080 1.528981 7.293920
v 0.000000 3.762930 8.850370
v -2.359079 3.762930 8.777120
v -2.359079 3.762930 8.777120
v 0.000000 3.762930 8.850370
v -2.359079 3.762930 10.464800
v 2.359079 3.762929 -10.464800
v 2.359079 3.762929 -8.777120
v 0.000000 3.762929 -8.850370
v 0.000000 3.762929 -8.850370
v 2.359079 3.762929 -8.777120
v 2.359080 1.528979 -7.293920
v 0.000000 3.762929 -8.850370
v 2.359080 1.528979 -7.293920
v -2.359080 1.528979 -7.293920
v -2.359080 1.528979 -7.293920
v 2.359080 1.528979 -7.293920
v 0.000000 -0.790430 -8.777120
v -2.359080 1.528979 -7.293920
v 0.000000 -0.790430 -8.777120
v -2.359080 -0.790430 -8.777120
v -2.359080 -0.790430 -8.777120
v 0.000000 -0.790430 -8.777120
v -2.359080 -0.790430 -10.464800
v 2.359080 -9.509570 -2.175970
v 2.359080 -8.099610 -2.175969
v 0.000000 -8.099610 -2.175969
v 0.000000 -8.099610 -2.175969
v 2.359080 -8.099610 -2.175969
v 2.359080 -6.482130 0.000000
v 0.000000 -8.099610 -2.175969
v 2.359080 -6.482130 0.000000
v -2.359080 -6.482130 0.000000
v -2.359080 -6.482130 0.000000
v 2.359080 -6.482130 0.000000
v 0.000000 -8.099610 2.175971
v -2.359080 -6.482130 0.000000
v 0.000000 -8.099610 2.175971
v -2.359080 -8.099610 2.175971
v -2.359080 -8.099610 2.175971
v 0.000000 -8.099610 2.175971
v -2.359080 -9.509570 2.175971
v 2.972500 58.708500 -7.742552
v 2.887050 56.019802 -6.128122
v 3.061010 61.482601 -6.051822
v 3.061010 61.482601 -6.051822
v 2.887050 56.019802 -6.128122
v 2.887050 56.019802 -3.375352
v 3.061010 61.482601 -4.043702
v 2.887050 56.019802 -3.375352
v 2.902310 56.468399 3.823968
v 3.061010 61.482601 -4.043702
v 2.902310 56.468399 3.823968
v 3.100680 62.730801 -4.193242
v -3.326520 69.774506 -5.536062
v -3.445541 73.534302 -13.934803
v -3.445540 73.534302 -5.554373
v -3.326520 69.774506 -5.536062
v -3.445540 73.534302 -5.554373
v -3.445540 73.748001 0.057983
v -3.445540 73.748001 0.057983
v -3.445540 73.534302 -5.554373
v -3.445540 76.131500 -5.688653
v -3.445540 73.748001 0.057983
v -3.445540 76.131500 -5.688653
v -4.571670 74.785599 0.057983
v 2.298040 9.030430 -0.000001
v 0.000000 6.561480 2.337719
v 2.298040 10.785200 5.099639
v 2.298040 10.785200 5.099639
v 0.000000 6.561480 2.337719
v 0.000000 7.898190 6.262401
v 2.298040 10.785200 5.099639
v 0.000000 7.898190 6.262401
v 2.359080 7.596059 8.603168
v 2.359080 7.596059 8.603168
v 0.000000 7.898190 6.262401
v 0.000000 3.762930 8.850370
v 2.359080 7.596059 8.603168
v 0.000000 3.762930 8.850370
v 2.359080 3.762930 10.464800
v -2.356031 -3.079320 -15.765900
v -2.356031 -5.084381 -17.172800
v 2.356029 -5.084381 -17.172800
v 2.356029 -5.084381 -17.172800
v -2.356031 -5.084381 -17.172800
v -2.356031 -7.275610 -15.750600
v 2.356029 -5.084381 -17.172800
v -2.356031 -7.275610 -15.750600
v 2.356029 -7.275610 -15.750600
v 2.356029 -7.275610 -15.750600
v -2.356031 -7.275610 -15.750600
v -0.000001 -7.275610 -11.960199
v 2.356029 -7.275610 -15.750600
v -0.000001 -7.275610 -11.960199
v 2.356030 -7.275610 -10.727299
v 2.359080 -0.790428 10.464800
v 0.000000 -0.790428 8.777120
v 2.359080 -5.056921 8.822900
v 2.359080 -5.056921 8.822900
v 0.000000 -0.790428 8.777120
v 0.000000 -5.667291 6.540120
v 2.359080 -5.056921 8.822900
v 0.000000 -5.667291 6.540120
v 2.359080 -7.907351 5.749691
v 2.359080 -7.907351 5.749691
v 0.000000 -5.667291 6.540120
v 0.000000 -8.099610 2.175971
v 2.359080 -7.907351 5.749691
v 0.000000 -8.099610 2.175971
v 2.359080 -9.509570 2.175971
v 2.298040 9.030430 -0.000001
v 2.298040 10.785200 5.099639
v 2.389600 27.225599 -0.000001
v 2.389600 27.225599 -0.000001
v 2.298040 10.785200 5.099639
v 2.298040 13.391501 9.323400
v 2.389600 27.225599 -0.000001
v 2.298040 13.391501 9.323400
v 2.298040 17.581699 10.330500
v 2.298040 17.581699 10.330500
v 2.298040 13.391501 9.323400
v 0.000000 17.581699 11.133200
v 2.298040 17.581699 10.330500
v 0.000000 17.581699 11.133200
v 2.298040 21.958099 9.427169
v 0.000000 96.087494 -6.140323
v 3.445540 96.087494 -6.140323
v 0.000000 98.638901 -1.165813
v 0.000000 98.638901 -1.165813
v 3.445540 96.087494 -6.140323
v 2.563550 98.638901 -1.165813
v 0.000000 98.638901 -1.165813
v 2.563550 98.638901 -1.165813
v 0.000000 100.000000 4.562516
v 0.000000 100.000000 4.562516
v 2.563550 98.638901 -1.165813
v 1.342810 100.000000 4.562516
v 0.000000 100.000000 4.562516
v 1.342810 100.000000 4.562516
v 0.000000 99.694801 10.345798
v 2.298039 22.046600 -10.046700
v 0.000000 17.581699 -11.301000
v 2.298039 17.581699 -10.330500
v 2.298039 17.581699 -10.330500
v 0.000000 17.581699 -11.301000
v 2.298039 13.391500 -9.323400
v 2.298039 17.581699 -10.330500
v 2.298039 13.391500 -9.323400
v 2.389600 27.225599 -0.000001
v 2.389600 27.225599 -0.000001
v 2.298039 13.391500 -9.323400
v 2.298040 10.773000 -5.127111
v 2.389600 27.225599 -0.000001
v 2.298040 10.773000 -5.127111
v 2.298040 9.030430 -0.000001
v 2.737510 46.964897 -2.935882
v 0.000000 46.964897 -3.759881
v 0.000000 42.436001 -3.769041
v 0.000000 42.436001 -3.769041
v 0.000000 46.964897 -3.759881
v -2.737510 46.964897 -2.935882
v 0.000000 42.436001 -3.769041
v -2.737510 46.964897 -2.935882
v -2.655110 42.005699 -2.954191
v -2.655110 42.005699 -2.954191
v -2.737510 46.964897 -2.935882
v -2.737510 46.964897 -0.030520
v -2.655110 42.005699 -2.954191
v -2.737510 46.964897 -0.030520
v -2.389600 27.225599 -0.000001
v 2.356030 -7.275609 10.727301
v 0.000001 -7.275609 11.960201
v 2.356031 -7.275609 15.750602
v 2.356031 -7.275609 15.750602
v 0.000001 -7.275609 11.960201
v -2.356029 -7.275609 15.750602
v 2.356031 -7.275609 15.750602
v -2.356029 -7.275609 15.750602
v 2.356031 -5.084380 17.172800
v 2.356031 -5.084380 17.172800
v -2.356029 -7.275609 15.750602
v -2.356029 -5.084380 17.172800
v 2.356031 -5.084380 17.172800
v -2.356029 -5.084380 17.172800
v -2.356029 -3.079320 15.765900
v -2.359079 -1.666310 14.304000
v 2.359081 -1.666310 14.304000
v -2.356029 -2.078310 15.067000
v -2.356029 -2.078310 15.067000
v 2.359081 -1.666310 14.304000
v 2.356031 -2.078310 15.067000
v -2.356029 -2.078310 15.067000
v 2.356031 -2.078310 15.067000
v -0.958280 1.535080 18.814699
v -0.958280 1.535080 18.814699
v 2.356031 -2.078310 15.067000
v 0.958282 1.535080 18.814699
v -0.958280 1.535080 18.814699
v 0.958282 1.535080 18.814699
v 2.359081 5.041660 15.045600
v 0.000000 3.762929 -8.850370
v -2.359080 7.596059 -8.603170
v 0.000000 7.898190 -6.262401
v 0.000000 7.898190 -6.262401
v -2.359080 7.596059 -8.603170
v -2.298040 10.773000 -5.127111
v 0.000000 7.898190 -6.262401
v -2.298040 10.773000 -5.127111
v 0.000000 6.561480 -2.337720
v 0.000000 6.561480 -2.337720
v -2.298040 10.773000 -5.127111
v -2.298040 9.030430 -0.000001
v 0.000000 6.561480 -2.337720
v -2.298040 9.030430 -0.000001
v -1.495410 4.861600 -0.000000
v 2.356030 9.903260 -11.569601
v -0.000001 9.906310 -12.595000
v 2.356029 9.903260 -15.759801
v 2.356029 9.903260 -15.759801
v -0.000001 9.906310 -12.595000
v -2.356031 9.903260 -15.759801
v 2.356029 9.903260 -15.759801
v -2.356031 9.903260 -15.759801
v 2.356029 7.971439 -17.154499
v 2.356029 7.971439 -17.154499
v -2.356031 9.903260 -15.759801
v -2.356031 7.971439 -17.154499
v 2.356029 7.971439 -17.154499
v -2.356031 7.971439 -17.154499
v -2.356031 5.969419 -15.723101
v 2.356030 -9.897151 -8.096559
v 0.000000 -10.959201 -8.096560
v 2.356030 -14.743501 -8.096560
v 2.356030 -14.743501 -8.096560
v 0.000000 -10.959201 -8.096560
v -2.356030 -14.743501 -8.096560
v 2.356030 -14.743501 -8.096560
v -2.356030 -14.743501 -8.096560
v 2.356030 -16.266399 -5.792408
v 2.356030 -16.266399 -5.792408
v -2.356030 -14.743501 -8.096560
v -2.356030 -16.266399 -5.792408
v 2.356030 -16.266399 -5.792408
v -2.356030 -16.266399 -5.792408
v -2.356030 -14.755700 -3.805660
v 2.359080 -9.509570 -2.175970
v 0.000000 -8.099610 -2.175969
v 2.359080 -7.907351 -5.749691
v 2.359080 -7.907351 -5.749691
v 0.000000 -8.099610 -2.175969
v 0.000000 -5.667291 -6.540120
v 2.359080 -7.907351 -5.749691
v 0.000000 -5.667291 -6.540120
v 2.359079 -5.056921 -8.822900
v 2.359079 -5.056921 -8.822900
v 0.000000 -5.667291 -6.540120
v 0.000000 -0.790430 -8.777120
v 2.359079 -5.056921 -8.822900
v 0.000000 -0.790430 -8.777120
v 2.359079 -0.790430 -10.464800
v 2.359080 -15.585799 0.000000
v 2.359080 -9.509570 -2.175970
v 2.359080 -13.550200 -2.529979
v 2.359080 -13.550200 -2.529979
v 2.359080 -9.509570 -2.175970
v 2.356030 -9.897151 -8.096559
v 2.359080 -13.550200 -2.529979
v 2.356030 -9.897151 -8.096559
v 2.359080 -14.139199 -3.122040
v 2.359080 -14.139199 -3.122040
v 2.356030 -9.897151 -8.096559
v 2.356030 -14.755700 -3.805660
v 2.359080 -14.139199 -3.122040
v 2.356030 -14.755700 -3.805660
v 0.906400 -17.893000 0.000000
v -2.359080 -15.585799 0.000000
v -2.359080 -9.509570 2.175971
v -2.359080 -13.550200 2.529980
v -2.359080 -13.550200 2.529980
v -2.359080 -9.509570 2.175971
v -2.356030 -9.897149 8.096560
v -2.359080 -13.550200 2.529980
v -2.356030 -9.897149 8.096560
v -2.359080 -14.139199 3.122040
v -2.359080 -14.139199 3.122040
v -2.356030 -9.897149 8.096560
v -2.356030 -14.755700 3.805660
v -2.359080 -14.139199 3.122040
v -2.356030 -14.755700 3.805660
v -0.906400 -17.893000 0.000000
v 0.000000 99.694801 10.345798
v -1.342810 100.000000 4.562516
v 0.000000 100.000000 4.562516
v 0.000000 100.000000 4.562516
v -1.342810 100.000000 4.562516
v -2.563550 98.638901 -1.165813
v 0.000000 100.000000 4.562516
v -2.563550 98.638901 -1.165813
v 0.000000 98.638901 -1.165813
v 0.000000 98.638901 -1.165813
v -2.563550 98.638901 -1.165813
v -3.445540 96.087494 -6.140323
v 0.000000 98.638901 -1.165813
v -3.445540 96.087494 -6.140323
v 0.000000 96.087494 -6.140323
v -2.356029 5.969420 15.723101
v -2.356029 7.971440 17.154499
v 2.356031 7.971440 17.154499
v 2.356031 7.971440 17.154499
v -2.356029 7.971440 17.154499
v -2.356029 9.903260 15.759799
v 2.356031 7.971440 17.154499
v -2.356029 9.903260 15.759799
v 2.356031 9.903260 15.759799
v 2.356031 9.903260 15.759799
v -2.356029 9.903260 15.759799
v 0.000001 9.906310 12.594998
v 2.356031 9.903260 15.759799
v 0.000001 9.906310 12.594998
v 2.356030 9.903260 11.569599
v -3.445539 83.657303 10.953097
v 0.000001 84.109001 11.731297
v 0.000000 79.183296 11.423098
v 0.000000 79.183296 11.423098
v 0.000001 84.109001 11.731297
v 3.445540 83.657303 10.953097
v 0.000000 79.183296 11.423098
v 3.445540 83.657303 10.953097
v 3.445540 79.207703 10.580798
v 3.445540 79.207703 10.580798
v 3.445540 83.657303 10.953097
v 3.445540 81.881203 8.191168
v 3.445540 79.207703 10.580798
v 3.445540 81.881203 8.191168
v 3.445540 76.131500 5.807667
v -2.359080 -9.509570 2.175971
v 0.000000 -8.099610 2.175971
v -2.359080 -7.907351 5.749691
v -2.359080 -7.907351 5.749691
v 0.000000 -8.099610 2.175971
v 0.000000 -5.667291 6.540120
v -2.359080 -7.907351 5.749691
v 0.000000 -5.667291 6.540120
v -2.359079 -5.056921 8.822900
v -2.359079 -5.056921 8.822900
v 0.000000 -5.667291 6.540120
v 0.000000 -0.790428 8.777120
v -2.359079 -5.056921 8.822900
v 0.000000 -0.790428 8.777120
v -2.359079 -0.790428 10.464800
v -2.356030 -14.755700 3.805660
v -2.356030 -16.266399 5.792410
v 2.356030 -16.266399 5.792410
v 2.356030 -16.266399 5.792410
v -2.356030 -16.266399 5.792410
v -2.356030 -14.743499 8.096560
v 2.356030 -16.266399 5.792410
v -2.356030 -14.743499 8.096560
v 2.356030 -14.743499 8.096560
v 2.356030 -14.743499 8.096560
v -2.356030 -14.743499 8.096560
v 0.000000 -10.959199 8.096560
v 2.356030 -14.743499 8.096560
v 0.000000 -10.959199 8.096560
v 2.356030 -9.897149 8.096560
v -3.100680 62.730801 -4.193242
v -2.902310 56.468399 3.823968
v -3.061010 61.482601 -4.043702
v -3.061010 61.482601 -4.043702
v -2.902310 56.468399 3.823968
v -2.887050 56.019802 -3.375351
v -3.061010 61.482601 -4.043702
v -2.887050 56.019802 -3.375351
v -3.061010 61.482601 -6.051822
v -3.061010 61.482601 -6.051822
v -2.887050 56.019802 -3.375351
v -2.887050 56.019802 -6.128122
v -3.061010 61.482601 -6.051822
v -2.887050 56.019802 -6.128122
v -2.972500 58.708500 -7.742552
v -2.359080 -0.790430 -10.464800
v 0.000000 -0.790430 -8.777120
v -2.359080 -5.056921 -8.822900
v -2.359080 -5.056921 -8.822900
v 0.000000 -0.790430 -8.777120
v 0.000000 -5.667291 -6.540120
v -2.359080 -5.056921 -8.822900
v 0.000000 -5.667291 -6.540120
v -2.359080 -7.907351 -5.749691
v -2.359080 -7.907351 -5.749691
v 0.000000 -5.667291 -6.540120
v 0.000000 -8.099610 -2.175969
v -2.359080 -7.907351 -5.749691
v 0.000000 -8.099610 -2.175969
v -2.359080 -9.509570 -2.175970
v -2.359081 4.632709 -14.294900
v 2.359079 4.632709 -14.294900
v -2.359081 5.041659 -15.045600
v -2.359081 5.041659 -15.045600
v 2.359079 4.632709 -14.294900
v 2.359079 5.041659 -15.045600
v -2.359081 5.041659 -15.045600
v 2.359079 5.041659 -15.045600
v -0.958282 1.535080 -18.814699
v -0.958282 1.535080 -18.814699
v 2.359079 5.041659 -15.045600
v 0.958280 1.535080 -18.814699
v -0.958282 1.535080 -18.814699
v 0.958280 1.535080 -18.814699
v 2.356029 -2.078310 -15.067000
v 4.571670 86.898399 5.075227
v 3.445540 81.881203 8.191168
v 3.622550 87.630898 5.807666
v 3.622550 87.630898 5.807666
v 3.445540 81.881203 8.191168
v 3.445540 83.657303 10.953097
v 3.622550 87.630898 5.807666
v 3.445540 83.657303 10.953097
v 3.445540 88.390800 8.499397
v 3.445540 88.390800 8.499397
v 3.445540 83.657303 10.953097
v 0.000001 84.109001 11.731297
v 2.359080 -14.139199 3.122040
v 2.359080 -13.550200 2.529980
v -2.359080 -13.550200 2.529980
v -2.359080 -13.550200 2.529980
v 2.359080 -13.550200 2.529980
v 2.359080 -15.585799 0.000000
v -2.359080 -13.550200 2.529980
v 2.359080 -15.585799 0.000000
v -2.359080 -15.585799 0.000000
v -2.359080 -15.585799 0.000000
v 2.359080 -15.585799 0.000000
v -2.359080 -13.550200 -2.529979
v 2.359079 3.762929 -10.464800
v 0.000000 3.762929 -8.850370
v 2.359079 7.596059 -8.603170
v 2.359079 7.596059 -8.603170
v 0.000000 3.762929 -8.850370
v 0.000000 7.898190 -6.262401
v 2.359079 7.596059 -8.603170
v 0.000000 7.898190 -6.262401
v 2.298040 10.773000 -5.127111
v 2.298040 10.773000 -5.127111
v 0.000000 7.898190 -6.262401
v 0.000000 6.561480 -2.337720
v -2.359079 3.762930 10.464800
v 0.000000 3.762930 8.850370
v -2.359079 7.596059 8.603168
v -2.359079 7.596059 8.603168
v 0.000000 3.762930 8.850370
v 0.000000 7.898190 6.262401
v -2.359079 7.596059 8.603168
v 0.000000 7.898190 6.262401
v -2.298040 10.785200 5.099639
v -2.298040 10.785200 5.099639
v 0.000000 7.898190 6.262401
v 0.000000 6.561480 2.337719
v 3.061010 61.482601 -4.043702
v 2.887050 56.019802 -3.375352
v 3.061010 61.482601 -6.051822
v -3.411971 72.432602 -14.719103
v -3.326520 69.774506 -13.162602
v -3.445541 73.534302 -13.934803
v -3.445541 73.534302 -13.934803
v -3.326520 69.774506 -13.162602
v -3.326520 69.774506 -5.536062
v -3.186131 65.346199 -10.968402
v -3.100681 62.730801 -9.295941
v -3.274641 68.172195 -9.393601
v 3.445540 96.087494 -6.140323
v 3.445539 91.869904 -10.324403
v 3.622550 87.630898 -5.688653
v 3.622550 87.630898 -5.688653
v 3.445539 91.869904 -10.324403
v 3.445539 84.789597 -13.037502
v 3.622550 87.630898 -5.688653
v 3.445539 84.789597 -13.037502
v 3.445540 81.881203 -8.072151
v -2.359080 -14.139199 3.122040
v -0.906400 -17.893000 0.000000
v 0.906400 -17.893000 0.000000
v 0.906400 -17.893000 0.000000
v -0.906400 -17.893000 0.000000
v -2.359080 -14.139199 -3.122040
v 0.906400 -17.893000 0.000000
v -2.359080 -14.139199 -3.122040
v 2.359080 -14.139199 -3.122040
v 2.563550 98.638901 -1.165813
v 3.695790 90.014305 0.057982
v 1.342810 100.000000 4.562516
v 1.342810 100.000000 4.562516
v 3.695790 90.014305 0.057982
v 3.445540 88.628799 3.415017
v 1.342810 100.000000 4.562516
v 3.445540 88.628799 3.415017
v 0.000000 99.694801 10.345798
v 2.359080 -15.585799 0.000000
v 2.359080 -13.550200 -2.529979
v -2.359080 -13.550200 -2.529979
v -2.359080 -13.550200 -2.529979
v 2.359080 -13.550200 -2.529979
v 2.359080 -14.139199 -3.122040
v -2.359080 -13.550200 -2.529979
v 2.359080 -14.139199 -3.122040
v -2.359080 -14.139199 -3.122040
v 2.356030 -7.275609 10.727301
v 2.356030 -9.897149 8.096560
v 0.000001 -7.275609 11.960201
v 0.000001 -7.275609 11.960201
v 2.356030 -9.897149 8.096560
v 0.000000 -10.959199 8.096560
v 0.000001 -7.275609 11.960201
v 0.000000 -10.959199 8.096560
v -2.356030 -9.897149 8.096560
v 2.359081 4.632711 14.294900
v 2.359081 1.528980 16.525801
v -2.359079 1.528980 16.525801
v -2.359079 1.528980 16.525801
v 2.359081 1.528980 16.525801
v 2.359081 -1.666310 14.304000
v -2.359079 1.528980 16.525801
v 2.359081 -1.666310 14.304000
v -2.359079 -1.666310 14.304000
v 2.359080 -9.509570 2.175971
v 2.356030 -9.897149 8.096560
v 2.359080 -7.907351 5.749691
v 2.359080 -7.907351 5.749691
v 2.356030 -9.897149 8.096560
v 2.356030 -7.275609 10.727301
v 2.359080 -7.907351 5.749691
v 2.356030 -7.275609 10.727301
v 2.359080 -5.056921 8.822900
v 2.356030 -7.275610 -10.727299
v -0.000001 -7.275610 -11.960199
v 0.000000 -10.959201 -8.096560
v 0.000000 -10.959201 -8.096560
v -0.000001 -7.275610 -11.960199
v -2.356030 -7.275610 -10.727299
v 0.000000 -10.959201 -8.096560
v -2.356030 -7.275610 -10.727299
v -2.356030 -9.897151 -8.096559
v -2.298039 13.391501 9.323400
v 0.000000 13.647902 10.156600
v 0.000001 9.906310 12.594998
v 0.000001 9.906310 12.594998
v 0.000000 13.647902 10.156600
v 2.298040 13.391501 9.323400
v 0.000001 9.906310 12.594998
v 2.298040 13.391501 9.323400
v 2.356030 9.903260 11.569599
v 2.359079 -5.056921 -8.822900
v 2.356030 -7.275610 -10.727299
v 2.359080 -7.907351 -5.749691
v 2.359080 -7.907351 -5.749691
v 2.356030 -7.275610 -10.727299
v 2.356030 -9.897151 -8.096559
v 2.359080 -7.907351 -5.749691
v 2.356030 -9.897151 -8.096559
v 2.359080 -9.509570 -2.175970
v 2.356030 9.903260 -11.569601
v 2.298039 13.391500 -9.323400
v -0.000001 9.906310 -12.595000
v -0.000001 9.906310 -12.595000
v 2.298039 13.391500 -9.323400
v 0.000000 13.208399 -10.245100
v -0.000001 9.906310 -12.595000
v 0.000000 13.208399 -10.245100
v -2.298040 13.391500 -9.323400
v 2.298040 13.391501 9.323400
v 0.000000 13.647902 10.156600
v 0.000000 17.581699 11.133200
v 0.000000 17.581699 11.133200
v 0.000000 13.647902 10.156600
v -2.298039 13.391501 9.323400
v 0.000000 17.581699 11.133200
v -2.298039 13.391501 9.323400
v -2.298039 17.581699 10.330500
v -2.359080 -9.509570 -2.175970
v -2.356030 -9.897151 -8.096559
v -2.359080 -7.907351 -5.749691
v -2.359080 -7.907351 -5.749691
v -2.356030 -9.897151 -8.096559
v -2.356030 -7.275610 -10.727299
v -2.359080 -7.907351 -5.749691
v -2.356030 -7.275610 -10.727299
v -2.359080 -5.056921 -8.822900
v -2.298040 10.785200 5.099639
v -2.298040 9.030430 -0.000001
v -2.389600 27.225599 -0.000001
v -2.389600 27.225599 -0.000001
v -2.298040 9.030430 -0.000001
v -2.298040 10.773000 -5.127111
v -2.389600 27.225599 -0.000001
v -2.298040 10.773000 -5.127111
v -2.298040 13.391500 -9.323400
v 0.000000 99.694801 10.345798
v -3.445540 88.628799 3.415017
v -1.342810 100.000000 4.562516
v -1.342810 100.000000 4.562516
v -3.445540 88.628799 3.415017
v -3.695790 90.014305 0.057982
v -1.342810 100.000000 4.562516
v -3.695790 90.014305 0.057982
v -2.563550 98.638901 -1.165813
v -2.407910 28.223499 3.823969
v 0.000000 28.559198 4.596088
v 0.000000 26.133001 7.654039
v 0.000000 26.133001 7.654039
v 0.000000 28.559198 4.596088
v 2.407910 28.223499 3.823969
v 0.000000 26.133001 7.654039
v 2.407910 28.223499 3.823969
v 2.298040 25.598898 7.013149
v -2.359079 -5.056921 8.822900
v -2.356030 -7.275609 10.727301
v -2.359080 -7.907351 5.749691
v -2.359080 -7.907351 5.749691
v -2.356030 -7.275609 10.727301
v -2.356030 -9.897149 8.096560
v -2.359080 -7.907351 5.749691
v -2.356030 -9.897149 8.096560
v -2.359080 -9.509570 2.175971
v -2.783290 49.717701 -2.948092
v -2.737510 46.964897 -0.030520
v -2.752770 47.865200 -2.905362
v -2.752770 47.865200 -2.905362
v -2.737510 46.964897 -0.030520
v -2.737510 46.964897 -2.935882
v -2.752770 47.865200 -2.905362
v -2.737510 46.964897 -2.935882
v 0.000000 46.964897 -3.759881
v -3.445540 81.881203 -8.072151
v -3.445540 84.789597 -13.037502
v -3.622550 87.630898 -5.688653
v -3.622550 87.630898 -5.688653
v -3.445540 84.789597 -13.037502
v -3.445540 91.869904 -10.324403
v -3.622550 87.630898 -5.688653
v -3.445540 91.869904 -10.324403
v -3.445540 96.087494 -6.140323
v 2.356031 -3.079320 15.765900
v 0.000001 1.528980 20.841099
v 0.958282 1.535080 18.814699
v 0.958282 1.535080 18.814699
v 0.000001 1.528980 20.841099
v 2.356031 5.969420 15.723101
v 0.958282 1.535080 18.814699
v 2.356031 5.969420 15.723101
v 2.359081 5.041660 15.045600
v -2.359079 1.528980 16.525801
v -2.359079 3.762930 10.464800
v -2.359079 4.632711 14.294900
v -2.359079 4.632711 14.294900
v -2.359079 3.762930 10.464800
v -2.359079 7.596059 8.603168
v -2.359079 4.632711 14.294900
v -2.359079 7.596059 8.603168
v -2.359079 5.041660 15.045600
v -0.958280 1.535080 18.814699
v 2.359081 5.041660 15.045600
v -2.359079 5.041660 15.045600
v -2.359079 5.041660 15.045600
v 2.359081 5.041660 15.045600
v 2.359081 4.632711 14.294900
v -2.359079 5.041660 15.045600
v 2.359081 4.632711 14.294900
v -2.359079 4.632711 14.294900
v 2.359079 -1.666310 -14.304000
v 2.359079 1.528980 -16.525801
v -2.359081 1.528980 -16.525801
v -2.359081 1.528980 -16.525801
v 2.359079 1.528980 -16.525801
v 2.359079 4.632709 -14.294900
v -2.359081 1.528980 -16.525801
v 2.359079 4.632709 -14.294900
v -2.359081 4.632709 -14.294900
v -0.958282 1.535080 -18.814699
v 2.356029 -2.078310 -15.067000
v -2.356031 -2.078310 -15.067000
v -2.356031 -2.078310 -15.067000
v 2.356029 -2.078310 -15.067000
v 2.359079 -1.666310 -14.304000
v -2.356031 -2.078310 -15.067000
v 2.359079 -1.666310 -14.304000
v -2.359081 -1.666310 -14.304000
v 2.359079 1.528980 -16.525801
v 2.359079 3.762929 -10.464800
v 2.359079 4.632709 -14.294900
v 2.359079 4.632709 -14.294900
v 2.359079 3.762929 -10.464800
v 2.359079 7.596059 -8.603170
v 2.359079 4.632709 -14.294900
v 2.359079 7.596059 -8.603170
v 2.359079 5.041659 -15.045600
v -2.356031 -3.079320 -15.765900
v -0.000001 1.528979 -20.841099
v -0.958282 1.535080 -18.814699
v -0.958282 1.535080 -18.814699
v -0.000001 1.528979 -20.841099
v -2.356031 5.969419 -15.723101
v -0.958282 1.535080 -18.814699
v -2.356031 5.969419 -15.723101
v -2.359081 5.041659 -15.045600
v 2.783290 49.717701 -2.948092
v 2.737510 46.964897 -0.030521
v 2.856530 54.194801 -3.161722
v 1.495410 4.861600 -0.000000
v 0.000000 4.861600 1.730400
v 0.000000 6.561480 2.337719
v 2.298040 9.030430 -0.000001
v 1.495410 4.861600 -0.000000
v 0.000000 6.561480 2.337719
v 0.000000 92.294106 5.710007
v 0.000000 99.694801 10.345798
v 3.445540 88.628799 3.415017
v -3.445540 88.628799 3.415017
v 0.000000 99.694801 10.345798
v 0.000000 92.294106 5.710007
v 0.000000 98.400803 -6.952124
v 3.445540 96.087494 -6.140323
v 0.000000 96.087494 -6.140323
v 0.000000 96.087494 -6.140323
v -3.445540 96.087494 -6.140323
v 0.000000 98.400803 -6.952124
v -2.752770 47.865200 -2.905362
v 0.000000 46.964897 -3.759881
v 2.752770 47.865200 -2.905362
v 2.737510 46.964897 -2.935882
v 2.752770 47.865200 -2.905362
v 0.000000 46.964897 -3.759881
v 0.000000 92.294106 5.710007
v 3.445540 91.500595 5.212557
v 0.000000 88.906502 9.277627
v 0.000000 88.906502 9.277627
v -3.445540 91.500595 5.212557
v 0.000000 92.294106 5.710007
v 2.298040 10.785200 5.099639
v 2.359080 7.596059 8.603168
v 2.298040 13.391501 9.323400
v 2.359080 7.596059 8.603168
v 2.356030 9.903260 11.569599
v 2.298040 13.391501 9.323400
v 2.359080 3.762930 8.777120
v 2.359080 3.762930 10.464800
v 0.000000 3.762930 8.850370
v 0.000000 3.762930 8.850370
v 2.359080 1.528981 7.293920
v 2.359080 3.762930 8.777120
v 2.359080 -8.099610 2.175971
v 0.000000 -8.099610 2.175971
v 2.359080 -6.482130 0.000000
v 2.359080 -8.099610 2.175971
v 2.359080 -9.509570 2.175971
v 0.000000 -8.099610 2.175971
v 2.356030 -14.743499 8.096560
v 2.356030 -9.897149 8.096560
v 2.356030 -14.755700 3.805660
v 2.356030 -14.743499 8.096560
v 2.356030 -14.755700 3.805660
v 2.356030 -16.266399 5.792410
v -2.356030 -14.743501 -8.096560
v -2.356030 -9.897151 -8.096559
v -2.356030 -14.755700 -3.805660
v -2.356030 -14.743501 -8.096560
v -2.356030 -14.755700 -3.805660
v -2.356030 -16.266399 -5.792408
v 2.356029 9.903260 -15.759801
v 2.356029 5.969419 -15.723101
v 2.356030 9.903260 -11.569601
v 2.356029 7.971439 -17.154499
v 2.356029 5.969419 -15.723101
v 2.356029 9.903260 -15.759801
v -2.359080 -8.099610 -2.175969
v -2.359080 -9.509570 -2.175970
v 0.000000 -8.099610 -2.175969
v 0.000000 -8.099610 -2.175969
v -2.359080 -6.482130 0.000000
v -2.359080 -8.099610 -2.175969
v 2.359079 -0.790430 -10.464800
v 0.000000 -0.790430 -8.777120
v 2.359079 -0.790430 -8.777120
v 2.359079 -0.790430 -8.777120
v 0.000000 -0.790430 -8.777120
v 2.359080 1.528979 -7.293920
v 2.356030 -14.755700 -3.805660
v 2.356030 -9.897151 -8.096559
v 2.356030 -14.743501 -8.096560
v 2.356030 -16.266399 -5.792408
v 2.356030 -14.755700 -3.805660
v 2.356030 -14.743501 -8.096560
v -2.389600 27.225599 -0.000001
v -2.298040 25.598898 7.013149
v -2.298039 21.958099 9.427169
v -2.298040 25.598898 7.013149
v 0.000000 22.342600 10.107698
v -2.298039 21.958099 9.427169
v -2.356029 9.903260 15.759799
v -2.356029 5.969420 15.723101
v -2.356030 9.903260 11.569599
v -2.356029 7.971440 17.154499
v -2.356029 5.969420 15.723101
v -2.356029 9.903260 15.759799
v -2.359079 -0.790428 10.464800
v 0.000000 -0.790428 8.777120
v -2.359079 -0.790428 8.777120
v -2.359079 -0.790428 8.777120
v 0.000000 -0.790428 8.777120
v -2.359080 1.528981 7.293920
v -2.356030 -14.755700 3.805660
v -2.356030 -9.897149 8.096560
v -2.356030 -14.743499 8.096560
v -2.356030 -16.266399 5.792410
v -2.356030 -14.755700 3.805660
v -2.356030 -14.743499 8.096560
v -2.298040 10.773000 -5.127111
v -2.359080 7.596059 -8.603170
v -2.298040 13.391500 -9.323400
v -2.359080 7.596059 -8.603170
v -2.356030 9.903260 -11.569601
v -2.298040 13.391500 -9.323400
v -2.359080 3.762929 -8.777120
v -2.359080 3.762929 -10.464800
v 0.000000 3.762929 -8.850370
v -2.359080 1.528979 -7.293920
v -2.359080 3.762929 -8.777120
v 0.000000 3.762929 -8.850370
v 2.822960 52.082901 -4.550311
v 2.856530 54.194801 -3.161722
v 2.783290 49.717701 -2.948092
v -2.783290 49.717701 -2.948092
v -2.822960 52.082901 -4.550311
v -2.856530 54.194801 -3.161721
v 0.000000 4.861600 -1.730400
v 0.000000 6.561480 -2.337720
v -1.495410 4.861600 -0.000000
v 2.359080 -8.099610 2.175971
v 2.359080 -6.482130 0.000000
v 2.359080 -9.509570 2.175971
v 2.298039 17.581699 -10.330500
v 2.389600 27.225599 -0.000001
v 2.298039 22.046600 -10.046700
v 2.359080 3.762930 8.777120
v 2.359080 1.528981 7.293920
v 2.359080 3.762930 10.464800
v 3.445540 73.534302 -5.554373
v 3.445540 76.131500 -5.688653
v 3.445539 77.797798 -10.992802
v 3.445540 91.500595 5.212557
v 0.000000 92.294106 5.710007
v 3.445540 88.628799 3.415017
v 2.359080 -14.139199 3.122040
v -2.359080 -14.139199 3.122040
v 0.906400 -17.893000 0.000000
v -2.359080 7.596059 -8.603170
v 0.000000 3.762929 -8.850370
v -2.359080 3.762929 -10.464800
v 2.298040 21.958099 9.427169
v 2.389600 27.225599 -0.000001
v 2.298040 17.581699 10.330500
v -2.356030 9.903260 -11.569601
v -0.000001 9.906310 -12.595000
v -2.298040 13.391500 -9.323400
v -2.356030 -9.897149 8.096560
v 0.000000 -10.959199 8.096560
v -2.356030 -14.743499 8.096560
v 4.571670 88.976700 0.057982
v 4.571670 74.785599 0.057982
v 4.571670 86.898399 5.075227
v 3.326520 69.774506 -5.536062
v 3.274640 68.172195 -5.017242
v 3.445540 73.748001 0.057982
v -2.359079 1.528980 16.525801
v -2.359079 4.632711 14.294900
v 2.359081 4.632711 14.294900
v 2.356029 7.971439 -17.154499
v -2.356031 5.969419 -15.723101
v 2.356029 5.969419 -15.723101
v -2.356030 -9.897151 -8.096559
v -2.356030 -14.743501 -8.096560
v 0.000000 -10.959201 -8.096560
v 2.356030 -7.275610 -10.727299
v 0.000000 -10.959201 -8.096560
v 2.356030 -9.897151 -8.096559
v 2.359080 1.528979 -7.293920
v 2.359079 -0.790430 -10.464800
v 2.359079 -0.790430 -8.777120
v 0.000001 9.906310 12.594998
v -2.356029 9.903260 15.759799
v -2.356030 9.903260 11.569599
v 0.000001 1.528980 20.841099
v -2.356029 5.969420 15.723101
v 2.356031 5.969420 15.723101
v -2.356029 -2.078310 15.067000
v -0.958280 1.535080 18.814699
v -2.356029 -3.079320 15.765900
v -3.445540 77.797798 -10.992802
v -3.445540 76.131500 -5.688653
v -3.445540 73.534302 -5.554373
v -3.445540 88.628799 3.415017
v 0.000000 92.294106 5.710007
v -3.445540 91.500595 5.212557
v 0.000000 72.295303 -6.411941
v -3.445540 77.797798 -10.992802
v -3.445540 73.534302 -5.554373
v -2.359080 -13.550200 2.529980
v -2.359080 -14.139199 3.122040
v 2.359080 -14.139199 3.122040
v -2.356030 -7.275609 10.727301
v -2.356029 -7.275609 15.750602
v 0.000001 -7.275609 11.960201
v 0.000001 -7.275609 11.960201
v -2.356030 -9.897149 8.096560
v -2.356030 -7.275609 10.727301
v 2.356030 -14.755700 3.805660
v -2.356030 -14.755700 3.805660
v 2.356030 -16.266399 5.792410
v 0.000000 -19.480000 0.000000
v -2.356030 -14.755700 3.805660
v 2.356030 -14.755700 3.805660
v -2.902310 56.468399 3.823968
v 0.000000 28.559198 4.596088
v -2.407910 28.223499 3.823969
v 2.356031 -3.079320 15.765900
v 2.356031 -5.084380 17.172800
v -2.356029 -3.079320 15.765900
v 2.356031 -3.079320 15.765900
v -2.356029 -3.079320 15.765900
v 0.000001 1.528980 20.841099
v -2.887050 56.019802 -3.375351
v -2.902310 56.468399 3.823968
v -2.856530 54.194801 -3.161721
v -2.356029 5.969420 15.723101
v 2.356031 7.971440 17.154499
v 2.356031 5.969420 15.723101
v -2.298039 13.391501 9.323400
v 0.000001 9.906310 12.594998
v -2.356030 9.903260 11.569599
v -4.571670 86.898399 5.075227
v -4.571670 74.785599 0.057983
v -4.571670 88.976700 0.057982
v -3.445540 73.748001 0.057983
v -3.274640 68.172195 -5.017242
v -3.326520 69.774506 -5.536062
v -2.359080 1.528981 7.293920
v -2.359079 -0.790428 10.464800
v -2.359079 -0.790428 8.777120
v -2.359080 -8.099610 -2.175969
v -2.359080 -6.482130 0.000000
v -2.359080 -9.509570 -2.175970
v -2.356030 9.903260 -11.569601
v -2.356031 9.903260 -15.759801
v -0.000001 9.906310 -12.595000
v -2.359080 3.762929 -8.777120
v -2.359080 1.528979 -7.293920
v -2.359080 3.762929 -10.464800
v -0.000001 -7.275610 -11.960199
v -2.356031 -7.275610 -15.750600
v -2.356030 -7.275610 -10.727299
v 2.356030 -16.266399 -5.792408
v -2.356030 -14.755700 -3.805660
v 2.356030 -14.755700 -3.805660
v 2.356030 -14.755700 -3.805660
v -2.356030 -14.755700 -3.805660
v 0.000000 -19.480000 0.000000
v -2.356031 -3.079320 -15.765900
v 2.356029 -5.084381 -17.172800
v 2.356029 -3.079320 -15.765900
v 2.356031 -3.079320 15.765900
v 0.958282 1.535080 18.814699
v 2.356031 -2.078310 15.067000
v -2.359081 -1.666310 -14.304000
v 2.359079 -1.666310 -14.304000
v -2.359081 1.528980 -16.525801
v 2.356029 5.969419 -15.723101
v -2.356031 5.969419 -15.723101
v -0.000001 1.528979 -20.841099
v -2.356031 -3.079320 -15.765900
v -0.958282 1.535080 -18.814699
v -2.356031 -2.078310 -15.067000
v -0.000001 1.528979 -20.841099
v -2.356031 -3.079320 -15.765900
v 2.356029 -3.079320 -15.765900
v 2.356029 -2.078310 -15.067000
v 0.958280 1.535080 -18.814699
v 2.356029 -3.079320 -15.765900
v 3.445540 73.534302 -5.554373
v 0.000000 72.295303 -6.411941
v 3.326520 69.774506 -5.536062
v -3.326520 69.774506 -5.536062
v 0.000000 72.295303 -6.411941
v -3.445540 73.534302 -5.554373
v 3.445539 84.789597 -13.037502
v 3.445539 77.797798 -10.992802
v 3.445540 81.881203 -8.072151
v 3.445540 81.881203 -8.072151
v 3.445539 77.797798 -10.992802
v 3.445540 76.131500 -5.688653
v 3.445540 81.881203 -8.072151
v 3.445540 76.131500 -5.688653
v 4.571670 76.863899 -4.956213
v 4.571670 76.863899 -4.956213
v 3.445540 76.131500 -5.688653
v 4.571670 74.785599 0.057982
v 4.571670 76.863899 -4.956213
v 4.571670 74.785599 0.057982
v 4.571670 86.898399 -4.956213
v 4.571670 86.898399 -4.956213
v 4.571670 74.785599 0.057982
v 4.571670 88.976700 0.057982
v 4.571670 86.898399 -4.956213
v 4.571670 88.976700 0.057982
v 3.695790 90.014305 0.057982
v 3.695790 90.014305 0.057982
v 4.571670 88.976700 0.057982
v 4.571670 86.898399 5.075227
v 3.695790 90.014305 0.057982
v 4.571670 86.898399 5.075227
v 3.445540 88.628799 3.415017
v 3.445540 88.628799 3.415017
v 4.571670 86.898399 5.075227
v 3.622550 87.630898 5.807666
v 3.445540 88.628799 3.415017
v 3.622550 87.630898 5.807666
v 3.445540 91.500595 5.212557
v 3.445540 91.500595 5.212557
v 3.622550 87.630898 5.807666
v 3.445540 88.390800 8.499397
v 3.445540 91.500595 5.212557
v 3.445540 88.390800 8.499397
v 0.000000 88.906502 9.277627
v 0.000000 88.906502 9.277627
v 3.445540 88.390800 8.499397
v 0.000001 84.109001 11.731297
v 0.000000 88.906502 9.277627
v 0.000001 84.109001 11.731297
v -3.445539 88.390800 8.499397
v -3.445539 88.390800 8.499397
v 0.000001 84.109001 11.731297
v -3.445539 83.657303 10.953097
v -3.445539 88.390800 8.499397
v -3.445539 83.657303 10.953097
v -3.622550 87.630898 5.807666
v -3.622550 87.630898 5.807666
v -3.445539 83.657303 10.953097
v -3.445539 81.881203 8.191168
v -3.622550 87.630898 5.807666
v -3.445539 81.881203 8.191168
v -4.571670 86.898399 5.075227
v -4.571670 86.898399 5.075227
v -3.445539 81.881203 8.191168
v -4.571670 81.881203 7.150488
v -4.571670 86.898399 5.075227
v -4.571670 81.881203 7.150488
v -4.571670 76.863899 5.075227
v -4.571670 76.863899 5.075227
v -4.571670 81.881203 7.150488
v -3.445539 81.881203 8.191168
v -4.571670 76.863899 5.075227
v -3.445539 81.881203 8.191168
v -3.445540 76.131500 5.807667
v -3.445540 76.131500 5.807667
v -3.445539 81.881203 8.191168
v -3.445539 79.207703 10.580798
v -3.445540 76.131500 5.807667
v -3.445539 79.207703 10.580798
v -2.902310 56.468399 3.823968
v -2.902310 56.468399 3.823968
v -3.445539 79.207703 10.580798
v 0.000000 56.196804 4.596088
v -2.902310 56.468399 3.823968
v 0.000000 56.196804 4.596088
v 0.000000 28.559198 4.596088
v 0.000000 28.559198 4.596088
v 0.000000 56.196804 4.596088
v 2.902310 56.468399 3.823968
v 0.000000 28.559198 4.596088
v 2.902310 56.468399 3.823968
v 2.407910 28.223499 3.823969
v 2.407910 28.223499 3.823969
v 2.902310 56.468399 3.823968
v 2.389600 27.225599 -0.000001
v 2.407910 28.223499 3.823969
v 2.389600 27.225599 -0.000001
v 2.298040 25.598898 7.013149
v 2.298040 25.598898 7.013149
v 2.389600 27.225599 -0.000001
v 2.298040 21.958099 9.427169
v 2.298040 25.598898 7.013149
v 2.298040 21.958099 9.427169
v 0.000000 22.342600 10.107698
v 0.000000 22.342600 10.107698
v 2.298040 21.958099 9.427169
v 0.000000 17.581699 11.133200
v 0.000000 22.342600 10.107698
v 0.000000 17.581699 11.133200
v -2.298039 21.958099 9.427169
v -2.298039 21.958099 9.427169
v 0.000000 17.581699 11.133200
v -2.298039 17.581699 10.330500
v -2.298039 21.958099 9.427169
v -2.298039 17.581699 10.330500
v -2.389600 27.225599 -0.000001
v -2.389600 27.225599 -0.000001
v -2.298039 17.581699 10.330500
v -2.298039 13.391501 9.323400
v -2.389600 27.225599 -0.000001
v -2.298039 13.391501 9.323400
v -2.298040 10.785200 5.099639
v 2.325510 -6.482130 0.000000
v 0.000000 -7.895140 1.898251
v 0.000000 -6.482130 2.615440
v 0.000000 -6.482130 2.615440
v 0.000000 -7.895140 1.898251
v -2.325510 -6.482130 0.000000
v 0.000000 -6.482130 2.615440
v -2.325510 -6.482130 0.000000
v -1.275670 -5.169840 0.000000
v -1.275670 -5.169840 0.000000
v -2.325510 -6.482130 0.000000
v 0.000000 -6.482130 -2.615439
v -1.275670 -5.169840 0.000000
v 0.000000 -6.482130 -2.615439
v 0.000000 -5.169840 -1.477100
v 0.000000 -5.169840 -1.477100
v 0.000000 -6.482130 -2.615439
v 1.275670 -5.169840 0.000000
v 0.000000 -5.169840 -1.477100
v 1.275670 -5.169840 0.000000
v 1.275670 1.364180 -0.000000
v 1.275670 1.364180 -0.000000
v 1.275670 -5.169840 0.000000
v 0.000000 -5.169840 1.477100
v 1.275670 1.364180 -0.000000
v 0.000000 -5.169840 1.477100
v 0.000000 1.364180 1.477100
v 0.000000 1.364180 1.477100
v 0.000000 -5.169840 1.477100
v -1.275670 1.364180 -0.000000
v 0.000000 1.364180 1.477100
v -1.275670 1.364180 -0.000000
v -2.307200 3.891110 -0.000000
v -2.307200 3.891110 -0.000000
v -1.275670 1.364180 -0.000000
v 0.000000 1.364180 -1.477100
v -2.307200 3.891110 -0.000000
v 0.000000 1.364180 -1.477100
v 0.000000 3.891110 -2.600180
v 0.000000 3.891110 -2.600180
v 0.000000 1.364180 -1.477100
v 2.307200 3.891110 -0.000000
v 0.000000 3.891110 -2.600180
v 2.307200 3.891110 -0.000000
v 1.495410 4.861600 -0.000000
v 1.495410 4.861600 -0.000000
v 2.307200 3.891110 -0.000000
v 0.000000 3.891110 2.600180
v 1.495410 4.861600 -0.000000
v 0.000000 3.891110 2.600180
v 0.000000 4.861600 1.730400
v 0.000000 4.861600 1.730400
v 0.000000 3.891110 2.600180
v -1.495410 4.861600 -0.000000
v 0.000000 4.861600 1.730400
v -1.495410 4.861600 -0.000000
v 0.000000 6.561480 2.337719
v 0.000000 6.561480 2.337719
v -1.495410 4.861600 -0.000000
v -2.298040 9.030430 -0.000001
v 0.000000 6.561480 2.337719
v -2.298040 9.030430 -0.000001
v -2.298040 10.785200 5.099639
v -2.325510 -6.482130 0.000000
v 0.000000 -7.895140 -1.898249
v 0.000000 -6.482130 -2.615439
v 0.000000 -6.482130 -2.615439
v 0.000000 -7.895140 -1.898249
v 2.325510 -6.482130 0.000000
v 0.000000 -6.482130 -2.615439
v 2.325510 -6.482130 0.000000
v 1.275670 -5.169840 0.000000
v 1.275670 -5.169840 0.000000
v 2.325510 -6.482130 0.000000
v 0.000000 -6.482130 2.615440
v 1.275670 -5.169840 0.000000
v 0.000000 -6.482130 2.615440
v 0.000000 -5.169840 1.477100
v 0.000000 -5.169840 1.477100
v 0.000000 -6.482130 2.615440
v -1.275670 -5.169840 0.000000
v 0.000000 -5.169840 1.477100
v -1.275670 -5.169840 0.000000
v -1.275670 1.364180 -0.000000
v -1.275670 1.364180 -0.000000
v -1.275670 -5.169840 0.000000
v 0.000000 -5.169840 -1.477100
v -1.275670 1.364180 -0.000000
v 0.000000 -5.169840 -1.477100
v 0.000000 1.364180 -1.477100
v 0.000000 1.364180 -1.477100
v 0.000000 -5.169840 -1.477100
v 1.275670 1.364180 -0.000000
v 0.000000 1.364180 -1.477100
v 1.275670 1.364180 -0.000000
v 2.307200 3.891110 -0.000000
v 2.307200 3.891110 -0.000000
v 1.275670 1.364180 -0.000000
v 0.000000 1.364180 1.477100
v 2.307200 3.891110 -0.000000
v 0.000000 1.364180 1.477100
v 0.000000 3.891110 2.600180
v 0.000000 3.891110 2.600180
v 0.000000 1.364180 1.477100
v -2.307200 3.891110 -0.000000
v 0.000000 3.891110 2.600180
v -2.307200 3.891110 -0.000000
v -1.495410 4.861600 -0.000000
v -1.495410 4.861600 -0.000000
v -2.307200 3.891110 -0.000000
v 0.000000 3.891110 -2.600180
v -1.495410 4.861600 -0.000000
v 0.000000 3.891110 -2.600180
v 0.000000 4.861600 -1.730400
v 0.000000 4.861600 -1.730400
v 0.000000 3.891110 -2.600180
v 1.495410 4.861600 -0.000000
v 0.000000 4.861600 -1.730400
v 1.495410 4.861600 -0.000000
v 0.000000 6.561480 -2.337720
v 0.000000 6.561480 -2.337720
v 1.495410 4.861600 -0.000000
v 2.298040 9.030430 -0.000001
v 0.000000 6.561480 -2.337720
v 2.298040 9.030430 -0.000001
v 2.298040 10.773000 -5.127111
v 0.000000 72.295303 -6.411941
v -3.326520 69.774506 -5.536062
v 3.326520 69.774506 -5.536062
v 3.326520 69.774506 -5.536062
v -3.326520 69.774506 -5.536062
v -3.274640 68.172195 -5.017242
v 3.326520 69.774506 -5.536062
v -3.274640 68.172195 -5.017242
v 3.274640 68.172195 -5.017242
v 3.274640 68.172195 -5.017242
v -3.274640 68.172195 -5.017242
v -3.100680 62.730801 -4.193242
v 3.274640 68.172195 -5.017242
v -3.100680 62.730801 -4.193242
v 3.100680 62.730801 -4.193242
v 3.100680 62.730801 -4.193242
v -3.100680 62.730801 -4.193242
v -3.061010 61.482601 -4.043702
v 3.100680 62.730801 -4.193242
v -3.061010 61.482601 -4.043702
v 3.061010 61.482601 -4.043702
v 3.061010 61.482601 -4.043702
v -3.061010 61.482601 -4.043702
v -2.887050 56.019802 -3.375351
v 3.061010 61.482601 -4.043702
v -2.887050 56.019802 -3.375351
v 2.887050 56.019802 -3.375352
v 2.887050 56.019802 -3.375352
v -2.887050 56.019802 -3.375351
v -2.856530 54.194801 -3.161721
v 2.887050 56.019802 -3.375352
v -2.856530 54.194801 -3.161721
v 2.856530 54.194801 -3.161722
v 2.856530 54.194801 -3.161722
v -2.856530 54.194801 -3.161721
v -2.783290 49.717701 -2.948092
v 2.856530 54.194801 -3.161722
v -2.783290 49.717701 -2.948092
v 2.783290 49.717701 -2.948092
v 2.783290 49.717701 -2.948092
v -2.783290 49.717701 -2.948092
v -2.752770 47.865200 -2.905362
v 2.783290 49.717701 -2.948092
v -2.752770 47.865200 -2.905362
v 2.752770 47.865200 -2.905362
v 3.186130 65.346199 -10.968402
v 3.274640 68.172195 -9.393601
v 3.100680 62.730801 -9.295941
v 3.274640 68.172195 -9.393601
v 3.100680 62.730801 -4.193242
v 3.100680 62.730801 -9.295941
v 3.274640 68.172195 -9.393601
v 3.274640 68.172195 -5.017242
v 3.100680 62.730801 -4.193242
v 3.274640 68.172195 -5.017242
v 3.100680 62.730801 -4.193242
v 2.902310 56.468399 3.823968
v 3.274640 68.172195 -5.017242
v 2.902310 56.468399 3.823968
v 3.445540 73.748001 0.057982
v 3.445540 73.748001 0.057982
v 2.902310 56.468399 3.823968
v 3.445540 76.131500 5.807667
v 3.445540 73.748001 0.057982
v 3.445540 76.131500 5.807667
v 4.571670 74.785599 0.057982
v 4.571670 74.785599 0.057982
v 3.445540 76.131500 5.807667
v 4.571670 76.863899 5.075227
v 4.571670 74.785599 0.057982
v 4.571670 76.863899 5.075227
v 4.571670 86.898399 5.075227
v 4.571670 86.898399 5.075227
v 4.571670 76.863899 5.075227
v 4.571671 81.881203 7.150488
v 4.571670 86.898399 5.075227
v 4.571671 81.881203 7.150488
v 3.445540 81.881203 8.191168
v 3.445540 81.881203 8.191168
v 4.571671 81.881203 7.150488
v 4.571670 76.863899 5.075227
v 3.445540 81.881203 8.191168
v 4.571670 76.863899 5.075227
v 3.445540 76.131500 5.807667
v 2.783290 49.717701 -2.948092
v 2.752770 47.865200 -2.905362
v 2.737510 46.964897 -0.030521
v 2.737510 46.964897 -0.030521
v 2.752770 47.865200 -2.905362
v 2.737510 46.964897 -2.935882
v 2.737510 46.964897 -0.030521
v 2.737510 46.964897 -2.935882
v 2.655110 42.005699 -2.954191
v 2.655110 42.005699 -2.954191
v 2.737510 46.964897 -2.935882
v 0.000000 42.436001 -3.769041
v 2.655110 42.005699 -2.954191
v 0.000000 42.436001 -3.769041
v 0.000000 22.357901 -10.779101
v 0.000000 22.357901 -10.779101
v 0.000000 42.436001 -3.769041
v -2.655110 42.005699 -2.954191
v 0.000000 22.357901 -10.779101
v -2.655110 42.005699 -2.954191
v -2.298040 22.046600 -10.046700
v -2.298040 22.046600 -10.046700
v -2.655110 42.005699 -2.954191
v -2.389600 27.225599 -0.000001
v -2.298040 22.046600 -10.046700
v -2.389600 27.225599 -0.000001
v -2.298040 17.581699 -10.330500
v -2.298040 17.581699 -10.330500
v -2.389600 27.225599 -0.000001
v -2.298040 13.391500 -9.323400
v -2.298040 17.581699 -10.330500
v -2.298040 13.391500 -9.323400
v 0.000000 17.581699 -11.301000
v 0.000000 17.581699 -11.301000
v -2.298040 13.391500 -9.323400
v 0.000000 13.208399 -10.245100
v 0.000000 17.581699 -11.301000
v 0.000000 13.208399 -10.245100
v 2.298039 13.391500 -9.323400
v 0.000000 88.906502 9.277627
v -3.445539 88.390800 8.499397
v -3.445540 91.500595 5.212557
v -3.445540 91.500595 5.212557
v -3.445539 88.390800 8.499397
v -3.622550 87.630898 5.807666
v -3.445540 91.500595 5.212557
v -3.622550 87.630898 5.807666
v -3.445540 88.628799 3.415017
v -3.445540 88.628799 3.415017
v -3.622550 87.630898 5.807666
v -4.571670 86.898399 5.075227
v -3.445540 88.628799 3.415017
v -4.571670 86.898399 5.075227
v -3.695790 90.014305 0.057982
v -3.695790 90.014305 0.057982
v -4.571670 86.898399 5.075227
v -4.571670 88.976700 0.057982
v -3.695790 90.014305 0.057982
v -4.571670 88.976700 0.057982
v -4.571670 86.898399 -4.956213
v -4.571670 86.898399 -4.956213
v -4.571670 88.976700 0.057982
v -4.571670 74.785599 0.057983
v -4.571670 86.898399 -4.956213
v -4.571670 74.785599 0.057983
v -4.571670 76.863899 -4.956213
v -4.571670 76.863899 -4.956213
v -4.571670 74.785599 0.057983
v -3.445540 76.131500 -5.688653
v -4.571670 76.863899 -4.956213
v -3.445540 76.131500 -5.688653
v -3.445540 81.881203 -8.072151
v -3.445540 81.881203 -8.072151
v -3.445540 76.131500 -5.688653
v -3.445540 77.797798 -10.992802
v -3.445540 81.881203 -8.072151
v -3.445540 77.797798 -10.992802
v -3.445540 84.789597 -13.037502
v 3.445540 73.534302 -5.554373
v 3.445539 77.797798 -10.992802
v 0.000000 72.295303 -6.411941
v 0.000000 72.295303 -6.411941
v 3.445539 77.797798 -10.992802
v -0.000001 76.332901 -12.222703
v 0.000000 72.295303 -6.411941
v -0.000001 76.332901 -12.222703
v -3.445540 77.797798 -10.992802
v -3.445540 77.797798 -10.992802
v -0.000001 76.332901 -12.222703
v -0.000001 82.409103 -15.631602
v -3.445540 77.797798 -10.992802
v -0.000001 82.409103 -15.631602
v -3.445540 84.789597 -13.037502
v -3.445540 84.789597 -13.037502
v -0.000001 82.409103 -15.631602
v -0.000001 89.724396 -15.372203
v -3.445540 84.789597 -13.037502
v -0.000001 89.724396 -15.372203
v -3.445540 91.869904 -10.324403
v -3.445540 91.869904 -10.324403
v -0.000001 89.724396 -15.372203
v -0.000001 94.830200 -11.941904
v -3.445540 91.869904 -10.324403
v -0.000001 94.830200 -11.941904
v -3.445540 96.087494 -6.140323
v -3.445540 96.087494 -6.140323
v -0.000001 94.830200 -11.941904
v 0.000000 98.400803 -6.952124
v 2.356031 7.971440 17.154499
v 2.356031 9.903260 15.759799
v 2.356031 5.969420 15.723101
v 2.356031 5.969420 15.723101
v 2.356031 9.903260 15.759799
v 2.356030 9.903260 11.569599
v 2.356031 5.969420 15.723101
v 2.356030 9.903260 11.569599
v 2.359081 5.041660 15.045600
v 2.359081 5.041660 15.045600
v 2.356030 9.903260 11.569599
v 2.359080 7.596059 8.603168
v 2.359081 5.041660 15.045600
v 2.359080 7.596059 8.603168
v 2.359081 4.632711 14.294900
v 2.359081 4.632711 14.294900
v 2.359080 7.596059 8.603168
v 2.359080 3.762930 10.464800
v 2.359081 4.632711 14.294900
v 2.359080 3.762930 10.464800
v 2.359081 1.528980 16.525801
v 2.359081 1.528980 16.525801
v 2.359080 3.762930 10.464800
v 2.359080 1.528981 7.293920
v 2.359081 1.528980 16.525801
v 2.359080 1.528981 7.293920
v 2.359080 -0.790428 10.464800
v 2.359080 -0.790428 10.464800
v 2.359080 1.528981 7.293920
v 2.359080 -0.790428 8.777120
v 2.359080 -8.099610 -2.175969
v 2.359080 -9.509570 -2.175970
v 2.359080 -6.482130 0.000000
v 2.359080 -6.482130 0.000000
v 2.359080 -9.509570 -2.175970
v 2.359080 -15.585799 0.000000
v 2.359080 -6.482130 0.000000
v 2.359080 -15.585799 0.000000
v 2.359080 -9.509570 2.175971
v 2.359080 -9.509570 2.175971
v 2.359080 -15.585799 0.000000
v 2.359080 -13.550200 2.529980
v 2.359080 -9.509570 2.175971
v 2.359080 -13.550200 2.529980
v 2.356030 -9.897149 8.096560
v 2.356030 -9.897149 8.096560
v 2.359080 -13.550200 2.529980
v 2.359080 -14.139199 3.122040
v 2.356030 -9.897149 8.096560
v 2.359080 -14.139199 3.122040
v 2.356030 -14.755700 3.805660
v 2.356030 -14.755700 3.805660
v 2.359080 -14.139199 3.122040
v 0.906400 -17.893000 0.000000
v 2.356030 -14.755700 3.805660
v 0.906400 -17.893000 0.000000
v 0.000000 -19.480000 0.000000
v 0.000000 -19.480000 0.000000
v 0.906400 -17.893000 0.000000
v 2.356030 -14.755700 -3.805660
v 2.359079 3.762929 -8.777120
v 2.359079 3.762929 -10.464800
v 2.359080 1.528979 -7.293920
v 2.359080 1.528979 -7.293920
v 2.359079 3.762929 -10.464800
v 2.359079 1.528980 -16.525801
v 2.359080 1.528979 -7.293920
v 2.359079 1.528980 -16.525801
v 2.359079 -0.790430 -10.464800
v 2.359079 -0.790430 -10.464800
v 2.359079 1.528980 -16.525801
v 2.359079 -1.666310 -14.304000
v 2.359079 -0.790430 -10.464800
v 2.359079 -1.666310 -14.304000
v 2.359079 -5.056921 -8.822900
v 2.359079 -5.056921 -8.822900
v 2.359079 -1.666310 -14.304000
v 2.356029 -2.078310 -15.067000
v 2.359079 -5.056921 -8.822900
v 2.356029 -2.078310 -15.067000
v 2.356030 -7.275610 -10.727299
v 2.356030 -7.275610 -10.727299
v 2.356029 -2.078310 -15.067000
v 2.356029 -3.079320 -15.765900
v 2.356030 -7.275610 -10.727299
v 2.356029 -3.079320 -15.765900
v 2.356029 -7.275610 -15.750600
v 2.356029 -7.275610 -15.750600
v 2.356029 -3.079320 -15.765900
v 2.356029 -5.084381 -17.172800
v -2.359080 -0.790430 -8.777120
v -2.359080 -0.790430 -10.464800
v -2.359080 1.528979 -7.293920
v -2.359080 1.528979 -7.293920
v -2.359080 -0.790430 -10.464800
v -2.359081 1.528980 -16.525801
v -2.359080 1.528979 -7.293920
v -2.359081 1.528980 -16.525801
v -2.359080 3.762929 -10.464800
v -2.359080 3.762929 -10.464800
v -2.359081 1.528980 -16.525801
v -2.359081 4.632709 -14.294900
v -2.359080 3.762929 -10.464800
v -2.359081 4.632709 -14.294900
v -2.359080 7.596059 -8.603170
v -2.359080 7.596059 -8.603170
v -2.359081 4.632709 -14.294900
v -2.359081 5.041659 -15.045600
v -2.359080 7.596059 -8.603170
v -2.359081 5.041659 -15.045600
v -2.356030 9.903260 -11.569601
v -2.356030 9.903260 -11.569601
v -2.359081 5.041659 -15.045600
v -2.356031 5.969419 -15.723101
v -2.356030 9.903260 -11.569601
v -2.356031 5.969419 -15.723101
v -2.356031 9.903260 -15.759801
v -2.356031 9.903260 -15.759801
v -2.356031 5.969419 -15.723101
v -2.356031 7.971439 -17.154499
v -2.359080 -8.099610 2.175971
v -2.359080 -9.509570 2.175971
v -2.359080 -6.482130 0.000000
v -2.359080 -6.482130 0.000000
v -2.359080 -9.509570 2.175971
v -2.359080 -15.585799 0.000000
v -2.359080 -6.482130 0.000000
v -2.359080 -15.585799 0.000000
v -2.359080 -9.509570 -2.175970
v -2.359080 -9.509570 -2.175970
v -2.359080 -15.585799 0.000000
v -2.359080 -13.550200 -2.529979
v -2.359080 -9.509570 -2.175970
v -2.359080 -13.550200 -2.529979
v -2.356030 -9.897151 -8.096559
v -2.356030 -9.897151 -8.096559
v -2.359080 -13.550200 -2.529979
v -2.359080 -14.139199 -3.122040
v -2.356030 -9.897151 -8.096559
v -2.359080 -14.139199 -3.122040
v -2.356030 -14.755700 -3.805660
v -2.356030 -14.755700 -3.805660
v -2.359080 -14.139199 -3.122040
v -0.906400 -17.893000 0.000000
v -2.356030 -14.755700 -3.805660
v -0.906400 -17.893000 0.000000
v 0.000000 -19.480000 0.000000
v 0.000000 -19.480000 0.000000
v -0.906400 -17.893000 0.000000
v -2.356030 -14.755700 3.805660
v -2.359079 3.762930 8.777120
v -2.359079 3.762930 10.464800
v -2.359080 1.528981 7.293920
v -2.359080 1.528981 7.293920
v -2.359079 3.762930 10.464800
v -2.359079 1.528980 16.525801
v -2.359080 1.528981 7.293920
v -2.359079 1.528980 16.525801
v -2.359079 -0.790428 10.464800
v -2.359079 -0.790428 10.464800
v -2.359079 1.528980 16.525801
v -2.359079 -1.666310 14.304000
v -2.359079 -0.790428 10.464800
v -2.359079 -1.666310 14.304000
v -2.359079 -5.056921 8.822900
v -2.359079 -5.056921 8.822900
v -2.359079 -1.666310 14.304000
v -2.356029 -2.078310 15.067000
v -2.359079 -5.056921 8.822900
v -2.356029 -2.078310 15.067000
v -2.356030 -7.275609 10.727301
v -2.356030 -7.275609 10.727301
v -2.356029 -2.078310 15.067000
v -2.356029 -3.079320 15.765900
v -2.356030 -7.275609 10.727301
v -2.356029 -3.079320 15.765900
v -2.356029 -7.275609 15.750602
v -2.356029 -7.275609 15.750602
v -2.356029 -3.079320 15.765900
v -2.356029 -5.084380 17.172800
v 2.887050 56.019802 -3.375352
v 2.856530 54.194801 -3.161722
v 2.902310 56.468399 3.823968
v 2.902310 56.468399 3.823968
v 2.856530 54.194801 -3.161722
v 2.737510 46.964897 -0.030521
v 2.902310 56.468399 3.823968
v 2.737510 46.964897 -0.030521
v 2.389600 27.225599 -0.000001
v 2.389600 27.225599 -0.000001
v 2.737510 46.964897 -0.030521
v 2.655110 42.005699 -2.954191
v 2.389600 27.225599 -0.000001
v 2.655110 42.005699 -2.954191
v 2.298039 22.046600 -10.046700
v 2.298039 22.046600 -10.046700
v 2.655110 42.005699 -2.954191
v 0.000000 22.357901 -10.779101
v 2.298039 22.046600 -10.046700
v 0.000000 22.357901 -10.779101
v 0.000000 17.581699 -11.301000
v 0.000000 17.581699 -11.301000
v 0.000000 22.357901 -10.779101
v -2.298040 22.046600 -10.046700
v 0.000000 17.581699 -11.301000
v -2.298040 22.046600 -10.046700
v -2.298040 17.581699 -10.330500
v 2.298040 25.598898 7.013149
v 0.000000 22.342600 10.107698
v 0.000000 26.133001 7.654039
v 0.000000 26.133001 7.654039
v 0.000000 22.342600 10.107698
v -2.298040 25.598898 7.013149
v 0.000000 26.133001 7.654039
v -2.298040 25.598898 7.013149
v -2.407910 28.223499 3.823969
v -2.407910 28.223499 3.823969
v -2.298040 25.598898 7.013149
v -2.389600 27.225599 -0.000001
v -2.407910 28.223499 3.823969
v -2.389600 27.225599 -0.000001
v -2.902310 56.468399 3.823968
v -2.902310 56.468399 3.823968
v -2.389600 27.225599 -0.000001
v -2.737510 46.964897 -0.030520
v -2.902310 56.468399 3.823968
v -2.737510 46.964897 -0.030520
v -2.856530 54.194801 -3.161721
v -2.856530 54.194801 -3.161721
v -2.737510 46.964897 -0.030520
v -2.783290 49.717701 -2.948092
v -4.571670 86.898399 5.075227
v -4.571670 76.863899 5.075227
v -4.571670 74.785599 0.057983
v -4.571670 74.785599 0.057983
v -4.571670 76.863899 5.075227
v -3.445540 76.131500 5.807667
v -4.571670 74.785599 0.057983
v -3.445540 76.131500 5.807667
v -3.445540 73.748001 0.057983
v -3.445540 73.748001 0.057983
v -3.445540 76.131500 5.807667
v -2.902310 56.468399 3.823968
v -3.445540 73.748001 0.057983
v -2.902310 56.468399 3.823968
v -3.274640 68.172195 -5.017242
v -3.274640 68.172195 -5.017242
v -2.902310 56.468399 3.823968
v -3.100680 62.730801 -4.193242
v -3.274640 68.172195 -5.017242
v -3.100680 62.730801 -4.193242
v -3.274641 68.172195 -9.393601
v -3.274641 68.172195 -9.393601
v -3.100680 62.730801 -4.193242
v -3.100681 62.730801 -9.295941
v -0.000001 76.332901 -12.222703
v 3.445539 77.797798 -10.992802
v -0.000001 82.409103 -15.631602
v -0.000001 82.409103 -15.631602
v 3.445539 77.797798 -10.992802
v 3.445539 84.789597 -13.037502
v -0.000001 82.409103 -15.631602
v 3.445539 84.789597 -13.037502
v -0.000001 89.724396 -15.372203
v -0.000001 89.724396 -15.372203
v 3.445539 84.789597 -13.037502
v 3.445539 91.869904 -10.324403
v -0.000001 89.724396 -15.372203
v 3.445539 91.869904 -10.324403
v -0.000001 94.830200 -11.941904
v -0.000001 94.830200 -11.941904
v 3.445539 91.869904 -10.324403
v 3.445540 96.087494 -6.140323
v -0.000001 94.830200 -11.941904
v 3.445540 96.087494 -6.140323
v 0.000000 98.400803 -6.952124
v 2.563550 98.638901 -1.165813
v 3.445540 96.087494 -6.140323
v 3.695790 90.014305 0.057982
v 3.695790 90.014305 0.057982
v 3.445540 96.087494 -6.140323
v 3.622550 87.630898 -5.688653
v 3.695790 90.014305 0.057982
v 3.622550 87.630898 -5.688653
v 4.571670 86.898399 -4.956213
v 4.571670 86.898399 -4.956213
v 3.622550 87.630898 -5.688653
v 3.445540 81.881203 -8.072151
v 4.571670 86.898399 -4.956213
v 3.445540 81.881203 -8.072151
v 4.571670 81.881203 -7.034522
v 4.571670 81.881203 -7.034522
v 3.445540 81.881203 -8.072151
v 4.571670 76.863899 -4.956213
v 4.571670 81.881203 -7.034522
v 4.571670 76.863899 -4.956213
v 4.571670 86.898399 -4.956213
v 2.298040 10.773000 -5.127111
v 2.298039 13.391500 -9.323400
v 2.359079 7.596059 -8.603170
v 2.359079 7.596059 -8.603170
v 2.298039 13.391500 -9.323400
v 2.356030 9.903260 -11.569601
v 2.359079 7.596059 -8.603170
v 2.356030 9.903260 -11.569601
v 2.359079 5.041659 -15.045600
v 2.359079 5.041659 -15.045600
v 2.356030 9.903260 -11.569601
v 2.356029 5.969419 -15.723101
v 2.359079 5.041659 -15.045600
v 2.356029 5.969419 -15.723101
v 0.958280 1.535080 -18.814699
v 0.958280 1.535080 -18.814699
v 2.356029 5.969419 -15.723101
v -0.000001 1.528979 -20.841099
v 0.958280 1.535080 -18.814699
v -0.000001 1.528979 -20.841099
v 2.356029 -3.079320 -15.765900
v -4.571670 86.898399 -4.956213
v -4.571670 76.863899 -4.956213
v -4.571671 81.881203 -7.034522
v -4.571671 81.881203 -7.034522
v -4.571670 76.863899 -4.956213
v -3.445540 81.881203 -8.072151
v -4.571671 81.881203 -7.034522
v -3.445540 81.881203 -8.072151
v -4.571670 86.898399 -4.956213
v -4.571670 86.898399 -4.956213
v -3.445540 81.881203 -8.072151
v -3.622550 87.630898 -5.688653
v -4.571670 86.898399 -4.956213
v -3.622550 87.630898 -5.688653
v -3.695790 90.014305 0.057982
v -3.695790 90.014305 0.057982
v -3.622550 87.630898 -5.688653
v -3.445540 96.087494 -6.140323
v -3.695790 90.014305 0.057982
v -3.445540 96.087494 -6.140323
v -2.563550 98.638901 -1.165813
v -2.298040 10.785200 5.099639
v -2.298039 13.391501 9.323400
v -2.359079 7.596059 8.603168
v -2.359079 7.596059 8.603168
v -2.298039 13.391501 9.323400
v -2.356030 9.903260 11.569599
v -2.359079 7.596059 8.603168
v -2.356030 9.903260 11.569599
v -2.359079 5.041660 15.045600
v -2.359079 5.041660 15.045600
v -2.356030 9.903260 11.569599
v -2.356029 5.969420 15.723101
v -2.359079 5.041660 15.045600
v -2.356029 5.969420 15.723101
v -0.958280 1.535080 18.814699
v -0.958280 1.535080 18.814699
v -2.356029 5.969420 15.723101
v 0.000001 1.528980 20.841099
v -0.958280 1.535080 18.814699
v 0.000001 1.528980 20.841099
v -2.356029 -3.079320 15.765900
v 2.359081 1.528980 16.525801
v 2.359080 -0.790428 10.464800
v 2.359081 -1.666310 14.304000
v 2.359081 -1.666310 14.304000
v 2.359080 -0.790428 10.464800
v 2.359080 -5.056921 8.822900
v 2.359081 -1.666310 14.304000
v 2.359080 -5.056921 8.822900
v 2.356031 -2.078310 15.067000
v 2.356031 -2.078310 15.067000
v 2.359080 -5.056921 8.822900
v 2.356030 -7.275609 10.727301
v 2.356031 -2.078310 15.067000
v 2.356030 -7.275609 10.727301
v 2.356031 -3.079320 15.765900
v 2.356031 -3.079320 15.765900
v 2.356030 -7.275609 10.727301
v 2.356031 -7.275609 15.750602
v 2.356031 -3.079320 15.765900
v 2.356031 -7.275609 15.750602
v 2.356031 -5.084380 17.172800
v -2.359081 1.528980 -16.525801
v -2.359080 -0.790430 -10.464800
v -2.359081 -1.666310 -14.304000
v -2.359081 -1.666310 -14.304000
v -2.359080 -0.790430 -10.464800
v -2.359080 -5.056921 -8.822900
v -2.359081 -1.666310 -14.304000
v -2.359080 -5.056921 -8.822900
v -2.356031 -2.078310 -15.067000
v -2.356031 -2.078310 -15.067000
v -2.359080 -5.056921 -8.822900
v -2.356030 -7.275610 -10.727299
v -2.356031 -2.078310 -15.067000
v -2.356030 -7.275610 -10.727299
v -2.356031 -3.079320 -15.765900
v -2.356031 -3.079320 -15.765900
v -2.356030 -7.275610 -10.727299
v -2.356031 -7.275610 -15.750600
v -2.356031 -3.079320 -15.765900
v -2.356031 -7.275610 -15.750600
v -2.356031 -5.084381 -17.172800
v 3.411969 72.432602 -14.719103
v 3.445539 73.534302 -13.934803
v 3.326519 69.774506 -13.162602
v 3.445539 73.534302 -13.934803
v 3.326520 69.774506 -5.536062
v 3.326519 69.774506 -13.162602
v 3.445539 73.534302 -13.934803
v 3.445540 73.534302 -5.554373
v 3.326520 69.774506 -5.536062
v 3.445540 73.534302 -5.554373
v 3.326520 69.774506 -5.536062
v 3.445540 73.748001 0.057982
v 3.445540 73.534302 -5.554373
v 3.445540 73.748001 0.057982
v 3.445540 76.131500 -5.688653
v 3.445540 76.131500 -5.688653
v 3.445540 73.748001 0.057982
v 4.571670 74.785599 0.057982
v 3.445540 76.131500 5.807667
v 2.902310 56.468399 3.823968
v 3.445540 79.207703 10.580798
v 3.445540 79.207703 10.580798
v 2.902310 56.468399 3.823968
v 0.000000 56.196804 4.596088
v 3.445540 79.207703 10.580798
v 0.000000 56.196804 4.596088
v 0.000000 79.183296 11.423098
v 0.000000 79.183296 11.423098
v 0.000000 56.196804 4.596088
v -3.445539 79.207703 10.580798
v 0.000000 79.183296 11.423098
v -3.445539 79.207703 10.580798
v -3.445539 83.657303 10.953097
v -3.445539 83.657303 10.953097
v -3.445539 79.207703 10.580798
v -3.445539 81.881203 8.191168
v 2.359080 -0.790428 10.464800
v 2.359080 -0.790428 8.777120
v 0.000000 -0.790428 8.777120
v 0.000000 -0.790428 8.777120
v 2.359080 -0.790428 8.777120
v 2.359080 1.528981 7.293920
v 0.000000 -0.790428 8.777120
v 2.359080 1.528981 7.293920
v -2.359080 1.528981 7.293920
v -2.359080 1.528981 7.293920
v 2.359080 1.528981 7.293920
v 0.000000 3.762930 8.850370
v -2.359080 1.528981 7.293920
v 0.000000 3.762930 8.850370
v -2.359079 3.762930 8.777120
v -2.359079 3.762930 8.777120
v 0.000000 3.762930 8.850370
v -2.359079 3.762930 10.464800
v 2.359079 3.762929 -10.464800
v 2.359079 3.762929 -8.777120
v 0.000000 3.762929 -8.850370
v 0.000000 3.762929 -8.850370
v 2.359079 3.762929 -8.777120
v 2.359080 1.528979 -7.293920
v 0.000000 3.762929 -8.850370
v 2.359080 1.528979 -7.293920
v -2.359080 1.528979 -7.293920
v -2.359080 1.528979 -7.293920
v 2.359080 1.528979 -7.293920
v 0.000000 -0.790430 -8.777120
v -2.359080 1.528979 -7.293920
v 0.000000 -0.790430 -8.777120
v -2.359080 -0.790430 -8.777120
v -2.359080 -0.790430 -8.777120
v 0.000000 -0.790430 -8.777120
v -2.359080 -0.790430 -10.464800
v 2.359080 -9.509570 -2.175970
v 2.359080 -8.099610 -2.175969
v 0.000000 -8.099610 -2.175969
v 0.000000 -8.099610 -2.175969
v 2.359080 -8.099610 -2.175969
v 2.359080 -6.482130 0.000000
v 0.000000 -8.099610 -2.175969
v 2.359080 -6.482130 0.000000
v -2.359080 -6.482130 0.000000
v -2.359080 -6.482130 0.000000
v 2.359080 -6.482130 0.000000
v 0.000000 -8.099610 2.175971
v -2.359080 -6.482130 0.000000
v 0.000000 -8.099610 2.175971
v -2.359080 -8.099610 2.175971
v -2.359080 -8.099610 2.175971
v 0.000000 -8.099610 2.175971
v -2.359080 -9.509570 2.175971
v 2.972500 58.708500 -7.742552
v 3.061010 61.482601 -6.051822
v 2.887050 56.019802 -6.128122
v 3.061010 61.482601 -6.051822
v 2.887050 56.019802 -3.375352
v 2.887050 56.019802 -6.128122
v 3.061010 61.482601 -4.043702
v 2.887050 56.019802 -3.375352
v 2.902310 56.468399 3.823968
v 3.061010 61.482601 -4.043702
v 2.902310 56.468399 3.823968
v 3.100680 62.730801 -4.193242
v -3.326520 69.774506 -5.536062
v -3.445541 73.534302 -13.934803
v -3.445540 73.534302 -5.554373
v -3.326520 69.774506 -5.536062
v -3.445540 73.534302 -5.554373
v -3.445540 73.748001 0.057983
v -3.445540 73.748001 0.057983
v -3.445540 73.534302 -5.554373
v -3.445540 76.131500 -5.688653
v -3.445540 73.748001 0.057983
v -3.445540 76.131500 -5.688653
v -4.571670 74.785599 0.057983
v 2.298040 9.030430 -0.000001
v 0.000000 6.561480 2.337719
v 2.298040 10.785200 5.099639
v 2.298040 10.785200 5.099639
v 0.000000 6.561480 2.337719
v 0.000000 7.898190 6.262401
v 2.298040 10.785200 5.099639
v 0.000000 7.898190 6.262401
v 2.359080 7.596059 8.603168
v 2.359080 7.596059 8.603168
v 0.000000 7.898190 6.262401
v 0.000000 3.762930 8.850370
v 2.359080 7.596059 8.603168
v 0.000000 3.762930 8.850370
v 2.359080 3.762930 10.464800
v -2.356031 -3.079320 -15.765900
v -2.356031 -5.084381 -17.172800
v 2.356029 -5.084381 -17.172800
v 2.356029 -5.084381 -17.172800
v -2.356031 -5.084381 -17.172800
v -2.356031 -7.275610 -15.750600
v 2.356029 -5.084381 -17.172800
v -2.356031 -7.275610 -15.750600
v 2.356029 -7.275610 -15.750600
v 2.356029 -7.275610 -15.750600
v -2.356031 -7.275610 -15.750600
v -0.000001 -7.275610 -11.960199
v 2.356029 -7.275610 -15.750600
v -0.000001 -7.275610 -11.960199
v 2.356030 -7.275610 -10.727299
v 2.359080 -0.790428 10.464800
v 0.000000 -0.790428 8.777120
v 2.359080 -5.056921 8.822900
v 2.359080 -5.056921 8.822900
v 0.000000 -0.790428 8.777120
v 0.000000 -5.667291 6.540120
v 2.359080 -5.056921 8.822900
v 0.000000 -5.667291 6.540120
v 2.359080 -7.907351 5.749691
v 2.359080 -7.907351 5.749691
v 0.000000 -5.667291 6.540120
v 0.000000 -8.099610 2.175971
v 2.359080 -7.907351 5.749691
v 0.000000 -8.099610 2.175971
v 2.359080 -9.509570 2.175971
v 2.298040 9.030430 -0.000001
v 2.298040 10.785200 5.099639
v 2.389600 27.225599 -0.000001
v 2.389600 27.225599 -0.000001
v 2.298040 10.785200 5.099639
v 2.298040 13.391501 9.323400
v 2.389600 27.225599 -0.000001
v 2.298040 13.391501 9.323400
v 2.298040 17.581699 10.330500
v 2.298040 17.581699 10.330500
v 2.298040 13.391501 9.323400
v 0.000000 17.581699 11.133200
v 2.298040 17.581699 10.330500
v 0.000000 17.581699 11.133200
v 2.298040 21.958099 9.427169
v 0.000000 96.087494 -6.140323
v 3.445540 96.087494 -6.140323
v 0.000000 98.638901 -1.165813
v 0.000000 98.638901 -1.165813
v 3.445540 96.087494 -6.140323
v 2.563550 98.638901 -1.165813
v 0.000000 98.638901 -1.165813
v 2.563550 98.638901 -1.165813
v 0.000000 100.000000 4.562516
v 0.000000 100.000000 4.562516
v 2.563550 98.638901 -1.165813
v 1.342810 100.000000 4.562516
v 0.000000 100.000000 4.562516
v 1.342810 100.000000 4.562516
v 0.000000 99.694801 10.345798
v 2.298039 22.046600 -10.046700
v 0.000000 17.581699 -11.301000
v 2.298039 17.581699 -10.330500
v 2.298039 17.581699 -10.330500
v 0.000000 17.581699 -11.301000
v 2.298039 13.391500 -9.323400
v 2.298039 17.581699 -10.330500
v 2.298039 13.391500 -9.323400
v 2.389600 27.225599 -0.000001
v 2.389600 27.225599 -0.000001
v 2.298039 13.391500 -9.323400
v 2.298040 10.773000 -5.127111
v 2.389600 27.225599 -0.000001
v 2.298040 10.773000 -5.127111
v 2.298040 9.030430 -0.000001
v 2.737510 46.964897 -2.935882
v 0.000000 46.964897 -3.759881
v 0.000000 42.436001 -3.769041
v 0.000000 42.436001 -3.769041
v 0.000000 46.964897 -3.759881
v -2.737510 46.964897 -2.935882
v 0.000000 42.436001 -3.769041
v -2.737510 46.964897 -2.935882
v -2.655110 42.005699 -2.954191
v -2.655110 42.005699 -2.954191
v -2.737510 46.964897 -2.935882
v -2.737510 46.964897 -0.030520
v -2.655110 42.005699 -2.954191
v -2.737510 46.964897 -0.030520
v -2.389600 27.225599 -0.000001
v 2.356030 -7.275609 10.727301
v 0.000001 -7.275609 11.960201
v 2.356031 -7.275609 15.750602
v 2.356031 -7.275609 15.750602
v 0.000001 -7.275609 11.960201
v -2.356029 -7.275609 15.750602
v 2.356031 -7.275609 15.750602
v -2.356029 -7.275609 15.750602
v 2.356031 -5.084380 17.172800
v 2.356031 -5.084380 17.172800
v -2.356029 -7.275609 15.750602
v -2.356029 -5.084380 17.172800
v 2.356031 -5.084380 17.172800
v -2.356029 -5.084380 17.172800
v -2.356029 -3.079320 15.765900
v -2.359079 -1.666310 14.304000
v 2.359081 -1.666310 14.304000
v -2.356029 -2.078310 15.067000
v -2.356029 -2.078310 15.067000
v 2.359081 -1.666310 14.304000
v 2.356031 -2.078310 15.067000
v -2.356029 -2.078310 15.067000
v 2.356031 -2.078310 15.067000
v -0.958280 1.535080 18.814699
v -0.958280 1.535080 18.814699
v 2.356031 -2.078310 15.067000
v 0.958282 1.535080 18.814699
v -0.958280 1.535080 18.814699
v 0.958282 1.535080 18.814699
v 2.359081 5.041660 15.045600
v 0.000000 3.762929 -8.850370
v -2.359080 7.596059 -8.603170
v 0.000000 7.898190 -6.262401
v 0.000000 7.898190 -6.262401
v -2.359080 7.596059 -8.603170
v -2.298040 10.773000 -5.127111
v 0.000000 7.898190 -6.262401
v -2.298040 10.773000 -5.127111
v 0.000000 6.561480 -2.337720
v 0.000000 6.561480 -2.337720
v -2.298040 10.773000 -5.127111
v -2.298040 9.030430 -0.000001
v 0.000000 6.561480 -2.337720
v -2.298040 9.030430 -0.000001
v -1.495410 4.861600 -0.000000
v 2.356030 9.903260 -11.569601
v -0.000001 9.906310 -12.595000
v 2.356029 9.903260 -15.759801
v 2.356029 9.903260 -15.759801
v -0.000001 9.906310 -12.595000
v -2.356031 9.903260 -15.759801
v 2.356029 9.903260 -15.759801
v -2.356031 9.903260 -15.759801
v 2.356029 7.971439 -17.154499
v 2.356029 7.971439 -17.154499
v -2.356031 9.903260 -15.759801
v -2.356031 7.971439 -17.154499
v 2.356029 7.971439 -17.154499
v -2.356031 7.971439 -17.154499
v -2.356031 5.969419 -15.723101
v 2.356030 -9.897151 -8.096559
v 0.000000 -10.959201 -8.096560
v 2.356030 -14.743501 -8.096560
v 2.356030 -14.743501 -8.096560
v 0.000000 -10.959201 -8.096560
v -2.356030 -14.743501 -8.096560
v 2.356030 -14.743501 -8.096560
v -2.356030 -14.743501 -8.096560
v 2.356030 -16.266399 -5.792408
v 2.356030 -16.266399 -5.792408
v -2.356030 -14.743501 -8.096560
v -2.356030 -16.266399 -5.792408
v 2.356030 -16.266399 -5.792408
v -2.356030 -16.266399 -5.792408
v -2.356030 -14.755700 -3.805660
v 2.359080 -9.509570 -2.175970
v 0.000000 -8.099610 -2.175969
v 2.359080 -7.907351 -5.749691
v 2.359080 -7.907351 -5.749691
v 0.000000 -8.099610 -2.175969
v 0.000000 -5.667291 -6.540120
v 2.359080 -7.907351 -5.749691
v 0.000000 -5.667291 -6.540120
v 2.359079 -5.056921 -8.822900
v 2.359079 -5.056921 -8.822900
v 0.000000 -5.667291 -6.540120
v 0.000000 -0.790430 -8.777120
v 2.359079 -5.056921 -8.822900
v 0.000000 -0.790430 -8.777120
v 2.359079 -0.790430 -10.464800
v 2.359080 -15.585799 0.000000
v 2.359080 -9.509570 -2.175970
v 2.359080 -13.550200 -2.529979
v 2.359080 -13.550200 -2.529979
v 2.359080 -9.509570 -2.175970
v 2.356030 -9.897151 -8.096559
v 2.359080 -13.550200 -2.529979
v 2.356030 -9.897151 -8.096559
v 2.359080 -14.139199 -3.122040
v 2.359080 -14.139199 -3.122040
v 2.356030 -9.897151 -8.096559
v 2.356030 -14.755700 -3.805660
v 2.359080 -14.139199 -3.122040
v 2.356030 -14.755700 -3.805660
v 0.906400 -17.893000 0.000000
v -2.359080 -15.585799 0.000000
v -2.359080 -9.509570 2.175971
v -2.359080 -13.550200 2.529980
v -2.359080 -13.550200 2.529980
v -2.359080 -9.509570 2.175971
v -2.356030 -9.897149 8.096560
v -2.359080 -13.550200 2.529980
v -2.356030 -9.897149 8.096560
v -2.359080 -14.139199 3.122040
v -2.359080 -14.139199 3.122040
v -2.356030 -9.897149 8.096560
v -2.356030 -14.755700 3.805660
v -2.359080 -14.139199 3.122040
v -2.356030 -14.755700 3.805660
v -0.906400 -17.893000 0.000000
v 0.000000 99.694801 10.345798
v -1.342810 100.000000 4.562516
v 0.000000 100.000000 4.562516
v 0.000000 100.000000 4.562516
v -1.342810 100.000000 4.562516
v -2.563550 98.638901 -1.165813
v 0.000000 100.000000 4.562516
v -2.563550 98.638901 -1.165813
v 0.000000 98.638901 -1.165813
v 0.000000 98.638901 -1.165813
v -2.563550 98.638901 -1.165813
v -3.445540 96.087494 -6.140323
v 0.000000 98.638901 -1.165813
v -3.445540 96.087494 -6.140323
v 0.000000 96.087494 -6.140323
v -2.356029 5.969420 15.723101
v -2.356029 7.971440 17.154499
v 2.356031 7.971440 17.154499
v 2.356031 7.971440 17.154499
v -2.356029 7.971440 17.154499
v -2.356029 9.903260 15.759799
v 2.356031 7.971440 17.154499
v -2.356029 9.903260 15.759799
v 2.356031 9.903260 15.759799
v 2.356031 9.903260 15.759799
v -2.356029 9.903260 15.759799
v 0.000001 9.906310 12.594998
v 2.356031 9.903260 15.759799
v 0.000001 9.906310 12.594998
v 2.356030 9.903260 11.569599
v -3.445539 83.657303 10.953097
v 0.000001 84.109001 11.731297
v 0.000000 79.183296 11.423098
v 0.000000 79.183296 11.423098
v 0.000001 84.109001 11.731297
v 3.445540 83.657303 10.953097
v 0.000000 79.183296 11.423098
v 3.445540 83.657303 10.953097
v 3.445540 79.207703 10.580798
v 3.445540 79.207703 10.580798
v 3.445540 83.657303 10.953097
v 3.445540 81.881203 8.191168
v 3.445540 79.207703 10.580798
v 3.445540 81.881203 8.191168
v 3.445540 76.131500 5.807667
v -2.359080 -9.509570 2.175971
v 0.000000 -8.099610 2.175971
v -2.359080 -7.907351 5.749691
v -2.359080 -7.907351 5.749691
v 0.000000 -8.099610 2.175971
v 0.000000 -5.667291 6.540120
v -2.359080 -7.907351 5.749691
v 0.000000 -5.667291 6.540120
v -2.359079 -5.056921 8.822900
v -2.359079 -5.056921 8.822900
v 0.000000 -5.667291 6.540120
v 0.000000 -0.790428 8.777120
v -2.359079 -5.056921 8.822900
v 0.000000 -0.790428 8.777120
v -2.359079 -0.790428 10.464800
v -2.356030 -14.755700 3.805660
v -2.356030 -16.266399 5.792410
v 2.356030 -16.266399 5.792410
v 2.356030 -16.266399 5.792410
v -2.356030 -16.266399 5.792410
v -2.356030 -14.743499 8.096560
v 2.356030 -16.266399 5.792410
v -2.356030 -14.743499 8.096560
v 2.356030 -14.743499 8.096560
v 2.356030 -14.743499 8.096560
v -2.356030 -14.743499 8.096560
v 0.000000 -10.959199 8.096560
v 2.356030 -14.743499 8.096560
v 0.000000 -10.959199 8.096560
v 2.356030 -9.897149 8.096560
v -3.100680 62.730801 -4.193242
v -2.902310 56.468399 3.823968
v -3.061010 61.482601 -4.043702
v -3.061010 61.482601 -4.043702
v -2.902310 56.468399 3.823968
v -2.887050 56.019802 -3.375351
v -3.061010 61.482601 -4.043702
v -2.887050 56.019802 -3.375351
v -3.061010 61.482601 -6.051822
v -3.061010 61.482601 -6.051822
v -2.887050 56.019802 -3.375351
v -2.887050 56.019802 -6.128122
v -3.061010 61.482601 -6.051822
v -2.887050 56.019802 -6.128122
v -2.972500 58.708500 -7.742552
v -2.359080 -0.790430 -10.464800
v 0.000000 -0.790430 -8.777120
v -2.359080 -5.056921 -8.822900
v -2.359080 -5.056921 -8.822900
v 0.000000 -0.790430 -8.777120
v 0.000000 -5.667291 -6.540120
v -2.359080 -5.056921 -8.822900
v 0.000000 -5.667291 -6.540120
v -2.359080 -7.907351 -5.749691
v -2.359080 -7.907351 -5.749691
v 0.000000 -5.667291 -6.540120
v 0.000000 -8.099610 -2.175969
v -2.359080 -7.907351 -5.749691
v 0.000000 -8.099610 -2.175969
v -2.359080 -9.509570 -2.175970
v -2.359081 4.632709 -14.294900
v 2.359079 4.632709 -14.294900
v -2.359081 5.041659 -15.045600
v -2.359081 5.041659 -15.045600
v 2.359079 4.632709 -14.294900
v 2.359079 5.041659 -15.045600
v -2.359081 5.041659 -15.045600
v 2.359079 5.041659 -15.045600
v -0.958282 1.535080 -18.814699
v -0.958282 1.535080 -18.814699
v 2.359079 5.041659 -15.045600
v 0.958280 1.535080 -18.814699
v -0.958282 1.535080 -18.814699
v 0.958280 1.535080 -18.814699
v 2.356029 -2.078310 -15.067000
v 4.571670 86.898399 5.075227
v 3.445540 81.881203 8.191168
v 3.622550 87.630898 5.807666
v 3.622550 87.630898 5.807666
v 3.445540 81.881203 8.191168
v 3.445540 83.657303 10.953097
v 3.622550 87.630898 5.807666
v 3.445540 83.657303 10.953097
v 3.445540 88.390800 8.499397
v 3.445540 88.390800 8.499397
v 3.445540 83.657303 10.953097
v 0.000001 84.109001 11.731297
v 2.359080 -14.139199 3.122040
v 2.359080 -13.550200 2.529980
v -2.359080 -13.550200 2.529980
v -2.359080 -13.550200 2.529980
v 2.359080 -13.550200 2.529980
v 2.359080 -15.585799 0.000000
v -2.359080 -13.550200 2.529980
v 2.359080 -15.585799 0.000000
v -2.359080 -15.585799 0.000000
v -2.359080 -15.585799 0.000000
v 2.359080 -15.585799 0.000000
v -2.359080 -13.550200 -2.529979
v 2.359079 3.762929 -10.464800
v 0.000000 3.762929 -8.850370
v 2.359079 7.596059 -8.603170
v 2.359079 7.596059 -8.603170
v 0.000000 3.762929 -8.850370
v 0.000000 7.898190 -6.262401
v 2.359079 7.596059 -8.603170
v 0.000000 7.898190 -6.262401
v 2.298040 10.773000 -5.127111
v 2.298040 10.773000 -5.127111
v 0.000000 7.898190 -6.262401
v 0.000000 6.561480 -2.337720
v -2.359079 3.762930 10.464800
v 0.000000 3.762930 8.850370
v -2.359079 7.596059 8.603168
v -2.359079 7.596059 8.603168
v 0.000000 3.762930 8.850370
v 0.000000 7.898190 6.262401
v -2.359079 7.596059 8.603168
v 0.000000 7.898190 6.262401
v -2.298040 10.785200 5.099639
v -2.298040 10.785200 5.099639
v 0.000000 7.898190 6.262401
v 0.000000 6.561480 2.337719
v 3.061010 61.482601 -4.043702
v 2.887050 56.019802 -3.375352
v 3.061010 61.482601 -6.051822
v -3.411971 72.432602 -14.719103
v -3.445541 73.534302 -13.934803
v -3.326520 69.774506 -13.162602
v -3.445541 73.534302 -13.934803
v -3.326520 69.774506 -5.536062
v -3.326520 69.774506 -13.162602
v -3.186131 65.346199 -10.968402
v -3.274641 68.172195 -9.393601
v -3.100681 62.730801 -9.295941
v 3.445540 96.087494 -6.140323
v 3.445539 91.869904 -10.324403
v 3.622550 87.630898 -5.688653
v 3.622550 87.630898 -5.688653
v 3.445539 91.869904 -10.324403
v 3.445539 84.789597 -13.037502
v 3.622550 87.630898 -5.688653
v 3.445539 84.789597 -13.037502
v 3.445540 81.881203 -8.072151
v -2.359080 -14.139199 3.122040
v -0.906400 -17.893000 0.000000
v 0.906400 -17.893000 0.000000
v 0.906400 -17.893000 0.000000
v -0.906400 -17.893000 0.000000
v -2.359080 -14.139199 -3.122040
v 0.906400 -17.893000 0.000000
v -2.359080 -14.139199 -3.122040
v 2.359080 -14.139199 -3.122040
v 2.563550 98.638901 -1.165813
v 3.695790 90.014305 0.057982
v 1.342810 100.000000 4.562516
v 1.342810 100.000000 4.562516
v 3.695790 90.014305 0.057982
v 3.445540 88.628799 3.415017
v 1.342810 100.000000 4.562516
v 3.445540 88.628799 3.415017
v 0.000000 99.694801 10.345798
v 2.359080 -15.585799 0.000000
v 2.359080 -13.550200 -2.529979
v -2.359080 -13.550200 -2.529979
v -2.359080 -13.550200 -2.529979
v 2.359080 -13.550200 -2.529979
v 2.359080 -14.139199 -3.122040
v -2.359080 -13.550200 -2.529979
v 2.359080 -14.139199 -3.122040
v -2.359080 -14.139199 -3.122040
v 2.356030 -7.275609 10.727301
v 2.356030 -9.897149 8.096560
v 0.000001 -7.275609 11.960201
v 0.000001 -7.275609 11.960201
v 2.356030 -9.897149 8.096560
v 0.000000 -10.959199 8.096560
v 0.000001 -7.275609 11.960201
v 0.000000 -10.959199 8.096560
v -2.356030 -9.897149 8.096560
v 2.359081 4.632711 14.294900
v 2.359081 1.528980 16.525801
v -2.359079 1.528980 16.525801
v -2.359079 1.528980 16.525801
v 2.359081 1.528980 16.525801
v 2.359081 -1.666310 14.304000
v -2.359079 1.528980 16.525801
v 2.359081 -1.666310 14.304000
v -2.359079 -1.666310 14.304000
v 2.359080 -9.509570 2.175971
v 2.356030 -9.897149 8.096560
v 2.359080 -7.907351 5.749691
v 2.359080 -7.907351 5.749691
v 2.356030 -9.897149 8.096560
v 2.356030 -7.275609 10.727301
v 2.359080 -7.907351 5.749691
v 2.356030 -7.275609 10.727301
v 2.359080 -5.056921 8.822900
v 2.356030 -7.275610 -10.727299
v -0.000001 -7.275610 -11.960199
v 0.000000 -10.959201 -8.096560
v 0.000000 -10.959201 -8.096560
v -0.000001 -7.275610 -11.960199
v -2.356030 -7.275610 -10.727299
v 0.000000 -10.959201 -8.096560
v -2.356030 -7.275610 -10.727299
v -2.356030 -9.897151 -8.096559
v -2.298039 13.391501 9.323400
v 0.000000 13.647902 10.156600
v 0.000001 9.906310 12.594998
v 0.000001 9.906310 12.594998
v 0.000000 13.647902 10.156600
v 2.298040 13.391501 9.323400
v 0.000001 9.906310 12.594998
v 2.298040 13.391501 9.323400
v 2.356030 9.903260 11.569599
v 2.359079 -5.056921 -8.822900
v 2.356030 -7.275610 -10.727299
v 2.359080 -7.907351 -5.749691
v 2.359080 -7.907351 -5.749691
v 2.356030 -7.275610 -10.727299
v 2.356030 -9.897151 -8.096559
v 2.359080 -7.907351 -5.749691
v 2.356030 -9.897151 -8.096559
v 2.359080 -9.509570 -2.175970
v 2.356030 9.903260 -11.569601
v 2.298039 13.391500 -9.323400
v -0.000001 9.906310 -12.595000
v -0.000001 9.906310 -12.595000
v 2.298039 13.391500 -9.323400
v 0.000000 13.208399 -10.245100
v -0.000001 9.906310 -12.595000
v 0.000000 13.208399 -10.245100
v -2.298040 13.391500 -9.323400
v 2.298040 13.391501 9.323400
v 0.000000 13.647902 10.156600
v 0.000000 17.581699 11.133200
v 0.000000 17.581699 11.133200
v 0.000000 13.647902 10.156600
v -2.298039 13.391501 9.323400
v 0.000000 17.581699 11.133200
v -2.298039 13.391501 9.323400
v -2.298039 17.581699 10.330500
v -2.359080 -9.509570 -2.175970
v -2.356030 -9.897151 -8.096559
v -2.359080 -7.907351 -5.749691
v -2.359080 -7.907351 -5.749691
v -2.356030 -9.897151 -8.096559
v -2.356030 -7.275610 -10.727299
v -2.359080 -7.907351 -5.749691
v -2.356030 -7.275610 -10.727299
v -2.359080 -5.056921 -8.822900
v -2.298040 10.785200 5.099639
v -2.298040 9.030430 -0.000001
v -2.389600 27.225599 -0.000001
v -2.389600 27.225599 -0.000001
v -2.298040 9.030430 -0.000001
v -2.298040 10.773000 -5.127111
v -2.389600 27.225599 -0.000001
v -2.298040 10.773000 -5.127111
v -2.298040 13.391500 -9.323400
v 0.000000 99.694801 10.345798
v -3.445540 88.628799 3.415017
v -1.342810 100.000000 4.562516
v -1.342810 100.000000 4.562516
v -3.445540 88.628799 3.415017
v -3.695790 90.014305 0.057982
v -1.342810 100.000000 4.562516
v -3.695790 90.014305 0.057982
v -2.563550 98.638901 -1.165813
v -2.407910 28.223499 3.823969
v 0.000000 28.559198 4.596088
v 0.000000 26.133001 7.654039
v 0.000000 26.133001 7.654039
v 0.000000 28.559198 4.596088
v 2.407910 28.223499 3.823969
v 0.000000 26.133001 7.654039
v 2.407910 28.223499 3.823969
v 2.298040 25.598898 7.013149
v -2.359079 -5.056921 8.822900
v -2.356030 -7.275609 10.727301
v -2.359080 -7.907351 5.749691
v -2.359080 -7.907351 5.749691
v -2.356030 -7.275609 10.727301
v -2.356030 -9.897149 8.096560
v -2.359080 -7.907351 5.749691
v -2.356030 -9.897149 8.096560
v -2.359080 -9.509570 2.175971
v -2.783290 49.717701 -2.948092
v -2.737510 46.964897 -0.030520
v -2.752770 47.865200 -2.905362
v -2.752770 47.865200 -2.905362
v -2.737510 46.964897 -0.030520
v -2.737510 46.964897 -2.935882
v -2.752770 47.865200 -2.905362
v -2.737510 46.964897 -2.935882
v 0.000000 46.964897 -3.759881
v -3.445540 81.881203 -8.072151
v -3.445540 84.789597 -13.037502
v -3.622550 87.630898 -5.688653
v -3.622550 87.630898 -5.688653
v -3.445540 84.789597 -13.037502
v -3.445540 91.869904 -10.324403
v -3.622550 87.630898 -5.688653
v -3.445540 91.869904 -10.324403
v -3.445540 96.087494 -6.140323
v 2.356031 -3.079320 15.765900
v 0.000001 1.528980 20.841099
v 0.958282 1.535080 18.814699
v 0.958282 1.535080 18.814699
v 0.000001 1.528980 20.841099
v 2.356031 5.969420 15.723101
v 0.958282 1.535080 18.814699
v 2.356031 5.969420 15.723101
v 2.359081 5.041660 15.045600
v -2.359079 1.528980 16.525801
v -2.359079 3.762930 10.464800
v -2.359079 4.632711 14.294900
v -2.359079 4.632711 14.294900
v -2.359079 3.762930 10.464800
v -2.359079 7.596059 8.603168
v -2.359079 4.632711 14.294900
v -2.359079 7.596059 8.603168
v -2.359079 5.041660 15.045600
v -0.958280 1.535080 18.814699
v 2.359081 5.041660 15.045600
v -2.359079 5.041660 15.045600
v -2.359079 5.041660 15.045600
v 2.359081 5.041660 15.045600
v 2.359081 4.632711 14.294900
v -2.359079 5.041660 15.045600
v 2.359081 4.632711 14.294900
v -2.359079 4.632711 14.294900
v 2.359079 -1.666310 -14.304000
v 2.359079 1.528980 -16.525801
v -2.359081 1.528980 -16.525801
v -2.359081 1.528980 -16.525801
v 2.359079 1.528980 -16.525801
v 2.359079 4.632709 -14.294900
v -2.359081 1.528980 -16.525801
v 2.359079 4.632709 -14.294900
v -2.359081 4.632709 -14.294900
v -0.958282 1.535080 -18.814699
v 2.356029 -2.078310 -15.067000
v -2.356031 -2.078310 -15.067000
v -2.356031 -2.078310 -15.067000
v 2.356029 -2.078310 -15.067000
v 2.359079 -1.666310 -14.304000
v -2.356031 -2.078310 -15.067000
v 2.359079 -1.666310 -14.304000
v -2.359081 -1.666310 -14.304000
v 2.359079 1.528980 -16.525801
v 2.359079 3.762929 -10.464800
v 2.359079 4.632709 -14.294900
v 2.359079 4.632709 -14.294900
v 2.359079 3.762929 -10.464800
v 2.359079 7.596059 -8.603170
v 2.359079 4.632709 -14.294900
v 2.359079 7.596059 -8.603170
v 2.359079 5.041659 -15.045600
v -2.356031 -3.079320 -15.765900
v -0.000001 1.528979 -20.841099
v -0.958282 1.535080 -18.814699
v -0.958282 1.535080 -18.814699
v -0.000001 1.528979 -20.841099
v -2.356031 5.969419 -15.723101
v -0.958282 1.535080 -18.814699
v -2.356031 5.969419 -15.723101
v -2.359081 5.041659 -15.045600
v 0.000000 -53.672897 5.349892
v 0.000000 -61.430698 0.000002
v 0.000000 -52.345299 0.000002
v 0.000000 -61.430698 0.000002
v 0.000000 -53.672897 5.349892
v 0.000000 -61.430698 2.978611
v 0.000000 -41.740200 0.000001
v 0.000000 -31.134998 0.000001
v 0.000000 -37.144100 3.976561
v 0.000000 -26.538900 -3.976559
v 0.000000 -20.529800 0.000001
v 0.000000 -31.134998 0.000001
v 0.000000 -47.749298 3.976562
v 0.000000 -41.740200 0.000001
v 0.000000 -52.345299 0.000002
v 0.000000 -52.345299 0.000002
v 0.000000 -41.740200 0.000001
v 0.000000 -47.749298 -3.976558
v 0.000000 -53.672897 -5.349889
v 0.000000 -61.430698 0.000002
v 0.000000 -52.345299 0.000002
v 0.000000 -31.134998 0.000001
v 0.000000 -20.529800 0.000001
v 0.000000 -26.538900 3.976561
v 0.000000 -41.740200 0.000001
v 0.000000 -31.134998 0.000001
v 0.000000 -37.144100 -3.976559
v 0.000000 -61.430698 0.000002
v 0.000000 -53.672897 -5.349889
v 0.000000 -61.430698 -2.978608
v 2.822960 52.082901 -4.550311
v 2.856530 54.194801 -3.161722
v 2.783290 49.717701 -2.948092
v -3.274640 68.172195 -5.017242
v -3.100680 62.730801 -4.193242
v -3.274641 68.172195 -9.393601
v -3.274641 68.172195 -9.393601
v -3.100680 62.730801 -4.193242
v -3.100681 62.730801 -9.295941
v -3.326520 69.774506 -5.536062
v -3.445541 73.534302 -13.934803
v -3.445540 73.534302 -5.554373
v -3.061010 61.482601 -4.043702
v -2.887050 56.019802 -3.375351
v -3.061010 61.482601 -6.051822
v -3.061010 61.482601 -6.051822
v -2.887050 56.019802 -3.375351
v -2.887050 56.019802 -6.128122
v -3.061010 61.482601 -6.051822
v -2.887050 56.019802 -6.128122
v -2.972500 58.708500 -7.742552
v 3.061010 61.482601 -4.043702
v 2.887050 56.019802 -3.375352
v 3.061010 61.482601 -6.051822
vn -1.0000 -0.0000 -0.0000
vn 1.0000 -0.0000 -0.0000
vn 0.9999 -0.0163 0.0003
vn 0.7368 -0.2275 0.6367
vn 0.7797 -0.1501 0.6079
vn -0.0002 -0.5309 0.8475
vn 0.0002 -0.5309 0.8475
vn -0.0000 0.3311 0.9436
vn -0.0000 0.6884 -0.7253
vn 0.2881 0.0276 -0.9572
vn 0.2574 0.7007 0.6654
vn -0.2574 0.7007 0.6654
vn 0.9999 0.0114 -0.0070
vn 0.9999 0.0115 -0.0079
vn -0.0000 1.0000 -0.0000
vn -0.0259 0.5529 -0.8328
vn -0.0000 0.8026 0.5966
vn -0.0000 -0.0000 1.0000
vn -0.0000 -0.0000 -1.0000
vn -0.0000 0.8026 -0.5966
vn -0.0000 -1.0000 -0.0000
vn -0.0000 -0.5387 0.8425
vn -0.9998 0.0102 0.0154
vn -0.3213 0.5233 0.7893
vn -0.0000 -0.5387 -0.8425
vn -0.9999 0.0114 0.0071
vn -0.9999 0.0115 0.0079
vn 0.0259 0.5529 0.8328
vn -0.9999 0.0163 -0.0007
vn 0.9999 0.0163 -0.0007
vn -0.7368 -0.2275 -0.6367
vn 1.0000 0.0006 -0.0094
vn -0.0002 0.5306 -0.8476
vn -0.0000 0.6394 -0.7688
vn -0.5242 -0.3720 0.7660
vn 0.9999 0.0023 0.0110
vn -0.3432 0.5125 -0.7871
vn 0.9995 -0.0319 0.0014
vn -0.0000 0.5837 0.8120
vn -0.0000 -0.5816 -0.8135
vn 0.3042 -0.6748 -0.6724
vn -0.0013 1.0000 -0.0000
vn -0.0000 0.7553 0.6553
vn -0.9650 0.1502 0.2151
vn 0.0002 0.5306 -0.8476
vn -0.4001 -0.7213 -0.5654
vn -0.0000 -0.7089 -0.7053
vn -0.3465 -0.6645 0.6621
vn -0.0000 -0.7960 -0.6053
vn -0.0000 -0.6273 0.7788
vn -0.3047 -0.0053 0.9524
vn -0.0000 0.5744 0.8186
vn -0.0000 -0.7403 0.6722
vn -0.9999 -0.0168 -0.0011
vn -0.0000 -0.5816 0.8135
vn -0.3432 0.5125 0.7871
vn -0.9995 -0.0319 0.0014
vn -0.0000 -0.7960 0.6053
vn -0.0000 -0.6273 -0.7788
vn -0.0000 0.5744 -0.8186
vn 0.9650 0.1502 0.2151
vn -0.0000 -0.5709 -0.8210
vn -0.0000 0.7553 -0.6553
vn -0.9650 0.1502 -0.2151
vn -0.0000 -0.7403 -0.6722
vn 0.9650 0.1502 -0.2151
vn 0.2457 -0.0125 -0.9693
vn -0.2457 -0.0125 -0.9693
vn 0.6476 -0.2918 -0.7039
vn 0.6476 -0.7039 -0.2918
vn 0.7382 0.6232 -0.2583
vn 0.7382 0.6232 0.2581
vn 0.6027 0.7208 0.3424
vn 0.6997 0.6763 0.2303
vn 0.9976 0.0366 -0.0585
vn 0.9973 0.0534 0.0505
vn 0.2552 0.7023 0.6645
vn 0.2600 0.4397 0.8597
vn -0.2600 0.4397 0.8597
vn -0.2524 0.4453 0.8591
vn -0.9979 0.0297 0.0572
vn -0.9996 -0.0243 0.0156
vn -0.7058 0.2526 0.6619
vn -0.6494 0.2907 0.7027
vn -0.6494 -0.2907 0.7027
vn -0.6476 -0.2918 0.7039
vn -0.9994 -0.0295 0.0190
vn -0.2712 -0.2801 0.9209
vn -0.2571 -0.0000 0.9664
vn 0.2571 -0.0000 0.9664
vn 0.3047 -0.0053 0.9524
vn 0.9998 -0.0175 -0.0002
vn 0.9993 -0.0362 0.0047
vn 0.9998 0.0102 0.0154
vn 0.3213 0.5233 0.7893
vn 0.3089 0.2003 0.9298
vn -0.3089 0.2003 0.9298
vn -0.3237 0.1913 0.9266
vn -0.9999 0.0023 0.0110
vn -1.0000 -0.0017 0.0072
vn -1.0000 -0.0047 0.0029
vn 0.7081 -0.3196 0.6296
vn -0.7081 -0.3196 0.6296
vn -0.6414 0.5131 0.5703
vn -0.6414 0.5131 -0.5703
vn -0.6584 0.4932 -0.5686
vn 0.6584 0.4932 -0.5686
vn 0.7568 -0.0000 -0.6536
vn 0.7568 -0.0000 0.6536
vn -0.7568 -0.0000 0.6536
vn -0.7231 -0.2952 0.6245
vn -0.7231 -0.2952 -0.6245
vn -0.7174 -0.2829 -0.6366
vn 0.7174 -0.2829 -0.6366
vn 0.6341 0.5304 -0.5627
vn 0.6341 0.5304 0.5627
vn 0.6528 0.5056 0.5641
vn -0.6528 0.5056 0.5641
vn -0.7368 -0.2275 0.6367
vn -0.7797 -0.1501 0.6079
vn -0.8029 -0.5637 0.1940
vn -0.7081 -0.3196 -0.6296
vn 0.7081 -0.3196 -0.6296
vn 0.6414 0.5131 -0.5703
vn 0.6414 0.5131 0.5703
vn 0.6584 0.4932 0.5686
vn -0.6584 0.4932 0.5686
vn -0.7568 -0.0000 -0.6536
vn 0.7231 -0.2952 -0.6245
vn 0.7231 -0.2952 0.6245
vn 0.7174 -0.2829 0.6366
vn -0.7174 -0.2829 0.6366
vn -0.6341 0.5304 0.5627
vn -0.6341 0.5304 -0.5627
vn -0.6528 0.5056 -0.5641
vn 0.6528 0.5056 -0.5641
vn 0.7368 -0.2275 -0.6367
vn 0.7797 -0.1501 -0.6079
vn 0.8024 -0.5650 -0.1920
vn -0.0000 -0.3282 -0.9446
vn -0.0000 -0.3080 -0.9514
vn -0.0000 -0.1497 -0.9887
vn -0.0000 -0.1190 -0.9929
vn -0.0000 -0.1214 -0.9926
vn -0.0000 -0.1163 -0.9932
vn -0.0000 -0.0477 -0.9989
vn -0.0000 -0.0231 -0.9997
vn 0.9995 -0.0319 0.0011
vn 0.9995 -0.0320 -0.0000
vn 0.9995 -0.0320 -0.0003
vn 0.9995 -0.0313 0.0007
vn 0.9995 -0.0288 0.0119
vn 0.6482 -0.7035 0.2916
vn 0.6475 -0.7040 0.2916
vn 0.6494 0.2907 0.7027
vn 0.6494 -0.2907 0.7027
vn 0.6476 -0.2918 0.7039
vn 0.9999 -0.0165 0.0001
vn 0.9999 -0.0169 -0.0000
vn 0.9999 -0.0166 -0.0000
vn 0.2932 -0.0013 -0.9561
vn 0.3246 0.3118 -0.8930
vn -0.3246 0.3118 -0.8930
vn -0.3266 0.3113 -0.8924
vn -0.9998 -0.0179 0.0001
vn -1.0000 0.0006 -0.0094
vn -1.0000 -0.0017 -0.0072
vn -0.3798 -0.2162 -0.8994
vn -0.3782 -0.2173 -0.8999
vn 0.3782 -0.2173 -0.8999
vn -0.2552 0.7023 0.6645
vn -0.9973 0.0534 0.0505
vn -0.9976 0.0366 -0.0585
vn -0.6997 0.6763 0.2303
vn -0.6027 0.7208 0.3424
vn -0.7382 0.6232 0.2581
vn -0.7382 0.6232 -0.2583
vn -0.6476 -0.7039 -0.2918
vn -0.6476 -0.2918 -0.7039
vn 0.4001 -0.7213 -0.5654
vn 0.4838 -0.7187 -0.4994
vn -0.4838 -0.7187 -0.4994
vn -0.4609 -0.4342 -0.7740
vn -0.6757 -0.2069 -0.7076
vn -0.5885 0.0287 -0.8080
vn -0.7532 0.2354 -0.6142
vn -0.6559 0.4210 -0.6266
vn -0.6843 0.5136 -0.5177
vn -0.5641 0.6715 -0.4805
vn 1.0000 0.0019 0.0018
vn 1.0000 0.0009 0.0003
vn 1.0000 -0.0000 0.0005
vn 1.0000 0.0003 0.0003
vn 1.0000 -0.0022 0.0025
vn 0.9584 -0.2140 -0.1887
vn 0.8657 -0.4944 0.0778
vn 0.8657 -0.4944 -0.0778
vn 1.0000 -0.0034 -0.0021
vn 1.0000 -0.0007 -0.0008
vn -1.0000 0.0009 -0.0003
vn -1.0000 0.0019 -0.0018
vn -1.0000 -0.0000 -0.0005
vn -1.0000 0.0003 -0.0003
vn -1.0000 -0.0022 -0.0025
vn -0.9584 -0.2140 0.1887
vn -0.8657 -0.4944 -0.0778
vn -0.8657 -0.4944 0.0778
vn -1.0000 -0.0034 0.0021
vn -1.0000 -0.0007 0.0008
vn 0.9999 -0.0168 -0.0011
vn 0.9999 -0.0169 -0.0010
vn 0.9998 -0.0176 0.0007
vn 0.9998 -0.0176 0.0017
vn 0.9998 -0.0179 0.0001
vn 0.3266 0.3113 -0.8924
vn 0.3147 0.1031 -0.9436
vn -0.3147 0.1031 -0.9436
vn -0.3884 0.0585 -0.9196
vn 0.3391 0.5112 0.7897
vn -0.3391 0.5112 0.7897
vn -0.3365 0.7214 0.6053
vn -0.9993 -0.0362 0.0047
vn -0.9998 -0.0175 -0.0002
vn -0.9998 -0.0176 0.0007
vn -0.9999 -0.0169 -0.0010
vn -0.9999 -0.0163 0.0003
vn -0.6475 -0.7040 0.2916
vn -0.6482 -0.7035 0.2916
vn -0.9995 -0.0288 0.0119
vn -0.9995 -0.0313 0.0007
vn -0.9995 -0.0320 -0.0003
vn -0.9995 -0.0320 -0.0000
vn 0.4609 -0.4342 -0.7740
vn 0.6757 -0.2069 -0.7076
vn 0.5885 0.0287 -0.8080
vn 0.7532 0.2354 -0.6142
vn 0.6559 0.4210 -0.6266
vn 0.6843 0.5136 -0.5177
vn 0.5641 0.6715 -0.4805
vn 0.9845 0.1436 0.1009
vn 0.9996 0.0198 -0.0210
vn 0.7118 0.6455 -0.2768
vn 0.7058 0.2526 -0.6619
vn 0.6482 0.2914 -0.7035
vn 0.6482 -0.2914 -0.7035
vn 0.9999 0.0114 0.0071
vn 0.9999 0.0115 0.0079
vn 1.0000 0.0009 -0.0003
vn 1.0000 0.0019 -0.0018
vn 0.9644 -0.1540 -0.2152
vn 0.9039 0.0131 -0.4275
vn 0.9040 -0.0086 -0.4275
vn -0.6482 -0.2914 -0.7035
vn -0.6482 0.2914 -0.7035
vn -0.7058 0.2526 -0.6619
vn -0.7118 0.6455 -0.2768
vn -0.9996 0.0198 -0.0210
vn -0.9845 0.1436 0.1009
vn -0.9999 0.0114 -0.0070
vn -0.9999 0.0115 -0.0079
vn -1.0000 0.0009 0.0003
vn -1.0000 0.0019 0.0018
vn -0.9644 -0.1540 0.2152
vn -0.9039 0.0131 0.4275
vn -0.9040 -0.0086 0.4275
vn 1.0000 -0.0035 0.0021
vn 1.0000 -0.0007 0.0008
vn -1.0000 -0.0035 -0.0021
vn -1.0000 -0.0007 -0.0008
vn 0.9995 -0.0314 0.0013
vn 0.9995 -0.0316 -0.0000
vn 0.9995 -0.0316 0.0012
vn 0.6481 -0.7034 -0.2918
vn 0.9994 -0.0295 0.0190
vn 0.2712 -0.2801 0.9209
vn 0.2300 -0.2771 0.9329
vn -0.2300 -0.2771 0.9329
vn -0.2372 -0.0810 0.9681
vn -0.0000 0.5717 -0.8205
vn 0.0259 0.5529 -0.8328
vn -0.0259 0.5529 0.8328
vn -0.0000 0.5717 0.8205
vn 0.9995 -0.0318 -0.0001
vn 0.9995 -0.0318 -0.0000
vn -0.9995 -0.0316 -0.0000
vn -0.9995 -0.0316 0.0012
vn -0.6481 -0.7034 -0.2918
vn 0.8029 -0.5637 0.1940
vn 0.8040 -0.5628 0.1917
vn 0.5013 -0.6355 -0.5872
vn 0.6117 -0.4197 -0.6706
vn 0.5242 -0.3720 -0.7660
vn -0.0000 -0.5444 -0.8388
vn 0.5553 0.2987 -0.7762
vn 0.6109 0.3301 -0.7196
vn 0.4241 0.6640 -0.6158
vn 0.5545 0.7269 -0.4051
vn 0.4788 0.8011 -0.3592
vn 1.0000 -0.0050 0.0017
vn 1.0000 -0.0047 0.0029
vn 1.0000 -0.0017 0.0072
vn 0.3216 -0.2213 0.9207
vn 0.3237 0.1913 0.9266
vn -0.0000 0.8898 -0.4564
vn -0.0000 0.9729 -0.2312
vn -0.0000 0.9986 0.0527
vn 0.3884 0.0585 -0.9196
vn 0.3798 -0.2162 -0.8994
vn 1.0000 -0.0017 -0.0072
vn 1.0000 -0.0047 -0.0029
vn 1.0000 -0.0050 -0.0017
vn 0.2882 0.0019 -0.9576
vn -0.2882 0.0019 -0.9576
vn -0.2932 -0.0013 -0.9561
vn -0.9999 -0.0166 -0.0000
vn -0.9998 -0.0176 0.0017
vn -0.0000 -0.5444 0.8388
vn -0.0000 0.8799 0.4751
vn -0.0000 0.7199 -0.6941
vn -0.0000 -0.7321 -0.6811
vn -0.6117 -0.4197 0.6706
vn -0.5024 -0.6338 0.5881
vn -0.8022 -0.5652 -0.1925
vn -0.8024 -0.5650 -0.1920
vn -0.7797 -0.1501 -0.6079
vn 0.0013 1.0000 -0.0000
vn -0.0000 1.0000 -0.0010
vn -0.0000 0.5854 -0.8108
vn -0.0000 -0.8342 -0.5514
vn 0.4788 0.8011 0.3592
vn 0.5545 0.7269 0.4051
vn 0.4241 0.6640 0.6158
vn 0.6109 0.3301 0.7196
vn 0.5553 0.2987 0.7762
vn 1.0000 -0.0000 -0.0005
vn 1.0000 0.0003 -0.0003
vn 1.0000 -0.0022 -0.0025
vn 0.9584 -0.2140 0.1887
vn -1.0000 -0.0000 0.0005
vn -1.0000 0.0003 0.0003
vn -1.0000 -0.0022 0.0025
vn -0.9584 -0.2140 -0.1887
vn -0.0000 0.5854 0.8108
vn -0.0000 1.0000 0.0010
vn -0.2123 -0.0610 0.9753
vn 0.2123 -0.0610 0.9753
vn 0.2372 -0.0810 0.9681
vn -0.4788 0.8011 -0.3592
vn -0.5545 0.7269 -0.4051
vn -0.4241 0.6640 -0.6158
vn -0.6109 0.3301 -0.7196
vn -0.5553 0.2987 -0.7762
vn -0.0000 -0.8342 0.5514
vn -0.9995 -0.0318 -0.0001
vn -0.9995 -0.0318 -0.0000
vn -0.5553 0.2987 0.7762
vn -0.6109 0.3301 0.7196
vn -0.4241 0.6640 0.6158
vn -0.5545 0.7269 0.4051
vn -0.4788 0.8011 0.3592
vn -0.0000 -0.8782 -0.4784
vn -0.0000 -0.7321 0.6811
vn -0.0000 0.7199 0.6941
vn 0.7058 0.2526 0.6619
vn 0.9996 -0.0243 0.0156
vn 0.9979 0.0297 0.0572
vn 0.2524 0.4453 0.8591
vn -0.0000 -0.7791 0.6269
vn -0.0000 -0.7791 -0.6269
vn 0.5242 -0.3720 0.7660
vn 0.6117 -0.4197 0.6706
vn 0.5024 -0.6338 0.5881
vn 0.8022 -0.5652 -0.1925
vn -0.5242 -0.3720 -0.7660
vn -0.6117 -0.4197 -0.6706
vn -0.5013 -0.6355 -0.5872
vn -0.8040 -0.5628 0.1917
vn -0.9995 0.0318 -0.0000
vn 0.9995 0.0314 -0.0013
vn 0.9995 0.0316 -0.0000
vn 0.9995 0.0319 -0.0011
vn 0.9996 0.0199 -0.0200
vn 0.9995 0.0108 -0.0283
vn 0.9996 -0.0248 -0.0145
vn -0.0000 0.6394 0.7688
vn 0.9734 0.1521 0.1713
vn 0.9759 0.1662 0.1413
vn 0.9606 0.1543 0.2312
vn -0.0000 -0.7089 0.7053
vn 0.3465 -0.6645 0.6621
vn 0.3102 -0.6881 0.6560
vn -0.3102 -0.6881 0.6560
vn -0.0000 -0.5709 0.8210
vn 1.0000 -0.0010 0.0004
vn 1.0000 -0.0007 0.0007
vn 1.0000 -0.0008 0.0007
vn 0.3396 -0.6807 -0.6490
vn -0.3396 -0.6807 -0.6490
vn -0.3042 -0.6748 -0.6724
vn -0.3426 0.5129 0.7871
vn 0.3426 0.5129 0.7871
vn 0.3432 0.5125 0.7871
vn 1.0000 -0.0008 -0.0007
vn 1.0000 -0.0007 -0.0007
vn 1.0000 -0.0010 -0.0004
vn 0.3432 0.5125 -0.7871
vn 0.2702 0.5583 -0.7845
vn -0.2702 0.5583 -0.7845
vn 0.3091 -0.2291 0.9230
vn -0.3091 -0.2291 0.9230
vn -0.3216 -0.2213 0.9207
vn -1.0000 -0.0010 -0.0004
vn -1.0000 -0.0007 -0.0007
vn -1.0000 -0.0008 -0.0007
vn -1.0000 -0.0050 0.0017
vn -1.0000 -0.0050 -0.0017
vn -1.0000 -0.0047 -0.0029
vn -0.9606 0.1543 0.2312
vn -0.9759 0.1662 0.1413
vn -0.9734 0.1521 0.1713
vn -0.2948 0.7486 0.5939
vn 0.2948 0.7486 0.5939
vn 0.3365 0.7214 0.6053
vn -1.0000 -0.0008 0.0007
vn -1.0000 -0.0007 0.0007
vn -1.0000 -0.0010 0.0004
vn -0.9999 -0.0165 0.0001
vn -0.9999 -0.0169 -0.0000
vn -0.2881 0.0276 -0.9572
vn -0.9996 -0.0248 -0.0145
vn -0.9995 0.0108 -0.0283
vn -0.9996 0.0199 -0.0200
vn 0.9040 -0.0086 0.4275
vn 0.9039 0.0131 0.4275
vn 0.9644 -0.1540 0.2152
vn -0.0000 -0.8782 0.4784
vn -0.0000 0.5837 -0.8120
vn -0.0000 0.8799 -0.4751
vn -0.9040 -0.0086 -0.4275
vn -0.9039 0.0131 -0.4275
vn -0.9644 -0.1540 -0.2152
vn -0.9999 -0.0163 0.0007
vn -0.9995 0.0319 -0.0011
vn -0.9995 0.0320 -0.0000
vn -0.9995 0.0314 -0.0013
vn -0.9995 0.0316 -0.0000
vn -0.9995 0.0318 0.0001
vn -0.9995 -0.0314 0.0013
vn -0.9995 -0.0319 0.0011
vn 0.9999 -0.0163 0.0007
vn 0.9995 0.0320 -0.0000
vn 0.9995 0.0318 -0.0000
vn 0.9995 0.0318 0.0001
vt 0.960462 0.598192
vt 0.572772 0.694383
vt 0.572772 0.034716
vt 0.788592 0.034716
vt 0.497572 0.033251
vt 0.220232 0.354051
vt 0.497572 0.772997
vt 0.286632 0.586473
vt 0.009292 0.266161
vt 0.009292 1.005907
vt 0.653332 0.727098
vt 0.973652 1.004930
vt 0.233902 1.004930
vt 0.419434 0.753418
vt 0.463379 0.757812
vt 0.391113 0.693848
vt 0.588867 0.412598
vt 0.605469 0.354492
vt 0.588867 0.366699
vt 0.630371 0.412598
vt 0.925293 0.915527
vt 0.886230 0.992676
vt 0.997559 0.915527
vt 0.520996 0.076660
vt 0.520996 0.010254
vt 0.467285 0.010254
vt 0.401367 0.885742
vt 0.401367 0.752441
vt 0.391113 0.821289
vt 0.391113 0.752930
vt 0.862305 0.521484
vt 0.827637 0.469238
vt 0.840820 0.570801
vt 0.512207 0.332520
vt 0.539062 0.246582
vt 0.479980 0.261230
vt 0.503418 0.200684
vt 0.739258 0.361816
vt 0.739258 0.310547
vt 0.760254 0.361816
vt 0.715332 0.361816
vt 0.969238 0.722656
vt 0.996094 0.722656
vt 0.969238 0.658691
vt 0.949219 0.722656
vt 0.252441 0.271484
vt 0.251953 0.362305
vt 0.301758 0.271484
vt 0.236816 0.318359
vt 0.503418 0.115234
vt 0.463867 0.116211
vt 0.483887 0.086914
vt 0.969238 0.594238
vt 0.949219 0.594238
vt 0.996094 0.594238
vt 0.670410 0.361816
vt 0.690918 0.361816
vt 0.690918 0.310547
vt 0.190918 0.692871
vt 0.134766 0.500977
vt 0.170898 0.549805
vt 0.134766 0.438965
vt 0.670410 0.259766
vt 0.690918 0.259766
vt 0.715332 0.259766
vt 0.739258 0.259766
vt 0.760254 0.259766
vt 0.518066 0.967285
vt 0.494141 0.935059
vt 0.540039 0.938965
vt 0.319824 0.395508
vt 0.305664 0.395508
vt 0.336426 0.453125
vt 0.089844 0.903809
vt 0.135742 0.897949
vt 0.440918 0.257324
vt 0.440918 0.223145
vt 0.417969 0.288086
vt 0.659180 0.806152
vt 0.704102 0.917480
vt 0.687012 0.809082
vt 0.294434 0.989746
vt 0.235840 0.989746
vt 0.294434 0.893066
vt 0.613281 0.164551
vt 0.552246 0.117676
vt 0.613281 0.011719
vt 0.615723 0.211426
vt 0.578125 0.170898
vt 0.578125 0.225586
vt 0.089844 0.482422
vt 0.006836 0.394043
vt 0.052246 0.394043
vt 0.006836 0.334473
vt 0.115234 0.193359
vt 0.063965 0.193359
vt 0.105957 0.242188
vt 0.817871 0.691895
vt 0.796875 0.589355
vt 0.673340 0.691895
vt 0.621094 0.806152
vt 0.662598 0.691895
vt 0.604492 0.795410
vt 0.828125 0.290039
vt 0.862305 0.389648
vt 0.862305 0.290039
vt 0.374512 0.416504
vt 0.346680 0.416504
vt 0.346680 0.316406
vt 0.312988 0.074707
vt 0.279785 0.074707
vt 0.270996 0.015137
vt 0.394531 0.257812
vt 0.394531 0.223145
vt 0.443359 0.364258
vt 0.455078 0.316406
vt 0.405762 0.316406
vt 0.900391 0.409180
vt 0.957520 0.458008
vt 0.957520 0.360840
vt 0.381348 0.129395
vt 0.371094 0.115234
vt 0.417969 0.053223
vt 0.690918 0.073730
vt 0.717773 0.031738
vt 0.761230 0.142578
vt 0.980957 0.757324
vt 0.996582 0.883789
vt 0.996582 0.757324
vt 0.779785 0.010742
vt 0.792969 0.061035
vt 0.829590 0.010742
vt 0.320801 0.015137
vt 0.005859 0.291504
vt 0.034180 0.291504
vt 0.005859 0.193359
vt 0.238770 0.193848
vt 0.298340 0.236328
vt 0.298340 0.150879
vt 0.486328 0.615234
vt 0.202148 0.615234
vt 0.203613 0.551270
vt 0.883301 0.111328
vt 0.883301 0.010742
vt 0.853516 0.111328
vt 0.894531 0.371582
vt 0.953613 0.322754
vt 0.894531 0.274414
vt 0.481934 0.761719
vt 0.792969 0.290039
vt 0.792969 0.389648
vt 0.251953 0.008789
vt 0.218750 0.008789
vt 0.240234 0.078613
vt 0.218750 0.147949
vt 0.251953 0.147949
vt 0.775391 0.958984
vt 0.745605 0.857910
vt 0.694336 0.793945
vt 0.796875 0.793945
vt 0.828613 0.691895
vt 0.813965 0.619141
vt 0.804199 0.574707
vt 0.812012 0.519531
vt 0.768066 0.405762
vt 0.763672 0.469727
vt 0.745605 0.525879
vt 0.745605 0.547363
vt 0.694336 0.589355
vt 0.687012 0.574707
vt 0.718262 0.477539
vt 0.484375 0.551270
vt 0.089844 0.418457
vt 0.047363 0.502930
vt 0.020508 0.588867
vt 0.476562 0.412598
vt 0.476562 0.349121
vt 0.462402 0.363281
vt 0.489258 0.412598
vt 0.489258 0.371582
vt 0.554199 0.412598
vt 0.554199 0.371582
vt 0.579102 0.412598
vt 0.579102 0.349121
vt 0.647461 0.299316
vt 0.202637 0.147949
vt 0.202637 0.008789
vt 0.151367 0.147949
vt 0.151367 0.008789
vt 0.139648 0.147949
vt 0.139648 0.008789
vt 0.086914 0.147949
vt 0.086914 0.008789
vt 0.068848 0.147949
vt 0.068848 0.008789
vt 0.024414 0.147949
vt 0.024414 0.008789
vt 0.006836 0.147949
vt 0.006836 0.008789
vt 0.577148 0.916992
vt 0.604492 0.884766
vt 0.550293 0.882812
vt 0.550293 0.778809
vt 0.338867 0.753418
vt 0.338867 0.821289
vt 0.135742 0.964355
vt 0.047363 0.883301
vt 0.089844 0.975098
vt 0.045410 0.953613
vt 0.732910 0.192383
vt 0.808105 0.255859
vt 0.832520 0.184570
vt 0.882812 0.250488
vt 0.904785 0.128906
vt 0.941895 0.180664
vt 0.947754 0.043945
vt 0.985840 0.083008
vt 0.454102 0.129883
vt 0.449707 0.145020
vt 0.417969 0.099609
vt 0.243652 0.453125
vt 0.264160 0.388184
vt 0.258301 0.375977
vt 0.220215 0.453125
vt 0.198242 0.453125
vt 0.385742 0.145020
vt 0.351074 0.256836
vt 0.328125 0.217773
vt 0.328125 0.115723
vt 0.350586 0.086426
vt 0.170898 0.489258
vt 0.916504 0.716797
vt 0.890137 0.818359
vt 0.804199 0.809082
vt 0.745605 0.836426
vt 0.417969 0.011719
vt 0.648438 0.993164
vt 0.659180 0.977051
vt 0.621094 0.961426
vt 0.717773 0.405762
vt 0.509277 0.851074
vt 0.537598 0.816406
vt 0.481934 0.817871
vt 0.537598 0.775391
vt 0.619141 0.276367
vt 0.853516 0.010742
vt 0.829590 0.111328
vt 0.779785 0.111328
vt 0.221680 0.181641
vt 0.170410 0.223145
vt 0.221680 0.247070
vt 0.172852 0.291992
vt 0.137695 0.289551
vt 0.148438 0.379395
vt 0.116699 0.379395
vt 0.002930 0.692871
vt 0.996582 0.194824
vt 0.996582 0.307129
vt 0.960938 0.194824
vt 0.969727 0.307129
vt 0.996582 0.426270
vt 0.982422 0.426270
vt 0.996582 0.545898
vt 0.020508 0.797852
vt 0.351562 0.520020
vt 0.363770 0.520020
vt 0.351562 0.442383
vt 0.363770 0.442383
vt 0.410156 0.497070
vt 0.410156 0.465820
vt 0.461426 0.442383
vt 0.455078 0.416504
vt 0.405762 0.416504
vt 0.374512 0.316406
vt 0.115234 0.291504
vt 0.063965 0.291504
vt 0.034180 0.193359
vt 0.470215 0.520020
vt 0.461426 0.520020
vt 0.470215 0.442383
vt 0.980957 0.883789
vt 0.945312 0.883789
vt 0.945312 0.757324
vt 0.378418 0.915039
vt 0.378418 0.956055
vt 0.322754 0.901367
vt 0.659668 0.202148
vt 0.670898 0.186035
vt 0.632812 0.170410
vt 0.632812 0.014648
vt 0.447754 0.989258
vt 0.476562 0.957031
vt 0.420898 0.955078
vt 0.847168 0.903809
vt 0.552246 0.058594
vt 0.930176 0.600098
vt 0.816406 0.629883
vt 0.928711 0.481934
vt 0.828125 0.389648
vt 0.321777 0.319336
vt 0.052246 0.334473
vt 0.047363 0.437988
vt 0.200195 0.551270
s 1
usemtl Brush.059
f 1/1/1 3/2/1 2/3/1
f 4/3/1 6/4/1 5/1/1
f 7/5/1 9/6/1 8/7/1
f 10/8/1 12/9/1 11/10/1
f 13/11/2 15/12/2 14/13/2
f 16/12/2 18/11/2 17/13/2
f 19/1/2 21/2/2 20/3/2
f 22/9/1 24/8/1 23/10/1
f 25/5/2 27/6/2 26/7/2
f 28/3/2 30/4/2 29/1/2
f 3787/1/2 3788/3/2 3789/2/2
f 3790/3/2 3791/1/2 3792/4/2
f 3793/5/2 3794/7/2 3795/6/2
f 3796/8/2 3797/10/2 3798/9/2
f 3799/11/1 3800/13/1 3801/12/1
f 3802/12/1 3803/13/1 3804/11/1
f 3805/1/1 3806/3/1 3807/2/1
f 3808/9/2 3809/10/2 3810/8/2
f 3811/5/1 3812/7/1 3813/6/1
f 3814/3/1 3815/1/1 3816/4/1
usemtl Brush.060
f 31/14/3 33/15/3 32/16/3
f 34/17/4 36/18/4 35/19/4
f 37/20/5 39/18/5 38/17/5
f 40/21/6 42/22/6 41/23/6
f 43/22/7 45/21/7 44/23/7
f 46/24/8 48/25/8 47/26/8
f 49/25/8 51/24/8 50/26/8
f 52/27/9 54/28/9 53/29/9
f 55/30/10 57/29/10 56/28/10
f 58/31/11 60/32/11 59/33/11
f 61/32/12 63/31/12 62/33/12
f 64/34/13 66/35/13 65/36/13
f 67/36/14 69/35/14 68/37/14
f 70/38/15 72/39/15 71/40/15
f 73/39/16 75/38/16 74/41/16
f 76/42/17 78/43/17 77/44/17
f 79/42/18 81/44/18 80/45/18
f 82/46/2 84/47/2 83/48/2
f 85/46/2 87/49/2 86/47/2
f 88/46/1 90/47/1 89/48/1
f 91/46/1 93/49/1 92/47/1
f 94/50/2 96/37/2 95/51/2
f 97/52/2 99/50/2 98/51/2
f 100/53/19 102/44/19 101/54/19
f 103/44/20 105/53/20 104/55/20
f 106/56/21 108/57/21 107/58/21
f 109/57/22 111/41/22 110/58/22
f 112/47/2 114/46/2 113/48/2
f 115/49/2 117/46/2 116/47/2
f 118/59/23 120/60/23 119/61/23
f 121/61/24 123/60/24 122/62/24
f 124/50/1 126/37/1 125/51/1
f 127/52/1 129/50/1 128/51/1
f 130/63/21 132/64/21 131/58/21
f 133/64/25 135/65/25 134/58/25
f 136/47/1 138/46/1 137/48/1
f 139/49/1 141/46/1 140/47/1
f 142/34/26 144/35/26 143/36/26
f 145/36/27 147/35/27 146/37/27
f 148/66/15 150/39/15 149/67/15
f 151/65/28 153/39/28 152/66/28
f 154/68/29 156/69/29 155/70/29
f 157/69/30 159/68/30 158/70/30
f 160/19/31 162/17/31 161/18/31
f 163/71/2 165/72/2 164/73/2
f 166/74/32 168/75/32 167/59/32
f 169/76/2 171/77/2 170/78/2
f 172/79/2 174/80/2 173/81/2
f 175/82/33 177/83/33 176/84/33
f 178/85/34 180/86/34 179/87/34
f 181/88/35 183/89/35 182/90/35
f 184/60/36 186/91/36 185/59/36
f 187/92/37 189/93/37 188/94/37
f 190/95/18 192/96/18 191/97/18
f 193/98/2 195/99/2 194/100/2
f 196/101/38 198/102/38 197/103/38
f 199/104/39 201/105/39 200/106/39
f 202/107/40 204/108/40 203/109/40
f 205/95/19 207/97/19 206/96/19
f 208/110/41 210/111/41 209/112/41
f 211/78/2 213/113/2 212/114/2
f 214/115/42 216/116/42 215/117/42
f 217/118/43 219/119/43 218/120/43
f 220/121/44 222/122/44 221/123/44
f 223/80/1 225/79/1 224/81/1
f 226/83/45 228/82/45 227/84/45
f 229/124/46 231/125/46 230/126/46
f 232/127/47 234/128/47 233/129/47
f 235/130/21 237/131/21 236/132/21
f 238/133/48 240/110/48 239/111/48
f 241/134/49 243/135/49 242/136/49
f 244/137/50 246/138/50 245/139/50
f 247/140/51 249/141/51 248/142/51
f 250/143/52 252/144/52 251/145/52
f 253/146/53 255/147/53 254/148/53
f 256/149/54 258/15/54 257/140/54
f 259/109/55 261/108/55 260/107/55
f 262/93/56 264/92/56 263/94/56
f 265/99/1 267/98/1 266/100/1
f 268/102/57 270/101/57 269/103/57
f 271/78/1 273/113/1 272/114/1
f 274/71/1 276/72/1 275/73/1
f 277/116/42 279/115/42 278/117/42
f 280/76/1 282/77/1 281/78/1
f 283/131/21 285/130/21 284/132/21
f 286/135/58 288/134/58 287/136/58
f 289/138/59 291/137/59 290/139/59
f 292/144/60 294/143/60 293/145/60
f 295/122/61 297/121/61 296/123/61
f 298/150/62 300/104/62 299/151/62
f 301/119/63 303/118/63 302/120/63
f 304/122/64 306/121/64 305/123/64
f 307/147/65 309/146/65 308/148/65
f 310/121/66 312/122/66 311/123/66
f 313/152/67 315/153/67 314/154/67
f 316/155/68 318/156/68 317/154/68
f 319/157/2 321/158/2 320/80/2
f 322/158/2 324/81/2 323/80/2
f 325/158/69 327/159/69 326/81/69
f 328/159/70 330/100/70 329/81/70
f 331/159/2 333/160/2 332/100/2
f 334/160/2 336/98/2 335/100/2
f 337/160/71 339/161/71 338/98/71
f 340/161/72 342/99/72 341/98/72
f 343/161/73 345/162/73 344/99/73
f 346/162/74 348/163/74 347/99/74
f 349/162/75 351/33/75 350/163/75
f 352/33/76 354/164/76 353/163/76
f 355/33/77 357/32/77 356/164/77
f 358/32/78 360/165/78 359/164/78
f 361/32/79 363/164/79 362/165/79
f 364/164/80 366/166/80 365/165/80
f 367/164/81 369/163/81 368/166/81
f 370/163/82 372/167/82 371/166/82
f 373/163/83 375/99/83 374/167/83
f 376/99/84 378/168/84 377/167/84
f 379/99/1 381/169/1 380/168/1
f 382/169/85 384/167/85 383/168/85
f 385/169/86 387/170/86 386/167/86
f 388/170/1 390/171/1 389/167/1
f 391/170/87 393/140/87 392/171/87
f 394/140/88 396/172/88 395/171/88
f 397/140/89 399/142/89 398/172/89
f 400/142/90 402/140/90 401/172/90
f 403/142/91 405/141/91 404/140/91
f 406/141/92 408/59/92 407/140/92
f 409/141/93 411/61/93 410/59/93
f 412/61/94 414/60/94 413/59/94
f 415/61/95 417/62/95 416/60/95
f 418/62/96 420/173/96 419/60/96
f 421/62/97 423/60/97 422/173/97
f 424/60/98 426/91/98 425/173/98
f 427/60/99 429/59/99 428/91/99
f 430/59/100 432/174/100 431/91/100
f 433/59/101 435/175/101 434/174/101
f 436/176/102 438/177/102 437/178/102
f 439/177/103 441/176/103 440/178/103
f 442/177/104 444/179/104 443/176/104
f 445/179/105 447/177/105 446/176/105
f 448/179/106 450/180/106 449/177/106
f 451/180/107 453/179/107 452/177/107
f 454/180/108 456/181/108 455/179/108
f 457/181/109 459/180/109 458/179/109
f 460/181/109 462/182/109 461/180/109
f 463/182/110 465/181/110 464/180/110
f 466/182/111 468/183/111 467/181/111
f 469/183/112 471/182/112 470/181/112
f 472/183/113 474/184/113 473/182/113
f 475/184/114 477/183/114 476/182/114
f 478/184/115 480/17/115 479/183/115
f 481/17/116 483/184/116 482/183/116
f 484/17/117 486/19/117 485/184/117
f 487/19/118 489/17/118 488/184/118
f 490/19/119 492/18/119 491/17/119
f 493/18/120 495/20/120 494/17/120
f 496/18/121 498/185/121 497/20/121
f 499/176/122 501/177/122 500/178/122
f 502/177/123 504/176/123 503/178/123
f 505/177/124 507/179/124 506/176/124
f 508/179/125 510/177/125 509/176/125
f 511/179/126 513/180/126 512/177/126
f 514/180/127 516/179/127 515/177/127
f 517/180/110 519/181/110 518/179/110
f 520/181/128 522/180/128 521/179/128
f 523/181/128 525/182/128 524/180/128
f 526/182/108 528/181/108 527/180/108
f 529/182/129 531/183/129 530/181/129
f 532/183/130 534/182/130 533/181/130
f 535/183/131 537/184/131 536/182/131
f 538/184/132 540/183/132 539/182/132
f 541/184/133 543/17/133 542/183/133
f 544/17/134 546/184/134 545/183/134
f 547/17/135 549/19/135 548/184/135
f 550/19/136 552/17/136 551/184/136
f 553/19/137 555/18/137 554/17/137
f 556/18/138 558/20/138 557/17/138
f 559/18/139 561/185/139 560/20/139
f 562/154/140 564/153/140 563/155/140
f 565/153/141 567/186/141 566/155/141
f 568/153/141 570/187/141 569/186/141
f 571/187/142 573/188/142 572/186/142
f 574/187/142 576/189/142 575/188/142
f 577/189/143 579/190/143 578/188/143
f 580/189/143 582/191/143 581/190/143
f 583/191/144 585/192/144 584/190/144
f 586/191/144 588/193/144 587/192/144
f 589/193/145 591/194/145 590/192/145
f 592/193/145 594/195/145 593/194/145
f 595/195/146 597/196/146 596/194/146
f 598/195/146 600/197/146 599/196/146
f 601/197/147 603/198/147 602/196/147
f 604/197/147 606/199/147 605/198/147
f 607/200/148 609/201/148 608/202/148
f 610/201/149 612/203/149 611/202/149
f 613/201/149 615/103/149 614/203/149
f 616/103/150 618/140/150 617/203/150
f 619/103/151 621/102/151 620/140/151
f 622/102/152 624/170/152 623/140/152
f 625/102/153 627/100/153 626/170/153
f 628/100/154 630/169/154 629/170/154
f 631/100/2 633/99/2 632/169/2
f 634/99/2 636/168/2 635/169/2
f 637/99/155 639/167/155 638/168/155
f 640/167/156 642/169/156 641/168/156
f 643/167/157 645/170/157 644/169/157
f 646/14/158 648/16/158 647/28/158
f 649/16/159 651/30/159 650/28/159
f 652/16/160 654/204/160 653/30/160
f 655/204/161 657/205/161 656/30/161
f 658/204/162 660/206/162 659/205/162
f 661/206/163 663/204/163 662/205/163
f 664/206/164 666/75/164 665/204/164
f 667/75/165 669/59/165 668/204/165
f 670/75/166 672/74/166 671/59/166
f 673/74/167 675/207/167 674/59/167
f 676/74/168 678/208/168 677/207/168
f 679/208/169 681/209/169 680/207/169
f 682/208/170 684/207/170 683/209/170
f 685/32/171 687/33/171 686/164/171
f 688/33/172 690/163/172 689/164/172
f 691/33/173 693/162/173 692/163/173
f 694/162/174 696/99/174 695/163/174
f 697/162/175 699/161/175 698/99/175
f 700/161/176 702/98/176 701/99/176
f 703/161/177 705/160/177 704/98/177
f 706/160/1 708/100/1 707/98/1
f 709/160/1 711/159/1 710/100/1
f 712/159/178 714/81/178 713/100/178
f 715/159/179 717/158/179 716/81/179
f 718/158/1 720/80/1 719/81/1
f 721/158/1 723/157/1 722/80/1
f 724/125/180 726/124/180 725/126/180
f 727/124/181 729/210/181 728/126/181
f 730/124/182 732/126/182 731/210/182
f 733/126/183 735/211/183 734/210/183
f 736/126/184 738/212/184 737/211/184
f 739/212/185 741/213/185 740/211/185
f 742/212/186 744/214/186 743/213/186
f 745/214/187 747/215/187 746/213/187
f 748/214/188 750/216/188 749/215/188
f 751/216/189 753/217/189 752/215/189
f 754/52/2 756/51/2 755/50/2
f 757/51/2 759/37/2 758/50/2
f 760/51/190 762/218/190 761/37/190
f 763/218/191 765/36/191 764/37/191
f 766/218/2 768/219/2 767/36/2
f 769/219/2 771/77/2 770/36/2
f 772/219/2 774/220/2 773/77/2
f 775/220/2 777/78/2 776/77/2
f 778/220/2 780/114/2 779/78/2
f 781/114/2 783/113/2 782/78/2
f 784/71/2 786/73/2 785/72/2
f 787/73/2 789/221/2 788/72/2
f 790/73/2 792/72/2 791/221/2
f 793/72/2 795/222/2 794/221/2
f 796/72/192 798/48/192 797/222/192
f 799/48/193 801/223/193 800/222/193
f 802/48/194 804/47/194 803/223/194
f 805/47/195 807/224/195 806/223/195
f 808/47/196 810/225/196 809/224/196
f 811/225/197 813/47/197 812/224/197
f 814/76/2 816/78/2 815/77/2
f 817/78/2 819/220/2 818/77/2
f 820/78/2 822/114/2 821/220/2
f 823/114/2 825/226/2 824/220/2
f 826/114/2 828/227/2 827/226/2
f 829/227/198 831/121/198 830/226/198
f 832/227/199 834/228/199 833/121/199
f 835/228/2 837/122/2 836/121/2
f 838/228/2 840/229/2 839/122/2
f 841/229/2 843/230/2 842/122/2
f 844/113/1 846/78/1 845/114/1
f 847/78/1 849/220/1 848/114/1
f 850/78/1 852/77/1 851/220/1
f 853/77/1 855/219/1 854/220/1
f 856/77/1 858/36/1 857/219/1
f 859/36/1 861/218/1 860/219/1
f 862/36/200 864/37/200 863/218/200
f 865/37/201 867/51/201 866/218/201
f 868/37/1 870/50/1 869/51/1
f 871/50/1 873/52/1 872/51/1
f 874/71/1 876/73/1 875/72/1
f 877/73/1 879/221/1 878/72/1
f 880/73/1 882/72/1 881/221/1
f 883/72/1 885/222/1 884/221/1
f 886/72/202 888/48/202 887/222/202
f 889/48/203 891/223/203 890/222/203
f 892/48/204 894/47/204 893/223/204
f 895/47/205 897/224/205 896/223/205
f 898/47/206 900/225/206 899/224/206
f 901/225/207 903/47/207 902/224/207
f 904/76/1 906/78/1 905/77/1
f 907/78/1 909/220/1 908/77/1
f 910/78/1 912/114/1 911/220/1
f 913/114/1 915/226/1 914/220/1
f 916/114/1 918/227/1 917/226/1
f 919/227/208 921/121/208 920/226/208
f 922/227/209 924/228/209 923/121/209
f 925/228/1 927/122/1 926/121/1
f 928/228/1 930/229/1 929/122/1
f 931/229/1 933/230/1 932/122/1
f 934/149/210 936/140/210 935/15/210
f 937/140/211 939/16/211 938/15/211
f 940/140/212 942/59/212 941/16/212
f 943/59/213 945/204/213 944/16/213
f 946/59/214 948/75/214 947/204/214
f 949/75/215 951/206/215 950/204/215
f 952/75/216 954/208/216 953/206/216
f 955/208/217 957/75/217 956/206/217
f 958/208/218 960/74/218 959/75/218
f 961/61/219 963/231/219 962/62/219
f 964/231/220 966/61/220 965/62/220
f 967/231/221 969/141/221 968/61/221
f 970/141/222 972/59/222 971/61/222
f 973/141/223 975/140/223 974/59/223
f 976/140/224 978/16/224 977/59/224
f 979/140/225 981/15/225 980/16/225
f 982/15/226 984/14/226 983/16/226
f 985/99/1 987/100/1 986/169/1
f 988/100/227 990/170/227 989/169/227
f 991/100/228 993/102/228 992/170/228
f 994/102/229 996/140/229 995/170/229
f 997/102/230 999/103/230 998/140/230
f 1000/103/231 1002/203/231 1001/140/231
f 1003/103/232 1005/201/232 1004/203/232
f 1006/201/232 1008/202/232 1007/203/232
f 1009/210/233 1011/211/233 1010/126/233
f 1012/211/234 1014/212/234 1013/126/234
f 1015/211/235 1017/213/235 1016/212/235
f 1018/213/236 1020/214/236 1019/212/236
f 1021/213/237 1023/215/237 1022/214/237
f 1024/215/238 1026/216/238 1025/214/238
f 1027/215/239 1029/217/239 1028/216/239
f 1030/232/240 1032/161/240 1031/233/240
f 1033/161/241 1035/234/241 1034/233/241
f 1036/161/242 1038/160/242 1037/234/242
f 1039/160/243 1041/158/243 1040/234/243
f 1042/160/244 1044/235/244 1043/158/244
f 1045/235/245 1047/159/245 1046/158/245
f 1048/235/2 1050/160/2 1049/159/2
f 1051/34/246 1053/36/246 1052/35/246
f 1054/36/247 1056/37/247 1055/35/247
f 1057/36/248 1059/218/248 1058/37/248
f 1060/218/249 1062/51/249 1061/37/249
f 1063/218/250 1065/123/250 1064/51/250
f 1066/123/251 1068/236/251 1067/51/251
f 1069/123/252 1071/122/252 1070/236/252
f 1072/160/1 1074/235/1 1073/159/1
f 1075/235/253 1077/158/253 1076/159/253
f 1078/235/254 1080/160/254 1079/158/254
f 1081/160/255 1083/234/255 1082/158/255
f 1084/160/256 1086/161/256 1085/234/256
f 1087/161/257 1089/233/257 1088/234/257
f 1090/161/258 1092/232/258 1091/233/258
f 1093/34/259 1095/36/259 1094/35/259
f 1096/36/260 1098/37/260 1097/35/260
f 1099/36/261 1101/218/261 1100/37/261
f 1102/218/262 1104/51/262 1103/37/262
f 1105/218/263 1107/123/263 1106/51/263
f 1108/123/264 1110/236/264 1109/51/264
f 1111/123/265 1113/122/265 1112/236/265
f 1114/220/2 1116/226/2 1115/114/2
f 1117/226/2 1119/227/2 1118/114/2
f 1120/226/266 1122/121/266 1121/227/266
f 1123/121/267 1125/228/267 1124/227/267
f 1126/121/2 1128/122/2 1127/228/2
f 1129/122/2 1131/229/2 1130/228/2
f 1132/122/2 1134/230/2 1133/229/2
f 1135/220/1 1137/226/1 1136/114/1
f 1138/226/1 1140/227/1 1139/114/1
f 1141/226/268 1143/121/268 1142/227/268
f 1144/121/269 1146/228/269 1145/227/269
f 1147/121/1 1149/122/1 1148/228/1
f 1150/122/1 1152/229/1 1151/228/1
f 1153/122/1 1155/230/1 1154/229/1
f 1156/237/270 1158/238/270 1157/239/270
f 1159/238/271 1161/101/271 1160/239/271
f 1162/238/271 1164/79/271 1163/101/271
f 1165/79/272 1167/102/272 1166/101/272
f 1168/79/2 1170/81/2 1169/102/2
f 1171/81/273 1173/100/273 1172/102/273
f 1174/170/274 1176/171/274 1175/140/274
f 1177/171/275 1179/172/275 1178/140/275
f 1180/171/276 1182/240/276 1181/172/276
f 1183/240/277 1185/171/277 1184/172/277
f 1186/240/278 1188/166/278 1187/171/278
f 1189/166/1 1191/167/1 1190/171/1
f 1192/56/21 1194/58/21 1193/57/21
f 1195/58/25 1197/41/25 1196/57/25
f 1198/58/25 1200/65/25 1199/41/25
f 1201/65/279 1203/39/279 1202/41/279
f 1204/65/280 1206/66/280 1205/39/280
f 1207/66/15 1209/67/15 1208/39/15
f 1210/40/15 1212/39/15 1211/38/15
f 1213/39/281 1215/41/281 1214/38/281
f 1216/39/282 1218/65/282 1217/41/282
f 1219/65/22 1221/58/22 1220/41/22
f 1222/65/22 1224/64/22 1223/58/22
f 1225/64/21 1227/63/21 1226/58/21
f 1228/45/19 1230/44/19 1229/42/19
f 1231/44/20 1233/43/20 1232/42/20
f 1234/44/20 1236/55/20 1235/43/20
f 1237/55/17 1239/44/17 1238/43/17
f 1240/55/17 1242/53/17 1241/44/17
f 1243/53/18 1245/54/18 1244/44/18
f 1246/241/283 1248/242/283 1247/243/283
f 1249/242/284 1251/149/284 1250/243/284
f 1252/244/283 1254/140/283 1253/149/283
f 1255/244/283 1257/203/283 1256/140/283
f 1258/101/285 1260/79/285 1259/238/285
f 1261/101/286 1263/102/286 1262/79/286
f 1264/102/1 1266/81/1 1265/79/1
f 1267/102/287 1269/100/287 1268/81/287
f 1270/20/288 1272/185/288 1271/18/288
f 1273/185/289 1275/245/289 1274/18/289
f 1276/185/290 1278/88/290 1277/245/290
f 1279/88/291 1281/90/291 1280/245/291
f 1282/88/292 1284/89/292 1283/90/292
f 1285/144/60 1287/145/60 1286/246/60
f 1288/145/293 1290/132/293 1289/246/293
f 1291/145/293 1293/247/293 1292/132/293
f 1294/247/21 1296/131/21 1295/132/21
f 1297/247/21 1299/248/21 1298/131/21
f 1300/249/294 1302/250/294 1301/251/294
f 1303/250/295 1305/252/295 1304/251/295
f 1306/250/296 1308/253/296 1307/252/296
f 1309/253/297 1311/254/297 1310/252/297
f 1312/253/298 1314/255/298 1313/254/298
f 1315/256/299 1317/59/299 1316/175/299
f 1318/59/300 1320/174/300 1319/175/300
f 1321/59/301 1323/91/301 1322/174/301
f 1324/91/302 1326/173/302 1325/174/302
f 1327/91/303 1329/60/303 1328/173/303
f 1330/257/304 1332/258/304 1331/259/304
f 1333/258/304 1335/260/304 1334/259/304
f 1336/258/305 1338/261/305 1337/260/305
f 1339/261/305 1341/262/305 1340/260/305
f 1342/261/306 1344/263/306 1343/262/306
f 1345/75/307 1347/74/307 1346/208/307
f 1348/74/308 1350/207/308 1349/208/308
f 1351/74/309 1353/59/309 1352/207/309
f 1354/59/310 1356/264/310 1355/207/310
f 1357/59/311 1359/256/311 1358/264/311
f 1360/30/312 1362/205/312 1361/29/312
f 1363/205/313 1365/30/313 1364/29/313
f 1366/205/314 1368/204/314 1367/30/314
f 1369/204/315 1371/16/315 1370/30/315
f 1372/204/316 1374/59/316 1373/16/316
f 1375/248/21 1377/247/21 1376/131/21
f 1378/247/21 1380/132/21 1379/131/21
f 1381/247/317 1383/145/317 1382/132/317
f 1384/145/317 1386/246/317 1385/132/317
f 1387/145/52 1389/144/52 1388/246/52
f 1390/265/318 1392/266/318 1391/267/318
f 1393/266/318 1395/268/318 1394/267/318
f 1396/266/319 1398/269/319 1397/268/319
f 1399/269/319 1401/270/319 1400/268/319
f 1402/269/320 1404/271/320 1403/270/320
f 1405/90/321 1407/245/321 1406/88/321
f 1408/245/322 1410/185/322 1409/88/322
f 1411/245/323 1413/18/323 1412/185/323
f 1414/18/324 1416/20/324 1415/185/324
f 1417/18/325 1419/17/325 1418/20/325
f 1420/272/326 1422/273/326 1421/115/326
f 1423/273/327 1425/117/327 1424/115/327
f 1426/273/328 1428/107/328 1427/117/328
f 1429/107/328 1431/274/328 1430/117/328
f 1432/107/40 1434/109/40 1433/274/40
f 1435/275/19 1437/276/19 1436/97/19
f 1438/276/19 1440/96/19 1439/97/19
f 1441/276/329 1443/135/329 1442/96/329
f 1444/135/329 1446/277/329 1445/96/329
f 1447/135/58 1449/136/58 1448/277/58
f 1450/255/330 1452/253/330 1451/254/330
f 1453/253/331 1455/252/331 1454/254/331
f 1456/253/332 1458/250/332 1457/252/332
f 1459/250/333 1461/251/333 1460/252/333
f 1462/250/334 1464/249/334 1463/251/334
f 1465/221/2 1467/222/2 1466/72/2
f 1468/222/335 1470/48/335 1469/72/335
f 1471/222/336 1473/223/336 1472/48/336
f 1474/223/337 1476/47/337 1475/48/337
f 1477/223/338 1479/224/338 1478/47/338
f 1480/221/1 1482/222/1 1481/72/1
f 1483/222/339 1485/48/339 1484/72/339
f 1486/222/340 1488/223/340 1487/48/340
f 1489/223/341 1491/47/341 1490/48/341
f 1492/223/342 1494/224/342 1493/47/342
f 1495/263/306 1497/261/306 1496/262/306
f 1498/261/305 1500/260/305 1499/262/305
f 1501/261/305 1503/258/305 1502/260/305
f 1504/258/304 1506/259/304 1505/260/304
f 1507/258/304 1509/257/304 1508/259/304
f 1510/109/55 1512/107/55 1511/274/55
f 1513/107/343 1515/117/343 1514/274/343
f 1516/107/343 1518/273/343 1517/117/343
f 1519/273/344 1521/115/344 1520/117/344
f 1522/273/326 1524/272/326 1523/115/326
f 1525/166/345 1527/240/345 1526/165/345
f 1528/240/346 1530/166/346 1529/165/346
f 1531/240/347 1533/171/347 1532/166/347
f 1534/171/2 1536/167/2 1535/166/2
f 1537/171/2 1539/170/2 1538/167/2
f 1540/255/348 1542/253/348 1541/254/348
f 1543/253/349 1545/252/349 1544/254/349
f 1546/253/350 1548/250/350 1547/252/350
f 1549/250/351 1551/251/351 1550/252/351
f 1552/250/352 1554/249/352 1553/251/352
f 1555/136/49 1557/135/49 1556/277/49
f 1558/135/353 1560/96/353 1559/277/353
f 1561/135/353 1563/276/353 1562/96/353
f 1564/276/18 1566/97/18 1565/96/18
f 1567/276/18 1569/275/18 1568/97/18
f 1570/203/354 1572/244/354 1571/140/354
f 1573/244/354 1575/149/354 1574/140/354
f 1576/244/355 1578/242/355 1577/149/355
f 1579/242/355 1581/243/355 1580/149/355
f 1582/242/354 1584/241/354 1583/243/354
f 1585/249/356 1587/250/356 1586/251/356
f 1588/250/357 1590/252/357 1589/251/357
f 1591/250/358 1593/253/358 1592/252/358
f 1594/253/359 1596/254/359 1595/252/359
f 1597/253/360 1599/255/360 1598/254/360
f 1600/278/361 1602/279/361 1601/280/361
f 1603/279/361 1605/271/361 1604/280/361
f 1606/279/362 1608/269/362 1607/271/362
f 1609/269/362 1611/270/362 1610/271/362
f 1612/269/363 1614/268/363 1613/270/363
f 1615/99/364 1617/163/364 1616/167/364
f 1618/163/365 1620/166/365 1619/167/365
f 1621/163/366 1623/164/366 1622/166/366
f 1624/164/367 1626/165/367 1625/166/367
f 1627/128/47 1629/127/47 1628/281/47
f 1630/127/368 1632/282/368 1631/281/368
f 1633/127/368 1635/283/368 1634/282/368
f 1636/283/369 1638/127/369 1637/282/369
f 1639/89/370 1641/88/370 1640/90/370
f 1642/88/371 1644/245/371 1643/90/371
f 1645/88/372 1647/185/372 1646/245/372
f 1648/185/373 1650/18/373 1649/245/373
f 1651/89/374 1653/88/374 1652/90/374
f 1654/88/375 1656/245/375 1655/90/375
f 1657/88/376 1659/185/376 1658/245/376
f 1660/185/377 1662/18/377 1661/245/377
f 1663/284/378 1665/285/378 1664/286/378
f 1666/287/379 1668/288/379 1667/289/379
f 1669/288/380 1671/290/380 1670/289/380
f 1672/291/381 1674/292/381 1673/293/381
f 1675/233/382 1677/234/382 1676/294/382
f 1678/234/383 1680/157/383 1679/294/383
f 1681/234/384 1683/158/384 1682/157/384
f 1684/87/34 1686/86/34 1685/295/34
f 1687/86/385 1689/87/385 1688/295/385
f 1690/86/385 1692/85/385 1691/87/385
f 1693/232/386 1695/296/386 1694/161/386
f 1696/296/387 1698/297/387 1697/161/387
f 1699/296/388 1701/298/388 1700/297/388
f 1702/282/369 1704/127/369 1703/281/369
f 1705/127/389 1707/128/389 1706/281/389
f 1708/127/389 1710/129/389 1709/128/389
f 1711/110/390 1713/133/390 1712/111/390
f 1714/133/391 1716/112/391 1715/111/391
f 1717/133/392 1719/111/392 1718/112/392
f 1720/105/39 1722/104/39 1721/299/39
f 1723/104/393 1725/151/393 1724/299/393
f 1726/104/393 1728/150/393 1727/151/393
f 1729/72/394 1731/300/394 1730/48/394
f 1732/300/395 1734/228/395 1733/48/395
f 1735/300/396 1737/227/396 1736/228/396
f 1738/110/397 1740/112/397 1739/133/397
f 1741/112/398 1743/110/398 1742/133/398
f 1744/112/399 1746/111/399 1745/110/399
f 1747/93/400 1749/94/400 1748/301/400
f 1750/94/401 1752/93/401 1751/301/401
f 1753/94/402 1755/92/402 1754/93/402
f 1756/227/403 1758/300/403 1757/228/403
f 1759/300/404 1761/48/404 1760/228/404
f 1762/300/405 1764/72/405 1763/48/405
f 1765/92/406 1767/94/406 1766/93/406
f 1768/94/407 1770/301/407 1769/93/407
f 1771/94/408 1773/93/408 1772/301/408
f 1774/174/409 1776/173/409 1775/302/409
f 1777/173/410 1779/174/410 1778/302/410
f 1780/173/411 1782/91/411 1781/174/411
f 1783/72/412 1785/300/412 1784/48/412
f 1786/300/413 1788/228/413 1787/48/413
f 1789/300/414 1791/227/414 1790/228/414
f 1792/175/415 1794/59/415 1793/256/415
f 1795/59/416 1797/264/416 1796/256/416
f 1798/59/417 1800/207/417 1799/264/417
f 1801/298/418 1803/296/418 1802/297/418
f 1804/296/419 1806/161/419 1805/297/419
f 1807/296/420 1809/232/420 1808/161/420
f 1810/141/421 1812/231/421 1811/303/421
f 1813/231/422 1815/141/422 1814/303/422
f 1816/231/423 1818/61/423 1817/141/423
f 1819/227/424 1821/300/424 1820/228/424
f 1822/300/425 1824/48/425 1823/228/425
f 1825/300/426 1827/72/426 1826/48/426
f 1828/14/427 1830/28/427 1829/16/427
f 1831/28/428 1833/30/428 1832/16/428
f 1834/28/429 1836/29/429 1835/30/429
f 1837/158/430 1839/234/430 1838/157/430
f 1840/234/431 1842/294/431 1841/157/431
f 1843/234/432 1845/233/432 1844/294/432
f 1846/122/433 1848/123/433 1847/236/433
f 1849/123/434 1851/51/434 1850/236/434
f 1852/123/435 1854/218/435 1853/51/435
f 1855/220/1 1857/219/1 1856/77/1
f 1858/219/1 1860/36/1 1859/77/1
f 1861/219/1 1863/218/1 1862/36/1
f 1864/269/320 1866/279/320 1865/271/320
f 1867/279/436 1869/280/436 1868/271/436
f 1870/279/436 1872/278/436 1871/280/436
f 1873/151/62 1875/104/62 1874/299/62
f 1876/104/437 1878/105/437 1877/299/437
f 1879/104/437 1881/106/437 1880/105/437
f 1882/269/363 1884/266/363 1883/268/363
f 1885/266/438 1887/267/438 1886/268/438
f 1888/266/438 1890/265/438 1889/267/438
f 1891/220/2 1893/219/2 1892/77/2
f 1894/219/2 1896/36/2 1895/77/2
f 1897/219/2 1899/218/2 1898/36/2
f 1900/122/439 1902/123/439 1901/236/439
f 1903/123/440 1905/51/440 1904/236/440
f 1906/123/441 1908/218/441 1907/51/441
f 1909/14/3 1911/15/3 1910/16/3
f 1912/17/4 1914/18/4 1913/19/4
f 1915/20/5 1917/18/5 1916/17/5
f 1918/21/6 1920/22/6 1919/23/6
f 1921/22/7 1923/21/7 1922/23/7
f 1924/24/8 1926/25/8 1925/26/8
f 1927/25/8 1929/24/8 1928/26/8
f 1930/27/9 1932/28/9 1931/29/9
f 1933/30/10 1935/29/10 1934/28/10
f 1936/31/11 1938/32/11 1937/33/11
f 1939/32/12 1941/31/12 1940/33/12
f 1942/34/13 1944/35/13 1943/36/13
f 1945/36/14 1947/35/14 1946/37/14
f 1948/38/15 1950/39/15 1949/40/15
f 1951/39/16 1953/38/16 1952/41/16
f 1954/42/17 1956/43/17 1955/44/17
f 1957/42/18 1959/44/18 1958/45/18
f 1960/46/2 1962/47/2 1961/48/2
f 1963/46/2 1965/49/2 1964/47/2
f 1966/46/1 1968/47/1 1967/48/1
f 1969/46/1 1971/49/1 1970/47/1
f 1972/50/2 1974/37/2 1973/51/2
f 1975/52/2 1977/50/2 1976/51/2
f 1978/53/19 1980/44/19 1979/54/19
f 1981/44/20 1983/53/20 1982/55/20
f 1984/56/21 1986/57/21 1985/58/21
f 1987/57/22 1989/41/22 1988/58/22
f 1990/47/2 1992/46/2 1991/48/2
f 1993/49/2 1995/46/2 1994/47/2
f 1996/59/23 1998/60/23 1997/61/23
f 1999/61/24 2001/60/24 2000/62/24
f 2002/50/1 2004/37/1 2003/51/1
f 2005/52/1 2007/50/1 2006/51/1
f 2008/63/21 2010/64/21 2009/58/21
f 2011/64/25 2013/65/25 2012/58/25
f 2014/47/1 2016/46/1 2015/48/1
f 2017/49/1 2019/46/1 2018/47/1
f 2020/34/26 2022/35/26 2021/36/26
f 2023/36/27 2025/35/27 2024/37/27
f 2026/66/15 2028/39/15 2027/67/15
f 2029/65/28 2031/39/28 2030/66/28
f 2032/68/29 2034/69/29 2033/70/29
f 2035/69/442 2037/70/442 2036/68/442
f 2038/19/31 2040/17/31 2039/18/31
f 2041/71/2 2043/72/2 2042/73/2
f 2044/74/32 2046/75/32 2045/59/32
f 2047/76/2 2049/77/2 2048/78/2
f 2050/79/2 2052/80/2 2051/81/2
f 2053/82/33 2055/83/33 2054/84/33
f 2056/85/34 2058/86/34 2057/87/34
f 2059/88/35 2061/89/35 2060/90/35
f 2062/60/36 2064/91/36 2063/59/36
f 2065/92/37 2067/93/37 2066/94/37
f 2068/95/18 2070/96/18 2069/97/18
f 2071/98/2 2073/99/2 2072/100/2
f 2074/101/38 2076/102/38 2075/103/38
f 2077/104/39 2079/105/39 2078/106/39
f 2080/107/40 2082/108/40 2081/109/40
f 2083/95/19 2085/97/19 2084/96/19
f 2086/110/41 2088/111/41 2087/112/41
f 2089/78/2 2091/113/2 2090/114/2
f 2092/115/42 2094/116/42 2093/117/42
f 2095/118/43 2097/119/43 2096/120/43
f 2098/121/44 2100/122/44 2099/123/44
f 2101/80/1 2103/79/1 2102/81/1
f 2104/83/45 2106/82/45 2105/84/45
f 2107/124/46 2109/125/46 2108/126/46
f 2110/127/47 2112/128/47 2111/129/47
f 2113/130/21 2115/131/21 2114/132/21
f 2116/133/48 2118/110/48 2117/111/48
f 2119/134/49 2121/135/49 2120/136/49
f 2122/137/50 2124/138/50 2123/139/50
f 2125/140/51 2127/141/51 2126/142/51
f 2128/143/52 2130/144/52 2129/145/52
f 2131/146/53 2133/147/53 2132/148/53
f 2134/149/54 2136/15/54 2135/140/54
f 2137/109/55 2139/108/55 2138/107/55
f 2140/93/56 2142/92/56 2141/94/56
f 2143/99/1 2145/98/1 2144/100/1
f 2146/102/57 2148/101/57 2147/103/57
f 2149/78/1 2151/113/1 2150/114/1
f 2152/71/1 2154/72/1 2153/73/1
f 2155/116/42 2157/115/42 2156/117/42
f 2158/76/1 2160/77/1 2159/78/1
f 2161/131/21 2163/130/21 2162/132/21
f 2164/135/58 2166/134/58 2165/136/58
f 2167/138/59 2169/137/59 2168/139/59
f 2170/144/60 2172/143/60 2171/145/60
f 2173/122/61 2175/121/61 2174/123/61
f 2176/150/62 2178/104/62 2177/151/62
f 2179/119/63 2181/118/63 2180/120/63
f 2182/122/64 2184/121/64 2183/123/64
f 2185/147/65 2187/146/65 2186/148/65
f 2188/121/66 2190/122/66 2189/123/66
f 2191/152/67 2193/153/67 2192/154/67
f 2194/155/68 2196/156/68 2195/154/68
f 2197/157/2 2199/158/2 2198/80/2
f 2200/158/2 2202/81/2 2201/80/2
f 2203/158/69 2205/159/69 2204/81/69
f 2206/159/70 2208/100/70 2207/81/70
f 2209/159/2 2211/160/2 2210/100/2
f 2212/160/2 2214/98/2 2213/100/2
f 2215/160/71 2217/161/71 2216/98/71
f 2218/161/72 2220/99/72 2219/98/72
f 2221/161/73 2223/162/73 2222/99/73
f 2224/162/74 2226/163/74 2225/99/74
f 2227/162/75 2229/33/75 2228/163/75
f 2230/33/76 2232/164/76 2231/163/76
f 2233/33/77 2235/32/77 2234/164/77
f 2236/32/78 2238/165/78 2237/164/78
f 2239/32/79 2241/164/79 2240/165/79
f 2242/164/80 2244/166/80 2243/165/80
f 2245/164/81 2247/163/81 2246/166/81
f 2248/163/82 2250/167/82 2249/166/82
f 2251/163/83 2253/99/83 2252/167/83
f 2254/99/84 2256/168/84 2255/167/84
f 2257/99/1 2259/169/1 2258/168/1
f 2260/169/85 2262/167/85 2261/168/85
f 2263/169/86 2265/170/86 2264/167/86
f 2266/170/1 2268/171/1 2267/167/1
f 2269/170/87 2271/140/87 2270/171/87
f 2272/140/88 2274/172/88 2273/171/88
f 2275/140/89 2277/142/89 2276/172/89
f 2278/142/90 2280/140/90 2279/172/90
f 2281/142/91 2283/141/91 2282/140/91
f 2284/141/92 2286/59/92 2285/140/92
f 2287/141/93 2289/61/93 2288/59/93
f 2290/61/94 2292/60/94 2291/59/94
f 2293/61/95 2295/62/95 2294/60/95
f 2296/62/96 2298/173/96 2297/60/96
f 2299/62/97 2301/60/97 2300/173/97
f 2302/60/98 2304/91/98 2303/173/98
f 2305/60/99 2307/59/99 2306/91/99
f 2308/59/100 2310/174/100 2309/91/100
f 2311/59/101 2313/175/101 2312/174/101
f 2314/176/102 2316/177/102 2315/178/102
f 2317/177/103 2319/176/103 2318/178/103
f 2320/177/104 2322/179/104 2321/176/104
f 2323/179/105 2325/177/105 2324/176/105
f 2326/179/106 2328/180/106 2327/177/106
f 2329/180/107 2331/179/107 2330/177/107
f 2332/180/108 2334/181/108 2333/179/108
f 2335/181/109 2337/180/109 2336/179/109
f 2338/181/109 2340/182/109 2339/180/109
f 2341/182/110 2343/181/110 2342/180/110
f 2344/182/111 2346/183/111 2345/181/111
f 2347/183/112 2349/182/112 2348/181/112
f 2350/183/113 2352/184/113 2351/182/113
f 2353/184/114 2355/183/114 2354/182/114
f 2356/184/115 2358/17/115 2357/183/115
f 2359/17/116 2361/184/116 2360/183/116
f 2362/17/117 2364/19/117 2363/184/117
f 2365/19/118 2367/17/118 2366/184/118
f 2368/19/119 2370/18/119 2369/17/119
f 2371/18/120 2373/20/120 2372/17/120
f 2374/18/121 2376/185/121 2375/20/121
f 2377/176/122 2379/177/122 2378/178/122
f 2380/177/123 2382/176/123 2381/178/123
f 2383/177/124 2385/179/124 2384/176/124
f 2386/179/125 2388/177/125 2387/176/125
f 2389/179/126 2391/180/126 2390/177/126
f 2392/180/127 2394/179/127 2393/177/127
f 2395/180/110 2397/181/110 2396/179/110
f 2398/181/128 2400/180/128 2399/179/128
f 2401/181/128 2403/182/128 2402/180/128
f 2404/182/108 2406/181/108 2405/180/108
f 2407/182/129 2409/183/129 2408/181/129
f 2410/183/130 2412/182/130 2411/181/130
f 2413/183/131 2415/184/131 2414/182/131
f 2416/184/132 2418/183/132 2417/182/132
f 2419/184/133 2421/17/133 2420/183/133
f 2422/17/134 2424/184/134 2423/183/134
f 2425/17/135 2427/19/135 2426/184/135
f 2428/19/136 2430/17/136 2429/184/136
f 2431/19/137 2433/18/137 2432/17/137
f 2434/18/138 2436/20/138 2435/17/138
f 2437/18/139 2439/185/139 2438/20/139
f 2440/154/140 2442/153/140 2441/155/140
f 2443/153/141 2445/186/141 2444/155/141
f 2446/153/141 2448/187/141 2447/186/141
f 2449/187/142 2451/188/142 2450/186/142
f 2452/187/142 2454/189/142 2453/188/142
f 2455/189/143 2457/190/143 2456/188/143
f 2458/189/143 2460/191/143 2459/190/143
f 2461/191/144 2463/192/144 2462/190/144
f 2464/191/144 2466/193/144 2465/192/144
f 2467/193/145 2469/194/145 2468/192/145
f 2470/193/145 2472/195/145 2471/194/145
f 2473/195/146 2475/196/146 2474/194/146
f 2476/195/146 2478/197/146 2477/196/146
f 2479/197/147 2481/198/147 2480/196/147
f 2482/197/147 2484/199/147 2483/198/147
f 2485/200/443 2487/202/443 2486/201/443
f 2488/201/444 2490/202/444 2489/203/444
f 2491/201/444 2493/203/444 2492/103/444
f 2494/103/150 2496/140/150 2495/203/150
f 2497/103/151 2499/102/151 2498/140/151
f 2500/102/152 2502/170/152 2501/140/152
f 2503/102/153 2505/100/153 2504/170/153
f 2506/100/154 2508/169/154 2507/170/154
f 2509/100/2 2511/99/2 2510/169/2
f 2512/99/2 2514/168/2 2513/169/2
f 2515/99/155 2517/167/155 2516/168/155
f 2518/167/156 2520/169/156 2519/168/156
f 2521/167/157 2523/170/157 2522/169/157
f 2524/14/158 2526/16/158 2525/28/158
f 2527/16/159 2529/30/159 2528/28/159
f 2530/16/160 2532/204/160 2531/30/160
f 2533/204/161 2535/205/161 2534/30/161
f 2536/204/162 2538/206/162 2537/205/162
f 2539/206/163 2541/204/163 2540/205/163
f 2542/206/164 2544/75/164 2543/204/164
f 2545/75/165 2547/59/165 2546/204/165
f 2548/75/166 2550/74/166 2549/59/166
f 2551/74/167 2553/207/167 2552/59/167
f 2554/74/168 2556/208/168 2555/207/168
f 2557/208/169 2559/209/169 2558/207/169
f 2560/208/170 2562/207/170 2561/209/170
f 2563/32/171 2565/33/171 2564/164/171
f 2566/33/172 2568/163/172 2567/164/172
f 2569/33/173 2571/162/173 2570/163/173
f 2572/162/174 2574/99/174 2573/163/174
f 2575/162/175 2577/161/175 2576/99/175
f 2578/161/176 2580/98/176 2579/99/176
f 2581/161/177 2583/160/177 2582/98/177
f 2584/160/1 2586/100/1 2585/98/1
f 2587/160/1 2589/159/1 2588/100/1
f 2590/159/178 2592/81/178 2591/100/178
f 2593/159/179 2595/158/179 2594/81/179
f 2596/158/1 2598/80/1 2597/81/1
f 2599/158/1 2601/157/1 2600/80/1
f 2602/125/180 2604/124/180 2603/126/180
f 2605/124/181 2607/210/181 2606/126/181
f 2608/124/182 2610/126/182 2609/210/182
f 2611/126/183 2613/211/183 2612/210/183
f 2614/126/184 2616/212/184 2615/211/184
f 2617/212/185 2619/213/185 2618/211/185
f 2620/212/186 2622/214/186 2621/213/186
f 2623/214/187 2625/215/187 2624/213/187
f 2626/214/188 2628/216/188 2627/215/188
f 2629/216/189 2631/217/189 2630/215/189
f 2632/52/2 2634/51/2 2633/50/2
f 2635/51/2 2637/37/2 2636/50/2
f 2638/51/190 2640/218/190 2639/37/190
f 2641/218/191 2643/36/191 2642/37/191
f 2644/218/2 2646/219/2 2645/36/2
f 2647/219/2 2649/77/2 2648/36/2
f 2650/219/2 2652/220/2 2651/77/2
f 2653/220/2 2655/78/2 2654/77/2
f 2656/220/2 2658/114/2 2657/78/2
f 2659/114/2 2661/113/2 2660/78/2
f 2662/71/2 2664/73/2 2663/72/2
f 2665/73/2 2667/221/2 2666/72/2
f 2668/73/2 2670/72/2 2669/221/2
f 2671/72/2 2673/222/2 2672/221/2
f 2674/72/192 2676/48/192 2675/222/192
f 2677/48/193 2679/223/193 2678/222/193
f 2680/48/194 2682/47/194 2681/223/194
f 2683/47/195 2685/224/195 2684/223/195
f 2686/47/196 2688/225/196 2687/224/196
f 2689/225/197 2691/47/197 2690/224/197
f 2692/76/2 2694/78/2 2693/77/2
f 2695/78/2 2697/220/2 2696/77/2
f 2698/78/2 2700/114/2 2699/220/2
f 2701/114/2 2703/226/2 2702/220/2
f 2704/114/2 2706/227/2 2705/226/2
f 2707/227/198 2709/121/198 2708/226/198
f 2710/227/199 2712/228/199 2711/121/199
f 2713/228/2 2715/122/2 2714/121/2
f 2716/228/2 2718/229/2 2717/122/2
f 2719/229/2 2721/230/2 2720/122/2
f 2722/113/1 2724/78/1 2723/114/1
f 2725/78/1 2727/220/1 2726/114/1
f 2728/78/1 2730/77/1 2729/220/1
f 2731/77/1 2733/219/1 2732/220/1
f 2734/77/1 2736/36/1 2735/219/1
f 2737/36/1 2739/218/1 2738/219/1
f 2740/36/200 2742/37/200 2741/218/200
f 2743/37/201 2745/51/201 2744/218/201
f 2746/37/1 2748/50/1 2747/51/1
f 2749/50/1 2751/52/1 2750/51/1
f 2752/71/1 2754/73/1 2753/72/1
f 2755/73/1 2757/221/1 2756/72/1
f 2758/73/1 2760/72/1 2759/221/1
f 2761/72/1 2763/222/1 2762/221/1
f 2764/72/202 2766/48/202 2765/222/202
f 2767/48/203 2769/223/203 2768/222/203
f 2770/48/204 2772/47/204 2771/223/204
f 2773/47/205 2775/224/205 2774/223/205
f 2776/47/206 2778/225/206 2777/224/206
f 2779/225/207 2781/47/207 2780/224/207
f 2782/76/1 2784/78/1 2783/77/1
f 2785/78/1 2787/220/1 2786/77/1
f 2788/78/1 2790/114/1 2789/220/1
f 2791/114/1 2793/226/1 2792/220/1
f 2794/114/1 2796/227/1 2795/226/1
f 2797/227/208 2799/121/208 2798/226/208
f 2800/227/209 2802/228/209 2801/121/209
f 2803/228/1 2805/122/1 2804/121/1
f 2806/228/1 2808/229/1 2807/122/1
f 2809/229/1 2811/230/1 2810/122/1
f 2812/149/210 2814/140/210 2813/15/210
f 2815/140/211 2817/16/211 2816/15/211
f 2818/140/212 2820/59/212 2819/16/212
f 2821/59/213 2823/204/213 2822/16/213
f 2824/59/214 2826/75/214 2825/204/214
f 2827/75/215 2829/206/215 2828/204/215
f 2830/75/216 2832/208/216 2831/206/216
f 2833/208/217 2835/75/217 2834/206/217
f 2836/208/218 2838/74/218 2837/75/218
f 2839/61/219 2841/231/219 2840/62/219
f 2842/231/220 2844/61/220 2843/62/220
f 2845/231/221 2847/141/221 2846/61/221
f 2848/141/222 2850/59/222 2849/61/222
f 2851/141/223 2853/140/223 2852/59/223
f 2854/140/224 2856/16/224 2855/59/224
f 2857/140/225 2859/15/225 2858/16/225
f 2860/15/226 2862/14/226 2861/16/226
f 2863/99/1 2865/100/1 2864/169/1
f 2866/100/227 2868/170/227 2867/169/227
f 2869/100/228 2871/102/228 2870/170/228
f 2872/102/229 2874/140/229 2873/170/229
f 2875/102/230 2877/103/230 2876/140/230
f 2878/103/231 2880/203/231 2879/140/231
f 2881/103/232 2883/201/232 2882/203/232
f 2884/201/232 2886/202/232 2885/203/232
f 2887/210/233 2889/211/233 2888/126/233
f 2890/211/234 2892/212/234 2891/126/234
f 2893/211/235 2895/213/235 2894/212/235
f 2896/213/236 2898/214/236 2897/212/236
f 2899/213/237 2901/215/237 2900/214/237
f 2902/215/238 2904/216/238 2903/214/238
f 2905/215/239 2907/217/239 2906/216/239
f 2908/232/240 2910/161/240 2909/233/240
f 2911/161/241 2913/234/241 2912/233/241
f 2914/161/242 2916/160/242 2915/234/242
f 2917/160/243 2919/158/243 2918/234/243
f 2920/160/244 2922/235/244 2921/158/244
f 2923/235/245 2925/159/245 2924/158/245
f 2926/235/2 2928/160/2 2927/159/2
f 2929/34/246 2931/36/246 2930/35/246
f 2932/36/247 2934/37/247 2933/35/247
f 2935/36/248 2937/218/248 2936/37/248
f 2938/218/249 2940/51/249 2939/37/249
f 2941/218/250 2943/123/250 2942/51/250
f 2944/123/251 2946/236/251 2945/51/251
f 2947/123/252 2949/122/252 2948/236/252
f 2950/160/1 2952/235/1 2951/159/1
f 2953/235/253 2955/158/253 2954/159/253
f 2956/235/254 2958/160/254 2957/158/254
f 2959/160/255 2961/234/255 2960/158/255
f 2962/160/256 2964/161/256 2963/234/256
f 2965/161/257 2967/233/257 2966/234/257
f 2968/161/258 2970/232/258 2969/233/258
f 2971/34/259 2973/36/259 2972/35/259
f 2974/36/260 2976/37/260 2975/35/260
f 2977/36/261 2979/218/261 2978/37/261
f 2980/218/262 2982/51/262 2981/37/262
f 2983/218/263 2985/123/263 2984/51/263
f 2986/123/264 2988/236/264 2987/51/264
f 2989/123/265 2991/122/265 2990/236/265
f 2992/220/2 2994/226/2 2993/114/2
f 2995/226/2 2997/227/2 2996/114/2
f 2998/226/266 3000/121/266 2999/227/266
f 3001/121/267 3003/228/267 3002/227/267
f 3004/121/2 3006/122/2 3005/228/2
f 3007/122/2 3009/229/2 3008/228/2
f 3010/122/2 3012/230/2 3011/229/2
f 3013/220/1 3015/226/1 3014/114/1
f 3016/226/1 3018/227/1 3017/114/1
f 3019/226/268 3021/121/268 3020/227/268
f 3022/121/269 3024/228/269 3023/227/269
f 3025/121/1 3027/122/1 3026/228/1
f 3028/122/1 3030/229/1 3029/228/1
f 3031/122/1 3033/230/1 3032/229/1
f 3034/237/445 3036/239/445 3035/238/445
f 3037/238/446 3039/239/446 3038/101/446
f 3040/238/446 3042/101/446 3041/79/446
f 3043/79/272 3045/102/272 3044/101/272
f 3046/79/2 3048/81/2 3047/102/2
f 3049/81/273 3051/100/273 3050/102/273
f 3052/170/274 3054/171/274 3053/140/274
f 3055/171/275 3057/172/275 3056/140/275
f 3058/171/276 3060/240/276 3059/172/276
f 3061/240/277 3063/171/277 3062/172/277
f 3064/240/278 3066/166/278 3065/171/278
f 3067/166/1 3069/167/1 3068/171/1
f 3070/56/21 3072/58/21 3071/57/21
f 3073/58/25 3075/41/25 3074/57/25
f 3076/58/25 3078/65/25 3077/41/25
f 3079/65/279 3081/39/279 3080/41/279
f 3082/65/280 3084/66/280 3083/39/280
f 3085/66/15 3087/67/15 3086/39/15
f 3088/40/15 3090/39/15 3089/38/15
f 3091/39/281 3093/41/281 3092/38/281
f 3094/39/282 3096/65/282 3095/41/282
f 3097/65/22 3099/58/22 3098/41/22
f 3100/65/22 3102/64/22 3101/58/22
f 3103/64/21 3105/63/21 3104/58/21
f 3106/45/19 3108/44/19 3107/42/19
f 3109/44/20 3111/43/20 3110/42/20
f 3112/44/20 3114/55/20 3113/43/20
f 3115/55/17 3117/44/17 3116/43/17
f 3118/55/17 3120/53/17 3119/44/17
f 3121/53/18 3123/54/18 3122/44/18
f 3124/241/447 3126/243/447 3125/242/447
f 3127/242/378 3129/243/378 3128/149/378
f 3130/244/283 3132/140/283 3131/149/283
f 3133/244/283 3135/203/283 3134/140/283
f 3136/101/285 3138/79/285 3137/238/285
f 3139/101/286 3141/102/286 3140/79/286
f 3142/102/1 3144/81/1 3143/79/1
f 3145/102/287 3147/100/287 3146/81/287
f 3148/20/288 3150/185/288 3149/18/288
f 3151/185/289 3153/245/289 3152/18/289
f 3154/185/290 3156/88/290 3155/245/290
f 3157/88/291 3159/90/291 3158/245/291
f 3160/88/292 3162/89/292 3161/90/292
f 3163/144/60 3165/145/60 3164/246/60
f 3166/145/293 3168/132/293 3167/246/293
f 3169/145/293 3171/247/293 3170/132/293
f 3172/247/21 3174/131/21 3173/132/21
f 3175/247/21 3177/248/21 3176/131/21
f 3178/249/294 3180/250/294 3179/251/294
f 3181/250/295 3183/252/295 3182/251/295
f 3184/250/296 3186/253/296 3185/252/296
f 3187/253/297 3189/254/297 3188/252/297
f 3190/253/298 3192/255/298 3191/254/298
f 3193/256/299 3195/59/299 3194/175/299
f 3196/59/300 3198/174/300 3197/175/300
f 3199/59/301 3201/91/301 3200/174/301
f 3202/91/302 3204/173/302 3203/174/302
f 3205/91/303 3207/60/303 3206/173/303
f 3208/257/304 3210/258/304 3209/259/304
f 3211/258/304 3213/260/304 3212/259/304
f 3214/258/305 3216/261/305 3215/260/305
f 3217/261/305 3219/262/305 3218/260/305
f 3220/261/306 3222/263/306 3221/262/306
f 3223/75/307 3225/74/307 3224/208/307
f 3226/74/308 3228/207/308 3227/208/308
f 3229/74/309 3231/59/309 3230/207/309
f 3232/59/310 3234/264/310 3233/207/310
f 3235/59/311 3237/256/311 3236/264/311
f 3238/30/312 3240/205/312 3239/29/312
f 3241/205/313 3243/30/313 3242/29/313
f 3244/205/314 3246/204/314 3245/30/314
f 3247/204/315 3249/16/315 3248/30/315
f 3250/204/316 3252/59/316 3251/16/316
f 3253/248/21 3255/247/21 3254/131/21
f 3256/247/21 3258/132/21 3257/131/21
f 3259/247/317 3261/145/317 3260/132/317
f 3262/145/317 3264/246/317 3263/132/317
f 3265/145/52 3267/144/52 3266/246/52
f 3268/265/318 3270/266/318 3269/267/318
f 3271/266/318 3273/268/318 3272/267/318
f 3274/266/319 3276/269/319 3275/268/319
f 3277/269/319 3279/270/319 3278/268/319
f 3280/269/320 3282/271/320 3281/270/320
f 3283/90/321 3285/245/321 3284/88/321
f 3286/245/322 3288/185/322 3287/88/322
f 3289/245/323 3291/18/323 3290/185/323
f 3292/18/324 3294/20/324 3293/185/324
f 3295/18/325 3297/17/325 3296/20/325
f 3298/272/326 3300/273/326 3299/115/326
f 3301/273/327 3303/117/327 3302/115/327
f 3304/273/328 3306/107/328 3305/117/328
f 3307/107/328 3309/274/328 3308/117/328
f 3310/107/40 3312/109/40 3311/274/40
f 3313/275/19 3315/276/19 3314/97/19
f 3316/276/19 3318/96/19 3317/97/19
f 3319/276/329 3321/135/329 3320/96/329
f 3322/135/329 3324/277/329 3323/96/329
f 3325/135/58 3327/136/58 3326/277/58
f 3328/255/330 3330/253/330 3329/254/330
f 3331/253/331 3333/252/331 3332/254/331
f 3334/253/332 3336/250/332 3335/252/332
f 3337/250/333 3339/251/333 3338/252/333
f 3340/250/334 3342/249/334 3341/251/334
f 3343/221/2 3345/222/2 3344/72/2
f 3346/222/335 3348/48/335 3347/72/335
f 3349/222/336 3351/223/336 3350/48/336
f 3352/223/337 3354/47/337 3353/48/337
f 3355/223/338 3357/224/338 3356/47/338
f 3358/221/1 3360/222/1 3359/72/1
f 3361/222/339 3363/48/339 3362/72/339
f 3364/222/340 3366/223/340 3365/48/340
f 3367/223/341 3369/47/341 3368/48/341
f 3370/223/342 3372/224/342 3371/47/342
f 3373/263/306 3375/261/306 3374/262/306
f 3376/261/305 3378/260/305 3377/262/305
f 3379/261/305 3381/258/305 3380/260/305
f 3382/258/304 3384/259/304 3383/260/304
f 3385/258/304 3387/257/304 3386/259/304
f 3388/109/55 3390/107/55 3389/274/55
f 3391/107/343 3393/117/343 3392/274/343
f 3394/107/343 3396/273/343 3395/117/343
f 3397/273/344 3399/115/344 3398/117/344
f 3400/273/326 3402/272/326 3401/115/326
f 3403/166/345 3405/240/345 3404/165/345
f 3406/240/346 3408/166/346 3407/165/346
f 3409/240/347 3411/171/347 3410/166/347
f 3412/171/2 3414/167/2 3413/166/2
f 3415/171/2 3417/170/2 3416/167/2
f 3418/255/348 3420/253/348 3419/254/348
f 3421/253/349 3423/252/349 3422/254/349
f 3424/253/350 3426/250/350 3425/252/350
f 3427/250/351 3429/251/351 3428/252/351
f 3430/250/352 3432/249/352 3431/251/352
f 3433/136/49 3435/135/49 3434/277/49
f 3436/135/353 3438/96/353 3437/277/353
f 3439/135/353 3441/276/353 3440/96/353
f 3442/276/18 3444/97/18 3443/96/18
f 3445/276/18 3447/275/18 3446/97/18
f 3448/203/354 3450/244/354 3449/140/354
f 3451/244/354 3453/149/354 3452/140/354
f 3454/244/355 3456/242/355 3455/149/355
f 3457/242/355 3459/243/355 3458/149/355
f 3460/242/354 3462/241/354 3461/243/354
f 3463/249/356 3465/250/356 3464/251/356
f 3466/250/357 3468/252/357 3467/251/357
f 3469/250/358 3471/253/358 3470/252/358
f 3472/253/359 3474/254/359 3473/252/359
f 3475/253/360 3477/255/360 3476/254/360
f 3478/278/361 3480/279/361 3479/280/361
f 3481/279/361 3483/271/361 3482/280/361
f 3484/279/362 3486/269/362 3485/271/362
f 3487/269/362 3489/270/362 3488/271/362
f 3490/269/363 3492/268/363 3491/270/363
f 3493/99/364 3495/163/364 3494/167/364
f 3496/163/365 3498/166/365 3497/167/365
f 3499/163/366 3501/164/366 3500/166/366
f 3502/164/367 3504/165/367 3503/166/367
f 3505/128/47 3507/127/47 3506/281/47
f 3508/127/368 3510/282/368 3509/281/368
f 3511/127/368 3513/283/368 3512/282/368
f 3514/283/369 3516/127/369 3515/282/369
f 3517/89/370 3519/88/370 3518/90/370
f 3520/88/371 3522/245/371 3521/90/371
f 3523/88/372 3525/185/372 3524/245/372
f 3526/185/373 3528/18/373 3527/245/373
f 3529/89/374 3531/88/374 3530/90/374
f 3532/88/375 3534/245/375 3533/90/375
f 3535/88/376 3537/185/376 3536/245/376
f 3538/185/377 3540/18/377 3539/245/377
f 3541/284/378 3543/285/378 3542/286/378
f 3544/287/448 3546/289/448 3545/288/448
f 3547/288/285 3549/289/285 3548/290/285
f 3550/291/449 3552/293/449 3551/292/449
f 3553/233/382 3555/234/382 3554/294/382
f 3556/234/383 3558/157/383 3557/294/383
f 3559/234/384 3561/158/384 3560/157/384
f 3562/87/34 3564/86/34 3563/295/34
f 3565/86/385 3567/87/385 3566/295/385
f 3568/86/385 3570/85/385 3569/87/385
f 3571/232/386 3573/296/386 3572/161/386
f 3574/296/387 3576/297/387 3575/161/387
f 3577/296/388 3579/298/388 3578/297/388
f 3580/282/369 3582/127/369 3581/281/369
f 3583/127/389 3585/128/389 3584/281/389
f 3586/127/389 3588/129/389 3587/128/389
f 3589/110/390 3591/133/390 3590/111/390
f 3592/133/391 3594/112/391 3593/111/391
f 3595/133/392 3597/111/392 3596/112/392
f 3598/105/39 3600/104/39 3599/299/39
f 3601/104/393 3603/151/393 3602/299/393
f 3604/104/393 3606/150/393 3605/151/393
f 3607/72/394 3609/300/394 3608/48/394
f 3610/300/395 3612/228/395 3611/48/395
f 3613/300/396 3615/227/396 3614/228/396
f 3616/110/397 3618/112/397 3617/133/397
f 3619/112/398 3621/110/398 3620/133/398
f 3622/112/399 3624/111/399 3623/110/399
f 3625/93/400 3627/94/400 3626/301/400
f 3628/94/401 3630/93/401 3629/301/401
f 3631/94/402 3633/92/402 3632/93/402
f 3634/227/403 3636/300/403 3635/228/403
f 3637/300/404 3639/48/404 3638/228/404
f 3640/300/405 3642/72/405 3641/48/405
f 3643/92/406 3645/94/406 3644/93/406
f 3646/94/407 3648/301/407 3647/93/407
f 3649/94/408 3651/93/408 3650/301/408
f 3652/174/409 3654/173/409 3653/302/409
f 3655/173/410 3657/174/410 3656/302/410
f 3658/173/411 3660/91/411 3659/174/411
f 3661/72/412 3663/300/412 3662/48/412
f 3664/300/413 3666/228/413 3665/48/413
f 3667/300/414 3669/227/414 3668/228/414
f 3670/175/415 3672/59/415 3671/256/415
f 3673/59/416 3675/264/416 3674/256/416
f 3676/59/417 3678/207/417 3677/264/417
f 3679/298/418 3681/296/418 3680/297/418
f 3682/296/419 3684/161/419 3683/297/419
f 3685/296/420 3687/232/420 3686/161/420
f 3688/141/421 3690/231/421 3689/303/421
f 3691/231/422 3693/141/422 3692/303/422
f 3694/231/423 3696/61/423 3695/141/423
f 3697/227/424 3699/300/424 3698/228/424
f 3700/300/425 3702/48/425 3701/228/425
f 3703/300/426 3705/72/426 3704/48/426
f 3706/14/427 3708/28/427 3707/16/427
f 3709/28/428 3711/30/428 3710/16/428
f 3712/28/429 3714/29/429 3713/30/429
f 3715/158/430 3717/234/430 3716/157/430
f 3718/234/431 3720/294/431 3719/157/431
f 3721/234/432 3723/233/432 3722/294/432
f 3724/122/433 3726/123/433 3725/236/433
f 3727/123/434 3729/51/434 3728/236/434
f 3730/123/435 3732/218/435 3731/51/435
f 3733/220/1 3735/219/1 3734/77/1
f 3736/219/1 3738/36/1 3737/77/1
f 3739/219/1 3741/218/1 3740/36/1
f 3742/269/320 3744/279/320 3743/271/320
f 3745/279/436 3747/280/436 3746/271/436
f 3748/279/436 3750/278/436 3749/280/436
f 3751/151/62 3753/104/62 3752/299/62
f 3754/104/437 3756/105/437 3755/299/437
f 3757/104/437 3759/106/437 3758/105/437
f 3760/269/363 3762/266/363 3761/268/363
f 3763/266/438 3765/267/438 3764/268/438
f 3766/266/438 3768/265/438 3767/267/438
f 3769/220/2 3771/219/2 3770/77/2
f 3772/219/2 3774/36/2 3773/77/2
f 3775/219/2 3777/218/2 3776/36/2
f 3778/122/439 3780/123/439 3779/236/439
f 3781/123/440 3783/51/440 3782/236/440
f 3784/123/441 3786/218/441 3785/51/441
f 3817/68/450 3818/70/450 3819/69/450
f 3820/103/451 3821/203/451 3822/201/451
f 3823/201/451 3824/203/451 3825/202/451
f 3826/101/380 3827/238/380 3828/79/380
f 3829/244/452 3830/149/452 3831/242/452
f 3832/242/452 3833/149/452 3834/243/452
f 3835/242/453 3836/243/453 3837/241/453
f 3838/284/284 3839/286/284 3840/285/284
