mtllib waytothedawn.mtl
v -1.190049 2.780878 13.002640
v 0.000594 1.807657 16.801071
v -0.688553 9.457783 13.934826
v 0.000594 1.807657 16.801071
v 0.000587 6.765537 15.910797
v -0.688553 9.457783 13.934826
v -0.688553 9.457783 13.934826
v 0.000587 6.765537 15.910797
v -0.021897 11.834467 14.439896
v 0.000587 6.765537 15.910797
v 0.766105 10.860831 16.214851
v -0.021897 11.834467 14.439896
v -0.021897 11.834467 14.439896
v 0.766105 10.860831 16.214851
v 0.155402 9.476009 14.276062
v 0.766105 10.860831 16.214851
v 0.000587 6.765537 15.910797
v 0.155402 9.476009 14.276062
v 0.155402 9.476009 14.276062
v 0.000587 6.765537 15.910797
v 1.445121 2.780877 13.002640
v 0.000587 6.765537 15.910797
v 0.000594 1.807657 16.801071
v 1.445121 2.780877 13.002640
v 1.445121 2.780877 13.002640
v 0.000594 1.807657 16.801071
v 0.000594 -2.888798 16.589523
v 0.000594 1.807657 16.801071
v -1.190049 2.780878 13.002640
v 0.000594 -2.888798 16.589523
v 0.000594 -2.888798 16.589523
v -1.190049 2.780878 13.002640
v -1.126313 -4.931540 12.539310
v -1.190049 2.780878 13.002640
v 0.000595 0.801529 10.801773
v -1.126313 -4.931540 12.539310
v -1.126313 -4.931540 12.539310
v 0.000595 0.801529 10.801773
v 0.000595 -1.378009 9.477409
v 0.000595 0.801529 10.801773
v 1.127502 -4.931540 12.539310
v 0.000595 -1.378009 9.477409
v 0.000595 -1.378009 9.477409
v 1.127502 -4.931540 12.539310
v 0.000602 -2.648323 9.494663
v 1.127502 -4.931540 12.539310
v 0.637687 -8.762274 9.680000
v 0.000602 -2.648323 9.494663
v 0.000602 -2.648323 9.494663
v 0.637687 -8.762274 9.680000
v 0.000603 -3.468676 8.379478
v 0.637687 -8.762274 9.680000
v 0.000595 -5.522181 8.497486
v 0.000603 -3.468676 8.379478
v 0.000603 -3.468676 8.379478
v 0.000595 -5.522181 8.497486
v -0.636498 -8.762275 9.680000
v 0.000595 -5.522181 8.497486
v 0.000596 -7.420181 1.968178
v -0.636498 -8.762275 9.680000
v -0.636498 -8.762275 9.680000
v 0.000596 -7.420181 1.968178
v 0.000595 -10.746122 3.588028
v 0.000596 -7.420181 1.968178
v 0.637687 -8.762274 9.680000
v 0.000595 -10.746122 3.588028
v 0.000595 -10.746122 3.588028
v 0.637687 -8.762274 9.680000
v 0.000595 -11.345819 6.151188
v 0.637687 -8.762274 9.680000
v 0.000595 -14.604174 7.106125
v 0.000595 -11.345819 6.151188
v 0.000595 -11.345819 6.151188
v 0.000595 -14.604174 7.106125
v -0.636498 -8.762275 9.680000
v 0.000595 -14.604174 7.106125
v 0.000595 -12.201038 10.814499
v -0.636498 -8.762275 9.680000
v -0.636498 -8.762275 9.680000
v 0.000595 -12.201038 10.814499
v -1.126313 -4.931540 12.539310
v 0.000595 -12.201038 10.814499
v 0.000587 -7.392242 14.478600
v -1.126313 -4.931540 12.539310
v -1.126313 -4.931540 12.539310
v 0.000587 -7.392242 14.478600
v 0.000594 -2.888798 16.589523
v 0.000587 -7.392242 14.478600
v 1.127502 -4.931540 12.539310
v 0.000594 -2.888798 16.589523
v 0.000594 -2.888798 16.589523
v 1.127502 -4.931540 12.539310
v 1.445121 2.780877 13.002640
v 1.127502 -4.931540 12.539310
v 0.000595 0.801529 10.801773
v 1.445121 2.780877 13.002640
v -2.437439 16.637375 3.125011
v 0.000595 18.531567 8.407059
v -2.381439 20.332184 3.833717
v -2.381439 20.332184 3.833717
v 0.000595 18.531567 8.407059
v 0.000595 20.941290 6.305412
v 0.000595 18.531567 8.407059
v 2.382622 20.332184 3.833718
v 0.000595 20.941290 6.305412
v 0.000595 20.941290 6.305412
v 2.382622 20.332184 3.833718
v 0.000595 24.135267 5.984867
v 2.382622 20.332184 3.833718
v 1.905861 24.389906 2.307259
v 0.000595 24.135267 5.984867
v 0.000595 24.135267 5.984867
v 1.905861 24.389906 2.307259
v 2.534973 28.500643 6.025009
v 1.905861 24.389906 2.307259
v 2.412148 26.335394 2.252629
v 2.534973 28.500643 6.025009
v 2.534973 28.500643 6.025009
v 2.412148 26.335394 2.252629
v 0.000595 30.728262 3.134975
v 2.412148 26.335394 2.252629
v 0.000596 25.698318 -2.151581
v 0.000595 30.728262 3.134975
v 0.000595 30.728262 3.134975
v 0.000596 25.698318 -2.151581
v -2.410957 26.335392 2.252628
v 0.000596 25.698318 -2.151581
v -1.904678 24.389904 2.307258
v -2.410957 26.335392 2.252628
v -2.410957 26.335392 2.252628
v -1.904678 24.389904 2.307258
v -2.533783 28.500641 6.025013
v -1.904678 24.389904 2.307258
v 0.000595 24.135267 5.984867
v -2.533783 28.500641 6.025013
v -2.533783 28.500641 6.025013
v 0.000595 24.135267 5.984867
v 0.000595 26.989801 7.202251
v 0.000595 24.135267 5.984867
v 2.534973 28.500643 6.025009
v 0.000595 26.989801 7.202251
v 0.000595 26.989801 7.202251
v 2.534973 28.500643 6.025009
v 0.000595 29.489191 10.145653
v 2.534973 28.500643 6.025009
v 3.304893 33.176811 7.711186
v 0.000595 29.489191 10.145653
v 0.000595 29.489191 10.145653
v 3.304893 33.176811 7.711186
v 2.669601 40.064548 7.201344
v 3.304893 33.176811 7.711186
v 0.000603 34.082970 4.246674
v 2.669601 40.064548 7.201344
v 2.669601 40.064548 7.201344
v 0.000603 34.082970 4.246674
v 0.000595 48.096729 3.487259
v 0.000603 34.082970 4.246674
v -2.668419 40.064548 7.201347
v 0.000595 48.096729 3.487259
v 0.000604 101.296310 -4.102131
v 0.000611 104.471344 -5.555405
v -0.836814 106.134903 -8.557640
v 0.000611 104.471344 -5.555405
v 0.000612 107.532272 -7.421410
v -0.836814 106.134903 -8.557640
v -0.836814 106.134903 -8.557640
v 0.000612 107.532272 -7.421410
v -0.952658 113.865875 -8.557640
v 0.000612 107.532272 -7.421410
v 0.000604 114.038849 -7.421410
v -0.952658 113.865875 -8.557640
v -0.952658 113.865875 -8.557640
v 0.000604 114.038849 -7.421410
v 0.000604 115.771973 -6.633575
v 0.000604 114.038849 -7.421410
v 0.953859 113.865875 -8.557632
v 0.000604 115.771973 -6.633575
v 0.000604 115.771973 -6.633575
v 0.953859 113.865875 -8.557632
v 0.000604 114.647156 -11.277145
v 0.953859 113.865875 -8.557632
v 0.833559 113.187103 -11.587883
v 0.000604 114.647156 -11.277145
v 0.000604 114.647156 -11.277145
v 0.833559 113.187103 -11.587883
v 0.000613 102.252380 -21.873230
v 0.833559 113.187103 -11.587883
v 0.000604 112.015869 -11.397865
v 0.000613 102.252380 -21.873230
v 0.000613 102.252380 -21.873230
v 0.000604 112.015869 -11.397865
v 0.000612 105.452637 -9.527405
v 0.000604 112.015869 -11.397865
v 0.000604 112.391846 -9.564835
v 0.000612 105.452637 -9.527405
v 0.000612 105.452637 -9.527405
v 0.000604 112.391846 -9.564835
v 0.838029 106.134903 -8.557632
v 0.000604 112.391846 -9.564835
v 0.953859 113.865875 -8.557632
v 0.838029 106.134903 -8.557632
v 0.838029 106.134903 -8.557632
v 0.953859 113.865875 -8.557632
v 0.000612 107.532272 -7.421410
v 0.953859 113.865875 -8.557632
v 0.000604 114.038849 -7.421410
v 0.000612 107.532272 -7.421410
v 0.000596 19.358425 -2.738358
v -1.071372 16.380529 -7.093246
v -1.222236 16.286259 -4.089485
v -1.222236 16.286259 -4.089485
v -1.071372 16.380529 -7.093246
v 0.000596 13.853225 -6.276558
v -1.071372 16.380529 -7.093246
v -1.071372 16.380529 -7.093246
v 0.000596 13.853225 -6.276558
v 0.000596 13.853225 -6.276558
v -1.071372 16.380529 -7.093246
v 0.000596 13.853225 -6.276558
v -1.071372 16.380529 -7.093246
v 0.000589 11.412737 -8.677948
v 0.000596 13.853225 -6.276558
v 0.000596 13.853225 -6.276558
v 0.000589 11.412737 -8.677948
v 1.072564 16.380529 -7.093239
v 0.000589 11.412737 -8.677948
v 0.000589 11.562540 -9.887894
v 1.072564 16.380529 -7.093239
v 1.072564 16.380529 -7.093239
v 0.000589 11.562540 -9.887894
v 1.218065 18.209644 -9.872879
v 0.000589 11.562540 -9.887894
v 0.000589 9.597488 -11.176384
v 1.218065 18.209644 -9.872879
v 1.218065 18.209644 -9.872879
v 0.000589 9.597488 -11.176384
v 1.624438 12.138268 -17.638321
v 0.000589 9.597488 -11.176384
v 0.000589 4.579656 -11.870949
v 1.624438 12.138268 -17.638321
v 1.624438 12.138268 -17.638321
v 0.000589 4.579656 -11.870949
v 1.624430 2.149381 -15.615654
v 0.000589 4.579656 -11.870949
v 0.000597 1.996479 -11.503220
v 1.624430 2.149381 -15.615654
v 1.624430 2.149381 -15.615654
v 0.000597 1.996479 -11.503220
v 1.624437 -3.663615 -10.993347
v 0.000597 1.996479 -11.503220
v 0.000596 -2.234966 -8.516716
v 1.624437 -3.663615 -10.993347
v 1.624437 -3.663615 -10.993347
v 0.000596 -2.234966 -8.516716
v 0.000588 -6.966131 -3.062450
v 0.000596 -2.234966 -8.516716
v -1.623244 -3.663615 -10.993347
v 0.000588 -6.966131 -3.062450
v 0.000588 -6.966131 -3.062450
v -1.623244 -3.663615 -10.993347
v -0.974700 -9.683155 -4.052738
v 0.000605 35.018749 -17.777969
v 0.000597 32.278568 -10.233383
v -1.080908 34.014023 -9.927399
v -1.080908 34.014023 -9.927399
v 0.000597 32.278568 -10.233383
v 0.000596 27.123383 -2.951126
v 0.000597 32.278568 -10.233383
v 1.082109 34.014023 -9.927391
v 0.000596 27.123383 -2.951126
v 0.000596 27.123383 -2.951126
v 1.082109 34.014023 -9.927391
v 0.000596 28.213289 0.491696
v 1.082109 34.014023 -9.927391
v 0.000595 30.728262 3.134975
v 0.000596 28.213289 0.491696
v 0.000596 28.213289 0.491696
v 0.000595 30.728262 3.134975
v -1.080908 34.014023 -9.927399
v 0.000595 30.728262 3.134975
v 0.000597 34.762043 -10.322311
v -1.080908 34.014023 -9.927399
v -1.080908 34.014023 -9.927399
v 0.000597 34.762043 -10.322311
v 0.000605 35.018749 -17.777969
v 0.000597 34.762043 -10.322311
v 1.082109 34.014023 -9.927391
v 0.000605 35.018749 -17.777969
v 0.000605 35.018749 -17.777969
v 1.082109 34.014023 -9.927391
v 0.000597 32.278568 -10.233383
v -2.399498 14.771427 1.948276
v -2.399498 13.974104 0.023350
v -2.232116 12.655266 0.023350
v -2.399498 13.974104 0.023350
v -2.399497 14.771427 -1.901577
v -2.232116 12.655266 0.023350
v -2.232116 12.655266 0.023350
v -2.399497 14.771427 -1.901577
v -1.349288 13.628340 -2.913757
v -2.399497 14.771427 -1.901577
v -2.399497 16.696346 -2.698906
v -1.349288 13.628340 -2.913757
v -1.349288 13.628340 -2.913757
v -2.399497 16.696346 -2.698906
v -1.222236 16.286259 -4.089485
v -2.399497 16.696346 -2.698906
v -2.399497 18.621267 -1.901577
v -1.222236 16.286259 -4.089485
v -1.222236 16.286259 -4.089485
v -2.399497 18.621267 -1.901577
v 0.000596 19.358425 -2.738358
v -2.399497 18.621267 -1.901577
v -2.399498 19.418598 0.023350
v 0.000596 19.358425 -2.738358
v 0.000596 19.358425 -2.738358
v -2.399498 19.418598 0.023350
v 0.000596 19.885693 -0.023723
v -2.399498 19.418598 0.023350
v -2.399498 18.621267 1.948276
v 0.000596 19.885693 -0.023723
v 2.400681 14.771427 1.948277
v 2.233300 12.655266 0.023350
v 2.400681 13.974104 0.023350
v 2.400681 13.974104 0.023350
v 2.233300 12.655266 0.023350
v 2.400681 14.771427 -1.901577
v 2.233300 12.655266 0.023350
v 1.350472 13.628340 -2.913757
v 2.400681 14.771427 -1.901577
v 2.400681 14.771427 -1.901577
v 1.350472 13.628340 -2.913757
v 2.400681 16.696346 -2.698906
v 1.350472 13.628340 -2.913757
v 1.223428 16.286259 -4.089485
v 2.400681 16.696346 -2.698906
v 2.400681 16.696346 -2.698906
v 1.223428 16.286259 -4.089485
v 2.400681 18.621267 -1.901577
v 1.223428 16.286259 -4.089485
v 0.000596 19.358425 -2.738358
v 2.400681 18.621267 -1.901577
v 2.400681 18.621267 -1.901577
v 0.000596 19.358425 -2.738358
v 2.400681 19.418598 0.023350
v 0.000596 19.358425 -2.738358
v 0.000596 19.885693 -0.023723
v 2.400681 19.418598 0.023350
v 2.400681 19.418598 0.023350
v 0.000596 19.885693 -0.023723
v 2.400681 18.621267 1.948277
v 0.000612 90.646515 -17.405106
v 0.000613 102.252380 -21.873230
v 0.000605 94.419510 -15.160042
v 0.000605 94.419510 -15.160042
v 0.000613 102.252380 -21.873230
v 0.000612 90.646515 -17.405106
v 0.000613 102.252380 -21.873230
v 0.000612 90.646515 -17.405106
v 0.000613 89.288757 -19.665535
v 0.000612 90.646515 -17.405106
v 0.000613 102.252380 -21.873230
v 0.000613 89.288757 -19.665535
v 0.000613 89.288757 -19.665535
v 0.000613 88.830002 -22.494980
v 0.000613 102.252380 -21.873230
v 0.000613 102.252380 -21.873230
v 0.000613 88.830002 -22.494980
v 0.000613 88.848206 -25.249382
v 0.000613 88.830002 -22.494980
v 0.000613 102.252380 -21.873230
v 0.000613 88.848206 -25.249382
v 0.000613 88.848206 -25.249382
v 0.000613 89.579346 -27.907776
v 0.000613 102.252380 -21.873230
v 0.000613 102.252380 -21.873230
v 0.000613 89.579346 -27.907776
v 0.000613 88.848206 -25.249382
v 0.000595 10.279766 3.500614
v -1.073479 10.852099 5.981544
v -2.105514 14.042425 3.404678
v -2.105514 14.042425 3.404678
v -1.073479 10.852099 5.981544
v -1.417183 12.166145 8.064346
v -1.073479 10.852099 5.981544
v -1.190049 2.780878 13.002640
v -1.417183 12.166145 8.064346
v -1.417183 12.166145 8.064346
v -1.190049 2.780878 13.002640
v -1.035630 9.322088 11.613869
v -1.190049 2.780878 13.002640
v -0.688553 9.457783 13.934826
v -1.035630 9.322088 11.613869
v -1.035630 9.322088 11.613869
v -0.688553 9.457783 13.934826
v -0.352326 13.797694 10.232643
v -0.688553 9.457783 13.934826
v 0.390434 14.445581 12.287991
v -0.352326 13.797694 10.232643
v -0.352326 13.797694 10.232643
v 0.390434 14.445581 12.287991
v -0.214249 10.308690 11.056599
v 0.390434 14.445581 12.287991
v 1.445121 2.780877 13.002640
v -0.214249 10.308690 11.056599
v -1.222236 16.286259 -4.089485
v 0.000596 13.853225 -6.276558
v 0.000596 13.628340 -3.289833
v 0.000596 13.628340 -3.289833
v 0.000596 13.853225 -6.276558
v 1.223428 16.286259 -4.089485
v 0.000596 13.853225 -6.276558
v 1.072564 16.380529 -7.093239
v 1.223428 16.286259 -4.089485
v 1.223428 16.286259 -4.089485
v 1.072564 16.380529 -7.093239
v 1.223428 16.286259 -4.089485
v 1.072564 16.380529 -7.093239
v 1.072564 16.380529 -7.093239
v 1.223428 16.286259 -4.089485
v 1.223428 16.286259 -4.089485
v 1.072564 16.380529 -7.093239
v 0.000596 19.358425 -2.738358
v 1.072564 16.380529 -7.093239
v 0.000596 18.247406 -6.581932
v 0.000596 19.358425 -2.738358
v 0.000596 19.358425 -2.738358
v 0.000596 18.247406 -6.581932
v -1.071372 16.380529 -7.093246
v 0.000596 18.247406 -6.581932
v -1.216864 18.209644 -9.872887
v -1.071372 16.380529 -7.093246
v -1.071372 16.380529 -7.093246
v -1.216864 18.209644 -9.872887
v 0.000589 11.562540 -9.887894
v -1.216864 18.209644 -9.872887
v 0.000589 9.597488 -11.176384
v 0.000589 11.562540 -9.887894
v 0.000589 26.810127 -8.710983
v 0.919824 23.007355 -10.292931
v -0.918623 23.007355 -10.292938
v 0.919824 23.007355 -10.292931
v 1.312692 21.032612 -11.783112
v -0.918623 23.007355 -10.292938
v -0.918623 23.007355 -10.292938
v 1.312692 21.032612 -11.783112
v -1.311507 21.032612 -11.783119
v 1.312692 21.032612 -11.783112
v 1.705576 18.777565 -14.867821
v -1.311507 21.032612 -11.783119
v -1.311507 21.032612 -11.783119
v 1.705576 18.777565 -14.867821
v -1.704382 18.777565 -14.867828
v 1.705576 18.777565 -14.867821
v 1.624438 12.138268 -17.638321
v -1.704382 18.777565 -14.867828
v -1.704382 18.777565 -14.867828
v 1.624438 12.138268 -17.638321
v -1.623243 12.138269 -17.638329
v 1.624438 12.138268 -17.638321
v -1.623251 2.149381 -15.615654
v -1.623243 12.138269 -17.638329
v 0.000604 115.771973 -6.633575
v 0.000604 114.647156 -11.277145
v -0.952658 113.865875 -8.557640
v -0.952658 113.865875 -8.557640
v 0.000604 114.647156 -11.277145
v -0.832358 113.187103 -11.587891
v 0.000604 114.647156 -11.277145
v 0.000613 102.252380 -21.873230
v -0.832358 113.187103 -11.587891
v -0.832358 113.187103 -11.587891
v 0.000613 102.252380 -21.873230
v 0.000604 112.015869 -11.397865
v 0.000613 102.252380 -21.873230
v 0.000612 105.452637 -9.527405
v 0.000604 112.015869 -11.397865
v 0.000604 112.015869 -11.397865
v 0.000612 105.452637 -9.527405
v 0.000604 112.391846 -9.564835
v 0.000612 105.452637 -9.527405
v -0.836814 106.134903 -8.557640
v 0.000604 112.391846 -9.564835
v 0.000604 112.391846 -9.564835
v -0.836814 106.134903 -8.557640
v -0.952658 113.865875 -8.557640
v -1.773628 14.749845 4.192978
v -1.748749 14.328659 5.630333
v -2.105514 14.042425 3.404678
v -1.748749 14.328659 5.630333
v -1.417183 12.166145 8.064346
v -2.105514 14.042425 3.404678
v -2.105514 14.042425 3.404678
v -1.417183 12.166145 8.064346
v 0.000595 12.897666 7.174656
v -1.417183 12.166145 8.064346
v -0.214249 10.308690 11.056599
v 0.000595 12.897666 7.174656
v 0.000595 12.897666 7.174656
v -0.214249 10.308690 11.056599
v 1.654404 11.531744 7.256157
v -0.214249 10.308690 11.056599
v 1.445121 2.780877 13.002640
v 1.654404 11.531744 7.256157
v 1.654404 11.531744 7.256157
v 1.445121 2.780877 13.002640
v 0.000595 0.801529 10.801773
v 0.000596 19.885693 -0.023723
v -2.399498 18.621267 1.948276
v 0.000596 20.731203 0.924122
v -2.399498 18.621267 1.948276
v -2.381439 20.332184 3.833717
v 0.000596 20.731203 0.924122
v 0.000596 20.731203 0.924122
v -2.381439 20.332184 3.833717
v 0.000596 23.060770 1.209938
v -2.381439 20.332184 3.833717
v -1.904678 24.389904 2.307258
v 0.000596 23.060770 1.209938
v 0.000596 23.060770 1.209938
v -1.904678 24.389904 2.307258
v 0.000596 24.407488 0.278065
v -1.904678 24.389904 2.307258
v 0.000596 25.698318 -2.151581
v 0.000596 24.407488 0.278065
v 0.000596 24.407488 0.278065
v 0.000596 25.698318 -2.151581
v 1.905861 24.389906 2.307259
v -1.623243 12.138269 -17.638329
v -1.216864 18.209644 -9.872887
v -1.704382 18.777565 -14.867828
v -1.704382 18.777565 -14.867828
v -1.216864 18.209644 -9.872887
v -1.311507 21.032612 -11.783119
v -1.216864 18.209644 -9.872887
v 0.000596 20.227551 -9.107620
v -1.311507 21.032612 -11.783119
v -1.311507 21.032612 -11.783119
v 0.000596 20.227551 -9.107620
v -0.918623 23.007355 -10.292938
v 0.000596 20.227551 -9.107620
v 0.000596 23.594219 -8.372025
v -0.918623 23.007355 -10.292938
v -0.918623 23.007355 -10.292938
v 0.000596 23.594219 -8.372025
v 0.000589 26.810127 -8.710983
v 0.000596 23.594219 -8.372025
v 0.919824 23.007355 -10.292931
v 0.000589 26.810127 -8.710983
v 0.000596 -12.587576 -1.583301
v 0.000596 -14.597435 -4.736290
v 0.000596 -12.666395 -3.859516
v 0.000596 -14.597435 -4.736290
v 0.000596 -12.587576 -1.583301
v 0.000596 -12.666395 -3.859516
v 0.000596 -12.666395 -3.859516
v 0.000596 -12.587576 -1.583301
v -0.974700 -9.683155 -4.052738
v 0.000596 -12.587576 -1.583301
v 0.000588 -8.813673 -1.925968
v -0.974700 -9.683155 -4.052738
v -0.974700 -9.683155 -4.052738
v 0.000588 -8.813673 -1.925968
v 0.000588 -6.966131 -3.062450
v 0.000588 -8.813673 -1.925968
v 0.975884 -9.683155 -4.052738
v 0.000588 -6.966131 -3.062450
v 0.000588 -6.966131 -3.062450
v 0.975884 -9.683155 -4.052738
v 1.624437 -3.663615 -10.993347
v 0.000604 67.091232 -5.452354
v 0.000597 73.569641 -11.377800
v 0.000596 64.235352 -5.414963
v 0.000597 73.569641 -11.377800
v 0.000604 67.091232 -5.452354
v 0.000596 64.235352 -5.414963
v 0.000596 64.235352 -5.414963
v -2.668419 40.064548 7.201347
v 0.000604 67.091232 -5.452354
v 0.000604 67.091232 -5.452354
v -2.668419 40.064548 7.201347
v -2.059219 47.951775 6.285126
v -2.668419 40.064548 7.201347
v 0.000594 32.415421 14.199173
v -2.059219 47.951775 6.285126
v -2.059219 47.951775 6.285126
v 0.000594 32.415421 14.199173
v 2.060417 47.951775 6.285126
v -1.828324 29.131550 12.771389
v 0.000587 25.593859 16.886898
v 0.000594 32.415421 14.199173
v 0.000594 32.415421 14.199173
v 0.000587 25.593859 16.886898
v 1.829513 29.131552 12.771389
v 0.000587 25.593859 16.886898
v 0.000594 16.515450 18.075935
v 1.829513 29.131552 12.771389
v 1.829513 29.131552 12.771389
v 0.000594 16.515450 18.075935
v 0.000587 22.593897 14.579903
v 0.000594 16.515450 18.075935
v -1.828324 29.131550 12.771389
v 0.000587 22.593897 14.579903
v 0.000587 22.593897 14.579903
v -1.828324 29.131550 12.771389
v 0.000587 22.593897 14.579903
v -1.828324 29.131550 12.771389
v -1.828324 29.131550 12.771389
v 0.000587 22.593897 14.579903
v 0.000587 22.593897 14.579903
v -1.828324 29.131550 12.771389
v 0.000595 25.181223 10.772263
v -1.216864 18.209644 -9.872887
v -1.623243 12.138269 -17.638329
v 0.000589 9.597488 -11.176384
v 0.000589 9.597488 -11.176384
v -1.623243 12.138269 -17.638329
v 0.000589 4.579656 -11.870949
v -1.623243 12.138269 -17.638329
v -1.623251 2.149381 -15.615654
v 0.000589 4.579656 -11.870949
v 0.000589 4.579656 -11.870949
v -1.623251 2.149381 -15.615654
v 0.000597 1.996479 -11.503220
v -1.623251 2.149381 -15.615654
v -1.623244 -3.663615 -10.993347
v 0.000597 1.996479 -11.503220
v 0.000597 1.996479 -11.503220
v -1.623244 -3.663615 -10.993347
v 0.000596 -2.234966 -8.516716
v 0.000596 -12.666395 -3.859516
v -0.974700 -9.683155 -4.052738
v 0.975884 -9.683155 -4.052738
v 0.975884 -9.683155 -4.052738
v -0.974700 -9.683155 -4.052738
v 1.624437 -3.663615 -10.993347
v -0.974700 -9.683155 -4.052738
v -1.623244 -3.663615 -10.993347
v 1.624437 -3.663615 -10.993347
v 1.624437 -3.663615 -10.993347
v -1.623244 -3.663615 -10.993347
v 1.624430 2.149381 -15.615654
v -1.623244 -3.663615 -10.993347
v -1.623251 2.149381 -15.615654
v 1.624430 2.149381 -15.615654
v 1.624430 2.149381 -15.615654
v -1.623251 2.149381 -15.615654
v 1.624438 12.138268 -17.638321
v 0.000604 132.033249 -5.457336
v 0.919633 117.208145 -0.400375
v -0.918433 117.208145 -0.400375
v 0.919633 117.208145 -0.400375
v 1.524613 102.348206 1.995461
v -0.918433 117.208145 -0.400375
v -0.918433 117.208145 -0.400375
v 1.524613 102.348206 1.995461
v -1.523399 102.348206 1.995464
v 1.524613 102.348206 1.995461
v 1.839790 66.159515 4.930637
v -1.523399 102.348206 1.995464
v -1.523399 102.348206 1.995464
v 1.839790 66.159515 4.930637
v -1.838592 66.159515 4.930637
v 0.000604 132.033249 -5.457336
v -0.918433 117.208145 -0.400375
v 0.000603 118.091263 1.149353
v -0.918433 117.208145 -0.400375
v -1.523399 102.348206 1.995464
v 0.000603 118.091263 1.149353
v 0.000603 118.091263 1.149353
v -1.523399 102.348206 1.995464
v 0.000611 102.348206 4.092216
v -1.523399 102.348206 1.995464
v -1.838592 66.159515 4.930637
v 0.000611 102.348206 4.092216
v 0.000611 102.348206 4.092216
v -1.838592 66.159515 4.930637
v 0.000603 49.691002 7.784946
v 0.000603 49.691002 7.784946
v 1.839790 66.159515 4.930637
v 0.000611 102.348206 4.092216
v 1.839790 66.159515 4.930637
v 1.524613 102.348206 1.995461
v 0.000611 102.348206 4.092216
v 0.000611 102.348206 4.092216
v 1.524613 102.348206 1.995461
v 0.000603 118.091263 1.149353
v 1.524613 102.348206 1.995461
v 0.919633 117.208145 -0.400375
v 0.000603 118.091263 1.149353
v 0.000603 118.091263 1.149353
v 0.919633 117.208145 -0.400375
v 0.000604 132.033249 -5.457336
v 0.000595 29.489191 10.145653
v 0.000595 28.798323 12.485718
v -2.668419 40.064548 7.201347
v -2.668419 40.064548 7.201347
v 0.000595 28.798323 12.485718
v 0.000594 32.415421 14.199173
v 0.000595 28.798323 12.485718
v 2.669601 40.064548 7.201344
v 0.000594 32.415421 14.199173
v 0.000594 32.415421 14.199173
v 2.669601 40.064548 7.201344
v 2.060417 47.951775 6.285126
v 2.669601 40.064548 7.201344
v 0.000604 67.091232 -5.452354
v 2.060417 47.951775 6.285126
v -2.105514 14.042425 3.404678
v -2.232116 12.655266 0.023350
v 0.000595 7.006149 2.912308
v -2.232116 12.655266 0.023350
v 0.000596 -12.587578 1.630001
v 0.000595 7.006149 2.912308
v 0.000595 7.006149 2.912308
v 0.000596 -12.587578 1.630001
v 2.233300 12.655266 0.023350
v 0.000596 -12.587578 1.630001
v 0.835480 -7.629950 0.023350
v 2.233300 12.655266 0.023350
v 2.233300 12.655266 0.023350
v 0.835480 -7.629950 0.023350
v 0.000596 -12.587576 -1.583301
v 0.000596 19.885693 -0.023723
v 0.000596 20.731203 0.924122
v 2.400681 18.621267 1.948277
v 2.400681 18.621267 1.948277
v 0.000596 20.731203 0.924122
v 2.382622 20.332184 3.833718
v 0.000596 20.731203 0.924122
v 0.000596 23.060770 1.209938
v 2.382622 20.332184 3.833718
v 2.382622 20.332184 3.833718
v 0.000596 23.060770 1.209938
v 1.905861 24.389906 2.307259
v 0.000596 23.060770 1.209938
v 0.000596 24.407488 0.278065
v 1.905861 24.389906 2.307259
v 0.000596 18.247406 -6.581932
v 0.000596 18.739452 -8.675575
v -1.216864 18.209644 -9.872887
v -1.216864 18.209644 -9.872887
v 0.000596 18.739452 -8.675575
v 0.000596 20.227551 -9.107620
v 0.000596 18.739452 -8.675575
v 1.218065 18.209644 -9.872879
v 0.000596 20.227551 -9.107620
v 0.000596 20.227551 -9.107620
v 1.218065 18.209644 -9.872879
v 1.312692 21.032612 -11.783112
v 1.218065 18.209644 -9.872879
v 1.705576 18.777565 -14.867821
v 1.312692 21.032612 -11.783112
v 0.000595 26.989801 7.202251
v 0.000595 29.489191 10.145653
v -2.533783 28.500641 6.025013
v 0.000595 29.489191 10.145653
v -3.303681 33.176811 7.711189
v -2.533783 28.500641 6.025013
v -2.533783 28.500641 6.025013
v -3.303681 33.176811 7.711189
v 0.000595 30.728262 3.134975
v -3.303681 33.176811 7.711189
v 0.000603 34.082970 4.246674
v 0.000595 30.728262 3.134975
v 0.000595 30.728262 3.134975
v 0.000603 34.082970 4.246674
v 3.304893 33.176811 7.711186
v 0.000596 -12.587578 1.630001
v -2.232116 12.655266 0.023350
v -0.834297 -7.629949 0.023350
v -0.834297 -7.629949 0.023350
v -2.232116 12.655266 0.023350
v 0.000596 -12.587576 -1.583301
v -2.232116 12.655266 0.023350
v -2.232116 12.655266 0.023350
v 0.000596 -12.587576 -1.583301
v 0.000596 -12.587576 -1.583301
v -2.232116 12.655266 0.023350
v 0.000596 -12.587576 -1.583301
v -2.232116 12.655266 0.023350
v 0.000596 8.954796 -3.539337
v 0.000596 -12.587576 -1.583301
v 0.000596 -12.587576 -1.583301
v 0.000596 8.954796 -3.539337
v 2.233300 12.655266 0.023350
v -2.232116 12.655266 0.023350
v -1.349288 13.628340 -2.913757
v 0.000588 13.107363 -2.628216
v -1.349288 13.628340 -2.913757
v 0.000596 13.628340 -3.289833
v 0.000588 13.107363 -2.628216
v 0.000588 13.107363 -2.628216
v 0.000596 13.628340 -3.289833
v 1.350472 13.628340 -2.913757
v 0.000596 13.628340 -3.289833
v 1.223428 16.286259 -4.089485
v 1.350472 13.628340 -2.913757
v -2.399498 16.696346 2.745605
v -2.399498 18.621267 1.948276
v -2.399498 14.771427 1.948276
v -2.399498 14.771427 1.948276
v -2.399498 18.621267 1.948276
v -2.399498 13.974104 0.023350
v -2.399498 18.621267 1.948276
v -2.399498 19.418598 0.023350
v -2.399498 13.974104 0.023350
v -2.399498 13.974104 0.023350
v -2.399498 19.418598 0.023350
v -2.399497 18.621267 -1.901577
v 2.382622 20.332184 3.833718
v 0.000595 18.531567 8.407059
v 2.438622 16.637375 3.125012
v 0.000595 18.531567 8.407059
v 2.106735 14.042425 3.404679
v 2.438622 16.637375 3.125012
v 2.438622 16.637375 3.125012
v 2.106735 14.042425 3.404679
v 2.400681 14.771427 1.948277
v 2.106735 14.042425 3.404679
v 2.233300 12.655266 0.023350
v 2.400681 14.771427 1.948277
v 0.390434 14.445581 12.287991
v 0.376709 17.108438 9.838257
v -0.352326 13.797694 10.232643
v -0.352326 13.797694 10.232643
v 0.376709 17.108438 9.838257
v 0.390434 14.445581 12.287991
v 0.376709 17.108438 9.838257
v 0.390434 14.445581 12.287991
v 1.138794 18.957308 10.938324
v 0.390434 14.445581 12.287991
v 0.376709 17.108438 9.838257
v 1.138794 18.957308 10.938324
v 2.400681 16.696346 2.745606
v 2.400681 14.771427 1.948277
v 2.400681 18.621267 1.948277
v 2.400681 14.771427 1.948277
v 2.400681 13.974104 0.023350
v 2.400681 18.621267 1.948277
v 2.400681 18.621267 1.948277
v 2.400681 13.974104 0.023350
v 2.400681 19.418598 0.023350
v 2.400681 13.974104 0.023350
v 2.400681 18.621267 -1.901577
v 2.400681 19.418598 0.023350
v 0.680137 12.981904 15.469131
v 0.766105 10.860831 16.214851
v -0.021897 11.834467 14.439896
v -0.021897 11.834467 14.439896
v 0.766105 10.860831 16.214851
v 0.680137 12.981904 15.469131
v 0.766105 10.860831 16.214851
v 1.623260 13.441784 17.783653
v 0.680137 12.981904 15.469131
v 0.680137 12.981904 15.469131
v 1.623260 13.441784 17.783653
v 0.766105 10.860831 16.214851
v -1.838592 66.159515 4.930637
v -2.059219 47.951775 6.285126
v 0.000603 49.691002 7.784946
v -2.059219 47.951775 6.285126
v 0.000595 39.993996 9.768780
v 0.000603 49.691002 7.784946
v 0.000603 49.691002 7.784946
v 0.000595 39.993996 9.768780
v 2.060417 47.951775 6.285126
v 0.000612 105.452637 -9.527405
v 0.838029 106.134903 -8.557632
v 0.000604 101.296310 -4.102131
v 0.000604 101.296310 -4.102131
v 0.838029 106.134903 -8.557632
v 0.000611 104.471344 -5.555405
v 0.838029 106.134903 -8.557632
v 0.000612 107.532272 -7.421410
v 0.000611 104.471344 -5.555405
v -2.105514 14.042425 3.404678
v 0.000595 7.006149 2.912308
v 0.000595 10.279766 3.500614
v 0.000595 10.279766 3.500614
v 0.000595 7.006149 2.912308
v 2.106735 14.042425 3.404679
v 0.000595 7.006149 2.912308
v 2.233300 12.655266 0.023350
v 2.106735 14.042425 3.404679
v -2.232116 12.655266 0.023350
v -2.105514 14.042425 3.404678
v -2.399498 14.771427 1.948276
v -2.399498 14.771427 1.948276
v -2.105514 14.042425 3.404678
v -2.437439 16.637375 3.125011
v -2.105514 14.042425 3.404678
v 0.000595 18.531567 8.407059
v -2.437439 16.637375 3.125011
v -2.105514 14.042425 3.404678
v 0.000603 15.199510 6.732975
v 0.000595 18.531567 8.407059
v 0.000595 18.531567 8.407059
v 0.000603 15.199510 6.732975
v 2.106735 14.042425 3.404679
v 0.000603 15.199510 6.732975
v 0.000595 12.897666 7.174656
v 2.106735 14.042425 3.404679
v 0.000595 12.897666 7.174656
v 1.654404 11.531744 7.256157
v 2.106735 14.042425 3.404679
v 2.106735 14.042425 3.404679
v 1.654404 11.531744 7.256157
v 0.000595 10.279766 3.500614
v 1.654404 11.531744 7.256157
v 0.000595 10.013868 5.557884
v 0.000595 10.279766 3.500614
v -0.214249 10.308690 11.056599
v -1.417183 12.166145 8.064346
v -0.714905 13.591935 9.616650
v -1.417183 12.166145 8.064346
v -1.266838 15.506063 7.537663
v -0.714905 13.591935 9.616650
v -0.714905 13.591935 9.616650
v -1.266838 15.506063 7.537663
v -0.602661 17.234924 8.664783
v -1.266838 15.506063 7.537663
v -1.417183 12.166145 8.064346
v -0.714905 13.591935 9.616650
v -1.417183 12.166145 8.064346
v -1.035630 9.322088 11.613869
v -0.714905 13.591935 9.616650
v -0.714905 13.591935 9.616650
v -1.035630 9.322088 11.613869
v -0.714905 13.591935 9.616650
v -1.035630 9.322088 11.613869
v -1.035630 9.322088 11.613869
v -0.714905 13.591935 9.616650
v -0.714905 13.591935 9.616650
v -1.035630 9.322088 11.613869
v -0.214249 10.308690 11.056599
v -1.190049 2.780878 13.002640
v -1.073479 10.852099 5.981544
v 0.000595 0.801529 10.801773
v 0.000595 0.801529 10.801773
v -1.073479 10.852099 5.981544
v 0.000595 10.013868 5.557884
v -1.073479 10.852099 5.981544
v 0.000595 10.279766 3.500614
v 0.000595 10.013868 5.557884
v -2.232116 12.655266 0.023350
v 0.000588 10.743798 -2.414783
v 0.000596 8.954796 -3.539337
v 0.000596 8.954796 -3.539337
v 0.000588 10.743798 -2.414783
v 2.233300 12.655266 0.023350
v 0.000588 10.743798 -2.414783
v 0.000588 13.107363 -2.628216
v 2.233300 12.655266 0.023350
v 0.000595 -1.378009 9.477409
v 0.000602 -2.648323 9.494663
v -1.126313 -4.931540 12.539310
v -1.126313 -4.931540 12.539310
v 0.000602 -2.648323 9.494663
v -0.636498 -8.762275 9.680000
v 0.000602 -2.648323 9.494663
v 0.000603 -3.468676 8.379478
v -0.636498 -8.762275 9.680000
v 0.000587 -7.392242 14.478600
v 0.000595 -12.201038 10.814499
v 1.127502 -4.931540 12.539310
v 1.127502 -4.931540 12.539310
v 0.000595 -12.201038 10.814499
v 0.637687 -8.762274 9.680000
v 0.000595 -12.201038 10.814499
v 0.000595 -14.604174 7.106125
v 0.637687 -8.762274 9.680000
v -1.838592 66.159515 4.930637
v 0.000604 94.419510 -4.182934
v 0.000603 66.574966 1.849842
v 0.000604 94.419510 -4.182934
v 1.839790 66.159515 4.930637
v 0.000603 66.574966 1.849842
v -2.059219 47.951775 6.285126
v 0.000603 66.574966 1.849842
v 0.000603 50.548946 3.675632
v 0.000603 66.574966 1.849842
v 2.060417 47.951775 6.285126
v 0.000603 50.548946 3.675632
v -2.668419 40.064548 7.201347
v 0.000596 64.235352 -5.414963
v 2.669601 40.064548 7.201344
v 0.000596 64.235352 -5.414963
v 0.000604 67.091232 -5.452354
v 2.669601 40.064548 7.201344
v -1.828324 29.131550 12.771389
v 0.000594 32.415421 14.199173
v 0.000595 25.181223 10.772263
v 0.000594 32.415421 14.199173
v 1.829513 29.131552 12.771389
v 0.000595 25.181223 10.772263
v -1.773628 14.749845 4.192978
v -2.105514 14.042425 3.404678
v -1.748749 14.328659 5.630333
v -1.748749 14.328659 5.630333
v -2.105514 14.042425 3.404678
v -1.417183 12.166145 8.064346
v -2.399498 16.696346 2.745605
v -2.437439 16.637375 3.125011
v -2.399498 18.621267 1.948276
v -2.399498 18.621267 1.948276
v -2.437439 16.637375 3.125011
v -2.381439 20.332184 3.833717
v -2.399497 16.696346 -2.698906
v -2.399497 14.771427 -1.901577
v -2.399497 18.621267 -1.901577
v -2.399497 18.621267 -1.901577
v -2.399497 14.771427 -1.901577
v -2.399498 13.974104 0.023350
v -1.904678 24.389904 2.307258
v -2.381439 20.332184 3.833717
v 0.000595 24.135267 5.984867
v 0.000595 24.135267 5.984867
v -2.381439 20.332184 3.833717
v 0.000595 20.941290 6.305412
v 2.382622 20.332184 3.833718
v 2.438622 16.637375 3.125012
v 2.400681 18.621267 1.948277
v 2.438622 16.637375 3.125012
v 2.400681 16.696346 2.745606
v 2.400681 18.621267 1.948277
v 2.400681 16.696346 -2.698906
v 2.400681 18.621267 -1.901577
v 2.400681 14.771427 -1.901577
v 2.400681 14.771427 -1.901577
v 2.400681 18.621267 -1.901577
v 2.400681 13.974104 0.023350
v 0.000596 18.739452 -8.675575
v 0.000596 18.247406 -6.581932
v 1.218065 18.209644 -9.872879
v 1.218065 18.209644 -9.872879
v 0.000596 18.247406 -6.581932
v 1.072564 16.380529 -7.093239
v 0.000596 -12.587578 1.630001
v 0.000596 -7.420181 1.968178
v 0.000595 -10.746122 3.588028
v 0.000595 -10.746122 3.588028
v 0.000596 -7.420181 1.968178
v 0.000596 -12.587578 1.630001
v 0.000595 29.489191 10.145653
v -2.668419 40.064548 7.201347
v -3.303681 33.176811 7.711189
v -2.668419 40.064548 7.201347
v 0.000603 34.082970 4.246674
v -3.303681 33.176811 7.711189
v 0.000596 23.594219 -8.372025
v 0.000596 20.227551 -9.107620
v 0.919824 23.007355 -10.292931
v 0.919824 23.007355 -10.292931
v 0.000596 20.227551 -9.107620
v 1.312692 21.032612 -11.783112
v 0.000589 4.579656 -11.870949
v 0.000597 2.715966 -9.812187
v 0.000589 7.708809 -11.437813
v 0.000589 7.708809 -11.437813
v 0.000597 2.715966 -9.812187
v 0.000589 4.579656 -11.870949
v 0.000589 11.412737 -8.677948
v 0.000589 8.918093 -6.058281
v 0.000589 12.632981 -7.477249
v 0.000589 12.632981 -7.477249
v 0.000589 8.918093 -6.058281
v 0.000589 11.412737 -8.677948
v 0.000588 -8.813673 -1.925968
v 0.000596 -12.587576 -1.583301
v 0.975884 -9.683155 -4.052738
v 0.000596 -12.587576 -1.583301
v 0.000596 -12.666395 -3.859516
v 0.975884 -9.683155 -4.052738
v 0.953859 113.865875 -8.557632
v 0.000604 112.391846 -9.564835
v 0.833559 113.187103 -11.587883
v 0.000604 112.391846 -9.564835
v 0.000604 112.015869 -11.397865
v 0.833559 113.187103 -11.587883
v 0.000604 112.015869 -11.397865
v 0.000604 112.391846 -9.564835
v -0.832358 113.187103 -11.587891
v 0.000604 112.391846 -9.564835
v -0.952658 113.865875 -8.557640
v -0.832358 113.187103 -11.587891
v -1.838592 66.159515 4.930637
v 0.000603 66.574966 1.849842
v -2.059219 47.951775 6.285126
v 1.839790 66.159515 4.930637
v 0.000604 94.419510 -4.182934
v -1.838592 66.159515 4.930637
v 1.839790 66.159515 4.930637
v 2.060417 47.951775 6.285126
v 0.000603 66.574966 1.849842
v 1.839790 66.159515 4.930637
v 0.000603 49.691002 7.784946
v 2.060417 47.951775 6.285126
v 2.060417 47.951775 6.285126
v 0.000604 67.091232 -5.452354
v -2.059219 47.951775 6.285126
v 2.669601 40.064548 7.201344
v 0.000595 28.798323 12.485718
v 0.000595 29.489191 10.145653
v 0.000594 16.515450 18.075935
v 0.000587 25.593859 16.886898
v -1.828324 29.131550 12.771389
v 0.000595 25.181223 10.772263
v 1.829513 29.131552 12.771389
v 0.000587 22.593897 14.579903
v 0.000613 102.252380 -21.873230
v 0.000613 88.830002 -22.494980
v 0.000613 89.288757 -19.665535
v -0.836814 106.134903 -8.557640
v 0.000612 105.452637 -9.527405
v 0.000604 101.296310 -4.102131
v 0.000596 27.123383 -2.951126
v 0.000596 28.213289 0.491696
v -1.080908 34.014023 -9.927399
v 0.000597 34.762043 -10.322311
v 0.000595 30.728262 3.134975
v 1.082109 34.014023 -9.927391
v 0.000603 15.199510 6.732975
v -2.105514 14.042425 3.404678
v 0.000595 12.897666 7.174656
v 0.000588 13.107363 -2.628216
v 0.000588 10.743798 -2.414783
v -2.232116 12.655266 0.023350
v -2.399498 16.696346 2.745605
v -2.399498 14.771427 1.948276
v -2.437439 16.637375 3.125011
v -1.035630 9.322088 11.613869
v -0.352326 13.797694 10.232643
v -0.214249 10.308690 11.056599
v 0.000595 10.013868 5.557884
v 1.654404 11.531744 7.256157
v 0.000595 0.801529 10.801773
v -0.602661 17.234924 8.664783
v -1.266838 15.506063 7.537663
v -0.714905 13.591935 9.616650
v 1.350472 13.628340 -2.913757
v 2.233300 12.655266 0.023350
v 0.000588 13.107363 -2.628216
v -1.222236 16.286259 -4.089485
v 0.000596 13.628340 -3.289833
v -1.349288 13.628340 -2.913757
v 2.400681 16.696346 2.745606
v 2.438622 16.637375 3.125012
v 2.400681 14.771427 1.948277
v 1.445121 2.780877 13.002640
v 0.390434 14.445581 12.287991
v 0.155402 9.476009 14.276062
v -0.688553 9.457783 13.934826
v 0.155402 9.476009 14.276062
v 0.390434 14.445581 12.287991
v -0.021897 11.834467 14.439896
v 0.155402 9.476009 14.276062
v -0.688553 9.457783 13.934826
v 2.412148 26.335394 2.252629
v 1.905861 24.389906 2.307259
v 0.000596 25.698318 -2.151581
v 0.000595 -10.746122 3.588028
v 0.000595 -11.345819 6.151188
v -0.636498 -8.762275 9.680000
v 0.637687 -8.762274 9.680000
v 0.000596 -7.420181 1.968178
v 0.000595 -5.522181 8.497486
v 0.000589 11.412737 -8.677948
v -1.071372 16.380529 -7.093246
v 0.000589 11.562540 -9.887894
v -2.533783 28.500641 6.025013
v 0.000595 30.728262 3.134975
v -2.410957 26.335392 2.252628
v 3.304893 33.176811 7.711186
v 2.534973 28.500643 6.025009
v 0.000595 30.728262 3.134975
v 1.705576 18.777565 -14.867821
v 1.218065 18.209644 -9.872879
v 1.624438 12.138268 -17.638321
v 0.000613 88.848206 -25.249382
v 0.000613 88.830002 -22.494980
v 0.000605 82.939468 -24.462875
v 0.000613 88.830002 -22.494980
v 0.000613 88.848206 -25.249382
v 0.000605 82.939468 -24.462875
v 0.000605 82.939468 -24.462875
v 0.000606 83.818222 -27.739922
v 0.000613 88.848206 -25.249382
v 0.000613 88.848206 -25.249382
v 0.000606 83.818222 -27.739922
v 0.000605 82.939468 -24.462875
v 0.000606 83.818222 -27.739922
v 0.000605 82.939468 -24.462875
v 0.000606 80.678955 -26.223450
v 0.000605 82.939468 -24.462875
v 0.000606 83.818222 -27.739922
v 0.000606 80.678955 -26.223450
v 0.000606 80.678955 -26.223450
v 0.000606 80.262222 -28.807785
v 0.000606 83.818222 -27.739922
v 0.000606 83.818222 -27.739922
v 0.000606 81.017960 -32.242081
v 0.000606 80.262222 -28.807785
v 0.000606 80.262222 -28.807785
v 0.000606 81.017960 -32.242081
v 0.000606 83.818222 -27.739922
v 0.000613 89.579346 -27.907776
v 0.000613 88.848206 -25.249382
v 0.000613 84.644318 -28.372246
v 0.000613 88.848206 -25.249382
v 0.000613 89.579346 -27.907776
v 0.000613 84.644318 -28.372246
v 0.000613 84.644318 -28.372246
v 0.000614 85.710037 -31.874329
v 0.000613 89.579346 -27.907776
v 0.000613 89.579346 -27.907776
v 0.000614 85.710037 -31.874329
v 0.000613 84.644318 -28.372246
v 0.000614 85.710037 -31.874329
v 0.000613 84.644318 -28.372246
v 0.000606 82.826492 -31.014481
v 0.000613 84.644318 -28.372246
v 0.000614 85.710037 -31.874329
v 0.000606 82.826492 -31.014481
v 0.000606 82.826492 -31.014481
v 0.000606 82.422318 -34.125992
v 0.000614 85.710037 -31.874329
v 0.000614 85.710037 -31.874329
v 0.000606 83.342911 -36.251572
v 0.000606 82.422318 -34.125992
v 0.000606 82.422318 -34.125992
v 0.000606 83.342911 -36.251572
v 0.000614 85.710037 -31.874329
v 0.000613 89.288757 -19.665535
v 0.000612 90.646515 -17.405106
v 0.000605 84.162445 -16.872253
v 0.000612 90.646515 -17.405106
v 0.000613 89.288757 -19.665535
v 0.000605 84.162445 -16.872253
v 0.000605 84.162445 -16.872253
v 0.000605 83.255310 -19.709030
v 0.000613 89.288757 -19.665535
v 0.000613 89.288757 -19.665535
v 0.000605 83.255310 -19.709030
v 0.000605 84.162445 -16.872253
v 0.000605 83.255310 -19.709030
v 0.000605 82.185760 -17.454132
v 0.000605 84.162445 -16.872253
v 0.000605 84.162445 -16.872253
v 0.000605 82.185760 -17.454132
v 0.000605 83.255310 -19.709030
v 0.000605 82.185760 -17.454132
v 0.000605 80.423248 -20.165665
v 0.000605 83.255310 -19.709030
v 0.000605 83.255310 -19.709030
v 0.000605 80.423248 -20.165665
v 0.000605 82.185760 -17.454132
v 0.000613 88.830002 -22.494980
v 0.000613 89.288757 -19.665535
v 0.000605 83.280899 -20.291367
v 0.000613 89.288757 -19.665535
v 0.000613 88.830002 -22.494980
v 0.000605 83.280899 -20.291367
v 0.000605 83.280899 -20.291367
v 0.000605 82.932724 -23.587479
v 0.000613 88.830002 -22.494980
v 0.000613 88.830002 -22.494980
v 0.000605 82.932724 -23.587479
v 0.000605 83.280899 -20.291367
v 0.000605 82.932724 -23.587479
v 0.000605 83.280899 -20.291367
v 0.000605 80.373474 -21.428246
v 0.000605 83.280899 -20.291367
v 0.000605 82.932724 -23.587479
v 0.000605 80.373474 -21.428246
v 0.000605 80.373474 -21.428246
v 0.000605 79.774841 -24.936134
v 0.000605 82.932724 -23.587479
v 0.000605 82.932724 -23.587479
v 0.000605 79.774841 -24.936134
v 0.000605 80.373474 -21.428246
v 2.322176 102.265015 -21.225571
v 1.721659 99.691162 -17.194160
v 0.960078 105.712418 -17.931290
v 1.721659 99.691162 -17.194160
v 0.419336 105.793777 -9.042519
v 0.960078 105.712418 -17.931290
v 0.960078 105.712418 -17.931290
v 0.419336 105.793777 -9.042519
v 0.417078 108.008331 -16.171516
v 0.419336 105.793777 -9.042519
v 0.417078 112.601486 -11.492867
v 0.417078 108.008331 -16.171516
v 0.417078 108.008331 -16.171516
v 0.417078 112.601486 -11.492867
v 0.419336 105.793777 -9.042519
v 0.417078 112.601486 -11.492867
v 0.419336 105.793777 -9.042519
v 0.477235 113.128860 -9.061226
v 0.419336 105.793777 -9.042519
v 0.417078 112.601486 -11.492867
v 0.477235 113.128860 -9.061226
v 0.000595 30.728262 3.134975
v 0.000596 38.388027 -6.566864
v 0.000597 34.762043 -10.322311
v 0.000597 34.762043 -10.322311
v 0.000596 38.388027 -6.566864
v 0.000595 30.728262 3.134975
v 0.000596 38.388027 -6.566864
v 0.000595 30.728262 3.134975
v 0.000603 34.082970 4.246674
v 0.000595 30.728262 3.134975
v 0.000596 38.388027 -6.566864
v 0.000603 34.082970 4.246674
v 0.000603 34.082970 4.246674
v 0.000595 48.096729 3.487259
v 0.000596 38.388027 -6.566864
v 0.000596 38.388027 -6.566864
v 0.000595 48.096729 3.487259
v 0.000596 64.235352 -5.414963
v 0.000595 48.096729 3.487259
v 0.000596 38.388027 -6.566864
v 0.000596 64.235352 -5.414963
v 0.000611 102.348206 1.995464
v 0.000604 94.419510 -4.182934
v 0.000595 66.159515 4.930637
v 0.000595 66.159515 4.930637
v 0.000604 94.419510 -4.182934
v 0.000611 102.348206 1.995464
v 0.000604 94.419510 -4.182934
v 0.000611 102.348206 1.995464
v 0.000604 101.296310 -4.102131
v 0.000611 102.348206 1.995464
v 0.000611 107.821899 -3.569855
v 0.000604 101.296310 -4.102131
v 0.000604 101.296310 -4.102131
v 0.000611 107.821899 -3.569855
v 0.000611 104.471344 -5.555405
v 0.000611 107.821899 -3.569855
v 0.000604 101.296310 -4.102131
v 0.000611 104.471344 -5.555405
v 0.000604 69.678528 -4.182934
v 0.000603 66.574966 1.849842
v 0.000604 94.419510 -4.182934
v 0.000604 94.419510 -4.182934
v 0.000603 66.574966 1.849842
v 0.000604 69.678528 -4.182934
v 0.000603 66.574966 1.849842
v 0.000604 69.678528 -4.182934
v 0.000604 67.091232 -5.452354
v 0.000604 69.678528 -4.182934
v 0.000603 66.574966 1.849842
v 0.000604 67.091232 -5.452354
v 0.000604 67.091232 -5.452354
v 0.000603 66.574966 1.849842
v 0.000603 50.548946 3.675632
v 0.000603 66.574966 1.849842
v 0.000604 67.091232 -5.452354
v 0.000603 50.548946 3.675632
v 0.000604 94.419510 -4.182934
v 0.000604 101.296310 -4.102131
v 0.000611 102.348206 1.995464
v 0.000611 102.348206 1.995464
v 0.000604 101.296310 -4.102131
v 0.000611 102.348206 1.995464
v 0.000604 101.296310 -4.102131
v 0.000611 107.821899 -3.569855
v 0.000611 102.348206 1.995464
v 0.000611 102.348206 1.995464
v 0.000603 117.208145 -0.400375
v 0.000611 107.821899 -3.569855
v 0.000611 107.821899 -3.569855
v 0.000611 126.232620 -3.533581
v 0.000603 117.208145 -0.400375
v 0.000603 117.208145 -0.400375
v 0.000611 126.232620 -3.533581
v 0.000611 107.821899 -3.569855
v 0.000602 40.377216 13.174255
v -2.869141 32.687775 9.370228
v -1.828324 29.131550 12.771389
v -2.869141 32.687775 9.370228
v 0.000595 25.584265 7.722401
v -1.828324 29.131550 12.771389
v -1.828324 29.131550 12.771389
v 0.000595 25.584265 7.722401
v 0.000595 25.181223 10.772263
v 0.000595 25.584265 7.722401
v 1.829513 29.131552 12.771389
v 0.000595 25.181223 10.772263
v 0.000602 40.377216 13.174255
v -1.828324 29.131550 12.771389
v -2.869141 32.687775 9.370228
v -2.869141 32.687775 9.370228
v -1.828324 29.131550 12.771389
v 0.000595 25.584265 7.722401
v -1.828324 29.131550 12.771389
v 0.000595 25.181223 10.772263
v 0.000595 25.584265 7.722401
v 0.000595 25.584265 7.722401
v 0.000595 25.181223 10.772263
v 1.829513 29.131552 12.771389
v -1.828324 29.131550 12.771389
v 0.000602 40.377216 13.174255
v 0.000594 32.415421 14.199173
v 0.000594 32.415421 14.199173
v 0.000602 40.377216 13.174255
v 1.829513 29.131552 12.771389
v 0.000602 40.377216 13.174255
v 2.870338 32.687775 9.370224
v 1.829513 29.131552 12.771389
v 1.829513 29.131552 12.771389
v 2.870338 32.687775 9.370224
v 0.000595 25.584265 7.722401
v -1.828324 29.131550 12.771389
v 0.000594 32.415421 14.199173
v 0.000602 40.377216 13.174255
v 0.000594 32.415421 14.199173
v 1.829513 29.131552 12.771389
v 0.000602 40.377216 13.174255
v 0.000602 40.377216 13.174255
v 1.829513 29.131552 12.771389
v 2.870338 32.687775 9.370224
v 1.829513 29.131552 12.771389
v 0.000595 25.584265 7.722401
v 2.870338 32.687775 9.370224
v -0.418105 105.793777 -9.042526
v -0.780165 101.170868 -6.122391
v -0.258544 104.622406 -7.724998
v -0.258544 104.622406 -7.724998
v -0.780165 101.170868 -6.122391
v -0.418105 105.793777 -9.042526
v -0.780165 101.170868 -6.122391
v -1.116514 98.713898 -12.598709
v -0.418105 105.793777 -9.042526
v -0.418105 105.793777 -9.042526
v -1.116514 98.713898 -12.598709
v -1.720457 99.691162 -17.194168
v -0.415877 112.601486 -11.492874
v -0.418105 105.793777 -9.042526
v -0.415876 108.008331 -16.171524
v -0.415876 108.008331 -16.171524
v -0.418105 105.793777 -9.042526
v -0.958853 105.712418 -17.931297
v -0.418105 105.793777 -9.042526
v -1.720457 99.691162 -17.194168
v -0.958853 105.712418 -17.931297
v -0.958853 105.712418 -17.931297
v -1.720457 99.691162 -17.194168
v -2.320959 102.265015 -21.225578
v 0.419336 105.793777 -9.042519
v 0.781366 101.170868 -6.122383
v 0.259759 104.622406 -7.724991
v 0.259759 104.622406 -7.724991
v 0.781366 101.170868 -6.122383
v 0.419336 105.793777 -9.042519
v 0.781366 101.170868 -6.122383
v 0.419336 105.793777 -9.042519
v 1.117716 98.713898 -12.598701
v 0.419336 105.793777 -9.042519
v 1.721659 99.691162 -17.194160
v 1.117716 98.713898 -12.598701
v 0.000605 87.959564 -13.525383
v 0.000605 94.419510 -15.160042
v 0.000612 90.646515 -17.405106
v 0.000605 94.419510 -15.160042
v 0.000605 87.959564 -13.525383
v 0.000612 90.646515 -17.405106
v 0.000612 90.646515 -17.405106
v 0.000605 87.959564 -13.525383
v 0.000605 85.017914 -16.150780
v 0.000605 87.959564 -13.525383
v 0.000612 90.646515 -17.405106
v 0.000605 85.017914 -16.150780
v 0.835480 -7.629950 0.023350
v 0.000596 -12.587578 1.630001
v 0.000596 -14.578442 0.023350
v 0.000596 -12.587578 1.630001
v -0.834297 -7.629949 0.023350
v 0.000596 -14.578442 0.023350
v -0.834297 -7.629949 0.023350
v 0.000596 -12.587576 -1.583301
v 0.000596 -14.578442 0.023350
v 0.000596 -14.578442 0.023350
v 0.000596 -12.587576 -1.583301
v 0.835480 -7.629950 0.023350
v 0.000596 -12.587578 1.630001
v 0.000596 -14.578442 0.023350
v 0.000595 -14.597433 4.782990
v 0.000595 -14.597433 4.782990
v 0.000596 -14.578442 0.023350
v 0.000596 -12.587578 1.630001
v 0.000596 -14.597435 -4.736290
v 0.000596 -17.053947 -1.583305
v 0.000596 -14.578442 0.023350
v 0.000596 -14.578442 0.023350
v 0.000596 -17.053947 -1.583305
v 0.000596 -14.597435 -4.736290
v 0.000596 -12.587576 -1.583301
v 0.000596 -14.597435 -4.736290
v 0.000596 -14.578442 0.023350
v 0.000596 -14.578442 0.023350
v 0.000596 -14.597435 -4.736290
v 0.000596 -12.587576 -1.583301
v 0.000595 -14.597433 4.782990
v 0.000596 -17.053946 1.629997
v 0.000596 -14.578442 0.023350
v 0.000596 -14.578442 0.023350
v 0.000596 -17.053946 1.629997
v 0.000595 -14.597433 4.782990
v -0.476027 113.128860 -9.061234
v -0.418105 105.793777 -9.042526
v -0.415877 112.601486 -11.492874
v 0.417078 108.008331 -16.171516
v 0.419336 105.793777 -9.042519
v 0.960078 105.712418 -17.931290
v 0.000603 117.208145 -0.400375
v 0.000611 102.348206 1.995464
v 0.000611 107.821899 -3.569855
v 0.000606 80.262222 -28.807785
v 0.000606 80.678955 -26.223450
v 0.000606 83.818222 -27.739922
v 0.000606 82.422318 -34.125992
v 0.000606 82.826492 -31.014481
v 0.000614 85.710037 -31.874329
v 0.000596 38.388027 -6.566864
v 0.000595 48.096729 3.487259
v 0.000603 34.082970 4.246674
v 0.000612 105.452637 -9.527405
v 0.000605 94.419510 -15.160042
v 0.000613 102.252380 -21.873230
v 0.000605 94.419510 -15.160042
v 0.000612 105.452637 -9.527405
v 0.000604 94.419510 -4.182934
v 0.000604 94.419510 -4.182934
v 0.000612 105.452637 -9.527405
v 0.000604 101.296310 -4.102131
v 0.000588 -22.034367 0.023346
v 0.000596 -17.053946 1.629997
v 0.000596 -14.578442 0.023350
v 0.000588 -22.034367 0.023346
v 0.000596 -14.578442 0.023350
v 0.000596 -17.053947 -1.583305
v 2.322176 102.265015 -21.225571
v 0.960078 105.712418 -17.931290
v 1.721659 99.691162 -17.194160
v 0.960078 105.712418 -17.931290
v 0.419336 105.793777 -9.042519
v 1.721659 99.691162 -17.194160
v 1.721659 99.691162 -17.194160
v 0.419336 105.793777 -9.042519
v 1.117716 98.713898 -12.598701
v 0.419336 105.793777 -9.042519
v 0.781366 101.170868 -6.122383
v 1.117716 98.713898 -12.598701
v 0.000605 94.419510 -15.160042
v 0.000604 94.419510 -4.182934
v 0.000612 105.452637 -9.527405
v 0.000612 105.452637 -9.527405
v 0.000604 94.419510 -4.182934
v 0.000604 101.296310 -4.102131
v 0.000612 105.452637 -9.527405
v 0.000613 102.252380 -21.873230
v 0.000605 94.419510 -15.160042
v -0.780165 101.170868 -6.122391
v -0.418105 105.793777 -9.042526
v -1.116514 98.713898 -12.598709
v -1.116514 98.713898 -12.598709
v -0.418105 105.793777 -9.042526
v -1.720457 99.691162 -17.194168
v -0.418105 105.793777 -9.042526
v -0.958853 105.712418 -17.931297
v -1.720457 99.691162 -17.194168
v -1.720457 99.691162 -17.194168
v -0.958853 105.712418 -17.931297
v -2.320959 102.265015 -21.225578
v -0.958853 105.712418 -17.931297
v -0.418105 105.793777 -9.042526
v -0.415876 108.008331 -16.171524
v -0.415876 108.008331 -16.171524
v -0.418105 105.793777 -9.042526
v -0.415877 112.601486 -11.492874
v -0.418105 105.793777 -9.042526
v -0.476027 113.128860 -9.061234
v -0.415877 112.601486 -11.492874
v 0.000596 -17.053947 -1.583305
v 0.000596 -14.578442 0.023350
v 0.000588 -22.034367 0.023346
v 0.000588 -22.034367 0.023346
v 0.000596 -14.578442 0.023350
v 0.000596 -17.053946 1.629997
vt 0.823486 0.364990
vt 0.784180 0.331787
vt 0.803955 0.496582
vt 0.784180 0.331787
vt 0.785400 0.433349
vt 0.803955 0.496582
vt 0.803955 0.496582
vt 0.785400 0.433349
vt 0.791992 0.539062
vt 0.785400 0.433349
vt 0.774170 0.514404
vt 0.791992 0.539062
vt 0.791992 0.539062
vt 0.774170 0.514404
vt 0.803955 0.496582
vt 0.774170 0.514404
vt 0.785400 0.433349
vt 0.803955 0.496582
vt 0.803955 0.496582
vt 0.785400 0.433349
vt 0.823486 0.364990
vt 0.785400 0.433349
vt 0.784180 0.331787
vt 0.823486 0.364990
vt 0.823486 0.364990
vt 0.784180 0.331787
vt 0.792725 0.240234
vt 0.784180 0.331787
vt 0.823486 0.364990
vt 0.792725 0.240234
vt 0.792725 0.240234
vt 0.823486 0.364990
vt 0.837402 0.211181
vt 0.823486 0.364990
vt 0.852539 0.329589
vt 0.837402 0.211181
vt 0.837402 0.211181
vt 0.852539 0.329589
vt 0.867188 0.287597
vt 0.852539 0.329589
vt 0.837402 0.211181
vt 0.867188 0.287597
vt 0.867188 0.287597
vt 0.837402 0.211181
vt 0.867920 0.262207
vt 0.837402 0.211181
vt 0.870117 0.138671
vt 0.867920 0.262207
vt 0.867920 0.262207
vt 0.870117 0.138671
vt 0.879883 0.247558
vt 0.870117 0.138671
vt 0.880859 0.206298
vt 0.879883 0.247558
vt 0.879883 0.247558
vt 0.880859 0.206298
vt 0.870117 0.138671
vt 0.880859 0.206298
vt 0.944580 0.174560
vt 0.870117 0.138671
vt 0.870117 0.138671
vt 0.944580 0.174560
vt 0.933105 0.106933
vt 0.944580 0.174560
vt 0.870117 0.138671
vt 0.933105 0.106933
vt 0.933105 0.106933
vt 0.870117 0.138671
vt 0.907471 0.091064
vt 0.870117 0.138671
vt 0.899414 0.024414
vt 0.907471 0.091064
vt 0.907471 0.091064
vt 0.899414 0.024414
vt 0.870117 0.138671
vt 0.899414 0.024414
vt 0.860596 0.067138
vt 0.870117 0.138671
vt 0.870117 0.138671
vt 0.860596 0.067138
vt 0.837402 0.211181
vt 0.860596 0.067138
vt 0.819092 0.155517
vt 0.837402 0.211181
vt 0.837402 0.211181
vt 0.819092 0.155517
vt 0.792725 0.240234
vt 0.819092 0.155517
vt 0.837402 0.211181
vt 0.792725 0.240234
vt 0.792725 0.240234
vt 0.837402 0.211181
vt 0.823486 0.364990
vt 0.837402 0.211181
vt 0.852539 0.329589
vt 0.823486 0.364990
vt 0.663818 0.320800
vt 0.585938 0.363281
vt 0.637207 0.410644
vt 0.637207 0.410644
vt 0.585938 0.363281
vt 0.601563 0.420898
vt 0.585938 0.363281
vt 0.637207 0.410644
vt 0.601563 0.420898
vt 0.601563 0.420898
vt 0.637207 0.410644
vt 0.602295 0.503662
vt 0.637207 0.410644
vt 0.645752 0.503662
vt 0.602295 0.503662
vt 0.602295 0.503662
vt 0.645752 0.503662
vt 0.614258 0.609863
vt 0.645752 0.503662
vt 0.648926 0.552002
vt 0.614258 0.609863
vt 0.614258 0.609863
vt 0.648926 0.552002
vt 0.657227 0.657226
vt 0.648926 0.552002
vt 0.699219 0.503662
vt 0.657227 0.657226
vt 0.657227 0.657226
vt 0.699219 0.503662
vt 0.648926 0.552002
vt 0.699219 0.503662
vt 0.645752 0.503662
vt 0.648926 0.552002
vt 0.648926 0.552002
vt 0.645752 0.503662
vt 0.614258 0.609863
vt 0.645752 0.503662
vt 0.602295 0.503662
vt 0.614258 0.609863
vt 0.614258 0.609863
vt 0.602295 0.503662
vt 0.587646 0.567138
vt 0.602295 0.503662
vt 0.614258 0.609863
vt 0.587646 0.567138
vt 0.587646 0.567138
vt 0.614258 0.609863
vt 0.561279 0.635009
vt 0.614258 0.609863
vt 0.603271 0.710693
vt 0.561279 0.635009
vt 0.561279 0.635009
vt 0.603271 0.710693
vt 0.603271 0.849121
vt 0.603271 0.710693
vt 0.649902 0.730468
vt 0.603271 0.849121
vt 0.603271 0.849121
vt 0.649902 0.730468
vt 0.649902 0.994140
vt 0.649902 0.730468
vt 0.603271 0.849121
vt 0.649902 0.994140
vt 0.371338 0.876953
vt 0.400391 0.854492
vt 0.417236 0.801269
vt 0.400391 0.854492
vt 0.428955 0.829101
vt 0.417236 0.801269
vt 0.417236 0.801269
vt 0.428955 0.829101
vt 0.488525 0.803466
vt 0.428955 0.829101
vt 0.489258 0.833740
vt 0.488525 0.803466
vt 0.488525 0.803466
vt 0.489258 0.833740
vt 0.508789 0.836670
vt 0.489258 0.833740
vt 0.488525 0.803466
vt 0.508789 0.836670
vt 0.508789 0.836670
vt 0.488525 0.803466
vt 0.499756 0.744384
vt 0.488525 0.803466
vt 0.484375 0.742920
vt 0.499756 0.744384
vt 0.499756 0.744384
vt 0.484375 0.742920
vt 0.388672 0.539062
vt 0.484375 0.742920
vt 0.471436 0.747070
vt 0.388672 0.539062
vt 0.388672 0.539062
vt 0.471436 0.747070
vt 0.410889 0.777099
vt 0.471436 0.747070
vt 0.474121 0.780761
vt 0.410889 0.777099
vt 0.410889 0.777099
vt 0.474121 0.780761
vt 0.417236 0.801269
vt 0.474121 0.780761
vt 0.488525 0.803466
vt 0.417236 0.801269
vt 0.417236 0.801269
vt 0.488525 0.803466
vt 0.428955 0.829101
vt 0.488525 0.803466
vt 0.489258 0.833740
vt 0.428955 0.829101
vt 0.471680 0.394775
vt 0.506592 0.304443
vt 0.506592 0.369629
vt 0.506592 0.369629
vt 0.506592 0.304443
vt 0.536621 0.324462
vt 0.506592 0.304443
vt 0.506592 0.304443
vt 0.536621 0.324462
vt 0.536621 0.324462
vt 0.506592 0.304443
vt 0.536621 0.324462
vt 0.506592 0.304443
vt 0.559570 0.271972
vt 0.536621 0.324462
vt 0.536621 0.324462
vt 0.559570 0.271972
vt 0.506592 0.304443
vt 0.559570 0.271972
vt 0.558594 0.246582
vt 0.506592 0.304443
vt 0.506592 0.304443
vt 0.558594 0.246582
vt 0.487305 0.240966
vt 0.558594 0.246582
vt 0.579102 0.219970
vt 0.487305 0.240966
vt 0.487305 0.240966
vt 0.579102 0.219970
vt 0.552490 0.086914
vt 0.579102 0.219970
vt 0.631592 0.205566
vt 0.552490 0.086914
vt 0.552490 0.086914
vt 0.631592 0.205566
vt 0.657715 0.086914
vt 0.631592 0.205566
vt 0.657715 0.199707
vt 0.657715 0.086914
vt 0.657715 0.086914
vt 0.657715 0.199707
vt 0.720459 0.086914
vt 0.657715 0.199707
vt 0.704346 0.187988
vt 0.720459 0.086914
vt 0.720459 0.086914
vt 0.704346 0.187988
vt 0.758301 0.175293
vt 0.704346 0.187988
vt 0.720459 0.086914
vt 0.758301 0.175293
vt 0.758301 0.175293
vt 0.720459 0.086914
vt 0.787109 0.086914
vt 0.515137 0.013183
vt 0.456299 0.066406
vt 0.466309 0.091796
vt 0.466309 0.091796
vt 0.456299 0.066406
vt 0.389648 0.114746
vt 0.456299 0.066406
vt 0.466309 0.091796
vt 0.389648 0.114746
vt 0.389648 0.114746
vt 0.466309 0.091796
vt 0.380371 0.168212
vt 0.466309 0.091796
vt 0.384033 0.226074
vt 0.380371 0.168212
vt 0.380371 0.168212
vt 0.384033 0.226074
vt 0.466309 0.091796
vt 0.384033 0.226074
vt 0.475586 0.100830
vt 0.466309 0.091796
vt 0.466309 0.091796
vt 0.475586 0.100830
vt 0.515137 0.013183
vt 0.475586 0.100830
vt 0.466309 0.091796
vt 0.515137 0.013183
vt 0.515137 0.013183
vt 0.466309 0.091796
vt 0.456299 0.066406
vt 0.685547 0.274170
vt 0.711914 0.252197
vt 0.712158 0.215576
vt 0.711914 0.252197
vt 0.738525 0.274170
vt 0.712158 0.215576
vt 0.712158 0.215576
vt 0.738525 0.274170
vt 0.756104 0.237548
vt 0.738525 0.274170
vt 0.749268 0.327148
vt 0.756104 0.237548
vt 0.756104 0.237548
vt 0.749268 0.327148
vt 0.775391 0.311767
vt 0.749268 0.327148
vt 0.743652 0.383300
vt 0.775391 0.311767
vt 0.775391 0.311767
vt 0.743652 0.383300
vt 0.775391 0.409668
vt 0.743652 0.383300
vt 0.728516 0.431884
vt 0.775391 0.409668
vt 0.775391 0.409668
vt 0.728516 0.431884
vt 0.755371 0.472656
vt 0.728516 0.431884
vt 0.716553 0.472656
vt 0.755371 0.472656
vt 0.685547 0.274170
vt 0.712158 0.215576
vt 0.711914 0.252197
vt 0.711914 0.252197
vt 0.712158 0.215576
vt 0.738525 0.274170
vt 0.712158 0.215576
vt 0.756104 0.237548
vt 0.738525 0.274170
vt 0.738525 0.274170
vt 0.756104 0.237548
vt 0.749268 0.327148
vt 0.756104 0.237548
vt 0.775391 0.311767
vt 0.749268 0.327148
vt 0.749268 0.327148
vt 0.775391 0.311767
vt 0.743652 0.383300
vt 0.775391 0.311767
vt 0.775391 0.409668
vt 0.743652 0.383300
vt 0.743652 0.383300
vt 0.775391 0.409668
vt 0.728516 0.431884
vt 0.775391 0.409668
vt 0.755371 0.472656
vt 0.728516 0.431884
vt 0.728516 0.431884
vt 0.755371 0.472656
vt 0.716553 0.472656
vt 0.268555 0.610107
vt 0.388672 0.539062
vt 0.307861 0.663574
vt 0.307861 0.663574
vt 0.388672 0.539062
vt 0.268555 0.610107
vt 0.388672 0.539062
vt 0.268555 0.610107
vt 0.257813 0.554931
vt 0.268555 0.610107
vt 0.388672 0.539062
vt 0.257813 0.554931
vt 0.257813 0.554931
vt 0.258301 0.492920
vt 0.388672 0.539062
vt 0.388672 0.539062
vt 0.258301 0.492920
vt 0.263916 0.436279
vt 0.258301 0.492920
vt 0.388672 0.539062
vt 0.263916 0.436279
vt 0.263916 0.436279
vt 0.276611 0.386474
vt 0.388672 0.539062
vt 0.388672 0.539062
vt 0.276611 0.386474
vt 0.263916 0.436279
vt 0.913818 0.536865
vt 0.885742 0.543945
vt 0.903809 0.620849
vt 0.903809 0.620849
vt 0.885742 0.543945
vt 0.860352 0.565673
vt 0.885742 0.543945
vt 0.823486 0.364990
vt 0.860352 0.565673
vt 0.860352 0.565673
vt 0.823486 0.364990
vt 0.829834 0.510986
vt 0.823486 0.364990
vt 0.803955 0.496582
vt 0.829834 0.510986
vt 0.829834 0.510986
vt 0.803955 0.496582
vt 0.835449 0.594726
vt 0.803955 0.496582
vt 0.813232 0.604492
vt 0.835449 0.594726
vt 0.835449 0.594726
vt 0.813232 0.604492
vt 0.829834 0.510986
vt 0.813232 0.604492
vt 0.823486 0.364990
vt 0.829834 0.510986
vt 0.506592 0.369629
vt 0.536621 0.324462
vt 0.536621 0.386962
vt 0.536621 0.386962
vt 0.536621 0.324462
vt 0.506592 0.369629
vt 0.536621 0.324462
vt 0.506592 0.304443
vt 0.506592 0.369629
vt 0.506592 0.369629
vt 0.506592 0.304443
vt 0.506592 0.369629
vt 0.506592 0.304443
vt 0.506592 0.304443
vt 0.506592 0.369629
vt 0.506592 0.369629
vt 0.506592 0.304443
vt 0.471680 0.394775
vt 0.506592 0.304443
vt 0.483887 0.314941
vt 0.471680 0.394775
vt 0.471680 0.394775
vt 0.483887 0.314941
vt 0.506592 0.304443
vt 0.483887 0.314941
vt 0.487305 0.240966
vt 0.506592 0.304443
vt 0.506592 0.304443
vt 0.487305 0.240966
vt 0.558594 0.246582
vt 0.487305 0.240966
vt 0.579102 0.219970
vt 0.558594 0.246582
vt 0.531250 0.038574
vt 0.548340 0.008789
vt 0.548340 0.071289
vt 0.548340 0.008789
vt 0.562988 0.008789
vt 0.548340 0.071289
vt 0.548340 0.071289
vt 0.562988 0.008789
vt 0.562988 0.071289
vt 0.562988 0.008789
vt 0.585693 0.008789
vt 0.562988 0.071289
vt 0.562988 0.071289
vt 0.585693 0.008789
vt 0.585693 0.071289
vt 0.585693 0.008789
vt 0.628662 0.008789
vt 0.585693 0.071289
vt 0.585693 0.071289
vt 0.628662 0.008789
vt 0.628662 0.071289
vt 0.628662 0.008789
vt 0.689209 0.071289
vt 0.628662 0.071289
vt 0.508789 0.836670
vt 0.499756 0.744384
vt 0.488525 0.803466
vt 0.488525 0.803466
vt 0.499756 0.744384
vt 0.484375 0.742920
vt 0.499756 0.744384
vt 0.388672 0.539062
vt 0.484375 0.742920
vt 0.484375 0.742920
vt 0.388672 0.539062
vt 0.471436 0.747070
vt 0.388672 0.539062
vt 0.410889 0.777099
vt 0.471436 0.747070
vt 0.471436 0.747070
vt 0.410889 0.777099
vt 0.474121 0.780761
vt 0.410889 0.777099
vt 0.417236 0.801269
vt 0.474121 0.780761
vt 0.474121 0.780761
vt 0.417236 0.801269
vt 0.488525 0.803466
vt 0.885498 0.447021
vt 0.897949 0.447021
vt 0.884277 0.438720
vt 0.897949 0.447021
vt 0.925293 0.438476
vt 0.884277 0.438720
vt 0.884277 0.438720
vt 0.925293 0.438476
vt 0.917480 0.413330
vt 0.925293 0.438476
vt 0.941650 0.356689
vt 0.917480 0.413330
vt 0.917480 0.413330
vt 0.941650 0.356689
vt 0.908691 0.383056
vt 0.941650 0.356689
vt 0.943115 0.228271
vt 0.908691 0.383056
vt 0.908691 0.383056
vt 0.943115 0.228271
vt 0.919678 0.201904
vt 0.790771 0.994384
vt 0.821533 0.963867
vt 0.787109 0.969238
vt 0.821533 0.963867
vt 0.815186 0.906738
vt 0.787109 0.969238
vt 0.787109 0.969238
vt 0.815186 0.906738
vt 0.771729 0.939209
vt 0.815186 0.906738
vt 0.767090 0.883300
vt 0.771729 0.939209
vt 0.771729 0.939209
vt 0.767090 0.883300
vt 0.756104 0.936523
vt 0.767090 0.883300
vt 0.726074 0.968017
vt 0.756104 0.936523
vt 0.756104 0.936523
vt 0.726074 0.968017
vt 0.767090 0.883300
vt 0.552490 0.086914
vt 0.487305 0.240966
vt 0.482178 0.134765
vt 0.482178 0.134765
vt 0.487305 0.240966
vt 0.457764 0.198242
vt 0.487305 0.240966
vt 0.463135 0.261962
vt 0.457764 0.198242
vt 0.457764 0.198242
vt 0.463135 0.261962
vt 0.435547 0.226074
vt 0.463135 0.261962
vt 0.427490 0.269287
vt 0.435547 0.226074
vt 0.435547 0.226074
vt 0.427490 0.269287
vt 0.394287 0.256836
vt 0.427490 0.269287
vt 0.435547 0.226074
vt 0.394287 0.256836
vt 0.817627 0.144043
vt 0.840332 0.026855
vt 0.819580 0.061523
vt 0.840332 0.026855
vt 0.817627 0.144043
vt 0.819580 0.061523
vt 0.819580 0.061523
vt 0.817627 0.144043
vt 0.787109 0.086914
vt 0.817627 0.144043
vt 0.778076 0.168701
vt 0.787109 0.086914
vt 0.787109 0.086914
vt 0.778076 0.168701
vt 0.758301 0.175293
vt 0.778076 0.168701
vt 0.787109 0.086914
vt 0.758301 0.175293
vt 0.758301 0.175293
vt 0.787109 0.086914
vt 0.720459 0.086914
vt 0.721924 0.575927
vt 0.734863 0.494384
vt 0.735840 0.601806
vt 0.734863 0.494384
vt 0.721924 0.575927
vt 0.735840 0.601806
vt 0.735840 0.601806
vt 0.712891 0.870361
vt 0.721924 0.575927
vt 0.721924 0.575927
vt 0.712891 0.870361
vt 0.693115 0.794677
vt 0.712891 0.870361
vt 0.675537 0.966308
vt 0.693115 0.794677
vt 0.693115 0.794677
vt 0.675537 0.966308
vt 0.657715 0.794677
vt 0.284180 0.096923
vt 0.332031 0.015625
vt 0.252441 0.031494
vt 0.252441 0.031494
vt 0.332031 0.015625
vt 0.284180 0.096923
vt 0.332031 0.015625
vt 0.431885 0.039306
vt 0.284180 0.096923
vt 0.284180 0.096923
vt 0.431885 0.039306
vt 0.361572 0.097412
vt 0.431885 0.039306
vt 0.284180 0.096923
vt 0.361572 0.097412
vt 0.361572 0.097412
vt 0.284180 0.096923
vt 0.361572 0.097412
vt 0.284180 0.096923
vt 0.284180 0.096923
vt 0.361572 0.097412
vt 0.361572 0.097412
vt 0.284180 0.096923
vt 0.325439 0.166504
vt 0.487305 0.240966
vt 0.552490 0.086914
vt 0.579102 0.219970
vt 0.579102 0.219970
vt 0.552490 0.086914
vt 0.631592 0.205566
vt 0.552490 0.086914
vt 0.657715 0.086914
vt 0.631592 0.205566
vt 0.631592 0.205566
vt 0.657715 0.086914
vt 0.657715 0.199707
vt 0.657715 0.086914
vt 0.720459 0.086914
vt 0.657715 0.199707
vt 0.657715 0.199707
vt 0.720459 0.086914
vt 0.704346 0.187988
vt 0.804932 0.037841
vt 0.788086 0.071289
vt 0.788086 0.008789
vt 0.788086 0.008789
vt 0.788086 0.071289
vt 0.733398 0.008789
vt 0.788086 0.071289
vt 0.733398 0.071289
vt 0.733398 0.008789
vt 0.733398 0.008789
vt 0.733398 0.071289
vt 0.689209 0.008789
vt 0.733398 0.071289
vt 0.689209 0.071289
vt 0.689209 0.008789
vt 0.689209 0.008789
vt 0.689209 0.071289
vt 0.628662 0.008789
vt 0.982422 0.993652
vt 0.994385 0.867431
vt 0.970215 0.867431
vt 0.994385 0.867431
vt 0.994385 0.744629
vt 0.970215 0.867431
vt 0.970215 0.867431
vt 0.994385 0.744629
vt 0.970215 0.744629
vt 0.994385 0.744629
vt 0.994385 0.450927
vt 0.970215 0.744629
vt 0.970215 0.744629
vt 0.994385 0.450927
vt 0.970215 0.450927
vt 0.968018 0.993652
vt 0.968994 0.867431
vt 0.955566 0.867431
vt 0.968994 0.867431
vt 0.970215 0.744629
vt 0.955566 0.867431
vt 0.955566 0.867431
vt 0.970215 0.744629
vt 0.951416 0.744629
vt 0.970215 0.744629
vt 0.970215 0.450927
vt 0.951416 0.744629
vt 0.951416 0.744629
vt 0.970215 0.450927
vt 0.951660 0.316406
vt 0.951660 0.316406
vt 0.970215 0.450927
vt 0.951416 0.744629
vt 0.970215 0.450927
vt 0.970215 0.744629
vt 0.951416 0.744629
vt 0.951416 0.744629
vt 0.970215 0.744629
vt 0.955566 0.867431
vt 0.970215 0.744629
vt 0.968994 0.867431
vt 0.955566 0.867431
vt 0.955566 0.867431
vt 0.968994 0.867431
vt 0.968018 0.993652
vt 0.717041 0.980957
vt 0.699707 0.994140
vt 0.712891 0.870361
vt 0.712891 0.870361
vt 0.699707 0.994140
vt 0.675537 0.966308
vt 0.699707 0.994140
vt 0.712891 0.870361
vt 0.675537 0.966308
vt 0.675537 0.966308
vt 0.712891 0.870361
vt 0.693115 0.794677
vt 0.712891 0.870361
vt 0.721924 0.575927
vt 0.693115 0.794677
vt 0.956299 0.972656
vt 0.923096 0.993652
vt 0.909668 0.868896
vt 0.923096 0.993652
vt 0.770752 0.620849
vt 0.909668 0.868896
vt 0.909668 0.868896
vt 0.770752 0.620849
vt 0.923096 0.993652
vt 0.770752 0.620849
vt 0.791504 0.712402
vt 0.923096 0.993652
vt 0.923096 0.993652
vt 0.791504 0.712402
vt 0.747559 0.664306
vt 0.790771 0.994384
vt 0.787109 0.969238
vt 0.821533 0.963867
vt 0.821533 0.963867
vt 0.787109 0.969238
vt 0.815186 0.906738
vt 0.787109 0.969238
vt 0.771729 0.939209
vt 0.815186 0.906738
vt 0.815186 0.906738
vt 0.771729 0.939209
vt 0.767090 0.883300
vt 0.771729 0.939209
vt 0.756104 0.936523
vt 0.767090 0.883300
vt 0.483887 0.314941
vt 0.477783 0.272705
vt 0.487305 0.240966
vt 0.487305 0.240966
vt 0.477783 0.272705
vt 0.463135 0.261962
vt 0.477783 0.272705
vt 0.487305 0.240966
vt 0.463135 0.261962
vt 0.463135 0.261962
vt 0.487305 0.240966
vt 0.457764 0.198242
vt 0.487305 0.240966
vt 0.482178 0.134765
vt 0.457764 0.198242
vt 0.587646 0.567138
vt 0.561279 0.635009
vt 0.614258 0.609863
vt 0.561279 0.635009
vt 0.603271 0.710693
vt 0.614258 0.609863
vt 0.614258 0.609863
vt 0.603271 0.710693
vt 0.657227 0.657226
vt 0.603271 0.710693
vt 0.649902 0.730468
vt 0.657227 0.657226
vt 0.657227 0.657226
vt 0.649902 0.730468
vt 0.603271 0.710693
vt 0.770752 0.620849
vt 0.923096 0.993652
vt 0.791504 0.712402
vt 0.791504 0.712402
vt 0.923096 0.993652
vt 0.747559 0.664306
vt 0.923096 0.993652
vt 0.923096 0.993652
vt 0.747559 0.664306
vt 0.747559 0.664306
vt 0.923096 0.993652
vt 0.747559 0.664306
vt 0.923096 0.993652
vt 0.870117 0.993652
vt 0.747559 0.664306
vt 0.747559 0.664306
vt 0.870117 0.993652
vt 0.923096 0.993652
vt 0.712158 0.215576
vt 0.756104 0.237548
vt 0.761719 0.197998
vt 0.756104 0.237548
vt 0.775391 0.222412
vt 0.761719 0.197998
vt 0.761719 0.197998
vt 0.775391 0.222412
vt 0.756104 0.237548
vt 0.775391 0.222412
vt 0.775391 0.311767
vt 0.756104 0.237548
vt 0.501953 0.489746
vt 0.515625 0.554199
vt 0.515625 0.424560
vt 0.515625 0.424560
vt 0.515625 0.554199
vt 0.548096 0.397705
vt 0.515625 0.554199
vt 0.548096 0.581054
vt 0.548096 0.397705
vt 0.548096 0.397705
vt 0.548096 0.581054
vt 0.580566 0.554199
vt 0.637207 0.410644
vt 0.585938 0.363281
vt 0.663818 0.320800
vt 0.585938 0.363281
vt 0.665771 0.254394
vt 0.663818 0.320800
vt 0.663818 0.320800
vt 0.665771 0.254394
vt 0.685547 0.274170
vt 0.665771 0.254394
vt 0.712158 0.215576
vt 0.685547 0.274170
vt 0.813232 0.604492
vt 0.834717 0.663086
vt 0.835449 0.594726
vt 0.835449 0.594726
vt 0.834717 0.663086
vt 0.813232 0.604492
vt 0.834717 0.663086
vt 0.813232 0.604492
vt 0.820313 0.698974
vt 0.813232 0.604492
vt 0.834717 0.663086
vt 0.820313 0.698974
vt 0.501953 0.489746
vt 0.515625 0.424560
vt 0.515625 0.554199
vt 0.515625 0.424560
vt 0.548096 0.397705
vt 0.515625 0.554199
vt 0.515625 0.554199
vt 0.548096 0.397705
vt 0.548096 0.581054
vt 0.548096 0.397705
vt 0.580566 0.554199
vt 0.548096 0.581054
vt 0.778320 0.558593
vt 0.774170 0.514404
vt 0.791992 0.539062
vt 0.791992 0.539062
vt 0.774170 0.514404
vt 0.778320 0.558593
vt 0.774170 0.514404
vt 0.752930 0.560791
vt 0.778320 0.558593
vt 0.778320 0.558593
vt 0.752930 0.560791
vt 0.774170 0.514404
vt 0.966309 0.215820
vt 0.994385 0.079834
vt 0.966309 0.087890
vt 0.994385 0.079834
vt 0.966309 0.013671
vt 0.966309 0.087890
vt 0.966309 0.087890
vt 0.966309 0.013671
vt 0.994385 0.079834
vt 0.410889 0.777099
vt 0.417236 0.801269
vt 0.371338 0.876953
vt 0.371338 0.876953
vt 0.417236 0.801269
vt 0.400391 0.854492
vt 0.417236 0.801269
vt 0.428955 0.829101
vt 0.400391 0.854492
vt 0.956299 0.972656
vt 0.909668 0.868896
vt 0.937012 0.900634
vt 0.937012 0.900634
vt 0.909668 0.868896
vt 0.956299 0.972656
vt 0.909668 0.868896
vt 0.923096 0.993652
vt 0.956299 0.972656
vt 0.712158 0.215576
vt 0.665771 0.254394
vt 0.685547 0.274170
vt 0.685547 0.274170
vt 0.665771 0.254394
vt 0.663818 0.320800
vt 0.665771 0.254394
vt 0.585938 0.363281
vt 0.663818 0.320800
vt 0.565674 0.907470
vt 0.514893 0.860595
vt 0.470703 0.907470
vt 0.470703 0.907470
vt 0.514893 0.860595
vt 0.565674 0.907470
vt 0.514893 0.860595
vt 0.532715 0.808349
vt 0.565674 0.907470
vt 0.917480 0.413330
vt 0.908691 0.383056
vt 0.884277 0.438720
vt 0.884277 0.438720
vt 0.908691 0.383056
vt 0.876709 0.372802
vt 0.908691 0.383056
vt 0.888672 0.359130
vt 0.876709 0.372802
vt 0.915771 0.618408
vt 0.894287 0.680420
vt 0.916016 0.691894
vt 0.894287 0.680420
vt 0.904785 0.745605
vt 0.916016 0.691894
vt 0.916016 0.691894
vt 0.904785 0.745605
vt 0.924316 0.766601
vt 0.861816 0.633545
vt 0.860352 0.565673
vt 0.842285 0.591308
vt 0.860352 0.565673
vt 0.829834 0.510986
vt 0.842285 0.591308
vt 0.842285 0.591308
vt 0.829834 0.510986
vt 0.842285 0.591308
vt 0.829834 0.510986
vt 0.829834 0.510986
vt 0.842285 0.591308
vt 0.842285 0.591308
vt 0.829834 0.510986
vt 0.832031 0.530517
vt 0.823486 0.364990
vt 0.885742 0.543945
vt 0.852539 0.329589
vt 0.852539 0.329589
vt 0.885742 0.543945
vt 0.896240 0.521240
vt 0.885742 0.543945
vt 0.913818 0.536865
vt 0.896240 0.521240
vt 0.935303 0.780273
vt 0.898438 0.798828
vt 0.879639 0.780273
vt 0.879639 0.780273
vt 0.898438 0.798828
vt 0.935303 0.780273
vt 0.898438 0.798828
vt 0.913818 0.834961
vt 0.935303 0.780273
vt 0.867188 0.287597
vt 0.867920 0.262207
vt 0.837402 0.211181
vt 0.837402 0.211181
vt 0.867920 0.262207
vt 0.870117 0.138671
vt 0.867920 0.262207
vt 0.879883 0.247558
vt 0.870117 0.138671
vt 0.819092 0.155517
vt 0.860596 0.067138
vt 0.837402 0.211181
vt 0.837402 0.211181
vt 0.860596 0.067138
vt 0.870117 0.138671
vt 0.860596 0.067138
vt 0.899414 0.024414
vt 0.870117 0.138671
vt 0.966309 0.215576
vt 0.991943 0.439453
vt 0.994385 0.225586
vt 0.991943 0.439453
vt 0.966309 0.215576
vt 0.994385 0.225586
vt 0.914795 0.459472
vt 0.944336 0.819580
vt 0.944336 0.513671
vt 0.944336 0.819580
vt 0.914795 0.459472
vt 0.944336 0.513671
vt 0.758789 0.870361
vt 0.735840 0.601806
vt 0.712891 0.870361
vt 0.735840 0.601806
vt 0.721924 0.575927
vt 0.712891 0.870361
vt 0.298828 0.114990
vt 0.298828 0.114990
vt 0.288574 0.125732
vt 0.298828 0.114990
vt 0.298828 0.114990
vt 0.288574 0.125732
vt 0.893555 0.632080
vt 0.903809 0.620849
vt 0.880371 0.617675
vt 0.880371 0.617675
vt 0.903809 0.620849
vt 0.860352 0.565673
vt 0.842773 0.973388
vt 0.845703 0.957763
vt 0.821533 0.963867
vt 0.821533 0.963867
vt 0.845703 0.957763
vt 0.815186 0.906738
vt 0.593750 0.489746
vt 0.580566 0.424560
vt 0.580566 0.554199
vt 0.580566 0.554199
vt 0.580566 0.424560
vt 0.548096 0.397705
vt 0.645752 0.503662
vt 0.637207 0.410644
vt 0.602295 0.503662
vt 0.602295 0.503662
vt 0.637207 0.410644
vt 0.601563 0.420898
vt 0.815186 0.906738
vt 0.845703 0.957763
vt 0.821533 0.963867
vt 0.845703 0.957763
vt 0.842773 0.973388
vt 0.821533 0.963867
vt 0.593750 0.489746
vt 0.580566 0.554199
vt 0.580566 0.424560
vt 0.580566 0.424560
vt 0.580566 0.554199
vt 0.548096 0.397705
vt 0.477783 0.272705
vt 0.483887 0.314941
vt 0.487305 0.240966
vt 0.487305 0.240966
vt 0.483887 0.314941
vt 0.506592 0.304443
vt 0.956787 0.072509
vt 0.944580 0.174560
vt 0.933105 0.105957
vt 0.933105 0.105957
vt 0.944580 0.174560
vt 0.956787 0.072509
vt 0.561279 0.635009
vt 0.603271 0.849121
vt 0.603271 0.710693
vt 0.603271 0.849121
vt 0.649902 0.730468
vt 0.603271 0.710693
vt 0.427490 0.269287
vt 0.463135 0.261962
vt 0.435547 0.226074
vt 0.435547 0.226074
vt 0.463135 0.261962
vt 0.457764 0.198242
vt 0.631592 0.205566
vt 0.651123 0.248535
vt 0.598877 0.214599
vt 0.598877 0.214599
vt 0.651123 0.248535
vt 0.631592 0.205566
vt 0.559570 0.271972
vt 0.587158 0.325195
vt 0.547607 0.298095
vt 0.547607 0.298095
vt 0.587158 0.325195
vt 0.559570 0.271972
vt 0.778076 0.168701
vt 0.817627 0.144043
vt 0.787109 0.086914
vt 0.817627 0.144043
vt 0.819580 0.061523
vt 0.787109 0.086914
vt 0.488525 0.803466
vt 0.474121 0.780761
vt 0.484375 0.742920
vt 0.474121 0.780761
vt 0.471436 0.747070
vt 0.484375 0.742920
vt 0.471436 0.747070
vt 0.474121 0.780761
vt 0.484375 0.742920
vt 0.474121 0.780761
vt 0.488525 0.803466
vt 0.484375 0.742920
vt 0.966309 0.215820
vt 0.994385 0.225586
vt 0.994385 0.080078
vt 0.705078 0.289550
vt 0.655273 0.386230
vt 0.705078 0.482910
vt 0.966309 0.215820
vt 0.994385 0.080078
vt 0.994385 0.225586
vt 0.966309 0.215820
vt 0.966309 0.087890
vt 0.994385 0.079834
vt 0.705078 0.289550
vt 0.655273 0.386230
vt 0.705078 0.482910
vt 0.712891 0.870361
vt 0.699707 0.994140
vt 0.717041 0.980957
vt 0.431885 0.039306
vt 0.332031 0.015625
vt 0.284180 0.096923
vt 0.325439 0.166504
vt 0.284180 0.096923
vt 0.361572 0.097412
vt 0.388672 0.539062
vt 0.258301 0.492920
vt 0.257813 0.554931
vt 0.417236 0.801269
vt 0.410889 0.777099
vt 0.371338 0.876953
vt 0.389648 0.114746
vt 0.380371 0.168212
vt 0.466309 0.091796
vt 0.475586 0.100830
vt 0.384033 0.226074
vt 0.466309 0.091796
vt 0.514893 0.860595
vt 0.565674 0.907470
vt 0.532715 0.808349
vt 0.913818 0.834961
vt 0.898438 0.798828
vt 0.935303 0.780273
vt 0.842773 0.972900
vt 0.857422 0.995361
vt 0.845703 0.957763
vt 0.835449 0.594726
vt 0.835449 0.594726
vt 0.829834 0.510986
vt 0.888672 0.359130
vt 0.908691 0.383056
vt 0.919678 0.201904
vt 0.847412 0.666015
vt 0.861816 0.633545
vt 0.842285 0.591308
vt 0.756104 0.237548
vt 0.712158 0.215576
vt 0.761719 0.197998
vt 0.775391 0.311767
vt 0.775391 0.222412
vt 0.756104 0.237548
vt 0.842773 0.972900
vt 0.845703 0.957763
vt 0.857422 0.995361
vt 0.823486 0.364990
vt 0.813232 0.604492
vt 0.803955 0.496582
vt 0.803955 0.496582
vt 0.798584 0.541259
vt 0.813232 0.604492
vt 0.791992 0.539062
vt 0.803955 0.496582
vt 0.791992 0.539062
vt 0.648926 0.552002
vt 0.645752 0.503662
vt 0.699219 0.503662
vt 0.933105 0.106933
vt 0.907471 0.091064
vt 0.870117 0.138671
vt 0.870117 0.138671
vt 0.944580 0.174560
vt 0.880859 0.206298
vt 0.559570 0.271972
vt 0.506592 0.304443
vt 0.558594 0.246582
vt 0.614258 0.609863
vt 0.657227 0.657226
vt 0.648926 0.552002
vt 0.603271 0.710693
vt 0.614258 0.609863
vt 0.657227 0.657226
vt 0.482178 0.134765
vt 0.487305 0.240966
vt 0.552490 0.086914
vt 0.263916 0.436279
vt 0.258301 0.492920
vt 0.205811 0.432373
vt 0.258301 0.492920
vt 0.263916 0.436279
vt 0.205811 0.432373
vt 0.205811 0.432373
vt 0.219971 0.372802
vt 0.263916 0.436279
vt 0.263916 0.436279
vt 0.219971 0.372802
vt 0.205811 0.432373
vt 0.219971 0.372802
vt 0.205811 0.432373
vt 0.187256 0.390625
vt 0.205811 0.432373
vt 0.219971 0.372802
vt 0.187256 0.390625
vt 0.187256 0.390625
vt 0.187744 0.339843
vt 0.219971 0.372802
vt 0.219971 0.372802
vt 0.201172 0.276855
vt 0.187744 0.339843
vt 0.187744 0.339843
vt 0.201172 0.276855
vt 0.219971 0.372802
vt 0.276611 0.386474
vt 0.263916 0.436279
vt 0.230469 0.358398
vt 0.263916 0.436279
vt 0.276611 0.386474
vt 0.230469 0.358398
vt 0.230469 0.358398
vt 0.247314 0.295898
vt 0.276611 0.386474
vt 0.276611 0.386474
vt 0.247314 0.295898
vt 0.230469 0.358398
vt 0.247314 0.295898
vt 0.230469 0.358398
vt 0.218262 0.301269
vt 0.230469 0.358398
vt 0.247314 0.295898
vt 0.218262 0.301269
vt 0.218262 0.301269
vt 0.220459 0.240234
vt 0.247314 0.295898
vt 0.247314 0.295898
vt 0.233398 0.203369
vt 0.220459 0.240234
vt 0.220459 0.240234
vt 0.233398 0.203369
vt 0.247314 0.295898
vt 0.257813 0.554931
vt 0.268555 0.610107
vt 0.204834 0.599853
vt 0.268555 0.610107
vt 0.257813 0.554931
vt 0.204834 0.599853
vt 0.204834 0.599853
vt 0.199951 0.542724
vt 0.257813 0.554931
vt 0.257813 0.554931
vt 0.199951 0.542724
vt 0.204834 0.599853
vt 0.199951 0.542724
vt 0.186768 0.583496
vt 0.204834 0.599853
vt 0.204834 0.599853
vt 0.186768 0.583496
vt 0.199951 0.542724
vt 0.186768 0.583496
vt 0.173096 0.526611
vt 0.199951 0.542724
vt 0.199951 0.542724
vt 0.173096 0.526611
vt 0.186768 0.583496
vt 0.258301 0.492920
vt 0.257813 0.554931
vt 0.201172 0.519287
vt 0.257813 0.554931
vt 0.258301 0.492920
vt 0.201172 0.519287
vt 0.201172 0.519287
vt 0.203369 0.455078
vt 0.258301 0.492920
vt 0.258301 0.492920
vt 0.203369 0.455078
vt 0.201172 0.519287
vt 0.203369 0.455078
vt 0.201172 0.519287
vt 0.175293 0.488281
vt 0.201172 0.519287
vt 0.203369 0.455078
vt 0.175293 0.488281
vt 0.175293 0.488281
vt 0.175293 0.419189
vt 0.203369 0.455078
vt 0.203369 0.455078
vt 0.175293 0.419189
vt 0.175293 0.488281
vt 0.151367 0.549560
vt 0.119629 0.652343
vt 0.195801 0.636474
vt 0.119629 0.652343
vt 0.195557 0.859375
vt 0.195801 0.636474
vt 0.195801 0.636474
vt 0.195557 0.859375
vt 0.224609 0.681884
vt 0.195557 0.859375
vt 0.281250 0.800781
vt 0.224609 0.681884
vt 0.224609 0.681884
vt 0.281250 0.800781
vt 0.195557 0.859375
vt 0.281250 0.800781
vt 0.195557 0.859375
vt 0.287354 0.861816
vt 0.195557 0.859375
vt 0.281250 0.800781
vt 0.287354 0.861816
vt 0.339844 0.182861
vt 0.323975 0.373046
vt 0.283203 0.370361
vt 0.283203 0.370361
vt 0.323975 0.373046
vt 0.339844 0.182861
vt 0.323975 0.373046
vt 0.339844 0.182861
vt 0.363770 0.209961
vt 0.339844 0.182861
vt 0.323975 0.373046
vt 0.363770 0.209961
vt 0.363770 0.209961
vt 0.432861 0.380127
vt 0.323975 0.373046
vt 0.323975 0.373046
vt 0.432861 0.380127
vt 0.465820 0.659912
vt 0.432861 0.380127
vt 0.323975 0.373046
vt 0.465820 0.659912
vt 0.373779 0.994384
vt 0.307861 0.870117
vt 0.042725 0.994384
vt 0.042725 0.994384
vt 0.307861 0.870117
vt 0.373779 0.994384
vt 0.307861 0.870117
vt 0.373779 0.994384
vt 0.371338 0.876953
vt 0.373779 0.994384
vt 0.429932 0.909668
vt 0.371338 0.876953
vt 0.371338 0.876953
vt 0.429932 0.909668
vt 0.400635 0.872314
vt 0.429932 0.909668
vt 0.371338 0.876953
vt 0.400635 0.872314
vt 0.500977 0.706054
vt 0.519775 0.606933
vt 0.630615 0.991943
vt 0.630615 0.991943
vt 0.519775 0.606933
vt 0.500977 0.706054
vt 0.519775 0.606933
vt 0.500977 0.706054
vt 0.480225 0.689209
vt 0.500977 0.706054
vt 0.519775 0.606933
vt 0.480225 0.689209
vt 0.480225 0.689209
vt 0.519775 0.606933
vt 0.446533 0.402587
vt 0.519775 0.606933
vt 0.480225 0.689209
vt 0.446533 0.402587
vt 0.307861 0.870117
vt 0.371338 0.876953
vt 0.373779 0.994384
vt 0.373779 0.994384
vt 0.371338 0.876953
vt 0.373779 0.994384
vt 0.371338 0.876953
vt 0.429932 0.909668
vt 0.373779 0.994384
vt 0.373779 0.994384
vt 0.510986 0.994384
vt 0.429932 0.909668
vt 0.429932 0.909668
vt 0.596680 0.966064
vt 0.510986 0.994384
vt 0.510986 0.994384
vt 0.596680 0.966064
vt 0.429932 0.909668
vt 0.165527 0.015869
vt 0.236816 0.151611
vt 0.284180 0.096923
vt 0.236816 0.151611
vt 0.312988 0.228759
vt 0.284180 0.096923
vt 0.284180 0.096923
vt 0.312988 0.228759
vt 0.325439 0.166504
vt 0.312988 0.228759
vt 0.284180 0.096923
vt 0.325439 0.166504
vt 0.303467 0.158935
vt 0.297607 0.116943
vt 0.281006 0.135009
vt 0.281006 0.135009
vt 0.297607 0.116943
vt 0.303467 0.158935
vt 0.297607 0.116943
vt 0.308105 0.135498
vt 0.303467 0.158935
vt 0.303467 0.158935
vt 0.308105 0.135498
vt 0.297607 0.116943
vt 0.297607 0.116943
vt 0.303467 0.158935
vt 0.308105 0.135498
vt 0.308105 0.135498
vt 0.303467 0.158935
vt 0.297607 0.116943
vt 0.303467 0.158935
vt 0.281006 0.135009
vt 0.297607 0.116943
vt 0.297607 0.116943
vt 0.281006 0.135009
vt 0.303467 0.158935
vt 0.284180 0.096923
vt 0.252441 0.031494
vt 0.165527 0.015869
vt 0.252441 0.031494
vt 0.284180 0.096923
vt 0.165527 0.015869
vt 0.165527 0.015869
vt 0.284180 0.096923
vt 0.236816 0.151611
vt 0.284180 0.096923
vt 0.312988 0.228759
vt 0.236816 0.151611
vt 0.195557 0.859375
vt 0.137207 0.930908
vt 0.181396 0.893310
vt 0.181396 0.893310
vt 0.137207 0.930908
vt 0.195557 0.859375
vt 0.137207 0.930908
vt 0.107178 0.768066
vt 0.195557 0.859375
vt 0.195557 0.859375
vt 0.107178 0.768066
vt 0.119629 0.652343
vt 0.281250 0.800781
vt 0.195557 0.859375
vt 0.224609 0.681884
vt 0.224609 0.681884
vt 0.195557 0.859375
vt 0.195801 0.636474
vt 0.195557 0.859375
vt 0.119629 0.652343
vt 0.195801 0.636474
vt 0.195801 0.636474
vt 0.119629 0.652343
vt 0.151367 0.549560
vt 0.195557 0.859375
vt 0.137207 0.930908
vt 0.181396 0.893310
vt 0.181396 0.893310
vt 0.137207 0.930908
vt 0.195557 0.859375
vt 0.137207 0.930908
vt 0.195557 0.859375
vt 0.107178 0.768066
vt 0.195557 0.859375
vt 0.119629 0.652343
vt 0.107178 0.768066
vt 0.239258 0.683837
vt 0.307861 0.663574
vt 0.268555 0.610107
vt 0.307861 0.663574
vt 0.239258 0.683837
vt 0.268555 0.610107
vt 0.268555 0.610107
vt 0.239258 0.683837
vt 0.213379 0.627441
vt 0.239258 0.683837
vt 0.268555 0.610107
vt 0.213379 0.627441
vt 0.078857 0.708252
vt 0.053955 0.553466
vt 0.078857 0.491699
vt 0.053955 0.553466
vt 0.078857 0.708252
vt 0.078857 0.491699
vt 0.005127 0.974853
vt 0.030029 0.819824
vt 0.005127 0.758056
vt 0.005127 0.758056
vt 0.030029 0.819824
vt 0.005127 0.974853
vt 0.053955 0.553466
vt 0.078857 0.491699
vt 0.005127 0.491699
vt 0.005127 0.491699
vt 0.078857 0.491699
vt 0.053955 0.553466
vt 0.078857 0.744873
vt 0.030029 0.668701
vt 0.005127 0.744873
vt 0.005127 0.744873
vt 0.030029 0.668701
vt 0.078857 0.744873
vt 0.030029 0.819824
vt 0.078857 0.758056
vt 0.005127 0.758056
vt 0.005127 0.758056
vt 0.078857 0.758056
vt 0.030029 0.819824
vt 0.021973 0.945312
vt 0.070557 0.869140
vt 0.095459 0.945312
vt 0.095459 0.945312
vt 0.070557 0.869140
vt 0.021973 0.945312
vt 0.287354 0.861816
vt 0.195557 0.859375
vt 0.281250 0.800781
vt 0.224609 0.681884
vt 0.195557 0.859375
vt 0.195801 0.636474
vt 0.510986 0.994384
vt 0.373779 0.994384
vt 0.429932 0.909668
vt 0.187744 0.339843
vt 0.187256 0.390625
vt 0.219971 0.372802
vt 0.220459 0.240234
vt 0.218262 0.301269
vt 0.247314 0.295898
vt 0.323975 0.373046
vt 0.432861 0.380127
vt 0.363770 0.209961
vt 0.410889 0.777099
vt 0.307861 0.663574
vt 0.388672 0.539062
vt 0.307861 0.663574
vt 0.410889 0.777099
vt 0.307861 0.870117
vt 0.307861 0.870117
vt 0.410889 0.777099
vt 0.371338 0.876953
vt 0.095459 0.715332
vt 0.070557 0.869140
vt 0.095459 0.945312
vt 0.005127 0.514892
vt 0.005127 0.744873
vt 0.030029 0.668701
vt 0.151367 0.549560
vt 0.195801 0.636474
vt 0.119629 0.652343
vt 0.195801 0.636474
vt 0.195557 0.859375
vt 0.119629 0.652343
vt 0.119629 0.652343
vt 0.195557 0.859375
vt 0.107178 0.768066
vt 0.195557 0.859375
vt 0.137207 0.930908
vt 0.107178 0.768066
vt 0.307861 0.663574
vt 0.307861 0.870117
vt 0.410889 0.777099
vt 0.410889 0.777099
vt 0.307861 0.870117
vt 0.371338 0.876953
vt 0.410889 0.777099
vt 0.388672 0.539062
vt 0.307861 0.663574
vt 0.137207 0.930908
vt 0.195557 0.859375
vt 0.107178 0.768066
vt 0.107178 0.768066
vt 0.195557 0.859375
vt 0.119629 0.652343
vt 0.195557 0.859375
vt 0.195801 0.636474
vt 0.119629 0.652343
vt 0.119629 0.652343
vt 0.195801 0.636474
vt 0.151367 0.549560
vt 0.195801 0.636474
vt 0.195557 0.859375
vt 0.224609 0.681884
vt 0.224609 0.681884
vt 0.195557 0.859375
vt 0.281250 0.800781
vt 0.195557 0.859375
vt 0.287354 0.861816
vt 0.281250 0.800781
vt 0.030029 0.668701
vt 0.005127 0.744873
vt 0.005127 0.514892
vt 0.095459 0.715332
vt 0.095459 0.945312
vt 0.070557 0.869140
vn -0.9517 0.0288 0.3057
vn -0.9053 0.0751 0.4180
vn -0.8617 0.1379 0.4884
vn -0.8779 0.1299 0.4610
vn 0.9281 0.0948 -0.3600
vn 0.9683 -0.1672 -0.1856
vn 0.9463 0.1256 0.2979
vn 0.9269 0.0663 0.3695
vn 0.9359 -0.0158 0.3519
vn -0.9551 -0.0133 0.2960
vn -0.9598 -0.0247 0.2795
vn -0.8708 0.0223 -0.4912
vn -0.9696 0.1272 -0.2093
vn 0.9696 0.1272 -0.2093
vn 0.9366 -0.0048 -0.3502
vn 0.9542 0.0908 -0.2851
vn 0.9921 0.1011 -0.0744
vn 0.8421 -0.0309 -0.5385
vn -0.8421 -0.0309 -0.5385
vn -0.9833 0.1748 -0.0508
vn -0.9950 -0.0437 -0.0898
vn 0.9950 -0.0437 -0.0898
vn 0.9821 -0.1835 -0.0429
vn 0.9882 -0.0431 -0.1469
vn -0.9882 -0.0431 -0.1469
vn -0.9839 -0.1502 0.0973
vn -0.9849 -0.1651 0.0525
vn -0.9374 -0.2110 0.2770
vn -0.9277 -0.1584 0.3380
vn 0.9277 -0.1584 0.3380
vn 0.9541 -0.0570 0.2942
vn 0.8366 -0.0015 -0.5477
vn -0.8958 -0.0706 0.4388
vn -0.6888 0.4765 0.5464
vn 0.6888 0.4765 0.5464
vn 0.7267 0.0686 0.6835
vn 0.8467 0.2716 0.4575
vn 0.7980 -0.4668 0.3811
vn 0.9626 -0.2474 0.1107
vn 0.8036 0.5046 -0.3158
vn 0.7298 0.4953 -0.4713
vn -0.7298 0.4953 -0.4713
vn -0.8660 -0.2377 -0.4398
vn -0.9626 -0.2474 0.1107
vn -0.7980 -0.4668 0.3811
vn -0.5515 -0.3272 0.7673
vn 0.5515 -0.3272 0.7673
vn 0.6026 -0.6083 0.5166
vn 0.7687 -0.3252 0.5508
vn 0.5070 0.1100 0.8549
vn 0.7256 0.0160 -0.6879
vn 0.7751 -0.0342 -0.6309
vn -0.7751 -0.0342 -0.6309
vn -0.9249 0.1582 0.3457
vn -0.8968 0.2303 0.3778
vn -0.7979 -0.0120 0.6027
vn -0.7661 -0.0000 0.6427
vn -0.7106 -0.2912 0.6405
vn 0.7106 -0.2912 0.6405
vn 0.8265 0.5471 -0.1325
vn 0.8450 0.5137 -0.1486
vn 0.6500 0.4938 -0.5776
vn 0.7640 -0.4720 0.4399
vn 1.0000 0.0000 -0.0000
vn 0.7581 -0.0035 -0.6521
vn 0.7342 -0.0110 -0.6788
vn 0.7979 -0.0120 0.6027
vn 0.7661 0.0000 0.6427
vn -0.9233 0.3826 -0.0344
vn -0.9121 -0.4058 -0.0585
vn 0.0000 0.0000 1.0000
vn -0.9101 -0.2906 0.2953
vn 0.9101 -0.2906 0.2953
vn 0.9788 -0.2032 -0.0252
vn 0.9815 -0.1796 -0.0668
vn 0.9482 -0.1743 0.2658
vn 0.9700 -0.1642 0.1792
vn 0.9723 -0.0321 0.2317
vn 0.9313 0.0723 0.3569
vn 0.9282 0.0525 0.3684
vn 0.8873 0.2871 0.3610
vn 0.8687 0.2857 0.4048
vn 0.8571 0.3891 0.3375
vn -0.8571 0.3891 0.3375
vn -0.9303 0.2296 0.2861
vn -0.8487 -0.4971 -0.1805
vn -0.8274 -0.4584 -0.3245
vn 0.8274 -0.4584 -0.3245
vn 0.9923 -0.1179 0.0373
vn 0.9955 -0.0685 0.0652
vn -0.9955 -0.0685 0.0652
vn -0.4871 0.8366 0.2508
vn -0.5616 0.8269 0.0285
vn 0.5616 0.8269 0.0285
vn 0.8487 -0.4971 -0.1805
vn -0.9907 -0.1257 0.0521
vn -0.9907 -0.1257 -0.0521
vn -0.8238 -0.4157 -0.3853
vn -0.7942 -0.2325 -0.5614
vn -0.7754 -0.2241 -0.5904
vn -0.6918 0.2763 -0.6671
vn -0.4180 0.5000 -0.7585
vn -0.3850 0.8527 -0.3532
vn -0.1912 0.9635 -0.1872
vn -0.1698 0.9105 0.3771
vn 0.9907 -0.1257 0.0521
vn 0.9907 -0.1257 -0.0521
vn 0.8238 -0.4157 -0.3853
vn 0.7942 -0.2325 -0.5614
vn 0.7754 -0.2241 -0.5904
vn 0.6918 0.2763 -0.6671
vn 0.4180 0.5000 -0.7585
vn 0.3850 0.8527 -0.3532
vn 0.1912 0.9635 -0.1872
vn 0.1698 0.9105 0.3771
vn -1.0000 -0.0000 -0.0000
vn -0.8412 -0.4773 -0.2541
vn -0.9568 -0.2895 0.0248
vn -0.9903 -0.0826 -0.1113
vn -0.9871 0.0552 0.1504
vn -0.9880 0.0540 0.1446
vn -0.9726 0.1899 0.1343
vn -0.9273 0.2819 0.2462
vn 0.9437 -0.0402 -0.3284
vn 0.8342 0.0417 -0.5499
vn -0.9043 -0.4257 -0.0321
vn 0.9043 -0.4257 -0.0321
vn 0.9121 -0.4058 -0.0585
vn 0.9233 0.3826 -0.0344
vn 0.8388 0.5230 -0.1512
vn -0.8388 0.5230 -0.1512
vn -0.8582 0.4071 0.3128
vn -0.9815 -0.1796 -0.0668
vn -0.9482 -0.1743 0.2658
vn 0.0000 0.3841 -0.9233
vn 0.0000 0.6024 -0.7982
vn 0.0000 0.8073 -0.5902
vn 0.0000 0.3851 -0.9229
vn 0.0000 -0.1985 -0.9801
vn -0.8265 0.5471 -0.1325
vn -0.8450 0.5137 -0.1486
vn -0.6500 0.4938 -0.5776
vn -0.7640 -0.4720 0.4399
vn -0.7581 -0.0035 -0.6522
vn -0.7342 -0.0110 -0.6788
vn 0.9413 -0.3192 -0.1098
vn 0.9876 -0.0234 -0.1553
vn -0.2155 0.8944 0.3920
vn -0.0839 0.8312 0.5497
vn 0.5418 0.6851 0.4869
vn 0.8110 0.3074 0.4977
vn 0.8976 -0.2567 -0.3583
vn -0.6849 0.5437 -0.4850
vn -0.6847 0.5429 -0.4861
vn -0.7766 0.0767 -0.6253
vn -0.5975 -0.2199 -0.7711
vn -0.6566 -0.4292 -0.6202
vn -0.4411 -0.7925 -0.4211
vn 0.4411 -0.7925 -0.4211
vn -0.9945 -0.0503 0.0914
vn -0.9943 0.0350 0.1010
vn -0.8154 0.3054 0.4918
vn -0.9052 -0.1262 0.4059
vn -0.8854 -0.0992 0.4540
vn -0.9064 0.0443 0.4202
vn 0.9064 0.0443 0.4202
vn -0.9506 -0.3101 0.0107
vn -0.9140 0.0367 0.4041
vn -0.9186 0.2071 0.3366
vn 0.9186 0.2071 0.3366
vn 0.9303 0.2297 0.2861
vn -0.9773 -0.0028 -0.2121
vn -0.9957 0.0698 -0.0609
vn -0.8757 0.1219 0.4673
vn 0.0000 0.4539 0.8911
vn -0.8107 0.2146 0.5448
vn 0.8107 0.2146 0.5448
vn 0.8926 0.0585 0.4470
vn 0.6790 -0.3660 -0.6364
vn -0.6790 -0.3660 -0.6363
vn -0.9231 -0.3180 -0.2161
vn -0.9700 -0.1642 0.1792
vn -0.9723 -0.0321 0.2317
vn -0.9313 0.0723 0.3569
vn -0.9282 0.0524 0.3684
vn -0.8873 0.2871 0.3610
vn -0.8687 0.2857 0.4048
vn 0.0000 -0.0646 -0.9979
vn 0.0000 -0.7555 -0.6552
vn 0.0000 -0.6224 -0.7827
vn 0.0000 -0.3228 -0.9465
vn 0.0000 -0.1592 -0.9873
vn -0.0000 -0.0808 -0.9967
vn -0.8884 0.1966 0.4148
vn -0.8812 0.1100 0.4599
vn -0.8041 0.1092 0.5844
vn -0.8077 0.0547 0.5871
vn -0.6777 0.0514 0.7335
vn 0.6777 0.0514 0.7335
vn 0.8077 0.0546 0.5871
vn 0.8041 0.1092 0.5844
vn 0.8812 0.1100 0.4599
vn 0.8884 0.1966 0.4148
vn -0.9613 -0.2643 -0.0780
vn -0.9634 -0.1147 0.2421
vn 0.9634 -0.1147 0.2421
vn 0.8757 0.1219 0.4672
vn 0.9957 0.0698 -0.0609
vn -0.9433 -0.2932 0.1556
vn -0.8244 -0.0370 0.5648
vn 0.8244 -0.0370 0.5648
vn 0.9539 -0.0657 0.2929
vn 0.9539 -0.0657 -0.2929
vn 0.6849 0.5437 -0.4850
vn 0.6848 0.5429 -0.4861
vn 0.7766 0.0767 -0.6253
vn 0.5975 -0.2199 -0.7711
vn 0.6566 -0.4292 -0.6202
vn -0.5442 0.8167 0.1919
vn -0.7293 0.1908 0.6571
vn 0.7293 0.1908 0.6571
vn 0.8154 0.3054 0.4918
vn 0.9943 0.0350 0.1010
vn -0.6026 -0.6083 0.5166
vn -0.7687 -0.3252 0.5508
vn -0.7830 0.0929 -0.6151
vn -0.7342 0.2136 -0.6444
vn 0.7342 0.2136 -0.6444
vn -0.9539 -0.0657 0.2929
vn -0.9539 -0.0657 -0.2929
vn -0.8669 -0.0451 -0.4965
vn 0.8669 -0.0451 -0.4965
vn -0.2640 -0.8891 -0.3739
vn -0.1699 -0.7742 -0.6097
vn 0.1699 -0.7742 -0.6097
vn 0.2480 -0.3820 -0.8903
vn 0.8958 -0.0706 0.4388
vn 0.8965 -0.0675 0.4380
vn 0.9835 -0.1103 0.1433
vn 0.9782 -0.1766 0.1091
vn -0.9351 0.2373 0.2631
vn 0.9351 -0.2373 -0.2631
vn -0.9376 0.2328 0.2583
vn 0.9376 -0.2328 -0.2583
vn 0.8793 -0.1259 -0.4594
vn -0.8793 0.1259 0.4594
vn -0.9284 0.0892 0.3606
vn 0.9284 -0.0892 -0.3606
vn -0.6229 0.0655 0.7795
vn -0.6617 0.1503 0.7345
vn 0.6617 0.1503 0.7345
vn 0.8038 -0.4723 -0.3618
vn 0.9249 0.1582 0.3457
vn 0.8968 0.2303 0.3778
vn -0.3394 -0.1664 0.9258
vn 0.3394 -0.1664 0.9258
vn 0.9433 -0.2932 0.1556
vn -0.9782 -0.1766 0.1091
vn -0.9835 -0.1104 0.1433
vn -0.8965 -0.0675 0.4380
vn -0.7589 -0.2923 0.5819
vn 0.7589 -0.2923 0.5819
vn 0.8560 0.0974 0.5078
vn 0.5349 0.6777 0.5046
vn 0.8501 -0.4813 -0.2139
vn 0.7215 -0.6868 -0.0888
vn 0.9208 -0.0301 -0.3889
vn 0.9369 -0.0952 -0.3364
vn 0.9256 -0.1221 -0.3582
vn -0.9369 0.0952 0.3364
vn -0.9482 0.1902 0.2543
vn 0.1158 0.4137 0.9030
vn -0.9276 -0.2374 -0.2883
vn -0.5890 -0.3998 -0.7023
vn -0.6362 -0.7652 -0.0989
vn -0.4246 0.4818 -0.7665
vn 0.4246 0.4818 -0.7665
vn 0.7587 -0.0586 -0.6488
vn -0.9366 -0.0048 -0.3503
vn -0.9542 0.0908 -0.2851
vn -0.9921 0.1011 -0.0744
vn 0.9374 -0.2110 0.2770
vn 0.9849 -0.1651 0.0525
vn 0.9839 -0.1502 0.0973
vn -0.8464 -0.1128 -0.5205
vn 0.8464 -0.1128 -0.5205
vn -0.7447 -0.0755 -0.6631
vn 0.7448 -0.0755 -0.6631
vn -0.0000 -0.4627 -0.8865
vn 0.9773 -0.0028 -0.2121
vn -0.0630 0.4273 -0.9019
vn 0.0630 0.4273 -0.9019
vn -0.9413 0.3192 0.1098
vn -0.9876 0.0234 0.1553
vn -0.9934 -0.0440 -0.1062
vn -0.9999 0.0161 -0.0051
vn -0.8467 0.2716 0.4575
vn -0.7267 0.0686 0.6835
vn 0.9999 0.0161 -0.0051
vn 0.9934 -0.0440 -0.1062
vn 0.5442 0.8167 0.1919
vn 0.8582 0.4071 0.3128
vn -0.5070 0.1100 0.8549
vn -0.7256 0.0160 -0.6879
vn 0.8854 -0.0992 0.4540
vn 0.9052 -0.1262 0.4059
vn 0.9140 0.0367 0.4041
vn 0.9506 -0.3101 0.0107
vn 0.8031 -0.5875 0.0997
vn 0.8182 -0.5632 0.1155
vn -0.8182 -0.5632 0.1155
vn -0.8031 -0.5875 0.0997
vn -0.8566 -0.0279 -0.5152
vn 0.0000 0.3069 0.9517
vn 0.8566 -0.0279 -0.5152
vn 0.6229 0.0655 0.7795
vn 0.0000 0.5228 0.8525
vn 0.9613 -0.2643 -0.0780
vn -0.8926 0.0585 0.4470
vn 0.9231 -0.3180 -0.2161
vn -0.8038 -0.4723 -0.3618
vn -0.9923 -0.1179 0.0373
vn 0.4871 0.8366 0.2508
vn -0.8560 0.0974 0.5078
vn -0.7587 -0.0586 -0.6488
vn -0.9949 0.0387 -0.0935
vn -0.3433 -0.2287 -0.9109
vn 0.8028 -0.2950 -0.5182
vn -0.9256 0.1221 0.3582
vn 0.2640 -0.8891 -0.3739
vn -0.2480 -0.3820 -0.8903
vn 0.9949 0.0387 -0.0935
vn 0.9211 0.1062 0.3744
vn -0.3562 0.3615 0.8616
vn 0.3715 0.0921 -0.9238
vn 0.8660 -0.2377 -0.4398
vn -0.9821 -0.1835 -0.0429
vn 0.9833 0.1748 -0.0508
vn -0.9788 -0.2032 -0.0252
vn -0.8036 0.5046 -0.3158
vn 0.7830 0.0929 -0.6151
vn 0.9945 -0.0503 0.0914
vn -0.9593 -0.1506 -0.2390
vn -0.9894 -0.1324 -0.0590
vn -0.9806 -0.1875 -0.0579
vn -1.0000 -0.0002 0.0002
vn 1.0000 0.0002 -0.0002
vn -0.9997 0.0079 0.0230
vn 0.9997 -0.0079 -0.0230
vn -0.9010 0.1317 0.4134
vn -0.9305 -0.3557 -0.0872
vn -0.9161 -0.3975 -0.0525
vn 0.9161 -0.3975 -0.0525
vn 0.9010 -0.1317 -0.4134
vn 0.9305 0.3557 0.0872
vn 0.9161 0.3975 0.0525
vn -0.9161 0.3975 0.0525
vn 0.7084 -0.0901 -0.7001
vn -0.7084 -0.0901 -0.7001
vn -0.9010 -0.1317 -0.4134
vn -0.9305 0.3557 0.0872
vn -0.7084 0.0901 0.7001
vn 0.7084 0.0901 0.7001
vn 0.9010 0.1317 0.4134
vn 0.9305 -0.3557 -0.0872
vn -0.8724 0.3081 0.3795
vn 0.8724 -0.3081 -0.3795
vn 0.9958 -0.0893 -0.0179
vn 0.9902 -0.0292 -0.1363
vn 1.0000 -0.0002 0.0002
vn 0.9806 -0.1875 -0.0579
vn 0.9894 -0.1324 -0.0590
vn 0.9593 -0.1506 -0.2390
vn -0.8724 -0.3081 -0.3796
vn 0.8724 0.3081 0.3796
vn -0.9958 -0.0893 -0.0179
vn -0.9902 -0.0292 -0.1363
vn 0.9822 -0.1180 0.1462
vn -0.9822 -0.1180 0.1462
vn -0.9822 -0.1180 -0.1462
vn 0.9822 -0.1180 -0.1462
vn 0.9997 0.0080 0.0230
vn 0.9806 0.1875 0.0579
vn 0.9593 0.1506 0.2390
vn 0.9894 0.1324 0.0590
vn 0.9902 0.0292 0.1363
vn 0.9958 0.0893 0.0179
vn -0.9958 0.0893 0.0179
vn -0.9902 0.0292 0.1363
vn -0.9894 0.1324 0.0590
vn -0.9593 0.1506 0.2390
vn -0.9806 0.1875 0.0579
vn -1.0000 0.0002 -0.0002
vn -0.9997 -0.0080 -0.0230
o base
usemtl Brush.064
f 1/1/1 2/2/1 3/3/1
f 4/4/2 5/5/2 6/6/2
f 7/7/3 8/8/3 9/9/3
f 10/10/4 11/11/4 12/12/4
f 13/13/5 14/14/5 15/15/5
f 16/16/6 17/17/6 18/18/6
f 19/19/7 20/20/7 21/21/7
f 22/22/8 23/23/8 24/24/8
f 25/25/9 26/26/9 27/27/9
f 28/28/10 29/29/10 30/30/10
f 31/31/11 32/32/11 33/33/11
f 34/34/12 35/35/12 36/36/12
f 37/37/13 38/38/13 39/39/13
f 40/40/14 41/41/14 42/42/14
f 43/43/15 44/44/15 45/45/15
f 46/46/16 47/47/16 48/48/16
f 49/49/17 50/50/17 51/51/17
f 52/52/18 53/53/18 54/54/18
f 55/55/19 56/56/19 57/57/19
f 58/58/20 59/59/20 60/60/20
f 61/61/21 62/62/21 63/63/21
f 64/64/22 65/65/22 66/66/22
f 67/67/23 68/68/23 69/69/23
f 70/70/24 71/71/24 72/72/24
f 73/73/25 74/74/25 75/75/25
f 76/76/26 77/77/26 78/78/26
f 79/79/27 80/80/27 81/81/27
f 82/82/28 83/83/28 84/84/28
f 85/85/29 86/86/29 87/87/29
f 88/88/30 89/89/30 90/90/30
f 91/91/31 92/92/31 93/93/31
f 94/94/32 95/95/32 96/96/32
f 97/97/33 98/98/33 99/99/33
f 100/100/34 101/101/34 102/102/34
f 103/103/35 104/104/35 105/105/35
f 106/106/36 107/107/36 108/108/36
f 109/109/37 110/110/37 111/111/37
f 112/112/38 113/113/38 114/114/38
f 115/115/39 116/116/39 117/117/39
f 118/118/40 119/119/40 120/120/40
f 121/121/41 122/122/41 123/123/41
f 124/124/42 125/125/42 126/126/42
f 127/127/43 128/128/43 129/129/43
f 130/130/44 131/131/44 132/132/44
f 133/133/45 134/134/45 135/135/45
f 136/136/46 137/137/46 138/138/46
f 139/139/47 140/140/47 141/141/47
f 142/142/48 143/143/48 144/144/48
f 145/145/49 146/146/49 147/147/49
f 148/148/50 149/149/50 150/150/50
f 151/151/51 152/152/51 153/153/51
f 154/154/52 155/155/52 156/156/52
f 157/157/53 158/158/53 159/159/53
f 160/160/54 161/161/54 162/162/54
f 163/163/55 164/164/55 165/165/55
f 166/166/56 167/167/56 168/168/56
f 169/169/57 170/170/57 171/171/57
f 172/172/58 173/173/58 174/174/58
f 175/175/59 176/176/59 177/177/59
f 178/178/60 179/179/60 180/180/60
f 181/181/61 182/182/61 183/183/61
f 184/184/62 185/185/62 186/186/62
f 187/187/63 188/188/63 189/189/63
f 190/190/64 191/191/64 192/192/64
f 193/193/64 194/194/64 195/195/64
f 196/196/65 197/197/65 198/198/65
f 199/199/66 200/200/66 201/201/66
f 202/202/67 203/203/67 204/204/67
f 205/205/68 206/206/68 207/207/68
f 208/208/69 209/209/69 210/210/69
f 211/211/70 212/212/70 213/213/70
f 214/214/71 215/215/71 216/216/71
f 217/217/71 218/218/71 219/219/71
f 220/220/72 221/221/72 222/222/72
f 223/223/73 224/224/73 225/225/73
f 226/226/74 227/227/74 228/228/74
f 229/229/75 230/230/75 231/231/75
f 232/232/76 233/233/76 234/234/76
f 235/235/77 236/236/77 237/237/77
f 238/238/78 239/239/78 240/240/78
f 241/241/79 242/242/79 243/243/79
f 244/244/80 245/245/80 246/246/80
f 247/247/81 248/248/81 249/249/81
f 250/250/82 251/251/82 252/252/82
f 253/253/83 254/254/83 255/255/83
f 256/256/84 257/257/84 258/258/84
f 259/259/85 260/260/85 261/261/85
f 262/262/86 263/263/86 264/264/86
f 265/265/87 266/266/87 267/267/87
f 268/268/88 269/269/88 270/270/88
f 271/271/89 272/272/89 273/273/89
f 274/274/90 275/275/90 276/276/90
f 277/277/91 278/278/91 279/279/91
f 280/280/92 281/281/92 282/282/92
f 283/283/93 284/284/93 285/285/93
f 286/286/94 287/287/94 288/288/94
f 289/289/95 290/290/95 291/291/95
f 292/292/96 293/293/96 294/294/96
f 295/295/97 296/296/97 297/297/97
f 298/298/98 299/299/98 300/300/98
f 301/301/99 302/302/99 303/303/99
f 304/304/100 305/305/100 306/306/100
f 307/307/101 308/308/101 309/309/101
f 310/310/102 311/311/102 312/312/102
f 313/313/103 314/314/103 315/315/103
f 316/316/104 317/317/104 318/318/104
f 319/319/105 320/320/105 321/321/105
f 322/322/106 323/323/106 324/324/106
f 325/325/107 326/326/107 327/327/107
f 328/328/108 329/329/108 330/330/108
f 331/331/109 332/332/109 333/333/109
f 334/334/110 335/335/110 336/336/110
f 337/337/111 338/338/111 339/339/111
f 340/340/112 341/341/112 342/342/112
f 343/343/113 344/344/113 345/345/113
f 346/346/114 347/347/114 348/348/114
f 349/349/115 350/350/115 351/351/115
f 352/352/64 353/353/64 354/354/64
f 355/355/116 356/356/116 357/357/116
f 358/358/64 359/359/64 360/360/64
f 361/361/116 362/362/116 363/363/116
f 364/364/64 365/365/64 366/366/64
f 367/367/64 368/368/64 369/369/64
f 370/370/116 371/371/116 372/372/116
f 373/373/64 374/374/64 375/375/64
f 376/376/116 377/377/116 378/378/116
f 379/379/117 380/380/117 381/381/117
f 382/382/118 383/383/118 384/384/118
f 385/385/119 386/386/119 387/387/119
f 388/388/120 389/389/120 390/390/120
f 391/391/121 392/392/121 393/393/121
f 394/394/122 395/395/122 396/396/122
f 397/397/123 398/398/123 399/399/123
f 400/400/124 401/401/124 402/402/124
f 403/403/125 404/404/125 405/405/125
f 406/406/126 407/407/126 408/408/126
f 409/409/127 410/410/127 411/411/127
f 412/412/128 413/413/128 414/414/128
f 415/415/71 416/416/71 417/417/71
f 418/418/71 419/419/71 420/420/71
f 421/421/129 422/422/129 423/423/129
f 424/424/130 425/425/130 426/426/130
f 427/427/131 428/428/131 429/429/131
f 430/430/132 431/431/132 432/432/132
f 433/433/133 434/434/133 435/435/133
f 436/436/134 437/437/134 438/438/134
f 439/439/135 440/440/135 441/441/135
f 442/442/136 443/443/136 444/444/136
f 445/445/136 446/446/136 447/447/136
f 448/448/137 449/449/137 450/450/137
f 451/451/137 452/452/137 453/453/137
f 454/454/138 455/455/138 456/456/138
f 457/457/138 458/458/138 459/459/138
f 460/460/139 461/461/139 462/462/139
f 463/463/140 464/464/140 465/465/140
f 466/466/141 467/467/141 468/468/141
f 469/469/142 470/470/142 471/471/142
f 472/472/143 473/473/143 474/474/143
f 475/475/116 476/476/116 477/477/116
f 478/478/116 479/479/116 480/480/116
f 481/481/144 482/482/144 483/483/144
f 484/484/145 485/485/145 486/486/145
f 487/487/146 488/488/146 489/489/146
f 490/490/147 491/491/147 492/492/147
f 493/493/148 494/494/148 495/495/148
f 496/496/149 497/497/149 498/498/149
f 499/499/150 500/500/150 501/501/150
f 502/502/151 503/503/151 504/504/151
f 505/505/152 506/506/152 507/507/152
f 508/508/153 509/509/153 510/510/153
f 511/511/154 512/512/154 513/513/154
f 514/514/155 515/515/155 516/516/155
f 517/517/156 518/518/156 519/519/156
f 520/520/157 521/521/157 522/522/157
f 523/523/158 524/524/158 525/525/158
f 526/526/159 527/527/159 528/528/159
f 529/529/160 530/530/160 531/531/160
f 532/532/161 533/533/161 534/534/161
f 535/535/162 536/536/162 537/537/162
f 538/538/163 539/539/163 540/540/163
f 541/541/164 542/542/164 543/543/164
f 544/544/165 545/545/165 546/546/165
f 547/547/166 548/548/166 549/549/166
f 550/550/64 551/551/64 552/552/64
f 553/553/116 554/554/116 555/555/116
f 556/556/167 557/557/167 558/558/167
f 559/559/168 560/560/168 561/561/168
f 562/562/169 563/563/169 564/564/169
f 565/565/170 566/566/170 567/567/170
f 568/568/171 569/569/171 570/570/171
f 571/571/116 572/572/116 573/573/116
f 574/574/64 575/575/64 576/576/64
f 577/577/172 578/578/172 579/579/172
f 580/580/173 581/581/173 582/582/173
f 583/583/174 584/584/174 585/585/174
f 586/586/175 587/587/175 588/588/175
f 589/589/176 590/590/176 591/591/176
f 592/592/177 593/593/177 594/594/177
f 595/595/178 596/596/178 597/597/178
f 598/598/179 599/599/179 600/600/179
f 601/601/180 602/602/180 603/603/180
f 604/604/71 605/605/71 606/606/71
f 607/607/71 608/608/71 609/609/71
f 610/610/181 611/611/181 612/612/181
f 613/613/182 614/614/182 615/615/182
f 616/616/183 617/617/183 618/618/183
f 619/619/184 620/620/184 621/621/184
f 622/622/185 623/623/185 624/624/185
f 625/625/186 626/626/186 627/627/186
f 628/628/187 629/629/187 630/630/187
f 631/631/188 632/632/188 633/633/188
f 634/634/189 635/635/189 636/636/189
f 637/637/189 638/638/189 639/639/189
f 640/640/190 641/641/190 642/642/190
f 643/643/190 644/644/190 645/645/190
f 646/646/139 647/647/139 648/648/139
f 649/649/191 650/650/191 651/651/191
f 652/652/192 653/653/192 654/654/192
f 655/655/192 656/656/192 657/657/192
f 658/658/193 659/659/193 660/660/193
f 661/661/193 662/662/193 663/663/193
f 664/664/194 665/665/194 666/666/194
f 667/667/195 668/668/195 669/669/195
f 670/670/196 671/671/196 672/672/196
f 673/673/197 674/674/197 675/675/197
f 676/676/198 677/677/198 678/678/198
f 679/679/199 680/680/199 681/681/199
f 682/682/200 683/683/200 684/684/200
f 685/685/201 686/686/201 687/687/201
f 688/688/202 689/689/202 690/690/202
f 691/691/203 692/692/203 693/693/203
f 694/694/204 695/695/204 696/696/204
f 697/697/205 698/698/205 699/699/205
f 700/700/206 701/701/206 702/702/206
f 703/703/207 704/704/207 705/705/207
f 706/706/208 707/707/208 708/708/208
f 709/709/209 710/710/209 711/711/209
f 712/712/210 713/713/210 714/714/210
f 715/715/211 716/716/211 717/717/211
f 718/718/212 719/719/212 720/720/212
f 721/721/213 722/722/213 723/723/213
f 724/724/214 725/725/214 726/726/214
f 727/727/215 728/728/215 729/729/215
f 730/730/216 731/731/216 732/732/216
f 733/733/217 734/734/217 735/735/217
f 736/736/218 737/737/218 738/738/218
f 739/739/219 740/740/219 741/741/219
f 742/742/220 743/743/220 744/744/220
f 745/745/221 746/746/221 747/747/221
f 748/748/222 749/749/222 750/750/222
f 751/751/223 752/752/223 753/753/223
f 754/754/224 755/755/224 756/756/224
f 757/757/225 758/758/225 759/759/225
f 760/760/226 761/761/226 762/762/226
f 763/763/227 764/764/227 765/765/227
f 766/766/228 767/767/228 768/768/228
f 769/769/229 770/770/229 771/771/229
f 772/772/230 773/773/230 774/774/230
f 775/775/71 776/776/71 777/777/71
f 778/778/71 779/779/71 780/780/71
f 781/781/231 782/782/231 783/783/231
f 784/784/232 785/785/232 786/786/232
f 787/787/233 788/788/233 789/789/233
f 790/790/234 791/791/234 792/792/234
f 793/793/235 794/794/235 795/795/235
f 796/796/236 797/797/236 798/798/236
f 799/799/116 800/800/116 801/801/116
f 802/802/116 803/803/116 804/804/116
f 805/805/116 806/806/116 807/807/116
f 808/808/116 809/809/116 810/810/116
f 811/811/237 812/812/237 813/813/237
f 814/814/238 815/815/238 816/816/238
f 817/817/239 818/818/239 819/819/239
f 820/820/240 821/821/240 822/822/240
f 823/823/241 824/824/241 825/825/241
f 826/826/242 827/827/242 828/828/242
f 829/829/243 830/830/243 831/831/243
f 832/832/244 833/833/244 834/834/244
f 835/835/64 836/836/64 837/837/64
f 838/838/64 839/839/64 840/840/64
f 841/841/64 842/842/64 843/843/64
f 844/844/64 845/845/64 846/846/64
f 847/847/245 848/848/245 849/849/245
f 850/850/246 851/851/246 852/852/246
f 853/853/247 854/854/247 855/855/247
f 856/856/248 857/857/248 858/858/248
f 859/859/249 860/860/249 861/861/249
f 862/862/250 863/863/250 864/864/250
f 865/865/251 866/866/251 867/867/251
f 868/868/252 869/869/252 870/870/252
f 871/871/253 872/872/253 873/873/253
f 874/874/254 875/875/254 876/876/254
f 877/877/255 878/878/255 879/879/255
f 880/880/256 881/881/256 882/882/256
f 883/883/257 884/884/257 885/885/257
f 886/886/258 887/887/258 888/888/258
f 889/889/259 890/890/259 891/891/259
f 892/892/260 893/893/260 894/894/260
f 895/895/261 896/896/261 897/897/261
f 898/898/262 899/899/262 900/900/262
f 901/901/263 902/902/263 903/903/263
f 904/904/264 905/905/264 906/906/264
f 907/907/265 908/908/265 909/909/265
f 910/910/266 911/911/266 912/912/266
f 913/913/267 914/914/267 915/915/267
f 916/916/268 917/917/268 918/918/268
f 919/919/269 920/920/269 921/921/269
f 922/922/270 923/923/270 924/924/270
f 925/925/271 926/926/271 927/927/271
f 928/928/71 929/929/71 930/930/71
f 931/931/71 932/932/71 933/933/71
f 934/934/272 935/935/272 936/936/272
f 937/937/273 938/938/273 939/939/273
f 940/940/274 941/941/274 942/942/274
f 943/943/275 944/944/275 945/945/275
f 946/946/276 947/947/276 948/948/276
f 949/949/277 950/950/277 951/951/277
f 952/952/278 953/953/278 954/954/278
f 955/955/279 956/956/279 957/957/279
f 958/958/280 959/959/280 960/960/280
f 961/961/281 962/962/281 963/963/281
f 964/964/282 965/965/282 966/966/282
f 967/967/283 968/968/283 969/969/283
f 970/970/284 971/971/284 972/972/284
f 973/973/285 974/974/285 975/975/285
f 976/976/286 977/977/286 978/978/286
f 979/979/287 980/980/287 981/981/287
f 982/982/288 983/983/288 984/984/288
f 985/985/289 986/986/289 987/987/289
f 988/988/290 989/989/290 990/990/290
f 991/991/291 992/992/291 993/993/291
f 994/994/292 995/995/292 996/996/292
f 997/997/293 998/998/293 999/999/293
f 1000/1000/294 1001/1001/294 1002/1002/294
f 1003/1003/295 1004/1004/295 1005/1005/295
f 1006/1006/296 1007/1007/296 1008/1008/296
f 1009/1009/116 1010/1010/116 1011/1011/116
f 1012/1012/116 1013/1013/116 1014/1014/116
f 1015/1015/297 1016/1016/297 1017/1017/297
f 1018/1018/298 1019/1019/298 1020/1020/298
f 1021/1021/299 1022/1022/299 1023/1023/299
f 1024/1024/300 1025/1025/300 1026/1026/300
f 1027/1027/64 1028/1028/64 1029/1029/64
f 1030/1030/64 1031/1031/64 1032/1032/64
f 1033/1033/301 1034/1034/301 1035/1035/301
f 1036/1036/302 1037/1037/302 1038/1038/302
f 1039/1039/64 1040/1040/64 1041/1041/64
f 1042/1042/116 1043/1043/116 1044/1044/116
f 1045/1045/303 1046/1046/303 1047/1047/303
f 1048/1048/304 1049/1049/304 1050/1050/304
f 1051/1051/305 1052/1052/305 1053/1053/305
f 1054/1054/306 1055/1055/306 1056/1056/306
f 1057/1057/116 1058/1058/116 1059/1059/116
f 1060/1060/64 1061/1061/64 1062/1062/64
f 1063/1063/116 1064/1064/116 1065/1065/116
f 1066/1066/64 1067/1067/64 1068/1068/64
f 1069/1069/307 1070/1070/307 1071/1071/307
f 1072/1072/308 1073/1073/308 1074/1074/308
f 1075/1075/309 1076/1076/309 1077/1077/309
f 1078/1078/310 1079/1079/310 1080/1080/310
f 1081/1081/311 1082/1082/311 1083/1083/311
f 1084/1084/312 1085/1085/312 1086/1086/312
f 1087/1087/313 1088/1088/313 1089/1089/313
f 1090/1090/314 1091/1091/314 1092/1092/314
f 1093/1093/315 1094/1094/315 1095/1095/315
f 1096/1096/316 1097/1097/316 1098/1098/316
f 1099/1099/317 1100/1100/317 1101/1101/317
f 1102/1102/318 1103/1103/318 1104/1104/318
f 1105/1105/319 1106/1106/319 1107/1107/319
f 1108/1108/320 1109/1109/320 1110/1110/320
f 1111/1111/116 1112/1112/116 1113/1113/116
f 1114/1114/321 1115/1115/321 1116/1116/321
f 1117/1117/322 1118/1118/322 1119/1119/322
f 1120/1120/323 1121/1121/323 1122/1122/323
f 1123/1123/324 1124/1124/324 1125/1125/324
f 1126/1126/325 1127/1127/325 1128/1128/325
f 1129/1129/326 1130/1130/326 1131/1131/326
f 1132/1132/327 1133/1133/327 1134/1134/327
f 1135/1135/328 1136/1136/328 1137/1137/328
f 1138/1138/329 1139/1139/329 1140/1140/329
f 1141/1141/330 1142/1142/330 1143/1143/330
f 1144/1144/331 1145/1145/331 1146/1146/331
f 1147/1147/332 1148/1148/332 1149/1149/332
f 1150/1150/333 1151/1151/333 1152/1152/333
f 1153/1153/334 1154/1154/334 1155/1155/334
f 1156/1156/335 1157/1157/335 1158/1158/335
f 1159/1159/336 1160/1160/336 1161/1161/336
f 1162/1162/337 1163/1163/337 1164/1164/337
f 1165/1165/338 1166/1166/338 1167/1167/338
f 1168/1168/339 1169/1169/339 1170/1170/339
f 1171/1171/340 1172/1172/340 1173/1173/340
f 1174/1174/341 1175/1175/341 1176/1176/341
f 1177/1177/342 1178/1178/342 1179/1179/342
f 1180/1180/64 1181/1181/64 1182/1182/64
f 1183/1183/116 1184/1184/116 1185/1185/116
f 1186/1186/64 1187/1187/64 1188/1188/64
f 1189/1189/116 1190/1190/116 1191/1191/116
f 1192/1192/64 1193/1193/64 1194/1194/64
f 1195/1195/116 1196/1196/116 1197/1197/116
f 1198/1198/64 1199/1199/64 1200/1200/64
f 1201/1201/116 1202/1202/116 1203/1203/116
f 1204/1204/64 1205/1205/64 1206/1206/64
f 1207/1207/64 1208/1208/64 1209/1209/64
f 1210/1210/116 1211/1211/116 1212/1212/116
f 1213/1213/64 1214/1214/64 1215/1215/64
f 1216/1216/116 1217/1217/116 1218/1218/116
f 1219/1219/64 1220/1220/64 1221/1221/64
f 1222/1222/116 1223/1223/116 1224/1224/116
f 1225/1225/64 1226/1226/64 1227/1227/64
f 1228/1228/116 1229/1229/116 1230/1230/116
f 1231/1231/64 1232/1232/64 1233/1233/64
f 1234/1234/64 1235/1235/64 1236/1236/64
f 1237/1237/116 1238/1238/116 1239/1239/116
f 1240/1240/64 1241/1241/64 1242/1242/64
f 1243/1243/116 1244/1244/116 1245/1245/116
f 1246/1246/116 1247/1247/116 1248/1248/116
f 1249/1249/64 1250/1250/64 1251/1251/64
f 1252/1252/64 1253/1253/64 1254/1254/64
f 1255/1255/116 1256/1256/116 1257/1257/116
f 1258/1258/64 1259/1259/64 1260/1260/64
f 1261/1261/116 1262/1262/116 1263/1263/116
f 1264/1264/64 1265/1265/64 1266/1266/64
f 1267/1267/116 1268/1268/116 1269/1269/116
f 1270/1270/64 1271/1271/64 1272/1272/64
f 1273/1273/116 1274/1274/116 1275/1275/116
f 1276/1276/64 1277/1277/64 1278/1278/64
f 1279/1279/116 1280/1280/116 1281/1281/116
f 1282/1282/343 1283/1283/343 1284/1284/343
f 1285/1285/344 1286/1286/344 1287/1287/344
f 1288/1288/345 1289/1289/345 1290/1290/345
f 1291/1291/346 1292/1292/346 1293/1293/346
f 1294/1294/347 1295/1295/347 1296/1296/347
f 1297/1297/348 1298/1298/348 1299/1299/348
f 1300/1300/349 1301/1301/349 1302/1302/349
f 1303/1303/116 1304/1304/116 1305/1305/116
f 1306/1306/64 1307/1307/64 1308/1308/64
f 1309/1309/116 1310/1310/116 1311/1311/116
f 1312/1312/64 1313/1313/64 1314/1314/64
f 1315/1315/116 1316/1316/116 1317/1317/116
f 1318/1318/116 1319/1319/116 1320/1320/116
f 1321/1321/64 1322/1322/64 1323/1323/64
f 1324/1324/116 1325/1325/116 1326/1326/116
f 1327/1327/64 1328/1328/64 1329/1329/64
f 1330/1330/116 1331/1331/116 1332/1332/116
f 1333/1333/116 1334/1334/116 1335/1335/116
f 1336/1336/116 1337/1337/116 1338/1338/116
f 1339/1339/64 1340/1340/64 1341/1341/64
f 1342/1342/116 1343/1343/116 1344/1344/116
f 1345/1345/64 1346/1346/64 1347/1347/64
f 1348/1348/116 1349/1349/116 1350/1350/116
f 1351/1351/64 1352/1352/64 1353/1353/64
f 1354/1354/64 1355/1355/64 1356/1356/64
f 1357/1357/116 1358/1358/116 1359/1359/116
f 1360/1360/64 1361/1361/64 1362/1362/64
f 1363/1363/71 1364/1364/71 1365/1365/71
f 1366/1366/64 1367/1367/64 1368/1368/64
f 1369/1369/116 1370/1370/116 1371/1371/116
f 1372/1372/64 1373/1373/64 1374/1374/64
f 1375/1375/116 1376/1376/116 1377/1377/116
f 1378/1378/350 1379/1379/350 1380/1380/350
f 1381/1381/351 1382/1382/351 1383/1383/351
f 1384/1384/352 1385/1385/352 1386/1386/352
f 1387/1387/353 1388/1388/353 1389/1389/353
f 1390/1390/354 1391/1391/354 1392/1392/354
f 1393/1393/355 1394/1394/355 1395/1395/355
f 1396/1396/356 1397/1397/356 1398/1398/356
f 1399/1399/357 1400/1400/357 1401/1401/357
f 1402/1402/358 1403/1403/358 1404/1404/358
f 1405/1405/359 1406/1406/359 1407/1407/359
f 1408/1408/360 1409/1409/360 1410/1410/360
f 1411/1411/361 1412/1412/361 1413/1413/361
f 1414/1414/362 1415/1415/362 1416/1416/362
f 1417/1417/363 1418/1418/363 1419/1419/363
f 1420/1420/364 1421/1421/364 1422/1422/364
f 1423/1423/365 1424/1424/365 1425/1425/365
f 1426/1426/366 1427/1427/366 1428/1428/366
f 1429/1429/367 1430/1430/367 1431/1431/367
f 1432/1432/368 1433/1433/368 1434/1434/368
f 1435/1435/369 1436/1436/369 1437/1437/369
f 1438/1438/370 1439/1439/370 1440/1440/370
f 1441/1441/371 1442/1442/371 1443/1443/371
f 1444/1444/372 1445/1445/372 1446/1446/372
f 1447/1447/373 1448/1448/373 1449/1449/373
f 1450/1450/374 1451/1451/374 1452/1452/374
f 1453/1453/375 1454/1454/375 1455/1455/375
f 1456/1456/376 1457/1457/376 1458/1458/376
f 1459/1459/377 1460/1460/377 1461/1461/377
f 1462/1462/116 1463/1463/116 1464/1464/116
f 1465/1465/64 1466/1466/64 1467/1467/64
f 1468/1468/64 1469/1469/64 1470/1470/64
f 1471/1471/116 1472/1472/116 1473/1473/116
f 1474/1474/378 1475/1475/378 1476/1476/378
f 1477/1477/379 1478/1478/379 1479/1479/379
f 1480/1480/380 1481/1481/380 1482/1482/380
f 1483/1483/381 1484/1484/381 1485/1485/381
f 1486/1486/116 1487/1487/116 1488/1488/116
f 1489/1489/64 1490/1490/64 1491/1491/64
f 1492/1492/116 1493/1493/116 1494/1494/116
f 1495/1495/64 1496/1496/64 1497/1497/64
f 1498/1498/116 1499/1499/116 1500/1500/116
f 1501/1501/64 1502/1502/64 1503/1503/64
f 1504/1504/64 1505/1505/64 1506/1506/64
f 1507/1507/116 1508/1508/116 1509/1509/116
f 1510/1510/382 1511/1511/382 1512/1512/382
f 1513/1513/383 1514/1514/383 1515/1515/383
f 1516/1516/64 1517/1517/64 1518/1518/64
f 1519/1519/116 1520/1520/116 1521/1521/116
f 1522/1522/116 1523/1523/116 1524/1524/116
f 1525/1525/64 1526/1526/64 1527/1527/64
f 1528/1528/64 1529/1529/64 1530/1530/64
f 1531/1531/64 1532/1532/64 1533/1533/64
f 1534/1534/64 1535/1535/64 1536/1536/64
f 1537/1537/116 1538/1538/116 1539/1539/116
f 1540/1540/116 1541/1541/116 1542/1542/116
f 1543/1543/384 1544/1544/384 1545/1545/384
f 1546/1546/385 1547/1547/385 1548/1548/385
f 1549/1549/386 1550/1550/386 1551/1551/386
f 1552/1552/387 1553/1553/387 1554/1554/387
f 1555/1555/116 1556/1556/116 1557/1557/116
f 1558/1558/116 1559/1559/116 1560/1560/116
f 1561/1561/116 1562/1562/116 1563/1563/116
f 1564/1564/388 1565/1565/388 1566/1566/388
f 1567/1567/389 1568/1568/389 1569/1569/389
f 1570/1570/390 1571/1571/390 1572/1572/390
f 1573/1573/391 1574/1574/391 1575/1575/391
f 1576/1576/392 1577/1577/392 1578/1578/392
f 1579/1579/393 1580/1580/393 1581/1581/393
f 1582/1582/394 1583/1583/394 1584/1584/394
f 1585/1585/64 1586/1586/64 1587/1587/64
f 1588/1588/64 1589/1589/64 1590/1590/64
