mtllib youngxehanortskeyblade.mtl
v 0.000000 -13.550200 -1.236003
v 0.000000 -13.550200 1.235997
v 0.000000 -11.230801 -1.236003
v 0.000000 -11.230801 1.235998
v 0.000000 -13.550200 -1.236003
v 0.000000 -11.230801 -1.236003
v 0.000000 -13.550200 1.235997
v 0.000000 -11.230801 1.235998
v 0.698874 -4.528950 -3.283791
v 0.698874 -5.276649 -4.095581
v 0.698874 -3.234959 -4.809721
v 0.698874 -3.109839 -3.778190
v 0.698874 -4.528950 -3.283791
v 0.698874 -3.234959 -4.809721
v -0.698874 -5.276649 -4.095581
v -0.698874 -4.528950 -3.283791
v -0.698874 -3.234959 -4.809721
v -0.698874 -3.109839 -3.778190
v -0.698874 -3.234959 -4.809721
v -0.698874 -4.528950 -3.283791
v 0.698874 2.404862 -11.487200
v 0.698874 2.359082 -9.350870
v 0.698874 0.677513 -11.487200
v 0.698874 -0.061035 -9.524830
v 0.698874 0.677513 -11.487200
v 0.698874 2.359082 -9.350870
v 0.000000 -7.901239 -2.395701
v 2.337720 -7.901240 -0.000001
v -2.337720 -7.901240 -0.000001
v 0.000000 -7.901240 2.395699
v -2.337720 -7.901240 -0.000001
v 2.337720 -7.901240 -0.000001
v 0.698874 -8.493299 -1.406901
v 0.698874 -6.881920 -1.406901
v -0.698874 -6.881920 -1.406901
v -0.698874 -8.493299 -1.406901
v 0.698874 -8.493299 -1.406901
v -0.698874 -6.881920 -1.406901
v -1.599170 5.114900 1.495411
v -1.889100 6.344800 0.000001
v -1.599170 5.114901 -1.495409
v -1.889100 6.341750 1.876891
v -1.889100 6.344800 0.000001
v -1.599170 5.114900 1.495411
v -1.074250 13.418999 4.217662
v -1.074250 13.666201 2.868743
v -1.074250 12.851299 1.876893
v -1.074250 11.773999 5.145423
v -1.074250 13.418999 4.217662
v -1.074250 12.851299 1.876893
v 0.000000 -6.622519 -2.395701
v -2.337720 -6.622520 -0.000001
v 2.337720 -6.622520 -0.000001
v 0.000000 -6.622520 2.395699
v 2.337720 -6.622520 -0.000001
v -2.337720 -6.622520 -0.000001
v 1.599170 5.114900 1.495411
v 1.599170 5.114901 -1.495409
v 1.889100 6.344800 0.000001
v 1.889100 6.344800 0.000001
v 1.889100 6.341750 1.876891
v 1.599170 5.114900 1.495411
v 1.889100 16.956100 -2.554396
v 1.889100 15.555301 -4.583877
v 1.638840 16.272501 -4.721207
v 1.889100 14.203300 -1.867728
v 1.889100 15.555301 -4.583877
v 1.889100 16.956100 -2.554396
v -1.074250 7.272559 5.240031
v -1.074250 7.718130 3.253271
v 1.074250 7.272559 5.240031
v 1.074250 7.718130 3.253271
v 1.074250 7.272559 5.240031
v -1.074250 7.718130 3.253271
v -1.074250 7.718131 -3.253269
v -1.074250 12.851299 -1.876887
v -1.074250 9.598070 -4.181038
v -1.074250 7.272561 -5.240028
v -1.074250 7.718131 -3.253269
v -1.074250 9.598070 -4.181038
v -1.074250 7.272561 -5.240028
v 1.074250 7.272561 -5.240028
v -1.074250 7.718131 -3.253269
v 1.074250 7.272561 -5.240028
v 1.074250 7.718131 -3.253269
v -1.074250 7.718131 -3.253269
v -1.345870 9.628592 -7.766958
v -1.345870 8.209481 -6.338688
v 1.345870 9.628592 -7.766958
v 1.345870 9.628592 -7.766958
v 1.345870 8.209482 -9.192179
v -1.345870 9.628592 -7.766958
v -0.698874 0.677513 -11.487200
v -0.698874 -0.061035 -9.524830
v -0.698874 2.359082 -9.350870
v -0.698874 2.404862 -11.487200
v -0.698874 0.677513 -11.487200
v -0.698874 2.359082 -9.350870
v -0.698874 -5.276650 4.095579
v -0.698874 -3.234961 4.809720
v -0.698874 -4.528951 3.283789
v -0.698874 -3.234961 4.809720
v -0.698874 -3.109841 3.778189
v -0.698874 -4.528951 3.283789
v 0.698874 -5.276650 4.095579
v 0.698874 -4.528951 3.283789
v 0.698874 -3.234961 4.809720
v 0.698874 -3.109841 3.778189
v 0.698874 -3.234961 4.809720
v 0.698874 -4.528951 3.283789
v 0.698874 2.359077 9.350870
v 0.698874 2.404858 11.487200
v 0.698874 0.677508 11.487200
v 0.698874 -0.061039 9.524830
v 0.698874 2.359077 9.350870
v 0.698874 0.677508 11.487200
v 1.889100 15.555299 4.583882
v 1.889100 14.203300 1.867732
v 1.889100 16.956100 2.554404
v 1.889100 15.555299 4.583882
v 1.889100 16.956100 2.554404
v 1.638840 16.272501 4.721213
v -1.174960 22.113701 3.933845
v -1.638840 16.272501 4.721213
v -1.287880 16.718000 5.508594
v -1.174960 22.113701 3.933845
v -1.690730 18.445400 2.481154
v -1.638840 16.272501 4.721213
v 1.074250 13.419001 -4.217657
v 1.074250 13.666201 -2.868737
v 1.074250 12.851299 -1.876887
v 1.074250 11.774001 -5.145418
v 1.074250 13.419001 -4.217657
v 1.074250 12.851299 -1.876887
v -0.698874 -0.061039 9.524830
v -0.698874 0.677508 11.487200
v -0.698874 2.359077 9.350870
v -0.698874 2.404858 11.487200
v -0.698874 2.359077 9.350870
v -0.698874 0.677508 11.487200
v 1.345870 12.851299 1.876893
v 1.345870 14.203300 1.867733
v 1.345870 13.666201 2.868743
v 1.345870 14.203300 1.867733
v 1.345870 15.555299 4.583882
v 1.345870 13.666201 2.868743
v -1.345870 13.418999 4.217662
v -1.345870 11.773999 5.145423
v -1.345870 13.153499 6.839202
v -1.889100 6.344800 0.000001
v -1.889100 6.341751 -1.876889
v -1.599170 5.114901 -1.495409
v 0.000000 16.147299 7.657093
v 1.287880 16.718000 5.508594
v 0.000000 18.405699 7.803584
v -1.345870 8.685571 -5.761888
v -1.345870 10.373200 -4.965358
v -1.345870 10.364101 -6.497387
v 1.287880 16.718000 5.508594
v 0.000000 16.147299 7.657093
v -1.287880 16.718000 5.508594
v -1.345870 8.209479 6.338693
v -1.345870 8.685569 5.761891
v -1.345870 7.272559 5.240031
v -1.599170 5.114901 -1.495409
v 1.599170 5.114901 -1.495409
v 1.599170 5.114900 1.495411
v -0.698874 -11.542099 -4.232923
v 0.698874 -11.542099 -4.232923
v -0.698874 -10.104700 -2.194282
v 0.698874 -4.168828 -8.343760
v 0.698874 -0.366221 -5.816830
v 0.698874 -4.358038 -7.367170
v -1.345870 12.851299 1.876893
v -1.345870 13.666201 2.868743
v -1.345870 14.203300 1.867733
v 0.000000 32.099400 -2.343814
v 0.845363 25.922400 -3.372295
v 0.000000 26.630503 -5.890065
v -1.345870 10.364100 6.497392
v -1.345870 10.144399 7.037572
v -1.345870 11.777099 7.293923
v 0.698874 -11.542099 -4.232923
v 0.698874 -11.654999 -7.025363
v 0.698874 -9.189119 -6.503492
v 1.889100 6.341751 -1.876889
v 1.889100 6.344800 0.000001
v 1.599170 5.114901 -1.495409
v 1.889100 12.851299 -1.876887
v 1.889100 14.203300 -1.867728
v 1.889100 12.170800 0.000002
v -1.345870 13.153501 -6.839198
v -1.345870 11.777101 -7.293918
v -1.345870 11.774001 -5.145418
v -0.698874 5.554371 -7.055879
v 0.698874 5.554371 -7.055879
v -0.698874 5.554371 -8.273569
v -1.889100 13.913402 -7.129117
v -3.039640 12.570602 -7.742548
v -1.345870 13.153501 -6.839198
v -0.698874 -4.168828 -8.343760
v 0.698874 -4.168828 -8.343760
v -0.698874 -4.358038 -7.367170
v -0.698874 -0.366223 5.816830
v -0.698874 -5.276650 4.095579
v -0.698874 -4.358042 7.367169
v -0.698874 -5.035549 -6.952121
v 0.698874 -5.035549 -6.952121
v -0.698874 -5.780209 -7.306132
v -0.698874 3.451638 9.271521
v -0.698874 5.554368 8.273571
v -0.698874 5.554368 7.055882
v 0.000000 -7.901240 1.614429
v -1.355020 -7.901240 -0.000001
v -1.715140 -9.277630 -0.000002
v 0.000000 17.728201 -1.849416
v 1.889100 17.999800 0.000004
v 0.000000 17.163601 -2.047786
v -0.698874 -6.881920 1.406899
v 0.698874 -6.881920 1.406899
v -0.698874 -8.493299 1.406899
v 0.000000 17.163601 2.047794
v 0.000000 17.728201 1.849424
v -1.889100 17.999800 0.000004
v -1.889100 16.956100 2.554404
v 1.889100 16.956100 2.554404
v 1.889100 17.999800 0.000004
v 0.000000 -7.901239 -1.614431
v 1.355020 -7.901240 -0.000001
v 1.715140 -9.277630 -0.000002
v -0.454726 -10.177900 -1.019322
v 0.000000 -9.753719 -2.124092
v 0.454726 -10.177900 -1.019322
v -0.698874 2.359082 -9.350870
v 0.698874 2.359082 -9.350870
v -0.698874 2.404862 -11.487200
v 0.000000 16.147303 -7.657086
v 0.000000 18.405703 -7.803576
v 1.287880 16.718000 -5.508586
v -1.074250 13.419001 -4.217657
v -1.074250 12.851299 -1.876887
v -1.074250 13.666201 -2.868737
v -1.345870 12.851299 -1.876887
v -1.345870 14.203300 -1.867727
v -1.345870 13.666201 -2.868737
v -1.345870 14.719101 -4.840238
v -1.345870 14.575602 -5.783257
v -1.345870 13.419001 -4.217657
v 0.000000 -6.622520 -1.266521
v -1.229900 -6.622520 -0.000001
v 0.000000 5.114900 -1.266519
v -0.698874 -5.276650 4.095579
v -0.698874 -4.528951 3.283789
v 0.698874 -5.276650 4.095579
v -0.698874 -5.276649 -4.095581
v 0.698874 -5.276649 -4.095581
v -0.698874 -4.528950 -3.283791
v 1.345870 13.153499 6.839202
v 1.889100 13.913400 7.129122
v 3.039640 12.570601 7.742553
v -1.889100 14.203300 1.867733
v -1.889100 12.170800 0.000003
v -1.889100 12.851299 1.876893
v 1.345870 10.144399 7.037572
v 1.345870 10.364100 6.497392
v 1.345870 11.777099 7.293923
v 1.345870 10.364100 6.497392
v 1.345870 8.685569 5.761891
v 1.345870 10.373199 4.965363
v 1.345870 6.668292 -7.766958
v 1.345870 8.209482 -9.192179
v 1.345870 9.628592 -7.766958
v 1.345870 10.144401 -7.037569
v 1.345870 11.777101 -7.293918
v 1.345870 10.364101 -6.497387
v 1.345870 11.774001 -5.145418
v 1.345870 13.153501 -6.839198
v 1.345870 13.419001 -4.217657
v 1.345870 12.851299 -1.876887
v 1.345870 13.666201 -2.868737
v 1.345870 14.203300 -1.867727
v -1.599170 5.114901 -1.495409
v 1.599170 5.114900 1.495411
v -1.599170 5.114900 1.495411
v 1.599170 5.114900 1.495411
v -1.889100 6.341750 1.876891
v -1.599170 5.114900 1.495411
v 1.599170 5.114900 1.495411
v 1.889100 6.341750 1.876891
v -1.889100 6.341750 1.876891
v 1.889100 6.341750 1.876891
v -1.889100 7.718130 3.253271
v -1.889100 6.341750 1.876891
v 1.889100 6.341750 1.876891
v 1.889100 7.718130 3.253271
v -1.889100 7.718130 3.253271
v 1.889100 7.718130 3.253271
v -1.889100 9.598068 3.756833
v -1.889100 7.718130 3.253271
v 1.889100 7.718130 3.253271
v 1.889100 9.598068 3.756833
v -1.889100 9.598068 3.756833
v 1.889100 9.598068 3.756833
v -1.889100 11.474998 3.253272
v -1.889100 9.598068 3.756833
v 1.889100 9.598068 3.756833
v 1.889100 11.474998 3.253272
v -1.889100 11.474998 3.253272
v 1.889100 11.474998 3.253272
v -1.889100 12.851299 1.876893
v -1.889100 11.474998 3.253272
v 1.889100 11.474998 3.253272
v 1.889100 12.851299 1.876892
v -1.889100 12.851299 1.876893
v 1.889100 12.851299 1.876892
v -1.889100 14.203300 1.867733
v -1.889100 12.851299 1.876893
v 1.889100 12.851299 1.876892
v 1.889100 14.203300 1.867732
v -1.889100 14.203300 1.867733
v 1.889100 14.203300 1.867732
v -1.889100 15.555299 4.583882
v -1.889100 14.203300 1.867733
v 1.889100 14.203300 1.867732
v 1.889100 15.555299 4.583882
v -1.889100 15.555299 4.583882
v 1.889100 15.555299 4.583882
v 1.638840 16.272501 4.721213
v -1.889100 15.555299 4.583882
v -1.599170 5.114901 -1.495409
v -1.889100 6.341751 -1.876889
v 1.599170 5.114901 -1.495409
v -1.889100 6.341751 -1.876889
v 1.889100 6.341751 -1.876889
v 1.599170 5.114901 -1.495409
v -1.889100 6.341751 -1.876889
v -1.889100 7.718131 -3.253269
v 1.889100 6.341751 -1.876889
v -1.889100 7.718131 -3.253269
v 1.889100 7.718131 -3.253269
v 1.889100 6.341751 -1.876889
v -1.889100 7.718131 -3.253269
v -1.889100 9.598070 -3.756828
v 1.889100 7.718131 -3.253269
v -1.889100 9.598070 -3.756828
v 1.889100 9.598070 -3.756828
v 1.889100 7.718131 -3.253269
v -1.889100 9.598070 -3.756828
v -1.889100 11.475000 -3.253267
v 1.889100 9.598070 -3.756828
v -1.889100 11.475000 -3.253267
v 1.889100 11.475000 -3.253267
v 1.889100 9.598070 -3.756828
v -1.889100 11.475000 -3.253267
v -1.889100 12.851299 -1.876887
v 1.889100 11.475000 -3.253267
v -1.889100 12.851299 -1.876887
v 1.889100 12.851299 -1.876887
v 1.889100 11.475000 -3.253267
v -1.889100 12.851299 -1.876887
v -1.889100 14.203300 -1.867727
v 1.889100 12.851299 -1.876887
v -1.889100 14.203300 -1.867727
v 1.889100 14.203300 -1.867728
v 1.889100 12.851299 -1.876887
v -1.889100 14.203300 -1.867727
v -1.889100 15.555301 -4.583877
v 1.889100 14.203300 -1.867728
v -1.889100 15.555301 -4.583877
v 1.889100 15.555301 -4.583877
v 1.889100 14.203300 -1.867728
v -1.889100 15.555301 -4.583877
v 1.638840 16.272501 -4.721207
v 1.889100 15.555301 -4.583877
v 1.190220 37.409599 0.000008
v 0.000000 26.053699 -1.849415
v 0.000000 37.409599 -1.849412
v 0.000000 26.053699 -1.849415
v -1.190220 37.409599 0.000008
v 0.000000 37.409599 -1.849412
v 0.000000 26.053699 -1.849415
v -1.571700 26.053699 0.000005
v -1.190220 37.409599 0.000008
v -1.571700 26.053699 0.000005
v 0.000000 26.053699 1.849425
v -1.190220 37.409599 0.000008
v -1.571700 26.053699 0.000005
v 0.000000 23.990601 3.695795
v 0.000000 26.053699 1.849425
v 0.000000 23.990601 3.695795
v 1.571700 26.053699 0.000005
v 0.000000 26.053699 1.849425
v 0.000000 23.990601 3.695795
v 1.684620 22.483000 0.000005
v 1.571700 26.053699 0.000005
v 1.684620 22.483000 0.000005
v 0.000000 23.990601 -3.695785
v 1.571700 26.053699 0.000005
v 1.684620 22.483000 0.000005
v 0.000000 22.483000 -1.849415
v 0.000000 23.990601 -3.695785
v 0.000000 22.483000 -1.849415
v -1.684620 22.483000 0.000005
v 0.000000 23.990601 -3.695785
v 0.000000 22.483000 -1.849415
v -1.889100 17.999800 0.000004
v -1.684620 22.483000 0.000005
v -1.889100 17.999800 0.000004
v 0.000000 22.483000 1.849425
v -1.684620 22.483000 0.000005
v -1.889100 17.999800 0.000004
v 0.000000 17.728201 1.849424
v 0.000000 22.483000 1.849425
v 0.000000 17.728201 1.849424
v 1.889100 17.999800 0.000004
v 0.000000 22.483000 1.849425
v 0.000000 17.728201 1.849424
v 0.000000 17.163601 2.047794
v 1.889100 17.999800 0.000004
v -1.190220 37.409599 0.000008
v 0.000000 26.053699 1.849425
v 0.000000 37.409599 1.849428
v 0.000000 26.053699 1.849425
v 1.190220 37.409599 0.000008
v 0.000000 37.409599 1.849428
v 0.000000 26.053699 1.849425
v 1.571700 26.053699 0.000005
v 1.190220 37.409599 0.000008
v 1.571700 26.053699 0.000005
v 0.000000 26.053699 -1.849415
v 1.190220 37.409599 0.000008
v 1.571700 26.053699 0.000005
v 0.000000 23.990601 -3.695785
v 0.000000 26.053699 -1.849415
v 0.000000 23.990601 -3.695785
v -1.571700 26.053699 0.000005
v 0.000000 26.053699 -1.849415
v 0.000000 23.990601 -3.695785
v -1.684620 22.483000 0.000005
v -1.571700 26.053699 0.000005
v -1.684620 22.483000 0.000005
v 0.000000 23.990601 3.695795
v -1.571700 26.053699 0.000005
v -1.684620 22.483000 0.000005
v 0.000000 22.483000 1.849425
v 0.000000 23.990601 3.695795
v 0.000000 22.483000 1.849425
v 1.684620 22.483000 0.000005
v 0.000000 23.990601 3.695795
v 0.000000 22.483000 1.849425
v 1.889100 17.999800 0.000004
v 1.684620 22.483000 0.000005
v 1.889100 17.999800 0.000004
v 0.000000 22.483000 -1.849415
v 1.684620 22.483000 0.000005
v 1.889100 17.999800 0.000004
v 0.000000 17.728201 -1.849416
v 0.000000 22.483000 -1.849415
v 0.000000 17.728201 -1.849416
v -1.889100 17.999800 0.000004
v 0.000000 22.483000 -1.849415
v 0.000000 17.728201 -1.849416
v 0.000000 17.163601 -2.047786
v -1.889100 17.999800 0.000004
v 1.345870 7.272561 -5.240028
v 1.345870 9.598070 -4.181038
v -1.345870 7.272561 -5.240028
v 1.345870 9.598070 -4.181038
v -1.345870 9.598070 -4.181038
v -1.345870 7.272561 -5.240028
v 1.345870 9.598070 -4.181038
v 1.345870 10.373200 -4.965358
v -1.345870 9.598070 -4.181038
v 1.345870 10.373200 -4.965358
v -1.345870 10.373200 -4.965358
v -1.345870 9.598070 -4.181038
v 1.345870 10.373200 -4.965358
v 1.345870 11.774001 -5.145418
v -1.345870 10.373200 -4.965358
v 1.345870 11.774001 -5.145418
v -1.345870 11.774001 -5.145418
v -1.345870 10.373200 -4.965358
v 1.345870 11.774001 -5.145418
v 1.345870 13.419001 -4.217657
v -1.345870 11.774001 -5.145418
v 1.345870 13.419001 -4.217657
v -1.345870 13.419001 -4.217657
v -1.345870 11.774001 -5.145418
v 1.345870 13.419001 -4.217657
v 1.345870 13.666201 -2.868737
v -1.345870 13.419001 -4.217657
v 1.345870 13.666201 -2.868737
v -1.345870 13.666201 -2.868737
v -1.345870 13.419001 -4.217657
v 1.345870 13.666201 -2.868737
v 1.345870 12.851299 -1.876887
v -1.345870 13.666201 -2.868737
v 1.345870 12.851299 -1.876887
v -1.345870 12.851299 -1.876887
v -1.345870 13.666201 -2.868737
v 0.000000 32.099400 -2.343814
v -0.845363 25.922400 -3.372295
v 0.845363 25.922400 -3.372295
v -0.845363 25.922400 -3.372295
v 0.973540 24.875601 -3.820915
v 0.845363 25.922400 -3.372295
v -0.845363 25.922400 -3.372295
v -0.973540 24.875601 -3.820915
v 0.973540 24.875601 -3.820915
v -0.973540 24.875601 -3.820915
v 1.174960 22.113701 -3.933836
v 0.973540 24.875601 -3.820915
v -0.973540 24.875601 -3.820915
v -1.174960 22.113701 -3.933836
v 1.174960 22.113701 -3.933836
v -1.174960 22.113701 -3.933836
v 1.690730 18.445400 -2.481146
v 1.174960 22.113701 -3.933836
v -1.174960 22.113701 -3.933836
v -1.690730 18.445400 -2.481146
v 1.690730 18.445400 -2.481146
v -1.690730 18.445400 -2.481146
v 1.889100 16.956100 -2.554396
v 1.690730 18.445400 -2.481146
v -1.690730 18.445400 -2.481146
v -1.889100 16.956100 -2.554396
v 1.889100 16.956100 -2.554396
v -1.889100 16.956100 -2.554396
v 1.889100 17.999800 0.000004
v 1.889100 16.956100 -2.554396
v -1.889100 16.956100 -2.554396
v -1.889100 17.999800 0.000004
v 1.889100 17.999800 0.000004
v -1.889100 17.999800 0.000004
v -1.889100 16.956100 2.554404
v 1.889100 17.999800 0.000004
v -1.345870 7.272559 5.240031
v -1.345870 9.598068 4.181042
v 1.345870 7.272559 5.240031
v -1.345870 9.598068 4.181042
v 1.345870 9.598068 4.181042
v 1.345870 7.272559 5.240031
v -1.345870 9.598068 4.181042
v -1.345870 10.373199 4.965363
v 1.345870 9.598068 4.181042
v -1.345870 10.373199 4.965363
v 1.345870 10.373199 4.965363
v 1.345870 9.598068 4.181042
v -1.345870 10.373199 4.965363
v -1.345870 11.773999 5.145423
v 1.345870 10.373199 4.965363
v -1.345870 11.773999 5.145423
v 1.345870 11.773999 5.145423
v 1.345870 10.373199 4.965363
v -1.345870 11.773999 5.145423
v -1.345870 13.418999 4.217662
v 1.345870 11.773999 5.145423
v -1.345870 13.418999 4.217662
v 1.345870 13.418999 4.217662
v 1.345870 11.773999 5.145423
v -1.345870 13.418999 4.217662
v -1.345870 13.666201 2.868743
v 1.345870 13.418999 4.217662
v -1.345870 13.666201 2.868743
v 1.345870 13.666201 2.868743
v 1.345870 13.418999 4.217662
v -1.345870 13.666201 2.868743
v -1.345870 12.851299 1.876893
v 1.345870 13.666201 2.868743
v -1.345870 12.851299 1.876893
v 1.345870 12.851299 1.876893
v 1.345870 13.666201 2.868743
v 1.345870 9.628592 -7.766958
v -1.345870 8.209481 -6.338688
v 1.345870 8.209481 -6.338688
v -1.345870 8.209481 -6.338688
v 1.345870 8.685571 -5.761888
v 1.345870 8.209481 -6.338688
v -1.345870 8.209481 -6.338688
v -1.345870 8.685571 -5.761888
v 1.345870 8.685571 -5.761888
v -1.345870 8.685571 -5.761888
v 1.345870 10.364101 -6.497387
v 1.345870 8.685571 -5.761888
v -1.345870 8.685571 -5.761888
v -1.345870 10.364101 -6.497387
v 1.345870 10.364101 -6.497387
v -1.345870 10.364101 -6.497387
v 1.345870 10.144401 -7.037569
v 1.345870 10.364101 -6.497387
v -1.345870 10.364101 -6.497387
v -1.345870 10.144401 -7.037569
v 1.345870 10.144401 -7.037569
v -1.345870 10.144401 -7.037569
v 1.345870 11.777101 -7.293918
v 1.345870 10.144401 -7.037569
v -1.345870 10.144401 -7.037569
v -1.345870 11.777101 -7.293918
v 1.345870 11.777101 -7.293918
v -1.345870 11.777101 -7.293918
v 1.345870 13.153501 -6.839198
v 1.345870 11.777101 -7.293918
v -1.345870 11.777101 -7.293918
v -1.345870 13.153501 -6.839198
v 1.345870 13.153501 -6.839198
v -1.345870 13.153499 6.839202
v -1.345870 11.777099 7.293923
v 1.345870 13.153499 6.839202
v -1.345870 11.777099 7.293923
v 1.345870 11.777099 7.293923
v 1.345870 13.153499 6.839202
v -1.345870 11.777099 7.293923
v -1.345870 10.144399 7.037572
v 1.345870 11.777099 7.293923
v -1.345870 10.144399 7.037572
v 1.345870 10.144399 7.037572
v 1.345870 11.777099 7.293923
v -1.345870 10.144399 7.037572
v -1.345870 10.364100 6.497392
v 1.345870 10.144399 7.037572
v -1.345870 10.364100 6.497392
v 1.345870 10.364100 6.497392
v 1.345870 10.144399 7.037572
v -1.345870 10.364100 6.497392
v -1.345870 8.685569 5.761891
v 1.345870 10.364100 6.497392
v -1.345870 8.685569 5.761891
v 1.345870 8.685569 5.761891
v 1.345870 10.364100 6.497392
v -1.345870 8.685569 5.761891
v -1.345870 8.209479 6.338693
v 1.345870 8.685569 5.761891
v -1.345870 8.209479 6.338693
v 1.345870 8.209479 6.338693
v 1.345870 8.685569 5.761891
v -1.345870 8.209479 6.338693
v 1.345870 9.628590 7.766962
v 1.345870 8.209479 6.338693
v 0.698874 -11.655001 7.025358
v 0.698874 -9.189121 6.503489
v -0.698874 -11.655001 7.025358
v 0.698874 -9.189121 6.503489
v -0.698874 -9.189121 6.503489
v -0.698874 -11.655001 7.025358
v 0.698874 -9.189121 6.503489
v 0.698874 -8.978551 5.438398
v -0.698874 -9.189121 6.503489
v 0.698874 -8.978551 5.438398
v -0.698874 -8.978551 5.438398
v -0.698874 -9.189121 6.503489
v 0.698874 -8.978551 5.438398
v 0.698874 -8.047729 5.102687
v -0.698874 -8.978551 5.438398
v 0.698874 -8.047729 5.102687
v -0.698874 -8.047729 5.102687
v -0.698874 -8.978551 5.438398
v 0.698874 -8.047729 5.102687
v 0.698874 -4.358042 7.367169
v -0.698874 -8.047729 5.102687
v 0.698874 -4.358042 7.367169
v -0.698874 -4.358042 7.367169
v -0.698874 -8.047729 5.102687
v 0.698874 -4.358042 7.367169
v 0.698874 -4.168831 8.343759
v -0.698874 -4.358042 7.367169
v 0.698874 -4.168831 8.343759
v -0.698874 -4.168831 8.343759
v -0.698874 -4.358042 7.367169
v 0.698874 -4.168828 -8.343760
v 0.698874 -4.358038 -7.367170
v -0.698874 -4.358038 -7.367170
v 0.698874 -4.358038 -7.367170
v -0.698874 -8.047728 -5.102692
v -0.698874 -4.358038 -7.367170
v 0.698874 -4.358038 -7.367170
v 0.698874 -8.047728 -5.102692
v -0.698874 -8.047728 -5.102692
v 0.698874 -8.047728 -5.102692
v -0.698874 -8.978549 -5.438403
v -0.698874 -8.047728 -5.102692
v 0.698874 -8.047728 -5.102692
v 0.698874 -8.978549 -5.438403
v -0.698874 -8.978549 -5.438403
v 0.698874 -8.978549 -5.438403
v -0.698874 -9.189119 -6.503492
v -0.698874 -8.978549 -5.438403
v 0.698874 -8.978549 -5.438403
v 0.698874 -9.189119 -6.503492
v -0.698874 -9.189119 -6.503492
v 0.698874 -9.189119 -6.503492
v -0.698874 -11.654999 -7.025363
v -0.698874 -9.189119 -6.503492
v 0.698874 -9.189119 -6.503492
v 0.698874 -11.654999 -7.025363
v -0.698874 -11.654999 -7.025363
v -1.889100 12.851299 -1.876887
v -1.889100 12.170800 0.000003
v -1.889100 14.203300 -1.867727
v -1.889100 12.170800 0.000003
v -1.889100 14.490201 0.000003
v -1.889100 14.203300 -1.867727
v -1.889100 12.170800 0.000003
v -1.889100 14.203300 1.867733
v -1.889100 14.490201 0.000003
v -1.889100 14.203300 1.867733
v -1.889100 15.222600 1.181074
v -1.889100 14.490201 0.000003
v -1.889100 14.203300 1.867733
v -1.889100 16.956100 2.554404
v -1.889100 15.222600 1.181074
v -1.889100 16.956100 2.554404
v -1.889100 16.531900 1.181074
v -1.889100 15.222600 1.181074
v -1.889100 16.956100 2.554404
v -1.889100 17.999800 0.000004
v -1.889100 16.531900 1.181074
v -1.889100 17.999800 0.000004
v -1.889100 17.264301 0.000004
v -1.889100 16.531900 1.181074
v -1.889100 17.999800 0.000004
v -1.889100 16.531900 -1.181066
v -1.889100 17.264301 0.000004
v -1.889100 16.956100 2.554404
v -1.690730 18.445400 2.481154
v 1.889100 16.956100 2.554404
v -1.690730 18.445400 2.481154
v 1.690730 18.445400 2.481154
v 1.889100 16.956100 2.554404
v -1.690730 18.445400 2.481154
v -1.174960 22.113701 3.933845
v 1.690730 18.445400 2.481154
v -1.174960 22.113701 3.933845
v 1.174960 22.113701 3.933845
v 1.690730 18.445400 2.481154
v -1.174960 22.113701 3.933845
v -0.973540 24.875601 3.820925
v 1.174960 22.113701 3.933845
v -0.973540 24.875601 3.820925
v 0.973540 24.875601 3.820925
v 1.174960 22.113701 3.933845
v -0.973540 24.875601 3.820925
v -0.845363 25.922400 3.372305
v 0.973540 24.875601 3.820925
v -0.845363 25.922400 3.372305
v 0.845363 25.922400 3.372305
v 0.973540 24.875601 3.820925
v -0.845363 25.922400 3.372305
v 0.000000 32.099400 2.343827
v 0.845363 25.922400 3.372305
v 1.889100 12.851299 1.876892
v 1.889100 12.170800 0.000002
v 1.889100 14.203300 1.867732
v 1.889100 12.170800 0.000002
v 1.889100 14.490201 0.000003
v 1.889100 14.203300 1.867732
v 1.889100 12.170800 0.000002
v 1.889100 14.203300 -1.867728
v 1.889100 14.490201 0.000003
v 1.889100 14.203300 -1.867728
v 1.889100 15.222600 -1.181067
v 1.889100 14.490201 0.000003
v 1.889100 14.203300 -1.867728
v 1.889100 16.956100 -2.554396
v 1.889100 15.222600 -1.181067
v 1.889100 16.956100 -2.554396
v 1.889100 16.531900 -1.181066
v 1.889100 15.222600 -1.181067
v 1.889100 16.956100 -2.554396
v 1.889100 17.999800 0.000004
v 1.889100 16.531900 -1.181066
v 1.889100 17.999800 0.000004
v 1.889100 17.264301 0.000004
v 1.889100 16.531900 -1.181066
v 1.889100 17.999800 0.000004
v 1.889100 16.531900 1.181074
v 1.889100 17.264301 0.000004
v -0.698874 -11.654999 -7.025363
v -0.698874 -11.542099 -4.232923
v -0.698874 -9.189119 -6.503492
v -0.698874 -11.542099 -4.232923
v -0.698874 -8.978549 -5.438403
v -0.698874 -9.189119 -6.503492
v -0.698874 -11.542099 -4.232923
v -0.698874 -7.016210 -3.216651
v -0.698874 -8.978549 -5.438403
v -0.698874 -7.016210 -3.216651
v -0.698874 -8.047728 -5.102692
v -0.698874 -8.978549 -5.438403
v -0.698874 -7.016210 -3.216651
v -0.698874 -6.372260 -4.028441
v -0.698874 -8.047728 -5.102692
v -0.698874 -6.372260 -4.028441
v -0.698874 -4.358038 -7.367170
v -0.698874 -8.047728 -5.102692
v -0.698874 -6.372260 -4.028441
v -0.698874 -5.276649 -4.095581
v -0.698874 -4.358038 -7.367170
v -0.698874 -5.276649 -4.095581
v -0.698874 -0.366221 -5.816830
v -0.698874 -4.358038 -7.367170
v 1.660210 11.798503 -11.499397
v 1.889100 13.913402 -7.129117
v 3.039640 12.570602 -7.742548
v 1.889100 13.913402 -7.129117
v 1.345870 13.153501 -6.839198
v 3.039640 12.570602 -7.742548
v 1.889100 13.913402 -7.129117
v 1.345870 14.575602 -5.783257
v 1.345870 13.153501 -6.839198
v 1.345870 14.575602 -5.783257
v 1.345870 13.419001 -4.217657
v 1.345870 13.153501 -6.839198
v 1.345870 14.575602 -5.783257
v 1.345870 14.719101 -4.840238
v 1.345870 13.419001 -4.217657
v 1.345870 14.719101 -4.840238
v 1.345870 13.666201 -2.868737
v 1.345870 13.419001 -4.217657
v 1.345870 14.719101 -4.840238
v 1.345870 15.555301 -4.583877
v 1.345870 13.666201 -2.868737
v 1.345870 15.555301 -4.583877
v 1.345870 14.203300 -1.867727
v 1.345870 13.666201 -2.868737
v -1.660210 11.798497 11.499403
v -1.889100 13.913400 7.129122
v -3.039640 12.570601 7.742553
v -1.889100 13.913400 7.129122
v -1.345870 13.153499 6.839202
v -3.039640 12.570601 7.742553
v -1.889100 13.913400 7.129122
v -1.345870 14.575600 5.783262
v -1.345870 13.153499 6.839202
v -1.345870 14.575600 5.783262
v -1.345870 13.418999 4.217662
v -1.345870 13.153499 6.839202
v -1.345870 14.575600 5.783262
v -1.345870 14.719099 4.840242
v -1.345870 13.418999 4.217662
v -1.345870 14.719099 4.840242
v -1.345870 13.666201 2.868743
v -1.345870 13.418999 4.217662
v -1.345870 14.719099 4.840242
v -1.345870 15.555299 4.583882
v -1.345870 13.666201 2.868743
v -1.345870 15.555299 4.583882
v -1.345870 14.203300 1.867733
v -1.345870 13.666201 2.868743
v 0.698874 -4.168831 8.343759
v 0.698874 -0.061039 9.524830
v -0.698874 -4.168831 8.343759
v 0.698874 -0.061039 9.524830
v -0.698874 -0.061039 9.524830
v -0.698874 -4.168831 8.343759
v 0.698874 -0.061039 9.524830
v 0.698874 3.451638 9.271521
v -0.698874 -0.061039 9.524830
v 0.698874 3.451638 9.271521
v -0.698874 3.451638 9.271521
v -0.698874 -0.061039 9.524830
v 0.698874 3.451638 9.271521
v 0.698874 5.554368 8.273571
v -0.698874 3.451638 9.271521
v 0.698874 5.554368 8.273571
v -0.698874 5.554368 8.273571
v -0.698874 3.451638 9.271521
v 0.698874 5.554368 8.273571
v 0.698874 5.554368 7.055882
v -0.698874 5.554368 8.273571
v 0.698874 5.554368 7.055882
v -0.698874 5.554368 7.055882
v -0.698874 5.554368 8.273571
v 0.698874 -7.278661 5.575728
v 0.698874 -7.806632 7.849359
v -0.698874 -7.278661 5.575728
v 0.698874 -7.806632 7.849359
v -0.698874 -7.806632 7.849359
v -0.698874 -7.278661 5.575728
v 0.698874 -7.806632 7.849359
v 0.698874 -6.537061 8.279669
v -0.698874 -7.806632 7.849359
v 0.698874 -6.537061 8.279669
v -0.698874 -6.537061 8.279669
v -0.698874 -7.806632 7.849359
v 0.698874 -6.537061 8.279669
v 0.698874 -5.780211 7.306129
v -0.698874 -6.537061 8.279669
v 0.698874 -5.780211 7.306129
v -0.698874 -5.780211 7.306129
v -0.698874 -6.537061 8.279669
v 0.698874 -5.780211 7.306129
v 0.698874 -5.035552 6.952119
v -0.698874 -5.780211 7.306129
v 0.698874 -5.035552 6.952119
v -0.698874 -5.035552 6.952119
v -0.698874 -5.780211 7.306129
v 0.698874 -11.655001 7.025358
v 0.698874 -11.542101 4.232918
v 0.698874 -9.189121 6.503489
v 0.698874 -11.542101 4.232918
v 0.698874 -8.978551 5.438398
v 0.698874 -9.189121 6.503489
v 0.698874 -11.542101 4.232918
v 0.698874 -7.016211 3.216649
v 0.698874 -8.978551 5.438398
v 0.698874 -7.016211 3.216649
v 0.698874 -8.047729 5.102687
v 0.698874 -8.978551 5.438398
v 0.698874 -7.016211 3.216649
v 0.698874 -6.372261 4.028439
v 0.698874 -8.047729 5.102687
v 0.698874 -6.372261 4.028439
v 0.698874 -4.358042 7.367169
v 0.698874 -8.047729 5.102687
v 0.698874 -6.372261 4.028439
v 0.698874 -5.276650 4.095579
v 0.698874 -4.358042 7.367169
v 0.698874 -5.276650 4.095579
v 0.698874 -0.366223 5.816830
v 0.698874 -4.358042 7.367169
v 1.205480 15.231801 -6.271548
v 0.000000 15.393501 -8.398686
v 0.000000 15.967301 -6.237977
v 0.000000 15.393501 -8.398686
v -1.205480 15.231801 -6.271548
v 0.000000 15.967301 -6.237977
v 0.000000 15.393501 -8.398686
v -1.889100 13.913402 -7.129117
v -1.205480 15.231801 -6.271548
v -1.889100 13.913402 -7.129117
v -1.345870 14.575602 -5.783257
v -1.205480 15.231801 -6.271548
v -1.889100 13.913402 -7.129117
v -1.345870 13.153501 -6.839198
v -1.345870 14.575602 -5.783257
v -1.345870 13.153501 -6.839198
v -1.345870 13.419001 -4.217657
v -1.345870 14.575602 -5.783257
v -1.345870 13.153501 -6.839198
v -1.345870 11.774001 -5.145418
v -1.345870 13.419001 -4.217657
v -0.698874 5.554371 -7.055879
v -0.698874 3.451641 -5.969419
v 0.698874 5.554371 -7.055879
v -0.698874 3.451641 -5.969419
v 0.698874 3.451641 -5.969419
v 0.698874 5.554371 -7.055879
v -0.698874 3.451641 -5.969419
v -0.698874 -0.366221 -5.816830
v 0.698874 3.451641 -5.969419
v -0.698874 -0.366221 -5.816830
v 0.698874 -0.366221 -5.816830
v 0.698874 3.451641 -5.969419
v -0.698874 -0.366221 -5.816830
v -0.698874 -5.276649 -4.095581
v 0.698874 -0.366221 -5.816830
v -0.698874 -5.276649 -4.095581
v 0.698874 -5.276649 -4.095581
v 0.698874 -0.366221 -5.816830
v -0.698874 -5.276649 -4.095581
v 0.698874 -6.372260 -4.028441
v 0.698874 -5.276649 -4.095581
v -1.345870 15.555299 4.583882
v -1.345870 14.719099 4.840242
v 1.345870 15.555299 4.583882
v -1.345870 14.719099 4.840242
v 1.345870 14.719099 4.840242
v 1.345870 15.555299 4.583882
v -1.345870 14.719099 4.840242
v -1.345870 14.575600 5.783262
v 1.345870 14.719099 4.840242
v -1.345870 14.575600 5.783262
v 1.345870 14.575600 5.783262
v 1.345870 14.719099 4.840242
v -1.345870 14.575600 5.783262
v -1.205480 15.231799 6.271554
v 1.345870 14.575600 5.783262
v -1.205480 15.231799 6.271554
v 1.205480 15.231799 6.271554
v 1.345870 14.575600 5.783262
v -1.205480 15.231799 6.271554
v 0.000000 15.967299 6.237982
v 1.205480 15.231799 6.271554
v 0.698874 5.554371 -7.055879
v 0.698874 5.554371 -8.273569
v -0.698874 5.554371 -8.273569
v 0.698874 5.554371 -8.273569
v -0.698874 3.451643 -9.271519
v -0.698874 5.554371 -8.273569
v 0.698874 5.554371 -8.273569
v 0.698874 3.451643 -9.271519
v -0.698874 3.451643 -9.271519
v 0.698874 3.451643 -9.271519
v -0.698874 -0.061035 -9.524830
v -0.698874 3.451643 -9.271519
v 0.698874 3.451643 -9.271519
v 0.698874 -0.061035 -9.524830
v -0.698874 -0.061035 -9.524830
v 0.698874 -0.061035 -9.524830
v -0.698874 -4.168828 -8.343760
v -0.698874 -0.061035 -9.524830
v 0.698874 -0.061035 -9.524830
v 0.698874 -4.168828 -8.343760
v -0.698874 -4.168828 -8.343760
v 0.698874 -5.035549 -6.952121
v 0.698874 -5.780209 -7.306132
v -0.698874 -5.780209 -7.306132
v 0.698874 -5.780209 -7.306132
v -0.698874 -6.537057 -8.279671
v -0.698874 -5.780209 -7.306132
v 0.698874 -5.780209 -7.306132
v 0.698874 -6.537057 -8.279671
v -0.698874 -6.537057 -8.279671
v 0.698874 -6.537057 -8.279671
v -0.698874 -7.806628 -7.849362
v -0.698874 -6.537057 -8.279671
v 0.698874 -6.537057 -8.279671
v 0.698874 -7.806628 -7.849362
v -0.698874 -7.806628 -7.849362
v 0.698874 -7.806628 -7.849362
v -0.698874 -7.278658 -5.575731
v -0.698874 -7.806628 -7.849362
v 0.698874 -7.806628 -7.849362
v 0.698874 -7.278658 -5.575731
v -0.698874 -7.278658 -5.575731
v 0.000000 15.967301 -6.237977
v -1.205480 15.231801 -6.271548
v 1.205480 15.231801 -6.271548
v -1.205480 15.231801 -6.271548
v 1.345870 14.575602 -5.783257
v 1.205480 15.231801 -6.271548
v -1.205480 15.231801 -6.271548
v -1.345870 14.575602 -5.783257
v 1.345870 14.575602 -5.783257
v -1.345870 14.575602 -5.783257
v 1.345870 14.719101 -4.840238
v 1.345870 14.575602 -5.783257
v -1.345870 14.575602 -5.783257
v -1.345870 14.719101 -4.840238
v 1.345870 14.719101 -4.840238
v -1.345870 14.719101 -4.840238
v 1.345870 15.555301 -4.583877
v 1.345870 14.719101 -4.840238
v -1.345870 14.719101 -4.840238
v -1.345870 15.555301 -4.583877
v 1.345870 15.555301 -4.583877
v 1.889100 16.956100 -2.554396
v 1.638840 16.272501 -4.721207
v 1.690730 18.445400 -2.481146
v 1.638840 16.272501 -4.721207
v 1.174960 22.113701 -3.933836
v 1.690730 18.445400 -2.481146
v 1.638840 16.272501 -4.721207
v 1.287880 16.718000 -5.508586
v 1.174960 22.113701 -3.933836
v 1.287880 16.718000 -5.508586
v 0.000000 23.105602 -7.391575
v 1.174960 22.113701 -3.933836
v 1.287880 16.718000 -5.508586
v 0.000000 18.405703 -7.803576
v 0.000000 23.105602 -7.391575
v 0.000000 18.405703 -7.803576
v -1.287880 16.718000 -5.508586
v 0.000000 23.105602 -7.391575
v 0.000000 18.405703 -7.803576
v 0.000000 16.147303 -7.657086
v -1.287880 16.718000 -5.508586
v -0.698874 -5.276650 4.095579
v -0.698874 -6.372261 4.028439
v -0.698874 -4.358042 7.367169
v -0.698874 -6.372261 4.028439
v -0.698874 -8.047729 5.102687
v -0.698874 -4.358042 7.367169
v -0.698874 -6.372261 4.028439
v -0.698874 -7.016211 3.216649
v -0.698874 -8.047729 5.102687
v -0.698874 -7.016211 3.216649
v -0.698874 -8.978551 5.438398
v -0.698874 -8.047729 5.102687
v -0.698874 -7.016211 3.216649
v -0.698874 -11.542101 4.232918
v -0.698874 -8.978551 5.438398
v -0.698874 -11.542101 4.232918
v -0.698874 -9.189121 6.503489
v -0.698874 -8.978551 5.438398
v -0.698874 -11.542101 4.232918
v -0.698874 -11.655001 7.025358
v -0.698874 -9.189121 6.503489
v 0.698874 -9.189119 -6.503492
v 0.698874 -8.978549 -5.438403
v 0.698874 -11.542099 -4.232923
v 0.698874 -8.978549 -5.438403
v 0.698874 -7.016210 -3.216651
v 0.698874 -11.542099 -4.232923
v 0.698874 -8.978549 -5.438403
v 0.698874 -8.047728 -5.102692
v 0.698874 -7.016210 -3.216651
v 0.698874 -8.047728 -5.102692
v 0.698874 -6.372260 -4.028441
v 0.698874 -7.016210 -3.216651
v 0.698874 -8.047728 -5.102692
v 0.698874 -4.358038 -7.367170
v 0.698874 -6.372260 -4.028441
v 0.698874 -4.358038 -7.367170
v 0.698874 -5.276649 -4.095581
v 0.698874 -6.372260 -4.028441
v 0.698874 -4.358038 -7.367170
v 0.698874 -0.366221 -5.816830
v 0.698874 -5.276649 -4.095581
v 1.345870 7.272559 5.240031
v 1.345870 6.668288 7.766961
v -1.345870 7.272559 5.240031
v 1.345870 6.668288 7.766961
v -1.345870 6.668288 7.766961
v -1.345870 7.272559 5.240031
v 1.345870 6.668288 7.766961
v 1.345870 8.209478 9.192181
v -1.345870 6.668288 7.766961
v 1.345870 8.209478 9.192181
v -1.345870 8.209478 9.192181
v -1.345870 6.668288 7.766961
v 1.345870 8.209478 9.192181
v 1.345870 9.628590 7.766962
v -1.345870 8.209478 9.192181
v 1.345870 9.628590 7.766962
v -1.345870 9.628590 7.766962
v -1.345870 8.209478 9.192181
v 1.345870 9.628590 7.766962
v -1.345870 8.209479 6.338693
v -1.345870 9.628590 7.766962
v 0.698874 -6.372261 4.028439
v -0.698874 -5.276650 4.095579
v 0.698874 -5.276650 4.095579
v -0.698874 -5.276650 4.095579
v 0.698874 -0.366223 5.816830
v 0.698874 -5.276650 4.095579
v -0.698874 -5.276650 4.095579
v -0.698874 -0.366223 5.816830
v 0.698874 -0.366223 5.816830
v -0.698874 -0.366223 5.816830
v 0.698874 3.451639 5.969420
v 0.698874 -0.366223 5.816830
v -0.698874 -0.366223 5.816830
v -0.698874 3.451639 5.969420
v 0.698874 3.451639 5.969420
v -0.698874 3.451639 5.969420
v 0.698874 5.554368 7.055882
v 0.698874 3.451639 5.969420
v -0.698874 3.451639 5.969420
v -0.698874 5.554368 7.055882
v 0.698874 5.554368 7.055882
v 0.000000 16.147299 7.657093
v 0.000000 18.405699 7.803584
v -1.287880 16.718000 5.508594
v 0.000000 18.405699 7.803584
v 0.000000 23.105598 7.391585
v -1.287880 16.718000 5.508594
v 0.000000 18.405699 7.803584
v 1.287880 16.718000 5.508594
v 0.000000 23.105598 7.391585
v 1.287880 16.718000 5.508594
v 1.174960 22.113701 3.933845
v 0.000000 23.105598 7.391585
v 1.287880 16.718000 5.508594
v 1.638840 16.272501 4.721213
v 1.174960 22.113701 3.933845
v 1.638840 16.272501 4.721213
v 1.690730 18.445400 2.481154
v 1.174960 22.113701 3.933845
v 1.638840 16.272501 4.721213
v 1.889100 16.956100 2.554404
v 1.690730 18.445400 2.481154
v -1.205480 15.231799 6.271554
v 0.000000 15.393499 8.398694
v 0.000000 15.967299 6.237982
v 0.000000 15.393499 8.398694
v 1.205480 15.231799 6.271554
v 0.000000 15.967299 6.237982
v 0.000000 15.393499 8.398694
v 1.889100 13.913400 7.129122
v 1.205480 15.231799 6.271554
v 1.889100 13.913400 7.129122
v 1.345870 14.575600 5.783262
v 1.205480 15.231799 6.271554
v 1.889100 13.913400 7.129122
v 1.345870 13.153499 6.839202
v 1.345870 14.575600 5.783262
v 1.345870 13.153499 6.839202
v 1.345870 13.418999 4.217662
v 1.345870 14.575600 5.783262
v 1.345870 13.153499 6.839202
v 1.345870 11.773999 5.145423
v 1.345870 13.418999 4.217662
v -0.454726 -10.177900 1.019318
v 0.454726 -10.177900 1.019318
v 0.000000 -9.753719 2.124087
v 0.454726 -10.177900 1.019318
v 1.715140 -9.277630 -0.000002
v 0.000000 -9.753719 2.124087
v 0.454726 -10.177900 1.019318
v -0.003052 -12.573600 0.253301
v 1.715140 -9.277630 -0.000002
v -0.003052 -12.573600 0.253301
v -0.003052 -12.573600 -0.253307
v 1.715140 -9.277630 -0.000002
v -0.003052 -12.573600 0.253301
v -1.715140 -9.277630 -0.000002
v -0.003052 -12.573600 -0.253307
v -1.715140 -9.277630 -0.000002
v -0.454726 -10.177900 -1.019322
v -0.003052 -12.573600 -0.253307
v -1.715140 -9.277630 -0.000002
v 0.000000 -9.753719 -2.124092
v -0.454726 -10.177900 -1.019322
v -0.698874 5.554371 -8.273569
v -0.698874 3.451643 -9.271519
v -0.698874 5.554371 -7.055879
v -0.698874 3.451643 -9.271519
v -0.698874 3.451641 -5.969419
v -0.698874 5.554371 -7.055879
v -0.698874 3.451643 -9.271519
v -0.698874 -0.061035 -9.524830
v -0.698874 3.451641 -5.969419
v -0.698874 -0.061035 -9.524830
v -0.698874 -0.366221 -5.816830
v -0.698874 3.451641 -5.969419
v -0.698874 -0.061035 -9.524830
v -0.698874 -4.168828 -8.343760
v -0.698874 -0.366221 -5.816830
v -0.698874 -4.168828 -8.343760
v -0.698874 -4.358038 -7.367170
v -0.698874 -0.366221 -5.816830
v -3.039640 12.570602 -7.742548
v -1.889100 13.913402 -7.129117
v -1.660211 11.798503 -11.499397
v -1.889100 13.913402 -7.129117
v -0.000001 13.034503 -11.502398
v -1.660211 11.798503 -11.499397
v -1.889100 13.913402 -7.129117
v 0.000000 15.393501 -8.398686
v -0.000001 13.034503 -11.502398
v 0.000000 15.393501 -8.398686
v 1.889100 13.913402 -7.129117
v -0.000001 13.034503 -11.502398
v 0.000000 15.393501 -8.398686
v 1.205480 15.231801 -6.271548
v 1.889100 13.913402 -7.129117
v 1.205480 15.231801 -6.271548
v 1.345870 14.575602 -5.783257
v 1.889100 13.913402 -7.129117
v -1.345870 14.575600 5.783262
v -1.889100 13.913400 7.129122
v -1.205480 15.231799 6.271554
v -1.889100 13.913400 7.129122
v 0.000000 15.393499 8.398694
v -1.205480 15.231799 6.271554
v -1.889100 13.913400 7.129122
v 0.000001 13.034497 11.502403
v 0.000000 15.393499 8.398694
v 0.000001 13.034497 11.502403
v 1.889100 13.913400 7.129122
v 0.000000 15.393499 8.398694
v 0.000001 13.034497 11.502403
v 1.660211 11.798497 11.499403
v 1.889100 13.913400 7.129122
v 1.660211 11.798497 11.499403
v 3.039640 12.570601 7.742553
v 1.889100 13.913400 7.129122
v -1.345870 7.272559 5.240031
v -1.345870 8.685569 5.761891
v -1.345870 9.598068 4.181042
v -1.345870 8.685569 5.761891
v -1.345870 10.373199 4.965363
v -1.345870 9.598068 4.181042
v -1.345870 8.685569 5.761891
v -1.345870 10.364100 6.497392
v -1.345870 10.373199 4.965363
v -1.345870 10.364100 6.497392
v -1.345870 11.773999 5.145423
v -1.345870 10.373199 4.965363
v -1.345870 10.364100 6.497392
v -1.345870 11.777099 7.293923
v -1.345870 11.773999 5.145423
v -1.345870 11.777099 7.293923
v -1.345870 13.153499 6.839202
v -1.345870 11.773999 5.145423
v -1.638840 16.272501 -4.721207
v -1.174960 22.113701 -3.933836
v -1.287880 16.718000 -5.508586
v -1.174960 22.113701 -3.933836
v 0.000000 23.105602 -7.391575
v -1.287880 16.718000 -5.508586
v -1.174960 22.113701 -3.933836
v -0.973540 24.875601 -3.820915
v 0.000000 23.105602 -7.391575
v -0.973540 24.875601 -3.820915
v 0.000000 26.630503 -5.890065
v 0.000000 23.105602 -7.391575
v -0.973540 24.875601 -3.820915
v -0.845363 25.922400 -3.372295
v 0.000000 26.630503 -5.890065
v -0.845363 25.922400 -3.372295
v 0.000000 32.099400 -2.343814
v 0.000000 26.630503 -5.890065
v -0.698874 2.359077 9.350870
v -0.698874 2.404858 11.487200
v 0.698874 2.359077 9.350870
v -0.698874 2.404858 11.487200
v 0.698874 2.404858 11.487200
v 0.698874 2.359077 9.350870
v -0.698874 2.404858 11.487200
v -0.698874 0.677508 11.487200
v 0.698874 2.404858 11.487200
v -0.698874 0.677508 11.487200
v 0.698874 0.677508 11.487200
v 0.698874 2.404858 11.487200
v -0.698874 0.677508 11.487200
v -0.698874 -0.061039 9.524830
v 0.698874 0.677508 11.487200
v -0.698874 -0.061039 9.524830
v 0.698874 -0.061039 9.524830
v 0.698874 0.677508 11.487200
v -1.345870 8.209482 -9.192179
v -1.345870 6.668292 -7.766958
v -1.345870 9.628592 -7.766958
v -1.345870 6.668292 -7.766958
v -1.345870 8.209481 -6.338688
v -1.345870 9.628592 -7.766958
v -1.345870 6.668292 -7.766958
v -1.345870 7.272561 -5.240028
v -1.345870 8.209481 -6.338688
v -1.345870 7.272561 -5.240028
v -1.345870 8.685571 -5.761888
v -1.345870 8.209481 -6.338688
v -1.345870 7.272561 -5.240028
v -1.345870 9.598070 -4.181038
v -1.345870 8.685571 -5.761888
v -1.345870 9.598070 -4.181038
v -1.345870 10.373200 -4.965358
v -1.345870 8.685571 -5.761888
v 0.698874 -4.358042 7.367169
v 0.698874 -0.366223 5.816830
v 0.698874 -4.168831 8.343759
v 0.698874 -0.366223 5.816830
v 0.698874 -0.061039 9.524830
v 0.698874 -4.168831 8.343759
v 0.698874 -0.366223 5.816830
v 0.698874 3.451639 5.969420
v 0.698874 -0.061039 9.524830
v 0.698874 3.451639 5.969420
v 0.698874 3.451638 9.271521
v 0.698874 -0.061039 9.524830
v 0.698874 3.451639 5.969420
v 0.698874 5.554368 7.055882
v 0.698874 3.451638 9.271521
v 0.698874 5.554368 7.055882
v 0.698874 5.554368 8.273571
v 0.698874 3.451638 9.271521
v 1.345870 10.373199 4.965363
v 1.345870 8.685569 5.761891
v 1.345870 9.598068 4.181042
v 1.345870 8.685569 5.761891
v 1.345870 7.272559 5.240031
v 1.345870 9.598068 4.181042
v 1.345870 8.685569 5.761891
v 1.345870 8.209479 6.338693
v 1.345870 7.272559 5.240031
v 1.345870 8.209479 6.338693
v 1.345870 6.668288 7.766961
v 1.345870 7.272559 5.240031
v 1.345870 8.209479 6.338693
v 1.345870 9.628590 7.766962
v 1.345870 6.668288 7.766961
v 1.345870 9.628590 7.766962
v 1.345870 8.209478 9.192181
v 1.345870 6.668288 7.766961
v 1.345870 7.272561 -5.240028
v 1.345870 8.685571 -5.761888
v 1.345870 9.598070 -4.181038
v 1.345870 8.685571 -5.761888
v 1.345870 10.373200 -4.965358
v 1.345870 9.598070 -4.181038
v 1.345870 8.685571 -5.761888
v 1.345870 10.364101 -6.497387
v 1.345870 10.373200 -4.965358
v 1.345870 10.364101 -6.497387
v 1.345870 11.774001 -5.145418
v 1.345870 10.373200 -4.965358
v 1.345870 10.364101 -6.497387
v 1.345870 11.777101 -7.293918
v 1.345870 11.774001 -5.145418
v 1.345870 11.777101 -7.293918
v 1.345870 13.153501 -6.839198
v 1.345870 11.774001 -5.145418
v -1.355020 -7.901240 -0.000001
v 0.000000 -7.901239 -1.614431
v -1.715140 -9.277630 -0.000002
v 0.000000 -7.901239 -1.614431
v 0.000000 -9.753719 -2.124092
v -1.715140 -9.277630 -0.000002
v 0.000000 -7.901239 -1.614431
v 1.715140 -9.277630 -0.000002
v 0.000000 -9.753719 -2.124092
v 1.715140 -9.277630 -0.000002
v 0.454726 -10.177900 -1.019322
v 0.000000 -9.753719 -2.124092
v 1.715140 -9.277630 -0.000002
v -0.003052 -12.573600 -0.253307
v 0.454726 -10.177900 -1.019322
v 0.698874 2.359082 -9.350870
v 0.698874 2.404862 -11.487200
v -0.698874 2.404862 -11.487200
v 0.698874 2.404862 -11.487200
v -0.698874 0.677513 -11.487200
v -0.698874 2.404862 -11.487200
v 0.698874 2.404862 -11.487200
v 0.698874 0.677513 -11.487200
v -0.698874 0.677513 -11.487200
v 0.698874 0.677513 -11.487200
v -0.698874 -0.061035 -9.524830
v -0.698874 0.677513 -11.487200
v 0.698874 0.677513 -11.487200
v 0.698874 -0.061035 -9.524830
v -0.698874 -0.061035 -9.524830
v -1.889100 6.341751 -1.876889
v -1.889100 6.344800 0.000001
v -1.889100 7.718131 -3.253269
v -1.889100 6.344800 0.000001
v -1.889100 9.598070 -3.756828
v -1.889100 7.718131 -3.253269
v -1.889100 6.344800 0.000001
v -1.889100 12.170800 0.000003
v -1.889100 9.598070 -3.756828
v -1.889100 12.170800 0.000003
v -1.889100 11.475000 -3.253267
v -1.889100 9.598070 -3.756828
v -1.889100 12.170800 0.000003
v -1.889100 12.851299 -1.876887
v -1.889100 11.475000 -3.253267
v -0.698874 -5.276649 -4.095581
v -0.698874 -6.372260 -4.028441
v 0.698874 -6.372260 -4.028441
v -0.698874 -6.372260 -4.028441
v 0.698874 -7.016210 -3.216651
v 0.698874 -6.372260 -4.028441
v -0.698874 -6.372260 -4.028441
v -0.698874 -7.016210 -3.216651
v 0.698874 -7.016210 -3.216651
v -0.698874 -7.016210 -3.216651
v 0.698874 -6.881920 -1.406901
v 0.698874 -7.016210 -3.216651
v -0.698874 -7.016210 -3.216651
v -0.698874 -6.881920 -1.406901
v 0.698874 -6.881920 -1.406901
v -0.698874 -3.234959 -4.809721
v -0.698874 -3.109839 -3.778190
v 0.698874 -3.234959 -4.809721
v -0.698874 -3.109839 -3.778190
v 0.698874 -3.109839 -3.778190
v 0.698874 -3.234959 -4.809721
v -0.698874 -3.109839 -3.778190
v -0.698874 -4.528950 -3.283791
v 0.698874 -3.109839 -3.778190
v -0.698874 -4.528950 -3.283791
v 0.698874 -4.528950 -3.283791
v 0.698874 -3.109839 -3.778190
v -0.698874 -4.528950 -3.283791
v 0.698874 -5.276649 -4.095581
v 0.698874 -4.528950 -3.283791
v 0.698874 -4.168828 -8.343760
v 0.698874 -0.061035 -9.524830
v 0.698874 -0.366221 -5.816830
v 0.698874 -0.061035 -9.524830
v 0.698874 3.451641 -5.969419
v 0.698874 -0.366221 -5.816830
v 0.698874 -0.061035 -9.524830
v 0.698874 3.451643 -9.271519
v 0.698874 3.451641 -5.969419
v 0.698874 3.451643 -9.271519
v 0.698874 5.554371 -7.055879
v 0.698874 3.451641 -5.969419
v 0.698874 3.451643 -9.271519
v 0.698874 5.554371 -8.273569
v 0.698874 5.554371 -7.055879
v -1.345870 9.628592 -7.766958
v 1.345870 8.209482 -9.192179
v -1.345870 8.209482 -9.192179
v 1.345870 8.209482 -9.192179
v -1.345870 6.668292 -7.766958
v -1.345870 8.209482 -9.192179
v 1.345870 8.209482 -9.192179
v 1.345870 6.668292 -7.766958
v -1.345870 6.668292 -7.766958
v 1.345870 6.668292 -7.766958
v -1.345870 7.272561 -5.240028
v -1.345870 6.668292 -7.766958
v 1.345870 6.668292 -7.766958
v 1.345870 7.272561 -5.240028
v -1.345870 7.272561 -5.240028
v 1.355020 -7.901240 -0.000001
v 0.000000 -7.901240 1.614429
v 1.715140 -9.277630 -0.000002
v 0.000000 -7.901240 1.614429
v 0.000000 -9.753719 2.124087
v 1.715140 -9.277630 -0.000002
v 0.000000 -7.901240 1.614429
v -1.715140 -9.277630 -0.000002
v 0.000000 -9.753719 2.124087
v -1.715140 -9.277630 -0.000002
v -0.454726 -10.177900 1.019318
v 0.000000 -9.753719 2.124087
v -1.715140 -9.277630 -0.000002
v -0.003052 -12.573600 0.253301
v -0.454726 -10.177900 1.019318
v -0.698874 -11.542101 4.232918
v -0.698874 -10.104700 2.194277
v 0.698874 -11.542101 4.232918
v -0.698874 -10.104700 2.194277
v 0.698874 -10.104700 2.194277
v 0.698874 -11.542101 4.232918
v -0.698874 -10.104700 2.194277
v -0.698874 -8.493299 1.406899
v 0.698874 -10.104700 2.194277
v -0.698874 -8.493299 1.406899
v 0.698874 -8.493299 1.406899
v 0.698874 -10.104700 2.194277
v -0.698874 -8.493299 1.406899
v 0.698874 -6.881920 1.406899
v 0.698874 -8.493299 1.406899
v -1.889100 12.851299 1.876893
v -1.889100 12.170800 0.000003
v -1.889100 11.474998 3.253272
v -1.889100 12.170800 0.000003
v -1.889100 9.598068 3.756833
v -1.889100 11.474998 3.253272
v -1.889100 12.170800 0.000003
v -1.889100 6.344800 0.000001
v -1.889100 9.598068 3.756833
v -1.889100 6.344800 0.000001
v -1.889100 7.718130 3.253271
v -1.889100 9.598068 3.756833
v -1.889100 6.344800 0.000001
v -1.889100 6.341750 1.876891
v -1.889100 7.718130 3.253271
v -1.345870 13.153501 -6.839198
v -3.039640 12.570602 -7.742548
v 1.345870 13.153501 -6.839198
v -3.039640 12.570602 -7.742548
v 3.039640 12.570602 -7.742548
v 1.345870 13.153501 -6.839198
v -3.039640 12.570602 -7.742548
v -1.660211 11.798503 -11.499397
v 3.039640 12.570602 -7.742548
v -1.660211 11.798503 -11.499397
v 1.660210 11.798503 -11.499397
v 3.039640 12.570602 -7.742548
v -1.660211 11.798503 -11.499397
v -0.000001 12.463802 -14.072097
v 1.660210 11.798503 -11.499397
v -0.698874 5.554368 7.055882
v -0.698874 3.451639 5.969420
v -0.698874 3.451638 9.271521
v -0.698874 3.451639 5.969420
v -0.698874 -0.061039 9.524830
v -0.698874 3.451638 9.271521
v -0.698874 3.451639 5.969420
v -0.698874 -0.366223 5.816830
v -0.698874 -0.061039 9.524830
v -0.698874 -0.366223 5.816830
v -0.698874 -4.168831 8.343759
v -0.698874 -0.061039 9.524830
v -0.698874 -0.366223 5.816830
v -0.698874 -4.358042 7.367169
v -0.698874 -4.168831 8.343759
v 0.698874 -5.276650 4.095579
v -0.698874 -4.528951 3.283789
v 0.698874 -4.528951 3.283789
v -0.698874 -4.528951 3.283789
v 0.698874 -3.109841 3.778189
v 0.698874 -4.528951 3.283789
v -0.698874 -4.528951 3.283789
v -0.698874 -3.109841 3.778189
v 0.698874 -3.109841 3.778189
v -0.698874 -3.109841 3.778189
v 0.698874 -3.234961 4.809720
v 0.698874 -3.109841 3.778189
v -0.698874 -3.109841 3.778189
v -0.698874 -3.234961 4.809720
v 0.698874 -3.234961 4.809720
v -1.287880 16.718000 5.508594
v 0.000000 23.105598 7.391585
v -1.174960 22.113701 3.933845
v 0.000000 23.105598 7.391585
v -0.973540 24.875601 3.820925
v -1.174960 22.113701 3.933845
v 0.000000 23.105598 7.391585
v 0.000000 26.630499 5.890075
v -0.973540 24.875601 3.820925
v 0.000000 26.630499 5.890075
v -0.845363 25.922400 3.372305
v -0.973540 24.875601 3.820925
v 0.000000 26.630499 5.890075
v 0.000000 32.099400 2.343827
v -0.845363 25.922400 3.372305
v 0.000001 12.463798 14.072103
v -1.660210 11.798497 11.499403
v 1.660211 11.798497 11.499403
v -1.660210 11.798497 11.499403
v 3.039640 12.570601 7.742553
v 1.660211 11.798497 11.499403
v -1.660210 11.798497 11.499403
v -3.039640 12.570601 7.742553
v 3.039640 12.570601 7.742553
v -3.039640 12.570601 7.742553
v 1.345870 13.153499 6.839202
v 3.039640 12.570601 7.742553
v -3.039640 12.570601 7.742553
v -1.345870 13.153499 6.839202
v 1.345870 13.153499 6.839202
v 1.889100 6.341750 1.876891
v 1.889100 6.344800 0.000001
v 1.889100 7.718130 3.253271
v 1.889100 6.344800 0.000001
v 1.889100 9.598068 3.756833
v 1.889100 7.718130 3.253271
v 1.889100 6.344800 0.000001
v 1.889100 12.170800 0.000002
v 1.889100 9.598068 3.756833
v 1.889100 12.170800 0.000002
v 1.889100 11.474998 3.253272
v 1.889100 9.598068 3.756833
v 1.889100 12.170800 0.000002
v 1.889100 12.851299 1.876892
v 1.889100 11.474998 3.253272
v -0.698874 -6.881920 1.406899
v -0.698874 -7.016211 3.216649
v 0.698874 -6.881920 1.406899
v -0.698874 -7.016211 3.216649
v 0.698874 -7.016211 3.216649
v 0.698874 -6.881920 1.406899
v -0.698874 -7.016211 3.216649
v -0.698874 -6.372261 4.028439
v 0.698874 -7.016211 3.216649
v -0.698874 -6.372261 4.028439
v 0.698874 -6.372261 4.028439
v 0.698874 -7.016211 3.216649
v -0.698874 -6.372261 4.028439
v -0.698874 -5.276650 4.095579
v 0.698874 -6.372261 4.028439
v 1.889100 12.851299 -1.876887
v 1.889100 12.170800 0.000002
v 1.889100 11.475000 -3.253267
v 1.889100 12.170800 0.000002
v 1.889100 9.598070 -3.756828
v 1.889100 11.475000 -3.253267
v 1.889100 12.170800 0.000002
v 1.889100 6.344800 0.000001
v 1.889100 9.598070 -3.756828
v 1.889100 6.344800 0.000001
v 1.889100 7.718131 -3.253269
v 1.889100 9.598070 -3.756828
v 1.889100 6.344800 0.000001
v 1.889100 6.341751 -1.876889
v 1.889100 7.718131 -3.253269
v 1.174960 22.113701 3.933845
v 0.973540 24.875601 3.820925
v 0.000000 23.105598 7.391585
v 0.973540 24.875601 3.820925
v 0.000000 26.630499 5.890075
v 0.000000 23.105598 7.391585
v 0.973540 24.875601 3.820925
v 0.845363 25.922400 3.372305
v 0.000000 26.630499 5.890075
v 0.845363 25.922400 3.372305
v 0.000000 32.099400 2.343827
v 0.000000 26.630499 5.890075
v 0.000000 5.114900 -1.266519
v -1.229900 -6.622520 -0.000001
v -1.229900 5.114900 0.000001
v -1.229900 -6.622520 -0.000001
v 0.000000 5.114900 1.266521
v -1.229900 5.114900 0.000001
v -1.229900 -6.622520 -0.000001
v 0.000000 -6.622520 1.266519
v 0.000000 5.114900 1.266521
v 0.000000 -6.622520 1.266519
v 1.229900 -6.622520 -0.000001
v 0.000000 5.114900 1.266521
v -1.174960 22.113701 -3.933836
v -1.638840 16.272501 -4.721207
v -1.690730 18.445400 -2.481146
v -1.638840 16.272501 -4.721207
v -1.889100 16.956100 -2.554396
v -1.690730 18.445400 -2.481146
v -1.638840 16.272501 -4.721207
v -1.889100 15.555301 -4.583877
v -1.889100 16.956100 -2.554396
v -1.889100 15.555301 -4.583877
v -1.889100 14.203300 -1.867727
v -1.889100 16.956100 -2.554396
v -1.889100 15.555301 -4.583877
v -1.638840 16.272501 -4.721207
v 1.638840 16.272501 -4.721207
v -1.638840 16.272501 -4.721207
v 1.287880 16.718000 -5.508586
v 1.638840 16.272501 -4.721207
v -1.638840 16.272501 -4.721207
v -1.287880 16.718000 -5.508586
v 1.287880 16.718000 -5.508586
v -1.287880 16.718000 -5.508586
v 0.000000 16.147303 -7.657086
v 1.287880 16.718000 -5.508586
v 1.074250 7.272561 -5.240028
v 1.074250 9.598070 -4.181038
v 1.074250 7.718131 -3.253269
v 1.074250 9.598070 -4.181038
v 1.074250 12.851299 -1.876887
v 1.074250 7.718131 -3.253269
v 1.074250 9.598070 -4.181038
v 1.074250 10.373200 -4.965358
v 1.074250 12.851299 -1.876887
v 1.074250 10.373200 -4.965358
v 1.074250 11.774001 -5.145418
v 1.074250 12.851299 -1.876887
v -2.337720 -7.901240 -0.000001
v 0.000000 -6.622519 -2.395701
v 0.000000 -7.901239 -2.395701
v 0.000000 -6.622519 -2.395701
v 2.337720 -7.901240 -0.000001
v 0.000000 -7.901239 -2.395701
v 0.000000 -6.622519 -2.395701
v 2.337720 -6.622520 -0.000001
v 2.337720 -7.901240 -0.000001
v 2.337720 -6.622520 -0.000001
v 0.000000 -6.622520 2.395699
v 2.337720 -7.901240 -0.000001
v 2.337720 -7.901240 -0.000001
v 0.000000 -6.622520 2.395699
v 0.000000 -7.901240 2.395699
v 0.000000 -6.622520 2.395699
v -2.337720 -7.901240 -0.000001
v 0.000000 -7.901240 2.395699
v 0.000000 -6.622520 2.395699
v -2.337720 -6.622520 -0.000001
v -2.337720 -7.901240 -0.000001
v -2.337720 -6.622520 -0.000001
v 0.000000 -6.622519 -2.395701
v -2.337720 -7.901240 -0.000001
v 1.889100 17.999800 0.000004
v 1.889100 16.956100 2.554404
v 1.889100 16.531900 1.181074
v 1.889100 16.956100 2.554404
v 1.889100 15.222600 1.181074
v 1.889100 16.531900 1.181074
v 1.889100 16.956100 2.554404
v 1.889100 14.203300 1.867732
v 1.889100 15.222600 1.181074
v 1.889100 14.203300 1.867732
v 1.889100 14.490201 0.000003
v 1.889100 15.222600 1.181074
v -1.074250 11.773999 5.145423
v -1.074250 12.851299 1.876893
v -1.074250 10.373199 4.965363
v -1.074250 12.851299 1.876893
v -1.074250 9.598068 4.181042
v -1.074250 10.373199 4.965363
v -1.074250 12.851299 1.876893
v -1.074250 7.718130 3.253271
v -1.074250 9.598068 4.181042
v -1.074250 7.718130 3.253271
v -1.074250 7.272559 5.240031
v -1.074250 9.598068 4.181042
v -1.889100 17.999800 0.000004
v -1.889100 16.956100 -2.554396
v -1.889100 16.531900 -1.181066
v -1.889100 16.956100 -2.554396
v -1.889100 15.222600 -1.181067
v -1.889100 16.531900 -1.181066
v -1.889100 16.956100 -2.554396
v -1.889100 14.203300 -1.867727
v -1.889100 15.222600 -1.181067
v -1.889100 14.203300 -1.867727
v -1.889100 14.490201 0.000003
v -1.889100 15.222600 -1.181067
v -1.074250 9.598070 -4.181038
v -1.074250 12.851299 -1.876887
v -1.074250 10.373200 -4.965358
v -1.074250 12.851299 -1.876887
v -1.074250 11.774001 -5.145418
v -1.074250 10.373200 -4.965358
v -1.074250 12.851299 -1.876887
v -1.074250 13.419001 -4.217657
v -1.074250 11.774001 -5.145418
v 1.074250 10.373199 4.965363
v 1.074250 11.773999 5.145423
v 1.074250 12.851299 1.876893
v 1.074250 12.851299 1.876893
v 1.074250 11.773999 5.145423
v 1.074250 13.418999 4.217662
v 1.074250 12.851299 1.876893
v 1.074250 13.418999 4.217662
v 1.074250 13.666201 2.868743
v -1.345870 10.144401 -7.037569
v -1.345870 10.364101 -6.497387
v -1.345870 11.777101 -7.293918
v -1.345870 10.364101 -6.497387
v -1.345870 11.774001 -5.145418
v -1.345870 11.777101 -7.293918
v -1.345870 10.364101 -6.497387
v -1.345870 10.373200 -4.965358
v -1.345870 11.774001 -5.145418
v 0.698874 -11.542099 -4.232923
v 0.698874 -10.104700 -2.194282
v -0.698874 -10.104700 -2.194282
v 0.698874 -10.104700 -2.194282
v -0.698874 -8.493299 -1.406901
v -0.698874 -10.104700 -2.194282
v 0.698874 -10.104700 -2.194282
v 0.698874 -8.493299 -1.406901
v -0.698874 -8.493299 -1.406901
v -0.698874 -5.035549 -6.952121
v -0.698874 -5.780209 -7.306132
v -0.698874 -7.278658 -5.575731
v -0.698874 -5.780209 -7.306132
v -0.698874 -7.806628 -7.849362
v -0.698874 -7.278658 -5.575731
v -0.698874 -5.780209 -7.306132
v -0.698874 -6.537057 -8.279671
v -0.698874 -7.806628 -7.849362
v -1.889100 16.531900 -1.181066
v -2.423170 15.875700 0.000004
v -1.889100 17.264301 0.000004
v -2.423170 15.875700 0.000004
v -1.889100 16.531900 1.181074
v -1.889100 17.264301 0.000004
v -2.423170 15.875700 0.000004
v -1.889100 15.222600 1.181074
v -1.889100 16.531900 1.181074
v -1.345870 7.272559 5.240031
v -1.345870 6.668288 7.766961
v -1.345870 8.209479 6.338693
v -1.345870 6.668288 7.766961
v -1.345870 9.628590 7.766962
v -1.345870 8.209479 6.338693
v -1.345870 6.668288 7.766961
v -1.345870 8.209478 9.192181
v -1.345870 9.628590 7.766962
v -0.698874 -8.493299 -1.406901
v -0.698874 -6.881920 -1.406901
v -0.698874 -10.104700 -2.194282
v -0.698874 -6.881920 -1.406901
v -0.698874 -11.542099 -4.232923
v -0.698874 -10.104700 -2.194282
v -0.698874 -6.881920 -1.406901
v -0.698874 -7.016210 -3.216651
v -0.698874 -11.542099 -4.232923
v 0.845363 25.922400 -3.372295
v 0.973540 24.875601 -3.820915
v 0.000000 26.630503 -5.890065
v 0.973540 24.875601 -3.820915
v 0.000000 23.105602 -7.391575
v 0.000000 26.630503 -5.890065
v 0.973540 24.875601 -3.820915
v 1.174960 22.113701 -3.933836
v 0.000000 23.105602 -7.391575
v 0.698874 -7.016210 -3.216651
v 0.698874 -6.881920 -1.406901
v 0.698874 -11.542099 -4.232923
v 0.698874 -6.881920 -1.406901
v 0.698874 -10.104700 -2.194282
v 0.698874 -11.542099 -4.232923
v 0.698874 -6.881920 -1.406901
v 0.698874 -8.493299 -1.406901
v 0.698874 -10.104700 -2.194282
v -1.345870 13.419001 -4.217657
v -1.345870 13.666201 -2.868737
v -1.345870 14.719101 -4.840238
v -1.345870 13.666201 -2.868737
v -1.345870 15.555301 -4.583877
v -1.345870 14.719101 -4.840238
v -1.345870 13.666201 -2.868737
v -1.345870 14.203300 -1.867727
v -1.345870 15.555301 -4.583877
v -1.660211 11.798503 -11.499397
v -0.000001 13.034503 -11.502398
v -0.000001 12.463802 -14.072097
v -0.000001 13.034503 -11.502398
v 1.660210 11.798503 -11.499397
v -0.000001 12.463802 -14.072097
v -0.000001 13.034503 -11.502398
v 1.889100 13.913402 -7.129117
v 1.660210 11.798503 -11.499397
v 0.000000 5.114900 1.266521
v 1.229900 -6.622520 -0.000001
v 1.229900 5.114900 0.000001
v 1.229900 -6.622520 -0.000001
v 0.000000 5.114900 -1.266519
v 1.229900 5.114900 0.000001
v 1.229900 -6.622520 -0.000001
v 0.000000 -6.622520 -1.266521
v 0.000000 5.114900 -1.266519
v -0.698874 -7.016211 3.216649
v -0.698874 -6.881920 1.406899
v -0.698874 -11.542101 4.232918
v -0.698874 -6.881920 1.406899
v -0.698874 -10.104700 2.194277
v -0.698874 -11.542101 4.232918
v -0.698874 -6.881920 1.406899
v -0.698874 -8.493299 1.406899
v -0.698874 -10.104700 2.194277
v 1.074250 10.373199 4.965363
v 1.074250 12.851299 1.876893
v 1.074250 9.598068 4.181042
v 1.074250 9.598068 4.181042
v 1.074250 12.851299 1.876893
v 1.074250 7.718130 3.253271
v 1.074250 9.598068 4.181042
v 1.074250 7.718130 3.253271
v 1.074250 7.272559 5.240031
v 0.698874 -6.537057 -8.279671
v 0.698874 -5.780209 -7.306132
v 0.698874 -7.806628 -7.849362
v 0.698874 -5.780209 -7.306132
v 0.698874 -7.278658 -5.575731
v 0.698874 -7.806628 -7.849362
v 0.698874 -5.780209 -7.306132
v 0.698874 -5.035549 -6.952121
v 0.698874 -7.278658 -5.575731
v 0.698874 -5.035552 6.952119
v 0.698874 -5.780211 7.306129
v 0.698874 -7.278661 5.575728
v 0.698874 -5.780211 7.306129
v 0.698874 -7.806632 7.849359
v 0.698874 -7.278661 5.575728
v 0.698874 -5.780211 7.306129
v 0.698874 -6.537061 8.279669
v 0.698874 -7.806632 7.849359
v -0.698874 -6.537061 8.279669
v -0.698874 -5.780211 7.306129
v -0.698874 -7.806632 7.849359
v -0.698874 -5.780211 7.306129
v -0.698874 -7.278661 5.575728
v -0.698874 -7.806632 7.849359
v -0.698874 -5.780211 7.306129
v -0.698874 -5.035552 6.952119
v -0.698874 -7.278661 5.575728
v 1.345870 15.555299 4.583882
v 1.345870 14.719099 4.840242
v 1.345870 13.666201 2.868743
v 1.345870 14.719099 4.840242
v 1.345870 13.418999 4.217662
v 1.345870 13.666201 2.868743
v 1.345870 14.719099 4.840242
v 1.345870 14.575600 5.783262
v 1.345870 13.418999 4.217662
v -1.287880 16.718000 5.508594
v -1.638840 16.272501 4.721213
v 1.287880 16.718000 5.508594
v -1.638840 16.272501 4.721213
v 1.638840 16.272501 4.721213
v 1.287880 16.718000 5.508594
v -1.638840 16.272501 4.721213
v -1.889100 15.555299 4.583882
v 1.638840 16.272501 4.721213
v -1.690730 18.445400 2.481154
v -1.889100 16.956100 2.554404
v -1.638840 16.272501 4.721213
v -1.889100 16.956100 2.554404
v -1.889100 15.555299 4.583882
v -1.638840 16.272501 4.721213
v -1.889100 16.956100 2.554404
v -1.889100 14.203300 1.867733
v -1.889100 15.555299 4.583882
v 1.660211 11.798497 11.499403
v 0.000001 13.034497 11.502403
v 0.000001 12.463798 14.072103
v 0.000001 13.034497 11.502403
v -1.660210 11.798497 11.499403
v 0.000001 12.463798 14.072103
v 0.000001 13.034497 11.502403
v -1.889100 13.913400 7.129122
v -1.660210 11.798497 11.499403
v 0.698874 -8.493299 1.406899
v 0.698874 -6.881920 1.406899
v 0.698874 -10.104700 2.194277
v 0.698874 -6.881920 1.406899
v 0.698874 -11.542101 4.232918
v 0.698874 -10.104700 2.194277
v 0.698874 -6.881920 1.406899
v 0.698874 -7.016211 3.216649
v 0.698874 -11.542101 4.232918
v 1.345870 10.373199 4.965363
v 1.345870 11.773999 5.145423
v 1.345870 10.364100 6.497392
v 1.345870 11.773999 5.145423
v 1.345870 11.777099 7.293923
v 1.345870 10.364100 6.497392
v 1.345870 11.773999 5.145423
v 1.345870 13.153499 6.839202
v 1.345870 11.777099 7.293923
v 1.345870 9.628592 -7.766958
v 1.345870 8.209481 -6.338688
v 1.345870 6.668292 -7.766958
v 1.345870 8.209481 -6.338688
v 1.345870 7.272561 -5.240028
v 1.345870 6.668292 -7.766958
v 1.345870 8.209481 -6.338688
v 1.345870 8.685571 -5.761888
v 1.345870 7.272561 -5.240028
v -1.889100 15.222600 1.181074
v -2.423170 15.875700 0.000004
v -1.889100 14.490201 0.000003
v -2.423170 15.875700 0.000004
v -1.889100 15.222600 -1.181067
v -1.889100 14.490201 0.000003
v -2.423170 15.875700 0.000004
v -1.889100 16.531900 -1.181066
v -1.889100 15.222600 -1.181067
v 1.889100 16.531900 -1.181066
v 2.423170 15.875700 0.000004
v 1.889100 15.222600 -1.181067
v 2.423170 15.875700 0.000004
v 1.889100 14.490201 0.000003
v 1.889100 15.222600 -1.181067
v 2.423170 15.875700 0.000004
v 1.889100 15.222600 1.181074
v 1.889100 14.490201 0.000003
v 1.889100 15.222600 1.181074
v 2.423170 15.875700 0.000004
v 1.889100 16.531900 1.181074
v 2.423170 15.875700 0.000004
v 1.889100 17.264301 0.000004
v 1.889100 16.531900 1.181074
v 2.423170 15.875700 0.000004
v 1.889100 16.531900 -1.181066
v 1.889100 17.264301 0.000004
v 0.698874 -11.654999 -7.025363
v 0.698874 -11.542099 -4.232923
v -0.698874 -11.542099 -4.232923
v -0.698874 -11.654999 -7.025363
v 0.698874 -11.654999 -7.025363
v -0.698874 -11.542099 -4.232923
v -0.698874 -11.655001 7.025358
v -0.698874 -11.542101 4.232918
v 0.698874 -11.655001 7.025358
v 0.698874 -11.542101 4.232918
v 0.698874 -11.655001 7.025358
v -0.698874 -11.542101 4.232918
v 0.000000 20.975401 2.819914
v 0.000000 22.483000 1.849425
v 0.000000 20.856300 1.849424
v 0.000000 20.856300 -1.849416
v 0.000000 20.975401 -2.819906
v 0.000000 22.483000 -1.849415
v 0.000000 23.105598 7.391585
v 0.000000 18.405699 7.803584
v 0.000000 22.818697 11.307105
v 0.000000 26.630499 5.890075
v 0.000000 23.105598 7.391585
v 0.000000 28.070898 8.212536
v 0.000000 23.105602 -7.391575
v 0.000000 22.818701 -11.307096
v 0.000000 18.405703 -7.803576
v 0.000000 15.091398 9.772034
v 0.000000 18.405699 7.803584
v 0.000000 16.147299 7.657093
v 0.000000 1.956239 7.766961
v 0.000001 4.934837 12.924601
v 0.000001 10.888997 12.924602
v 0.000000 4.934841 -2.609329
v 0.000000 10.889000 -2.609327
v 0.000000 1.956241 -7.766960
v 0.000000 23.105602 -7.391575
v 0.000000 26.630503 -5.890065
v 0.000000 28.070902 -8.212524
v 0.000000 10.889000 2.609332
v 0.000000 4.934840 2.609331
v 0.000000 18.405703 -7.803576
v 0.000000 15.091402 -9.772026
v 0.000000 16.147303 -7.657086
v 0.454726 -10.177900 -1.019322
v -0.003052 -12.573600 -0.253307
v -0.454726 -10.177900 -1.019322
v -0.003052 -12.573600 0.253301
v 0.454726 -10.177900 1.019318
v -0.454726 -10.177900 1.019318
v 0.000000 13.867599 7.766963
v 0.000000 13.867601 -7.766957
v -0.000001 10.889003 -12.924598
v -0.000001 4.934842 -12.924599
v 1.889100 81.441704 -4.934823
v 1.889100 83.236198 0.000018
v 1.889100 78.313499 -6.738474
v 1.889100 83.248398 -1.803623
v 1.889100 83.236198 0.000018
v 1.889100 81.441704 -4.934823
v 1.889100 66.802002 0.000014
v 1.889100 83.236198 0.000018
v 1.889100 71.571999 4.934855
v 1.889100 71.571999 4.934855
v 1.889100 83.236198 0.000018
v 1.889100 74.700203 6.738505
v 0.000000 91.189301 0.000019
v -1.541180 89.794601 -1.477081
v -1.821960 89.498596 0.000019
v 0.000000 84.322601 -2.093552
v -1.889100 83.248398 -1.803622
v -1.889100 83.236198 0.000018
v 0.000000 99.469002 -5.923619
v 0.000000 100.000000 -7.428190
v -0.433363 99.243095 -6.207450
v 1.248210 91.216805 -3.173901
v 0.000000 89.730499 -4.220691
v 0.967437 93.801704 -5.432271
v 0.000000 91.189301 0.000019
v 1.541180 89.794601 1.477119
v 1.821960 89.498596 0.000019
v 0.000000 99.020401 6.491310
v 0.000000 100.000000 7.428231
v -0.433363 99.243095 6.207490
v 0.000000 60.664703 -3.039627
v -1.190220 62.575104 -1.940967
v 0.000000 63.521202 -3.445527
v -1.248210 91.216805 3.173939
v 0.000000 89.730499 4.220729
v -0.967437 93.801704 5.432309
v -1.889100 83.248398 1.803658
v -1.889100 83.236198 0.000018
v -1.889100 81.441704 4.934856
v 0.613422 98.159698 -5.652010
v 0.433363 99.243095 -6.207450
v 0.000000 98.156700 -5.087420
v 0.000000 98.156700 5.087460
v 0.000000 99.469002 5.923660
v 0.433363 99.243095 6.207490
v -1.248210 91.216805 -3.173901
v 0.000000 92.455795 -2.334651
v -0.967437 93.801704 -5.432271
v -0.613422 98.159698 5.652050
v 0.000000 98.162804 6.216640
v -0.433363 99.243095 6.207490
v 0.000000 98.162804 6.216640
v 0.000000 99.020401 6.491310
v -0.433363 99.243095 6.207490
v 0.000000 98.162804 6.216640
v 0.433363 99.243095 6.207490
v 0.000000 99.020401 6.491310
v 0.433363 99.243095 6.207490
v 0.000000 100.000000 7.428231
v 0.000000 99.020401 6.491310
v 0.433363 99.243095 6.207490
v 0.000000 99.469002 5.923660
v 0.000000 100.000000 7.428231
v 0.000000 99.469002 5.923660
v -0.433363 99.243095 6.207490
v 0.000000 100.000000 7.428231
v 0.000000 99.469002 5.923660
v 0.000000 98.156700 5.087460
v -0.433363 99.243095 6.207490
v 0.000000 98.156700 5.087460
v -0.613422 98.159698 5.652050
v -0.433363 99.243095 6.207490
v 0.000000 98.156700 5.087460
v 0.000000 95.602295 4.995900
v -0.613422 98.159698 5.652050
v 0.000000 95.602295 4.995900
v -0.872829 95.355103 5.810740
v -0.613422 98.159698 5.652050
v 0.000000 95.602295 4.995900
v 0.000000 94.299103 4.474029
v -0.872829 95.355103 5.810740
v 0.000000 94.299103 4.474029
v -0.967437 93.801704 5.432309
v -0.872829 95.355103 5.810740
v 0.000000 94.299103 4.474029
v 0.000000 92.455795 2.334689
v -0.967437 93.801704 5.432309
v 0.000000 92.455795 2.334689
v -1.248210 91.216805 3.173939
v -0.967437 93.801704 5.432309
v 0.000000 92.455795 2.334689
v -1.541180 89.794601 1.477119
v -1.248210 91.216805 3.173939
v -1.541180 89.794601 1.477119
v 0.000000 89.730499 4.220729
v -1.248210 91.216805 3.173939
v -1.541180 89.794601 1.477119
v 0.000000 86.355194 2.404878
v 0.000000 89.730499 4.220729
v 0.000000 86.355194 2.404878
v 1.541180 89.794601 1.477119
v 0.000000 89.730499 4.220729
v 0.000000 86.355194 2.404878
v 2.294990 86.587105 0.000018
v 1.541180 89.794601 1.477119
v 2.294990 86.587105 0.000018
v 1.821960 89.498596 0.000019
v 1.541180 89.794601 1.477119
v 2.294990 86.587105 0.000018
v 1.541180 89.794601 -1.477081
v 1.821960 89.498596 0.000019
v 1.541180 89.794601 -1.477081
v 0.000000 91.189301 0.000019
v 1.821960 89.498596 0.000019
v 1.541180 89.794601 -1.477081
v 0.000000 92.455795 -2.334651
v 0.000000 91.189301 0.000019
v 0.000000 92.455795 -2.334651
v -1.541180 89.794601 -1.477081
v 0.000000 91.189301 0.000019
v 0.000000 92.455795 -2.334651
v -1.248210 91.216805 -3.173901
v -1.541180 89.794601 -1.477081
v -1.248210 91.216805 -3.173901
v 0.000000 89.730499 -4.220691
v -1.541180 89.794601 -1.477081
v -1.248210 91.216805 -3.173901
v -0.967437 93.801704 -5.432271
v 0.000000 89.730499 -4.220691
v -0.967437 93.801704 -5.432271
v 0.000000 93.307297 -6.393611
v 0.000000 89.730499 -4.220691
v -0.967437 93.801704 -5.432271
v -0.872829 95.355103 -5.810700
v 0.000000 93.307297 -6.393611
v -0.872829 95.355103 -5.810700
v 0.000000 95.107903 -6.625551
v 0.000000 93.307297 -6.393611
v -0.872829 95.355103 -5.810700
v -0.613422 98.159698 -5.652010
v 0.000000 95.107903 -6.625551
v -0.613422 98.159698 -5.652010
v 0.000000 98.162804 -6.216600
v 0.000000 95.107903 -6.625551
v -0.613422 98.159698 -5.652010
v -0.433363 99.243095 -6.207450
v 0.000000 98.162804 -6.216600
v -0.433363 99.243095 -6.207450
v 0.000000 99.020401 -6.491270
v 0.000000 98.162804 -6.216600
v -0.433363 99.243095 -6.207450
v 0.000000 100.000000 -7.428190
v 0.000000 99.020401 -6.491270
v 0.000000 100.000000 -7.428190
v 0.433363 99.243095 -6.207450
v 0.000000 99.020401 -6.491270
v 0.000000 100.000000 -7.428190
v 0.000000 99.469002 -5.923619
v 0.433363 99.243095 -6.207450
v 0.000000 99.469002 -5.923619
v 0.000000 98.156700 -5.087420
v 0.433363 99.243095 -6.207450
v 0.000000 99.469002 -5.923619
v -0.433363 99.243095 -6.207450
v 0.000000 98.156700 -5.087420
v -0.433363 99.243095 -6.207450
v -0.613422 98.159698 -5.652010
v 0.000000 98.156700 -5.087420
v -1.889100 74.700203 -6.738474
v 0.000000 70.784599 -5.719156
v -1.889100 71.571999 -4.934824
v 0.000000 70.784599 -5.719156
v 0.000000 68.575104 -4.828016
v -1.889100 71.571999 -4.934824
v 0.000000 70.784599 -5.719156
v 1.889100 71.571999 -4.934824
v 0.000000 68.575104 -4.828016
v 1.889100 71.571999 -4.934824
v 0.000000 63.521202 -3.445527
v 0.000000 68.575104 -4.828016
v 1.889100 71.571999 -4.934824
v 1.190220 62.575104 -1.940967
v 0.000000 63.521202 -3.445527
v 1.190220 62.575104 -1.940967
v 0.000000 60.664703 -3.039627
v 0.000000 63.521202 -3.445527
v 1.190220 62.575104 -1.940967
v 0.000000 50.367702 -1.849410
v 0.000000 60.664703 -3.039627
v 0.000000 50.367702 -1.849410
v -1.190220 62.575104 -1.940967
v 0.000000 60.664703 -3.039627
v 0.000000 50.367702 -1.849410
v -1.190220 50.367702 0.000010
v -1.190220 62.575104 -1.940967
v -1.190220 50.367702 0.000010
v -1.889100 66.802002 0.000014
v -1.190220 62.575104 -1.940967
v -1.190220 50.367702 0.000010
v -1.190220 62.575104 1.940993
v -1.889100 66.802002 0.000014
v -1.190220 62.575104 1.940993
v -1.889100 71.571999 4.934855
v -1.889100 66.802002 0.000014
v -1.190220 62.575104 1.940993
v 0.000000 63.521202 3.445553
v -1.889100 71.571999 4.934855
v 0.000000 63.521202 3.445553
v 0.000000 68.575104 4.828043
v -1.889100 71.571999 4.934855
v 0.000000 63.521202 3.445553
v 1.889100 71.571999 4.934855
v 0.000000 68.575104 4.828043
v 1.889100 71.571999 4.934855
v 0.000000 70.784599 5.719184
v 0.000000 68.575104 4.828043
v 1.889100 71.571999 4.934855
v 1.889100 74.700203 6.738505
v 0.000000 70.784599 5.719184
v 1.889100 74.700203 6.738505
v 0.000000 74.413300 7.815806
v 0.000000 70.784599 5.719184
v 1.889100 74.700203 6.738505
v 1.889100 78.313499 6.738506
v 0.000000 74.413300 7.815806
v 1.889100 78.313499 6.738506
v 0.000000 78.600403 7.815807
v 0.000000 74.413300 7.815806
v 1.889100 78.313499 6.738506
v 1.889100 81.441704 4.934856
v 0.000000 78.600403 7.815807
v 1.889100 81.441704 4.934856
v 0.000000 82.229103 5.719187
v 0.000000 78.600403 7.815807
v 1.889100 81.441704 4.934856
v 1.889100 83.248398 1.803658
v 0.000000 82.229103 5.719187
v 1.889100 83.248398 1.803658
v 0.000000 84.322601 2.093588
v 0.000000 82.229103 5.719187
v 1.889100 83.248398 1.803658
v 1.889100 83.236198 0.000018
v 0.000000 84.322601 2.093588
v 0.000000 98.156700 -5.087420
v 0.000000 95.602295 -4.995860
v 0.613422 98.159698 -5.652010
v 0.000000 95.602295 -4.995860
v 0.872829 95.355103 -5.810700
v 0.613422 98.159698 -5.652010
v 0.000000 95.602295 -4.995860
v 0.000000 94.299103 -4.473991
v 0.872829 95.355103 -5.810700
v 0.000000 94.299103 -4.473991
v 0.967437 93.801704 -5.432271
v 0.872829 95.355103 -5.810700
v 0.000000 94.299103 -4.473991
v 0.000000 92.455795 -2.334651
v 0.967437 93.801704 -5.432271
v 0.000000 92.455795 -2.334651
v 1.248210 91.216805 -3.173901
v 0.967437 93.801704 -5.432271
v 0.000000 92.455795 -2.334651
v 1.541180 89.794601 -1.477081
v 1.248210 91.216805 -3.173901
v 1.541180 89.794601 -1.477081
v 0.000000 89.730499 -4.220691
v 1.248210 91.216805 -3.173901
v 1.541180 89.794601 -1.477081
v 0.000000 86.355194 -2.404842
v 0.000000 89.730499 -4.220691
v 0.000000 86.355194 -2.404842
v -1.541180 89.794601 -1.477081
v 0.000000 89.730499 -4.220691
v 0.000000 86.355194 -2.404842
v -2.294990 86.587105 0.000018
v -1.541180 89.794601 -1.477081
v -2.294990 86.587105 0.000018
v -1.821960 89.498596 0.000019
v -1.541180 89.794601 -1.477081
v -2.294990 86.587105 0.000018
v -1.541180 89.794601 1.477119
v -1.821960 89.498596 0.000019
v -1.541180 89.794601 1.477119
v 0.000000 91.189301 0.000019
v -1.821960 89.498596 0.000019
v -1.541180 89.794601 1.477119
v 0.000000 92.455795 2.334689
v 0.000000 91.189301 0.000019
v 0.000000 92.455795 2.334689
v 1.541180 89.794601 1.477119
v 0.000000 91.189301 0.000019
v 0.000000 92.455795 2.334689
v 1.248210 91.216805 3.173939
v 1.541180 89.794601 1.477119
v 1.248210 91.216805 3.173939
v 0.000000 89.730499 4.220729
v 1.541180 89.794601 1.477119
v 1.248210 91.216805 3.173939
v 0.967437 93.801704 5.432309
v 0.000000 89.730499 4.220729
v 0.967437 93.801704 5.432309
v 0.000000 93.307297 6.393649
v 0.000000 89.730499 4.220729
v 0.967437 93.801704 5.432309
v 0.872829 95.355103 5.810740
v 0.000000 93.307297 6.393649
v 0.872829 95.355103 5.810740
v 0.000000 95.107903 6.625590
v 0.000000 93.307297 6.393649
v 0.872829 95.355103 5.810740
v 0.613422 98.159698 5.652050
v 0.000000 95.107903 6.625590
v 0.613422 98.159698 5.652050
v 0.000000 98.162804 6.216640
v 0.000000 95.107903 6.625590
v 0.613422 98.159698 5.652050
v 0.433363 99.243095 6.207490
v 0.000000 98.162804 6.216640
v -1.889100 83.236198 0.000018
v -1.889100 83.248398 1.803658
v 0.000000 84.322601 2.093588
v -1.889100 83.248398 1.803658
v 0.000000 82.229103 5.719187
v 0.000000 84.322601 2.093588
v -1.889100 83.248398 1.803658
v -1.889100 81.441704 4.934856
v 0.000000 82.229103 5.719187
v -1.889100 81.441704 4.934856
v 0.000000 78.600403 7.815807
v 0.000000 82.229103 5.719187
v -1.889100 81.441704 4.934856
v -1.889100 78.313499 6.738506
v 0.000000 78.600403 7.815807
v -1.889100 78.313499 6.738506
v 0.000000 74.413300 7.815806
v 0.000000 78.600403 7.815807
v -1.889100 78.313499 6.738506
v -1.889100 74.700203 6.738505
v 0.000000 74.413300 7.815806
v -1.889100 74.700203 6.738505
v 0.000000 70.784599 5.719184
v 0.000000 74.413300 7.815806
v -1.889100 74.700203 6.738505
v -1.889100 71.571999 4.934855
v 0.000000 70.784599 5.719184
v -1.889100 71.571999 4.934855
v 0.000000 68.575104 4.828043
v 0.000000 70.784599 5.719184
v 1.889100 83.236198 0.000018
v 1.889100 83.248398 -1.803623
v 0.000000 84.322601 -2.093552
v 1.889100 83.248398 -1.803623
v 0.000000 82.229103 -5.719152
v 0.000000 84.322601 -2.093552
v 1.889100 83.248398 -1.803623
v 1.889100 81.441704 -4.934823
v 0.000000 82.229103 -5.719152
v 1.889100 81.441704 -4.934823
v 0.000000 78.600403 -7.815774
v 0.000000 82.229103 -5.719152
v 1.889100 81.441704 -4.934823
v 1.889100 78.313499 -6.738474
v 0.000000 78.600403 -7.815774
v 1.889100 78.313499 -6.738474
v 0.000000 74.413300 -7.815775
v 0.000000 78.600403 -7.815774
v 1.889100 78.313499 -6.738474
v 1.889100 74.700203 -6.738474
v 0.000000 74.413300 -7.815775
v 1.889100 74.700203 -6.738474
v 0.000000 70.784599 -5.719156
v 0.000000 74.413300 -7.815775
v 1.889100 74.700203 -6.738474
v 1.889100 71.571999 -4.934824
v 0.000000 70.784599 -5.719156
v 0.000000 84.322601 -2.093552
v 0.000000 82.229103 -5.719152
v -1.889100 83.248398 -1.803622
v 0.000000 82.229103 -5.719152
v -1.889100 81.441704 -4.934823
v -1.889100 83.248398 -1.803622
v 0.000000 82.229103 -5.719152
v 0.000000 78.600403 -7.815774
v -1.889100 81.441704 -4.934823
v 0.000000 78.600403 -7.815774
v -1.889100 78.313499 -6.738474
v -1.889100 81.441704 -4.934823
v 0.000000 78.600403 -7.815774
v 0.000000 74.413300 -7.815775
v -1.889100 78.313499 -6.738474
v 0.000000 74.413300 -7.815775
v -1.889100 74.700203 -6.738474
v -1.889100 78.313499 -6.738474
v 0.000000 74.413300 -7.815775
v 0.000000 70.784599 -5.719156
v -1.889100 74.700203 -6.738474
v 0.433363 99.243095 6.207490
v 0.613422 98.159698 5.652050
v 0.000000 98.156700 5.087460
v 0.613422 98.159698 5.652050
v 0.000000 95.602295 4.995900
v 0.000000 98.156700 5.087460
v 0.613422 98.159698 5.652050
v 0.872829 95.355103 5.810740
v 0.000000 95.602295 4.995900
v 0.872829 95.355103 5.810740
v 0.000000 94.299103 4.474029
v 0.000000 95.602295 4.995900
v 0.872829 95.355103 5.810740
v 0.967437 93.801704 5.432309
v 0.000000 94.299103 4.474029
v 0.967437 93.801704 5.432309
v 0.000000 92.455795 2.334689
v 0.000000 94.299103 4.474029
v 0.967437 93.801704 5.432309
v 1.248210 91.216805 3.173939
v 0.000000 92.455795 2.334689
v 1.889100 71.571999 -4.934824
v 1.889100 66.802002 0.000014
v 1.190220 62.575104 -1.940967
v 1.889100 66.802002 0.000014
v 1.190220 50.367702 0.000010
v 1.190220 62.575104 -1.940967
v 1.889100 66.802002 0.000014
v 1.190220 62.575104 1.940993
v 1.190220 50.367702 0.000010
v 1.190220 62.575104 1.940993
v 0.000000 50.367702 1.849430
v 1.190220 50.367702 0.000010
v 1.190220 62.575104 1.940993
v 0.000000 60.664703 3.039653
v 0.000000 50.367702 1.849430
v 0.000000 60.664703 3.039653
v -1.190220 62.575104 1.940993
v 0.000000 50.367702 1.849430
v 0.000000 60.664703 3.039653
v 0.000000 63.521202 3.445553
v -1.190220 62.575104 1.940993
v 0.000000 89.730499 -4.220691
v 0.000000 93.307297 -6.393611
v 0.967437 93.801704 -5.432271
v 0.000000 93.307297 -6.393611
v 0.872829 95.355103 -5.810700
v 0.967437 93.801704 -5.432271
v 0.000000 93.307297 -6.393611
v 0.000000 95.107903 -6.625551
v 0.872829 95.355103 -5.810700
v 0.000000 95.107903 -6.625551
v 0.613422 98.159698 -5.652010
v 0.872829 95.355103 -5.810700
v 0.000000 95.107903 -6.625551
v 0.000000 98.162804 -6.216600
v 0.613422 98.159698 -5.652010
v 0.000000 98.162804 -6.216600
v 0.433363 99.243095 -6.207450
v 0.613422 98.159698 -5.652010
v 0.000000 98.162804 -6.216600
v 0.000000 99.020401 -6.491270
v 0.433363 99.243095 -6.207450
v 0.000000 92.455795 -2.334651
v 0.000000 94.299103 -4.473991
v -0.967437 93.801704 -5.432271
v 0.000000 94.299103 -4.473991
v -0.872829 95.355103 -5.810700
v -0.967437 93.801704 -5.432271
v 0.000000 94.299103 -4.473991
v 0.000000 95.602295 -4.995860
v -0.872829 95.355103 -5.810700
v 0.000000 95.602295 -4.995860
v -0.613422 98.159698 -5.652010
v -0.872829 95.355103 -5.810700
v 0.000000 95.602295 -4.995860
v 0.000000 98.156700 -5.087420
v -0.613422 98.159698 -5.652010
v 0.000000 37.409599 -1.849412
v 1.190220 50.367702 0.000010
v 1.190220 37.409599 0.000008
v 1.190220 50.367702 0.000010
v 0.000000 37.409599 1.849428
v 1.190220 37.409599 0.000008
v 1.190220 50.367702 0.000010
v 0.000000 50.367702 1.849430
v 0.000000 37.409599 1.849428
v 0.000000 50.367702 1.849430
v -1.190220 50.367702 0.000010
v 0.000000 37.409599 1.849428
v 0.000000 50.367702 1.849430
v -1.190220 62.575104 1.940993
v -1.190220 50.367702 0.000010
v -1.541180 89.794601 1.477119
v -2.294990 86.587105 0.000018
v 0.000000 86.355194 2.404878
v -2.294990 86.587105 0.000018
v -1.889100 83.236198 0.000018
v 0.000000 86.355194 2.404878
v -2.294990 86.587105 0.000018
v 0.000000 86.355194 -2.404842
v -1.889100 83.236198 0.000018
v 0.000000 86.355194 -2.404842
v 0.000000 84.322601 -2.093552
v -1.889100 83.236198 0.000018
v 0.000000 86.355194 -2.404842
v 1.889100 83.236198 0.000018
v 0.000000 84.322601 -2.093552
v 1.541180 89.794601 -1.477081
v 2.294990 86.587105 0.000018
v 0.000000 86.355194 -2.404842
v 2.294990 86.587105 0.000018
v 1.889100 83.236198 0.000018
v 0.000000 86.355194 -2.404842
v 2.294990 86.587105 0.000018
v 0.000000 86.355194 2.404878
v 1.889100 83.236198 0.000018
v 0.000000 86.355194 2.404878
v 0.000000 84.322601 2.093588
v 1.889100 83.236198 0.000018
v 0.000000 86.355194 2.404878
v -1.889100 83.236198 0.000018
v 0.000000 84.322601 2.093588
v 0.000000 37.409599 1.849428
v -1.190220 50.367702 0.000010
v -1.190220 37.409599 0.000008
v -1.190220 50.367702 0.000010
v 0.000000 37.409599 -1.849412
v -1.190220 37.409599 0.000008
v -1.190220 50.367702 0.000010
v 0.000000 50.367702 -1.849410
v 0.000000 37.409599 -1.849412
v 0.000000 50.367702 -1.849410
v 1.190220 50.367702 0.000010
v 0.000000 37.409599 -1.849412
v 0.000000 50.367702 -1.849410
v 1.190220 62.575104 -1.940967
v 1.190220 50.367702 0.000010
v 0.000000 89.730499 4.220729
v 0.000000 93.307297 6.393649
v -0.967437 93.801704 5.432309
v 0.000000 93.307297 6.393649
v -0.872829 95.355103 5.810740
v -0.967437 93.801704 5.432309
v 0.000000 93.307297 6.393649
v 0.000000 95.107903 6.625590
v -0.872829 95.355103 5.810740
v 0.000000 95.107903 6.625590
v -0.613422 98.159698 5.652050
v -0.872829 95.355103 5.810740
v 0.000000 95.107903 6.625590
v 0.000000 98.162804 6.216640
v -0.613422 98.159698 5.652050
v -1.889100 71.571999 4.934855
v -1.889100 83.236198 0.000018
v -1.889100 66.802002 0.000014
v -1.889100 83.236198 0.000018
v -1.889100 71.571999 -4.934824
v -1.889100 66.802002 0.000014
v -1.889100 83.236198 0.000018
v -1.889100 74.700203 -6.738474
v -1.889100 71.571999 -4.934824
v -1.889100 66.802002 0.000014
v -1.889100 71.571999 -4.934824
v -1.190220 62.575104 -1.940967
v -1.889100 71.571999 -4.934824
v 0.000000 63.521202 -3.445527
v -1.190220 62.575104 -1.940967
v -1.889100 71.571999 -4.934824
v 0.000000 68.575104 -4.828016
v 0.000000 63.521202 -3.445527
v 1.889100 78.313499 -6.738474
v 1.889100 83.236198 0.000018
v 1.889100 74.700203 -6.738474
v 1.889100 83.236198 0.000018
v 1.889100 71.571999 -4.934824
v 1.889100 74.700203 -6.738474
v 1.889100 83.236198 0.000018
v 1.889100 66.802002 0.000014
v 1.889100 71.571999 -4.934824
v 1.889100 74.700203 6.738505
v 1.889100 83.236198 0.000018
v 1.889100 78.313499 6.738506
v 1.889100 83.236198 0.000018
v 1.889100 81.441704 4.934856
v 1.889100 78.313499 6.738506
v 1.889100 83.236198 0.000018
v 1.889100 83.248398 1.803658
v 1.889100 81.441704 4.934856
v -1.889100 74.700203 -6.738474
v -1.889100 83.236198 0.000018
v -1.889100 78.313499 -6.738474
v -1.889100 83.236198 0.000018
v -1.889100 81.441704 -4.934823
v -1.889100 78.313499 -6.738474
v -1.889100 83.236198 0.000018
v -1.889100 83.248398 -1.803622
v -1.889100 81.441704 -4.934823
v -1.889100 81.441704 4.934856
v -1.889100 83.236198 0.000018
v -1.889100 78.313499 6.738506
v -1.889100 83.236198 0.000018
v -1.889100 74.700203 6.738505
v -1.889100 78.313499 6.738506
v -1.889100 83.236198 0.000018
v -1.889100 71.571999 4.934855
v -1.889100 74.700203 6.738505
v 0.000000 60.664703 3.039653
v 1.190220 62.575104 1.940993
v 0.000000 63.521202 3.445553
v 1.190220 62.575104 1.940993
v 1.889100 71.571999 4.934855
v 0.000000 63.521202 3.445553
v 1.190220 62.575104 1.940993
v 1.889100 66.802002 0.000014
v 1.889100 71.571999 4.934855
v -2.346870 88.961502 -4.773072
v -2.346870 87.444702 -9.421042
v -2.346870 82.458000 -1.416043
v -2.346870 96.896301 -13.519680
v -2.346870 76.598396 -7.650975
v -2.346870 79.992096 -6.945994
v -2.346870 81.524101 -13.632583
v -2.346871 78.246399 -13.949985
v -2.346870 75.722496 1.562565
v -2.346870 76.506897 0.000015
v -2.346870 74.761200 0.100726
v -2.148500 76.506897 0.000015
v -2.148500 77.886299 -0.952161
v -2.148500 76.372597 -1.669344
v 0.000000 89.730499 4.220729
v 0.000000 86.773300 5.261408
v 0.000000 89.733597 7.245109
v 0.000000 89.730499 4.220729
v 0.000000 86.355194 2.404878
v 0.000000 86.773300 5.261408
v 0.000000 86.355194 -2.404842
v 0.000000 89.730499 -4.220691
v 0.000000 86.773300 -5.261372
v 0.000000 89.733597 -7.245071
v 0.000000 86.773300 -5.261372
v 0.000000 89.730499 -4.220691
v 0.000000 69.850800 -6.878856
v 0.000000 68.422501 -6.115896
v 0.000000 70.784599 -5.719156
v 0.000000 68.575104 -4.828016
v 0.000000 60.664703 -3.039627
v 0.000000 63.521202 -3.445527
v 0.000000 61.592503 -4.245107
v 0.000000 63.261803 -4.251216
v 0.000000 53.175400 -2.175959
v 0.000000 53.184597 -3.427218
v 0.000000 51.454197 -3.421110
v 0.000000 50.367702 -1.849410
v 0.000000 68.422501 6.115924
v 0.000000 70.784599 5.719184
v 0.000000 68.575104 4.828043
v 0.000000 69.850800 6.878884
v 0.000000 61.592503 4.245133
v 0.000000 63.261803 4.251244
v 0.000000 63.521202 3.445553
v 0.000000 60.664703 3.039653
v 0.000000 53.184597 3.427241
v 0.000000 53.175400 2.175981
v 0.000000 51.454197 3.421130
v 0.000000 50.367702 1.849430
v -2.346870 69.060303 -11.249085
v -2.346870 71.742897 -12.796386
v -2.346871 68.233299 -16.025286
v -2.346870 69.740898 -6.476016
v -2.346870 65.761299 -8.270507
v -2.346870 63.084801 -3.573707
v -2.148500 75.804901 7.660165
v -2.148499 78.020599 10.220616
v -2.148500 78.215897 7.489257
v -2.148500 73.726601 7.550295
v -2.148499 73.229202 10.028416
v -2.148499 75.023697 10.281715
v -2.148499 82.186302 9.805617
v -2.148499 81.856697 8.484167
v -2.148499 80.901497 9.036547
v -2.148500 75.127396 0.952192
v -2.148500 73.851700 2.816875
v -2.148500 75.789703 1.513735
v -2.346871 76.564804 -20.090282
v -2.346871 74.752007 -13.830985
v -2.148499 75.340996 12.469915
v -2.148499 76.085701 10.376315
v -2.346870 77.471199 1.458797
v -2.346870 77.968697 -0.961316
v -2.346870 80.251495 -4.852424
v -2.346870 84.804794 -11.728283
v -2.148500 78.023598 0.717202
v -2.148500 76.140602 3.900286
v -2.148500 76.644203 1.669376
v -2.148500 72.072502 7.641846
v -2.346870 78.255600 -0.100694
v -2.346871 86.678703 -19.693583
v -2.148500 71.352295 8.038594
v -2.148499 70.516098 12.720115
v -2.148499 79.000198 11.926617
v -2.148499 79.238304 9.936847
v -2.148500 80.440697 6.900256
v -2.148500 82.995102 6.195277
v -2.148500 83.953400 6.634738
v -2.148500 85.500702 3.460818
v -2.346870 77.291199 -1.562533
v -2.346870 75.545502 -1.458765
v -2.148500 75.127396 0.952192
v -2.148500 75.789703 1.513735
v -2.148500 76.506897 0.000015
v -2.148500 74.993095 -0.717170
v 0.000000 96.218803 0.000020
v 0.000000 80.208702 -3.924664
v -1.889100 74.822197 0.000015
v 0.000000 80.208702 3.924697
v 0.000000 74.822197 1.849435
v 1.889100 74.822197 0.000015
v 0.000000 74.822197 -1.849405
v 1.889100 74.822197 0.000015
v 0.000000 71.706299 -1.849405
v 0.000000 52.998398 -1.849409
v 1.147500 56.117397 0.000011
v 1.147500 52.998398 0.000011
v 1.147500 56.117397 0.000011
v 0.000000 52.998398 1.849431
v 1.147500 52.998398 0.000011
v 1.147500 56.117397 0.000011
v 0.000000 56.117397 1.849431
v 0.000000 52.998398 1.849431
v 0.000000 56.117397 1.849431
v -1.147500 56.117397 0.000012
v 0.000000 52.998398 1.849431
v 0.000000 56.117397 1.849431
v -1.147500 59.233398 0.000013
v -1.147500 56.117397 0.000012
v -1.147500 59.233398 0.000013
v 0.000000 56.117397 -1.849408
v -1.147500 56.117397 0.000012
v -1.147500 59.233398 0.000013
v 0.000000 59.233398 -1.849407
v 0.000000 56.117397 -1.849408
v 0.000000 59.233398 -1.849407
v 1.147500 59.233398 0.000013
v 0.000000 56.117397 -1.849408
v 0.000000 59.233398 -1.849407
v 1.147500 62.352402 0.000013
v 1.147500 59.233398 0.000013
v 1.147500 62.352402 0.000013
v 0.000000 59.233398 1.849433
v 1.147500 59.233398 0.000013
v 1.147500 62.352402 0.000013
v 0.000000 62.352402 1.849433
v 0.000000 59.233398 1.849433
v 0.000000 62.352402 1.849433
v -1.147500 62.352402 0.000013
v 0.000000 59.233398 1.849433
v 0.000000 62.352402 1.849433
v -1.147500 65.471397 0.000014
v -1.147500 62.352402 0.000013
v -1.147500 65.471397 0.000014
v 0.000000 62.352402 -1.849407
v -1.147500 62.352402 0.000013
v -1.147500 65.471397 0.000014
v 0.000000 65.471397 -1.849406
v 0.000000 62.352402 -1.849407
v 0.000000 65.471397 -1.849406
v 1.147500 65.471397 0.000014
v 0.000000 62.352402 -1.849407
v 0.000000 65.471397 -1.849406
v 1.147500 68.587296 0.000014
v 1.147500 65.471397 0.000014
v 1.147500 68.587296 0.000014
v 0.000000 65.471397 1.849434
v 1.147500 65.471397 0.000014
v 1.147500 68.587296 0.000014
v 0.000000 68.587296 1.849434
v 0.000000 65.471397 1.849434
v 0.000000 68.587296 1.849434
v -1.147500 68.587296 0.000014
v 0.000000 65.471397 1.849434
v 0.000000 68.587296 1.849434
v -1.428270 71.706299 0.000015
v -1.147500 68.587296 0.000014
v -1.428270 71.706299 0.000015
v 0.000000 68.587296 -1.849406
v -1.147500 68.587296 0.000014
v -1.428270 71.706299 0.000015
v 0.000000 71.706299 -1.849405
v 0.000000 68.587296 -1.849406
v 0.000000 71.706299 -1.849405
v 1.428270 71.706299 0.000015
v 0.000000 68.587296 -1.849406
v 0.000000 71.706299 -1.849405
v 1.889100 74.822197 0.000015
v 1.428270 71.706299 0.000015
v 1.889100 74.822197 0.000015
v 0.000000 71.706299 1.849435
v 1.428270 71.706299 0.000015
v 1.889100 74.822197 0.000015
v 0.000000 74.822197 1.849435
v 0.000000 71.706299 1.849435
v 0.000000 74.822197 1.849435
v -1.889100 74.822197 0.000015
v 0.000000 71.706299 1.849435
v 0.000000 74.822197 1.849435
v 0.000000 80.208702 3.924697
v -1.889100 74.822197 0.000015
v 0.000000 80.208702 3.924697
v 0.000000 96.218803 0.000020
v -1.889100 74.822197 0.000015
v 0.000000 80.208702 3.924697
v 1.889100 74.822197 0.000015
v 0.000000 96.218803 0.000020
v 1.889100 74.822197 0.000015
v 0.000000 80.208702 -3.924664
v 0.000000 96.218803 0.000020
v 1.889100 74.822197 0.000015
v 0.000000 74.822197 -1.849405
v 0.000000 80.208702 -3.924664
v 0.000000 74.822197 -1.849405
v -1.889100 74.822197 0.000015
v 0.000000 80.208702 -3.924664
v 0.000000 74.822197 -1.849405
v 0.000000 71.706299 -1.849405
v -1.889100 74.822197 0.000015
v 0.000000 71.706299 -1.849405
v -1.428270 71.706299 0.000015
v -1.889100 74.822197 0.000015
v 0.000000 65.471397 1.849434
v -1.147500 68.587296 0.000014
v -1.147500 65.471397 0.000014
v -1.147500 68.587296 0.000014
v 0.000000 65.471397 -1.849406
v -1.147500 65.471397 0.000014
v -1.147500 68.587296 0.000014
v 0.000000 68.587296 -1.849406
v 0.000000 65.471397 -1.849406
v 0.000000 68.587296 -1.849406
v 1.147500 68.587296 0.000014
v 0.000000 65.471397 -1.849406
v 0.000000 68.587296 -1.849406
v 1.428270 71.706299 0.000015
v 1.147500 68.587296 0.000014
v 1.428270 71.706299 0.000015
v 0.000000 68.587296 1.849434
v 1.147500 68.587296 0.000014
v 1.428270 71.706299 0.000015
v 0.000000 71.706299 1.849435
v 0.000000 68.587296 1.849434
v 0.000000 71.706299 1.849435
v -1.428270 71.706299 0.000015
v 0.000000 68.587296 1.849434
v 0.000000 71.706299 1.849435
v -1.889100 74.822197 0.000015
v -1.428270 71.706299 0.000015
v 0.000000 43.647598 -1.849411
v 1.147500 46.763500 0.000010
v 1.147500 43.647598 0.000009
v 1.147500 46.763500 0.000010
v 0.000000 43.647598 1.849429
v 1.147500 43.647598 0.000009
v 1.147500 46.763500 0.000010
v 0.000000 46.763500 1.849430
v 0.000000 43.647598 1.849429
v 0.000000 46.763500 1.849430
v -1.147500 46.763500 0.000010
v 0.000000 43.647598 1.849429
v 0.000000 46.763500 1.849430
v -1.147500 49.882500 0.000010
v -1.147500 46.763500 0.000010
v -1.147500 49.882500 0.000010
v 0.000000 46.763500 -1.849410
v -1.147500 46.763500 0.000010
v -1.147500 49.882500 0.000010
v 0.000000 49.882500 -1.849410
v 0.000000 46.763500 -1.849410
v 0.000000 49.882500 -1.849410
v 1.147500 49.882500 0.000010
v 0.000000 46.763500 -1.849410
v 0.000000 49.882500 -1.849410
v 1.147500 52.998398 0.000011
v 1.147500 49.882500 0.000010
v 1.147500 52.998398 0.000011
v 0.000000 49.882500 1.849430
v 1.147500 49.882500 0.000010
v 1.147500 52.998398 0.000011
v 0.000000 52.998398 1.849431
v 0.000000 49.882500 1.849430
v 0.000000 52.998398 1.849431
v -1.147500 52.998398 0.000011
v 0.000000 49.882500 1.849430
v 0.000000 52.998398 1.849431
v -1.147500 56.117397 0.000012
v -1.147500 52.998398 0.000011
v -1.147500 56.117397 0.000012
v 0.000000 52.998398 -1.849409
v -1.147500 52.998398 0.000011
v -1.147500 56.117397 0.000012
v 0.000000 56.117397 -1.849408
v 0.000000 52.998398 -1.849409
v 0.000000 56.117397 -1.849408
v 1.147500 56.117397 0.000011
v 0.000000 52.998398 -1.849409
v 0.000000 56.117397 -1.849408
v 1.147500 59.233398 0.000013
v 1.147500 56.117397 0.000011
v 1.147500 59.233398 0.000013
v 0.000000 56.117397 1.849431
v 1.147500 56.117397 0.000011
v 1.147500 59.233398 0.000013
v 0.000000 59.233398 1.849433
v 0.000000 56.117397 1.849431
v 0.000000 59.233398 1.849433
v -1.147500 59.233398 0.000013
v 0.000000 56.117397 1.849431
v 0.000000 59.233398 1.849433
v -1.147500 62.352402 0.000013
v -1.147500 59.233398 0.000013
v -1.147500 62.352402 0.000013
v 0.000000 59.233398 -1.849407
v -1.147500 59.233398 0.000013
v -1.147500 62.352402 0.000013
v 0.000000 62.352402 -1.849407
v 0.000000 59.233398 -1.849407
v 0.000000 62.352402 -1.849407
v 1.147500 62.352402 0.000013
v 0.000000 59.233398 -1.849407
v 0.000000 62.352402 -1.849407
v 1.147500 65.471397 0.000014
v 1.147500 62.352402 0.000013
v 1.147500 65.471397 0.000014
v 0.000000 62.352402 1.849433
v 1.147500 62.352402 0.000013
v 1.147500 65.471397 0.000014
v 0.000000 65.471397 1.849434
v 0.000000 62.352402 1.849433
v 0.000000 65.471397 1.849434
v -1.147500 65.471397 0.000014
v 0.000000 62.352402 1.849433
v 1.147500 52.998398 0.000011
v 0.000000 49.882500 -1.849410
v 0.000000 52.998398 -1.849409
v 0.000000 49.882500 -1.849410
v -1.147500 52.998398 0.000011
v 0.000000 52.998398 -1.849409
v 0.000000 49.882500 -1.849410
v -1.147500 49.882500 0.000010
v -1.147500 52.998398 0.000011
v -1.147500 49.882500 0.000010
v 0.000000 49.882500 1.849430
v -1.147500 52.998398 0.000011
v -1.147500 49.882500 0.000010
v 0.000000 46.763500 1.849430
v 0.000000 49.882500 1.849430
v 0.000000 46.763500 1.849430
v 1.147500 49.882500 0.000010
v 0.000000 49.882500 1.849430
v 0.000000 46.763500 1.849430
v 1.147500 46.763500 0.000010
v 1.147500 49.882500 0.000010
v 1.147500 46.763500 0.000010
v 0.000000 46.763500 -1.849410
v 1.147500 49.882500 0.000010
v 1.147500 46.763500 0.000010
v 0.000000 43.647598 -1.849411
v 0.000000 46.763500 -1.849410
v 0.000000 43.647598 -1.849411
v -1.147500 46.763500 0.000010
v 0.000000 46.763500 -1.849410
v 0.000000 43.647598 -1.849411
v -1.147500 43.647598 0.000009
v -1.147500 46.763500 0.000010
v -1.147500 43.647598 0.000009
v 0.000000 43.647598 1.849429
v -1.147500 46.763500 0.000010
v -1.147500 43.647598 0.000009
v 0.000000 40.528603 1.849429
v 0.000000 43.647598 1.849429
v 0.000000 40.528603 1.849429
v 1.147500 43.647598 0.000009
v 0.000000 43.647598 1.849429
v 0.000000 40.528603 1.849429
v 1.147500 40.528603 0.000009
v 1.147500 43.647598 0.000009
v 1.147500 40.528603 0.000009
v 0.000000 40.528603 -1.849411
v 1.147500 43.647598 0.000009
v 1.147500 40.528603 0.000009
v 0.000000 37.534698 -1.849412
v 0.000000 40.528603 -1.849411
v 0.000000 37.534698 -1.849412
v -1.147500 40.528603 0.000009
v 0.000000 40.528603 -1.849411
v 0.000000 37.534698 -1.849412
v -1.181070 37.534698 0.000008
v -1.147500 40.528603 0.000009
v -1.181070 37.534698 0.000008
v 0.000000 37.534698 1.849428
v -1.147500 40.528603 0.000009
v -1.181070 37.534698 0.000008
v 0.000000 37.409599 1.849428
v 0.000000 37.534698 1.849428
v 0.000000 37.409599 1.849428
v 1.181070 37.534698 0.000008
v 0.000000 37.534698 1.849428
v 0.000000 37.409599 1.849428
v 1.190220 37.409599 0.000008
v 1.181070 37.534698 0.000008
v 1.190220 37.409599 0.000008
v 0.000000 37.409599 -1.849412
v 1.181070 37.534698 0.000008
v 0.000000 37.409599 1.849428
v -1.181070 37.534698 0.000008
v -1.190220 37.409599 0.000008
v -1.181070 37.534698 0.000008
v 0.000000 37.409599 -1.849412
v -1.190220 37.409599 0.000008
v -1.181070 37.534698 0.000008
v 0.000000 37.534698 -1.849412
v 0.000000 37.409599 -1.849412
v 0.000000 37.534698 -1.849412
v 1.181070 37.534698 0.000008
v 0.000000 37.409599 -1.849412
v 0.000000 37.534698 -1.849412
v 1.147500 40.528603 0.000009
v 1.181070 37.534698 0.000008
v 1.147500 40.528603 0.000009
v 0.000000 37.534698 1.849428
v 1.181070 37.534698 0.000008
v 1.147500 40.528603 0.000009
v 0.000000 40.528603 1.849429
v 0.000000 37.534698 1.849428
v 0.000000 40.528603 1.849429
v -1.147500 40.528603 0.000009
v 0.000000 37.534698 1.849428
v 0.000000 40.528603 1.849429
v -1.147500 43.647598 0.000009
v -1.147500 40.528603 0.000009
v -1.147500 43.647598 0.000009
v 0.000000 40.528603 -1.849411
v -1.147500 40.528603 0.000009
v -1.147500 43.647598 0.000009
v 0.000000 43.647598 -1.849411
v 0.000000 40.528603 -1.849411
v 0.000000 43.647598 -1.849411
v 1.147500 43.647598 0.000009
v 0.000000 40.528603 -1.849411
v 0.000000 23.105598 7.391585
v 0.000000 22.818697 11.307105
v 0.000000 18.405699 7.803584
v 0.000000 15.091398 9.772034
v 0.000000 16.147299 7.657093
v 0.000000 18.405699 7.803584
v 0.000000 1.956239 7.766961
v 0.000001 10.888997 12.924602
v 0.000001 4.934837 12.924601
v 0.000000 4.934841 -2.609329
v 0.000000 1.956241 -7.766960
v 0.000000 10.889000 -2.609327
v 0.000000 4.934840 2.609331
v 0.000000 10.889000 2.609332
v 0.000000 18.405703 -7.803576
v 0.000000 16.147303 -7.657086
v 0.000000 15.091402 -9.772026
v 0.000000 13.867599 7.766963
v -0.000001 10.889003 -12.924598
v 0.000000 13.867601 -7.766957
v -0.000001 4.934842 -12.924599
v -2.346870 88.961502 -4.773072
v -2.346870 82.458000 -1.416043
v -2.346870 87.444702 -9.421042
v -2.346870 96.896301 -13.519680
v -2.346870 76.598396 -7.650975
v -2.346870 81.524101 -13.632583
v -2.346870 79.992096 -6.945994
v -2.346871 78.246399 -13.949985
v -2.346870 75.722496 1.562565
v -2.346870 74.761200 0.100726
v -2.346870 76.506897 0.000015
v -2.148500 76.506897 0.000015
v -2.148500 76.372597 -1.669344
v -2.148500 77.886299 -0.952161
v 0.000000 69.850800 -6.878856
v 0.000000 70.784599 -5.719156
v 0.000000 68.422501 -6.115896
v 0.000000 68.575104 -4.828016
v 0.000000 60.664703 -3.039627
v 0.000000 61.592503 -4.245107
v 0.000000 63.521202 -3.445527
v 0.000000 63.261803 -4.251216
v 0.000000 53.175400 -2.175959
v 0.000000 51.454197 -3.421110
v 0.000000 53.184597 -3.427218
v 0.000000 50.367702 -1.849410
v 0.000000 68.422501 6.115924
v 0.000000 68.575104 4.828043
v 0.000000 70.784599 5.719184
v 0.000000 69.850800 6.878884
v 0.000000 61.592503 4.245133
v 0.000000 63.521202 3.445553
v 0.000000 63.261803 4.251244
v 0.000000 60.664703 3.039653
v 0.000000 53.184597 3.427241
v 0.000000 51.454197 3.421130
v 0.000000 53.175400 2.175981
v 0.000000 50.367702 1.849430
v -2.346870 69.060303 -11.249085
v -2.346871 68.233299 -16.025286
v -2.346870 71.742897 -12.796386
v -2.346870 69.740898 -6.476016
v -2.346870 63.084801 -3.573707
v -2.346870 65.761299 -8.270507
v -2.148500 75.804901 7.660165
v -2.148500 78.215897 7.489257
v -2.148499 78.020599 10.220616
v -2.148500 73.726601 7.550295
v -2.148499 75.023697 10.281715
v -2.148499 73.229202 10.028416
v -2.148499 82.186302 9.805617
v -2.148499 80.901497 9.036547
v -2.148499 81.856697 8.484167
v -2.148500 75.127396 0.952192
v -2.148500 75.789703 1.513735
v -2.148500 73.851700 2.816875
v -2.346871 76.564804 -20.090282
v -2.346871 74.752007 -13.830985
v -2.148499 75.340996 12.469915
v -2.148499 76.085701 10.376315
v -2.346870 77.471199 1.458797
v -2.346870 77.968697 -0.961316
v -2.346870 80.251495 -4.852424
v -2.346870 84.804794 -11.728283
v -2.148500 78.023598 0.717202
v -2.148500 76.644203 1.669376
v -2.148500 76.140602 3.900286
v -2.148500 72.072502 7.641846
v -2.346870 78.255600 -0.100694
v -2.346871 86.678703 -19.693583
v -2.148500 71.352295 8.038594
v -2.148499 70.516098 12.720115
v -2.148499 79.000198 11.926617
v -2.148499 79.238304 9.936847
v -2.148500 80.440697 6.900256
v -2.148500 82.995102 6.195277
v -2.148500 83.953400 6.634738
v -2.148500 85.500702 3.460818
v -2.346870 77.291199 -1.562533
v -2.346870 75.545502 -1.458765
v -2.148500 74.993095 -0.717170
vt 0.987305 0.439453
vt 0.777832 0.439453
vt 0.987305 0.957031
vt 0.777832 0.957031
vt 0.987305 0.439453
vt 0.987305 0.957031
vt 0.777832 0.439453
vt 0.777832 0.957031
vt 0.935547 0.424805
vt 0.920410 0.410156
vt 0.903809 0.447266
vt 0.923828 0.451172
vt 0.935547 0.424805
vt 0.903809 0.447266
vt 0.920410 0.410156
vt 0.935547 0.424805
vt 0.903809 0.447266
vt 0.923828 0.451172
vt 0.903809 0.447266
vt 0.935547 0.424805
vt 0.770020 0.543457
vt 0.811035 0.544922
vt 0.774414 0.510742
vt 0.809082 0.499023
vt 0.774414 0.510742
vt 0.811035 0.544922
vt 0.485840 0.864746
vt 0.552246 0.864746
vt 0.485840 0.931152
vt 0.485840 0.864746
vt 0.485840 0.931152
vt 0.552246 0.864746
vt 0.849609 0.271484
vt 0.873047 0.271484
vt 0.873047 0.248047
vt 0.849609 0.248047
vt 0.849609 0.271484
vt 0.873047 0.248047
vt 0.637695 0.308105
vt 0.606445 0.335449
vt 0.579102 0.308105
vt 0.653320 0.335449
vt 0.606445 0.335449
vt 0.637695 0.308105
vt 0.087891 0.650391
vt 0.115234 0.658203
vt 0.138672 0.638672
vt 0.068359 0.615234
vt 0.087891 0.650391
vt 0.138672 0.638672
vt 0.162109 0.748047
vt 0.162109 0.814453
vt 0.228516 0.748047
vt 0.162109 0.748047
vt 0.228516 0.748047
vt 0.162109 0.814453
vt 0.637695 0.308105
vt 0.579102 0.308105
vt 0.606445 0.335449
vt 0.606445 0.335449
vt 0.653320 0.335449
vt 0.637695 0.308105
vt 0.652832 0.614746
vt 0.711914 0.593750
vt 0.712891 0.618652
vt 0.653320 0.530762
vt 0.711914 0.593750
vt 0.652832 0.614746
vt 0.248047 0.708984
vt 0.208984 0.708984
vt 0.248047 0.669922
vt 0.208984 0.669922
vt 0.248047 0.669922
vt 0.208984 0.708984
vt 0.107422 0.525391
vt 0.138672 0.638672
vt 0.087891 0.568359
vt 0.064453 0.525391
vt 0.107422 0.525391
vt 0.087891 0.568359
vt 0.248047 0.708984
vt 0.248047 0.669922
vt 0.208984 0.708984
vt 0.248047 0.669922
vt 0.208984 0.669922
vt 0.208984 0.708984
vt 0.861328 0.166016
vt 0.826172 0.166016
vt 0.861328 0.123047
vt 0.861328 0.123047
vt 0.900391 0.123047
vt 0.861328 0.166016
vt 0.774414 0.510742
vt 0.809082 0.499023
vt 0.811035 0.544922
vt 0.770020 0.543457
vt 0.774414 0.510742
vt 0.811035 0.544922
vt 0.920410 0.410156
vt 0.903809 0.447266
vt 0.935547 0.424805
vt 0.903809 0.447266
vt 0.923828 0.451172
vt 0.935547 0.424805
vt 0.920410 0.410156
vt 0.935547 0.424805
vt 0.903809 0.447266
vt 0.923828 0.451172
vt 0.903809 0.447266
vt 0.935547 0.424805
vt 0.811035 0.544922
vt 0.770020 0.543457
vt 0.774414 0.510742
vt 0.809082 0.499023
vt 0.811035 0.544922
vt 0.774414 0.510742
vt 0.711914 0.593750
vt 0.653320 0.530762
vt 0.652832 0.614746
vt 0.711914 0.593750
vt 0.652832 0.614746
vt 0.712891 0.618652
vt 0.667969 0.748047
vt 0.712891 0.618652
vt 0.731934 0.633301
vt 0.667969 0.748047
vt 0.645020 0.654785
vt 0.712891 0.618652
vt 0.087891 0.650391
vt 0.115234 0.658203
vt 0.138672 0.638672
vt 0.068359 0.615234
vt 0.087891 0.650391
vt 0.138672 0.638672
vt 0.809082 0.499023
vt 0.774414 0.510742
vt 0.811035 0.544922
vt 0.770020 0.543457
vt 0.811035 0.544922
vt 0.774414 0.510742
vt 0.986328 0.849609
vt 0.986328 0.873047
vt 0.970703 0.865234
vt 0.986328 0.873047
vt 0.939453 0.896484
vt 0.970703 0.865234
vt 0.947266 0.861328
vt 0.931641 0.830078
vt 0.900391 0.853516
vt 0.606445 0.335449
vt 0.653320 0.335449
vt 0.637695 0.308105
vt 0.802734 0.630859
vt 0.731934 0.633301
vt 0.794922 0.687012
vt 0.919922 0.775391
vt 0.931641 0.806641
vt 0.904297 0.806641
vt 0.689453 0.076172
vt 0.654297 0.087891
vt 0.689453 0.103516
vt 0.908203 0.771484
vt 0.919922 0.775391
vt 0.927734 0.751953
vt 0.994141 0.107422
vt 0.994141 0.072266
vt 0.939453 0.072266
vt 0.947266 0.248047
vt 0.947266 0.271484
vt 0.908203 0.248047
vt 0.839844 0.424316
vt 0.879395 0.500000
vt 0.856934 0.422363
vt 0.986328 0.849609
vt 0.970703 0.865234
vt 0.986328 0.873047
vt 0.500977 0.943359
vt 0.619629 0.828613
vt 0.686035 0.876953
vt 0.904297 0.806641
vt 0.896484 0.802734
vt 0.892578 0.830078
vt 0.927734 0.294922
vt 0.875000 0.288086
vt 0.881836 0.330566
vt 0.653320 0.335449
vt 0.606445 0.335449
vt 0.637695 0.308105
vt 0.653320 0.495605
vt 0.653320 0.530762
vt 0.606445 0.479980
vt 0.900391 0.853516
vt 0.892578 0.830078
vt 0.931641 0.830078
vt 0.994141 0.212891
vt 0.994141 0.236328
vt 0.966797 0.212891
vt 0.880859 0.873047
vt 0.873047 0.841797
vt 0.900391 0.853516
vt 0.994141 0.029297
vt 0.994141 0.056641
vt 0.966797 0.029297
vt 0.879395 0.500000
vt 0.920410 0.410156
vt 0.856934 0.422363
vt 0.486328 0.818359
vt 0.486328 0.841797
vt 0.501953 0.818359
vt 0.812500 0.565918
vt 0.831055 0.609375
vt 0.852051 0.607910
vt 0.232422 0.283203
vt 0.232422 0.326172
vt 0.201172 0.326172
vt 0.978516 0.955078
vt 0.974609 0.990234
vt 0.990234 0.951172
vt 0.849609 0.248047
vt 0.849609 0.271484
vt 0.873047 0.248047
vt 0.990234 0.951172
vt 0.978516 0.955078
vt 0.974609 0.990234
vt 0.279297 0.990234
vt 0.279297 0.927734
vt 0.330078 0.927734
vt 0.232422 0.369141
vt 0.232422 0.326172
vt 0.201172 0.326172
vt 0.166016 0.380859
vt 0.189453 0.384766
vt 0.177734 0.353516
vt 0.466797 0.962891
vt 0.466797 0.990234
vt 0.505859 0.962891
vt 0.802734 0.630859
vt 0.794922 0.687012
vt 0.731934 0.633301
vt 0.087891 0.650391
vt 0.138672 0.638672
vt 0.115234 0.658203
vt 0.986328 0.849609
vt 0.986328 0.873047
vt 0.970703 0.865234
vt 0.935547 0.880859
vt 0.919922 0.880859
vt 0.947266 0.861328
vt 0.994141 0.521484
vt 0.970703 0.521484
vt 0.994141 0.728516
vt 0.447266 0.962891
vt 0.419922 0.962891
vt 0.447266 0.990234
vt 0.447266 0.962891
vt 0.447266 0.990234
vt 0.419922 0.962891
vt 0.900391 0.853516
vt 0.880859 0.873047
vt 0.873047 0.841797
vt 0.653320 0.530762
vt 0.606445 0.479980
vt 0.653320 0.495605
vt 0.896484 0.802734
vt 0.904297 0.806641
vt 0.892578 0.830078
vt 0.904297 0.806641
vt 0.919922 0.775391
vt 0.931641 0.806641
vt 0.884766 0.744141
vt 0.857422 0.771484
vt 0.884766 0.794922
vt 0.896484 0.802734
vt 0.892578 0.830078
vt 0.904297 0.806641
vt 0.931641 0.830078
vt 0.900391 0.853516
vt 0.947266 0.861328
vt 0.986328 0.849609
vt 0.970703 0.865234
vt 0.986328 0.873047
vt 0.994141 0.107422
vt 0.939453 0.072266
vt 0.939453 0.107422
vt 0.939453 0.072266
vt 0.916016 0.107422
vt 0.939453 0.107422
vt 0.939453 0.072266
vt 0.916016 0.072266
vt 0.916016 0.107422
vt 0.916016 0.072266
vt 0.888672 0.107422
vt 0.916016 0.107422
vt 0.916016 0.072266
vt 0.888672 0.072266
vt 0.888672 0.107422
vt 0.888672 0.072266
vt 0.853516 0.107422
vt 0.888672 0.107422
vt 0.888672 0.072266
vt 0.853516 0.072266
vt 0.853516 0.107422
vt 0.853516 0.072266
vt 0.826172 0.107422
vt 0.853516 0.107422
vt 0.853516 0.072266
vt 0.826172 0.072266
vt 0.826172 0.107422
vt 0.826172 0.072266
vt 0.791016 0.107422
vt 0.826172 0.107422
vt 0.826172 0.072266
vt 0.791016 0.072266
vt 0.791016 0.107422
vt 0.791016 0.072266
vt 0.767578 0.107422
vt 0.791016 0.107422
vt 0.791016 0.072266
vt 0.767578 0.072266
vt 0.767578 0.107422
vt 0.767578 0.072266
vt 0.720703 0.107422
vt 0.767578 0.107422
vt 0.767578 0.072266
vt 0.720703 0.072266
vt 0.720703 0.107422
vt 0.720703 0.072266
vt 0.705078 0.072266
vt 0.720703 0.107422
vt 0.939453 0.107422
vt 0.916016 0.107422
vt 0.939453 0.072266
vt 0.916016 0.107422
vt 0.916016 0.072266
vt 0.939453 0.072266
vt 0.916016 0.107422
vt 0.888672 0.107422
vt 0.916016 0.072266
vt 0.888672 0.107422
vt 0.888672 0.072266
vt 0.916016 0.072266
vt 0.888672 0.107422
vt 0.853516 0.107422
vt 0.888672 0.072266
vt 0.853516 0.107422
vt 0.853516 0.072266
vt 0.888672 0.072266
vt 0.853516 0.107422
vt 0.826172 0.107422
vt 0.853516 0.072266
vt 0.826172 0.107422
vt 0.826172 0.072266
vt 0.853516 0.072266
vt 0.826172 0.107422
vt 0.791016 0.107422
vt 0.826172 0.072266
vt 0.791016 0.107422
vt 0.791016 0.072266
vt 0.826172 0.072266
vt 0.791016 0.107422
vt 0.767578 0.107422
vt 0.791016 0.072266
vt 0.767578 0.107422
vt 0.767578 0.072266
vt 0.791016 0.072266
vt 0.767578 0.107422
vt 0.720703 0.107422
vt 0.767578 0.072266
vt 0.720703 0.107422
vt 0.720703 0.072266
vt 0.767578 0.072266
vt 0.720703 0.107422
vt 0.705078 0.072266
vt 0.720703 0.072266
vt 0.583984 0.990234
vt 0.791016 0.955078
vt 0.583984 0.955078
vt 0.791016 0.955078
vt 0.583984 0.990234
vt 0.583984 0.955078
vt 0.791016 0.955078
vt 0.791016 0.990234
vt 0.583984 0.990234
vt 0.791016 0.990234
vt 0.791016 0.955078
vt 0.583984 0.990234
vt 0.791016 0.990234
vt 0.841797 0.931641
vt 0.791016 0.955078
vt 0.841797 0.931641
vt 0.791016 0.990234
vt 0.791016 0.955078
vt 0.841797 0.931641
vt 0.880859 0.990234
vt 0.791016 0.990234
vt 0.880859 0.990234
vt 0.841797 0.931641
vt 0.791016 0.990234
vt 0.880859 0.990234
vt 0.880859 0.955078
vt 0.841797 0.931641
vt 0.880859 0.955078
vt 0.880859 0.990234
vt 0.841797 0.931641
vt 0.880859 0.955078
vt 0.974609 0.990234
vt 0.880859 0.990234
vt 0.974609 0.990234
vt 0.880859 0.955078
vt 0.880859 0.990234
vt 0.974609 0.990234
vt 0.978516 0.955078
vt 0.880859 0.955078
vt 0.978516 0.955078
vt 0.974609 0.990234
vt 0.880859 0.955078
vt 0.978516 0.955078
vt 0.990234 0.951172
vt 0.974609 0.990234
vt 0.583984 0.990234
vt 0.791016 0.955078
vt 0.583984 0.955078
vt 0.791016 0.955078
vt 0.583984 0.990234
vt 0.583984 0.955078
vt 0.791016 0.955078
vt 0.791016 0.990234
vt 0.583984 0.990234
vt 0.791016 0.990234
vt 0.791016 0.955078
vt 0.583984 0.990234
vt 0.791016 0.990234
vt 0.841797 0.931641
vt 0.791016 0.955078
vt 0.841797 0.931641
vt 0.791016 0.990234
vt 0.791016 0.955078
vt 0.841797 0.931641
vt 0.880859 0.990234
vt 0.791016 0.990234
vt 0.880859 0.990234
vt 0.841797 0.931641
vt 0.791016 0.990234
vt 0.880859 0.990234
vt 0.880859 0.955078
vt 0.841797 0.931641
vt 0.880859 0.955078
vt 0.880859 0.990234
vt 0.841797 0.931641
vt 0.880859 0.955078
vt 0.974609 0.990234
vt 0.880859 0.990234
vt 0.974609 0.990234
vt 0.880859 0.955078
vt 0.880859 0.990234
vt 0.974609 0.990234
vt 0.978516 0.955078
vt 0.880859 0.955078
vt 0.978516 0.955078
vt 0.974609 0.990234
vt 0.880859 0.955078
vt 0.978516 0.955078
vt 0.990234 0.951172
vt 0.974609 0.990234
vt 0.009766 0.216797
vt 0.009766 0.173828
vt 0.044922 0.216797
vt 0.009766 0.173828
vt 0.044922 0.173828
vt 0.044922 0.216797
vt 0.009766 0.173828
vt 0.009766 0.130859
vt 0.044922 0.173828
vt 0.009766 0.130859
vt 0.044922 0.130859
vt 0.044922 0.173828
vt 0.009766 0.130859
vt 0.009766 0.095703
vt 0.044922 0.130859
vt 0.009766 0.095703
vt 0.044922 0.095703
vt 0.044922 0.130859
vt 0.009766 0.095703
vt 0.009766 0.060547
vt 0.044922 0.095703
vt 0.009766 0.060547
vt 0.044922 0.060547
vt 0.044922 0.095703
vt 0.009766 0.060547
vt 0.009766 0.033203
vt 0.044922 0.060547
vt 0.009766 0.033203
vt 0.044922 0.033203
vt 0.044922 0.060547
vt 0.009766 0.033203
vt 0.009766 0.013672
vt 0.044922 0.033203
vt 0.009766 0.013672
vt 0.044922 0.013672
vt 0.044922 0.033203
vt 0.029297 0.990234
vt 0.111328 0.990234
vt 0.111328 0.962891
vt 0.111328 0.990234
vt 0.130859 0.958984
vt 0.111328 0.962891
vt 0.111328 0.990234
vt 0.130859 0.990234
vt 0.130859 0.958984
vt 0.130859 0.990234
vt 0.181641 0.946777
vt 0.130859 0.958984
vt 0.130859 0.990234
vt 0.181641 0.990234
vt 0.181641 0.946777
vt 0.181641 0.990234
vt 0.248047 0.931641
vt 0.181641 0.946777
vt 0.181641 0.990234
vt 0.248047 0.990234
vt 0.248047 0.931641
vt 0.248047 0.990234
vt 0.279297 0.927734
vt 0.248047 0.931641
vt 0.248047 0.990234
vt 0.279297 0.990234
vt 0.279297 0.927734
vt 0.279297 0.990234
vt 0.330078 0.927734
vt 0.279297 0.927734
vt 0.279297 0.990234
vt 0.330078 0.990234
vt 0.330078 0.927734
vt 0.330078 0.990234
vt 0.279297 0.990234
vt 0.330078 0.927734
vt 0.009766 0.216797
vt 0.009766 0.173828
vt 0.044922 0.216797
vt 0.009766 0.173828
vt 0.044922 0.173828
vt 0.044922 0.216797
vt 0.009766 0.173828
vt 0.009766 0.130859
vt 0.044922 0.173828
vt 0.009766 0.130859
vt 0.044922 0.130859
vt 0.044922 0.173828
vt 0.009766 0.130859
vt 0.009766 0.095703
vt 0.044922 0.130859
vt 0.009766 0.095703
vt 0.044922 0.095703
vt 0.044922 0.130859
vt 0.009766 0.095703
vt 0.009766 0.060547
vt 0.044922 0.095703
vt 0.009766 0.060547
vt 0.044922 0.060547
vt 0.044922 0.095703
vt 0.009766 0.060547
vt 0.009766 0.033203
vt 0.044922 0.060547
vt 0.009766 0.033203
vt 0.044922 0.033203
vt 0.044922 0.060547
vt 0.009766 0.033203
vt 0.009766 0.013672
vt 0.044922 0.033203
vt 0.009766 0.013672
vt 0.044922 0.013672
vt 0.044922 0.033203
vt 0.861328 0.123047
vt 0.826172 0.166016
vt 0.826172 0.123047
vt 0.826172 0.166016
vt 0.806641 0.123047
vt 0.826172 0.123047
vt 0.826172 0.166016
vt 0.806641 0.166016
vt 0.806641 0.123047
vt 0.806641 0.166016
vt 0.771484 0.123047
vt 0.806641 0.123047
vt 0.806641 0.166016
vt 0.771484 0.166016
vt 0.771484 0.123047
vt 0.771484 0.166016
vt 0.751953 0.123047
vt 0.771484 0.123047
vt 0.771484 0.166016
vt 0.751953 0.166016
vt 0.751953 0.123047
vt 0.751953 0.166016
vt 0.720703 0.123047
vt 0.751953 0.123047
vt 0.751953 0.166016
vt 0.720703 0.166016
vt 0.720703 0.123047
vt 0.720703 0.166016
vt 0.689453 0.123047
vt 0.720703 0.123047
vt 0.720703 0.166016
vt 0.689453 0.166016
vt 0.689453 0.123047
vt 0.689453 0.166016
vt 0.720703 0.166016
vt 0.689453 0.123047
vt 0.720703 0.166016
vt 0.720703 0.123047
vt 0.689453 0.123047
vt 0.720703 0.166016
vt 0.751953 0.166016
vt 0.720703 0.123047
vt 0.751953 0.166016
vt 0.751953 0.123047
vt 0.720703 0.123047
vt 0.751953 0.166016
vt 0.771484 0.166016
vt 0.751953 0.123047
vt 0.771484 0.166016
vt 0.771484 0.123047
vt 0.751953 0.123047
vt 0.771484 0.166016
vt 0.806641 0.166016
vt 0.771484 0.123047
vt 0.806641 0.166016
vt 0.806641 0.123047
vt 0.771484 0.123047
vt 0.806641 0.166016
vt 0.826172 0.166016
vt 0.806641 0.123047
vt 0.826172 0.166016
vt 0.826172 0.123047
vt 0.806641 0.123047
vt 0.826172 0.166016
vt 0.861328 0.123047
vt 0.826172 0.123047
vt 0.783203 0.056641
vt 0.830078 0.056641
vt 0.783203 0.029297
vt 0.830078 0.056641
vt 0.830078 0.029297
vt 0.783203 0.029297
vt 0.830078 0.056641
vt 0.857422 0.056641
vt 0.830078 0.029297
vt 0.857422 0.056641
vt 0.857422 0.029297
vt 0.830078 0.029297
vt 0.857422 0.056641
vt 0.876953 0.056641
vt 0.857422 0.029297
vt 0.876953 0.056641
vt 0.876953 0.029297
vt 0.857422 0.029297
vt 0.876953 0.056641
vt 0.966797 0.056641
vt 0.876953 0.029297
vt 0.966797 0.056641
vt 0.966797 0.029297
vt 0.876953 0.029297
vt 0.966797 0.056641
vt 0.994141 0.056641
vt 0.966797 0.029297
vt 0.994141 0.056641
vt 0.994141 0.029297
vt 0.966797 0.029297
vt 0.994141 0.056641
vt 0.966797 0.056641
vt 0.966797 0.029297
vt 0.966797 0.056641
vt 0.876953 0.029297
vt 0.966797 0.029297
vt 0.966797 0.056641
vt 0.876953 0.056641
vt 0.876953 0.029297
vt 0.876953 0.056641
vt 0.857422 0.029297
vt 0.876953 0.029297
vt 0.876953 0.056641
vt 0.857422 0.056641
vt 0.857422 0.029297
vt 0.857422 0.056641
vt 0.830078 0.029297
vt 0.857422 0.029297
vt 0.857422 0.056641
vt 0.830078 0.056641
vt 0.830078 0.029297
vt 0.830078 0.056641
vt 0.783203 0.029297
vt 0.830078 0.029297
vt 0.830078 0.056641
vt 0.783203 0.056641
vt 0.783203 0.029297
vt 0.653320 0.495605
vt 0.606445 0.479980
vt 0.653320 0.530762
vt 0.606445 0.479980
vt 0.593750 0.534668
vt 0.653320 0.530762
vt 0.606445 0.479980
vt 0.653320 0.530762
vt 0.593750 0.534668
vt 0.653320 0.530762
vt 0.624512 0.554199
vt 0.593750 0.534668
vt 0.653320 0.530762
vt 0.652832 0.614746
vt 0.624512 0.554199
vt 0.652832 0.614746
vt 0.620605 0.589355
vt 0.624512 0.554199
vt 0.652832 0.614746
vt 0.591797 0.637207
vt 0.620605 0.589355
vt 0.591797 0.637207
vt 0.587891 0.608887
vt 0.620605 0.589355
vt 0.591797 0.637207
vt 0.620605 0.589355
vt 0.587891 0.608887
vt 0.279297 0.990234
vt 0.248047 0.990234
vt 0.279297 0.927734
vt 0.248047 0.990234
vt 0.248047 0.931641
vt 0.279297 0.927734
vt 0.248047 0.990234
vt 0.181641 0.990234
vt 0.248047 0.931641
vt 0.181641 0.990234
vt 0.181641 0.946777
vt 0.248047 0.931641
vt 0.181641 0.990234
vt 0.130859 0.990234
vt 0.181641 0.946777
vt 0.130859 0.990234
vt 0.130859 0.958984
vt 0.181641 0.946777
vt 0.130859 0.990234
vt 0.111328 0.990234
vt 0.130859 0.958984
vt 0.111328 0.990234
vt 0.111328 0.962891
vt 0.130859 0.958984
vt 0.111328 0.990234
vt 0.029297 0.990234
vt 0.111328 0.962891
vt 0.653320 0.495605
vt 0.606445 0.479980
vt 0.653320 0.530762
vt 0.606445 0.479980
vt 0.593750 0.534668
vt 0.653320 0.530762
vt 0.606445 0.479980
vt 0.653320 0.530762
vt 0.593750 0.534668
vt 0.653320 0.530762
vt 0.624512 0.554199
vt 0.593750 0.534668
vt 0.653320 0.530762
vt 0.652832 0.614746
vt 0.624512 0.554199
vt 0.652832 0.614746
vt 0.620605 0.589355
vt 0.624512 0.554199
vt 0.652832 0.614746
vt 0.591797 0.637207
vt 0.620605 0.589355
vt 0.591797 0.637207
vt 0.587891 0.608887
vt 0.620605 0.589355
vt 0.591797 0.637207
vt 0.620605 0.589355
vt 0.587891 0.608887
vt 0.875000 0.288086
vt 0.927734 0.294922
vt 0.881836 0.330566
vt 0.927734 0.294922
vt 0.901367 0.336914
vt 0.881836 0.330566
vt 0.927734 0.294922
vt 0.941895 0.375977
vt 0.901367 0.336914
vt 0.941895 0.375977
vt 0.907227 0.354492
vt 0.901367 0.336914
vt 0.941895 0.375977
vt 0.923340 0.390137
vt 0.907227 0.354492
vt 0.923340 0.390137
vt 0.856934 0.422363
vt 0.907227 0.354492
vt 0.923340 0.390137
vt 0.920410 0.410156
vt 0.856934 0.422363
vt 0.920410 0.410156
vt 0.879395 0.500000
vt 0.856934 0.422363
vt 0.802734 0.841797
vt 0.880859 0.873047
vt 0.873047 0.841797
vt 0.880859 0.873047
vt 0.900391 0.853516
vt 0.873047 0.841797
vt 0.880859 0.873047
vt 0.919922 0.880859
vt 0.900391 0.853516
vt 0.919922 0.880859
vt 0.947266 0.861328
vt 0.900391 0.853516
vt 0.919922 0.880859
vt 0.935547 0.880859
vt 0.947266 0.861328
vt 0.935547 0.880859
vt 0.970703 0.865234
vt 0.947266 0.861328
vt 0.935547 0.880859
vt 0.939453 0.896484
vt 0.970703 0.865234
vt 0.939453 0.896484
vt 0.986328 0.873047
vt 0.970703 0.865234
vt 0.802734 0.841797
vt 0.880859 0.873047
vt 0.873047 0.841797
vt 0.880859 0.873047
vt 0.900391 0.853516
vt 0.873047 0.841797
vt 0.880859 0.873047
vt 0.919922 0.880859
vt 0.900391 0.853516
vt 0.919922 0.880859
vt 0.947266 0.861328
vt 0.900391 0.853516
vt 0.919922 0.880859
vt 0.935547 0.880859
vt 0.947266 0.861328
vt 0.935547 0.880859
vt 0.970703 0.865234
vt 0.947266 0.861328
vt 0.935547 0.880859
vt 0.939453 0.896484
vt 0.970703 0.865234
vt 0.939453 0.896484
vt 0.986328 0.873047
vt 0.970703 0.865234
vt 0.779297 0.236328
vt 0.849609 0.236328
vt 0.779297 0.212891
vt 0.849609 0.236328
vt 0.849609 0.212891
vt 0.779297 0.212891
vt 0.849609 0.236328
vt 0.923828 0.236328
vt 0.849609 0.212891
vt 0.923828 0.236328
vt 0.923828 0.212891
vt 0.849609 0.212891
vt 0.923828 0.236328
vt 0.966797 0.236328
vt 0.923828 0.212891
vt 0.966797 0.236328
vt 0.966797 0.212891
vt 0.923828 0.212891
vt 0.966797 0.236328
vt 0.994141 0.236328
vt 0.966797 0.212891
vt 0.994141 0.236328
vt 0.994141 0.212891
vt 0.966797 0.212891
vt 0.576172 0.841797
vt 0.544922 0.841797
vt 0.576172 0.818359
vt 0.544922 0.841797
vt 0.544922 0.818359
vt 0.576172 0.818359
vt 0.544922 0.841797
vt 0.521484 0.841797
vt 0.544922 0.818359
vt 0.521484 0.841797
vt 0.521484 0.818359
vt 0.544922 0.818359
vt 0.521484 0.841797
vt 0.501953 0.841797
vt 0.521484 0.818359
vt 0.501953 0.841797
vt 0.501953 0.818359
vt 0.521484 0.818359
vt 0.501953 0.841797
vt 0.486328 0.841797
vt 0.501953 0.818359
vt 0.486328 0.841797
vt 0.486328 0.818359
vt 0.501953 0.818359
vt 0.875000 0.288086
vt 0.927734 0.294922
vt 0.881836 0.330566
vt 0.927734 0.294922
vt 0.901367 0.336914
vt 0.881836 0.330566
vt 0.927734 0.294922
vt 0.941895 0.375977
vt 0.901367 0.336914
vt 0.941895 0.375977
vt 0.907227 0.354492
vt 0.901367 0.336914
vt 0.941895 0.375977
vt 0.923340 0.390137
vt 0.907227 0.354492
vt 0.923340 0.390137
vt 0.856934 0.422363
vt 0.907227 0.354492
vt 0.923340 0.390137
vt 0.920410 0.410156
vt 0.856934 0.422363
vt 0.920410 0.410156
vt 0.879395 0.500000
vt 0.856934 0.422363
vt 0.900391 0.900391
vt 0.857422 0.912109
vt 0.900391 0.923828
vt 0.857422 0.912109
vt 0.900391 0.900391
vt 0.900391 0.923828
vt 0.857422 0.912109
vt 0.880859 0.873047
vt 0.900391 0.900391
vt 0.880859 0.873047
vt 0.919922 0.880859
vt 0.900391 0.900391
vt 0.880859 0.873047
vt 0.900391 0.853516
vt 0.919922 0.880859
vt 0.900391 0.853516
vt 0.947266 0.861328
vt 0.919922 0.880859
vt 0.900391 0.853516
vt 0.931641 0.830078
vt 0.947266 0.861328
vt 0.716797 0.177734
vt 0.751953 0.177734
vt 0.716797 0.201172
vt 0.751953 0.177734
vt 0.751953 0.201172
vt 0.716797 0.201172
vt 0.751953 0.177734
vt 0.822266 0.177734
vt 0.751953 0.201172
vt 0.822266 0.177734
vt 0.822266 0.201172
vt 0.751953 0.201172
vt 0.822266 0.177734
vt 0.912109 0.177734
vt 0.822266 0.201172
vt 0.912109 0.177734
vt 0.912109 0.201172
vt 0.822266 0.201172
vt 0.912109 0.177734
vt 0.931641 0.201172
vt 0.912109 0.201172
vt 0.541016 0.384766
vt 0.541016 0.416016
vt 0.580078 0.384766
vt 0.541016 0.416016
vt 0.580078 0.416016
vt 0.580078 0.384766
vt 0.541016 0.416016
vt 0.541016 0.431641
vt 0.580078 0.416016
vt 0.541016 0.431641
vt 0.580078 0.431641
vt 0.580078 0.416016
vt 0.541016 0.431641
vt 0.544922 0.443359
vt 0.580078 0.431641
vt 0.544922 0.443359
vt 0.576172 0.443359
vt 0.580078 0.431641
vt 0.544922 0.443359
vt 0.560547 0.455078
vt 0.576172 0.443359
vt 0.994141 0.236328
vt 0.966797 0.236328
vt 0.966797 0.212891
vt 0.966797 0.236328
vt 0.923828 0.212891
vt 0.966797 0.212891
vt 0.966797 0.236328
vt 0.923828 0.236328
vt 0.923828 0.212891
vt 0.923828 0.236328
vt 0.849609 0.212891
vt 0.923828 0.212891
vt 0.923828 0.236328
vt 0.849609 0.236328
vt 0.849609 0.212891
vt 0.849609 0.236328
vt 0.779297 0.212891
vt 0.849609 0.212891
vt 0.849609 0.236328
vt 0.779297 0.236328
vt 0.779297 0.212891
vt 0.486328 0.841797
vt 0.501953 0.841797
vt 0.501953 0.818359
vt 0.501953 0.841797
vt 0.521484 0.818359
vt 0.501953 0.818359
vt 0.501953 0.841797
vt 0.521484 0.841797
vt 0.521484 0.818359
vt 0.521484 0.841797
vt 0.544922 0.818359
vt 0.521484 0.818359
vt 0.521484 0.841797
vt 0.544922 0.841797
vt 0.544922 0.818359
vt 0.544922 0.841797
vt 0.576172 0.818359
vt 0.544922 0.818359
vt 0.544922 0.841797
vt 0.576172 0.841797
vt 0.576172 0.818359
vt 0.560547 0.455078
vt 0.544922 0.443359
vt 0.576172 0.443359
vt 0.544922 0.443359
vt 0.580078 0.431641
vt 0.576172 0.443359
vt 0.544922 0.443359
vt 0.541016 0.431641
vt 0.580078 0.431641
vt 0.541016 0.431641
vt 0.580078 0.416016
vt 0.580078 0.431641
vt 0.541016 0.431641
vt 0.541016 0.416016
vt 0.580078 0.416016
vt 0.541016 0.416016
vt 0.580078 0.384766
vt 0.580078 0.416016
vt 0.541016 0.416016
vt 0.541016 0.384766
vt 0.580078 0.384766
vt 0.652832 0.614746
vt 0.712891 0.618652
vt 0.645020 0.654785
vt 0.712891 0.618652
vt 0.667969 0.748047
vt 0.645020 0.654785
vt 0.712891 0.618652
vt 0.731934 0.633301
vt 0.667969 0.748047
vt 0.731934 0.633301
vt 0.747070 0.794922
vt 0.667969 0.748047
vt 0.731934 0.633301
vt 0.794922 0.687012
vt 0.747070 0.794922
vt 0.794922 0.687012
vt 0.731934 0.633301
vt 0.747070 0.794922
vt 0.794922 0.687012
vt 0.802734 0.630859
vt 0.731934 0.633301
vt 0.920410 0.410156
vt 0.923340 0.390137
vt 0.856934 0.422363
vt 0.923340 0.390137
vt 0.907227 0.354492
vt 0.856934 0.422363
vt 0.923340 0.390137
vt 0.941895 0.375977
vt 0.907227 0.354492
vt 0.941895 0.375977
vt 0.901367 0.336914
vt 0.907227 0.354492
vt 0.941895 0.375977
vt 0.927734 0.294922
vt 0.901367 0.336914
vt 0.927734 0.294922
vt 0.881836 0.330566
vt 0.901367 0.336914
vt 0.927734 0.294922
vt 0.875000 0.288086
vt 0.881836 0.330566
vt 0.881836 0.330566
vt 0.901367 0.336914
vt 0.927734 0.294922
vt 0.901367 0.336914
vt 0.941895 0.375977
vt 0.927734 0.294922
vt 0.901367 0.336914
vt 0.907227 0.354492
vt 0.941895 0.375977
vt 0.907227 0.354492
vt 0.923340 0.390137
vt 0.941895 0.375977
vt 0.907227 0.354492
vt 0.856934 0.422363
vt 0.923340 0.390137
vt 0.856934 0.422363
vt 0.920410 0.410156
vt 0.923340 0.390137
vt 0.856934 0.422363
vt 0.879395 0.500000
vt 0.920410 0.410156
vt 0.994141 0.123047
vt 0.947266 0.123047
vt 0.994141 0.166016
vt 0.947266 0.123047
vt 0.947266 0.166016
vt 0.994141 0.166016
vt 0.947266 0.123047
vt 0.900391 0.123047
vt 0.947266 0.166016
vt 0.900391 0.123047
vt 0.900391 0.166016
vt 0.947266 0.166016
vt 0.900391 0.123047
vt 0.861328 0.123047
vt 0.900391 0.166016
vt 0.861328 0.123047
vt 0.861328 0.166016
vt 0.900391 0.166016
vt 0.861328 0.123047
vt 0.826172 0.166016
vt 0.861328 0.166016
vt 0.931641 0.201172
vt 0.912109 0.177734
vt 0.912109 0.201172
vt 0.912109 0.177734
vt 0.822266 0.201172
vt 0.912109 0.201172
vt 0.912109 0.177734
vt 0.822266 0.177734
vt 0.822266 0.201172
vt 0.822266 0.177734
vt 0.751953 0.201172
vt 0.822266 0.201172
vt 0.822266 0.177734
vt 0.751953 0.177734
vt 0.751953 0.201172
vt 0.751953 0.177734
vt 0.716797 0.201172
vt 0.751953 0.201172
vt 0.751953 0.177734
vt 0.716797 0.177734
vt 0.716797 0.201172
vt 0.802734 0.630859
vt 0.794922 0.687012
vt 0.731934 0.633301
vt 0.794922 0.687012
vt 0.747070 0.794922
vt 0.731934 0.633301
vt 0.794922 0.687012
vt 0.731934 0.633301
vt 0.747070 0.794922
vt 0.731934 0.633301
vt 0.667969 0.748047
vt 0.747070 0.794922
vt 0.731934 0.633301
vt 0.712891 0.618652
vt 0.667969 0.748047
vt 0.712891 0.618652
vt 0.645020 0.654785
vt 0.667969 0.748047
vt 0.712891 0.618652
vt 0.652832 0.614746
vt 0.645020 0.654785
vt 0.900391 0.900391
vt 0.857422 0.912109
vt 0.900391 0.923828
vt 0.857422 0.912109
vt 0.900391 0.900391
vt 0.900391 0.923828
vt 0.857422 0.912109
vt 0.880859 0.873047
vt 0.900391 0.900391
vt 0.880859 0.873047
vt 0.919922 0.880859
vt 0.900391 0.900391
vt 0.880859 0.873047
vt 0.900391 0.853516
vt 0.919922 0.880859
vt 0.900391 0.853516
vt 0.947266 0.861328
vt 0.919922 0.880859
vt 0.900391 0.853516
vt 0.931641 0.830078
vt 0.947266 0.861328
vt 0.166016 0.271484
vt 0.177734 0.298828
vt 0.189453 0.267578
vt 0.177734 0.298828
vt 0.201172 0.326172
vt 0.189453 0.267578
vt 0.177734 0.298828
vt 0.126953 0.318359
vt 0.201172 0.326172
vt 0.126953 0.318359
vt 0.126953 0.333984
vt 0.201172 0.326172
vt 0.126953 0.318359
vt 0.201172 0.326172
vt 0.126953 0.333984
vt 0.201172 0.326172
vt 0.177734 0.353516
vt 0.126953 0.333984
vt 0.201172 0.326172
vt 0.189453 0.384766
vt 0.177734 0.353516
vt 0.831055 0.609375
vt 0.812500 0.565918
vt 0.852051 0.607910
vt 0.812500 0.565918
vt 0.874023 0.569824
vt 0.852051 0.607910
vt 0.812500 0.565918
vt 0.809082 0.499023
vt 0.874023 0.569824
vt 0.809082 0.499023
vt 0.879395 0.500000
vt 0.874023 0.569824
vt 0.809082 0.499023
vt 0.839844 0.424316
vt 0.879395 0.500000
vt 0.839844 0.424316
vt 0.856934 0.422363
vt 0.879395 0.500000
vt 0.873047 0.841797
vt 0.880859 0.873047
vt 0.802734 0.841797
vt 0.880859 0.873047
vt 0.798828 0.876953
vt 0.802734 0.841797
vt 0.880859 0.873047
vt 0.857422 0.912109
vt 0.798828 0.876953
vt 0.857422 0.912109
vt 0.880859 0.873047
vt 0.798828 0.876953
vt 0.857422 0.912109
vt 0.900391 0.900391
vt 0.880859 0.873047
vt 0.900391 0.900391
vt 0.919922 0.880859
vt 0.880859 0.873047
vt 0.919922 0.880859
vt 0.880859 0.873047
vt 0.900391 0.900391
vt 0.880859 0.873047
vt 0.857422 0.912109
vt 0.900391 0.900391
vt 0.880859 0.873047
vt 0.798828 0.876953
vt 0.857422 0.912109
vt 0.798828 0.876953
vt 0.880859 0.873047
vt 0.857422 0.912109
vt 0.798828 0.876953
vt 0.802734 0.841797
vt 0.880859 0.873047
vt 0.802734 0.841797
vt 0.873047 0.841797
vt 0.880859 0.873047
vt 0.927734 0.751953
vt 0.919922 0.775391
vt 0.947266 0.791016
vt 0.919922 0.775391
vt 0.931641 0.806641
vt 0.947266 0.791016
vt 0.919922 0.775391
vt 0.904297 0.806641
vt 0.931641 0.806641
vt 0.904297 0.806641
vt 0.931641 0.830078
vt 0.931641 0.806641
vt 0.904297 0.806641
vt 0.892578 0.830078
vt 0.931641 0.830078
vt 0.892578 0.830078
vt 0.900391 0.853516
vt 0.931641 0.830078
vt 0.712891 0.618652
vt 0.667969 0.748047
vt 0.731934 0.633301
vt 0.667969 0.748047
vt 0.747070 0.794922
vt 0.731934 0.633301
vt 0.667969 0.748047
vt 0.645020 0.810547
vt 0.747070 0.794922
vt 0.645020 0.810547
vt 0.686035 0.876953
vt 0.747070 0.794922
vt 0.645020 0.810547
vt 0.619629 0.828613
vt 0.686035 0.876953
vt 0.619629 0.828613
vt 0.500977 0.943359
vt 0.686035 0.876953
vt 0.466797 0.962891
vt 0.505859 0.962891
vt 0.466797 0.990234
vt 0.505859 0.962891
vt 0.505859 0.990234
vt 0.466797 0.990234
vt 0.505859 0.962891
vt 0.537109 0.962891
vt 0.505859 0.990234
vt 0.537109 0.962891
vt 0.537109 0.990234
vt 0.505859 0.990234
vt 0.537109 0.962891
vt 0.568359 0.962891
vt 0.537109 0.990234
vt 0.568359 0.962891
vt 0.568359 0.990234
vt 0.537109 0.990234
vt 0.857422 0.771484
vt 0.884766 0.744141
vt 0.884766 0.794922
vt 0.884766 0.744141
vt 0.908203 0.771484
vt 0.884766 0.794922
vt 0.884766 0.744141
vt 0.927734 0.751953
vt 0.908203 0.771484
vt 0.927734 0.751953
vt 0.919922 0.775391
vt 0.908203 0.771484
vt 0.927734 0.751953
vt 0.947266 0.791016
vt 0.919922 0.775391
vt 0.947266 0.791016
vt 0.931641 0.806641
vt 0.919922 0.775391
vt 0.856934 0.422363
vt 0.879395 0.500000
vt 0.839844 0.424316
vt 0.879395 0.500000
vt 0.809082 0.499023
vt 0.839844 0.424316
vt 0.879395 0.500000
vt 0.874023 0.569824
vt 0.809082 0.499023
vt 0.874023 0.569824
vt 0.812500 0.565918
vt 0.809082 0.499023
vt 0.874023 0.569824
vt 0.852051 0.607910
vt 0.812500 0.565918
vt 0.852051 0.607910
vt 0.831055 0.609375
vt 0.812500 0.565918
vt 0.931641 0.806641
vt 0.919922 0.775391
vt 0.947266 0.791016
vt 0.919922 0.775391
vt 0.927734 0.751953
vt 0.947266 0.791016
vt 0.919922 0.775391
vt 0.908203 0.771484
vt 0.927734 0.751953
vt 0.908203 0.771484
vt 0.884766 0.744141
vt 0.927734 0.751953
vt 0.908203 0.771484
vt 0.884766 0.794922
vt 0.884766 0.744141
vt 0.884766 0.794922
vt 0.857422 0.771484
vt 0.884766 0.744141
vt 0.927734 0.751953
vt 0.919922 0.775391
vt 0.947266 0.791016
vt 0.919922 0.775391
vt 0.931641 0.806641
vt 0.947266 0.791016
vt 0.919922 0.775391
vt 0.904297 0.806641
vt 0.931641 0.806641
vt 0.904297 0.806641
vt 0.931641 0.830078
vt 0.931641 0.806641
vt 0.904297 0.806641
vt 0.892578 0.830078
vt 0.931641 0.830078
vt 0.892578 0.830078
vt 0.900391 0.853516
vt 0.931641 0.830078
vt 0.232422 0.326172
vt 0.232422 0.369141
vt 0.201172 0.326172
vt 0.232422 0.369141
vt 0.189453 0.384766
vt 0.201172 0.326172
vt 0.232422 0.369141
vt 0.201172 0.326172
vt 0.189453 0.384766
vt 0.201172 0.326172
vt 0.177734 0.353516
vt 0.189453 0.384766
vt 0.201172 0.326172
vt 0.126953 0.333984
vt 0.177734 0.353516
vt 0.466797 0.990234
vt 0.505859 0.990234
vt 0.505859 0.962891
vt 0.505859 0.990234
vt 0.537109 0.962891
vt 0.505859 0.962891
vt 0.505859 0.990234
vt 0.537109 0.990234
vt 0.537109 0.962891
vt 0.537109 0.990234
vt 0.568359 0.962891
vt 0.537109 0.962891
vt 0.537109 0.990234
vt 0.568359 0.990234
vt 0.568359 0.962891
vt 0.653320 0.335449
vt 0.606445 0.335449
vt 0.684570 0.370605
vt 0.606445 0.335449
vt 0.700195 0.417480
vt 0.684570 0.370605
vt 0.606445 0.335449
vt 0.606445 0.479980
vt 0.700195 0.417480
vt 0.606445 0.479980
vt 0.684570 0.464355
vt 0.700195 0.417480
vt 0.606445 0.479980
vt 0.653320 0.495605
vt 0.684570 0.464355
vt 0.912109 0.177734
vt 0.931641 0.177734
vt 0.931641 0.201172
vt 0.931641 0.177734
vt 0.955078 0.201172
vt 0.931641 0.201172
vt 0.931641 0.177734
vt 0.955078 0.177734
vt 0.955078 0.201172
vt 0.955078 0.177734
vt 0.994141 0.201172
vt 0.955078 0.201172
vt 0.955078 0.177734
vt 0.994141 0.177734
vt 0.994141 0.201172
vt 0.373047 0.962891
vt 0.396484 0.962891
vt 0.373047 0.990234
vt 0.396484 0.962891
vt 0.396484 0.990234
vt 0.373047 0.990234
vt 0.396484 0.962891
vt 0.419922 0.962891
vt 0.396484 0.990234
vt 0.419922 0.962891
vt 0.419922 0.990234
vt 0.396484 0.990234
vt 0.419922 0.962891
vt 0.447266 0.990234
vt 0.419922 0.990234
vt 0.839844 0.424316
vt 0.809082 0.499023
vt 0.879395 0.500000
vt 0.809082 0.499023
vt 0.874023 0.569824
vt 0.879395 0.500000
vt 0.809082 0.499023
vt 0.812500 0.565918
vt 0.874023 0.569824
vt 0.812500 0.565918
vt 0.852051 0.607910
vt 0.874023 0.569824
vt 0.812500 0.565918
vt 0.831055 0.609375
vt 0.852051 0.607910
vt 0.861328 0.166016
vt 0.900391 0.123047
vt 0.900391 0.166016
vt 0.900391 0.123047
vt 0.947266 0.166016
vt 0.900391 0.166016
vt 0.900391 0.123047
vt 0.947266 0.123047
vt 0.947266 0.166016
vt 0.947266 0.123047
vt 0.994141 0.166016
vt 0.947266 0.166016
vt 0.947266 0.123047
vt 0.994141 0.123047
vt 0.994141 0.166016
vt 0.232422 0.326172
vt 0.232422 0.283203
vt 0.201172 0.326172
vt 0.232422 0.283203
vt 0.189453 0.267578
vt 0.201172 0.326172
vt 0.232422 0.283203
vt 0.201172 0.326172
vt 0.189453 0.267578
vt 0.201172 0.326172
vt 0.177734 0.298828
vt 0.189453 0.267578
vt 0.201172 0.326172
vt 0.126953 0.318359
vt 0.177734 0.298828
vt 0.947266 0.248047
vt 0.908203 0.248047
vt 0.947266 0.271484
vt 0.908203 0.248047
vt 0.908203 0.271484
vt 0.947266 0.271484
vt 0.908203 0.248047
vt 0.873047 0.248047
vt 0.908203 0.271484
vt 0.873047 0.248047
vt 0.873047 0.271484
vt 0.908203 0.271484
vt 0.873047 0.248047
vt 0.849609 0.271484
vt 0.873047 0.271484
vt 0.653320 0.495605
vt 0.606445 0.479980
vt 0.684570 0.464355
vt 0.606445 0.479980
vt 0.700195 0.417480
vt 0.684570 0.464355
vt 0.606445 0.479980
vt 0.606445 0.335449
vt 0.700195 0.417480
vt 0.606445 0.335449
vt 0.684570 0.370605
vt 0.700195 0.417480
vt 0.606445 0.335449
vt 0.653320 0.335449
vt 0.684570 0.370605
vt 0.623047 0.681641
vt 0.642578 0.712891
vt 0.591797 0.681641
vt 0.642578 0.712891
vt 0.572266 0.712891
vt 0.591797 0.681641
vt 0.642578 0.712891
vt 0.626953 0.763672
vt 0.572266 0.712891
vt 0.626953 0.763672
vt 0.587891 0.763672
vt 0.572266 0.712891
vt 0.626953 0.763672
vt 0.607422 0.802734
vt 0.587891 0.763672
vt 0.852051 0.607910
vt 0.874023 0.569824
vt 0.812500 0.565918
vt 0.874023 0.569824
vt 0.809082 0.499023
vt 0.812500 0.565918
vt 0.874023 0.569824
vt 0.879395 0.500000
vt 0.809082 0.499023
vt 0.879395 0.500000
vt 0.839844 0.424316
vt 0.809082 0.499023
vt 0.879395 0.500000
vt 0.856934 0.422363
vt 0.839844 0.424316
vt 0.447266 0.990234
vt 0.419922 0.962891
vt 0.419922 0.990234
vt 0.419922 0.962891
vt 0.396484 0.990234
vt 0.419922 0.990234
vt 0.419922 0.962891
vt 0.396484 0.962891
vt 0.396484 0.990234
vt 0.396484 0.962891
vt 0.373047 0.990234
vt 0.396484 0.990234
vt 0.396484 0.962891
vt 0.373047 0.962891
vt 0.373047 0.990234
vt 0.731934 0.633301
vt 0.747070 0.794922
vt 0.667969 0.748047
vt 0.747070 0.794922
vt 0.645020 0.810547
vt 0.667969 0.748047
vt 0.747070 0.794922
vt 0.686035 0.876953
vt 0.645020 0.810547
vt 0.686035 0.876953
vt 0.619629 0.828613
vt 0.645020 0.810547
vt 0.686035 0.876953
vt 0.500977 0.943359
vt 0.619629 0.828613
vt 0.607422 0.802734
vt 0.626953 0.763672
vt 0.587891 0.763672
vt 0.626953 0.763672
vt 0.572266 0.712891
vt 0.587891 0.763672
vt 0.626953 0.763672
vt 0.642578 0.712891
vt 0.572266 0.712891
vt 0.642578 0.712891
vt 0.591797 0.681641
vt 0.572266 0.712891
vt 0.642578 0.712891
vt 0.623047 0.681641
vt 0.591797 0.681641
vt 0.653320 0.335449
vt 0.606445 0.335449
vt 0.684570 0.370605
vt 0.606445 0.335449
vt 0.700195 0.417480
vt 0.684570 0.370605
vt 0.606445 0.335449
vt 0.606445 0.479980
vt 0.700195 0.417480
vt 0.606445 0.479980
vt 0.684570 0.464355
vt 0.700195 0.417480
vt 0.606445 0.479980
vt 0.653320 0.495605
vt 0.684570 0.464355
vt 0.994141 0.177734
vt 0.955078 0.177734
vt 0.994141 0.201172
vt 0.955078 0.177734
vt 0.955078 0.201172
vt 0.994141 0.201172
vt 0.955078 0.177734
vt 0.931641 0.177734
vt 0.955078 0.201172
vt 0.931641 0.177734
vt 0.931641 0.201172
vt 0.955078 0.201172
vt 0.931641 0.177734
vt 0.912109 0.177734
vt 0.931641 0.201172
vt 0.653320 0.495605
vt 0.606445 0.479980
vt 0.684570 0.464355
vt 0.606445 0.479980
vt 0.700195 0.417480
vt 0.684570 0.464355
vt 0.606445 0.479980
vt 0.606445 0.335449
vt 0.700195 0.417480
vt 0.606445 0.335449
vt 0.684570 0.370605
vt 0.700195 0.417480
vt 0.606445 0.335449
vt 0.653320 0.335449
vt 0.684570 0.370605
vt 0.667969 0.748047
vt 0.645020 0.810547
vt 0.747070 0.794922
vt 0.645020 0.810547
vt 0.686035 0.876953
vt 0.747070 0.794922
vt 0.645020 0.810547
vt 0.619629 0.828613
vt 0.686035 0.876953
vt 0.619629 0.828613
vt 0.500977 0.943359
vt 0.686035 0.876953
vt 0.994141 0.728516
vt 0.970703 0.521484
vt 0.970703 0.728516
vt 0.970703 0.521484
vt 0.943359 0.728516
vt 0.970703 0.728516
vt 0.970703 0.521484
vt 0.943359 0.521484
vt 0.943359 0.728516
vt 0.943359 0.521484
vt 0.919922 0.521484
vt 0.943359 0.728516
vt 0.667969 0.748047
vt 0.712891 0.618652
vt 0.645020 0.654785
vt 0.712891 0.618652
vt 0.652832 0.614746
vt 0.645020 0.654785
vt 0.712891 0.618652
vt 0.711914 0.593750
vt 0.652832 0.614746
vt 0.711914 0.593750
vt 0.653320 0.530762
vt 0.652832 0.614746
vt 0.720703 0.107422
vt 0.705078 0.107422
vt 0.705078 0.072266
vt 0.705078 0.107422
vt 0.689453 0.076172
vt 0.705078 0.072266
vt 0.705078 0.107422
vt 0.689453 0.103516
vt 0.689453 0.076172
vt 0.689453 0.103516
vt 0.654297 0.087891
vt 0.689453 0.076172
vt 0.064453 0.525391
vt 0.087891 0.568359
vt 0.107422 0.525391
vt 0.087891 0.568359
vt 0.138672 0.638672
vt 0.107422 0.525391
vt 0.087891 0.568359
vt 0.072266 0.583984
vt 0.138672 0.638672
vt 0.072266 0.583984
vt 0.068359 0.615234
vt 0.138672 0.638672
vt 0.134766 0.783203
vt 0.068359 0.814453
vt 0.068359 0.783203
vt 0.068359 0.814453
vt 0.134766 0.783203
vt 0.068359 0.783203
vt 0.068359 0.814453
vt 0.134766 0.814453
vt 0.134766 0.783203
vt 0.134766 0.814453
vt 0.068359 0.814453
vt 0.134766 0.783203
vt 0.134766 0.783203
vt 0.068359 0.814453
vt 0.068359 0.783203
vt 0.068359 0.814453
vt 0.134766 0.783203
vt 0.068359 0.783203
vt 0.068359 0.814453
vt 0.134766 0.814453
vt 0.134766 0.783203
vt 0.134766 0.814453
vt 0.068359 0.814453
vt 0.134766 0.783203
vt 0.591797 0.637207
vt 0.652832 0.614746
vt 0.620605 0.589355
vt 0.652832 0.614746
vt 0.624512 0.554199
vt 0.620605 0.589355
vt 0.652832 0.614746
vt 0.653320 0.530762
vt 0.624512 0.554199
vt 0.653320 0.530762
vt 0.593750 0.534668
vt 0.624512 0.554199
vt 0.068359 0.615234
vt 0.138672 0.638672
vt 0.072266 0.583984
vt 0.138672 0.638672
vt 0.087891 0.568359
vt 0.072266 0.583984
vt 0.138672 0.638672
vt 0.107422 0.525391
vt 0.087891 0.568359
vt 0.107422 0.525391
vt 0.064453 0.525391
vt 0.087891 0.568359
vt 0.591797 0.637207
vt 0.652832 0.614746
vt 0.620605 0.589355
vt 0.652832 0.614746
vt 0.624512 0.554199
vt 0.620605 0.589355
vt 0.652832 0.614746
vt 0.653320 0.530762
vt 0.624512 0.554199
vt 0.653320 0.530762
vt 0.593750 0.534668
vt 0.624512 0.554199
vt 0.087891 0.568359
vt 0.138672 0.638672
vt 0.072266 0.583984
vt 0.138672 0.638672
vt 0.068359 0.615234
vt 0.072266 0.583984
vt 0.138672 0.638672
vt 0.087891 0.650391
vt 0.068359 0.615234
vt 0.072266 0.583984
vt 0.068359 0.615234
vt 0.138672 0.638672
vt 0.138672 0.638672
vt 0.068359 0.615234
vt 0.087891 0.650391
vt 0.138672 0.638672
vt 0.087891 0.650391
vt 0.115234 0.658203
vt 0.896484 0.802734
vt 0.904297 0.806641
vt 0.892578 0.830078
vt 0.904297 0.806641
vt 0.931641 0.830078
vt 0.892578 0.830078
vt 0.904297 0.806641
vt 0.931641 0.806641
vt 0.931641 0.830078
vt 0.947266 0.271484
vt 0.908203 0.271484
vt 0.908203 0.248047
vt 0.908203 0.271484
vt 0.873047 0.248047
vt 0.908203 0.248047
vt 0.908203 0.271484
vt 0.873047 0.271484
vt 0.873047 0.248047
vt 0.865723 0.410156
vt 0.857910 0.394043
vt 0.896973 0.368652
vt 0.857910 0.394043
vt 0.846680 0.353027
vt 0.896973 0.368652
vt 0.857910 0.394043
vt 0.834473 0.375977
vt 0.846680 0.353027
vt 0.521973 0.636719
vt 0.568848 0.613281
vt 0.568848 0.667969
vt 0.568848 0.613281
vt 0.521973 0.636719
vt 0.568848 0.667969
vt 0.568848 0.613281
vt 0.521973 0.589844
vt 0.521973 0.636719
vt 0.927734 0.751953
vt 0.884766 0.744141
vt 0.908203 0.771484
vt 0.884766 0.744141
vt 0.884766 0.794922
vt 0.908203 0.771484
vt 0.884766 0.744141
vt 0.857422 0.771484
vt 0.884766 0.794922
vt 0.982910 0.351074
vt 0.977539 0.379883
vt 0.968262 0.321777
vt 0.977539 0.379883
vt 0.927734 0.294922
vt 0.968262 0.321777
vt 0.977539 0.379883
vt 0.941895 0.375977
vt 0.927734 0.294922
vt 0.619629 0.828613
vt 0.645020 0.810547
vt 0.686035 0.876953
vt 0.645020 0.810547
vt 0.747070 0.794922
vt 0.686035 0.876953
vt 0.645020 0.810547
vt 0.667969 0.748047
vt 0.747070 0.794922
vt 0.941895 0.375977
vt 0.977539 0.379883
vt 0.927734 0.294922
vt 0.977539 0.379883
vt 0.968262 0.321777
vt 0.927734 0.294922
vt 0.977539 0.379883
vt 0.982910 0.351074
vt 0.968262 0.321777
vt 0.947266 0.861328
vt 0.970703 0.865234
vt 0.935547 0.880859
vt 0.970703 0.865234
vt 0.939453 0.896484
vt 0.935547 0.880859
vt 0.970703 0.865234
vt 0.986328 0.873047
vt 0.939453 0.896484
vt 0.802734 0.841797
vt 0.798828 0.876953
vt 0.755859 0.857422
vt 0.798828 0.876953
vt 0.802734 0.841797
vt 0.755859 0.857422
vt 0.798828 0.876953
vt 0.880859 0.873047
vt 0.802734 0.841797
vt 0.943359 0.728516
vt 0.919922 0.521484
vt 0.919922 0.728516
vt 0.919922 0.521484
vt 0.892578 0.728516
vt 0.919922 0.728516
vt 0.919922 0.521484
vt 0.892578 0.521484
vt 0.892578 0.728516
vt 0.941895 0.375977
vt 0.977539 0.379883
vt 0.927734 0.294922
vt 0.977539 0.379883
vt 0.968262 0.321777
vt 0.927734 0.294922
vt 0.977539 0.379883
vt 0.982910 0.351074
vt 0.968262 0.321777
vt 0.072266 0.583984
vt 0.138672 0.638672
vt 0.087891 0.568359
vt 0.087891 0.568359
vt 0.138672 0.638672
vt 0.107422 0.525391
vt 0.087891 0.568359
vt 0.107422 0.525391
vt 0.064453 0.525391
vt 0.834473 0.375977
vt 0.857910 0.394043
vt 0.846680 0.353027
vt 0.857910 0.394043
vt 0.896973 0.368652
vt 0.846680 0.353027
vt 0.857910 0.394043
vt 0.865723 0.410156
vt 0.896973 0.368652
vt 0.865723 0.410156
vt 0.857910 0.394043
vt 0.896973 0.368652
vt 0.857910 0.394043
vt 0.846680 0.353027
vt 0.896973 0.368652
vt 0.857910 0.394043
vt 0.834473 0.375977
vt 0.846680 0.353027
vt 0.834473 0.375977
vt 0.857910 0.394043
vt 0.846680 0.353027
vt 0.857910 0.394043
vt 0.896973 0.368652
vt 0.846680 0.353027
vt 0.857910 0.394043
vt 0.865723 0.410156
vt 0.896973 0.368652
vt 0.939453 0.896484
vt 0.935547 0.880859
vt 0.970703 0.865234
vt 0.935547 0.880859
vt 0.947266 0.861328
vt 0.970703 0.865234
vt 0.935547 0.880859
vt 0.919922 0.880859
vt 0.947266 0.861328
vt 0.689453 0.103516
vt 0.705078 0.107422
vt 0.689453 0.076172
vt 0.705078 0.107422
vt 0.705078 0.072266
vt 0.689453 0.076172
vt 0.705078 0.107422
vt 0.720703 0.107422
vt 0.705078 0.072266
vt 0.645020 0.654785
vt 0.652832 0.614746
vt 0.712891 0.618652
vt 0.652832 0.614746
vt 0.711914 0.593750
vt 0.712891 0.618652
vt 0.652832 0.614746
vt 0.653320 0.530762
vt 0.711914 0.593750
vt 0.802734 0.841797
vt 0.798828 0.876953
vt 0.755859 0.857422
vt 0.798828 0.876953
vt 0.802734 0.841797
vt 0.755859 0.857422
vt 0.798828 0.876953
vt 0.880859 0.873047
vt 0.802734 0.841797
vt 0.982910 0.351074
vt 0.977539 0.379883
vt 0.968262 0.321777
vt 0.977539 0.379883
vt 0.927734 0.294922
vt 0.968262 0.321777
vt 0.977539 0.379883
vt 0.941895 0.375977
vt 0.927734 0.294922
vt 0.931641 0.806641
vt 0.931641 0.830078
vt 0.904297 0.806641
vt 0.931641 0.830078
vt 0.892578 0.830078
vt 0.904297 0.806641
vt 0.931641 0.830078
vt 0.900391 0.853516
vt 0.892578 0.830078
vt 0.884766 0.794922
vt 0.908203 0.771484
vt 0.884766 0.744141
vt 0.908203 0.771484
vt 0.927734 0.751953
vt 0.884766 0.744141
vt 0.908203 0.771484
vt 0.919922 0.775391
vt 0.927734 0.751953
vt 0.521973 0.589844
vt 0.568848 0.613281
vt 0.568848 0.562500
vt 0.568848 0.613281
vt 0.521973 0.589844
vt 0.568848 0.562500
vt 0.568848 0.613281
vt 0.521973 0.636719
vt 0.521973 0.589844
vt 0.521973 0.636719
vt 0.568848 0.613281
vt 0.521973 0.589844
vt 0.568848 0.613281
vt 0.568848 0.562500
vt 0.521973 0.589844
vt 0.568848 0.613281
vt 0.521973 0.589844
vt 0.568848 0.562500
vt 0.521973 0.589844
vt 0.568848 0.613281
vt 0.521973 0.636719
vt 0.568848 0.613281
vt 0.568848 0.667969
vt 0.521973 0.636719
vt 0.568848 0.613281
vt 0.521973 0.636719
vt 0.568848 0.667969
vt 0.994141 0.271484
vt 0.947266 0.271484
vt 0.947266 0.248047
vt 0.994141 0.248047
vt 0.994141 0.271484
vt 0.947266 0.248047
vt 0.994141 0.248047
vt 0.947266 0.248047
vt 0.994141 0.271484
vt 0.947266 0.271484
vt 0.994141 0.271484
vt 0.947266 0.248047
vt 0.912109 0.935547
vt 0.880859 0.955078
vt 0.916016 0.955078
vt 0.916016 0.955078
vt 0.912109 0.935547
vt 0.880859 0.955078
vt 0.747070 0.794922
vt 0.794922 0.687012
vt 0.845703 0.806641
vt 0.686035 0.876953
vt 0.747070 0.794922
vt 0.744629 0.931641
vt 0.747070 0.794922
vt 0.845703 0.806641
vt 0.794922 0.687012
vt 0.861328 0.623047
vt 0.794922 0.687012
vt 0.802734 0.630859
vt 0.369141 0.138672
vt 0.306641 0.025391
vt 0.177734 0.025391
vt 0.306641 0.251953
vt 0.177734 0.251953
vt 0.369141 0.138672
vt 0.747070 0.794922
vt 0.686035 0.876953
vt 0.744629 0.931641
vt 0.177734 0.251953
vt 0.306641 0.251953
vt 0.794922 0.687012
vt 0.861328 0.623047
vt 0.802734 0.630859
vt 0.177734 0.353516
vt 0.126953 0.333984
vt 0.166016 0.380859
vt 0.126953 0.318359
vt 0.177734 0.298828
vt 0.166016 0.271484
vt 0.111328 0.138672
vt 0.111328 0.138672
vt 0.177734 0.025391
vt 0.306641 0.025391
vt 0.240234 0.392578
vt 0.197266 0.509766
vt 0.310547 0.353516
vt 0.197266 0.466797
vt 0.197266 0.509766
vt 0.240234 0.392578
vt 0.580078 0.509766
vt 0.197266 0.509766
vt 0.470703 0.623047
vt 0.470703 0.623047
vt 0.197266 0.509766
vt 0.396484 0.666016
vt 0.287109 0.689453
vt 0.353516 0.736328
vt 0.365234 0.689453
vt 0.123047 0.755859
vt 0.103516 0.732422
vt 0.083984 0.755859
vt 0.025391 0.908203
vt 0.005859 0.955078
vt 0.037109 0.919922
vt 0.302734 0.802734
vt 0.353516 0.857422
vt 0.212891 0.869141
vt 0.287109 0.689453
vt 0.353516 0.736328
vt 0.365234 0.689453
vt 0.044922 0.943359
vt 0.005859 0.955078
vt 0.037109 0.919922
vt 0.111328 0.357422
vt 0.087891 0.388672
vt 0.119141 0.400391
vt 0.302734 0.802734
vt 0.353516 0.857422
vt 0.212891 0.869141
vt 0.197266 0.466797
vt 0.197266 0.509766
vt 0.240234 0.392578
vt 0.076172 0.912109
vt 0.037109 0.919922
vt 0.068359 0.884766
vt 0.068359 0.884766
vt 0.025391 0.908203
vt 0.037109 0.919922
vt 0.302734 0.802734
vt 0.248047 0.767578
vt 0.212891 0.869141
vt 0.076172 0.912109
vt 0.076172 0.939453
vt 0.037109 0.919922
vt 0.076172 0.939453
vt 0.044922 0.943359
vt 0.037109 0.919922
vt 0.076172 0.939453
vt 0.037109 0.919922
vt 0.044922 0.943359
vt 0.037109 0.919922
vt 0.005859 0.955078
vt 0.044922 0.943359
vt 0.037109 0.919922
vt 0.025391 0.908203
vt 0.005859 0.955078
vt 0.025391 0.908203
vt 0.037109 0.919922
vt 0.005859 0.955078
vt 0.025391 0.908203
vt 0.068359 0.884766
vt 0.037109 0.919922
vt 0.068359 0.884766
vt 0.076172 0.912109
vt 0.037109 0.919922
vt 0.068359 0.884766
vt 0.150391 0.849609
vt 0.076172 0.912109
vt 0.150391 0.849609
vt 0.166016 0.884766
vt 0.076172 0.912109
vt 0.150391 0.849609
vt 0.189453 0.830078
vt 0.166016 0.884766
vt 0.189453 0.830078
vt 0.212891 0.869141
vt 0.166016 0.884766
vt 0.189453 0.830078
vt 0.248047 0.767578
vt 0.212891 0.869141
vt 0.248047 0.767578
vt 0.302734 0.802734
vt 0.212891 0.869141
vt 0.248047 0.767578
vt 0.353516 0.736328
vt 0.302734 0.802734
vt 0.353516 0.736328
vt 0.353516 0.857422
vt 0.302734 0.802734
vt 0.353516 0.736328
vt 0.470703 0.798828
vt 0.353516 0.857422
vt 0.470703 0.798828
vt 0.353516 0.736328
vt 0.353516 0.857422
vt 0.470703 0.798828
vt 0.458984 0.681641
vt 0.353516 0.736328
vt 0.458984 0.681641
vt 0.365234 0.689453
vt 0.353516 0.736328
vt 0.458984 0.681641
vt 0.353516 0.736328
vt 0.365234 0.689453
vt 0.353516 0.736328
vt 0.287109 0.689453
vt 0.365234 0.689453
vt 0.353516 0.736328
vt 0.248047 0.767578
vt 0.287109 0.689453
vt 0.248047 0.767578
vt 0.353516 0.736328
vt 0.287109 0.689453
vt 0.248047 0.767578
vt 0.302734 0.802734
vt 0.353516 0.736328
vt 0.302734 0.802734
vt 0.353516 0.857422
vt 0.353516 0.736328
vt 0.302734 0.802734
vt 0.212891 0.869141
vt 0.353516 0.857422
vt 0.212891 0.869141
vt 0.232422 0.912109
vt 0.353516 0.857422
vt 0.212891 0.869141
vt 0.166016 0.884766
vt 0.232422 0.912109
vt 0.166016 0.884766
vt 0.177734 0.923828
vt 0.232422 0.912109
vt 0.166016 0.884766
vt 0.076172 0.912109
vt 0.177734 0.923828
vt 0.076172 0.912109
vt 0.076172 0.939453
vt 0.177734 0.923828
vt 0.076172 0.912109
vt 0.037109 0.919922
vt 0.076172 0.939453
vt 0.037109 0.919922
vt 0.044922 0.943359
vt 0.076172 0.939453
vt 0.037109 0.919922
vt 0.005859 0.955078
vt 0.044922 0.943359
vt 0.005859 0.955078
vt 0.037109 0.919922
vt 0.044922 0.943359
vt 0.005859 0.955078
vt 0.025391 0.908203
vt 0.037109 0.919922
vt 0.025391 0.908203
vt 0.068359 0.884766
vt 0.037109 0.919922
vt 0.025391 0.908203
vt 0.037109 0.919922
vt 0.068359 0.884766
vt 0.037109 0.919922
vt 0.076172 0.912109
vt 0.068359 0.884766
vt 0.150391 0.587891
vt 0.154297 0.513672
vt 0.126953 0.521484
vt 0.154297 0.513672
vt 0.142578 0.478516
vt 0.126953 0.521484
vt 0.154297 0.513672
vt 0.126953 0.521484
vt 0.142578 0.478516
vt 0.126953 0.521484
vt 0.119141 0.400391
vt 0.142578 0.478516
vt 0.126953 0.521484
vt 0.087891 0.388672
vt 0.119141 0.400391
vt 0.087891 0.388672
vt 0.111328 0.357422
vt 0.119141 0.400391
vt 0.087891 0.388672
vt 0.091797 0.205078
vt 0.111328 0.357422
vt 0.091797 0.205078
vt 0.087891 0.388672
vt 0.111328 0.357422
vt 0.091797 0.205078
vt 0.060547 0.205078
vt 0.087891 0.388672
vt 0.060547 0.205078
vt 0.060547 0.451172
vt 0.087891 0.388672
vt 0.060547 0.205078
vt 0.087891 0.388672
vt 0.060547 0.451172
vt 0.087891 0.388672
vt 0.126953 0.521484
vt 0.060547 0.451172
vt 0.087891 0.388672
vt 0.119141 0.400391
vt 0.126953 0.521484
vt 0.119141 0.400391
vt 0.142578 0.478516
vt 0.126953 0.521484
vt 0.119141 0.400391
vt 0.126953 0.521484
vt 0.142578 0.478516
vt 0.126953 0.521484
vt 0.154297 0.513672
vt 0.142578 0.478516
vt 0.126953 0.521484
vt 0.150391 0.587891
vt 0.154297 0.513672
vt 0.150391 0.587891
vt 0.181641 0.583984
vt 0.154297 0.513672
vt 0.150391 0.587891
vt 0.154297 0.650391
vt 0.181641 0.583984
vt 0.154297 0.650391
vt 0.185547 0.650391
vt 0.181641 0.583984
vt 0.154297 0.650391
vt 0.138672 0.697266
vt 0.185547 0.650391
vt 0.138672 0.697266
vt 0.166016 0.712891
vt 0.185547 0.650391
vt 0.138672 0.697266
vt 0.103516 0.732422
vt 0.166016 0.712891
vt 0.103516 0.732422
vt 0.123047 0.755859
vt 0.166016 0.712891
vt 0.103516 0.732422
vt 0.083984 0.755859
vt 0.123047 0.755859
vt 0.068359 0.884766
vt 0.150391 0.849609
vt 0.076172 0.912109
vt 0.150391 0.849609
vt 0.166016 0.884766
vt 0.076172 0.912109
vt 0.150391 0.849609
vt 0.189453 0.830078
vt 0.166016 0.884766
vt 0.189453 0.830078
vt 0.212891 0.869141
vt 0.166016 0.884766
vt 0.189453 0.830078
vt 0.248047 0.767578
vt 0.212891 0.869141
vt 0.248047 0.767578
vt 0.302734 0.802734
vt 0.212891 0.869141
vt 0.248047 0.767578
vt 0.353516 0.736328
vt 0.302734 0.802734
vt 0.353516 0.736328
vt 0.353516 0.857422
vt 0.302734 0.802734
vt 0.353516 0.736328
vt 0.470703 0.798828
vt 0.353516 0.857422
vt 0.470703 0.798828
vt 0.353516 0.736328
vt 0.353516 0.857422
vt 0.470703 0.798828
vt 0.458984 0.681641
vt 0.353516 0.736328
vt 0.458984 0.681641
vt 0.365234 0.689453
vt 0.353516 0.736328
vt 0.458984 0.681641
vt 0.353516 0.736328
vt 0.365234 0.689453
vt 0.353516 0.736328
vt 0.287109 0.689453
vt 0.365234 0.689453
vt 0.353516 0.736328
vt 0.248047 0.767578
vt 0.287109 0.689453
vt 0.248047 0.767578
vt 0.353516 0.736328
vt 0.287109 0.689453
vt 0.248047 0.767578
vt 0.302734 0.802734
vt 0.353516 0.736328
vt 0.302734 0.802734
vt 0.353516 0.857422
vt 0.353516 0.736328
vt 0.302734 0.802734
vt 0.212891 0.869141
vt 0.353516 0.857422
vt 0.212891 0.869141
vt 0.232422 0.912109
vt 0.353516 0.857422
vt 0.212891 0.869141
vt 0.166016 0.884766
vt 0.232422 0.912109
vt 0.166016 0.884766
vt 0.177734 0.923828
vt 0.232422 0.912109
vt 0.166016 0.884766
vt 0.076172 0.912109
vt 0.177734 0.923828
vt 0.076172 0.912109
vt 0.076172 0.939453
vt 0.177734 0.923828
vt 0.076172 0.912109
vt 0.037109 0.919922
vt 0.076172 0.939453
vt 0.083984 0.755859
vt 0.103516 0.732422
vt 0.123047 0.755859
vt 0.103516 0.732422
vt 0.166016 0.712891
vt 0.123047 0.755859
vt 0.103516 0.732422
vt 0.138672 0.697266
vt 0.166016 0.712891
vt 0.138672 0.697266
vt 0.185547 0.650391
vt 0.166016 0.712891
vt 0.138672 0.697266
vt 0.154297 0.650391
vt 0.185547 0.650391
vt 0.154297 0.650391
vt 0.181641 0.583984
vt 0.185547 0.650391
vt 0.154297 0.650391
vt 0.150391 0.587891
vt 0.181641 0.583984
vt 0.150391 0.587891
vt 0.154297 0.513672
vt 0.181641 0.583984
vt 0.150391 0.587891
vt 0.126953 0.521484
vt 0.154297 0.513672
vt 0.126953 0.521484
vt 0.142578 0.478516
vt 0.154297 0.513672
vt 0.083984 0.755859
vt 0.103516 0.732422
vt 0.123047 0.755859
vt 0.103516 0.732422
vt 0.166016 0.712891
vt 0.123047 0.755859
vt 0.103516 0.732422
vt 0.138672 0.697266
vt 0.166016 0.712891
vt 0.138672 0.697266
vt 0.185547 0.650391
vt 0.166016 0.712891
vt 0.138672 0.697266
vt 0.154297 0.650391
vt 0.185547 0.650391
vt 0.154297 0.650391
vt 0.181641 0.583984
vt 0.185547 0.650391
vt 0.154297 0.650391
vt 0.150391 0.587891
vt 0.181641 0.583984
vt 0.150391 0.587891
vt 0.154297 0.513672
vt 0.181641 0.583984
vt 0.150391 0.587891
vt 0.126953 0.521484
vt 0.154297 0.513672
vt 0.123047 0.755859
vt 0.166016 0.712891
vt 0.103516 0.732422
vt 0.166016 0.712891
vt 0.138672 0.697266
vt 0.103516 0.732422
vt 0.166016 0.712891
vt 0.185547 0.650391
vt 0.138672 0.697266
vt 0.185547 0.650391
vt 0.154297 0.650391
vt 0.138672 0.697266
vt 0.185547 0.650391
vt 0.181641 0.583984
vt 0.154297 0.650391
vt 0.181641 0.583984
vt 0.150391 0.587891
vt 0.154297 0.650391
vt 0.181641 0.583984
vt 0.154297 0.513672
vt 0.150391 0.587891
vt 0.037109 0.919922
vt 0.076172 0.912109
vt 0.068359 0.884766
vt 0.076172 0.912109
vt 0.150391 0.849609
vt 0.068359 0.884766
vt 0.076172 0.912109
vt 0.166016 0.884766
vt 0.150391 0.849609
vt 0.166016 0.884766
vt 0.189453 0.830078
vt 0.150391 0.849609
vt 0.166016 0.884766
vt 0.212891 0.869141
vt 0.189453 0.830078
vt 0.212891 0.869141
vt 0.248047 0.767578
vt 0.189453 0.830078
vt 0.212891 0.869141
vt 0.302734 0.802734
vt 0.248047 0.767578
vt 0.126953 0.521484
vt 0.060547 0.451172
vt 0.087891 0.388672
vt 0.060547 0.451172
vt 0.060547 0.205078
vt 0.087891 0.388672
vt 0.060547 0.451172
vt 0.087891 0.388672
vt 0.060547 0.205078
vt 0.087891 0.388672
vt 0.091797 0.205078
vt 0.060547 0.205078
vt 0.087891 0.388672
vt 0.111328 0.357422
vt 0.091797 0.205078
vt 0.111328 0.357422
vt 0.087891 0.388672
vt 0.091797 0.205078
vt 0.111328 0.357422
vt 0.119141 0.400391
vt 0.087891 0.388672
vt 0.353516 0.857422
vt 0.232422 0.912109
vt 0.212891 0.869141
vt 0.232422 0.912109
vt 0.166016 0.884766
vt 0.212891 0.869141
vt 0.232422 0.912109
vt 0.177734 0.923828
vt 0.166016 0.884766
vt 0.177734 0.923828
vt 0.076172 0.912109
vt 0.166016 0.884766
vt 0.177734 0.923828
vt 0.076172 0.939453
vt 0.076172 0.912109
vt 0.076172 0.939453
vt 0.037109 0.919922
vt 0.076172 0.912109
vt 0.076172 0.939453
vt 0.044922 0.943359
vt 0.037109 0.919922
vt 0.248047 0.767578
vt 0.189453 0.830078
vt 0.212891 0.869141
vt 0.189453 0.830078
vt 0.166016 0.884766
vt 0.212891 0.869141
vt 0.189453 0.830078
vt 0.150391 0.849609
vt 0.166016 0.884766
vt 0.150391 0.849609
vt 0.076172 0.912109
vt 0.166016 0.884766
vt 0.150391 0.849609
vt 0.068359 0.884766
vt 0.076172 0.912109
vt 0.091797 0.013672
vt 0.060547 0.205078
vt 0.060547 0.013672
vt 0.060547 0.205078
vt 0.091797 0.013672
vt 0.060547 0.013672
vt 0.060547 0.205078
vt 0.091797 0.205078
vt 0.091797 0.013672
vt 0.091797 0.205078
vt 0.060547 0.205078
vt 0.091797 0.013672
vt 0.091797 0.205078
vt 0.087891 0.388672
vt 0.060547 0.205078
vt 0.353516 0.736328
vt 0.458984 0.681641
vt 0.470703 0.798828
vt 0.458984 0.681641
vt 0.564453 0.681641
vt 0.470703 0.798828
vt 0.458984 0.681641
vt 0.470703 0.798828
vt 0.564453 0.681641
vt 0.470703 0.798828
vt 0.537109 0.791016
vt 0.564453 0.681641
vt 0.470703 0.798828
vt 0.564453 0.681641
vt 0.537109 0.791016
vt 0.353516 0.736328
vt 0.458984 0.681641
vt 0.470703 0.798828
vt 0.458984 0.681641
vt 0.564453 0.681641
vt 0.470703 0.798828
vt 0.458984 0.681641
vt 0.470703 0.798828
vt 0.564453 0.681641
vt 0.470703 0.798828
vt 0.537109 0.791016
vt 0.564453 0.681641
vt 0.470703 0.798828
vt 0.564453 0.681641
vt 0.537109 0.791016
vt 0.091797 0.013672
vt 0.060547 0.205078
vt 0.060547 0.013672
vt 0.060547 0.205078
vt 0.091797 0.013672
vt 0.060547 0.013672
vt 0.060547 0.205078
vt 0.091797 0.205078
vt 0.091797 0.013672
vt 0.091797 0.205078
vt 0.060547 0.205078
vt 0.091797 0.013672
vt 0.091797 0.205078
vt 0.087891 0.388672
vt 0.060547 0.205078
vt 0.353516 0.857422
vt 0.232422 0.912109
vt 0.212891 0.869141
vt 0.232422 0.912109
vt 0.166016 0.884766
vt 0.212891 0.869141
vt 0.232422 0.912109
vt 0.177734 0.923828
vt 0.166016 0.884766
vt 0.177734 0.923828
vt 0.076172 0.912109
vt 0.166016 0.884766
vt 0.177734 0.923828
vt 0.076172 0.939453
vt 0.076172 0.912109
vt 0.470703 0.392578
vt 0.197266 0.509766
vt 0.580078 0.509766
vt 0.197266 0.509766
vt 0.470703 0.623047
vt 0.580078 0.509766
vt 0.197266 0.509766
vt 0.396484 0.666016
vt 0.470703 0.623047
vt 0.060547 0.451172
vt 0.126953 0.521484
vt 0.087891 0.388672
vt 0.126953 0.521484
vt 0.119141 0.400391
vt 0.087891 0.388672
vt 0.126953 0.521484
vt 0.142578 0.478516
vt 0.119141 0.400391
vt 0.310547 0.353516
vt 0.197266 0.509766
vt 0.396484 0.353516
vt 0.197266 0.509766
vt 0.470703 0.392578
vt 0.396484 0.353516
vt 0.197266 0.509766
vt 0.580078 0.509766
vt 0.470703 0.392578
vt 0.396484 0.666016
vt 0.197266 0.509766
vt 0.310547 0.666016
vt 0.197266 0.509766
vt 0.240234 0.623047
vt 0.310547 0.666016
vt 0.197266 0.509766
vt 0.197266 0.548828
vt 0.240234 0.623047
vt 0.396484 0.666016
vt 0.197266 0.509766
vt 0.310547 0.666016
vt 0.197266 0.509766
vt 0.240234 0.623047
vt 0.310547 0.666016
vt 0.197266 0.509766
vt 0.197266 0.548828
vt 0.240234 0.623047
vt 0.240234 0.392578
vt 0.197266 0.509766
vt 0.310547 0.353516
vt 0.197266 0.509766
vt 0.396484 0.353516
vt 0.310547 0.353516
vt 0.197266 0.509766
vt 0.470703 0.392578
vt 0.396484 0.353516
vt 0.111328 0.357422
vt 0.087891 0.388672
vt 0.119141 0.400391
vt 0.087891 0.388672
vt 0.126953 0.521484
vt 0.119141 0.400391
vt 0.087891 0.388672
vt 0.060547 0.451172
vt 0.126953 0.521484
vt 0.595703 0.009766
vt 0.615234 0.087891
vt 0.478516 0.013672
vt 0.798828 0.009766
vt 0.447266 0.185547
vt 0.486328 0.126953
vt 0.576172 0.205078
vt 0.541016 0.248047
vt 0.349609 0.029297
vt 0.373047 0.044922
vt 0.349609 0.056641
vt 0.595703 0.275391
vt 0.568359 0.287109
vt 0.568359 0.255859
vt 0.353516 0.857422
vt 0.458984 0.896484
vt 0.357422 0.958984
vt 0.353516 0.857422
vt 0.470703 0.798828
vt 0.458984 0.896484
vt 0.470703 0.798828
vt 0.353516 0.857422
vt 0.458984 0.896484
vt 0.357422 0.958984
vt 0.458984 0.896484
vt 0.353516 0.857422
vt 0.177734 0.498047
vt 0.166016 0.474609
vt 0.154297 0.513672
vt 0.142578 0.478516
vt 0.111328 0.357422
vt 0.119141 0.400391
vt 0.134766 0.369141
vt 0.138672 0.400391
vt 0.099609 0.248047
vt 0.123047 0.248047
vt 0.119141 0.216797
vt 0.091797 0.205078
vt 0.166016 0.474609
vt 0.154297 0.513672
vt 0.142578 0.478516
vt 0.177734 0.498047
vt 0.134766 0.369141
vt 0.138672 0.400391
vt 0.119141 0.400391
vt 0.111328 0.357422
vt 0.123047 0.248047
vt 0.099609 0.248047
vt 0.119141 0.216797
vt 0.091797 0.205078
vt 0.400391 0.322266
vt 0.458984 0.306641
vt 0.479492 0.378906
vt 0.353516 0.251953
vt 0.326172 0.322266
vt 0.248047 0.298828
vt 0.736328 0.333984
vt 0.787109 0.384766
vt 0.732422 0.388672
vt 0.748047 0.294922
vt 0.787109 0.298828
vt 0.791016 0.333984
vt 0.791016 0.455078
vt 0.767578 0.455078
vt 0.775391 0.439453
vt 0.623047 0.259766
vt 0.662109 0.251953
vt 0.626953 0.275391
vt 0.564453 0.365234
vt 0.498047 0.283203
vt 0.833984 0.349609
vt 0.791016 0.349609
vt 0.376953 0.013672
vt 0.404297 0.044922
vt 0.474609 0.083984
vt 0.595703 0.146484
vt 0.595703 0.302734
vt 0.662109 0.298828
vt 0.623047 0.291016
vt 0.759766 0.267578
vt 0.400391 0.029297
vt 0.705078 0.232422
vt 0.771484 0.259766
vt 0.853516 0.291016
vt 0.814453 0.400391
vt 0.783203 0.404297
vt 0.732422 0.439453
vt 0.736328 0.498047
vt 0.751953 0.513672
vt 0.734375 0.583984
vt 0.400391 0.060547
vt 0.373047 0.072266
vt 0.623047 0.259766
vt 0.626953 0.275391
vt 0.595703 0.275391
vt 0.595703 0.244141
vt 0.009766 0.873047
vt 0.072266 0.720703
vt 0.009766 0.662109
vt 0.072266 0.720703
vt 0.041016 0.662109
vt 0.009766 0.662109
vt 0.041016 0.662109
vt 0.009766 0.662109
vt 0.041016 0.630859
vt 0.041016 0.447266
vt 0.009766 0.474609
vt 0.009766 0.447266
vt 0.009766 0.474609
vt 0.041016 0.447266
vt 0.009766 0.447266
vt 0.009766 0.474609
vt 0.041016 0.474609
vt 0.041016 0.447266
vt 0.041016 0.474609
vt 0.009766 0.474609
vt 0.041016 0.447266
vt 0.041016 0.474609
vt 0.009766 0.509766
vt 0.009766 0.474609
vt 0.009766 0.509766
vt 0.041016 0.474609
vt 0.009766 0.474609
vt 0.009766 0.509766
vt 0.041016 0.509766
vt 0.041016 0.474609
vt 0.041016 0.509766
vt 0.009766 0.509766
vt 0.041016 0.474609
vt 0.041016 0.509766
vt 0.009766 0.541016
vt 0.009766 0.509766
vt 0.009766 0.541016
vt 0.041016 0.509766
vt 0.009766 0.509766
vt 0.009766 0.541016
vt 0.041016 0.541016
vt 0.041016 0.509766
vt 0.041016 0.541016
vt 0.009766 0.541016
vt 0.041016 0.509766
vt 0.041016 0.541016
vt 0.009766 0.572266
vt 0.009766 0.541016
vt 0.009766 0.572266
vt 0.041016 0.541016
vt 0.009766 0.541016
vt 0.009766 0.572266
vt 0.041016 0.572266
vt 0.041016 0.541016
vt 0.041016 0.572266
vt 0.009766 0.572266
vt 0.041016 0.541016
vt 0.041016 0.572266
vt 0.009766 0.603516
vt 0.009766 0.572266
vt 0.009766 0.603516
vt 0.041016 0.572266
vt 0.009766 0.572266
vt 0.009766 0.603516
vt 0.041016 0.603516
vt 0.041016 0.572266
vt 0.041016 0.603516
vt 0.009766 0.603516
vt 0.041016 0.572266
vt 0.041016 0.603516
vt 0.009766 0.630859
vt 0.009766 0.603516
vt 0.009766 0.630859
vt 0.041016 0.603516
vt 0.009766 0.603516
vt 0.009766 0.630859
vt 0.041016 0.630859
vt 0.041016 0.603516
vt 0.041016 0.630859
vt 0.009766 0.630859
vt 0.041016 0.603516
vt 0.041016 0.630859
vt 0.009766 0.662109
vt 0.009766 0.630859
vt 0.009766 0.662109
vt 0.041016 0.630859
vt 0.009766 0.630859
vt 0.009766 0.662109
vt 0.041016 0.662109
vt 0.041016 0.630859
vt 0.041016 0.662109
vt 0.009766 0.662109
vt 0.041016 0.630859
vt 0.041016 0.662109
vt 0.072266 0.720703
vt 0.009766 0.662109
vt 0.072266 0.720703
vt 0.009766 0.873047
vt 0.009766 0.662109
vt 0.072266 0.720703
vt 0.009766 0.662109
vt 0.009766 0.873047
vt 0.009766 0.662109
vt 0.072266 0.720703
vt 0.009766 0.873047
vt 0.009766 0.662109
vt 0.041016 0.662109
vt 0.072266 0.720703
vt 0.041016 0.662109
vt 0.009766 0.662109
vt 0.072266 0.720703
vt 0.041016 0.662109
vt 0.041016 0.630859
vt 0.009766 0.662109
vt 0.041016 0.630859
vt 0.009766 0.630859
vt 0.009766 0.662109
vt 0.041016 0.572266
vt 0.009766 0.603516
vt 0.009766 0.572266
vt 0.009766 0.603516
vt 0.041016 0.572266
vt 0.009766 0.572266
vt 0.009766 0.603516
vt 0.041016 0.603516
vt 0.041016 0.572266
vt 0.041016 0.603516
vt 0.009766 0.603516
vt 0.041016 0.572266
vt 0.041016 0.603516
vt 0.009766 0.630859
vt 0.009766 0.603516
vt 0.009766 0.630859
vt 0.041016 0.603516
vt 0.009766 0.603516
vt 0.009766 0.630859
vt 0.041016 0.630859
vt 0.041016 0.603516
vt 0.041016 0.630859
vt 0.009766 0.630859
vt 0.041016 0.603516
vt 0.041016 0.630859
vt 0.009766 0.662109
vt 0.009766 0.630859
vt 0.041016 0.353516
vt 0.009766 0.384766
vt 0.009766 0.353516
vt 0.009766 0.384766
vt 0.041016 0.353516
vt 0.009766 0.353516
vt 0.009766 0.384766
vt 0.041016 0.384766
vt 0.041016 0.353516
vt 0.041016 0.384766
vt 0.009766 0.384766
vt 0.041016 0.353516
vt 0.041016 0.384766
vt 0.009766 0.416016
vt 0.009766 0.384766
vt 0.009766 0.416016
vt 0.041016 0.384766
vt 0.009766 0.384766
vt 0.009766 0.416016
vt 0.041016 0.416016
vt 0.041016 0.384766
vt 0.041016 0.416016
vt 0.009766 0.416016
vt 0.041016 0.384766
vt 0.041016 0.416016
vt 0.009766 0.447266
vt 0.009766 0.416016
vt 0.009766 0.447266
vt 0.041016 0.416016
vt 0.009766 0.416016
vt 0.009766 0.447266
vt 0.041016 0.447266
vt 0.041016 0.416016
vt 0.041016 0.447266
vt 0.009766 0.447266
vt 0.041016 0.416016
vt 0.041016 0.447266
vt 0.009766 0.474609
vt 0.009766 0.447266
vt 0.009766 0.474609
vt 0.041016 0.447266
vt 0.009766 0.447266
vt 0.009766 0.474609
vt 0.041016 0.474609
vt 0.041016 0.447266
vt 0.041016 0.474609
vt 0.009766 0.474609
vt 0.041016 0.447266
vt 0.041016 0.474609
vt 0.009766 0.509766
vt 0.009766 0.474609
vt 0.009766 0.509766
vt 0.041016 0.474609
vt 0.009766 0.474609
vt 0.009766 0.509766
vt 0.041016 0.509766
vt 0.041016 0.474609
vt 0.041016 0.509766
vt 0.009766 0.509766
vt 0.041016 0.474609
vt 0.041016 0.509766
vt 0.009766 0.541016
vt 0.009766 0.509766
vt 0.009766 0.541016
vt 0.041016 0.509766
vt 0.009766 0.509766
vt 0.009766 0.541016
vt 0.041016 0.541016
vt 0.041016 0.509766
vt 0.041016 0.541016
vt 0.009766 0.541016
vt 0.041016 0.509766
vt 0.041016 0.541016
vt 0.009766 0.572266
vt 0.009766 0.541016
vt 0.009766 0.572266
vt 0.041016 0.541016
vt 0.009766 0.541016
vt 0.009766 0.572266
vt 0.041016 0.572266
vt 0.041016 0.541016
vt 0.041016 0.572266
vt 0.009766 0.572266
vt 0.041016 0.541016
vt 0.009766 0.447266
vt 0.041016 0.416016
vt 0.041016 0.447266
vt 0.041016 0.416016
vt 0.009766 0.447266
vt 0.041016 0.447266
vt 0.041016 0.416016
vt 0.009766 0.416016
vt 0.009766 0.447266
vt 0.009766 0.416016
vt 0.041016 0.416016
vt 0.009766 0.447266
vt 0.009766 0.416016
vt 0.041016 0.384766
vt 0.041016 0.416016
vt 0.041016 0.384766
vt 0.009766 0.416016
vt 0.041016 0.416016
vt 0.041016 0.384766
vt 0.009766 0.384766
vt 0.009766 0.416016
vt 0.009766 0.384766
vt 0.041016 0.384766
vt 0.009766 0.416016
vt 0.009766 0.384766
vt 0.041016 0.353516
vt 0.041016 0.384766
vt 0.041016 0.353516
vt 0.009766 0.384766
vt 0.041016 0.384766
vt 0.041016 0.353516
vt 0.009766 0.353516
vt 0.009766 0.384766
vt 0.009766 0.353516
vt 0.041016 0.353516
vt 0.009766 0.384766
vt 0.009766 0.353516
vt 0.041016 0.326172
vt 0.041016 0.353516
vt 0.041016 0.326172
vt 0.009766 0.353516
vt 0.041016 0.353516
vt 0.041016 0.326172
vt 0.009766 0.326172
vt 0.009766 0.353516
vt 0.009766 0.326172
vt 0.041016 0.326172
vt 0.009766 0.353516
vt 0.009766 0.326172
vt 0.041016 0.298828
vt 0.041016 0.326172
vt 0.041016 0.298828
vt 0.009766 0.326172
vt 0.041016 0.326172
vt 0.041016 0.298828
vt 0.009766 0.298828
vt 0.009766 0.326172
vt 0.009766 0.298828
vt 0.041016 0.298828
vt 0.009766 0.326172
vt 0.009766 0.298828
vt 0.041016 0.279297
vt 0.041016 0.298828
vt 0.041016 0.279297
vt 0.009766 0.298828
vt 0.041016 0.298828
vt 0.041016 0.279297
vt 0.009766 0.279297
vt 0.009766 0.298828
vt 0.009766 0.279297
vt 0.041016 0.279297
vt 0.009766 0.298828
vt 0.041016 0.279297
vt 0.009766 0.298828
vt 0.009766 0.279297
vt 0.009766 0.298828
vt 0.041016 0.279297
vt 0.009766 0.279297
vt 0.009766 0.298828
vt 0.041016 0.298828
vt 0.041016 0.279297
vt 0.041016 0.298828
vt 0.009766 0.298828
vt 0.041016 0.279297
vt 0.041016 0.298828
vt 0.009766 0.326172
vt 0.009766 0.298828
vt 0.009766 0.326172
vt 0.041016 0.298828
vt 0.009766 0.298828
vt 0.009766 0.326172
vt 0.041016 0.326172
vt 0.041016 0.298828
vt 0.041016 0.326172
vt 0.009766 0.326172
vt 0.041016 0.298828
vt 0.041016 0.326172
vt 0.009766 0.353516
vt 0.009766 0.326172
vt 0.009766 0.353516
vt 0.041016 0.326172
vt 0.009766 0.326172
vt 0.009766 0.353516
vt 0.041016 0.353516
vt 0.041016 0.326172
vt 0.041016 0.353516
vt 0.009766 0.353516
vt 0.041016 0.326172
vt 0.747070 0.794922
vt 0.845703 0.806641
vt 0.794922 0.687012
vt 0.861328 0.623047
vt 0.802734 0.630859
vt 0.794922 0.687012
vt 0.369141 0.138672
vt 0.177734 0.025391
vt 0.306641 0.025391
vt 0.306641 0.251953
vt 0.369141 0.138672
vt 0.177734 0.251953
vt 0.306641 0.251953
vt 0.177734 0.251953
vt 0.794922 0.687012
vt 0.802734 0.630859
vt 0.861328 0.623047
vt 0.111328 0.138672
vt 0.177734 0.025391
vt 0.111328 0.138672
vt 0.306641 0.025391
vt 0.595703 0.009766
vt 0.478516 0.013672
vt 0.615234 0.087891
vt 0.798828 0.009766
vt 0.447266 0.185547
vt 0.576172 0.205078
vt 0.486328 0.126953
vt 0.541016 0.248047
vt 0.349609 0.029297
vt 0.349609 0.056641
vt 0.373047 0.044922
vt 0.595703 0.275391
vt 0.568359 0.255859
vt 0.568359 0.287109
vt 0.177734 0.498047
vt 0.154297 0.513672
vt 0.166016 0.474609
vt 0.142578 0.478516
vt 0.111328 0.357422
vt 0.134766 0.369141
vt 0.119141 0.400391
vt 0.138672 0.400391
vt 0.099609 0.248047
vt 0.119141 0.216797
vt 0.123047 0.248047
vt 0.091797 0.205078
vt 0.166016 0.474609
vt 0.142578 0.478516
vt 0.154297 0.513672
vt 0.177734 0.498047
vt 0.134766 0.369141
vt 0.119141 0.400391
vt 0.138672 0.400391
vt 0.111328 0.357422
vt 0.123047 0.248047
vt 0.119141 0.216797
vt 0.099609 0.248047
vt 0.091797 0.205078
vt 0.400391 0.322266
vt 0.479492 0.378906
vt 0.458984 0.306641
vt 0.353516 0.251953
vt 0.248047 0.298828
vt 0.326172 0.322266
vt 0.736328 0.333984
vt 0.732422 0.388672
vt 0.787109 0.384766
vt 0.748047 0.294922
vt 0.791016 0.333984
vt 0.787109 0.298828
vt 0.791016 0.455078
vt 0.775391 0.439453
vt 0.767578 0.455078
vt 0.623047 0.259766
vt 0.626953 0.275391
vt 0.662109 0.251953
vt 0.564453 0.365234
vt 0.498047 0.283203
vt 0.833984 0.349609
vt 0.791016 0.349609
vt 0.376953 0.013672
vt 0.404297 0.044922
vt 0.474609 0.083984
vt 0.595703 0.146484
vt 0.595703 0.302734
vt 0.623047 0.291016
vt 0.662109 0.298828
vt 0.759766 0.267578
vt 0.400391 0.029297
vt 0.705078 0.232422
vt 0.771484 0.259766
vt 0.853516 0.291016
vt 0.814453 0.400391
vt 0.783203 0.404297
vt 0.732422 0.439453
vt 0.736328 0.498047
vt 0.751953 0.513672
vt 0.734375 0.583984
vt 0.400391 0.060547
vt 0.373047 0.072266
vt 0.595703 0.244141
vn -1.0000 0.0000 0.0000
vn 1.0000 0.0000 0.0000
vn 0.0000 -1.0000 -0.0000
vn 0.0000 -0.0000 1.0000
vn -0.9733 -0.2294 -0.0000
vn -0.9732 -0.2299 -0.0004
vn 0.0000 1.0000 0.0000
vn 0.9733 -0.2294 -0.0000
vn 0.9732 -0.2299 -0.0004
vn 0.9365 0.2886 -0.1992
vn 0.0000 -0.9758 -0.2188
vn 0.0000 -0.9758 0.2188
vn 0.0000 0.7094 0.7048
vn 0.0000 0.7086 -0.7056
vn 0.9365 0.2886 0.1992
vn -0.9303 0.1206 0.3464
vn -0.9890 0.0939 0.1140
vn -0.9732 -0.2299 0.0004
vn 0.8611 -0.0329 0.5074
vn 0.0000 -0.9665 -0.2567
vn 0.0000 -0.8173 0.5762
vn 0.9472 0.1744 -0.2690
vn 0.9732 -0.2299 0.0004
vn -0.4706 0.0002 0.8823
vn 0.0000 -0.9817 -0.1902
vn 0.0000 0.4294 -0.9031
vn -0.7510 0.1965 0.6304
vn 0.6589 0.2493 -0.7097
vn 0.0000 0.0000 -1.0000
vn -0.6589 0.2493 0.7097
vn 0.0000 0.9257 0.3782
vn 0.7510 0.1965 -0.6304
vn 0.0000 -0.9336 -0.3584
vn 0.0000 0.9998 0.0214
vn 0.8611 -0.0329 -0.5074
vn -0.7174 0.0000 -0.6967
vn 0.0000 -0.7355 -0.6775
vn 0.0000 -0.7355 0.6775
vn 0.4706 0.0002 -0.8823
vn 0.0000 -0.2969 0.9549
vn 0.0000 -0.7071 0.7071
vn 0.0000 -0.2587 0.9659
vn 0.0000 0.2591 0.9658
vn 0.0000 0.7071 0.7071
vn 0.0000 0.0068 1.0000
vn 0.0000 -0.8952 0.4456
vn 0.0000 -0.1881 0.9822
vn 0.0000 -0.2969 -0.9549
vn 0.0000 -0.7071 -0.7071
vn 0.0000 -0.2587 -0.9659
vn 0.0000 0.2591 -0.9658
vn 0.0000 0.7071 -0.7071
vn 0.0000 0.0068 -1.0000
vn -0.0000 -0.8952 -0.4456
vn 0.0000 -0.1881 -0.9822
vn 0.8409 0.0000 -0.5412
vn -0.8409 0.0000 -0.5412
vn -0.7618 0.0256 -0.6474
vn -0.7618 0.0256 0.6474
vn -0.6593 0.5014 0.5603
vn 0.6593 0.5014 0.5603
vn 0.9139 0.0289 0.4048
vn 0.9139 0.0289 -0.4048
vn 0.5703 -0.6363 -0.5195
vn -0.5703 -0.6363 -0.5195
vn -0.7389 0.0337 -0.6730
vn -0.7389 0.0337 0.6730
vn -0.6996 -0.0000 0.7146
vn 0.6996 -0.0000 0.7146
vn 0.6589 0.2493 0.7097
vn -0.8409 -0.0000 0.5412
vn 0.8409 -0.0000 0.5412
vn 0.7618 0.0256 0.6474
vn 0.7618 0.0256 -0.6474
vn 0.6593 0.5014 -0.5603
vn -0.6593 0.5014 -0.5603
vn -0.9139 0.0289 -0.4048
vn -0.9139 0.0289 0.4048
vn -0.5703 -0.6363 0.5195
vn 0.5703 -0.6363 0.5195
vn 0.7389 0.0337 0.6730
vn 0.7389 0.0337 -0.6730
vn 0.6996 0.0000 -0.7146
vn -0.6996 0.0000 -0.7146
vn -0.6589 0.2493 -0.7097
vn 0.0000 -0.4144 0.9101
vn 0.0000 0.7113 0.7029
vn 0.0000 0.1275 0.9918
vn 0.0000 -0.4912 0.8710
vn 0.0000 -0.9836 0.1803
vn 0.0000 -0.7727 -0.6348
vn 0.0000 -0.1642 0.9864
vn 0.0000 -0.3939 0.9191
vn 0.0000 -0.0409 0.9992
vn 0.0000 0.3682 0.9297
vn 0.0000 -0.0491 0.9988
vn 0.0000 0.9257 -0.3782
vn 0.0000 -0.4144 -0.9101
vn 0.0000 0.7113 -0.7029
vn 0.0000 0.1275 -0.9918
vn 0.0000 -0.4912 -0.8710
vn 0.0000 -0.9836 -0.1803
vn 0.0000 -0.7727 0.6348
vn 0.0000 0.7712 -0.6366
vn 0.0000 -0.4013 -0.9159
vn 0.0000 -0.9263 0.3767
vn 0.0000 -0.1551 -0.9879
vn 0.0000 0.3137 -0.9495
vn 0.0000 0.3137 0.9495
vn 0.0000 -0.1551 0.9879
vn 0.0000 -0.9263 -0.3768
vn 0.0000 -0.9263 -0.3767
vn 0.0000 -0.4013 0.9159
vn 0.0000 0.7712 0.6366
vn 0.0000 0.7094 -0.7048
vn 0.0000 0.2071 0.9783
vn 0.0000 0.9810 0.1939
vn 0.0000 0.3393 0.9407
vn 0.0000 -0.5231 0.8523
vn 0.0000 -0.9817 0.1902
vn 0.0000 -0.5231 -0.8523
vn 0.0000 0.3393 -0.9407
vn 0.0000 0.9810 -0.1939
vn 0.0000 0.2071 -0.9783
vn 0.0000 -0.0491 -0.9988
vn 0.0000 0.3682 -0.9297
vn 0.0000 -0.0409 -0.9992
vn 0.0000 -0.3939 -0.9191
vn 0.0000 -0.1642 -0.9864
vn 0.6157 0.6962 -0.3691
vn 0.4706 0.0002 0.8823
vn 0.7839 -0.3702 0.4985
vn -0.6157 0.6962 0.3691
vn -0.4706 0.0002 -0.8823
vn -0.7839 -0.3702 -0.4985
vn 0.0000 -0.2763 0.9611
vn 0.0000 0.0719 0.9974
vn 0.0000 0.4288 0.9034
vn 0.0000 -0.9741 -0.2262
vn 0.0000 -0.3210 0.9471
vn 0.0000 0.7895 0.6138
vn 0.0000 0.4294 0.9031
vn 0.5034 0.8351 -0.2218
vn -0.5034 0.8351 -0.2218
vn -0.7130 0.6027 -0.3582
vn -0.9169 0.3452 0.2003
vn -0.7839 -0.3702 0.4985
vn 0.0000 0.4590 0.8884
vn 0.0000 0.0399 0.9992
vn 0.0000 0.3308 0.9437
vn 0.0000 0.0612 0.9981
vn 0.0000 0.2931 0.9561
vn 0.0000 0.9886 0.1504
vn 0.0000 0.5970 -0.8023
vn 0.0000 -0.0456 -0.9990
vn 0.0000 0.4288 -0.9034
vn 0.0000 0.0719 -0.9974
vn 0.0000 -0.2763 -0.9611
vn 0.0000 0.7895 -0.6138
vn 0.0000 -0.3210 -0.9471
vn 0.0000 -0.9741 0.2262
vn 0.0000 -0.0456 0.9990
vn 0.0000 0.5970 0.8023
vn 0.0000 0.9886 -0.1504
vn 0.0000 0.2931 -0.9561
vn 0.9780 0.1380 -0.1565
vn 0.9890 0.0939 -0.1140
vn 0.9303 0.1206 -0.3464
vn 0.9504 0.1053 -0.2927
vn 0.8839 0.0408 -0.4660
vn -0.8839 0.0408 -0.4660
vn -0.8611 -0.0329 -0.5074
vn 0.0000 -0.9726 -0.2326
vn 0.0000 -0.6789 0.7342
vn 0.0000 0.7086 0.7056
vn 0.0000 0.0612 -0.9981
vn 0.0000 0.3308 -0.9437
vn 0.0000 0.0399 -0.9992
vn 0.0000 0.4590 -0.8884
vn -0.8611 -0.0329 0.5074
vn -0.8839 0.0408 0.4660
vn 0.8839 0.0408 0.4660
vn 0.9504 0.1053 0.2927
vn 0.9303 0.1206 0.3464
vn 0.9890 0.0939 0.1140
vn 0.9780 0.1380 0.1565
vn -0.5034 0.8351 0.2218
vn 0.5034 0.8351 0.2218
vn 0.7130 0.6027 0.3582
vn 0.9169 0.3452 -0.2003
vn 0.7839 -0.3702 -0.4985
vn 0.0000 -0.9336 0.3584
vn 0.7329 -0.4771 0.4849
vn 0.7250 -0.3316 0.6037
vn 0.8867 -0.4623 0.0000
vn -0.8874 -0.4610 0.0000
vn -0.7248 -0.3300 -0.6048
vn -0.7329 -0.4771 -0.4849
vn -0.6157 0.6962 -0.3691
vn -0.5512 0.7394 -0.3867
vn -0.7176 0.5545 -0.4214
vn 0.7176 0.5545 -0.4214
vn 0.7130 0.6027 -0.3582
vn 0.9169 0.3452 0.2003
vn -0.9169 0.3452 -0.2003
vn -0.7130 0.6027 0.3582
vn -0.7176 0.5545 0.4214
vn 0.7176 0.5545 0.4214
vn 0.5512 0.7394 0.3867
vn 0.6157 0.6962 0.3691
vn -0.9303 0.1206 -0.3464
vn -0.9504 0.1053 -0.2927
vn -0.9506 0.0816 -0.2996
vn -0.9361 0.1378 -0.3236
vn -0.9412 0.2237 -0.2531
vn -0.9472 0.1744 -0.2690
vn 0.0000 0.9998 -0.0214
vn 0.0000 -0.9359 0.3522
vn -0.7510 0.1965 -0.6304
vn -0.7461 0.1766 -0.6420
vn 0.7461 0.1766 -0.6420
vn 0.7329 -0.4771 -0.4849
vn 0.7250 -0.3316 -0.6037
vn 0.0000 -0.9359 -0.3522
vn 0.0000 0.7834 0.6215
vn 0.0000 0.9973 -0.0740
vn 0.0000 0.9927 -0.1204
vn 0.0000 0.3290 0.9443
vn 0.0000 -0.6789 -0.7342
vn 0.0000 -0.9726 0.2326
vn 0.7510 0.1965 0.6304
vn 0.7461 0.1766 0.6420
vn -0.7461 0.1766 0.6420
vn -0.7329 -0.4771 0.4849
vn -0.7248 -0.3300 0.6048
vn 0.0000 -0.8173 -0.5762
vn 0.0000 -0.4390 -0.8985
vn 0.0000 -0.8403 0.5422
vn 0.0000 -0.9795 0.2013
vn 0.0000 -0.9682 -0.2504
vn 0.0000 0.3290 -0.9443
vn 0.0000 0.9927 0.1204
vn -0.9504 0.1053 0.2927
vn -0.9506 0.0816 0.2996
vn -0.9361 0.1378 0.3236
vn -0.9412 0.2237 0.2531
vn -0.9472 0.1744 0.2690
vn 0.0000 -0.9682 0.2504
vn 0.0000 -0.9795 -0.2013
vn 0.0000 -0.8403 -0.5422
vn 0.0000 0.9973 0.0740
vn 0.0000 0.7834 -0.6215
vn 0.9506 0.0816 0.2996
vn 0.9361 0.1378 0.3236
vn 0.9412 0.2237 0.2531
vn 0.9472 0.1744 0.2690
vn -0.7174 -0.0000 0.6967
vn 0.7174 -0.0000 0.6967
vn -0.9890 0.0939 -0.1140
vn -0.9780 0.1380 -0.1565
vn -0.9365 0.2886 -0.1992
vn 0.0000 -0.8703 -0.4924
vn 0.0000 -0.9665 0.2567
vn -0.7157 0.0000 -0.6984
vn 0.7157 0.0000 -0.6984
vn 0.7157 -0.0000 0.6984
vn -0.7157 0.0000 0.6984
vn 0.0000 -0.4390 0.8985
vn -0.9110 0.3504 -0.2173
vn -0.9110 0.3504 0.2173
vn -0.9112 -0.0000 0.4120
vn 0.9412 0.2237 -0.2531
vn 0.9361 0.1378 -0.3236
vn 0.9506 0.0816 -0.2996
vn -0.5881 0.7895 -0.1753
vn 0.5881 0.7895 -0.1753
vn 0.5512 0.7394 -0.3867
vn 0.7174 0.0000 -0.6967
vn 0.0000 -0.8703 0.4924
vn -0.9780 0.1380 0.1565
vn -0.9365 0.2886 0.1992
vn 0.5881 0.7895 0.1753
vn -0.5881 0.7895 0.1753
vn -0.5512 0.7394 0.3867
vn -0.9107 -0.3510 0.2177
vn -0.9107 -0.3510 -0.2177
vn -0.9112 0.0000 -0.4120
vn 0.9112 0.0000 -0.4120
vn 0.9107 -0.3510 -0.2177
vn 0.9107 -0.3510 0.2177
vn 0.9112 0.0000 0.4120
vn 0.9110 0.3504 0.2173
vn 0.9110 0.3504 -0.2173
vn 0.0000 -0.9992 0.0404
vn 0.0000 -0.9992 -0.0404
vn 0.0000 -0.3046 -0.9525
vn 0.0000 -0.3046 0.9525
vn -0.6801 0.7329 0.0176
vn -0.4936 0.8697 0.0059
vn -0.5787 0.7691 0.2714
vn 0.8072 -0.3362 -0.4852
vn 0.6801 0.7329 -0.0176
vn -0.6380 -0.5323 0.5565
vn -0.7517 -0.0928 -0.6530
vn -0.8072 -0.3362 0.4852
vn 0.6069 0.4401 0.6618
vn 0.6398 0.4130 -0.6481
vn -0.7638 0.4697 0.4426
vn -0.6539 -0.2563 0.7119
vn -0.6153 -0.2405 0.7508
vn 0.6153 -0.2405 0.7508
vn 0.6380 -0.5323 0.5565
vn 0.5787 0.7691 -0.2714
vn -0.5787 0.7691 -0.2714
vn -0.6398 0.4130 -0.6481
vn -0.6069 0.4401 -0.6618
vn -0.6769 0.0264 -0.7356
vn -0.6856 0.0222 -0.7276
vn -0.6970 0.2666 -0.6657
vn -0.7396 0.2015 -0.6421
vn -0.7195 0.5261 -0.4533
vn -0.7638 0.4697 -0.4426
vn -0.7674 0.5504 -0.3288
vn -0.8144 -0.3678 0.4489
vn -0.8461 -0.2525 0.4694
vn 0.8461 -0.2525 0.4694
vn 0.7229 -0.1415 0.6763
vn 0.9753 0.1585 0.1536
vn 0.9753 0.1585 -0.1536
vn 0.6801 0.7329 0.0176
vn 0.7815 0.5484 0.2975
vn -0.7815 0.5484 0.2975
vn -0.7674 0.5504 0.3288
vn -0.8144 -0.3678 -0.4489
vn -0.8072 -0.3362 -0.4852
vn -0.7443 -0.3467 -0.5707
vn -0.7299 -0.1195 -0.6730
vn -0.6933 -0.0921 -0.7147
vn -0.6630 0.1033 -0.7415
vn -0.6742 0.0980 -0.7320
vn -0.6539 -0.2563 -0.7119
vn -0.6153 -0.2405 -0.7508
vn -0.6380 -0.5323 -0.5565
vn 0.6380 -0.5323 -0.5565
vn 0.5787 0.7691 0.2714
vn 0.6398 0.4130 0.6481
vn -0.6398 0.4130 0.6481
vn -0.6069 0.4401 0.6618
vn -0.4938 -0.4343 -0.7533
vn -0.4758 -0.3290 -0.8157
vn 0.4758 -0.3290 -0.8157
vn 0.3421 -0.2479 -0.9064
vn 0.6574 -0.2834 -0.6982
vn 0.7517 -0.0928 -0.6530
vn 0.7403 -0.0772 -0.6678
vn -0.7403 -0.0772 -0.6678
vn -0.8378 -0.0857 -0.5392
vn -0.9652 -0.0410 -0.2582
vn -0.9652 -0.0410 0.2582
vn -0.9876 -0.1131 0.1093
vn -0.6574 -0.2834 0.6982
vn -0.3421 -0.2479 0.9064
vn 0.3421 -0.2479 0.9064
vn 0.4758 -0.3290 0.8157
vn 0.4938 -0.4343 0.7533
vn 0.4950 -0.4347 0.7523
vn 0.4954 -0.0000 0.8687
vn 0.4951 0.4340 0.7527
vn 0.4939 0.4350 0.7529
vn 0.4942 0.7530 0.4345
vn 0.4947 0.7526 0.4346
vn 0.4936 0.8697 -0.0059
vn 0.6769 0.0264 0.7356
vn 0.6856 0.0222 0.7276
vn 0.6970 0.2666 0.6657
vn 0.7396 0.2015 0.6421
vn 0.7195 0.5261 0.4533
vn 0.7638 0.4697 0.4426
vn 0.7674 0.5504 0.3288
vn 0.8144 -0.3678 -0.4489
vn 0.8461 -0.2525 -0.4694
vn -0.8461 -0.2525 -0.4694
vn -0.7229 -0.1415 -0.6763
vn -0.9753 0.1585 -0.1536
vn -0.9753 0.1585 0.1536
vn -0.6801 0.7329 -0.0176
vn -0.7815 0.5484 -0.2975
vn 0.7815 0.5484 -0.2975
vn 0.7674 0.5504 -0.3288
vn 0.8144 -0.3678 0.4489
vn 0.8072 -0.3362 0.4852
vn 0.7443 -0.3467 0.5707
vn 0.7299 -0.1195 0.6730
vn 0.6933 -0.0921 0.7147
vn 0.6630 0.1033 0.7415
vn 0.6742 0.0980 0.7320
vn 0.6539 -0.2563 0.7119
vn -0.4936 0.8697 -0.0059
vn -0.4947 0.7526 0.4346
vn -0.4942 0.7530 0.4345
vn -0.4939 0.4350 0.7529
vn -0.4951 0.4340 0.7527
vn -0.4954 -0.0000 0.8687
vn -0.4950 -0.4347 0.7523
vn -0.4938 -0.4343 0.7533
vn -0.4758 -0.3290 0.8157
vn 0.4936 0.8697 0.0059
vn 0.4947 0.7526 -0.4346
vn 0.4942 0.7530 -0.4345
vn 0.4939 0.4350 -0.7529
vn 0.4951 0.4340 -0.7527
vn 0.4954 0.0000 -0.8687
vn 0.4950 -0.4347 -0.7523
vn 0.4938 -0.4343 -0.7533
vn -0.4947 0.7526 -0.4346
vn -0.4942 0.7530 -0.4345
vn -0.4939 0.4350 -0.7529
vn -0.4951 0.4340 -0.7527
vn -0.4954 0.0000 -0.8687
vn -0.4950 -0.4347 -0.7523
vn 0.6069 0.4401 -0.6618
vn 0.6769 0.0264 -0.7356
vn 0.6856 0.0222 -0.7276
vn 0.6970 0.2666 -0.6657
vn 0.7396 0.2015 -0.6421
vn 0.7195 0.5261 -0.4533
vn 0.7638 0.4697 -0.4426
vn 0.9876 -0.1131 -0.1093
vn 0.9652 -0.0410 -0.2582
vn 0.9652 -0.0410 0.2582
vn 0.8378 -0.0857 0.5392
vn 0.7403 -0.0772 0.6678
vn -0.7403 -0.0772 0.6678
vn -0.7517 -0.0928 0.6530
vn 0.7443 -0.3467 -0.5707
vn 0.7299 -0.1195 -0.6730
vn 0.6933 -0.0921 -0.7147
vn 0.6630 0.1033 -0.7415
vn 0.6742 0.0980 -0.7320
vn 0.6539 -0.2563 -0.7119
vn 0.6153 -0.2405 -0.7508
vn -0.7195 0.5261 0.4533
vn -0.7396 0.2015 0.6421
vn -0.6970 0.2666 0.6657
vn -0.6856 0.0222 0.7276
vn -0.6769 0.0264 0.7356
vn -0.8378 -0.0857 0.5392
vn -0.7229 -0.1415 0.6763
vn -0.7249 -0.0878 0.6833
vn -0.7249 -0.0878 -0.6833
vn -0.7101 -0.1066 -0.6960
vn 0.7101 -0.1066 -0.6960
vn 0.7229 -0.1415 -0.6763
vn 0.7249 -0.0878 -0.6833
vn 0.7249 -0.0878 0.6833
vn 0.7101 -0.1066 0.6960
vn -0.7101 -0.1066 0.6960
vn 0.8378 -0.0857 -0.5392
vn -0.7443 -0.3467 0.5707
vn -0.7299 -0.1195 0.6730
vn -0.6933 -0.0921 0.7147
vn -0.6630 0.1033 0.7415
vn -0.6742 0.0980 0.7320
vn -0.9876 -0.1131 -0.1093
vn -0.6574 -0.2834 -0.6982
vn -0.3421 -0.2479 -0.9064
vn 0.7517 -0.0928 0.6530
vn 0.6574 -0.2834 0.6982
vn 0.9876 -0.1131 0.1093
vn -0.9376 0.0828 -0.3377
vn 0.6745 -0.2654 0.6889
vn 0.8497 0.0000 -0.5272
vn 0.8497 -0.0000 0.5272
vn -0.8497 -0.0000 0.5272
vn -0.8497 0.0000 -0.5272
vn -0.8473 -0.0763 0.5257
vn -0.8473 -0.0763 -0.5257
vn -0.7915 0.0000 -0.6112
vn 0.7915 0.0000 -0.6112
vn 0.7861 -0.1163 -0.6071
vn 0.7861 -0.1163 0.6071
vn -0.6745 -0.2654 0.6889
vn -0.9376 0.0828 0.3377
vn 0.9376 0.0828 0.3377
vn 0.9376 0.0828 -0.3377
vn 0.6745 -0.2654 -0.6889
vn -0.6745 -0.2654 -0.6889
vn -0.7861 -0.1163 -0.6071
vn 0.8473 -0.0763 -0.5257
vn 0.8473 -0.0763 0.5257
vn 0.7915 -0.0000 0.6112
vn -0.7915 -0.0000 0.6112
vn -0.7861 -0.1163 0.6071
vn -0.8428 0.0094 -0.5382
vn -0.8428 0.0094 0.5382
vn -0.8428 0.0000 0.5382
vn 0.8428 0.0000 0.5382
vn 0.8393 0.0614 0.5401
vn 0.8393 0.0614 -0.5402
vn -0.8393 0.0614 0.5401
vn -0.8393 0.0614 -0.5402
vn -0.8428 0.0000 -0.5382
vn 0.8428 0.0000 -0.5382
vn 0.8428 0.0094 -0.5382
vn 0.8428 0.0094 0.5382
o base
usemtl Brush.071
f 1/1/1 2/2/1 3/3/1
f 4/4/1 3/3/1 2/2/1
f 5/5/2 6/6/2 7/7/2
f 8/8/2 7/7/2 6/6/2
usemtl Brush.072
f 9/9/2 10/10/2 11/11/2
f 12/12/2 13/13/2 14/14/2
f 15/15/1 16/16/1 17/17/1
f 18/18/1 19/19/1 20/20/1
f 21/21/2 22/22/2 23/23/2
f 24/24/2 25/25/2 26/26/2
f 27/27/3 28/28/3 29/29/3
f 30/30/3 31/31/3 32/32/3
f 33/33/4 34/34/4 35/35/4
f 36/36/4 37/37/4 38/38/4
f 39/39/5 40/40/5 41/41/5
f 42/42/6 43/43/6 44/44/6
f 45/45/1 46/46/1 47/47/1
f 48/48/1 49/49/1 50/50/1
f 51/51/7 52/52/7 53/53/7
f 54/54/7 55/55/7 56/56/7
f 57/57/8 58/58/8 59/59/8
f 60/60/9 61/61/9 62/62/9
f 63/63/10 64/64/10 65/65/10
f 66/66/2 67/67/2 68/68/2
f 69/69/11 70/70/11 71/71/11
f 72/72/11 73/73/11 74/74/11
f 75/75/1 76/76/1 77/77/1
f 78/78/1 79/79/1 80/80/1
f 81/81/12 82/82/12 83/83/12
f 84/84/12 85/85/12 86/86/12
f 87/87/13 88/88/13 89/89/13
f 90/90/14 91/91/14 92/92/14
f 93/93/1 94/94/1 95/95/1
f 96/96/1 97/97/1 98/98/1
f 99/99/1 100/100/1 101/101/1
f 102/102/1 103/103/1 104/104/1
f 105/105/2 106/106/2 107/107/2
f 108/108/2 109/109/2 110/110/2
f 111/111/2 112/112/2 113/113/2
f 114/114/2 115/115/2 116/116/2
f 117/117/2 118/118/2 119/119/2
f 120/120/15 121/121/15 122/122/15
f 123/123/16 124/124/16 125/125/16
f 126/126/17 127/127/17 128/128/17
f 129/129/2 130/130/2 131/131/2
f 132/132/2 133/133/2 134/134/2
f 135/135/1 136/136/1 137/137/1
f 138/138/1 139/139/1 140/140/1
f 141/141/2 142/142/2 143/143/2
f 144/144/2 145/145/2 146/146/2
f 147/147/1 148/148/1 149/149/1
f 150/150/18 151/151/18 152/152/18
f 153/153/19 154/154/19 155/155/19
f 156/156/1 157/157/1 158/158/1
f 159/159/20 160/160/20 161/161/20
f 162/162/1 163/163/1 164/164/1
f 165/165/3 166/166/3 167/167/3
f 168/168/21 169/169/21 170/170/21
f 171/171/2 172/172/2 173/173/2
f 174/174/1 175/175/1 176/176/1
f 177/177/22 178/178/22 179/179/22
f 180/180/1 181/181/1 182/182/1
f 183/183/2 184/184/2 185/185/2
f 186/186/23 187/187/23 188/188/23
f 189/189/2 190/190/2 191/191/2
f 192/192/1 193/193/1 194/194/1
f 195/195/7 196/196/7 197/197/7
f 198/198/24 199/199/24 200/200/24
f 201/201/25 202/202/25 203/203/25
f 204/204/1 205/205/1 206/206/1
f 207/207/26 208/208/26 209/209/26
f 210/210/1 211/211/1 212/212/1
f 213/213/27 214/214/27 215/215/27
f 216/216/28 217/217/28 218/218/28
f 219/219/29 220/220/29 221/221/29
f 222/222/30 223/223/30 224/224/30
f 225/225/31 226/226/31 227/227/31
f 228/228/32 229/229/32 230/230/32
f 231/231/33 232/232/33 233/233/33
f 234/234/34 235/235/34 236/236/34
f 237/237/35 238/238/35 239/239/35
f 240/240/1 241/241/1 242/242/1
f 243/243/1 244/244/1 245/245/1
f 246/246/1 247/247/1 248/248/1
f 249/249/36 250/250/36 251/251/36
f 252/252/37 253/253/37 254/254/37
f 255/255/38 256/256/38 257/257/38
f 258/258/39 259/259/39 260/260/39
f 261/261/1 262/262/1 263/263/1
f 264/264/2 265/265/2 266/266/2
f 267/267/2 268/268/2 269/269/2
f 270/270/2 271/271/2 272/272/2
f 273/273/2 274/274/2 275/275/2
f 276/276/2 277/277/2 278/278/2
f 279/279/2 280/280/2 281/281/2
f 282/282/3 283/283/3 284/284/3
f 285/285/40 286/286/40 287/287/40
f 288/288/40 289/289/40 290/290/40
f 291/291/41 292/292/41 293/293/41
f 294/294/41 295/295/41 296/296/41
f 297/297/42 298/298/42 299/299/42
f 300/300/42 301/301/42 302/302/42
f 303/303/43 304/304/43 305/305/43
f 306/306/43 307/307/43 308/308/43
f 309/309/44 310/310/44 311/311/44
f 312/312/44 313/313/44 314/314/44
f 315/315/45 316/316/45 317/317/45
f 318/318/45 319/319/45 320/320/45
f 321/321/46 322/322/46 323/323/46
f 324/324/46 325/325/46 326/326/46
f 327/327/47 328/328/47 329/329/47
f 330/330/48 331/331/48 332/332/48
f 333/333/48 334/334/48 335/335/48
f 336/336/49 337/337/49 338/338/49
f 339/339/49 340/340/49 341/341/49
f 342/342/50 343/343/50 344/344/50
f 345/345/50 346/346/50 347/347/50
f 348/348/51 349/349/51 350/350/51
f 351/351/51 352/352/51 353/353/51
f 354/354/52 355/355/52 356/356/52
f 357/357/52 358/358/52 359/359/52
f 360/360/53 361/361/53 362/362/53
f 363/363/53 364/364/53 365/365/53
f 366/366/54 367/367/54 368/368/54
f 369/369/54 370/370/54 371/371/54
f 372/372/55 373/373/55 374/374/55
f 375/375/56 376/376/56 377/377/56
f 378/378/57 379/379/57 380/380/57
f 381/381/58 382/382/58 383/383/58
f 384/384/59 385/385/59 386/386/59
f 387/387/60 388/388/60 389/389/60
f 390/390/61 391/391/61 392/392/61
f 393/393/62 394/394/62 395/395/62
f 396/396/63 397/397/63 398/398/63
f 399/399/64 400/400/64 401/401/64
f 402/402/65 403/403/65 404/404/65
f 405/405/66 406/406/66 407/407/66
f 408/408/67 409/409/67 410/410/67
f 411/411/68 412/412/68 413/413/68
f 414/414/69 415/415/69 416/416/69
f 417/417/70 418/418/70 419/419/70
f 420/420/71 421/421/71 422/422/71
f 423/423/72 424/424/72 425/425/72
f 426/426/73 427/427/73 428/428/73
f 429/429/74 430/430/74 431/431/74
f 432/432/75 433/433/75 434/434/75
f 435/435/76 436/436/76 437/437/76
f 438/438/77 439/439/77 440/440/77
f 441/441/78 442/442/78 443/443/78
f 444/444/79 445/445/79 446/446/79
f 447/447/80 448/448/80 449/449/80
f 450/450/81 451/451/81 452/452/81
f 453/453/82 454/454/82 455/455/82
f 456/456/83 457/457/83 458/458/83
f 459/459/84 460/460/84 461/461/84
f 462/462/85 463/463/85 464/464/85
f 465/465/86 466/466/86 467/467/86
f 468/468/86 469/469/86 470/470/86
f 471/471/87 472/472/87 473/473/87
f 474/474/87 475/475/87 476/476/87
f 477/477/88 478/478/88 479/479/88
f 480/480/88 481/481/88 482/482/88
f 483/483/89 484/484/89 485/485/89
f 486/486/89 487/487/89 488/488/89
f 489/489/90 490/490/90 491/491/90
f 492/492/90 493/493/90 494/494/90
f 495/495/91 496/496/91 497/497/91
f 498/498/91 499/499/91 500/500/91
f 501/501/92 502/502/92 503/503/92
f 504/504/93 505/505/93 506/506/93
f 507/507/93 508/508/93 509/509/93
f 510/510/94 511/511/94 512/512/94
f 513/513/94 514/514/94 515/515/94
f 516/516/95 517/517/95 518/518/95
f 519/519/95 520/520/95 521/521/95
f 522/522/96 523/523/96 524/524/96
f 525/525/96 526/526/96 527/527/96
f 528/528/97 529/529/97 530/530/97
f 531/531/97 532/532/97 533/533/97
f 534/534/31 535/535/31 536/536/31
f 537/537/98 538/538/98 539/539/98
f 540/540/98 541/541/98 542/542/98
f 543/543/99 544/544/99 545/545/99
f 546/546/99 547/547/99 548/548/99
f 549/549/100 550/550/100 551/551/100
f 552/552/100 553/553/100 554/554/100
f 555/555/101 556/556/101 557/557/101
f 558/558/101 559/559/101 560/560/101
f 561/561/102 562/562/102 563/563/102
f 564/564/102 565/565/102 566/566/102
f 567/567/103 568/568/103 569/569/103
f 570/570/103 571/571/103 572/572/103
f 573/573/13 574/574/13 575/575/13
f 576/576/104 577/577/104 578/578/104
f 579/579/104 580/580/104 581/581/104
f 582/582/105 583/583/105 584/584/105
f 585/585/105 586/586/105 587/587/105
f 588/588/106 589/589/106 590/590/106
f 591/591/106 592/592/106 593/593/106
f 594/594/107 595/595/107 596/596/107
f 597/597/107 598/598/107 599/599/107
f 600/600/108 601/601/108 602/602/108
f 603/603/108 604/604/108 605/605/108
f 606/606/109 607/607/109 608/608/109
f 609/609/109 610/610/109 611/611/109
f 612/612/110 613/613/110 614/614/110
f 615/615/110 616/616/110 617/617/110
f 618/618/111 619/619/111 620/620/111
f 621/621/112 622/622/112 623/623/112
f 624/624/113 625/625/113 626/626/113
f 627/627/113 628/628/113 629/629/113
f 630/630/114 631/631/114 632/632/114
f 633/633/114 634/634/114 635/635/114
f 636/636/115 637/637/115 638/638/115
f 639/639/116 640/640/116 641/641/116
f 642/642/116 643/643/116 644/644/116
f 645/645/117 646/646/117 647/647/117
f 648/648/117 649/649/117 650/650/117
f 651/651/118 652/652/118 653/653/118
f 654/654/118 655/655/118 656/656/118
f 657/657/119 658/658/119 659/659/119
f 660/660/119 661/661/119 662/662/119
f 663/663/120 664/664/120 665/665/120
f 666/666/120 667/667/120 668/668/120
f 669/669/25 670/670/25 671/671/25
f 672/672/121 673/673/121 674/674/121
f 675/675/121 676/676/121 677/677/121
f 678/678/122 679/679/122 680/680/122
f 681/681/122 682/682/122 683/683/122
f 684/684/123 685/685/123 686/686/123
f 687/687/123 688/688/123 689/689/123
f 690/690/124 691/691/124 692/692/124
f 693/693/124 694/694/124 695/695/124
f 696/696/1 697/697/1 698/698/1
f 699/699/1 700/700/1 701/701/1
f 702/702/1 703/703/1 704/704/1
f 705/705/1 706/706/1 707/707/1
f 708/708/1 709/709/1 710/710/1
f 711/711/1 712/712/1 713/713/1
f 714/714/1 715/715/1 716/716/1
f 717/717/1 718/718/1 719/719/1
f 720/720/1 721/721/1 722/722/1
f 723/723/125 724/724/125 725/725/125
f 726/726/125 727/727/125 728/728/125
f 729/729/126 730/730/126 731/731/126
f 732/732/126 733/733/126 734/734/126
f 735/735/127 736/736/127 737/737/127
f 738/738/127 739/739/127 740/740/127
f 741/741/128 742/742/128 743/743/128
f 744/744/128 745/745/128 746/746/128
f 747/747/129 748/748/129 749/749/129
f 750/750/2 751/751/2 752/752/2
f 753/753/2 754/754/2 755/755/2
f 756/756/2 757/757/2 758/758/2
f 759/759/2 760/760/2 761/761/2
f 762/762/2 763/763/2 764/764/2
f 765/765/2 766/766/2 767/767/2
f 768/768/2 769/769/2 770/770/2
f 771/771/2 772/772/2 773/773/2
f 774/774/2 775/775/2 776/776/2
f 777/777/1 778/778/1 779/779/1
f 780/780/1 781/781/1 782/782/1
f 783/783/1 784/784/1 785/785/1
f 786/786/1 787/787/1 788/788/1
f 789/789/1 790/790/1 791/791/1
f 792/792/1 793/793/1 794/794/1
f 795/795/1 796/796/1 797/797/1
f 798/798/1 799/799/1 800/800/1
f 801/801/130 802/802/130 803/803/130
f 804/804/131 805/805/131 806/806/131
f 807/807/132 808/808/132 809/809/132
f 810/810/2 811/811/2 812/812/2
f 813/813/2 814/814/2 815/815/2
f 816/816/2 817/817/2 818/818/2
f 819/819/2 820/820/2 821/821/2
f 822/822/2 823/823/2 824/824/2
f 825/825/133 826/826/133 827/827/133
f 828/828/134 829/829/134 830/830/134
f 831/831/135 832/832/135 833/833/135
f 834/834/1 835/835/1 836/836/1
f 837/837/1 838/838/1 839/839/1
f 840/840/1 841/841/1 842/842/1
f 843/843/1 844/844/1 845/845/1
f 846/846/1 847/847/1 848/848/1
f 849/849/136 850/850/136 851/851/136
f 852/852/136 853/853/136 854/854/136
f 855/855/137 856/856/137 857/857/137
f 858/858/137 859/859/137 860/860/137
f 861/861/138 862/862/138 863/863/138
f 864/864/138 865/865/138 866/866/138
f 867/867/7 868/868/7 869/869/7
f 870/870/7 871/871/7 872/872/7
f 873/873/139 874/874/139 875/875/139
f 876/876/139 877/877/139 878/878/139
f 879/879/140 880/880/140 881/881/140
f 882/882/140 883/883/140 884/884/140
f 885/885/141 886/886/141 887/887/141
f 888/888/141 889/889/141 890/890/141
f 891/891/142 892/892/142 893/893/142
f 894/894/142 895/895/142 896/896/142
f 897/897/2 898/898/2 899/899/2
f 900/900/2 901/901/2 902/902/2
f 903/903/2 904/904/2 905/905/2
f 906/906/2 907/907/2 908/908/2
f 909/909/2 910/910/2 911/911/2
f 912/912/2 913/913/2 914/914/2
f 915/915/2 916/916/2 917/917/2
f 918/918/2 919/919/2 920/920/2
f 921/921/143 922/922/143 923/923/143
f 924/924/144 925/925/144 926/926/144
f 927/927/145 928/928/145 929/929/145
f 930/930/146 931/931/146 932/932/146
f 933/933/147 934/934/147 935/935/147
f 936/936/1 937/937/1 938/938/1
f 939/939/1 940/940/1 941/941/1
f 942/942/148 943/943/148 944/944/148
f 945/945/148 946/946/148 947/947/148
f 948/948/149 949/949/149 950/950/149
f 951/951/149 952/952/149 953/953/149
f 954/954/150 955/955/150 956/956/150
f 957/957/150 958/958/150 959/959/150
f 960/960/151 961/961/151 962/962/151
f 963/963/152 964/964/152 965/965/152
f 966/966/152 967/967/152 968/968/152
f 969/969/153 970/970/153 971/971/153
f 972/972/153 973/973/153 974/974/153
f 975/975/154 976/976/154 977/977/154
f 978/978/154 979/979/154 980/980/154
f 981/981/155 982/982/155 983/983/155
f 984/984/7 985/985/7 986/986/7
f 987/987/156 988/988/156 989/989/156
f 990/990/156 991/991/156 992/992/156
f 993/993/157 994/994/157 995/995/157
f 996/996/157 997/997/157 998/998/157
f 999/999/158 1000/1000/158 1001/1001/158
f 1002/1002/158 1003/1003/158 1004/1004/158
f 1005/1005/26 1006/1006/26 1007/1007/26
f 1008/1008/159 1009/1009/159 1010/1010/159
f 1011/1011/159 1012/1012/159 1013/1013/159
f 1014/1014/160 1015/1015/160 1016/1016/160
f 1017/1017/160 1018/1018/160 1019/1019/160
f 1020/1020/161 1021/1021/161 1022/1022/161
f 1023/1023/161 1024/1024/161 1025/1025/161
f 1026/1026/162 1027/1027/162 1028/1028/162
f 1029/1029/163 1030/1030/163 1031/1031/163
f 1032/1032/163 1033/1033/163 1034/1034/163
f 1035/1035/164 1036/1036/164 1037/1037/164
f 1038/1038/164 1039/1039/164 1040/1040/164
f 1041/1041/165 1042/1042/165 1043/1043/165
f 1044/1044/165 1045/1045/165 1046/1046/165
f 1047/1047/166 1048/1048/166 1049/1049/166
f 1050/1050/167 1051/1051/167 1052/1052/167
f 1053/1053/168 1054/1054/168 1055/1055/168
f 1056/1056/169 1057/1057/169 1058/1058/169
f 1059/1059/170 1060/1060/170 1061/1061/170
f 1062/1062/171 1063/1063/171 1064/1064/171
f 1065/1065/172 1066/1066/172 1067/1067/172
f 1068/1068/1 1069/1069/1 1070/1070/1
f 1071/1071/1 1072/1072/1 1073/1073/1
f 1074/1074/1 1075/1075/1 1076/1076/1
f 1077/1077/1 1078/1078/1 1079/1079/1
f 1080/1080/1 1081/1081/1 1082/1082/1
f 1083/1083/1 1084/1084/1 1085/1085/1
f 1086/1086/1 1087/1087/1 1088/1088/1
f 1089/1089/2 1090/1090/2 1091/1091/2
f 1092/1092/2 1093/1093/2 1094/1094/2
f 1095/1095/2 1096/1096/2 1097/1097/2
f 1098/1098/2 1099/1099/2 1100/1100/2
f 1101/1101/2 1102/1102/2 1103/1103/2
f 1104/1104/2 1105/1105/2 1106/1106/2
f 1107/1107/2 1108/1108/2 1109/1109/2
f 1110/1110/173 1111/1111/173 1112/1112/173
f 1113/1113/173 1114/1114/173 1115/1115/173
f 1116/1116/174 1117/1117/174 1118/1118/174
f 1119/1119/174 1120/1120/174 1121/1121/174
f 1122/1122/175 1123/1123/175 1124/1124/175
f 1125/1125/175 1126/1126/175 1127/1127/175
f 1128/1128/115 1129/1129/115 1130/1130/115
f 1131/1131/176 1132/1132/176 1133/1133/176
f 1134/1134/177 1135/1135/177 1136/1136/177
f 1137/1137/177 1138/1138/177 1139/1139/177
f 1140/1140/178 1141/1141/178 1142/1142/178
f 1143/1143/178 1144/1144/178 1145/1145/178
f 1146/1146/179 1147/1147/179 1148/1148/179
f 1149/1149/179 1150/1150/179 1151/1151/179
f 1152/1152/180 1153/1153/180 1154/1154/180
f 1155/1155/181 1156/1156/181 1157/1157/181
f 1158/1158/182 1159/1159/182 1160/1160/182
f 1161/1161/183 1162/1162/183 1163/1163/183
f 1164/1164/184 1165/1165/184 1166/1166/184
f 1167/1167/185 1168/1168/185 1169/1169/185
f 1170/1170/186 1171/1171/186 1172/1172/186
f 1173/1173/187 1174/1174/187 1175/1175/187
f 1176/1176/188 1177/1177/188 1178/1178/188
f 1179/1179/189 1180/1180/189 1181/1181/189
f 1182/1182/190 1183/1183/190 1184/1184/190
f 1185/1185/191 1186/1186/191 1187/1187/191
f 1188/1188/2 1189/1189/2 1190/1190/2
f 1191/1191/2 1192/1192/2 1193/1193/2
f 1194/1194/192 1195/1195/192 1196/1196/192
f 1197/1197/193 1198/1198/193 1199/1199/193
f 1200/1200/194 1201/1201/194 1202/1202/194
f 1203/1203/195 1204/1204/195 1205/1205/195
f 1206/1206/196 1207/1207/196 1208/1208/196
f 1209/1209/197 1210/1210/197 1211/1211/197
f 1212/1212/198 1213/1213/198 1214/1214/198
f 1215/1215/1 1216/1216/1 1217/1217/1
f 1218/1218/1 1219/1219/1 1220/1220/1
f 1221/1221/1 1222/1222/1 1223/1223/1
f 1224/1224/1 1225/1225/1 1226/1226/1
f 1227/1227/1 1228/1228/1 1229/1229/1
f 1230/1230/1 1231/1231/1 1232/1232/1
f 1233/1233/199 1234/1234/199 1235/1235/199
f 1236/1236/200 1237/1237/200 1238/1238/200
f 1239/1239/201 1240/1240/201 1241/1241/201
f 1242/1242/202 1243/1243/202 1244/1244/202
f 1245/1245/203 1246/1246/203 1247/1247/203
f 1248/1248/204 1249/1249/204 1250/1250/204
f 1251/1251/205 1252/1252/205 1253/1253/205
f 1254/1254/206 1255/1255/206 1256/1256/206
f 1257/1257/207 1258/1258/207 1259/1259/207
f 1260/1260/208 1261/1261/208 1262/1262/208
f 1263/1263/209 1264/1264/209 1265/1265/209
f 1266/1266/210 1267/1267/210 1268/1268/210
f 1269/1269/1 1270/1270/1 1271/1271/1
f 1272/1272/1 1273/1273/1 1274/1274/1
f 1275/1275/1 1276/1276/1 1277/1277/1
f 1278/1278/1 1279/1279/1 1280/1280/1
f 1281/1281/1 1282/1282/1 1283/1283/1
f 1284/1284/1 1285/1285/1 1286/1286/1
f 1287/1287/211 1288/1288/211 1289/1289/211
f 1290/1290/212 1291/1291/212 1292/1292/212
f 1293/1293/213 1294/1294/213 1295/1295/213
f 1296/1296/214 1297/1297/214 1298/1298/214
f 1299/1299/215 1300/1300/215 1301/1301/215
f 1302/1302/216 1303/1303/216 1304/1304/216
f 1305/1305/217 1306/1306/217 1307/1307/217
f 1308/1308/217 1309/1309/217 1310/1310/217
f 1311/1311/4 1312/1312/4 1313/1313/4
f 1314/1314/4 1315/1315/4 1316/1316/4
f 1317/1317/218 1318/1318/218 1319/1319/218
f 1320/1320/218 1321/1321/218 1322/1322/218
f 1323/1323/1 1324/1324/1 1325/1325/1
f 1326/1326/1 1327/1327/1 1328/1328/1
f 1329/1329/1 1330/1330/1 1331/1331/1
f 1332/1332/1 1333/1333/1 1334/1334/1
f 1335/1335/1 1336/1336/1 1337/1337/1
f 1338/1338/1 1339/1339/1 1340/1340/1
f 1341/1341/2 1342/1342/2 1343/1343/2
f 1344/1344/2 1345/1345/2 1346/1346/2
f 1347/1347/2 1348/1348/2 1349/1349/2
f 1350/1350/2 1351/1351/2 1352/1352/2
f 1353/1353/2 1354/1354/2 1355/1355/2
f 1356/1356/2 1357/1357/2 1358/1358/2
f 1359/1359/2 1360/1360/2 1361/1361/2
f 1362/1362/2 1363/1363/2 1364/1364/2
f 1365/1365/2 1366/1366/2 1367/1367/2
f 1368/1368/2 1369/1369/2 1370/1370/2
f 1371/1371/2 1372/1372/2 1373/1373/2
f 1374/1374/2 1375/1375/2 1376/1376/2
f 1377/1377/2 1378/1378/2 1379/1379/2
f 1380/1380/2 1381/1381/2 1382/1382/2
f 1383/1383/2 1384/1384/2 1385/1385/2
f 1386/1386/2 1387/1387/2 1388/1388/2
f 1389/1389/2 1390/1390/2 1391/1391/2
f 1392/1392/2 1393/1393/2 1394/1394/2
f 1395/1395/219 1396/1396/219 1397/1397/219
f 1398/1398/220 1399/1399/220 1400/1400/220
f 1401/1401/221 1402/1402/221 1403/1403/221
f 1404/1404/222 1405/1405/222 1406/1406/222
f 1407/1407/223 1408/1408/223 1409/1409/223
f 1410/1410/34 1411/1411/34 1412/1412/34
f 1413/1413/29 1414/1414/29 1415/1415/29
f 1416/1416/29 1417/1417/29 1418/1418/29
f 1419/1419/224 1420/1420/224 1421/1421/224
f 1422/1422/224 1423/1423/224 1424/1424/224
f 1425/1425/1 1426/1426/1 1427/1427/1
f 1428/1428/1 1429/1429/1 1430/1430/1
f 1431/1431/1 1432/1432/1 1433/1433/1
f 1434/1434/1 1435/1435/1 1436/1436/1
f 1437/1437/1 1438/1438/1 1439/1439/1
f 1440/1440/151 1441/1441/151 1442/1442/151
f 1443/1443/225 1444/1444/225 1445/1445/225
f 1446/1446/225 1447/1447/225 1448/1448/225
f 1449/1449/226 1450/1450/226 1451/1451/226
f 1452/1452/226 1453/1453/226 1454/1454/226
f 1455/1455/227 1456/1456/227 1457/1457/227
f 1458/1458/227 1459/1459/227 1460/1460/227
f 1461/1461/228 1462/1462/228 1463/1463/228
f 1464/1464/228 1465/1465/228 1466/1466/228
f 1467/1467/38 1468/1468/38 1469/1469/38
f 1470/1470/2 1471/1471/2 1472/1472/2
f 1473/1473/2 1474/1474/2 1475/1475/2
f 1476/1476/2 1477/1477/2 1478/1478/2
f 1479/1479/2 1480/1480/2 1481/1481/2
f 1482/1482/2 1483/1483/2 1484/1484/2
f 1485/1485/14 1486/1486/14 1487/1487/14
f 1488/1488/229 1489/1489/229 1490/1490/229
f 1491/1491/229 1492/1492/229 1493/1493/229
f 1494/1494/230 1495/1495/230 1496/1496/230
f 1497/1497/230 1498/1498/230 1499/1499/230
f 1500/1500/231 1501/1501/231 1502/1502/231
f 1503/1503/232 1504/1504/232 1505/1505/232
f 1506/1506/233 1507/1507/233 1508/1508/233
f 1509/1509/234 1510/1510/234 1511/1511/234
f 1512/1512/235 1513/1513/235 1514/1514/235
f 1515/1515/236 1516/1516/236 1517/1517/236
f 1518/1518/236 1519/1519/236 1520/1520/236
f 1521/1521/237 1522/1522/237 1523/1523/237
f 1524/1524/237 1525/1525/237 1526/1526/237
f 1527/1527/29 1528/1528/29 1529/1529/29
f 1530/1530/1 1531/1531/1 1532/1532/1
f 1533/1533/1 1534/1534/1 1535/1535/1
f 1536/1536/1 1537/1537/1 1538/1538/1
f 1539/1539/1 1540/1540/1 1541/1541/1
f 1542/1542/1 1543/1543/1 1544/1544/1
f 1545/1545/238 1546/1546/238 1547/1547/238
f 1548/1548/238 1549/1549/238 1550/1550/238
f 1551/1551/239 1552/1552/239 1553/1553/239
f 1554/1554/239 1555/1555/239 1556/1556/239
f 1557/1557/240 1558/1558/240 1559/1559/240
f 1560/1560/1 1561/1561/1 1562/1562/1
f 1563/1563/1 1564/1564/1 1565/1565/1
f 1566/1566/1 1567/1567/1 1568/1568/1
f 1569/1569/1 1570/1570/1 1571/1571/1
f 1572/1572/1 1573/1573/1 1574/1574/1
f 1575/1575/37 1576/1576/37 1577/1577/37
f 1578/1578/241 1579/1579/241 1580/1580/241
f 1581/1581/241 1582/1582/241 1583/1583/241
f 1584/1584/242 1585/1585/242 1586/1586/242
f 1587/1587/242 1588/1588/242 1589/1589/242
f 1590/1590/243 1591/1591/243 1592/1592/243
f 1593/1593/244 1594/1594/244 1595/1595/244
f 1596/1596/245 1597/1597/245 1598/1598/245
f 1599/1599/246 1600/1600/246 1601/1601/246
f 1602/1602/247 1603/1603/247 1604/1604/247
f 1605/1605/248 1606/1606/248 1607/1607/248
f 1608/1608/249 1609/1609/249 1610/1610/249
f 1611/1611/249 1612/1612/249 1613/1613/249
f 1614/1614/250 1615/1615/250 1616/1616/250
f 1617/1617/250 1618/1618/250 1619/1619/250
f 1620/1620/2 1621/1621/2 1622/1622/2
f 1623/1623/2 1624/1624/2 1625/1625/2
f 1626/1626/2 1627/1627/2 1628/1628/2
f 1629/1629/2 1630/1630/2 1631/1631/2
f 1632/1632/2 1633/1633/2 1634/1634/2
f 1635/1635/251 1636/1636/251 1637/1637/251
f 1638/1638/251 1639/1639/251 1640/1640/251
f 1641/1641/252 1642/1642/252 1643/1643/252
f 1644/1644/252 1645/1645/252 1646/1646/252
f 1647/1647/176 1648/1648/176 1649/1649/176
f 1650/1650/2 1651/1651/2 1652/1652/2
f 1653/1653/2 1654/1654/2 1655/1655/2
f 1656/1656/2 1657/1657/2 1658/1658/2
f 1659/1659/2 1660/1660/2 1661/1661/2
f 1662/1662/2 1663/1663/2 1664/1664/2
f 1665/1665/253 1666/1666/253 1667/1667/253
f 1668/1668/254 1669/1669/254 1670/1670/254
f 1671/1671/255 1672/1672/255 1673/1673/255
f 1674/1674/256 1675/1675/256 1676/1676/256
f 1677/1677/36 1678/1678/36 1679/1679/36
f 1680/1680/257 1681/1681/257 1682/1682/257
f 1683/1683/257 1684/1684/257 1685/1685/257
f 1686/1686/258 1687/1687/258 1688/1688/258
f 1689/1689/259 1690/1690/259 1691/1691/259
f 1692/1692/260 1693/1693/260 1694/1694/260
f 1695/1695/261 1696/1696/261 1697/1697/261
f 1698/1698/1 1699/1699/1 1700/1700/1
f 1701/1701/55 1702/1702/55 1703/1703/55
f 1704/1704/262 1705/1705/262 1706/1706/262
f 1707/1707/262 1708/1708/262 1709/1709/262
f 1710/1710/263 1711/1711/263 1712/1712/263
f 1713/1713/2 1714/1714/2 1715/1715/2
f 1716/1716/2 1717/1717/2 1718/1718/2
f 1719/1719/2 1720/1720/2 1721/1721/2
f 1722/1722/2 1723/1723/2 1724/1724/2
f 1725/1725/264 1726/1726/264 1727/1727/264
f 1728/1728/265 1729/1729/265 1730/1730/265
f 1731/1731/265 1732/1732/265 1733/1733/265
f 1734/1734/266 1735/1735/266 1736/1736/266
f 1737/1737/266 1738/1738/266 1739/1739/266
f 1740/1740/267 1741/1741/267 1742/1742/267
f 1743/1743/267 1744/1744/267 1745/1745/267
f 1746/1746/264 1747/1747/264 1748/1748/264
f 1749/1749/2 1750/1750/2 1751/1751/2
f 1752/1752/2 1753/1753/2 1754/1754/2
f 1755/1755/2 1756/1756/2 1757/1757/2
f 1758/1758/2 1759/1759/2 1760/1760/2
f 1761/1761/1 1762/1762/1 1763/1763/1
f 1764/1764/1 1765/1765/1 1766/1766/1
f 1767/1767/1 1768/1768/1 1769/1769/1
f 1770/1770/1 1771/1771/1 1772/1772/1
f 1773/1773/1 1774/1774/1 1775/1775/1
f 1776/1776/1 1777/1777/1 1778/1778/1
f 1779/1779/1 1780/1780/1 1781/1781/1
f 1782/1782/1 1783/1783/1 1784/1784/1
f 1785/1785/1 1786/1786/1 1787/1787/1
f 1788/1788/1 1789/1789/1 1790/1790/1
f 1791/1791/1 1792/1792/1 1793/1793/1
f 1794/1794/1 1795/1795/1 1796/1796/1
f 1797/1797/1 1798/1798/1 1799/1799/1
f 1800/1800/1 1801/1801/1 1802/1802/1
f 1803/1803/1 1804/1804/1 1805/1805/1
f 1806/1806/1 1807/1807/1 1808/1808/1
f 1809/1809/1 1810/1810/1 1811/1811/1
f 1812/1812/21 1813/1813/21 1814/1814/21
f 1815/1815/268 1816/1816/268 1817/1817/268
f 1818/1818/268 1819/1819/268 1820/1820/268
f 1821/1821/1 1822/1822/1 1823/1823/1
f 1824/1824/1 1825/1825/1 1826/1826/1
f 1827/1827/1 1828/1828/1 1829/1829/1
f 1830/1830/269 1831/1831/269 1832/1832/269
f 1833/1833/270 1834/1834/270 1835/1835/270
f 1836/1836/271 1837/1837/271 1838/1838/271
f 1839/1839/1 1840/1840/1 1841/1841/1
f 1842/1842/1 1843/1843/1 1844/1844/1
f 1845/1845/1 1846/1846/1 1847/1847/1
f 1848/1848/1 1849/1849/1 1850/1850/1
f 1851/1851/1 1852/1852/1 1853/1853/1
f 1854/1854/1 1855/1855/1 1856/1856/1
f 1857/1857/272 1858/1858/272 1859/1859/272
f 1860/1860/273 1861/1861/273 1862/1862/273
f 1863/1863/274 1864/1864/274 1865/1865/274
f 1866/1866/2 1867/1867/2 1868/1868/2
f 1869/1869/2 1870/1870/2 1871/1871/2
f 1872/1872/2 1873/1873/2 1874/1874/2
f 1875/1875/1 1876/1876/1 1877/1877/1
f 1878/1878/1 1879/1879/1 1880/1880/1
f 1881/1881/1 1882/1882/1 1883/1883/1
f 1884/1884/275 1885/1885/275 1886/1886/275
f 1887/1887/276 1888/1888/276 1889/1889/276
f 1890/1890/277 1891/1891/277 1892/1892/277
f 1893/1893/258 1894/1894/258 1895/1895/258
f 1896/1896/278 1897/1897/278 1898/1898/278
f 1899/1899/278 1900/1900/278 1901/1901/278
f 1902/1902/1 1903/1903/1 1904/1904/1
f 1905/1905/1 1906/1906/1 1907/1907/1
f 1908/1908/1 1909/1909/1 1910/1910/1
f 1911/1911/1 1912/1912/1 1913/1913/1
f 1914/1914/1 1915/1915/1 1916/1916/1
f 1917/1917/1 1918/1918/1 1919/1919/1
f 1920/1920/2 1921/1921/2 1922/1922/2
f 1923/1923/2 1924/1924/2 1925/1925/2
f 1926/1926/2 1927/1927/2 1928/1928/2
f 1929/1929/2 1930/1930/2 1931/1931/2
f 1932/1932/2 1933/1933/2 1934/1934/2
f 1935/1935/2 1936/1936/2 1937/1937/2
f 1938/1938/1 1939/1939/1 1940/1940/1
f 1941/1941/1 1942/1942/1 1943/1943/1
f 1944/1944/1 1945/1945/1 1946/1946/1
f 1947/1947/2 1948/1948/2 1949/1949/2
f 1950/1950/2 1951/1951/2 1952/1952/2
f 1953/1953/2 1954/1954/2 1955/1955/2
f 1956/1956/279 1957/1957/279 1958/1958/279
f 1959/1959/279 1960/1960/279 1961/1961/279
f 1962/1962/47 1963/1963/47 1964/1964/47
f 1965/1965/280 1966/1966/280 1967/1967/280
f 1968/1968/281 1969/1969/281 1970/1970/281
f 1971/1971/1 1972/1972/1 1973/1973/1
f 1974/1974/282 1975/1975/282 1976/1976/282
f 1977/1977/283 1978/1978/283 1979/1979/283
f 1980/1980/284 1981/1981/284 1982/1982/284
f 1983/1983/2 1984/1984/2 1985/1985/2
f 1986/1986/2 1987/1987/2 1988/1988/2
f 1989/1989/2 1990/1990/2 1991/1991/2
f 1992/1992/2 1993/1993/2 1994/1994/2
f 1995/1995/2 1996/1996/2 1997/1997/2
f 1998/1998/2 1999/1999/2 2000/2000/2
f 2001/2001/2 2002/2002/2 2003/2003/2
f 2004/2004/2 2005/2005/2 2006/2006/2
f 2007/2007/2 2008/2008/2 2009/2009/2
f 2010/2010/285 2011/2011/285 2012/2012/285
f 2013/2013/286 2014/2014/286 2015/2015/286
f 2016/2016/287 2017/2017/287 2018/2018/287
f 2019/2019/288 2020/2020/288 2021/2021/288
f 2022/2022/289 2023/2023/289 2024/2024/289
f 2025/2025/290 2026/2026/290 2027/2027/290
f 2028/2028/291 2029/2029/291 2030/2030/291
f 2031/2031/292 2032/2032/292 2033/2033/292
f 2034/2034/293 2035/2035/293 2036/2036/293
f 2037/2037/294 2038/2038/294 2039/2039/294
f 2040/2040/294 2041/2041/294 2042/2042/294
f 2043/2043/295 2044/2044/295 2045/2045/295
f 2046/2046/295 2047/2047/295 2048/2048/295
f 2049/2049/1 2050/2050/1 2051/2051/1
f 2052/2052/2 2053/2053/2 2054/2054/2
f 2055/2055/1 2056/2056/1 2057/2057/1
f 2058/2058/1 2059/2059/1 2060/2060/1
f 2061/2061/1 2062/2062/1 2063/2063/1
f 2064/2064/1 2065/2065/1 2066/2066/1
f 2067/2067/1 2068/2068/1 2069/2069/1
f 2070/2070/1 2071/2071/1 2072/2072/1
f 2073/2073/1 2074/2074/1 2075/2075/1
f 2067/2067/1 2076/2076/1 2077/2077/1
f 2078/2078/1 2079/2079/1 2080/2080/1
f 2081/2081/296 2082/2082/296 2083/2083/296
f 2084/2084/297 2085/2085/297 2086/2086/297
f 2067/2067/1 2087/2087/1 2076/2076/1
f 2067/2067/1 2069/2069/1 2087/2087/1
f 2072/2072/1 2088/2088/1 2089/2089/1
f 2072/2072/1 2089/2089/1 2090/2090/1
f 2072/2072/1 2071/2071/1 2088/2088/1
f 2091/2091/2 2092/2092/2 2093/2093/2
f 2094/2094/2 2095/2095/2 2096/2096/2
f 2097/2097/2 2098/2098/2 2099/2099/2
f 2100/2100/2 2101/2101/2 2102/2102/2
f 2103/2103/298 2104/2104/298 2105/2105/298
f 2106/2106/299 2107/2107/299 2108/2108/299
f 2109/2109/300 2110/2110/300 2111/2111/300
f 2112/2112/301 2113/2113/301 2114/2114/301
f 2115/2115/302 2116/2116/302 2117/2117/302
f 2118/2118/303 2119/2119/303 2120/2120/303
f 2121/2121/304 2122/2122/304 2123/2123/304
f 2124/2124/305 2125/2125/305 2126/2126/305
f 2127/2127/1 2128/2128/1 2129/2129/1
f 2130/2130/306 2131/2131/306 2132/2132/306
f 2133/2133/307 2134/2134/307 2135/2135/307
f 2136/2136/308 2137/2137/308 2138/2138/308
f 2139/2139/309 2140/2140/309 2141/2141/309
f 2142/2142/310 2143/2143/310 2144/2144/310
f 2145/2145/311 2146/2146/311 2147/2147/311
f 2148/2148/312 2149/2149/312 2150/2150/312
f 2151/2151/313 2152/2152/313 2153/2153/313
f 2154/2154/314 2155/2155/314 2156/2156/314
f 2157/2157/315 2158/2158/315 2159/2159/315
f 2160/2160/316 2161/2161/316 2162/2162/316
f 2163/2163/317 2164/2164/317 2165/2165/317
f 2166/2166/318 2167/2167/318 2168/2168/318
f 2169/2169/319 2170/2170/319 2171/2171/319
f 2172/2172/320 2173/2173/320 2174/2174/320
f 2175/2175/321 2176/2176/321 2177/2177/321
f 2178/2178/322 2179/2179/322 2180/2180/322
f 2181/2181/323 2182/2182/323 2183/2183/323
f 2184/2184/324 2185/2185/324 2186/2186/324
f 2187/2187/325 2188/2188/325 2189/2189/325
f 2190/2190/326 2191/2191/326 2192/2192/326
f 2193/2193/327 2194/2194/327 2195/2195/327
f 2196/2196/328 2197/2197/328 2198/2198/328
f 2199/2199/329 2200/2200/329 2201/2201/329
f 2202/2202/330 2203/2203/330 2204/2204/330
f 2205/2205/331 2206/2206/331 2207/2207/331
f 2208/2208/332 2209/2209/332 2210/2210/332
f 2211/2211/333 2212/2212/333 2213/2213/333
f 2214/2214/334 2215/2215/334 2216/2216/334
f 2217/2217/335 2218/2218/335 2219/2219/335
f 2220/2220/336 2221/2221/336 2222/2222/336
f 2223/2223/337 2224/2224/337 2225/2225/337
f 2226/2226/338 2227/2227/338 2228/2228/338
f 2229/2229/339 2230/2230/339 2231/2231/339
f 2232/2232/340 2233/2233/340 2234/2234/340
f 2235/2235/341 2236/2236/341 2237/2237/341
f 2238/2238/342 2239/2239/342 2240/2240/342
f 2241/2241/343 2242/2242/343 2243/2243/343
f 2244/2244/344 2245/2245/344 2246/2246/344
f 2247/2247/345 2248/2248/345 2249/2249/345
f 2250/2250/346 2251/2251/346 2252/2252/346
f 2253/2253/347 2254/2254/347 2255/2255/347
f 2256/2256/348 2257/2257/348 2258/2258/348
f 2259/2259/349 2260/2260/349 2261/2261/349
f 2262/2262/350 2263/2263/350 2264/2264/350
f 2265/2265/351 2266/2266/351 2267/2267/351
f 2268/2268/352 2269/2269/352 2270/2270/352
f 2271/2271/353 2272/2272/353 2273/2273/353
f 2274/2274/354 2275/2275/354 2276/2276/354
f 2277/2277/355 2278/2278/355 2279/2279/355
f 2280/2280/356 2281/2281/356 2282/2282/356
f 2283/2283/357 2284/2284/357 2285/2285/357
f 2286/2286/358 2287/2287/358 2288/2288/358
f 2289/2289/359 2290/2290/359 2291/2291/359
f 2292/2292/360 2293/2293/360 2294/2294/360
f 2295/2295/361 2296/2296/361 2297/2297/361
f 2298/2298/362 2299/2299/362 2300/2300/362
f 2301/2301/363 2302/2302/363 2303/2303/363
f 2304/2304/364 2305/2305/364 2306/2306/364
f 2307/2307/365 2308/2308/365 2309/2309/365
f 2310/2310/366 2311/2311/366 2312/2312/366
f 2313/2313/367 2314/2314/367 2315/2315/367
f 2316/2316/367 2317/2317/367 2318/2318/367
f 2319/2319/368 2320/2320/368 2321/2321/368
f 2322/2322/369 2323/2323/369 2324/2324/369
f 2325/2325/370 2326/2326/370 2327/2327/370
f 2328/2328/371 2329/2329/371 2330/2330/371
f 2331/2331/372 2332/2332/372 2333/2333/372
f 2334/2334/373 2335/2335/373 2336/2336/373
f 2337/2337/374 2338/2338/374 2339/2339/374
f 2340/2340/375 2341/2341/375 2342/2342/375
f 2343/2343/376 2344/2344/376 2345/2345/376
f 2346/2346/377 2347/2347/377 2348/2348/377
f 2349/2349/378 2350/2350/378 2351/2351/378
f 2352/2352/379 2353/2353/379 2354/2354/379
f 2355/2355/380 2356/2356/380 2357/2357/380
f 2358/2358/381 2359/2359/381 2360/2360/381
f 2361/2361/382 2362/2362/382 2363/2363/382
f 2364/2364/383 2365/2365/383 2366/2366/383
f 2367/2367/384 2368/2368/384 2369/2369/384
f 2370/2370/385 2371/2371/385 2372/2372/385
f 2373/2373/386 2374/2374/386 2375/2375/386
f 2376/2376/387 2377/2377/387 2378/2378/387
f 2379/2379/388 2380/2380/388 2381/2381/388
f 2382/2382/389 2383/2383/389 2384/2384/389
f 2385/2385/390 2386/2386/390 2387/2387/390
f 2388/2388/391 2389/2389/391 2390/2390/391
f 2391/2391/392 2392/2392/392 2393/2393/392
f 2394/2394/393 2395/2395/393 2396/2396/393
f 2397/2397/394 2398/2398/394 2399/2399/394
f 2400/2400/395 2401/2401/395 2402/2402/395
f 2403/2403/396 2404/2404/396 2405/2405/396
f 2406/2406/397 2407/2407/397 2408/2408/397
f 2409/2409/398 2410/2410/398 2411/2411/398
f 2412/2412/399 2413/2413/399 2414/2414/399
f 2415/2415/400 2416/2416/400 2417/2417/400
f 2418/2418/401 2419/2419/401 2420/2420/401
f 2421/2421/402 2422/2422/402 2423/2423/402
f 2424/2424/403 2425/2425/403 2426/2426/403
f 2427/2427/403 2428/2428/403 2429/2429/403
f 2430/2430/404 2431/2431/404 2432/2432/404
f 2433/2433/405 2434/2434/405 2435/2435/405
f 2436/2436/406 2437/2437/406 2438/2438/406
f 2439/2439/407 2440/2440/407 2441/2441/407
f 2442/2442/408 2443/2443/408 2444/2444/408
f 2445/2445/409 2446/2446/409 2447/2447/409
f 2448/2448/410 2449/2449/410 2450/2450/410
f 2451/2451/411 2452/2452/411 2453/2453/411
f 2454/2454/412 2455/2455/412 2456/2456/412
f 2457/2457/412 2458/2458/412 2459/2459/412
f 2460/2460/413 2461/2461/413 2462/2462/413
f 2463/2463/414 2464/2464/414 2465/2465/414
f 2466/2466/415 2467/2467/415 2468/2468/415
f 2469/2469/416 2470/2470/416 2471/2471/416
f 2472/2472/417 2473/2473/417 2474/2474/417
f 2475/2475/418 2476/2476/418 2477/2477/418
f 2478/2478/419 2479/2479/419 2480/2480/419
f 2481/2481/419 2482/2482/419 2483/2483/419
f 2484/2484/420 2485/2485/420 2486/2486/420
f 2487/2487/421 2488/2488/421 2489/2489/421
f 2490/2490/422 2491/2491/422 2492/2492/422
f 2493/2493/423 2494/2494/423 2495/2495/423
f 2496/2496/424 2497/2497/424 2498/2498/424
f 2499/2499/425 2500/2500/425 2501/2501/425
f 2502/2502/426 2503/2503/426 2504/2504/426
f 2505/2505/427 2506/2506/427 2507/2507/427
f 2508/2508/428 2509/2509/428 2510/2510/428
f 2511/2511/429 2512/2512/429 2513/2513/429
f 2514/2514/430 2515/2515/430 2516/2516/430
f 2517/2517/431 2518/2518/431 2519/2519/431
f 2520/2520/432 2521/2521/432 2522/2522/432
f 2523/2523/433 2524/2524/433 2525/2525/433
f 2526/2526/434 2527/2527/434 2528/2528/434
f 2529/2529/435 2530/2530/435 2531/2531/435
f 2532/2532/436 2533/2533/436 2534/2534/436
f 2535/2535/437 2536/2536/437 2537/2537/437
f 2538/2538/438 2539/2539/438 2540/2540/438
f 2541/2541/439 2542/2542/439 2543/2543/439
f 2544/2544/440 2545/2545/440 2546/2546/440
f 2547/2547/441 2548/2548/441 2549/2549/441
f 2550/2550/442 2551/2551/442 2552/2552/442
f 2553/2553/443 2554/2554/443 2555/2555/443
f 2556/2556/444 2557/2557/444 2558/2558/444
f 2559/2559/445 2560/2560/445 2561/2561/445
f 2562/2562/446 2563/2563/446 2564/2564/446
f 2565/2565/56 2566/2566/56 2567/2567/56
f 2568/2568/72 2569/2569/72 2570/2570/72
f 2571/2571/72 2572/2572/72 2573/2573/72
f 2574/2574/71 2575/2575/71 2576/2576/71
f 2577/2577/447 2578/2578/447 2579/2579/447
f 2580/2580/448 2581/2581/448 2582/2582/448
f 2583/2583/449 2584/2584/449 2585/2585/449
f 2586/2586/450 2587/2587/450 2588/2588/450
f 2589/2589/451 2590/2590/451 2591/2591/451
f 2592/2592/452 2593/2593/452 2594/2594/452
f 2595/2595/453 2596/2596/453 2597/2597/453
f 2598/2598/454 2599/2599/454 2600/2600/454
f 2601/2601/455 2602/2602/455 2603/2603/455
f 2604/2604/456 2605/2605/456 2606/2606/456
f 2607/2607/457 2608/2608/457 2609/2609/457
f 2610/2610/71 2611/2611/71 2612/2612/71
f 2613/2613/57 2614/2614/57 2615/2615/57
f 2616/2616/57 2617/2617/57 2618/2618/57
f 2619/2619/56 2620/2620/56 2621/2621/56
f 2622/2622/458 2623/2623/458 2624/2624/458
f 2625/2625/459 2626/2626/459 2627/2627/459
f 2628/2628/460 2629/2629/460 2630/2630/460
f 2631/2631/461 2632/2632/461 2633/2633/461
f 2634/2634/462 2635/2635/462 2636/2636/462
f 2637/2637/463 2638/2638/463 2639/2639/463
f 2640/2640/1 2641/2641/1 2642/2642/1
f 2643/2643/1 2644/2644/1 2645/2645/1
f 2646/2646/1 2647/2647/1 2648/2648/1
f 2649/2649/464 2650/2650/464 2651/2651/464
f 2652/2652/465 2653/2653/465 2654/2654/465
f 2655/2655/466 2656/2656/466 2657/2657/466
f 2658/2658/2 2659/2659/2 2660/2660/2
f 2661/2661/2 2662/2662/2 2663/2663/2
f 2664/2664/2 2665/2665/2 2666/2666/2
f 2667/2667/2 2668/2668/2 2669/2669/2
f 2670/2670/2 2671/2671/2 2672/2672/2
f 2673/2673/2 2674/2674/2 2675/2675/2
f 2676/2676/1 2677/2677/1 2678/2678/1
f 2679/2679/1 2680/2680/1 2681/2681/1
f 2682/2682/1 2683/2683/1 2684/2684/1
f 2685/2685/1 2686/2686/1 2687/2687/1
f 2688/2688/1 2689/2689/1 2690/2690/1
f 2691/2691/1 2692/2692/1 2693/2693/1
f 2694/2694/467 2695/2695/467 2696/2696/467
f 2697/2697/468 2698/2698/468 2699/2699/468
f 2700/2700/469 2701/2701/469 2702/2702/469
f 2703/2703/1 2704/2704/1 2705/2705/1
f 2706/2706/1 2704/2704/1 2703/2703/1
f 2707/2707/1 2708/2708/1 2709/2709/1
f 2707/2707/1 2709/2709/1 2710/2710/1
f 2711/2711/1 2712/2712/1 2713/2713/1
f 2714/2714/1 2715/2715/1 2716/2716/1
f 2717/2717/1 2718/2718/1 2719/2719/1
f 2720/2720/1 2721/2721/1 2722/2722/1
f 2723/2723/1 2724/2724/1 2725/2725/1
f 2726/2726/1 2727/2727/1 2728/2728/1
f 2729/2729/1 2730/2730/1 2731/2731/1
f 2732/2732/1 2731/2731/1 2730/2730/1
f 2733/2733/1 2734/2734/1 2735/2735/1
f 2736/2736/1 2735/2735/1 2734/2734/1
f 2737/2737/1 2738/2738/1 2739/2739/1
f 2740/2740/1 2737/2737/1 2739/2739/1
f 2741/2741/1 2742/2742/1 2743/2743/1
f 2741/2741/1 2744/2744/1 2742/2742/1
f 2745/2745/1 2746/2746/1 2747/2747/1
f 2747/2747/1 2748/2748/1 2745/2745/1
f 2749/2749/1 2750/2750/1 2751/2751/1
f 2751/2751/1 2750/2750/1 2752/2752/1
f 2753/2753/1 2754/2754/1 2755/2755/1
f 2756/2756/1 2757/2757/1 2758/2758/1
f 2759/2759/1 2760/2760/1 2761/2761/1
f 2762/2762/1 2763/2763/1 2764/2764/1
f 2765/2765/1 2766/2766/1 2767/2767/1
f 2768/2768/1 2769/2769/1 2770/2770/1
f 2771/2771/1 2772/2772/1 2710/2710/1
f 2773/2773/1 2774/2774/1 2764/2764/1
f 2711/2711/1 2775/2775/1 2712/2712/1
f 2776/2776/1 2705/2705/1 2777/2777/1
f 2777/2777/1 2704/2704/1 2708/2708/1
f 2708/2708/1 2704/2704/1 2778/2778/1
f 2715/2715/1 2714/2714/1 2779/2779/1
f 2770/2770/1 2780/2780/1 2781/2781/1
f 2770/2770/1 2769/2769/1 2780/2780/1
f 2769/2769/1 2762/2762/1 2780/2780/1
f 2769/2769/1 2782/2782/1 2762/2762/1
f 2782/2782/1 2763/2763/1 2762/2762/1
f 2775/2775/1 2783/2783/1 2712/2712/1
f 2783/2783/1 2776/2776/1 2712/2712/1
f 2783/2783/1 2705/2705/1 2776/2776/1
f 2705/2705/1 2704/2704/1 2777/2777/1
f 2778/2778/1 2709/2709/1 2708/2708/1
f 2778/2778/1 2784/2784/1 2709/2709/1
f 2779/2779/1 2714/2714/1 2781/2781/1
f 2781/2781/1 2714/2714/1 2770/2770/1
f 2763/2763/1 2782/2782/1 2785/2785/1
f 2763/2763/1 2785/2785/1 2786/2786/1
f 2787/2787/1 2788/2788/1 2760/2760/1
f 2767/2767/1 2766/2766/1 2789/2789/1
f 2766/2766/1 2790/2790/1 2789/2789/1
f 2791/2791/1 2792/2792/1 2790/2790/1
f 2791/2791/1 2790/2790/1 2766/2766/1
f 2767/2767/1 2789/2789/1 2761/2761/1
f 2767/2767/1 2761/2761/1 2788/2788/1
f 2788/2788/1 2761/2761/1 2760/2760/1
f 2756/2756/1 2754/2754/1 2753/2753/1
f 2756/2756/1 2707/2707/1 2754/2754/1
f 2707/2707/1 2772/2772/1 2754/2754/1
f 2710/2710/1 2772/2772/1 2707/2707/1
f 2756/2756/1 2753/2753/1 2757/2757/1
f 2777/2777/1 2793/2793/1 2776/2776/1
f 2793/2793/1 2712/2712/1 2776/2776/1
f 2794/2794/1 2713/2713/1 2712/2712/1
f 2795/2795/1 2796/2796/1 2797/2797/1
f 2712/2712/1 2793/2793/1 2794/2794/1
f 2762/2762/1 2764/2764/1 2759/2759/1
f 2759/2759/1 2764/2764/1 2774/2774/1
f 2759/2759/1 2774/2774/1 2760/2760/1
f 2714/2714/1 2798/2798/1 2768/2768/1
f 2714/2714/1 2716/2716/1 2798/2798/1
f 2799/2799/470 2800/2800/470 2801/2801/470
f 2802/2802/471 2803/2803/471 2804/2804/471
f 2805/2805/83 2806/2806/83 2807/2807/83
f 2808/2808/472 2809/2809/472 2810/2810/472
f 2811/2811/473 2812/2812/473 2813/2813/473
f 2814/2814/473 2815/2815/473 2816/2816/473
f 2817/2817/474 2818/2818/474 2819/2819/474
f 2820/2820/474 2821/2821/474 2822/2822/474
f 2823/2823/475 2824/2824/475 2825/2825/475
f 2826/2826/475 2827/2827/475 2828/2828/475
f 2829/2829/472 2830/2830/472 2831/2831/472
f 2832/2832/472 2833/2833/472 2834/2834/472
f 2835/2835/473 2836/2836/473 2837/2837/473
f 2838/2838/473 2839/2839/473 2840/2840/473
f 2841/2841/474 2842/2842/474 2843/2843/474
f 2844/2844/474 2845/2845/474 2846/2846/474
f 2847/2847/475 2848/2848/475 2849/2849/475
f 2850/2850/475 2851/2851/475 2852/2852/475
f 2853/2853/472 2854/2854/472 2855/2855/472
f 2856/2856/472 2857/2857/472 2858/2858/472
f 2859/2859/473 2860/2860/473 2861/2861/473
f 2862/2862/473 2863/2863/473 2864/2864/473
f 2865/2865/474 2866/2866/474 2867/2867/474
f 2868/2868/476 2869/2869/476 2870/2870/476
f 2871/2871/477 2872/2872/477 2873/2873/477
f 2874/2874/478 2875/2875/478 2876/2876/478
f 2877/2877/479 2878/2878/479 2879/2879/479
f 2880/2880/480 2881/2881/480 2882/2882/480
f 2883/2883/481 2884/2884/481 2885/2885/481
f 2886/2886/69 2887/2887/69 2888/2888/69
f 2889/2889/68 2890/2890/68 2891/2891/68
f 2892/2892/482 2893/2893/482 2894/2894/482
f 2895/2895/483 2896/2896/483 2897/2897/483
f 2898/2898/484 2899/2899/484 2900/2900/484
f 2901/2901/485 2902/2902/485 2903/2903/485
f 2904/2904/486 2905/2905/486 2906/2906/486
f 2907/2907/487 2908/2908/487 2909/2909/487
f 2910/2910/84 2911/2911/84 2912/2912/84
f 2913/2913/488 2914/2914/488 2915/2915/488
f 2916/2916/474 2917/2917/474 2918/2918/474
f 2919/2919/475 2920/2920/475 2921/2921/475
f 2922/2922/475 2923/2923/475 2924/2924/475
f 2925/2925/472 2926/2926/472 2927/2927/472
f 2928/2928/489 2929/2929/489 2930/2930/489
f 2931/2931/490 2932/2932/490 2933/2933/490
f 2934/2934/491 2935/2935/491 2936/2936/491
f 2937/2937/492 2938/2938/492 2939/2939/492
f 2940/2940/493 2941/2941/493 2942/2942/493
f 2943/2943/472 2944/2944/472 2945/2945/472
f 2946/2946/473 2947/2947/473 2948/2948/473
f 2949/2949/473 2950/2950/473 2951/2951/473
f 2952/2952/474 2953/2953/474 2954/2954/474
f 2955/2955/474 2956/2956/474 2957/2957/474
f 2958/2958/475 2959/2959/475 2960/2960/475
f 2961/2961/475 2962/2962/475 2963/2963/475
f 2964/2964/472 2965/2965/472 2966/2966/472
f 2967/2967/472 2968/2968/472 2969/2969/472
f 2970/2970/473 2971/2971/473 2972/2972/473
f 2973/2973/473 2974/2974/473 2975/2975/473
f 2976/2976/474 2977/2977/474 2978/2978/474
f 2979/2979/474 2980/2980/474 2981/2981/474
f 2982/2982/475 2983/2983/475 2984/2984/475
f 2985/2985/475 2986/2986/475 2987/2987/475
f 2988/2988/472 2989/2989/472 2990/2990/472
f 2991/2991/472 2992/2992/472 2993/2993/472
f 2994/2994/473 2995/2995/473 2996/2996/473
f 2997/2997/473 2998/2998/473 2999/2999/473
f 3000/3000/474 3001/3001/474 3002/3002/474
f 3003/3003/474 3004/3004/474 3005/3005/474
f 3006/3006/475 3007/3007/475 3008/3008/475
f 3009/3009/475 3010/3010/475 3011/3011/475
f 3012/3012/472 3013/3013/472 3014/3014/472
f 3015/3015/472 3016/3016/472 3017/3017/472
f 3018/3018/473 3019/3019/473 3020/3020/473
f 3021/3021/473 3022/3022/473 3023/3023/473
f 3024/3024/474 3025/3025/474 3026/3026/474
f 3027/3027/472 3028/3028/472 3029/3029/472
f 3030/3030/475 3031/3031/475 3032/3032/475
f 3033/3033/475 3034/3034/475 3035/3035/475
f 3036/3036/474 3037/3037/474 3038/3038/474
f 3039/3039/474 3040/3040/474 3041/3041/474
f 3042/3042/473 3043/3043/473 3044/3044/473
f 3045/3045/473 3046/3046/473 3047/3047/473
f 3048/3048/472 3049/3049/472 3050/3050/472
f 3051/3051/472 3052/3052/472 3053/3053/472
f 3054/3054/475 3055/3055/475 3056/3056/475
f 3057/3057/475 3058/3058/475 3059/3059/475
f 3060/3060/474 3061/3061/474 3062/3062/474
f 3063/3063/474 3064/3064/474 3065/3065/474
f 3066/3066/473 3067/3067/473 3068/3068/473
f 3069/3069/473 3070/3070/473 3071/3071/473
f 3072/3072/472 3073/3073/472 3074/3074/472
f 3075/3075/472 3076/3076/472 3077/3077/472
f 3078/3078/475 3079/3079/475 3080/3080/475
f 3081/3081/494 3082/3082/494 3083/3083/494
f 3084/3084/495 3085/3085/495 3086/3086/495
f 3087/3087/496 3088/3088/496 3089/3089/496
f 3090/3090/497 3091/3091/497 3092/3092/497
f 3093/3093/498 3094/3094/498 3095/3095/498
f 3096/3096/499 3097/3097/499 3098/3098/499
f 3099/3099/500 3100/3100/500 3101/3101/500
f 3102/3102/501 3103/3103/501 3104/3104/501
f 3105/3105/502 3106/3106/502 3107/3107/502
f 3108/3108/503 3109/3109/503 3110/3110/503
f 3111/3111/504 3112/3112/504 3113/3113/504
f 3114/3114/505 3115/3115/505 3116/3116/505
f 3117/3117/473 3118/3118/473 3119/3119/473
f 3120/3120/474 3121/3121/474 3122/3122/474
f 3123/3123/474 3124/3124/474 3125/3125/474
f 3126/3126/475 3127/3127/475 3128/3128/475
f 3129/3129/475 3130/3130/475 3131/3131/475
f 3132/3132/472 3133/3133/472 3134/3134/472
f 3135/3135/2 3136/3136/2 3137/3137/2
f 3138/3138/2 3139/3139/2 3140/3140/2
f 3141/3141/2 3142/3142/2 3143/3143/2
f 3144/3144/2 3145/3145/2 3146/3146/2
f 3141/3141/2 3147/3147/2 3148/3148/2
f 3149/3149/2 3150/3150/2 3151/3151/2
f 3141/3141/2 3148/3148/2 3152/3152/2
f 3141/3141/2 3152/3152/2 3142/3142/2
f 3145/3145/2 3153/3153/2 3154/3154/2
f 3145/3145/2 3155/3155/2 3153/3153/2
f 3145/3145/2 3154/3154/2 3146/3146/2
f 3156/3156/2 3157/3157/2 3158/3158/2
f 3159/3159/2 3156/3156/2 3158/3158/2
f 3160/3160/2 3161/3161/2 3162/3162/2
f 3160/3160/2 3163/3163/2 3161/3161/2
f 3164/3164/2 3165/3165/2 3166/3166/2
f 3167/3167/2 3168/3168/2 3169/3169/2
f 3170/3170/2 3171/3171/2 3172/3172/2
f 3173/3173/2 3172/3172/2 3171/3171/2
f 3174/3174/2 3175/3175/2 3176/3176/2
f 3177/3177/2 3176/3176/2 3175/3175/2
f 3178/3178/2 3179/3179/2 3180/3180/2
f 3181/3181/2 3179/3179/2 3178/3178/2
f 3182/3182/2 3183/3183/2 3184/3184/2
f 3182/3182/2 3184/3184/2 3185/3185/2
f 3186/3186/2 3187/3187/2 3188/3188/2
f 3187/3187/2 3186/3186/2 3189/3189/2
f 3190/3190/2 3191/3191/2 3192/3192/2
f 3191/3191/2 3193/3193/2 3192/3192/2
f 3194/3194/2 3195/3195/2 3196/3196/2
f 3197/3197/2 3198/3198/2 3199/3199/2
f 3200/3200/2 3201/3201/2 3202/3202/2
f 3203/3203/2 3204/3204/2 3205/3205/2
f 3206/3206/2 3207/3207/2 3208/3208/2
f 3209/3209/2 3210/3210/2 3211/3211/2
f 3212/3212/2 3163/3163/2 3213/3213/2
f 3214/3214/2 3204/3204/2 3215/3215/2
f 3164/3164/2 3166/3166/2 3216/3216/2
f 3217/3217/2 3218/3218/2 3157/3157/2
f 3218/3218/2 3162/3162/2 3158/3158/2
f 3162/3162/2 3219/3219/2 3158/3158/2
f 3169/3169/2 3220/3220/2 3167/3167/2
f 3210/3210/2 3221/3221/2 3222/3222/2
f 3210/3210/2 3222/3222/2 3211/3211/2
f 3211/3211/2 3222/3222/2 3203/3203/2
f 3211/3211/2 3203/3203/2 3223/3223/2
f 3223/3223/2 3203/3203/2 3205/3205/2
f 3216/3216/2 3166/3166/2 3224/3224/2
f 3224/3224/2 3166/3166/2 3217/3217/2
f 3224/3224/2 3217/3217/2 3157/3157/2
f 3157/3157/2 3218/3218/2 3158/3158/2
f 3219/3219/2 3162/3162/2 3161/3161/2
f 3219/3219/2 3161/3161/2 3225/3225/2
f 3220/3220/2 3221/3221/2 3167/3167/2
f 3221/3221/2 3210/3210/2 3167/3167/2
f 3205/3205/2 3226/3226/2 3223/3223/2
f 3205/3205/2 3227/3227/2 3226/3226/2
f 3228/3228/2 3202/3202/2 3229/3229/2
f 3207/3207/2 3230/3230/2 3208/3208/2
f 3208/3208/2 3230/3230/2 3231/3231/2
f 3232/3232/2 3231/3231/2 3233/3233/2
f 3232/3232/2 3208/3208/2 3231/3231/2
f 3207/3207/2 3201/3201/2 3230/3230/2
f 3207/3207/2 3229/3229/2 3201/3201/2
f 3229/3229/2 3202/3202/2 3201/3201/2
f 3197/3197/2 3194/3194/2 3196/3196/2
f 3197/3197/2 3196/3196/2 3160/3160/2
f 3160/3160/2 3196/3196/2 3213/3213/2
f 3163/3163/2 3160/3160/2 3213/3213/2
f 3197/3197/2 3199/3199/2 3194/3194/2
f 3218/3218/2 3217/3217/2 3234/3234/2
f 3234/3234/2 3217/3217/2 3166/3166/2
f 3235/3235/2 3166/3166/2 3165/3165/2
f 3166/3166/2 3235/3235/2 3234/3234/2
f 3203/3203/2 3200/3200/2 3204/3204/2
f 3200/3200/2 3215/3215/2 3204/3204/2
f 3200/3200/2 3202/3202/2 3215/3215/2
f 3167/3167/2 3209/3209/2 3236/3236/2
f 3167/3167/2 3236/3236/2 3168/3168/2
