{
	"parent": "forge:item/default",
	"loader": "forge:separate-perspective",
	"textures": {

	},
	"base":	{
		"parent": "forge:item/default",
		"loader": "forge:obj",
		"model": "kingdomkeys:models/item/keyblade/astrologia.obj",
		"textures": {
	
		},
		"display": {
			"firstperson_righthand": {
				"rotation": [0.0, 90.0, 0.0 ],
				"translation": [0.0, 0.0, 0.0 ],
				"scale": [0.012000000104308128, 0.012000000104308128, 0.012000000104308128 ]
			},
			"thirdperson_lefthand": {
				"rotation": [0.0, 90.0, 0.0 ],
				"translation": [0.0, 0.0, 0.0 ],
				"scale": [0.02199999988079071, 0.02199999988079071, 0.02199999988079071 ]
			},
			"firstperson_lefthand": {
				"rotation": [0.0, 90.0, 0.0 ],
				"translation": [0.0, 0.0, 0.0 ],
				"scale": [0.012000000104308128, 0.012000000104308128, 0.012000000104308128 ]
			},
			"thirdperson_righthand": {
				"rotation": [0.0, 90.0, 0.0 ],
				"translation": [0.0, 0.0, 0.0 ],
				"scale": [0.02199999988079071, 0.02199999988079071, 0.02199999988079071 ]
			},
			"gui": {
				"rotation": [0.0, 0.0, 0.0 ],
				"translation": [0.1, -0.2, 0.0 ],
				"scale": [0.00800000037997961, 0.00800000037997961, 0.00800000037997961 ]
			},
			"ground": {
				"rotation": [45.0, 0.0, 0.0 ],
				"translation": [0.0, 0.0, 0.0 ],
				"scale": [0.00800000037997961, 0.00800000037997961, 0.00800000037997961 ]
			},
			"fixed": {
				"rotation": [0.0, 90.0, 0.0 ],
				"translation": [0.0, -0.25, 0.0 ],
				"scale": [0.009999999776482582, 0.009999999776482582, 0.009999999776482582 ]
			}
		},
		"visibility": {
			"object_1": "hide",
			"object_2": "default",
			"object_3": "show"
		}
	}
,
	"perspectives": {
		"gui": {
			"parent": "item/generated",
			"textures": {
				"layer0": "kingdomkeys:item/organization/astrologia"
			}
		}
	}
	
}