{
	"parent": "forge:item/default",
	"loader": "forge:obj",
	"model": "kingdomkeys:models/item/keyblade/chaosripper.obj",
	"flip-v" : true,
	"textures": {

	},
	"display": {
		"firstperson_righthand": {
			"rotation": [180.0, 0.0, 190.0 ],
			"translation": [0.0, -0.1, 0.0 ],
			"scale": [0.012, 0.012, 0.012 ]
		},
		"thirdperson_lefthand": {
			"rotation": [0.0, 180.0, 0.0 ],
			"translation": [0.0, -0.1, 0.1 ],
			"scale": [0.016, 0.016, 0.016 ]
		},
		"firstperson_lefthand": {
			"rotation": [180.0, 0.0, 190.0 ],
			"translation": [0.0, -0.1, 0.0 ],
			"scale": [0.012, 0.012, 0.012 ]
		},
		"thirdperson_righthand": {
			"rotation": [0.0, 180.0, 0.0 ],
			"translation": [0.0, -0.1, 0.1 ],
			"scale": [0.016, 0.016, 0.016 ]
		},
		"gui": {
			"rotation": [45.0, 10.0, -45.0 ],
			"translation": [-0.2, -0.2, 0.0 ],
			"scale": [0.009999999776482582, 0.009999999776482582, 0.009999999776482582 ]
		},
		"ground": {
			"rotation": [45.0, 0.0, 0.0 ],
			"translation": [0.0, 0.0, 0.0 ],
			"scale": [0.009999999776482582, 0.009999999776482582, 0.009999999776482582 ]
		},
		"fixed": {
			"rotation": [0.0, 90.0, 0.0 ],
			"translation": [0.0, -0.25, 0.0 ],
			"scale": [0.009999999776482582, 0.009999999776482582, 0.009999999776482582 ]
		}
	},
	"visibility": {
		"object_1": "hide",
		"object_2": "default",
		"object_3": "show"
	}
}