{
	"parent": "neoforge:item/default",
	"loader": "neoforge:obj",
	"model": "kingdomkeys:models/item/keyblade/clairdelune.obj",
	"textures": {

	},
	"display": {
		"firstperson_righthand": {
			"rotation": [-90.0, 90.0, 0.0 ],
			"translation": [0.0, 0.1, 0.0 ],
			"scale": [0.009999999776482582, 0.009999999776482582, 0.009999999776482582 ]
		},
		"thirdperson_lefthand": {
			"rotation": [-90.0, -90.0, 0.0 ],
			"translation": [0.0, -0.1, -0.1 ],
			"scale": [0.00800000037997961, 0.00800000037997961, 0.00800000037997961 ]
		},
		"firstperson_lefthand": {
			"rotation": [-90.0, -90.0, 0.0 ],
			"translation": [0.0, 0.1, 0.0 ],
			"scale": [0.009999999776482582, 0.009999999776482582, 0.009999999776482582 ]
		},
		"thirdperson_righthand": {
			"rotation": [-90.0, 90.0, 0.0 ],
			"translation": [0.0, -0.1, -0.1 ],
			"scale": [0.00800000037997961, 0.00800000037997961, 0.00800000037997961 ]
		},
		"gui": {
			"rotation": [180.0, 180.0, 45.0 ],
			"translation": [0.1, 0.1, 0.0 ],
			"scale": [0.019999999552965164, 0.019999999552965164, 0.019999999552965164 ]
		},
		"ground": {
			"rotation": [45.0, 0.0, 0.0 ],
			"translation": [0.0, 0.0, 0.0 ],
			"scale": [0.007000000216066837, 0.007000000216066837, 0.007000000216066837 ]
		},
		"fixed": {
			"rotation": [0.0, 90.0, 0.0 ],
			"translation": [0.0, -0.25, 0.0 ],
			"scale": [0.009999999776482582, 0.009999999776482582, 0.009999999776482582 ]
		}
	},
	"visibility": {
		"object_1": "hide",
		"object_2": "default",
		"object_3": "show"
	}
}