{
	"parent": "forge:item/default",
	"loader": "forge:obj",
	"model": "kingdomkeys:models/item/keyblade/cynosura.obj",
	"textures": {

	},
	"display": {
		"firstperson_righthand": {
			"rotation": [0.0, 180.0, 0.0 ],
			"translation": [0.0, 0.3, 0.0 ],
			"scale": [0.009999999776482582, 0.009999999776482582, 0.009999999776482582 ]
		},
		"thirdperson_lefthand": {
			"rotation": [0.0, 180.0, 0.0 ],
			"translation": [0.0, 0.0, 0.05 ],
			"scale": [0.02500000037252903, 0.02500000037252903, 0.02500000037252903 ]
		},
		"firstperson_lefthand": {
			"rotation": [0.0, 180.0, 0.0 ],
			"translation": [0.0, 0.3, 0.0 ],
			"scale": [0.009999999776482582, 0.009999999776482582, 0.009999999776482582 ]
		},
		"thirdperson_righthand": {
			"rotation": [0.0, 180.0, 0.0 ],
			"translation": [-0.05, 0.0, 0.05 ],
			"scale": [0.02500000037252903, 0.02500000037252903, 0.02500000037252903 ]
		},
		"gui": {
			"rotation": [0.0, 0.0, 30.0 ],
			"translation": [0.0, 0.0, 0.0 ],
			"scale": [0.00800000037997961, 0.00800000037997961, 0.00800000037997961 ]
		},
		"ground": {
			"rotation": [45.0, 0.0, 0.0 ],
			"translation": [0.0, 0.0, 0.0 ],
			"scale": [0.00800000037997961, 0.00800000037997961, 0.00800000037997961 ]
		},
		"fixed": {
			"rotation": [0.0, 90.0, 0.0 ],
			"translation": [0.0, -0.25, 0.0 ],
			"scale": [0.009999999776482582, 0.009999999776482582, 0.009999999776482582 ]
		}
	},
	"visibility": {
		"object_1": "hide",
		"object_2": "default",
		"object_3": "show"
	}
}