{
	"parent": "forge:item/default",
	"loader": "forge:obj",
	"model": "kingdomkeys:models/item/keyblade/deepfreeze.obj",
	"textures": {

	},
	"display": {
		"firstperson_righthand": {
			"rotation": [0.0, 0.0, 0.0 ],
			"translation": [0.0, -0.1, 0.0 ],
			"scale": [0.019999999552965164, 0.019999999552965164, 0.019999999552965164 ]
		},
		"thirdperson_lefthand": {
			"rotation": [-90.0, 90.0, 0.0 ],
			"translation": [0.15, -0.1, 0.0 ],
			"scale": [0.019999999552965164, 0.019999999552965164, 0.019999999552965164 ]
		},
		"firstperson_lefthand": {
			"rotation": [0.0, 0.0, 0.0 ],
			"translation": [0.0, -0.1, 0.0 ],
			"scale": [0.019999999552965164, 0.019999999552965164, 0.019999999552965164 ]
		},
		"thirdperson_righthand": {
			"rotation": [-90.0, 90.0, 0.0 ],
			"translation": [0.15, -0.1, 0.0 ],
			"scale": [0.02500000037252903, 0.02500000037252903, 0.02500000037252903 ]
		},
		"gui": {
			"rotation": [0.0, 0.0, 0.0 ],
			"translation": [0.0, 0.0, 0.0 ],
			"scale": [0.014999999664723873, 0.014999999664723873, 0.014999999664723873 ]
		},
		"ground": {
			"rotation": [45.0, 0.0, 0.0 ],
			"translation": [0.0, 0.0, 0.0 ],
			"scale": [0.014000000432133675, 0.014000000432133675, 0.014000000432133675 ]
		},
		"fixed": {
			"rotation": [0.0, 90.0, 0.0 ],
			"translation": [0.0, -0.25, 0.0 ],
			"scale": [0.009999999776482582, 0.009999999776482582, 0.009999999776482582 ]
		}
	},
	"visibility": {
		"object_1": "hide",
		"object_2": "default",
		"object_3": "show"
	}
}