{
	"parent": "neoforge:item/default",
	"loader": "neoforge:obj",
	"model": "kingdomkeys:models/item/keyblade/finalweapon_s.obj",
	"textures": {

	},
	"display": {
		"firstperson_righthand": {
			"rotation": [0.0, 0.0, 0.0 ],
			"translation": [0.0, 0.15, 0.0 ],
			"scale": [0.009999999776482582, 0.009999999776482582, 0.009999999776482582 ]
		},
		"thirdperson_lefthand": {
			"rotation": [0.0, 0.0, 0.0 ],
			"translation": [0.0, -0.15, -0.25 ],
			"scale": [0.014000000432133675, 0.014000000432133675, 0.014000000432133675 ]
		},
		"firstperson_lefthand": {
			"rotation": [0.0, 0.0, 0.0 ],
			"translation": [0.0, 0.15, 0.0 ],
			"scale": [0.009999999776482582, 0.009999999776482582, 0.009999999776482582 ]
		},
		"thirdperson_righthand": {
			"rotation": [0.0, 0.0, 0.0 ],
			"translation": [0.0, -0.15, -0.25 ],
			"scale": [0.014000000432133675, 0.014000000432133675, 0.014000000432133675 ]
		},
		"gui": {
			"rotation": [0.0, -90.0, 0.0 ],
			"translation": [0.0, 0.0, 0.0 ],
			"scale": [0.010999999940395355, 0.010999999940395355, 0.010999999940395355 ]
		},
		"ground": {
			"rotation": [0.0, 0.0, 0.0 ],
			"translation": [0.0, 0.0, 0.0 ],
			"scale": [0.009999999776482582, 0.009999999776482582, 0.009999999776482582 ]
		},
		"fixed": {
			"rotation": [0.0, 90.0, 0.0 ],
			"translation": [0.0, -0.25, 0.0 ],
			"scale": [0.009999999776482582, 0.009999999776482582, 0.009999999776482582 ]
		}
	},
	"visibility": {
		"object_1": "hide",
		"object_2": "default",
		"object_3": "show"
	}
}