{
	"parent": "forge:item/default",
	"loader": "forge:obj",
	"model": "kingdomkeys:models/item/keyblade/frozenpride.obj",
	"textures": {

	},
	"display": {
		"firstperson_righthand": {
			"rotation": [180.0, 0.0, 170.0 ],
			"translation": [0.0, -0.1, 0.0 ],
			"scale": [0.008999999612569809, 0.008999999612569809, 0.008999999612569809 ]
		},
		"thirdperson_lefthand": {
			"rotation": [-90.0, 90.0, 0.0 ],
			"translation": [0.1, -0.1, 0.2 ],
			"scale": [0.012000000104308128, 0.012000000104308128, 0.012000000104308128 ]
		},
		"firstperson_lefthand": {
			"rotation": [180.0, 0.0, 170.0 ],
			"translation": [0.0, -0.1, 0.0 ],
			"scale": [0.008999999612569809, 0.008999999612569809, 0.008999999612569809 ]
		},
		"thirdperson_righthand": {
			"rotation": [-90.0, 90.0, 0.0 ],
			"translation": [0.1, -0.1, 0.2 ],
			"scale": [0.012000000104308128, 0.012000000104308128, 0.012000000104308128 ]
		},
		"gui": {
			"rotation": [0.0, 0.0, 0.0 ],
			"translation": [0.0, 0.0, 0.0 ],
			"scale": [0.007000000216066837, 0.007000000216066837, 0.007000000216066837 ]
		},
		"ground": {
			"rotation": [45.0, 0.0, 0.0 ],
			"translation": [0.0, 0.0, 0.0 ],
			"scale": [0.009999999776482582, 0.009999999776482582, 0.009999999776482582 ]
		},
		"fixed": {
			"rotation": [0.0, 90.0, 0.0 ],
			"translation": [0.0, -0.25, 0.0 ],
			"scale": [0.009999999776482582, 0.009999999776482582, 0.009999999776482582 ]
		}
	},
	"visibility": {
		"object_1": "hide",
		"object_2": "default",
		"object_3": "show"
	}
}