{
	"parent": "forge:item/default",
	"loader": "forge:separate-perspective",
	"textures": {

	},
	"base":	{
		"parent": "forge:item/default",
		"loader": "forge:obj",
		"model": "kingdomkeys:models/item/keyblade/gracefuldahlia.obj",
		"textures": {
	
		},
		"display": {
			"firstperson_righthand": {
				"rotation": [180.0, 180.0, 170.0 ],
				"translation": [0.0, -0.1, 0.0 ],
				"scale": [0.009999999776482582, 0.009999999776482582, 0.009999999776482582 ]
			},
			"thirdperson_lefthand": {
				"rotation": [60.0, 0.0, 0.0 ],
				"translation": [0.0, -1.0, -0.5 ],
				"scale": [0.012000000104308128, 0.012000000104308128, 0.012000000104308128 ]
			},
			"firstperson_lefthand": {
				"rotation": [180.0, 180.0, 170.0 ],
				"translation": [0.0, -0.1, 0.0 ],
				"scale": [0.009999999776482582, 0.009999999776482582, 0.009999999776482582 ]
			},
			"thirdperson_righthand": {
				"rotation": [60.0, 0.0, 0.0 ],
				"translation": [0.0, -1.0, -0.5 ],
				"scale": [0.012000000104308128, 0.012000000104308128, 0.012000000104308128 ]
			},
			"gui": {
				"rotation": [0.0, 90.0, 0.0 ],
				"translation": [0.5, -0.5, 0.0 ],
				"scale": [0.004999999888241291, 0.004999999888241291, 0.004999999888241291 ]
			},
			"ground": {
				"rotation": [45.0, 0.0, 0.0 ],
				"translation": [0.0, 0.0, 0.0 ],
				"scale": [0.004999999888241291, 0.004999999888241291, 0.004999999888241291 ]
			},
			"fixed": {
				"rotation": [0.0, 90.0, 0.0 ],
				"translation": [0.0, -0.25, 0.0 ],
				"scale": [0.009999999776482582, 0.009999999776482582, 0.009999999776482582 ]
			}
		},
		"visibility": {
			"object_1": "hide",
			"object_2": "default",
			"object_3": "show"
		}
	}
,
	"perspectives": {
		"gui": {
			"parent": "item/generated",
			"textures": {
				"layer0": "kingdomkeys:item/keyblades/graceful_dahlia"
			}
		}
	}
	
}