{
	"parent": "forge:item/default",
	"loader": "forge:obj",
	"model": "kingdomkeys:models/item/keyblade/jiltedanemone.obj",
	"textures": {

	},
	"display": {
		"firstperson_righthand": {
			"rotation": [150.0, -90.0, 170.0 ],
			"translation": [0.0, 0.3, 0.0 ],
			"scale": [0.10000000149011612, 0.10000000149011612, 0.10000000149011612 ]
		},
		"thirdperson_lefthand": {
			"rotation": [60.0, 110.0, 0.0 ],
			"translation": [0.0, 0.2, 0.5 ],
			"scale": [0.07999999821186066, 0.07999999821186066, 0.07999999821186066 ]
		},
		"firstperson_lefthand": {
			"rotation": [170.0, 90.0, 170.0 ],
			"translation": [0.0, 0.3, 0.0 ],
			"scale": [0.10000000149011612, 0.10000000149011612, 0.10000000149011612 ]
		},
		"thirdperson_righthand": {
			"rotation": [60.0, -70.0, 0.0 ],
			"translation": [0.0, 0.2, 0.5 ],
			"scale": [0.07999999821186066, 0.07999999821186066, 0.07999999821186066 ]
		},
		"gui": {
			"rotation": [0.0, 0.0, 30.0 ],
			"translation": [0.0, 0.0, 0.0 ],
			"scale": [0.05000000074505806, 0.05000000074505806, 0.05000000074505806 ]
		},
		"ground": {
			"rotation": [45.0, 0.0, 0.0 ],
			"translation": [0.0, 0.0, 0.0 ],
			"scale": [0.004999999888241291, 0.004999999888241291, 0.004999999888241291 ]
		},
		"fixed": {
			"rotation": [0.0, 90.0, 0.0 ],
			"translation": [0.0, -0.25, 0.0 ],
			"scale": [0.009999999776482582, 0.009999999776482582, 0.009999999776482582 ]
		}
	},
	"visibility": {
		"object_1": "hide",
		"object_2": "default",
		"object_3": "show"
	}
}