{
	"parent": "neoforge:item/default",
	"loader": "neoforge:obj",
	"model": "kingdomkeys:models/item/keyblade/justice.obj",
	"textures": {

	},
	"display": {
		"firstperson_righthand": {
			"rotation": [90.0, 0.0, 0.0 ],
			"translation": [0.0, 0.1, 0.0 ],
			"scale": [0.003000000026077032, 0.003000000026077032, 0.003000000026077032 ]
		},
		"thirdperson_lefthand": {
			"rotation": [0.0, 0.0, 0.0 ],
			"translation": [0.0, -0.1, -0.1 ],
			"scale": [0.003000000026077032, 0.003000000026077032, 0.003000000026077032 ]
		},
		"firstperson_lefthand": {
			"rotation": [90.0, 180.0, 0.0 ],
			"translation": [0.0, 0.1, 0.0 ],
			"scale": [0.003000000026077032, 0.003000000026077032, 0.003000000026077032 ]
		},
		"thirdperson_righthand": {
			"rotation": [0.0, 0.0, 0.0 ],
			"translation": [0.0, -0.1, -0.1 ],
			"scale": [0.003000000026077032, 0.003000000026077032, 0.003000000026077032 ]
		},
		"gui": {
			"rotation": [180.0, 0.0, 45.0 ],
			"translation": [0.0, 0.0, 0.0 ],
			"scale": [0.008999999612569809, 0.008999999612569809, 0.008999999612569809 ]
		},
		"ground": {
			"rotation": [45.0, 0.0, 0.0 ],
			"translation": [0.0, 0.0, 0.0 ],
			"scale": [0.004999999888241291, 0.004999999888241291, 0.004999999888241291 ]
		},
		"fixed": {
			"rotation": [0.0, 90.0, 0.0 ],
			"translation": [0.0, -0.25, 0.0 ],
			"scale": [0.009999999776482582, 0.009999999776482582, 0.009999999776482582 ]
		}
	},
	"visibility": {
		"object_1": "hide",
		"object_2": "default",
		"object_3": "show"
	}
}