{
	"parent": "forge:item/default",
	"loader": "forge:obj",
	"model": "kingdomkeys:models/item/keyblade/prominence.obj",
	"textures": {

	},
	"display": {
		"firstperson_righthand": {
			"rotation": [180.0, 90.0, 170.0 ],
			"translation": [0.0, -0.1, 0.0 ],
			"scale": [0.25, 0.25, 0.25 ]
		},
		"thirdperson_lefthand": {
			"rotation": [0.0, 90.0, 0.0 ],
			"translation": [0.15, 0.0, 0.0 ],
			"scale": [0.25, 0.25, 0.25 ]
		},
		"firstperson_lefthand": {
			"rotation": [180.0, 90.0, 170.0 ],
			"translation": [0.0, -0.1, 0.0 ],
			"scale": [0.25, 0.25, 0.25 ]
		},
		"thirdperson_righthand": {
			"rotation": [0.0, 90.0, 0.0 ],
			"translation": [0.15, 0.0, 0.0 ],
			"scale": [0.25, 0.25, 0.25 ]
		},
		"gui": {
			"rotation": [0.0, 0.0, 0.0 ],
			"translation": [0.1, 0.05, 0.0 ],
			"scale": [0.15000000596046448, 0.15000000596046448, 0.15000000596046448 ]
		},
		"ground": {
			"rotation": [0.0, 0.0, 0.0 ],
			"translation": [0.0, 0.0, 0.0 ],
			"scale": [0.25, 0.25, 0.25 ]
		},
		"fixed": {
			"rotation": [0.0, 90.0, 0.0 ],
			"translation": [0.0, -0.25, 0.0 ],
			"scale": [0.009999999776482582, 0.009999999776482582, 0.009999999776482582 ]
		}
	},
	"visibility": {
		"object_1": "hide",
		"object_2": "default",
		"object_3": "show"
	}
}