{
	"parent": "forge:item/default",
	"loader": "forge:separate-perspective",
	"textures": {

	},
	"base":	{
		"parent": "forge:item/default",
		"loader": "forge:obj",
		"model": "kingdomkeys:models/item/keyblade/solemnmagnolia.obj",
		"textures": {
	
		},
		"display": {
			"firstperson_righthand": {
				"rotation": [0.0, -90.0, 0.0 ],
				"translation": [0.0, 0.0, 0.0 ],
				"scale": [0.004999999888241291, 0.004999999888241291, 0.004999999888241291 ]
			},
			"thirdperson_lefthand": {
				"rotation": [0.0, 90.0, 0.0 ],
				"translation": [0.0, 0.8, -0.01 ],
				"scale": [0.008999999612569809, 0.008999999612569809, 0.008999999612569809 ]
			},
			"firstperson_lefthand": {
				"rotation": [0.0, 90.0, 0.0 ],
				"translation": [0.0, 0.0, 0.0 ],
				"scale": [0.004999999888241291, 0.004999999888241291, 0.004999999888241291 ]
			},
			"thirdperson_righthand": {
				"rotation": [0.0, -90.0, 0.0 ],
				"translation": [0.0, 0.8, -0.01 ],
				"scale": [0.008999999612569809, 0.008999999612569809, 0.008999999612569809 ]
			},
			"gui": {
				"rotation": [0.0, 0.0, 30.0 ],
				"translation": [0.0, 0.0, 0.0 ],
				"scale": [0.0035000001080334187, 0.0035000001080334187, 0.0035000001080334187 ]
			},
			"ground": {
				"rotation": [45.0, 0.0, 0.0 ],
				"translation": [0.0, 0.0, 0.0 ],
				"scale": [0.004999999888241291, 0.004999999888241291, 0.004999999888241291 ]
			},
			"fixed": {
				"rotation": [0.0, 90.0, 0.0 ],
				"translation": [0.0, -0.25, 0.0 ],
				"scale": [0.009999999776482582, 0.009999999776482582, 0.009999999776482582 ]
			}
		},
		"visibility": {
			"object_1": "hide",
			"object_2": "default",
			"object_3": "show"
		}
	}
,
	"perspectives": {
		"gui": {
			"parent": "item/generated",
			"textures": {
				"layer0": "kingdomkeys:item/keyblades/solemn_magnolia"
			}
		}
	}
	
}