{
	"parent": "neoforge:item/default",
	"loader": "neoforge:obj",
	"model": "kingdomkeys:models/item/keyblade/twilight_b.obj",
	"textures": {

	},
	"display": {
		"firstperson_righthand": {
			"rotation": [0.0, 90.0, 0.0 ],
			"translation": [0.0, 0.4, 0.0 ],
			"scale": [0.00800000037997961, 0.00800000037997961, 0.00800000037997961 ]
		},
		"thirdperson_lefthand": {
			"rotation": [0.0, 90.0, 0.0 ],
			"translation": [0.0, 0.8, 0.0 ],
			"scale": [0.017999999225139618, 0.017999999225139618, 0.017999999225139618 ]
		},
		"firstperson_lefthand": {
			"rotation": [0.0, 90.0, 0.0 ],
			"translation": [0.0, 0.4, 0.0 ],
			"scale": [0.00800000037997961, 0.00800000037997961, 0.00800000037997961 ]
		},
		"thirdperson_righthand": {
			"rotation": [0.0, 90.0, 0.0 ],
			"translation": [0.0, 0.8, 0.0 ],
			"scale": [0.017999999225139618, 0.017999999225139618, 0.017999999225139618 ]
		},
		"gui": {
			"rotation": [0.0, 0.0, 0.0 ],
			"translation": [0.1, 0.0, 0.0 ],
			"scale": [0.006000000052154064, 0.006000000052154064, 0.006000000052154064 ]
		},
		"ground": {
			"rotation": [45.0, 0.0, 0.0 ],
			"translation": [0.0, 0.0, 0.0 ],
			"scale": [0.00800000037997961, 0.00800000037997961, 0.00800000037997961 ]
		},
		"fixed": {
			"rotation": [0.0, 90.0, 0.0 ],
			"translation": [0.0, -0.25, 0.0 ],
			"scale": [0.009999999776482582, 0.009999999776482582, 0.009999999776482582 ]
		}
	},
	"visibility": {
		"object_1": "hide",
		"object_2": "default",
		"object_3": "show"
	}
}